[2026-09-05T10:47:16.356-0400][0.011s][info][gc] Using G1
[2026-09-05T10:47:16.358-0400][0.014s][info][gc,init] Version: 17.0.18+8 (release)
[2026-09-05T10:47:16.358-0400][0.014s][info][gc,init] CPUs: 32 total, 32 available
[2026-09-05T10:47:16.358-0400][0.014s][info][gc,init] Memory: 32456M
[2026-09-05T10:47:16.359-0400][0.014s][info][gc,init] Large Page Support: Disabled
[2026-09-05T10:47:16.359-0400][0.014s][info][gc,init] NUMA Support: Disabled
[2026-09-05T10:47:16.359-0400][0.014s][info][gc,init] Compressed Oops: Enabled (Zero based)
[2026-09-05T10:47:16.359-0400][0.014s][info][gc,init] Heap Region Size: 2M
[2026-09-05T10:47:16.359-0400][0.014s][info][gc,init] Heap Min Capacity: 1G
[2026-09-05T10:47:16.359-0400][0.014s][info][gc,init] Heap Initial Capacity: 1G
[2026-09-05T10:47:16.360-0400][0.015s][info][gc,init] Heap Max Capacity: 4G
[2026-09-05T10:47:16.360-0400][0.015s][info][gc,init] Pre-touch: Disabled
[2026-09-05T10:47:16.360-0400][0.015s][info][gc,init] Parallel Workers: 23
[2026-09-05T10:47:16.360-0400][0.015s][info][gc,init] Concurrent Workers: 6
[2026-09-05T10:47:16.360-0400][0.015s][info][gc,init] Concurrent Refinement Workers: 23
[2026-09-05T10:47:16.360-0400][0.015s][info][gc,init] Periodic GC: Disabled
[2026-09-05T10:47:16.367-0400][0.022s][info][gc,metaspace] CDS archive(s) mapped at: [0x000001651f000000-0x000001651fbb0000-0x000001651fbb0000), size 12255232, SharedBaseAddress: 0x000001651f000000, ArchiveRelocationMode: 1.
[2026-09-05T10:47:16.367-0400][0.022s][info][gc,metaspace] Compressed class space mapped at: 0x0000016520000000-0x0000016560000000, reserved size: 1073741824
[2026-09-05T10:47:16.367-0400][0.022s][info][gc,metaspace] Narrow klass base: 0x000001651f000000, Narrow klass shift: 0, Narrow klass range: 0x100000000
[2026-09-05T10:47:17.499-0400][1.154s][info][gc,start    ] GC(0) Pause Young (Normal) (G1 Evacuation Pause)
[2026-09-05T10:47:17.503-0400][1.158s][info][gc,task     ] GC(0) Using 23 workers of 23 for evacuation
[2026-09-05T10:47:17.509-0400][1.164s][info][gc,phases   ] GC(0)   Pre Evacuate Collection Set: 0.17ms
[2026-09-05T10:47:17.509-0400][1.164s][info][gc,phases   ] GC(0)   Merge Heap Roots: 0.13ms
[2026-09-05T10:47:17.509-0400][1.164s][info][gc,phases   ] GC(0)   Evacuate Collection Set: 5.32ms
[2026-09-05T10:47:17.509-0400][1.164s][info][gc,phases   ] GC(0)   Post Evacuate Collection Set: 0.64ms
[2026-09-05T10:47:17.509-0400][1.164s][info][gc,phases   ] GC(0)   Other: 4.03ms
[2026-09-05T10:47:17.509-0400][1.164s][info][gc,heap     ] GC(0) Eden regions: 25->0(21)
[2026-09-05T10:47:17.509-0400][1.165s][info][gc,heap     ] GC(0) Survivor regions: 0->4(4)
[2026-09-05T10:47:17.509-0400][1.165s][info][gc,heap     ] GC(0) Old regions: 0->1
[2026-09-05T10:47:17.509-0400][1.165s][info][gc,heap     ] GC(0) Archive regions: 0->0
[2026-09-05T10:47:17.509-0400][1.165s][info][gc,heap     ] GC(0) Humongous regions: 4->2
[2026-09-05T10:47:17.509-0400][1.165s][info][gc,metaspace] GC(0) Metaspace: 4961K(5184K)->4961K(5184K) NonClass: 4482K(4608K)->4482K(4608K) Class: 479K(576K)->479K(576K)
[2026-09-05T10:47:17.509-0400][1.165s][info][gc          ] GC(0) Pause Young (Normal) (G1 Evacuation Pause) 58M->13M(1024M) 10.553ms
[2026-09-05T10:47:17.509-0400][1.165s][info][gc,cpu      ] GC(0) User=0.00s Sys=0.00s Real=0.01s
[2026-09-05T10:47:17.915-0400][1.571s][info][gc,start    ] GC(1) Pause Young (Normal) (G1 Evacuation Pause)
[2026-09-05T10:47:17.915-0400][1.571s][info][gc,task     ] GC(1) Using 23 workers of 23 for evacuation
[2026-09-05T10:47:17.919-0400][1.574s][info][gc,phases   ] GC(1)   Pre Evacuate Collection Set: 0.10ms
[2026-09-05T10:47:17.919-0400][1.574s][info][gc,phases   ] GC(1)   Merge Heap Roots: 0.07ms
[2026-09-05T10:47:17.919-0400][1.574s][info][gc,phases   ] GC(1)   Evacuate Collection Set: 2.11ms
[2026-09-05T10:47:17.919-0400][1.574s][info][gc,phases   ] GC(1)   Post Evacuate Collection Set: 0.61ms
[2026-09-05T10:47:17.919-0400][1.574s][info][gc,phases   ] GC(1)   Other: 0.18ms
[2026-09-05T10:47:17.919-0400][1.574s][info][gc,heap     ] GC(1) Eden regions: 21->0(36)
[2026-09-05T10:47:17.919-0400][1.574s][info][gc,heap     ] GC(1) Survivor regions: 4->3(4)
[2026-09-05T10:47:17.919-0400][1.574s][info][gc,heap     ] GC(1) Old regions: 1->5
[2026-09-05T10:47:17.919-0400][1.574s][info][gc,heap     ] GC(1) Archive regions: 0->0
[2026-09-05T10:47:17.919-0400][1.574s][info][gc,heap     ] GC(1) Humongous regions: 3->3
[2026-09-05T10:47:17.919-0400][1.574s][info][gc,metaspace] GC(1) Metaspace: 5004K(5184K)->5004K(5184K) NonClass: 4524K(4608K)->4524K(4608K) Class: 479K(576K)->479K(576K)
[2026-09-05T10:47:17.919-0400][1.574s][info][gc          ] GC(1) Pause Young (Normal) (G1 Evacuation Pause) 57M->20M(1024M) 3.389ms
[2026-09-05T10:47:17.919-0400][1.574s][info][gc,cpu      ] GC(1) User=0.00s Sys=0.02s Real=0.00s
[2026-09-05T10:47:18.369-0400][2.025s][info][gc,start    ] GC(2) Pause Young (Normal) (G1 Evacuation Pause)
[2026-09-05T10:47:18.369-0400][2.025s][info][gc,task     ] GC(2) Using 23 workers of 23 for evacuation
[2026-09-05T10:47:18.372-0400][2.027s][info][gc,phases   ] GC(2)   Pre Evacuate Collection Set: 0.17ms
[2026-09-05T10:47:18.372-0400][2.027s][info][gc,phases   ] GC(2)   Merge Heap Roots: 0.07ms
[2026-09-05T10:47:18.372-0400][2.027s][info][gc,phases   ] GC(2)   Evacuate Collection Set: 1.79ms
[2026-09-05T10:47:18.372-0400][2.027s][info][gc,phases   ] GC(2)   Post Evacuate Collection Set: 0.34ms
[2026-09-05T10:47:18.372-0400][2.027s][info][gc,phases   ] GC(2)   Other: 0.09ms
[2026-09-05T10:47:18.372-0400][2.027s][info][gc,heap     ] GC(2) Eden regions: 36->0(303)
[2026-09-05T10:47:18.372-0400][2.027s][info][gc,heap     ] GC(2) Survivor regions: 3->4(5)
[2026-09-05T10:47:18.373-0400][2.027s][info][gc,heap     ] GC(2) Old regions: 5->5
[2026-09-05T10:47:18.373-0400][2.027s][info][gc,heap     ] GC(2) Archive regions: 0->0
[2026-09-05T10:47:18.373-0400][2.027s][info][gc,heap     ] GC(2) Humongous regions: 3->3
[2026-09-05T10:47:18.373-0400][2.027s][info][gc,metaspace] GC(2) Metaspace: 5139K(5376K)->5139K(5376K) NonClass: 4651K(4736K)->4651K(4736K) Class: 487K(640K)->487K(640K)
[2026-09-05T10:47:18.373-0400][2.027s][info][gc          ] GC(2) Pause Young (Normal) (G1 Evacuation Pause) 92M->21M(1024M) 2.641ms
[2026-09-05T10:47:18.373-0400][2.027s][info][gc,cpu      ] GC(2) User=0.23s Sys=0.12s Real=0.00s
[2026-09-05T10:47:21.210-0400][4.865s][info][gc,start    ] GC(3) Pause Young (Concurrent Start) (Metadata GC Threshold)
[2026-09-05T10:47:21.210-0400][4.865s][info][gc,task     ] GC(3) Using 23 workers of 23 for evacuation
[2026-09-05T10:47:21.222-0400][4.877s][info][gc,phases   ] GC(3)   Pre Evacuate Collection Set: 0.13ms
[2026-09-05T10:47:21.222-0400][4.877s][info][gc,phases   ] GC(3)   Merge Heap Roots: 0.09ms
[2026-09-05T10:47:21.222-0400][4.877s][info][gc,phases   ] GC(3)   Evacuate Collection Set: 10.39ms
[2026-09-05T10:47:21.222-0400][4.877s][info][gc,phases   ] GC(3)   Post Evacuate Collection Set: 1.06ms
[2026-09-05T10:47:21.222-0400][4.877s][info][gc,phases   ] GC(3)   Other: 0.24ms
[2026-09-05T10:47:21.222-0400][4.877s][info][gc,heap     ] GC(3) Eden regions: 210->0(120)
[2026-09-05T10:47:21.222-0400][4.877s][info][gc,heap     ] GC(3) Survivor regions: 4->22(39)
[2026-09-05T10:47:21.222-0400][4.877s][info][gc,heap     ] GC(3) Old regions: 5->5
[2026-09-05T10:47:21.222-0400][4.877s][info][gc,heap     ] GC(3) Archive regions: 0->0
[2026-09-05T10:47:21.222-0400][4.877s][info][gc,heap     ] GC(3) Humongous regions: 15->5
[2026-09-05T10:47:21.222-0400][4.877s][info][gc,metaspace] GC(3) Metaspace: 21161K(21504K)->21161K(21504K) NonClass: 18750K(18944K)->18750K(18944K) Class: 2411K(2560K)->2411K(2560K)
[2026-09-05T10:47:21.222-0400][4.877s][info][gc          ] GC(3) Pause Young (Concurrent Start) (Metadata GC Threshold) 465M->61M(1024M) 12.048ms
[2026-09-05T10:47:21.222-0400][4.877s][info][gc,cpu      ] GC(3) User=0.00s Sys=0.36s Real=0.01s
[2026-09-05T10:47:21.222-0400][4.877s][info][gc          ] GC(4) Concurrent Mark Cycle
[2026-09-05T10:47:21.222-0400][4.877s][info][gc,marking  ] GC(4) Concurrent Clear Claimed Marks
[2026-09-05T10:47:21.222-0400][4.877s][info][gc,marking  ] GC(4) Concurrent Clear Claimed Marks 0.064ms
[2026-09-05T10:47:21.222-0400][4.877s][info][gc,marking  ] GC(4) Concurrent Scan Root Regions
[2026-09-05T10:47:21.225-0400][4.880s][info][gc,marking  ] GC(4) Concurrent Scan Root Regions 2.481ms
[2026-09-05T10:47:21.225-0400][4.880s][info][gc,marking  ] GC(4) Concurrent Mark
[2026-09-05T10:47:21.225-0400][4.880s][info][gc,marking  ] GC(4) Concurrent Mark From Roots
[2026-09-05T10:47:21.225-0400][4.880s][info][gc,task     ] GC(4) Using 6 workers of 6 for marking
[2026-09-05T10:47:21.227-0400][4.881s][info][gc,marking  ] GC(4) Concurrent Mark From Roots 1.593ms
[2026-09-05T10:47:21.227-0400][4.881s][info][gc,marking  ] GC(4) Concurrent Preclean
[2026-09-05T10:47:21.227-0400][4.882s][info][gc,marking  ] GC(4) Concurrent Preclean 0.078ms
[2026-09-05T10:47:21.227-0400][4.882s][info][gc,start    ] GC(4) Pause Remark
[2026-09-05T10:47:21.228-0400][4.883s][info][gc          ] GC(4) Pause Remark 63M->63M(1024M) 1.534ms
[2026-09-05T10:47:21.228-0400][4.883s][info][gc,cpu      ] GC(4) User=0.00s Sys=0.00s Real=0.00s
[2026-09-05T10:47:21.228-0400][4.883s][info][gc,marking  ] GC(4) Concurrent Mark 3.377ms
[2026-09-05T10:47:21.228-0400][4.883s][info][gc,marking  ] GC(4) Concurrent Rebuild Remembered Sets
[2026-09-05T10:47:21.229-0400][4.884s][info][gc,marking  ] GC(4) Concurrent Rebuild Remembered Sets 0.940ms
[2026-09-05T10:47:21.229-0400][4.884s][info][gc,start    ] GC(4) Pause Cleanup
[2026-09-05T10:47:21.229-0400][4.884s][info][gc          ] GC(4) Pause Cleanup 63M->63M(1024M) 0.130ms
[2026-09-05T10:47:21.230-0400][4.884s][info][gc,cpu      ] GC(4) User=0.00s Sys=0.00s Real=0.00s
[2026-09-05T10:47:21.230-0400][4.884s][info][gc,marking  ] GC(4) Concurrent Cleanup for Next Mark
[2026-09-05T10:47:21.230-0400][4.885s][info][gc,marking  ] GC(4) Concurrent Cleanup for Next Mark 0.854ms
[2026-09-05T10:47:21.230-0400][4.885s][info][gc          ] GC(4) Concurrent Mark Cycle 8.143ms
[2026-09-05T10:47:22.139-0400][5.794s][info][gc,start    ] GC(5) Pause Young (Normal) (G1 Evacuation Pause)
[2026-09-05T10:47:22.139-0400][5.794s][info][gc,task     ] GC(5) Using 23 workers of 23 for evacuation
[2026-09-05T10:47:22.154-0400][5.809s][info][gc,phases   ] GC(5)   Pre Evacuate Collection Set: 0.12ms
[2026-09-05T10:47:22.154-0400][5.809s][info][gc,phases   ] GC(5)   Merge Heap Roots: 0.12ms
[2026-09-05T10:47:22.154-0400][5.809s][info][gc,phases   ] GC(5)   Evacuate Collection Set: 13.15ms
[2026-09-05T10:47:22.154-0400][5.809s][info][gc,phases   ] GC(5)   Post Evacuate Collection Set: 1.16ms
[2026-09-05T10:47:22.154-0400][5.809s][info][gc,phases   ] GC(5)   Other: 0.24ms
[2026-09-05T10:47:22.154-0400][5.809s][info][gc,heap     ] GC(5) Eden regions: 163->0(185)
[2026-09-05T10:47:22.154-0400][5.809s][info][gc,heap     ] GC(5) Survivor regions: 22->10(24)
[2026-09-05T10:47:22.154-0400][5.809s][info][gc,heap     ] GC(5) Old regions: 5->26
[2026-09-05T10:47:22.154-0400][5.809s][info][gc,heap     ] GC(5) Archive regions: 0->0
[2026-09-05T10:47:22.154-0400][5.809s][info][gc,heap     ] GC(5) Humongous regions: 5->5
[2026-09-05T10:47:22.154-0400][5.809s][info][gc,metaspace] GC(5) Metaspace: 29381K(30144K)->29381K(30144K) NonClass: 25936K(26368K)->25936K(26368K) Class: 3445K(3776K)->3445K(3776K)
[2026-09-05T10:47:22.154-0400][5.809s][info][gc          ] GC(5) Pause Young (Normal) (G1 Evacuation Pause) 387M->79M(1024M) 14.946ms
[2026-09-05T10:47:22.154-0400][5.809s][info][gc,cpu      ] GC(5) User=0.03s Sys=0.00s Real=0.02s
[2026-09-05T10:47:22.758-0400][6.413s][info][gc,start    ] GC(6) Pause Young (Normal) (G1 Evacuation Pause)
[2026-09-05T10:47:22.758-0400][6.413s][info][gc,task     ] GC(6) Using 23 workers of 23 for evacuation
[2026-09-05T10:47:22.761-0400][6.416s][info][gc,phases   ] GC(6)   Pre Evacuate Collection Set: 0.15ms
[2026-09-05T10:47:22.761-0400][6.416s][info][gc,phases   ] GC(6)   Merge Heap Roots: 0.11ms
[2026-09-05T10:47:22.761-0400][6.416s][info][gc,phases   ] GC(6)   Evacuate Collection Set: 2.25ms
[2026-09-05T10:47:22.761-0400][6.416s][info][gc,phases   ] GC(6)   Post Evacuate Collection Set: 0.72ms
[2026-09-05T10:47:22.761-0400][6.416s][info][gc,phases   ] GC(6)   Other: 0.16ms
[2026-09-05T10:47:22.761-0400][6.416s][info][gc,heap     ] GC(6) Eden regions: 185->0(294)
[2026-09-05T10:47:22.761-0400][6.417s][info][gc,heap     ] GC(6) Survivor regions: 10->13(25)
[2026-09-05T10:47:22.761-0400][6.417s][info][gc,heap     ] GC(6) Old regions: 26->26
[2026-09-05T10:47:22.761-0400][6.417s][info][gc,heap     ] GC(6) Archive regions: 0->0
[2026-09-05T10:47:22.761-0400][6.417s][info][gc,heap     ] GC(6) Humongous regions: 5->5
[2026-09-05T10:47:22.761-0400][6.417s][info][gc,metaspace] GC(6) Metaspace: 31145K(32128K)->31145K(32128K) NonClass: 27462K(28032K)->27462K(28032K) Class: 3683K(4096K)->3683K(4096K)
[2026-09-05T10:47:22.761-0400][6.417s][info][gc          ] GC(6) Pause Young (Normal) (G1 Evacuation Pause) 449M->84M(1024M) 3.645ms
[2026-09-05T10:47:22.761-0400][6.417s][info][gc,cpu      ] GC(6) User=0.00s Sys=0.00s Real=0.00s
[2026-09-05T10:47:24.918-0400][8.574s][info][gc,start    ] GC(7) Pause Young (Concurrent Start) (Metadata GC Threshold)
[2026-09-05T10:47:24.918-0400][8.574s][info][gc,task     ] GC(7) Using 23 workers of 23 for evacuation
[2026-09-05T10:47:24.926-0400][8.581s][info][gc,phases   ] GC(7)   Pre Evacuate Collection Set: 0.24ms
[2026-09-05T10:47:24.926-0400][8.581s][info][gc,phases   ] GC(7)   Merge Heap Roots: 0.13ms
[2026-09-05T10:47:24.926-0400][8.581s][info][gc,phases   ] GC(7)   Evacuate Collection Set: 6.11ms
[2026-09-05T10:47:24.926-0400][8.582s][info][gc,phases   ] GC(7)   Post Evacuate Collection Set: 1.04ms
[2026-09-05T10:47:24.926-0400][8.582s][info][gc,phases   ] GC(7)   Other: 0.25ms
[2026-09-05T10:47:24.926-0400][8.582s][info][gc,heap     ] GC(7) Eden regions: 291->0(286)
[2026-09-05T10:47:24.926-0400][8.582s][info][gc,heap     ] GC(7) Survivor regions: 13->21(39)
[2026-09-05T10:47:24.926-0400][8.582s][info][gc,heap     ] GC(7) Old regions: 26->26
[2026-09-05T10:47:24.926-0400][8.582s][info][gc,heap     ] GC(7) Archive regions: 0->0
[2026-09-05T10:47:24.926-0400][8.582s][info][gc,heap     ] GC(7) Humongous regions: 5->5
[2026-09-05T10:47:24.926-0400][8.582s][info][gc,metaspace] GC(7) Metaspace: 35010K(36096K)->35010K(36096K) NonClass: 30841K(31424K)->30841K(31424K) Class: 4169K(4672K)->4169K(4672K)
[2026-09-05T10:47:24.926-0400][8.582s][info][gc          ] GC(7) Pause Young (Concurrent Start) (Metadata GC Threshold) 666M->100M(1024M) 8.045ms
[2026-09-05T10:47:24.927-0400][8.582s][info][gc,cpu      ] GC(7) User=0.00s Sys=0.00s Real=0.01s
[2026-09-05T10:47:24.927-0400][8.582s][info][gc          ] GC(8) Concurrent Mark Cycle
[2026-09-05T10:47:24.927-0400][8.582s][info][gc,marking  ] GC(8) Concurrent Clear Claimed Marks
[2026-09-05T10:47:24.927-0400][8.582s][info][gc,marking  ] GC(8) Concurrent Clear Claimed Marks 0.102ms
[2026-09-05T10:47:24.927-0400][8.582s][info][gc,marking  ] GC(8) Concurrent Scan Root Regions
[2026-09-05T10:47:24.930-0400][8.585s][info][gc,marking  ] GC(8) Concurrent Scan Root Regions 3.296ms
[2026-09-05T10:47:24.930-0400][8.585s][info][gc,marking  ] GC(8) Concurrent Mark
[2026-09-05T10:47:24.930-0400][8.585s][info][gc,marking  ] GC(8) Concurrent Mark From Roots
[2026-09-05T10:47:24.930-0400][8.585s][info][gc,task     ] GC(8) Using 6 workers of 6 for marking
[2026-09-05T10:47:24.940-0400][8.595s][info][gc,marking  ] GC(8) Concurrent Mark From Roots 9.822ms
[2026-09-05T10:47:24.940-0400][8.595s][info][gc,marking  ] GC(8) Concurrent Preclean
[2026-09-05T10:47:24.941-0400][8.595s][info][gc,marking  ] GC(8) Concurrent Preclean 0.292ms
[2026-09-05T10:47:24.941-0400][8.596s][info][gc,start    ] GC(8) Pause Remark
[2026-09-05T10:47:24.945-0400][8.600s][info][gc          ] GC(8) Pause Remark 104M->104M(1024M) 3.770ms
[2026-09-05T10:47:24.945-0400][8.600s][info][gc,cpu      ] GC(8) User=0.00s Sys=0.00s Real=0.00s
[2026-09-05T10:47:24.945-0400][8.600s][info][gc,marking  ] GC(8) Concurrent Mark 14.752ms
[2026-09-05T10:47:24.945-0400][8.600s][info][gc,marking  ] GC(8) Concurrent Rebuild Remembered Sets
[2026-09-05T10:47:24.948-0400][8.604s][info][gc,marking  ] GC(8) Concurrent Rebuild Remembered Sets 3.757ms
[2026-09-05T10:47:24.965-0400][8.619s][info][gc,start    ] GC(8) Pause Cleanup
[2026-09-05T10:47:24.965-0400][8.620s][info][gc          ] GC(8) Pause Cleanup 104M->104M(1024M) 0.211ms
[2026-09-05T10:47:24.965-0400][8.620s][info][gc,cpu      ] GC(8) User=0.00s Sys=0.00s Real=0.00s
[2026-09-05T10:47:24.965-0400][8.620s][info][gc,marking  ] GC(8) Concurrent Cleanup for Next Mark
[2026-09-05T10:47:24.966-0400][8.621s][info][gc,marking  ] GC(8) Concurrent Cleanup for Next Mark 0.960ms
[2026-09-05T10:47:24.966-0400][8.621s][info][gc          ] GC(8) Concurrent Mark Cycle 38.995ms
[2026-09-05T10:47:30.638-0400][14.293s][info][gc,start    ] GC(9) Pause Young (Normal) (G1 Evacuation Pause)
[2026-09-05T10:47:30.638-0400][14.293s][info][gc,task     ] GC(9) Using 23 workers of 23 for evacuation
[2026-09-05T10:47:30.649-0400][14.304s][info][gc,phases   ] GC(9)   Pre Evacuate Collection Set: 0.13ms
[2026-09-05T10:47:30.649-0400][14.304s][info][gc,phases   ] GC(9)   Merge Heap Roots: 0.12ms
[2026-09-05T10:47:30.649-0400][14.304s][info][gc,phases   ] GC(9)   Evacuate Collection Set: 8.98ms
[2026-09-05T10:47:30.649-0400][14.304s][info][gc,phases   ] GC(9)   Post Evacuate Collection Set: 1.45ms
[2026-09-05T10:47:30.649-0400][14.304s][info][gc,phases   ] GC(9)   Other: 0.18ms
[2026-09-05T10:47:30.649-0400][14.304s][info][gc,heap     ] GC(9) Eden regions: 286->0(272)
[2026-09-05T10:47:30.649-0400][14.304s][info][gc,heap     ] GC(9) Survivor regions: 21->35(39)
[2026-09-05T10:47:30.649-0400][14.304s][info][gc,heap     ] GC(9) Old regions: 26->26
[2026-09-05T10:47:30.649-0400][14.304s][info][gc,heap     ] GC(9) Archive regions: 0->0
[2026-09-05T10:47:30.649-0400][14.304s][info][gc,heap     ] GC(9) Humongous regions: 11->11
[2026-09-05T10:47:30.649-0400][14.304s][info][gc,metaspace] GC(9) Metaspace: 50298K(51648K)->50298K(51648K) NonClass: 44021K(44736K)->44021K(44736K) Class: 6277K(6912K)->6277K(6912K)
[2026-09-05T10:47:30.649-0400][14.304s][info][gc          ] GC(9) Pause Young (Normal) (G1 Evacuation Pause) 684M->141M(1024M) 11.041ms
[2026-09-05T10:47:30.649-0400][14.304s][info][gc,cpu      ] GC(9) User=0.00s Sys=0.00s Real=0.01s
[2026-09-05T10:47:33.320-0400][16.975s][info][gc,start    ] GC(10) Pause Young (Concurrent Start) (Metadata GC Threshold)
[2026-09-05T10:47:33.320-0400][16.975s][info][gc,task     ] GC(10) Using 23 workers of 23 for evacuation
[2026-09-05T10:47:33.342-0400][16.997s][info][gc,phases   ] GC(10)   Pre Evacuate Collection Set: 0.20ms
[2026-09-05T10:47:33.342-0400][16.997s][info][gc,phases   ] GC(10)   Merge Heap Roots: 0.11ms
[2026-09-05T10:47:33.342-0400][16.997s][info][gc,phases   ] GC(10)   Evacuate Collection Set: 19.38ms
[2026-09-05T10:47:33.342-0400][16.997s][info][gc,phases   ] GC(10)   Post Evacuate Collection Set: 1.84ms
[2026-09-05T10:47:33.342-0400][16.997s][info][gc,phases   ] GC(10)   Other: 0.25ms
[2026-09-05T10:47:33.342-0400][16.997s][info][gc,heap     ] GC(10) Eden regions: 191->0(268)
[2026-09-05T10:47:33.342-0400][16.997s][info][gc,heap     ] GC(10) Survivor regions: 35->39(39)
[2026-09-05T10:47:33.342-0400][16.997s][info][gc,heap     ] GC(10) Old regions: 26->45
[2026-09-05T10:47:33.342-0400][16.997s][info][gc,heap     ] GC(10) Archive regions: 0->0
[2026-09-05T10:47:33.342-0400][16.997s][info][gc,heap     ] GC(10) Humongous regions: 11->11
[2026-09-05T10:47:33.342-0400][16.997s][info][gc,metaspace] GC(10) Metaspace: 58870K(60288K)->58870K(60288K) NonClass: 51085K(51840K)->51085K(51840K) Class: 7785K(8448K)->7785K(8448K)
[2026-09-05T10:47:33.342-0400][16.997s][info][gc          ] GC(10) Pause Young (Concurrent Start) (Metadata GC Threshold) 522M->189M(1024M) 22.066ms
[2026-09-05T10:47:33.342-0400][16.997s][info][gc,cpu      ] GC(10) User=0.20s Sys=0.16s Real=0.02s
[2026-09-05T10:47:33.342-0400][16.997s][info][gc          ] GC(11) Concurrent Mark Cycle
[2026-09-05T10:47:33.342-0400][16.997s][info][gc,marking  ] GC(11) Concurrent Clear Claimed Marks
[2026-09-05T10:47:33.342-0400][16.997s][info][gc,marking  ] GC(11) Concurrent Clear Claimed Marks 0.095ms
[2026-09-05T10:47:33.342-0400][16.997s][info][gc,marking  ] GC(11) Concurrent Scan Root Regions
[2026-09-05T10:47:33.354-0400][17.010s][info][gc,marking  ] GC(11) Concurrent Scan Root Regions 12.441ms
[2026-09-05T10:47:33.354-0400][17.010s][info][gc,marking  ] GC(11) Concurrent Mark
[2026-09-05T10:47:33.354-0400][17.010s][info][gc,marking  ] GC(11) Concurrent Mark From Roots
[2026-09-05T10:47:33.354-0400][17.010s][info][gc,task     ] GC(11) Using 6 workers of 6 for marking
[2026-09-05T10:47:33.367-0400][17.022s][info][gc,marking  ] GC(11) Concurrent Mark From Roots 12.237ms
[2026-09-05T10:47:33.367-0400][17.022s][info][gc,marking  ] GC(11) Concurrent Preclean
[2026-09-05T10:47:33.367-0400][17.023s][info][gc,marking  ] GC(11) Concurrent Preclean 0.276ms
[2026-09-05T10:47:33.367-0400][17.023s][info][gc,start    ] GC(11) Pause Remark
[2026-09-05T10:47:33.372-0400][17.027s][info][gc          ] GC(11) Pause Remark 194M->194M(1024M) 4.071ms
[2026-09-05T10:47:33.372-0400][17.027s][info][gc,cpu      ] GC(11) User=0.00s Sys=0.00s Real=0.00s
[2026-09-05T10:47:33.372-0400][17.027s][info][gc,marking  ] GC(11) Concurrent Mark 16.901ms
[2026-09-05T10:47:33.372-0400][17.027s][info][gc,marking  ] GC(11) Concurrent Rebuild Remembered Sets
[2026-09-05T10:47:33.381-0400][17.036s][info][gc,marking  ] GC(11) Concurrent Rebuild Remembered Sets 8.866ms
[2026-09-05T10:47:33.381-0400][17.036s][info][gc,start    ] GC(11) Pause Cleanup
[2026-09-05T10:47:33.381-0400][17.036s][info][gc          ] GC(11) Pause Cleanup 195M->195M(1024M) 0.164ms
[2026-09-05T10:47:33.381-0400][17.036s][info][gc,cpu      ] GC(11) User=0.00s Sys=0.00s Real=0.00s
[2026-09-05T10:47:33.381-0400][17.036s][info][gc,marking  ] GC(11) Concurrent Cleanup for Next Mark
[2026-09-05T10:47:33.382-0400][17.037s][info][gc,marking  ] GC(11) Concurrent Cleanup for Next Mark 0.378ms
[2026-09-05T10:47:33.382-0400][17.037s][info][gc          ] GC(11) Concurrent Mark Cycle 39.366ms
[2026-09-05T10:47:36.629-0400][20.285s][info][gc,start    ] GC(12) Pause Young (Normal) (G1 Evacuation Pause)
[2026-09-05T10:47:36.629-0400][20.285s][info][gc,task     ] GC(12) Using 23 workers of 23 for evacuation
[2026-09-05T10:47:36.648-0400][20.303s][info][gc,phases   ] GC(12)   Pre Evacuate Collection Set: 0.26ms
[2026-09-05T10:47:36.648-0400][20.303s][info][gc,phases   ] GC(12)   Merge Heap Roots: 0.15ms
[2026-09-05T10:47:36.648-0400][20.303s][info][gc,phases   ] GC(12)   Evacuate Collection Set: 16.84ms
[2026-09-05T10:47:36.648-0400][20.303s][info][gc,phases   ] GC(12)   Post Evacuate Collection Set: 1.35ms
[2026-09-05T10:47:36.648-0400][20.303s][info][gc,phases   ] GC(12)   Other: 0.17ms
[2026-09-05T10:47:36.648-0400][20.303s][info][gc,heap     ] GC(12) Eden regions: 268->0(291)
[2026-09-05T10:47:36.648-0400][20.303s][info][gc,heap     ] GC(12) Survivor regions: 39->16(39)
[2026-09-05T10:47:36.648-0400][20.304s][info][gc,heap     ] GC(12) Old regions: 45->83
[2026-09-05T10:47:36.648-0400][20.304s][info][gc,heap     ] GC(12) Archive regions: 0->0
[2026-09-05T10:47:36.648-0400][20.304s][info][gc,heap     ] GC(12) Humongous regions: 11->11
[2026-09-05T10:47:36.648-0400][20.304s][info][gc,metaspace] GC(12) Metaspace: 86940K(88576K)->86940K(88576K) NonClass: 74377K(75264K)->74377K(75264K) Class: 12563K(13312K)->12563K(13312K)
[2026-09-05T10:47:36.648-0400][20.304s][info][gc          ] GC(12) Pause Young (Normal) (G1 Evacuation Pause) 725M->218M(1024M) 19.010ms
[2026-09-05T10:47:36.648-0400][20.304s][info][gc,cpu      ] GC(12) User=0.36s Sys=0.03s Real=0.02s
[2026-09-05T10:47:38.517-0400][22.172s][info][gc,start    ] GC(13) Pause Young (Concurrent Start) (Metadata GC Threshold)
[2026-09-05T10:47:38.517-0400][22.172s][info][gc,task     ] GC(13) Using 23 workers of 23 for evacuation
[2026-09-05T10:47:38.530-0400][22.185s][info][gc,phases   ] GC(13)   Pre Evacuate Collection Set: 0.21ms
[2026-09-05T10:47:38.530-0400][22.185s][info][gc,phases   ] GC(13)   Merge Heap Roots: 0.14ms
[2026-09-05T10:47:38.530-0400][22.185s][info][gc,phases   ] GC(13)   Evacuate Collection Set: 11.02ms
[2026-09-05T10:47:38.530-0400][22.185s][info][gc,phases   ] GC(13)   Post Evacuate Collection Set: 1.25ms
[2026-09-05T10:47:38.530-0400][22.185s][info][gc,phases   ] GC(13)   Other: 0.27ms
[2026-09-05T10:47:38.530-0400][22.185s][info][gc,heap     ] GC(13) Eden regions: 269->0(279)
[2026-09-05T10:47:38.530-0400][22.185s][info][gc,heap     ] GC(13) Survivor regions: 16->28(39)
[2026-09-05T10:47:38.530-0400][22.185s][info][gc,heap     ] GC(13) Old regions: 83->83
[2026-09-05T10:47:38.530-0400][22.185s][info][gc,heap     ] GC(13) Archive regions: 0->0
[2026-09-05T10:47:38.530-0400][22.185s][info][gc,heap     ] GC(13) Humongous regions: 17->15
[2026-09-05T10:47:38.530-0400][22.185s][info][gc,metaspace] GC(13) Metaspace: 99153K(100736K)->99153K(100736K) NonClass: 84490K(85376K)->84490K(85376K) Class: 14663K(15360K)->14663K(15360K)
[2026-09-05T10:47:38.530-0400][22.185s][info][gc          ] GC(13) Pause Young (Concurrent Start) (Metadata GC Threshold) 768M->250M(1024M) 13.115ms
[2026-09-05T10:47:38.530-0400][22.185s][info][gc,cpu      ] GC(13) User=0.05s Sys=0.00s Real=0.01s
[2026-09-05T10:47:38.530-0400][22.185s][info][gc          ] GC(14) Concurrent Mark Cycle
[2026-09-05T10:47:38.530-0400][22.185s][info][gc,marking  ] GC(14) Concurrent Clear Claimed Marks
[2026-09-05T10:47:38.530-0400][22.185s][info][gc,marking  ] GC(14) Concurrent Clear Claimed Marks 0.157ms
[2026-09-05T10:47:38.530-0400][22.185s][info][gc,marking  ] GC(14) Concurrent Scan Root Regions
[2026-09-05T10:47:38.536-0400][22.191s][info][gc,marking  ] GC(14) Concurrent Scan Root Regions 6.001ms
[2026-09-05T10:47:38.536-0400][22.191s][info][gc,marking  ] GC(14) Concurrent Mark
[2026-09-05T10:47:38.536-0400][22.191s][info][gc,marking  ] GC(14) Concurrent Mark From Roots
[2026-09-05T10:47:38.536-0400][22.191s][info][gc,task     ] GC(14) Using 6 workers of 6 for marking
[2026-09-05T10:47:38.594-0400][22.250s][info][gc,marking  ] GC(14) Concurrent Mark From Roots 58.336ms
[2026-09-05T10:47:38.594-0400][22.250s][info][gc,marking  ] GC(14) Concurrent Preclean
[2026-09-05T10:47:38.595-0400][22.250s][info][gc,marking  ] GC(14) Concurrent Preclean 0.427ms
[2026-09-05T10:47:38.611-0400][22.266s][info][gc,start    ] GC(14) Pause Remark
[2026-09-05T10:47:38.617-0400][22.272s][info][gc          ] GC(14) Pause Remark 350M->350M(1024M) 6.771ms
[2026-09-05T10:47:38.617-0400][22.272s][info][gc,cpu      ] GC(14) User=0.00s Sys=0.00s Real=0.01s
[2026-09-05T10:47:38.618-0400][22.273s][info][gc,marking  ] GC(14) Concurrent Mark 81.371ms
[2026-09-05T10:47:38.618-0400][22.273s][info][gc,marking  ] GC(14) Concurrent Rebuild Remembered Sets
[2026-09-05T10:47:38.635-0400][22.290s][info][gc,marking  ] GC(14) Concurrent Rebuild Remembered Sets 17.486ms
[2026-09-05T10:47:38.642-0400][22.296s][info][gc,start    ] GC(14) Pause Cleanup
[2026-09-05T10:47:38.642-0400][22.297s][info][gc          ] GC(14) Pause Cleanup 397M->397M(1024M) 0.218ms
[2026-09-05T10:47:38.642-0400][22.297s][info][gc,cpu      ] GC(14) User=0.00s Sys=0.00s Real=0.00s
[2026-09-05T10:47:38.642-0400][22.297s][info][gc,marking  ] GC(14) Concurrent Cleanup for Next Mark
[2026-09-05T10:47:38.642-0400][22.297s][info][gc,marking  ] GC(14) Concurrent Cleanup for Next Mark 0.321ms
[2026-09-05T10:47:38.642-0400][22.297s][info][gc          ] GC(14) Concurrent Mark Cycle 112.290ms
[2026-09-05T10:47:39.366-0400][23.021s][info][gc,start    ] GC(15) Pause Young (Concurrent Start) (G1 Evacuation Pause)
[2026-09-05T10:47:39.366-0400][23.021s][info][gc,task     ] GC(15) Using 23 workers of 23 for evacuation
[2026-09-05T10:47:39.380-0400][23.035s][info][gc,phases   ] GC(15)   Pre Evacuate Collection Set: 0.29ms
[2026-09-05T10:47:39.380-0400][23.035s][info][gc,phases   ] GC(15)   Merge Heap Roots: 0.21ms
[2026-09-05T10:47:39.380-0400][23.035s][info][gc,phases   ] GC(15)   Evacuate Collection Set: 12.12ms
[2026-09-05T10:47:39.380-0400][23.035s][info][gc,phases   ] GC(15)   Post Evacuate Collection Set: 1.11ms
[2026-09-05T10:47:39.380-0400][23.035s][info][gc,phases   ] GC(15)   Other: 0.27ms
[2026-09-05T10:47:39.380-0400][23.035s][info][gc,heap     ] GC(15) Eden regions: 279->0(254)
[2026-09-05T10:47:39.380-0400][23.035s][info][gc,heap     ] GC(15) Survivor regions: 28->39(39)
[2026-09-05T10:47:39.380-0400][23.035s][info][gc,heap     ] GC(15) Old regions: 83->96
[2026-09-05T10:47:39.380-0400][23.035s][info][gc,heap     ] GC(15) Archive regions: 0->0
[2026-09-05T10:47:39.380-0400][23.035s][info][gc,heap     ] GC(15) Humongous regions: 21->15
[2026-09-05T10:47:39.380-0400][23.035s][info][gc,metaspace] GC(15) Metaspace: 102701K(104384K)->102701K(104384K) NonClass: 87508K(88448K)->87508K(88448K) Class: 15192K(15936K)->15192K(15936K)
[2026-09-05T10:47:39.380-0400][23.035s][info][gc          ] GC(15) Pause Young (Concurrent Start) (G1 Evacuation Pause) 820M->300M(1024M) 14.183ms
[2026-09-05T10:47:39.381-0400][23.035s][info][gc,cpu      ] GC(15) User=0.34s Sys=0.09s Real=0.02s
[2026-09-05T10:47:39.381-0400][23.035s][info][gc          ] GC(16) Concurrent Mark Cycle
[2026-09-05T10:47:39.381-0400][23.035s][info][gc,marking  ] GC(16) Concurrent Clear Claimed Marks
[2026-09-05T10:47:39.381-0400][23.035s][info][gc,marking  ] GC(16) Concurrent Clear Claimed Marks 0.176ms
[2026-09-05T10:47:39.381-0400][23.035s][info][gc,marking  ] GC(16) Concurrent Scan Root Regions
[2026-09-05T10:47:39.388-0400][23.043s][info][gc,marking  ] GC(16) Concurrent Scan Root Regions 7.658ms
[2026-09-05T10:47:39.388-0400][23.043s][info][gc,marking  ] GC(16) Concurrent Mark
[2026-09-05T10:47:39.388-0400][23.043s][info][gc,marking  ] GC(16) Concurrent Mark From Roots
[2026-09-05T10:47:39.388-0400][23.043s][info][gc,task     ] GC(16) Using 6 workers of 6 for marking
[2026-09-05T10:47:39.432-0400][23.087s][info][gc,marking  ] GC(16) Concurrent Mark From Roots 43.817ms
[2026-09-05T10:47:39.432-0400][23.087s][info][gc,marking  ] GC(16) Concurrent Preclean
[2026-09-05T10:47:39.433-0400][23.088s][info][gc,marking  ] GC(16) Concurrent Preclean 0.526ms
[2026-09-05T10:47:39.442-0400][23.097s][info][gc,start    ] GC(16) Pause Remark
[2026-09-05T10:47:39.447-0400][23.102s][info][gc          ] GC(16) Pause Remark 330M->330M(1024M) 5.278ms
[2026-09-05T10:47:39.447-0400][23.102s][info][gc,cpu      ] GC(16) User=0.00s Sys=0.00s Real=0.01s
[2026-09-05T10:47:39.447-0400][23.102s][info][gc,marking  ] GC(16) Concurrent Mark 58.846ms
[2026-09-05T10:47:39.447-0400][23.102s][info][gc,marking  ] GC(16) Concurrent Rebuild Remembered Sets
[2026-09-05T10:47:39.466-0400][23.121s][info][gc,marking  ] GC(16) Concurrent Rebuild Remembered Sets 19.134ms
[2026-09-05T10:47:39.467-0400][23.122s][info][gc,start    ] GC(16) Pause Cleanup
[2026-09-05T10:47:39.467-0400][23.122s][info][gc          ] GC(16) Pause Cleanup 352M->352M(1024M) 0.185ms
[2026-09-05T10:47:39.467-0400][23.122s][info][gc,cpu      ] GC(16) User=0.00s Sys=0.00s Real=0.00s
[2026-09-05T10:47:39.467-0400][23.122s][info][gc,marking  ] GC(16) Concurrent Cleanup for Next Mark
[2026-09-05T10:47:39.467-0400][23.123s][info][gc,marking  ] GC(16) Concurrent Cleanup for Next Mark 0.370ms
[2026-09-05T10:47:39.467-0400][23.123s][info][gc          ] GC(16) Concurrent Mark Cycle 87.507ms
[2026-09-05T10:47:40.911-0400][24.567s][info][gc,start    ] GC(17) Pause Young (Normal) (G1 Evacuation Pause)
[2026-09-05T10:47:40.911-0400][24.567s][info][gc,task     ] GC(17) Using 23 workers of 23 for evacuation
[2026-09-05T10:47:40.927-0400][24.583s][info][gc,phases   ] GC(17)   Pre Evacuate Collection Set: 0.14ms
[2026-09-05T10:47:40.927-0400][24.583s][info][gc,phases   ] GC(17)   Merge Heap Roots: 0.19ms
[2026-09-05T10:47:40.927-0400][24.583s][info][gc,phases   ] GC(17)   Evacuate Collection Set: 14.57ms
[2026-09-05T10:47:40.927-0400][24.583s][info][gc,phases   ] GC(17)   Post Evacuate Collection Set: 1.13ms
[2026-09-05T10:47:40.927-0400][24.583s][info][gc,phases   ] GC(17)   Other: 0.18ms
[2026-09-05T10:47:40.927-0400][24.583s][info][gc,heap     ] GC(17) Eden regions: 254->0(220)
[2026-09-05T10:47:40.927-0400][24.583s][info][gc,heap     ] GC(17) Survivor regions: 39->30(37)
[2026-09-05T10:47:40.927-0400][24.583s][info][gc,heap     ] GC(17) Old regions: 96->133
[2026-09-05T10:47:40.927-0400][24.583s][info][gc,heap     ] GC(17) Archive regions: 0->0
[2026-09-05T10:47:40.927-0400][24.583s][info][gc,heap     ] GC(17) Humongous regions: 15->15
[2026-09-05T10:47:40.927-0400][24.583s][info][gc,metaspace] GC(17) Metaspace: 105415K(107072K)->105415K(107072K) NonClass: 89825K(90752K)->89825K(90752K) Class: 15590K(16320K)->15590K(16320K)
[2026-09-05T10:47:40.927-0400][24.583s][info][gc          ] GC(17) Pause Young (Normal) (G1 Evacuation Pause) 808M->354M(1024M) 16.490ms
[2026-09-05T10:47:40.927-0400][24.583s][info][gc,cpu      ] GC(17) User=0.38s Sys=0.02s Real=0.02s
[2026-09-05T10:49:41.397-0400][145.053s][info][gc,start    ] GC(18) Pause Young (Normal) (G1 Evacuation Pause)
[2026-09-05T10:49:41.398-0400][145.053s][info][gc,task     ] GC(18) Using 23 workers of 23 for evacuation
[2026-09-05T10:49:41.409-0400][145.064s][info][gc,phases   ] GC(18)   Pre Evacuate Collection Set: 0.21ms
[2026-09-05T10:49:41.409-0400][145.064s][info][gc,phases   ] GC(18)   Merge Heap Roots: 0.13ms
[2026-09-05T10:49:41.409-0400][145.064s][info][gc,phases   ] GC(18)   Evacuate Collection Set: 9.79ms
[2026-09-05T10:49:41.409-0400][145.064s][info][gc,phases   ] GC(18)   Post Evacuate Collection Set: 0.92ms
[2026-09-05T10:49:41.409-0400][145.064s][info][gc,phases   ] GC(18)   Other: 0.15ms
[2026-09-05T10:49:41.409-0400][145.064s][info][gc,heap     ] GC(18) Eden regions: 220->0(214)
[2026-09-05T10:49:41.409-0400][145.064s][info][gc,heap     ] GC(18) Survivor regions: 30->13(32)
[2026-09-05T10:49:41.409-0400][145.064s][info][gc,heap     ] GC(18) Old regions: 133->163
[2026-09-05T10:49:41.409-0400][145.064s][info][gc,heap     ] GC(18) Archive regions: 0->0
[2026-09-05T10:49:41.409-0400][145.064s][info][gc,heap     ] GC(18) Humongous regions: 21->15
[2026-09-05T10:49:41.409-0400][145.064s][info][gc,metaspace] GC(18) Metaspace: 108421K(110208K)->108421K(110208K) NonClass: 92390K(93376K)->92390K(93376K) Class: 16030K(16832K)->16030K(16832K)
[2026-09-05T10:49:41.409-0400][145.064s][info][gc          ] GC(18) Pause Young (Normal) (G1 Evacuation Pause) 806M->380M(1024M) 11.355ms
[2026-09-05T10:49:41.409-0400][145.064s][info][gc,cpu      ] GC(18) User=0.31s Sys=0.05s Real=0.01s
[2026-09-05T10:53:26.991-0400][370.647s][info][gc,start    ] GC(19) Pause Young (Normal) (G1 Evacuation Pause)
[2026-09-05T10:53:26.991-0400][370.647s][info][gc,task     ] GC(19) Using 23 workers of 23 for evacuation
[2026-09-05T10:53:26.997-0400][370.652s][info][gc,phases   ] GC(19)   Pre Evacuate Collection Set: 0.12ms
[2026-09-05T10:53:26.997-0400][370.653s][info][gc,phases   ] GC(19)   Merge Heap Roots: 0.14ms
[2026-09-05T10:53:26.997-0400][370.653s][info][gc,phases   ] GC(19)   Evacuate Collection Set: 4.37ms
[2026-09-05T10:53:26.997-0400][370.653s][info][gc,phases   ] GC(19)   Post Evacuate Collection Set: 0.74ms
[2026-09-05T10:53:26.997-0400][370.653s][info][gc,phases   ] GC(19)   Other: 0.16ms
[2026-09-05T10:53:26.997-0400][370.653s][info][gc,heap     ] GC(19) Eden regions: 214->0(219)
[2026-09-05T10:53:26.997-0400][370.653s][info][gc,heap     ] GC(19) Survivor regions: 13->17(29)
[2026-09-05T10:53:26.998-0400][370.653s][info][gc,heap     ] GC(19) Old regions: 163->163
[2026-09-05T10:53:26.998-0400][370.653s][info][gc,heap     ] GC(19) Archive regions: 0->0
[2026-09-05T10:53:26.998-0400][370.653s][info][gc,heap     ] GC(19) Humongous regions: 15->15
[2026-09-05T10:53:26.998-0400][370.653s][info][gc,metaspace] GC(19) Metaspace: 114599K(116352K)->114599K(116352K) NonClass: 97480K(98432K)->97480K(98432K) Class: 17118K(17920K)->17118K(17920K)
[2026-09-05T10:53:26.998-0400][370.653s][info][gc          ] GC(19) Pause Young (Normal) (G1 Evacuation Pause) 808M->387M(1024M) 5.654ms
[2026-09-05T10:53:26.998-0400][370.653s][info][gc,cpu      ] GC(19) User=0.36s Sys=0.05s Real=0.01s
[2026-09-05T10:53:27.585-0400][371.240s][info][gc,start    ] GC(20) Pause Young (Normal) (G1 Evacuation Pause)
[2026-09-05T10:53:27.585-0400][371.240s][info][gc,task     ] GC(20) Using 23 workers of 23 for evacuation
[2026-09-05T10:53:27.590-0400][371.246s][info][gc,phases   ] GC(20)   Pre Evacuate Collection Set: 0.12ms
[2026-09-05T10:53:27.590-0400][371.246s][info][gc,phases   ] GC(20)   Merge Heap Roots: 0.17ms
[2026-09-05T10:53:27.590-0400][371.246s][info][gc,phases   ] GC(20)   Evacuate Collection Set: 4.49ms
[2026-09-05T10:53:27.590-0400][371.246s][info][gc,phases   ] GC(20)   Post Evacuate Collection Set: 0.84ms
[2026-09-05T10:53:27.590-0400][371.246s][info][gc,phases   ] GC(20)   Other: 0.13ms
[2026-09-05T10:53:27.590-0400][371.246s][info][gc,heap     ] GC(20) Eden regions: 219->0(224)
[2026-09-05T10:53:27.590-0400][371.246s][info][gc,heap     ] GC(20) Survivor regions: 17->18(30)
[2026-09-05T10:53:27.590-0400][371.246s][info][gc,heap     ] GC(20) Old regions: 163->163
[2026-09-05T10:53:27.590-0400][371.246s][info][gc,heap     ] GC(20) Archive regions: 0->0
[2026-09-05T10:53:27.590-0400][371.246s][info][gc,heap     ] GC(20) Humongous regions: 15->15
[2026-09-05T10:53:27.590-0400][371.246s][info][gc,metaspace] GC(20) Metaspace: 116382K(118144K)->116382K(118144K) NonClass: 99016K(99968K)->99016K(99968K) Class: 17366K(18176K)->17366K(18176K)
[2026-09-05T10:53:27.591-0400][371.246s][info][gc          ] GC(20) Pause Young (Normal) (G1 Evacuation Pause) 825M->389M(1024M) 5.882ms
[2026-09-05T10:53:27.591-0400][371.246s][info][gc,cpu      ] GC(20) User=0.00s Sys=0.02s Real=0.01s
[2026-09-05T10:53:29.496-0400][373.152s][info][gc,start    ] GC(21) Pause Young (Normal) (G1 Evacuation Pause)
[2026-09-05T10:53:29.496-0400][373.152s][info][gc,task     ] GC(21) Using 23 workers of 23 for evacuation
[2026-09-05T10:53:29.507-0400][373.162s][info][gc,phases   ] GC(21)   Pre Evacuate Collection Set: 0.13ms
[2026-09-05T10:53:29.507-0400][373.162s][info][gc,phases   ] GC(21)   Merge Heap Roots: 0.13ms
[2026-09-05T10:53:29.507-0400][373.162s][info][gc,phases   ] GC(21)   Evacuate Collection Set: 9.11ms
[2026-09-05T10:53:29.507-0400][373.162s][info][gc,phases   ] GC(21)   Post Evacuate Collection Set: 0.78ms
[2026-09-05T10:53:29.507-0400][373.162s][info][gc,phases   ] GC(21)   Other: 0.20ms
[2026-09-05T10:53:29.507-0400][373.162s][info][gc,heap     ] GC(21) Eden regions: 224->0(211)
[2026-09-05T10:53:29.507-0400][373.163s][info][gc,heap     ] GC(21) Survivor regions: 18->24(31)
[2026-09-05T10:53:29.507-0400][373.163s][info][gc,heap     ] GC(21) Old regions: 163->169
[2026-09-05T10:53:29.507-0400][373.163s][info][gc,heap     ] GC(21) Archive regions: 0->0
[2026-09-05T10:53:29.507-0400][373.163s][info][gc,heap     ] GC(21) Humongous regions: 15->15
[2026-09-05T10:53:29.507-0400][373.163s][info][gc,metaspace] GC(21) Metaspace: 121980K(123776K)->121980K(123776K) NonClass: 103906K(104896K)->103906K(104896K) Class: 18074K(18880K)->18074K(18880K)
[2026-09-05T10:53:29.507-0400][373.163s][info][gc          ] GC(21) Pause Young (Normal) (G1 Evacuation Pause) 837M->414M(1024M) 10.485ms
[2026-09-05T10:53:29.507-0400][373.163s][info][gc,cpu      ] GC(21) User=0.00s Sys=0.00s Real=0.01s
[2026-09-05T10:53:30.316-0400][373.971s][info][gc,start    ] GC(22) Pause Young (Normal) (G1 Evacuation Pause)
[2026-09-05T10:53:30.316-0400][373.972s][info][gc,task     ] GC(22) Using 23 workers of 23 for evacuation
[2026-09-05T10:53:30.323-0400][373.978s][info][gc,phases   ] GC(22)   Pre Evacuate Collection Set: 0.13ms
[2026-09-05T10:53:30.323-0400][373.978s][info][gc,phases   ] GC(22)   Merge Heap Roots: 0.27ms
[2026-09-05T10:53:30.323-0400][373.978s][info][gc,phases   ] GC(22)   Evacuate Collection Set: 5.21ms
[2026-09-05T10:53:30.323-0400][373.978s][info][gc,phases   ] GC(22)   Post Evacuate Collection Set: 0.70ms
[2026-09-05T10:53:30.323-0400][373.978s][info][gc,phases   ] GC(22)   Other: 0.13ms
[2026-09-05T10:53:30.323-0400][373.978s][info][gc,heap     ] GC(22) Eden regions: 211->0(219)
[2026-09-05T10:53:30.323-0400][373.978s][info][gc,heap     ] GC(22) Survivor regions: 24->14(30)
[2026-09-05T10:53:30.323-0400][373.978s][info][gc,heap     ] GC(22) Old regions: 169->179
[2026-09-05T10:53:30.323-0400][373.978s][info][gc,heap     ] GC(22) Archive regions: 0->0
[2026-09-05T10:53:30.323-0400][373.978s][info][gc,heap     ] GC(22) Humongous regions: 15->15
[2026-09-05T10:53:30.323-0400][373.978s][info][gc,metaspace] GC(22) Metaspace: 122770K(124608K)->122770K(124608K) NonClass: 104603K(105600K)->104603K(105600K) Class: 18167K(19008K)->18167K(19008K)
[2026-09-05T10:53:30.323-0400][373.978s][info][gc          ] GC(22) Pause Young (Normal) (G1 Evacuation Pause) 836M->414M(1024M) 6.563ms
[2026-09-05T10:53:30.323-0400][373.978s][info][gc,cpu      ] GC(22) User=0.00s Sys=0.00s Real=0.01s
[2026-09-05T10:53:30.434-0400][374.089s][info][gc,start    ] GC(23) Pause Young (Normal) (G1 Evacuation Pause)
[2026-09-05T10:53:30.434-0400][374.089s][info][gc,task     ] GC(23) Using 23 workers of 23 for evacuation
[2026-09-05T10:53:30.439-0400][374.094s][info][gc,phases   ] GC(23)   Pre Evacuate Collection Set: 0.17ms
[2026-09-05T10:53:30.439-0400][374.094s][info][gc,phases   ] GC(23)   Merge Heap Roots: 0.13ms
[2026-09-05T10:53:30.439-0400][374.094s][info][gc,phases   ] GC(23)   Evacuate Collection Set: 3.70ms
[2026-09-05T10:53:30.439-0400][374.094s][info][gc,phases   ] GC(23)   Post Evacuate Collection Set: 0.62ms
[2026-09-05T10:53:30.439-0400][374.094s][info][gc,phases   ] GC(23)   Other: 0.20ms
[2026-09-05T10:53:30.439-0400][374.094s][info][gc,heap     ] GC(23) Eden regions: 219->0(224)
[2026-09-05T10:53:30.439-0400][374.094s][info][gc,heap     ] GC(23) Survivor regions: 14->14(30)
[2026-09-05T10:53:30.439-0400][374.094s][info][gc,heap     ] GC(23) Old regions: 179->179
[2026-09-05T10:53:30.439-0400][374.094s][info][gc,heap     ] GC(23) Archive regions: 0->0
[2026-09-05T10:53:30.439-0400][374.094s][info][gc,heap     ] GC(23) Humongous regions: 15->15
[2026-09-05T10:53:30.439-0400][374.094s][info][gc,metaspace] GC(23) Metaspace: 122907K(124800K)->122907K(124800K) NonClass: 104735K(105792K)->104735K(105792K) Class: 18172K(19008K)->18172K(19008K)
[2026-09-05T10:53:30.439-0400][374.094s][info][gc          ] GC(23) Pause Young (Normal) (G1 Evacuation Pause) 852M->413M(1024M) 4.956ms
[2026-09-05T10:53:30.439-0400][374.094s][info][gc,cpu      ] GC(23) User=0.00s Sys=0.00s Real=0.00s
[2026-09-05T10:53:30.696-0400][374.352s][info][gc,start    ] GC(24) Pause Young (Normal) (G1 Evacuation Pause)
[2026-09-05T10:53:30.696-0400][374.352s][info][gc,task     ] GC(24) Using 23 workers of 23 for evacuation
[2026-09-05T10:53:30.700-0400][374.356s][info][gc,phases   ] GC(24)   Pre Evacuate Collection Set: 0.17ms
[2026-09-05T10:53:30.700-0400][374.356s][info][gc,phases   ] GC(24)   Merge Heap Roots: 0.15ms
[2026-09-05T10:53:30.700-0400][374.356s][info][gc,phases   ] GC(24)   Evacuate Collection Set: 3.24ms
[2026-09-05T10:53:30.700-0400][374.356s][info][gc,phases   ] GC(24)   Post Evacuate Collection Set: 0.60ms
[2026-09-05T10:53:30.700-0400][374.356s][info][gc,phases   ] GC(24)   Other: 0.17ms
[2026-09-05T10:53:30.700-0400][374.356s][info][gc,heap     ] GC(24) Eden regions: 224->0(230)
[2026-09-05T10:53:30.700-0400][374.356s][info][gc,heap     ] GC(24) Survivor regions: 14->14(30)
[2026-09-05T10:53:30.700-0400][374.356s][info][gc,heap     ] GC(24) Old regions: 179->179
[2026-09-05T10:53:30.700-0400][374.356s][info][gc,heap     ] GC(24) Archive regions: 0->0
[2026-09-05T10:53:30.700-0400][374.356s][info][gc,heap     ] GC(24) Humongous regions: 15->15
[2026-09-05T10:53:30.700-0400][374.356s][info][gc,metaspace] GC(24) Metaspace: 123081K(124928K)->123081K(124928K) NonClass: 104887K(105920K)->104887K(105920K) Class: 18193K(19008K)->18193K(19008K)
[2026-09-05T10:53:30.700-0400][374.356s][info][gc          ] GC(24) Pause Young (Normal) (G1 Evacuation Pause) 861M->414M(1024M) 4.456ms
[2026-09-05T10:53:30.700-0400][374.356s][info][gc,cpu      ] GC(24) User=0.36s Sys=0.02s Real=0.00s
[2026-09-05T10:53:30.958-0400][374.614s][info][gc,start    ] GC(25) Pause Young (Normal) (G1 Evacuation Pause)
[2026-09-05T10:53:30.958-0400][374.614s][info][gc,task     ] GC(25) Using 23 workers of 23 for evacuation
[2026-09-05T10:53:30.962-0400][374.618s][info][gc,phases   ] GC(25)   Pre Evacuate Collection Set: 0.26ms
[2026-09-05T10:53:30.963-0400][374.618s][info][gc,phases   ] GC(25)   Merge Heap Roots: 0.09ms
[2026-09-05T10:53:30.963-0400][374.618s][info][gc,phases   ] GC(25)   Evacuate Collection Set: 3.02ms
[2026-09-05T10:53:30.963-0400][374.618s][info][gc,phases   ] GC(25)   Post Evacuate Collection Set: 0.47ms
[2026-09-05T10:53:30.963-0400][374.618s][info][gc,phases   ] GC(25)   Other: 0.19ms
[2026-09-05T10:53:30.963-0400][374.618s][info][gc,heap     ] GC(25) Eden regions: 230->0(232)
[2026-09-05T10:53:30.963-0400][374.618s][info][gc,heap     ] GC(25) Survivor regions: 14->15(31)
[2026-09-05T10:53:30.963-0400][374.618s][info][gc,heap     ] GC(25) Old regions: 179->179
[2026-09-05T10:53:30.963-0400][374.618s][info][gc,heap     ] GC(25) Archive regions: 0->0
[2026-09-05T10:53:30.963-0400][374.618s][info][gc,heap     ] GC(25) Humongous regions: 15->15
[2026-09-05T10:53:30.963-0400][374.618s][info][gc,metaspace] GC(25) Metaspace: 123177K(125120K)->123177K(125120K) NonClass: 104972K(106048K)->104972K(106048K) Class: 18204K(19072K)->18204K(19072K)
[2026-09-05T10:53:30.963-0400][374.618s][info][gc          ] GC(25) Pause Young (Normal) (G1 Evacuation Pause) 874M->416M(1024M) 4.154ms
[2026-09-05T10:53:30.963-0400][374.618s][info][gc,cpu      ] GC(25) User=0.00s Sys=0.00s Real=0.01s
[2026-09-05T10:53:31.133-0400][374.788s][info][gc,start    ] GC(26) Pause Young (Normal) (G1 Evacuation Pause)
[2026-09-05T10:53:31.133-0400][374.788s][info][gc,task     ] GC(26) Using 23 workers of 23 for evacuation
[2026-09-05T10:53:31.137-0400][374.792s][info][gc,phases   ] GC(26)   Pre Evacuate Collection Set: 0.20ms
[2026-09-05T10:53:31.137-0400][374.792s][info][gc,phases   ] GC(26)   Merge Heap Roots: 0.12ms
[2026-09-05T10:53:31.137-0400][374.792s][info][gc,phases   ] GC(26)   Evacuate Collection Set: 3.12ms
[2026-09-05T10:53:31.137-0400][374.792s][info][gc,phases   ] GC(26)   Post Evacuate Collection Set: 0.59ms
[2026-09-05T10:53:31.137-0400][374.792s][info][gc,phases   ] GC(26)   Other: 0.19ms
[2026-09-05T10:53:31.137-0400][374.792s][info][gc,heap     ] GC(26) Eden regions: 232->0(234)
[2026-09-05T10:53:31.137-0400][374.792s][info][gc,heap     ] GC(26) Survivor regions: 15->16(31)
[2026-09-05T10:53:31.137-0400][374.792s][info][gc,heap     ] GC(26) Old regions: 179->179
[2026-09-05T10:53:31.137-0400][374.792s][info][gc,heap     ] GC(26) Archive regions: 0->0
[2026-09-05T10:53:31.137-0400][374.792s][info][gc,heap     ] GC(26) Humongous regions: 15->15
[2026-09-05T10:53:31.137-0400][374.792s][info][gc,metaspace] GC(26) Metaspace: 123203K(125120K)->123203K(125120K) NonClass: 104998K(106048K)->104998K(106048K) Class: 18204K(19072K)->18204K(19072K)
[2026-09-05T10:53:31.137-0400][374.792s][info][gc          ] GC(26) Pause Young (Normal) (G1 Evacuation Pause) 880M->418M(1024M) 4.354ms
[2026-09-05T10:53:31.137-0400][374.792s][info][gc,cpu      ] GC(26) User=0.02s Sys=0.00s Real=0.00s
[2026-09-05T10:53:31.995-0400][375.651s][info][gc,start    ] GC(27) Pause Young (Normal) (G1 Evacuation Pause)
[2026-09-05T10:53:31.995-0400][375.651s][info][gc,task     ] GC(27) Using 23 workers of 23 for evacuation
[2026-09-05T10:53:32.024-0400][375.679s][info][gc,phases   ] GC(27)   Pre Evacuate Collection Set: 0.15ms
[2026-09-05T10:53:32.024-0400][375.679s][info][gc,phases   ] GC(27)   Merge Heap Roots: 0.19ms
[2026-09-05T10:53:32.024-0400][375.679s][info][gc,phases   ] GC(27)   Evacuate Collection Set: 27.20ms
[2026-09-05T10:53:32.024-0400][375.679s][info][gc,phases   ] GC(27)   Post Evacuate Collection Set: 0.84ms
[2026-09-05T10:53:32.024-0400][375.679s][info][gc,phases   ] GC(27)   Other: 0.14ms
[2026-09-05T10:53:32.024-0400][375.679s][info][gc,heap     ] GC(27) Eden regions: 234->0(145)
[2026-09-05T10:53:32.024-0400][375.679s][info][gc,heap     ] GC(27) Survivor regions: 16->32(32)
[2026-09-05T10:53:32.024-0400][375.679s][info][gc,heap     ] GC(27) Old regions: 179->208
[2026-09-05T10:53:32.024-0400][375.679s][info][gc,heap     ] GC(27) Archive regions: 0->0
[2026-09-05T10:53:32.024-0400][375.679s][info][gc,heap     ] GC(27) Humongous regions: 15->15
[2026-09-05T10:53:32.024-0400][375.679s][info][gc,metaspace] GC(27) Metaspace: 124305K(126208K)->124305K(126208K) NonClass: 105948K(107008K)->105948K(107008K) Class: 18356K(19200K)->18356K(19200K)
[2026-09-05T10:53:32.024-0400][375.679s][info][gc          ] GC(27) Pause Young (Normal) (G1 Evacuation Pause) 886M->509M(1024M) 28.695ms
[2026-09-05T10:53:32.024-0400][375.679s][info][gc,cpu      ] GC(27) User=0.67s Sys=0.03s Real=0.03s
[2026-09-05T10:53:32.234-0400][375.889s][info][gc,start    ] GC(28) Pause Young (Normal) (G1 Evacuation Pause)
[2026-09-05T10:53:32.234-0400][375.889s][info][gc,task     ] GC(28) Using 23 workers of 23 for evacuation
[2026-09-05T10:53:32.268-0400][375.924s][info][gc,phases   ] GC(28)   Pre Evacuate Collection Set: 0.13ms
[2026-09-05T10:53:32.269-0400][375.924s][info][gc,phases   ] GC(28)   Merge Heap Roots: 0.40ms
[2026-09-05T10:53:32.269-0400][375.924s][info][gc,phases   ] GC(28)   Evacuate Collection Set: 33.38ms
[2026-09-05T10:53:32.269-0400][375.924s][info][gc,phases   ] GC(28)   Post Evacuate Collection Set: 0.86ms
[2026-09-05T10:53:32.269-0400][375.924s][info][gc,phases   ] GC(28)   Other: 0.19ms
[2026-09-05T10:53:32.269-0400][375.924s][info][gc,heap     ] GC(28) Eden regions: 145->0(76)
[2026-09-05T10:53:32.269-0400][375.924s][info][gc,heap     ] GC(28) Survivor regions: 32->23(23)
[2026-09-05T10:53:32.269-0400][375.924s][info][gc,heap     ] GC(28) Old regions: 208->285
[2026-09-05T10:53:32.269-0400][375.924s][info][gc,heap     ] GC(28) Archive regions: 0->0
[2026-09-05T10:53:32.269-0400][375.924s][info][gc,heap     ] GC(28) Humongous regions: 15->15
[2026-09-05T10:53:32.269-0400][375.924s][info][gc,metaspace] GC(28) Metaspace: 124330K(126208K)->124330K(126208K) NonClass: 105972K(107008K)->105972K(107008K) Class: 18357K(19200K)->18357K(19200K)
[2026-09-05T10:53:32.269-0400][375.924s][info][gc          ] GC(28) Pause Young (Normal) (G1 Evacuation Pause) 799M->645M(1024M) 35.080ms
[2026-09-05T10:53:32.269-0400][375.924s][info][gc,cpu      ] GC(28) User=0.70s Sys=0.03s Real=0.04s
[2026-09-05T10:53:32.291-0400][375.946s][info][gc,start    ] GC(29) Pause Young (Concurrent Start) (G1 Evacuation Pause)
[2026-09-05T10:53:32.292-0400][375.947s][info][gc,task     ] GC(29) Using 23 workers of 23 for evacuation
[2026-09-05T10:53:32.301-0400][375.956s][info][gc,phases   ] GC(29)   Pre Evacuate Collection Set: 0.32ms
[2026-09-05T10:53:32.301-0400][375.956s][info][gc,phases   ] GC(29)   Merge Heap Roots: 0.22ms
[2026-09-05T10:53:32.301-0400][375.956s][info][gc,phases   ] GC(29)   Evacuate Collection Set: 8.67ms
[2026-09-05T10:53:32.301-0400][375.956s][info][gc,phases   ] GC(29)   Post Evacuate Collection Set: 0.50ms
[2026-09-05T10:53:32.301-0400][375.956s][info][gc,phases   ] GC(29)   Other: 0.26ms
[2026-09-05T10:53:32.301-0400][375.956s][info][gc,heap     ] GC(29) Eden regions: 76->0(78)
[2026-09-05T10:53:32.301-0400][375.957s][info][gc,heap     ] GC(29) Survivor regions: 23->5(13)
[2026-09-05T10:53:32.301-0400][375.957s][info][gc,heap     ] GC(29) Old regions: 285->312
[2026-09-05T10:53:32.302-0400][375.957s][info][gc,heap     ] GC(29) Archive regions: 0->0
[2026-09-05T10:53:32.302-0400][375.957s][info][gc,heap     ] GC(29) Humongous regions: 15->15
[2026-09-05T10:53:32.302-0400][375.957s][info][gc,metaspace] GC(29) Metaspace: 124332K(126208K)->124332K(126208K) NonClass: 105974K(107008K)->105974K(107008K) Class: 18357K(19200K)->18357K(19200K)
[2026-09-05T10:53:32.302-0400][375.957s][info][gc          ] GC(29) Pause Young (Concurrent Start) (G1 Evacuation Pause) 797M->663M(1024M) 10.087ms
[2026-09-05T10:53:32.302-0400][375.957s][info][gc,cpu      ] GC(29) User=0.41s Sys=0.02s Real=0.01s
[2026-09-05T10:53:32.302-0400][375.957s][info][gc          ] GC(30) Concurrent Mark Cycle
[2026-09-05T10:53:32.302-0400][375.957s][info][gc,marking  ] GC(30) Concurrent Clear Claimed Marks
[2026-09-05T10:53:32.302-0400][375.957s][info][gc,marking  ] GC(30) Concurrent Clear Claimed Marks 0.139ms
[2026-09-05T10:53:32.302-0400][375.957s][info][gc,marking  ] GC(30) Concurrent Scan Root Regions
[2026-09-05T10:53:32.309-0400][375.964s][info][gc,marking  ] GC(30) Concurrent Scan Root Regions 6.910ms
[2026-09-05T10:53:32.309-0400][375.964s][info][gc,marking  ] GC(30) Concurrent Mark
[2026-09-05T10:53:32.309-0400][375.964s][info][gc,marking  ] GC(30) Concurrent Mark From Roots
[2026-09-05T10:53:32.309-0400][375.964s][info][gc,task     ] GC(30) Using 6 workers of 6 for marking
[2026-09-05T10:53:32.322-0400][375.977s][info][gc,start    ] GC(31) Pause Young (Normal) (G1 Evacuation Pause)
[2026-09-05T10:53:32.322-0400][375.977s][info][gc,task     ] GC(31) Using 23 workers of 23 for evacuation
[2026-09-05T10:53:32.324-0400][375.979s][info][gc,phases   ] GC(31)   Pre Evacuate Collection Set: 0.15ms
[2026-09-05T10:53:32.324-0400][375.979s][info][gc,phases   ] GC(31)   Merge Heap Roots: 0.07ms
[2026-09-05T10:53:32.324-0400][375.979s][info][gc,phases   ] GC(31)   Evacuate Collection Set: 1.22ms
[2026-09-05T10:53:32.324-0400][375.979s][info][gc,phases   ] GC(31)   Post Evacuate Collection Set: 0.32ms
[2026-09-05T10:53:32.324-0400][375.979s][info][gc,phases   ] GC(31)   Other: 0.22ms
[2026-09-05T10:53:32.324-0400][375.979s][info][gc,heap     ] GC(31) Eden regions: 78->0(85)
[2026-09-05T10:53:32.324-0400][375.979s][info][gc,heap     ] GC(31) Survivor regions: 5->3(11)
[2026-09-05T10:53:32.324-0400][375.979s][info][gc,heap     ] GC(31) Old regions: 312->312
[2026-09-05T10:53:32.324-0400][375.979s][info][gc,heap     ] GC(31) Archive regions: 0->0
[2026-09-05T10:53:32.324-0400][375.979s][info][gc,heap     ] GC(31) Humongous regions: 15->15
[2026-09-05T10:53:32.324-0400][375.979s][info][gc,metaspace] GC(31) Metaspace: 124333K(126208K)->124333K(126208K) NonClass: 105975K(107008K)->105975K(107008K) Class: 18357K(19200K)->18357K(19200K)
[2026-09-05T10:53:32.324-0400][375.979s][info][gc          ] GC(31) Pause Young (Normal) (G1 Evacuation Pause) 819M->658M(1024M) 2.205ms
[2026-09-05T10:53:32.324-0400][375.979s][info][gc,cpu      ] GC(31) User=0.00s Sys=0.00s Real=0.00s
[2026-09-05T10:53:32.346-0400][376.001s][info][gc,start    ] GC(32) Pause Young (Normal) (G1 Evacuation Pause)
[2026-09-05T10:53:32.346-0400][376.001s][info][gc,task     ] GC(32) Using 23 workers of 23 for evacuation
[2026-09-05T10:53:32.350-0400][376.005s][info][gc,phases   ] GC(32)   Pre Evacuate Collection Set: 0.12ms
[2026-09-05T10:53:32.350-0400][376.005s][info][gc,phases   ] GC(32)   Merge Heap Roots: 0.09ms
[2026-09-05T10:53:32.350-0400][376.005s][info][gc,phases   ] GC(32)   Evacuate Collection Set: 1.11ms
[2026-09-05T10:53:32.350-0400][376.005s][info][gc,phases   ] GC(32)   Post Evacuate Collection Set: 2.24ms
[2026-09-05T10:53:32.350-0400][376.005s][info][gc,phases   ] GC(32)   Other: 0.22ms
[2026-09-05T10:53:32.350-0400][376.005s][info][gc,heap     ] GC(32) Eden regions: 85->0(289)
[2026-09-05T10:53:32.350-0400][376.005s][info][gc,heap     ] GC(32) Survivor regions: 3->3(11)
[2026-09-05T10:53:32.350-0400][376.005s][info][gc,heap     ] GC(32) Old regions: 312->312
[2026-09-05T10:53:32.350-0400][376.005s][info][gc,heap     ] GC(32) Archive regions: 0->0
[2026-09-05T10:53:32.350-0400][376.005s][info][gc,heap     ] GC(32) Humongous regions: 15->15
[2026-09-05T10:53:32.350-0400][376.005s][info][gc,metaspace] GC(32) Metaspace: 124333K(126208K)->124333K(126208K) NonClass: 105975K(107008K)->105975K(107008K) Class: 18357K(19200K)->18357K(19200K)
[2026-09-05T10:53:32.350-0400][376.005s][info][gc          ] GC(32) Pause Young (Normal) (G1 Evacuation Pause) 828M->658M(1640M) 4.068ms
[2026-09-05T10:53:32.350-0400][376.005s][info][gc,cpu      ] GC(32) User=0.00s Sys=0.00s Real=0.00s
[2026-09-05T10:53:32.489-0400][376.145s][info][gc,start    ] GC(33) Pause Young (Normal) (G1 Evacuation Pause)
[2026-09-05T10:53:32.489-0400][376.145s][info][gc,task     ] GC(33) Using 23 workers of 23 for evacuation
[2026-09-05T10:53:32.493-0400][376.149s][info][gc,phases   ] GC(33)   Pre Evacuate Collection Set: 0.12ms
[2026-09-05T10:53:32.493-0400][376.149s][info][gc,phases   ] GC(33)   Merge Heap Roots: 0.14ms
[2026-09-05T10:53:32.493-0400][376.149s][info][gc,phases   ] GC(33)   Evacuate Collection Set: 3.11ms
[2026-09-05T10:53:32.493-0400][376.149s][info][gc,phases   ] GC(33)   Post Evacuate Collection Set: 0.50ms
[2026-09-05T10:53:32.493-0400][376.149s][info][gc,phases   ] GC(33)   Other: 0.17ms
[2026-09-05T10:53:32.493-0400][376.149s][info][gc,heap     ] GC(33) Eden regions: 289->0(307)
[2026-09-05T10:53:32.493-0400][376.149s][info][gc,heap     ] GC(33) Survivor regions: 3->4(37)
[2026-09-05T10:53:32.493-0400][376.149s][info][gc,heap     ] GC(33) Old regions: 312->312
[2026-09-05T10:53:32.493-0400][376.149s][info][gc,heap     ] GC(33) Archive regions: 0->0
[2026-09-05T10:53:32.493-0400][376.149s][info][gc,heap     ] GC(33) Humongous regions: 15->15
[2026-09-05T10:53:32.493-0400][376.149s][info][gc,metaspace] GC(33) Metaspace: 124368K(126208K)->124368K(126208K) NonClass: 106005K(107008K)->106005K(107008K) Class: 18363K(19200K)->18363K(19200K)
[2026-09-05T10:53:32.493-0400][376.149s][info][gc          ] GC(33) Pause Young (Normal) (G1 Evacuation Pause) 1236M->661M(1640M) 4.188ms
[2026-09-05T10:53:32.493-0400][376.149s][info][gc,cpu      ] GC(33) User=0.00s Sys=0.00s Real=0.00s
[2026-09-05T10:53:32.503-0400][376.159s][info][gc,marking  ] GC(30) Concurrent Mark From Roots 194.751ms
[2026-09-05T10:53:32.503-0400][376.159s][info][gc,marking  ] GC(30) Concurrent Preclean
[2026-09-05T10:53:32.504-0400][376.159s][info][gc,marking  ] GC(30) Concurrent Preclean 0.391ms
[2026-09-05T10:53:32.504-0400][376.159s][info][gc,start    ] GC(30) Pause Remark
[2026-09-05T10:53:32.522-0400][376.178s][info][gc          ] GC(30) Pause Remark 699M->691M(1640M) 18.638ms
[2026-09-05T10:53:32.522-0400][376.178s][info][gc,cpu      ] GC(30) User=0.05s Sys=0.02s Real=0.02s
[2026-09-05T10:53:32.523-0400][376.178s][info][gc,marking  ] GC(30) Concurrent Mark 214.113ms
[2026-09-05T10:53:32.523-0400][376.178s][info][gc,marking  ] GC(30) Concurrent Rebuild Remembered Sets
[2026-09-05T10:53:32.658-0400][376.314s][info][gc,marking  ] GC(30) Concurrent Rebuild Remembered Sets 135.571ms
[2026-09-05T10:53:32.669-0400][376.323s][info][gc,start    ] GC(30) Pause Cleanup
[2026-09-05T10:53:32.669-0400][376.323s][info][gc          ] GC(30) Pause Cleanup 817M->817M(1640M) 0.233ms
[2026-09-05T10:53:32.669-0400][376.324s][info][gc,cpu      ] GC(30) User=0.02s Sys=0.00s Real=0.00s
[2026-09-05T10:53:32.669-0400][376.324s][info][gc,marking  ] GC(30) Concurrent Cleanup for Next Mark
[2026-09-05T10:53:32.670-0400][376.325s][info][gc,marking  ] GC(30) Concurrent Cleanup for Next Mark 1.498ms
[2026-09-05T10:53:32.670-0400][376.325s][info][gc          ] GC(30) Concurrent Mark Cycle 368.519ms
[2026-09-05T10:53:33.730-0400][377.385s][info][gc,start    ] GC(34) Pause Young (Prepare Mixed) (G1 Evacuation Pause)
[2026-09-05T10:53:33.730-0400][377.385s][info][gc,task     ] GC(34) Using 23 workers of 23 for evacuation
[2026-09-05T10:53:33.733-0400][377.389s][info][gc,phases   ] GC(34)   Pre Evacuate Collection Set: 0.15ms
[2026-09-05T10:53:33.733-0400][377.389s][info][gc,phases   ] GC(34)   Merge Heap Roots: 0.17ms
[2026-09-05T10:53:33.733-0400][377.389s][info][gc,phases   ] GC(34)   Evacuate Collection Set: 2.73ms
[2026-09-05T10:53:33.733-0400][377.389s][info][gc,phases   ] GC(34)   Post Evacuate Collection Set: 0.55ms
[2026-09-05T10:53:33.733-0400][377.389s][info][gc,phases   ] GC(34)   Other: 0.23ms
[2026-09-05T10:53:33.733-0400][377.389s][info][gc,heap     ] GC(34) Eden regions: 307->0(35)
[2026-09-05T10:53:33.733-0400][377.389s][info][gc,heap     ] GC(34) Survivor regions: 4->6(39)
[2026-09-05T10:53:33.733-0400][377.389s][info][gc,heap     ] GC(34) Old regions: 308->308
[2026-09-05T10:53:33.733-0400][377.389s][info][gc,heap     ] GC(34) Archive regions: 0->0
[2026-09-05T10:53:33.733-0400][377.389s][info][gc,heap     ] GC(34) Humongous regions: 15->15
[2026-09-05T10:53:33.733-0400][377.389s][info][gc,metaspace] GC(34) Metaspace: 124890K(126656K)->124890K(126656K) NonClass: 106480K(107456K)->106480K(107456K) Class: 18409K(19200K)->18409K(19200K)
[2026-09-05T10:53:33.733-0400][377.389s][info][gc          ] GC(34) Pause Young (Prepare Mixed) (G1 Evacuation Pause) 1267M->657M(1640M) 4.095ms
[2026-09-05T10:53:33.733-0400][377.389s][info][gc,cpu      ] GC(34) User=0.34s Sys=0.00s Real=0.00s
[2026-09-05T10:53:33.759-0400][377.414s][info][gc,start    ] GC(35) Pause Young (Mixed) (G1 Evacuation Pause)
[2026-09-05T10:53:33.759-0400][377.414s][info][gc,task     ] GC(35) Using 23 workers of 23 for evacuation
[2026-09-05T10:53:33.764-0400][377.419s][info][gc,phases   ] GC(35)   Pre Evacuate Collection Set: 0.11ms
[2026-09-05T10:53:33.764-0400][377.419s][info][gc,phases   ] GC(35)   Merge Heap Roots: 0.14ms
[2026-09-05T10:53:33.764-0400][377.419s][info][gc,phases   ] GC(35)   Evacuate Collection Set: 4.17ms
[2026-09-05T10:53:33.764-0400][377.419s][info][gc,phases   ] GC(35)   Post Evacuate Collection Set: 0.49ms
[2026-09-05T10:53:33.764-0400][377.419s][info][gc,phases   ] GC(35)   Other: 0.16ms
[2026-09-05T10:53:33.764-0400][377.419s][info][gc,heap     ] GC(35) Eden regions: 35->0(337)
[2026-09-05T10:53:33.764-0400][377.419s][info][gc,heap     ] GC(35) Survivor regions: 6->4(6)
[2026-09-05T10:53:33.764-0400][377.419s][info][gc,heap     ] GC(35) Old regions: 308->308
[2026-09-05T10:53:33.764-0400][377.419s][info][gc,heap     ] GC(35) Archive regions: 0->0
[2026-09-05T10:53:33.764-0400][377.419s][info][gc,heap     ] GC(35) Humongous regions: 15->15
[2026-09-05T10:53:33.764-0400][377.419s][info][gc,metaspace] GC(35) Metaspace: 124905K(126656K)->124905K(126656K) NonClass: 106495K(107456K)->106495K(107456K) Class: 18410K(19200K)->18410K(19200K)
[2026-09-05T10:53:33.764-0400][377.419s][info][gc          ] GC(35) Pause Young (Mixed) (G1 Evacuation Pause) 727M->650M(1640M) 5.326ms
[2026-09-05T10:53:33.764-0400][377.419s][info][gc,cpu      ] GC(35) User=0.30s Sys=0.02s Real=0.00s
[2026-09-05T10:53:33.847-0400][377.503s][info][gc,start    ] GC(36) Pause Young (Normal) (G1 Evacuation Pause)
[2026-09-05T10:53:33.847-0400][377.503s][info][gc,task     ] GC(36) Using 23 workers of 23 for evacuation
[2026-09-05T10:53:33.851-0400][377.506s][info][gc,phases   ] GC(36)   Pre Evacuate Collection Set: 0.14ms
[2026-09-05T10:53:33.851-0400][377.506s][info][gc,phases   ] GC(36)   Merge Heap Roots: 0.13ms
[2026-09-05T10:53:33.851-0400][377.506s][info][gc,phases   ] GC(36)   Evacuate Collection Set: 2.11ms
[2026-09-05T10:53:33.851-0400][377.506s][info][gc,phases   ] GC(36)   Post Evacuate Collection Set: 0.66ms
[2026-09-05T10:53:33.851-0400][377.506s][info][gc,phases   ] GC(36)   Other: 0.25ms
[2026-09-05T10:53:33.851-0400][377.506s][info][gc,heap     ] GC(36) Eden regions: 337->0(347)
[2026-09-05T10:53:33.851-0400][377.506s][info][gc,heap     ] GC(36) Survivor regions: 4->6(43)
[2026-09-05T10:53:33.851-0400][377.506s][info][gc,heap     ] GC(36) Old regions: 308->308
[2026-09-05T10:53:33.851-0400][377.506s][info][gc,heap     ] GC(36) Archive regions: 0->0
[2026-09-05T10:53:33.851-0400][377.506s][info][gc,heap     ] GC(36) Humongous regions: 15->15
[2026-09-05T10:53:33.851-0400][377.506s][info][gc,metaspace] GC(36) Metaspace: 124911K(126656K)->124911K(126656K) NonClass: 106501K(107456K)->106501K(107456K) Class: 18410K(19200K)->18410K(19200K)
[2026-09-05T10:53:33.851-0400][377.506s][info][gc          ] GC(36) Pause Young (Normal) (G1 Evacuation Pause) 1324M->654M(1640M) 3.394ms
[2026-09-05T10:53:33.851-0400][377.506s][info][gc,cpu      ] GC(36) User=0.00s Sys=0.00s Real=0.00s
[2026-09-05T10:53:34.119-0400][377.774s][info][gc,start    ] GC(37) Pause Young (Normal) (G1 Evacuation Pause)
[2026-09-05T10:53:34.120-0400][377.774s][info][gc,task     ] GC(37) Using 23 workers of 23 for evacuation
[2026-09-05T10:53:34.122-0400][377.777s][info][gc,phases   ] GC(37)   Pre Evacuate Collection Set: 0.16ms
[2026-09-05T10:53:34.122-0400][377.777s][info][gc,phases   ] GC(37)   Merge Heap Roots: 0.12ms
[2026-09-05T10:53:34.122-0400][377.777s][info][gc,phases   ] GC(37)   Evacuate Collection Set: 1.72ms
[2026-09-05T10:53:34.122-0400][377.777s][info][gc,phases   ] GC(37)   Post Evacuate Collection Set: 0.55ms
[2026-09-05T10:53:34.122-0400][377.777s][info][gc,phases   ] GC(37)   Other: 0.20ms
[2026-09-05T10:53:34.122-0400][377.777s][info][gc,heap     ] GC(37) Eden regions: 347->0(358)
[2026-09-05T10:53:34.122-0400][377.777s][info][gc,heap     ] GC(37) Survivor regions: 6->7(45)
[2026-09-05T10:53:34.122-0400][377.777s][info][gc,heap     ] GC(37) Old regions: 308->308
[2026-09-05T10:53:34.122-0400][377.777s][info][gc,heap     ] GC(37) Archive regions: 0->0
[2026-09-05T10:53:34.122-0400][377.777s][info][gc,heap     ] GC(37) Humongous regions: 15->15
[2026-09-05T10:53:34.122-0400][377.777s][info][gc,metaspace] GC(37) Metaspace: 124927K(126656K)->124927K(126656K) NonClass: 106515K(107456K)->106515K(107456K) Class: 18411K(19200K)->18411K(19200K)
[2026-09-05T10:53:34.122-0400][377.777s][info][gc          ] GC(37) Pause Young (Normal) (G1 Evacuation Pause) 1348M->658M(1640M) 2.947ms
[2026-09-05T10:53:34.122-0400][377.777s][info][gc,cpu      ] GC(37) User=0.03s Sys=0.02s Real=0.00s
[2026-09-05T10:53:34.570-0400][378.226s][info][gc,start    ] GC(38) Pause Young (Normal) (G1 Evacuation Pause)
[2026-09-05T10:53:34.570-0400][378.226s][info][gc,task     ] GC(38) Using 23 workers of 23 for evacuation
[2026-09-05T10:53:34.574-0400][378.229s][info][gc,phases   ] GC(38)   Pre Evacuate Collection Set: 0.12ms
[2026-09-05T10:53:34.574-0400][378.229s][info][gc,phases   ] GC(38)   Merge Heap Roots: 0.20ms
[2026-09-05T10:53:34.574-0400][378.229s][info][gc,phases   ] GC(38)   Evacuate Collection Set: 2.46ms
[2026-09-05T10:53:34.574-0400][378.229s][info][gc,phases   ] GC(38)   Post Evacuate Collection Set: 0.70ms
[2026-09-05T10:53:34.574-0400][378.229s][info][gc,phases   ] GC(38)   Other: 0.18ms
[2026-09-05T10:53:34.574-0400][378.229s][info][gc,heap     ] GC(38) Eden regions: 358->0(362)
[2026-09-05T10:53:34.574-0400][378.229s][info][gc,heap     ] GC(38) Survivor regions: 7->10(46)
[2026-09-05T10:53:34.574-0400][378.229s][info][gc,heap     ] GC(38) Old regions: 308->308
[2026-09-05T10:53:34.574-0400][378.229s][info][gc,heap     ] GC(38) Archive regions: 0->0
[2026-09-05T10:53:34.574-0400][378.229s][info][gc,heap     ] GC(38) Humongous regions: 15->15
[2026-09-05T10:53:34.574-0400][378.229s][info][gc,metaspace] GC(38) Metaspace: 125241K(127104K)->125241K(127104K) NonClass: 106791K(107840K)->106791K(107840K) Class: 18450K(19264K)->18450K(19264K)
[2026-09-05T10:53:34.574-0400][378.229s][info][gc          ] GC(38) Pause Young (Normal) (G1 Evacuation Pause) 1374M->664M(1640M) 3.801ms
[2026-09-05T10:53:34.574-0400][378.230s][info][gc,cpu      ] GC(38) User=0.00s Sys=0.00s Real=0.00s
[2026-09-05T10:53:35.002-0400][378.657s][info][gc,start    ] GC(39) Pause Young (Normal) (G1 Evacuation Pause)
[2026-09-05T10:53:35.002-0400][378.657s][info][gc,task     ] GC(39) Using 23 workers of 23 for evacuation
[2026-09-05T10:53:35.007-0400][378.662s][info][gc,phases   ] GC(39)   Pre Evacuate Collection Set: 0.34ms
[2026-09-05T10:53:35.007-0400][378.662s][info][gc,phases   ] GC(39)   Merge Heap Roots: 0.19ms
[2026-09-05T10:53:35.007-0400][378.662s][info][gc,phases   ] GC(39)   Evacuate Collection Set: 3.69ms
[2026-09-05T10:53:35.007-0400][378.662s][info][gc,phases   ] GC(39)   Post Evacuate Collection Set: 0.60ms
[2026-09-05T10:53:35.007-0400][378.662s][info][gc,phases   ] GC(39)   Other: 0.28ms
[2026-09-05T10:53:35.007-0400][378.662s][info][gc,heap     ] GC(39) Eden regions: 362->0(367)
[2026-09-05T10:53:35.007-0400][378.662s][info][gc,heap     ] GC(39) Survivor regions: 10->13(47)
[2026-09-05T10:53:35.007-0400][378.662s][info][gc,heap     ] GC(39) Old regions: 308->308
[2026-09-05T10:53:35.007-0400][378.662s][info][gc,heap     ] GC(39) Archive regions: 0->0
[2026-09-05T10:53:35.007-0400][378.662s][info][gc,heap     ] GC(39) Humongous regions: 15->15
[2026-09-05T10:53:35.007-0400][378.662s][info][gc,metaspace] GC(39) Metaspace: 125361K(127168K)->125361K(127168K) NonClass: 106900K(107904K)->106900K(107904K) Class: 18460K(19264K)->18460K(19264K)
[2026-09-05T10:53:35.007-0400][378.662s][info][gc          ] GC(39) Pause Young (Normal) (G1 Evacuation Pause) 1388M->670M(1640M) 5.244ms
[2026-09-05T10:53:35.007-0400][378.662s][info][gc,cpu      ] GC(39) User=0.00s Sys=0.00s Real=0.00s
[2026-09-05T10:53:35.164-0400][378.819s][info][gc,start    ] GC(40) Pause Young (Normal) (G1 Evacuation Pause)
[2026-09-05T10:53:35.164-0400][378.819s][info][gc,task     ] GC(40) Using 23 workers of 23 for evacuation
[2026-09-05T10:53:35.168-0400][378.823s][info][gc,phases   ] GC(40)   Pre Evacuate Collection Set: 0.12ms
[2026-09-05T10:53:35.168-0400][378.823s][info][gc,phases   ] GC(40)   Merge Heap Roots: 0.16ms
[2026-09-05T10:53:35.168-0400][378.823s][info][gc,phases   ] GC(40)   Evacuate Collection Set: 2.96ms
[2026-09-05T10:53:35.168-0400][378.823s][info][gc,phases   ] GC(40)   Post Evacuate Collection Set: 0.58ms
[2026-09-05T10:53:35.168-0400][378.823s][info][gc,phases   ] GC(40)   Other: 0.28ms
[2026-09-05T10:53:35.168-0400][378.823s][info][gc,heap     ] GC(40) Eden regions: 367->0(371)
[2026-09-05T10:53:35.168-0400][378.823s][info][gc,heap     ] GC(40) Survivor regions: 13->15(48)
[2026-09-05T10:53:35.169-0400][378.823s][info][gc,heap     ] GC(40) Old regions: 308->308
[2026-09-05T10:53:35.169-0400][378.823s][info][gc,heap     ] GC(40) Archive regions: 0->0
[2026-09-05T10:53:35.169-0400][378.823s][info][gc,heap     ] GC(40) Humongous regions: 15->15
[2026-09-05T10:53:35.169-0400][378.823s][info][gc,metaspace] GC(40) Metaspace: 125365K(127168K)->125365K(127168K) NonClass: 106904K(107904K)->106904K(107904K) Class: 18460K(19264K)->18460K(19264K)
[2026-09-05T10:53:35.169-0400][378.823s][info][gc          ] GC(40) Pause Young (Normal) (G1 Evacuation Pause) 1404M->674M(1640M) 4.252ms
[2026-09-05T10:53:35.169-0400][378.823s][info][gc,cpu      ] GC(40) User=0.00s Sys=0.00s Real=0.00s
[2026-09-05T10:53:35.914-0400][379.570s][info][gc,start    ] GC(41) Pause Young (Normal) (G1 Evacuation Pause)
[2026-09-05T10:53:35.914-0400][379.570s][info][gc,task     ] GC(41) Using 23 workers of 23 for evacuation
[2026-09-05T10:53:35.919-0400][379.575s][info][gc,phases   ] GC(41)   Pre Evacuate Collection Set: 0.18ms
[2026-09-05T10:53:35.920-0400][379.575s][info][gc,phases   ] GC(41)   Merge Heap Roots: 0.19ms
[2026-09-05T10:53:35.920-0400][379.575s][info][gc,phases   ] GC(41)   Evacuate Collection Set: 4.06ms
[2026-09-05T10:53:35.920-0400][379.575s][info][gc,phases   ] GC(41)   Post Evacuate Collection Set: 0.71ms
[2026-09-05T10:53:35.920-0400][379.575s][info][gc,phases   ] GC(41)   Other: 0.25ms
[2026-09-05T10:53:35.920-0400][379.575s][info][gc,heap     ] GC(41) Eden regions: 371->0(370)
[2026-09-05T10:53:35.920-0400][379.575s][info][gc,heap     ] GC(41) Survivor regions: 15->19(49)
[2026-09-05T10:53:35.920-0400][379.575s][info][gc,heap     ] GC(41) Old regions: 308->308
[2026-09-05T10:53:35.920-0400][379.575s][info][gc,heap     ] GC(41) Archive regions: 0->0
[2026-09-05T10:53:35.920-0400][379.575s][info][gc,heap     ] GC(41) Humongous regions: 15->15
[2026-09-05T10:53:35.920-0400][379.575s][info][gc,metaspace] GC(41) Metaspace: 125517K(127296K)->125517K(127296K) NonClass: 107041K(108032K)->107041K(108032K) Class: 18475K(19264K)->18475K(19264K)
[2026-09-05T10:53:35.920-0400][379.575s][info][gc          ] GC(41) Pause Young (Normal) (G1 Evacuation Pause) 1416M->681M(1640M) 5.523ms
[2026-09-05T10:53:35.920-0400][379.575s][info][gc,cpu      ] GC(41) User=0.31s Sys=0.06s Real=0.01s
[2026-09-05T10:53:36.004-0400][379.660s][info][gc,start    ] GC(42) Pause Young (Normal) (G1 Evacuation Pause)
[2026-09-05T10:53:36.005-0400][379.660s][info][gc,task     ] GC(42) Using 23 workers of 23 for evacuation
[2026-09-05T10:53:36.009-0400][379.665s][info][gc,phases   ] GC(42)   Pre Evacuate Collection Set: 0.17ms
[2026-09-05T10:53:36.009-0400][379.665s][info][gc,phases   ] GC(42)   Merge Heap Roots: 0.16ms
[2026-09-05T10:53:36.009-0400][379.665s][info][gc,phases   ] GC(42)   Evacuate Collection Set: 3.81ms
[2026-09-05T10:53:36.009-0400][379.665s][info][gc,phases   ] GC(42)   Post Evacuate Collection Set: 0.56ms
[2026-09-05T10:53:36.010-0400][379.665s][info][gc,phases   ] GC(42)   Other: 0.26ms
[2026-09-05T10:53:36.010-0400][379.665s][info][gc,heap     ] GC(42) Eden regions: 370->0(372)
[2026-09-05T10:53:36.010-0400][379.665s][info][gc,heap     ] GC(42) Survivor regions: 19->21(49)
[2026-09-05T10:53:36.010-0400][379.665s][info][gc,heap     ] GC(42) Old regions: 308->308
[2026-09-05T10:53:36.010-0400][379.665s][info][gc,heap     ] GC(42) Archive regions: 0->0
[2026-09-05T10:53:36.010-0400][379.665s][info][gc,heap     ] GC(42) Humongous regions: 15->15
[2026-09-05T10:53:36.010-0400][379.665s][info][gc,metaspace] GC(42) Metaspace: 125522K(127296K)->125522K(127296K) NonClass: 107045K(108032K)->107045K(108032K) Class: 18476K(19264K)->18476K(19264K)
[2026-09-05T10:53:36.010-0400][379.665s][info][gc          ] GC(42) Pause Young (Normal) (G1 Evacuation Pause) 1421M->685M(1640M) 5.107ms
[2026-09-05T10:53:36.010-0400][379.665s][info][gc,cpu      ] GC(42) User=0.00s Sys=0.00s Real=0.01s
[2026-09-05T10:53:36.768-0400][380.424s][info][gc,start    ] GC(43) Pause Young (Normal) (G1 Evacuation Pause)
[2026-09-05T10:53:36.769-0400][380.424s][info][gc,task     ] GC(43) Using 23 workers of 23 for evacuation
[2026-09-05T10:53:36.773-0400][380.428s][info][gc,phases   ] GC(43)   Pre Evacuate Collection Set: 0.11ms
[2026-09-05T10:53:36.773-0400][380.428s][info][gc,phases   ] GC(43)   Merge Heap Roots: 0.14ms
[2026-09-05T10:53:36.773-0400][380.428s][info][gc,phases   ] GC(43)   Evacuate Collection Set: 3.46ms
[2026-09-05T10:53:36.773-0400][380.428s][info][gc,phases   ] GC(43)   Post Evacuate Collection Set: 0.60ms
[2026-09-05T10:53:36.773-0400][380.428s][info][gc,phases   ] GC(43)   Other: 0.15ms
[2026-09-05T10:53:36.773-0400][380.428s][info][gc,heap     ] GC(43) Eden regions: 372->0(373)
[2026-09-05T10:53:36.773-0400][380.428s][info][gc,heap     ] GC(43) Survivor regions: 21->21(50)
[2026-09-05T10:53:36.773-0400][380.428s][info][gc,heap     ] GC(43) Old regions: 308->308
[2026-09-05T10:53:36.773-0400][380.428s][info][gc,heap     ] GC(43) Archive regions: 0->0
[2026-09-05T10:53:36.773-0400][380.428s][info][gc,heap     ] GC(43) Humongous regions: 15->15
[2026-09-05T10:53:36.773-0400][380.428s][info][gc,metaspace] GC(43) Metaspace: 125628K(127424K)->125628K(127424K) NonClass: 107143K(108160K)->107143K(108160K) Class: 18485K(19264K)->18485K(19264K)
[2026-09-05T10:53:36.773-0400][380.428s][info][gc          ] GC(43) Pause Young (Normal) (G1 Evacuation Pause) 1429M->686M(1640M) 4.620ms
[2026-09-05T10:53:36.773-0400][380.428s][info][gc,cpu      ] GC(43) User=0.00s Sys=0.00s Real=0.01s
[2026-09-05T10:53:37.593-0400][381.248s][info][gc,start    ] GC(44) Pause Young (Normal) (G1 Evacuation Pause)
[2026-09-05T10:53:37.593-0400][381.248s][info][gc,task     ] GC(44) Using 23 workers of 23 for evacuation
[2026-09-05T10:53:37.597-0400][381.252s][info][gc,phases   ] GC(44)   Pre Evacuate Collection Set: 0.24ms
[2026-09-05T10:53:37.597-0400][381.252s][info][gc,phases   ] GC(44)   Merge Heap Roots: 0.17ms
[2026-09-05T10:53:37.597-0400][381.252s][info][gc,phases   ] GC(44)   Evacuate Collection Set: 3.22ms
[2026-09-05T10:53:37.597-0400][381.252s][info][gc,phases   ] GC(44)   Post Evacuate Collection Set: 0.58ms
[2026-09-05T10:53:37.597-0400][381.252s][info][gc,phases   ] GC(44)   Other: 0.16ms
[2026-09-05T10:53:37.597-0400][381.252s][info][gc,heap     ] GC(44) Eden regions: 373->0(371)
[2026-09-05T10:53:37.597-0400][381.252s][info][gc,heap     ] GC(44) Survivor regions: 21->22(50)
[2026-09-05T10:53:37.597-0400][381.252s][info][gc,heap     ] GC(44) Old regions: 308->308
[2026-09-05T10:53:37.597-0400][381.252s][info][gc,heap     ] GC(44) Archive regions: 0->0
[2026-09-05T10:53:37.597-0400][381.252s][info][gc,heap     ] GC(44) Humongous regions: 15->15
[2026-09-05T10:53:37.597-0400][381.252s][info][gc,metaspace] GC(44) Metaspace: 125629K(127424K)->125629K(127424K) NonClass: 107143K(108160K)->107143K(108160K) Class: 18485K(19264K)->18485K(19264K)
[2026-09-05T10:53:37.597-0400][381.252s][info][gc          ] GC(44) Pause Young (Normal) (G1 Evacuation Pause) 1432M->688M(1640M) 4.515ms
[2026-09-05T10:53:37.597-0400][381.252s][info][gc,cpu      ] GC(44) User=0.00s Sys=0.00s Real=0.00s
[2026-09-05T10:53:38.386-0400][382.040s][info][gc,start    ] GC(45) Pause Young (Normal) (G1 Evacuation Pause)
[2026-09-05T10:53:38.386-0400][382.041s][info][gc,task     ] GC(45) Using 23 workers of 23 for evacuation
[2026-09-05T10:53:38.390-0400][382.045s][info][gc,phases   ] GC(45)   Pre Evacuate Collection Set: 0.14ms
[2026-09-05T10:53:38.390-0400][382.045s][info][gc,phases   ] GC(45)   Merge Heap Roots: 0.15ms
[2026-09-05T10:53:38.390-0400][382.045s][info][gc,phases   ] GC(45)   Evacuate Collection Set: 3.16ms
[2026-09-05T10:53:38.390-0400][382.045s][info][gc,phases   ] GC(45)   Post Evacuate Collection Set: 0.65ms
[2026-09-05T10:53:38.390-0400][382.045s][info][gc,phases   ] GC(45)   Other: 0.14ms
[2026-09-05T10:53:38.390-0400][382.045s][info][gc,heap     ] GC(45) Eden regions: 371->0(371)
[2026-09-05T10:53:38.390-0400][382.045s][info][gc,heap     ] GC(45) Survivor regions: 22->22(50)
[2026-09-05T10:53:38.390-0400][382.045s][info][gc,heap     ] GC(45) Old regions: 308->308
[2026-09-05T10:53:38.390-0400][382.045s][info][gc,heap     ] GC(45) Archive regions: 0->0
[2026-09-05T10:53:38.390-0400][382.045s][info][gc,heap     ] GC(45) Humongous regions: 15->15
[2026-09-05T10:53:38.390-0400][382.045s][info][gc,metaspace] GC(45) Metaspace: 125639K(127424K)->125639K(127424K) NonClass: 107151K(108160K)->107151K(108160K) Class: 18487K(19264K)->18487K(19264K)
[2026-09-05T10:53:38.390-0400][382.045s][info][gc          ] GC(45) Pause Young (Normal) (G1 Evacuation Pause) 1430M->688M(1640M) 4.391ms
[2026-09-05T10:53:38.390-0400][382.045s][info][gc,cpu      ] GC(45) User=0.34s Sys=0.02s Real=0.00s
[2026-09-05T10:53:39.159-0400][382.814s][info][gc,start    ] GC(46) Pause Young (Normal) (G1 Evacuation Pause)
[2026-09-05T10:53:39.159-0400][382.814s][info][gc,task     ] GC(46) Using 23 workers of 23 for evacuation
[2026-09-05T10:53:39.164-0400][382.819s][info][gc,phases   ] GC(46)   Pre Evacuate Collection Set: 0.18ms
[2026-09-05T10:53:39.164-0400][382.819s][info][gc,phases   ] GC(46)   Merge Heap Roots: 0.16ms
[2026-09-05T10:53:39.164-0400][382.819s][info][gc,phases   ] GC(46)   Evacuate Collection Set: 3.38ms
[2026-09-05T10:53:39.164-0400][382.819s][info][gc,phases   ] GC(46)   Post Evacuate Collection Set: 0.69ms
[2026-09-05T10:53:39.164-0400][382.819s][info][gc,phases   ] GC(46)   Other: 0.13ms
[2026-09-05T10:53:39.164-0400][382.819s][info][gc,heap     ] GC(46) Eden regions: 371->0(371)
[2026-09-05T10:53:39.164-0400][382.819s][info][gc,heap     ] GC(46) Survivor regions: 22->22(50)
[2026-09-05T10:53:39.164-0400][382.819s][info][gc,heap     ] GC(46) Old regions: 308->308
[2026-09-05T10:53:39.164-0400][382.819s][info][gc,heap     ] GC(46) Archive regions: 0->0
[2026-09-05T10:53:39.164-0400][382.819s][info][gc,heap     ] GC(46) Humongous regions: 15->15
[2026-09-05T10:53:39.164-0400][382.819s][info][gc,metaspace] GC(46) Metaspace: 125648K(127424K)->125648K(127424K) NonClass: 107161K(108160K)->107161K(108160K) Class: 18487K(19264K)->18487K(19264K)
[2026-09-05T10:53:39.164-0400][382.819s][info][gc          ] GC(46) Pause Young (Normal) (G1 Evacuation Pause) 1430M->688M(1640M) 4.668ms
[2026-09-05T10:53:39.164-0400][382.819s][info][gc,cpu      ] GC(46) User=0.00s Sys=0.00s Real=0.01s
[2026-09-05T10:53:39.970-0400][383.625s][info][gc,start    ] GC(47) Pause Young (Normal) (G1 Evacuation Pause)
[2026-09-05T10:53:39.970-0400][383.625s][info][gc,task     ] GC(47) Using 23 workers of 23 for evacuation
[2026-09-05T10:53:39.973-0400][383.629s][info][gc,phases   ] GC(47)   Pre Evacuate Collection Set: 0.12ms
[2026-09-05T10:53:39.973-0400][383.629s][info][gc,phases   ] GC(47)   Merge Heap Roots: 0.19ms
[2026-09-05T10:53:39.973-0400][383.629s][info][gc,phases   ] GC(47)   Evacuate Collection Set: 2.98ms
[2026-09-05T10:53:39.973-0400][383.629s][info][gc,phases   ] GC(47)   Post Evacuate Collection Set: 0.70ms
[2026-09-05T10:53:39.973-0400][383.629s][info][gc,phases   ] GC(47)   Other: 0.14ms
[2026-09-05T10:53:39.973-0400][383.629s][info][gc,heap     ] GC(47) Eden regions: 371->0(371)
[2026-09-05T10:53:39.973-0400][383.629s][info][gc,heap     ] GC(47) Survivor regions: 22->22(50)
[2026-09-05T10:53:39.973-0400][383.629s][info][gc,heap     ] GC(47) Old regions: 308->308
[2026-09-05T10:53:39.973-0400][383.629s][info][gc,heap     ] GC(47) Archive regions: 0->0
[2026-09-05T10:53:39.973-0400][383.629s][info][gc,heap     ] GC(47) Humongous regions: 15->15
[2026-09-05T10:53:39.973-0400][383.629s][info][gc,metaspace] GC(47) Metaspace: 125648K(127424K)->125648K(127424K) NonClass: 107161K(108160K)->107161K(108160K) Class: 18487K(19264K)->18487K(19264K)
[2026-09-05T10:53:39.973-0400][383.629s][info][gc          ] GC(47) Pause Young (Normal) (G1 Evacuation Pause) 1430M->688M(1640M) 4.264ms
[2026-09-05T10:53:39.973-0400][383.629s][info][gc,cpu      ] GC(47) User=0.00s Sys=0.00s Real=0.00s
[2026-09-05T10:53:40.743-0400][384.398s][info][gc,start    ] GC(48) Pause Young (Normal) (G1 Evacuation Pause)
[2026-09-05T10:53:40.744-0400][384.398s][info][gc,task     ] GC(48) Using 23 workers of 23 for evacuation
[2026-09-05T10:53:40.748-0400][384.403s][info][gc,phases   ] GC(48)   Pre Evacuate Collection Set: 0.37ms
[2026-09-05T10:53:40.748-0400][384.403s][info][gc,phases   ] GC(48)   Merge Heap Roots: 0.20ms
[2026-09-05T10:53:40.748-0400][384.403s][info][gc,phases   ] GC(48)   Evacuate Collection Set: 3.19ms
[2026-09-05T10:53:40.748-0400][384.403s][info][gc,phases   ] GC(48)   Post Evacuate Collection Set: 0.63ms
[2026-09-05T10:53:40.748-0400][384.403s][info][gc,phases   ] GC(48)   Other: 0.18ms
[2026-09-05T10:53:40.748-0400][384.403s][info][gc,heap     ] GC(48) Eden regions: 371->0(371)
[2026-09-05T10:53:40.748-0400][384.403s][info][gc,heap     ] GC(48) Survivor regions: 22->22(50)
[2026-09-05T10:53:40.748-0400][384.403s][info][gc,heap     ] GC(48) Old regions: 308->308
[2026-09-05T10:53:40.748-0400][384.403s][info][gc,heap     ] GC(48) Archive regions: 0->0
[2026-09-05T10:53:40.748-0400][384.403s][info][gc,heap     ] GC(48) Humongous regions: 15->15
[2026-09-05T10:53:40.748-0400][384.403s][info][gc,metaspace] GC(48) Metaspace: 125648K(127424K)->125648K(127424K) NonClass: 107161K(108160K)->107161K(108160K) Class: 18487K(19264K)->18487K(19264K)
[2026-09-05T10:53:40.748-0400][384.403s][info][gc          ] GC(48) Pause Young (Normal) (G1 Evacuation Pause) 1430M->687M(1640M) 4.712ms
[2026-09-05T10:53:40.748-0400][384.403s][info][gc,cpu      ] GC(48) User=0.25s Sys=0.09s Real=0.00s
[2026-09-05T10:53:41.506-0400][385.161s][info][gc,start    ] GC(49) Pause Young (Normal) (G1 Evacuation Pause)
[2026-09-05T10:53:41.506-0400][385.161s][info][gc,task     ] GC(49) Using 23 workers of 23 for evacuation
[2026-09-05T10:53:41.510-0400][385.165s][info][gc,phases   ] GC(49)   Pre Evacuate Collection Set: 0.16ms
[2026-09-05T10:53:41.510-0400][385.165s][info][gc,phases   ] GC(49)   Merge Heap Roots: 0.19ms
[2026-09-05T10:53:41.510-0400][385.165s][info][gc,phases   ] GC(49)   Evacuate Collection Set: 2.95ms
[2026-09-05T10:53:41.510-0400][385.165s][info][gc,phases   ] GC(49)   Post Evacuate Collection Set: 0.55ms
[2026-09-05T10:53:41.510-0400][385.165s][info][gc,phases   ] GC(49)   Other: 0.14ms
[2026-09-05T10:53:41.510-0400][385.165s][info][gc,heap     ] GC(49) Eden regions: 371->0(373)
[2026-09-05T10:53:41.510-0400][385.165s][info][gc,heap     ] GC(49) Survivor regions: 22->20(50)
[2026-09-05T10:53:41.510-0400][385.165s][info][gc,heap     ] GC(49) Old regions: 308->310
[2026-09-05T10:53:41.510-0400][385.165s][info][gc,heap     ] GC(49) Archive regions: 0->0
[2026-09-05T10:53:41.510-0400][385.165s][info][gc,heap     ] GC(49) Humongous regions: 15->15
[2026-09-05T10:53:41.510-0400][385.165s][info][gc,metaspace] GC(49) Metaspace: 125655K(127424K)->125655K(127424K) NonClass: 107168K(108160K)->107168K(108160K) Class: 18487K(19264K)->18487K(19264K)
[2026-09-05T10:53:41.510-0400][385.165s][info][gc          ] GC(49) Pause Young (Normal) (G1 Evacuation Pause) 1429M->688M(1640M) 4.111ms
[2026-09-05T10:53:41.510-0400][385.165s][info][gc,cpu      ] GC(49) User=0.00s Sys=0.00s Real=0.00s
[2026-09-05T10:53:42.085-0400][385.740s][info][gc,start    ] GC(50) Pause Young (Normal) (G1 Evacuation Pause)
[2026-09-05T10:53:42.085-0400][385.740s][info][gc,task     ] GC(50) Using 23 workers of 23 for evacuation
[2026-09-05T10:53:42.091-0400][385.746s][info][gc,phases   ] GC(50)   Pre Evacuate Collection Set: 0.18ms
[2026-09-05T10:53:42.091-0400][385.746s][info][gc,phases   ] GC(50)   Merge Heap Roots: 0.33ms
[2026-09-05T10:53:42.091-0400][385.746s][info][gc,phases   ] GC(50)   Evacuate Collection Set: 4.44ms
[2026-09-05T10:53:42.091-0400][385.746s][info][gc,phases   ] GC(50)   Post Evacuate Collection Set: 0.65ms
[2026-09-05T10:53:42.091-0400][385.746s][info][gc,phases   ] GC(50)   Other: 0.21ms
[2026-09-05T10:53:42.091-0400][385.746s][info][gc,heap     ] GC(50) Eden regions: 373->0(367)
[2026-09-05T10:53:42.091-0400][385.746s][info][gc,heap     ] GC(50) Survivor regions: 20->23(50)
[2026-09-05T10:53:42.091-0400][385.746s][info][gc,heap     ] GC(50) Old regions: 310->310
[2026-09-05T10:53:42.091-0400][385.746s][info][gc,heap     ] GC(50) Archive regions: 0->0
[2026-09-05T10:53:42.091-0400][385.746s][info][gc,heap     ] GC(50) Humongous regions: 15->15
[2026-09-05T10:53:42.091-0400][385.746s][info][gc,metaspace] GC(50) Metaspace: 125691K(127488K)->125691K(127488K) NonClass: 107203K(108224K)->107203K(108224K) Class: 18488K(19264K)->18488K(19264K)
[2026-09-05T10:53:42.091-0400][385.746s][info][gc          ] GC(50) Pause Young (Normal) (G1 Evacuation Pause) 1434M->694M(1640M) 5.912ms
[2026-09-05T10:53:42.091-0400][385.746s][info][gc,cpu      ] GC(50) User=0.02s Sys=0.00s Real=0.01s
[2026-09-05T10:53:42.184-0400][385.839s][info][gc,start    ] GC(51) Pause Young (Normal) (G1 Evacuation Pause)
[2026-09-05T10:53:42.184-0400][385.839s][info][gc,task     ] GC(51) Using 23 workers of 23 for evacuation
[2026-09-05T10:53:42.189-0400][385.844s][info][gc,phases   ] GC(51)   Pre Evacuate Collection Set: 0.10ms
[2026-09-05T10:53:42.189-0400][385.844s][info][gc,phases   ] GC(51)   Merge Heap Roots: 0.17ms
[2026-09-05T10:53:42.189-0400][385.844s][info][gc,phases   ] GC(51)   Evacuate Collection Set: 4.32ms
[2026-09-05T10:53:42.189-0400][385.844s][info][gc,phases   ] GC(51)   Post Evacuate Collection Set: 0.57ms
[2026-09-05T10:53:42.189-0400][385.844s][info][gc,phases   ] GC(51)   Other: 0.18ms
[2026-09-05T10:53:42.189-0400][385.844s][info][gc,heap     ] GC(51) Eden regions: 367->0(366)
[2026-09-05T10:53:42.189-0400][385.844s][info][gc,heap     ] GC(51) Survivor regions: 23->22(49)
[2026-09-05T10:53:42.189-0400][385.844s][info][gc,heap     ] GC(51) Old regions: 310->313
[2026-09-05T10:53:42.189-0400][385.844s][info][gc,heap     ] GC(51) Archive regions: 0->0
[2026-09-05T10:53:42.189-0400][385.844s][info][gc,heap     ] GC(51) Humongous regions: 15->15
[2026-09-05T10:53:42.189-0400][385.844s][info][gc,metaspace] GC(51) Metaspace: 125695K(127488K)->125695K(127488K) NonClass: 107206K(108224K)->107206K(108224K) Class: 18488K(19264K)->18488K(19264K)
[2026-09-05T10:53:42.189-0400][385.844s][info][gc          ] GC(51) Pause Young (Normal) (G1 Evacuation Pause) 1428M->697M(1640M) 5.477ms
[2026-09-05T10:53:42.189-0400][385.844s][info][gc,cpu      ] GC(51) User=0.27s Sys=0.00s Real=0.00s
[2026-09-05T10:53:42.733-0400][386.388s][info][gc,start    ] GC(52) Pause Young (Normal) (G1 Evacuation Pause)
[2026-09-05T10:53:42.733-0400][386.388s][info][gc,task     ] GC(52) Using 23 workers of 23 for evacuation
[2026-09-05T10:53:42.738-0400][386.393s][info][gc,phases   ] GC(52)   Pre Evacuate Collection Set: 0.17ms
[2026-09-05T10:53:42.738-0400][386.393s][info][gc,phases   ] GC(52)   Merge Heap Roots: 0.17ms
[2026-09-05T10:53:42.738-0400][386.393s][info][gc,phases   ] GC(52)   Evacuate Collection Set: 4.05ms
[2026-09-05T10:53:42.738-0400][386.393s][info][gc,phases   ] GC(52)   Post Evacuate Collection Set: 0.64ms
[2026-09-05T10:53:42.738-0400][386.393s][info][gc,phases   ] GC(52)   Other: 0.17ms
[2026-09-05T10:53:42.738-0400][386.393s][info][gc,heap     ] GC(52) Eden regions: 366->0(361)
[2026-09-05T10:53:42.738-0400][386.393s][info][gc,heap     ] GC(52) Survivor regions: 22->24(49)
[2026-09-05T10:53:42.738-0400][386.393s][info][gc,heap     ] GC(52) Old regions: 313->314
[2026-09-05T10:53:42.738-0400][386.393s][info][gc,heap     ] GC(52) Archive regions: 0->0
[2026-09-05T10:53:42.738-0400][386.393s][info][gc,heap     ] GC(52) Humongous regions: 15->15
[2026-09-05T10:53:42.738-0400][386.393s][info][gc,metaspace] GC(52) Metaspace: 125734K(127552K)->125734K(127552K) NonClass: 107242K(108224K)->107242K(108224K) Class: 18491K(19328K)->18491K(19328K)
[2026-09-05T10:53:42.738-0400][386.393s][info][gc          ] GC(52) Pause Young (Normal) (G1 Evacuation Pause) 1429M->704M(1640M) 5.342ms
[2026-09-05T10:53:42.738-0400][386.393s][info][gc,cpu      ] GC(52) User=0.00s Sys=0.00s Real=0.00s
[2026-09-05T10:53:42.816-0400][386.471s][info][gc,start    ] GC(53) Pause Young (Normal) (G1 Evacuation Pause)
[2026-09-05T10:53:42.816-0400][386.471s][info][gc,task     ] GC(53) Using 23 workers of 23 for evacuation
[2026-09-05T10:53:42.822-0400][386.477s][info][gc,phases   ] GC(53)   Pre Evacuate Collection Set: 0.21ms
[2026-09-05T10:53:42.822-0400][386.477s][info][gc,phases   ] GC(53)   Merge Heap Roots: 0.17ms
[2026-09-05T10:53:42.822-0400][386.477s][info][gc,phases   ] GC(53)   Evacuate Collection Set: 4.69ms
[2026-09-05T10:53:42.822-0400][386.477s][info][gc,phases   ] GC(53)   Post Evacuate Collection Set: 0.57ms
[2026-09-05T10:53:42.822-0400][386.477s][info][gc,phases   ] GC(53)   Other: 0.17ms
[2026-09-05T10:53:42.822-0400][386.477s][info][gc,heap     ] GC(53) Eden regions: 361->0(360)
[2026-09-05T10:53:42.822-0400][386.477s][info][gc,heap     ] GC(53) Survivor regions: 24->23(49)
[2026-09-05T10:53:42.822-0400][386.477s][info][gc,heap     ] GC(53) Old regions: 314->317
[2026-09-05T10:53:42.822-0400][386.477s][info][gc,heap     ] GC(53) Archive regions: 0->0
[2026-09-05T10:53:42.822-0400][386.477s][info][gc,heap     ] GC(53) Humongous regions: 15->15
[2026-09-05T10:53:42.822-0400][386.477s][info][gc,metaspace] GC(53) Metaspace: 125734K(127552K)->125734K(127552K) NonClass: 107242K(108224K)->107242K(108224K) Class: 18491K(19328K)->18491K(19328K)
[2026-09-05T10:53:42.822-0400][386.477s][info][gc          ] GC(53) Pause Young (Normal) (G1 Evacuation Pause) 1426M->709M(1640M) 5.923ms
[2026-09-05T10:53:42.822-0400][386.477s][info][gc,cpu      ] GC(53) User=0.00s Sys=0.00s Real=0.01s
[2026-09-05T10:53:43.292-0400][386.948s][info][gc,start    ] GC(54) Pause Young (Normal) (G1 Evacuation Pause)
[2026-09-05T10:53:43.292-0400][386.948s][info][gc,task     ] GC(54) Using 23 workers of 23 for evacuation
[2026-09-05T10:53:43.297-0400][386.953s][info][gc,phases   ] GC(54)   Pre Evacuate Collection Set: 0.19ms
[2026-09-05T10:53:43.297-0400][386.953s][info][gc,phases   ] GC(54)   Merge Heap Roots: 0.26ms
[2026-09-05T10:53:43.297-0400][386.953s][info][gc,phases   ] GC(54)   Evacuate Collection Set: 4.07ms
[2026-09-05T10:53:43.297-0400][386.953s][info][gc,phases   ] GC(54)   Post Evacuate Collection Set: 0.59ms
[2026-09-05T10:53:43.297-0400][386.953s][info][gc,phases   ] GC(54)   Other: 0.16ms
[2026-09-05T10:53:43.297-0400][386.953s][info][gc,heap     ] GC(54) Eden regions: 360->0(357)
[2026-09-05T10:53:43.297-0400][386.953s][info][gc,heap     ] GC(54) Survivor regions: 23->23(48)
[2026-09-05T10:53:43.297-0400][386.953s][info][gc,heap     ] GC(54) Old regions: 317->320
[2026-09-05T10:53:43.297-0400][386.953s][info][gc,heap     ] GC(54) Archive regions: 0->0
[2026-09-05T10:53:43.297-0400][386.953s][info][gc,heap     ] GC(54) Humongous regions: 15->15
[2026-09-05T10:53:43.297-0400][386.953s][info][gc,metaspace] GC(54) Metaspace: 125774K(127616K)->125774K(127616K) NonClass: 107282K(108288K)->107282K(108288K) Class: 18492K(19328K)->18492K(19328K)
[2026-09-05T10:53:43.297-0400][386.953s][info][gc          ] GC(54) Pause Young (Normal) (G1 Evacuation Pause) 1429M->714M(1640M) 5.470ms
[2026-09-05T10:53:43.297-0400][386.953s][info][gc,cpu      ] GC(54) User=0.36s Sys=0.00s Real=0.00s
[2026-09-05T10:53:43.633-0400][387.288s][info][gc,start    ] GC(55) Pause Young (Normal) (G1 Evacuation Pause)
[2026-09-05T10:53:43.633-0400][387.288s][info][gc,task     ] GC(55) Using 23 workers of 23 for evacuation
[2026-09-05T10:53:43.639-0400][387.294s][info][gc,phases   ] GC(55)   Pre Evacuate Collection Set: 0.19ms
[2026-09-05T10:53:43.639-0400][387.294s][info][gc,phases   ] GC(55)   Merge Heap Roots: 0.30ms
[2026-09-05T10:53:43.639-0400][387.294s][info][gc,phases   ] GC(55)   Evacuate Collection Set: 4.88ms
[2026-09-05T10:53:43.639-0400][387.294s][info][gc,phases   ] GC(55)   Post Evacuate Collection Set: 0.66ms
[2026-09-05T10:53:43.639-0400][387.294s][info][gc,phases   ] GC(55)   Other: 0.16ms
[2026-09-05T10:53:43.639-0400][387.294s][info][gc,heap     ] GC(55) Eden regions: 357->0(353)
[2026-09-05T10:53:43.639-0400][387.294s][info][gc,heap     ] GC(55) Survivor regions: 23->24(48)
[2026-09-05T10:53:43.639-0400][387.294s][info][gc,heap     ] GC(55) Old regions: 320->322
[2026-09-05T10:53:43.639-0400][387.294s][info][gc,heap     ] GC(55) Archive regions: 0->0
[2026-09-05T10:53:43.639-0400][387.294s][info][gc,heap     ] GC(55) Humongous regions: 15->15
[2026-09-05T10:53:43.639-0400][387.294s][info][gc,metaspace] GC(55) Metaspace: 125792K(127616K)->125792K(127616K) NonClass: 107299K(108288K)->107299K(108288K) Class: 18492K(19328K)->18492K(19328K)
[2026-09-05T10:53:43.639-0400][387.294s][info][gc          ] GC(55) Pause Young (Normal) (G1 Evacuation Pause) 1428M->720M(1640M) 6.323ms
[2026-09-05T10:53:43.639-0400][387.294s][info][gc,cpu      ] GC(55) User=0.33s Sys=0.03s Real=0.01s
[2026-09-05T10:53:43.862-0400][387.517s][info][gc,start    ] GC(56) Pause Young (Normal) (G1 Evacuation Pause)
[2026-09-05T10:53:43.862-0400][387.518s][info][gc,task     ] GC(56) Using 23 workers of 23 for evacuation
[2026-09-05T10:53:43.867-0400][387.523s][info][gc,phases   ] GC(56)   Pre Evacuate Collection Set: 0.20ms
[2026-09-05T10:53:43.867-0400][387.523s][info][gc,phases   ] GC(56)   Merge Heap Roots: 0.13ms
[2026-09-05T10:53:43.867-0400][387.523s][info][gc,phases   ] GC(56)   Evacuate Collection Set: 4.30ms
[2026-09-05T10:53:43.868-0400][387.523s][info][gc,phases   ] GC(56)   Post Evacuate Collection Set: 0.74ms
[2026-09-05T10:53:43.868-0400][387.523s][info][gc,phases   ] GC(56)   Other: 0.21ms
[2026-09-05T10:53:43.868-0400][387.523s][info][gc,heap     ] GC(56) Eden regions: 353->0(352)
[2026-09-05T10:53:43.868-0400][387.523s][info][gc,heap     ] GC(56) Survivor regions: 24->23(48)
[2026-09-05T10:53:43.868-0400][387.523s][info][gc,heap     ] GC(56) Old regions: 322->325
[2026-09-05T10:53:43.868-0400][387.523s][info][gc,heap     ] GC(56) Archive regions: 0->0
[2026-09-05T10:53:43.868-0400][387.523s][info][gc,heap     ] GC(56) Humongous regions: 15->15
[2026-09-05T10:53:43.868-0400][387.523s][info][gc,metaspace] GC(56) Metaspace: 125794K(127616K)->125794K(127616K) NonClass: 107302K(108288K)->107302K(108288K) Class: 18492K(19328K)->18492K(19328K)
[2026-09-05T10:53:43.868-0400][387.523s][info][gc          ] GC(56) Pause Young (Normal) (G1 Evacuation Pause) 1426M->724M(1640M) 5.675ms
[2026-09-05T10:53:43.868-0400][387.523s][info][gc,cpu      ] GC(56) User=0.00s Sys=0.00s Real=0.01s
[2026-09-05T10:53:44.374-0400][388.029s][info][gc,start    ] GC(57) Pause Young (Normal) (G1 Evacuation Pause)
[2026-09-05T10:53:44.374-0400][388.029s][info][gc,task     ] GC(57) Using 23 workers of 23 for evacuation
[2026-09-05T10:53:44.381-0400][388.035s][info][gc,phases   ] GC(57)   Pre Evacuate Collection Set: 0.22ms
[2026-09-05T10:53:44.381-0400][388.035s][info][gc,phases   ] GC(57)   Merge Heap Roots: 0.19ms
[2026-09-05T10:53:44.381-0400][388.035s][info][gc,phases   ] GC(57)   Evacuate Collection Set: 5.51ms
[2026-09-05T10:53:44.381-0400][388.036s][info][gc,phases   ] GC(57)   Post Evacuate Collection Set: 0.61ms
[2026-09-05T10:53:44.381-0400][388.036s][info][gc,phases   ] GC(57)   Other: 0.25ms
[2026-09-05T10:53:44.381-0400][388.036s][info][gc,heap     ] GC(57) Eden regions: 352->0(349)
[2026-09-05T10:53:44.381-0400][388.036s][info][gc,heap     ] GC(57) Survivor regions: 23->23(47)
[2026-09-05T10:53:44.381-0400][388.036s][info][gc,heap     ] GC(57) Old regions: 325->328
[2026-09-05T10:53:44.381-0400][388.036s][info][gc,heap     ] GC(57) Archive regions: 0->0
[2026-09-05T10:53:44.381-0400][388.036s][info][gc,heap     ] GC(57) Humongous regions: 15->15
[2026-09-05T10:53:44.381-0400][388.036s][info][gc,metaspace] GC(57) Metaspace: 125845K(127680K)->125845K(127680K) NonClass: 107350K(108352K)->107350K(108352K) Class: 18495K(19328K)->18495K(19328K)
[2026-09-05T10:53:44.381-0400][388.036s][info][gc          ] GC(57) Pause Young (Normal) (G1 Evacuation Pause) 1428M->730M(1640M) 6.891ms
[2026-09-05T10:53:44.381-0400][388.036s][info][gc,cpu      ] GC(57) User=0.00s Sys=0.00s Real=0.01s
[2026-09-05T10:53:44.468-0400][388.123s][info][gc,start    ] GC(58) Pause Young (Normal) (G1 Evacuation Pause)
[2026-09-05T10:53:44.468-0400][388.123s][info][gc,task     ] GC(58) Using 23 workers of 23 for evacuation
[2026-09-05T10:53:44.472-0400][388.127s][info][gc,phases   ] GC(58)   Pre Evacuate Collection Set: 0.12ms
[2026-09-05T10:53:44.472-0400][388.127s][info][gc,phases   ] GC(58)   Merge Heap Roots: 0.17ms
[2026-09-05T10:53:44.472-0400][388.127s][info][gc,phases   ] GC(58)   Evacuate Collection Set: 3.64ms
[2026-09-05T10:53:44.472-0400][388.127s][info][gc,phases   ] GC(58)   Post Evacuate Collection Set: 0.52ms
[2026-09-05T10:53:44.472-0400][388.127s][info][gc,phases   ] GC(58)   Other: 0.15ms
[2026-09-05T10:53:44.472-0400][388.127s][info][gc,heap     ] GC(58) Eden regions: 349->0(346)
[2026-09-05T10:53:44.472-0400][388.127s][info][gc,heap     ] GC(58) Survivor regions: 23->24(47)
[2026-09-05T10:53:44.472-0400][388.127s][info][gc,heap     ] GC(58) Old regions: 328->329
[2026-09-05T10:53:44.472-0400][388.127s][info][gc,heap     ] GC(58) Archive regions: 0->0
[2026-09-05T10:53:44.472-0400][388.127s][info][gc,heap     ] GC(58) Humongous regions: 15->15
[2026-09-05T10:53:44.472-0400][388.127s][info][gc,metaspace] GC(58) Metaspace: 125845K(127680K)->125845K(127680K) NonClass: 107350K(108352K)->107350K(108352K) Class: 18495K(19328K)->18495K(19328K)
[2026-09-05T10:53:44.472-0400][388.128s][info][gc          ] GC(58) Pause Young (Normal) (G1 Evacuation Pause) 1428M->733M(1640M) 4.732ms
[2026-09-05T10:53:44.472-0400][388.128s][info][gc,cpu      ] GC(58) User=0.00s Sys=0.00s Real=0.00s
[2026-09-05T10:53:45.023-0400][388.679s][info][gc,start    ] GC(59) Pause Young (Normal) (G1 Evacuation Pause)
[2026-09-05T10:53:45.023-0400][388.679s][info][gc,task     ] GC(59) Using 23 workers of 23 for evacuation
[2026-09-05T10:53:45.028-0400][388.684s][info][gc,phases   ] GC(59)   Pre Evacuate Collection Set: 0.18ms
[2026-09-05T10:53:45.029-0400][388.684s][info][gc,phases   ] GC(59)   Merge Heap Roots: 0.17ms
[2026-09-05T10:53:45.029-0400][388.684s][info][gc,phases   ] GC(59)   Evacuate Collection Set: 3.97ms
[2026-09-05T10:53:45.029-0400][388.684s][info][gc,phases   ] GC(59)   Post Evacuate Collection Set: 0.62ms
[2026-09-05T10:53:45.029-0400][388.684s][info][gc,phases   ] GC(59)   Other: 0.21ms
[2026-09-05T10:53:45.029-0400][388.684s][info][gc,heap     ] GC(59) Eden regions: 346->0(340)
[2026-09-05T10:53:45.029-0400][388.684s][info][gc,heap     ] GC(59) Survivor regions: 24->27(47)
[2026-09-05T10:53:45.029-0400][388.684s][info][gc,heap     ] GC(59) Old regions: 329->329
[2026-09-05T10:53:45.029-0400][388.684s][info][gc,heap     ] GC(59) Archive regions: 0->0
[2026-09-05T10:53:45.029-0400][388.684s][info][gc,heap     ] GC(59) Humongous regions: 15->15
[2026-09-05T10:53:45.029-0400][388.684s][info][gc,metaspace] GC(59) Metaspace: 125890K(127680K)->125890K(127680K) NonClass: 107395K(108352K)->107395K(108352K) Class: 18495K(19328K)->18495K(19328K)
[2026-09-05T10:53:45.029-0400][388.684s][info][gc          ] GC(59) Pause Young (Normal) (G1 Evacuation Pause) 1425M->739M(1640M) 5.260ms
[2026-09-05T10:53:45.029-0400][388.684s][info][gc,cpu      ] GC(59) User=0.36s Sys=0.00s Real=0.01s
[2026-09-05T10:53:45.290-0400][388.946s][info][gc,start    ] GC(60) Pause Young (Normal) (G1 Evacuation Pause)
[2026-09-05T10:53:45.290-0400][388.946s][info][gc,task     ] GC(60) Using 23 workers of 23 for evacuation
[2026-09-05T10:53:45.295-0400][388.951s][info][gc,phases   ] GC(60)   Pre Evacuate Collection Set: 0.18ms
[2026-09-05T10:53:45.295-0400][388.951s][info][gc,phases   ] GC(60)   Merge Heap Roots: 0.14ms
[2026-09-05T10:53:45.295-0400][388.951s][info][gc,phases   ] GC(60)   Evacuate Collection Set: 4.11ms
[2026-09-05T10:53:45.295-0400][388.951s][info][gc,phases   ] GC(60)   Post Evacuate Collection Set: 0.59ms
[2026-09-05T10:53:45.295-0400][388.951s][info][gc,phases   ] GC(60)   Other: 0.14ms
[2026-09-05T10:53:45.295-0400][388.951s][info][gc,heap     ] GC(60) Eden regions: 340->0(341)
[2026-09-05T10:53:45.295-0400][388.951s][info][gc,heap     ] GC(60) Survivor regions: 27->25(46)
[2026-09-05T10:53:45.295-0400][388.951s][info][gc,heap     ] GC(60) Old regions: 329->332
[2026-09-05T10:53:45.295-0400][388.951s][info][gc,heap     ] GC(60) Archive regions: 0->0
[2026-09-05T10:53:45.295-0400][388.951s][info][gc,heap     ] GC(60) Humongous regions: 15->15
[2026-09-05T10:53:45.295-0400][388.951s][info][gc,metaspace] GC(60) Metaspace: 125906K(127744K)->125906K(127744K) NonClass: 107410K(108416K)->107410K(108416K) Class: 18496K(19328K)->18496K(19328K)
[2026-09-05T10:53:45.295-0400][388.951s][info][gc          ] GC(60) Pause Young (Normal) (G1 Evacuation Pause) 1419M->742M(1640M) 5.279ms
[2026-09-05T10:53:45.295-0400][388.951s][info][gc,cpu      ] GC(60) User=0.34s Sys=0.02s Real=0.01s
[2026-09-05T10:53:45.495-0400][389.150s][info][gc,start    ] GC(61) Pause Young (Normal) (G1 Evacuation Pause)
[2026-09-05T10:53:45.495-0400][389.150s][info][gc,task     ] GC(61) Using 23 workers of 23 for evacuation
[2026-09-05T10:53:45.501-0400][389.156s][info][gc,phases   ] GC(61)   Pre Evacuate Collection Set: 0.23ms
[2026-09-05T10:53:45.501-0400][389.156s][info][gc,phases   ] GC(61)   Merge Heap Roots: 0.18ms
[2026-09-05T10:53:45.501-0400][389.156s][info][gc,phases   ] GC(61)   Evacuate Collection Set: 4.96ms
[2026-09-05T10:53:45.501-0400][389.156s][info][gc,phases   ] GC(61)   Post Evacuate Collection Set: 0.63ms
[2026-09-05T10:53:45.501-0400][389.156s][info][gc,phases   ] GC(61)   Other: 0.19ms
[2026-09-05T10:53:45.501-0400][389.156s][info][gc,heap     ] GC(61) Eden regions: 341->0(335)
[2026-09-05T10:53:45.501-0400][389.156s][info][gc,heap     ] GC(61) Survivor regions: 25->28(46)
[2026-09-05T10:53:45.501-0400][389.156s][info][gc,heap     ] GC(61) Old regions: 332->332
[2026-09-05T10:53:45.501-0400][389.156s][info][gc,heap     ] GC(61) Archive regions: 0->0
[2026-09-05T10:53:45.501-0400][389.156s][info][gc,heap     ] GC(61) Humongous regions: 15->15
[2026-09-05T10:53:45.501-0400][389.156s][info][gc,metaspace] GC(61) Metaspace: 125989K(127808K)->125989K(127808K) NonClass: 107487K(108480K)->107487K(108480K) Class: 18501K(19328K)->18501K(19328K)
[2026-09-05T10:53:45.501-0400][389.156s][info][gc          ] GC(61) Pause Young (Normal) (G1 Evacuation Pause) 1424M->747M(1640M) 6.335ms
[2026-09-05T10:53:45.501-0400][389.157s][info][gc,cpu      ] GC(61) User=0.36s Sys=0.00s Real=0.01s
[2026-09-05T10:53:45.883-0400][389.538s][info][gc,start    ] GC(62) Pause Young (Normal) (G1 Evacuation Pause)
[2026-09-05T10:53:45.883-0400][389.538s][info][gc,task     ] GC(62) Using 23 workers of 23 for evacuation
[2026-09-05T10:53:45.889-0400][389.543s][info][gc,phases   ] GC(62)   Pre Evacuate Collection Set: 0.18ms
[2026-09-05T10:53:45.889-0400][389.543s][info][gc,phases   ] GC(62)   Merge Heap Roots: 0.20ms
[2026-09-05T10:53:45.889-0400][389.544s][info][gc,phases   ] GC(62)   Evacuate Collection Set: 4.22ms
[2026-09-05T10:53:45.889-0400][389.544s][info][gc,phases   ] GC(62)   Post Evacuate Collection Set: 0.87ms
[2026-09-05T10:53:45.889-0400][389.544s][info][gc,phases   ] GC(62)   Other: 0.15ms
[2026-09-05T10:53:45.889-0400][389.544s][info][gc,heap     ] GC(62) Eden regions: 335->0(336)
[2026-09-05T10:53:45.889-0400][389.544s][info][gc,heap     ] GC(62) Survivor regions: 28->25(46)
[2026-09-05T10:53:45.889-0400][389.544s][info][gc,heap     ] GC(62) Old regions: 332->337
[2026-09-05T10:53:45.889-0400][389.544s][info][gc,heap     ] GC(62) Archive regions: 0->0
[2026-09-05T10:53:45.889-0400][389.544s][info][gc,heap     ] GC(62) Humongous regions: 15->15
[2026-09-05T10:53:45.889-0400][389.544s][info][gc,metaspace] GC(62) Metaspace: 126010K(127808K)->126010K(127808K) NonClass: 107509K(108480K)->107509K(108480K) Class: 18501K(19328K)->18501K(19328K)
[2026-09-05T10:53:45.889-0400][389.544s][info][gc          ] GC(62) Pause Young (Normal) (G1 Evacuation Pause) 1417M->752M(1640M) 5.769ms
[2026-09-05T10:53:45.889-0400][389.544s][info][gc,cpu      ] GC(62) User=0.34s Sys=0.00s Real=0.01s
[2026-09-05T10:53:46.052-0400][389.708s][info][gc,start    ] GC(63) Pause Young (Normal) (G1 Evacuation Pause)
[2026-09-05T10:53:46.053-0400][389.708s][info][gc,task     ] GC(63) Using 23 workers of 23 for evacuation
[2026-09-05T10:53:46.058-0400][389.714s][info][gc,phases   ] GC(63)   Pre Evacuate Collection Set: 0.19ms
[2026-09-05T10:53:46.059-0400][389.714s][info][gc,phases   ] GC(63)   Merge Heap Roots: 0.17ms
[2026-09-05T10:53:46.059-0400][389.714s][info][gc,phases   ] GC(63)   Evacuate Collection Set: 4.76ms
[2026-09-05T10:53:46.059-0400][389.714s][info][gc,phases   ] GC(63)   Post Evacuate Collection Set: 0.71ms
[2026-09-05T10:53:46.059-0400][389.714s][info][gc,phases   ] GC(63)   Other: 0.25ms
[2026-09-05T10:53:46.059-0400][389.714s][info][gc,heap     ] GC(63) Eden regions: 336->0(330)
[2026-09-05T10:53:46.059-0400][389.714s][info][gc,heap     ] GC(63) Survivor regions: 25->28(46)
[2026-09-05T10:53:46.059-0400][389.714s][info][gc,heap     ] GC(63) Old regions: 337->337
[2026-09-05T10:53:46.059-0400][389.714s][info][gc,heap     ] GC(63) Archive regions: 0->0
[2026-09-05T10:53:46.059-0400][389.714s][info][gc,heap     ] GC(63) Humongous regions: 15->15
[2026-09-05T10:53:46.059-0400][389.714s][info][gc,metaspace] GC(63) Metaspace: 126035K(127872K)->126035K(127872K) NonClass: 107532K(108544K)->107532K(108544K) Class: 18503K(19328K)->18503K(19328K)
[2026-09-05T10:53:46.059-0400][389.714s][info][gc          ] GC(63) Pause Young (Normal) (G1 Evacuation Pause) 1424M->758M(1640M) 6.296ms
[2026-09-05T10:53:46.059-0400][389.714s][info][gc,cpu      ] GC(63) User=0.02s Sys=0.02s Real=0.01s
[2026-09-05T10:53:46.258-0400][389.912s][info][gc,start    ] GC(64) Pause Young (Normal) (G1 Evacuation Pause)
[2026-09-05T10:53:46.258-0400][389.912s][info][gc,task     ] GC(64) Using 23 workers of 23 for evacuation
[2026-09-05T10:53:46.263-0400][389.918s][info][gc,phases   ] GC(64)   Pre Evacuate Collection Set: 0.16ms
[2026-09-05T10:53:46.263-0400][389.919s][info][gc,phases   ] GC(64)   Merge Heap Roots: 0.16ms
[2026-09-05T10:53:46.263-0400][389.919s][info][gc,phases   ] GC(64)   Evacuate Collection Set: 4.97ms
[2026-09-05T10:53:46.263-0400][389.919s][info][gc,phases   ] GC(64)   Post Evacuate Collection Set: 0.64ms
[2026-09-05T10:53:46.263-0400][389.919s][info][gc,phases   ] GC(64)   Other: 0.16ms
[2026-09-05T10:53:46.263-0400][389.919s][info][gc,heap     ] GC(64) Eden regions: 330->0(331)
[2026-09-05T10:53:46.263-0400][389.919s][info][gc,heap     ] GC(64) Survivor regions: 28->25(45)
[2026-09-05T10:53:46.263-0400][389.919s][info][gc,heap     ] GC(64) Old regions: 337->342
[2026-09-05T10:53:46.263-0400][389.919s][info][gc,heap     ] GC(64) Archive regions: 0->0
[2026-09-05T10:53:46.263-0400][389.919s][info][gc,heap     ] GC(64) Humongous regions: 15->15
[2026-09-05T10:53:46.263-0400][389.919s][info][gc,metaspace] GC(64) Metaspace: 126058K(127872K)->126058K(127872K) NonClass: 107554K(108544K)->107554K(108544K) Class: 18503K(19328K)->18503K(19328K)
[2026-09-05T10:53:46.263-0400][389.919s][info][gc          ] GC(64) Pause Young (Normal) (G1 Evacuation Pause) 1418M->761M(1640M) 6.231ms
[2026-09-05T10:53:46.263-0400][389.919s][info][gc,cpu      ] GC(64) User=0.31s Sys=0.05s Real=0.01s
[2026-09-05T10:53:46.645-0400][390.300s][info][gc,start    ] GC(65) Pause Young (Normal) (G1 Evacuation Pause)
[2026-09-05T10:53:46.645-0400][390.300s][info][gc,task     ] GC(65) Using 23 workers of 23 for evacuation
[2026-09-05T10:53:46.650-0400][390.306s][info][gc,phases   ] GC(65)   Pre Evacuate Collection Set: 0.21ms
[2026-09-05T10:53:46.650-0400][390.306s][info][gc,phases   ] GC(65)   Merge Heap Roots: 0.19ms
[2026-09-05T10:53:46.650-0400][390.306s][info][gc,phases   ] GC(65)   Evacuate Collection Set: 4.89ms
[2026-09-05T10:53:46.650-0400][390.306s][info][gc,phases   ] GC(65)   Post Evacuate Collection Set: 0.54ms
[2026-09-05T10:53:46.650-0400][390.306s][info][gc,phases   ] GC(65)   Other: 0.24ms
[2026-09-05T10:53:46.650-0400][390.306s][info][gc,heap     ] GC(65) Eden regions: 331->0(325)
[2026-09-05T10:53:46.650-0400][390.306s][info][gc,heap     ] GC(65) Survivor regions: 25->28(45)
[2026-09-05T10:53:46.650-0400][390.306s][info][gc,heap     ] GC(65) Old regions: 342->342
[2026-09-05T10:53:46.650-0400][390.306s][info][gc,heap     ] GC(65) Archive regions: 0->0
[2026-09-05T10:53:46.650-0400][390.306s][info][gc,heap     ] GC(65) Humongous regions: 15->15
[2026-09-05T10:53:46.650-0400][390.306s][info][gc,metaspace] GC(65) Metaspace: 126066K(127872K)->126066K(127872K) NonClass: 107562K(108544K)->107562K(108544K) Class: 18503K(19328K)->18503K(19328K)
[2026-09-05T10:53:46.650-0400][390.306s][info][gc          ] GC(65) Pause Young (Normal) (G1 Evacuation Pause) 1423M->768M(1640M) 6.195ms
[2026-09-05T10:53:46.650-0400][390.306s][info][gc,cpu      ] GC(65) User=0.00s Sys=0.00s Real=0.01s
[2026-09-05T10:53:46.737-0400][390.392s][info][gc,start    ] GC(66) Pause Young (Normal) (G1 Evacuation Pause)
[2026-09-05T10:53:46.737-0400][390.392s][info][gc,task     ] GC(66) Using 23 workers of 23 for evacuation
[2026-09-05T10:53:46.742-0400][390.397s][info][gc,phases   ] GC(66)   Pre Evacuate Collection Set: 0.16ms
[2026-09-05T10:53:46.742-0400][390.398s][info][gc,phases   ] GC(66)   Merge Heap Roots: 0.18ms
[2026-09-05T10:53:46.742-0400][390.398s][info][gc,phases   ] GC(66)   Evacuate Collection Set: 4.73ms
[2026-09-05T10:53:46.742-0400][390.398s][info][gc,phases   ] GC(66)   Post Evacuate Collection Set: 0.53ms
[2026-09-05T10:53:46.742-0400][390.398s][info][gc,phases   ] GC(66)   Other: 0.18ms
[2026-09-05T10:53:46.742-0400][390.398s][info][gc,heap     ] GC(66) Eden regions: 325->0(325)
[2026-09-05T10:53:46.742-0400][390.398s][info][gc,heap     ] GC(66) Survivor regions: 28->27(45)
[2026-09-05T10:53:46.742-0400][390.398s][info][gc,heap     ] GC(66) Old regions: 342->344
[2026-09-05T10:53:46.742-0400][390.398s][info][gc,heap     ] GC(66) Archive regions: 0->0
[2026-09-05T10:53:46.742-0400][390.398s][info][gc,heap     ] GC(66) Humongous regions: 15->15
[2026-09-05T10:53:46.742-0400][390.398s][info][gc,metaspace] GC(66) Metaspace: 126066K(127872K)->126066K(127872K) NonClass: 107562K(108544K)->107562K(108544K) Class: 18503K(19328K)->18503K(19328K)
[2026-09-05T10:53:46.742-0400][390.398s][info][gc          ] GC(66) Pause Young (Normal) (G1 Evacuation Pause) 1418M->770M(1640M) 5.919ms
[2026-09-05T10:53:46.742-0400][390.398s][info][gc,cpu      ] GC(66) User=0.00s Sys=0.00s Real=0.01s
[2026-09-05T10:53:47.224-0400][390.879s][info][gc,start    ] GC(67) Pause Young (Normal) (G1 Evacuation Pause)
[2026-09-05T10:53:47.224-0400][390.879s][info][gc,task     ] GC(67) Using 23 workers of 23 for evacuation
[2026-09-05T10:53:47.229-0400][390.885s][info][gc,phases   ] GC(67)   Pre Evacuate Collection Set: 0.19ms
[2026-09-05T10:53:47.229-0400][390.885s][info][gc,phases   ] GC(67)   Merge Heap Roots: 0.17ms
[2026-09-05T10:53:47.229-0400][390.885s][info][gc,phases   ] GC(67)   Evacuate Collection Set: 4.07ms
[2026-09-05T10:53:47.229-0400][390.885s][info][gc,phases   ] GC(67)   Post Evacuate Collection Set: 0.82ms
[2026-09-05T10:53:47.229-0400][390.885s][info][gc,phases   ] GC(67)   Other: 0.26ms
[2026-09-05T10:53:47.229-0400][390.885s][info][gc,heap     ] GC(67) Eden regions: 325->0(324)
[2026-09-05T10:53:47.229-0400][390.885s][info][gc,heap     ] GC(67) Survivor regions: 27->25(44)
[2026-09-05T10:53:47.229-0400][390.885s][info][gc,heap     ] GC(67) Old regions: 344->349
[2026-09-05T10:53:47.229-0400][390.885s][info][gc,heap     ] GC(67) Archive regions: 0->0
[2026-09-05T10:53:47.229-0400][390.885s][info][gc,heap     ] GC(67) Humongous regions: 15->15
[2026-09-05T10:53:47.229-0400][390.885s][info][gc,metaspace] GC(67) Metaspace: 126087K(127872K)->126087K(127872K) NonClass: 107583K(108544K)->107583K(108544K) Class: 18504K(19328K)->18504K(19328K)
[2026-09-05T10:53:47.229-0400][390.885s][info][gc          ] GC(67) Pause Young (Normal) (G1 Evacuation Pause) 1420M->775M(1640M) 5.505ms
[2026-09-05T10:53:47.229-0400][390.885s][info][gc,cpu      ] GC(67) User=0.00s Sys=0.00s Real=0.01s
[2026-09-05T10:53:47.474-0400][391.129s][info][gc,start    ] GC(68) Pause Young (Normal) (G1 Evacuation Pause)
[2026-09-05T10:53:47.474-0400][391.129s][info][gc,task     ] GC(68) Using 23 workers of 23 for evacuation
[2026-09-05T10:53:47.480-0400][391.135s][info][gc,phases   ] GC(68)   Pre Evacuate Collection Set: 0.24ms
[2026-09-05T10:53:47.480-0400][391.135s][info][gc,phases   ] GC(68)   Merge Heap Roots: 0.18ms
[2026-09-05T10:53:47.480-0400][391.135s][info][gc,phases   ] GC(68)   Evacuate Collection Set: 4.82ms
[2026-09-05T10:53:47.480-0400][391.135s][info][gc,phases   ] GC(68)   Post Evacuate Collection Set: 0.65ms
[2026-09-05T10:53:47.480-0400][391.135s][info][gc,phases   ] GC(68)   Other: 0.24ms
[2026-09-05T10:53:47.480-0400][391.135s][info][gc,heap     ] GC(68) Eden regions: 324->0(320)
[2026-09-05T10:53:47.480-0400][391.135s][info][gc,heap     ] GC(68) Survivor regions: 25->27(44)
[2026-09-05T10:53:47.480-0400][391.135s][info][gc,heap     ] GC(68) Old regions: 349->349
[2026-09-05T10:53:47.480-0400][391.135s][info][gc,heap     ] GC(68) Archive regions: 0->0
[2026-09-05T10:53:47.480-0400][391.135s][info][gc,heap     ] GC(68) Humongous regions: 15->15
[2026-09-05T10:53:47.480-0400][391.135s][info][gc,metaspace] GC(68) Metaspace: 126122K(127936K)->126122K(127936K) NonClass: 107618K(108608K)->107618K(108608K) Class: 18504K(19328K)->18504K(19328K)
[2026-09-05T10:53:47.480-0400][391.135s][info][gc          ] GC(68) Pause Young (Normal) (G1 Evacuation Pause) 1423M->780M(1640M) 6.212ms
[2026-09-05T10:53:47.480-0400][391.135s][info][gc,cpu      ] GC(68) User=0.00s Sys=0.00s Real=0.01s
[2026-09-05T10:53:47.799-0400][391.455s][info][gc,start    ] GC(69) Pause Young (Normal) (G1 Evacuation Pause)
[2026-09-05T10:53:47.799-0400][391.455s][info][gc,task     ] GC(69) Using 23 workers of 23 for evacuation
[2026-09-05T10:53:47.806-0400][391.461s][info][gc,phases   ] GC(69)   Pre Evacuate Collection Set: 0.15ms
[2026-09-05T10:53:47.806-0400][391.461s][info][gc,phases   ] GC(69)   Merge Heap Roots: 0.23ms
[2026-09-05T10:53:47.806-0400][391.461s][info][gc,phases   ] GC(69)   Evacuate Collection Set: 5.08ms
[2026-09-05T10:53:47.806-0400][391.461s][info][gc,phases   ] GC(69)   Post Evacuate Collection Set: 0.56ms
[2026-09-05T10:53:47.806-0400][391.461s][info][gc,phases   ] GC(69)   Other: 0.26ms
[2026-09-05T10:53:47.806-0400][391.461s][info][gc,heap     ] GC(69) Eden regions: 320->0(318)
[2026-09-05T10:53:47.806-0400][391.461s][info][gc,heap     ] GC(69) Survivor regions: 27->26(44)
[2026-09-05T10:53:47.806-0400][391.461s][info][gc,heap     ] GC(69) Old regions: 349->353
[2026-09-05T10:53:47.806-0400][391.461s][info][gc,heap     ] GC(69) Archive regions: 0->0
[2026-09-05T10:53:47.806-0400][391.461s][info][gc,heap     ] GC(69) Humongous regions: 15->15
[2026-09-05T10:53:47.806-0400][391.461s][info][gc,metaspace] GC(69) Metaspace: 126138K(127936K)->126138K(127936K) NonClass: 107633K(108608K)->107633K(108608K) Class: 18504K(19328K)->18504K(19328K)
[2026-09-05T10:53:47.806-0400][391.461s][info][gc          ] GC(69) Pause Young (Normal) (G1 Evacuation Pause) 1420M->786M(1640M) 6.466ms
[2026-09-05T10:53:47.806-0400][391.461s][info][gc,cpu      ] GC(69) User=0.00s Sys=0.00s Real=0.01s
[2026-09-05T10:53:47.911-0400][391.566s][info][gc,start    ] GC(70) Pause Young (Normal) (G1 Evacuation Pause)
[2026-09-05T10:53:47.911-0400][391.566s][info][gc,task     ] GC(70) Using 23 workers of 23 for evacuation
[2026-09-05T10:53:47.916-0400][391.572s][info][gc,phases   ] GC(70)   Pre Evacuate Collection Set: 0.12ms
[2026-09-05T10:53:47.916-0400][391.572s][info][gc,phases   ] GC(70)   Merge Heap Roots: 0.19ms
[2026-09-05T10:53:47.916-0400][391.572s][info][gc,phases   ] GC(70)   Evacuate Collection Set: 4.54ms
[2026-09-05T10:53:47.916-0400][391.572s][info][gc,phases   ] GC(70)   Post Evacuate Collection Set: 0.61ms
[2026-09-05T10:53:47.916-0400][391.572s][info][gc,phases   ] GC(70)   Other: 0.23ms
[2026-09-05T10:53:47.916-0400][391.572s][info][gc,heap     ] GC(70) Eden regions: 318->0(316)
[2026-09-05T10:53:47.916-0400][391.572s][info][gc,heap     ] GC(70) Survivor regions: 26->26(43)
[2026-09-05T10:53:47.916-0400][391.572s][info][gc,heap     ] GC(70) Old regions: 353->355
[2026-09-05T10:53:47.916-0400][391.572s][info][gc,heap     ] GC(70) Archive regions: 0->0
[2026-09-05T10:53:47.916-0400][391.572s][info][gc,heap     ] GC(70) Humongous regions: 15->15
[2026-09-05T10:53:47.916-0400][391.572s][info][gc,metaspace] GC(70) Metaspace: 126138K(127936K)->126138K(127936K) NonClass: 107633K(108608K)->107633K(108608K) Class: 18504K(19328K)->18504K(19328K)
[2026-09-05T10:53:47.916-0400][391.572s][info][gc          ] GC(70) Pause Young (Normal) (G1 Evacuation Pause) 1422M->789M(1640M) 5.969ms
[2026-09-05T10:53:47.916-0400][391.572s][info][gc,cpu      ] GC(70) User=0.00s Sys=0.00s Real=0.00s
[2026-09-05T10:53:48.566-0400][392.221s][info][gc,start    ] GC(71) Pause Young (Concurrent Start) (G1 Evacuation Pause)
[2026-09-05T10:53:48.566-0400][392.221s][info][gc,task     ] GC(71) Using 23 workers of 23 for evacuation
[2026-09-05T10:53:48.573-0400][392.228s][info][gc,phases   ] GC(71)   Pre Evacuate Collection Set: 0.34ms
[2026-09-05T10:53:48.573-0400][392.228s][info][gc,phases   ] GC(71)   Merge Heap Roots: 0.22ms
[2026-09-05T10:53:48.573-0400][392.228s][info][gc,phases   ] GC(71)   Evacuate Collection Set: 5.28ms
[2026-09-05T10:53:48.573-0400][392.228s][info][gc,phases   ] GC(71)   Post Evacuate Collection Set: 0.66ms
[2026-09-05T10:53:48.573-0400][392.228s][info][gc,phases   ] GC(71)   Other: 0.32ms
[2026-09-05T10:53:48.573-0400][392.228s][info][gc,heap     ] GC(71) Eden regions: 316->0(315)
[2026-09-05T10:53:48.573-0400][392.228s][info][gc,heap     ] GC(71) Survivor regions: 26->25(43)
[2026-09-05T10:53:48.573-0400][392.228s][info][gc,heap     ] GC(71) Old regions: 355->358
[2026-09-05T10:53:48.573-0400][392.228s][info][gc,heap     ] GC(71) Archive regions: 0->0
[2026-09-05T10:53:48.573-0400][392.228s][info][gc,heap     ] GC(71) Humongous regions: 15->15
[2026-09-05T10:53:48.573-0400][392.228s][info][gc,metaspace] GC(71) Metaspace: 126139K(127936K)->126139K(127936K) NonClass: 107634K(108608K)->107634K(108608K) Class: 18504K(19328K)->18504K(19328K)
[2026-09-05T10:53:48.573-0400][392.228s][info][gc          ] GC(71) Pause Young (Concurrent Start) (G1 Evacuation Pause) 1421M->793M(1640M) 6.958ms
[2026-09-05T10:53:48.573-0400][392.228s][info][gc,cpu      ] GC(71) User=0.00s Sys=0.00s Real=0.01s
[2026-09-05T10:53:48.573-0400][392.228s][info][gc          ] GC(72) Concurrent Mark Cycle
[2026-09-05T10:53:48.573-0400][392.228s][info][gc,marking  ] GC(72) Concurrent Clear Claimed Marks
[2026-09-05T10:53:48.573-0400][392.228s][info][gc,marking  ] GC(72) Concurrent Clear Claimed Marks 0.136ms
[2026-09-05T10:53:48.573-0400][392.228s][info][gc,marking  ] GC(72) Concurrent Scan Root Regions
[2026-09-05T10:53:48.578-0400][392.233s][info][gc,marking  ] GC(72) Concurrent Scan Root Regions 5.241ms
[2026-09-05T10:53:48.578-0400][392.233s][info][gc,marking  ] GC(72) Concurrent Mark
[2026-09-05T10:53:48.578-0400][392.233s][info][gc,marking  ] GC(72) Concurrent Mark From Roots
[2026-09-05T10:53:48.578-0400][392.233s][info][gc,task     ] GC(72) Using 6 workers of 6 for marking
[2026-09-05T10:53:48.739-0400][392.394s][info][gc,marking  ] GC(72) Concurrent Mark From Roots 160.616ms
[2026-09-05T10:53:48.739-0400][392.394s][info][gc,marking  ] GC(72) Concurrent Preclean
[2026-09-05T10:53:48.739-0400][392.395s][info][gc,marking  ] GC(72) Concurrent Preclean 0.379ms
[2026-09-05T10:53:48.739-0400][392.395s][info][gc,start    ] GC(72) Pause Remark
[2026-09-05T10:53:48.749-0400][392.404s][info][gc          ] GC(72) Pause Remark 1351M->1351M(2258M) 9.563ms
[2026-09-05T10:53:48.749-0400][392.404s][info][gc,cpu      ] GC(72) User=0.06s Sys=0.00s Real=0.01s
[2026-09-05T10:53:48.749-0400][392.404s][info][gc,marking  ] GC(72) Concurrent Mark 170.901ms
[2026-09-05T10:53:48.749-0400][392.404s][info][gc,marking  ] GC(72) Concurrent Rebuild Remembered Sets
[2026-09-05T10:53:48.770-0400][392.426s][info][gc,start    ] GC(73) Pause Young (Normal) (G1 Evacuation Pause)
[2026-09-05T10:53:48.770-0400][392.426s][info][gc,task     ] GC(73) Using 23 workers of 23 for evacuation
[2026-09-05T10:53:48.777-0400][392.432s][info][gc,phases   ] GC(73)   Pre Evacuate Collection Set: 0.13ms
[2026-09-05T10:53:48.778-0400][392.432s][info][gc,phases   ] GC(73)   Merge Heap Roots: 0.20ms
[2026-09-05T10:53:48.778-0400][392.432s][info][gc,phases   ] GC(73)   Evacuate Collection Set: 5.13ms
[2026-09-05T10:53:48.778-0400][392.432s][info][gc,phases   ] GC(73)   Post Evacuate Collection Set: 0.53ms
[2026-09-05T10:53:48.778-0400][392.432s][info][gc,phases   ] GC(73)   Other: 0.19ms
[2026-09-05T10:53:48.778-0400][392.432s][info][gc,heap     ] GC(73) Eden regions: 315->0(593)
[2026-09-05T10:53:48.778-0400][392.432s][info][gc,heap     ] GC(73) Survivor regions: 25->24(43)
[2026-09-05T10:53:48.778-0400][392.432s][info][gc,heap     ] GC(73) Old regions: 358->360
[2026-09-05T10:53:48.778-0400][392.432s][info][gc,heap     ] GC(73) Archive regions: 0->0
[2026-09-05T10:53:48.778-0400][392.432s][info][gc,heap     ] GC(73) Humongous regions: 15->15
[2026-09-05T10:53:48.778-0400][392.432s][info][gc,metaspace] GC(73) Metaspace: 126140K(127936K)->126140K(127936K) NonClass: 107635K(108608K)->107635K(108608K) Class: 18504K(19328K)->18504K(19328K)
[2026-09-05T10:53:48.778-0400][392.432s][info][gc          ] GC(73) Pause Young (Normal) (G1 Evacuation Pause) 1423M->795M(2258M) 6.316ms
[2026-09-05T10:53:48.778-0400][392.432s][info][gc,cpu      ] GC(73) User=0.00s Sys=0.00s Real=0.01s
[2026-09-05T10:53:48.840-0400][392.495s][info][gc,marking  ] GC(72) Concurrent Rebuild Remembered Sets 90.319ms
[2026-09-05T10:53:48.840-0400][392.495s][info][gc,start    ] GC(72) Pause Cleanup
[2026-09-05T10:53:48.840-0400][392.495s][info][gc          ] GC(72) Pause Cleanup 859M->859M(2258M) 0.333ms
[2026-09-05T10:53:48.840-0400][392.495s][info][gc,cpu      ] GC(72) User=0.00s Sys=0.00s Real=0.00s
[2026-09-05T10:53:48.840-0400][392.495s][info][gc,marking  ] GC(72) Concurrent Cleanup for Next Mark
[2026-09-05T10:53:48.843-0400][392.497s][info][gc,marking  ] GC(72) Concurrent Cleanup for Next Mark 2.208ms
[2026-09-05T10:53:48.843-0400][392.498s][info][gc          ] GC(72) Concurrent Mark Cycle 269.620ms
[2026-09-05T10:53:49.348-0400][393.003s][info][gc,start    ] GC(74) Pause Young (Prepare Mixed) (G1 Evacuation Pause)
[2026-09-05T10:53:49.348-0400][393.003s][info][gc,task     ] GC(74) Using 23 workers of 23 for evacuation
[2026-09-05T10:53:49.355-0400][393.009s][info][gc,phases   ] GC(74)   Pre Evacuate Collection Set: 0.18ms
[2026-09-05T10:53:49.355-0400][393.009s][info][gc,phases   ] GC(74)   Merge Heap Roots: 0.21ms
[2026-09-05T10:53:49.355-0400][393.009s][info][gc,phases   ] GC(74)   Evacuate Collection Set: 4.91ms
[2026-09-05T10:53:49.355-0400][393.009s][info][gc,phases   ] GC(74)   Post Evacuate Collection Set: 0.59ms
[2026-09-05T10:53:49.355-0400][393.009s][info][gc,phases   ] GC(74)   Other: 0.22ms
[2026-09-05T10:53:49.355-0400][393.009s][info][gc,heap     ] GC(74) Eden regions: 593->0(28)
[2026-09-05T10:53:49.355-0400][393.009s][info][gc,heap     ] GC(74) Survivor regions: 24->28(78)
[2026-09-05T10:53:49.355-0400][393.009s][info][gc,heap     ] GC(74) Old regions: 360->360
[2026-09-05T10:53:49.355-0400][393.009s][info][gc,heap     ] GC(74) Archive regions: 0->0
[2026-09-05T10:53:49.355-0400][393.009s][info][gc,heap     ] GC(74) Humongous regions: 15->15
[2026-09-05T10:53:49.355-0400][393.009s][info][gc,metaspace] GC(74) Metaspace: 126152K(127936K)->126152K(127936K) NonClass: 107648K(108608K)->107648K(108608K) Class: 18504K(19328K)->18504K(19328K)
[2026-09-05T10:53:49.355-0400][393.010s][info][gc          ] GC(74) Pause Young (Prepare Mixed) (G1 Evacuation Pause) 1981M->803M(2258M) 6.245ms
[2026-09-05T10:53:49.355-0400][393.010s][info][gc,cpu      ] GC(74) User=0.00s Sys=0.00s Real=0.01s
[2026-09-05T10:53:49.374-0400][393.029s][info][gc,start    ] GC(75) Pause Young (Mixed) (G1 Evacuation Pause)
[2026-09-05T10:53:49.374-0400][393.029s][info][gc,task     ] GC(75) Using 23 workers of 23 for evacuation
[2026-09-05T10:53:49.379-0400][393.035s][info][gc,phases   ] GC(75)   Pre Evacuate Collection Set: 0.14ms
[2026-09-05T10:53:49.380-0400][393.035s][info][gc,phases   ] GC(75)   Merge Heap Roots: 0.12ms
[2026-09-05T10:53:49.380-0400][393.035s][info][gc,phases   ] GC(75)   Evacuate Collection Set: 4.99ms
[2026-09-05T10:53:49.380-0400][393.035s][info][gc,phases   ] GC(75)   Post Evacuate Collection Set: 0.36ms
[2026-09-05T10:53:49.380-0400][393.035s][info][gc,phases   ] GC(75)   Other: 0.14ms
[2026-09-05T10:53:49.380-0400][393.035s][info][gc,heap     ] GC(75) Eden regions: 28->0(607)
[2026-09-05T10:53:49.380-0400][393.035s][info][gc,heap     ] GC(75) Survivor regions: 28->5(7)
[2026-09-05T10:53:49.380-0400][393.035s][info][gc,heap     ] GC(75) Old regions: 360->366
[2026-09-05T10:53:49.380-0400][393.035s][info][gc,heap     ] GC(75) Archive regions: 0->0
[2026-09-05T10:53:49.380-0400][393.035s][info][gc,heap     ] GC(75) Humongous regions: 15->15
[2026-09-05T10:53:49.380-0400][393.035s][info][gc,metaspace] GC(75) Metaspace: 126152K(127936K)->126152K(127936K) NonClass: 107648K(108608K)->107648K(108608K) Class: 18504K(19328K)->18504K(19328K)
[2026-09-05T10:53:49.380-0400][393.035s][info][gc          ] GC(75) Pause Young (Mixed) (G1 Evacuation Pause) 859M->769M(2258M) 5.886ms
[2026-09-05T10:53:49.380-0400][393.035s][info][gc,cpu      ] GC(75) User=0.00s Sys=0.00s Real=0.01s
[2026-09-05T10:53:50.372-0400][394.027s][info][gc,start    ] GC(76) Pause Young (Normal) (G1 Evacuation Pause)
[2026-09-05T10:53:50.372-0400][394.027s][info][gc,task     ] GC(76) Using 23 workers of 23 for evacuation
[2026-09-05T10:53:50.376-0400][394.031s][info][gc,phases   ] GC(76)   Pre Evacuate Collection Set: 0.22ms
[2026-09-05T10:53:50.376-0400][394.031s][info][gc,phases   ] GC(76)   Merge Heap Roots: 0.28ms
[2026-09-05T10:53:50.376-0400][394.031s][info][gc,phases   ] GC(76)   Evacuate Collection Set: 2.25ms
[2026-09-05T10:53:50.376-0400][394.031s][info][gc,phases   ] GC(76)   Post Evacuate Collection Set: 0.74ms
[2026-09-05T10:53:50.376-0400][394.031s][info][gc,phases   ] GC(76)   Other: 0.26ms
[2026-09-05T10:53:50.376-0400][394.031s][info][gc,heap     ] GC(76) Eden regions: 607->0(610)
[2026-09-05T10:53:50.376-0400][394.031s][info][gc,heap     ] GC(76) Survivor regions: 5->5(77)
[2026-09-05T10:53:50.376-0400][394.031s][info][gc,heap     ] GC(76) Old regions: 366->366
[2026-09-05T10:53:50.376-0400][394.031s][info][gc,heap     ] GC(76) Archive regions: 0->0
[2026-09-05T10:53:50.376-0400][394.031s][info][gc,heap     ] GC(76) Humongous regions: 15->15
[2026-09-05T10:53:50.376-0400][394.031s][info][gc,metaspace] GC(76) Metaspace: 126219K(128000K)->126219K(128000K) NonClass: 107703K(108672K)->107703K(108672K) Class: 18516K(19328K)->18516K(19328K)
[2026-09-05T10:53:50.376-0400][394.031s][info][gc          ] GC(76) Pause Young (Normal) (G1 Evacuation Pause) 1983M->769M(2258M) 3.936ms
[2026-09-05T10:53:50.376-0400][394.031s][info][gc,cpu      ] GC(76) User=0.00s Sys=0.00s Real=0.00s
[2026-09-05T10:53:50.893-0400][394.548s][info][gc,start    ] GC(77) Pause Young (Normal) (G1 Evacuation Pause)
[2026-09-05T10:53:50.893-0400][394.548s][info][gc,task     ] GC(77) Using 23 workers of 23 for evacuation
[2026-09-05T10:53:50.896-0400][394.551s][info][gc,phases   ] GC(77)   Pre Evacuate Collection Set: 0.21ms
[2026-09-05T10:53:50.896-0400][394.551s][info][gc,phases   ] GC(77)   Merge Heap Roots: 0.18ms
[2026-09-05T10:53:50.896-0400][394.551s][info][gc,phases   ] GC(77)   Evacuate Collection Set: 2.04ms
[2026-09-05T10:53:50.896-0400][394.551s][info][gc,phases   ] GC(77)   Post Evacuate Collection Set: 0.65ms
[2026-09-05T10:53:50.896-0400][394.551s][info][gc,phases   ] GC(77)   Other: 0.19ms
[2026-09-05T10:53:50.896-0400][394.551s][info][gc,heap     ] GC(77) Eden regions: 610->0(610)
[2026-09-05T10:53:50.896-0400][394.551s][info][gc,heap     ] GC(77) Survivor regions: 5->8(77)
[2026-09-05T10:53:50.896-0400][394.551s][info][gc,heap     ] GC(77) Old regions: 366->366
[2026-09-05T10:53:50.896-0400][394.551s][info][gc,heap     ] GC(77) Archive regions: 0->0
[2026-09-05T10:53:50.896-0400][394.551s][info][gc,heap     ] GC(77) Humongous regions: 15->15
[2026-09-05T10:53:50.896-0400][394.551s][info][gc,metaspace] GC(77) Metaspace: 126228K(128000K)->126228K(128000K) NonClass: 107711K(108672K)->107711K(108672K) Class: 18516K(19328K)->18516K(19328K)
[2026-09-05T10:53:50.896-0400][394.551s][info][gc          ] GC(77) Pause Young (Normal) (G1 Evacuation Pause) 1989M->775M(2258M) 3.503ms
[2026-09-05T10:53:50.896-0400][394.551s][info][gc,cpu      ] GC(77) User=0.00s Sys=0.00s Real=0.00s
[2026-09-05T10:53:51.131-0400][394.787s][info][gc,start    ] GC(78) Pause Young (Normal) (G1 Evacuation Pause)
[2026-09-05T10:53:51.131-0400][394.787s][info][gc,task     ] GC(78) Using 23 workers of 23 for evacuation
[2026-09-05T10:53:51.135-0400][394.790s][info][gc,phases   ] GC(78)   Pre Evacuate Collection Set: 0.16ms
[2026-09-05T10:53:51.135-0400][394.790s][info][gc,phases   ] GC(78)   Merge Heap Roots: 0.17ms
[2026-09-05T10:53:51.135-0400][394.790s][info][gc,phases   ] GC(78)   Evacuate Collection Set: 2.61ms
[2026-09-05T10:53:51.135-0400][394.790s][info][gc,phases   ] GC(78)   Post Evacuate Collection Set: 0.56ms
[2026-09-05T10:53:51.135-0400][394.790s][info][gc,phases   ] GC(78)   Other: 0.24ms
[2026-09-05T10:53:51.135-0400][394.790s][info][gc,heap     ] GC(78) Eden regions: 610->0(607)
[2026-09-05T10:53:51.135-0400][394.790s][info][gc,heap     ] GC(78) Survivor regions: 8->12(78)
[2026-09-05T10:53:51.135-0400][394.790s][info][gc,heap     ] GC(78) Old regions: 366->366
[2026-09-05T10:53:51.135-0400][394.790s][info][gc,heap     ] GC(78) Archive regions: 0->0
[2026-09-05T10:53:51.135-0400][394.790s][info][gc,heap     ] GC(78) Humongous regions: 15->15
[2026-09-05T10:53:51.135-0400][394.791s][info][gc,metaspace] GC(78) Metaspace: 126236K(128000K)->126236K(128000K) NonClass: 107719K(108672K)->107719K(108672K) Class: 18516K(19328K)->18516K(19328K)
[2026-09-05T10:53:51.135-0400][394.791s][info][gc          ] GC(78) Pause Young (Normal) (G1 Evacuation Pause) 1995M->783M(2258M) 3.865ms
[2026-09-05T10:53:51.135-0400][394.791s][info][gc,cpu      ] GC(78) User=0.00s Sys=0.00s Real=0.00s
[2026-09-05T10:53:51.732-0400][395.387s][info][gc,start    ] GC(79) Pause Young (Normal) (G1 Evacuation Pause)
[2026-09-05T10:53:51.732-0400][395.387s][info][gc,task     ] GC(79) Using 23 workers of 23 for evacuation
[2026-09-05T10:53:51.737-0400][395.392s][info][gc,phases   ] GC(79)   Pre Evacuate Collection Set: 0.20ms
[2026-09-05T10:53:51.737-0400][395.392s][info][gc,phases   ] GC(79)   Merge Heap Roots: 0.26ms
[2026-09-05T10:53:51.737-0400][395.392s][info][gc,phases   ] GC(79)   Evacuate Collection Set: 3.66ms
[2026-09-05T10:53:51.737-0400][395.392s][info][gc,phases   ] GC(79)   Post Evacuate Collection Set: 0.60ms
[2026-09-05T10:53:51.737-0400][395.392s][info][gc,phases   ] GC(79)   Other: 0.34ms
[2026-09-05T10:53:51.737-0400][395.392s][info][gc,heap     ] GC(79) Eden regions: 607->0(601)
[2026-09-05T10:53:51.737-0400][395.392s][info][gc,heap     ] GC(79) Survivor regions: 12->17(78)
[2026-09-05T10:53:51.737-0400][395.392s][info][gc,heap     ] GC(79) Old regions: 366->366
[2026-09-05T10:53:51.737-0400][395.392s][info][gc,heap     ] GC(79) Archive regions: 0->0
[2026-09-05T10:53:51.737-0400][395.392s][info][gc,heap     ] GC(79) Humongous regions: 15->15
[2026-09-05T10:53:51.737-0400][395.392s][info][gc,metaspace] GC(79) Metaspace: 126282K(128064K)->126282K(128064K) NonClass: 107766K(108736K)->107766K(108736K) Class: 18516K(19328K)->18516K(19328K)
[2026-09-05T10:53:51.737-0400][395.392s][info][gc          ] GC(79) Pause Young (Normal) (G1 Evacuation Pause) 1997M->794M(2258M) 5.195ms
[2026-09-05T10:53:51.737-0400][395.392s][info][gc,cpu      ] GC(79) User=0.00s Sys=0.00s Real=0.00s
[2026-09-05T10:53:52.547-0400][396.203s][info][gc,start    ] GC(80) Pause Young (Normal) (G1 Evacuation Pause)
[2026-09-05T10:53:52.547-0400][396.203s][info][gc,task     ] GC(80) Using 23 workers of 23 for evacuation
[2026-09-05T10:53:52.553-0400][396.208s][info][gc,phases   ] GC(80)   Pre Evacuate Collection Set: 0.27ms
[2026-09-05T10:53:52.553-0400][396.208s][info][gc,phases   ] GC(80)   Merge Heap Roots: 0.22ms
[2026-09-05T10:53:52.553-0400][396.208s][info][gc,phases   ] GC(80)   Evacuate Collection Set: 3.52ms
[2026-09-05T10:53:52.553-0400][396.208s][info][gc,phases   ] GC(80)   Post Evacuate Collection Set: 0.67ms
[2026-09-05T10:53:52.553-0400][396.208s][info][gc,phases   ] GC(80)   Other: 0.14ms
[2026-09-05T10:53:52.553-0400][396.208s][info][gc,heap     ] GC(80) Eden regions: 601->0(593)
[2026-09-05T10:53:52.553-0400][396.208s][info][gc,heap     ] GC(80) Survivor regions: 17->21(78)
[2026-09-05T10:53:52.553-0400][396.208s][info][gc,heap     ] GC(80) Old regions: 366->366
[2026-09-05T10:53:52.553-0400][396.208s][info][gc,heap     ] GC(80) Archive regions: 0->0
[2026-09-05T10:53:52.553-0400][396.208s][info][gc,heap     ] GC(80) Humongous regions: 15->15
[2026-09-05T10:53:52.553-0400][396.208s][info][gc,metaspace] GC(80) Metaspace: 126305K(128064K)->126305K(128064K) NonClass: 107788K(108736K)->107788K(108736K) Class: 18516K(19328K)->18516K(19328K)
[2026-09-05T10:53:52.553-0400][396.208s][info][gc          ] GC(80) Pause Young (Normal) (G1 Evacuation Pause) 1996M->802M(2258M) 4.947ms
[2026-09-05T10:53:52.553-0400][396.208s][info][gc,cpu      ] GC(80) User=0.00s Sys=0.00s Real=0.01s
[2026-09-05T10:53:53.234-0400][396.889s][info][gc,start    ] GC(81) Pause Young (Normal) (G1 Evacuation Pause)
[2026-09-05T10:53:53.234-0400][396.889s][info][gc,task     ] GC(81) Using 23 workers of 23 for evacuation
[2026-09-05T10:53:53.239-0400][396.894s][info][gc,phases   ] GC(81)   Pre Evacuate Collection Set: 0.17ms
[2026-09-05T10:53:53.240-0400][396.894s][info][gc,phases   ] GC(81)   Merge Heap Roots: 0.20ms
[2026-09-05T10:53:53.240-0400][396.894s][info][gc,phases   ] GC(81)   Evacuate Collection Set: 3.90ms
[2026-09-05T10:53:53.240-0400][396.894s][info][gc,phases   ] GC(81)   Post Evacuate Collection Set: 0.77ms
[2026-09-05T10:53:53.240-0400][396.894s][info][gc,phases   ] GC(81)   Other: 0.21ms
[2026-09-05T10:53:53.240-0400][396.894s][info][gc,heap     ] GC(81) Eden regions: 593->0(589)
[2026-09-05T10:53:53.240-0400][396.894s][info][gc,heap     ] GC(81) Survivor regions: 21->23(77)
[2026-09-05T10:53:53.240-0400][396.894s][info][gc,heap     ] GC(81) Old regions: 366->366
[2026-09-05T10:53:53.240-0400][396.894s][info][gc,heap     ] GC(81) Archive regions: 0->0
[2026-09-05T10:53:53.240-0400][396.894s][info][gc,heap     ] GC(81) Humongous regions: 15->15
[2026-09-05T10:53:53.240-0400][396.894s][info][gc,metaspace] GC(81) Metaspace: 126305K(128064K)->126305K(128064K) NonClass: 107788K(108736K)->107788K(108736K) Class: 18516K(19328K)->18516K(19328K)
[2026-09-05T10:53:53.240-0400][396.894s][info][gc          ] GC(81) Pause Young (Normal) (G1 Evacuation Pause) 1988M->806M(2258M) 5.382ms
[2026-09-05T10:53:53.240-0400][396.895s][info][gc,cpu      ] GC(81) User=0.00s Sys=0.00s Real=0.01s
[2026-09-05T10:53:53.768-0400][397.423s][info][gc,start    ] GC(82) Pause Young (Normal) (G1 Evacuation Pause)
[2026-09-05T10:53:53.768-0400][397.423s][info][gc,task     ] GC(82) Using 23 workers of 23 for evacuation
[2026-09-05T10:53:53.774-0400][397.429s][info][gc,phases   ] GC(82)   Pre Evacuate Collection Set: 0.21ms
[2026-09-05T10:53:53.775-0400][397.429s][info][gc,phases   ] GC(82)   Merge Heap Roots: 0.24ms
[2026-09-05T10:53:53.775-0400][397.429s][info][gc,phases   ] GC(82)   Evacuate Collection Set: 5.16ms
[2026-09-05T10:53:53.775-0400][397.429s][info][gc,phases   ] GC(82)   Post Evacuate Collection Set: 0.65ms
[2026-09-05T10:53:53.775-0400][397.429s][info][gc,phases   ] GC(82)   Other: 0.21ms
[2026-09-05T10:53:53.775-0400][397.429s][info][gc,heap     ] GC(82) Eden regions: 589->0(579)
[2026-09-05T10:53:53.775-0400][397.429s][info][gc,heap     ] GC(82) Survivor regions: 23->28(77)
[2026-09-05T10:53:53.775-0400][397.429s][info][gc,heap     ] GC(82) Old regions: 366->366
[2026-09-05T10:53:53.775-0400][397.429s][info][gc,heap     ] GC(82) Archive regions: 0->0
[2026-09-05T10:53:53.775-0400][397.429s][info][gc,heap     ] GC(82) Humongous regions: 15->15
[2026-09-05T10:53:53.775-0400][397.429s][info][gc,metaspace] GC(82) Metaspace: 126317K(128128K)->126317K(128128K) NonClass: 107800K(108800K)->107800K(108800K) Class: 18516K(19328K)->18516K(19328K)
[2026-09-05T10:53:53.775-0400][397.429s][info][gc          ] GC(82) Pause Young (Normal) (G1 Evacuation Pause) 1984M->814M(2258M) 6.630ms
[2026-09-05T10:53:53.775-0400][397.429s][info][gc,cpu      ] GC(82) User=0.00s Sys=0.00s Real=0.01s
[2026-09-05T10:53:54.287-0400][397.942s][info][gc,start    ] GC(83) Pause Young (Normal) (G1 Evacuation Pause)
[2026-09-05T10:53:54.287-0400][397.942s][info][gc,task     ] GC(83) Using 23 workers of 23 for evacuation
[2026-09-05T10:53:54.294-0400][397.949s][info][gc,phases   ] GC(83)   Pre Evacuate Collection Set: 0.25ms
[2026-09-05T10:53:54.294-0400][397.949s][info][gc,phases   ] GC(83)   Merge Heap Roots: 0.22ms
[2026-09-05T10:53:54.294-0400][397.949s][info][gc,phases   ] GC(83)   Evacuate Collection Set: 5.57ms
[2026-09-05T10:53:54.294-0400][397.949s][info][gc,phases   ] GC(83)   Post Evacuate Collection Set: 0.71ms
[2026-09-05T10:53:54.294-0400][397.949s][info][gc,phases   ] GC(83)   Other: 0.19ms
[2026-09-05T10:53:54.294-0400][397.949s][info][gc,heap     ] GC(83) Eden regions: 579->0(571)
[2026-09-05T10:53:54.294-0400][397.949s][info][gc,heap     ] GC(83) Survivor regions: 28->32(76)
[2026-09-05T10:53:54.294-0400][397.949s][info][gc,heap     ] GC(83) Old regions: 366->366
[2026-09-05T10:53:54.294-0400][397.949s][info][gc,heap     ] GC(83) Archive regions: 0->0
[2026-09-05T10:53:54.294-0400][397.949s][info][gc,heap     ] GC(83) Humongous regions: 15->15
[2026-09-05T10:53:54.294-0400][397.949s][info][gc,metaspace] GC(83) Metaspace: 126364K(128128K)->126364K(128128K) NonClass: 107847K(108800K)->107847K(108800K) Class: 18517K(19328K)->18517K(19328K)
[2026-09-05T10:53:54.294-0400][397.949s][info][gc          ] GC(83) Pause Young (Normal) (G1 Evacuation Pause) 1972M->823M(2258M) 7.109ms
[2026-09-05T10:53:54.294-0400][397.949s][info][gc,cpu      ] GC(83) User=0.00s Sys=0.02s Real=0.01s
[2026-09-05T10:53:54.545-0400][398.200s][info][gc,start    ] GC(84) Pause Young (Normal) (G1 Evacuation Pause)
[2026-09-05T10:53:54.545-0400][398.200s][info][gc,task     ] GC(84) Using 23 workers of 23 for evacuation
[2026-09-05T10:53:54.551-0400][398.206s][info][gc,phases   ] GC(84)   Pre Evacuate Collection Set: 0.13ms
[2026-09-05T10:53:54.551-0400][398.206s][info][gc,phases   ] GC(84)   Merge Heap Roots: 0.15ms
[2026-09-05T10:53:54.551-0400][398.206s][info][gc,phases   ] GC(84)   Evacuate Collection Set: 4.99ms
[2026-09-05T10:53:54.551-0400][398.206s][info][gc,phases   ] GC(84)   Post Evacuate Collection Set: 0.56ms
[2026-09-05T10:53:54.551-0400][398.206s][info][gc,phases   ] GC(84)   Other: 0.15ms
[2026-09-05T10:53:54.551-0400][398.206s][info][gc,heap     ] GC(84) Eden regions: 571->0(565)
[2026-09-05T10:53:54.551-0400][398.206s][info][gc,heap     ] GC(84) Survivor regions: 32->35(76)
[2026-09-05T10:53:54.551-0400][398.206s][info][gc,heap     ] GC(84) Old regions: 366->366
[2026-09-05T10:53:54.551-0400][398.206s][info][gc,heap     ] GC(84) Archive regions: 0->0
[2026-09-05T10:53:54.551-0400][398.206s][info][gc,heap     ] GC(84) Humongous regions: 15->15
[2026-09-05T10:53:54.551-0400][398.206s][info][gc,metaspace] GC(84) Metaspace: 126364K(128128K)->126364K(128128K) NonClass: 107847K(108800K)->107847K(108800K) Class: 18517K(19328K)->18517K(19328K)
[2026-09-05T10:53:54.551-0400][398.206s][info][gc          ] GC(84) Pause Young (Normal) (G1 Evacuation Pause) 1965M->829M(2258M) 6.138ms
[2026-09-05T10:53:54.551-0400][398.206s][info][gc,cpu      ] GC(84) User=0.00s Sys=0.00s Real=0.01s
[2026-09-05T10:54:01.102-0400][404.757s][info][gc,start    ] GC(85) Pause Young (Normal) (G1 Evacuation Pause)
[2026-09-05T10:54:01.103-0400][404.757s][info][gc,task     ] GC(85) Using 23 workers of 23 for evacuation
[2026-09-05T10:54:01.116-0400][404.771s][info][gc,phases   ] GC(85)   Pre Evacuate Collection Set: 0.18ms
[2026-09-05T10:54:01.116-0400][404.771s][info][gc,phases   ] GC(85)   Merge Heap Roots: 0.24ms
[2026-09-05T10:54:01.116-0400][404.771s][info][gc,phases   ] GC(85)   Evacuate Collection Set: 11.77ms
[2026-09-05T10:54:01.116-0400][404.771s][info][gc,phases   ] GC(85)   Post Evacuate Collection Set: 0.89ms
[2026-09-05T10:54:01.116-0400][404.771s][info][gc,phases   ] GC(85)   Other: 0.21ms
[2026-09-05T10:54:01.116-0400][404.771s][info][gc,heap     ] GC(85) Eden regions: 565->0(513)
[2026-09-05T10:54:01.116-0400][404.771s][info][gc,heap     ] GC(85) Survivor regions: 35->61(75)
[2026-09-05T10:54:01.116-0400][404.771s][info][gc,heap     ] GC(85) Old regions: 366->366
[2026-09-05T10:54:01.116-0400][404.771s][info][gc,heap     ] GC(85) Archive regions: 0->0
[2026-09-05T10:54:01.116-0400][404.771s][info][gc,heap     ] GC(85) Humongous regions: 15->15
[2026-09-05T10:54:01.116-0400][404.771s][info][gc,metaspace] GC(85) Metaspace: 137515K(139328K)->137515K(139328K) NonClass: 117395K(118400K)->117395K(118400K) Class: 20119K(20928K)->20119K(20928K)
[2026-09-05T10:54:01.116-0400][404.771s][info][gc          ] GC(85) Pause Young (Normal) (G1 Evacuation Pause) 1959M->881M(2258M) 13.418ms
[2026-09-05T10:54:01.116-0400][404.771s][info][gc,cpu      ] GC(85) User=0.38s Sys=0.00s Real=0.01s
[2026-09-05T10:54:02.051-0400][405.706s][info][gc,start    ] GC(86) Pause Young (Normal) (G1 Evacuation Pause)
[2026-09-05T10:54:02.051-0400][405.706s][info][gc,task     ] GC(86) Using 23 workers of 23 for evacuation
[2026-09-05T10:54:02.072-0400][405.727s][info][gc,phases   ] GC(86)   Pre Evacuate Collection Set: 0.21ms
[2026-09-05T10:54:02.072-0400][405.727s][info][gc,phases   ] GC(86)   Merge Heap Roots: 0.21ms
[2026-09-05T10:54:02.072-0400][405.727s][info][gc,phases   ] GC(86)   Evacuate Collection Set: 19.73ms
[2026-09-05T10:54:02.072-0400][405.727s][info][gc,phases   ] GC(86)   Post Evacuate Collection Set: 0.82ms
[2026-09-05T10:54:02.072-0400][405.727s][info][gc,phases   ] GC(86)   Other: 0.23ms
[2026-09-05T10:54:02.072-0400][405.727s][info][gc,heap     ] GC(86) Eden regions: 513->0(516)
[2026-09-05T10:54:02.072-0400][405.727s][info][gc,heap     ] GC(86) Survivor regions: 61->47(72)
[2026-09-05T10:54:02.072-0400][405.727s][info][gc,heap     ] GC(86) Old regions: 366->389
[2026-09-05T10:54:02.072-0400][405.727s][info][gc,heap     ] GC(86) Archive regions: 0->0
[2026-09-05T10:54:02.072-0400][405.727s][info][gc,heap     ] GC(86) Humongous regions: 15->15
[2026-09-05T10:54:02.072-0400][405.727s][info][gc,metaspace] GC(86) Metaspace: 139634K(141504K)->139634K(141504K) NonClass: 119199K(120192K)->119199K(120192K) Class: 20434K(21312K)->20434K(21312K)
[2026-09-05T10:54:02.072-0400][405.727s][info][gc          ] GC(86) Pause Young (Normal) (G1 Evacuation Pause) 1907M->901M(2258M) 21.401ms
[2026-09-05T10:54:02.072-0400][405.727s][info][gc,cpu      ] GC(86) User=0.38s Sys=0.02s Real=0.02s
[2026-09-05T10:54:02.562-0400][406.218s][info][gc,start    ] GC(87) Pause Young (Normal) (G1 Evacuation Pause)
[2026-09-05T10:54:02.562-0400][406.218s][info][gc,task     ] GC(87) Using 23 workers of 23 for evacuation
[2026-09-05T10:54:02.574-0400][406.229s][info][gc,phases   ] GC(87)   Pre Evacuate Collection Set: 0.22ms
[2026-09-05T10:54:02.574-0400][406.229s][info][gc,phases   ] GC(87)   Merge Heap Roots: 0.25ms
[2026-09-05T10:54:02.574-0400][406.229s][info][gc,phases   ] GC(87)   Evacuate Collection Set: 9.75ms
[2026-09-05T10:54:02.574-0400][406.229s][info][gc,phases   ] GC(87)   Post Evacuate Collection Set: 1.03ms
[2026-09-05T10:54:02.574-0400][406.229s][info][gc,phases   ] GC(87)   Other: 0.24ms
[2026-09-05T10:54:02.574-0400][406.229s][info][gc,heap     ] GC(87) Eden regions: 516->0(513)
[2026-09-05T10:54:02.574-0400][406.229s][info][gc,heap     ] GC(87) Survivor regions: 47->28(71)
[2026-09-05T10:54:02.574-0400][406.229s][info][gc,heap     ] GC(87) Old regions: 389->416
[2026-09-05T10:54:02.574-0400][406.229s][info][gc,heap     ] GC(87) Archive regions: 0->0
[2026-09-05T10:54:02.574-0400][406.229s][info][gc,heap     ] GC(87) Humongous regions: 15->15
[2026-09-05T10:54:02.575-0400][406.229s][info][gc,metaspace] GC(87) Metaspace: 140560K(142464K)->140560K(142464K) NonClass: 120014K(121024K)->120014K(121024K) Class: 20546K(21440K)->20546K(21440K)
[2026-09-05T10:54:02.575-0400][406.229s][info][gc          ] GC(87) Pause Young (Normal) (G1 Evacuation Pause) 1933M->917M(2258M) 11.618ms
[2026-09-05T10:54:02.575-0400][406.229s][info][gc,cpu      ] GC(87) User=0.00s Sys=0.00s Real=0.01s
[2026-09-05T10:54:04.198-0400][407.854s][info][gc,start    ] GC(88) Pause Young (Normal) (G1 Evacuation Pause)
[2026-09-05T10:54:04.199-0400][407.854s][info][gc,task     ] GC(88) Using 23 workers of 23 for evacuation
[2026-09-05T10:54:04.208-0400][407.863s][info][gc,phases   ] GC(88)   Pre Evacuate Collection Set: 0.22ms
[2026-09-05T10:54:04.208-0400][407.864s][info][gc,phases   ] GC(88)   Merge Heap Roots: 0.22ms
[2026-09-05T10:54:04.208-0400][407.864s][info][gc,phases   ] GC(88)   Evacuate Collection Set: 8.11ms
[2026-09-05T10:54:04.208-0400][407.864s][info][gc,phases   ] GC(88)   Post Evacuate Collection Set: 0.79ms
[2026-09-05T10:54:04.208-0400][407.864s][info][gc,phases   ] GC(88)   Other: 0.23ms
[2026-09-05T10:54:04.208-0400][407.864s][info][gc,heap     ] GC(88) Eden regions: 513->0(500)
[2026-09-05T10:54:04.208-0400][407.864s][info][gc,heap     ] GC(88) Survivor regions: 28->38(68)
[2026-09-05T10:54:04.208-0400][407.864s][info][gc,heap     ] GC(88) Old regions: 416->416
[2026-09-05T10:54:04.208-0400][407.864s][info][gc,heap     ] GC(88) Archive regions: 0->0
[2026-09-05T10:54:04.208-0400][407.864s][info][gc,heap     ] GC(88) Humongous regions: 15->15
[2026-09-05T10:54:04.208-0400][407.864s][info][gc,metaspace] GC(88) Metaspace: 142432K(144320K)->142432K(144320K) NonClass: 121674K(122688K)->121674K(122688K) Class: 20757K(21632K)->20757K(21632K)
[2026-09-05T10:54:04.208-0400][407.864s][info][gc          ] GC(88) Pause Young (Normal) (G1 Evacuation Pause) 1943M->936M(2258M) 9.822ms
[2026-09-05T10:54:04.208-0400][407.864s][info][gc,cpu      ] GC(88) User=0.05s Sys=0.05s Real=0.01s
[2026-09-05T10:54:04.951-0400][408.606s][info][gc,start    ] GC(89) Pause Young (Normal) (GCLocker Initiated GC)
[2026-09-05T10:54:04.951-0400][408.606s][info][gc,task     ] GC(89) Using 23 workers of 23 for evacuation
[2026-09-05T10:54:04.969-0400][408.623s][info][gc,phases   ] GC(89)   Pre Evacuate Collection Set: 0.18ms
[2026-09-05T10:54:04.969-0400][408.623s][info][gc,phases   ] GC(89)   Merge Heap Roots: 0.22ms
[2026-09-05T10:54:04.969-0400][408.623s][info][gc,phases   ] GC(89)   Evacuate Collection Set: 16.11ms
[2026-09-05T10:54:04.969-0400][408.623s][info][gc,phases   ] GC(89)   Post Evacuate Collection Set: 0.89ms
[2026-09-05T10:54:04.969-0400][408.623s][info][gc,phases   ] GC(89)   Other: 0.23ms
[2026-09-05T10:54:04.969-0400][408.623s][info][gc,heap     ] GC(89) Eden regions: 501->0(456)
[2026-09-05T10:54:04.969-0400][408.623s][info][gc,heap     ] GC(89) Survivor regions: 38->47(68)
[2026-09-05T10:54:04.969-0400][408.623s][info][gc,heap     ] GC(89) Old regions: 416->433
[2026-09-05T10:54:04.969-0400][408.623s][info][gc,heap     ] GC(89) Archive regions: 0->0
[2026-09-05T10:54:04.969-0400][408.623s][info][gc,heap     ] GC(89) Humongous regions: 15->15
[2026-09-05T10:54:04.969-0400][408.623s][info][gc,metaspace] GC(89) Metaspace: 142527K(144384K)->142527K(144384K) NonClass: 121761K(122752K)->121761K(122752K) Class: 20765K(21632K)->20765K(21632K)
[2026-09-05T10:54:04.969-0400][408.624s][info][gc          ] GC(89) Pause Young (Normal) (GCLocker Initiated GC) 1937M->987M(2258M) 17.806ms
[2026-09-05T10:54:04.969-0400][408.624s][info][gc,cpu      ] GC(89) User=0.45s Sys=0.02s Real=0.02s
[2026-09-05T10:54:07.590-0400][411.245s][info][gc,start    ] GC(90) Pause Young (Normal) (GCLocker Initiated GC)
[2026-09-05T10:54:07.590-0400][411.246s][info][gc,task     ] GC(90) Using 23 workers of 23 for evacuation
[2026-09-05T10:54:07.599-0400][411.254s][info][gc,phases   ] GC(90)   Pre Evacuate Collection Set: 0.15ms
[2026-09-05T10:54:07.599-0400][411.254s][info][gc,phases   ] GC(90)   Merge Heap Roots: 0.25ms
[2026-09-05T10:54:07.599-0400][411.254s][info][gc,phases   ] GC(90)   Evacuate Collection Set: 6.86ms
[2026-09-05T10:54:07.599-0400][411.254s][info][gc,phases   ] GC(90)   Post Evacuate Collection Set: 0.76ms
[2026-09-05T10:54:07.599-0400][411.254s][info][gc,phases   ] GC(90)   Other: 0.14ms
[2026-09-05T10:54:07.599-0400][411.254s][info][gc,heap     ] GC(90) Eden regions: 456->0(479)
[2026-09-05T10:54:07.599-0400][411.254s][info][gc,heap     ] GC(90) Survivor regions: 47->18(63)
[2026-09-05T10:54:07.599-0400][411.254s][info][gc,heap     ] GC(90) Old regions: 433->443
[2026-09-05T10:54:07.599-0400][411.254s][info][gc,heap     ] GC(90) Archive regions: 0->0
[2026-09-05T10:54:07.599-0400][411.254s][info][gc,heap     ] GC(90) Humongous regions: 15->15
[2026-09-05T10:54:07.599-0400][411.254s][info][gc,metaspace] GC(90) Metaspace: 143149K(145088K)->143149K(145088K) NonClass: 122267K(123328K)->122267K(123328K) Class: 20881K(21760K)->20881K(21760K)
[2026-09-05T10:54:07.599-0400][411.254s][info][gc          ] GC(90) Pause Young (Normal) (GCLocker Initiated GC) 1899M->949M(2258M) 8.437ms
[2026-09-05T10:54:07.599-0400][411.254s][info][gc,cpu      ] GC(90) User=0.00s Sys=0.00s Real=0.01s
[2026-09-05T10:54:08.445-0400][412.100s][info][gc,start    ] GC(91) Pause Young (Normal) (G1 Evacuation Pause)
[2026-09-05T10:54:08.445-0400][412.100s][info][gc,task     ] GC(91) Using 23 workers of 23 for evacuation
[2026-09-05T10:54:08.450-0400][412.105s][info][gc,phases   ] GC(91)   Pre Evacuate Collection Set: 0.19ms
[2026-09-05T10:54:08.450-0400][412.105s][info][gc,phases   ] GC(91)   Merge Heap Roots: 0.18ms
[2026-09-05T10:54:08.450-0400][412.105s][info][gc,phases   ] GC(91)   Evacuate Collection Set: 4.01ms
[2026-09-05T10:54:08.450-0400][412.106s][info][gc,phases   ] GC(91)   Post Evacuate Collection Set: 0.56ms
[2026-09-05T10:54:08.450-0400][412.106s][info][gc,phases   ] GC(91)   Other: 0.15ms
[2026-09-05T10:54:08.450-0400][412.106s][info][gc,heap     ] GC(91) Eden regions: 479->0(493)
[2026-09-05T10:54:08.450-0400][412.106s][info][gc,heap     ] GC(91) Survivor regions: 18->11(63)
[2026-09-05T10:54:08.450-0400][412.106s][info][gc,heap     ] GC(91) Old regions: 443->443
[2026-09-05T10:54:08.450-0400][412.106s][info][gc,heap     ] GC(91) Archive regions: 0->0
[2026-09-05T10:54:08.450-0400][412.106s][info][gc,heap     ] GC(91) Humongous regions: 15->15
[2026-09-05T10:54:08.450-0400][412.106s][info][gc,metaspace] GC(91) Metaspace: 143307K(145216K)->143307K(145216K) NonClass: 122423K(123456K)->122423K(123456K) Class: 20884K(21760K)->20884K(21760K)
[2026-09-05T10:54:08.450-0400][412.106s][info][gc          ] GC(91) Pause Young (Normal) (G1 Evacuation Pause) 1907M->936M(2258M) 5.238ms
[2026-09-05T10:54:08.450-0400][412.106s][info][gc,cpu      ] GC(91) User=0.39s Sys=0.00s Real=0.01s
[2026-09-05T10:54:09.753-0400][413.408s][info][gc,start    ] GC(92) Pause Young (Normal) (GCLocker Initiated GC)
[2026-09-05T10:54:09.753-0400][413.408s][info][gc,task     ] GC(92) Using 23 workers of 23 for evacuation
[2026-09-05T10:54:09.812-0400][413.467s][info][gc,phases   ] GC(92)   Pre Evacuate Collection Set: 0.14ms
[2026-09-05T10:54:09.812-0400][413.467s][info][gc,phases   ] GC(92)   Merge Heap Roots: 0.16ms
[2026-09-05T10:54:09.812-0400][413.467s][info][gc,phases   ] GC(92)   Evacuate Collection Set: 57.60ms
[2026-09-05T10:54:09.812-0400][413.467s][info][gc,phases   ] GC(92)   Post Evacuate Collection Set: 1.01ms
[2026-09-05T10:54:09.812-0400][413.467s][info][gc,phases   ] GC(92)   Other: 0.16ms
[2026-09-05T10:54:09.812-0400][413.467s][info][gc,heap     ] GC(92) Eden regions: 493->0(225)
[2026-09-05T10:54:09.812-0400][413.467s][info][gc,heap     ] GC(92) Survivor regions: 11->63(63)
[2026-09-05T10:54:09.812-0400][413.467s][info][gc,heap     ] GC(92) Old regions: 443->551
[2026-09-05T10:54:09.812-0400][413.467s][info][gc,heap     ] GC(92) Archive regions: 0->0
[2026-09-05T10:54:09.812-0400][413.467s][info][gc,heap     ] GC(92) Humongous regions: 15->15
[2026-09-05T10:54:09.812-0400][413.467s][info][gc,metaspace] GC(92) Metaspace: 143394K(145280K)->143394K(145280K) NonClass: 122506K(123520K)->122506K(123520K) Class: 20887K(21760K)->20887K(21760K)
[2026-09-05T10:54:09.812-0400][413.467s][info][gc          ] GC(92) Pause Young (Normal) (GCLocker Initiated GC) 1922M->1257M(2266M) 59.219ms
[2026-09-05T10:54:09.812-0400][413.467s][info][gc,cpu      ] GC(92) User=1.34s Sys=0.02s Real=0.06s
[2026-09-05T10:54:10.438-0400][414.094s][info][gc,start    ] GC(93) Pause Young (Concurrent Start) (G1 Evacuation Pause)
[2026-09-05T10:54:10.438-0400][414.094s][info][gc,task     ] GC(93) Using 23 workers of 23 for evacuation
[2026-09-05T10:54:10.474-0400][414.129s][info][gc,phases   ] GC(93)   Pre Evacuate Collection Set: 0.24ms
[2026-09-05T10:54:10.474-0400][414.129s][info][gc,phases   ] GC(93)   Merge Heap Roots: 0.47ms
[2026-09-05T10:54:10.474-0400][414.129s][info][gc,phases   ] GC(93)   Evacuate Collection Set: 33.60ms
[2026-09-05T10:54:10.474-0400][414.129s][info][gc,phases   ] GC(93)   Post Evacuate Collection Set: 0.71ms
[2026-09-05T10:54:10.474-0400][414.129s][info][gc,phases   ] GC(93)   Other: 0.19ms
[2026-09-05T10:54:10.474-0400][414.129s][info][gc,heap     ] GC(93) Eden regions: 225->0(180)
[2026-09-05T10:54:10.474-0400][414.129s][info][gc,heap     ] GC(93) Survivor regions: 63->36(36)
[2026-09-05T10:54:10.474-0400][414.129s][info][gc,heap     ] GC(93) Old regions: 551->655
[2026-09-05T10:54:10.474-0400][414.129s][info][gc,heap     ] GC(93) Archive regions: 0->0
[2026-09-05T10:54:10.474-0400][414.129s][info][gc,heap     ] GC(93) Humongous regions: 15->15
[2026-09-05T10:54:10.474-0400][414.129s][info][gc,metaspace] GC(93) Metaspace: 143638K(145536K)->143638K(145536K) NonClass: 122711K(123712K)->122711K(123712K) Class: 20926K(21824K)->20926K(21824K)
[2026-09-05T10:54:10.474-0400][414.129s][info][gc          ] GC(93) Pause Young (Concurrent Start) (G1 Evacuation Pause) 1707M->1411M(2266M) 35.335ms
[2026-09-05T10:54:10.474-0400][414.129s][info][gc,cpu      ] GC(93) User=0.67s Sys=0.08s Real=0.04s
[2026-09-05T10:54:10.474-0400][414.129s][info][gc          ] GC(94) Concurrent Mark Cycle
[2026-09-05T10:54:10.474-0400][414.129s][info][gc,marking  ] GC(94) Concurrent Clear Claimed Marks
[2026-09-05T10:54:10.474-0400][414.129s][info][gc,marking  ] GC(94) Concurrent Clear Claimed Marks 0.133ms
[2026-09-05T10:54:10.474-0400][414.129s][info][gc,marking  ] GC(94) Concurrent Scan Root Regions
[2026-09-05T10:54:10.490-0400][414.145s][info][gc,marking  ] GC(94) Concurrent Scan Root Regions 15.824ms
[2026-09-05T10:54:10.490-0400][414.145s][info][gc,marking  ] GC(94) Concurrent Mark
[2026-09-05T10:54:10.490-0400][414.145s][info][gc,marking  ] GC(94) Concurrent Mark From Roots
[2026-09-05T10:54:10.490-0400][414.145s][info][gc,task     ] GC(94) Using 6 workers of 6 for marking
[2026-09-05T10:54:10.605-0400][414.260s][info][gc,marking  ] GC(94) Concurrent Mark From Roots 115.121ms
[2026-09-05T10:54:10.605-0400][414.260s][info][gc,marking  ] GC(94) Concurrent Preclean
[2026-09-05T10:54:10.605-0400][414.261s][info][gc,marking  ] GC(94) Concurrent Preclean 0.293ms
[2026-09-05T10:54:10.605-0400][414.261s][info][gc,start    ] GC(94) Pause Remark
[2026-09-05T10:54:10.614-0400][414.269s][info][gc          ] GC(94) Pause Remark 1473M->1375M(2294M) 8.644ms
[2026-09-05T10:54:10.614-0400][414.270s][info][gc,cpu      ] GC(94) User=0.03s Sys=0.00s Real=0.01s
[2026-09-05T10:54:10.614-0400][414.270s][info][gc,marking  ] GC(94) Concurrent Mark 124.399ms
[2026-09-05T10:54:10.615-0400][414.270s][info][gc,marking  ] GC(94) Concurrent Rebuild Remembered Sets
[2026-09-05T10:54:10.696-0400][414.351s][info][gc,marking  ] GC(94) Concurrent Rebuild Remembered Sets 81.206ms
[2026-09-05T10:54:10.696-0400][414.351s][info][gc,start    ] GC(94) Pause Cleanup
[2026-09-05T10:54:10.696-0400][414.351s][info][gc          ] GC(94) Pause Cleanup 1412M->1412M(2294M) 0.404ms
[2026-09-05T10:54:10.696-0400][414.351s][info][gc,cpu      ] GC(94) User=0.00s Sys=0.00s Real=0.00s
[2026-09-05T10:54:10.696-0400][414.351s][info][gc,marking  ] GC(94) Concurrent Cleanup for Next Mark
[2026-09-05T10:54:10.699-0400][414.355s][info][gc,marking  ] GC(94) Concurrent Cleanup for Next Mark 3.075ms
[2026-09-05T10:54:10.699-0400][414.355s][info][gc          ] GC(94) Concurrent Mark Cycle 225.471ms
[2026-09-05T10:54:11.039-0400][414.695s][info][gc,start    ] GC(95) Pause Young (Prepare Mixed) (G1 Evacuation Pause)
[2026-09-05T10:54:11.039-0400][414.695s][info][gc,task     ] GC(95) Using 23 workers of 23 for evacuation
[2026-09-05T10:54:11.050-0400][414.706s][info][gc,phases   ] GC(95)   Pre Evacuate Collection Set: 0.18ms
[2026-09-05T10:54:11.051-0400][414.706s][info][gc,phases   ] GC(95)   Merge Heap Roots: 0.23ms
[2026-09-05T10:54:11.051-0400][414.706s][info][gc,phases   ] GC(95)   Evacuate Collection Set: 10.07ms
[2026-09-05T10:54:11.051-0400][414.706s][info][gc,phases   ] GC(95)   Post Evacuate Collection Set: 0.64ms
[2026-09-05T10:54:11.051-0400][414.706s][info][gc,phases   ] GC(95)   Other: 0.18ms
[2026-09-05T10:54:11.051-0400][414.706s][info][gc,heap     ] GC(95) Eden regions: 180->0(34)
[2026-09-05T10:54:11.051-0400][414.706s][info][gc,heap     ] GC(95) Survivor regions: 36->23(27)
[2026-09-05T10:54:11.051-0400][414.706s][info][gc,heap     ] GC(95) Old regions: 606->641
[2026-09-05T10:54:11.051-0400][414.706s][info][gc,heap     ] GC(95) Archive regions: 0->0
[2026-09-05T10:54:11.051-0400][414.706s][info][gc,heap     ] GC(95) Humongous regions: 15->15
[2026-09-05T10:54:11.051-0400][414.706s][info][gc,metaspace] GC(95) Metaspace: 143680K(145664K)->143680K(145664K) NonClass: 122748K(123840K)->122748K(123840K) Class: 20931K(21824K)->20931K(21824K)
[2026-09-05T10:54:11.051-0400][414.706s][info][gc          ] GC(95) Pause Young (Prepare Mixed) (G1 Evacuation Pause) 1673M->1356M(2294M) 11.425ms
[2026-09-05T10:54:11.051-0400][414.706s][info][gc,cpu      ] GC(95) User=0.38s Sys=0.00s Real=0.01s
[2026-09-05T10:54:11.160-0400][414.815s][info][gc,start    ] GC(96) Pause Young (Mixed) (G1 Evacuation Pause)
[2026-09-05T10:54:11.160-0400][414.815s][info][gc,task     ] GC(96) Using 23 workers of 23 for evacuation
[2026-09-05T10:54:11.167-0400][414.823s][info][gc,phases   ] GC(96)   Pre Evacuate Collection Set: 0.16ms
[2026-09-05T10:54:11.167-0400][414.823s][info][gc,phases   ] GC(96)   Merge Heap Roots: 0.26ms
[2026-09-05T10:54:11.167-0400][414.823s][info][gc,phases   ] GC(96)   Evacuate Collection Set: 6.51ms
[2026-09-05T10:54:11.167-0400][414.823s][info][gc,phases   ] GC(96)   Post Evacuate Collection Set: 0.48ms
[2026-09-05T10:54:11.167-0400][414.823s][info][gc,phases   ] GC(96)   Other: 0.15ms
[2026-09-05T10:54:11.167-0400][414.823s][info][gc,heap     ] GC(96) Eden regions: 34->0(51)
[2026-09-05T10:54:11.167-0400][414.823s][info][gc,heap     ] GC(96) Survivor regions: 23->6(8)
[2026-09-05T10:54:11.167-0400][414.823s][info][gc,heap     ] GC(96) Old regions: 641->550
[2026-09-05T10:54:11.167-0400][414.823s][info][gc,heap     ] GC(96) Archive regions: 0->0
[2026-09-05T10:54:11.167-0400][414.823s][info][gc,heap     ] GC(96) Humongous regions: 15->15
[2026-09-05T10:54:11.167-0400][414.823s][info][gc,metaspace] GC(96) Metaspace: 143691K(145664K)->143691K(145664K) NonClass: 122759K(123840K)->122759K(123840K) Class: 20931K(21824K)->20931K(21824K)
[2026-09-05T10:54:11.167-0400][414.823s][info][gc          ] GC(96) Pause Young (Mixed) (G1 Evacuation Pause) 1424M->1140M(2294M) 7.696ms
[2026-09-05T10:54:11.168-0400][414.823s][info][gc,cpu      ] GC(96) User=0.00s Sys=0.00s Real=0.01s
[2026-09-05T10:54:11.284-0400][414.939s][info][gc,start    ] GC(97) Pause Young (Mixed) (G1 Evacuation Pause)
[2026-09-05T10:54:11.284-0400][414.939s][info][gc,task     ] GC(97) Using 23 workers of 23 for evacuation
[2026-09-05T10:54:11.290-0400][414.945s][info][gc,phases   ] GC(97)   Pre Evacuate Collection Set: 0.13ms
[2026-09-05T10:54:11.290-0400][414.945s][info][gc,phases   ] GC(97)   Merge Heap Roots: 0.24ms
[2026-09-05T10:54:11.290-0400][414.945s][info][gc,phases   ] GC(97)   Evacuate Collection Set: 4.85ms
[2026-09-05T10:54:11.290-0400][414.945s][info][gc,phases   ] GC(97)   Post Evacuate Collection Set: 0.74ms
[2026-09-05T10:54:11.290-0400][414.945s][info][gc,phases   ] GC(97)   Other: 0.14ms
[2026-09-05T10:54:11.290-0400][414.945s][info][gc,heap     ] GC(97) Eden regions: 51->0(330)
[2026-09-05T10:54:11.290-0400][414.945s][info][gc,heap     ] GC(97) Survivor regions: 6->7(8)
[2026-09-05T10:54:11.290-0400][414.945s][info][gc,heap     ] GC(97) Old regions: 550->493
[2026-09-05T10:54:11.290-0400][414.945s][info][gc,heap     ] GC(97) Archive regions: 0->0
[2026-09-05T10:54:11.290-0400][414.945s][info][gc,heap     ] GC(97) Humongous regions: 15->15
[2026-09-05T10:54:11.290-0400][414.945s][info][gc,metaspace] GC(97) Metaspace: 143701K(145664K)->143701K(145664K) NonClass: 122769K(123840K)->122769K(123840K) Class: 20931K(21824K)->20931K(21824K)
[2026-09-05T10:54:11.290-0400][414.945s][info][gc          ] GC(97) Pause Young (Mixed) (G1 Evacuation Pause) 1242M->1027M(2294M) 6.228ms
[2026-09-05T10:54:11.290-0400][414.945s][info][gc,cpu      ] GC(97) User=0.00s Sys=0.00s Real=0.01s
[2026-09-05T10:54:12.071-0400][415.727s][info][gc,start    ] GC(98) Pause Young (Normal) (G1 Evacuation Pause)
[2026-09-05T10:54:12.071-0400][415.727s][info][gc,task     ] GC(98) Using 23 workers of 23 for evacuation
[2026-09-05T10:54:12.083-0400][415.738s][info][gc,phases   ] GC(98)   Pre Evacuate Collection Set: 0.17ms
[2026-09-05T10:54:12.083-0400][415.738s][info][gc,phases   ] GC(98)   Merge Heap Roots: 0.29ms
[2026-09-05T10:54:12.083-0400][415.738s][info][gc,phases   ] GC(98)   Evacuate Collection Set: 9.82ms
[2026-09-05T10:54:12.083-0400][415.738s][info][gc,phases   ] GC(98)   Post Evacuate Collection Set: 0.82ms
[2026-09-05T10:54:12.083-0400][415.738s][info][gc,phases   ] GC(98)   Other: 0.23ms
[2026-09-05T10:54:12.083-0400][415.738s][info][gc,heap     ] GC(98) Eden regions: 330->0(321)
[2026-09-05T10:54:12.083-0400][415.738s][info][gc,heap     ] GC(98) Survivor regions: 7->37(43)
[2026-09-05T10:54:12.083-0400][415.738s][info][gc,heap     ] GC(98) Old regions: 493->493
[2026-09-05T10:54:12.083-0400][415.738s][info][gc,heap     ] GC(98) Archive regions: 0->0
[2026-09-05T10:54:12.083-0400][415.738s][info][gc,heap     ] GC(98) Humongous regions: 16->16
[2026-09-05T10:54:12.083-0400][415.738s][info][gc,metaspace] GC(98) Metaspace: 143958K(145856K)->143958K(145856K) NonClass: 122999K(124032K)->122999K(124032K) Class: 20958K(21824K)->20958K(21824K)
[2026-09-05T10:54:12.083-0400][415.738s][info][gc          ] GC(98) Pause Young (Normal) (G1 Evacuation Pause) 1689M->1090M(2294M) 11.452ms
[2026-09-05T10:54:12.083-0400][415.738s][info][gc,cpu      ] GC(98) User=0.42s Sys=0.00s Real=0.01s
[2026-09-05T10:54:12.350-0400][416.006s][info][gc,start    ] GC(99) Pause Young (Normal) (G1 Evacuation Pause)
[2026-09-05T10:54:12.350-0400][416.006s][info][gc,task     ] GC(99) Using 23 workers of 23 for evacuation
[2026-09-05T10:54:12.359-0400][416.014s][info][gc,phases   ] GC(99)   Pre Evacuate Collection Set: 0.15ms
[2026-09-05T10:54:12.359-0400][416.014s][info][gc,phases   ] GC(99)   Merge Heap Roots: 0.18ms
[2026-09-05T10:54:12.359-0400][416.014s][info][gc,phases   ] GC(99)   Evacuate Collection Set: 7.21ms
[2026-09-05T10:54:12.360-0400][416.014s][info][gc,phases   ] GC(99)   Post Evacuate Collection Set: 0.55ms
[2026-09-05T10:54:12.360-0400][416.014s][info][gc,phases   ] GC(99)   Other: 0.22ms
[2026-09-05T10:54:12.360-0400][416.014s][info][gc,heap     ] GC(99) Eden regions: 321->0(340)
[2026-09-05T10:54:12.360-0400][416.014s][info][gc,heap     ] GC(99) Survivor regions: 37->8(45)
[2026-09-05T10:54:12.360-0400][416.014s][info][gc,heap     ] GC(99) Old regions: 493->527
[2026-09-05T10:54:12.360-0400][416.014s][info][gc,heap     ] GC(99) Archive regions: 0->0
[2026-09-05T10:54:12.360-0400][416.014s][info][gc,heap     ] GC(99) Humongous regions: 16->16
[2026-09-05T10:54:12.360-0400][416.014s][info][gc,metaspace] GC(99) Metaspace: 144291K(146240K)->144291K(146240K) NonClass: 123290K(124352K)->123290K(124352K) Class: 21001K(21888K)->21001K(21888K)
[2026-09-05T10:54:12.360-0400][416.014s][info][gc          ] GC(99) Pause Young (Normal) (G1 Evacuation Pause) 1732M->1101M(2294M) 8.446ms
[2026-09-05T10:54:12.360-0400][416.014s][info][gc,cpu      ] GC(99) User=0.39s Sys=0.02s Real=0.01s
[2026-09-05T10:54:12.641-0400][416.296s][info][gc,start    ] GC(100) Pause Young (Normal) (GCLocker Initiated GC)
[2026-09-05T10:54:12.641-0400][416.296s][info][gc,task     ] GC(100) Using 23 workers of 23 for evacuation
[2026-09-05T10:54:12.644-0400][416.299s][info][gc,phases   ] GC(100)   Pre Evacuate Collection Set: 0.11ms
[2026-09-05T10:54:12.644-0400][416.299s][info][gc,phases   ] GC(100)   Merge Heap Roots: 0.12ms
[2026-09-05T10:54:12.644-0400][416.299s][info][gc,phases   ] GC(100)   Evacuate Collection Set: 2.56ms
[2026-09-05T10:54:12.644-0400][416.299s][info][gc,phases   ] GC(100)   Post Evacuate Collection Set: 0.53ms
[2026-09-05T10:54:12.644-0400][416.299s][info][gc,phases   ] GC(100)   Other: 0.18ms
[2026-09-05T10:54:12.644-0400][416.299s][info][gc,heap     ] GC(100) Eden regions: 340->0(356)
[2026-09-05T10:54:12.644-0400][416.299s][info][gc,heap     ] GC(100) Survivor regions: 8->12(44)
[2026-09-05T10:54:12.644-0400][416.299s][info][gc,heap     ] GC(100) Old regions: 527->527
[2026-09-05T10:54:12.644-0400][416.299s][info][gc,heap     ] GC(100) Archive regions: 0->0
[2026-09-05T10:54:12.644-0400][416.299s][info][gc,heap     ] GC(100) Humongous regions: 16->16
[2026-09-05T10:54:12.644-0400][416.299s][info][gc,metaspace] GC(100) Metaspace: 144605K(146496K)->144605K(146496K) NonClass: 123590K(124608K)->123590K(124608K) Class: 21015K(21888K)->21015K(21888K)
[2026-09-05T10:54:12.644-0400][416.299s][info][gc          ] GC(100) Pause Young (Normal) (GCLocker Initiated GC) 1781M->1109M(2294M) 3.650ms
[2026-09-05T10:54:12.644-0400][416.299s][info][gc,cpu      ] GC(100) User=0.00s Sys=0.00s Real=0.00s
[2026-09-05T10:54:13.273-0400][416.928s][info][gc,start    ] GC(101) Pause Young (Normal) (G1 Evacuation Pause)
[2026-09-05T10:54:13.273-0400][416.928s][info][gc,task     ] GC(101) Using 23 workers of 23 for evacuation
[2026-09-05T10:54:13.278-0400][416.933s][info][gc,phases   ] GC(101)   Pre Evacuate Collection Set: 0.18ms
[2026-09-05T10:54:13.278-0400][416.934s][info][gc,phases   ] GC(101)   Merge Heap Roots: 0.29ms
[2026-09-05T10:54:13.278-0400][416.934s][info][gc,phases   ] GC(101)   Evacuate Collection Set: 4.15ms
[2026-09-05T10:54:13.278-0400][416.934s][info][gc,phases   ] GC(101)   Post Evacuate Collection Set: 0.56ms
[2026-09-05T10:54:13.278-0400][416.934s][info][gc,phases   ] GC(101)   Other: 0.23ms
[2026-09-05T10:54:13.278-0400][416.934s][info][gc,heap     ] GC(101) Eden regions: 356->0(370)
[2026-09-05T10:54:13.278-0400][416.934s][info][gc,heap     ] GC(101) Survivor regions: 12->17(46)
[2026-09-05T10:54:13.278-0400][416.934s][info][gc,heap     ] GC(101) Old regions: 527->527
[2026-09-05T10:54:13.278-0400][416.934s][info][gc,heap     ] GC(101) Archive regions: 0->0
[2026-09-05T10:54:13.278-0400][416.934s][info][gc,heap     ] GC(101) Humongous regions: 16->16
[2026-09-05T10:54:13.278-0400][416.934s][info][gc,metaspace] GC(101) Metaspace: 145251K(147136K)->145251K(147136K) NonClass: 124216K(125248K)->124216K(125248K) Class: 21035K(21888K)->21035K(21888K)
[2026-09-05T10:54:13.279-0400][416.934s][info][gc          ] GC(101) Pause Young (Normal) (G1 Evacuation Pause) 1821M->1118M(2294M) 5.528ms
[2026-09-05T10:54:13.279-0400][416.934s][info][gc,cpu      ] GC(101) User=0.00s Sys=0.00s Real=0.01s
[2026-09-05T10:54:13.398-0400][417.054s][info][gc,start    ] GC(102) Pause Young (Normal) (G1 Evacuation Pause)
[2026-09-05T10:54:13.398-0400][417.054s][info][gc,task     ] GC(102) Using 23 workers of 23 for evacuation
[2026-09-05T10:54:13.403-0400][417.058s][info][gc,phases   ] GC(102)   Pre Evacuate Collection Set: 0.16ms
[2026-09-05T10:54:13.403-0400][417.058s][info][gc,phases   ] GC(102)   Merge Heap Roots: 0.16ms
[2026-09-05T10:54:13.403-0400][417.058s][info][gc,phases   ] GC(102)   Evacuate Collection Set: 3.58ms
[2026-09-05T10:54:13.403-0400][417.058s][info][gc,phases   ] GC(102)   Post Evacuate Collection Set: 0.49ms
[2026-09-05T10:54:13.403-0400][417.058s][info][gc,phases   ] GC(102)   Other: 0.22ms
[2026-09-05T10:54:13.403-0400][417.058s][info][gc,heap     ] GC(102) Eden regions: 370->0(385)
[2026-09-05T10:54:13.403-0400][417.059s][info][gc,heap     ] GC(102) Survivor regions: 17->19(49)
[2026-09-05T10:54:13.403-0400][417.059s][info][gc,heap     ] GC(102) Old regions: 527->527
[2026-09-05T10:54:13.403-0400][417.059s][info][gc,heap     ] GC(102) Archive regions: 0->0
[2026-09-05T10:54:13.403-0400][417.059s][info][gc,heap     ] GC(102) Humongous regions: 16->16
[2026-09-05T10:54:13.403-0400][417.059s][info][gc,metaspace] GC(102) Metaspace: 145276K(147136K)->145276K(147136K) NonClass: 124240K(125248K)->124240K(125248K) Class: 21035K(21888K)->21035K(21888K)
[2026-09-05T10:54:13.403-0400][417.059s][info][gc          ] GC(102) Pause Young (Normal) (G1 Evacuation Pause) 1858M->1122M(2294M) 4.750ms
[2026-09-05T10:54:13.403-0400][417.059s][info][gc,cpu      ] GC(102) User=0.09s Sys=0.00s Real=0.01s
[2026-09-05T10:54:13.649-0400][417.304s][info][gc,start    ] GC(103) Pause Young (Normal) (G1 Evacuation Pause)
[2026-09-05T10:54:13.649-0400][417.304s][info][gc,task     ] GC(103) Using 23 workers of 23 for evacuation
[2026-09-05T10:54:13.653-0400][417.308s][info][gc,phases   ] GC(103)   Pre Evacuate Collection Set: 0.15ms
[2026-09-05T10:54:13.653-0400][417.308s][info][gc,phases   ] GC(103)   Merge Heap Roots: 0.18ms
[2026-09-05T10:54:13.653-0400][417.308s][info][gc,phases   ] GC(103)   Evacuate Collection Set: 3.49ms
[2026-09-05T10:54:13.653-0400][417.308s][info][gc,phases   ] GC(103)   Post Evacuate Collection Set: 0.71ms
[2026-09-05T10:54:13.653-0400][417.308s][info][gc,phases   ] GC(103)   Other: 0.22ms
[2026-09-05T10:54:13.653-0400][417.308s][info][gc,heap     ] GC(103) Eden regions: 385->0(397)
[2026-09-05T10:54:13.653-0400][417.308s][info][gc,heap     ] GC(103) Survivor regions: 19->21(51)
[2026-09-05T10:54:13.653-0400][417.308s][info][gc,heap     ] GC(103) Old regions: 527->527
[2026-09-05T10:54:13.653-0400][417.308s][info][gc,heap     ] GC(103) Archive regions: 0->0
[2026-09-05T10:54:13.653-0400][417.308s][info][gc,heap     ] GC(103) Humongous regions: 16->16
[2026-09-05T10:54:13.653-0400][417.308s][info][gc,metaspace] GC(103) Metaspace: 145355K(147264K)->145355K(147264K) NonClass: 124319K(125376K)->124319K(125376K) Class: 21036K(21888K)->21036K(21888K)
[2026-09-05T10:54:13.653-0400][417.308s][info][gc          ] GC(103) Pause Young (Normal) (G1 Evacuation Pause) 1892M->1127M(2294M) 4.875ms
[2026-09-05T10:54:13.653-0400][417.309s][info][gc,cpu      ] GC(103) User=0.06s Sys=0.02s Real=0.00s
[2026-09-05T10:54:14.342-0400][417.997s][info][gc,start    ] GC(104) Pause Young (Normal) (G1 Evacuation Pause)
[2026-09-05T10:54:14.342-0400][417.997s][info][gc,task     ] GC(104) Using 23 workers of 23 for evacuation
[2026-09-05T10:54:14.347-0400][418.002s][info][gc,phases   ] GC(104)   Pre Evacuate Collection Set: 0.11ms
[2026-09-05T10:54:14.347-0400][418.002s][info][gc,phases   ] GC(104)   Merge Heap Roots: 0.17ms
[2026-09-05T10:54:14.347-0400][418.002s][info][gc,phases   ] GC(104)   Evacuate Collection Set: 4.20ms
[2026-09-05T10:54:14.347-0400][418.002s][info][gc,phases   ] GC(104)   Post Evacuate Collection Set: 0.69ms
[2026-09-05T10:54:14.347-0400][418.002s][info][gc,phases   ] GC(104)   Other: 0.15ms
[2026-09-05T10:54:14.347-0400][418.002s][info][gc,heap     ] GC(104) Eden regions: 397->0(404)
[2026-09-05T10:54:14.347-0400][418.002s][info][gc,heap     ] GC(104) Survivor regions: 21->24(53)
[2026-09-05T10:54:14.347-0400][418.002s][info][gc,heap     ] GC(104) Old regions: 527->527
[2026-09-05T10:54:14.347-0400][418.002s][info][gc,heap     ] GC(104) Archive regions: 0->0
[2026-09-05T10:54:14.347-0400][418.002s][info][gc,heap     ] GC(104) Humongous regions: 16->16
[2026-09-05T10:54:14.347-0400][418.002s][info][gc,metaspace] GC(104) Metaspace: 145918K(147904K)->145918K(147904K) NonClass: 124873K(125952K)->124873K(125952K) Class: 21044K(21952K)->21044K(21952K)
[2026-09-05T10:54:14.347-0400][418.002s][info][gc          ] GC(104) Pause Young (Normal) (G1 Evacuation Pause) 1921M->1133M(2294M) 5.456ms
[2026-09-05T10:54:14.347-0400][418.002s][info][gc,cpu      ] GC(104) User=0.00s Sys=0.00s Real=0.00s
[2026-09-05T10:54:14.651-0400][418.306s][info][gc,start    ] GC(105) Pause Young (Normal) (G1 Evacuation Pause)
[2026-09-05T10:54:14.651-0400][418.306s][info][gc,task     ] GC(105) Using 23 workers of 23 for evacuation
[2026-09-05T10:54:14.657-0400][418.312s][info][gc,phases   ] GC(105)   Pre Evacuate Collection Set: 0.16ms
[2026-09-05T10:54:14.657-0400][418.312s][info][gc,phases   ] GC(105)   Merge Heap Roots: 0.19ms
[2026-09-05T10:54:14.657-0400][418.312s][info][gc,phases   ] GC(105)   Evacuate Collection Set: 5.11ms
[2026-09-05T10:54:14.657-0400][418.312s][info][gc,phases   ] GC(105)   Post Evacuate Collection Set: 0.70ms
[2026-09-05T10:54:14.657-0400][418.312s][info][gc,phases   ] GC(105)   Other: 0.21ms
[2026-09-05T10:54:14.657-0400][418.312s][info][gc,heap     ] GC(105) Eden regions: 404->0(407)
[2026-09-05T10:54:14.657-0400][418.312s][info][gc,heap     ] GC(105) Survivor regions: 24->29(54)
[2026-09-05T10:54:14.657-0400][418.312s][info][gc,heap     ] GC(105) Old regions: 527->527
[2026-09-05T10:54:14.657-0400][418.312s][info][gc,heap     ] GC(105) Archive regions: 0->0
[2026-09-05T10:54:14.657-0400][418.312s][info][gc,heap     ] GC(105) Humongous regions: 16->16
[2026-09-05T10:54:14.657-0400][418.312s][info][gc,metaspace] GC(105) Metaspace: 145973K(147968K)->145973K(147968K) NonClass: 124929K(126016K)->124929K(126016K) Class: 21044K(21952K)->21044K(21952K)
[2026-09-05T10:54:14.657-0400][418.312s][info][gc          ] GC(105) Pause Young (Normal) (G1 Evacuation Pause) 1941M->1142M(2294M) 6.512ms
[2026-09-05T10:54:14.657-0400][418.312s][info][gc,cpu      ] GC(105) User=0.36s Sys=0.03s Real=0.01s
[2026-09-05T10:54:14.987-0400][418.642s][info][gc,start    ] GC(106) Pause Young (Normal) (G1 Evacuation Pause)
[2026-09-05T10:54:14.987-0400][418.642s][info][gc,task     ] GC(106) Using 23 workers of 23 for evacuation
[2026-09-05T10:54:14.995-0400][418.650s][info][gc,phases   ] GC(106)   Pre Evacuate Collection Set: 0.19ms
[2026-09-05T10:54:14.995-0400][418.650s][info][gc,phases   ] GC(106)   Merge Heap Roots: 0.17ms
[2026-09-05T10:54:14.995-0400][418.650s][info][gc,phases   ] GC(106)   Evacuate Collection Set: 7.36ms
[2026-09-05T10:54:14.995-0400][418.650s][info][gc,phases   ] GC(106)   Post Evacuate Collection Set: 0.68ms
[2026-09-05T10:54:14.995-0400][418.650s][info][gc,phases   ] GC(106)   Other: 0.25ms
[2026-09-05T10:54:14.995-0400][418.650s][info][gc,heap     ] GC(106) Eden regions: 407->0(408)
[2026-09-05T10:54:14.995-0400][418.650s][info][gc,heap     ] GC(106) Survivor regions: 29->34(55)
[2026-09-05T10:54:14.995-0400][418.650s][info][gc,heap     ] GC(106) Old regions: 527->527
[2026-09-05T10:54:14.995-0400][418.650s][info][gc,heap     ] GC(106) Archive regions: 0->0
[2026-09-05T10:54:14.995-0400][418.650s][info][gc,heap     ] GC(106) Humongous regions: 16->16
[2026-09-05T10:54:14.995-0400][418.650s][info][gc,metaspace] GC(106) Metaspace: 146114K(148096K)->146114K(148096K) NonClass: 125070K(126144K)->125070K(126144K) Class: 21044K(21952K)->21044K(21952K)
[2026-09-05T10:54:14.995-0400][418.650s][info][gc          ] GC(106) Pause Young (Normal) (G1 Evacuation Pause) 1956M->1152M(2294M) 8.779ms
[2026-09-05T10:54:14.995-0400][418.651s][info][gc,cpu      ] GC(106) User=0.00s Sys=0.00s Real=0.01s
[2026-09-05T10:54:15.127-0400][418.782s][info][gc,start    ] GC(107) Pause Young (Normal) (G1 Evacuation Pause)
[2026-09-05T10:54:15.127-0400][418.782s][info][gc,task     ] GC(107) Using 23 workers of 23 for evacuation
[2026-09-05T10:54:15.135-0400][418.789s][info][gc,phases   ] GC(107)   Pre Evacuate Collection Set: 0.15ms
[2026-09-05T10:54:15.135-0400][418.789s][info][gc,phases   ] GC(107)   Merge Heap Roots: 0.21ms
[2026-09-05T10:54:15.135-0400][418.789s][info][gc,phases   ] GC(107)   Evacuate Collection Set: 6.26ms
[2026-09-05T10:54:15.135-0400][418.789s][info][gc,phases   ] GC(107)   Post Evacuate Collection Set: 0.58ms
[2026-09-05T10:54:15.135-0400][418.789s][info][gc,phases   ] GC(107)   Other: 0.24ms
[2026-09-05T10:54:15.135-0400][418.789s][info][gc,heap     ] GC(107) Eden regions: 408->0(412)
[2026-09-05T10:54:15.135-0400][418.789s][info][gc,heap     ] GC(107) Survivor regions: 34->32(56)
[2026-09-05T10:54:15.135-0400][418.789s][info][gc,heap     ] GC(107) Old regions: 527->532
[2026-09-05T10:54:15.135-0400][418.789s][info][gc,heap     ] GC(107) Archive regions: 0->0
[2026-09-05T10:54:15.135-0400][418.790s][info][gc,heap     ] GC(107) Humongous regions: 16->16
[2026-09-05T10:54:15.135-0400][418.790s][info][gc,metaspace] GC(107) Metaspace: 146120K(148096K)->146120K(148096K) NonClass: 125075K(126144K)->125075K(126144K) Class: 21044K(21952K)->21044K(21952K)
[2026-09-05T10:54:15.135-0400][418.790s][info][gc          ] GC(107) Pause Young (Normal) (G1 Evacuation Pause) 1968M->1156M(2294M) 7.551ms
[2026-09-05T10:54:15.135-0400][418.790s][info][gc,cpu      ] GC(107) User=0.00s Sys=0.00s Real=0.01s
[2026-09-05T10:54:15.683-0400][419.338s][info][gc,start    ] GC(108) Pause Young (Normal) (G1 Evacuation Pause)
[2026-09-05T10:54:15.683-0400][419.338s][info][gc,task     ] GC(108) Using 23 workers of 23 for evacuation
[2026-09-05T10:54:15.690-0400][419.345s][info][gc,phases   ] GC(108)   Pre Evacuate Collection Set: 0.17ms
[2026-09-05T10:54:15.690-0400][419.345s][info][gc,phases   ] GC(108)   Merge Heap Roots: 0.18ms
[2026-09-05T10:54:15.690-0400][419.346s][info][gc,phases   ] GC(108)   Evacuate Collection Set: 6.26ms
[2026-09-05T10:54:15.690-0400][419.346s][info][gc,phases   ] GC(108)   Post Evacuate Collection Set: 0.62ms
[2026-09-05T10:54:15.690-0400][419.346s][info][gc,phases   ] GC(108)   Other: 0.22ms
[2026-09-05T10:54:15.690-0400][419.346s][info][gc,heap     ] GC(108) Eden regions: 412->0(413)
[2026-09-05T10:54:15.690-0400][419.346s][info][gc,heap     ] GC(108) Survivor regions: 32->30(56)
[2026-09-05T10:54:15.690-0400][419.346s][info][gc,heap     ] GC(108) Old regions: 532->537
[2026-09-05T10:54:15.690-0400][419.346s][info][gc,heap     ] GC(108) Archive regions: 0->0
[2026-09-05T10:54:15.690-0400][419.346s][info][gc,heap     ] GC(108) Humongous regions: 16->16
[2026-09-05T10:54:15.690-0400][419.346s][info][gc,metaspace] GC(108) Metaspace: 146193K(148160K)->146193K(148160K) NonClass: 125149K(126208K)->125149K(126208K) Class: 21044K(21952K)->21044K(21952K)
[2026-09-05T10:54:15.690-0400][419.346s][info][gc          ] GC(108) Pause Young (Normal) (G1 Evacuation Pause) 1980M->1163M(2294M) 7.594ms
[2026-09-05T10:54:15.690-0400][419.346s][info][gc,cpu      ] GC(108) User=0.23s Sys=0.00s Real=0.01s
[2026-09-05T10:54:15.812-0400][419.467s][info][gc,start    ] GC(109) Pause Young (Concurrent Start) (G1 Evacuation Pause)
[2026-09-05T10:54:15.812-0400][419.467s][info][gc,task     ] GC(109) Using 23 workers of 23 for evacuation
[2026-09-05T10:54:15.819-0400][419.474s][info][gc,phases   ] GC(109)   Pre Evacuate Collection Set: 0.30ms
[2026-09-05T10:54:15.819-0400][419.474s][info][gc,phases   ] GC(109)   Merge Heap Roots: 0.16ms
[2026-09-05T10:54:15.819-0400][419.474s][info][gc,phases   ] GC(109)   Evacuate Collection Set: 5.80ms
[2026-09-05T10:54:15.819-0400][419.474s][info][gc,phases   ] GC(109)   Post Evacuate Collection Set: 0.56ms
[2026-09-05T10:54:15.819-0400][419.474s][info][gc,phases   ] GC(109)   Other: 0.29ms
[2026-09-05T10:54:15.819-0400][419.474s][info][gc,heap     ] GC(109) Eden regions: 413->0(413)
[2026-09-05T10:54:15.819-0400][419.474s][info][gc,heap     ] GC(109) Survivor regions: 30->33(56)
[2026-09-05T10:54:15.819-0400][419.474s][info][gc,heap     ] GC(109) Old regions: 537->537
[2026-09-05T10:54:15.819-0400][419.474s][info][gc,heap     ] GC(109) Archive regions: 0->0
[2026-09-05T10:54:15.819-0400][419.474s][info][gc,heap     ] GC(109) Humongous regions: 16->16
[2026-09-05T10:54:15.819-0400][419.474s][info][gc,metaspace] GC(109) Metaspace: 146196K(148160K)->146196K(148160K) NonClass: 125152K(126208K)->125152K(126208K) Class: 21044K(21952K)->21044K(21952K)
[2026-09-05T10:54:15.819-0400][419.474s][info][gc          ] GC(109) Pause Young (Concurrent Start) (G1 Evacuation Pause) 1989M->1168M(2294M) 7.201ms
[2026-09-05T10:54:15.819-0400][419.474s][info][gc,cpu      ] GC(109) User=0.00s Sys=0.00s Real=0.01s
[2026-09-05T10:54:15.819-0400][419.474s][info][gc          ] GC(110) Concurrent Mark Cycle
[2026-09-05T10:54:15.819-0400][419.474s][info][gc,marking  ] GC(110) Concurrent Clear Claimed Marks
[2026-09-05T10:54:15.819-0400][419.474s][info][gc,marking  ] GC(110) Concurrent Clear Claimed Marks 0.173ms
[2026-09-05T10:54:15.819-0400][419.474s][info][gc,marking  ] GC(110) Concurrent Scan Root Regions
[2026-09-05T10:54:15.825-0400][419.480s][info][gc,marking  ] GC(110) Concurrent Scan Root Regions 5.871ms
[2026-09-05T10:54:15.825-0400][419.480s][info][gc,marking  ] GC(110) Concurrent Mark
[2026-09-05T10:54:15.825-0400][419.480s][info][gc,marking  ] GC(110) Concurrent Mark From Roots
[2026-09-05T10:54:15.825-0400][419.480s][info][gc,task     ] GC(110) Using 6 workers of 6 for marking
[2026-09-05T10:54:15.959-0400][419.613s][info][gc,marking  ] GC(110) Concurrent Mark From Roots 133.204ms
[2026-09-05T10:54:15.959-0400][419.613s][info][gc,marking  ] GC(110) Concurrent Preclean
[2026-09-05T10:54:15.959-0400][419.614s][info][gc,marking  ] GC(110) Concurrent Preclean 0.449ms
[2026-09-05T10:54:15.959-0400][419.614s][info][gc,start    ] GC(110) Pause Remark
[2026-09-05T10:54:15.971-0400][419.626s][info][gc          ] GC(110) Pause Remark 1698M->1666M(2784M) 12.330ms
[2026-09-05T10:54:15.971-0400][419.626s][info][gc,cpu      ] GC(110) User=0.06s Sys=0.00s Real=0.01s
[2026-09-05T10:54:15.971-0400][419.626s][info][gc,marking  ] GC(110) Concurrent Mark 146.330ms
[2026-09-05T10:54:15.971-0400][419.626s][info][gc,marking  ] GC(110) Concurrent Rebuild Remembered Sets
[2026-09-05T10:54:16.048-0400][419.703s][info][gc,marking  ] GC(110) Concurrent Rebuild Remembered Sets 76.794ms
[2026-09-05T10:54:16.049-0400][419.703s][info][gc,start    ] GC(110) Pause Cleanup
[2026-09-05T10:54:16.049-0400][419.704s][info][gc          ] GC(110) Pause Cleanup 1756M->1756M(2784M) 0.526ms
[2026-09-05T10:54:16.049-0400][419.704s][info][gc,cpu      ] GC(110) User=0.00s Sys=0.00s Real=0.00s
[2026-09-05T10:54:16.049-0400][419.704s][info][gc,marking  ] GC(110) Concurrent Cleanup for Next Mark
[2026-09-05T10:54:16.053-0400][419.708s][info][gc,marking  ] GC(110) Concurrent Cleanup for Next Mark 3.987ms
[2026-09-05T10:54:16.053-0400][419.708s][info][gc          ] GC(110) Concurrent Mark Cycle 234.352ms
[2026-09-05T10:54:16.199-0400][419.854s][info][gc,start    ] GC(111) Pause Young (Prepare Mixed) (G1 Evacuation Pause)
[2026-09-05T10:54:16.199-0400][419.854s][info][gc,task     ] GC(111) Using 23 workers of 23 for evacuation
[2026-09-05T10:54:16.217-0400][419.871s][info][gc,phases   ] GC(111)   Pre Evacuate Collection Set: 0.20ms
[2026-09-05T10:54:16.217-0400][419.871s][info][gc,phases   ] GC(111)   Merge Heap Roots: 0.22ms
[2026-09-05T10:54:16.217-0400][419.871s][info][gc,phases   ] GC(111)   Evacuate Collection Set: 15.78ms
[2026-09-05T10:54:16.217-0400][419.871s][info][gc,phases   ] GC(111)   Post Evacuate Collection Set: 0.88ms
[2026-09-05T10:54:16.217-0400][419.871s][info][gc,phases   ] GC(111)   Other: 0.16ms
[2026-09-05T10:54:16.217-0400][419.871s][info][gc,heap     ] GC(111) Eden regions: 388->0(37)
[2026-09-05T10:54:16.217-0400][419.871s][info][gc,heap     ] GC(111) Survivor regions: 33->32(53)
[2026-09-05T10:54:16.217-0400][419.871s][info][gc,heap     ] GC(111) Old regions: 521->524
[2026-09-05T10:54:16.217-0400][419.871s][info][gc,heap     ] GC(111) Archive regions: 0->0
[2026-09-05T10:54:16.217-0400][419.871s][info][gc,heap     ] GC(111) Humongous regions: 16->16
[2026-09-05T10:54:16.217-0400][419.871s][info][gc,metaspace] GC(111) Metaspace: 146352K(148288K)->146352K(148288K) NonClass: 125291K(126336K)->125291K(126336K) Class: 21060K(21952K)->21060K(21952K)
[2026-09-05T10:54:16.217-0400][419.871s][info][gc          ] GC(111) Pause Young (Prepare Mixed) (G1 Evacuation Pause) 1912M->1141M(2784M) 17.369ms
[2026-09-05T10:54:16.217-0400][419.872s][info][gc,cpu      ] GC(111) User=0.34s Sys=0.00s Real=0.02s
[2026-09-05T10:54:16.327-0400][419.982s][info][gc,start    ] GC(112) Pause Young (Mixed) (G1 Evacuation Pause)
[2026-09-05T10:54:16.327-0400][419.982s][info][gc,task     ] GC(112) Using 23 workers of 23 for evacuation
[2026-09-05T10:54:16.333-0400][419.988s][info][gc,phases   ] GC(112)   Pre Evacuate Collection Set: 0.19ms
[2026-09-05T10:54:16.333-0400][419.988s][info][gc,phases   ] GC(112)   Merge Heap Roots: 0.14ms
[2026-09-05T10:54:16.333-0400][419.988s][info][gc,phases   ] GC(112)   Evacuate Collection Set: 4.63ms
[2026-09-05T10:54:16.333-0400][419.988s][info][gc,phases   ] GC(112)   Post Evacuate Collection Set: 0.58ms
[2026-09-05T10:54:16.333-0400][419.988s][info][gc,phases   ] GC(112)   Other: 0.15ms
[2026-09-05T10:54:16.333-0400][419.988s][info][gc,heap     ] GC(112) Eden regions: 37->0(62)
[2026-09-05T10:54:16.333-0400][419.988s][info][gc,heap     ] GC(112) Survivor regions: 32->7(9)
[2026-09-05T10:54:16.333-0400][419.988s][info][gc,heap     ] GC(112) Old regions: 524->409
[2026-09-05T10:54:16.333-0400][419.988s][info][gc,heap     ] GC(112) Archive regions: 0->0
[2026-09-05T10:54:16.333-0400][419.988s][info][gc,heap     ] GC(112) Humongous regions: 16->16
[2026-09-05T10:54:16.333-0400][419.988s][info][gc,metaspace] GC(112) Metaspace: 146362K(148288K)->146362K(148288K) NonClass: 125300K(126336K)->125300K(126336K) Class: 21061K(21952K)->21061K(21952K)
[2026-09-05T10:54:16.333-0400][419.988s][info][gc          ] GC(112) Pause Young (Mixed) (G1 Evacuation Pause) 1215M->861M(2784M) 5.823ms
[2026-09-05T10:54:16.333-0400][419.988s][info][gc,cpu      ] GC(112) User=0.00s Sys=0.00s Real=0.01s
[2026-09-05T10:54:16.441-0400][420.096s][info][gc,start    ] GC(113) Pause Young (Mixed) (G1 Evacuation Pause)
[2026-09-05T10:54:16.441-0400][420.096s][info][gc,task     ] GC(113) Using 23 workers of 23 for evacuation
[2026-09-05T10:54:16.446-0400][420.101s][info][gc,phases   ] GC(113)   Pre Evacuate Collection Set: 0.18ms
[2026-09-05T10:54:16.446-0400][420.101s][info][gc,phases   ] GC(113)   Merge Heap Roots: 0.13ms
[2026-09-05T10:54:16.446-0400][420.101s][info][gc,phases   ] GC(113)   Evacuate Collection Set: 4.33ms
[2026-09-05T10:54:16.446-0400][420.101s][info][gc,phases   ] GC(113)   Post Evacuate Collection Set: 0.55ms
[2026-09-05T10:54:16.446-0400][420.101s][info][gc,phases   ] GC(113)   Other: 0.20ms
[2026-09-05T10:54:16.446-0400][420.101s][info][gc,heap     ] GC(113) Eden regions: 62->0(804)
[2026-09-05T10:54:16.446-0400][420.101s][info][gc,heap     ] GC(113) Survivor regions: 7->8(9)
[2026-09-05T10:54:16.446-0400][420.101s][info][gc,heap     ] GC(113) Old regions: 409->340
[2026-09-05T10:54:16.446-0400][420.101s][info][gc,heap     ] GC(113) Archive regions: 0->0
[2026-09-05T10:54:16.446-0400][420.101s][info][gc,heap     ] GC(113) Humongous regions: 16->16
[2026-09-05T10:54:16.446-0400][420.101s][info][gc,metaspace] GC(113) Metaspace: 146382K(148352K)->146382K(148352K) NonClass: 125317K(126400K)->125317K(126400K) Class: 21065K(21952K)->21065K(21952K)
[2026-09-05T10:54:16.446-0400][420.101s][info][gc          ] GC(113) Pause Young (Mixed) (G1 Evacuation Pause) 985M->725M(2784M) 5.528ms
[2026-09-05T10:54:16.446-0400][420.101s][info][gc,cpu      ] GC(113) User=0.00s Sys=0.00s Real=0.01s
[2026-09-05T10:54:17.163-0400][420.818s][info][gc,start    ] GC(114) Pause Young (Normal) (G1 Evacuation Pause)
[2026-09-05T10:54:17.163-0400][420.818s][info][gc,task     ] GC(114) Using 23 workers of 23 for evacuation
[2026-09-05T10:54:17.167-0400][420.823s][info][gc,phases   ] GC(114)   Pre Evacuate Collection Set: 0.13ms
[2026-09-05T10:54:17.167-0400][420.823s][info][gc,phases   ] GC(114)   Merge Heap Roots: 0.36ms
[2026-09-05T10:54:17.167-0400][420.823s][info][gc,phases   ] GC(114)   Evacuate Collection Set: 3.72ms
[2026-09-05T10:54:17.167-0400][420.823s][info][gc,phases   ] GC(114)   Post Evacuate Collection Set: 0.66ms
[2026-09-05T10:54:17.167-0400][420.823s][info][gc,phases   ] GC(114)   Other: 0.20ms
[2026-09-05T10:54:17.167-0400][420.823s][info][gc,heap     ] GC(114) Eden regions: 804->0(820)
[2026-09-05T10:54:17.167-0400][420.823s][info][gc,heap     ] GC(114) Survivor regions: 8->15(102)
[2026-09-05T10:54:17.167-0400][420.823s][info][gc,heap     ] GC(114) Old regions: 340->340
[2026-09-05T10:54:17.168-0400][420.823s][info][gc,heap     ] GC(114) Archive regions: 0->0
[2026-09-05T10:54:17.168-0400][420.823s][info][gc,heap     ] GC(114) Humongous regions: 16->16
[2026-09-05T10:54:17.168-0400][420.823s][info][gc,metaspace] GC(114) Metaspace: 146468K(148416K)->146468K(148416K) NonClass: 125402K(126464K)->125402K(126464K) Class: 21065K(21952K)->21065K(21952K)
[2026-09-05T10:54:17.168-0400][420.823s][info][gc          ] GC(114) Pause Young (Normal) (G1 Evacuation Pause) 2333M->740M(2784M) 5.198ms
[2026-09-05T10:54:17.168-0400][420.823s][info][gc,cpu      ] GC(114) User=0.00s Sys=0.00s Real=0.00s
[2026-09-05T10:54:17.993-0400][421.649s][info][gc,start    ] GC(115) Pause Young (Normal) (G1 Evacuation Pause)
[2026-09-05T10:54:17.994-0400][421.649s][info][gc,task     ] GC(115) Using 23 workers of 23 for evacuation
[2026-09-05T10:54:18.000-0400][421.655s][info][gc,phases   ] GC(115)   Pre Evacuate Collection Set: 0.17ms
[2026-09-05T10:54:18.000-0400][421.655s][info][gc,phases   ] GC(115)   Merge Heap Roots: 0.30ms
[2026-09-05T10:54:18.000-0400][421.655s][info][gc,phases   ] GC(115)   Evacuate Collection Set: 4.61ms
[2026-09-05T10:54:18.000-0400][421.655s][info][gc,phases   ] GC(115)   Post Evacuate Collection Set: 0.91ms
[2026-09-05T10:54:18.000-0400][421.655s][info][gc,phases   ] GC(115)   Other: 0.31ms
[2026-09-05T10:54:18.000-0400][421.655s][info][gc,heap     ] GC(115) Eden regions: 820->0(814)
[2026-09-05T10:54:18.000-0400][421.655s][info][gc,heap     ] GC(115) Survivor regions: 15->21(105)
[2026-09-05T10:54:18.000-0400][421.655s][info][gc,heap     ] GC(115) Old regions: 340->340
[2026-09-05T10:54:18.000-0400][421.655s][info][gc,heap     ] GC(115) Archive regions: 0->0
[2026-09-05T10:54:18.000-0400][421.655s][info][gc,heap     ] GC(115) Humongous regions: 16->16
[2026-09-05T10:54:18.000-0400][421.655s][info][gc,metaspace] GC(115) Metaspace: 146576K(148544K)->146576K(148544K) NonClass: 125510K(126592K)->125510K(126592K) Class: 21065K(21952K)->21065K(21952K)
[2026-09-05T10:54:18.000-0400][421.655s][info][gc          ] GC(115) Pause Young (Normal) (G1 Evacuation Pause) 2380M->752M(2784M) 6.397ms
[2026-09-05T10:54:18.000-0400][421.655s][info][gc,cpu      ] GC(115) User=0.34s Sys=0.02s Real=0.01s
[2026-09-05T10:54:18.700-0400][422.355s][info][gc,start    ] GC(116) Pause Young (Normal) (G1 Evacuation Pause)
[2026-09-05T10:54:18.700-0400][422.355s][info][gc,task     ] GC(116) Using 23 workers of 23 for evacuation
[2026-09-05T10:54:18.706-0400][422.361s][info][gc,phases   ] GC(116)   Pre Evacuate Collection Set: 0.11ms
[2026-09-05T10:54:18.706-0400][422.361s][info][gc,phases   ] GC(116)   Merge Heap Roots: 0.19ms
[2026-09-05T10:54:18.706-0400][422.361s][info][gc,phases   ] GC(116)   Evacuate Collection Set: 5.05ms
[2026-09-05T10:54:18.706-0400][422.361s][info][gc,phases   ] GC(116)   Post Evacuate Collection Set: 0.73ms
[2026-09-05T10:54:18.706-0400][422.361s][info][gc,phases   ] GC(116)   Other: 0.18ms
[2026-09-05T10:54:18.706-0400][422.361s][info][gc,heap     ] GC(116) Eden regions: 814->0(808)
[2026-09-05T10:54:18.706-0400][422.361s][info][gc,heap     ] GC(116) Survivor regions: 21->27(105)
[2026-09-05T10:54:18.706-0400][422.361s][info][gc,heap     ] GC(116) Old regions: 340->340
[2026-09-05T10:54:18.706-0400][422.361s][info][gc,heap     ] GC(116) Archive regions: 0->0
[2026-09-05T10:54:18.706-0400][422.361s][info][gc,heap     ] GC(116) Humongous regions: 16->16
[2026-09-05T10:54:18.706-0400][422.361s][info][gc,metaspace] GC(116) Metaspace: 146618K(148544K)->146618K(148544K) NonClass: 125551K(126592K)->125551K(126592K) Class: 21066K(21952K)->21066K(21952K)
[2026-09-05T10:54:18.706-0400][422.361s][info][gc          ] GC(116) Pause Young (Normal) (G1 Evacuation Pause) 2380M->763M(2784M) 6.432ms
[2026-09-05T10:54:18.706-0400][422.361s][info][gc,cpu      ] GC(116) User=0.02s Sys=0.00s Real=0.01s
[2026-09-05T10:54:19.587-0400][423.242s][info][gc,start    ] GC(117) Pause Young (Normal) (G1 Evacuation Pause)
[2026-09-05T10:54:19.587-0400][423.242s][info][gc,task     ] GC(117) Using 23 workers of 23 for evacuation
[2026-09-05T10:54:19.595-0400][423.250s][info][gc,phases   ] GC(117)   Pre Evacuate Collection Set: 0.15ms
[2026-09-05T10:54:19.595-0400][423.250s][info][gc,phases   ] GC(117)   Merge Heap Roots: 0.20ms
[2026-09-05T10:54:19.595-0400][423.250s][info][gc,phases   ] GC(117)   Evacuate Collection Set: 5.87ms
[2026-09-05T10:54:19.595-0400][423.250s][info][gc,phases   ] GC(117)   Post Evacuate Collection Set: 0.75ms
[2026-09-05T10:54:19.595-0400][423.250s][info][gc,phases   ] GC(117)   Other: 0.19ms
[2026-09-05T10:54:19.595-0400][423.250s][info][gc,heap     ] GC(117) Eden regions: 808->0(802)
[2026-09-05T10:54:19.595-0400][423.250s][info][gc,heap     ] GC(117) Survivor regions: 27->33(105)
[2026-09-05T10:54:19.595-0400][423.250s][info][gc,heap     ] GC(117) Old regions: 340->340
[2026-09-05T10:54:19.595-0400][423.250s][info][gc,heap     ] GC(117) Archive regions: 0->0
[2026-09-05T10:54:19.595-0400][423.250s][info][gc,heap     ] GC(117) Humongous regions: 16->16
[2026-09-05T10:54:19.595-0400][423.250s][info][gc,metaspace] GC(117) Metaspace: 146725K(148672K)->146725K(148672K) NonClass: 125646K(126720K)->125646K(126720K) Class: 21079K(21952K)->21079K(21952K)
[2026-09-05T10:54:19.595-0400][423.250s][info][gc          ] GC(117) Pause Young (Normal) (G1 Evacuation Pause) 2379M->776M(2784M) 7.289ms
[2026-09-05T10:54:19.595-0400][423.250s][info][gc,cpu      ] GC(117) User=0.30s Sys=0.08s Real=0.01s
[2026-09-05T10:54:20.523-0400][424.178s][info][gc,start    ] GC(118) Pause Young (Normal) (G1 Evacuation Pause)
[2026-09-05T10:54:20.523-0400][424.178s][info][gc,task     ] GC(118) Using 23 workers of 23 for evacuation
[2026-09-05T10:54:20.530-0400][424.185s][info][gc,phases   ] GC(118)   Pre Evacuate Collection Set: 0.17ms
[2026-09-05T10:54:20.530-0400][424.185s][info][gc,phases   ] GC(118)   Merge Heap Roots: 0.25ms
[2026-09-05T10:54:20.530-0400][424.185s][info][gc,phases   ] GC(118)   Evacuate Collection Set: 5.97ms
[2026-09-05T10:54:20.530-0400][424.185s][info][gc,phases   ] GC(118)   Post Evacuate Collection Set: 0.68ms
[2026-09-05T10:54:20.530-0400][424.185s][info][gc,phases   ] GC(118)   Other: 0.24ms
[2026-09-05T10:54:20.530-0400][424.185s][info][gc,heap     ] GC(118) Eden regions: 802->0(797)
[2026-09-05T10:54:20.530-0400][424.185s][info][gc,heap     ] GC(118) Survivor regions: 33->38(105)
[2026-09-05T10:54:20.530-0400][424.185s][info][gc,heap     ] GC(118) Old regions: 340->340
[2026-09-05T10:54:20.530-0400][424.185s][info][gc,heap     ] GC(118) Archive regions: 0->0
[2026-09-05T10:54:20.530-0400][424.185s][info][gc,heap     ] GC(118) Humongous regions: 16->16
[2026-09-05T10:54:20.530-0400][424.185s][info][gc,metaspace] GC(118) Metaspace: 146780K(148736K)->146780K(148736K) NonClass: 125701K(126784K)->125701K(126784K) Class: 21079K(21952K)->21079K(21952K)
[2026-09-05T10:54:20.530-0400][424.185s][info][gc          ] GC(118) Pause Young (Normal) (G1 Evacuation Pause) 2380M->785M(2784M) 7.433ms
[2026-09-05T10:54:20.530-0400][424.185s][info][gc,cpu      ] GC(118) User=0.25s Sys=0.12s Real=0.01s
[2026-09-05T10:54:23.259-0400][426.915s][info][gc,start    ] GC(119) Pause Young (Normal) (G1 Evacuation Pause)
[2026-09-05T10:54:23.259-0400][426.915s][info][gc,task     ] GC(119) Using 23 workers of 23 for evacuation
[2026-09-05T10:54:23.267-0400][426.922s][info][gc,phases   ] GC(119)   Pre Evacuate Collection Set: 0.26ms
[2026-09-05T10:54:23.267-0400][426.923s][info][gc,phases   ] GC(119)   Merge Heap Roots: 0.21ms
[2026-09-05T10:54:23.267-0400][426.923s][info][gc,phases   ] GC(119)   Evacuate Collection Set: 6.09ms
[2026-09-05T10:54:23.267-0400][426.923s][info][gc,phases   ] GC(119)   Post Evacuate Collection Set: 0.90ms
[2026-09-05T10:54:23.267-0400][426.923s][info][gc,phases   ] GC(119)   Other: 0.17ms
[2026-09-05T10:54:23.267-0400][426.923s][info][gc,heap     ] GC(119) Eden regions: 797->0(793)
[2026-09-05T10:54:23.267-0400][426.923s][info][gc,heap     ] GC(119) Survivor regions: 38->42(105)
[2026-09-05T10:54:23.267-0400][426.923s][info][gc,heap     ] GC(119) Old regions: 340->340
[2026-09-05T10:54:23.267-0400][426.923s][info][gc,heap     ] GC(119) Archive regions: 0->0
[2026-09-05T10:54:23.267-0400][426.923s][info][gc,heap     ] GC(119) Humongous regions: 16->16
[2026-09-05T10:54:23.267-0400][426.923s][info][gc,metaspace] GC(119) Metaspace: 146998K(148928K)->146998K(148928K) NonClass: 125918K(126976K)->125918K(126976K) Class: 21080K(21952K)->21080K(21952K)
[2026-09-05T10:54:23.267-0400][426.923s][info][gc          ] GC(119) Pause Young (Normal) (G1 Evacuation Pause) 2379M->793M(2784M) 7.757ms
[2026-09-05T10:54:23.268-0400][426.923s][info][gc,cpu      ] GC(119) User=0.31s Sys=0.03s Real=0.01s
[2026-09-05T10:54:32.347-0400][436.002s][info][gc,start    ] GC(120) Pause Young (Normal) (G1 Evacuation Pause)
[2026-09-05T10:54:32.347-0400][436.002s][info][gc,task     ] GC(120) Using 23 workers of 23 for evacuation
[2026-09-05T10:54:32.356-0400][436.011s][info][gc,phases   ] GC(120)   Pre Evacuate Collection Set: 0.19ms
[2026-09-05T10:54:32.356-0400][436.011s][info][gc,phases   ] GC(120)   Merge Heap Roots: 0.24ms
[2026-09-05T10:54:32.356-0400][436.011s][info][gc,phases   ] GC(120)   Evacuate Collection Set: 7.63ms
[2026-09-05T10:54:32.356-0400][436.011s][info][gc,phases   ] GC(120)   Post Evacuate Collection Set: 1.08ms
[2026-09-05T10:54:32.356-0400][436.011s][info][gc,phases   ] GC(120)   Other: 0.24ms
[2026-09-05T10:54:32.356-0400][436.011s][info][gc,heap     ] GC(120) Eden regions: 793->0(793)
[2026-09-05T10:54:32.356-0400][436.011s][info][gc,heap     ] GC(120) Survivor regions: 42->42(105)
[2026-09-05T10:54:32.356-0400][436.011s][info][gc,heap     ] GC(120) Old regions: 340->340
[2026-09-05T10:54:32.356-0400][436.011s][info][gc,heap     ] GC(120) Archive regions: 0->0
[2026-09-05T10:54:32.356-0400][436.011s][info][gc,heap     ] GC(120) Humongous regions: 25->25
[2026-09-05T10:54:32.356-0400][436.011s][info][gc,metaspace] GC(120) Metaspace: 148643K(150592K)->148643K(150592K) NonClass: 127459K(128512K)->127459K(128512K) Class: 21183K(22080K)->21183K(22080K)
[2026-09-05T10:54:32.356-0400][436.011s][info][gc          ] GC(120) Pause Young (Normal) (G1 Evacuation Pause) 2397M->812M(2784M) 9.502ms
[2026-09-05T10:54:32.356-0400][436.011s][info][gc,cpu      ] GC(120) User=0.00s Sys=0.02s Real=0.01s
[2026-09-05T10:54:44.258-0400][447.913s][info][gc,start    ] GC(121) Pause Young (Normal) (G1 Evacuation Pause)
[2026-09-05T10:54:44.258-0400][447.913s][info][gc,task     ] GC(121) Using 23 workers of 23 for evacuation
[2026-09-05T10:54:44.266-0400][447.921s][info][gc,phases   ] GC(121)   Pre Evacuate Collection Set: 0.20ms
[2026-09-05T10:54:44.266-0400][447.921s][info][gc,phases   ] GC(121)   Merge Heap Roots: 0.23ms
[2026-09-05T10:54:44.266-0400][447.921s][info][gc,phases   ] GC(121)   Evacuate Collection Set: 6.09ms
[2026-09-05T10:54:44.266-0400][447.921s][info][gc,phases   ] GC(121)   Post Evacuate Collection Set: 1.12ms
[2026-09-05T10:54:44.266-0400][447.921s][info][gc,phases   ] GC(121)   Other: 0.15ms
[2026-09-05T10:54:44.266-0400][447.921s][info][gc,heap     ] GC(121) Eden regions: 793->0(793)
[2026-09-05T10:54:44.266-0400][447.921s][info][gc,heap     ] GC(121) Survivor regions: 42->42(105)
[2026-09-05T10:54:44.266-0400][447.921s][info][gc,heap     ] GC(121) Old regions: 340->340
[2026-09-05T10:54:44.266-0400][447.921s][info][gc,heap     ] GC(121) Archive regions: 0->0
[2026-09-05T10:54:44.266-0400][447.921s][info][gc,heap     ] GC(121) Humongous regions: 89->24
[2026-09-05T10:54:44.266-0400][447.921s][info][gc,metaspace] GC(121) Metaspace: 149886K(152064K)->149886K(152064K) NonClass: 128585K(129792K)->128585K(129792K) Class: 21300K(22272K)->21300K(22272K)
[2026-09-05T10:54:44.266-0400][447.921s][info][gc          ] GC(121) Pause Young (Normal) (G1 Evacuation Pause) 2526M->810M(2784M) 7.986ms
[2026-09-05T10:54:44.266-0400][447.921s][info][gc,cpu      ] GC(121) User=0.30s Sys=0.05s Real=0.01s
[2026-09-05T10:54:56.435-0400][460.090s][info][gc,start    ] GC(122) Pause Young (Concurrent Start) (G1 Humongous Allocation)
[2026-09-05T10:54:56.435-0400][460.090s][info][gc,task     ] GC(122) Using 23 workers of 23 for evacuation
[2026-09-05T10:54:56.444-0400][460.099s][info][gc,phases   ] GC(122)   Pre Evacuate Collection Set: 0.40ms
[2026-09-05T10:54:56.444-0400][460.099s][info][gc,phases   ] GC(122)   Merge Heap Roots: 0.23ms
[2026-09-05T10:54:56.444-0400][460.099s][info][gc,phases   ] GC(122)   Evacuate Collection Set: 6.51ms
[2026-09-05T10:54:56.444-0400][460.099s][info][gc,phases   ] GC(122)   Post Evacuate Collection Set: 1.08ms
[2026-09-05T10:54:56.444-0400][460.099s][info][gc,phases   ] GC(122)   Other: 0.20ms
[2026-09-05T10:54:56.444-0400][460.099s][info][gc,heap     ] GC(122) Eden regions: 646->0(793)
[2026-09-05T10:54:56.444-0400][460.099s][info][gc,heap     ] GC(122) Survivor regions: 42->42(105)
[2026-09-05T10:54:56.444-0400][460.099s][info][gc,heap     ] GC(122) Old regions: 340->340
[2026-09-05T10:54:56.444-0400][460.099s][info][gc,heap     ] GC(122) Archive regions: 0->0
[2026-09-05T10:54:56.444-0400][460.099s][info][gc,heap     ] GC(122) Humongous regions: 92->24
[2026-09-05T10:54:56.444-0400][460.099s][info][gc,metaspace] GC(122) Metaspace: 149979K(152128K)->149979K(152128K) NonClass: 128677K(129856K)->128677K(129856K) Class: 21302K(22272K)->21302K(22272K)
[2026-09-05T10:54:56.444-0400][460.099s][info][gc          ] GC(122) Pause Young (Concurrent Start) (G1 Humongous Allocation) 2236M->810M(2784M) 8.530ms
[2026-09-05T10:54:56.444-0400][460.099s][info][gc,cpu      ] GC(122) User=0.00s Sys=0.00s Real=0.01s
[2026-09-05T10:54:56.444-0400][460.099s][info][gc          ] GC(123) Concurrent Undo Cycle
[2026-09-05T10:54:56.444-0400][460.099s][info][gc,marking  ] GC(123) Concurrent Cleanup for Next Mark
[2026-09-05T10:54:56.446-0400][460.100s][info][gc,marking  ] GC(123) Concurrent Cleanup for Next Mark 1.287ms
[2026-09-05T10:54:56.446-0400][460.100s][info][gc          ] GC(123) Concurrent Undo Cycle 1.386ms
[2026-09-05T10:55:13.065-0400][476.720s][info][gc,start    ] GC(124) Pause Young (Normal) (G1 Evacuation Pause)
[2026-09-05T10:55:13.065-0400][476.720s][info][gc,task     ] GC(124) Using 23 workers of 23 for evacuation
[2026-09-05T10:55:13.073-0400][476.728s][info][gc,phases   ] GC(124)   Pre Evacuate Collection Set: 0.22ms
[2026-09-05T10:55:13.073-0400][476.728s][info][gc,phases   ] GC(124)   Merge Heap Roots: 0.27ms
[2026-09-05T10:55:13.073-0400][476.728s][info][gc,phases   ] GC(124)   Evacuate Collection Set: 5.82ms
[2026-09-05T10:55:13.073-0400][476.728s][info][gc,phases   ] GC(124)   Post Evacuate Collection Set: 0.91ms
[2026-09-05T10:55:13.073-0400][476.728s][info][gc,phases   ] GC(124)   Other: 0.16ms
[2026-09-05T10:55:13.073-0400][476.728s][info][gc,heap     ] GC(124) Eden regions: 793->0(792)
[2026-09-05T10:55:13.073-0400][476.728s][info][gc,heap     ] GC(124) Survivor regions: 42->43(105)
[2026-09-05T10:55:13.073-0400][476.728s][info][gc,heap     ] GC(124) Old regions: 340->340
[2026-09-05T10:55:13.073-0400][476.728s][info][gc,heap     ] GC(124) Archive regions: 0->0
[2026-09-05T10:55:13.073-0400][476.728s][info][gc,heap     ] GC(124) Humongous regions: 60->24
[2026-09-05T10:55:13.073-0400][476.728s][info][gc,metaspace] GC(124) Metaspace: 150033K(152192K)->150033K(152192K) NonClass: 128726K(129920K)->128726K(129920K) Class: 21307K(22272K)->21307K(22272K)
[2026-09-05T10:55:13.073-0400][476.728s][info][gc          ] GC(124) Pause Young (Normal) (G1 Evacuation Pause) 2468M->812M(2784M) 7.630ms
[2026-09-05T10:55:13.073-0400][476.728s][info][gc,cpu      ] GC(124) User=0.00s Sys=0.00s Real=0.01s
[2026-09-05T10:55:30.257-0400][493.913s][info][gc,start    ] GC(125) Pause Young (Normal) (G1 Evacuation Pause)
[2026-09-05T10:55:30.257-0400][493.913s][info][gc,task     ] GC(125) Using 23 workers of 23 for evacuation
[2026-09-05T10:55:30.265-0400][493.920s][info][gc,phases   ] GC(125)   Pre Evacuate Collection Set: 0.24ms
[2026-09-05T10:55:30.265-0400][493.920s][info][gc,phases   ] GC(125)   Merge Heap Roots: 0.29ms
[2026-09-05T10:55:30.265-0400][493.920s][info][gc,phases   ] GC(125)   Evacuate Collection Set: 5.86ms
[2026-09-05T10:55:30.265-0400][493.920s][info][gc,phases   ] GC(125)   Post Evacuate Collection Set: 1.13ms
[2026-09-05T10:55:30.265-0400][493.920s][info][gc,phases   ] GC(125)   Other: 0.16ms
[2026-09-05T10:55:30.265-0400][493.920s][info][gc,heap     ] GC(125) Eden regions: 792->0(791)
[2026-09-05T10:55:30.265-0400][493.920s][info][gc,heap     ] GC(125) Survivor regions: 43->44(105)
[2026-09-05T10:55:30.265-0400][493.920s][info][gc,heap     ] GC(125) Old regions: 340->340
[2026-09-05T10:55:30.265-0400][493.920s][info][gc,heap     ] GC(125) Archive regions: 0->0
[2026-09-05T10:55:30.265-0400][493.920s][info][gc,heap     ] GC(125) Humongous regions: 24->24
[2026-09-05T10:55:30.265-0400][493.920s][info][gc,metaspace] GC(125) Metaspace: 150150K(152256K)->150150K(152256K) NonClass: 128841K(129984K)->128841K(129984K) Class: 21308K(22272K)->21308K(22272K)
[2026-09-05T10:55:30.265-0400][493.920s][info][gc          ] GC(125) Pause Young (Normal) (G1 Evacuation Pause) 2396M->814M(2784M) 7.831ms
[2026-09-05T10:55:30.265-0400][493.920s][info][gc,cpu      ] GC(125) User=0.27s Sys=0.05s Real=0.01s
[2026-09-05T10:55:47.891-0400][511.546s][info][gc,start    ] GC(126) Pause Young (Normal) (G1 Evacuation Pause)
[2026-09-05T10:55:47.891-0400][511.546s][info][gc,task     ] GC(126) Using 23 workers of 23 for evacuation
[2026-09-05T10:55:47.898-0400][511.554s][info][gc,phases   ] GC(126)   Pre Evacuate Collection Set: 0.21ms
[2026-09-05T10:55:47.898-0400][511.554s][info][gc,phases   ] GC(126)   Merge Heap Roots: 0.21ms
[2026-09-05T10:55:47.898-0400][511.554s][info][gc,phases   ] GC(126)   Evacuate Collection Set: 5.88ms
[2026-09-05T10:55:47.898-0400][511.554s][info][gc,phases   ] GC(126)   Post Evacuate Collection Set: 1.05ms
[2026-09-05T10:55:47.898-0400][511.554s][info][gc,phases   ] GC(126)   Other: 0.16ms
[2026-09-05T10:55:47.898-0400][511.554s][info][gc,heap     ] GC(126) Eden regions: 791->0(789)
[2026-09-05T10:55:47.898-0400][511.554s][info][gc,heap     ] GC(126) Survivor regions: 44->46(105)
[2026-09-05T10:55:47.898-0400][511.554s][info][gc,heap     ] GC(126) Old regions: 340->340
[2026-09-05T10:55:47.898-0400][511.554s][info][gc,heap     ] GC(126) Archive regions: 0->0
[2026-09-05T10:55:47.898-0400][511.554s][info][gc,heap     ] GC(126) Humongous regions: 25->24
[2026-09-05T10:55:47.898-0400][511.554s][info][gc,metaspace] GC(126) Metaspace: 150494K(152704K)->150494K(152704K) NonClass: 129129K(130304K)->129129K(130304K) Class: 21364K(22400K)->21364K(22400K)
[2026-09-05T10:55:47.898-0400][511.554s][info][gc          ] GC(126) Pause Young (Normal) (G1 Evacuation Pause) 2398M->817M(2784M) 7.646ms
[2026-09-05T10:55:47.899-0400][511.554s][info][gc,cpu      ] GC(126) User=0.00s Sys=0.00s Real=0.01s
[2026-09-05T10:55:50.145-0400][513.800s][info][gc,start    ] GC(127) Pause Young (Normal) (G1 Evacuation Pause)
[2026-09-05T10:55:50.145-0400][513.801s][info][gc,task     ] GC(127) Using 23 workers of 23 for evacuation
[2026-09-05T10:55:50.159-0400][513.815s][info][gc,phases   ] GC(127)   Pre Evacuate Collection Set: 0.19ms
[2026-09-05T10:55:50.159-0400][513.815s][info][gc,phases   ] GC(127)   Merge Heap Roots: 0.26ms
[2026-09-05T10:55:50.159-0400][513.815s][info][gc,phases   ] GC(127)   Evacuate Collection Set: 12.68ms
[2026-09-05T10:55:50.159-0400][513.815s][info][gc,phases   ] GC(127)   Post Evacuate Collection Set: 0.90ms
[2026-09-05T10:55:50.159-0400][513.815s][info][gc,phases   ] GC(127)   Other: 0.16ms
[2026-09-05T10:55:50.159-0400][513.815s][info][gc,heap     ] GC(127) Eden regions: 789->0(778)
[2026-09-05T10:55:50.159-0400][513.815s][info][gc,heap     ] GC(127) Survivor regions: 46->54(105)
[2026-09-05T10:55:50.159-0400][513.815s][info][gc,heap     ] GC(127) Old regions: 340->342
[2026-09-05T10:55:50.159-0400][513.815s][info][gc,heap     ] GC(127) Archive regions: 0->0
[2026-09-05T10:55:50.159-0400][513.815s][info][gc,heap     ] GC(127) Humongous regions: 24->24
[2026-09-05T10:55:50.159-0400][513.815s][info][gc,metaspace] GC(127) Metaspace: 150498K(152704K)->150498K(152704K) NonClass: 129133K(130304K)->129133K(130304K) Class: 21364K(22400K)->21364K(22400K)
[2026-09-05T10:55:50.159-0400][513.815s][info][gc          ] GC(127) Pause Young (Normal) (G1 Evacuation Pause) 2395M->838M(2784M) 14.360ms
[2026-09-05T10:55:50.159-0400][513.815s][info][gc,cpu      ] GC(127) User=0.33s Sys=0.03s Real=0.01s
[2026-09-05T10:55:51.830-0400][515.486s][info][gc,start    ] GC(128) Pause Young (Normal) (G1 Evacuation Pause)
[2026-09-05T10:55:51.830-0400][515.486s][info][gc,task     ] GC(128) Using 23 workers of 23 for evacuation
[2026-09-05T10:55:51.843-0400][515.497s][info][gc,phases   ] GC(128)   Pre Evacuate Collection Set: 0.25ms
[2026-09-05T10:55:51.843-0400][515.497s][info][gc,phases   ] GC(128)   Merge Heap Roots: 0.21ms
[2026-09-05T10:55:51.843-0400][515.497s][info][gc,phases   ] GC(128)   Evacuate Collection Set: 10.20ms
[2026-09-05T10:55:51.843-0400][515.497s][info][gc,phases   ] GC(128)   Post Evacuate Collection Set: 0.86ms
[2026-09-05T10:55:51.843-0400][515.497s][info][gc,phases   ] GC(128)   Other: 0.17ms
[2026-09-05T10:55:51.843-0400][515.498s][info][gc,heap     ] GC(128) Eden regions: 778->0(776)
[2026-09-05T10:55:51.843-0400][515.498s][info][gc,heap     ] GC(128) Survivor regions: 54->55(104)
[2026-09-05T10:55:51.843-0400][515.498s][info][gc,heap     ] GC(128) Old regions: 342->342
[2026-09-05T10:55:51.843-0400][515.498s][info][gc,heap     ] GC(128) Archive regions: 0->0
[2026-09-05T10:55:51.843-0400][515.498s][info][gc,heap     ] GC(128) Humongous regions: 24->24
[2026-09-05T10:55:51.843-0400][515.498s][info][gc,metaspace] GC(128) Metaspace: 150498K(152704K)->150498K(152704K) NonClass: 129133K(130304K)->129133K(130304K) Class: 21364K(22400K)->21364K(22400K)
[2026-09-05T10:55:51.843-0400][515.498s][info][gc          ] GC(128) Pause Young (Normal) (G1 Evacuation Pause) 2394M->841M(2784M) 11.813ms
[2026-09-05T10:55:51.843-0400][515.498s][info][gc,cpu      ] GC(128) User=0.36s Sys=0.00s Real=0.01s
[2026-09-05T10:55:53.504-0400][517.159s][info][gc,start    ] GC(129) Pause Young (Normal) (G1 Evacuation Pause)
[2026-09-05T10:55:53.504-0400][517.159s][info][gc,task     ] GC(129) Using 23 workers of 23 for evacuation
[2026-09-05T10:55:53.518-0400][517.173s][info][gc,phases   ] GC(129)   Pre Evacuate Collection Set: 0.31ms
[2026-09-05T10:55:53.518-0400][517.173s][info][gc,phases   ] GC(129)   Merge Heap Roots: 0.26ms
[2026-09-05T10:55:53.518-0400][517.173s][info][gc,phases   ] GC(129)   Evacuate Collection Set: 12.77ms
[2026-09-05T10:55:53.518-0400][517.173s][info][gc,phases   ] GC(129)   Post Evacuate Collection Set: 0.80ms
[2026-09-05T10:55:53.518-0400][517.173s][info][gc,phases   ] GC(129)   Other: 0.17ms
[2026-09-05T10:55:53.518-0400][517.173s][info][gc,heap     ] GC(129) Eden regions: 776->0(778)
[2026-09-05T10:55:53.518-0400][517.173s][info][gc,heap     ] GC(129) Survivor regions: 55->53(104)
[2026-09-05T10:55:53.518-0400][517.173s][info][gc,heap     ] GC(129) Old regions: 342->344
[2026-09-05T10:55:53.518-0400][517.173s][info][gc,heap     ] GC(129) Archive regions: 0->0
[2026-09-05T10:55:53.518-0400][517.173s][info][gc,heap     ] GC(129) Humongous regions: 24->24
[2026-09-05T10:55:53.518-0400][517.173s][info][gc,metaspace] GC(129) Metaspace: 150500K(152704K)->150500K(152704K) NonClass: 129136K(130304K)->129136K(130304K) Class: 21364K(22400K)->21364K(22400K)
[2026-09-05T10:55:53.518-0400][517.173s][info][gc          ] GC(129) Pause Young (Normal) (G1 Evacuation Pause) 2393M->840M(2784M) 14.502ms
[2026-09-05T10:55:53.518-0400][517.173s][info][gc,cpu      ] GC(129) User=0.31s Sys=0.03s Real=0.01s
[2026-09-05T10:55:55.144-0400][518.799s][info][gc,start    ] GC(130) Pause Young (Normal) (G1 Evacuation Pause)
[2026-09-05T10:55:55.144-0400][518.799s][info][gc,task     ] GC(130) Using 23 workers of 23 for evacuation
[2026-09-05T10:55:55.158-0400][518.813s][info][gc,phases   ] GC(130)   Pre Evacuate Collection Set: 0.40ms
[2026-09-05T10:55:55.158-0400][518.813s][info][gc,phases   ] GC(130)   Merge Heap Roots: 0.26ms
[2026-09-05T10:55:55.158-0400][518.813s][info][gc,phases   ] GC(130)   Evacuate Collection Set: 12.57ms
[2026-09-05T10:55:55.158-0400][518.813s][info][gc,phases   ] GC(130)   Post Evacuate Collection Set: 0.97ms
[2026-09-05T10:55:55.158-0400][518.813s][info][gc,phases   ] GC(130)   Other: 0.30ms
[2026-09-05T10:55:55.158-0400][518.813s][info][gc,heap     ] GC(130) Eden regions: 778->0(786)
[2026-09-05T10:55:55.158-0400][518.813s][info][gc,heap     ] GC(130) Survivor regions: 53->46(104)
[2026-09-05T10:55:55.158-0400][518.813s][info][gc,heap     ] GC(130) Old regions: 344->350
[2026-09-05T10:55:55.158-0400][518.813s][info][gc,heap     ] GC(130) Archive regions: 0->0
[2026-09-05T10:55:55.158-0400][518.813s][info][gc,heap     ] GC(130) Humongous regions: 24->24
[2026-09-05T10:55:55.158-0400][518.813s][info][gc,metaspace] GC(130) Metaspace: 150501K(152704K)->150501K(152704K) NonClass: 129136K(130304K)->129136K(130304K) Class: 21364K(22400K)->21364K(22400K)
[2026-09-05T10:55:55.158-0400][518.813s][info][gc          ] GC(130) Pause Young (Normal) (G1 Evacuation Pause) 2396M->839M(2784M) 14.609ms
[2026-09-05T10:55:55.158-0400][518.813s][info][gc,cpu      ] GC(130) User=0.36s Sys=0.00s Real=0.01s
[2026-09-05T10:55:56.779-0400][520.434s][info][gc,start    ] GC(131) Pause Young (Normal) (G1 Evacuation Pause)
[2026-09-05T10:55:56.779-0400][520.434s][info][gc,task     ] GC(131) Using 23 workers of 23 for evacuation
[2026-09-05T10:55:56.790-0400][520.446s][info][gc,phases   ] GC(131)   Pre Evacuate Collection Set: 0.21ms
[2026-09-05T10:55:56.790-0400][520.446s][info][gc,phases   ] GC(131)   Merge Heap Roots: 0.22ms
[2026-09-05T10:55:56.790-0400][520.446s][info][gc,phases   ] GC(131)   Evacuate Collection Set: 10.11ms
[2026-09-05T10:55:56.790-0400][520.446s][info][gc,phases   ] GC(131)   Post Evacuate Collection Set: 0.88ms
[2026-09-05T10:55:56.790-0400][520.446s][info][gc,phases   ] GC(131)   Other: 0.14ms
[2026-09-05T10:55:56.790-0400][520.446s][info][gc,heap     ] GC(131) Eden regions: 786->0(790)
[2026-09-05T10:55:56.790-0400][520.446s][info][gc,heap     ] GC(131) Survivor regions: 46->41(104)
[2026-09-05T10:55:56.790-0400][520.446s][info][gc,heap     ] GC(131) Old regions: 350->356
[2026-09-05T10:55:56.790-0400][520.446s][info][gc,heap     ] GC(131) Archive regions: 0->0
[2026-09-05T10:55:56.790-0400][520.446s][info][gc,heap     ] GC(131) Humongous regions: 24->24
[2026-09-05T10:55:56.790-0400][520.446s][info][gc,metaspace] GC(131) Metaspace: 150502K(152704K)->150502K(152704K) NonClass: 129137K(130304K)->129137K(130304K) Class: 21364K(22400K)->21364K(22400K)
[2026-09-05T10:55:56.790-0400][520.446s][info][gc          ] GC(131) Pause Young (Normal) (G1 Evacuation Pause) 2411M->839M(2784M) 11.662ms
[2026-09-05T10:55:56.790-0400][520.446s][info][gc,cpu      ] GC(131) User=0.00s Sys=0.00s Real=0.01s
[2026-09-05T10:55:57.693-0400][521.348s][info][gc,start    ] GC(132) Pause Young (Normal) (G1 Evacuation Pause)
[2026-09-05T10:55:57.693-0400][521.348s][info][gc,task     ] GC(132) Using 23 workers of 23 for evacuation
[2026-09-05T10:55:57.701-0400][521.357s][info][gc,phases   ] GC(132)   Pre Evacuate Collection Set: 0.23ms
[2026-09-05T10:55:57.701-0400][521.357s][info][gc,phases   ] GC(132)   Merge Heap Roots: 0.22ms
[2026-09-05T10:55:57.701-0400][521.357s][info][gc,phases   ] GC(132)   Evacuate Collection Set: 7.49ms
[2026-09-05T10:55:57.701-0400][521.357s][info][gc,phases   ] GC(132)   Post Evacuate Collection Set: 0.76ms
[2026-09-05T10:55:57.701-0400][521.357s][info][gc,phases   ] GC(132)   Other: 0.22ms
[2026-09-05T10:55:57.701-0400][521.357s][info][gc,heap     ] GC(132) Eden regions: 790->0(795)
[2026-09-05T10:55:57.701-0400][521.357s][info][gc,heap     ] GC(132) Survivor regions: 41->36(104)
[2026-09-05T10:55:57.701-0400][521.357s][info][gc,heap     ] GC(132) Old regions: 356->361
[2026-09-05T10:55:57.701-0400][521.357s][info][gc,heap     ] GC(132) Archive regions: 0->0
[2026-09-05T10:55:57.701-0400][521.357s][info][gc,heap     ] GC(132) Humongous regions: 24->24
[2026-09-05T10:55:57.701-0400][521.357s][info][gc,metaspace] GC(132) Metaspace: 150502K(152704K)->150502K(152704K) NonClass: 129137K(130304K)->129137K(130304K) Class: 21364K(22400K)->21364K(22400K)
[2026-09-05T10:55:57.701-0400][521.357s][info][gc          ] GC(132) Pause Young (Normal) (G1 Evacuation Pause) 2419M->840M(2784M) 9.117ms
[2026-09-05T10:55:57.701-0400][521.357s][info][gc,cpu      ] GC(132) User=0.33s Sys=0.00s Real=0.01s
[2026-09-05T10:55:58.714-0400][522.369s][info][gc,start    ] GC(133) Pause Young (Normal) (G1 Evacuation Pause)
[2026-09-05T10:55:58.714-0400][522.369s][info][gc,task     ] GC(133) Using 23 workers of 23 for evacuation
[2026-09-05T10:55:58.725-0400][522.380s][info][gc,phases   ] GC(133)   Pre Evacuate Collection Set: 0.19ms
[2026-09-05T10:55:58.725-0400][522.380s][info][gc,phases   ] GC(133)   Merge Heap Roots: 0.24ms
[2026-09-05T10:55:58.725-0400][522.380s][info][gc,phases   ] GC(133)   Evacuate Collection Set: 8.95ms
[2026-09-05T10:55:58.725-0400][522.380s][info][gc,phases   ] GC(133)   Post Evacuate Collection Set: 1.07ms
[2026-09-05T10:55:58.725-0400][522.380s][info][gc,phases   ] GC(133)   Other: 0.23ms
[2026-09-05T10:55:58.725-0400][522.380s][info][gc,heap     ] GC(133) Eden regions: 795->0(781)
[2026-09-05T10:55:58.725-0400][522.380s][info][gc,heap     ] GC(133) Survivor regions: 36->40(104)
[2026-09-05T10:55:58.725-0400][522.380s][info][gc,heap     ] GC(133) Old regions: 361->367
[2026-09-05T10:55:58.725-0400][522.380s][info][gc,heap     ] GC(133) Archive regions: 0->0
[2026-09-05T10:55:58.725-0400][522.380s][info][gc,heap     ] GC(133) Humongous regions: 25->24
[2026-09-05T10:55:58.725-0400][522.380s][info][gc,metaspace] GC(133) Metaspace: 150572K(152768K)->150572K(152768K) NonClass: 129199K(130368K)->129199K(130368K) Class: 21373K(22400K)->21373K(22400K)
[2026-09-05T10:55:58.725-0400][522.380s][info][gc          ] GC(133) Pause Young (Normal) (G1 Evacuation Pause) 2432M->861M(2784M) 10.820ms
[2026-09-05T10:55:58.725-0400][522.380s][info][gc,cpu      ] GC(133) User=0.20s Sys=0.02s Real=0.01s
[2026-09-05T10:55:59.243-0400][522.898s][info][gc,start    ] GC(134) Pause Young (Normal) (G1 Evacuation Pause)
[2026-09-05T10:55:59.243-0400][522.898s][info][gc,task     ] GC(134) Using 23 workers of 23 for evacuation
[2026-09-05T10:55:59.251-0400][522.906s][info][gc,phases   ] GC(134)   Pre Evacuate Collection Set: 0.16ms
[2026-09-05T10:55:59.251-0400][522.906s][info][gc,phases   ] GC(134)   Merge Heap Roots: 0.25ms
[2026-09-05T10:55:59.251-0400][522.907s][info][gc,phases   ] GC(134)   Evacuate Collection Set: 7.54ms
[2026-09-05T10:55:59.251-0400][522.907s][info][gc,phases   ] GC(134)   Post Evacuate Collection Set: 0.61ms
[2026-09-05T10:55:59.251-0400][522.907s][info][gc,phases   ] GC(134)   Other: 0.28ms
[2026-09-05T10:55:59.251-0400][522.907s][info][gc,heap     ] GC(134) Eden regions: 781->0(783)
[2026-09-05T10:55:59.251-0400][522.907s][info][gc,heap     ] GC(134) Survivor regions: 40->36(103)
[2026-09-05T10:55:59.251-0400][522.907s][info][gc,heap     ] GC(134) Old regions: 367->373
[2026-09-05T10:55:59.251-0400][522.907s][info][gc,heap     ] GC(134) Archive regions: 0->0
[2026-09-05T10:55:59.251-0400][522.907s][info][gc,heap     ] GC(134) Humongous regions: 24->24
[2026-09-05T10:55:59.251-0400][522.907s][info][gc,metaspace] GC(134) Metaspace: 150965K(153280K)->150965K(153280K) NonClass: 129518K(130752K)->129518K(130752K) Class: 21446K(22528K)->21446K(22528K)
[2026-09-05T10:55:59.251-0400][522.907s][info][gc          ] GC(134) Pause Young (Normal) (G1 Evacuation Pause) 2423M->864M(2784M) 8.962ms
[2026-09-05T10:55:59.251-0400][522.907s][info][gc,cpu      ] GC(134) User=0.33s Sys=0.05s Real=0.01s
[2026-09-05T10:55:59.807-0400][523.462s][info][gc,start    ] GC(135) Pause Young (Normal) (G1 Evacuation Pause)
[2026-09-05T10:55:59.807-0400][523.462s][info][gc,task     ] GC(135) Using 23 workers of 23 for evacuation
[2026-09-05T10:55:59.815-0400][523.470s][info][gc,phases   ] GC(135)   Pre Evacuate Collection Set: 0.19ms
[2026-09-05T10:55:59.815-0400][523.471s][info][gc,phases   ] GC(135)   Merge Heap Roots: 0.23ms
[2026-09-05T10:55:59.815-0400][523.471s][info][gc,phases   ] GC(135)   Evacuate Collection Set: 6.75ms
[2026-09-05T10:55:59.815-0400][523.471s][info][gc,phases   ] GC(135)   Post Evacuate Collection Set: 0.85ms
[2026-09-05T10:55:59.815-0400][523.471s][info][gc,phases   ] GC(135)   Other: 0.18ms
[2026-09-05T10:55:59.815-0400][523.471s][info][gc,heap     ] GC(135) Eden regions: 783->0(783)
[2026-09-05T10:55:59.815-0400][523.471s][info][gc,heap     ] GC(135) Survivor regions: 36->33(103)
[2026-09-05T10:55:59.815-0400][523.471s][info][gc,heap     ] GC(135) Old regions: 373->378
[2026-09-05T10:55:59.815-0400][523.471s][info][gc,heap     ] GC(135) Archive regions: 0->0
[2026-09-05T10:55:59.815-0400][523.471s][info][gc,heap     ] GC(135) Humongous regions: 28->25
[2026-09-05T10:55:59.815-0400][523.471s][info][gc,metaspace] GC(135) Metaspace: 151239K(153664K)->151239K(153664K) NonClass: 129743K(131008K)->129743K(131008K) Class: 21495K(22656K)->21495K(22656K)
[2026-09-05T10:55:59.815-0400][523.471s][info][gc          ] GC(135) Pause Young (Normal) (G1 Evacuation Pause) 2438M->871M(2784M) 8.346ms
[2026-09-05T10:55:59.815-0400][523.471s][info][gc,cpu      ] GC(135) User=0.38s Sys=0.00s Real=0.01s
[2026-09-05T10:56:00.339-0400][523.994s][info][gc,start    ] GC(136) Pause Young (Normal) (G1 Evacuation Pause)
[2026-09-05T10:56:00.339-0400][523.994s][info][gc,task     ] GC(136) Using 23 workers of 23 for evacuation
[2026-09-05T10:56:00.345-0400][524.000s][info][gc,phases   ] GC(136)   Pre Evacuate Collection Set: 0.18ms
[2026-09-05T10:56:00.345-0400][524.000s][info][gc,phases   ] GC(136)   Merge Heap Roots: 0.18ms
[2026-09-05T10:56:00.345-0400][524.000s][info][gc,phases   ] GC(136)   Evacuate Collection Set: 5.25ms
[2026-09-05T10:56:00.345-0400][524.000s][info][gc,phases   ] GC(136)   Post Evacuate Collection Set: 0.61ms
[2026-09-05T10:56:00.345-0400][524.000s][info][gc,phases   ] GC(136)   Other: 0.22ms
[2026-09-05T10:56:00.345-0400][524.000s][info][gc,heap     ] GC(136) Eden regions: 783->0(778)
[2026-09-05T10:56:00.345-0400][524.000s][info][gc,heap     ] GC(136) Survivor regions: 33->34(102)
[2026-09-05T10:56:00.345-0400][524.000s][info][gc,heap     ] GC(136) Old regions: 378->380
[2026-09-05T10:56:00.345-0400][524.000s][info][gc,heap     ] GC(136) Archive regions: 0->0
[2026-09-05T10:56:00.345-0400][524.000s][info][gc,heap     ] GC(136) Humongous regions: 28->26
[2026-09-05T10:56:00.345-0400][524.000s][info][gc,metaspace] GC(136) Metaspace: 151360K(153856K)->151360K(153856K) NonClass: 129851K(131200K)->129851K(131200K) Class: 21508K(22656K)->21508K(22656K)
[2026-09-05T10:56:00.345-0400][524.000s][info][gc          ] GC(136) Pause Young (Normal) (G1 Evacuation Pause) 2443M->877M(2784M) 6.574ms
[2026-09-05T10:56:00.345-0400][524.000s][info][gc,cpu      ] GC(136) User=0.39s Sys=0.00s Real=0.01s
[2026-09-05T10:56:00.943-0400][524.598s][info][gc,start    ] GC(137) Pause Young (Normal) (G1 Evacuation Pause)
[2026-09-05T10:56:00.943-0400][524.598s][info][gc,task     ] GC(137) Using 23 workers of 23 for evacuation
[2026-09-05T10:56:00.950-0400][524.605s][info][gc,phases   ] GC(137)   Pre Evacuate Collection Set: 0.24ms
[2026-09-05T10:56:00.950-0400][524.605s][info][gc,phases   ] GC(137)   Merge Heap Roots: 0.20ms
[2026-09-05T10:56:00.950-0400][524.605s][info][gc,phases   ] GC(137)   Evacuate Collection Set: 5.38ms
[2026-09-05T10:56:00.950-0400][524.605s][info][gc,phases   ] GC(137)   Post Evacuate Collection Set: 0.71ms
[2026-09-05T10:56:00.950-0400][524.605s][info][gc,phases   ] GC(137)   Other: 0.18ms
[2026-09-05T10:56:00.950-0400][524.605s][info][gc,heap     ] GC(137) Eden regions: 778->0(776)
[2026-09-05T10:56:00.950-0400][524.605s][info][gc,heap     ] GC(137) Survivor regions: 34->35(102)
[2026-09-05T10:56:00.950-0400][524.605s][info][gc,heap     ] GC(137) Old regions: 380->380
[2026-09-05T10:56:00.950-0400][524.605s][info][gc,heap     ] GC(137) Archive regions: 0->0
[2026-09-05T10:56:00.950-0400][524.605s][info][gc,heap     ] GC(137) Humongous regions: 26->26
[2026-09-05T10:56:00.950-0400][524.605s][info][gc,metaspace] GC(137) Metaspace: 151416K(153920K)->151416K(153920K) NonClass: 129902K(131264K)->129902K(131264K) Class: 21514K(22656K)->21514K(22656K)
[2026-09-05T10:56:00.950-0400][524.605s][info][gc          ] GC(137) Pause Young (Normal) (G1 Evacuation Pause) 2433M->881M(2784M) 6.833ms
[2026-09-05T10:56:00.950-0400][524.605s][info][gc,cpu      ] GC(137) User=0.12s Sys=0.00s Real=0.01s
[2026-09-05T10:56:01.895-0400][525.550s][info][gc,start    ] GC(138) Pause Young (Normal) (G1 Evacuation Pause)
[2026-09-05T10:56:01.895-0400][525.550s][info][gc,task     ] GC(138) Using 23 workers of 23 for evacuation
[2026-09-05T10:56:01.904-0400][525.559s][info][gc,phases   ] GC(138)   Pre Evacuate Collection Set: 0.23ms
[2026-09-05T10:56:01.904-0400][525.559s][info][gc,phases   ] GC(138)   Merge Heap Roots: 0.21ms
[2026-09-05T10:56:01.904-0400][525.559s][info][gc,phases   ] GC(138)   Evacuate Collection Set: 7.60ms
[2026-09-05T10:56:01.904-0400][525.559s][info][gc,phases   ] GC(138)   Post Evacuate Collection Set: 0.89ms
[2026-09-05T10:56:01.904-0400][525.559s][info][gc,phases   ] GC(138)   Other: 0.19ms
[2026-09-05T10:56:01.905-0400][525.559s][info][gc,heap     ] GC(138) Eden regions: 776->0(763)
[2026-09-05T10:56:01.905-0400][525.559s][info][gc,heap     ] GC(138) Survivor regions: 35->41(102)
[2026-09-05T10:56:01.905-0400][525.559s][info][gc,heap     ] GC(138) Old regions: 380->381
[2026-09-05T10:56:01.905-0400][525.559s][info][gc,heap     ] GC(138) Archive regions: 0->0
[2026-09-05T10:56:01.905-0400][525.559s][info][gc,heap     ] GC(138) Humongous regions: 26->26
[2026-09-05T10:56:01.905-0400][525.559s][info][gc,metaspace] GC(138) Metaspace: 152430K(154944K)->152430K(154944K) NonClass: 130731K(132096K)->130731K(132096K) Class: 21698K(22848K)->21698K(22848K)
[2026-09-05T10:56:01.905-0400][525.559s][info][gc          ] GC(138) Pause Young (Normal) (G1 Evacuation Pause) 2433M->893M(2784M) 9.247ms
[2026-09-05T10:56:01.905-0400][525.559s][info][gc,cpu      ] GC(138) User=0.05s Sys=0.00s Real=0.01s
[2026-09-05T10:56:02.487-0400][526.142s][info][gc,start    ] GC(139) Pause Young (Normal) (G1 Evacuation Pause)
[2026-09-05T10:56:02.487-0400][526.142s][info][gc,task     ] GC(139) Using 23 workers of 23 for evacuation
[2026-09-05T10:56:02.495-0400][526.150s][info][gc,phases   ] GC(139)   Pre Evacuate Collection Set: 0.20ms
[2026-09-05T10:56:02.495-0400][526.150s][info][gc,phases   ] GC(139)   Merge Heap Roots: 0.20ms
[2026-09-05T10:56:02.495-0400][526.150s][info][gc,phases   ] GC(139)   Evacuate Collection Set: 6.42ms
[2026-09-05T10:56:02.495-0400][526.150s][info][gc,phases   ] GC(139)   Post Evacuate Collection Set: 0.74ms
[2026-09-05T10:56:02.495-0400][526.150s][info][gc,phases   ] GC(139)   Other: 0.20ms
[2026-09-05T10:56:02.495-0400][526.150s][info][gc,heap     ] GC(139) Eden regions: 763->0(759)
[2026-09-05T10:56:02.495-0400][526.150s][info][gc,heap     ] GC(139) Survivor regions: 41->43(101)
[2026-09-05T10:56:02.495-0400][526.150s][info][gc,heap     ] GC(139) Old regions: 381->381
[2026-09-05T10:56:02.495-0400][526.150s][info][gc,heap     ] GC(139) Archive regions: 0->0
[2026-09-05T10:56:02.495-0400][526.150s][info][gc,heap     ] GC(139) Humongous regions: 26->26
[2026-09-05T10:56:02.495-0400][526.150s][info][gc,metaspace] GC(139) Metaspace: 152538K(155136K)->152538K(155136K) NonClass: 130827K(132224K)->130827K(132224K) Class: 21711K(22912K)->21711K(22912K)
[2026-09-05T10:56:02.495-0400][526.150s][info][gc          ] GC(139) Pause Young (Normal) (G1 Evacuation Pause) 2419M->899M(2784M) 7.906ms
[2026-09-05T10:56:02.495-0400][526.150s][info][gc,cpu      ] GC(139) User=0.00s Sys=0.00s Real=0.01s
[2026-09-05T10:56:03.235-0400][526.891s][info][gc,start    ] GC(140) Pause Young (Normal) (G1 Evacuation Pause)
[2026-09-05T10:56:03.235-0400][526.891s][info][gc,task     ] GC(140) Using 23 workers of 23 for evacuation
[2026-09-05T10:56:03.246-0400][526.901s][info][gc,phases   ] GC(140)   Pre Evacuate Collection Set: 0.20ms
[2026-09-05T10:56:03.246-0400][526.901s][info][gc,phases   ] GC(140)   Merge Heap Roots: 0.22ms
[2026-09-05T10:56:03.246-0400][526.901s][info][gc,phases   ] GC(140)   Evacuate Collection Set: 8.78ms
[2026-09-05T10:56:03.246-0400][526.901s][info][gc,phases   ] GC(140)   Post Evacuate Collection Set: 0.81ms
[2026-09-05T10:56:03.246-0400][526.901s][info][gc,phases   ] GC(140)   Other: 0.27ms
[2026-09-05T10:56:03.246-0400][526.901s][info][gc,heap     ] GC(140) Eden regions: 759->0(743)
[2026-09-05T10:56:03.246-0400][526.901s][info][gc,heap     ] GC(140) Survivor regions: 43->51(101)
[2026-09-05T10:56:03.246-0400][526.901s][info][gc,heap     ] GC(140) Old regions: 381->381
[2026-09-05T10:56:03.246-0400][526.901s][info][gc,heap     ] GC(140) Archive regions: 0->0
[2026-09-05T10:56:03.246-0400][526.901s][info][gc,heap     ] GC(140) Humongous regions: 26->26
[2026-09-05T10:56:03.246-0400][526.901s][info][gc,metaspace] GC(140) Metaspace: 152609K(155200K)->152609K(155200K) NonClass: 130892K(132288K)->130892K(132288K) Class: 21717K(22912K)->21717K(22912K)
[2026-09-05T10:56:03.246-0400][526.901s][info][gc          ] GC(140) Pause Young (Normal) (G1 Evacuation Pause) 2417M->914M(2784M) 10.397ms
[2026-09-05T10:56:03.246-0400][526.901s][info][gc,cpu      ] GC(140) User=0.00s Sys=0.00s Real=0.01s
[2026-09-05T10:56:04.099-0400][527.754s][info][gc,start    ] GC(141) Pause Young (Normal) (G1 Evacuation Pause)
[2026-09-05T10:56:04.099-0400][527.755s][info][gc,task     ] GC(141) Using 23 workers of 23 for evacuation
[2026-09-05T10:56:04.110-0400][527.765s][info][gc,phases   ] GC(141)   Pre Evacuate Collection Set: 0.17ms
[2026-09-05T10:56:04.110-0400][527.765s][info][gc,phases   ] GC(141)   Merge Heap Roots: 0.19ms
[2026-09-05T10:56:04.110-0400][527.765s][info][gc,phases   ] GC(141)   Evacuate Collection Set: 9.00ms
[2026-09-05T10:56:04.110-0400][527.765s][info][gc,phases   ] GC(141)   Post Evacuate Collection Set: 0.86ms
[2026-09-05T10:56:04.110-0400][527.765s][info][gc,phases   ] GC(141)   Other: 0.28ms
[2026-09-05T10:56:04.110-0400][527.765s][info][gc,heap     ] GC(141) Eden regions: 743->0(738)
[2026-09-05T10:56:04.110-0400][527.765s][info][gc,heap     ] GC(141) Survivor regions: 51->53(100)
[2026-09-05T10:56:04.110-0400][527.765s][info][gc,heap     ] GC(141) Old regions: 381->382
[2026-09-05T10:56:04.110-0400][527.765s][info][gc,heap     ] GC(141) Archive regions: 0->0
[2026-09-05T10:56:04.110-0400][527.765s][info][gc,heap     ] GC(141) Humongous regions: 26->26
[2026-09-05T10:56:04.110-0400][527.765s][info][gc,metaspace] GC(141) Metaspace: 152649K(155200K)->152649K(155200K) NonClass: 130928K(132288K)->130928K(132288K) Class: 21721K(22912K)->21721K(22912K)
[2026-09-05T10:56:04.110-0400][527.765s][info][gc          ] GC(141) Pause Young (Normal) (G1 Evacuation Pause) 2400M->919M(2784M) 10.747ms
[2026-09-05T10:56:04.110-0400][527.765s][info][gc,cpu      ] GC(141) User=0.34s Sys=0.02s Real=0.01s
[2026-09-05T10:56:04.981-0400][528.637s][info][gc,start    ] GC(142) Pause Young (Normal) (G1 Evacuation Pause)
[2026-09-05T10:56:04.981-0400][528.637s][info][gc,task     ] GC(142) Using 23 workers of 23 for evacuation
[2026-09-05T10:56:04.992-0400][528.647s][info][gc,phases   ] GC(142)   Pre Evacuate Collection Set: 0.18ms
[2026-09-05T10:56:04.992-0400][528.647s][info][gc,phases   ] GC(142)   Merge Heap Roots: 0.17ms
[2026-09-05T10:56:04.992-0400][528.647s][info][gc,phases   ] GC(142)   Evacuate Collection Set: 8.56ms
[2026-09-05T10:56:04.992-0400][528.647s][info][gc,phases   ] GC(142)   Post Evacuate Collection Set: 0.75ms
[2026-09-05T10:56:04.992-0400][528.647s][info][gc,phases   ] GC(142)   Other: 0.23ms
[2026-09-05T10:56:04.992-0400][528.647s][info][gc,heap     ] GC(142) Eden regions: 738->0(736)
[2026-09-05T10:56:04.992-0400][528.647s][info][gc,heap     ] GC(142) Survivor regions: 53->52(99)
[2026-09-05T10:56:04.992-0400][528.647s][info][gc,heap     ] GC(142) Old regions: 382->386
[2026-09-05T10:56:04.992-0400][528.647s][info][gc,heap     ] GC(142) Archive regions: 0->0
[2026-09-05T10:56:04.992-0400][528.647s][info][gc,heap     ] GC(142) Humongous regions: 26->26
[2026-09-05T10:56:04.992-0400][528.647s][info][gc,metaspace] GC(142) Metaspace: 152667K(155264K)->152667K(155264K) NonClass: 130945K(132352K)->130945K(132352K) Class: 21721K(22912K)->21721K(22912K)
[2026-09-05T10:56:04.992-0400][528.647s][info][gc          ] GC(142) Pause Young (Normal) (G1 Evacuation Pause) 2395M->926M(2784M) 10.038ms
[2026-09-05T10:56:04.992-0400][528.647s][info][gc,cpu      ] GC(142) User=0.00s Sys=0.00s Real=0.01s
[2026-09-05T10:56:05.604-0400][529.259s][info][gc,start    ] GC(143) Pause Young (Normal) (G1 Evacuation Pause)
[2026-09-05T10:56:05.604-0400][529.259s][info][gc,task     ] GC(143) Using 23 workers of 23 for evacuation
[2026-09-05T10:56:05.614-0400][529.269s][info][gc,phases   ] GC(143)   Pre Evacuate Collection Set: 0.21ms
[2026-09-05T10:56:05.614-0400][529.269s][info][gc,phases   ] GC(143)   Merge Heap Roots: 0.22ms
[2026-09-05T10:56:05.614-0400][529.269s][info][gc,phases   ] GC(143)   Evacuate Collection Set: 8.06ms
[2026-09-05T10:56:05.614-0400][529.269s][info][gc,phases   ] GC(143)   Post Evacuate Collection Set: 0.87ms
[2026-09-05T10:56:05.614-0400][529.269s][info][gc,phases   ] GC(143)   Other: 0.21ms
[2026-09-05T10:56:05.614-0400][529.269s][info][gc,heap     ] GC(143) Eden regions: 736->0(724)
[2026-09-05T10:56:05.614-0400][529.269s][info][gc,heap     ] GC(143) Survivor regions: 52->58(99)
[2026-09-05T10:56:05.614-0400][529.269s][info][gc,heap     ] GC(143) Old regions: 386->386
[2026-09-05T10:56:05.614-0400][529.269s][info][gc,heap     ] GC(143) Archive regions: 0->0
[2026-09-05T10:56:05.614-0400][529.269s][info][gc,heap     ] GC(143) Humongous regions: 26->26
[2026-09-05T10:56:05.614-0400][529.269s][info][gc,metaspace] GC(143) Metaspace: 152682K(155264K)->152682K(155264K) NonClass: 130959K(132352K)->130959K(132352K) Class: 21722K(22912K)->21722K(22912K)
[2026-09-05T10:56:05.614-0400][529.269s][info][gc          ] GC(143) Pause Young (Normal) (G1 Evacuation Pause) 2398M->939M(2784M) 9.691ms
[2026-09-05T10:56:05.614-0400][529.269s][info][gc,cpu      ] GC(143) User=0.36s Sys=0.00s Real=0.01s
[2026-09-05T10:56:06.225-0400][529.879s][info][gc,start    ] GC(144) Pause Young (Normal) (G1 Evacuation Pause)
[2026-09-05T10:56:06.225-0400][529.879s][info][gc,task     ] GC(144) Using 23 workers of 23 for evacuation
[2026-09-05T10:56:06.234-0400][529.889s][info][gc,phases   ] GC(144)   Pre Evacuate Collection Set: 0.14ms
[2026-09-05T10:56:06.234-0400][529.889s][info][gc,phases   ] GC(144)   Merge Heap Roots: 0.20ms
[2026-09-05T10:56:06.234-0400][529.889s][info][gc,phases   ] GC(144)   Evacuate Collection Set: 8.56ms
[2026-09-05T10:56:06.234-0400][529.889s][info][gc,phases   ] GC(144)   Post Evacuate Collection Set: 0.69ms
[2026-09-05T10:56:06.234-0400][529.889s][info][gc,phases   ] GC(144)   Other: 0.17ms
[2026-09-05T10:56:06.234-0400][529.889s][info][gc,heap     ] GC(144) Eden regions: 724->0(725)
[2026-09-05T10:56:06.234-0400][529.889s][info][gc,heap     ] GC(144) Survivor regions: 58->54(98)
[2026-09-05T10:56:06.234-0400][529.889s][info][gc,heap     ] GC(144) Old regions: 386->393
[2026-09-05T10:56:06.234-0400][529.889s][info][gc,heap     ] GC(144) Archive regions: 0->0
[2026-09-05T10:56:06.234-0400][529.889s][info][gc,heap     ] GC(144) Humongous regions: 26->26
[2026-09-05T10:56:06.234-0400][529.889s][info][gc,metaspace] GC(144) Metaspace: 152761K(155328K)->152761K(155328K) NonClass: 131019K(132416K)->131019K(132416K) Class: 21742K(22912K)->21742K(22912K)
[2026-09-05T10:56:06.234-0400][529.889s][info][gc          ] GC(144) Pause Young (Normal) (G1 Evacuation Pause) 2387M->945M(2784M) 9.915ms
[2026-09-05T10:56:06.234-0400][529.889s][info][gc,cpu      ] GC(144) User=0.33s Sys=0.03s Real=0.01s
[2026-09-05T10:56:07.122-0400][530.777s][info][gc,start    ] GC(145) Pause Young (Normal) (G1 Evacuation Pause)
[2026-09-05T10:56:07.122-0400][530.777s][info][gc,task     ] GC(145) Using 23 workers of 23 for evacuation
[2026-09-05T10:56:07.132-0400][530.787s][info][gc,phases   ] GC(145)   Pre Evacuate Collection Set: 0.27ms
[2026-09-05T10:56:07.132-0400][530.787s][info][gc,phases   ] GC(145)   Merge Heap Roots: 0.25ms
[2026-09-05T10:56:07.132-0400][530.787s][info][gc,phases   ] GC(145)   Evacuate Collection Set: 8.54ms
[2026-09-05T10:56:07.132-0400][530.787s][info][gc,phases   ] GC(145)   Post Evacuate Collection Set: 0.79ms
[2026-09-05T10:56:07.132-0400][530.787s][info][gc,phases   ] GC(145)   Other: 0.23ms
[2026-09-05T10:56:07.132-0400][530.787s][info][gc,heap     ] GC(145) Eden regions: 725->0(717)
[2026-09-05T10:56:07.132-0400][530.787s][info][gc,heap     ] GC(145) Survivor regions: 54->56(98)
[2026-09-05T10:56:07.132-0400][530.787s][info][gc,heap     ] GC(145) Old regions: 393->397
[2026-09-05T10:56:07.132-0400][530.787s][info][gc,heap     ] GC(145) Archive regions: 0->0
[2026-09-05T10:56:07.132-0400][530.787s][info][gc,heap     ] GC(145) Humongous regions: 26->26
[2026-09-05T10:56:07.132-0400][530.787s][info][gc,metaspace] GC(145) Metaspace: 152976K(155584K)->152976K(155584K) NonClass: 131188K(132608K)->131188K(132608K) Class: 21788K(22976K)->21788K(22976K)
[2026-09-05T10:56:07.132-0400][530.787s][info][gc          ] GC(145) Pause Young (Normal) (G1 Evacuation Pause) 2395M->956M(2784M) 10.227ms
[2026-09-05T10:56:07.132-0400][530.787s][info][gc,cpu      ] GC(145) User=0.00s Sys=0.00s Real=0.01s
[2026-09-05T10:56:07.573-0400][531.228s][info][gc,start    ] GC(146) Pause Young (Normal) (GCLocker Initiated GC)
[2026-09-05T10:56:07.573-0400][531.228s][info][gc,task     ] GC(146) Using 23 workers of 23 for evacuation
[2026-09-05T10:56:07.583-0400][531.238s][info][gc,phases   ] GC(146)   Pre Evacuate Collection Set: 0.17ms
[2026-09-05T10:56:07.583-0400][531.238s][info][gc,phases   ] GC(146)   Merge Heap Roots: 0.22ms
[2026-09-05T10:56:07.583-0400][531.238s][info][gc,phases   ] GC(146)   Evacuate Collection Set: 8.13ms
[2026-09-05T10:56:07.583-0400][531.238s][info][gc,phases   ] GC(146)   Post Evacuate Collection Set: 0.85ms
[2026-09-05T10:56:07.583-0400][531.238s][info][gc,phases   ] GC(146)   Other: 0.13ms
[2026-09-05T10:56:07.583-0400][531.238s][info][gc,heap     ] GC(146) Eden regions: 717->0(711)
[2026-09-05T10:56:07.583-0400][531.238s][info][gc,heap     ] GC(146) Survivor regions: 56->57(97)
[2026-09-05T10:56:07.583-0400][531.238s][info][gc,heap     ] GC(146) Old regions: 397->401
[2026-09-05T10:56:07.583-0400][531.238s][info][gc,heap     ] GC(146) Archive regions: 0->0
[2026-09-05T10:56:07.583-0400][531.238s][info][gc,heap     ] GC(146) Humongous regions: 26->26
[2026-09-05T10:56:07.583-0400][531.238s][info][gc,metaspace] GC(146) Metaspace: 152990K(155584K)->152990K(155584K) NonClass: 131202K(132608K)->131202K(132608K) Class: 21788K(22976K)->21788K(22976K)
[2026-09-05T10:56:07.583-0400][531.238s][info][gc          ] GC(146) Pause Young (Normal) (GCLocker Initiated GC) 2390M->966M(2784M) 9.650ms
[2026-09-05T10:56:07.583-0400][531.238s][info][gc,cpu      ] GC(146) User=0.27s Sys=0.02s Real=0.01s
[2026-09-05T10:56:08.328-0400][531.983s][info][gc,start    ] GC(147) Pause Young (Normal) (GCLocker Initiated GC)
[2026-09-05T10:56:08.328-0400][531.983s][info][gc,task     ] GC(147) Using 23 workers of 23 for evacuation
[2026-09-05T10:56:08.337-0400][531.992s][info][gc,phases   ] GC(147)   Pre Evacuate Collection Set: 0.29ms
[2026-09-05T10:56:08.337-0400][531.992s][info][gc,phases   ] GC(147)   Merge Heap Roots: 0.19ms
[2026-09-05T10:56:08.337-0400][531.992s][info][gc,phases   ] GC(147)   Evacuate Collection Set: 8.08ms
[2026-09-05T10:56:08.337-0400][531.992s][info][gc,phases   ] GC(147)   Post Evacuate Collection Set: 0.87ms
[2026-09-05T10:56:08.337-0400][531.992s][info][gc,phases   ] GC(147)   Other: 0.35ms
[2026-09-05T10:56:08.337-0400][531.992s][info][gc,heap     ] GC(147) Eden regions: 712->0(703)
[2026-09-05T10:56:08.337-0400][531.992s][info][gc,heap     ] GC(147) Survivor regions: 57->58(96)
[2026-09-05T10:56:08.337-0400][531.992s][info][gc,heap     ] GC(147) Old regions: 401->407
[2026-09-05T10:56:08.337-0400][531.992s][info][gc,heap     ] GC(147) Archive regions: 0->0
[2026-09-05T10:56:08.337-0400][531.992s][info][gc,heap     ] GC(147) Humongous regions: 26->26
[2026-09-05T10:56:08.337-0400][531.992s][info][gc,metaspace] GC(147) Metaspace: 153020K(155584K)->153020K(155584K) NonClass: 131230K(132608K)->131230K(132608K) Class: 21790K(22976K)->21790K(22976K)
[2026-09-05T10:56:08.337-0400][531.992s][info][gc          ] GC(147) Pause Young (Normal) (GCLocker Initiated GC) 2389M->979M(2784M) 9.872ms
[2026-09-05T10:56:08.337-0400][531.992s][info][gc,cpu      ] GC(147) User=0.00s Sys=0.00s Real=0.01s
[2026-09-05T10:56:08.988-0400][532.643s][info][gc,start    ] GC(148) Pause Young (Normal) (G1 Evacuation Pause)
[2026-09-05T10:56:08.988-0400][532.643s][info][gc,task     ] GC(148) Using 23 workers of 23 for evacuation
[2026-09-05T10:56:08.997-0400][532.653s][info][gc,phases   ] GC(148)   Pre Evacuate Collection Set: 0.28ms
[2026-09-05T10:56:08.997-0400][532.653s][info][gc,phases   ] GC(148)   Merge Heap Roots: 0.21ms
[2026-09-05T10:56:08.997-0400][532.653s][info][gc,phases   ] GC(148)   Evacuate Collection Set: 8.34ms
[2026-09-05T10:56:08.997-0400][532.653s][info][gc,phases   ] GC(148)   Post Evacuate Collection Set: 0.80ms
[2026-09-05T10:56:08.997-0400][532.653s][info][gc,phases   ] GC(148)   Other: 0.23ms
[2026-09-05T10:56:08.997-0400][532.653s][info][gc,heap     ] GC(148) Eden regions: 703->0(700)
[2026-09-05T10:56:08.997-0400][532.653s][info][gc,heap     ] GC(148) Survivor regions: 58->56(96)
[2026-09-05T10:56:08.997-0400][532.653s][info][gc,heap     ] GC(148) Old regions: 407->414
[2026-09-05T10:56:08.997-0400][532.653s][info][gc,heap     ] GC(148) Archive regions: 0->0
[2026-09-05T10:56:08.997-0400][532.653s][info][gc,heap     ] GC(148) Humongous regions: 26->26
[2026-09-05T10:56:08.997-0400][532.653s][info][gc,metaspace] GC(148) Metaspace: 153038K(155584K)->153038K(155584K) NonClass: 131245K(132608K)->131245K(132608K) Class: 21792K(22976K)->21792K(22976K)
[2026-09-05T10:56:08.997-0400][532.653s][info][gc          ] GC(148) Pause Young (Normal) (G1 Evacuation Pause) 2385M->990M(2784M) 9.973ms
[2026-09-05T10:56:08.997-0400][532.653s][info][gc,cpu      ] GC(148) User=0.36s Sys=0.00s Real=0.01s
[2026-09-05T10:56:09.633-0400][533.288s][info][gc,start    ] GC(149) Pause Young (Normal) (G1 Evacuation Pause)
[2026-09-05T10:56:09.633-0400][533.288s][info][gc,task     ] GC(149) Using 23 workers of 23 for evacuation
[2026-09-05T10:56:09.641-0400][533.297s][info][gc,phases   ] GC(149)   Pre Evacuate Collection Set: 0.22ms
[2026-09-05T10:56:09.641-0400][533.297s][info][gc,phases   ] GC(149)   Merge Heap Roots: 0.19ms
[2026-09-05T10:56:09.641-0400][533.297s][info][gc,phases   ] GC(149)   Evacuate Collection Set: 7.59ms
[2026-09-05T10:56:09.641-0400][533.297s][info][gc,phases   ] GC(149)   Post Evacuate Collection Set: 0.77ms
[2026-09-05T10:56:09.641-0400][533.297s][info][gc,phases   ] GC(149)   Other: 0.14ms
[2026-09-05T10:56:09.641-0400][533.297s][info][gc,heap     ] GC(149) Eden regions: 700->0(695)
[2026-09-05T10:56:09.641-0400][533.297s][info][gc,heap     ] GC(149) Survivor regions: 56->56(95)
[2026-09-05T10:56:09.641-0400][533.297s][info][gc,heap     ] GC(149) Old regions: 414->419
[2026-09-05T10:56:09.641-0400][533.297s][info][gc,heap     ] GC(149) Archive regions: 0->0
[2026-09-05T10:56:09.641-0400][533.297s][info][gc,heap     ] GC(149) Humongous regions: 26->26
[2026-09-05T10:56:09.641-0400][533.297s][info][gc,metaspace] GC(149) Metaspace: 153088K(155648K)->153088K(155648K) NonClass: 131290K(132672K)->131290K(132672K) Class: 21798K(22976K)->21798K(22976K)
[2026-09-05T10:56:09.641-0400][533.297s][info][gc          ] GC(149) Pause Young (Normal) (G1 Evacuation Pause) 2390M->1001M(2784M) 9.047ms
[2026-09-05T10:56:09.641-0400][533.297s][info][gc,cpu      ] GC(149) User=0.36s Sys=0.00s Real=0.01s
[2026-09-05T10:56:10.153-0400][533.808s][info][gc,start    ] GC(150) Pause Young (Normal) (G1 Evacuation Pause)
[2026-09-05T10:56:10.153-0400][533.808s][info][gc,task     ] GC(150) Using 23 workers of 23 for evacuation
[2026-09-05T10:56:10.163-0400][533.818s][info][gc,phases   ] GC(150)   Pre Evacuate Collection Set: 0.23ms
[2026-09-05T10:56:10.163-0400][533.818s][info][gc,phases   ] GC(150)   Merge Heap Roots: 0.22ms
[2026-09-05T10:56:10.163-0400][533.818s][info][gc,phases   ] GC(150)   Evacuate Collection Set: 8.27ms
[2026-09-05T10:56:10.163-0400][533.818s][info][gc,phases   ] GC(150)   Post Evacuate Collection Set: 0.88ms
[2026-09-05T10:56:10.163-0400][533.818s][info][gc,phases   ] GC(150)   Other: 0.26ms
[2026-09-05T10:56:10.163-0400][533.818s][info][gc,heap     ] GC(150) Eden regions: 695->0(691)
[2026-09-05T10:56:10.163-0400][533.818s][info][gc,heap     ] GC(150) Survivor regions: 56->55(94)
[2026-09-05T10:56:10.163-0400][533.818s][info][gc,heap     ] GC(150) Old regions: 419->425
[2026-09-05T10:56:10.163-0400][533.818s][info][gc,heap     ] GC(150) Archive regions: 0->0
[2026-09-05T10:56:10.163-0400][533.818s][info][gc,heap     ] GC(150) Humongous regions: 26->26
[2026-09-05T10:56:10.163-0400][533.818s][info][gc,metaspace] GC(150) Metaspace: 153105K(155712K)->153105K(155712K) NonClass: 131304K(132736K)->131304K(132736K) Class: 21800K(22976K)->21800K(22976K)
[2026-09-05T10:56:10.163-0400][533.818s][info][gc          ] GC(150) Pause Young (Normal) (G1 Evacuation Pause) 2391M->1009M(2784M) 10.054ms
[2026-09-05T10:56:10.163-0400][533.818s][info][gc,cpu      ] GC(150) User=0.03s Sys=0.02s Real=0.01s
[2026-09-05T10:56:10.697-0400][534.352s][info][gc,start    ] GC(151) Pause Young (Normal) (G1 Evacuation Pause)
[2026-09-05T10:56:10.698-0400][534.352s][info][gc,task     ] GC(151) Using 23 workers of 23 for evacuation
[2026-09-05T10:56:10.706-0400][534.361s][info][gc,phases   ] GC(151)   Pre Evacuate Collection Set: 0.23ms
[2026-09-05T10:56:10.706-0400][534.362s][info][gc,phases   ] GC(151)   Merge Heap Roots: 0.21ms
[2026-09-05T10:56:10.706-0400][534.362s][info][gc,phases   ] GC(151)   Evacuate Collection Set: 7.90ms
[2026-09-05T10:56:10.706-0400][534.362s][info][gc,phases   ] GC(151)   Post Evacuate Collection Set: 0.88ms
[2026-09-05T10:56:10.706-0400][534.362s][info][gc,phases   ] GC(151)   Other: 0.16ms
[2026-09-05T10:56:10.706-0400][534.362s][info][gc,heap     ] GC(151) Eden regions: 691->0(690)
[2026-09-05T10:56:10.706-0400][534.362s][info][gc,heap     ] GC(151) Survivor regions: 55->53(94)
[2026-09-05T10:56:10.706-0400][534.362s][info][gc,heap     ] GC(151) Old regions: 425->430
[2026-09-05T10:56:10.706-0400][534.362s][info][gc,heap     ] GC(151) Archive regions: 0->0
[2026-09-05T10:56:10.706-0400][534.362s][info][gc,heap     ] GC(151) Humongous regions: 26->26
[2026-09-05T10:56:10.706-0400][534.362s][info][gc,metaspace] GC(151) Metaspace: 153150K(155712K)->153150K(155712K) NonClass: 131349K(132736K)->131349K(132736K) Class: 21801K(22976K)->21801K(22976K)
[2026-09-05T10:56:10.706-0400][534.362s][info][gc          ] GC(151) Pause Young (Normal) (G1 Evacuation Pause) 2391M->1017M(2784M) 9.514ms
[2026-09-05T10:56:10.707-0400][534.362s][info][gc,cpu      ] GC(151) User=0.36s Sys=0.00s Real=0.01s
[2026-09-05T10:56:11.378-0400][535.033s][info][gc,start    ] GC(152) Pause Young (Normal) (G1 Evacuation Pause)
[2026-09-05T10:56:11.378-0400][535.033s][info][gc,task     ] GC(152) Using 23 workers of 23 for evacuation
[2026-09-05T10:56:11.387-0400][535.042s][info][gc,phases   ] GC(152)   Pre Evacuate Collection Set: 0.26ms
[2026-09-05T10:56:11.388-0400][535.042s][info][gc,phases   ] GC(152)   Merge Heap Roots: 0.25ms
[2026-09-05T10:56:11.388-0400][535.042s][info][gc,phases   ] GC(152)   Evacuate Collection Set: 7.43ms
[2026-09-05T10:56:11.388-0400][535.042s][info][gc,phases   ] GC(152)   Post Evacuate Collection Set: 0.70ms
[2026-09-05T10:56:11.388-0400][535.042s][info][gc,phases   ] GC(152)   Other: 0.55ms
[2026-09-05T10:56:11.388-0400][535.042s][info][gc,heap     ] GC(152) Eden regions: 690->0(683)
[2026-09-05T10:56:11.388-0400][535.042s][info][gc,heap     ] GC(152) Survivor regions: 53->54(93)
[2026-09-05T10:56:11.388-0400][535.042s][info][gc,heap     ] GC(152) Old regions: 430->435
[2026-09-05T10:56:11.388-0400][535.042s][info][gc,heap     ] GC(152) Archive regions: 0->0
[2026-09-05T10:56:11.388-0400][535.042s][info][gc,heap     ] GC(152) Humongous regions: 26->26
[2026-09-05T10:56:11.388-0400][535.042s][info][gc,metaspace] GC(152) Metaspace: 153188K(155776K)->153188K(155776K) NonClass: 131380K(132800K)->131380K(132800K) Class: 21807K(22976K)->21807K(22976K)
[2026-09-05T10:56:11.388-0400][535.042s][info][gc          ] GC(152) Pause Young (Normal) (G1 Evacuation Pause) 2397M->1028M(2784M) 9.431ms
[2026-09-05T10:56:11.388-0400][535.043s][info][gc,cpu      ] GC(152) User=0.00s Sys=0.00s Real=0.01s
[2026-09-05T10:56:11.835-0400][535.490s][info][gc,start    ] GC(153) Pause Young (Normal) (G1 Evacuation Pause)
[2026-09-05T10:56:11.835-0400][535.490s][info][gc,task     ] GC(153) Using 23 workers of 23 for evacuation
[2026-09-05T10:56:11.845-0400][535.500s][info][gc,phases   ] GC(153)   Pre Evacuate Collection Set: 0.28ms
[2026-09-05T10:56:11.845-0400][535.500s][info][gc,phases   ] GC(153)   Merge Heap Roots: 0.22ms
[2026-09-05T10:56:11.845-0400][535.500s][info][gc,phases   ] GC(153)   Evacuate Collection Set: 8.56ms
[2026-09-05T10:56:11.845-0400][535.500s][info][gc,phases   ] GC(153)   Post Evacuate Collection Set: 0.76ms
[2026-09-05T10:56:11.845-0400][535.500s][info][gc,phases   ] GC(153)   Other: 0.22ms
[2026-09-05T10:56:11.845-0400][535.500s][info][gc,heap     ] GC(153) Eden regions: 683->0(679)
[2026-09-05T10:56:11.845-0400][535.500s][info][gc,heap     ] GC(153) Survivor regions: 54->54(93)
[2026-09-05T10:56:11.845-0400][535.500s][info][gc,heap     ] GC(153) Old regions: 435->439
[2026-09-05T10:56:11.845-0400][535.500s][info][gc,heap     ] GC(153) Archive regions: 0->0
[2026-09-05T10:56:11.845-0400][535.500s][info][gc,heap     ] GC(153) Humongous regions: 26->26
[2026-09-05T10:56:11.845-0400][535.500s][info][gc,metaspace] GC(153) Metaspace: 153210K(155840K)->153210K(155840K) NonClass: 131399K(132800K)->131399K(132800K) Class: 21811K(23040K)->21811K(23040K)
[2026-09-05T10:56:11.845-0400][535.500s][info][gc          ] GC(153) Pause Young (Normal) (G1 Evacuation Pause) 2394M->1037M(2784M) 10.168ms
[2026-09-05T10:56:11.845-0400][535.500s][info][gc,cpu      ] GC(153) User=0.38s Sys=0.00s Real=0.01s
[2026-09-05T10:56:12.498-0400][536.153s][info][gc,start    ] GC(154) Pause Young (Normal) (G1 Evacuation Pause)
[2026-09-05T10:56:12.498-0400][536.153s][info][gc,task     ] GC(154) Using 23 workers of 23 for evacuation
[2026-09-05T10:56:12.507-0400][536.162s][info][gc,phases   ] GC(154)   Pre Evacuate Collection Set: 0.22ms
[2026-09-05T10:56:12.507-0400][536.163s][info][gc,phases   ] GC(154)   Merge Heap Roots: 0.29ms
[2026-09-05T10:56:12.507-0400][536.163s][info][gc,phases   ] GC(154)   Evacuate Collection Set: 7.87ms
[2026-09-05T10:56:12.507-0400][536.163s][info][gc,phases   ] GC(154)   Post Evacuate Collection Set: 0.87ms
[2026-09-05T10:56:12.507-0400][536.163s][info][gc,phases   ] GC(154)   Other: 0.17ms
[2026-09-05T10:56:12.507-0400][536.163s][info][gc,heap     ] GC(154) Eden regions: 679->0(676)
[2026-09-05T10:56:12.507-0400][536.163s][info][gc,heap     ] GC(154) Survivor regions: 54->53(92)
[2026-09-05T10:56:12.507-0400][536.163s][info][gc,heap     ] GC(154) Old regions: 439->444
[2026-09-05T10:56:12.507-0400][536.163s][info][gc,heap     ] GC(154) Archive regions: 0->0
[2026-09-05T10:56:12.507-0400][536.163s][info][gc,heap     ] GC(154) Humongous regions: 26->26
[2026-09-05T10:56:12.507-0400][536.163s][info][gc,metaspace] GC(154) Metaspace: 153227K(155840K)->153227K(155840K) NonClass: 131415K(132800K)->131415K(132800K) Class: 21811K(23040K)->21811K(23040K)
[2026-09-05T10:56:12.507-0400][536.163s][info][gc          ] GC(154) Pause Young (Normal) (G1 Evacuation Pause) 2395M->1045M(2784M) 9.577ms
[2026-09-05T10:56:12.507-0400][536.163s][info][gc,cpu      ] GC(154) User=0.00s Sys=0.00s Real=0.01s
[2026-09-05T10:56:13.109-0400][536.764s][info][gc,start    ] GC(155) Pause Young (Normal) (G1 Evacuation Pause)
[2026-09-05T10:56:13.109-0400][536.764s][info][gc,task     ] GC(155) Using 23 workers of 23 for evacuation
[2026-09-05T10:56:13.118-0400][536.773s][info][gc,phases   ] GC(155)   Pre Evacuate Collection Set: 0.22ms
[2026-09-05T10:56:13.118-0400][536.773s][info][gc,phases   ] GC(155)   Merge Heap Roots: 0.23ms
[2026-09-05T10:56:13.118-0400][536.773s][info][gc,phases   ] GC(155)   Evacuate Collection Set: 8.07ms
[2026-09-05T10:56:13.118-0400][536.773s][info][gc,phases   ] GC(155)   Post Evacuate Collection Set: 0.72ms
[2026-09-05T10:56:13.118-0400][536.773s][info][gc,phases   ] GC(155)   Other: 0.19ms
[2026-09-05T10:56:13.118-0400][536.773s][info][gc,heap     ] GC(155) Eden regions: 676->0(668)
[2026-09-05T10:56:13.118-0400][536.773s][info][gc,heap     ] GC(155) Survivor regions: 53->54(92)
[2026-09-05T10:56:13.118-0400][536.773s][info][gc,heap     ] GC(155) Old regions: 444->450
[2026-09-05T10:56:13.118-0400][536.773s][info][gc,heap     ] GC(155) Archive regions: 0->0
[2026-09-05T10:56:13.118-0400][536.773s][info][gc,heap     ] GC(155) Humongous regions: 26->26
[2026-09-05T10:56:13.118-0400][536.773s][info][gc,metaspace] GC(155) Metaspace: 153236K(155840K)->153236K(155840K) NonClass: 131424K(132800K)->131424K(132800K) Class: 21811K(23040K)->21811K(23040K)
[2026-09-05T10:56:13.118-0400][536.773s][info][gc          ] GC(155) Pause Young (Normal) (G1 Evacuation Pause) 2397M->1057M(2784M) 9.564ms
[2026-09-05T10:56:13.118-0400][536.773s][info][gc,cpu      ] GC(155) User=0.00s Sys=0.00s Real=0.01s
[2026-09-05T10:56:13.636-0400][537.292s][info][gc,start    ] GC(156) Pause Young (Normal) (G1 Evacuation Pause)
[2026-09-05T10:56:13.636-0400][537.292s][info][gc,task     ] GC(156) Using 23 workers of 23 for evacuation
[2026-09-05T10:56:13.647-0400][537.301s][info][gc,phases   ] GC(156)   Pre Evacuate Collection Set: 0.21ms
[2026-09-05T10:56:13.647-0400][537.302s][info][gc,phases   ] GC(156)   Merge Heap Roots: 0.18ms
[2026-09-05T10:56:13.647-0400][537.302s][info][gc,phases   ] GC(156)   Evacuate Collection Set: 8.41ms
[2026-09-05T10:56:13.647-0400][537.302s][info][gc,phases   ] GC(156)   Post Evacuate Collection Set: 0.95ms
[2026-09-05T10:56:13.647-0400][537.302s][info][gc,phases   ] GC(156)   Other: 0.17ms
[2026-09-05T10:56:13.647-0400][537.302s][info][gc,heap     ] GC(156) Eden regions: 668->0(661)
[2026-09-05T10:56:13.647-0400][537.302s][info][gc,heap     ] GC(156) Survivor regions: 54->55(91)
[2026-09-05T10:56:13.647-0400][537.302s][info][gc,heap     ] GC(156) Old regions: 450->455
[2026-09-05T10:56:13.647-0400][537.302s][info][gc,heap     ] GC(156) Archive regions: 0->0
[2026-09-05T10:56:13.647-0400][537.302s][info][gc,heap     ] GC(156) Humongous regions: 26->26
[2026-09-05T10:56:13.647-0400][537.302s][info][gc,metaspace] GC(156) Metaspace: 153259K(155904K)->153259K(155904K) NonClass: 131447K(132864K)->131447K(132864K) Class: 21811K(23040K)->21811K(23040K)
[2026-09-05T10:56:13.647-0400][537.302s][info][gc          ] GC(156) Pause Young (Normal) (G1 Evacuation Pause) 2393M->1070M(2784M) 10.088ms
[2026-09-05T10:56:13.647-0400][537.302s][info][gc,cpu      ] GC(156) User=0.36s Sys=0.00s Real=0.01s
[2026-09-05T10:56:14.159-0400][537.814s][info][gc,start    ] GC(157) Pause Young (Normal) (G1 Evacuation Pause)
[2026-09-05T10:56:14.159-0400][537.814s][info][gc,task     ] GC(157) Using 23 workers of 23 for evacuation
[2026-09-05T10:56:14.169-0400][537.824s][info][gc,phases   ] GC(157)   Pre Evacuate Collection Set: 0.23ms
[2026-09-05T10:56:14.169-0400][537.824s][info][gc,phases   ] GC(157)   Merge Heap Roots: 0.22ms
[2026-09-05T10:56:14.169-0400][537.824s][info][gc,phases   ] GC(157)   Evacuate Collection Set: 8.64ms
[2026-09-05T10:56:14.169-0400][537.824s][info][gc,phases   ] GC(157)   Post Evacuate Collection Set: 1.05ms
[2026-09-05T10:56:14.169-0400][537.824s][info][gc,phases   ] GC(157)   Other: 0.30ms
[2026-09-05T10:56:14.169-0400][537.824s][info][gc,heap     ] GC(157) Eden regions: 661->0(667)
[2026-09-05T10:56:14.169-0400][537.824s][info][gc,heap     ] GC(157) Survivor regions: 55->47(90)
[2026-09-05T10:56:14.169-0400][537.824s][info][gc,heap     ] GC(157) Old regions: 455->465
[2026-09-05T10:56:14.169-0400][537.824s][info][gc,heap     ] GC(157) Archive regions: 0->0
[2026-09-05T10:56:14.169-0400][537.824s][info][gc,heap     ] GC(157) Humongous regions: 26->26
[2026-09-05T10:56:14.169-0400][537.824s][info][gc,metaspace] GC(157) Metaspace: 153276K(155904K)->153276K(155904K) NonClass: 131462K(132864K)->131462K(132864K) Class: 21813K(23040K)->21813K(23040K)
[2026-09-05T10:56:14.169-0400][537.824s][info][gc          ] GC(157) Pause Young (Normal) (G1 Evacuation Pause) 2392M->1075M(2784M) 10.572ms
[2026-09-05T10:56:14.169-0400][537.824s][info][gc,cpu      ] GC(157) User=0.30s Sys=0.00s Real=0.01s
[2026-09-05T10:56:14.745-0400][538.401s][info][gc,start    ] GC(158) Pause Young (Normal) (G1 Evacuation Pause)
[2026-09-05T10:56:14.745-0400][538.401s][info][gc,task     ] GC(158) Using 23 workers of 23 for evacuation
[2026-09-05T10:56:14.754-0400][538.409s][info][gc,phases   ] GC(158)   Pre Evacuate Collection Set: 0.13ms
[2026-09-05T10:56:14.754-0400][538.409s][info][gc,phases   ] GC(158)   Merge Heap Roots: 0.20ms
[2026-09-05T10:56:14.754-0400][538.409s][info][gc,phases   ] GC(158)   Evacuate Collection Set: 7.02ms
[2026-09-05T10:56:14.754-0400][538.409s][info][gc,phases   ] GC(158)   Post Evacuate Collection Set: 0.59ms
[2026-09-05T10:56:14.754-0400][538.409s][info][gc,phases   ] GC(158)   Other: 0.16ms
[2026-09-05T10:56:14.754-0400][538.409s][info][gc,heap     ] GC(158) Eden regions: 667->0(657)
[2026-09-05T10:56:14.754-0400][538.409s][info][gc,heap     ] GC(158) Survivor regions: 47->52(90)
[2026-09-05T10:56:14.754-0400][538.409s][info][gc,heap     ] GC(158) Old regions: 465->465
[2026-09-05T10:56:14.754-0400][538.409s][info][gc,heap     ] GC(158) Archive regions: 0->0
[2026-09-05T10:56:14.754-0400][538.409s][info][gc,heap     ] GC(158) Humongous regions: 26->26
[2026-09-05T10:56:14.754-0400][538.409s][info][gc,metaspace] GC(158) Metaspace: 153493K(156096K)->153493K(156096K) NonClass: 131650K(133056K)->131650K(133056K) Class: 21843K(23040K)->21843K(23040K)
[2026-09-05T10:56:14.754-0400][538.409s][info][gc          ] GC(158) Pause Young (Normal) (G1 Evacuation Pause) 2409M->1085M(2784M) 8.251ms
[2026-09-05T10:56:14.754-0400][538.409s][info][gc,cpu      ] GC(158) User=0.34s Sys=0.02s Real=0.01s
[2026-09-05T10:56:15.400-0400][539.055s][info][gc,start    ] GC(159) Pause Young (Normal) (G1 Evacuation Pause)
[2026-09-05T10:56:15.400-0400][539.055s][info][gc,task     ] GC(159) Using 23 workers of 23 for evacuation
[2026-09-05T10:56:15.410-0400][539.065s][info][gc,phases   ] GC(159)   Pre Evacuate Collection Set: 0.18ms
[2026-09-05T10:56:15.410-0400][539.065s][info][gc,phases   ] GC(159)   Merge Heap Roots: 0.22ms
[2026-09-05T10:56:15.410-0400][539.065s][info][gc,phases   ] GC(159)   Evacuate Collection Set: 8.18ms
[2026-09-05T10:56:15.410-0400][539.065s][info][gc,phases   ] GC(159)   Post Evacuate Collection Set: 0.67ms
[2026-09-05T10:56:15.410-0400][539.065s][info][gc,phases   ] GC(159)   Other: 0.18ms
[2026-09-05T10:56:15.410-0400][539.065s][info][gc,heap     ] GC(159) Eden regions: 657->0(654)
[2026-09-05T10:56:15.410-0400][539.065s][info][gc,heap     ] GC(159) Survivor regions: 52->51(89)
[2026-09-05T10:56:15.410-0400][539.065s][info][gc,heap     ] GC(159) Old regions: 465->470
[2026-09-05T10:56:15.410-0400][539.065s][info][gc,heap     ] GC(159) Archive regions: 0->0
[2026-09-05T10:56:15.410-0400][539.065s][info][gc,heap     ] GC(159) Humongous regions: 26->26
[2026-09-05T10:56:15.410-0400][539.065s][info][gc,metaspace] GC(159) Metaspace: 153532K(156096K)->153532K(156096K) NonClass: 131688K(133056K)->131688K(133056K) Class: 21843K(23040K)->21843K(23040K)
[2026-09-05T10:56:15.410-0400][539.065s][info][gc          ] GC(159) Pause Young (Normal) (G1 Evacuation Pause) 2399M->1092M(2784M) 9.582ms
[2026-09-05T10:56:15.410-0400][539.065s][info][gc,cpu      ] GC(159) User=0.30s Sys=0.02s Real=0.01s
[2026-09-05T10:56:16.226-0400][539.880s][info][gc,start    ] GC(160) Pause Young (Normal) (G1 Evacuation Pause)
[2026-09-05T10:56:16.226-0400][539.880s][info][gc,task     ] GC(160) Using 23 workers of 23 for evacuation
[2026-09-05T10:56:16.235-0400][539.890s][info][gc,phases   ] GC(160)   Pre Evacuate Collection Set: 0.24ms
[2026-09-05T10:56:16.235-0400][539.891s][info][gc,phases   ] GC(160)   Merge Heap Roots: 0.20ms
[2026-09-05T10:56:16.235-0400][539.891s][info][gc,phases   ] GC(160)   Evacuate Collection Set: 8.63ms
[2026-09-05T10:56:16.235-0400][539.891s][info][gc,phases   ] GC(160)   Post Evacuate Collection Set: 0.84ms
[2026-09-05T10:56:16.235-0400][539.891s][info][gc,phases   ] GC(160)   Other: 0.24ms
[2026-09-05T10:56:16.235-0400][539.891s][info][gc,heap     ] GC(160) Eden regions: 654->0(641)
[2026-09-05T10:56:16.235-0400][539.891s][info][gc,heap     ] GC(160) Survivor regions: 51->55(89)
[2026-09-05T10:56:16.235-0400][539.891s][info][gc,heap     ] GC(160) Old regions: 470->475
[2026-09-05T10:56:16.235-0400][539.891s][info][gc,heap     ] GC(160) Archive regions: 0->0
[2026-09-05T10:56:16.235-0400][539.891s][info][gc,heap     ] GC(160) Humongous regions: 26->26
[2026-09-05T10:56:16.235-0400][539.891s][info][gc,metaspace] GC(160) Metaspace: 153551K(156160K)->153551K(156160K) NonClass: 131706K(133120K)->131706K(133120K) Class: 21844K(23040K)->21844K(23040K)
[2026-09-05T10:56:16.235-0400][539.891s][info][gc          ] GC(160) Pause Young (Normal) (G1 Evacuation Pause) 2400M->1110M(2784M) 10.275ms
[2026-09-05T10:56:16.235-0400][539.891s][info][gc,cpu      ] GC(160) User=0.31s Sys=0.00s Real=0.01s
[2026-09-05T10:56:16.710-0400][540.366s][info][gc,start    ] GC(161) Pause Young (Normal) (G1 Evacuation Pause)
[2026-09-05T10:56:16.710-0400][540.366s][info][gc,task     ] GC(161) Using 23 workers of 23 for evacuation
[2026-09-05T10:56:16.720-0400][540.375s][info][gc,phases   ] GC(161)   Pre Evacuate Collection Set: 0.20ms
[2026-09-05T10:56:16.720-0400][540.375s][info][gc,phases   ] GC(161)   Merge Heap Roots: 0.22ms
[2026-09-05T10:56:16.720-0400][540.375s][info][gc,phases   ] GC(161)   Evacuate Collection Set: 8.01ms
[2026-09-05T10:56:16.720-0400][540.375s][info][gc,phases   ] GC(161)   Post Evacuate Collection Set: 0.83ms
[2026-09-05T10:56:16.720-0400][540.375s][info][gc,phases   ] GC(161)   Other: 0.16ms
[2026-09-05T10:56:16.720-0400][540.375s][info][gc,heap     ] GC(161) Eden regions: 641->0(642)
[2026-09-05T10:56:16.720-0400][540.375s][info][gc,heap     ] GC(161) Survivor regions: 55->50(87)
[2026-09-05T10:56:16.720-0400][540.376s][info][gc,heap     ] GC(161) Old regions: 475->484
[2026-09-05T10:56:16.720-0400][540.376s][info][gc,heap     ] GC(161) Archive regions: 0->0
[2026-09-05T10:56:16.720-0400][540.376s][info][gc,heap     ] GC(161) Humongous regions: 26->26
[2026-09-05T10:56:16.720-0400][540.376s][info][gc,metaspace] GC(161) Metaspace: 153556K(156160K)->153556K(156160K) NonClass: 131711K(133120K)->131711K(133120K) Class: 21844K(23040K)->21844K(23040K)
[2026-09-05T10:56:16.720-0400][540.376s][info][gc          ] GC(161) Pause Young (Normal) (G1 Evacuation Pause) 2392M->1118M(2784M) 9.570ms
[2026-09-05T10:56:16.720-0400][540.376s][info][gc,cpu      ] GC(161) User=0.36s Sys=0.00s Real=0.01s
[2026-09-05T10:56:17.076-0400][540.731s][info][gc,start    ] GC(162) Pause Young (Normal) (G1 Evacuation Pause)
[2026-09-05T10:56:17.076-0400][540.731s][info][gc,task     ] GC(162) Using 23 workers of 23 for evacuation
[2026-09-05T10:56:17.083-0400][540.738s][info][gc,phases   ] GC(162)   Pre Evacuate Collection Set: 0.16ms
[2026-09-05T10:56:17.083-0400][540.738s][info][gc,phases   ] GC(162)   Merge Heap Roots: 0.22ms
[2026-09-05T10:56:17.083-0400][540.738s][info][gc,phases   ] GC(162)   Evacuate Collection Set: 6.58ms
[2026-09-05T10:56:17.083-0400][540.738s][info][gc,phases   ] GC(162)   Post Evacuate Collection Set: 0.65ms
[2026-09-05T10:56:17.083-0400][540.738s][info][gc,phases   ] GC(162)   Other: 0.15ms
[2026-09-05T10:56:17.083-0400][540.738s][info][gc,heap     ] GC(162) Eden regions: 642->0(643)
[2026-09-05T10:56:17.083-0400][540.738s][info][gc,heap     ] GC(162) Survivor regions: 50->47(87)
[2026-09-05T10:56:17.083-0400][540.738s][info][gc,heap     ] GC(162) Old regions: 484->489
[2026-09-05T10:56:17.083-0400][540.738s][info][gc,heap     ] GC(162) Archive regions: 0->0
[2026-09-05T10:56:17.083-0400][540.738s][info][gc,heap     ] GC(162) Humongous regions: 26->26
[2026-09-05T10:56:17.083-0400][540.738s][info][gc,metaspace] GC(162) Metaspace: 153575K(156160K)->153575K(156160K) NonClass: 131731K(133120K)->131731K(133120K) Class: 21844K(23040K)->21844K(23040K)
[2026-09-05T10:56:17.083-0400][540.738s][info][gc          ] GC(162) Pause Young (Normal) (G1 Evacuation Pause) 2402M->1123M(2784M) 7.886ms
[2026-09-05T10:56:17.083-0400][540.739s][info][gc,cpu      ] GC(162) User=0.00s Sys=0.00s Real=0.01s
[2026-09-05T10:56:17.794-0400][541.450s][info][gc,start    ] GC(163) Pause Young (Normal) (G1 Evacuation Pause)
[2026-09-05T10:56:17.794-0400][541.450s][info][gc,task     ] GC(163) Using 23 workers of 23 for evacuation
[2026-09-05T10:56:17.804-0400][541.459s][info][gc,phases   ] GC(163)   Pre Evacuate Collection Set: 0.44ms
[2026-09-05T10:56:17.804-0400][541.459s][info][gc,phases   ] GC(163)   Merge Heap Roots: 0.27ms
[2026-09-05T10:56:17.804-0400][541.459s][info][gc,phases   ] GC(163)   Evacuate Collection Set: 7.45ms
[2026-09-05T10:56:17.804-0400][541.459s][info][gc,phases   ] GC(163)   Post Evacuate Collection Set: 0.94ms
[2026-09-05T10:56:17.804-0400][541.459s][info][gc,phases   ] GC(163)   Other: 0.26ms
[2026-09-05T10:56:17.804-0400][541.459s][info][gc,heap     ] GC(163) Eden regions: 643->0(635)
[2026-09-05T10:56:17.804-0400][541.459s][info][gc,heap     ] GC(163) Survivor regions: 47->51(87)
[2026-09-05T10:56:17.804-0400][541.459s][info][gc,heap     ] GC(163) Old regions: 489->489
[2026-09-05T10:56:17.804-0400][541.459s][info][gc,heap     ] GC(163) Archive regions: 0->0
[2026-09-05T10:56:17.804-0400][541.459s][info][gc,heap     ] GC(163) Humongous regions: 26->26
[2026-09-05T10:56:17.804-0400][541.459s][info][gc,metaspace] GC(163) Metaspace: 153587K(156160K)->153587K(156160K) NonClass: 131743K(133120K)->131743K(133120K) Class: 21844K(23040K)->21844K(23040K)
[2026-09-05T10:56:17.804-0400][541.459s][info][gc          ] GC(163) Pause Young (Normal) (G1 Evacuation Pause) 2409M->1130M(2784M) 9.499ms
[2026-09-05T10:56:17.804-0400][541.460s][info][gc,cpu      ] GC(163) User=0.00s Sys=0.00s Real=0.01s
[2026-09-05T10:56:18.429-0400][542.085s][info][gc,start    ] GC(164) Pause Young (Normal) (GCLocker Initiated GC)
[2026-09-05T10:56:18.429-0400][542.085s][info][gc,task     ] GC(164) Using 23 workers of 23 for evacuation
[2026-09-05T10:56:18.440-0400][542.095s][info][gc,phases   ] GC(164)   Pre Evacuate Collection Set: 0.21ms
[2026-09-05T10:56:18.440-0400][542.095s][info][gc,phases   ] GC(164)   Merge Heap Roots: 0.27ms
[2026-09-05T10:56:18.440-0400][542.095s][info][gc,phases   ] GC(164)   Evacuate Collection Set: 8.82ms
[2026-09-05T10:56:18.440-0400][542.095s][info][gc,phases   ] GC(164)   Post Evacuate Collection Set: 0.93ms
[2026-09-05T10:56:18.440-0400][542.095s][info][gc,phases   ] GC(164)   Other: 0.18ms
[2026-09-05T10:56:18.440-0400][542.095s][info][gc,heap     ] GC(164) Eden regions: 636->0(632)
[2026-09-05T10:56:18.440-0400][542.095s][info][gc,heap     ] GC(164) Survivor regions: 51->50(86)
[2026-09-05T10:56:18.440-0400][542.095s][info][gc,heap     ] GC(164) Old regions: 489->494
[2026-09-05T10:56:18.440-0400][542.095s][info][gc,heap     ] GC(164) Archive regions: 0->0
[2026-09-05T10:56:18.440-0400][542.095s][info][gc,heap     ] GC(164) Humongous regions: 26->26
[2026-09-05T10:56:18.440-0400][542.095s][info][gc,metaspace] GC(164) Metaspace: 153590K(156160K)->153590K(156160K) NonClass: 131746K(133120K)->131746K(133120K) Class: 21844K(23040K)->21844K(23040K)
[2026-09-05T10:56:18.440-0400][542.095s][info][gc          ] GC(164) Pause Young (Normal) (GCLocker Initiated GC) 2401M->1137M(2784M) 10.549ms
[2026-09-05T10:56:18.440-0400][542.095s][info][gc,cpu      ] GC(164) User=0.34s Sys=0.02s Real=0.01s
[2026-09-05T10:56:19.323-0400][542.979s][info][gc,start    ] GC(165) Pause Young (Normal) (G1 Evacuation Pause)
[2026-09-05T10:56:19.323-0400][542.979s][info][gc,task     ] GC(165) Using 23 workers of 23 for evacuation
[2026-09-05T10:56:19.331-0400][542.987s][info][gc,phases   ] GC(165)   Pre Evacuate Collection Set: 0.12ms
[2026-09-05T10:56:19.331-0400][542.987s][info][gc,phases   ] GC(165)   Merge Heap Roots: 0.20ms
[2026-09-05T10:56:19.331-0400][542.987s][info][gc,phases   ] GC(165)   Evacuate Collection Set: 6.87ms
[2026-09-05T10:56:19.331-0400][542.987s][info][gc,phases   ] GC(165)   Post Evacuate Collection Set: 0.79ms
[2026-09-05T10:56:19.331-0400][542.987s][info][gc,phases   ] GC(165)   Other: 0.17ms
[2026-09-05T10:56:19.331-0400][542.987s][info][gc,heap     ] GC(165) Eden regions: 632->0(631)
[2026-09-05T10:56:19.331-0400][542.987s][info][gc,heap     ] GC(165) Survivor regions: 50->48(86)
[2026-09-05T10:56:19.331-0400][542.987s][info][gc,heap     ] GC(165) Old regions: 494->499
[2026-09-05T10:56:19.331-0400][542.987s][info][gc,heap     ] GC(165) Archive regions: 0->0
[2026-09-05T10:56:19.331-0400][542.987s][info][gc,heap     ] GC(165) Humongous regions: 26->26
[2026-09-05T10:56:19.331-0400][542.987s][info][gc,metaspace] GC(165) Metaspace: 153594K(156160K)->153594K(156160K) NonClass: 131750K(133120K)->131750K(133120K) Class: 21844K(23040K)->21844K(23040K)
[2026-09-05T10:56:19.331-0400][542.987s][info][gc          ] GC(165) Pause Young (Normal) (G1 Evacuation Pause) 2401M->1145M(2784M) 8.360ms
[2026-09-05T10:56:19.331-0400][542.987s][info][gc,cpu      ] GC(165) User=0.36s Sys=0.00s Real=0.01s
[2026-09-05T10:56:19.764-0400][543.419s][info][gc,start    ] GC(166) Pause Young (Normal) (G1 Evacuation Pause)
[2026-09-05T10:56:19.764-0400][543.419s][info][gc,task     ] GC(166) Using 23 workers of 23 for evacuation
[2026-09-05T10:56:19.774-0400][543.428s][info][gc,phases   ] GC(166)   Pre Evacuate Collection Set: 0.14ms
[2026-09-05T10:56:19.774-0400][543.428s][info][gc,phases   ] GC(166)   Merge Heap Roots: 0.22ms
[2026-09-05T10:56:19.774-0400][543.428s][info][gc,phases   ] GC(166)   Evacuate Collection Set: 8.40ms
[2026-09-05T10:56:19.774-0400][543.428s][info][gc,phases   ] GC(166)   Post Evacuate Collection Set: 0.65ms
[2026-09-05T10:56:19.774-0400][543.428s][info][gc,phases   ] GC(166)   Other: 0.17ms
[2026-09-05T10:56:19.774-0400][543.428s][info][gc,heap     ] GC(166) Eden regions: 631->0(622)
[2026-09-05T10:56:19.774-0400][543.428s][info][gc,heap     ] GC(166) Survivor regions: 48->50(85)
[2026-09-05T10:56:19.774-0400][543.428s][info][gc,heap     ] GC(166) Old regions: 499->504
[2026-09-05T10:56:19.774-0400][543.428s][info][gc,heap     ] GC(166) Archive regions: 0->0
[2026-09-05T10:56:19.774-0400][543.428s][info][gc,heap     ] GC(166) Humongous regions: 26->26
[2026-09-05T10:56:19.774-0400][543.429s][info][gc,metaspace] GC(166) Metaspace: 153598K(156160K)->153598K(156160K) NonClass: 131754K(133120K)->131754K(133120K) Class: 21844K(23040K)->21844K(23040K)
[2026-09-05T10:56:19.774-0400][543.429s][info][gc          ] GC(166) Pause Young (Normal) (G1 Evacuation Pause) 2407M->1159M(2784M) 9.718ms
[2026-09-05T10:56:19.774-0400][543.429s][info][gc,cpu      ] GC(166) User=0.00s Sys=0.00s Real=0.01s
[2026-09-05T10:56:20.474-0400][544.130s][info][gc,start    ] GC(167) Pause Young (Normal) (G1 Evacuation Pause)
[2026-09-05T10:56:20.474-0400][544.130s][info][gc,task     ] GC(167) Using 23 workers of 23 for evacuation
[2026-09-05T10:56:20.484-0400][544.139s][info][gc,phases   ] GC(167)   Pre Evacuate Collection Set: 0.21ms
[2026-09-05T10:56:20.484-0400][544.139s][info][gc,phases   ] GC(167)   Merge Heap Roots: 0.21ms
[2026-09-05T10:56:20.484-0400][544.139s][info][gc,phases   ] GC(167)   Evacuate Collection Set: 7.76ms
[2026-09-05T10:56:20.484-0400][544.139s][info][gc,phases   ] GC(167)   Post Evacuate Collection Set: 0.74ms
[2026-09-05T10:56:20.484-0400][544.139s][info][gc,phases   ] GC(167)   Other: 0.17ms
[2026-09-05T10:56:20.484-0400][544.139s][info][gc,heap     ] GC(167) Eden regions: 622->0(621)
[2026-09-05T10:56:20.484-0400][544.139s][info][gc,heap     ] GC(167) Survivor regions: 50->48(84)
[2026-09-05T10:56:20.484-0400][544.139s][info][gc,heap     ] GC(167) Old regions: 504->509
[2026-09-05T10:56:20.484-0400][544.139s][info][gc,heap     ] GC(167) Archive regions: 0->0
[2026-09-05T10:56:20.484-0400][544.139s][info][gc,heap     ] GC(167) Humongous regions: 26->26
[2026-09-05T10:56:20.484-0400][544.139s][info][gc,metaspace] GC(167) Metaspace: 153671K(156224K)->153671K(156224K) NonClass: 131810K(133184K)->131810K(133184K) Class: 21860K(23040K)->21860K(23040K)
[2026-09-05T10:56:20.484-0400][544.139s][info][gc          ] GC(167) Pause Young (Normal) (G1 Evacuation Pause) 2403M->1164M(2784M) 9.258ms
[2026-09-05T10:56:20.484-0400][544.139s][info][gc,cpu      ] GC(167) User=0.36s Sys=0.00s Real=0.01s
[2026-09-05T10:56:20.951-0400][544.606s][info][gc,start    ] GC(168) Pause Young (Normal) (G1 Evacuation Pause)
[2026-09-05T10:56:20.951-0400][544.606s][info][gc,task     ] GC(168) Using 23 workers of 23 for evacuation
[2026-09-05T10:56:20.960-0400][544.615s][info][gc,phases   ] GC(168)   Pre Evacuate Collection Set: 0.19ms
[2026-09-05T10:56:20.960-0400][544.615s][info][gc,phases   ] GC(168)   Merge Heap Roots: 0.23ms
[2026-09-05T10:56:20.960-0400][544.615s][info][gc,phases   ] GC(168)   Evacuate Collection Set: 7.12ms
[2026-09-05T10:56:20.960-0400][544.615s][info][gc,phases   ] GC(168)   Post Evacuate Collection Set: 0.75ms
[2026-09-05T10:56:20.960-0400][544.615s][info][gc,phases   ] GC(168)   Other: 0.17ms
[2026-09-05T10:56:20.960-0400][544.615s][info][gc,heap     ] GC(168) Eden regions: 621->0(617)
[2026-09-05T10:56:20.960-0400][544.615s][info][gc,heap     ] GC(168) Survivor regions: 48->48(84)
[2026-09-05T10:56:20.960-0400][544.615s][info][gc,heap     ] GC(168) Old regions: 509->513
[2026-09-05T10:56:20.960-0400][544.615s][info][gc,heap     ] GC(168) Archive regions: 0->0
[2026-09-05T10:56:20.960-0400][544.615s][info][gc,heap     ] GC(168) Humongous regions: 26->26
[2026-09-05T10:56:20.960-0400][544.615s][info][gc,metaspace] GC(168) Metaspace: 153674K(156224K)->153674K(156224K) NonClass: 131814K(133184K)->131814K(133184K) Class: 21860K(23040K)->21860K(23040K)
[2026-09-05T10:56:20.960-0400][544.615s][info][gc          ] GC(168) Pause Young (Normal) (G1 Evacuation Pause) 2406M->1171M(2784M) 8.607ms
[2026-09-05T10:56:20.960-0400][544.615s][info][gc,cpu      ] GC(168) User=0.00s Sys=0.00s Real=0.01s
[2026-09-05T10:56:21.463-0400][545.119s][info][gc,start    ] GC(169) Pause Young (Normal) (G1 Evacuation Pause)
[2026-09-05T10:56:21.463-0400][545.119s][info][gc,task     ] GC(169) Using 23 workers of 23 for evacuation
[2026-09-05T10:56:21.473-0400][545.128s][info][gc,phases   ] GC(169)   Pre Evacuate Collection Set: 0.26ms
[2026-09-05T10:56:21.473-0400][545.128s][info][gc,phases   ] GC(169)   Merge Heap Roots: 0.22ms
[2026-09-05T10:56:21.473-0400][545.128s][info][gc,phases   ] GC(169)   Evacuate Collection Set: 7.31ms
[2026-09-05T10:56:21.473-0400][545.128s][info][gc,phases   ] GC(169)   Post Evacuate Collection Set: 0.75ms
[2026-09-05T10:56:21.473-0400][545.128s][info][gc,phases   ] GC(169)   Other: 0.19ms
[2026-09-05T10:56:21.473-0400][545.128s][info][gc,heap     ] GC(169) Eden regions: 617->0(612)
[2026-09-05T10:56:21.473-0400][545.128s][info][gc,heap     ] GC(169) Survivor regions: 48->48(84)
[2026-09-05T10:56:21.473-0400][545.128s][info][gc,heap     ] GC(169) Old regions: 513->518
[2026-09-05T10:56:21.473-0400][545.128s][info][gc,heap     ] GC(169) Archive regions: 0->0
[2026-09-05T10:56:21.473-0400][545.128s][info][gc,heap     ] GC(169) Humongous regions: 26->26
[2026-09-05T10:56:21.473-0400][545.128s][info][gc,metaspace] GC(169) Metaspace: 153686K(156224K)->153686K(156224K) NonClass: 131823K(133184K)->131823K(133184K) Class: 21862K(23040K)->21862K(23040K)
[2026-09-05T10:56:21.473-0400][545.128s][info][gc          ] GC(169) Pause Young (Normal) (G1 Evacuation Pause) 2405M->1180M(2784M) 8.860ms
[2026-09-05T10:56:21.473-0400][545.128s][info][gc,cpu      ] GC(169) User=0.34s Sys=0.02s Real=0.01s
[2026-09-05T10:56:22.081-0400][545.735s][info][gc,start    ] GC(170) Pause Young (Normal) (G1 Evacuation Pause)
[2026-09-05T10:56:22.081-0400][545.735s][info][gc,task     ] GC(170) Using 23 workers of 23 for evacuation
[2026-09-05T10:56:22.088-0400][545.743s][info][gc,phases   ] GC(170)   Pre Evacuate Collection Set: 0.26ms
[2026-09-05T10:56:22.088-0400][545.743s][info][gc,phases   ] GC(170)   Merge Heap Roots: 0.20ms
[2026-09-05T10:56:22.088-0400][545.743s][info][gc,phases   ] GC(170)   Evacuate Collection Set: 6.55ms
[2026-09-05T10:56:22.088-0400][545.743s][info][gc,phases   ] GC(170)   Post Evacuate Collection Set: 0.88ms
[2026-09-05T10:56:22.088-0400][545.743s][info][gc,phases   ] GC(170)   Other: 0.15ms
[2026-09-05T10:56:22.088-0400][545.743s][info][gc,heap     ] GC(170) Eden regions: 612->0(617)
[2026-09-05T10:56:22.088-0400][545.743s][info][gc,heap     ] GC(170) Survivor regions: 48->42(83)
[2026-09-05T10:56:22.088-0400][545.743s][info][gc,heap     ] GC(170) Old regions: 518->525
[2026-09-05T10:56:22.088-0400][545.743s][info][gc,heap     ] GC(170) Archive regions: 0->0
[2026-09-05T10:56:22.088-0400][545.743s][info][gc,heap     ] GC(170) Humongous regions: 26->26
[2026-09-05T10:56:22.088-0400][545.743s][info][gc,metaspace] GC(170) Metaspace: 153692K(156288K)->153692K(156288K) NonClass: 131829K(133248K)->131829K(133248K) Class: 21862K(23040K)->21862K(23040K)
[2026-09-05T10:56:22.088-0400][545.743s][info][gc          ] GC(170) Pause Young (Normal) (G1 Evacuation Pause) 2404M->1185M(2784M) 8.169ms
[2026-09-05T10:56:22.088-0400][545.743s][info][gc,cpu      ] GC(170) User=0.00s Sys=0.00s Real=0.01s
[2026-09-05T10:56:22.698-0400][546.353s][info][gc,start    ] GC(171) Pause Young (Normal) (G1 Evacuation Pause)
[2026-09-05T10:56:22.698-0400][546.353s][info][gc,task     ] GC(171) Using 23 workers of 23 for evacuation
[2026-09-05T10:56:22.705-0400][546.361s][info][gc,phases   ] GC(171)   Pre Evacuate Collection Set: 0.16ms
[2026-09-05T10:56:22.705-0400][546.361s][info][gc,phases   ] GC(171)   Merge Heap Roots: 0.24ms
[2026-09-05T10:56:22.705-0400][546.361s][info][gc,phases   ] GC(171)   Evacuate Collection Set: 6.46ms
[2026-09-05T10:56:22.705-0400][546.361s][info][gc,phases   ] GC(171)   Post Evacuate Collection Set: 0.69ms
[2026-09-05T10:56:22.705-0400][546.361s][info][gc,phases   ] GC(171)   Other: 0.15ms
[2026-09-05T10:56:22.705-0400][546.361s][info][gc,heap     ] GC(171) Eden regions: 617->0(609)
[2026-09-05T10:56:22.705-0400][546.361s][info][gc,heap     ] GC(171) Survivor regions: 42->46(83)
[2026-09-05T10:56:22.706-0400][546.361s][info][gc,heap     ] GC(171) Old regions: 525->525
[2026-09-05T10:56:22.706-0400][546.361s][info][gc,heap     ] GC(171) Archive regions: 0->0
[2026-09-05T10:56:22.706-0400][546.361s][info][gc,heap     ] GC(171) Humongous regions: 26->26
[2026-09-05T10:56:22.706-0400][546.361s][info][gc,metaspace] GC(171) Metaspace: 153711K(156352K)->153711K(156352K) NonClass: 131845K(133248K)->131845K(133248K) Class: 21866K(23104K)->21866K(23104K)
[2026-09-05T10:56:22.706-0400][546.361s][info][gc          ] GC(171) Pause Young (Normal) (G1 Evacuation Pause) 2419M->1192M(2784M) 7.826ms
[2026-09-05T10:56:22.706-0400][546.361s][info][gc,cpu      ] GC(171) User=0.36s Sys=0.00s Real=0.01s
[2026-09-05T10:56:23.515-0400][547.169s][info][gc,start    ] GC(172) Pause Young (Normal) (G1 Evacuation Pause)
[2026-09-05T10:56:23.515-0400][547.169s][info][gc,task     ] GC(172) Using 23 workers of 23 for evacuation
[2026-09-05T10:56:23.523-0400][547.178s][info][gc,phases   ] GC(172)   Pre Evacuate Collection Set: 0.21ms
[2026-09-05T10:56:23.523-0400][547.178s][info][gc,phases   ] GC(172)   Merge Heap Roots: 0.19ms
[2026-09-05T10:56:23.523-0400][547.178s][info][gc,phases   ] GC(172)   Evacuate Collection Set: 6.89ms
[2026-09-05T10:56:23.523-0400][547.178s][info][gc,phases   ] GC(172)   Post Evacuate Collection Set: 0.82ms
[2026-09-05T10:56:23.523-0400][547.178s][info][gc,phases   ] GC(172)   Other: 0.16ms
[2026-09-05T10:56:23.523-0400][547.178s][info][gc,heap     ] GC(172) Eden regions: 609->0(601)
[2026-09-05T10:56:23.523-0400][547.178s][info][gc,heap     ] GC(172) Survivor regions: 46->48(82)
[2026-09-05T10:56:23.523-0400][547.178s][info][gc,heap     ] GC(172) Old regions: 525->529
[2026-09-05T10:56:23.523-0400][547.178s][info][gc,heap     ] GC(172) Archive regions: 0->0
[2026-09-05T10:56:23.523-0400][547.178s][info][gc,heap     ] GC(172) Humongous regions: 26->26
[2026-09-05T10:56:23.523-0400][547.178s][info][gc,metaspace] GC(172) Metaspace: 153782K(156480K)->153782K(156480K) NonClass: 131896K(133376K)->131896K(133376K) Class: 21886K(23104K)->21886K(23104K)
[2026-09-05T10:56:23.523-0400][547.178s][info][gc          ] GC(172) Pause Young (Normal) (G1 Evacuation Pause) 2410M->1202M(2784M) 8.426ms
[2026-09-05T10:56:23.523-0400][547.178s][info][gc,cpu      ] GC(172) User=0.00s Sys=0.00s Real=0.01s
[2026-09-05T10:56:24.097-0400][547.753s][info][gc,start    ] GC(173) Pause Young (Normal) (G1 Evacuation Pause)
[2026-09-05T10:56:24.097-0400][547.753s][info][gc,task     ] GC(173) Using 23 workers of 23 for evacuation
[2026-09-05T10:56:24.106-0400][547.761s][info][gc,phases   ] GC(173)   Pre Evacuate Collection Set: 0.26ms
[2026-09-05T10:56:24.106-0400][547.761s][info][gc,phases   ] GC(173)   Merge Heap Roots: 0.20ms
[2026-09-05T10:56:24.106-0400][547.761s][info][gc,phases   ] GC(173)   Evacuate Collection Set: 7.29ms
[2026-09-05T10:56:24.106-0400][547.761s][info][gc,phases   ] GC(173)   Post Evacuate Collection Set: 0.88ms
[2026-09-05T10:56:24.106-0400][547.761s][info][gc,phases   ] GC(173)   Other: 0.19ms
[2026-09-05T10:56:24.106-0400][547.761s][info][gc,heap     ] GC(173) Eden regions: 601->0(598)
[2026-09-05T10:56:24.106-0400][547.761s][info][gc,heap     ] GC(173) Survivor regions: 48->48(82)
[2026-09-05T10:56:24.106-0400][547.761s][info][gc,heap     ] GC(173) Old regions: 529->532
[2026-09-05T10:56:24.106-0400][547.761s][info][gc,heap     ] GC(173) Archive regions: 0->0
[2026-09-05T10:56:24.106-0400][547.761s][info][gc,heap     ] GC(173) Humongous regions: 26->26
[2026-09-05T10:56:24.106-0400][547.761s][info][gc,metaspace] GC(173) Metaspace: 153789K(156480K)->153789K(156480K) NonClass: 131902K(133376K)->131902K(133376K) Class: 21886K(23104K)->21886K(23104K)
[2026-09-05T10:56:24.106-0400][547.761s][info][gc          ] GC(173) Pause Young (Normal) (G1 Evacuation Pause) 2404M->1210M(2784M) 8.943ms
[2026-09-05T10:56:24.106-0400][547.762s][info][gc,cpu      ] GC(173) User=0.03s Sys=0.00s Real=0.01s
[2026-09-05T10:56:24.723-0400][548.379s][info][gc,start    ] GC(174) Pause Young (Normal) (G1 Evacuation Pause)
[2026-09-05T10:56:24.723-0400][548.379s][info][gc,task     ] GC(174) Using 23 workers of 23 for evacuation
[2026-09-05T10:56:24.732-0400][548.386s][info][gc,phases   ] GC(174)   Pre Evacuate Collection Set: 0.23ms
[2026-09-05T10:56:24.732-0400][548.386s][info][gc,phases   ] GC(174)   Merge Heap Roots: 0.17ms
[2026-09-05T10:56:24.732-0400][548.386s][info][gc,phases   ] GC(174)   Evacuate Collection Set: 6.56ms
[2026-09-05T10:56:24.732-0400][548.386s][info][gc,phases   ] GC(174)   Post Evacuate Collection Set: 0.68ms
[2026-09-05T10:56:24.732-0400][548.386s][info][gc,phases   ] GC(174)   Other: 0.17ms
[2026-09-05T10:56:24.732-0400][548.386s][info][gc,heap     ] GC(174) Eden regions: 598->0(598)
[2026-09-05T10:56:24.732-0400][548.386s][info][gc,heap     ] GC(174) Survivor regions: 48->46(81)
[2026-09-05T10:56:24.732-0400][548.386s][info][gc,heap     ] GC(174) Old regions: 532->536
[2026-09-05T10:56:24.732-0400][548.387s][info][gc,heap     ] GC(174) Archive regions: 0->0
[2026-09-05T10:56:24.732-0400][548.387s][info][gc,heap     ] GC(174) Humongous regions: 26->26
[2026-09-05T10:56:24.732-0400][548.387s][info][gc,metaspace] GC(174) Metaspace: 153793K(156480K)->153793K(156480K) NonClass: 131906K(133376K)->131906K(133376K) Class: 21886K(23104K)->21886K(23104K)
[2026-09-05T10:56:24.732-0400][548.387s][info][gc          ] GC(174) Pause Young (Normal) (G1 Evacuation Pause) 2406M->1214M(2784M) 7.929ms
[2026-09-05T10:56:24.732-0400][548.387s][info][gc,cpu      ] GC(174) User=0.02s Sys=0.02s Real=0.01s
[2026-09-05T10:56:25.172-0400][548.827s][info][gc,start    ] GC(175) Pause Young (Normal) (G1 Evacuation Pause)
[2026-09-05T10:56:25.172-0400][548.827s][info][gc,task     ] GC(175) Using 23 workers of 23 for evacuation
[2026-09-05T10:56:25.179-0400][548.834s][info][gc,phases   ] GC(175)   Pre Evacuate Collection Set: 0.20ms
[2026-09-05T10:56:25.179-0400][548.834s][info][gc,phases   ] GC(175)   Merge Heap Roots: 0.20ms
[2026-09-05T10:56:25.179-0400][548.834s][info][gc,phases   ] GC(175)   Evacuate Collection Set: 5.69ms
[2026-09-05T10:56:25.179-0400][548.834s][info][gc,phases   ] GC(175)   Post Evacuate Collection Set: 0.63ms
[2026-09-05T10:56:25.179-0400][548.834s][info][gc,phases   ] GC(175)   Other: 0.15ms
[2026-09-05T10:56:25.179-0400][548.834s][info][gc,heap     ] GC(175) Eden regions: 598->0(600)
[2026-09-05T10:56:25.179-0400][548.834s][info][gc,heap     ] GC(175) Survivor regions: 46->43(81)
[2026-09-05T10:56:25.179-0400][548.834s][info][gc,heap     ] GC(175) Old regions: 536->540
[2026-09-05T10:56:25.179-0400][548.834s][info][gc,heap     ] GC(175) Archive regions: 0->0
[2026-09-05T10:56:25.179-0400][548.834s][info][gc,heap     ] GC(175) Humongous regions: 26->26
[2026-09-05T10:56:25.179-0400][548.834s][info][gc,metaspace] GC(175) Metaspace: 153810K(156480K)->153810K(156480K) NonClass: 131923K(133376K)->131923K(133376K) Class: 21886K(23104K)->21886K(23104K)
[2026-09-05T10:56:25.179-0400][548.834s][info][gc          ] GC(175) Pause Young (Normal) (G1 Evacuation Pause) 2410M->1216M(2784M) 6.982ms
[2026-09-05T10:56:25.179-0400][548.834s][info][gc,cpu      ] GC(175) User=0.00s Sys=0.00s Real=0.01s
[2026-09-05T10:56:25.654-0400][549.309s][info][gc,start    ] GC(176) Pause Young (Normal) (G1 Evacuation Pause)
[2026-09-05T10:56:25.654-0400][549.309s][info][gc,task     ] GC(176) Using 23 workers of 23 for evacuation
[2026-09-05T10:56:25.661-0400][549.316s][info][gc,phases   ] GC(176)   Pre Evacuate Collection Set: 0.25ms
[2026-09-05T10:56:25.661-0400][549.317s][info][gc,phases   ] GC(176)   Merge Heap Roots: 0.18ms
[2026-09-05T10:56:25.661-0400][549.317s][info][gc,phases   ] GC(176)   Evacuate Collection Set: 6.43ms
[2026-09-05T10:56:25.661-0400][549.317s][info][gc,phases   ] GC(176)   Post Evacuate Collection Set: 0.85ms
[2026-09-05T10:56:25.661-0400][549.317s][info][gc,phases   ] GC(176)   Other: 0.24ms
[2026-09-05T10:56:25.661-0400][549.317s][info][gc,heap     ] GC(176) Eden regions: 600->0(590)
[2026-09-05T10:56:25.661-0400][549.317s][info][gc,heap     ] GC(176) Survivor regions: 43->48(81)
[2026-09-05T10:56:25.661-0400][549.317s][info][gc,heap     ] GC(176) Old regions: 540->540
[2026-09-05T10:56:25.661-0400][549.317s][info][gc,heap     ] GC(176) Archive regions: 0->0
[2026-09-05T10:56:25.661-0400][549.317s][info][gc,heap     ] GC(176) Humongous regions: 26->26
[2026-09-05T10:56:25.661-0400][549.317s][info][gc,metaspace] GC(176) Metaspace: 153813K(156480K)->153813K(156480K) NonClass: 131927K(133376K)->131927K(133376K) Class: 21886K(23104K)->21886K(23104K)
[2026-09-05T10:56:25.661-0400][549.317s][info][gc          ] GC(176) Pause Young (Normal) (G1 Evacuation Pause) 2416M->1226M(2784M) 8.051ms
[2026-09-05T10:56:25.661-0400][549.317s][info][gc,cpu      ] GC(176) User=0.00s Sys=0.00s Real=0.01s
[2026-09-05T10:56:26.203-0400][549.858s][info][gc,start    ] GC(177) Pause Young (Normal) (G1 Evacuation Pause)
[2026-09-05T10:56:26.203-0400][549.858s][info][gc,task     ] GC(177) Using 23 workers of 23 for evacuation
[2026-09-05T10:56:26.210-0400][549.866s][info][gc,phases   ] GC(177)   Pre Evacuate Collection Set: 0.24ms
[2026-09-05T10:56:26.210-0400][549.866s][info][gc,phases   ] GC(177)   Merge Heap Roots: 0.24ms
[2026-09-05T10:56:26.210-0400][549.866s][info][gc,phases   ] GC(177)   Evacuate Collection Set: 6.53ms
[2026-09-05T10:56:26.210-0400][549.866s][info][gc,phases   ] GC(177)   Post Evacuate Collection Set: 0.71ms
[2026-09-05T10:56:26.210-0400][549.866s][info][gc,phases   ] GC(177)   Other: 0.15ms
[2026-09-05T10:56:26.210-0400][549.866s][info][gc,heap     ] GC(177) Eden regions: 590->0(594)
[2026-09-05T10:56:26.210-0400][549.866s][info][gc,heap     ] GC(177) Survivor regions: 48->42(80)
[2026-09-05T10:56:26.210-0400][549.866s][info][gc,heap     ] GC(177) Old regions: 540->548
[2026-09-05T10:56:26.210-0400][549.866s][info][gc,heap     ] GC(177) Archive regions: 0->0
[2026-09-05T10:56:26.210-0400][549.866s][info][gc,heap     ] GC(177) Humongous regions: 26->26
[2026-09-05T10:56:26.210-0400][549.866s][info][gc,metaspace] GC(177) Metaspace: 153818K(156480K)->153818K(156480K) NonClass: 131932K(133376K)->131932K(133376K) Class: 21886K(23104K)->21886K(23104K)
[2026-09-05T10:56:26.210-0400][549.866s][info][gc          ] GC(177) Pause Young (Normal) (G1 Evacuation Pause) 2406M->1231M(2784M) 7.995ms
[2026-09-05T10:56:26.210-0400][549.866s][info][gc,cpu      ] GC(177) User=0.00s Sys=0.00s Real=0.01s
[2026-09-05T10:56:26.776-0400][550.430s][info][gc,start    ] GC(178) Pause Young (Normal) (G1 Evacuation Pause)
[2026-09-05T10:56:26.776-0400][550.431s][info][gc,task     ] GC(178) Using 23 workers of 23 for evacuation
[2026-09-05T10:56:26.783-0400][550.438s][info][gc,phases   ] GC(178)   Pre Evacuate Collection Set: 0.22ms
[2026-09-05T10:56:26.783-0400][550.438s][info][gc,phases   ] GC(178)   Merge Heap Roots: 0.21ms
[2026-09-05T10:56:26.783-0400][550.438s][info][gc,phases   ] GC(178)   Evacuate Collection Set: 6.55ms
[2026-09-05T10:56:26.783-0400][550.438s][info][gc,phases   ] GC(178)   Post Evacuate Collection Set: 0.76ms
[2026-09-05T10:56:26.783-0400][550.438s][info][gc,phases   ] GC(178)   Other: 0.18ms
[2026-09-05T10:56:26.783-0400][550.438s][info][gc,heap     ] GC(178) Eden regions: 594->0(588)
[2026-09-05T10:56:26.783-0400][550.438s][info][gc,heap     ] GC(178) Survivor regions: 42->45(80)
[2026-09-05T10:56:26.783-0400][550.439s][info][gc,heap     ] GC(178) Old regions: 548->548
[2026-09-05T10:56:26.783-0400][550.439s][info][gc,heap     ] GC(178) Archive regions: 0->0
[2026-09-05T10:56:26.783-0400][550.439s][info][gc,heap     ] GC(178) Humongous regions: 26->26
[2026-09-05T10:56:26.783-0400][550.439s][info][gc,metaspace] GC(178) Metaspace: 153825K(156480K)->153825K(156480K) NonClass: 131938K(133376K)->131938K(133376K) Class: 21887K(23104K)->21887K(23104K)
[2026-09-05T10:56:26.783-0400][550.439s][info][gc          ] GC(178) Pause Young (Normal) (G1 Evacuation Pause) 2419M->1237M(2784M) 8.054ms
[2026-09-05T10:56:26.783-0400][550.439s][info][gc,cpu      ] GC(178) User=0.36s Sys=0.00s Real=0.01s
[2026-09-05T10:56:27.747-0400][551.402s][info][gc,start    ] GC(179) Pause Young (Normal) (G1 Evacuation Pause)
[2026-09-05T10:56:27.747-0400][551.402s][info][gc,task     ] GC(179) Using 23 workers of 23 for evacuation
[2026-09-05T10:56:27.757-0400][551.412s][info][gc,phases   ] GC(179)   Pre Evacuate Collection Set: 0.24ms
[2026-09-05T10:56:27.757-0400][551.412s][info][gc,phases   ] GC(179)   Merge Heap Roots: 0.22ms
[2026-09-05T10:56:27.757-0400][551.412s][info][gc,phases   ] GC(179)   Evacuate Collection Set: 8.95ms
[2026-09-05T10:56:27.757-0400][551.412s][info][gc,phases   ] GC(179)   Post Evacuate Collection Set: 0.75ms
[2026-09-05T10:56:27.757-0400][551.412s][info][gc,phases   ] GC(179)   Other: 0.21ms
[2026-09-05T10:56:27.757-0400][551.412s][info][gc,heap     ] GC(179) Eden regions: 588->0(567)
[2026-09-05T10:56:27.757-0400][551.412s][info][gc,heap     ] GC(179) Survivor regions: 45->54(80)
[2026-09-05T10:56:27.757-0400][551.412s][info][gc,heap     ] GC(179) Old regions: 548->551
[2026-09-05T10:56:27.757-0400][551.412s][info][gc,heap     ] GC(179) Archive regions: 0->0
[2026-09-05T10:56:27.757-0400][551.412s][info][gc,heap     ] GC(179) Humongous regions: 26->26
[2026-09-05T10:56:27.757-0400][551.412s][info][gc,metaspace] GC(179) Metaspace: 153830K(156480K)->153830K(156480K) NonClass: 131943K(133376K)->131943K(133376K) Class: 21887K(23104K)->21887K(23104K)
[2026-09-05T10:56:27.757-0400][551.412s][info][gc          ] GC(179) Pause Young (Normal) (G1 Evacuation Pause) 2413M->1261M(2784M) 10.473ms
[2026-09-05T10:56:27.757-0400][551.412s][info][gc,cpu      ] GC(179) User=0.00s Sys=0.00s Real=0.01s
[2026-09-05T10:56:28.174-0400][551.829s][info][gc,start    ] GC(180) Pause Young (Normal) (G1 Evacuation Pause)
[2026-09-05T10:56:28.174-0400][551.829s][info][gc,task     ] GC(180) Using 23 workers of 23 for evacuation
[2026-09-05T10:56:28.183-0400][551.838s][info][gc,phases   ] GC(180)   Pre Evacuate Collection Set: 0.28ms
[2026-09-05T10:56:28.183-0400][551.838s][info][gc,phases   ] GC(180)   Merge Heap Roots: 0.20ms
[2026-09-05T10:56:28.183-0400][551.838s][info][gc,phases   ] GC(180)   Evacuate Collection Set: 8.06ms
[2026-09-05T10:56:28.183-0400][551.838s][info][gc,phases   ] GC(180)   Post Evacuate Collection Set: 0.72ms
[2026-09-05T10:56:28.183-0400][551.838s][info][gc,phases   ] GC(180)   Other: 0.24ms
[2026-09-05T10:56:28.183-0400][551.838s][info][gc,heap     ] GC(180) Eden regions: 567->0(574)
[2026-09-05T10:56:28.183-0400][551.838s][info][gc,heap     ] GC(180) Survivor regions: 54->43(78)
[2026-09-05T10:56:28.183-0400][551.838s][info][gc,heap     ] GC(180) Old regions: 551->566
[2026-09-05T10:56:28.183-0400][551.838s][info][gc,heap     ] GC(180) Archive regions: 0->0
[2026-09-05T10:56:28.183-0400][551.838s][info][gc,heap     ] GC(180) Humongous regions: 26->26
[2026-09-05T10:56:28.183-0400][551.838s][info][gc,metaspace] GC(180) Metaspace: 153830K(156480K)->153830K(156480K) NonClass: 131943K(133376K)->131943K(133376K) Class: 21887K(23104K)->21887K(23104K)
[2026-09-05T10:56:28.183-0400][551.838s][info][gc          ] GC(180) Pause Young (Normal) (G1 Evacuation Pause) 2395M->1268M(2784M) 9.628ms
[2026-09-05T10:56:28.183-0400][551.838s][info][gc,cpu      ] GC(180) User=0.00s Sys=0.00s Real=0.01s
[2026-09-05T10:56:28.547-0400][552.202s][info][gc,start    ] GC(181) Pause Young (Normal) (G1 Evacuation Pause)
[2026-09-05T10:56:28.547-0400][552.202s][info][gc,task     ] GC(181) Using 23 workers of 23 for evacuation
[2026-09-05T10:56:28.556-0400][552.211s][info][gc,phases   ] GC(181)   Pre Evacuate Collection Set: 0.25ms
[2026-09-05T10:56:28.556-0400][552.211s][info][gc,phases   ] GC(181)   Merge Heap Roots: 0.26ms
[2026-09-05T10:56:28.556-0400][552.211s][info][gc,phases   ] GC(181)   Evacuate Collection Set: 7.06ms
[2026-09-05T10:56:28.556-0400][552.211s][info][gc,phases   ] GC(181)   Post Evacuate Collection Set: 0.79ms
[2026-09-05T10:56:28.556-0400][552.211s][info][gc,phases   ] GC(181)   Other: 0.20ms
[2026-09-05T10:56:28.556-0400][552.211s][info][gc,heap     ] GC(181) Eden regions: 574->0(574)
[2026-09-05T10:56:28.556-0400][552.211s][info][gc,heap     ] GC(181) Survivor regions: 43->43(78)
[2026-09-05T10:56:28.556-0400][552.211s][info][gc,heap     ] GC(181) Old regions: 566->566
[2026-09-05T10:56:28.556-0400][552.211s][info][gc,heap     ] GC(181) Archive regions: 0->0
[2026-09-05T10:56:28.556-0400][552.211s][info][gc,heap     ] GC(181) Humongous regions: 26->26
[2026-09-05T10:56:28.556-0400][552.211s][info][gc,metaspace] GC(181) Metaspace: 153830K(156480K)->153830K(156480K) NonClass: 131943K(133376K)->131943K(133376K) Class: 21887K(23104K)->21887K(23104K)
[2026-09-05T10:56:28.556-0400][552.211s][info][gc          ] GC(181) Pause Young (Normal) (G1 Evacuation Pause) 2416M->1268M(2784M) 8.685ms
[2026-09-05T10:56:28.556-0400][552.211s][info][gc,cpu      ] GC(181) User=0.00s Sys=0.00s Real=0.01s
[2026-09-05T10:56:29.147-0400][552.802s][info][gc,start    ] GC(182) Pause Young (Normal) (GCLocker Initiated GC)
[2026-09-05T10:56:29.147-0400][552.802s][info][gc,task     ] GC(182) Using 23 workers of 23 for evacuation
[2026-09-05T10:56:29.157-0400][552.813s][info][gc,phases   ] GC(182)   Pre Evacuate Collection Set: 0.20ms
[2026-09-05T10:56:29.157-0400][552.813s][info][gc,phases   ] GC(182)   Merge Heap Roots: 0.18ms
[2026-09-05T10:56:29.157-0400][552.813s][info][gc,phases   ] GC(182)   Evacuate Collection Set: 9.32ms
[2026-09-05T10:56:29.157-0400][552.813s][info][gc,phases   ] GC(182)   Post Evacuate Collection Set: 0.54ms
[2026-09-05T10:56:29.157-0400][552.813s][info][gc,phases   ] GC(182)   Other: 0.14ms
[2026-09-05T10:56:29.157-0400][552.813s][info][gc,heap     ] GC(182) Eden regions: 575->0(560)
[2026-09-05T10:56:29.157-0400][552.813s][info][gc,heap     ] GC(182) Survivor regions: 43->48(78)
[2026-09-05T10:56:29.157-0400][552.813s][info][gc,heap     ] GC(182) Old regions: 566->569
[2026-09-05T10:56:29.157-0400][552.813s][info][gc,heap     ] GC(182) Archive regions: 0->0
[2026-09-05T10:56:29.157-0400][552.813s][info][gc,heap     ] GC(182) Humongous regions: 27->27
[2026-09-05T10:56:29.157-0400][552.813s][info][gc,metaspace] GC(182) Metaspace: 153849K(156480K)->153849K(156480K) NonClass: 131962K(133376K)->131962K(133376K) Class: 21887K(23104K)->21887K(23104K)
[2026-09-05T10:56:29.157-0400][552.813s][info][gc          ] GC(182) Pause Young (Normal) (GCLocker Initiated GC) 2419M->1286M(2784M) 10.499ms
[2026-09-05T10:56:29.157-0400][552.813s][info][gc,cpu      ] GC(182) User=0.33s Sys=0.03s Real=0.01s
[2026-09-05T10:56:29.350-0400][553.005s][info][gc,start    ] GC(183) Pause Young (Normal) (G1 Evacuation Pause)
[2026-09-05T10:56:29.350-0400][553.005s][info][gc,task     ] GC(183) Using 23 workers of 23 for evacuation
[2026-09-05T10:56:29.363-0400][553.017s][info][gc,phases   ] GC(183)   Pre Evacuate Collection Set: 0.26ms
[2026-09-05T10:56:29.363-0400][553.017s][info][gc,phases   ] GC(183)   Merge Heap Roots: 0.25ms
[2026-09-05T10:56:29.363-0400][553.017s][info][gc,phases   ] GC(183)   Evacuate Collection Set: 11.07ms
[2026-09-05T10:56:29.363-0400][553.018s][info][gc,phases   ] GC(183)   Post Evacuate Collection Set: 0.79ms
[2026-09-05T10:56:29.363-0400][553.018s][info][gc,phases   ] GC(183)   Other: 0.18ms
[2026-09-05T10:56:29.363-0400][553.018s][info][gc,heap     ] GC(183) Eden regions: 560->0(542)
[2026-09-05T10:56:29.363-0400][553.018s][info][gc,heap     ] GC(183) Survivor regions: 48->54(76)
[2026-09-05T10:56:29.363-0400][553.018s][info][gc,heap     ] GC(183) Old regions: 569->575
[2026-09-05T10:56:29.363-0400][553.018s][info][gc,heap     ] GC(183) Archive regions: 0->0
[2026-09-05T10:56:29.363-0400][553.018s][info][gc,heap     ] GC(183) Humongous regions: 27->27
[2026-09-05T10:56:29.363-0400][553.018s][info][gc,metaspace] GC(183) Metaspace: 153855K(156544K)->153855K(156544K) NonClass: 131968K(133440K)->131968K(133440K) Class: 21887K(23104K)->21887K(23104K)
[2026-09-05T10:56:29.363-0400][553.018s][info][gc          ] GC(183) Pause Young (Normal) (G1 Evacuation Pause) 2406M->1310M(2784M) 12.688ms
[2026-09-05T10:56:29.363-0400][553.018s][info][gc,cpu      ] GC(183) User=0.34s Sys=0.02s Real=0.01s
[2026-09-05T10:56:29.530-0400][553.186s][info][gc,start    ] GC(184) Pause Young (Normal) (GCLocker Initiated GC)
[2026-09-05T10:56:29.530-0400][553.186s][info][gc,task     ] GC(184) Using 23 workers of 23 for evacuation
[2026-09-05T10:56:29.543-0400][553.199s][info][gc,phases   ] GC(184)   Pre Evacuate Collection Set: 0.17ms
[2026-09-05T10:56:29.543-0400][553.199s][info][gc,phases   ] GC(184)   Merge Heap Roots: 0.20ms
[2026-09-05T10:56:29.543-0400][553.199s][info][gc,phases   ] GC(184)   Evacuate Collection Set: 11.72ms
[2026-09-05T10:56:29.543-0400][553.199s][info][gc,phases   ] GC(184)   Post Evacuate Collection Set: 0.74ms
[2026-09-05T10:56:29.543-0400][553.199s][info][gc,phases   ] GC(184)   Other: 0.13ms
[2026-09-05T10:56:29.543-0400][553.199s][info][gc,heap     ] GC(184) Eden regions: 543->0(527)
[2026-09-05T10:56:29.543-0400][553.199s][info][gc,heap     ] GC(184) Survivor regions: 54->55(75)
[2026-09-05T10:56:29.543-0400][553.199s][info][gc,heap     ] GC(184) Old regions: 575->588
[2026-09-05T10:56:29.543-0400][553.199s][info][gc,heap     ] GC(184) Archive regions: 0->0
[2026-09-05T10:56:29.543-0400][553.199s][info][gc,heap     ] GC(184) Humongous regions: 27->27
[2026-09-05T10:56:29.543-0400][553.199s][info][gc,metaspace] GC(184) Metaspace: 153855K(156544K)->153855K(156544K) NonClass: 131968K(133440K)->131968K(133440K) Class: 21887K(23104K)->21887K(23104K)
[2026-09-05T10:56:29.543-0400][553.199s][info][gc          ] GC(184) Pause Young (Normal) (GCLocker Initiated GC) 2395M->1338M(2784M) 13.116ms
[2026-09-05T10:56:29.543-0400][553.199s][info][gc,cpu      ] GC(184) User=0.36s Sys=0.00s Real=0.01s
[2026-09-05T10:56:29.891-0400][553.546s][info][gc,start    ] GC(185) Pause Young (Normal) (G1 Evacuation Pause)
[2026-09-05T10:56:29.891-0400][553.546s][info][gc,task     ] GC(185) Using 23 workers of 23 for evacuation
[2026-09-05T10:56:29.905-0400][553.560s][info][gc,phases   ] GC(185)   Pre Evacuate Collection Set: 0.17ms
[2026-09-05T10:56:29.905-0400][553.560s][info][gc,phases   ] GC(185)   Merge Heap Roots: 0.23ms
[2026-09-05T10:56:29.905-0400][553.560s][info][gc,phases   ] GC(185)   Evacuate Collection Set: 12.11ms
[2026-09-05T10:56:29.905-0400][553.560s][info][gc,phases   ] GC(185)   Post Evacuate Collection Set: 0.95ms
[2026-09-05T10:56:29.905-0400][553.560s][info][gc,phases   ] GC(185)   Other: 0.13ms
[2026-09-05T10:56:29.905-0400][553.560s][info][gc,heap     ] GC(185) Eden regions: 527->0(522)
[2026-09-05T10:56:29.905-0400][553.560s][info][gc,heap     ] GC(185) Survivor regions: 55->42(73)
[2026-09-05T10:56:29.905-0400][553.560s][info][gc,heap     ] GC(185) Old regions: 588->609
[2026-09-05T10:56:29.905-0400][553.560s][info][gc,heap     ] GC(185) Archive regions: 0->0
[2026-09-05T10:56:29.905-0400][553.560s][info][gc,heap     ] GC(185) Humongous regions: 27->27
[2026-09-05T10:56:29.905-0400][553.560s][info][gc,metaspace] GC(185) Metaspace: 153856K(156544K)->153856K(156544K) NonClass: 131969K(133440K)->131969K(133440K) Class: 21887K(23104K)->21887K(23104K)
[2026-09-05T10:56:29.905-0400][553.560s][info][gc          ] GC(185) Pause Young (Normal) (G1 Evacuation Pause) 2392M->1354M(2784M) 13.751ms
[2026-09-05T10:56:29.905-0400][553.560s][info][gc,cpu      ] GC(185) User=0.33s Sys=0.02s Real=0.01s
[2026-09-05T10:56:30.061-0400][553.716s][info][gc,start    ] GC(186) Pause Young (Normal) (G1 Evacuation Pause)
[2026-09-05T10:56:30.061-0400][553.716s][info][gc,task     ] GC(186) Using 23 workers of 23 for evacuation
[2026-09-05T10:56:30.069-0400][553.724s][info][gc,phases   ] GC(186)   Pre Evacuate Collection Set: 0.16ms
[2026-09-05T10:56:30.069-0400][553.724s][info][gc,phases   ] GC(186)   Merge Heap Roots: 0.16ms
[2026-09-05T10:56:30.069-0400][553.725s][info][gc,phases   ] GC(186)   Evacuate Collection Set: 7.25ms
[2026-09-05T10:56:30.069-0400][553.725s][info][gc,phases   ] GC(186)   Post Evacuate Collection Set: 0.75ms
[2026-09-05T10:56:30.069-0400][553.725s][info][gc,phases   ] GC(186)   Other: 0.24ms
[2026-09-05T10:56:30.069-0400][553.725s][info][gc,heap     ] GC(186) Eden regions: 522->0(527)
[2026-09-05T10:56:30.069-0400][553.725s][info][gc,heap     ] GC(186) Survivor regions: 42->40(71)
[2026-09-05T10:56:30.069-0400][553.725s][info][gc,heap     ] GC(186) Old regions: 609->613
[2026-09-05T10:56:30.069-0400][553.725s][info][gc,heap     ] GC(186) Archive regions: 0->0
[2026-09-05T10:56:30.069-0400][553.725s][info][gc,heap     ] GC(186) Humongous regions: 27->27
[2026-09-05T10:56:30.069-0400][553.725s][info][gc,metaspace] GC(186) Metaspace: 153856K(156544K)->153856K(156544K) NonClass: 131969K(133440K)->131969K(133440K) Class: 21887K(23104K)->21887K(23104K)
[2026-09-05T10:56:30.069-0400][553.725s][info][gc          ] GC(186) Pause Young (Normal) (G1 Evacuation Pause) 2398M->1357M(2784M) 8.696ms
[2026-09-05T10:56:30.069-0400][553.725s][info][gc,cpu      ] GC(186) User=0.00s Sys=0.00s Real=0.01s
[2026-09-05T10:56:30.848-0400][554.503s][info][gc,start    ] GC(187) Pause Young (Normal) (G1 Evacuation Pause)
[2026-09-05T10:56:30.848-0400][554.503s][info][gc,task     ] GC(187) Using 23 workers of 23 for evacuation
[2026-09-05T10:56:30.852-0400][554.507s][info][gc,phases   ] GC(187)   Pre Evacuate Collection Set: 0.20ms
[2026-09-05T10:56:30.852-0400][554.507s][info][gc,phases   ] GC(187)   Merge Heap Roots: 0.19ms
[2026-09-05T10:56:30.852-0400][554.507s][info][gc,phases   ] GC(187)   Evacuate Collection Set: 3.02ms
[2026-09-05T10:56:30.852-0400][554.507s][info][gc,phases   ] GC(187)   Post Evacuate Collection Set: 0.57ms
[2026-09-05T10:56:30.852-0400][554.507s][info][gc,phases   ] GC(187)   Other: 0.12ms
[2026-09-05T10:56:30.852-0400][554.507s][info][gc,heap     ] GC(187) Eden regions: 527->0(555)
[2026-09-05T10:56:30.852-0400][554.507s][info][gc,heap     ] GC(187) Survivor regions: 40->16(71)
[2026-09-05T10:56:30.852-0400][554.507s][info][gc,heap     ] GC(187) Old regions: 613->613
[2026-09-05T10:56:30.852-0400][554.507s][info][gc,heap     ] GC(187) Archive regions: 0->0
[2026-09-05T10:56:30.852-0400][554.507s][info][gc,heap     ] GC(187) Humongous regions: 27->27
[2026-09-05T10:56:30.852-0400][554.507s][info][gc,metaspace] GC(187) Metaspace: 153856K(156544K)->153856K(156544K) NonClass: 131969K(133440K)->131969K(133440K) Class: 21887K(23104K)->21887K(23104K)
[2026-09-05T10:56:30.852-0400][554.507s][info][gc          ] GC(187) Pause Young (Normal) (G1 Evacuation Pause) 2411M->1310M(2784M) 4.240ms
[2026-09-05T10:56:30.852-0400][554.507s][info][gc,cpu      ] GC(187) User=0.00s Sys=0.00s Real=0.00s
[2026-09-05T10:56:31.299-0400][554.954s][info][gc,start    ] GC(188) Pause Young (Normal) (G1 Evacuation Pause)
[2026-09-05T10:56:31.299-0400][554.954s][info][gc,task     ] GC(188) Using 23 workers of 23 for evacuation
[2026-09-05T10:56:31.305-0400][554.960s][info][gc,phases   ] GC(188)   Pre Evacuate Collection Set: 0.25ms
[2026-09-05T10:56:31.305-0400][554.961s][info][gc,phases   ] GC(188)   Merge Heap Roots: 0.20ms
[2026-09-05T10:56:31.305-0400][554.961s][info][gc,phases   ] GC(188)   Evacuate Collection Set: 4.79ms
[2026-09-05T10:56:31.305-0400][554.961s][info][gc,phases   ] GC(188)   Post Evacuate Collection Set: 0.75ms
[2026-09-05T10:56:31.305-0400][554.961s][info][gc,phases   ] GC(188)   Other: 0.29ms
[2026-09-05T10:56:31.305-0400][554.961s][info][gc,heap     ] GC(188) Eden regions: 555->0(556)
[2026-09-05T10:56:31.305-0400][554.961s][info][gc,heap     ] GC(188) Survivor regions: 16->18(72)
[2026-09-05T10:56:31.305-0400][554.961s][info][gc,heap     ] GC(188) Old regions: 613->613
[2026-09-05T10:56:31.305-0400][554.961s][info][gc,heap     ] GC(188) Archive regions: 0->0
[2026-09-05T10:56:31.305-0400][554.961s][info][gc,heap     ] GC(188) Humongous regions: 27->27
[2026-09-05T10:56:31.305-0400][554.961s][info][gc,metaspace] GC(188) Metaspace: 153858K(156544K)->153858K(156544K) NonClass: 131970K(133440K)->131970K(133440K) Class: 21887K(23104K)->21887K(23104K)
[2026-09-05T10:56:31.305-0400][554.961s][info][gc          ] GC(188) Pause Young (Normal) (G1 Evacuation Pause) 2420M->1313M(2784M) 6.332ms
[2026-09-05T10:56:31.305-0400][554.961s][info][gc,cpu      ] GC(188) User=0.00s Sys=0.00s Real=0.01s
[2026-09-05T10:56:31.845-0400][555.500s][info][gc,start    ] GC(189) Pause Young (Normal) (G1 Evacuation Pause)
[2026-09-05T10:56:31.845-0400][555.500s][info][gc,task     ] GC(189) Using 23 workers of 23 for evacuation
[2026-09-05T10:56:31.850-0400][555.505s][info][gc,phases   ] GC(189)   Pre Evacuate Collection Set: 0.29ms
[2026-09-05T10:56:31.850-0400][555.505s][info][gc,phases   ] GC(189)   Merge Heap Roots: 0.23ms
[2026-09-05T10:56:31.850-0400][555.505s][info][gc,phases   ] GC(189)   Evacuate Collection Set: 3.32ms
[2026-09-05T10:56:31.850-0400][555.505s][info][gc,phases   ] GC(189)   Post Evacuate Collection Set: 0.82ms
[2026-09-05T10:56:31.850-0400][555.505s][info][gc,phases   ] GC(189)   Other: 0.26ms
[2026-09-05T10:56:31.850-0400][555.505s][info][gc,heap     ] GC(189) Eden regions: 556->0(559)
[2026-09-05T10:56:31.850-0400][555.505s][info][gc,heap     ] GC(189) Survivor regions: 18->19(72)
[2026-09-05T10:56:31.850-0400][555.505s][info][gc,heap     ] GC(189) Old regions: 613->613
[2026-09-05T10:56:31.850-0400][555.505s][info][gc,heap     ] GC(189) Archive regions: 0->0
[2026-09-05T10:56:31.850-0400][555.505s][info][gc,heap     ] GC(189) Humongous regions: 27->27
[2026-09-05T10:56:31.850-0400][555.505s][info][gc,metaspace] GC(189) Metaspace: 153859K(156544K)->153859K(156544K) NonClass: 131972K(133440K)->131972K(133440K) Class: 21887K(23104K)->21887K(23104K)
[2026-09-05T10:56:31.850-0400][555.505s][info][gc          ] GC(189) Pause Young (Normal) (G1 Evacuation Pause) 2425M->1316M(2784M) 5.045ms
[2026-09-05T10:56:31.850-0400][555.505s][info][gc,cpu      ] GC(189) User=0.00s Sys=0.00s Real=0.00s
[2026-09-05T10:56:32.276-0400][555.931s][info][gc,start    ] GC(190) Pause Young (Normal) (G1 Evacuation Pause)
[2026-09-05T10:56:32.276-0400][555.932s][info][gc,task     ] GC(190) Using 23 workers of 23 for evacuation
[2026-09-05T10:56:32.282-0400][555.936s][info][gc,phases   ] GC(190)   Pre Evacuate Collection Set: 0.22ms
[2026-09-05T10:56:32.282-0400][555.936s][info][gc,phases   ] GC(190)   Merge Heap Roots: 0.19ms
[2026-09-05T10:56:32.282-0400][555.936s][info][gc,phases   ] GC(190)   Evacuate Collection Set: 3.71ms
[2026-09-05T10:56:32.282-0400][555.936s][info][gc,phases   ] GC(190)   Post Evacuate Collection Set: 0.68ms
[2026-09-05T10:56:32.282-0400][555.936s][info][gc,phases   ] GC(190)   Other: 0.18ms
[2026-09-05T10:56:32.282-0400][555.937s][info][gc,heap     ] GC(190) Eden regions: 559->0(557)
[2026-09-05T10:56:32.282-0400][555.937s][info][gc,heap     ] GC(190) Survivor regions: 19->23(73)
[2026-09-05T10:56:32.282-0400][555.937s][info][gc,heap     ] GC(190) Old regions: 613->613
[2026-09-05T10:56:32.282-0400][555.937s][info][gc,heap     ] GC(190) Archive regions: 0->0
[2026-09-05T10:56:32.282-0400][555.937s][info][gc,heap     ] GC(190) Humongous regions: 27->27
[2026-09-05T10:56:32.282-0400][555.937s][info][gc,metaspace] GC(190) Metaspace: 153859K(156544K)->153859K(156544K) NonClass: 131972K(133440K)->131972K(133440K) Class: 21887K(23104K)->21887K(23104K)
[2026-09-05T10:56:32.282-0400][555.937s][info][gc          ] GC(190) Pause Young (Normal) (G1 Evacuation Pause) 2434M->1324M(2784M) 5.115ms
[2026-09-05T10:56:32.282-0400][555.937s][info][gc,cpu      ] GC(190) User=0.36s Sys=0.00s Real=0.01s
[2026-09-05T10:56:32.905-0400][556.561s][info][gc,start    ] GC(191) Pause Young (Normal) (GCLocker Initiated GC)
[2026-09-05T10:56:32.905-0400][556.561s][info][gc,task     ] GC(191) Using 23 workers of 23 for evacuation
[2026-09-05T10:56:32.911-0400][556.566s][info][gc,phases   ] GC(191)   Pre Evacuate Collection Set: 0.17ms
[2026-09-05T10:56:32.911-0400][556.566s][info][gc,phases   ] GC(191)   Merge Heap Roots: 0.20ms
[2026-09-05T10:56:32.911-0400][556.566s][info][gc,phases   ] GC(191)   Evacuate Collection Set: 4.15ms
[2026-09-05T10:56:32.911-0400][556.566s][info][gc,phases   ] GC(191)   Post Evacuate Collection Set: 0.95ms
[2026-09-05T10:56:32.911-0400][556.566s][info][gc,phases   ] GC(191)   Other: 0.13ms
[2026-09-05T10:56:32.911-0400][556.566s][info][gc,heap     ] GC(191) Eden regions: 558->0(554)
[2026-09-05T10:56:32.911-0400][556.566s][info][gc,heap     ] GC(191) Survivor regions: 23->28(73)
[2026-09-05T10:56:32.911-0400][556.566s][info][gc,heap     ] GC(191) Old regions: 613->613
[2026-09-05T10:56:32.911-0400][556.566s][info][gc,heap     ] GC(191) Archive regions: 0->0
[2026-09-05T10:56:32.911-0400][556.566s][info][gc,heap     ] GC(191) Humongous regions: 27->27
[2026-09-05T10:56:32.911-0400][556.566s][info][gc,metaspace] GC(191) Metaspace: 153860K(156544K)->153860K(156544K) NonClass: 131972K(133440K)->131972K(133440K) Class: 21887K(23104K)->21887K(23104K)
[2026-09-05T10:56:32.911-0400][556.566s][info][gc          ] GC(191) Pause Young (Normal) (GCLocker Initiated GC) 2439M->1333M(2784M) 5.713ms
[2026-09-05T10:56:32.911-0400][556.566s][info][gc,cpu      ] GC(191) User=0.00s Sys=0.00s Real=0.01s
[2026-09-05T10:56:33.360-0400][557.015s][info][gc,start    ] GC(192) Pause Young (Normal) (G1 Evacuation Pause)
[2026-09-05T10:56:33.360-0400][557.015s][info][gc,task     ] GC(192) Using 23 workers of 23 for evacuation
[2026-09-05T10:56:33.367-0400][557.022s][info][gc,phases   ] GC(192)   Pre Evacuate Collection Set: 0.16ms
[2026-09-05T10:56:33.367-0400][557.022s][info][gc,phases   ] GC(192)   Merge Heap Roots: 0.24ms
[2026-09-05T10:56:33.367-0400][557.022s][info][gc,phases   ] GC(192)   Evacuate Collection Set: 5.40ms
[2026-09-05T10:56:33.367-0400][557.022s][info][gc,phases   ] GC(192)   Post Evacuate Collection Set: 0.88ms
[2026-09-05T10:56:33.367-0400][557.022s][info][gc,phases   ] GC(192)   Other: 0.22ms
[2026-09-05T10:56:33.367-0400][557.022s][info][gc,heap     ] GC(192) Eden regions: 554->0(550)
[2026-09-05T10:56:33.367-0400][557.022s][info][gc,heap     ] GC(192) Survivor regions: 28->31(73)
[2026-09-05T10:56:33.367-0400][557.022s][info][gc,heap     ] GC(192) Old regions: 613->613
[2026-09-05T10:56:33.367-0400][557.022s][info][gc,heap     ] GC(192) Archive regions: 0->0
[2026-09-05T10:56:33.367-0400][557.022s][info][gc,heap     ] GC(192) Humongous regions: 27->27
[2026-09-05T10:56:33.367-0400][557.022s][info][gc,metaspace] GC(192) Metaspace: 153861K(156544K)->153861K(156544K) NonClass: 131974K(133440K)->131974K(133440K) Class: 21887K(23104K)->21887K(23104K)
[2026-09-05T10:56:33.367-0400][557.022s][info][gc          ] GC(192) Pause Young (Normal) (G1 Evacuation Pause) 2441M->1341M(2784M) 7.036ms
[2026-09-05T10:56:33.367-0400][557.022s][info][gc,cpu      ] GC(192) User=0.00s Sys=0.00s Real=0.01s
[2026-09-05T10:56:34.381-0400][558.036s][info][gc,start    ] GC(193) Pause Young (Normal) (G1 Evacuation Pause)
[2026-09-05T10:56:34.381-0400][558.036s][info][gc,task     ] GC(193) Using 23 workers of 23 for evacuation
[2026-09-05T10:56:34.386-0400][558.042s][info][gc,phases   ] GC(193)   Pre Evacuate Collection Set: 0.10ms
[2026-09-05T10:56:34.388-0400][558.042s][info][gc,phases   ] GC(193)   Merge Heap Roots: 0.19ms
[2026-09-05T10:56:34.388-0400][558.042s][info][gc,phases   ] GC(193)   Evacuate Collection Set: 5.16ms
[2026-09-05T10:56:34.388-0400][558.042s][info][gc,phases   ] GC(193)   Post Evacuate Collection Set: 0.62ms
[2026-09-05T10:56:34.388-0400][558.042s][info][gc,phases   ] GC(193)   Other: 0.16ms
[2026-09-05T10:56:34.388-0400][558.042s][info][gc,heap     ] GC(193) Eden regions: 550->0(543)
[2026-09-05T10:56:34.388-0400][558.042s][info][gc,heap     ] GC(193) Survivor regions: 31->34(73)
[2026-09-05T10:56:34.388-0400][558.042s][info][gc,heap     ] GC(193) Old regions: 613->613
[2026-09-05T10:56:34.388-0400][558.042s][info][gc,heap     ] GC(193) Archive regions: 0->0
[2026-09-05T10:56:34.388-0400][558.042s][info][gc,heap     ] GC(193) Humongous regions: 30->28
[2026-09-05T10:56:34.388-0400][558.042s][info][gc,metaspace] GC(193) Metaspace: 153862K(156544K)->153862K(156544K) NonClass: 131975K(133440K)->131975K(133440K) Class: 21887K(23104K)->21887K(23104K)
[2026-09-05T10:56:34.388-0400][558.042s][info][gc          ] GC(193) Pause Young (Normal) (G1 Evacuation Pause) 2447M->1349M(2784M) 6.386ms
[2026-09-05T10:56:34.388-0400][558.042s][info][gc,cpu      ] GC(193) User=0.02s Sys=0.00s Real=0.01s
[2026-09-05T10:56:35.071-0400][558.726s][info][gc,start    ] GC(194) Pause Young (Normal) (G1 Evacuation Pause)
[2026-09-05T10:56:35.071-0400][558.726s][info][gc,task     ] GC(194) Using 23 workers of 23 for evacuation
[2026-09-05T10:56:35.078-0400][558.733s][info][gc,phases   ] GC(194)   Pre Evacuate Collection Set: 0.20ms
[2026-09-05T10:56:35.078-0400][558.733s][info][gc,phases   ] GC(194)   Merge Heap Roots: 0.22ms
[2026-09-05T10:56:35.078-0400][558.733s][info][gc,phases   ] GC(194)   Evacuate Collection Set: 4.86ms
[2026-09-05T10:56:35.078-0400][558.733s][info][gc,phases   ] GC(194)   Post Evacuate Collection Set: 0.92ms
[2026-09-05T10:56:35.078-0400][558.733s][info][gc,phases   ] GC(194)   Other: 0.15ms
[2026-09-05T10:56:35.078-0400][558.733s][info][gc,heap     ] GC(194) Eden regions: 543->0(536)
[2026-09-05T10:56:35.078-0400][558.733s][info][gc,heap     ] GC(194) Survivor regions: 34->37(73)
[2026-09-05T10:56:35.078-0400][558.733s][info][gc,heap     ] GC(194) Old regions: 613->613
[2026-09-05T10:56:35.078-0400][558.733s][info][gc,heap     ] GC(194) Archive regions: 0->0
[2026-09-05T10:56:35.078-0400][558.733s][info][gc,heap     ] GC(194) Humongous regions: 32->29
[2026-09-05T10:56:35.078-0400][558.733s][info][gc,metaspace] GC(194) Metaspace: 153863K(156544K)->153863K(156544K) NonClass: 131976K(133440K)->131976K(133440K) Class: 21887K(23104K)->21887K(23104K)
[2026-09-05T10:56:35.078-0400][558.733s][info][gc          ] GC(194) Pause Young (Normal) (G1 Evacuation Pause) 2443M->1357M(2784M) 6.494ms
[2026-09-05T10:56:35.078-0400][558.733s][info][gc,cpu      ] GC(194) User=0.36s Sys=0.00s Real=0.01s
[2026-09-05T10:56:36.106-0400][559.762s][info][gc,start    ] GC(195) Pause Young (Normal) (G1 Evacuation Pause)
[2026-09-05T10:56:36.106-0400][559.762s][info][gc,task     ] GC(195) Using 23 workers of 23 for evacuation
[2026-09-05T10:56:36.113-0400][559.768s][info][gc,phases   ] GC(195)   Pre Evacuate Collection Set: 0.20ms
[2026-09-05T10:56:36.113-0400][559.768s][info][gc,phases   ] GC(195)   Merge Heap Roots: 0.16ms
[2026-09-05T10:56:36.113-0400][559.768s][info][gc,phases   ] GC(195)   Evacuate Collection Set: 4.86ms
[2026-09-05T10:56:36.113-0400][559.768s][info][gc,phases   ] GC(195)   Post Evacuate Collection Set: 0.81ms
[2026-09-05T10:56:36.113-0400][559.768s][info][gc,phases   ] GC(195)   Other: 0.15ms
[2026-09-05T10:56:36.113-0400][559.768s][info][gc,heap     ] GC(195) Eden regions: 536->0(534)
[2026-09-05T10:56:36.113-0400][559.768s][info][gc,heap     ] GC(195) Survivor regions: 37->38(72)
[2026-09-05T10:56:36.113-0400][559.768s][info][gc,heap     ] GC(195) Old regions: 613->613
[2026-09-05T10:56:36.113-0400][559.768s][info][gc,heap     ] GC(195) Archive regions: 0->0
[2026-09-05T10:56:36.113-0400][559.768s][info][gc,heap     ] GC(195) Humongous regions: 29->29
[2026-09-05T10:56:36.113-0400][559.768s][info][gc,metaspace] GC(195) Metaspace: 153866K(156544K)->153866K(156544K) NonClass: 131979K(133440K)->131979K(133440K) Class: 21887K(23104K)->21887K(23104K)
[2026-09-05T10:56:36.113-0400][559.768s][info][gc          ] GC(195) Pause Young (Normal) (G1 Evacuation Pause) 2429M->1358M(2784M) 6.303ms
[2026-09-05T10:56:36.113-0400][559.768s][info][gc,cpu      ] GC(195) User=0.00s Sys=0.00s Real=0.01s
[2026-09-05T10:56:37.130-0400][560.785s][info][gc,start    ] GC(196) Pause Young (Normal) (G1 Evacuation Pause)
[2026-09-05T10:56:37.130-0400][560.785s][info][gc,task     ] GC(196) Using 23 workers of 23 for evacuation
[2026-09-05T10:56:37.135-0400][560.791s][info][gc,phases   ] GC(196)   Pre Evacuate Collection Set: 0.23ms
[2026-09-05T10:56:37.135-0400][560.791s][info][gc,phases   ] GC(196)   Merge Heap Roots: 0.20ms
[2026-09-05T10:56:37.135-0400][560.791s][info][gc,phases   ] GC(196)   Evacuate Collection Set: 4.75ms
[2026-09-05T10:56:37.135-0400][560.791s][info][gc,phases   ] GC(196)   Post Evacuate Collection Set: 0.60ms
[2026-09-05T10:56:37.135-0400][560.791s][info][gc,phases   ] GC(196)   Other: 0.16ms
[2026-09-05T10:56:37.135-0400][560.791s][info][gc,heap     ] GC(196) Eden regions: 534->0(536)
[2026-09-05T10:56:37.135-0400][560.791s][info][gc,heap     ] GC(196) Survivor regions: 38->37(72)
[2026-09-05T10:56:37.135-0400][560.791s][info][gc,heap     ] GC(196) Old regions: 613->613
[2026-09-05T10:56:37.135-0400][560.791s][info][gc,heap     ] GC(196) Archive regions: 0->0
[2026-09-05T10:56:37.135-0400][560.791s][info][gc,heap     ] GC(196) Humongous regions: 29->29
[2026-09-05T10:56:37.135-0400][560.791s][info][gc,metaspace] GC(196) Metaspace: 153868K(156544K)->153868K(156544K) NonClass: 131981K(133440K)->131981K(133440K) Class: 21887K(23104K)->21887K(23104K)
[2026-09-05T10:56:37.136-0400][560.791s][info][gc          ] GC(196) Pause Young (Normal) (G1 Evacuation Pause) 2426M->1357M(2784M) 6.073ms
[2026-09-05T10:56:37.136-0400][560.791s][info][gc,cpu      ] GC(196) User=0.00s Sys=0.00s Real=0.01s
[2026-09-05T10:56:38.212-0400][561.867s][info][gc,start    ] GC(197) Pause Young (Normal) (G1 Evacuation Pause)
[2026-09-05T10:56:38.213-0400][561.868s][info][gc,task     ] GC(197) Using 23 workers of 23 for evacuation
[2026-09-05T10:56:38.219-0400][561.874s][info][gc,phases   ] GC(197)   Pre Evacuate Collection Set: 0.21ms
[2026-09-05T10:56:38.219-0400][561.874s][info][gc,phases   ] GC(197)   Merge Heap Roots: 0.18ms
[2026-09-05T10:56:38.219-0400][561.874s][info][gc,phases   ] GC(197)   Evacuate Collection Set: 4.87ms
[2026-09-05T10:56:38.219-0400][561.874s][info][gc,phases   ] GC(197)   Post Evacuate Collection Set: 0.67ms
[2026-09-05T10:56:38.219-0400][561.874s][info][gc,phases   ] GC(197)   Other: 0.16ms
[2026-09-05T10:56:38.219-0400][561.874s][info][gc,heap     ] GC(197) Eden regions: 536->0(534)
[2026-09-05T10:56:38.219-0400][561.874s][info][gc,heap     ] GC(197) Survivor regions: 37->38(72)
[2026-09-05T10:56:38.219-0400][561.874s][info][gc,heap     ] GC(197) Old regions: 613->613
[2026-09-05T10:56:38.219-0400][561.874s][info][gc,heap     ] GC(197) Archive regions: 0->0
[2026-09-05T10:56:38.219-0400][561.874s][info][gc,heap     ] GC(197) Humongous regions: 29->29
[2026-09-05T10:56:38.219-0400][561.874s][info][gc,metaspace] GC(197) Metaspace: 153868K(156544K)->153868K(156544K) NonClass: 131981K(133440K)->131981K(133440K) Class: 21887K(23104K)->21887K(23104K)
[2026-09-05T10:56:38.219-0400][561.874s][info][gc          ] GC(197) Pause Young (Normal) (G1 Evacuation Pause) 2429M->1358M(2784M) 6.227ms
[2026-09-05T10:56:38.219-0400][561.874s][info][gc,cpu      ] GC(197) User=0.38s Sys=0.02s Real=0.01s
[2026-09-05T10:56:39.277-0400][562.932s][info][gc,start    ] GC(198) Pause Young (Normal) (G1 Evacuation Pause)
[2026-09-05T10:56:39.277-0400][562.932s][info][gc,task     ] GC(198) Using 23 workers of 23 for evacuation
[2026-09-05T10:56:39.284-0400][562.939s][info][gc,phases   ] GC(198)   Pre Evacuate Collection Set: 0.39ms
[2026-09-05T10:56:39.284-0400][562.939s][info][gc,phases   ] GC(198)   Merge Heap Roots: 0.27ms
[2026-09-05T10:56:39.284-0400][562.939s][info][gc,phases   ] GC(198)   Evacuate Collection Set: 4.81ms
[2026-09-05T10:56:39.284-0400][562.939s][info][gc,phases   ] GC(198)   Post Evacuate Collection Set: 0.71ms
[2026-09-05T10:56:39.284-0400][562.939s][info][gc,phases   ] GC(198)   Other: 0.32ms
[2026-09-05T10:56:39.284-0400][562.939s][info][gc,heap     ] GC(198) Eden regions: 534->0(534)
[2026-09-05T10:56:39.284-0400][562.939s][info][gc,heap     ] GC(198) Survivor regions: 38->38(72)
[2026-09-05T10:56:39.284-0400][562.939s][info][gc,heap     ] GC(198) Old regions: 613->613
[2026-09-05T10:56:39.284-0400][562.939s][info][gc,heap     ] GC(198) Archive regions: 0->0
[2026-09-05T10:56:39.284-0400][562.939s][info][gc,heap     ] GC(198) Humongous regions: 29->29
[2026-09-05T10:56:39.284-0400][562.939s][info][gc,metaspace] GC(198) Metaspace: 153874K(156544K)->153874K(156544K) NonClass: 131986K(133440K)->131986K(133440K) Class: 21887K(23104K)->21887K(23104K)
[2026-09-05T10:56:39.284-0400][562.939s][info][gc          ] GC(198) Pause Young (Normal) (G1 Evacuation Pause) 2426M->1357M(2784M) 6.558ms
[2026-09-05T10:56:39.284-0400][562.939s][info][gc,cpu      ] GC(198) User=0.03s Sys=0.00s Real=0.01s
[2026-09-05T10:56:40.313-0400][563.968s][info][gc,start    ] GC(199) Pause Young (Normal) (G1 Evacuation Pause)
[2026-09-05T10:56:40.313-0400][563.968s][info][gc,task     ] GC(199) Using 23 workers of 23 for evacuation
[2026-09-05T10:56:40.319-0400][563.974s][info][gc,phases   ] GC(199)   Pre Evacuate Collection Set: 0.28ms
[2026-09-05T10:56:40.319-0400][563.974s][info][gc,phases   ] GC(199)   Merge Heap Roots: 0.20ms
[2026-09-05T10:56:40.319-0400][563.974s][info][gc,phases   ] GC(199)   Evacuate Collection Set: 4.90ms
[2026-09-05T10:56:40.319-0400][563.974s][info][gc,phases   ] GC(199)   Post Evacuate Collection Set: 0.78ms
[2026-09-05T10:56:40.319-0400][563.974s][info][gc,phases   ] GC(199)   Other: 0.14ms
[2026-09-05T10:56:40.319-0400][563.974s][info][gc,heap     ] GC(199) Eden regions: 534->0(535)
[2026-09-05T10:56:40.319-0400][563.974s][info][gc,heap     ] GC(199) Survivor regions: 38->37(72)
[2026-09-05T10:56:40.319-0400][563.974s][info][gc,heap     ] GC(199) Old regions: 613->614
[2026-09-05T10:56:40.319-0400][563.974s][info][gc,heap     ] GC(199) Archive regions: 0->0
[2026-09-05T10:56:40.319-0400][563.974s][info][gc,heap     ] GC(199) Humongous regions: 29->29
[2026-09-05T10:56:40.319-0400][563.974s][info][gc,metaspace] GC(199) Metaspace: 153874K(156544K)->153874K(156544K) NonClass: 131986K(133440K)->131986K(133440K) Class: 21887K(23104K)->21887K(23104K)
[2026-09-05T10:56:40.319-0400][563.974s][info][gc          ] GC(199) Pause Young (Normal) (G1 Evacuation Pause) 2425M->1358M(2784M) 6.480ms
[2026-09-05T10:56:40.319-0400][563.974s][info][gc,cpu      ] GC(199) User=0.00s Sys=0.00s Real=0.01s
[2026-09-05T10:56:41.365-0400][565.021s][info][gc,start    ] GC(200) Pause Young (Normal) (G1 Evacuation Pause)
[2026-09-05T10:56:41.365-0400][565.021s][info][gc,task     ] GC(200) Using 23 workers of 23 for evacuation
[2026-09-05T10:56:41.371-0400][565.026s][info][gc,phases   ] GC(200)   Pre Evacuate Collection Set: 0.19ms
[2026-09-05T10:56:41.371-0400][565.026s][info][gc,phases   ] GC(200)   Merge Heap Roots: 0.20ms
[2026-09-05T10:56:41.371-0400][565.026s][info][gc,phases   ] GC(200)   Evacuate Collection Set: 4.42ms
[2026-09-05T10:56:41.371-0400][565.026s][info][gc,phases   ] GC(200)   Post Evacuate Collection Set: 0.62ms
[2026-09-05T10:56:41.371-0400][565.026s][info][gc,phases   ] GC(200)   Other: 0.13ms
[2026-09-05T10:56:41.371-0400][565.026s][info][gc,heap     ] GC(200) Eden regions: 535->0(534)
[2026-09-05T10:56:41.371-0400][565.026s][info][gc,heap     ] GC(200) Survivor regions: 37->37(72)
[2026-09-05T10:56:41.371-0400][565.026s][info][gc,heap     ] GC(200) Old regions: 614->615
[2026-09-05T10:56:41.371-0400][565.026s][info][gc,heap     ] GC(200) Archive regions: 0->0
[2026-09-05T10:56:41.371-0400][565.026s][info][gc,heap     ] GC(200) Humongous regions: 29->29
[2026-09-05T10:56:41.371-0400][565.026s][info][gc,metaspace] GC(200) Metaspace: 153874K(156544K)->153874K(156544K) NonClass: 131987K(133440K)->131987K(133440K) Class: 21887K(23104K)->21887K(23104K)
[2026-09-05T10:56:41.371-0400][565.026s][info][gc          ] GC(200) Pause Young (Normal) (G1 Evacuation Pause) 2428M->1359M(2784M) 5.674ms
[2026-09-05T10:56:41.371-0400][565.026s][info][gc,cpu      ] GC(200) User=0.00s Sys=0.00s Real=0.01s
[2026-09-05T10:56:42.430-0400][566.086s][info][gc,start    ] GC(201) Pause Young (Normal) (G1 Evacuation Pause)
[2026-09-05T10:56:42.430-0400][566.086s][info][gc,task     ] GC(201) Using 23 workers of 23 for evacuation
[2026-09-05T10:56:42.436-0400][566.092s][info][gc,phases   ] GC(201)   Pre Evacuate Collection Set: 0.18ms
[2026-09-05T10:56:42.436-0400][566.092s][info][gc,phases   ] GC(201)   Merge Heap Roots: 0.21ms
[2026-09-05T10:56:42.436-0400][566.092s][info][gc,phases   ] GC(201)   Evacuate Collection Set: 4.49ms
[2026-09-05T10:56:42.436-0400][566.092s][info][gc,phases   ] GC(201)   Post Evacuate Collection Set: 0.61ms
[2026-09-05T10:56:42.436-0400][566.092s][info][gc,phases   ] GC(201)   Other: 0.16ms
[2026-09-05T10:56:42.436-0400][566.092s][info][gc,heap     ] GC(201) Eden regions: 534->0(541)
[2026-09-05T10:56:42.436-0400][566.092s][info][gc,heap     ] GC(201) Survivor regions: 37->32(72)
[2026-09-05T10:56:42.436-0400][566.092s][info][gc,heap     ] GC(201) Old regions: 615->618
[2026-09-05T10:56:42.436-0400][566.092s][info][gc,heap     ] GC(201) Archive regions: 0->0
[2026-09-05T10:56:42.436-0400][566.092s][info][gc,heap     ] GC(201) Humongous regions: 29->29
[2026-09-05T10:56:42.436-0400][566.092s][info][gc,metaspace] GC(201) Metaspace: 153874K(156544K)->153874K(156544K) NonClass: 131987K(133440K)->131987K(133440K) Class: 21887K(23104K)->21887K(23104K)
[2026-09-05T10:56:42.436-0400][566.092s][info][gc          ] GC(201) Pause Young (Normal) (G1 Evacuation Pause) 2427M->1357M(2784M) 5.846ms
[2026-09-05T10:56:42.436-0400][566.092s][info][gc,cpu      ] GC(201) User=0.34s Sys=0.00s Real=0.01s
[2026-09-05T10:56:43.477-0400][567.132s][info][gc,start    ] GC(202) Pause Young (Normal) (G1 Evacuation Pause)
[2026-09-05T10:56:43.477-0400][567.132s][info][gc,task     ] GC(202) Using 23 workers of 23 for evacuation
[2026-09-05T10:56:43.483-0400][567.138s][info][gc,phases   ] GC(202)   Pre Evacuate Collection Set: 0.22ms
[2026-09-05T10:56:43.483-0400][567.138s][info][gc,phases   ] GC(202)   Merge Heap Roots: 0.16ms
[2026-09-05T10:56:43.483-0400][567.138s][info][gc,phases   ] GC(202)   Evacuate Collection Set: 3.95ms
[2026-09-05T10:56:43.483-0400][567.138s][info][gc,phases   ] GC(202)   Post Evacuate Collection Set: 0.81ms
[2026-09-05T10:56:43.483-0400][567.138s][info][gc,phases   ] GC(202)   Other: 0.15ms
[2026-09-05T10:56:43.483-0400][567.138s][info][gc,heap     ] GC(202) Eden regions: 541->0(542)
[2026-09-05T10:56:43.483-0400][567.138s][info][gc,heap     ] GC(202) Survivor regions: 32->30(72)
[2026-09-05T10:56:43.483-0400][567.138s][info][gc,heap     ] GC(202) Old regions: 618->621
[2026-09-05T10:56:43.483-0400][567.138s][info][gc,heap     ] GC(202) Archive regions: 0->0
[2026-09-05T10:56:43.483-0400][567.138s][info][gc,heap     ] GC(202) Humongous regions: 29->29
[2026-09-05T10:56:43.483-0400][567.138s][info][gc,metaspace] GC(202) Metaspace: 153874K(156544K)->153874K(156544K) NonClass: 131987K(133440K)->131987K(133440K) Class: 21887K(23104K)->21887K(23104K)
[2026-09-05T10:56:43.483-0400][567.138s][info][gc          ] GC(202) Pause Young (Normal) (G1 Evacuation Pause) 2439M->1359M(2784M) 5.410ms
[2026-09-05T10:56:43.483-0400][567.138s][info][gc,cpu      ] GC(202) User=0.34s Sys=0.03s Real=0.01s
[2026-09-05T10:56:44.584-0400][568.240s][info][gc,start    ] GC(203) Pause Young (Normal) (G1 Evacuation Pause)
[2026-09-05T10:56:44.584-0400][568.240s][info][gc,task     ] GC(203) Using 23 workers of 23 for evacuation
[2026-09-05T10:56:44.590-0400][568.245s][info][gc,phases   ] GC(203)   Pre Evacuate Collection Set: 0.20ms
[2026-09-05T10:56:44.590-0400][568.245s][info][gc,phases   ] GC(203)   Merge Heap Roots: 0.17ms
[2026-09-05T10:56:44.590-0400][568.245s][info][gc,phases   ] GC(203)   Evacuate Collection Set: 3.83ms
[2026-09-05T10:56:44.590-0400][568.245s][info][gc,phases   ] GC(203)   Post Evacuate Collection Set: 0.85ms
[2026-09-05T10:56:44.590-0400][568.245s][info][gc,phases   ] GC(203)   Other: 0.14ms
[2026-09-05T10:56:44.590-0400][568.245s][info][gc,heap     ] GC(203) Eden regions: 542->0(547)
[2026-09-05T10:56:44.590-0400][568.245s][info][gc,heap     ] GC(203) Survivor regions: 30->25(72)
[2026-09-05T10:56:44.590-0400][568.245s][info][gc,heap     ] GC(203) Old regions: 621->626
[2026-09-05T10:56:44.590-0400][568.245s][info][gc,heap     ] GC(203) Archive regions: 0->0
[2026-09-05T10:56:44.590-0400][568.245s][info][gc,heap     ] GC(203) Humongous regions: 29->29
[2026-09-05T10:56:44.590-0400][568.245s][info][gc,metaspace] GC(203) Metaspace: 153874K(156544K)->153874K(156544K) NonClass: 131987K(133440K)->131987K(133440K) Class: 21887K(23104K)->21887K(23104K)
[2026-09-05T10:56:44.590-0400][568.245s][info][gc          ] GC(203) Pause Young (Normal) (G1 Evacuation Pause) 2443M->1358M(2784M) 5.312ms
[2026-09-05T10:56:44.590-0400][568.245s][info][gc,cpu      ] GC(203) User=0.05s Sys=0.00s Real=0.01s
[2026-09-05T10:56:45.099-0400][568.754s][info][gc,start    ] GC(204) Pause Young (Normal) (G1 Evacuation Pause)
[2026-09-05T10:56:45.099-0400][568.754s][info][gc,task     ] GC(204) Using 23 workers of 23 for evacuation
[2026-09-05T10:56:45.106-0400][568.760s][info][gc,phases   ] GC(204)   Pre Evacuate Collection Set: 0.22ms
[2026-09-05T10:56:45.106-0400][568.760s][info][gc,phases   ] GC(204)   Merge Heap Roots: 0.17ms
[2026-09-05T10:56:45.106-0400][568.760s][info][gc,phases   ] GC(204)   Evacuate Collection Set: 5.19ms
[2026-09-05T10:56:45.106-0400][568.760s][info][gc,phases   ] GC(204)   Post Evacuate Collection Set: 0.63ms
[2026-09-05T10:56:45.106-0400][568.760s][info][gc,phases   ] GC(204)   Other: 0.18ms
[2026-09-05T10:56:45.106-0400][568.760s][info][gc,heap     ] GC(204) Eden regions: 547->0(538)
[2026-09-05T10:56:45.106-0400][568.761s][info][gc,heap     ] GC(204) Survivor regions: 25->28(72)
[2026-09-05T10:56:45.106-0400][568.761s][info][gc,heap     ] GC(204) Old regions: 626->629
[2026-09-05T10:56:45.106-0400][568.761s][info][gc,heap     ] GC(204) Archive regions: 0->0
[2026-09-05T10:56:45.106-0400][568.761s][info][gc,heap     ] GC(204) Humongous regions: 29->29
[2026-09-05T10:56:45.106-0400][568.761s][info][gc,metaspace] GC(204) Metaspace: 153874K(156544K)->153874K(156544K) NonClass: 131987K(133440K)->131987K(133440K) Class: 21887K(23104K)->21887K(23104K)
[2026-09-05T10:56:45.106-0400][568.761s][info][gc          ] GC(204) Pause Young (Normal) (G1 Evacuation Pause) 2452M->1369M(2784M) 6.562ms
[2026-09-05T10:56:45.106-0400][568.761s][info][gc,cpu      ] GC(204) User=0.00s Sys=0.00s Real=0.01s
[2026-09-05T10:56:45.598-0400][569.253s][info][gc,start    ] GC(205) Pause Young (Normal) (G1 Evacuation Pause)
[2026-09-05T10:56:45.598-0400][569.253s][info][gc,task     ] GC(205) Using 23 workers of 23 for evacuation
[2026-09-05T10:56:45.603-0400][569.259s][info][gc,phases   ] GC(205)   Pre Evacuate Collection Set: 0.25ms
[2026-09-05T10:56:45.603-0400][569.259s][info][gc,phases   ] GC(205)   Merge Heap Roots: 0.21ms
[2026-09-05T10:56:45.603-0400][569.259s][info][gc,phases   ] GC(205)   Evacuate Collection Set: 4.36ms
[2026-09-05T10:56:45.603-0400][569.259s][info][gc,phases   ] GC(205)   Post Evacuate Collection Set: 0.63ms
[2026-09-05T10:56:45.603-0400][569.259s][info][gc,phases   ] GC(205)   Other: 0.25ms
[2026-09-05T10:56:45.603-0400][569.259s][info][gc,heap     ] GC(205) Eden regions: 538->0(541)
[2026-09-05T10:56:45.603-0400][569.259s][info][gc,heap     ] GC(205) Survivor regions: 28->25(71)
[2026-09-05T10:56:45.603-0400][569.259s][info][gc,heap     ] GC(205) Old regions: 629->632
[2026-09-05T10:56:45.604-0400][569.259s][info][gc,heap     ] GC(205) Archive regions: 0->0
[2026-09-05T10:56:45.604-0400][569.259s][info][gc,heap     ] GC(205) Humongous regions: 29->29
[2026-09-05T10:56:45.604-0400][569.259s][info][gc,metaspace] GC(205) Metaspace: 153875K(156544K)->153875K(156544K) NonClass: 131988K(133440K)->131988K(133440K) Class: 21887K(23104K)->21887K(23104K)
[2026-09-05T10:56:45.604-0400][569.259s][info][gc          ] GC(205) Pause Young (Normal) (G1 Evacuation Pause) 2445M->1371M(2784M) 5.852ms
[2026-09-05T10:56:45.604-0400][569.259s][info][gc,cpu      ] GC(205) User=0.00s Sys=0.00s Real=0.01s
[2026-09-05T10:56:46.275-0400][569.930s][info][gc,start    ] GC(206) Pause Young (Normal) (G1 Evacuation Pause)
[2026-09-05T10:56:46.275-0400][569.930s][info][gc,task     ] GC(206) Using 23 workers of 23 for evacuation
[2026-09-05T10:56:46.279-0400][569.934s][info][gc,phases   ] GC(206)   Pre Evacuate Collection Set: 0.20ms
[2026-09-05T10:56:46.279-0400][569.934s][info][gc,phases   ] GC(206)   Merge Heap Roots: 0.16ms
[2026-09-05T10:56:46.279-0400][569.934s][info][gc,phases   ] GC(206)   Evacuate Collection Set: 3.60ms
[2026-09-05T10:56:46.279-0400][569.934s][info][gc,phases   ] GC(206)   Post Evacuate Collection Set: 0.68ms
[2026-09-05T10:56:46.279-0400][569.934s][info][gc,phases   ] GC(206)   Other: 0.13ms
[2026-09-05T10:56:46.279-0400][569.934s][info][gc,heap     ] GC(206) Eden regions: 541->0(541)
[2026-09-05T10:56:46.279-0400][569.934s][info][gc,heap     ] GC(206) Survivor regions: 25->23(71)
[2026-09-05T10:56:46.279-0400][569.934s][info][gc,heap     ] GC(206) Old regions: 632->636
[2026-09-05T10:56:46.279-0400][569.934s][info][gc,heap     ] GC(206) Archive regions: 0->0
[2026-09-05T10:56:46.279-0400][569.935s][info][gc,heap     ] GC(206) Humongous regions: 29->29
[2026-09-05T10:56:46.279-0400][569.935s][info][gc,metaspace] GC(206) Metaspace: 153876K(156544K)->153876K(156544K) NonClass: 131989K(133440K)->131989K(133440K) Class: 21887K(23104K)->21887K(23104K)
[2026-09-05T10:56:46.279-0400][569.935s][info][gc          ] GC(206) Pause Young (Normal) (G1 Evacuation Pause) 2453M->1375M(2784M) 4.871ms
[2026-09-05T10:56:46.279-0400][569.935s][info][gc,cpu      ] GC(206) User=0.36s Sys=0.02s Real=0.00s
[2026-09-05T10:56:46.842-0400][570.497s][info][gc,start    ] GC(207) Pause Young (Normal) (G1 Evacuation Pause)
[2026-09-05T10:56:46.842-0400][570.497s][info][gc,task     ] GC(207) Using 23 workers of 23 for evacuation
[2026-09-05T10:56:46.849-0400][570.503s][info][gc,phases   ] GC(207)   Pre Evacuate Collection Set: 0.26ms
[2026-09-05T10:56:46.849-0400][570.503s][info][gc,phases   ] GC(207)   Merge Heap Roots: 0.19ms
[2026-09-05T10:56:46.849-0400][570.503s][info][gc,phases   ] GC(207)   Evacuate Collection Set: 4.90ms
[2026-09-05T10:56:46.849-0400][570.503s][info][gc,phases   ] GC(207)   Post Evacuate Collection Set: 0.71ms
[2026-09-05T10:56:46.849-0400][570.503s][info][gc,phases   ] GC(207)   Other: 0.26ms
[2026-09-05T10:56:46.849-0400][570.503s][info][gc,heap     ] GC(207) Eden regions: 541->0(533)
[2026-09-05T10:56:46.849-0400][570.503s][info][gc,heap     ] GC(207) Survivor regions: 23->25(71)
[2026-09-05T10:56:46.849-0400][570.503s][info][gc,heap     ] GC(207) Old regions: 636->640
[2026-09-05T10:56:46.849-0400][570.503s][info][gc,heap     ] GC(207) Archive regions: 0->0
[2026-09-05T10:56:46.849-0400][570.503s][info][gc,heap     ] GC(207) Humongous regions: 29->29
[2026-09-05T10:56:46.849-0400][570.503s][info][gc,metaspace] GC(207) Metaspace: 153882K(156544K)->153882K(156544K) NonClass: 131995K(133440K)->131995K(133440K) Class: 21887K(23104K)->21887K(23104K)
[2026-09-05T10:56:46.849-0400][570.503s][info][gc          ] GC(207) Pause Young (Normal) (G1 Evacuation Pause) 2457M->1388M(2784M) 6.445ms
[2026-09-05T10:56:46.849-0400][570.504s][info][gc,cpu      ] GC(207) User=0.00s Sys=0.00s Real=0.01s
[2026-09-05T10:56:47.322-0400][570.977s][info][gc,start    ] GC(208) Pause Young (Normal) (G1 Evacuation Pause)
[2026-09-05T10:56:47.322-0400][570.977s][info][gc,task     ] GC(208) Using 23 workers of 23 for evacuation
[2026-09-05T10:56:47.327-0400][570.981s][info][gc,phases   ] GC(208)   Pre Evacuate Collection Set: 0.22ms
[2026-09-05T10:56:47.327-0400][570.982s][info][gc,phases   ] GC(208)   Merge Heap Roots: 0.18ms
[2026-09-05T10:56:47.327-0400][570.982s][info][gc,phases   ] GC(208)   Evacuate Collection Set: 3.35ms
[2026-09-05T10:56:47.327-0400][570.982s][info][gc,phases   ] GC(208)   Post Evacuate Collection Set: 0.58ms
[2026-09-05T10:56:47.327-0400][570.982s][info][gc,phases   ] GC(208)   Other: 0.14ms
[2026-09-05T10:56:47.327-0400][570.982s][info][gc,heap     ] GC(208) Eden regions: 533->0(533)
[2026-09-05T10:56:47.327-0400][570.982s][info][gc,heap     ] GC(208) Survivor regions: 25->23(70)
[2026-09-05T10:56:47.327-0400][570.982s][info][gc,heap     ] GC(208) Old regions: 640->644
[2026-09-05T10:56:47.327-0400][570.982s][info][gc,heap     ] GC(208) Archive regions: 0->0
[2026-09-05T10:56:47.327-0400][570.982s][info][gc,heap     ] GC(208) Humongous regions: 29->29
[2026-09-05T10:56:47.327-0400][570.982s][info][gc,metaspace] GC(208) Metaspace: 153882K(156544K)->153882K(156544K) NonClass: 131995K(133440K)->131995K(133440K) Class: 21887K(23104K)->21887K(23104K)
[2026-09-05T10:56:47.327-0400][570.982s][info][gc          ] GC(208) Pause Young (Normal) (G1 Evacuation Pause) 2454M->1390M(2784M) 4.612ms
[2026-09-05T10:56:47.327-0400][570.982s][info][gc,cpu      ] GC(208) User=0.33s Sys=0.05s Real=0.00s
[2026-09-05T10:56:47.826-0400][571.482s][info][gc,start    ] GC(209) Pause Young (Normal) (G1 Evacuation Pause)
[2026-09-05T10:56:47.826-0400][571.482s][info][gc,task     ] GC(209) Using 23 workers of 23 for evacuation
[2026-09-05T10:56:47.831-0400][571.486s][info][gc,phases   ] GC(209)   Pre Evacuate Collection Set: 0.23ms
[2026-09-05T10:56:47.831-0400][571.486s][info][gc,phases   ] GC(209)   Merge Heap Roots: 0.18ms
[2026-09-05T10:56:47.831-0400][571.486s][info][gc,phases   ] GC(209)   Evacuate Collection Set: 3.48ms
[2026-09-05T10:56:47.831-0400][571.486s][info][gc,phases   ] GC(209)   Post Evacuate Collection Set: 0.60ms
[2026-09-05T10:56:47.831-0400][571.486s][info][gc,phases   ] GC(209)   Other: 0.14ms
[2026-09-05T10:56:47.831-0400][571.486s][info][gc,heap     ] GC(209) Eden regions: 533->0(528)
[2026-09-05T10:56:47.831-0400][571.486s][info][gc,heap     ] GC(209) Survivor regions: 23->24(70)
[2026-09-05T10:56:47.831-0400][571.486s][info][gc,heap     ] GC(209) Old regions: 644->647
[2026-09-05T10:56:47.831-0400][571.486s][info][gc,heap     ] GC(209) Archive regions: 0->0
[2026-09-05T10:56:47.831-0400][571.486s][info][gc,heap     ] GC(209) Humongous regions: 29->29
[2026-09-05T10:56:47.831-0400][571.486s][info][gc,metaspace] GC(209) Metaspace: 153885K(156544K)->153885K(156544K) NonClass: 131998K(133440K)->131998K(133440K) Class: 21887K(23104K)->21887K(23104K)
[2026-09-05T10:56:47.831-0400][571.486s][info][gc          ] GC(209) Pause Young (Normal) (G1 Evacuation Pause) 2456M->1399M(2784M) 4.836ms
[2026-09-05T10:56:47.831-0400][571.486s][info][gc,cpu      ] GC(209) User=0.00s Sys=0.00s Real=0.01s
[2026-09-05T10:56:48.499-0400][572.154s][info][gc,start    ] GC(210) Pause Young (Normal) (G1 Evacuation Pause)
[2026-09-05T10:56:48.499-0400][572.154s][info][gc,task     ] GC(210) Using 23 workers of 23 for evacuation
[2026-09-05T10:56:48.504-0400][572.159s][info][gc,phases   ] GC(210)   Pre Evacuate Collection Set: 0.13ms
[2026-09-05T10:56:48.504-0400][572.159s][info][gc,phases   ] GC(210)   Merge Heap Roots: 0.18ms
[2026-09-05T10:56:48.504-0400][572.159s][info][gc,phases   ] GC(210)   Evacuate Collection Set: 3.91ms
[2026-09-05T10:56:48.504-0400][572.159s][info][gc,phases   ] GC(210)   Post Evacuate Collection Set: 0.72ms
[2026-09-05T10:56:48.504-0400][572.159s][info][gc,phases   ] GC(210)   Other: 0.23ms
[2026-09-05T10:56:48.504-0400][572.159s][info][gc,heap     ] GC(210) Eden regions: 528->0(522)
[2026-09-05T10:56:48.504-0400][572.159s][info][gc,heap     ] GC(210) Survivor regions: 24->27(69)
[2026-09-05T10:56:48.504-0400][572.159s][info][gc,heap     ] GC(210) Old regions: 647->647
[2026-09-05T10:56:48.504-0400][572.159s][info][gc,heap     ] GC(210) Archive regions: 0->0
[2026-09-05T10:56:48.504-0400][572.159s][info][gc,heap     ] GC(210) Humongous regions: 29->29
[2026-09-05T10:56:48.504-0400][572.159s][info][gc,metaspace] GC(210) Metaspace: 153887K(156544K)->153887K(156544K) NonClass: 132000K(133440K)->132000K(133440K) Class: 21887K(23104K)->21887K(23104K)
[2026-09-05T10:56:48.504-0400][572.159s][info][gc          ] GC(210) Pause Young (Normal) (G1 Evacuation Pause) 2455M->1404M(2784M) 5.408ms
[2026-09-05T10:56:48.504-0400][572.159s][info][gc,cpu      ] GC(210) User=0.00s Sys=0.00s Real=0.00s
[2026-09-05T10:56:49.363-0400][573.018s][info][gc,start    ] GC(211) Pause Young (Normal) (GCLocker Initiated GC)
[2026-09-05T10:56:49.363-0400][573.018s][info][gc,task     ] GC(211) Using 23 workers of 23 for evacuation
[2026-09-05T10:56:49.368-0400][573.023s][info][gc,phases   ] GC(211)   Pre Evacuate Collection Set: 0.24ms
[2026-09-05T10:56:49.368-0400][573.023s][info][gc,phases   ] GC(211)   Merge Heap Roots: 0.17ms
[2026-09-05T10:56:49.368-0400][573.023s][info][gc,phases   ] GC(211)   Evacuate Collection Set: 3.71ms
[2026-09-05T10:56:49.368-0400][573.023s][info][gc,phases   ] GC(211)   Post Evacuate Collection Set: 0.74ms
[2026-09-05T10:56:49.368-0400][573.023s][info][gc,phases   ] GC(211)   Other: 0.14ms
[2026-09-05T10:56:49.368-0400][573.023s][info][gc,heap     ] GC(211) Eden regions: 523->0(516)
[2026-09-05T10:56:49.368-0400][573.023s][info][gc,heap     ] GC(211) Survivor regions: 27->30(69)
[2026-09-05T10:56:49.368-0400][573.023s][info][gc,heap     ] GC(211) Old regions: 647->647
[2026-09-05T10:56:49.368-0400][573.023s][info][gc,heap     ] GC(211) Archive regions: 0->0
[2026-09-05T10:56:49.368-0400][573.023s][info][gc,heap     ] GC(211) Humongous regions: 29->29
[2026-09-05T10:56:49.368-0400][573.023s][info][gc,metaspace] GC(211) Metaspace: 153887K(156544K)->153887K(156544K) NonClass: 132000K(133440K)->132000K(133440K) Class: 21887K(23104K)->21887K(23104K)
[2026-09-05T10:56:49.368-0400][573.023s][info][gc          ] GC(211) Pause Young (Normal) (GCLocker Initiated GC) 2449M->1411M(2784M) 5.125ms
[2026-09-05T10:56:49.368-0400][573.023s][info][gc,cpu      ] GC(211) User=0.00s Sys=0.00s Real=0.01s
[2026-09-05T10:56:49.540-0400][573.195s][info][gc,start    ] GC(212) Pause Young (Normal) (G1 Evacuation Pause)
[2026-09-05T10:56:49.540-0400][573.195s][info][gc,task     ] GC(212) Using 23 workers of 23 for evacuation
[2026-09-05T10:56:49.546-0400][573.202s][info][gc,phases   ] GC(212)   Pre Evacuate Collection Set: 0.11ms
[2026-09-05T10:56:49.546-0400][573.202s][info][gc,phases   ] GC(212)   Merge Heap Roots: 0.16ms
[2026-09-05T10:56:49.546-0400][573.202s][info][gc,phases   ] GC(212)   Evacuate Collection Set: 5.44ms
[2026-09-05T10:56:49.546-0400][573.202s][info][gc,phases   ] GC(212)   Post Evacuate Collection Set: 0.53ms
[2026-09-05T10:56:49.546-0400][573.202s][info][gc,phases   ] GC(212)   Other: 0.15ms
[2026-09-05T10:56:49.546-0400][573.202s][info][gc,heap     ] GC(212) Eden regions: 516->0(504)
[2026-09-05T10:56:49.546-0400][573.202s][info][gc,heap     ] GC(212) Survivor regions: 30->36(69)
[2026-09-05T10:56:49.546-0400][573.202s][info][gc,heap     ] GC(212) Old regions: 647->647
[2026-09-05T10:56:49.546-0400][573.202s][info][gc,heap     ] GC(212) Archive regions: 0->0
[2026-09-05T10:56:49.546-0400][573.202s][info][gc,heap     ] GC(212) Humongous regions: 29->29
[2026-09-05T10:56:49.546-0400][573.202s][info][gc,metaspace] GC(212) Metaspace: 153887K(156544K)->153887K(156544K) NonClass: 132000K(133440K)->132000K(133440K) Class: 21887K(23104K)->21887K(23104K)
[2026-09-05T10:56:49.546-0400][573.202s][info][gc          ] GC(212) Pause Young (Normal) (G1 Evacuation Pause) 2443M->1422M(2784M) 6.522ms
[2026-09-05T10:56:49.546-0400][573.202s][info][gc,cpu      ] GC(212) User=0.36s Sys=0.03s Real=0.01s
[2026-09-05T10:56:50.183-0400][573.839s][info][gc,start    ] GC(213) Pause Young (Normal) (G1 Evacuation Pause)
[2026-09-05T10:56:50.183-0400][573.839s][info][gc,task     ] GC(213) Using 23 workers of 23 for evacuation
[2026-09-05T10:56:50.190-0400][573.845s][info][gc,phases   ] GC(213)   Pre Evacuate Collection Set: 0.20ms
[2026-09-05T10:56:50.190-0400][573.846s][info][gc,phases   ] GC(213)   Merge Heap Roots: 0.16ms
[2026-09-05T10:56:50.190-0400][573.846s][info][gc,phases   ] GC(213)   Evacuate Collection Set: 5.38ms
[2026-09-05T10:56:50.190-0400][573.846s][info][gc,phases   ] GC(213)   Post Evacuate Collection Set: 0.64ms
[2026-09-05T10:56:50.190-0400][573.846s][info][gc,phases   ] GC(213)   Other: 0.16ms
[2026-09-05T10:56:50.190-0400][573.846s][info][gc,heap     ] GC(213) Eden regions: 504->0(499)
[2026-09-05T10:56:50.190-0400][573.846s][info][gc,heap     ] GC(213) Survivor regions: 36->38(68)
[2026-09-05T10:56:50.190-0400][573.846s][info][gc,heap     ] GC(213) Old regions: 647->648
[2026-09-05T10:56:50.190-0400][573.846s][info][gc,heap     ] GC(213) Archive regions: 0->0
[2026-09-05T10:56:50.190-0400][573.846s][info][gc,heap     ] GC(213) Humongous regions: 29->29
[2026-09-05T10:56:50.190-0400][573.846s][info][gc,metaspace] GC(213) Metaspace: 153891K(156544K)->153891K(156544K) NonClass: 132003K(133440K)->132003K(133440K) Class: 21887K(23104K)->21887K(23104K)
[2026-09-05T10:56:50.190-0400][573.846s][info][gc          ] GC(213) Pause Young (Normal) (G1 Evacuation Pause) 2430M->1427M(2784M) 6.669ms
[2026-09-05T10:56:50.190-0400][573.846s][info][gc,cpu      ] GC(213) User=0.02s Sys=0.02s Real=0.01s
[2026-09-05T10:56:50.627-0400][574.282s][info][gc,start    ] GC(214) Pause Young (Normal) (G1 Evacuation Pause)
[2026-09-05T10:56:50.627-0400][574.282s][info][gc,task     ] GC(214) Using 23 workers of 23 for evacuation
[2026-09-05T10:56:50.634-0400][574.289s][info][gc,phases   ] GC(214)   Pre Evacuate Collection Set: 0.23ms
[2026-09-05T10:56:50.634-0400][574.289s][info][gc,phases   ] GC(214)   Merge Heap Roots: 0.19ms
[2026-09-05T10:56:50.634-0400][574.289s][info][gc,phases   ] GC(214)   Evacuate Collection Set: 5.62ms
[2026-09-05T10:56:50.634-0400][574.289s][info][gc,phases   ] GC(214)   Post Evacuate Collection Set: 1.30ms
[2026-09-05T10:56:50.634-0400][574.289s][info][gc,phases   ] GC(214)   Other: 0.22ms
[2026-09-05T10:56:50.634-0400][574.289s][info][gc,heap     ] GC(214) Eden regions: 499->0(498)
[2026-09-05T10:56:50.634-0400][574.289s][info][gc,heap     ] GC(214) Survivor regions: 38->37(68)
[2026-09-05T10:56:50.634-0400][574.289s][info][gc,heap     ] GC(214) Old regions: 648->651
[2026-09-05T10:56:50.634-0400][574.290s][info][gc,heap     ] GC(214) Archive regions: 0->0
[2026-09-05T10:56:50.634-0400][574.290s][info][gc,heap     ] GC(214) Humongous regions: 29->29
[2026-09-05T10:56:50.634-0400][574.290s][info][gc,metaspace] GC(214) Metaspace: 153893K(156544K)->153893K(156544K) NonClass: 132006K(133440K)->132006K(133440K) Class: 21887K(23104K)->21887K(23104K)
[2026-09-05T10:56:50.634-0400][574.290s][info][gc          ] GC(214) Pause Young (Normal) (G1 Evacuation Pause) 2425M->1432M(2784M) 7.695ms
[2026-09-05T10:56:50.634-0400][574.290s][info][gc,cpu      ] GC(214) User=0.00s Sys=0.00s Real=0.01s
[2026-09-05T10:56:51.193-0400][574.848s][info][gc,start    ] GC(215) Pause Young (Normal) (G1 Evacuation Pause)
[2026-09-05T10:56:51.193-0400][574.848s][info][gc,task     ] GC(215) Using 23 workers of 23 for evacuation
[2026-09-05T10:56:51.200-0400][574.855s][info][gc,phases   ] GC(215)   Pre Evacuate Collection Set: 0.26ms
[2026-09-05T10:56:51.200-0400][574.855s][info][gc,phases   ] GC(215)   Merge Heap Roots: 0.19ms
[2026-09-05T10:56:51.200-0400][574.855s][info][gc,phases   ] GC(215)   Evacuate Collection Set: 5.65ms
[2026-09-05T10:56:51.200-0400][574.855s][info][gc,phases   ] GC(215)   Post Evacuate Collection Set: 0.93ms
[2026-09-05T10:56:51.200-0400][574.855s][info][gc,phases   ] GC(215)   Other: 0.23ms
[2026-09-05T10:56:51.200-0400][574.855s][info][gc,heap     ] GC(215) Eden regions: 498->0(493)
[2026-09-05T10:56:51.200-0400][574.855s][info][gc,heap     ] GC(215) Survivor regions: 37->38(67)
[2026-09-05T10:56:51.200-0400][574.855s][info][gc,heap     ] GC(215) Old regions: 651->654
[2026-09-05T10:56:51.200-0400][574.855s][info][gc,heap     ] GC(215) Archive regions: 0->0
[2026-09-05T10:56:51.200-0400][574.855s][info][gc,heap     ] GC(215) Humongous regions: 29->29
[2026-09-05T10:56:51.200-0400][574.855s][info][gc,metaspace] GC(215) Metaspace: 153894K(156544K)->153894K(156544K) NonClass: 132006K(133440K)->132006K(133440K) Class: 21887K(23104K)->21887K(23104K)
[2026-09-05T10:56:51.200-0400][574.855s][info][gc          ] GC(215) Pause Young (Normal) (G1 Evacuation Pause) 2428M->1440M(2784M) 7.379ms
[2026-09-05T10:56:51.200-0400][574.855s][info][gc,cpu      ] GC(215) User=0.02s Sys=0.00s Real=0.01s
[2026-09-05T10:56:51.710-0400][575.365s][info][gc,start    ] GC(216) Pause Young (Normal) (G1 Evacuation Pause)
[2026-09-05T10:56:51.710-0400][575.365s][info][gc,task     ] GC(216) Using 23 workers of 23 for evacuation
[2026-09-05T10:56:51.718-0400][575.373s][info][gc,phases   ] GC(216)   Pre Evacuate Collection Set: 0.26ms
[2026-09-05T10:56:51.718-0400][575.373s][info][gc,phases   ] GC(216)   Merge Heap Roots: 0.20ms
[2026-09-05T10:56:51.718-0400][575.373s][info][gc,phases   ] GC(216)   Evacuate Collection Set: 6.89ms
[2026-09-05T10:56:51.718-0400][575.373s][info][gc,phases   ] GC(216)   Post Evacuate Collection Set: 0.66ms
[2026-09-05T10:56:51.718-0400][575.373s][info][gc,phases   ] GC(216)   Other: 0.25ms
[2026-09-05T10:56:51.718-0400][575.373s][info][gc,heap     ] GC(216) Eden regions: 493->0(484)
[2026-09-05T10:56:51.718-0400][575.373s][info][gc,heap     ] GC(216) Survivor regions: 38->41(67)
[2026-09-05T10:56:51.718-0400][575.373s][info][gc,heap     ] GC(216) Old regions: 654->657
[2026-09-05T10:56:51.718-0400][575.373s][info][gc,heap     ] GC(216) Archive regions: 0->0
[2026-09-05T10:56:51.718-0400][575.373s][info][gc,heap     ] GC(216) Humongous regions: 29->29
[2026-09-05T10:56:51.718-0400][575.373s][info][gc,metaspace] GC(216) Metaspace: 153894K(156544K)->153894K(156544K) NonClass: 132006K(133440K)->132006K(133440K) Class: 21887K(23104K)->21887K(23104K)
[2026-09-05T10:56:51.718-0400][575.373s][info][gc          ] GC(216) Pause Young (Normal) (G1 Evacuation Pause) 2426M->1451M(2784M) 8.366ms
[2026-09-05T10:56:51.718-0400][575.373s][info][gc,cpu      ] GC(216) User=0.39s Sys=0.00s Real=0.01s
[2026-09-05T10:56:51.942-0400][575.597s][info][gc,start    ] GC(217) Pause Young (Normal) (G1 Evacuation Pause)
[2026-09-05T10:56:51.942-0400][575.597s][info][gc,task     ] GC(217) Using 23 workers of 23 for evacuation
[2026-09-05T10:56:51.949-0400][575.604s][info][gc,phases   ] GC(217)   Pre Evacuate Collection Set: 0.16ms
[2026-09-05T10:56:51.949-0400][575.604s][info][gc,phases   ] GC(217)   Merge Heap Roots: 0.16ms
[2026-09-05T10:56:51.949-0400][575.604s][info][gc,phases   ] GC(217)   Evacuate Collection Set: 5.73ms
[2026-09-05T10:56:51.949-0400][575.604s][info][gc,phases   ] GC(217)   Post Evacuate Collection Set: 0.68ms
[2026-09-05T10:56:51.949-0400][575.604s][info][gc,phases   ] GC(217)   Other: 0.16ms
[2026-09-05T10:56:51.949-0400][575.604s][info][gc,heap     ] GC(217) Eden regions: 484->0(483)
[2026-09-05T10:56:51.949-0400][575.604s][info][gc,heap     ] GC(217) Survivor regions: 41->38(66)
[2026-09-05T10:56:51.949-0400][575.604s][info][gc,heap     ] GC(217) Old regions: 657->664
[2026-09-05T10:56:51.949-0400][575.604s][info][gc,heap     ] GC(217) Archive regions: 0->0
[2026-09-05T10:56:51.949-0400][575.604s][info][gc,heap     ] GC(217) Humongous regions: 29->29
[2026-09-05T10:56:51.949-0400][575.604s][info][gc,metaspace] GC(217) Metaspace: 153894K(156544K)->153894K(156544K) NonClass: 132007K(133440K)->132007K(133440K) Class: 21887K(23104K)->21887K(23104K)
[2026-09-05T10:56:51.949-0400][575.604s][info][gc          ] GC(217) Pause Young (Normal) (G1 Evacuation Pause) 2419M->1459M(2784M) 7.024ms
[2026-09-05T10:56:51.949-0400][575.604s][info][gc,cpu      ] GC(217) User=0.00s Sys=0.00s Real=0.01s
[2026-09-05T10:56:52.623-0400][576.279s][info][gc,start    ] GC(218) Pause Young (Normal) (G1 Evacuation Pause)
[2026-09-05T10:56:52.624-0400][576.279s][info][gc,task     ] GC(218) Using 23 workers of 23 for evacuation
[2026-09-05T10:56:52.630-0400][576.286s][info][gc,phases   ] GC(218)   Pre Evacuate Collection Set: 0.23ms
[2026-09-05T10:56:52.631-0400][576.286s][info][gc,phases   ] GC(218)   Merge Heap Roots: 0.20ms
[2026-09-05T10:56:52.631-0400][576.286s][info][gc,phases   ] GC(218)   Evacuate Collection Set: 5.78ms
[2026-09-05T10:56:52.631-0400][576.286s][info][gc,phases   ] GC(218)   Post Evacuate Collection Set: 0.66ms
[2026-09-05T10:56:52.631-0400][576.286s][info][gc,phases   ] GC(218)   Other: 0.20ms
[2026-09-05T10:56:52.631-0400][576.286s][info][gc,heap     ] GC(218) Eden regions: 483->0(483)
[2026-09-05T10:56:52.631-0400][576.286s][info][gc,heap     ] GC(218) Survivor regions: 38->36(66)
[2026-09-05T10:56:52.631-0400][576.286s][info][gc,heap     ] GC(218) Old regions: 664->668
[2026-09-05T10:56:52.631-0400][576.286s][info][gc,heap     ] GC(218) Archive regions: 0->0
[2026-09-05T10:56:52.631-0400][576.286s][info][gc,heap     ] GC(218) Humongous regions: 29->29
[2026-09-05T10:56:52.631-0400][576.286s][info][gc,metaspace] GC(218) Metaspace: 153902K(156544K)->153902K(156544K) NonClass: 132013K(133440K)->132013K(133440K) Class: 21889K(23104K)->21889K(23104K)
[2026-09-05T10:56:52.631-0400][576.286s][info][gc          ] GC(218) Pause Young (Normal) (G1 Evacuation Pause) 2425M->1464M(2784M) 7.196ms
[2026-09-05T10:56:52.631-0400][576.286s][info][gc,cpu      ] GC(218) User=0.00s Sys=0.00s Real=0.01s
[2026-09-05T10:56:52.889-0400][576.544s][info][gc,start    ] GC(219) Pause Young (Normal) (G1 Evacuation Pause)
[2026-09-05T10:56:52.889-0400][576.544s][info][gc,task     ] GC(219) Using 23 workers of 23 for evacuation
[2026-09-05T10:56:52.894-0400][576.550s][info][gc,phases   ] GC(219)   Pre Evacuate Collection Set: 0.32ms
[2026-09-05T10:56:52.895-0400][576.550s][info][gc,phases   ] GC(219)   Merge Heap Roots: 0.17ms
[2026-09-05T10:56:52.895-0400][576.550s][info][gc,phases   ] GC(219)   Evacuate Collection Set: 4.62ms
[2026-09-05T10:56:52.895-0400][576.550s][info][gc,phases   ] GC(219)   Post Evacuate Collection Set: 0.80ms
[2026-09-05T10:56:52.895-0400][576.550s][info][gc,phases   ] GC(219)   Other: 0.17ms
[2026-09-05T10:56:52.895-0400][576.550s][info][gc,heap     ] GC(219) Eden regions: 483->0(482)
[2026-09-05T10:56:52.895-0400][576.550s][info][gc,heap     ] GC(219) Survivor regions: 36->35(65)
[2026-09-05T10:56:52.895-0400][576.550s][info][gc,heap     ] GC(219) Old regions: 668->671
[2026-09-05T10:56:52.895-0400][576.550s][info][gc,heap     ] GC(219) Archive regions: 0->0
[2026-09-05T10:56:52.895-0400][576.550s][info][gc,heap     ] GC(219) Humongous regions: 29->29
[2026-09-05T10:56:52.895-0400][576.550s][info][gc,metaspace] GC(219) Metaspace: 153918K(156608K)->153918K(156608K) NonClass: 132028K(133504K)->132028K(133504K) Class: 21890K(23104K)->21890K(23104K)
[2026-09-05T10:56:52.895-0400][576.550s][info][gc          ] GC(219) Pause Young (Normal) (G1 Evacuation Pause) 2430M->1468M(2784M) 6.264ms
[2026-09-05T10:56:52.895-0400][576.550s][info][gc,cpu      ] GC(219) User=0.00s Sys=0.00s Real=0.01s
[2026-09-05T10:56:53.451-0400][577.106s][info][gc,start    ] GC(220) Pause Young (Normal) (G1 Evacuation Pause)
[2026-09-05T10:56:53.451-0400][577.106s][info][gc,task     ] GC(220) Using 23 workers of 23 for evacuation
[2026-09-05T10:56:53.458-0400][577.113s][info][gc,phases   ] GC(220)   Pre Evacuate Collection Set: 0.24ms
[2026-09-05T10:56:53.458-0400][577.113s][info][gc,phases   ] GC(220)   Merge Heap Roots: 0.21ms
[2026-09-05T10:56:53.458-0400][577.113s][info][gc,phases   ] GC(220)   Evacuate Collection Set: 5.62ms
[2026-09-05T10:56:53.458-0400][577.113s][info][gc,phases   ] GC(220)   Post Evacuate Collection Set: 0.63ms
[2026-09-05T10:56:53.458-0400][577.113s][info][gc,phases   ] GC(220)   Other: 0.23ms
[2026-09-05T10:56:53.458-0400][577.113s][info][gc,heap     ] GC(220) Eden regions: 482->0(476)
[2026-09-05T10:56:53.458-0400][577.113s][info][gc,heap     ] GC(220) Survivor regions: 35->38(65)
[2026-09-05T10:56:53.458-0400][577.113s][info][gc,heap     ] GC(220) Old regions: 671->671
[2026-09-05T10:56:53.458-0400][577.113s][info][gc,heap     ] GC(220) Archive regions: 0->0
[2026-09-05T10:56:53.458-0400][577.113s][info][gc,heap     ] GC(220) Humongous regions: 29->29
[2026-09-05T10:56:53.458-0400][577.113s][info][gc,metaspace] GC(220) Metaspace: 153919K(156608K)->153919K(156608K) NonClass: 132029K(133504K)->132029K(133504K) Class: 21890K(23104K)->21890K(23104K)
[2026-09-05T10:56:53.458-0400][577.113s][info][gc          ] GC(220) Pause Young (Normal) (G1 Evacuation Pause) 2432M->1473M(2784M) 7.087ms
[2026-09-05T10:56:53.458-0400][577.113s][info][gc,cpu      ] GC(220) User=0.00s Sys=0.00s Real=0.01s
[2026-09-05T10:56:53.981-0400][577.636s][info][gc,start    ] GC(221) Pause Young (Normal) (G1 Evacuation Pause)
[2026-09-05T10:56:53.981-0400][577.636s][info][gc,task     ] GC(221) Using 23 workers of 23 for evacuation
[2026-09-05T10:56:53.988-0400][577.643s][info][gc,phases   ] GC(221)   Pre Evacuate Collection Set: 0.20ms
[2026-09-05T10:56:53.988-0400][577.643s][info][gc,phases   ] GC(221)   Merge Heap Roots: 0.26ms
[2026-09-05T10:56:53.988-0400][577.643s][info][gc,phases   ] GC(221)   Evacuate Collection Set: 5.64ms
[2026-09-05T10:56:53.988-0400][577.643s][info][gc,phases   ] GC(221)   Post Evacuate Collection Set: 0.74ms
[2026-09-05T10:56:53.988-0400][577.643s][info][gc,phases   ] GC(221)   Other: 0.20ms
[2026-09-05T10:56:53.988-0400][577.643s][info][gc,heap     ] GC(221) Eden regions: 476->0(474)
[2026-09-05T10:56:53.988-0400][577.643s][info][gc,heap     ] GC(221) Survivor regions: 38->37(65)
[2026-09-05T10:56:53.988-0400][577.643s][info][gc,heap     ] GC(221) Old regions: 671->675
[2026-09-05T10:56:53.988-0400][577.643s][info][gc,heap     ] GC(221) Archive regions: 0->0
[2026-09-05T10:56:53.988-0400][577.643s][info][gc,heap     ] GC(221) Humongous regions: 29->29
[2026-09-05T10:56:53.988-0400][577.643s][info][gc,metaspace] GC(221) Metaspace: 153924K(156608K)->153924K(156608K) NonClass: 132033K(133504K)->132033K(133504K) Class: 21891K(23104K)->21891K(23104K)
[2026-09-05T10:56:53.988-0400][577.643s][info][gc          ] GC(221) Pause Young (Normal) (G1 Evacuation Pause) 2425M->1480M(2784M) 7.151ms
[2026-09-05T10:56:53.988-0400][577.643s][info][gc,cpu      ] GC(221) User=0.23s Sys=0.02s Real=0.01s
[2026-09-05T10:56:54.415-0400][578.070s][info][gc,start    ] GC(222) Pause Young (Normal) (G1 Evacuation Pause)
[2026-09-05T10:56:54.415-0400][578.070s][info][gc,task     ] GC(222) Using 23 workers of 23 for evacuation
[2026-09-05T10:56:54.424-0400][578.079s][info][gc,phases   ] GC(222)   Pre Evacuate Collection Set: 0.26ms
[2026-09-05T10:56:54.424-0400][578.079s][info][gc,phases   ] GC(222)   Merge Heap Roots: 0.21ms
[2026-09-05T10:56:54.424-0400][578.079s][info][gc,phases   ] GC(222)   Evacuate Collection Set: 7.26ms
[2026-09-05T10:56:54.424-0400][578.079s][info][gc,phases   ] GC(222)   Post Evacuate Collection Set: 0.84ms
[2026-09-05T10:56:54.424-0400][578.079s][info][gc,phases   ] GC(222)   Other: 0.23ms
[2026-09-05T10:56:54.424-0400][578.079s][info][gc,heap     ] GC(222) Eden regions: 474->0(466)
[2026-09-05T10:56:54.424-0400][578.079s][info][gc,heap     ] GC(222) Survivor regions: 37->39(64)
[2026-09-05T10:56:54.424-0400][578.079s][info][gc,heap     ] GC(222) Old regions: 675->679
[2026-09-05T10:56:54.424-0400][578.079s][info][gc,heap     ] GC(222) Archive regions: 0->0
[2026-09-05T10:56:54.424-0400][578.079s][info][gc,heap     ] GC(222) Humongous regions: 29->29
[2026-09-05T10:56:54.424-0400][578.079s][info][gc,metaspace] GC(222) Metaspace: 153927K(156608K)->153927K(156608K) NonClass: 132036K(133504K)->132036K(133504K) Class: 21891K(23104K)->21891K(23104K)
[2026-09-05T10:56:54.424-0400][578.079s][info][gc          ] GC(222) Pause Young (Normal) (G1 Evacuation Pause) 2428M->1492M(2784M) 8.895ms
[2026-09-05T10:56:54.424-0400][578.079s][info][gc,cpu      ] GC(222) User=0.38s Sys=0.00s Real=0.01s
[2026-09-05T10:56:54.699-0400][578.355s][info][gc,start    ] GC(223) Pause Young (Normal) (G1 Evacuation Pause)
[2026-09-05T10:56:54.700-0400][578.355s][info][gc,task     ] GC(223) Using 23 workers of 23 for evacuation
[2026-09-05T10:56:54.706-0400][578.361s][info][gc,phases   ] GC(223)   Pre Evacuate Collection Set: 0.25ms
[2026-09-05T10:56:54.706-0400][578.361s][info][gc,phases   ] GC(223)   Merge Heap Roots: 0.19ms
[2026-09-05T10:56:54.706-0400][578.361s][info][gc,phases   ] GC(223)   Evacuate Collection Set: 5.20ms
[2026-09-05T10:56:54.706-0400][578.361s][info][gc,phases   ] GC(223)   Post Evacuate Collection Set: 0.68ms
[2026-09-05T10:56:54.706-0400][578.361s][info][gc,phases   ] GC(223)   Other: 0.14ms
[2026-09-05T10:56:54.707-0400][578.361s][info][gc,heap     ] GC(223) Eden regions: 466->0(468)
[2026-09-05T10:56:54.707-0400][578.361s][info][gc,heap     ] GC(223) Survivor regions: 39->35(64)
[2026-09-05T10:56:54.707-0400][578.361s][info][gc,heap     ] GC(223) Old regions: 679->685
[2026-09-05T10:56:54.707-0400][578.361s][info][gc,heap     ] GC(223) Archive regions: 0->0
[2026-09-05T10:56:54.707-0400][578.361s][info][gc,heap     ] GC(223) Humongous regions: 29->29
[2026-09-05T10:56:54.707-0400][578.361s][info][gc,metaspace] GC(223) Metaspace: 153927K(156608K)->153927K(156608K) NonClass: 132036K(133504K)->132036K(133504K) Class: 21891K(23104K)->21891K(23104K)
[2026-09-05T10:56:54.707-0400][578.361s][info][gc          ] GC(223) Pause Young (Normal) (G1 Evacuation Pause) 2424M->1496M(2784M) 6.597ms
[2026-09-05T10:56:54.707-0400][578.361s][info][gc,cpu      ] GC(223) User=0.02s Sys=0.00s Real=0.01s
[2026-09-05T10:56:55.192-0400][578.847s][info][gc,start    ] GC(224) Pause Young (Normal) (G1 Evacuation Pause)
[2026-09-05T10:56:55.192-0400][578.847s][info][gc,task     ] GC(224) Using 23 workers of 23 for evacuation
[2026-09-05T10:56:55.199-0400][578.854s][info][gc,phases   ] GC(224)   Pre Evacuate Collection Set: 0.28ms
[2026-09-05T10:56:55.199-0400][578.854s][info][gc,phases   ] GC(224)   Merge Heap Roots: 0.20ms
[2026-09-05T10:56:55.199-0400][578.854s][info][gc,phases   ] GC(224)   Evacuate Collection Set: 5.62ms
[2026-09-05T10:56:55.199-0400][578.854s][info][gc,phases   ] GC(224)   Post Evacuate Collection Set: 0.69ms
[2026-09-05T10:56:55.199-0400][578.854s][info][gc,phases   ] GC(224)   Other: 0.37ms
[2026-09-05T10:56:55.199-0400][578.854s][info][gc,heap     ] GC(224) Eden regions: 468->0(467)
[2026-09-05T10:56:55.199-0400][578.854s][info][gc,heap     ] GC(224) Survivor regions: 35->34(63)
[2026-09-05T10:56:55.199-0400][578.854s][info][gc,heap     ] GC(224) Old regions: 685->688
[2026-09-05T10:56:55.199-0400][578.854s][info][gc,heap     ] GC(224) Archive regions: 0->0
[2026-09-05T10:56:55.199-0400][578.854s][info][gc,heap     ] GC(224) Humongous regions: 29->29
[2026-09-05T10:56:55.199-0400][578.854s][info][gc,metaspace] GC(224) Metaspace: 153927K(156608K)->153927K(156608K) NonClass: 132036K(133504K)->132036K(133504K) Class: 21891K(23104K)->21891K(23104K)
[2026-09-05T10:56:55.199-0400][578.854s][info][gc          ] GC(224) Pause Young (Normal) (G1 Evacuation Pause) 2432M->1501M(2784M) 7.214ms
[2026-09-05T10:56:55.199-0400][578.854s][info][gc,cpu      ] GC(224) User=0.00s Sys=0.00s Real=0.01s
[2026-09-05T10:56:55.752-0400][579.407s][info][gc,start    ] GC(225) Pause Young (Normal) (G1 Evacuation Pause)
[2026-09-05T10:56:55.752-0400][579.407s][info][gc,task     ] GC(225) Using 23 workers of 23 for evacuation
[2026-09-05T10:56:55.759-0400][579.414s][info][gc,phases   ] GC(225)   Pre Evacuate Collection Set: 0.27ms
[2026-09-05T10:56:55.759-0400][579.414s][info][gc,phases   ] GC(225)   Merge Heap Roots: 0.22ms
[2026-09-05T10:56:55.759-0400][579.414s][info][gc,phases   ] GC(225)   Evacuate Collection Set: 5.74ms
[2026-09-05T10:56:55.759-0400][579.414s][info][gc,phases   ] GC(225)   Post Evacuate Collection Set: 0.79ms
[2026-09-05T10:56:55.759-0400][579.414s][info][gc,phases   ] GC(225)   Other: 0.30ms
[2026-09-05T10:56:55.759-0400][579.414s][info][gc,heap     ] GC(225) Eden regions: 467->0(461)
[2026-09-05T10:56:55.759-0400][579.414s][info][gc,heap     ] GC(225) Survivor regions: 34->37(63)
[2026-09-05T10:56:55.759-0400][579.414s][info][gc,heap     ] GC(225) Old regions: 688->688
[2026-09-05T10:56:55.759-0400][579.414s][info][gc,heap     ] GC(225) Archive regions: 0->0
[2026-09-05T10:56:55.759-0400][579.414s][info][gc,heap     ] GC(225) Humongous regions: 29->29
[2026-09-05T10:56:55.759-0400][579.414s][info][gc,metaspace] GC(225) Metaspace: 153929K(156608K)->153929K(156608K) NonClass: 132038K(133504K)->132038K(133504K) Class: 21891K(23104K)->21891K(23104K)
[2026-09-05T10:56:55.759-0400][579.414s][info][gc          ] GC(225) Pause Young (Normal) (G1 Evacuation Pause) 2435M->1506M(2784M) 7.385ms
[2026-09-05T10:56:55.759-0400][579.414s][info][gc,cpu      ] GC(225) User=0.00s Sys=0.00s Real=0.01s
[2026-09-05T10:56:56.365-0400][580.021s][info][gc,start    ] GC(226) Pause Young (Normal) (G1 Evacuation Pause)
[2026-09-05T10:56:56.365-0400][580.021s][info][gc,task     ] GC(226) Using 23 workers of 23 for evacuation
[2026-09-05T10:56:56.372-0400][580.027s][info][gc,phases   ] GC(226)   Pre Evacuate Collection Set: 0.27ms
[2026-09-05T10:56:56.372-0400][580.027s][info][gc,phases   ] GC(226)   Merge Heap Roots: 0.22ms
[2026-09-05T10:56:56.372-0400][580.027s][info][gc,phases   ] GC(226)   Evacuate Collection Set: 4.92ms
[2026-09-05T10:56:56.372-0400][580.027s][info][gc,phases   ] GC(226)   Post Evacuate Collection Set: 0.80ms
[2026-09-05T10:56:56.372-0400][580.027s][info][gc,phases   ] GC(226)   Other: 0.16ms
[2026-09-05T10:56:56.372-0400][580.027s][info][gc,heap     ] GC(226) Eden regions: 461->0(461)
[2026-09-05T10:56:56.372-0400][580.027s][info][gc,heap     ] GC(226) Survivor regions: 37->35(63)
[2026-09-05T10:56:56.372-0400][580.027s][info][gc,heap     ] GC(226) Old regions: 688->692
[2026-09-05T10:56:56.372-0400][580.027s][info][gc,heap     ] GC(226) Archive regions: 0->0
[2026-09-05T10:56:56.372-0400][580.027s][info][gc,heap     ] GC(226) Humongous regions: 29->29
[2026-09-05T10:56:56.372-0400][580.027s][info][gc,metaspace] GC(226) Metaspace: 153929K(156608K)->153929K(156608K) NonClass: 132038K(133504K)->132038K(133504K) Class: 21891K(23104K)->21891K(23104K)
[2026-09-05T10:56:56.372-0400][580.027s][info][gc          ] GC(226) Pause Young (Normal) (G1 Evacuation Pause) 2428M->1510M(2784M) 6.496ms
[2026-09-05T10:56:56.372-0400][580.027s][info][gc,cpu      ] GC(226) User=0.05s Sys=0.00s Real=0.01s
[2026-09-05T10:56:57.098-0400][580.754s][info][gc,start    ] GC(227) Pause Young (Normal) (G1 Evacuation Pause)
[2026-09-05T10:56:57.098-0400][580.754s][info][gc,task     ] GC(227) Using 23 workers of 23 for evacuation
[2026-09-05T10:56:57.105-0400][580.760s][info][gc,phases   ] GC(227)   Pre Evacuate Collection Set: 0.30ms
[2026-09-05T10:56:57.105-0400][580.760s][info][gc,phases   ] GC(227)   Merge Heap Roots: 0.21ms
[2026-09-05T10:56:57.105-0400][580.760s][info][gc,phases   ] GC(227)   Evacuate Collection Set: 4.79ms
[2026-09-05T10:56:57.105-0400][580.760s][info][gc,phases   ] GC(227)   Post Evacuate Collection Set: 0.80ms
[2026-09-05T10:56:57.105-0400][580.760s][info][gc,phases   ] GC(227)   Other: 0.16ms
[2026-09-05T10:56:57.105-0400][580.760s][info][gc,heap     ] GC(227) Eden regions: 461->0(458)
[2026-09-05T10:56:57.105-0400][580.760s][info][gc,heap     ] GC(227) Survivor regions: 35->35(62)
[2026-09-05T10:56:57.105-0400][580.760s][info][gc,heap     ] GC(227) Old regions: 692->695
[2026-09-05T10:56:57.105-0400][580.760s][info][gc,heap     ] GC(227) Archive regions: 0->0
[2026-09-05T10:56:57.105-0400][580.760s][info][gc,heap     ] GC(227) Humongous regions: 29->29
[2026-09-05T10:56:57.105-0400][580.760s][info][gc,metaspace] GC(227) Metaspace: 153931K(156608K)->153931K(156608K) NonClass: 132040K(133504K)->132040K(133504K) Class: 21891K(23104K)->21891K(23104K)
[2026-09-05T10:56:57.105-0400][580.760s][info][gc          ] GC(227) Pause Young (Normal) (G1 Evacuation Pause) 2432M->1516M(2784M) 6.377ms
[2026-09-05T10:56:57.105-0400][580.760s][info][gc,cpu      ] GC(227) User=0.00s Sys=0.00s Real=0.01s
[2026-09-05T10:56:57.506-0400][581.161s][info][gc,start    ] GC(228) Pause Young (Normal) (G1 Evacuation Pause)
[2026-09-05T10:56:57.506-0400][581.161s][info][gc,task     ] GC(228) Using 23 workers of 23 for evacuation
[2026-09-05T10:56:57.512-0400][581.167s][info][gc,phases   ] GC(228)   Pre Evacuate Collection Set: 0.20ms
[2026-09-05T10:56:57.512-0400][581.167s][info][gc,phases   ] GC(228)   Merge Heap Roots: 0.17ms
[2026-09-05T10:56:57.512-0400][581.167s][info][gc,phases   ] GC(228)   Evacuate Collection Set: 5.32ms
[2026-09-05T10:56:57.512-0400][581.167s][info][gc,phases   ] GC(228)   Post Evacuate Collection Set: 0.64ms
[2026-09-05T10:56:57.512-0400][581.167s][info][gc,phases   ] GC(228)   Other: 0.13ms
[2026-09-05T10:56:57.512-0400][581.167s][info][gc,heap     ] GC(228) Eden regions: 458->0(451)
[2026-09-05T10:56:57.512-0400][581.167s][info][gc,heap     ] GC(228) Survivor regions: 35->37(62)
[2026-09-05T10:56:57.512-0400][581.167s][info][gc,heap     ] GC(228) Old regions: 695->698
[2026-09-05T10:56:57.512-0400][581.167s][info][gc,heap     ] GC(228) Archive regions: 0->0
[2026-09-05T10:56:57.512-0400][581.167s][info][gc,heap     ] GC(228) Humongous regions: 29->29
[2026-09-05T10:56:57.512-0400][581.167s][info][gc,metaspace] GC(228) Metaspace: 153939K(156608K)->153939K(156608K) NonClass: 132047K(133504K)->132047K(133504K) Class: 21892K(23104K)->21892K(23104K)
[2026-09-05T10:56:57.512-0400][581.167s][info][gc          ] GC(228) Pause Young (Normal) (G1 Evacuation Pause) 2432M->1526M(2784M) 6.590ms
[2026-09-05T10:56:57.512-0400][581.167s][info][gc,cpu      ] GC(228) User=0.03s Sys=0.02s Real=0.01s
[2026-09-05T10:56:58.364-0400][582.019s][info][gc,start    ] GC(229) Pause Young (Normal) (G1 Evacuation Pause)
[2026-09-05T10:56:58.365-0400][582.019s][info][gc,task     ] GC(229) Using 23 workers of 23 for evacuation
[2026-09-05T10:56:58.370-0400][582.025s][info][gc,phases   ] GC(229)   Pre Evacuate Collection Set: 0.20ms
[2026-09-05T10:56:58.370-0400][582.025s][info][gc,phases   ] GC(229)   Merge Heap Roots: 0.17ms
[2026-09-05T10:56:58.370-0400][582.025s][info][gc,phases   ] GC(229)   Evacuate Collection Set: 4.52ms
[2026-09-05T10:56:58.370-0400][582.025s][info][gc,phases   ] GC(229)   Post Evacuate Collection Set: 0.68ms
[2026-09-05T10:56:58.370-0400][582.025s][info][gc,phases   ] GC(229)   Other: 0.16ms
[2026-09-05T10:56:58.370-0400][582.025s][info][gc,heap     ] GC(229) Eden regions: 451->0(453)
[2026-09-05T10:56:58.370-0400][582.025s][info][gc,heap     ] GC(229) Survivor regions: 37->33(61)
[2026-09-05T10:56:58.370-0400][582.025s][info][gc,heap     ] GC(229) Old regions: 698->704
[2026-09-05T10:56:58.370-0400][582.025s][info][gc,heap     ] GC(229) Archive regions: 0->0
[2026-09-05T10:56:58.370-0400][582.025s][info][gc,heap     ] GC(229) Humongous regions: 29->29
[2026-09-05T10:56:58.370-0400][582.025s][info][gc,metaspace] GC(229) Metaspace: 153939K(156608K)->153939K(156608K) NonClass: 132047K(133504K)->132047K(133504K) Class: 21892K(23104K)->21892K(23104K)
[2026-09-05T10:56:58.370-0400][582.025s][info][gc          ] GC(229) Pause Young (Normal) (G1 Evacuation Pause) 2428M->1529M(2784M) 5.867ms
[2026-09-05T10:56:58.370-0400][582.025s][info][gc,cpu      ] GC(229) User=0.00s Sys=0.00s Real=0.01s
[2026-09-05T10:56:59.232-0400][582.887s][info][gc,start    ] GC(230) Pause Young (Normal) (G1 Evacuation Pause)
[2026-09-05T10:56:59.232-0400][582.887s][info][gc,task     ] GC(230) Using 23 workers of 23 for evacuation
[2026-09-05T10:56:59.237-0400][582.892s][info][gc,phases   ] GC(230)   Pre Evacuate Collection Set: 0.21ms
[2026-09-05T10:56:59.237-0400][582.892s][info][gc,phases   ] GC(230)   Merge Heap Roots: 0.17ms
[2026-09-05T10:56:59.237-0400][582.892s][info][gc,phases   ] GC(230)   Evacuate Collection Set: 4.09ms
[2026-09-05T10:56:59.237-0400][582.892s][info][gc,phases   ] GC(230)   Post Evacuate Collection Set: 0.61ms
[2026-09-05T10:56:59.237-0400][582.892s][info][gc,phases   ] GC(230)   Other: 0.14ms
[2026-09-05T10:56:59.237-0400][582.892s][info][gc,heap     ] GC(230) Eden regions: 453->0(453)
[2026-09-05T10:56:59.237-0400][582.892s][info][gc,heap     ] GC(230) Survivor regions: 33->33(61)
[2026-09-05T10:56:59.237-0400][582.892s][info][gc,heap     ] GC(230) Old regions: 704->704
[2026-09-05T10:56:59.237-0400][582.892s][info][gc,heap     ] GC(230) Archive regions: 0->0
[2026-09-05T10:56:59.237-0400][582.892s][info][gc,heap     ] GC(230) Humongous regions: 29->29
[2026-09-05T10:56:59.237-0400][582.892s][info][gc,metaspace] GC(230) Metaspace: 153940K(156608K)->153940K(156608K) NonClass: 132048K(133504K)->132048K(133504K) Class: 21892K(23104K)->21892K(23104K)
[2026-09-05T10:56:59.237-0400][582.892s][info][gc          ] GC(230) Pause Young (Normal) (G1 Evacuation Pause) 2435M->1529M(2784M) 5.330ms
[2026-09-05T10:56:59.237-0400][582.892s][info][gc,cpu      ] GC(230) User=0.02s Sys=0.00s Real=0.00s
[2026-09-05T10:57:00.126-0400][583.782s][info][gc,start    ] GC(231) Pause Young (Normal) (G1 Evacuation Pause)
[2026-09-05T10:57:00.126-0400][583.782s][info][gc,task     ] GC(231) Using 23 workers of 23 for evacuation
[2026-09-05T10:57:00.132-0400][583.787s][info][gc,phases   ] GC(231)   Pre Evacuate Collection Set: 0.20ms
[2026-09-05T10:57:00.132-0400][583.787s][info][gc,phases   ] GC(231)   Merge Heap Roots: 0.15ms
[2026-09-05T10:57:00.132-0400][583.787s][info][gc,phases   ] GC(231)   Evacuate Collection Set: 3.99ms
[2026-09-05T10:57:00.132-0400][583.787s][info][gc,phases   ] GC(231)   Post Evacuate Collection Set: 0.63ms
[2026-09-05T10:57:00.132-0400][583.787s][info][gc,phases   ] GC(231)   Other: 0.14ms
[2026-09-05T10:57:00.132-0400][583.787s][info][gc,heap     ] GC(231) Eden regions: 453->0(457)
[2026-09-05T10:57:00.132-0400][583.787s][info][gc,heap     ] GC(231) Survivor regions: 33->31(61)
[2026-09-05T10:57:00.132-0400][583.787s][info][gc,heap     ] GC(231) Old regions: 704->704
[2026-09-05T10:57:00.132-0400][583.787s][info][gc,heap     ] GC(231) Archive regions: 0->0
[2026-09-05T10:57:00.132-0400][583.787s][info][gc,heap     ] GC(231) Humongous regions: 29->29
[2026-09-05T10:57:00.132-0400][583.787s][info][gc,metaspace] GC(231) Metaspace: 153944K(156608K)->153944K(156608K) NonClass: 132052K(133504K)->132052K(133504K) Class: 21892K(23104K)->21892K(23104K)
[2026-09-05T10:57:00.132-0400][583.787s][info][gc          ] GC(231) Pause Young (Normal) (G1 Evacuation Pause) 2435M->1526M(2784M) 5.233ms
[2026-09-05T10:57:00.132-0400][583.787s][info][gc,cpu      ] GC(231) User=0.00s Sys=0.00s Real=0.01s
[2026-09-05T10:57:01.055-0400][584.710s][info][gc,start    ] GC(232) Pause Young (Normal) (G1 Evacuation Pause)
[2026-09-05T10:57:01.055-0400][584.710s][info][gc,task     ] GC(232) Using 23 workers of 23 for evacuation
[2026-09-05T10:57:01.060-0400][584.716s][info][gc,phases   ] GC(232)   Pre Evacuate Collection Set: 0.23ms
[2026-09-05T10:57:01.060-0400][584.716s][info][gc,phases   ] GC(232)   Merge Heap Roots: 0.17ms
[2026-09-05T10:57:01.060-0400][584.716s][info][gc,phases   ] GC(232)   Evacuate Collection Set: 4.07ms
[2026-09-05T10:57:01.060-0400][584.716s][info][gc,phases   ] GC(232)   Post Evacuate Collection Set: 0.67ms
[2026-09-05T10:57:01.060-0400][584.716s][info][gc,phases   ] GC(232)   Other: 0.22ms
[2026-09-05T10:57:01.060-0400][584.716s][info][gc,heap     ] GC(232) Eden regions: 457->0(455)
[2026-09-05T10:57:01.060-0400][584.716s][info][gc,heap     ] GC(232) Survivor regions: 31->32(61)
[2026-09-05T10:57:01.060-0400][584.716s][info][gc,heap     ] GC(232) Old regions: 704->704
[2026-09-05T10:57:01.060-0400][584.716s][info][gc,heap     ] GC(232) Archive regions: 0->0
[2026-09-05T10:57:01.060-0400][584.716s][info][gc,heap     ] GC(232) Humongous regions: 29->29
[2026-09-05T10:57:01.060-0400][584.716s][info][gc,metaspace] GC(232) Metaspace: 153944K(156608K)->153944K(156608K) NonClass: 132052K(133504K)->132052K(133504K) Class: 21892K(23104K)->21892K(23104K)
[2026-09-05T10:57:01.060-0400][584.716s][info][gc          ] GC(232) Pause Young (Normal) (G1 Evacuation Pause) 2440M->1527M(2784M) 5.489ms
[2026-09-05T10:57:01.060-0400][584.716s][info][gc,cpu      ] GC(232) User=0.36s Sys=0.02s Real=0.00s
[2026-09-05T10:57:01.972-0400][585.627s][info][gc,start    ] GC(233) Pause Young (Normal) (G1 Evacuation Pause)
[2026-09-05T10:57:01.972-0400][585.627s][info][gc,task     ] GC(233) Using 23 workers of 23 for evacuation
[2026-09-05T10:57:01.977-0400][585.632s][info][gc,phases   ] GC(233)   Pre Evacuate Collection Set: 0.26ms
[2026-09-05T10:57:01.977-0400][585.632s][info][gc,phases   ] GC(233)   Merge Heap Roots: 0.17ms
[2026-09-05T10:57:01.977-0400][585.632s][info][gc,phases   ] GC(233)   Evacuate Collection Set: 3.74ms
[2026-09-05T10:57:01.977-0400][585.632s][info][gc,phases   ] GC(233)   Post Evacuate Collection Set: 0.57ms
[2026-09-05T10:57:01.977-0400][585.632s][info][gc,phases   ] GC(233)   Other: 0.25ms
[2026-09-05T10:57:01.977-0400][585.632s][info][gc,heap     ] GC(233) Eden regions: 455->0(455)
[2026-09-05T10:57:01.977-0400][585.632s][info][gc,heap     ] GC(233) Survivor regions: 32->32(61)
[2026-09-05T10:57:01.977-0400][585.632s][info][gc,heap     ] GC(233) Old regions: 704->704
[2026-09-05T10:57:01.977-0400][585.632s][info][gc,heap     ] GC(233) Archive regions: 0->0
[2026-09-05T10:57:01.977-0400][585.632s][info][gc,heap     ] GC(233) Humongous regions: 29->29
[2026-09-05T10:57:01.977-0400][585.632s][info][gc,metaspace] GC(233) Metaspace: 153945K(156608K)->153945K(156608K) NonClass: 132053K(133504K)->132053K(133504K) Class: 21892K(23104K)->21892K(23104K)
[2026-09-05T10:57:01.977-0400][585.632s][info][gc          ] GC(233) Pause Young (Normal) (G1 Evacuation Pause) 2437M->1526M(2784M) 5.095ms
[2026-09-05T10:57:01.977-0400][585.632s][info][gc,cpu      ] GC(233) User=0.00s Sys=0.00s Real=0.01s
[2026-09-05T10:57:02.909-0400][586.564s][info][gc,start    ] GC(234) Pause Young (Normal) (G1 Evacuation Pause)
[2026-09-05T10:57:02.909-0400][586.564s][info][gc,task     ] GC(234) Using 23 workers of 23 for evacuation
[2026-09-05T10:57:02.915-0400][586.569s][info][gc,phases   ] GC(234)   Pre Evacuate Collection Set: 0.20ms
[2026-09-05T10:57:02.915-0400][586.570s][info][gc,phases   ] GC(234)   Merge Heap Roots: 0.17ms
[2026-09-05T10:57:02.915-0400][586.570s][info][gc,phases   ] GC(234)   Evacuate Collection Set: 4.01ms
[2026-09-05T10:57:02.915-0400][586.570s][info][gc,phases   ] GC(234)   Post Evacuate Collection Set: 0.83ms
[2026-09-05T10:57:02.915-0400][586.570s][info][gc,phases   ] GC(234)   Other: 0.15ms
[2026-09-05T10:57:02.915-0400][586.570s][info][gc,heap     ] GC(234) Eden regions: 455->0(453)
[2026-09-05T10:57:02.915-0400][586.570s][info][gc,heap     ] GC(234) Survivor regions: 32->33(61)
[2026-09-05T10:57:02.915-0400][586.570s][info][gc,heap     ] GC(234) Old regions: 704->704
[2026-09-05T10:57:02.915-0400][586.570s][info][gc,heap     ] GC(234) Archive regions: 0->0
[2026-09-05T10:57:02.915-0400][586.570s][info][gc,heap     ] GC(234) Humongous regions: 29->29
[2026-09-05T10:57:02.915-0400][586.570s][info][gc,metaspace] GC(234) Metaspace: 153946K(156608K)->153946K(156608K) NonClass: 132054K(133504K)->132054K(133504K) Class: 21892K(23104K)->21892K(23104K)
[2026-09-05T10:57:02.915-0400][586.570s][info][gc          ] GC(234) Pause Young (Normal) (G1 Evacuation Pause) 2436M->1528M(2784M) 5.595ms
[2026-09-05T10:57:02.915-0400][586.570s][info][gc,cpu      ] GC(234) User=0.00s Sys=0.00s Real=0.01s
[2026-09-05T10:57:03.823-0400][587.478s][info][gc,start    ] GC(235) Pause Young (Normal) (G1 Evacuation Pause)
[2026-09-05T10:57:03.823-0400][587.478s][info][gc,task     ] GC(235) Using 23 workers of 23 for evacuation
[2026-09-05T10:57:03.828-0400][587.483s][info][gc,phases   ] GC(235)   Pre Evacuate Collection Set: 0.13ms
[2026-09-05T10:57:03.828-0400][587.483s][info][gc,phases   ] GC(235)   Merge Heap Roots: 0.17ms
[2026-09-05T10:57:03.828-0400][587.483s][info][gc,phases   ] GC(235)   Evacuate Collection Set: 4.05ms
[2026-09-05T10:57:03.828-0400][587.483s][info][gc,phases   ] GC(235)   Post Evacuate Collection Set: 0.63ms
[2026-09-05T10:57:03.828-0400][587.483s][info][gc,phases   ] GC(235)   Other: 0.15ms
[2026-09-05T10:57:03.828-0400][587.483s][info][gc,heap     ] GC(235) Eden regions: 453->0(455)
[2026-09-05T10:57:03.828-0400][587.483s][info][gc,heap     ] GC(235) Survivor regions: 33->32(61)
[2026-09-05T10:57:03.828-0400][587.483s][info][gc,heap     ] GC(235) Old regions: 704->704
[2026-09-05T10:57:03.828-0400][587.483s][info][gc,heap     ] GC(235) Archive regions: 0->0
[2026-09-05T10:57:03.828-0400][587.483s][info][gc,heap     ] GC(235) Humongous regions: 29->29
[2026-09-05T10:57:03.828-0400][587.483s][info][gc,metaspace] GC(235) Metaspace: 153946K(156608K)->153946K(156608K) NonClass: 132054K(133504K)->132054K(133504K) Class: 21892K(23104K)->21892K(23104K)
[2026-09-05T10:57:03.828-0400][587.483s][info][gc          ] GC(235) Pause Young (Normal) (G1 Evacuation Pause) 2434M->1527M(2784M) 5.246ms
[2026-09-05T10:57:03.828-0400][587.483s][info][gc,cpu      ] GC(235) User=0.38s Sys=0.00s Real=0.01s
[2026-09-05T10:57:04.862-0400][588.518s][info][gc,start    ] GC(236) Pause Young (Normal) (GCLocker Initiated GC)
[2026-09-05T10:57:04.862-0400][588.518s][info][gc,task     ] GC(236) Using 23 workers of 23 for evacuation
[2026-09-05T10:57:04.868-0400][588.524s][info][gc,phases   ] GC(236)   Pre Evacuate Collection Set: 0.20ms
[2026-09-05T10:57:04.868-0400][588.524s][info][gc,phases   ] GC(236)   Merge Heap Roots: 0.26ms
[2026-09-05T10:57:04.868-0400][588.524s][info][gc,phases   ] GC(236)   Evacuate Collection Set: 4.73ms
[2026-09-05T10:57:04.868-0400][588.524s][info][gc,phases   ] GC(236)   Post Evacuate Collection Set: 0.61ms
[2026-09-05T10:57:04.868-0400][588.524s][info][gc,phases   ] GC(236)   Other: 0.17ms
[2026-09-05T10:57:04.868-0400][588.524s][info][gc,heap     ] GC(236) Eden regions: 456->0(454)
[2026-09-05T10:57:04.868-0400][588.524s][info][gc,heap     ] GC(236) Survivor regions: 32->31(61)
[2026-09-05T10:57:04.868-0400][588.524s][info][gc,heap     ] GC(236) Old regions: 704->707
[2026-09-05T10:57:04.868-0400][588.524s][info][gc,heap     ] GC(236) Archive regions: 0->0
[2026-09-05T10:57:04.868-0400][588.524s][info][gc,heap     ] GC(236) Humongous regions: 29->29
[2026-09-05T10:57:04.868-0400][588.524s][info][gc,metaspace] GC(236) Metaspace: 153946K(156608K)->153946K(156608K) NonClass: 132054K(133504K)->132054K(133504K) Class: 21892K(23104K)->21892K(23104K)
[2026-09-05T10:57:04.868-0400][588.524s][info][gc          ] GC(236) Pause Young (Normal) (GCLocker Initiated GC) 2437M->1532M(2784M) 6.100ms
[2026-09-05T10:57:04.868-0400][588.524s][info][gc,cpu      ] GC(236) User=0.00s Sys=0.00s Real=0.01s
[2026-09-05T10:57:05.233-0400][588.888s][info][gc,start    ] GC(237) Pause Young (Normal) (G1 Evacuation Pause)
[2026-09-05T10:57:05.233-0400][588.888s][info][gc,task     ] GC(237) Using 23 workers of 23 for evacuation
[2026-09-05T10:57:05.238-0400][588.894s][info][gc,phases   ] GC(237)   Pre Evacuate Collection Set: 0.18ms
[2026-09-05T10:57:05.239-0400][588.894s][info][gc,phases   ] GC(237)   Merge Heap Roots: 0.19ms
[2026-09-05T10:57:05.239-0400][588.894s][info][gc,phases   ] GC(237)   Evacuate Collection Set: 4.35ms
[2026-09-05T10:57:05.239-0400][588.894s][info][gc,phases   ] GC(237)   Post Evacuate Collection Set: 0.64ms
[2026-09-05T10:57:05.239-0400][588.894s][info][gc,phases   ] GC(237)   Other: 0.15ms
[2026-09-05T10:57:05.239-0400][588.894s][info][gc,heap     ] GC(237) Eden regions: 454->0(457)
[2026-09-05T10:57:05.239-0400][588.894s][info][gc,heap     ] GC(237) Survivor regions: 31->27(61)
[2026-09-05T10:57:05.239-0400][588.894s][info][gc,heap     ] GC(237) Old regions: 707->712
[2026-09-05T10:57:05.239-0400][588.894s][info][gc,heap     ] GC(237) Archive regions: 0->0
[2026-09-05T10:57:05.239-0400][588.894s][info][gc,heap     ] GC(237) Humongous regions: 29->29
[2026-09-05T10:57:05.239-0400][588.894s][info][gc,metaspace] GC(237) Metaspace: 153946K(156608K)->153946K(156608K) NonClass: 132054K(133504K)->132054K(133504K) Class: 21892K(23104K)->21892K(23104K)
[2026-09-05T10:57:05.239-0400][588.894s][info][gc          ] GC(237) Pause Young (Normal) (G1 Evacuation Pause) 2440M->1533M(2784M) 5.693ms
[2026-09-05T10:57:05.239-0400][588.894s][info][gc,cpu      ] GC(237) User=0.00s Sys=0.00s Real=0.01s
[2026-09-05T10:57:05.659-0400][589.314s][info][gc,start    ] GC(238) Pause Young (Normal) (G1 Evacuation Pause)
[2026-09-05T10:57:05.659-0400][589.314s][info][gc,task     ] GC(238) Using 23 workers of 23 for evacuation
[2026-09-05T10:57:05.665-0400][589.320s][info][gc,phases   ] GC(238)   Pre Evacuate Collection Set: 0.21ms
[2026-09-05T10:57:05.665-0400][589.320s][info][gc,phases   ] GC(238)   Merge Heap Roots: 0.19ms
[2026-09-05T10:57:05.665-0400][589.320s][info][gc,phases   ] GC(238)   Evacuate Collection Set: 4.32ms
[2026-09-05T10:57:05.665-0400][589.320s][info][gc,phases   ] GC(238)   Post Evacuate Collection Set: 0.84ms
[2026-09-05T10:57:05.665-0400][589.320s][info][gc,phases   ] GC(238)   Other: 0.14ms
[2026-09-05T10:57:05.665-0400][589.320s][info][gc,heap     ] GC(238) Eden regions: 457->0(451)
[2026-09-05T10:57:05.665-0400][589.320s][info][gc,heap     ] GC(238) Survivor regions: 27->29(61)
[2026-09-05T10:57:05.666-0400][589.320s][info][gc,heap     ] GC(238) Old regions: 712->714
[2026-09-05T10:57:05.666-0400][589.320s][info][gc,heap     ] GC(238) Archive regions: 0->0
[2026-09-05T10:57:05.666-0400][589.320s][info][gc,heap     ] GC(238) Humongous regions: 29->29
[2026-09-05T10:57:05.666-0400][589.320s][info][gc,metaspace] GC(238) Metaspace: 153954K(156608K)->153954K(156608K) NonClass: 132062K(133504K)->132062K(133504K) Class: 21892K(23104K)->21892K(23104K)
[2026-09-05T10:57:05.666-0400][589.320s][info][gc          ] GC(238) Pause Young (Normal) (G1 Evacuation Pause) 2447M->1541M(2784M) 5.843ms
[2026-09-05T10:57:05.666-0400][589.320s][info][gc,cpu      ] GC(238) User=0.00s Sys=0.00s Real=0.01s
[2026-09-05T10:57:06.198-0400][589.853s][info][gc,start    ] GC(239) Pause Young (Normal) (G1 Evacuation Pause)
[2026-09-05T10:57:06.198-0400][589.853s][info][gc,task     ] GC(239) Using 23 workers of 23 for evacuation
[2026-09-05T10:57:06.206-0400][589.861s][info][gc,phases   ] GC(239)   Pre Evacuate Collection Set: 0.34ms
[2026-09-05T10:57:06.206-0400][589.861s][info][gc,phases   ] GC(239)   Merge Heap Roots: 0.25ms
[2026-09-05T10:57:06.206-0400][589.861s][info][gc,phases   ] GC(239)   Evacuate Collection Set: 6.03ms
[2026-09-05T10:57:06.206-0400][589.861s][info][gc,phases   ] GC(239)   Post Evacuate Collection Set: 0.89ms
[2026-09-05T10:57:06.206-0400][589.861s][info][gc,phases   ] GC(239)   Other: 0.25ms
[2026-09-05T10:57:06.206-0400][589.861s][info][gc,heap     ] GC(239) Eden regions: 451->0(452)
[2026-09-05T10:57:06.206-0400][589.861s][info][gc,heap     ] GC(239) Survivor regions: 29->27(60)
[2026-09-05T10:57:06.206-0400][589.861s][info][gc,heap     ] GC(239) Old regions: 714->717
[2026-09-05T10:57:06.206-0400][589.861s][info][gc,heap     ] GC(239) Archive regions: 0->0
[2026-09-05T10:57:06.206-0400][589.861s][info][gc,heap     ] GC(239) Humongous regions: 29->29
[2026-09-05T10:57:06.206-0400][589.861s][info][gc,metaspace] GC(239) Metaspace: 153957K(156608K)->153957K(156608K) NonClass: 132065K(133504K)->132065K(133504K) Class: 21892K(23104K)->21892K(23104K)
[2026-09-05T10:57:06.206-0400][589.861s][info][gc          ] GC(239) Pause Young (Normal) (G1 Evacuation Pause) 2443M->1545M(2784M) 7.930ms
[2026-09-05T10:57:06.206-0400][589.861s][info][gc,cpu      ] GC(239) User=0.36s Sys=0.00s Real=0.01s
[2026-09-05T10:57:06.573-0400][590.228s][info][gc,start    ] GC(240) Pause Young (Normal) (G1 Evacuation Pause)
[2026-09-05T10:57:06.573-0400][590.228s][info][gc,task     ] GC(240) Using 23 workers of 23 for evacuation
[2026-09-05T10:57:06.578-0400][590.233s][info][gc,phases   ] GC(240)   Pre Evacuate Collection Set: 0.20ms
[2026-09-05T10:57:06.578-0400][590.233s][info][gc,phases   ] GC(240)   Merge Heap Roots: 0.19ms
[2026-09-05T10:57:06.578-0400][590.233s][info][gc,phases   ] GC(240)   Evacuate Collection Set: 4.16ms
[2026-09-05T10:57:06.578-0400][590.233s][info][gc,phases   ] GC(240)   Post Evacuate Collection Set: 0.61ms
[2026-09-05T10:57:06.578-0400][590.233s][info][gc,phases   ] GC(240)   Other: 0.13ms
[2026-09-05T10:57:06.578-0400][590.233s][info][gc,heap     ] GC(240) Eden regions: 452->0(448)
[2026-09-05T10:57:06.578-0400][590.233s][info][gc,heap     ] GC(240) Survivor regions: 27->27(60)
[2026-09-05T10:57:06.578-0400][590.233s][info][gc,heap     ] GC(240) Old regions: 717->721
[2026-09-05T10:57:06.578-0400][590.234s][info][gc,heap     ] GC(240) Archive regions: 0->0
[2026-09-05T10:57:06.578-0400][590.234s][info][gc,heap     ] GC(240) Humongous regions: 29->29
[2026-09-05T10:57:06.578-0400][590.234s][info][gc,metaspace] GC(240) Metaspace: 153957K(156608K)->153957K(156608K) NonClass: 132065K(133504K)->132065K(133504K) Class: 21892K(23104K)->21892K(23104K)
[2026-09-05T10:57:06.578-0400][590.234s][info][gc          ] GC(240) Pause Young (Normal) (G1 Evacuation Pause) 2449M->1552M(2784M) 5.409ms
[2026-09-05T10:57:06.578-0400][590.234s][info][gc,cpu      ] GC(240) User=0.38s Sys=0.00s Real=0.01s
[2026-09-05T10:57:07.076-0400][590.731s][info][gc,start    ] GC(241) Pause Young (Normal) (GCLocker Initiated GC)
[2026-09-05T10:57:07.076-0400][590.731s][info][gc,task     ] GC(241) Using 23 workers of 23 for evacuation
[2026-09-05T10:57:07.081-0400][590.737s][info][gc,phases   ] GC(241)   Pre Evacuate Collection Set: 0.20ms
[2026-09-05T10:57:07.081-0400][590.737s][info][gc,phases   ] GC(241)   Merge Heap Roots: 0.18ms
[2026-09-05T10:57:07.081-0400][590.737s][info][gc,phases   ] GC(241)   Evacuate Collection Set: 4.71ms
[2026-09-05T10:57:07.081-0400][590.737s][info][gc,phases   ] GC(241)   Post Evacuate Collection Set: 0.65ms
[2026-09-05T10:57:07.081-0400][590.737s][info][gc,phases   ] GC(241)   Other: 0.20ms
[2026-09-05T10:57:07.081-0400][590.737s][info][gc,heap     ] GC(241) Eden regions: 448->0(441)
[2026-09-05T10:57:07.081-0400][590.737s][info][gc,heap     ] GC(241) Survivor regions: 27->29(60)
[2026-09-05T10:57:07.081-0400][590.737s][info][gc,heap     ] GC(241) Old regions: 721->724
[2026-09-05T10:57:07.081-0400][590.737s][info][gc,heap     ] GC(241) Archive regions: 0->0
[2026-09-05T10:57:07.081-0400][590.737s][info][gc,heap     ] GC(241) Humongous regions: 29->29
[2026-09-05T10:57:07.081-0400][590.737s][info][gc,metaspace] GC(241) Metaspace: 153957K(156608K)->153957K(156608K) NonClass: 132065K(133504K)->132065K(133504K) Class: 21892K(23104K)->21892K(23104K)
[2026-09-05T10:57:07.081-0400][590.737s][info][gc          ] GC(241) Pause Young (Normal) (GCLocker Initiated GC) 2448M->1561M(2784M) 6.087ms
[2026-09-05T10:57:07.081-0400][590.737s][info][gc,cpu      ] GC(241) User=0.00s Sys=0.00s Real=0.01s
[2026-09-05T10:57:07.612-0400][591.267s][info][gc,start    ] GC(242) Pause Young (Normal) (G1 Evacuation Pause)
[2026-09-05T10:57:07.612-0400][591.267s][info][gc,task     ] GC(242) Using 23 workers of 23 for evacuation
[2026-09-05T10:57:07.617-0400][591.272s][info][gc,phases   ] GC(242)   Pre Evacuate Collection Set: 0.19ms
[2026-09-05T10:57:07.617-0400][591.272s][info][gc,phases   ] GC(242)   Merge Heap Roots: 0.17ms
[2026-09-05T10:57:07.617-0400][591.272s][info][gc,phases   ] GC(242)   Evacuate Collection Set: 4.48ms
[2026-09-05T10:57:07.617-0400][591.272s][info][gc,phases   ] GC(242)   Post Evacuate Collection Set: 0.77ms
[2026-09-05T10:57:07.617-0400][591.272s][info][gc,phases   ] GC(242)   Other: 0.18ms
[2026-09-05T10:57:07.617-0400][591.272s][info][gc,heap     ] GC(242) Eden regions: 441->0(442)
[2026-09-05T10:57:07.617-0400][591.272s][info][gc,heap     ] GC(242) Survivor regions: 29->27(59)
[2026-09-05T10:57:07.617-0400][591.272s][info][gc,heap     ] GC(242) Old regions: 724->727
[2026-09-05T10:57:07.617-0400][591.272s][info][gc,heap     ] GC(242) Archive regions: 0->0
[2026-09-05T10:57:07.617-0400][591.272s][info][gc,heap     ] GC(242) Humongous regions: 29->29
[2026-09-05T10:57:07.617-0400][591.272s][info][gc,metaspace] GC(242) Metaspace: 153962K(156608K)->153962K(156608K) NonClass: 132070K(133504K)->132070K(133504K) Class: 21892K(23104K)->21892K(23104K)
[2026-09-05T10:57:07.617-0400][591.272s][info][gc          ] GC(242) Pause Young (Normal) (G1 Evacuation Pause) 2443M->1564M(2784M) 5.945ms
[2026-09-05T10:57:07.617-0400][591.272s][info][gc,cpu      ] GC(242) User=0.00s Sys=0.00s Real=0.01s
[2026-09-05T10:57:07.993-0400][591.649s][info][gc,start    ] GC(243) Pause Young (Normal) (G1 Evacuation Pause)
[2026-09-05T10:57:07.993-0400][591.649s][info][gc,task     ] GC(243) Using 23 workers of 23 for evacuation
[2026-09-05T10:57:07.999-0400][591.655s][info][gc,phases   ] GC(243)   Pre Evacuate Collection Set: 0.24ms
[2026-09-05T10:57:07.999-0400][591.655s][info][gc,phases   ] GC(243)   Merge Heap Roots: 0.17ms
[2026-09-05T10:57:07.999-0400][591.655s][info][gc,phases   ] GC(243)   Evacuate Collection Set: 4.89ms
[2026-09-05T10:57:07.999-0400][591.655s][info][gc,phases   ] GC(243)   Post Evacuate Collection Set: 0.65ms
[2026-09-05T10:57:08.000-0400][591.655s][info][gc,phases   ] GC(243)   Other: 0.15ms
[2026-09-05T10:57:08.000-0400][591.655s][info][gc,heap     ] GC(243) Eden regions: 442->0(436)
[2026-09-05T10:57:08.000-0400][591.655s][info][gc,heap     ] GC(243) Survivor regions: 27->28(59)
[2026-09-05T10:57:08.000-0400][591.655s][info][gc,heap     ] GC(243) Old regions: 727->731
[2026-09-05T10:57:08.000-0400][591.655s][info][gc,heap     ] GC(243) Archive regions: 0->0
[2026-09-05T10:57:08.000-0400][591.655s][info][gc,heap     ] GC(243) Humongous regions: 29->29
[2026-09-05T10:57:08.000-0400][591.655s][info][gc,metaspace] GC(243) Metaspace: 153964K(156608K)->153964K(156608K) NonClass: 132072K(133504K)->132072K(133504K) Class: 21892K(23104K)->21892K(23104K)
[2026-09-05T10:57:08.000-0400][591.655s][info][gc          ] GC(243) Pause Young (Normal) (G1 Evacuation Pause) 2448M->1573M(2784M) 6.274ms
[2026-09-05T10:57:08.000-0400][591.655s][info][gc,cpu      ] GC(243) User=0.34s Sys=0.02s Real=0.01s
[2026-09-05T10:57:08.200-0400][591.855s][info][gc,start    ] GC(244) Pause Young (Normal) (G1 Evacuation Pause)
[2026-09-05T10:57:08.200-0400][591.855s][info][gc,task     ] GC(244) Using 23 workers of 23 for evacuation
[2026-09-05T10:57:08.205-0400][591.861s][info][gc,phases   ] GC(244)   Pre Evacuate Collection Set: 0.19ms
[2026-09-05T10:57:08.205-0400][591.861s][info][gc,phases   ] GC(244)   Merge Heap Roots: 0.20ms
[2026-09-05T10:57:08.205-0400][591.861s][info][gc,phases   ] GC(244)   Evacuate Collection Set: 4.61ms
[2026-09-05T10:57:08.205-0400][591.861s][info][gc,phases   ] GC(244)   Post Evacuate Collection Set: 0.73ms
[2026-09-05T10:57:08.205-0400][591.861s][info][gc,phases   ] GC(244)   Other: 0.21ms
[2026-09-05T10:57:08.205-0400][591.861s][info][gc,heap     ] GC(244) Eden regions: 436->0(433)
[2026-09-05T10:57:08.206-0400][591.861s][info][gc,heap     ] GC(244) Survivor regions: 28->29(58)
[2026-09-05T10:57:08.206-0400][591.861s][info][gc,heap     ] GC(244) Old regions: 731->732
[2026-09-05T10:57:08.206-0400][591.861s][info][gc,heap     ] GC(244) Archive regions: 0->0
[2026-09-05T10:57:08.206-0400][591.861s][info][gc,heap     ] GC(244) Humongous regions: 29->29
[2026-09-05T10:57:08.206-0400][591.861s][info][gc,metaspace] GC(244) Metaspace: 153964K(156608K)->153964K(156608K) NonClass: 132072K(133504K)->132072K(133504K) Class: 21892K(23104K)->21892K(23104K)
[2026-09-05T10:57:08.206-0400][591.861s][info][gc          ] GC(244) Pause Young (Normal) (G1 Evacuation Pause) 2445M->1578M(2784M) 6.108ms
[2026-09-05T10:57:08.206-0400][591.861s][info][gc,cpu      ] GC(244) User=0.00s Sys=0.00s Real=0.01s
[2026-09-05T10:57:08.708-0400][592.363s][info][gc,start    ] GC(245) Pause Young (Normal) (G1 Evacuation Pause)
[2026-09-05T10:57:08.708-0400][592.363s][info][gc,task     ] GC(245) Using 23 workers of 23 for evacuation
[2026-09-05T10:57:08.715-0400][592.370s][info][gc,phases   ] GC(245)   Pre Evacuate Collection Set: 0.17ms
[2026-09-05T10:57:08.715-0400][592.370s][info][gc,phases   ] GC(245)   Merge Heap Roots: 0.17ms
[2026-09-05T10:57:08.715-0400][592.370s][info][gc,phases   ] GC(245)   Evacuate Collection Set: 5.04ms
[2026-09-05T10:57:08.715-0400][592.370s][info][gc,phases   ] GC(245)   Post Evacuate Collection Set: 0.65ms
[2026-09-05T10:57:08.715-0400][592.370s][info][gc,phases   ] GC(245)   Other: 0.16ms
[2026-09-05T10:57:08.715-0400][592.370s][info][gc,heap     ] GC(245) Eden regions: 433->0(425)
[2026-09-05T10:57:08.715-0400][592.370s][info][gc,heap     ] GC(245) Survivor regions: 29->33(58)
[2026-09-05T10:57:08.715-0400][592.370s][info][gc,heap     ] GC(245) Old regions: 732->732
[2026-09-05T10:57:08.715-0400][592.370s][info][gc,heap     ] GC(245) Archive regions: 0->0
[2026-09-05T10:57:08.715-0400][592.370s][info][gc,heap     ] GC(245) Humongous regions: 29->29
[2026-09-05T10:57:08.715-0400][592.370s][info][gc,metaspace] GC(245) Metaspace: 153966K(156608K)->153966K(156608K) NonClass: 132073K(133504K)->132073K(133504K) Class: 21892K(23104K)->21892K(23104K)
[2026-09-05T10:57:08.715-0400][592.370s][info][gc          ] GC(245) Pause Young (Normal) (G1 Evacuation Pause) 2444M->1586M(2784M) 6.316ms
[2026-09-05T10:57:08.715-0400][592.370s][info][gc,cpu      ] GC(245) User=0.00s Sys=0.00s Real=0.01s
[2026-09-05T10:57:09.138-0400][592.792s][info][gc,start    ] GC(246) Pause Young (Normal) (G1 Evacuation Pause)
[2026-09-05T10:57:09.138-0400][592.792s][info][gc,task     ] GC(246) Using 23 workers of 23 for evacuation
[2026-09-05T10:57:09.143-0400][592.798s][info][gc,phases   ] GC(246)   Pre Evacuate Collection Set: 0.39ms
[2026-09-05T10:57:09.143-0400][592.798s][info][gc,phases   ] GC(246)   Merge Heap Roots: 0.17ms
[2026-09-05T10:57:09.143-0400][592.798s][info][gc,phases   ] GC(246)   Evacuate Collection Set: 4.59ms
[2026-09-05T10:57:09.143-0400][592.798s][info][gc,phases   ] GC(246)   Post Evacuate Collection Set: 0.72ms
[2026-09-05T10:57:09.143-0400][592.798s][info][gc,phases   ] GC(246)   Other: 0.14ms
[2026-09-05T10:57:09.143-0400][592.798s][info][gc,heap     ] GC(246) Eden regions: 425->0(424)
[2026-09-05T10:57:09.143-0400][592.798s][info][gc,heap     ] GC(246) Survivor regions: 33->32(58)
[2026-09-05T10:57:09.143-0400][592.798s][info][gc,heap     ] GC(246) Old regions: 732->735
[2026-09-05T10:57:09.143-0400][592.798s][info][gc,heap     ] GC(246) Archive regions: 0->0
[2026-09-05T10:57:09.143-0400][592.798s][info][gc,heap     ] GC(246) Humongous regions: 29->29
[2026-09-05T10:57:09.143-0400][592.798s][info][gc,metaspace] GC(246) Metaspace: 153967K(156608K)->153967K(156608K) NonClass: 132075K(133504K)->132075K(133504K) Class: 21892K(23104K)->21892K(23104K)
[2026-09-05T10:57:09.143-0400][592.798s][info][gc          ] GC(246) Pause Young (Normal) (G1 Evacuation Pause) 2436M->1591M(2784M) 6.127ms
[2026-09-05T10:57:09.143-0400][592.798s][info][gc,cpu      ] GC(246) User=0.00s Sys=0.00s Real=0.00s
[2026-09-05T10:57:09.505-0400][593.160s][info][gc,start    ] GC(247) Pause Young (Normal) (G1 Evacuation Pause)
[2026-09-05T10:57:09.505-0400][593.160s][info][gc,task     ] GC(247) Using 23 workers of 23 for evacuation
[2026-09-05T10:57:09.511-0400][593.166s][info][gc,phases   ] GC(247)   Pre Evacuate Collection Set: 0.15ms
[2026-09-05T10:57:09.511-0400][593.166s][info][gc,phases   ] GC(247)   Merge Heap Roots: 0.16ms
[2026-09-05T10:57:09.511-0400][593.166s][info][gc,phases   ] GC(247)   Evacuate Collection Set: 4.27ms
[2026-09-05T10:57:09.511-0400][593.166s][info][gc,phases   ] GC(247)   Post Evacuate Collection Set: 0.71ms
[2026-09-05T10:57:09.511-0400][593.166s][info][gc,phases   ] GC(247)   Other: 0.14ms
[2026-09-05T10:57:09.511-0400][593.166s][info][gc,heap     ] GC(247) Eden regions: 424->0(423)
[2026-09-05T10:57:09.511-0400][593.166s][info][gc,heap     ] GC(247) Survivor regions: 32->31(57)
[2026-09-05T10:57:09.511-0400][593.166s][info][gc,heap     ] GC(247) Old regions: 735->738
[2026-09-05T10:57:09.511-0400][593.166s][info][gc,heap     ] GC(247) Archive regions: 0->0
[2026-09-05T10:57:09.511-0400][593.166s][info][gc,heap     ] GC(247) Humongous regions: 29->29
[2026-09-05T10:57:09.511-0400][593.166s][info][gc,metaspace] GC(247) Metaspace: 153971K(156608K)->153971K(156608K) NonClass: 132078K(133504K)->132078K(133504K) Class: 21892K(23104K)->21892K(23104K)
[2026-09-05T10:57:09.511-0400][593.166s][info][gc          ] GC(247) Pause Young (Normal) (G1 Evacuation Pause) 2439M->1595M(2784M) 5.542ms
[2026-09-05T10:57:09.511-0400][593.166s][info][gc,cpu      ] GC(247) User=0.00s Sys=0.00s Real=0.01s
[2026-09-05T10:57:09.847-0400][593.502s][info][gc,start    ] GC(248) Pause Young (Normal) (G1 Evacuation Pause)
[2026-09-05T10:57:09.847-0400][593.502s][info][gc,task     ] GC(248) Using 23 workers of 23 for evacuation
[2026-09-05T10:57:09.852-0400][593.507s][info][gc,phases   ] GC(248)   Pre Evacuate Collection Set: 0.18ms
[2026-09-05T10:57:09.852-0400][593.507s][info][gc,phases   ] GC(248)   Merge Heap Roots: 0.17ms
[2026-09-05T10:57:09.852-0400][593.507s][info][gc,phases   ] GC(248)   Evacuate Collection Set: 4.05ms
[2026-09-05T10:57:09.852-0400][593.507s][info][gc,phases   ] GC(248)   Post Evacuate Collection Set: 0.59ms
[2026-09-05T10:57:09.852-0400][593.507s][info][gc,phases   ] GC(248)   Other: 0.15ms
[2026-09-05T10:57:09.852-0400][593.507s][info][gc,heap     ] GC(248) Eden regions: 423->0(417)
[2026-09-05T10:57:09.852-0400][593.507s][info][gc,heap     ] GC(248) Survivor regions: 31->34(57)
[2026-09-05T10:57:09.852-0400][593.507s][info][gc,heap     ] GC(248) Old regions: 738->738
[2026-09-05T10:57:09.852-0400][593.507s][info][gc,heap     ] GC(248) Archive regions: 0->0
[2026-09-05T10:57:09.852-0400][593.507s][info][gc,heap     ] GC(248) Humongous regions: 29->29
[2026-09-05T10:57:09.852-0400][593.507s][info][gc,metaspace] GC(248) Metaspace: 153971K(156608K)->153971K(156608K) NonClass: 132078K(133504K)->132078K(133504K) Class: 21892K(23104K)->21892K(23104K)
[2026-09-05T10:57:09.853-0400][593.507s][info][gc          ] GC(248) Pause Young (Normal) (G1 Evacuation Pause) 2441M->1600M(2784M) 5.258ms
[2026-09-05T10:57:09.853-0400][593.507s][info][gc,cpu      ] GC(248) User=0.00s Sys=0.00s Real=0.01s
[2026-09-05T10:57:10.407-0400][594.062s][info][gc,start    ] GC(249) Pause Young (Normal) (G1 Evacuation Pause)
[2026-09-05T10:57:10.407-0400][594.062s][info][gc,task     ] GC(249) Using 23 workers of 23 for evacuation
[2026-09-05T10:57:10.413-0400][594.068s][info][gc,phases   ] GC(249)   Pre Evacuate Collection Set: 0.26ms
[2026-09-05T10:57:10.413-0400][594.068s][info][gc,phases   ] GC(249)   Merge Heap Roots: 0.20ms
[2026-09-05T10:57:10.413-0400][594.068s][info][gc,phases   ] GC(249)   Evacuate Collection Set: 4.31ms
[2026-09-05T10:57:10.413-0400][594.068s][info][gc,phases   ] GC(249)   Post Evacuate Collection Set: 0.67ms
[2026-09-05T10:57:10.413-0400][594.068s][info][gc,phases   ] GC(249)   Other: 0.13ms
[2026-09-05T10:57:10.413-0400][594.068s][info][gc,heap     ] GC(249) Eden regions: 417->0(416)
[2026-09-05T10:57:10.413-0400][594.068s][info][gc,heap     ] GC(249) Survivor regions: 34->33(57)
[2026-09-05T10:57:10.413-0400][594.068s][info][gc,heap     ] GC(249) Old regions: 738->741
[2026-09-05T10:57:10.413-0400][594.068s][info][gc,heap     ] GC(249) Archive regions: 0->0
[2026-09-05T10:57:10.413-0400][594.068s][info][gc,heap     ] GC(249) Humongous regions: 29->29
[2026-09-05T10:57:10.413-0400][594.068s][info][gc,metaspace] GC(249) Metaspace: 153973K(156608K)->153973K(156608K) NonClass: 132080K(133504K)->132080K(133504K) Class: 21892K(23104K)->21892K(23104K)
[2026-09-05T10:57:10.413-0400][594.068s][info][gc          ] GC(249) Pause Young (Normal) (G1 Evacuation Pause) 2434M->1604M(2784M) 5.700ms
[2026-09-05T10:57:10.413-0400][594.068s][info][gc,cpu      ] GC(249) User=0.00s Sys=0.00s Real=0.01s
[2026-09-05T10:57:10.822-0400][594.476s][info][gc,start    ] GC(250) Pause Young (Normal) (G1 Evacuation Pause)
[2026-09-05T10:57:10.822-0400][594.477s][info][gc,task     ] GC(250) Using 23 workers of 23 for evacuation
[2026-09-05T10:57:10.827-0400][594.482s][info][gc,phases   ] GC(250)   Pre Evacuate Collection Set: 0.23ms
[2026-09-05T10:57:10.828-0400][594.482s][info][gc,phases   ] GC(250)   Merge Heap Roots: 0.20ms
[2026-09-05T10:57:10.828-0400][594.482s][info][gc,phases   ] GC(250)   Evacuate Collection Set: 4.66ms
[2026-09-05T10:57:10.828-0400][594.482s][info][gc,phases   ] GC(250)   Post Evacuate Collection Set: 0.61ms
[2026-09-05T10:57:10.828-0400][594.482s][info][gc,phases   ] GC(250)   Other: 0.15ms
[2026-09-05T10:57:10.828-0400][594.482s][info][gc,heap     ] GC(250) Eden regions: 416->0(411)
[2026-09-05T10:57:10.828-0400][594.482s][info][gc,heap     ] GC(250) Survivor regions: 33->34(57)
[2026-09-05T10:57:10.828-0400][594.482s][info][gc,heap     ] GC(250) Old regions: 741->744
[2026-09-05T10:57:10.828-0400][594.482s][info][gc,heap     ] GC(250) Archive regions: 0->0
[2026-09-05T10:57:10.828-0400][594.482s][info][gc,heap     ] GC(250) Humongous regions: 29->29
[2026-09-05T10:57:10.828-0400][594.482s][info][gc,metaspace] GC(250) Metaspace: 153973K(156608K)->153973K(156608K) NonClass: 132080K(133504K)->132080K(133504K) Class: 21892K(23104K)->21892K(23104K)
[2026-09-05T10:57:10.828-0400][594.482s][info][gc          ] GC(250) Pause Young (Normal) (G1 Evacuation Pause) 2436M->1612M(2784M) 5.985ms
[2026-09-05T10:57:10.828-0400][594.482s][info][gc,cpu      ] GC(250) User=0.36s Sys=0.02s Real=0.01s
[2026-09-05T10:57:11.151-0400][594.806s][info][gc,start    ] GC(251) Pause Young (Normal) (G1 Evacuation Pause)
[2026-09-05T10:57:11.151-0400][594.806s][info][gc,task     ] GC(251) Using 23 workers of 23 for evacuation
[2026-09-05T10:57:11.157-0400][594.812s][info][gc,phases   ] GC(251)   Pre Evacuate Collection Set: 0.24ms
[2026-09-05T10:57:11.157-0400][594.812s][info][gc,phases   ] GC(251)   Merge Heap Roots: 0.20ms
[2026-09-05T10:57:11.157-0400][594.812s][info][gc,phases   ] GC(251)   Evacuate Collection Set: 5.00ms
[2026-09-05T10:57:11.157-0400][594.812s][info][gc,phases   ] GC(251)   Post Evacuate Collection Set: 0.53ms
[2026-09-05T10:57:11.157-0400][594.812s][info][gc,phases   ] GC(251)   Other: 0.13ms
[2026-09-05T10:57:11.157-0400][594.812s][info][gc,heap     ] GC(251) Eden regions: 411->0(404)
[2026-09-05T10:57:11.157-0400][594.812s][info][gc,heap     ] GC(251) Survivor regions: 34->35(56)
[2026-09-05T10:57:11.157-0400][594.812s][info][gc,heap     ] GC(251) Old regions: 744->749
[2026-09-05T10:57:11.157-0400][594.812s][info][gc,heap     ] GC(251) Archive regions: 0->0
[2026-09-05T10:57:11.157-0400][594.812s][info][gc,heap     ] GC(251) Humongous regions: 29->29
[2026-09-05T10:57:11.157-0400][594.812s][info][gc,metaspace] GC(251) Metaspace: 153973K(156608K)->153973K(156608K) NonClass: 132080K(133504K)->132080K(133504K) Class: 21892K(23104K)->21892K(23104K)
[2026-09-05T10:57:11.157-0400][594.812s][info][gc          ] GC(251) Pause Young (Normal) (G1 Evacuation Pause) 2434M->1623M(2784M) 6.221ms
[2026-09-05T10:57:11.157-0400][594.812s][info][gc,cpu      ] GC(251) User=0.36s Sys=0.02s Real=0.01s
[2026-09-05T10:57:11.406-0400][595.061s][info][gc,start    ] GC(252) Pause Young (Normal) (G1 Evacuation Pause)
[2026-09-05T10:57:11.406-0400][595.061s][info][gc,task     ] GC(252) Using 23 workers of 23 for evacuation
[2026-09-05T10:57:11.413-0400][595.068s][info][gc,phases   ] GC(252)   Pre Evacuate Collection Set: 0.22ms
[2026-09-05T10:57:11.414-0400][595.068s][info][gc,phases   ] GC(252)   Merge Heap Roots: 0.21ms
[2026-09-05T10:57:11.414-0400][595.068s][info][gc,phases   ] GC(252)   Evacuate Collection Set: 6.37ms
[2026-09-05T10:57:11.414-0400][595.068s][info][gc,phases   ] GC(252)   Post Evacuate Collection Set: 0.71ms
[2026-09-05T10:57:11.414-0400][595.068s][info][gc,phases   ] GC(252)   Other: 0.19ms
[2026-09-05T10:57:11.414-0400][595.068s][info][gc,heap     ] GC(252) Eden regions: 404->0(402)
[2026-09-05T10:57:11.414-0400][595.068s][info][gc,heap     ] GC(252) Survivor regions: 35->34(55)
[2026-09-05T10:57:11.414-0400][595.068s][info][gc,heap     ] GC(252) Old regions: 749->753
[2026-09-05T10:57:11.414-0400][595.068s][info][gc,heap     ] GC(252) Archive regions: 0->0
[2026-09-05T10:57:11.414-0400][595.068s][info][gc,heap     ] GC(252) Humongous regions: 29->29
[2026-09-05T10:57:11.414-0400][595.068s][info][gc,metaspace] GC(252) Metaspace: 153975K(156608K)->153975K(156608K) NonClass: 132082K(133504K)->132082K(133504K) Class: 21892K(23104K)->21892K(23104K)
[2026-09-05T10:57:11.414-0400][595.068s][info][gc          ] GC(252) Pause Young (Normal) (G1 Evacuation Pause) 2431M->1630M(2784M) 7.830ms
[2026-09-05T10:57:11.414-0400][595.068s][info][gc,cpu      ] GC(252) User=0.00s Sys=0.00s Real=0.01s
[2026-09-05T10:57:11.777-0400][595.432s][info][gc,start    ] GC(253) Pause Young (Normal) (G1 Evacuation Pause)
[2026-09-05T10:57:11.777-0400][595.432s][info][gc,task     ] GC(253) Using 23 workers of 23 for evacuation
[2026-09-05T10:57:11.782-0400][595.438s][info][gc,phases   ] GC(253)   Pre Evacuate Collection Set: 0.23ms
[2026-09-05T10:57:11.782-0400][595.438s][info][gc,phases   ] GC(253)   Merge Heap Roots: 0.13ms
[2026-09-05T10:57:11.782-0400][595.438s][info][gc,phases   ] GC(253)   Evacuate Collection Set: 4.28ms
[2026-09-05T10:57:11.782-0400][595.438s][info][gc,phases   ] GC(253)   Post Evacuate Collection Set: 0.68ms
[2026-09-05T10:57:11.782-0400][595.438s][info][gc,phases   ] GC(253)   Other: 0.13ms
[2026-09-05T10:57:11.782-0400][595.438s][info][gc,heap     ] GC(253) Eden regions: 402->0(407)
[2026-09-05T10:57:11.782-0400][595.438s][info][gc,heap     ] GC(253) Survivor regions: 34->28(55)
[2026-09-05T10:57:11.782-0400][595.438s][info][gc,heap     ] GC(253) Old regions: 753->760
[2026-09-05T10:57:11.782-0400][595.438s][info][gc,heap     ] GC(253) Archive regions: 0->0
[2026-09-05T10:57:11.782-0400][595.438s][info][gc,heap     ] GC(253) Humongous regions: 29->29
[2026-09-05T10:57:11.782-0400][595.438s][info][gc,metaspace] GC(253) Metaspace: 153975K(156608K)->153975K(156608K) NonClass: 132082K(133504K)->132082K(133504K) Class: 21892K(23104K)->21892K(23104K)
[2026-09-05T10:57:11.782-0400][595.438s][info][gc          ] GC(253) Pause Young (Normal) (G1 Evacuation Pause) 2434M->1632M(2784M) 5.578ms
[2026-09-05T10:57:11.782-0400][595.438s][info][gc,cpu      ] GC(253) User=0.11s Sys=0.00s Real=0.01s
[2026-09-05T10:57:12.110-0400][595.765s][info][gc,start    ] GC(254) Pause Young (Normal) (G1 Evacuation Pause)
[2026-09-05T10:57:12.110-0400][595.765s][info][gc,task     ] GC(254) Using 23 workers of 23 for evacuation
[2026-09-05T10:57:12.117-0400][595.771s][info][gc,phases   ] GC(254)   Pre Evacuate Collection Set: 0.21ms
[2026-09-05T10:57:12.117-0400][595.771s][info][gc,phases   ] GC(254)   Merge Heap Roots: 0.19ms
[2026-09-05T10:57:12.117-0400][595.771s][info][gc,phases   ] GC(254)   Evacuate Collection Set: 4.91ms
[2026-09-05T10:57:12.117-0400][595.771s][info][gc,phases   ] GC(254)   Post Evacuate Collection Set: 0.72ms
[2026-09-05T10:57:12.117-0400][595.771s][info][gc,phases   ] GC(254)   Other: 0.18ms
[2026-09-05T10:57:12.117-0400][595.771s][info][gc,heap     ] GC(254) Eden regions: 407->0(399)
[2026-09-05T10:57:12.117-0400][595.771s][info][gc,heap     ] GC(254) Survivor regions: 28->32(55)
[2026-09-05T10:57:12.117-0400][595.771s][info][gc,heap     ] GC(254) Old regions: 760->760
[2026-09-05T10:57:12.117-0400][595.771s][info][gc,heap     ] GC(254) Archive regions: 0->0
[2026-09-05T10:57:12.117-0400][595.771s][info][gc,heap     ] GC(254) Humongous regions: 29->29
[2026-09-05T10:57:12.117-0400][595.771s][info][gc,metaspace] GC(254) Metaspace: 153975K(156608K)->153975K(156608K) NonClass: 132082K(133504K)->132082K(133504K) Class: 21892K(23104K)->21892K(23104K)
[2026-09-05T10:57:12.117-0400][595.771s][info][gc          ] GC(254) Pause Young (Normal) (G1 Evacuation Pause) 2446M->1639M(2784M) 6.361ms
[2026-09-05T10:57:12.117-0400][595.771s][info][gc,cpu      ] GC(254) User=0.00s Sys=0.00s Real=0.01s
[2026-09-05T10:57:12.556-0400][596.212s][info][gc,start    ] GC(255) Pause Young (Normal) (G1 Evacuation Pause)
[2026-09-05T10:57:12.556-0400][596.212s][info][gc,task     ] GC(255) Using 23 workers of 23 for evacuation
[2026-09-05T10:57:12.562-0400][596.217s][info][gc,phases   ] GC(255)   Pre Evacuate Collection Set: 0.24ms
[2026-09-05T10:57:12.562-0400][596.217s][info][gc,phases   ] GC(255)   Merge Heap Roots: 0.20ms
[2026-09-05T10:57:12.562-0400][596.218s][info][gc,phases   ] GC(255)   Evacuate Collection Set: 4.23ms
[2026-09-05T10:57:12.562-0400][596.218s][info][gc,phases   ] GC(255)   Post Evacuate Collection Set: 0.83ms
[2026-09-05T10:57:12.562-0400][596.218s][info][gc,phases   ] GC(255)   Other: 0.22ms
[2026-09-05T10:57:12.562-0400][596.218s][info][gc,heap     ] GC(255) Eden regions: 399->0(403)
[2026-09-05T10:57:12.562-0400][596.218s][info][gc,heap     ] GC(255) Survivor regions: 32->29(54)
[2026-09-05T10:57:12.562-0400][596.218s][info][gc,heap     ] GC(255) Old regions: 760->762
[2026-09-05T10:57:12.562-0400][596.218s][info][gc,heap     ] GC(255) Archive regions: 0->0
[2026-09-05T10:57:12.562-0400][596.218s][info][gc,heap     ] GC(255) Humongous regions: 29->29
[2026-09-05T10:57:12.562-0400][596.218s][info][gc,metaspace] GC(255) Metaspace: 153976K(156608K)->153976K(156608K) NonClass: 132083K(133504K)->132083K(133504K) Class: 21892K(23104K)->21892K(23104K)
[2026-09-05T10:57:12.562-0400][596.218s][info][gc          ] GC(255) Pause Young (Normal) (G1 Evacuation Pause) 2437M->1639M(2784M) 5.828ms
[2026-09-05T10:57:12.562-0400][596.218s][info][gc,cpu      ] GC(255) User=0.36s Sys=0.02s Real=0.01s
[2026-09-05T10:57:12.872-0400][596.527s][info][gc,start    ] GC(256) Pause Young (Normal) (GCLocker Initiated GC)
[2026-09-05T10:57:12.872-0400][596.527s][info][gc,task     ] GC(256) Using 23 workers of 23 for evacuation
[2026-09-05T10:57:12.879-0400][596.534s][info][gc,phases   ] GC(256)   Pre Evacuate Collection Set: 0.24ms
[2026-09-05T10:57:12.879-0400][596.534s][info][gc,phases   ] GC(256)   Merge Heap Roots: 0.20ms
[2026-09-05T10:57:12.879-0400][596.534s][info][gc,phases   ] GC(256)   Evacuate Collection Set: 5.34ms
[2026-09-05T10:57:12.879-0400][596.534s][info][gc,phases   ] GC(256)   Post Evacuate Collection Set: 0.76ms
[2026-09-05T10:57:12.879-0400][596.534s][info][gc,phases   ] GC(256)   Other: 0.20ms
[2026-09-05T10:57:12.879-0400][596.534s][info][gc,heap     ] GC(256) Eden regions: 404->0(393)
[2026-09-05T10:57:12.879-0400][596.534s][info][gc,heap     ] GC(256) Survivor regions: 29->34(54)
[2026-09-05T10:57:12.879-0400][596.534s][info][gc,heap     ] GC(256) Old regions: 762->762
[2026-09-05T10:57:12.879-0400][596.534s][info][gc,heap     ] GC(256) Archive regions: 0->0
[2026-09-05T10:57:12.879-0400][596.534s][info][gc,heap     ] GC(256) Humongous regions: 29->29
[2026-09-05T10:57:12.879-0400][596.534s][info][gc,metaspace] GC(256) Metaspace: 153976K(156608K)->153976K(156608K) NonClass: 132083K(133504K)->132083K(133504K) Class: 21892K(23104K)->21892K(23104K)
[2026-09-05T10:57:12.879-0400][596.534s][info][gc          ] GC(256) Pause Young (Normal) (GCLocker Initiated GC) 2446M->1649M(2784M) 6.855ms
[2026-09-05T10:57:12.879-0400][596.534s][info][gc,cpu      ] GC(256) User=0.02s Sys=0.00s Real=0.01s
[2026-09-05T10:57:13.360-0400][597.015s][info][gc,start    ] GC(257) Pause Young (Normal) (G1 Evacuation Pause)
[2026-09-05T10:57:13.360-0400][597.015s][info][gc,task     ] GC(257) Using 23 workers of 23 for evacuation
[2026-09-05T10:57:13.366-0400][597.021s][info][gc,phases   ] GC(257)   Pre Evacuate Collection Set: 0.29ms
[2026-09-05T10:57:13.366-0400][597.021s][info][gc,phases   ] GC(257)   Merge Heap Roots: 0.18ms
[2026-09-05T10:57:13.366-0400][597.021s][info][gc,phases   ] GC(257)   Evacuate Collection Set: 4.52ms
[2026-09-05T10:57:13.366-0400][597.021s][info][gc,phases   ] GC(257)   Post Evacuate Collection Set: 0.77ms
[2026-09-05T10:57:13.366-0400][597.021s][info][gc,phases   ] GC(257)   Other: 0.21ms
[2026-09-05T10:57:13.366-0400][597.021s][info][gc,heap     ] GC(257) Eden regions: 393->0(395)
[2026-09-05T10:57:13.366-0400][597.021s][info][gc,heap     ] GC(257) Survivor regions: 34->30(54)
[2026-09-05T10:57:13.366-0400][597.021s][info][gc,heap     ] GC(257) Old regions: 762->768
[2026-09-05T10:57:13.366-0400][597.021s][info][gc,heap     ] GC(257) Archive regions: 0->0
[2026-09-05T10:57:13.366-0400][597.021s][info][gc,heap     ] GC(257) Humongous regions: 29->29
[2026-09-05T10:57:13.366-0400][597.021s][info][gc,metaspace] GC(257) Metaspace: 153976K(156608K)->153976K(156608K) NonClass: 132083K(133504K)->132083K(133504K) Class: 21892K(23104K)->21892K(23104K)
[2026-09-05T10:57:13.366-0400][597.021s][info][gc          ] GC(257) Pause Young (Normal) (G1 Evacuation Pause) 2435M->1651M(2784M) 6.073ms
[2026-09-05T10:57:13.366-0400][597.021s][info][gc,cpu      ] GC(257) User=0.00s Sys=0.00s Real=0.01s
[2026-09-05T10:57:13.688-0400][597.343s][info][gc,start    ] GC(258) Pause Young (Normal) (G1 Evacuation Pause)
[2026-09-05T10:57:13.688-0400][597.343s][info][gc,task     ] GC(258) Using 23 workers of 23 for evacuation
[2026-09-05T10:57:13.693-0400][597.349s][info][gc,phases   ] GC(258)   Pre Evacuate Collection Set: 0.27ms
[2026-09-05T10:57:13.693-0400][597.349s][info][gc,phases   ] GC(258)   Merge Heap Roots: 0.17ms
[2026-09-05T10:57:13.693-0400][597.349s][info][gc,phases   ] GC(258)   Evacuate Collection Set: 3.79ms
[2026-09-05T10:57:13.693-0400][597.349s][info][gc,phases   ] GC(258)   Post Evacuate Collection Set: 0.96ms
[2026-09-05T10:57:13.693-0400][597.349s][info][gc,phases   ] GC(258)   Other: 0.26ms
[2026-09-05T10:57:13.693-0400][597.349s][info][gc,heap     ] GC(258) Eden regions: 395->0(393)
[2026-09-05T10:57:13.693-0400][597.349s][info][gc,heap     ] GC(258) Survivor regions: 30->31(54)
[2026-09-05T10:57:13.693-0400][597.349s][info][gc,heap     ] GC(258) Old regions: 768->768
[2026-09-05T10:57:13.693-0400][597.349s][info][gc,heap     ] GC(258) Archive regions: 0->0
[2026-09-05T10:57:13.693-0400][597.349s][info][gc,heap     ] GC(258) Humongous regions: 29->29
[2026-09-05T10:57:13.693-0400][597.349s][info][gc,metaspace] GC(258) Metaspace: 153976K(156608K)->153976K(156608K) NonClass: 132084K(133504K)->132084K(133504K) Class: 21892K(23104K)->21892K(23104K)
[2026-09-05T10:57:13.693-0400][597.349s][info][gc          ] GC(258) Pause Young (Normal) (G1 Evacuation Pause) 2441M->1654M(2784M) 5.551ms
[2026-09-05T10:57:13.693-0400][597.349s][info][gc,cpu      ] GC(258) User=0.00s Sys=0.00s Real=0.01s
[2026-09-05T10:57:14.102-0400][597.758s][info][gc,start    ] GC(259) Pause Young (Normal) (G1 Evacuation Pause)
[2026-09-05T10:57:14.102-0400][597.758s][info][gc,task     ] GC(259) Using 23 workers of 23 for evacuation
[2026-09-05T10:57:14.108-0400][597.763s][info][gc,phases   ] GC(259)   Pre Evacuate Collection Set: 0.23ms
[2026-09-05T10:57:14.108-0400][597.763s][info][gc,phases   ] GC(259)   Merge Heap Roots: 0.18ms
[2026-09-05T10:57:14.108-0400][597.763s][info][gc,phases   ] GC(259)   Evacuate Collection Set: 4.29ms
[2026-09-05T10:57:14.108-0400][597.763s][info][gc,phases   ] GC(259)   Post Evacuate Collection Set: 0.61ms
[2026-09-05T10:57:14.108-0400][597.763s][info][gc,phases   ] GC(259)   Other: 0.15ms
[2026-09-05T10:57:14.108-0400][597.763s][info][gc,heap     ] GC(259) Eden regions: 393->0(387)
[2026-09-05T10:57:14.108-0400][597.763s][info][gc,heap     ] GC(259) Survivor regions: 31->33(53)
[2026-09-05T10:57:14.108-0400][597.763s][info][gc,heap     ] GC(259) Old regions: 768->770
[2026-09-05T10:57:14.108-0400][597.763s][info][gc,heap     ] GC(259) Archive regions: 0->0
[2026-09-05T10:57:14.108-0400][597.763s][info][gc,heap     ] GC(259) Humongous regions: 29->29
[2026-09-05T10:57:14.108-0400][597.763s][info][gc,metaspace] GC(259) Metaspace: 153981K(156608K)->153981K(156608K) NonClass: 132088K(133504K)->132088K(133504K) Class: 21892K(23104K)->21892K(23104K)
[2026-09-05T10:57:14.108-0400][597.763s][info][gc          ] GC(259) Pause Young (Normal) (G1 Evacuation Pause) 2440M->1662M(2784M) 5.585ms
[2026-09-05T10:57:14.108-0400][597.763s][info][gc,cpu      ] GC(259) User=0.31s Sys=0.05s Real=0.01s
[2026-09-05T10:57:14.275-0400][597.931s][info][gc,start    ] GC(260) Pause Young (Normal) (G1 Evacuation Pause)
[2026-09-05T10:57:14.276-0400][597.931s][info][gc,task     ] GC(260) Using 23 workers of 23 for evacuation
[2026-09-05T10:57:14.283-0400][597.938s][info][gc,phases   ] GC(260)   Pre Evacuate Collection Set: 0.23ms
[2026-09-05T10:57:14.283-0400][597.938s][info][gc,phases   ] GC(260)   Merge Heap Roots: 0.21ms
[2026-09-05T10:57:14.283-0400][597.938s][info][gc,phases   ] GC(260)   Evacuate Collection Set: 5.91ms
[2026-09-05T10:57:14.283-0400][597.938s][info][gc,phases   ] GC(260)   Post Evacuate Collection Set: 0.66ms
[2026-09-05T10:57:14.283-0400][597.938s][info][gc,phases   ] GC(260)   Other: 0.20ms
[2026-09-05T10:57:14.283-0400][597.938s][info][gc,heap     ] GC(260) Eden regions: 387->0(383)
[2026-09-05T10:57:14.283-0400][597.938s][info][gc,heap     ] GC(260) Survivor regions: 33->31(53)
[2026-09-05T10:57:14.283-0400][597.938s][info][gc,heap     ] GC(260) Old regions: 770->778
[2026-09-05T10:57:14.283-0400][597.938s][info][gc,heap     ] GC(260) Archive regions: 0->0
[2026-09-05T10:57:14.283-0400][597.938s][info][gc,heap     ] GC(260) Humongous regions: 29->29
[2026-09-05T10:57:14.283-0400][597.938s][info][gc,metaspace] GC(260) Metaspace: 153982K(156608K)->153982K(156608K) NonClass: 132089K(133504K)->132089K(133504K) Class: 21892K(23104K)->21892K(23104K)
[2026-09-05T10:57:14.283-0400][597.938s][info][gc          ] GC(260) Pause Young (Normal) (G1 Evacuation Pause) 2436M->1674M(2784M) 7.326ms
[2026-09-05T10:57:14.283-0400][597.938s][info][gc,cpu      ] GC(260) User=0.36s Sys=0.00s Real=0.01s
[2026-09-05T10:57:14.762-0400][598.417s][info][gc,start    ] GC(261) Pause Young (Normal) (G1 Evacuation Pause)
[2026-09-05T10:57:14.762-0400][598.417s][info][gc,task     ] GC(261) Using 23 workers of 23 for evacuation
[2026-09-05T10:57:14.769-0400][598.424s][info][gc,phases   ] GC(261)   Pre Evacuate Collection Set: 0.26ms
[2026-09-05T10:57:14.769-0400][598.424s][info][gc,phases   ] GC(261)   Merge Heap Roots: 0.20ms
[2026-09-05T10:57:14.769-0400][598.424s][info][gc,phases   ] GC(261)   Evacuate Collection Set: 5.11ms
[2026-09-05T10:57:14.769-0400][598.424s][info][gc,phases   ] GC(261)   Post Evacuate Collection Set: 0.77ms
[2026-09-05T10:57:14.769-0400][598.424s][info][gc,phases   ] GC(261)   Other: 0.25ms
[2026-09-05T10:57:14.769-0400][598.424s][info][gc,heap     ] GC(261) Eden regions: 383->0(378)
[2026-09-05T10:57:14.769-0400][598.424s][info][gc,heap     ] GC(261) Survivor regions: 31->32(52)
[2026-09-05T10:57:14.769-0400][598.424s][info][gc,heap     ] GC(261) Old regions: 778->781
[2026-09-05T10:57:14.769-0400][598.424s][info][gc,heap     ] GC(261) Archive regions: 0->0
[2026-09-05T10:57:14.769-0400][598.424s][info][gc,heap     ] GC(261) Humongous regions: 29->29
[2026-09-05T10:57:14.769-0400][598.424s][info][gc,metaspace] GC(261) Metaspace: 153984K(156672K)->153984K(156672K) NonClass: 132092K(133568K)->132092K(133568K) Class: 21892K(23104K)->21892K(23104K)
[2026-09-05T10:57:14.769-0400][598.424s][info][gc          ] GC(261) Pause Young (Normal) (G1 Evacuation Pause) 2440M->1681M(2784M) 6.702ms
[2026-09-05T10:57:14.769-0400][598.424s][info][gc,cpu      ] GC(261) User=0.00s Sys=0.02s Real=0.01s
[2026-09-05T10:57:14.863-0400][598.518s][info][gc,start    ] GC(262) Pause Young (Normal) (G1 Evacuation Pause)
[2026-09-05T10:57:14.863-0400][598.518s][info][gc,task     ] GC(262) Using 23 workers of 23 for evacuation
[2026-09-05T10:57:14.869-0400][598.524s][info][gc,phases   ] GC(262)   Pre Evacuate Collection Set: 0.17ms
[2026-09-05T10:57:14.869-0400][598.524s][info][gc,phases   ] GC(262)   Merge Heap Roots: 0.21ms
[2026-09-05T10:57:14.869-0400][598.524s][info][gc,phases   ] GC(262)   Evacuate Collection Set: 4.99ms
[2026-09-05T10:57:14.869-0400][598.524s][info][gc,phases   ] GC(262)   Post Evacuate Collection Set: 0.71ms
[2026-09-05T10:57:14.869-0400][598.524s][info][gc,phases   ] GC(262)   Other: 0.16ms
[2026-09-05T10:57:14.869-0400][598.524s][info][gc,heap     ] GC(262) Eden regions: 378->0(381)
[2026-09-05T10:57:14.869-0400][598.524s][info][gc,heap     ] GC(262) Survivor regions: 32->28(52)
[2026-09-05T10:57:14.869-0400][598.524s][info][gc,heap     ] GC(262) Old regions: 781->786
[2026-09-05T10:57:14.869-0400][598.524s][info][gc,heap     ] GC(262) Archive regions: 0->0
[2026-09-05T10:57:14.869-0400][598.524s][info][gc,heap     ] GC(262) Humongous regions: 29->29
[2026-09-05T10:57:14.869-0400][598.524s][info][gc,metaspace] GC(262) Metaspace: 153985K(156672K)->153985K(156672K) NonClass: 132093K(133568K)->132093K(133568K) Class: 21892K(23104K)->21892K(23104K)
[2026-09-05T10:57:14.869-0400][598.524s][info][gc          ] GC(262) Pause Young (Normal) (G1 Evacuation Pause) 2437M->1684M(2784M) 6.389ms
[2026-09-05T10:57:14.869-0400][598.524s][info][gc,cpu      ] GC(262) User=0.00s Sys=0.00s Real=0.01s
[2026-09-05T10:57:15.479-0400][599.134s][info][gc,start    ] GC(263) Pause Young (Normal) (GCLocker Initiated GC)
[2026-09-05T10:57:15.479-0400][599.134s][info][gc,task     ] GC(263) Using 23 workers of 23 for evacuation
[2026-09-05T10:57:15.484-0400][599.139s][info][gc,phases   ] GC(263)   Pre Evacuate Collection Set: 0.18ms
[2026-09-05T10:57:15.484-0400][599.139s][info][gc,phases   ] GC(263)   Merge Heap Roots: 0.16ms
[2026-09-05T10:57:15.484-0400][599.139s][info][gc,phases   ] GC(263)   Evacuate Collection Set: 3.83ms
[2026-09-05T10:57:15.484-0400][599.139s][info][gc,phases   ] GC(263)   Post Evacuate Collection Set: 0.75ms
[2026-09-05T10:57:15.484-0400][599.139s][info][gc,phases   ] GC(263)   Other: 0.13ms
[2026-09-05T10:57:15.484-0400][599.139s][info][gc,heap     ] GC(263) Eden regions: 382->0(381)
[2026-09-05T10:57:15.484-0400][599.139s][info][gc,heap     ] GC(263) Survivor regions: 28->28(52)
[2026-09-05T10:57:15.484-0400][599.139s][info][gc,heap     ] GC(263) Old regions: 786->786
[2026-09-05T10:57:15.484-0400][599.139s][info][gc,heap     ] GC(263) Archive regions: 0->0
[2026-09-05T10:57:15.484-0400][599.139s][info][gc,heap     ] GC(263) Humongous regions: 29->29
[2026-09-05T10:57:15.484-0400][599.139s][info][gc,metaspace] GC(263) Metaspace: 153987K(156672K)->153987K(156672K) NonClass: 132095K(133568K)->132095K(133568K) Class: 21892K(23104K)->21892K(23104K)
[2026-09-05T10:57:15.484-0400][599.139s][info][gc          ] GC(263) Pause Young (Normal) (GCLocker Initiated GC) 2447M->1684M(2784M) 5.172ms
[2026-09-05T10:57:15.484-0400][599.139s][info][gc,cpu      ] GC(263) User=0.33s Sys=0.00s Real=0.00s
[2026-09-05T10:57:15.631-0400][599.287s][info][gc,start    ] GC(264) Pause Young (Normal) (G1 Evacuation Pause)
[2026-09-05T10:57:15.631-0400][599.287s][info][gc,task     ] GC(264) Using 23 workers of 23 for evacuation
[2026-09-05T10:57:15.637-0400][599.292s][info][gc,phases   ] GC(264)   Pre Evacuate Collection Set: 0.13ms
[2026-09-05T10:57:15.637-0400][599.292s][info][gc,phases   ] GC(264)   Merge Heap Roots: 0.17ms
[2026-09-05T10:57:15.637-0400][599.292s][info][gc,phases   ] GC(264)   Evacuate Collection Set: 4.25ms
[2026-09-05T10:57:15.637-0400][599.292s][info][gc,phases   ] GC(264)   Post Evacuate Collection Set: 0.70ms
[2026-09-05T10:57:15.637-0400][599.292s][info][gc,phases   ] GC(264)   Other: 0.16ms
[2026-09-05T10:57:15.637-0400][599.292s][info][gc,heap     ] GC(264) Eden regions: 381->0(375)
[2026-09-05T10:57:15.637-0400][599.292s][info][gc,heap     ] GC(264) Survivor regions: 28->31(52)
[2026-09-05T10:57:15.637-0400][599.292s][info][gc,heap     ] GC(264) Old regions: 786->786
[2026-09-05T10:57:15.637-0400][599.292s][info][gc,heap     ] GC(264) Archive regions: 0->0
[2026-09-05T10:57:15.637-0400][599.292s][info][gc,heap     ] GC(264) Humongous regions: 29->29
[2026-09-05T10:57:15.637-0400][599.292s][info][gc,metaspace] GC(264) Metaspace: 153991K(156672K)->153991K(156672K) NonClass: 132099K(133568K)->132099K(133568K) Class: 21892K(23104K)->21892K(23104K)
[2026-09-05T10:57:15.637-0400][599.292s][info][gc          ] GC(264) Pause Young (Normal) (G1 Evacuation Pause) 2446M->1689M(2784M) 5.557ms
[2026-09-05T10:57:15.637-0400][599.292s][info][gc,cpu      ] GC(264) User=0.00s Sys=0.00s Real=0.01s
[2026-09-05T10:57:16.175-0400][599.830s][info][gc,start    ] GC(265) Pause Young (Normal) (G1 Evacuation Pause)
[2026-09-05T10:57:16.175-0400][599.830s][info][gc,task     ] GC(265) Using 23 workers of 23 for evacuation
[2026-09-05T10:57:16.180-0400][599.835s][info][gc,phases   ] GC(265)   Pre Evacuate Collection Set: 0.39ms
[2026-09-05T10:57:16.180-0400][599.835s][info][gc,phases   ] GC(265)   Merge Heap Roots: 0.17ms
[2026-09-05T10:57:16.180-0400][599.835s][info][gc,phases   ] GC(265)   Evacuate Collection Set: 4.19ms
[2026-09-05T10:57:16.180-0400][599.835s][info][gc,phases   ] GC(265)   Post Evacuate Collection Set: 0.63ms
[2026-09-05T10:57:16.180-0400][599.835s][info][gc,phases   ] GC(265)   Other: 0.13ms
[2026-09-05T10:57:16.180-0400][599.835s][info][gc,heap     ] GC(265) Eden regions: 375->0(378)
[2026-09-05T10:57:16.180-0400][599.835s][info][gc,heap     ] GC(265) Survivor regions: 31->27(51)
[2026-09-05T10:57:16.180-0400][599.835s][info][gc,heap     ] GC(265) Old regions: 786->791
[2026-09-05T10:57:16.180-0400][599.835s][info][gc,heap     ] GC(265) Archive regions: 0->0
[2026-09-05T10:57:16.180-0400][599.835s][info][gc,heap     ] GC(265) Humongous regions: 29->29
[2026-09-05T10:57:16.180-0400][599.835s][info][gc,metaspace] GC(265) Metaspace: 153995K(156672K)->153995K(156672K) NonClass: 132102K(133568K)->132102K(133568K) Class: 21892K(23104K)->21892K(23104K)
[2026-09-05T10:57:16.180-0400][599.835s][info][gc          ] GC(265) Pause Young (Normal) (G1 Evacuation Pause) 2439M->1692M(2784M) 5.620ms
[2026-09-05T10:57:16.180-0400][599.836s][info][gc,cpu      ] GC(265) User=0.00s Sys=0.00s Real=0.01s
[2026-09-05T10:57:16.503-0400][600.158s][info][gc,start    ] GC(266) Pause Young (Normal) (G1 Evacuation Pause)
[2026-09-05T10:57:16.503-0400][600.158s][info][gc,task     ] GC(266) Using 23 workers of 23 for evacuation
[2026-09-05T10:57:16.507-0400][600.163s][info][gc,phases   ] GC(266)   Pre Evacuate Collection Set: 0.22ms
[2026-09-05T10:57:16.507-0400][600.163s][info][gc,phases   ] GC(266)   Merge Heap Roots: 0.17ms
[2026-09-05T10:57:16.507-0400][600.163s][info][gc,phases   ] GC(266)   Evacuate Collection Set: 3.52ms
[2026-09-05T10:57:16.507-0400][600.163s][info][gc,phases   ] GC(266)   Post Evacuate Collection Set: 0.56ms
[2026-09-05T10:57:16.507-0400][600.163s][info][gc,phases   ] GC(266)   Other: 0.14ms
[2026-09-05T10:57:16.507-0400][600.163s][info][gc,heap     ] GC(266) Eden regions: 378->0(374)
[2026-09-05T10:57:16.507-0400][600.163s][info][gc,heap     ] GC(266) Survivor regions: 27->29(51)
[2026-09-05T10:57:16.507-0400][600.163s][info][gc,heap     ] GC(266) Old regions: 791->791
[2026-09-05T10:57:16.507-0400][600.163s][info][gc,heap     ] GC(266) Archive regions: 0->0
[2026-09-05T10:57:16.507-0400][600.163s][info][gc,heap     ] GC(266) Humongous regions: 29->29
[2026-09-05T10:57:16.507-0400][600.163s][info][gc,metaspace] GC(266) Metaspace: 153995K(156672K)->153995K(156672K) NonClass: 132102K(133568K)->132102K(133568K) Class: 21892K(23104K)->21892K(23104K)
[2026-09-05T10:57:16.507-0400][600.163s][info][gc          ] GC(266) Pause Young (Normal) (G1 Evacuation Pause) 2448M->1695M(2784M) 4.747ms
[2026-09-05T10:57:16.507-0400][600.163s][info][gc,cpu      ] GC(266) User=0.00s Sys=0.00s Real=0.00s
[2026-09-05T10:57:16.846-0400][600.501s][info][gc,start    ] GC(267) Pause Young (Normal) (G1 Evacuation Pause)
[2026-09-05T10:57:16.846-0400][600.501s][info][gc,task     ] GC(267) Using 23 workers of 23 for evacuation
[2026-09-05T10:57:16.851-0400][600.506s][info][gc,phases   ] GC(267)   Pre Evacuate Collection Set: 0.21ms
[2026-09-05T10:57:16.851-0400][600.506s][info][gc,phases   ] GC(267)   Merge Heap Roots: 0.18ms
[2026-09-05T10:57:16.851-0400][600.506s][info][gc,phases   ] GC(267)   Evacuate Collection Set: 4.28ms
[2026-09-05T10:57:16.851-0400][600.506s][info][gc,phases   ] GC(267)   Post Evacuate Collection Set: 0.63ms
[2026-09-05T10:57:16.851-0400][600.506s][info][gc,phases   ] GC(267)   Other: 0.16ms
[2026-09-05T10:57:16.851-0400][600.506s][info][gc,heap     ] GC(267) Eden regions: 374->0(368)
[2026-09-05T10:57:16.851-0400][600.506s][info][gc,heap     ] GC(267) Survivor regions: 29->31(51)
[2026-09-05T10:57:16.851-0400][600.506s][info][gc,heap     ] GC(267) Old regions: 791->793
[2026-09-05T10:57:16.851-0400][600.506s][info][gc,heap     ] GC(267) Archive regions: 0->0
[2026-09-05T10:57:16.851-0400][600.506s][info][gc,heap     ] GC(267) Humongous regions: 29->29
[2026-09-05T10:57:16.851-0400][600.506s][info][gc,metaspace] GC(267) Metaspace: 153995K(156672K)->153995K(156672K) NonClass: 132102K(133568K)->132102K(133568K) Class: 21892K(23104K)->21892K(23104K)
[2026-09-05T10:57:16.851-0400][600.506s][info][gc          ] GC(267) Pause Young (Normal) (G1 Evacuation Pause) 2443M->1703M(2784M) 5.581ms
[2026-09-05T10:57:16.852-0400][600.506s][info][gc,cpu      ] GC(267) User=0.00s Sys=0.00s Real=0.01s
[2026-09-05T10:57:17.086-0400][600.741s][info][gc,start    ] GC(268) Pause Young (Normal) (G1 Evacuation Pause)
[2026-09-05T10:57:17.086-0400][600.741s][info][gc,task     ] GC(268) Using 23 workers of 23 for evacuation
[2026-09-05T10:57:17.092-0400][600.747s][info][gc,phases   ] GC(268)   Pre Evacuate Collection Set: 0.25ms
[2026-09-05T10:57:17.092-0400][600.747s][info][gc,phases   ] GC(268)   Merge Heap Roots: 0.15ms
[2026-09-05T10:57:17.092-0400][600.747s][info][gc,phases   ] GC(268)   Evacuate Collection Set: 4.34ms
[2026-09-05T10:57:17.092-0400][600.747s][info][gc,phases   ] GC(268)   Post Evacuate Collection Set: 0.72ms
[2026-09-05T10:57:17.092-0400][600.747s][info][gc,phases   ] GC(268)   Other: 0.16ms
[2026-09-05T10:57:17.092-0400][600.747s][info][gc,heap     ] GC(268) Eden regions: 368->0(370)
[2026-09-05T10:57:17.092-0400][600.747s][info][gc,heap     ] GC(268) Survivor regions: 31->27(50)
[2026-09-05T10:57:17.092-0400][600.747s][info][gc,heap     ] GC(268) Old regions: 793->799
[2026-09-05T10:57:17.092-0400][600.747s][info][gc,heap     ] GC(268) Archive regions: 0->0
[2026-09-05T10:57:17.092-0400][600.747s][info][gc,heap     ] GC(268) Humongous regions: 29->29
[2026-09-05T10:57:17.092-0400][600.747s][info][gc,metaspace] GC(268) Metaspace: 153996K(156672K)->153996K(156672K) NonClass: 132103K(133568K)->132103K(133568K) Class: 21892K(23104K)->21892K(23104K)
[2026-09-05T10:57:17.092-0400][600.747s][info][gc          ] GC(268) Pause Young (Normal) (G1 Evacuation Pause) 2439M->1708M(2784M) 5.734ms
[2026-09-05T10:57:17.092-0400][600.747s][info][gc,cpu      ] GC(268) User=0.36s Sys=0.02s Real=0.01s
[2026-09-05T10:57:17.499-0400][601.155s][info][gc,start    ] GC(269) Pause Young (Normal) (G1 Evacuation Pause)
[2026-09-05T10:57:17.499-0400][601.155s][info][gc,task     ] GC(269) Using 23 workers of 23 for evacuation
[2026-09-05T10:57:17.506-0400][601.160s][info][gc,phases   ] GC(269)   Pre Evacuate Collection Set: 0.21ms
[2026-09-05T10:57:17.506-0400][601.160s][info][gc,phases   ] GC(269)   Merge Heap Roots: 0.20ms
[2026-09-05T10:57:17.506-0400][601.160s][info][gc,phases   ] GC(269)   Evacuate Collection Set: 4.30ms
[2026-09-05T10:57:17.506-0400][601.160s][info][gc,phases   ] GC(269)   Post Evacuate Collection Set: 0.76ms
[2026-09-05T10:57:17.506-0400][601.160s][info][gc,phases   ] GC(269)   Other: 0.15ms
[2026-09-05T10:57:17.506-0400][601.160s][info][gc,heap     ] GC(269) Eden regions: 370->0(366)
[2026-09-05T10:57:17.506-0400][601.160s][info][gc,heap     ] GC(269) Survivor regions: 27->29(50)
[2026-09-05T10:57:17.506-0400][601.160s][info][gc,heap     ] GC(269) Old regions: 799->799
[2026-09-05T10:57:17.506-0400][601.160s][info][gc,heap     ] GC(269) Archive regions: 0->0
[2026-09-05T10:57:17.506-0400][601.160s][info][gc,heap     ] GC(269) Humongous regions: 29->29
[2026-09-05T10:57:17.506-0400][601.160s][info][gc,metaspace] GC(269) Metaspace: 153998K(156672K)->153998K(156672K) NonClass: 132105K(133568K)->132105K(133568K) Class: 21892K(23104K)->21892K(23104K)
[2026-09-05T10:57:17.506-0400][601.160s][info][gc          ] GC(269) Pause Young (Normal) (G1 Evacuation Pause) 2448M->1712M(2784M) 5.761ms
[2026-09-05T10:57:17.506-0400][601.160s][info][gc,cpu      ] GC(269) User=0.00s Sys=0.00s Real=0.01s
[2026-09-05T10:57:20.812-0400][604.467s][info][gc,start    ] GC(270) Pause Young (Normal) (G1 Evacuation Pause)
[2026-09-05T10:57:20.812-0400][604.467s][info][gc,task     ] GC(270) Using 23 workers of 23 for evacuation
[2026-09-05T10:57:20.818-0400][604.473s][info][gc,phases   ] GC(270)   Pre Evacuate Collection Set: 0.23ms
[2026-09-05T10:57:20.818-0400][604.473s][info][gc,phases   ] GC(270)   Merge Heap Roots: 0.20ms
[2026-09-05T10:57:20.818-0400][604.473s][info][gc,phases   ] GC(270)   Evacuate Collection Set: 3.76ms
[2026-09-05T10:57:20.818-0400][604.473s][info][gc,phases   ] GC(270)   Post Evacuate Collection Set: 0.79ms
[2026-09-05T10:57:20.818-0400][604.473s][info][gc,phases   ] GC(270)   Other: 0.13ms
[2026-09-05T10:57:20.818-0400][604.473s][info][gc,heap     ] GC(270) Eden regions: 366->0(368)
[2026-09-05T10:57:20.818-0400][604.473s][info][gc,heap     ] GC(270) Survivor regions: 29->26(50)
[2026-09-05T10:57:20.818-0400][604.473s][info][gc,heap     ] GC(270) Old regions: 799->803
[2026-09-05T10:57:20.818-0400][604.473s][info][gc,heap     ] GC(270) Archive regions: 0->0
[2026-09-05T10:57:20.818-0400][604.473s][info][gc,heap     ] GC(270) Humongous regions: 29->29
[2026-09-05T10:57:20.818-0400][604.473s][info][gc,metaspace] GC(270) Metaspace: 154000K(156672K)->154000K(156672K) NonClass: 132107K(133568K)->132107K(133568K) Class: 21892K(23104K)->21892K(23104K)
[2026-09-05T10:57:20.818-0400][604.473s][info][gc          ] GC(270) Pause Young (Normal) (G1 Evacuation Pause) 2444M->1713M(2784M) 5.235ms
[2026-09-05T10:57:20.818-0400][604.473s][info][gc,cpu      ] GC(270) User=0.00s Sys=0.00s Real=0.01s
[2026-09-05T10:57:24.318-0400][607.973s][info][gc,start    ] GC(271) Pause Young (Normal) (G1 Evacuation Pause)
[2026-09-05T10:57:24.318-0400][607.973s][info][gc,task     ] GC(271) Using 23 workers of 23 for evacuation
[2026-09-05T10:57:24.330-0400][607.985s][info][gc,phases   ] GC(271)   Pre Evacuate Collection Set: 0.25ms
[2026-09-05T10:57:24.330-0400][607.985s][info][gc,phases   ] GC(271)   Merge Heap Roots: 0.21ms
[2026-09-05T10:57:24.330-0400][607.985s][info][gc,phases   ] GC(271)   Evacuate Collection Set: 10.04ms
[2026-09-05T10:57:24.330-0400][607.985s][info][gc,phases   ] GC(271)   Post Evacuate Collection Set: 0.57ms
[2026-09-05T10:57:24.330-0400][607.985s][info][gc,phases   ] GC(271)   Other: 0.54ms
[2026-09-05T10:57:24.330-0400][607.985s][info][gc,heap     ] GC(271) Eden regions: 368->0(298)
[2026-09-05T10:57:24.330-0400][607.985s][info][gc,heap     ] GC(271) Survivor regions: 26->50(50)
[2026-09-05T10:57:24.330-0400][607.985s][info][gc,heap     ] GC(271) Old regions: 803->817
[2026-09-05T10:57:24.330-0400][607.985s][info][gc,heap     ] GC(271) Archive regions: 0->0
[2026-09-05T10:57:24.330-0400][607.985s][info][gc,heap     ] GC(271) Humongous regions: 30->30
[2026-09-05T10:57:24.330-0400][607.985s][info][gc,metaspace] GC(271) Metaspace: 154050K(156736K)->154050K(156736K) NonClass: 132154K(133632K)->132154K(133632K) Class: 21896K(23104K)->21896K(23104K)
[2026-09-05T10:57:24.330-0400][607.985s][info][gc          ] GC(271) Pause Young (Normal) (G1 Evacuation Pause) 2451M->1793M(2784M) 11.736ms
[2026-09-05T10:57:24.330-0400][607.985s][info][gc,cpu      ] GC(271) User=0.36s Sys=0.00s Real=0.01s
[2026-09-05T10:57:24.719-0400][608.374s][info][gc,start    ] GC(272) Pause Young (Normal) (GCLocker Initiated GC)
[2026-09-05T10:57:24.719-0400][608.374s][info][gc,task     ] GC(272) Using 23 workers of 23 for evacuation
[2026-09-05T10:57:24.728-0400][608.383s][info][gc,phases   ] GC(272)   Pre Evacuate Collection Set: 0.23ms
[2026-09-05T10:57:24.728-0400][608.383s][info][gc,phases   ] GC(272)   Merge Heap Roots: 0.18ms
[2026-09-05T10:57:24.728-0400][608.383s][info][gc,phases   ] GC(272)   Evacuate Collection Set: 7.88ms
[2026-09-05T10:57:24.728-0400][608.383s][info][gc,phases   ] GC(272)   Post Evacuate Collection Set: 0.59ms
[2026-09-05T10:57:24.728-0400][608.383s][info][gc,phases   ] GC(272)   Other: 0.13ms
[2026-09-05T10:57:24.728-0400][608.383s][info][gc,heap     ] GC(272) Eden regions: 298->0(289)
[2026-09-05T10:57:24.728-0400][608.383s][info][gc,heap     ] GC(272) Survivor regions: 50->23(44)
[2026-09-05T10:57:24.728-0400][608.383s][info][gc,heap     ] GC(272) Old regions: 817->849
[2026-09-05T10:57:24.728-0400][608.383s][info][gc,heap     ] GC(272) Archive regions: 0->0
[2026-09-05T10:57:24.728-0400][608.383s][info][gc,heap     ] GC(272) Humongous regions: 31->31
[2026-09-05T10:57:24.728-0400][608.383s][info][gc,metaspace] GC(272) Metaspace: 154056K(156736K)->154056K(156736K) NonClass: 132159K(133632K)->132159K(133632K) Class: 21896K(23104K)->21896K(23104K)
[2026-09-05T10:57:24.728-0400][608.383s][info][gc          ] GC(272) Pause Young (Normal) (GCLocker Initiated GC) 2391M->1803M(2784M) 9.133ms
[2026-09-05T10:57:24.728-0400][608.383s][info][gc,cpu      ] GC(272) User=0.00s Sys=0.00s Real=0.01s
[2026-09-05T10:57:24.830-0400][608.485s][info][gc,start    ] GC(273) Pause Young (Normal) (G1 Evacuation Pause)
[2026-09-05T10:57:24.831-0400][608.485s][info][gc,task     ] GC(273) Using 23 workers of 23 for evacuation
[2026-09-05T10:57:24.838-0400][608.493s][info][gc,phases   ] GC(273)   Pre Evacuate Collection Set: 0.26ms
[2026-09-05T10:57:24.838-0400][608.493s][info][gc,phases   ] GC(273)   Merge Heap Roots: 0.16ms
[2026-09-05T10:57:24.838-0400][608.493s][info][gc,phases   ] GC(273)   Evacuate Collection Set: 6.56ms
[2026-09-05T10:57:24.838-0400][608.493s][info][gc,phases   ] GC(273)   Post Evacuate Collection Set: 0.83ms
[2026-09-05T10:57:24.838-0400][608.493s][info][gc,phases   ] GC(273)   Other: 0.12ms
[2026-09-05T10:57:24.838-0400][608.493s][info][gc,heap     ] GC(273) Eden regions: 289->0(279)
[2026-09-05T10:57:24.838-0400][608.493s][info][gc,heap     ] GC(273) Survivor regions: 23->34(39)
[2026-09-05T10:57:24.838-0400][608.493s][info][gc,heap     ] GC(273) Old regions: 849->849
[2026-09-05T10:57:24.838-0400][608.493s][info][gc,heap     ] GC(273) Archive regions: 0->0
[2026-09-05T10:57:24.838-0400][608.493s][info][gc,heap     ] GC(273) Humongous regions: 31->31
[2026-09-05T10:57:24.838-0400][608.493s][info][gc,metaspace] GC(273) Metaspace: 154060K(156736K)->154060K(156736K) NonClass: 132163K(133632K)->132163K(133632K) Class: 21896K(23104K)->21896K(23104K)
[2026-09-05T10:57:24.838-0400][608.493s][info][gc          ] GC(273) Pause Young (Normal) (G1 Evacuation Pause) 2381M->1826M(2784M) 8.066ms
[2026-09-05T10:57:24.838-0400][608.493s][info][gc,cpu      ] GC(273) User=0.00s Sys=0.00s Real=0.01s
[2026-09-05T10:57:24.938-0400][608.593s][info][gc,start    ] GC(274) Pause Young (Normal) (G1 Evacuation Pause)
[2026-09-05T10:57:24.938-0400][608.593s][info][gc,task     ] GC(274) Using 23 workers of 23 for evacuation
[2026-09-05T10:57:24.946-0400][608.602s][info][gc,phases   ] GC(274)   Pre Evacuate Collection Set: 0.33ms
[2026-09-05T10:57:24.947-0400][608.602s][info][gc,phases   ] GC(274)   Merge Heap Roots: 0.21ms
[2026-09-05T10:57:24.947-0400][608.602s][info][gc,phases   ] GC(274)   Evacuate Collection Set: 7.99ms
[2026-09-05T10:57:24.947-0400][608.602s][info][gc,phases   ] GC(274)   Post Evacuate Collection Set: 0.67ms
[2026-09-05T10:57:24.947-0400][608.602s][info][gc,phases   ] GC(274)   Other: 0.13ms
[2026-09-05T10:57:24.947-0400][608.602s][info][gc,heap     ] GC(274) Eden regions: 279->0(269)
[2026-09-05T10:57:24.947-0400][608.602s][info][gc,heap     ] GC(274) Survivor regions: 34->36(40)
[2026-09-05T10:57:24.947-0400][608.602s][info][gc,heap     ] GC(274) Old regions: 849->861
[2026-09-05T10:57:24.947-0400][608.602s][info][gc,heap     ] GC(274) Archive regions: 0->0
[2026-09-05T10:57:24.947-0400][608.602s][info][gc,heap     ] GC(274) Humongous regions: 31->31
[2026-09-05T10:57:24.947-0400][608.602s][info][gc,metaspace] GC(274) Metaspace: 154060K(156736K)->154060K(156736K) NonClass: 132163K(133632K)->132163K(133632K) Class: 21896K(23104K)->21896K(23104K)
[2026-09-05T10:57:24.947-0400][608.602s][info][gc          ] GC(274) Pause Young (Normal) (G1 Evacuation Pause) 2384M->1854M(2784M) 9.464ms
[2026-09-05T10:57:24.947-0400][608.602s][info][gc,cpu      ] GC(274) User=0.00s Sys=0.00s Real=0.01s
[2026-09-05T10:57:25.091-0400][608.746s][info][gc,start    ] GC(275) Pause Young (Normal) (G1 Evacuation Pause)
[2026-09-05T10:57:25.091-0400][608.746s][info][gc,task     ] GC(275) Using 23 workers of 23 for evacuation
[2026-09-05T10:57:25.099-0400][608.754s][info][gc,phases   ] GC(275)   Pre Evacuate Collection Set: 0.19ms
[2026-09-05T10:57:25.099-0400][608.755s][info][gc,phases   ] GC(275)   Merge Heap Roots: 0.17ms
[2026-09-05T10:57:25.099-0400][608.755s][info][gc,phases   ] GC(275)   Evacuate Collection Set: 7.56ms
[2026-09-05T10:57:25.099-0400][608.755s][info][gc,phases   ] GC(275)   Post Evacuate Collection Set: 0.57ms
[2026-09-05T10:57:25.099-0400][608.755s][info][gc,phases   ] GC(275)   Other: 0.14ms
[2026-09-05T10:57:25.099-0400][608.755s][info][gc,heap     ] GC(275) Eden regions: 269->0(261)
[2026-09-05T10:57:25.099-0400][608.755s][info][gc,heap     ] GC(275) Survivor regions: 36->35(39)
[2026-09-05T10:57:25.099-0400][608.755s][info][gc,heap     ] GC(275) Old regions: 861->872
[2026-09-05T10:57:25.099-0400][608.755s][info][gc,heap     ] GC(275) Archive regions: 0->0
[2026-09-05T10:57:25.099-0400][608.755s][info][gc,heap     ] GC(275) Humongous regions: 31->31
[2026-09-05T10:57:25.099-0400][608.755s][info][gc,metaspace] GC(275) Metaspace: 154074K(156736K)->154074K(156736K) NonClass: 132174K(133632K)->132174K(133632K) Class: 21899K(23104K)->21899K(23104K)
[2026-09-05T10:57:25.099-0400][608.755s][info][gc          ] GC(275) Pause Young (Normal) (G1 Evacuation Pause) 2391M->1875M(2784M) 8.750ms
[2026-09-05T10:57:25.099-0400][608.755s][info][gc,cpu      ] GC(275) User=0.00s Sys=0.00s Real=0.01s
[2026-09-05T10:57:25.294-0400][608.949s][info][gc,start    ] GC(276) Pause Young (Normal) (GCLocker Initiated GC)
[2026-09-05T10:57:25.294-0400][608.949s][info][gc,task     ] GC(276) Using 23 workers of 23 for evacuation
[2026-09-05T10:57:25.307-0400][608.962s][info][gc,phases   ] GC(276)   Pre Evacuate Collection Set: 0.19ms
[2026-09-05T10:57:25.307-0400][608.962s][info][gc,phases   ] GC(276)   Merge Heap Roots: 0.18ms
[2026-09-05T10:57:25.307-0400][608.962s][info][gc,phases   ] GC(276)   Evacuate Collection Set: 12.03ms
[2026-09-05T10:57:25.307-0400][608.962s][info][gc,phases   ] GC(276)   Post Evacuate Collection Set: 0.60ms
[2026-09-05T10:57:25.307-0400][608.962s][info][gc,phases   ] GC(276)   Other: 0.13ms
[2026-09-05T10:57:25.307-0400][608.962s][info][gc,heap     ] GC(276) Eden regions: 261->0(215)
[2026-09-05T10:57:25.307-0400][608.962s][info][gc,heap     ] GC(276) Survivor regions: 35->37(37)
[2026-09-05T10:57:25.307-0400][608.962s][info][gc,heap     ] GC(276) Old regions: 872->904
[2026-09-05T10:57:25.307-0400][608.962s][info][gc,heap     ] GC(276) Archive regions: 0->0
[2026-09-05T10:57:25.307-0400][608.962s][info][gc,heap     ] GC(276) Humongous regions: 31->31
[2026-09-05T10:57:25.307-0400][608.962s][info][gc,metaspace] GC(276) Metaspace: 154091K(156736K)->154091K(156736K) NonClass: 132191K(133632K)->132191K(133632K) Class: 21899K(23104K)->21899K(23104K)
[2026-09-05T10:57:25.307-0400][608.962s][info][gc          ] GC(276) Pause Young (Normal) (GCLocker Initiated GC) 2397M->1943M(2784M) 13.311ms
[2026-09-05T10:57:25.307-0400][608.962s][info][gc,cpu      ] GC(276) User=0.00s Sys=0.00s Real=0.01s
[2026-09-05T10:57:25.533-0400][609.188s][info][gc,start    ] GC(277) Pause Young (Normal) (G1 Evacuation Pause)
[2026-09-05T10:57:25.533-0400][609.188s][info][gc,task     ] GC(277) Using 23 workers of 23 for evacuation
[2026-09-05T10:57:25.542-0400][609.197s][info][gc,phases   ] GC(277)   Pre Evacuate Collection Set: 0.20ms
[2026-09-05T10:57:25.542-0400][609.197s][info][gc,phases   ] GC(277)   Merge Heap Roots: 0.20ms
[2026-09-05T10:57:25.542-0400][609.197s][info][gc,phases   ] GC(277)   Evacuate Collection Set: 8.28ms
[2026-09-05T10:57:25.542-0400][609.197s][info][gc,phases   ] GC(277)   Post Evacuate Collection Set: 0.57ms
[2026-09-05T10:57:25.542-0400][609.197s][info][gc,phases   ] GC(277)   Other: 0.13ms
[2026-09-05T10:57:25.542-0400][609.197s][info][gc,heap     ] GC(277) Eden regions: 215->0(199)
[2026-09-05T10:57:25.542-0400][609.197s][info][gc,heap     ] GC(277) Survivor regions: 37->24(32)
[2026-09-05T10:57:25.542-0400][609.197s][info][gc,heap     ] GC(277) Old regions: 904->934
[2026-09-05T10:57:25.542-0400][609.197s][info][gc,heap     ] GC(277) Archive regions: 0->0
[2026-09-05T10:57:25.542-0400][609.197s][info][gc,heap     ] GC(277) Humongous regions: 34->33
[2026-09-05T10:57:25.542-0400][609.197s][info][gc,metaspace] GC(277) Metaspace: 154095K(156736K)->154095K(156736K) NonClass: 132195K(133632K)->132195K(133632K) Class: 21899K(23104K)->21899K(23104K)
[2026-09-05T10:57:25.543-0400][609.197s][info][gc          ] GC(277) Pause Young (Normal) (G1 Evacuation Pause) 2378M->1980M(2784M) 9.539ms
[2026-09-05T10:57:25.543-0400][609.197s][info][gc,cpu      ] GC(277) User=0.00s Sys=0.00s Real=0.01s
[2026-09-05T10:57:25.716-0400][609.370s][info][gc,start    ] GC(278) Pause Young (Normal) (G1 Evacuation Pause)
[2026-09-05T10:57:25.716-0400][609.370s][info][gc,task     ] GC(278) Using 23 workers of 23 for evacuation
[2026-09-05T10:57:25.723-0400][609.378s][info][gc,phases   ] GC(278)   Pre Evacuate Collection Set: 0.25ms
[2026-09-05T10:57:25.723-0400][609.378s][info][gc,phases   ] GC(278)   Merge Heap Roots: 0.22ms
[2026-09-05T10:57:25.723-0400][609.378s][info][gc,phases   ] GC(278)   Evacuate Collection Set: 6.29ms
[2026-09-05T10:57:25.723-0400][609.378s][info][gc,phases   ] GC(278)   Post Evacuate Collection Set: 0.50ms
[2026-09-05T10:57:25.723-0400][609.378s][info][gc,phases   ] GC(278)   Other: 0.12ms
[2026-09-05T10:57:25.723-0400][609.378s][info][gc,heap     ] GC(278) Eden regions: 199->0(191)
[2026-09-05T10:57:25.723-0400][609.378s][info][gc,heap     ] GC(278) Survivor regions: 24->18(28)
[2026-09-05T10:57:25.723-0400][609.378s][info][gc,heap     ] GC(278) Old regions: 934->952
[2026-09-05T10:57:25.723-0400][609.378s][info][gc,heap     ] GC(278) Archive regions: 0->0
[2026-09-05T10:57:25.723-0400][609.378s][info][gc,heap     ] GC(278) Humongous regions: 33->33
[2026-09-05T10:57:25.723-0400][609.378s][info][gc,metaspace] GC(278) Metaspace: 154098K(156736K)->154098K(156736K) NonClass: 132198K(133632K)->132198K(133632K) Class: 21899K(23104K)->21899K(23104K)
[2026-09-05T10:57:25.723-0400][609.378s][info][gc          ] GC(278) Pause Young (Normal) (G1 Evacuation Pause) 2378M->2004M(2784M) 7.502ms
[2026-09-05T10:57:25.723-0400][609.378s][info][gc,cpu      ] GC(278) User=0.00s Sys=0.00s Real=0.01s
[2026-09-05T10:57:26.462-0400][610.116s][info][gc,start    ] GC(279) Pause Young (Normal) (GCLocker Initiated GC)
[2026-09-05T10:57:26.462-0400][610.116s][info][gc,task     ] GC(279) Using 23 workers of 23 for evacuation
[2026-09-05T10:57:26.470-0400][610.126s][info][gc,phases   ] GC(279)   Pre Evacuate Collection Set: 0.25ms
[2026-09-05T10:57:26.470-0400][610.126s][info][gc,phases   ] GC(279)   Merge Heap Roots: 0.42ms
[2026-09-05T10:57:26.470-0400][610.126s][info][gc,phases   ] GC(279)   Evacuate Collection Set: 7.98ms
[2026-09-05T10:57:26.470-0400][610.126s][info][gc,phases   ] GC(279)   Post Evacuate Collection Set: 0.69ms
[2026-09-05T10:57:26.470-0400][610.126s][info][gc,phases   ] GC(279)   Other: 0.11ms
[2026-09-05T10:57:26.470-0400][610.126s][info][gc,heap     ] GC(279) Eden regions: 192->0(181)
[2026-09-05T10:57:26.470-0400][610.126s][info][gc,heap     ] GC(279) Survivor regions: 18->20(27)
[2026-09-05T10:57:26.470-0400][610.126s][info][gc,heap     ] GC(279) Old regions: 952->962
[2026-09-05T10:57:26.470-0400][610.126s][info][gc,heap     ] GC(279) Archive regions: 0->0
[2026-09-05T10:57:26.470-0400][610.126s][info][gc,heap     ] GC(279) Humongous regions: 33->33
[2026-09-05T10:57:26.470-0400][610.126s][info][gc,metaspace] GC(279) Metaspace: 154120K(156736K)->154120K(156736K) NonClass: 132216K(133632K)->132216K(133632K) Class: 21903K(23104K)->21903K(23104K)
[2026-09-05T10:57:26.470-0400][610.126s][info][gc          ] GC(279) Pause Young (Normal) (GCLocker Initiated GC) 2387M->2029M(2784M) 9.581ms
[2026-09-05T10:57:26.470-0400][610.126s][info][gc,cpu      ] GC(279) User=0.36s Sys=0.00s Real=0.01s
[2026-09-05T10:57:27.161-0400][610.816s][info][gc,start    ] GC(280) Pause Young (Normal) (G1 Evacuation Pause)
[2026-09-05T10:57:27.161-0400][610.816s][info][gc,task     ] GC(280) Using 23 workers of 23 for evacuation
[2026-09-05T10:57:27.166-0400][610.821s][info][gc,phases   ] GC(280)   Pre Evacuate Collection Set: 0.22ms
[2026-09-05T10:57:27.166-0400][610.821s][info][gc,phases   ] GC(280)   Merge Heap Roots: 0.23ms
[2026-09-05T10:57:27.166-0400][610.821s][info][gc,phases   ] GC(280)   Evacuate Collection Set: 3.34ms
[2026-09-05T10:57:27.166-0400][610.821s][info][gc,phases   ] GC(280)   Post Evacuate Collection Set: 0.53ms
[2026-09-05T10:57:27.166-0400][610.821s][info][gc,phases   ] GC(280)   Other: 0.13ms
[2026-09-05T10:57:27.166-0400][610.821s][info][gc,heap     ] GC(280) Eden regions: 181->0(197)
[2026-09-05T10:57:27.166-0400][610.821s][info][gc,heap     ] GC(280) Survivor regions: 20->6(26)
[2026-09-05T10:57:27.166-0400][610.821s][info][gc,heap     ] GC(280) Old regions: 962->968
[2026-09-05T10:57:27.166-0400][610.821s][info][gc,heap     ] GC(280) Archive regions: 0->0
[2026-09-05T10:57:27.166-0400][610.821s][info][gc,heap     ] GC(280) Humongous regions: 33->33
[2026-09-05T10:57:27.166-0400][610.821s][info][gc,metaspace] GC(280) Metaspace: 154120K(156736K)->154120K(156736K) NonClass: 132217K(133632K)->132217K(133632K) Class: 21903K(23104K)->21903K(23104K)
[2026-09-05T10:57:27.166-0400][610.821s][info][gc          ] GC(280) Pause Young (Normal) (G1 Evacuation Pause) 2391M->2012M(2784M) 4.572ms
[2026-09-05T10:57:27.166-0400][610.821s][info][gc,cpu      ] GC(280) User=0.00s Sys=0.00s Real=0.00s
[2026-09-05T10:57:30.410-0400][614.065s][info][gc,start    ] GC(281) Pause Young (Normal) (G1 Evacuation Pause)
[2026-09-05T10:57:30.410-0400][614.065s][info][gc,task     ] GC(281) Using 23 workers of 23 for evacuation
[2026-09-05T10:57:30.411-0400][614.067s][info][gc,phases   ] GC(281)   Pre Evacuate Collection Set: 0.30ms
[2026-09-05T10:57:30.411-0400][614.067s][info][gc,phases   ] GC(281)   Merge Heap Roots: 0.15ms
[2026-09-05T10:57:30.411-0400][614.067s][info][gc,phases   ] GC(281)   Evacuate Collection Set: 0.98ms
[2026-09-05T10:57:30.411-0400][614.067s][info][gc,phases   ] GC(281)   Post Evacuate Collection Set: 0.55ms
[2026-09-05T10:57:30.411-0400][614.067s][info][gc,phases   ] GC(281)   Other: 0.12ms
[2026-09-05T10:57:30.411-0400][614.067s][info][gc,heap     ] GC(281) Eden regions: 197->0(206)
[2026-09-05T10:57:30.411-0400][614.067s][info][gc,heap     ] GC(281) Survivor regions: 6->5(26)
[2026-09-05T10:57:30.411-0400][614.067s][info][gc,heap     ] GC(281) Old regions: 968->968
[2026-09-05T10:57:30.411-0400][614.067s][info][gc,heap     ] GC(281) Archive regions: 0->0
[2026-09-05T10:57:30.411-0400][614.067s][info][gc,heap     ] GC(281) Humongous regions: 33->33
[2026-09-05T10:57:30.411-0400][614.067s][info][gc,metaspace] GC(281) Metaspace: 154132K(156736K)->154132K(156736K) NonClass: 132228K(133632K)->132228K(133632K) Class: 21903K(23104K)->21903K(23104K)
[2026-09-05T10:57:30.411-0400][614.067s][info][gc          ] GC(281) Pause Young (Normal) (G1 Evacuation Pause) 2406M->2009M(2784M) 2.210ms
[2026-09-05T10:57:30.411-0400][614.067s][info][gc,cpu      ] GC(281) User=0.00s Sys=0.00s Real=0.00s
[2026-09-05T10:57:31.497-0400][615.152s][info][gc,start    ] GC(282) Pause Young (Normal) (GCLocker Initiated GC)
[2026-09-05T10:57:31.497-0400][615.152s][info][gc,task     ] GC(282) Using 23 workers of 23 for evacuation
[2026-09-05T10:57:31.506-0400][615.161s][info][gc,phases   ] GC(282)   Pre Evacuate Collection Set: 0.17ms
[2026-09-05T10:57:31.506-0400][615.161s][info][gc,phases   ] GC(282)   Merge Heap Roots: 0.14ms
[2026-09-05T10:57:31.506-0400][615.161s][info][gc,phases   ] GC(282)   Evacuate Collection Set: 8.05ms
[2026-09-05T10:57:31.506-0400][615.161s][info][gc,phases   ] GC(282)   Post Evacuate Collection Set: 0.58ms
[2026-09-05T10:57:31.506-0400][615.161s][info][gc,phases   ] GC(282)   Other: 0.12ms
[2026-09-05T10:57:31.506-0400][615.161s][info][gc,heap     ] GC(282) Eden regions: 206->0(139)
[2026-09-05T10:57:31.506-0400][615.161s][info][gc,heap     ] GC(282) Survivor regions: 5->27(27)
[2026-09-05T10:57:31.506-0400][615.161s][info][gc,heap     ] GC(282) Old regions: 968->991
[2026-09-05T10:57:31.506-0400][615.161s][info][gc,heap     ] GC(282) Archive regions: 0->0
[2026-09-05T10:57:31.506-0400][615.161s][info][gc,heap     ] GC(282) Humongous regions: 33->33
[2026-09-05T10:57:31.506-0400][615.161s][info][gc,metaspace] GC(282) Metaspace: 154155K(156800K)->154155K(156800K) NonClass: 132248K(133696K)->132248K(133696K) Class: 21907K(23104K)->21907K(23104K)
[2026-09-05T10:57:31.506-0400][615.161s][info][gc          ] GC(282) Pause Young (Normal) (GCLocker Initiated GC) 2421M->2100M(2784M) 9.179ms
[2026-09-05T10:57:31.506-0400][615.161s][info][gc,cpu      ] GC(282) User=0.00s Sys=0.02s Real=0.01s
[2026-09-05T10:57:31.648-0400][615.303s][info][gc,start    ] GC(283) Pause Young (Concurrent Start) (G1 Evacuation Pause)
[2026-09-05T10:57:31.648-0400][615.303s][info][gc,task     ] GC(283) Using 23 workers of 23 for evacuation
[2026-09-05T10:57:31.657-0400][615.312s][info][gc,phases   ] GC(283)   Pre Evacuate Collection Set: 0.31ms
[2026-09-05T10:57:31.657-0400][615.312s][info][gc,phases   ] GC(283)   Merge Heap Roots: 0.12ms
[2026-09-05T10:57:31.657-0400][615.312s][info][gc,phases   ] GC(283)   Evacuate Collection Set: 7.34ms
[2026-09-05T10:57:31.657-0400][615.312s][info][gc,phases   ] GC(283)   Post Evacuate Collection Set: 0.53ms
[2026-09-05T10:57:31.657-0400][615.312s][info][gc,phases   ] GC(283)   Other: 0.18ms
[2026-09-05T10:57:31.657-0400][615.312s][info][gc,heap     ] GC(283) Eden regions: 139->0(119)
[2026-09-05T10:57:31.657-0400][615.312s][info][gc,heap     ] GC(283) Survivor regions: 27->21(21)
[2026-09-05T10:57:31.657-0400][615.312s][info][gc,heap     ] GC(283) Old regions: 991->1019
[2026-09-05T10:57:31.657-0400][615.312s][info][gc,heap     ] GC(283) Archive regions: 0->0
[2026-09-05T10:57:31.657-0400][615.312s][info][gc,heap     ] GC(283) Humongous regions: 33->33
[2026-09-05T10:57:31.657-0400][615.312s][info][gc,metaspace] GC(283) Metaspace: 154155K(156800K)->154155K(156800K) NonClass: 132248K(133696K)->132248K(133696K) Class: 21907K(23104K)->21907K(23104K)
[2026-09-05T10:57:31.657-0400][615.312s][info][gc          ] GC(283) Pause Young (Concurrent Start) (G1 Evacuation Pause) 2378M->2144M(2784M) 8.623ms
[2026-09-05T10:57:31.657-0400][615.312s][info][gc,cpu      ] GC(283) User=0.34s Sys=0.00s Real=0.01s
[2026-09-05T10:57:31.657-0400][615.312s][info][gc          ] GC(284) Concurrent Mark Cycle
[2026-09-05T10:57:31.657-0400][615.312s][info][gc,marking  ] GC(284) Concurrent Clear Claimed Marks
[2026-09-05T10:57:31.657-0400][615.312s][info][gc,marking  ] GC(284) Concurrent Clear Claimed Marks 0.166ms
[2026-09-05T10:57:31.658-0400][615.312s][info][gc,marking  ] GC(284) Concurrent Scan Root Regions
[2026-09-05T10:57:31.663-0400][615.318s][info][gc,marking  ] GC(284) Concurrent Scan Root Regions 5.545ms
[2026-09-05T10:57:31.663-0400][615.318s][info][gc,marking  ] GC(284) Concurrent Mark
[2026-09-05T10:57:31.663-0400][615.318s][info][gc,marking  ] GC(284) Concurrent Mark From Roots
[2026-09-05T10:57:31.663-0400][615.318s][info][gc,task     ] GC(284) Using 6 workers of 6 for marking
[2026-09-05T10:57:31.767-0400][615.422s][info][gc,marking  ] GC(284) Concurrent Mark From Roots 104.336ms
[2026-09-05T10:57:31.767-0400][615.422s][info][gc,marking  ] GC(284) Concurrent Preclean
[2026-09-05T10:57:31.768-0400][615.423s][info][gc,marking  ] GC(284) Concurrent Preclean 0.517ms
[2026-09-05T10:57:31.768-0400][615.423s][info][gc,start    ] GC(284) Pause Remark
[2026-09-05T10:57:31.778-0400][615.433s][info][gc          ] GC(284) Pause Remark 2259M->2165M(3614M) 10.190ms
[2026-09-05T10:57:31.778-0400][615.433s][info][gc,cpu      ] GC(284) User=0.02s Sys=0.00s Real=0.01s
[2026-09-05T10:57:31.778-0400][615.433s][info][gc,marking  ] GC(284) Concurrent Mark 115.331ms
[2026-09-05T10:57:31.778-0400][615.433s][info][gc,marking  ] GC(284) Concurrent Rebuild Remembered Sets
[2026-09-05T10:57:31.849-0400][615.504s][info][gc,marking  ] GC(284) Concurrent Rebuild Remembered Sets 70.788ms
[2026-09-05T10:57:31.850-0400][615.504s][info][gc,start    ] GC(284) Pause Cleanup
[2026-09-05T10:57:31.850-0400][615.505s][info][gc          ] GC(284) Pause Cleanup 2223M->2223M(3614M) 0.490ms
[2026-09-05T10:57:31.850-0400][615.505s][info][gc,cpu      ] GC(284) User=0.00s Sys=0.00s Real=0.00s
[2026-09-05T10:57:31.850-0400][615.505s][info][gc,marking  ] GC(284) Concurrent Cleanup for Next Mark
[2026-09-05T10:57:31.854-0400][615.509s][info][gc,marking  ] GC(284) Concurrent Cleanup for Next Mark 4.346ms
[2026-09-05T10:57:31.854-0400][615.509s][info][gc          ] GC(284) Concurrent Mark Cycle 197.092ms
[2026-09-05T10:57:31.924-0400][615.579s][info][gc,start    ] GC(285) Pause Young (Prepare Mixed) (G1 Evacuation Pause)
[2026-09-05T10:57:31.924-0400][615.579s][info][gc,task     ] GC(285) Using 23 workers of 23 for evacuation
[2026-09-05T10:57:31.931-0400][615.586s][info][gc,phases   ] GC(285)   Pre Evacuate Collection Set: 0.32ms
[2026-09-05T10:57:31.931-0400][615.586s][info][gc,phases   ] GC(285)   Merge Heap Roots: 0.20ms
[2026-09-05T10:57:31.931-0400][615.586s][info][gc,phases   ] GC(285)   Evacuate Collection Set: 5.56ms
[2026-09-05T10:57:31.931-0400][615.586s][info][gc,phases   ] GC(285)   Post Evacuate Collection Set: 0.79ms
[2026-09-05T10:57:31.931-0400][615.586s][info][gc,phases   ] GC(285)   Other: 0.12ms
[2026-09-05T10:57:31.931-0400][615.586s][info][gc,heap     ] GC(285) Eden regions: 119->0(80)
[2026-09-05T10:57:31.931-0400][615.586s][info][gc,heap     ] GC(285) Survivor regions: 21->10(18)
[2026-09-05T10:57:31.931-0400][615.586s][info][gc,heap     ] GC(285) Old regions: 978->1001
[2026-09-05T10:57:31.931-0400][615.586s][info][gc,heap     ] GC(285) Archive regions: 0->0
[2026-09-05T10:57:31.931-0400][615.586s][info][gc,heap     ] GC(285) Humongous regions: 27->27
[2026-09-05T10:57:31.931-0400][615.586s][info][gc,metaspace] GC(285) Metaspace: 154155K(156800K)->154155K(156800K) NonClass: 132248K(133696K)->132248K(133696K) Class: 21907K(23104K)->21907K(23104K)
[2026-09-05T10:57:31.931-0400][615.586s][info][gc          ] GC(285) Pause Young (Prepare Mixed) (G1 Evacuation Pause) 2288M->2074M(3614M) 7.112ms
[2026-09-05T10:57:31.931-0400][615.586s][info][gc,cpu      ] GC(285) User=0.00s Sys=0.00s Real=0.01s
[2026-09-05T10:57:32.036-0400][615.692s][info][gc,start    ] GC(286) Pause Young (Mixed) (GCLocker Initiated GC)
[2026-09-05T10:57:32.036-0400][615.692s][info][gc,task     ] GC(286) Using 23 workers of 23 for evacuation
[2026-09-05T10:57:32.043-0400][615.697s][info][gc,phases   ] GC(286)   Pre Evacuate Collection Set: 0.27ms
[2026-09-05T10:57:32.043-0400][615.697s][info][gc,phases   ] GC(286)   Merge Heap Roots: 0.16ms
[2026-09-05T10:57:32.043-0400][615.697s][info][gc,phases   ] GC(286)   Evacuate Collection Set: 4.65ms
[2026-09-05T10:57:32.043-0400][615.697s][info][gc,phases   ] GC(286)   Post Evacuate Collection Set: 0.56ms
[2026-09-05T10:57:32.043-0400][615.697s][info][gc,phases   ] GC(286)   Other: 0.13ms
[2026-09-05T10:57:32.043-0400][615.697s][info][gc,heap     ] GC(286) Eden regions: 81->0(83)
[2026-09-05T10:57:32.043-0400][615.697s][info][gc,heap     ] GC(286) Survivor regions: 10->7(12)
[2026-09-05T10:57:32.043-0400][615.697s][info][gc,heap     ] GC(286) Old regions: 1001->830
[2026-09-05T10:57:32.043-0400][615.697s][info][gc,heap     ] GC(286) Archive regions: 0->0
[2026-09-05T10:57:32.043-0400][615.697s][info][gc,heap     ] GC(286) Humongous regions: 28->28
[2026-09-05T10:57:32.043-0400][615.697s][info][gc,metaspace] GC(286) Metaspace: 154163K(156800K)->154163K(156800K) NonClass: 132256K(133696K)->132256K(133696K) Class: 21907K(23104K)->21907K(23104K)
[2026-09-05T10:57:32.043-0400][615.698s][info][gc          ] GC(286) Pause Young (Mixed) (GCLocker Initiated GC) 2237M->1728M(3614M) 5.905ms
[2026-09-05T10:57:32.043-0400][615.698s][info][gc,cpu      ] GC(286) User=0.00s Sys=0.00s Real=0.01s
[2026-09-05T10:57:32.080-0400][615.735s][info][gc,start    ] GC(287) Pause Young (Mixed) (GCLocker Initiated GC)
[2026-09-05T10:57:32.080-0400][615.735s][info][gc,task     ] GC(287) Using 23 workers of 23 for evacuation
[2026-09-05T10:57:32.086-0400][615.741s][info][gc,phases   ] GC(287)   Pre Evacuate Collection Set: 0.21ms
[2026-09-05T10:57:32.086-0400][615.741s][info][gc,phases   ] GC(287)   Merge Heap Roots: 0.17ms
[2026-09-05T10:57:32.086-0400][615.741s][info][gc,phases   ] GC(287)   Evacuate Collection Set: 4.69ms
[2026-09-05T10:57:32.086-0400][615.741s][info][gc,phases   ] GC(287)   Post Evacuate Collection Set: 0.59ms
[2026-09-05T10:57:32.086-0400][615.741s][info][gc,phases   ] GC(287)   Other: 0.14ms
[2026-09-05T10:57:32.086-0400][615.741s][info][gc,heap     ] GC(287) Eden regions: 84->0(80)
[2026-09-05T10:57:32.086-0400][615.741s][info][gc,heap     ] GC(287) Survivor regions: 7->10(12)
[2026-09-05T10:57:32.086-0400][615.741s][info][gc,heap     ] GC(287) Old regions: 830->662
[2026-09-05T10:57:32.086-0400][615.741s][info][gc,heap     ] GC(287) Archive regions: 0->0
[2026-09-05T10:57:32.086-0400][615.741s][info][gc,heap     ] GC(287) Humongous regions: 28->28
[2026-09-05T10:57:32.086-0400][615.741s][info][gc,metaspace] GC(287) Metaspace: 154163K(156800K)->154163K(156800K) NonClass: 132256K(133696K)->132256K(133696K) Class: 21907K(23104K)->21907K(23104K)
[2026-09-05T10:57:32.086-0400][615.741s][info][gc          ] GC(287) Pause Young (Mixed) (GCLocker Initiated GC) 1895M->1398M(3614M) 5.910ms
[2026-09-05T10:57:32.086-0400][615.741s][info][gc,cpu      ] GC(287) User=0.00s Sys=0.00s Real=0.01s
[2026-09-05T10:57:32.120-0400][615.775s][info][gc,start    ] GC(288) Pause Young (Mixed) (G1 Evacuation Pause)
[2026-09-05T10:57:32.120-0400][615.775s][info][gc,task     ] GC(288) Using 23 workers of 23 for evacuation
[2026-09-05T10:57:32.130-0400][615.785s][info][gc,phases   ] GC(288)   Pre Evacuate Collection Set: 0.23ms
[2026-09-05T10:57:32.130-0400][615.785s][info][gc,phases   ] GC(288)   Merge Heap Roots: 0.18ms
[2026-09-05T10:57:32.130-0400][615.785s][info][gc,phases   ] GC(288)   Evacuate Collection Set: 9.09ms
[2026-09-05T10:57:32.130-0400][615.785s][info][gc,phases   ] GC(288)   Post Evacuate Collection Set: 0.73ms
[2026-09-05T10:57:32.130-0400][615.785s][info][gc,phases   ] GC(288)   Other: 0.12ms
[2026-09-05T10:57:32.130-0400][615.785s][info][gc,heap     ] GC(288) Eden regions: 80->0(83)
[2026-09-05T10:57:32.130-0400][615.785s][info][gc,heap     ] GC(288) Survivor regions: 10->7(12)
[2026-09-05T10:57:32.130-0400][615.785s][info][gc,heap     ] GC(288) Old regions: 662->530
[2026-09-05T10:57:32.130-0400][615.785s][info][gc,heap     ] GC(288) Archive regions: 0->0
[2026-09-05T10:57:32.130-0400][615.785s][info][gc,heap     ] GC(288) Humongous regions: 28->28
[2026-09-05T10:57:32.130-0400][615.785s][info][gc,metaspace] GC(288) Metaspace: 154163K(156800K)->154163K(156800K) NonClass: 132256K(133696K)->132256K(133696K) Class: 21907K(23104K)->21907K(23104K)
[2026-09-05T10:57:32.130-0400][615.785s][info][gc          ] GC(288) Pause Young (Mixed) (G1 Evacuation Pause) 1558M->1128M(3614M) 10.491ms
[2026-09-05T10:57:32.130-0400][615.785s][info][gc,cpu      ] GC(288) User=0.34s Sys=0.00s Real=0.01s
[2026-09-05T10:57:32.164-0400][615.819s][info][gc,start    ] GC(289) Pause Young (Mixed) (G1 Evacuation Pause)
[2026-09-05T10:57:32.164-0400][615.819s][info][gc,task     ] GC(289) Using 23 workers of 23 for evacuation
[2026-09-05T10:57:32.168-0400][615.823s][info][gc,phases   ] GC(289)   Pre Evacuate Collection Set: 0.24ms
[2026-09-05T10:57:32.168-0400][615.823s][info][gc,phases   ] GC(289)   Merge Heap Roots: 0.11ms
[2026-09-05T10:57:32.168-0400][615.823s][info][gc,phases   ] GC(289)   Evacuate Collection Set: 3.04ms
[2026-09-05T10:57:32.168-0400][615.823s][info][gc,phases   ] GC(289)   Post Evacuate Collection Set: 0.43ms
[2026-09-05T10:57:32.168-0400][615.823s][info][gc,phases   ] GC(289)   Other: 0.11ms
[2026-09-05T10:57:32.168-0400][615.823s][info][gc,heap     ] GC(289) Eden regions: 83->0(914)
[2026-09-05T10:57:32.168-0400][615.823s][info][gc,heap     ] GC(289) Survivor regions: 7->12(12)
[2026-09-05T10:57:32.168-0400][615.823s][info][gc,heap     ] GC(289) Old regions: 530->530
[2026-09-05T10:57:32.168-0400][615.823s][info][gc,heap     ] GC(289) Archive regions: 0->0
[2026-09-05T10:57:32.168-0400][615.823s][info][gc,heap     ] GC(289) Humongous regions: 28->28
[2026-09-05T10:57:32.168-0400][615.823s][info][gc,metaspace] GC(289) Metaspace: 154163K(156800K)->154163K(156800K) NonClass: 132256K(133696K)->132256K(133696K) Class: 21907K(23104K)->21907K(23104K)
[2026-09-05T10:57:32.168-0400][615.823s][info][gc          ] GC(289) Pause Young (Mixed) (G1 Evacuation Pause) 1294M->1139M(3614M) 4.046ms
[2026-09-05T10:57:32.168-0400][615.823s][info][gc,cpu      ] GC(289) User=0.00s Sys=0.00s Real=0.00s
[2026-09-05T10:57:32.869-0400][616.524s][info][gc,start    ] GC(290) Pause Young (Normal) (G1 Evacuation Pause)
[2026-09-05T10:57:32.869-0400][616.524s][info][gc,task     ] GC(290) Using 23 workers of 23 for evacuation
[2026-09-05T10:57:32.885-0400][616.540s][info][gc,phases   ] GC(290)   Pre Evacuate Collection Set: 0.25ms
[2026-09-05T10:57:32.885-0400][616.540s][info][gc,phases   ] GC(290)   Merge Heap Roots: 0.26ms
[2026-09-05T10:57:32.885-0400][616.540s][info][gc,phases   ] GC(290)   Evacuate Collection Set: 14.63ms
[2026-09-05T10:57:32.885-0400][616.540s][info][gc,phases   ] GC(290)   Post Evacuate Collection Set: 0.78ms
[2026-09-05T10:57:32.885-0400][616.540s][info][gc,phases   ] GC(290)   Other: 0.23ms
[2026-09-05T10:57:32.885-0400][616.540s][info][gc,heap     ] GC(290) Eden regions: 914->0(844)
[2026-09-05T10:57:32.885-0400][616.540s][info][gc,heap     ] GC(290) Survivor regions: 12->69(116)
[2026-09-05T10:57:32.885-0400][616.540s][info][gc,heap     ] GC(290) Old regions: 530->530
[2026-09-05T10:57:32.885-0400][616.541s][info][gc,heap     ] GC(290) Archive regions: 0->0
[2026-09-05T10:57:32.885-0400][616.541s][info][gc,heap     ] GC(290) Humongous regions: 28->28
[2026-09-05T10:57:32.885-0400][616.541s][info][gc,metaspace] GC(290) Metaspace: 154172K(156800K)->154172K(156800K) NonClass: 132265K(133696K)->132265K(133696K) Class: 21907K(23104K)->21907K(23104K)
[2026-09-05T10:57:32.885-0400][616.541s][info][gc          ] GC(290) Pause Young (Normal) (G1 Evacuation Pause) 2967M->1253M(3614M) 16.273ms
[2026-09-05T10:57:32.885-0400][616.541s][info][gc,cpu      ] GC(290) User=0.33s Sys=0.03s Real=0.02s
[2026-09-05T10:57:36.409-0400][620.064s][info][gc,start    ] GC(291) Pause Young (Normal) (G1 Evacuation Pause)
[2026-09-05T10:57:36.409-0400][620.064s][info][gc,task     ] GC(291) Using 23 workers of 23 for evacuation
[2026-09-05T10:57:36.418-0400][620.073s][info][gc,phases   ] GC(291)   Pre Evacuate Collection Set: 0.28ms
[2026-09-05T10:57:36.418-0400][620.074s][info][gc,phases   ] GC(291)   Merge Heap Roots: 0.34ms
[2026-09-05T10:57:36.418-0400][620.074s][info][gc,phases   ] GC(291)   Evacuate Collection Set: 8.14ms
[2026-09-05T10:57:36.418-0400][620.074s][info][gc,phases   ] GC(291)   Post Evacuate Collection Set: 0.74ms
[2026-09-05T10:57:36.418-0400][620.074s][info][gc,phases   ] GC(291)   Other: 0.17ms
[2026-09-05T10:57:36.418-0400][620.074s][info][gc,heap     ] GC(291) Eden regions: 844->0(862)
[2026-09-05T10:57:36.418-0400][620.074s][info][gc,heap     ] GC(291) Survivor regions: 69->33(115)
[2026-09-05T10:57:36.418-0400][620.074s][info][gc,heap     ] GC(291) Old regions: 530->559
[2026-09-05T10:57:36.418-0400][620.074s][info][gc,heap     ] GC(291) Archive regions: 0->0
[2026-09-05T10:57:36.418-0400][620.074s][info][gc,heap     ] GC(291) Humongous regions: 28->28
[2026-09-05T10:57:36.418-0400][620.074s][info][gc,metaspace] GC(291) Metaspace: 154197K(156800K)->154197K(156800K) NonClass: 132289K(133696K)->132289K(133696K) Class: 21907K(23104K)->21907K(23104K)
[2026-09-05T10:57:36.418-0400][620.074s][info][gc          ] GC(291) Pause Young (Normal) (G1 Evacuation Pause) 2941M->1237M(3614M) 9.822ms
[2026-09-05T10:57:36.418-0400][620.074s][info][gc,cpu      ] GC(291) User=0.09s Sys=0.00s Real=0.01s
[2026-09-05T10:57:38.976-0400][622.631s][info][gc,start    ] GC(292) Pause Young (Normal) (GCLocker Initiated GC)
[2026-09-05T10:57:38.976-0400][622.631s][info][gc,task     ] GC(292) Using 23 workers of 23 for evacuation
[2026-09-05T10:57:38.988-0400][622.643s][info][gc,phases   ] GC(292)   Pre Evacuate Collection Set: 0.20ms
[2026-09-05T10:57:38.988-0400][622.643s][info][gc,phases   ] GC(292)   Merge Heap Roots: 0.25ms
[2026-09-05T10:57:38.988-0400][622.643s][info][gc,phases   ] GC(292)   Evacuate Collection Set: 10.81ms
[2026-09-05T10:57:38.988-0400][622.643s][info][gc,phases   ] GC(292)   Post Evacuate Collection Set: 0.83ms
[2026-09-05T10:57:38.988-0400][622.643s][info][gc,phases   ] GC(292)   Other: 0.15ms
[2026-09-05T10:57:38.988-0400][622.643s][info][gc,heap     ] GC(292) Eden regions: 862->0(830)
[2026-09-05T10:57:38.988-0400][622.643s][info][gc,heap     ] GC(292) Survivor regions: 33->62(112)
[2026-09-05T10:57:38.988-0400][622.643s][info][gc,heap     ] GC(292) Old regions: 559->559
[2026-09-05T10:57:38.988-0400][622.643s][info][gc,heap     ] GC(292) Archive regions: 0->0
[2026-09-05T10:57:38.988-0400][622.643s][info][gc,heap     ] GC(292) Humongous regions: 29->29
[2026-09-05T10:57:38.988-0400][622.643s][info][gc,metaspace] GC(292) Metaspace: 154212K(156864K)->154212K(156864K) NonClass: 132304K(133760K)->132304K(133760K) Class: 21907K(23104K)->21907K(23104K)
[2026-09-05T10:57:38.988-0400][622.643s][info][gc          ] GC(292) Pause Young (Normal) (GCLocker Initiated GC) 2963M->1297M(3614M) 12.407ms
[2026-09-05T10:57:38.988-0400][622.643s][info][gc,cpu      ] GC(292) User=0.34s Sys=0.02s Real=0.01s
[2026-09-05T10:57:39.668-0400][623.323s][info][gc,start    ] GC(293) Pause Young (Normal) (G1 Evacuation Pause)
[2026-09-05T10:57:39.668-0400][623.323s][info][gc,task     ] GC(293) Using 23 workers of 23 for evacuation
[2026-09-05T10:57:39.679-0400][623.334s][info][gc,phases   ] GC(293)   Pre Evacuate Collection Set: 0.33ms
[2026-09-05T10:57:39.679-0400][623.334s][info][gc,phases   ] GC(293)   Merge Heap Roots: 0.30ms
[2026-09-05T10:57:39.679-0400][623.334s][info][gc,phases   ] GC(293)   Evacuate Collection Set: 9.46ms
[2026-09-05T10:57:39.679-0400][623.334s][info][gc,phases   ] GC(293)   Post Evacuate Collection Set: 0.70ms
[2026-09-05T10:57:39.679-0400][623.334s][info][gc,phases   ] GC(293)   Other: 0.26ms
[2026-09-05T10:57:39.679-0400][623.334s][info][gc,heap     ] GC(293) Eden regions: 830->0(849)
[2026-09-05T10:57:39.679-0400][623.334s][info][gc,heap     ] GC(293) Survivor regions: 62->46(112)
[2026-09-05T10:57:39.679-0400][623.334s][info][gc,heap     ] GC(293) Old regions: 559->573
[2026-09-05T10:57:39.679-0400][623.334s][info][gc,heap     ] GC(293) Archive regions: 0->0
[2026-09-05T10:57:39.679-0400][623.334s][info][gc,heap     ] GC(293) Humongous regions: 29->29
[2026-09-05T10:57:39.679-0400][623.334s][info][gc,metaspace] GC(293) Metaspace: 154216K(156864K)->154216K(156864K) NonClass: 132309K(133760K)->132309K(133760K) Class: 21907K(23104K)->21907K(23104K)
[2026-09-05T10:57:39.679-0400][623.334s][info][gc          ] GC(293) Pause Young (Normal) (G1 Evacuation Pause) 2957M->1294M(3614M) 11.163ms
[2026-09-05T10:57:39.680-0400][623.334s][info][gc,cpu      ] GC(293) User=0.02s Sys=0.00s Real=0.01s
[2026-09-05T10:57:40.447-0400][624.102s][info][gc,start    ] GC(294) Pause Young (Normal) (G1 Evacuation Pause)
[2026-09-05T10:57:40.447-0400][624.102s][info][gc,task     ] GC(294) Using 23 workers of 23 for evacuation
[2026-09-05T10:57:40.453-0400][624.108s][info][gc,phases   ] GC(294)   Pre Evacuate Collection Set: 0.30ms
[2026-09-05T10:57:40.453-0400][624.108s][info][gc,phases   ] GC(294)   Merge Heap Roots: 0.26ms
[2026-09-05T10:57:40.453-0400][624.108s][info][gc,phases   ] GC(294)   Evacuate Collection Set: 4.92ms
[2026-09-05T10:57:40.453-0400][624.109s][info][gc,phases   ] GC(294)   Post Evacuate Collection Set: 0.74ms
[2026-09-05T10:57:40.453-0400][624.109s][info][gc,phases   ] GC(294)   Other: 0.16ms
[2026-09-05T10:57:40.453-0400][624.109s][info][gc,heap     ] GC(294) Eden regions: 849->0(879)
[2026-09-05T10:57:40.453-0400][624.109s][info][gc,heap     ] GC(294) Survivor regions: 46->38(112)
[2026-09-05T10:57:40.453-0400][624.109s][info][gc,heap     ] GC(294) Old regions: 573->573
[2026-09-05T10:57:40.453-0400][624.109s][info][gc,heap     ] GC(294) Archive regions: 0->0
[2026-09-05T10:57:40.453-0400][624.109s][info][gc,heap     ] GC(294) Humongous regions: 29->29
[2026-09-05T10:57:40.453-0400][624.109s][info][gc,metaspace] GC(294) Metaspace: 154232K(156864K)->154232K(156864K) NonClass: 132324K(133760K)->132324K(133760K) Class: 21908K(23104K)->21908K(23104K)
[2026-09-05T10:57:40.453-0400][624.109s][info][gc          ] GC(294) Pause Young (Normal) (G1 Evacuation Pause) 2992M->1278M(3614M) 6.502ms
[2026-09-05T10:57:40.453-0400][624.109s][info][gc,cpu      ] GC(294) User=0.27s Sys=0.05s Real=0.01s
[2026-09-05T10:57:46.171-0400][629.827s][info][gc,start    ] GC(295) Pause Young (Normal) (G1 Evacuation Pause)
[2026-09-05T10:57:46.171-0400][629.827s][info][gc,task     ] GC(295) Using 23 workers of 23 for evacuation
[2026-09-05T10:57:46.178-0400][629.834s][info][gc,phases   ] GC(295)   Pre Evacuate Collection Set: 0.28ms
[2026-09-05T10:57:46.178-0400][629.834s][info][gc,phases   ] GC(295)   Merge Heap Roots: 0.25ms
[2026-09-05T10:57:46.178-0400][629.834s][info][gc,phases   ] GC(295)   Evacuate Collection Set: 5.70ms
[2026-09-05T10:57:46.178-0400][629.834s][info][gc,phases   ] GC(295)   Post Evacuate Collection Set: 0.78ms
[2026-09-05T10:57:46.178-0400][629.834s][info][gc,phases   ] GC(295)   Other: 0.18ms
[2026-09-05T10:57:46.178-0400][629.834s][info][gc,heap     ] GC(295) Eden regions: 879->0(890)
[2026-09-05T10:57:46.178-0400][629.834s][info][gc,heap     ] GC(295) Survivor regions: 38->42(115)
[2026-09-05T10:57:46.178-0400][629.834s][info][gc,heap     ] GC(295) Old regions: 573->573
[2026-09-05T10:57:46.178-0400][629.834s][info][gc,heap     ] GC(295) Archive regions: 0->0
[2026-09-05T10:57:46.178-0400][629.834s][info][gc,heap     ] GC(295) Humongous regions: 30->29
[2026-09-05T10:57:46.178-0400][629.834s][info][gc,metaspace] GC(295) Metaspace: 154251K(156864K)->154251K(156864K) NonClass: 132343K(133760K)->132343K(133760K) Class: 21908K(23104K)->21908K(23104K)
[2026-09-05T10:57:46.178-0400][629.834s][info][gc          ] GC(295) Pause Young (Normal) (G1 Evacuation Pause) 3038M->1286M(3614M) 7.297ms
[2026-09-05T10:57:46.178-0400][629.834s][info][gc,cpu      ] GC(295) User=0.00s Sys=0.00s Real=0.01s
[2026-09-05T10:57:46.993-0400][630.648s][info][gc,start    ] GC(296) Pause Young (Normal) (G1 Evacuation Pause)
[2026-09-05T10:57:46.993-0400][630.648s][info][gc,task     ] GC(296) Using 23 workers of 23 for evacuation
[2026-09-05T10:57:47.001-0400][630.656s][info][gc,phases   ] GC(296)   Pre Evacuate Collection Set: 0.26ms
[2026-09-05T10:57:47.001-0400][630.656s][info][gc,phases   ] GC(296)   Merge Heap Roots: 0.24ms
[2026-09-05T10:57:47.001-0400][630.656s][info][gc,phases   ] GC(296)   Evacuate Collection Set: 6.75ms
[2026-09-05T10:57:47.001-0400][630.656s][info][gc,phases   ] GC(296)   Post Evacuate Collection Set: 0.75ms
[2026-09-05T10:57:47.001-0400][630.656s][info][gc,phases   ] GC(296)   Other: 0.19ms
[2026-09-05T10:57:47.001-0400][630.656s][info][gc,heap     ] GC(296) Eden regions: 890->0(895)
[2026-09-05T10:57:47.001-0400][630.656s][info][gc,heap     ] GC(296) Survivor regions: 42->49(117)
[2026-09-05T10:57:47.001-0400][630.656s][info][gc,heap     ] GC(296) Old regions: 573->573
[2026-09-05T10:57:47.001-0400][630.656s][info][gc,heap     ] GC(296) Archive regions: 0->0
[2026-09-05T10:57:47.001-0400][630.656s][info][gc,heap     ] GC(296) Humongous regions: 29->29
[2026-09-05T10:57:47.001-0400][630.656s][info][gc,metaspace] GC(296) Metaspace: 154271K(156864K)->154271K(156864K) NonClass: 132361K(133760K)->132361K(133760K) Class: 21910K(23104K)->21910K(23104K)
[2026-09-05T10:57:47.001-0400][630.656s][info][gc          ] GC(296) Pause Young (Normal) (G1 Evacuation Pause) 3066M->1300M(3614M) 8.318ms
[2026-09-05T10:57:47.001-0400][630.656s][info][gc,cpu      ] GC(296) User=0.36s Sys=0.00s Real=0.01s
[2026-09-05T10:57:47.772-0400][631.426s][info][gc,start    ] GC(297) Pause Young (Normal) (G1 Evacuation Pause)
[2026-09-05T10:57:47.772-0400][631.426s][info][gc,task     ] GC(297) Using 23 workers of 23 for evacuation
[2026-09-05T10:57:47.780-0400][631.435s][info][gc,phases   ] GC(297)   Pre Evacuate Collection Set: 0.27ms
[2026-09-05T10:57:47.780-0400][631.435s][info][gc,phases   ] GC(297)   Merge Heap Roots: 0.27ms
[2026-09-05T10:57:47.780-0400][631.435s][info][gc,phases   ] GC(297)   Evacuate Collection Set: 7.40ms
[2026-09-05T10:57:47.780-0400][631.435s][info][gc,phases   ] GC(297)   Post Evacuate Collection Set: 0.78ms
[2026-09-05T10:57:47.780-0400][631.435s][info][gc,phases   ] GC(297)   Other: 0.23ms
[2026-09-05T10:57:47.780-0400][631.435s][info][gc,heap     ] GC(297) Eden regions: 895->0(901)
[2026-09-05T10:57:47.780-0400][631.435s][info][gc,heap     ] GC(297) Survivor regions: 49->54(118)
[2026-09-05T10:57:47.780-0400][631.435s][info][gc,heap     ] GC(297) Old regions: 573->573
[2026-09-05T10:57:47.780-0400][631.435s][info][gc,heap     ] GC(297) Archive regions: 0->0
[2026-09-05T10:57:47.780-0400][631.435s][info][gc,heap     ] GC(297) Humongous regions: 29->29
[2026-09-05T10:57:47.780-0400][631.435s][info][gc,metaspace] GC(297) Metaspace: 154285K(156864K)->154285K(156864K) NonClass: 132374K(133760K)->132374K(133760K) Class: 21910K(23104K)->21910K(23104K)
[2026-09-05T10:57:47.780-0400][631.435s][info][gc          ] GC(297) Pause Young (Normal) (G1 Evacuation Pause) 3090M->1310M(3614M) 9.091ms
[2026-09-05T10:57:47.780-0400][631.435s][info][gc,cpu      ] GC(297) User=0.36s Sys=0.00s Real=0.01s
[2026-09-05T10:57:48.662-0400][632.317s][info][gc,start    ] GC(298) Pause Young (Normal) (G1 Evacuation Pause)
[2026-09-05T10:57:48.662-0400][632.317s][info][gc,task     ] GC(298) Using 23 workers of 23 for evacuation
[2026-09-05T10:57:48.672-0400][632.327s][info][gc,phases   ] GC(298)   Pre Evacuate Collection Set: 0.16ms
[2026-09-05T10:57:48.672-0400][632.327s][info][gc,phases   ] GC(298)   Merge Heap Roots: 0.27ms
[2026-09-05T10:57:48.672-0400][632.327s][info][gc,phases   ] GC(298)   Evacuate Collection Set: 8.15ms
[2026-09-05T10:57:48.672-0400][632.327s][info][gc,phases   ] GC(298)   Post Evacuate Collection Set: 0.91ms
[2026-09-05T10:57:48.672-0400][632.327s][info][gc,phases   ] GC(298)   Other: 0.28ms
[2026-09-05T10:57:48.673-0400][632.327s][info][gc,heap     ] GC(298) Eden regions: 901->0(906)
[2026-09-05T10:57:48.673-0400][632.327s][info][gc,heap     ] GC(298) Survivor regions: 54->58(120)
[2026-09-05T10:57:48.673-0400][632.327s][info][gc,heap     ] GC(298) Old regions: 573->573
[2026-09-05T10:57:48.673-0400][632.327s][info][gc,heap     ] GC(298) Archive regions: 0->0
[2026-09-05T10:57:48.673-0400][632.327s][info][gc,heap     ] GC(298) Humongous regions: 29->29
[2026-09-05T10:57:48.673-0400][632.327s][info][gc,metaspace] GC(298) Metaspace: 154294K(156928K)->154294K(156928K) NonClass: 132381K(133824K)->132381K(133824K) Class: 21912K(23104K)->21912K(23104K)
[2026-09-05T10:57:48.673-0400][632.327s][info][gc          ] GC(298) Pause Young (Normal) (G1 Evacuation Pause) 3112M->1318M(3614M) 10.035ms
[2026-09-05T10:57:48.673-0400][632.327s][info][gc,cpu      ] GC(298) User=0.33s Sys=0.02s Real=0.01s
[2026-09-05T10:57:49.616-0400][633.271s][info][gc,start    ] GC(299) Pause Young (Normal) (G1 Evacuation Pause)
[2026-09-05T10:57:49.616-0400][633.271s][info][gc,task     ] GC(299) Using 23 workers of 23 for evacuation
[2026-09-05T10:57:49.627-0400][633.281s][info][gc,phases   ] GC(299)   Pre Evacuate Collection Set: 0.14ms
[2026-09-05T10:57:49.627-0400][633.282s][info][gc,phases   ] GC(299)   Merge Heap Roots: 0.22ms
[2026-09-05T10:57:49.627-0400][633.282s][info][gc,phases   ] GC(299)   Evacuate Collection Set: 9.26ms
[2026-09-05T10:57:49.627-0400][633.282s][info][gc,phases   ] GC(299)   Post Evacuate Collection Set: 0.65ms
[2026-09-05T10:57:49.627-0400][633.282s][info][gc,phases   ] GC(299)   Other: 0.18ms
[2026-09-05T10:57:49.627-0400][633.282s][info][gc,heap     ] GC(299) Eden regions: 906->0(892)
[2026-09-05T10:57:49.627-0400][633.282s][info][gc,heap     ] GC(299) Survivor regions: 58->66(121)
[2026-09-05T10:57:49.627-0400][633.282s][info][gc,heap     ] GC(299) Old regions: 573->573
[2026-09-05T10:57:49.627-0400][633.282s][info][gc,heap     ] GC(299) Archive regions: 0->0
[2026-09-05T10:57:49.627-0400][633.282s][info][gc,heap     ] GC(299) Humongous regions: 29->29
[2026-09-05T10:57:49.627-0400][633.282s][info][gc,metaspace] GC(299) Metaspace: 154305K(156928K)->154305K(156928K) NonClass: 132391K(133824K)->132391K(133824K) Class: 21914K(23104K)->21914K(23104K)
[2026-09-05T10:57:49.627-0400][633.282s][info][gc          ] GC(299) Pause Young (Normal) (G1 Evacuation Pause) 3130M->1334M(3614M) 10.585ms
[2026-09-05T10:57:49.627-0400][633.282s][info][gc,cpu      ] GC(299) User=0.34s Sys=0.02s Real=0.01s
[2026-09-05T10:57:50.301-0400][633.956s][info][gc,start    ] GC(300) Pause Young (Normal) (G1 Evacuation Pause)
[2026-09-05T10:57:50.301-0400][633.956s][info][gc,task     ] GC(300) Using 23 workers of 23 for evacuation
[2026-09-05T10:57:50.314-0400][633.969s][info][gc,phases   ] GC(300)   Pre Evacuate Collection Set: 0.24ms
[2026-09-05T10:57:50.314-0400][633.969s][info][gc,phases   ] GC(300)   Merge Heap Roots: 0.20ms
[2026-09-05T10:57:50.314-0400][633.969s][info][gc,phases   ] GC(300)   Evacuate Collection Set: 11.85ms
[2026-09-05T10:57:50.314-0400][633.969s][info][gc,phases   ] GC(300)   Post Evacuate Collection Set: 0.56ms
[2026-09-05T10:57:50.314-0400][633.969s][info][gc,phases   ] GC(300)   Other: 0.17ms
[2026-09-05T10:57:50.314-0400][633.969s][info][gc,heap     ] GC(300) Eden regions: 892->0(896)
[2026-09-05T10:57:50.314-0400][633.969s][info][gc,heap     ] GC(300) Survivor regions: 66->56(120)
[2026-09-05T10:57:50.314-0400][633.969s][info][gc,heap     ] GC(300) Old regions: 573->589
[2026-09-05T10:57:50.314-0400][633.969s][info][gc,heap     ] GC(300) Archive regions: 0->0
[2026-09-05T10:57:50.314-0400][633.969s][info][gc,heap     ] GC(300) Humongous regions: 29->29
[2026-09-05T10:57:50.314-0400][633.969s][info][gc,metaspace] GC(300) Metaspace: 154306K(156928K)->154306K(156928K) NonClass: 132392K(133824K)->132392K(133824K) Class: 21914K(23104K)->21914K(23104K)
[2026-09-05T10:57:50.314-0400][633.969s][info][gc          ] GC(300) Pause Young (Normal) (G1 Evacuation Pause) 3118M->1347M(3614M) 13.131ms
[2026-09-05T10:57:50.314-0400][633.969s][info][gc,cpu      ] GC(300) User=0.34s Sys=0.02s Real=0.01s
[2026-09-05T10:57:51.132-0400][634.787s][info][gc,start    ] GC(301) Pause Young (Normal) (G1 Evacuation Pause)
[2026-09-05T10:57:51.132-0400][634.787s][info][gc,task     ] GC(301) Using 23 workers of 23 for evacuation
[2026-09-05T10:57:51.141-0400][634.797s][info][gc,phases   ] GC(301)   Pre Evacuate Collection Set: 0.25ms
[2026-09-05T10:57:51.142-0400][634.797s][info][gc,phases   ] GC(301)   Merge Heap Roots: 0.27ms
[2026-09-05T10:57:51.142-0400][634.797s][info][gc,phases   ] GC(301)   Evacuate Collection Set: 8.57ms
[2026-09-05T10:57:51.142-0400][634.797s][info][gc,phases   ] GC(301)   Post Evacuate Collection Set: 0.79ms
[2026-09-05T10:57:51.142-0400][634.797s][info][gc,phases   ] GC(301)   Other: 0.21ms
[2026-09-05T10:57:51.142-0400][634.797s][info][gc,heap     ] GC(301) Eden regions: 896->0(886)
[2026-09-05T10:57:51.142-0400][634.797s][info][gc,heap     ] GC(301) Survivor regions: 56->61(119)
[2026-09-05T10:57:51.142-0400][634.797s][info][gc,heap     ] GC(301) Old regions: 589->589
[2026-09-05T10:57:51.142-0400][634.797s][info][gc,heap     ] GC(301) Archive regions: 0->0
[2026-09-05T10:57:51.142-0400][634.797s][info][gc,heap     ] GC(301) Humongous regions: 29->29
[2026-09-05T10:57:51.142-0400][634.797s][info][gc,metaspace] GC(301) Metaspace: 154311K(156928K)->154311K(156928K) NonClass: 132396K(133824K)->132396K(133824K) Class: 21914K(23104K)->21914K(23104K)
[2026-09-05T10:57:51.142-0400][634.797s][info][gc          ] GC(301) Pause Young (Normal) (G1 Evacuation Pause) 3139M->1356M(3614M) 10.254ms
[2026-09-05T10:57:51.142-0400][634.797s][info][gc,cpu      ] GC(301) User=0.33s Sys=0.00s Real=0.01s
[2026-09-05T10:57:52.060-0400][635.715s][info][gc,start    ] GC(302) Pause Young (Normal) (G1 Evacuation Pause)
[2026-09-05T10:57:52.060-0400][635.715s][info][gc,task     ] GC(302) Using 23 workers of 23 for evacuation
[2026-09-05T10:57:52.071-0400][635.726s][info][gc,phases   ] GC(302)   Pre Evacuate Collection Set: 0.25ms
[2026-09-05T10:57:52.071-0400][635.727s][info][gc,phases   ] GC(302)   Merge Heap Roots: 0.23ms
[2026-09-05T10:57:52.071-0400][635.727s][info][gc,phases   ] GC(302)   Evacuate Collection Set: 9.77ms
[2026-09-05T10:57:52.071-0400][635.727s][info][gc,phases   ] GC(302)   Post Evacuate Collection Set: 0.86ms
[2026-09-05T10:57:52.071-0400][635.727s][info][gc,phases   ] GC(302)   Other: 0.25ms
[2026-09-05T10:57:52.071-0400][635.727s][info][gc,heap     ] GC(302) Eden regions: 886->0(876)
[2026-09-05T10:57:52.071-0400][635.727s][info][gc,heap     ] GC(302) Survivor regions: 61->66(119)
[2026-09-05T10:57:52.071-0400][635.727s][info][gc,heap     ] GC(302) Old regions: 589->589
[2026-09-05T10:57:52.071-0400][635.727s][info][gc,heap     ] GC(302) Archive regions: 0->0
[2026-09-05T10:57:52.071-0400][635.727s][info][gc,heap     ] GC(302) Humongous regions: 29->29
[2026-09-05T10:57:52.071-0400][635.727s][info][gc,metaspace] GC(302) Metaspace: 154317K(156928K)->154317K(156928K) NonClass: 132402K(133824K)->132402K(133824K) Class: 21914K(23104K)->21914K(23104K)
[2026-09-05T10:57:52.071-0400][635.727s][info][gc          ] GC(302) Pause Young (Normal) (G1 Evacuation Pause) 3128M->1367M(3614M) 11.492ms
[2026-09-05T10:57:52.071-0400][635.727s][info][gc,cpu      ] GC(302) User=0.00s Sys=0.00s Real=0.01s
[2026-09-05T10:57:52.777-0400][636.432s][info][gc,start    ] GC(303) Pause Young (Normal) (G1 Evacuation Pause)
[2026-09-05T10:57:52.777-0400][636.432s][info][gc,task     ] GC(303) Using 23 workers of 23 for evacuation
[2026-09-05T10:57:52.788-0400][636.444s][info][gc,phases   ] GC(303)   Pre Evacuate Collection Set: 0.24ms
[2026-09-05T10:57:52.788-0400][636.444s][info][gc,phases   ] GC(303)   Merge Heap Roots: 0.23ms
[2026-09-05T10:57:52.788-0400][636.444s][info][gc,phases   ] GC(303)   Evacuate Collection Set: 10.17ms
[2026-09-05T10:57:52.788-0400][636.444s][info][gc,phases   ] GC(303)   Post Evacuate Collection Set: 1.06ms
[2026-09-05T10:57:52.788-0400][636.444s][info][gc,phases   ] GC(303)   Other: 0.18ms
[2026-09-05T10:57:52.788-0400][636.444s][info][gc,heap     ] GC(303) Eden regions: 876->0(867)
[2026-09-05T10:57:52.788-0400][636.444s][info][gc,heap     ] GC(303) Survivor regions: 66->68(118)
[2026-09-05T10:57:52.788-0400][636.444s][info][gc,heap     ] GC(303) Old regions: 589->594
[2026-09-05T10:57:52.788-0400][636.444s][info][gc,heap     ] GC(303) Archive regions: 0->0
[2026-09-05T10:57:52.788-0400][636.444s][info][gc,heap     ] GC(303) Humongous regions: 29->29
[2026-09-05T10:57:52.788-0400][636.444s][info][gc,metaspace] GC(303) Metaspace: 154328K(156928K)->154328K(156928K) NonClass: 132413K(133824K)->132413K(133824K) Class: 21914K(23104K)->21914K(23104K)
[2026-09-05T10:57:52.788-0400][636.444s][info][gc          ] GC(303) Pause Young (Normal) (G1 Evacuation Pause) 3119M->1380M(3614M) 12.104ms
[2026-09-05T10:57:52.788-0400][636.444s][info][gc,cpu      ] GC(303) User=0.31s Sys=0.00s Real=0.01s
[2026-09-05T10:57:53.275-0400][636.930s][info][gc,start    ] GC(304) Pause Young (Normal) (G1 Evacuation Pause)
[2026-09-05T10:57:53.275-0400][636.931s][info][gc,task     ] GC(304) Using 23 workers of 23 for evacuation
[2026-09-05T10:57:53.286-0400][636.941s][info][gc,phases   ] GC(304)   Pre Evacuate Collection Set: 0.22ms
[2026-09-05T10:57:53.286-0400][636.941s][info][gc,phases   ] GC(304)   Merge Heap Roots: 0.24ms
[2026-09-05T10:57:53.286-0400][636.941s][info][gc,phases   ] GC(304)   Evacuate Collection Set: 9.42ms
[2026-09-05T10:57:53.286-0400][636.941s][info][gc,phases   ] GC(304)   Post Evacuate Collection Set: 0.88ms
[2026-09-05T10:57:53.286-0400][636.941s][info][gc,phases   ] GC(304)   Other: 0.17ms
[2026-09-05T10:57:53.286-0400][636.942s][info][gc,heap     ] GC(304) Eden regions: 867->0(864)
[2026-09-05T10:57:53.286-0400][636.942s][info][gc,heap     ] GC(304) Survivor regions: 68->67(117)
[2026-09-05T10:57:53.286-0400][636.942s][info][gc,heap     ] GC(304) Old regions: 594->599
[2026-09-05T10:57:53.286-0400][636.942s][info][gc,heap     ] GC(304) Archive regions: 0->0
[2026-09-05T10:57:53.286-0400][636.942s][info][gc,heap     ] GC(304) Humongous regions: 30->29
[2026-09-05T10:57:53.286-0400][636.942s][info][gc,metaspace] GC(304) Metaspace: 154334K(156928K)->154334K(156928K) NonClass: 132420K(133824K)->132420K(133824K) Class: 21914K(23104K)->21914K(23104K)
[2026-09-05T10:57:53.286-0400][636.942s][info][gc          ] GC(304) Pause Young (Normal) (G1 Evacuation Pause) 3116M->1388M(3614M) 11.074ms
[2026-09-05T10:57:53.286-0400][636.942s][info][gc,cpu      ] GC(304) User=0.36s Sys=0.00s Real=0.01s
[2026-09-05T10:57:54.020-0400][637.675s][info][gc,start    ] GC(305) Pause Young (Normal) (G1 Evacuation Pause)
[2026-09-05T10:57:54.020-0400][637.675s][info][gc,task     ] GC(305) Using 23 workers of 23 for evacuation
[2026-09-05T10:57:54.031-0400][637.686s][info][gc,phases   ] GC(305)   Pre Evacuate Collection Set: 0.24ms
[2026-09-05T10:57:54.031-0400][637.686s][info][gc,phases   ] GC(305)   Merge Heap Roots: 0.22ms
[2026-09-05T10:57:54.031-0400][637.686s][info][gc,phases   ] GC(305)   Evacuate Collection Set: 9.33ms
[2026-09-05T10:57:54.031-0400][637.686s][info][gc,phases   ] GC(305)   Post Evacuate Collection Set: 0.82ms
[2026-09-05T10:57:54.031-0400][637.686s][info][gc,phases   ] GC(305)   Other: 0.16ms
[2026-09-05T10:57:54.031-0400][637.686s][info][gc,heap     ] GC(305) Eden regions: 864->0(864)
[2026-09-05T10:57:54.031-0400][637.686s][info][gc,heap     ] GC(305) Survivor regions: 67->64(117)
[2026-09-05T10:57:54.031-0400][637.686s][info][gc,heap     ] GC(305) Old regions: 599->605
[2026-09-05T10:57:54.031-0400][637.686s][info][gc,heap     ] GC(305) Archive regions: 0->0
[2026-09-05T10:57:54.032-0400][637.686s][info][gc,heap     ] GC(305) Humongous regions: 29->29
[2026-09-05T10:57:54.032-0400][637.686s][info][gc,metaspace] GC(305) Metaspace: 154344K(156928K)->154344K(156928K) NonClass: 132429K(133824K)->132429K(133824K) Class: 21914K(23104K)->21914K(23104K)
[2026-09-05T10:57:54.032-0400][637.686s][info][gc          ] GC(305) Pause Young (Normal) (G1 Evacuation Pause) 3116M->1394M(3614M) 10.913ms
[2026-09-05T10:57:54.032-0400][637.686s][info][gc,cpu      ] GC(305) User=0.36s Sys=0.00s Real=0.01s
[2026-09-05T10:57:54.779-0400][638.434s][info][gc,start    ] GC(306) Pause Young (Normal) (G1 Evacuation Pause)
[2026-09-05T10:57:54.779-0400][638.435s][info][gc,task     ] GC(306) Using 23 workers of 23 for evacuation
[2026-09-05T10:57:54.790-0400][638.445s][info][gc,phases   ] GC(306)   Pre Evacuate Collection Set: 0.24ms
[2026-09-05T10:57:54.790-0400][638.445s][info][gc,phases   ] GC(306)   Merge Heap Roots: 0.23ms
[2026-09-05T10:57:54.790-0400][638.445s][info][gc,phases   ] GC(306)   Evacuate Collection Set: 8.86ms
[2026-09-05T10:57:54.790-0400][638.445s][info][gc,phases   ] GC(306)   Post Evacuate Collection Set: 0.81ms
[2026-09-05T10:57:54.790-0400][638.445s][info][gc,phases   ] GC(306)   Other: 0.21ms
[2026-09-05T10:57:54.790-0400][638.445s][info][gc,heap     ] GC(306) Eden regions: 864->0(859)
[2026-09-05T10:57:54.790-0400][638.445s][info][gc,heap     ] GC(306) Survivor regions: 64->63(116)
[2026-09-05T10:57:54.790-0400][638.445s][info][gc,heap     ] GC(306) Old regions: 605->612
[2026-09-05T10:57:54.790-0400][638.445s][info][gc,heap     ] GC(306) Archive regions: 0->0
[2026-09-05T10:57:54.790-0400][638.445s][info][gc,heap     ] GC(306) Humongous regions: 29->29
[2026-09-05T10:57:54.790-0400][638.445s][info][gc,metaspace] GC(306) Metaspace: 154344K(156928K)->154344K(156928K) NonClass: 132430K(133824K)->132430K(133824K) Class: 21914K(23104K)->21914K(23104K)
[2026-09-05T10:57:54.790-0400][638.445s][info][gc          ] GC(306) Pause Young (Normal) (G1 Evacuation Pause) 3122M->1405M(3614M) 10.454ms
[2026-09-05T10:57:54.790-0400][638.445s][info][gc,cpu      ] GC(306) User=0.00s Sys=0.00s Real=0.01s
[2026-09-05T10:57:56.129-0400][639.785s][info][gc,start    ] GC(307) Pause Young (Normal) (G1 Evacuation Pause)
[2026-09-05T10:57:56.129-0400][639.785s][info][gc,task     ] GC(307) Using 23 workers of 23 for evacuation
[2026-09-05T10:57:56.139-0400][639.794s][info][gc,phases   ] GC(307)   Pre Evacuate Collection Set: 0.22ms
[2026-09-05T10:57:56.139-0400][639.794s][info][gc,phases   ] GC(307)   Merge Heap Roots: 0.18ms
[2026-09-05T10:57:56.139-0400][639.794s][info][gc,phases   ] GC(307)   Evacuate Collection Set: 7.79ms
[2026-09-05T10:57:56.139-0400][639.794s][info][gc,phases   ] GC(307)   Post Evacuate Collection Set: 0.87ms
[2026-09-05T10:57:56.139-0400][639.794s][info][gc,phases   ] GC(307)   Other: 0.16ms
[2026-09-05T10:57:56.139-0400][639.794s][info][gc,heap     ] GC(307) Eden regions: 859->0(861)
[2026-09-05T10:57:56.139-0400][639.794s][info][gc,heap     ] GC(307) Survivor regions: 63->62(116)
[2026-09-05T10:57:56.139-0400][639.794s][info][gc,heap     ] GC(307) Old regions: 612->612
[2026-09-05T10:57:56.139-0400][639.794s][info][gc,heap     ] GC(307) Archive regions: 0->0
[2026-09-05T10:57:56.139-0400][639.794s][info][gc,heap     ] GC(307) Humongous regions: 29->29
[2026-09-05T10:57:56.139-0400][639.794s][info][gc,metaspace] GC(307) Metaspace: 154348K(156928K)->154348K(156928K) NonClass: 132433K(133824K)->132433K(133824K) Class: 21914K(23104K)->21914K(23104K)
[2026-09-05T10:57:56.139-0400][639.794s][info][gc          ] GC(307) Pause Young (Normal) (G1 Evacuation Pause) 3123M->1404M(3614M) 9.328ms
[2026-09-05T10:57:56.139-0400][639.794s][info][gc,cpu      ] GC(307) User=0.36s Sys=0.00s Real=0.01s
[2026-09-05T10:57:57.757-0400][641.413s][info][gc,start    ] GC(308) Pause Young (Normal) (G1 Evacuation Pause)
[2026-09-05T10:57:57.757-0400][641.413s][info][gc,task     ] GC(308) Using 23 workers of 23 for evacuation
[2026-09-05T10:57:57.767-0400][641.422s][info][gc,phases   ] GC(308)   Pre Evacuate Collection Set: 0.27ms
[2026-09-05T10:57:57.767-0400][641.422s][info][gc,phases   ] GC(308)   Merge Heap Roots: 0.24ms
[2026-09-05T10:57:57.767-0400][641.422s][info][gc,phases   ] GC(308)   Evacuate Collection Set: 7.60ms
[2026-09-05T10:57:57.767-0400][641.422s][info][gc,phases   ] GC(308)   Post Evacuate Collection Set: 0.62ms
[2026-09-05T10:57:57.767-0400][641.422s][info][gc,phases   ] GC(308)   Other: 0.15ms
[2026-09-05T10:57:57.767-0400][641.422s][info][gc,heap     ] GC(308) Eden regions: 861->0(859)
[2026-09-05T10:57:57.767-0400][641.422s][info][gc,heap     ] GC(308) Survivor regions: 62->63(116)
[2026-09-05T10:57:57.767-0400][641.422s][info][gc,heap     ] GC(308) Old regions: 612->612
[2026-09-05T10:57:57.767-0400][641.422s][info][gc,heap     ] GC(308) Archive regions: 0->0
[2026-09-05T10:57:57.767-0400][641.422s][info][gc,heap     ] GC(308) Humongous regions: 29->29
[2026-09-05T10:57:57.767-0400][641.422s][info][gc,metaspace] GC(308) Metaspace: 154355K(156992K)->154355K(156992K) NonClass: 132440K(133888K)->132440K(133888K) Class: 21915K(23104K)->21915K(23104K)
[2026-09-05T10:57:57.767-0400][641.422s][info][gc          ] GC(308) Pause Young (Normal) (G1 Evacuation Pause) 3126M->1406M(3614M) 9.010ms
[2026-09-05T10:57:57.767-0400][641.422s][info][gc,cpu      ] GC(308) User=0.30s Sys=0.00s Real=0.01s
[2026-09-05T10:57:59.307-0400][642.962s][info][gc,start    ] GC(309) Pause Young (Normal) (G1 Evacuation Pause)
[2026-09-05T10:57:59.307-0400][642.962s][info][gc,task     ] GC(309) Using 23 workers of 23 for evacuation
[2026-09-05T10:57:59.315-0400][642.971s][info][gc,phases   ] GC(309)   Pre Evacuate Collection Set: 0.27ms
[2026-09-05T10:57:59.315-0400][642.971s][info][gc,phases   ] GC(309)   Merge Heap Roots: 0.22ms
[2026-09-05T10:57:59.315-0400][642.971s][info][gc,phases   ] GC(309)   Evacuate Collection Set: 7.33ms
[2026-09-05T10:57:59.315-0400][642.971s][info][gc,phases   ] GC(309)   Post Evacuate Collection Set: 0.85ms
[2026-09-05T10:57:59.315-0400][642.971s][info][gc,phases   ] GC(309)   Other: 0.15ms
[2026-09-05T10:57:59.315-0400][642.971s][info][gc,heap     ] GC(309) Eden regions: 859->0(865)
[2026-09-05T10:57:59.315-0400][642.971s][info][gc,heap     ] GC(309) Survivor regions: 63->57(116)
[2026-09-05T10:57:59.315-0400][642.971s][info][gc,heap     ] GC(309) Old regions: 612->618
[2026-09-05T10:57:59.315-0400][642.971s][info][gc,heap     ] GC(309) Archive regions: 0->0
[2026-09-05T10:57:59.315-0400][642.971s][info][gc,heap     ] GC(309) Humongous regions: 29->29
[2026-09-05T10:57:59.315-0400][642.971s][info][gc,metaspace] GC(309) Metaspace: 154375K(156992K)->154375K(156992K) NonClass: 132460K(133888K)->132460K(133888K) Class: 21915K(23104K)->21915K(23104K)
[2026-09-05T10:57:59.315-0400][642.971s][info][gc          ] GC(309) Pause Young (Normal) (G1 Evacuation Pause) 3124M->1406M(3614M) 8.940ms
[2026-09-05T10:57:59.315-0400][642.971s][info][gc,cpu      ] GC(309) User=0.36s Sys=0.00s Real=0.01s
[2026-09-05T10:58:00.381-0400][644.036s][info][gc,start    ] GC(310) Pause Young (Normal) (G1 Evacuation Pause)
[2026-09-05T10:58:00.381-0400][644.036s][info][gc,task     ] GC(310) Using 23 workers of 23 for evacuation
[2026-09-05T10:58:00.398-0400][644.053s][info][gc,phases   ] GC(310)   Pre Evacuate Collection Set: 0.27ms
[2026-09-05T10:58:00.398-0400][644.053s][info][gc,phases   ] GC(310)   Merge Heap Roots: 0.20ms
[2026-09-05T10:58:00.398-0400][644.053s][info][gc,phases   ] GC(310)   Evacuate Collection Set: 15.72ms
[2026-09-05T10:58:00.398-0400][644.053s][info][gc,phases   ] GC(310)   Post Evacuate Collection Set: 0.67ms
[2026-09-05T10:58:00.398-0400][644.053s][info][gc,phases   ] GC(310)   Other: 0.16ms
[2026-09-05T10:58:00.398-0400][644.053s][info][gc,heap     ] GC(310) Eden regions: 865->0(763)
[2026-09-05T10:58:00.398-0400][644.053s][info][gc,heap     ] GC(310) Survivor regions: 57->108(116)
[2026-09-05T10:58:00.398-0400][644.053s][info][gc,heap     ] GC(310) Old regions: 618->618
[2026-09-05T10:58:00.398-0400][644.053s][info][gc,heap     ] GC(310) Archive regions: 0->0
[2026-09-05T10:58:00.398-0400][644.053s][info][gc,heap     ] GC(310) Humongous regions: 29->29
[2026-09-05T10:58:00.398-0400][644.053s][info][gc,metaspace] GC(310) Metaspace: 154389K(156992K)->154389K(156992K) NonClass: 132474K(133888K)->132474K(133888K) Class: 21915K(23104K)->21915K(23104K)
[2026-09-05T10:58:00.398-0400][644.053s][info][gc          ] GC(310) Pause Young (Normal) (G1 Evacuation Pause) 3136M->1508M(3614M) 17.154ms
[2026-09-05T10:58:00.398-0400][644.053s][info][gc,cpu      ] GC(310) User=0.36s Sys=0.00s Real=0.02s
[2026-09-05T10:58:00.928-0400][644.583s][info][gc,start    ] GC(311) Pause Young (Normal) (G1 Evacuation Pause)
[2026-09-05T10:58:00.928-0400][644.583s][info][gc,task     ] GC(311) Using 23 workers of 23 for evacuation
[2026-09-05T10:58:00.946-0400][644.601s][info][gc,phases   ] GC(311)   Pre Evacuate Collection Set: 0.22ms
[2026-09-05T10:58:00.946-0400][644.601s][info][gc,phases   ] GC(311)   Merge Heap Roots: 0.22ms
[2026-09-05T10:58:00.946-0400][644.601s][info][gc,phases   ] GC(311)   Evacuate Collection Set: 16.43ms
[2026-09-05T10:58:00.946-0400][644.601s][info][gc,phases   ] GC(311)   Post Evacuate Collection Set: 0.84ms
[2026-09-05T10:58:00.946-0400][644.601s][info][gc,phases   ] GC(311)   Other: 0.15ms
[2026-09-05T10:58:00.946-0400][644.601s][info][gc,heap     ] GC(311) Eden regions: 763->0(772)
[2026-09-05T10:58:00.946-0400][644.601s][info][gc,heap     ] GC(311) Survivor regions: 108->52(109)
[2026-09-05T10:58:00.946-0400][644.601s][info][gc,heap     ] GC(311) Old regions: 618->675
[2026-09-05T10:58:00.946-0400][644.601s][info][gc,heap     ] GC(311) Archive regions: 0->0
[2026-09-05T10:58:00.946-0400][644.601s][info][gc,heap     ] GC(311) Humongous regions: 30->29
[2026-09-05T10:58:00.946-0400][644.601s][info][gc,metaspace] GC(311) Metaspace: 154392K(156992K)->154392K(156992K) NonClass: 132477K(133888K)->132477K(133888K) Class: 21915K(23104K)->21915K(23104K)
[2026-09-05T10:58:00.946-0400][644.601s][info][gc          ] GC(311) Pause Young (Normal) (G1 Evacuation Pause) 3036M->1509M(3614M) 18.030ms
[2026-09-05T10:58:00.946-0400][644.601s][info][gc,cpu      ] GC(311) User=0.34s Sys=0.00s Real=0.02s
[2026-09-05T10:58:01.540-0400][645.195s][info][gc,start    ] GC(312) Pause Young (Normal) (G1 Evacuation Pause)
[2026-09-05T10:58:01.540-0400][645.195s][info][gc,task     ] GC(312) Using 23 workers of 23 for evacuation
[2026-09-05T10:58:01.548-0400][645.203s][info][gc,phases   ] GC(312)   Pre Evacuate Collection Set: 0.30ms
[2026-09-05T10:58:01.548-0400][645.203s][info][gc,phases   ] GC(312)   Merge Heap Roots: 0.19ms
[2026-09-05T10:58:01.548-0400][645.203s][info][gc,phases   ] GC(312)   Evacuate Collection Set: 5.94ms
[2026-09-05T10:58:01.548-0400][645.203s][info][gc,phases   ] GC(312)   Post Evacuate Collection Set: 0.69ms
[2026-09-05T10:58:01.548-0400][645.203s][info][gc,phases   ] GC(312)   Other: 0.21ms
[2026-09-05T10:58:01.548-0400][645.203s][info][gc,heap     ] GC(312) Eden regions: 772->0(783)
[2026-09-05T10:58:01.548-0400][645.203s][info][gc,heap     ] GC(312) Survivor regions: 52->43(103)
[2026-09-05T10:58:01.548-0400][645.203s][info][gc,heap     ] GC(312) Old regions: 675->675
[2026-09-05T10:58:01.548-0400][645.203s][info][gc,heap     ] GC(312) Archive regions: 0->0
[2026-09-05T10:58:01.548-0400][645.203s][info][gc,heap     ] GC(312) Humongous regions: 29->29
[2026-09-05T10:58:01.548-0400][645.203s][info][gc,metaspace] GC(312) Metaspace: 154392K(156992K)->154392K(156992K) NonClass: 132477K(133888K)->132477K(133888K) Class: 21915K(23104K)->21915K(23104K)
[2026-09-05T10:58:01.548-0400][645.203s][info][gc          ] GC(312) Pause Young (Normal) (G1 Evacuation Pause) 3053M->1492M(3614M) 7.448ms
[2026-09-05T10:58:01.548-0400][645.203s][info][gc,cpu      ] GC(312) User=0.38s Sys=0.00s Real=0.01s
[2026-09-05T10:58:02.278-0400][645.933s][info][gc,start    ] GC(313) Pause Young (Normal) (GCLocker Initiated GC)
[2026-09-05T10:58:02.278-0400][645.933s][info][gc,task     ] GC(313) Using 23 workers of 23 for evacuation
[2026-09-05T10:58:02.285-0400][645.941s][info][gc,phases   ] GC(313)   Pre Evacuate Collection Set: 0.26ms
[2026-09-05T10:58:02.285-0400][645.941s][info][gc,phases   ] GC(313)   Merge Heap Roots: 0.23ms
[2026-09-05T10:58:02.285-0400][645.941s][info][gc,phases   ] GC(313)   Evacuate Collection Set: 5.79ms
[2026-09-05T10:58:02.285-0400][645.941s][info][gc,phases   ] GC(313)   Post Evacuate Collection Set: 0.86ms
[2026-09-05T10:58:02.285-0400][645.941s][info][gc,phases   ] GC(313)   Other: 0.18ms
[2026-09-05T10:58:02.285-0400][645.941s][info][gc,heap     ] GC(313) Eden regions: 784->0(793)
[2026-09-05T10:58:02.285-0400][645.941s][info][gc,heap     ] GC(313) Survivor regions: 43->44(104)
[2026-09-05T10:58:02.285-0400][645.941s][info][gc,heap     ] GC(313) Old regions: 675->675
[2026-09-05T10:58:02.285-0400][645.941s][info][gc,heap     ] GC(313) Archive regions: 0->0
[2026-09-05T10:58:02.285-0400][645.941s][info][gc,heap     ] GC(313) Humongous regions: 29->29
[2026-09-05T10:58:02.285-0400][645.941s][info][gc,metaspace] GC(313) Metaspace: 154392K(156992K)->154392K(156992K) NonClass: 132477K(133888K)->132477K(133888K) Class: 21915K(23104K)->21915K(23104K)
[2026-09-05T10:58:02.285-0400][645.941s][info][gc          ] GC(313) Pause Young (Normal) (GCLocker Initiated GC) 3058M->1494M(3614M) 7.453ms
[2026-09-05T10:58:02.285-0400][645.941s][info][gc,cpu      ] GC(313) User=0.00s Sys=0.00s Real=0.01s
[2026-09-05T10:58:03.024-0400][646.678s][info][gc,start    ] GC(314) Pause Young (Normal) (G1 Evacuation Pause)
[2026-09-05T10:58:03.024-0400][646.678s][info][gc,task     ] GC(314) Using 23 workers of 23 for evacuation
[2026-09-05T10:58:03.030-0400][646.686s][info][gc,phases   ] GC(314)   Pre Evacuate Collection Set: 0.25ms
[2026-09-05T10:58:03.031-0400][646.686s][info][gc,phases   ] GC(314)   Merge Heap Roots: 0.22ms
[2026-09-05T10:58:03.031-0400][646.686s][info][gc,phases   ] GC(314)   Evacuate Collection Set: 5.91ms
[2026-09-05T10:58:03.031-0400][646.686s][info][gc,phases   ] GC(314)   Post Evacuate Collection Set: 0.82ms
[2026-09-05T10:58:03.031-0400][646.686s][info][gc,phases   ] GC(314)   Other: 0.25ms
[2026-09-05T10:58:03.031-0400][646.686s][info][gc,heap     ] GC(314) Eden regions: 793->0(797)
[2026-09-05T10:58:03.031-0400][646.686s][info][gc,heap     ] GC(314) Survivor regions: 44->50(105)
[2026-09-05T10:58:03.031-0400][646.686s][info][gc,heap     ] GC(314) Old regions: 675->675
[2026-09-05T10:58:03.031-0400][646.686s][info][gc,heap     ] GC(314) Archive regions: 0->0
[2026-09-05T10:58:03.031-0400][646.686s][info][gc,heap     ] GC(314) Humongous regions: 29->29
[2026-09-05T10:58:03.031-0400][646.686s][info][gc,metaspace] GC(314) Metaspace: 154392K(156992K)->154392K(156992K) NonClass: 132477K(133888K)->132477K(133888K) Class: 21915K(23104K)->21915K(23104K)
[2026-09-05T10:58:03.031-0400][646.686s][info][gc          ] GC(314) Pause Young (Normal) (G1 Evacuation Pause) 3080M->1506M(3614M) 7.588ms
[2026-09-05T10:58:03.031-0400][646.686s][info][gc,cpu      ] GC(314) User=0.33s Sys=0.00s Real=0.01s
[2026-09-05T10:58:04.341-0400][647.996s][info][gc,start    ] GC(315) Pause Young (Normal) (G1 Evacuation Pause)
[2026-09-05T10:58:04.341-0400][647.996s][info][gc,task     ] GC(315) Using 23 workers of 23 for evacuation
[2026-09-05T10:58:04.350-0400][648.006s][info][gc,phases   ] GC(315)   Pre Evacuate Collection Set: 0.16ms
[2026-09-05T10:58:04.350-0400][648.006s][info][gc,phases   ] GC(315)   Merge Heap Roots: 0.22ms
[2026-09-05T10:58:04.350-0400][648.006s][info][gc,phases   ] GC(315)   Evacuate Collection Set: 8.02ms
[2026-09-05T10:58:04.350-0400][648.006s][info][gc,phases   ] GC(315)   Post Evacuate Collection Set: 1.04ms
[2026-09-05T10:58:04.350-0400][648.006s][info][gc,phases   ] GC(315)   Other: 0.28ms
[2026-09-05T10:58:04.350-0400][648.006s][info][gc,heap     ] GC(315) Eden regions: 797->0(795)
[2026-09-05T10:58:04.350-0400][648.006s][info][gc,heap     ] GC(315) Survivor regions: 50->59(106)
[2026-09-05T10:58:04.351-0400][648.006s][info][gc,heap     ] GC(315) Old regions: 675->675
[2026-09-05T10:58:04.351-0400][648.006s][info][gc,heap     ] GC(315) Archive regions: 0->0
[2026-09-05T10:58:04.351-0400][648.006s][info][gc,heap     ] GC(315) Humongous regions: 29->29
[2026-09-05T10:58:04.351-0400][648.006s][info][gc,metaspace] GC(315) Metaspace: 154394K(156992K)->154394K(156992K) NonClass: 132478K(133888K)->132478K(133888K) Class: 21915K(23104K)->21915K(23104K)
[2026-09-05T10:58:04.351-0400][648.006s][info][gc          ] GC(315) Pause Young (Normal) (G1 Evacuation Pause) 3100M->1524M(3614M) 9.957ms
[2026-09-05T10:58:04.351-0400][648.006s][info][gc,cpu      ] GC(315) User=0.00s Sys=0.00s Real=0.01s
[2026-09-05T10:58:05.278-0400][648.933s][info][gc,start    ] GC(316) Pause Young (Normal) (G1 Evacuation Pause)
[2026-09-05T10:58:05.278-0400][648.933s][info][gc,task     ] GC(316) Using 23 workers of 23 for evacuation
[2026-09-05T10:58:05.287-0400][648.942s][info][gc,phases   ] GC(316)   Pre Evacuate Collection Set: 0.26ms
[2026-09-05T10:58:05.287-0400][648.943s][info][gc,phases   ] GC(316)   Merge Heap Roots: 0.19ms
[2026-09-05T10:58:05.287-0400][648.943s][info][gc,phases   ] GC(316)   Evacuate Collection Set: 8.25ms
[2026-09-05T10:58:05.287-0400][648.943s][info][gc,phases   ] GC(316)   Post Evacuate Collection Set: 0.64ms
[2026-09-05T10:58:05.287-0400][648.943s][info][gc,phases   ] GC(316)   Other: 0.13ms
[2026-09-05T10:58:05.287-0400][648.943s][info][gc,heap     ] GC(316) Eden regions: 795->0(795)
[2026-09-05T10:58:05.287-0400][648.943s][info][gc,heap     ] GC(316) Survivor regions: 59->51(107)
[2026-09-05T10:58:05.287-0400][648.943s][info][gc,heap     ] GC(316) Old regions: 675->690
[2026-09-05T10:58:05.287-0400][648.943s][info][gc,heap     ] GC(316) Archive regions: 0->0
[2026-09-05T10:58:05.287-0400][648.943s][info][gc,heap     ] GC(316) Humongous regions: 29->29
[2026-09-05T10:58:05.287-0400][648.943s][info][gc,metaspace] GC(316) Metaspace: 154397K(156992K)->154397K(156992K) NonClass: 132482K(133888K)->132482K(133888K) Class: 21915K(23104K)->21915K(23104K)
[2026-09-05T10:58:05.287-0400][648.943s][info][gc          ] GC(316) Pause Young (Normal) (G1 Evacuation Pause) 3114M->1539M(3614M) 9.676ms
[2026-09-05T10:58:05.287-0400][648.943s][info][gc,cpu      ] GC(316) User=0.00s Sys=0.00s Real=0.01s
[2026-09-05T10:58:06.238-0400][649.894s][info][gc,start    ] GC(317) Pause Young (Normal) (GCLocker Initiated GC)
[2026-09-05T10:58:06.238-0400][649.894s][info][gc,task     ] GC(317) Using 23 workers of 23 for evacuation
[2026-09-05T10:58:06.249-0400][649.904s][info][gc,phases   ] GC(317)   Pre Evacuate Collection Set: 0.23ms
[2026-09-05T10:58:06.249-0400][649.904s][info][gc,phases   ] GC(317)   Merge Heap Roots: 0.17ms
[2026-09-05T10:58:06.249-0400][649.904s][info][gc,phases   ] GC(317)   Evacuate Collection Set: 9.19ms
[2026-09-05T10:58:06.249-0400][649.904s][info][gc,phases   ] GC(317)   Post Evacuate Collection Set: 0.67ms
[2026-09-05T10:58:06.249-0400][649.904s][info][gc,phases   ] GC(317)   Other: 0.15ms
[2026-09-05T10:58:06.249-0400][649.904s][info][gc,heap     ] GC(317) Eden regions: 795->0(759)
[2026-09-05T10:58:06.249-0400][649.904s][info][gc,heap     ] GC(317) Survivor regions: 51->74(106)
[2026-09-05T10:58:06.249-0400][649.904s][info][gc,heap     ] GC(317) Old regions: 690->690
[2026-09-05T10:58:06.249-0400][649.904s][info][gc,heap     ] GC(317) Archive regions: 0->0
[2026-09-05T10:58:06.249-0400][649.904s][info][gc,heap     ] GC(317) Humongous regions: 29->29
[2026-09-05T10:58:06.249-0400][649.904s][info][gc,metaspace] GC(317) Metaspace: 154399K(156992K)->154399K(156992K) NonClass: 132483K(133888K)->132483K(133888K) Class: 21915K(23104K)->21915K(23104K)
[2026-09-05T10:58:06.249-0400][649.904s][info][gc          ] GC(317) Pause Young (Normal) (GCLocker Initiated GC) 3129M->1585M(3614M) 10.518ms
[2026-09-05T10:58:06.249-0400][649.904s][info][gc,cpu      ] GC(317) User=0.34s Sys=0.00s Real=0.01s
[2026-09-05T10:58:07.022-0400][650.677s][info][gc,start    ] GC(318) Pause Young (Normal) (GCLocker Initiated GC)
[2026-09-05T10:58:07.022-0400][650.677s][info][gc,task     ] GC(318) Using 23 workers of 23 for evacuation
[2026-09-05T10:58:07.034-0400][650.690s][info][gc,phases   ] GC(318)   Pre Evacuate Collection Set: 0.25ms
[2026-09-05T10:58:07.034-0400][650.690s][info][gc,phases   ] GC(318)   Merge Heap Roots: 0.25ms
[2026-09-05T10:58:07.034-0400][650.690s][info][gc,phases   ] GC(318)   Evacuate Collection Set: 11.14ms
[2026-09-05T10:58:07.034-0400][650.690s][info][gc,phases   ] GC(318)   Post Evacuate Collection Set: 0.75ms
[2026-09-05T10:58:07.034-0400][650.690s][info][gc,phases   ] GC(318)   Other: 0.14ms
[2026-09-05T10:58:07.034-0400][650.690s][info][gc,heap     ] GC(318) Eden regions: 760->0(751)
[2026-09-05T10:58:07.034-0400][650.690s][info][gc,heap     ] GC(318) Survivor regions: 74->65(105)
[2026-09-05T10:58:07.034-0400][650.690s][info][gc,heap     ] GC(318) Old regions: 690->710
[2026-09-05T10:58:07.034-0400][650.690s][info][gc,heap     ] GC(318) Archive regions: 0->0
[2026-09-05T10:58:07.034-0400][650.690s][info][gc,heap     ] GC(318) Humongous regions: 29->29
[2026-09-05T10:58:07.034-0400][650.690s][info][gc,metaspace] GC(318) Metaspace: 154400K(156992K)->154400K(156992K) NonClass: 132485K(133888K)->132485K(133888K) Class: 21915K(23104K)->21915K(23104K)
[2026-09-05T10:58:07.034-0400][650.690s][info][gc          ] GC(318) Pause Young (Normal) (GCLocker Initiated GC) 3104M->1606M(3614M) 12.691ms
[2026-09-05T10:58:07.034-0400][650.690s][info][gc,cpu      ] GC(318) User=0.34s Sys=0.00s Real=0.01s
[2026-09-05T10:58:07.586-0400][651.241s][info][gc,start    ] GC(319) Pause Young (Normal) (G1 Evacuation Pause)
[2026-09-05T10:58:07.586-0400][651.241s][info][gc,task     ] GC(319) Using 23 workers of 23 for evacuation
[2026-09-05T10:58:07.598-0400][651.252s][info][gc,phases   ] GC(319)   Pre Evacuate Collection Set: 0.24ms
[2026-09-05T10:58:07.598-0400][651.253s][info][gc,phases   ] GC(319)   Merge Heap Roots: 0.21ms
[2026-09-05T10:58:07.598-0400][651.253s][info][gc,phases   ] GC(319)   Evacuate Collection Set: 10.09ms
[2026-09-05T10:58:07.598-0400][651.253s][info][gc,phases   ] GC(319)   Post Evacuate Collection Set: 0.80ms
[2026-09-05T10:58:07.598-0400][651.253s][info][gc,phases   ] GC(319)   Other: 0.26ms
[2026-09-05T10:58:07.598-0400][651.253s][info][gc,heap     ] GC(319) Eden regions: 751->0(736)
[2026-09-05T10:58:07.598-0400][651.253s][info][gc,heap     ] GC(319) Survivor regions: 65->63(102)
[2026-09-05T10:58:07.598-0400][651.253s][info][gc,heap     ] GC(319) Old regions: 710->727
[2026-09-05T10:58:07.598-0400][651.253s][info][gc,heap     ] GC(319) Archive regions: 0->0
[2026-09-05T10:58:07.598-0400][651.253s][info][gc,heap     ] GC(319) Humongous regions: 29->29
[2026-09-05T10:58:07.598-0400][651.253s][info][gc,metaspace] GC(319) Metaspace: 154407K(156992K)->154407K(156992K) NonClass: 132492K(133888K)->132492K(133888K) Class: 21915K(23104K)->21915K(23104K)
[2026-09-05T10:58:07.598-0400][651.253s][info][gc          ] GC(319) Pause Young (Normal) (G1 Evacuation Pause) 3108M->1637M(3614M) 11.649ms
[2026-09-05T10:58:07.598-0400][651.253s][info][gc,cpu      ] GC(319) User=0.33s Sys=0.00s Real=0.01s
[2026-09-05T10:58:08.380-0400][652.036s][info][gc,start    ] GC(320) Pause Young (Normal) (G1 Evacuation Pause)
[2026-09-05T10:58:08.381-0400][652.036s][info][gc,task     ] GC(320) Using 23 workers of 23 for evacuation
[2026-09-05T10:58:08.393-0400][652.049s][info][gc,phases   ] GC(320)   Pre Evacuate Collection Set: 0.18ms
[2026-09-05T10:58:08.393-0400][652.049s][info][gc,phases   ] GC(320)   Merge Heap Roots: 0.19ms
[2026-09-05T10:58:08.393-0400][652.049s][info][gc,phases   ] GC(320)   Evacuate Collection Set: 11.56ms
[2026-09-05T10:58:08.393-0400][652.049s][info][gc,phases   ] GC(320)   Post Evacuate Collection Set: 0.66ms
[2026-09-05T10:58:08.393-0400][652.049s][info][gc,phases   ] GC(320)   Other: 0.15ms
[2026-09-05T10:58:08.393-0400][652.049s][info][gc,heap     ] GC(320) Eden regions: 736->0(726)
[2026-09-05T10:58:08.393-0400][652.049s][info][gc,heap     ] GC(320) Survivor regions: 63->66(100)
[2026-09-05T10:58:08.393-0400][652.049s][info][gc,heap     ] GC(320) Old regions: 727->736
[2026-09-05T10:58:08.393-0400][652.049s][info][gc,heap     ] GC(320) Archive regions: 0->0
[2026-09-05T10:58:08.393-0400][652.049s][info][gc,heap     ] GC(320) Humongous regions: 30->30
[2026-09-05T10:58:08.393-0400][652.049s][info][gc,metaspace] GC(320) Metaspace: 154412K(156992K)->154412K(156992K) NonClass: 132497K(133888K)->132497K(133888K) Class: 21915K(23104K)->21915K(23104K)
[2026-09-05T10:58:08.393-0400][652.049s][info][gc          ] GC(320) Pause Young (Normal) (G1 Evacuation Pause) 3111M->1662M(3614M) 12.853ms
[2026-09-05T10:58:08.393-0400][652.049s][info][gc,cpu      ] GC(320) User=0.34s Sys=0.02s Real=0.01s
[2026-09-05T10:58:09.621-0400][653.276s][info][gc,start    ] GC(321) Pause Young (Normal) (G1 Evacuation Pause)
[2026-09-05T10:58:09.621-0400][653.276s][info][gc,task     ] GC(321) Using 23 workers of 23 for evacuation
[2026-09-05T10:58:09.630-0400][653.285s][info][gc,phases   ] GC(321)   Pre Evacuate Collection Set: 0.30ms
[2026-09-05T10:58:09.630-0400][653.285s][info][gc,phases   ] GC(321)   Merge Heap Roots: 0.21ms
[2026-09-05T10:58:09.630-0400][653.285s][info][gc,phases   ] GC(321)   Evacuate Collection Set: 7.50ms
[2026-09-05T10:58:09.630-0400][653.285s][info][gc,phases   ] GC(321)   Post Evacuate Collection Set: 0.65ms
[2026-09-05T10:58:09.630-0400][653.285s][info][gc,phases   ] GC(321)   Other: 0.15ms
[2026-09-05T10:58:09.630-0400][653.285s][info][gc,heap     ] GC(321) Eden regions: 726->0(742)
[2026-09-05T10:58:09.630-0400][653.285s][info][gc,heap     ] GC(321) Survivor regions: 66->49(99)
[2026-09-05T10:58:09.630-0400][653.285s][info][gc,heap     ] GC(321) Old regions: 736->748
[2026-09-05T10:58:09.630-0400][653.285s][info][gc,heap     ] GC(321) Archive regions: 0->0
[2026-09-05T10:58:09.630-0400][653.285s][info][gc,heap     ] GC(321) Humongous regions: 30->30
[2026-09-05T10:58:09.630-0400][653.285s][info][gc,metaspace] GC(321) Metaspace: 154412K(156992K)->154412K(156992K) NonClass: 132497K(133888K)->132497K(133888K) Class: 21915K(23104K)->21915K(23104K)
[2026-09-05T10:58:09.630-0400][653.285s][info][gc          ] GC(321) Pause Young (Normal) (G1 Evacuation Pause) 3114M->1651M(3614M) 8.916ms
[2026-09-05T10:58:09.630-0400][653.285s][info][gc,cpu      ] GC(321) User=0.02s Sys=0.00s Real=0.01s
[2026-09-05T10:58:11.091-0400][654.746s][info][gc,start    ] GC(322) Pause Young (Normal) (G1 Evacuation Pause)
[2026-09-05T10:58:11.091-0400][654.746s][info][gc,task     ] GC(322) Using 23 workers of 23 for evacuation
[2026-09-05T10:58:11.100-0400][654.754s][info][gc,phases   ] GC(322)   Pre Evacuate Collection Set: 0.29ms
[2026-09-05T10:58:11.100-0400][654.755s][info][gc,phases   ] GC(322)   Merge Heap Roots: 0.21ms
[2026-09-05T10:58:11.100-0400][654.755s][info][gc,phases   ] GC(322)   Evacuate Collection Set: 7.24ms
[2026-09-05T10:58:11.100-0400][654.755s][info][gc,phases   ] GC(322)   Post Evacuate Collection Set: 0.77ms
[2026-09-05T10:58:11.100-0400][654.755s][info][gc,phases   ] GC(322)   Other: 0.14ms
[2026-09-05T10:58:11.100-0400][654.755s][info][gc,heap     ] GC(322) Eden regions: 742->0(756)
[2026-09-05T10:58:11.100-0400][654.755s][info][gc,heap     ] GC(322) Survivor regions: 49->46(99)
[2026-09-05T10:58:11.100-0400][654.755s][info][gc,heap     ] GC(322) Old regions: 748->748
[2026-09-05T10:58:11.100-0400][654.755s][info][gc,heap     ] GC(322) Archive regions: 0->0
[2026-09-05T10:58:11.100-0400][654.755s][info][gc,heap     ] GC(322) Humongous regions: 30->30
[2026-09-05T10:58:11.100-0400][654.755s][info][gc,metaspace] GC(322) Metaspace: 154412K(156992K)->154412K(156992K) NonClass: 132497K(133888K)->132497K(133888K) Class: 21915K(23104K)->21915K(23104K)
[2026-09-05T10:58:11.100-0400][654.755s][info][gc          ] GC(322) Pause Young (Normal) (G1 Evacuation Pause) 3135M->1646M(3614M) 8.774ms
[2026-09-05T10:58:11.100-0400][654.755s][info][gc,cpu      ] GC(322) User=0.00s Sys=0.00s Real=0.01s
[2026-09-05T10:58:12.544-0400][656.199s][info][gc,start    ] GC(323) Pause Young (Normal) (G1 Evacuation Pause)
[2026-09-05T10:58:12.544-0400][656.199s][info][gc,task     ] GC(323) Using 23 workers of 23 for evacuation
[2026-09-05T10:58:12.552-0400][656.207s][info][gc,phases   ] GC(323)   Pre Evacuate Collection Set: 0.29ms
[2026-09-05T10:58:12.552-0400][656.207s][info][gc,phases   ] GC(323)   Merge Heap Roots: 0.19ms
[2026-09-05T10:58:12.552-0400][656.207s][info][gc,phases   ] GC(323)   Evacuate Collection Set: 6.78ms
[2026-09-05T10:58:12.552-0400][656.207s][info][gc,phases   ] GC(323)   Post Evacuate Collection Set: 0.65ms
[2026-09-05T10:58:12.552-0400][656.207s][info][gc,phases   ] GC(323)   Other: 0.13ms
[2026-09-05T10:58:12.552-0400][656.207s][info][gc,heap     ] GC(323) Eden regions: 756->0(754)
[2026-09-05T10:58:12.552-0400][656.207s][info][gc,heap     ] GC(323) Survivor regions: 46->47(101)
[2026-09-05T10:58:12.552-0400][656.207s][info][gc,heap     ] GC(323) Old regions: 748->748
[2026-09-05T10:58:12.553-0400][656.207s][info][gc,heap     ] GC(323) Archive regions: 0->0
[2026-09-05T10:58:12.553-0400][656.207s][info][gc,heap     ] GC(323) Humongous regions: 30->30
[2026-09-05T10:58:12.553-0400][656.207s][info][gc,metaspace] GC(323) Metaspace: 154413K(156992K)->154413K(156992K) NonClass: 132498K(133888K)->132498K(133888K) Class: 21915K(23104K)->21915K(23104K)
[2026-09-05T10:58:12.553-0400][656.207s][info][gc          ] GC(323) Pause Young (Normal) (G1 Evacuation Pause) 3158M->1647M(3614M) 8.159ms
[2026-09-05T10:58:12.553-0400][656.207s][info][gc,cpu      ] GC(323) User=0.00s Sys=0.00s Real=0.01s
[2026-09-05T10:58:12.937-0400][656.592s][info][gc,start    ] GC(324) Pause Young (Normal) (GCLocker Initiated GC)
[2026-09-05T10:58:12.937-0400][656.592s][info][gc,task     ] GC(324) Using 23 workers of 23 for evacuation
[2026-09-05T10:58:12.947-0400][656.602s][info][gc,phases   ] GC(324)   Pre Evacuate Collection Set: 0.11ms
[2026-09-05T10:58:12.947-0400][656.602s][info][gc,phases   ] GC(324)   Merge Heap Roots: 0.18ms
[2026-09-05T10:58:12.947-0400][656.602s][info][gc,phases   ] GC(324)   Evacuate Collection Set: 9.49ms
[2026-09-05T10:58:12.947-0400][656.602s][info][gc,phases   ] GC(324)   Post Evacuate Collection Set: 0.56ms
[2026-09-05T10:58:12.947-0400][656.602s][info][gc,phases   ] GC(324)   Other: 0.16ms
[2026-09-05T10:58:12.947-0400][656.602s][info][gc,heap     ] GC(324) Eden regions: 754->0(736)
[2026-09-05T10:58:12.947-0400][656.602s][info][gc,heap     ] GC(324) Survivor regions: 47->56(101)
[2026-09-05T10:58:12.947-0400][656.602s][info][gc,heap     ] GC(324) Old regions: 748->748
[2026-09-05T10:58:12.947-0400][656.602s][info][gc,heap     ] GC(324) Archive regions: 0->0
[2026-09-05T10:58:12.947-0400][656.602s][info][gc,heap     ] GC(324) Humongous regions: 30->30
[2026-09-05T10:58:12.947-0400][656.602s][info][gc,metaspace] GC(324) Metaspace: 154413K(156992K)->154413K(156992K) NonClass: 132498K(133888K)->132498K(133888K) Class: 21915K(23104K)->21915K(23104K)
[2026-09-05T10:58:12.947-0400][656.602s][info][gc          ] GC(324) Pause Young (Normal) (GCLocker Initiated GC) 3155M->1666M(3614M) 10.627ms
[2026-09-05T10:58:12.947-0400][656.602s][info][gc,cpu      ] GC(324) User=0.00s Sys=0.00s Real=0.01s
[2026-09-05T10:58:13.409-0400][657.063s][info][gc,start    ] GC(325) Pause Young (Normal) (G1 Evacuation Pause)
[2026-09-05T10:58:13.409-0400][657.063s][info][gc,task     ] GC(325) Using 23 workers of 23 for evacuation
[2026-09-05T10:58:13.422-0400][657.077s][info][gc,phases   ] GC(325)   Pre Evacuate Collection Set: 0.23ms
[2026-09-05T10:58:13.422-0400][657.077s][info][gc,phases   ] GC(325)   Merge Heap Roots: 0.26ms
[2026-09-05T10:58:13.422-0400][657.077s][info][gc,phases   ] GC(325)   Evacuate Collection Set: 12.69ms
[2026-09-05T10:58:13.422-0400][657.077s][info][gc,phases   ] GC(325)   Post Evacuate Collection Set: 0.67ms
[2026-09-05T10:58:13.422-0400][657.077s][info][gc,phases   ] GC(325)   Other: 0.18ms
[2026-09-05T10:58:13.422-0400][657.077s][info][gc,heap     ] GC(325) Eden regions: 736->0(763)
[2026-09-05T10:58:13.422-0400][657.077s][info][gc,heap     ] GC(325) Survivor regions: 56->34(99)
[2026-09-05T10:58:13.422-0400][657.077s][info][gc,heap     ] GC(325) Old regions: 748->763
[2026-09-05T10:58:13.422-0400][657.077s][info][gc,heap     ] GC(325) Archive regions: 0->0
[2026-09-05T10:58:13.422-0400][657.077s][info][gc,heap     ] GC(325) Humongous regions: 30->30
[2026-09-05T10:58:13.422-0400][657.077s][info][gc,metaspace] GC(325) Metaspace: 154415K(156992K)->154415K(156992K) NonClass: 132500K(133888K)->132500K(133888K) Class: 21915K(23104K)->21915K(23104K)
[2026-09-05T10:58:13.422-0400][657.077s][info][gc          ] GC(325) Pause Young (Normal) (G1 Evacuation Pause) 3138M->1652M(3614M) 14.158ms
[2026-09-05T10:58:13.423-0400][657.078s][info][gc,cpu      ] GC(325) User=0.34s Sys=0.00s Real=0.01s
[2026-09-05T10:58:13.999-0400][657.654s][info][gc,start    ] GC(326) Pause Young (Normal) (GCLocker Initiated GC)
[2026-09-05T10:58:13.999-0400][657.654s][info][gc,task     ] GC(326) Using 23 workers of 23 for evacuation
[2026-09-05T10:58:14.007-0400][657.662s][info][gc,phases   ] GC(326)   Pre Evacuate Collection Set: 0.21ms
[2026-09-05T10:58:14.007-0400][657.662s][info][gc,phases   ] GC(326)   Merge Heap Roots: 0.22ms
[2026-09-05T10:58:14.007-0400][657.662s][info][gc,phases   ] GC(326)   Evacuate Collection Set: 6.59ms
[2026-09-05T10:58:14.007-0400][657.662s][info][gc,phases   ] GC(326)   Post Evacuate Collection Set: 0.83ms
[2026-09-05T10:58:14.007-0400][657.662s][info][gc,phases   ] GC(326)   Other: 0.36ms
[2026-09-05T10:58:14.007-0400][657.662s][info][gc,heap     ] GC(326) Eden regions: 763->0(761)
[2026-09-05T10:58:14.007-0400][657.662s][info][gc,heap     ] GC(326) Survivor regions: 34->36(100)
[2026-09-05T10:58:14.007-0400][657.662s][info][gc,heap     ] GC(326) Old regions: 763->763
[2026-09-05T10:58:14.007-0400][657.662s][info][gc,heap     ] GC(326) Archive regions: 0->0
[2026-09-05T10:58:14.007-0400][657.662s][info][gc,heap     ] GC(326) Humongous regions: 30->30
[2026-09-05T10:58:14.007-0400][657.662s][info][gc,metaspace] GC(326) Metaspace: 154416K(156992K)->154416K(156992K) NonClass: 132501K(133888K)->132501K(133888K) Class: 21915K(23104K)->21915K(23104K)
[2026-09-05T10:58:14.007-0400][657.662s][info][gc          ] GC(326) Pause Young (Normal) (GCLocker Initiated GC) 3178M->1657M(3614M) 8.352ms
[2026-09-05T10:58:14.007-0400][657.662s][info][gc,cpu      ] GC(326) User=0.00s Sys=0.00s Real=0.01s
[2026-09-05T10:58:14.450-0400][658.105s][info][gc,start    ] GC(327) Pause Young (Normal) (G1 Evacuation Pause)
[2026-09-05T10:58:14.450-0400][658.105s][info][gc,task     ] GC(327) Using 23 workers of 23 for evacuation
[2026-09-05T10:58:14.459-0400][658.115s][info][gc,phases   ] GC(327)   Pre Evacuate Collection Set: 0.25ms
[2026-09-05T10:58:14.459-0400][658.115s][info][gc,phases   ] GC(327)   Merge Heap Roots: 0.21ms
[2026-09-05T10:58:14.459-0400][658.115s][info][gc,phases   ] GC(327)   Evacuate Collection Set: 8.33ms
[2026-09-05T10:58:14.459-0400][658.115s][info][gc,phases   ] GC(327)   Post Evacuate Collection Set: 0.87ms
[2026-09-05T10:58:14.459-0400][658.115s][info][gc,phases   ] GC(327)   Other: 0.19ms
[2026-09-05T10:58:14.459-0400][658.115s][info][gc,heap     ] GC(327) Eden regions: 761->0(735)
[2026-09-05T10:58:14.459-0400][658.115s][info][gc,heap     ] GC(327) Survivor regions: 36->49(100)
[2026-09-05T10:58:14.459-0400][658.115s][info][gc,heap     ] GC(327) Old regions: 763->763
[2026-09-05T10:58:14.459-0400][658.115s][info][gc,heap     ] GC(327) Archive regions: 0->0
[2026-09-05T10:58:14.459-0400][658.115s][info][gc,heap     ] GC(327) Humongous regions: 30->30
[2026-09-05T10:58:14.459-0400][658.115s][info][gc,metaspace] GC(327) Metaspace: 154416K(156992K)->154416K(156992K) NonClass: 132501K(133888K)->132501K(133888K) Class: 21915K(23104K)->21915K(23104K)
[2026-09-05T10:58:14.459-0400][658.115s][info][gc          ] GC(327) Pause Young (Normal) (G1 Evacuation Pause) 3179M->1683M(3614M) 9.959ms
[2026-09-05T10:58:14.459-0400][658.115s][info][gc,cpu      ] GC(327) User=0.02s Sys=0.00s Real=0.01s
[2026-09-05T10:58:14.638-0400][658.293s][info][gc,start    ] GC(328) Pause Young (Normal) (G1 Evacuation Pause)
[2026-09-05T10:58:14.638-0400][658.293s][info][gc,task     ] GC(328) Using 23 workers of 23 for evacuation
[2026-09-05T10:58:14.646-0400][658.301s][info][gc,phases   ] GC(328)   Pre Evacuate Collection Set: 0.11ms
[2026-09-05T10:58:14.646-0400][658.301s][info][gc,phases   ] GC(328)   Merge Heap Roots: 0.18ms
[2026-09-05T10:58:14.646-0400][658.301s][info][gc,phases   ] GC(328)   Evacuate Collection Set: 7.17ms
[2026-09-05T10:58:14.646-0400][658.301s][info][gc,phases   ] GC(328)   Post Evacuate Collection Set: 0.55ms
[2026-09-05T10:58:14.646-0400][658.301s][info][gc,phases   ] GC(328)   Other: 0.16ms
[2026-09-05T10:58:14.646-0400][658.301s][info][gc,heap     ] GC(328) Eden regions: 735->0(731)
[2026-09-05T10:58:14.646-0400][658.301s][info][gc,heap     ] GC(328) Survivor regions: 49->51(98)
[2026-09-05T10:58:14.646-0400][658.301s][info][gc,heap     ] GC(328) Old regions: 763->763
[2026-09-05T10:58:14.646-0400][658.301s][info][gc,heap     ] GC(328) Archive regions: 0->0
[2026-09-05T10:58:14.646-0400][658.301s][info][gc,heap     ] GC(328) Humongous regions: 30->30
[2026-09-05T10:58:14.646-0400][658.301s][info][gc,metaspace] GC(328) Metaspace: 154416K(156992K)->154416K(156992K) NonClass: 132501K(133888K)->132501K(133888K) Class: 21915K(23104K)->21915K(23104K)
[2026-09-05T10:58:14.646-0400][658.301s][info][gc          ] GC(328) Pause Young (Normal) (G1 Evacuation Pause) 3153M->1687M(3614M) 8.319ms
[2026-09-05T10:58:14.647-0400][658.302s][info][gc,cpu      ] GC(328) User=0.00s Sys=0.00s Real=0.01s
[2026-09-05T10:58:15.170-0400][658.826s][info][gc,start    ] GC(329) Pause Young (Normal) (G1 Evacuation Pause)
[2026-09-05T10:58:15.170-0400][658.826s][info][gc,task     ] GC(329) Using 23 workers of 23 for evacuation
[2026-09-05T10:58:15.179-0400][658.834s][info][gc,phases   ] GC(329)   Pre Evacuate Collection Set: 0.21ms
[2026-09-05T10:58:15.180-0400][658.834s][info][gc,phases   ] GC(329)   Merge Heap Roots: 0.21ms
[2026-09-05T10:58:15.180-0400][658.834s][info][gc,phases   ] GC(329)   Evacuate Collection Set: 7.59ms
[2026-09-05T10:58:15.180-0400][658.834s][info][gc,phases   ] GC(329)   Post Evacuate Collection Set: 0.59ms
[2026-09-05T10:58:15.180-0400][658.834s][info][gc,phases   ] GC(329)   Other: 0.18ms
[2026-09-05T10:58:15.180-0400][658.834s][info][gc,heap     ] GC(329) Eden regions: 731->0(729)
[2026-09-05T10:58:15.180-0400][658.834s][info][gc,heap     ] GC(329) Survivor regions: 51->52(98)
[2026-09-05T10:58:15.180-0400][658.834s][info][gc,heap     ] GC(329) Old regions: 763->763
[2026-09-05T10:58:15.180-0400][658.834s][info][gc,heap     ] GC(329) Archive regions: 0->0
[2026-09-05T10:58:15.180-0400][658.834s][info][gc,heap     ] GC(329) Humongous regions: 31->30
[2026-09-05T10:58:15.180-0400][658.834s][info][gc,metaspace] GC(329) Metaspace: 154417K(156992K)->154417K(156992K) NonClass: 132501K(133888K)->132501K(133888K) Class: 21915K(23104K)->21915K(23104K)
[2026-09-05T10:58:15.180-0400][658.834s][info][gc          ] GC(329) Pause Young (Normal) (G1 Evacuation Pause) 3151M->1689M(3614M) 8.916ms
[2026-09-05T10:58:15.180-0400][658.834s][info][gc,cpu      ] GC(329) User=0.00s Sys=0.00s Real=0.01s
[2026-09-05T10:58:15.647-0400][659.302s][info][gc,start    ] GC(330) Pause Young (Normal) (G1 Evacuation Pause)
[2026-09-05T10:58:15.647-0400][659.302s][info][gc,task     ] GC(330) Using 23 workers of 23 for evacuation
[2026-09-05T10:58:15.657-0400][659.312s][info][gc,phases   ] GC(330)   Pre Evacuate Collection Set: 0.23ms
[2026-09-05T10:58:15.657-0400][659.312s][info][gc,phases   ] GC(330)   Merge Heap Roots: 0.20ms
[2026-09-05T10:58:15.657-0400][659.312s][info][gc,phases   ] GC(330)   Evacuate Collection Set: 8.79ms
[2026-09-05T10:58:15.657-0400][659.312s][info][gc,phases   ] GC(330)   Post Evacuate Collection Set: 0.70ms
[2026-09-05T10:58:15.657-0400][659.312s][info][gc,phases   ] GC(330)   Other: 0.18ms
[2026-09-05T10:58:15.657-0400][659.312s][info][gc,heap     ] GC(330) Eden regions: 729->0(717)
[2026-09-05T10:58:15.657-0400][659.312s][info][gc,heap     ] GC(330) Survivor regions: 52->58(98)
[2026-09-05T10:58:15.657-0400][659.312s][info][gc,heap     ] GC(330) Old regions: 763->763
[2026-09-05T10:58:15.657-0400][659.312s][info][gc,heap     ] GC(330) Archive regions: 0->0
[2026-09-05T10:58:15.657-0400][659.312s][info][gc,heap     ] GC(330) Humongous regions: 30->30
[2026-09-05T10:58:15.657-0400][659.312s][info][gc,metaspace] GC(330) Metaspace: 154422K(156992K)->154422K(156992K) NonClass: 132505K(133888K)->132505K(133888K) Class: 21916K(23104K)->21916K(23104K)
[2026-09-05T10:58:15.657-0400][659.312s][info][gc          ] GC(330) Pause Young (Normal) (G1 Evacuation Pause) 3147M->1701M(3614M) 10.222ms
[2026-09-05T10:58:15.657-0400][659.312s][info][gc,cpu      ] GC(330) User=0.34s Sys=0.00s Real=0.01s
[2026-09-05T10:58:15.884-0400][659.539s][info][gc,start    ] GC(331) Pause Young (Normal) (G1 Evacuation Pause)
[2026-09-05T10:58:15.884-0400][659.539s][info][gc,task     ] GC(331) Using 23 workers of 23 for evacuation
[2026-09-05T10:58:15.892-0400][659.547s][info][gc,phases   ] GC(331)   Pre Evacuate Collection Set: 0.24ms
[2026-09-05T10:58:15.892-0400][659.547s][info][gc,phases   ] GC(331)   Merge Heap Roots: 0.20ms
[2026-09-05T10:58:15.892-0400][659.547s][info][gc,phases   ] GC(331)   Evacuate Collection Set: 6.75ms
[2026-09-05T10:58:15.892-0400][659.547s][info][gc,phases   ] GC(331)   Post Evacuate Collection Set: 0.84ms
[2026-09-05T10:58:15.892-0400][659.547s][info][gc,phases   ] GC(331)   Other: 0.13ms
[2026-09-05T10:58:15.892-0400][659.547s][info][gc,heap     ] GC(331) Eden regions: 717->0(741)
[2026-09-05T10:58:15.892-0400][659.547s][info][gc,heap     ] GC(331) Survivor regions: 58->45(97)
[2026-09-05T10:58:15.892-0400][659.548s][info][gc,heap     ] GC(331) Old regions: 763->765
[2026-09-05T10:58:15.892-0400][659.548s][info][gc,heap     ] GC(331) Archive regions: 0->0
[2026-09-05T10:58:15.892-0400][659.548s][info][gc,heap     ] GC(331) Humongous regions: 30->30
[2026-09-05T10:58:15.892-0400][659.548s][info][gc,metaspace] GC(331) Metaspace: 154422K(156992K)->154422K(156992K) NonClass: 132505K(133888K)->132505K(133888K) Class: 21916K(23104K)->21916K(23104K)
[2026-09-05T10:58:15.892-0400][659.548s][info][gc          ] GC(331) Pause Young (Normal) (G1 Evacuation Pause) 3135M->1678M(3614M) 8.264ms
[2026-09-05T10:58:15.892-0400][659.548s][info][gc,cpu      ] GC(331) User=0.36s Sys=0.00s Real=0.01s
[2026-09-05T10:58:16.593-0400][660.248s][info][gc,start    ] GC(332) Pause Young (Normal) (G1 Evacuation Pause)
[2026-09-05T10:58:16.593-0400][660.248s][info][gc,task     ] GC(332) Using 23 workers of 23 for evacuation
[2026-09-05T10:58:16.600-0400][660.255s][info][gc,phases   ] GC(332)   Pre Evacuate Collection Set: 0.28ms
[2026-09-05T10:58:16.600-0400][660.255s][info][gc,phases   ] GC(332)   Merge Heap Roots: 0.22ms
[2026-09-05T10:58:16.600-0400][660.255s][info][gc,phases   ] GC(332)   Evacuate Collection Set: 5.73ms
[2026-09-05T10:58:16.600-0400][660.255s][info][gc,phases   ] GC(332)   Post Evacuate Collection Set: 0.72ms
[2026-09-05T10:58:16.600-0400][660.255s][info][gc,phases   ] GC(332)   Other: 0.22ms
[2026-09-05T10:58:16.600-0400][660.255s][info][gc,heap     ] GC(332) Eden regions: 741->0(752)
[2026-09-05T10:58:16.600-0400][660.255s][info][gc,heap     ] GC(332) Survivor regions: 45->39(99)
[2026-09-05T10:58:16.600-0400][660.255s][info][gc,heap     ] GC(332) Old regions: 765->765
[2026-09-05T10:58:16.600-0400][660.255s][info][gc,heap     ] GC(332) Archive regions: 0->0
[2026-09-05T10:58:16.600-0400][660.255s][info][gc,heap     ] GC(332) Humongous regions: 30->30
[2026-09-05T10:58:16.600-0400][660.255s][info][gc,metaspace] GC(332) Metaspace: 154422K(156992K)->154422K(156992K) NonClass: 132506K(133888K)->132506K(133888K) Class: 21916K(23104K)->21916K(23104K)
[2026-09-05T10:58:16.600-0400][660.255s][info][gc          ] GC(332) Pause Young (Normal) (G1 Evacuation Pause) 3160M->1665M(3614M) 7.303ms
[2026-09-05T10:58:16.600-0400][660.255s][info][gc,cpu      ] GC(332) User=0.00s Sys=0.00s Real=0.01s
[2026-09-05T10:58:17.139-0400][660.794s][info][gc,start    ] GC(333) Pause Young (Normal) (G1 Evacuation Pause)
[2026-09-05T10:58:17.140-0400][660.794s][info][gc,task     ] GC(333) Using 23 workers of 23 for evacuation
[2026-09-05T10:58:17.146-0400][660.802s][info][gc,phases   ] GC(333)   Pre Evacuate Collection Set: 0.27ms
[2026-09-05T10:58:17.146-0400][660.802s][info][gc,phases   ] GC(333)   Merge Heap Roots: 0.19ms
[2026-09-05T10:58:17.146-0400][660.802s][info][gc,phases   ] GC(333)   Evacuate Collection Set: 6.20ms
[2026-09-05T10:58:17.146-0400][660.802s][info][gc,phases   ] GC(333)   Post Evacuate Collection Set: 0.68ms
[2026-09-05T10:58:17.146-0400][660.802s][info][gc,phases   ] GC(333)   Other: 0.27ms
[2026-09-05T10:58:17.146-0400][660.802s][info][gc,heap     ] GC(333) Eden regions: 752->0(749)
[2026-09-05T10:58:17.146-0400][660.802s][info][gc,heap     ] GC(333) Survivor regions: 39->41(99)
[2026-09-05T10:58:17.146-0400][660.802s][info][gc,heap     ] GC(333) Old regions: 765->765
[2026-09-05T10:58:17.146-0400][660.802s][info][gc,heap     ] GC(333) Archive regions: 0->0
[2026-09-05T10:58:17.146-0400][660.802s][info][gc,heap     ] GC(333) Humongous regions: 30->30
[2026-09-05T10:58:17.146-0400][660.802s][info][gc,metaspace] GC(333) Metaspace: 154422K(156992K)->154422K(156992K) NonClass: 132506K(133888K)->132506K(133888K) Class: 21916K(23104K)->21916K(23104K)
[2026-09-05T10:58:17.146-0400][660.802s][info][gc          ] GC(333) Pause Young (Normal) (G1 Evacuation Pause) 3169M->1670M(3614M) 7.696ms
[2026-09-05T10:58:17.146-0400][660.802s][info][gc,cpu      ] GC(333) User=0.00s Sys=0.00s Real=0.01s
[2026-09-05T10:58:17.702-0400][661.357s][info][gc,start    ] GC(334) Pause Young (Normal) (G1 Evacuation Pause)
[2026-09-05T10:58:17.702-0400][661.357s][info][gc,task     ] GC(334) Using 23 workers of 23 for evacuation
[2026-09-05T10:58:17.709-0400][661.363s][info][gc,phases   ] GC(334)   Pre Evacuate Collection Set: 0.24ms
[2026-09-05T10:58:17.709-0400][661.363s][info][gc,phases   ] GC(334)   Merge Heap Roots: 0.19ms
[2026-09-05T10:58:17.709-0400][661.363s][info][gc,phases   ] GC(334)   Evacuate Collection Set: 5.48ms
[2026-09-05T10:58:17.709-0400][661.363s][info][gc,phases   ] GC(334)   Post Evacuate Collection Set: 0.62ms
[2026-09-05T10:58:17.709-0400][661.363s][info][gc,phases   ] GC(334)   Other: 0.14ms
[2026-09-05T10:58:17.709-0400][661.363s][info][gc,heap     ] GC(334) Eden regions: 749->0(745)
[2026-09-05T10:58:17.709-0400][661.363s][info][gc,heap     ] GC(334) Survivor regions: 41->43(99)
[2026-09-05T10:58:17.709-0400][661.363s][info][gc,heap     ] GC(334) Old regions: 765->765
[2026-09-05T10:58:17.709-0400][661.363s][info][gc,heap     ] GC(334) Archive regions: 0->0
[2026-09-05T10:58:17.709-0400][661.363s][info][gc,heap     ] GC(334) Humongous regions: 30->30
[2026-09-05T10:58:17.709-0400][661.363s][info][gc,metaspace] GC(334) Metaspace: 154422K(156992K)->154422K(156992K) NonClass: 132506K(133888K)->132506K(133888K) Class: 21916K(23104K)->21916K(23104K)
[2026-09-05T10:58:17.709-0400][661.363s][info][gc          ] GC(334) Pause Young (Normal) (G1 Evacuation Pause) 3168M->1674M(3614M) 6.787ms
[2026-09-05T10:58:17.709-0400][661.363s][info][gc,cpu      ] GC(334) User=0.00s Sys=0.00s Real=0.01s
[2026-09-05T10:58:18.068-0400][661.723s][info][gc,start    ] GC(335) Pause Young (Normal) (G1 Evacuation Pause)
[2026-09-05T10:58:18.068-0400][661.723s][info][gc,task     ] GC(335) Using 23 workers of 23 for evacuation
[2026-09-05T10:58:18.075-0400][661.731s][info][gc,phases   ] GC(335)   Pre Evacuate Collection Set: 0.11ms
[2026-09-05T10:58:18.075-0400][661.731s][info][gc,phases   ] GC(335)   Merge Heap Roots: 0.17ms
[2026-09-05T10:58:18.075-0400][661.731s][info][gc,phases   ] GC(335)   Evacuate Collection Set: 6.76ms
[2026-09-05T10:58:18.075-0400][661.731s][info][gc,phases   ] GC(335)   Post Evacuate Collection Set: 0.56ms
[2026-09-05T10:58:18.075-0400][661.731s][info][gc,phases   ] GC(335)   Other: 0.17ms
[2026-09-05T10:58:18.075-0400][661.731s][info][gc,heap     ] GC(335) Eden regions: 745->0(738)
[2026-09-05T10:58:18.075-0400][661.731s][info][gc,heap     ] GC(335) Survivor regions: 43->46(99)
[2026-09-05T10:58:18.075-0400][661.731s][info][gc,heap     ] GC(335) Old regions: 765->766
[2026-09-05T10:58:18.075-0400][661.731s][info][gc,heap     ] GC(335) Archive regions: 0->0
[2026-09-05T10:58:18.075-0400][661.731s][info][gc,heap     ] GC(335) Humongous regions: 30->30
[2026-09-05T10:58:18.075-0400][661.731s][info][gc,metaspace] GC(335) Metaspace: 154422K(156992K)->154422K(156992K) NonClass: 132506K(133888K)->132506K(133888K) Class: 21916K(23104K)->21916K(23104K)
[2026-09-05T10:58:18.075-0400][661.731s][info][gc          ] GC(335) Pause Young (Normal) (G1 Evacuation Pause) 3164M->1683M(3614M) 7.914ms
[2026-09-05T10:58:18.075-0400][661.731s][info][gc,cpu      ] GC(335) User=0.36s Sys=0.00s Real=0.01s
[2026-09-05T10:58:18.824-0400][662.479s][info][gc,start    ] GC(336) Pause Young (Normal) (G1 Evacuation Pause)
[2026-09-05T10:58:18.824-0400][662.479s][info][gc,task     ] GC(336) Using 23 workers of 23 for evacuation
[2026-09-05T10:58:18.834-0400][662.488s][info][gc,phases   ] GC(336)   Pre Evacuate Collection Set: 0.19ms
[2026-09-05T10:58:18.834-0400][662.488s][info][gc,phases   ] GC(336)   Merge Heap Roots: 0.21ms
[2026-09-05T10:58:18.834-0400][662.488s][info][gc,phases   ] GC(336)   Evacuate Collection Set: 7.92ms
[2026-09-05T10:58:18.834-0400][662.488s][info][gc,phases   ] GC(336)   Post Evacuate Collection Set: 0.76ms
[2026-09-05T10:58:18.834-0400][662.488s][info][gc,phases   ] GC(336)   Other: 0.23ms
[2026-09-05T10:58:18.834-0400][662.488s][info][gc,heap     ] GC(336) Eden regions: 738->0(729)
[2026-09-05T10:58:18.834-0400][662.488s][info][gc,heap     ] GC(336) Survivor regions: 46->50(98)
[2026-09-05T10:58:18.834-0400][662.489s][info][gc,heap     ] GC(336) Old regions: 766->767
[2026-09-05T10:58:18.834-0400][662.489s][info][gc,heap     ] GC(336) Archive regions: 0->0
[2026-09-05T10:58:18.834-0400][662.489s][info][gc,heap     ] GC(336) Humongous regions: 30->30
[2026-09-05T10:58:18.834-0400][662.489s][info][gc,metaspace] GC(336) Metaspace: 154422K(156992K)->154422K(156992K) NonClass: 132506K(133888K)->132506K(133888K) Class: 21916K(23104K)->21916K(23104K)
[2026-09-05T10:58:18.834-0400][662.489s][info][gc          ] GC(336) Pause Young (Normal) (G1 Evacuation Pause) 3159M->1692M(3614M) 9.415ms
[2026-09-05T10:58:18.834-0400][662.489s][info][gc,cpu      ] GC(336) User=0.03s Sys=0.00s Real=0.01s
[2026-09-05T10:58:19.628-0400][663.283s][info][gc,start    ] GC(337) Pause Young (Normal) (G1 Evacuation Pause)
[2026-09-05T10:58:19.628-0400][663.283s][info][gc,task     ] GC(337) Using 23 workers of 23 for evacuation
[2026-09-05T10:58:19.636-0400][663.291s][info][gc,phases   ] GC(337)   Pre Evacuate Collection Set: 0.17ms
[2026-09-05T10:58:19.636-0400][663.291s][info][gc,phases   ] GC(337)   Merge Heap Roots: 0.20ms
[2026-09-05T10:58:19.636-0400][663.291s][info][gc,phases   ] GC(337)   Evacuate Collection Set: 7.15ms
[2026-09-05T10:58:19.636-0400][663.291s][info][gc,phases   ] GC(337)   Post Evacuate Collection Set: 0.73ms
[2026-09-05T10:58:19.636-0400][663.291s][info][gc,phases   ] GC(337)   Other: 0.27ms
[2026-09-05T10:58:19.636-0400][663.291s][info][gc,heap     ] GC(337) Eden regions: 729->0(727)
[2026-09-05T10:58:19.636-0400][663.291s][info][gc,heap     ] GC(337) Survivor regions: 50->51(98)
[2026-09-05T10:58:19.636-0400][663.291s][info][gc,heap     ] GC(337) Old regions: 767->767
[2026-09-05T10:58:19.636-0400][663.291s][info][gc,heap     ] GC(337) Archive regions: 0->0
[2026-09-05T10:58:19.636-0400][663.291s][info][gc,heap     ] GC(337) Humongous regions: 30->30
[2026-09-05T10:58:19.636-0400][663.291s][info][gc,metaspace] GC(337) Metaspace: 154440K(157056K)->154440K(157056K) NonClass: 132523K(133952K)->132523K(133952K) Class: 21916K(23104K)->21916K(23104K)
[2026-09-05T10:58:19.636-0400][663.292s][info][gc          ] GC(337) Pause Young (Normal) (G1 Evacuation Pause) 3150M->1693M(3614M) 8.736ms
[2026-09-05T10:58:19.636-0400][663.292s][info][gc,cpu      ] GC(337) User=0.00s Sys=0.00s Real=0.01s
[2026-09-05T10:58:20.172-0400][663.827s][info][gc,start    ] GC(338) Pause Young (Normal) (GCLocker Initiated GC)
[2026-09-05T10:58:20.172-0400][663.827s][info][gc,task     ] GC(338) Using 23 workers of 23 for evacuation
[2026-09-05T10:58:20.181-0400][663.836s][info][gc,phases   ] GC(338)   Pre Evacuate Collection Set: 0.16ms
[2026-09-05T10:58:20.181-0400][663.836s][info][gc,phases   ] GC(338)   Merge Heap Roots: 0.21ms
[2026-09-05T10:58:20.181-0400][663.836s][info][gc,phases   ] GC(338)   Evacuate Collection Set: 8.29ms
[2026-09-05T10:58:20.181-0400][663.836s][info][gc,phases   ] GC(338)   Post Evacuate Collection Set: 0.75ms
[2026-09-05T10:58:20.181-0400][663.836s][info][gc,phases   ] GC(338)   Other: 0.18ms
[2026-09-05T10:58:20.181-0400][663.836s][info][gc,heap     ] GC(338) Eden regions: 727->0(717)
[2026-09-05T10:58:20.181-0400][663.836s][info][gc,heap     ] GC(338) Survivor regions: 51->56(98)
[2026-09-05T10:58:20.181-0400][663.836s][info][gc,heap     ] GC(338) Old regions: 767->767
[2026-09-05T10:58:20.181-0400][663.836s][info][gc,heap     ] GC(338) Archive regions: 0->0
[2026-09-05T10:58:20.181-0400][663.836s][info][gc,heap     ] GC(338) Humongous regions: 30->30
[2026-09-05T10:58:20.181-0400][663.836s][info][gc,metaspace] GC(338) Metaspace: 154441K(157056K)->154441K(157056K) NonClass: 132524K(133952K)->132524K(133952K) Class: 21916K(23104K)->21916K(23104K)
[2026-09-05T10:58:20.181-0400][663.836s][info][gc          ] GC(338) Pause Young (Normal) (GCLocker Initiated GC) 3147M->1704M(3614M) 9.714ms
[2026-09-05T10:58:20.181-0400][663.836s][info][gc,cpu      ] GC(338) User=0.00s Sys=0.00s Real=0.01s
[2026-09-05T10:58:20.780-0400][664.435s][info][gc,start    ] GC(339) Pause Young (Normal) (G1 Evacuation Pause)
[2026-09-05T10:58:20.780-0400][664.435s][info][gc,task     ] GC(339) Using 23 workers of 23 for evacuation
[2026-09-05T10:58:20.789-0400][664.444s][info][gc,phases   ] GC(339)   Pre Evacuate Collection Set: 0.21ms
[2026-09-05T10:58:20.789-0400][664.444s][info][gc,phases   ] GC(339)   Merge Heap Roots: 0.22ms
[2026-09-05T10:58:20.789-0400][664.444s][info][gc,phases   ] GC(339)   Evacuate Collection Set: 7.51ms
[2026-09-05T10:58:20.789-0400][664.444s][info][gc,phases   ] GC(339)   Post Evacuate Collection Set: 0.72ms
[2026-09-05T10:58:20.789-0400][664.444s][info][gc,phases   ] GC(339)   Other: 0.16ms
[2026-09-05T10:58:20.789-0400][664.444s][info][gc,heap     ] GC(339) Eden regions: 717->0(727)
[2026-09-05T10:58:20.789-0400][664.444s][info][gc,heap     ] GC(339) Survivor regions: 56->46(97)
[2026-09-05T10:58:20.789-0400][664.444s][info][gc,heap     ] GC(339) Old regions: 767->777
[2026-09-05T10:58:20.789-0400][664.444s][info][gc,heap     ] GC(339) Archive regions: 0->0
[2026-09-05T10:58:20.789-0400][664.444s][info][gc,heap     ] GC(339) Humongous regions: 30->30
[2026-09-05T10:58:20.789-0400][664.444s][info][gc,metaspace] GC(339) Metaspace: 154445K(157056K)->154445K(157056K) NonClass: 132528K(133952K)->132528K(133952K) Class: 21916K(23104K)->21916K(23104K)
[2026-09-05T10:58:20.789-0400][664.444s][info][gc          ] GC(339) Pause Young (Normal) (G1 Evacuation Pause) 3138M->1704M(3614M) 8.952ms
[2026-09-05T10:58:20.789-0400][664.444s][info][gc,cpu      ] GC(339) User=0.00s Sys=0.00s Real=0.01s
[2026-09-05T10:58:21.783-0400][665.438s][info][gc,start    ] GC(340) Pause Young (Normal) (G1 Evacuation Pause)
[2026-09-05T10:58:21.783-0400][665.438s][info][gc,task     ] GC(340) Using 23 workers of 23 for evacuation
[2026-09-05T10:58:21.791-0400][665.446s][info][gc,phases   ] GC(340)   Pre Evacuate Collection Set: 0.20ms
[2026-09-05T10:58:21.791-0400][665.446s][info][gc,phases   ] GC(340)   Merge Heap Roots: 0.20ms
[2026-09-05T10:58:21.791-0400][665.446s][info][gc,phases   ] GC(340)   Evacuate Collection Set: 6.64ms
[2026-09-05T10:58:21.791-0400][665.446s][info][gc,phases   ] GC(340)   Post Evacuate Collection Set: 0.70ms
[2026-09-05T10:58:21.791-0400][665.446s][info][gc,phases   ] GC(340)   Other: 0.16ms
[2026-09-05T10:58:21.791-0400][665.446s][info][gc,heap     ] GC(340) Eden regions: 727->0(719)
[2026-09-05T10:58:21.791-0400][665.446s][info][gc,heap     ] GC(340) Survivor regions: 46->50(97)
[2026-09-05T10:58:21.791-0400][665.446s][info][gc,heap     ] GC(340) Old regions: 777->777
[2026-09-05T10:58:21.791-0400][665.446s][info][gc,heap     ] GC(340) Archive regions: 0->0
[2026-09-05T10:58:21.791-0400][665.446s][info][gc,heap     ] GC(340) Humongous regions: 31->30
[2026-09-05T10:58:21.791-0400][665.446s][info][gc,metaspace] GC(340) Metaspace: 154446K(157056K)->154446K(157056K) NonClass: 132530K(133952K)->132530K(133952K) Class: 21916K(23104K)->21916K(23104K)
[2026-09-05T10:58:21.791-0400][665.446s][info][gc          ] GC(340) Pause Young (Normal) (G1 Evacuation Pause) 3160M->1712M(3614M) 8.034ms
[2026-09-05T10:58:21.791-0400][665.446s][info][gc,cpu      ] GC(340) User=0.00s Sys=0.00s Real=0.01s
[2026-09-05T10:58:22.206-0400][665.860s][info][gc,start    ] GC(341) Pause Young (Normal) (G1 Evacuation Pause)
[2026-09-05T10:58:22.206-0400][665.860s][info][gc,task     ] GC(341) Using 23 workers of 23 for evacuation
[2026-09-05T10:58:22.215-0400][665.870s][info][gc,phases   ] GC(341)   Pre Evacuate Collection Set: 0.26ms
[2026-09-05T10:58:22.215-0400][665.870s][info][gc,phases   ] GC(341)   Merge Heap Roots: 0.19ms
[2026-09-05T10:58:22.215-0400][665.870s][info][gc,phases   ] GC(341)   Evacuate Collection Set: 8.57ms
[2026-09-05T10:58:22.215-0400][665.870s][info][gc,phases   ] GC(341)   Post Evacuate Collection Set: 0.70ms
[2026-09-05T10:58:22.215-0400][665.870s][info][gc,phases   ] GC(341)   Other: 0.15ms
[2026-09-05T10:58:22.215-0400][665.870s][info][gc,heap     ] GC(341) Eden regions: 719->0(685)
[2026-09-05T10:58:22.215-0400][665.870s][info][gc,heap     ] GC(341) Survivor regions: 50->67(97)
[2026-09-05T10:58:22.215-0400][665.870s][info][gc,heap     ] GC(341) Old regions: 777->777
[2026-09-05T10:58:22.215-0400][665.870s][info][gc,heap     ] GC(341) Archive regions: 0->0
[2026-09-05T10:58:22.215-0400][665.870s][info][gc,heap     ] GC(341) Humongous regions: 30->30
[2026-09-05T10:58:22.215-0400][665.870s][info][gc,metaspace] GC(341) Metaspace: 154449K(157056K)->154449K(157056K) NonClass: 132532K(133952K)->132532K(133952K) Class: 21916K(23104K)->21916K(23104K)
[2026-09-05T10:58:22.215-0400][665.870s][info][gc          ] GC(341) Pause Young (Normal) (G1 Evacuation Pause) 3150M->1747M(3614M) 10.023ms
[2026-09-05T10:58:22.215-0400][665.870s][info][gc,cpu      ] GC(341) User=0.05s Sys=0.00s Real=0.01s
[2026-09-05T10:58:22.678-0400][666.333s][info][gc,start    ] GC(342) Pause Young (Normal) (G1 Evacuation Pause)
[2026-09-05T10:58:22.678-0400][666.333s][info][gc,task     ] GC(342) Using 23 workers of 23 for evacuation
[2026-09-05T10:58:22.689-0400][666.344s][info][gc,phases   ] GC(342)   Pre Evacuate Collection Set: 0.27ms
[2026-09-05T10:58:22.689-0400][666.344s][info][gc,phases   ] GC(342)   Merge Heap Roots: 0.17ms
[2026-09-05T10:58:22.689-0400][666.344s][info][gc,phases   ] GC(342)   Evacuate Collection Set: 8.89ms
[2026-09-05T10:58:22.689-0400][666.344s][info][gc,phases   ] GC(342)   Post Evacuate Collection Set: 0.85ms
[2026-09-05T10:58:22.689-0400][666.344s][info][gc,phases   ] GC(342)   Other: 0.15ms
[2026-09-05T10:58:22.689-0400][666.344s][info][gc,heap     ] GC(342) Eden regions: 685->0(683)
[2026-09-05T10:58:22.689-0400][666.344s][info][gc,heap     ] GC(342) Survivor regions: 67->59(94)
[2026-09-05T10:58:22.689-0400][666.344s][info][gc,heap     ] GC(342) Old regions: 777->795
[2026-09-05T10:58:22.689-0400][666.344s][info][gc,heap     ] GC(342) Archive regions: 0->0
[2026-09-05T10:58:22.689-0400][666.344s][info][gc,heap     ] GC(342) Humongous regions: 30->30
[2026-09-05T10:58:22.689-0400][666.344s][info][gc,metaspace] GC(342) Metaspace: 154452K(157056K)->154452K(157056K) NonClass: 132535K(133952K)->132535K(133952K) Class: 21916K(23104K)->21916K(23104K)
[2026-09-05T10:58:22.689-0400][666.344s][info][gc          ] GC(342) Pause Young (Normal) (G1 Evacuation Pause) 3117M->1766M(3614M) 10.480ms
[2026-09-05T10:58:22.689-0400][666.344s][info][gc,cpu      ] GC(342) User=0.34s Sys=0.00s Real=0.01s
[2026-09-05T10:58:23.143-0400][666.798s][info][gc,start    ] GC(343) Pause Young (Normal) (G1 Evacuation Pause)
[2026-09-05T10:58:23.143-0400][666.798s][info][gc,task     ] GC(343) Using 23 workers of 23 for evacuation
[2026-09-05T10:58:23.151-0400][666.806s][info][gc,phases   ] GC(343)   Pre Evacuate Collection Set: 0.24ms
[2026-09-05T10:58:23.151-0400][666.806s][info][gc,phases   ] GC(343)   Merge Heap Roots: 0.19ms
[2026-09-05T10:58:23.151-0400][666.806s][info][gc,phases   ] GC(343)   Evacuate Collection Set: 7.35ms
[2026-09-05T10:58:23.151-0400][666.806s][info][gc,phases   ] GC(343)   Post Evacuate Collection Set: 0.79ms
[2026-09-05T10:58:23.151-0400][666.806s][info][gc,phases   ] GC(343)   Other: 0.17ms
[2026-09-05T10:58:23.151-0400][666.806s][info][gc,heap     ] GC(343) Eden regions: 683->0(680)
[2026-09-05T10:58:23.151-0400][666.806s][info][gc,heap     ] GC(343) Survivor regions: 59->57(93)
[2026-09-05T10:58:23.151-0400][666.806s][info][gc,heap     ] GC(343) Old regions: 795->802
[2026-09-05T10:58:23.151-0400][666.806s][info][gc,heap     ] GC(343) Archive regions: 0->0
[2026-09-05T10:58:23.151-0400][666.806s][info][gc,heap     ] GC(343) Humongous regions: 30->30
[2026-09-05T10:58:23.151-0400][666.806s][info][gc,metaspace] GC(343) Metaspace: 154452K(157056K)->154452K(157056K) NonClass: 132535K(133952K)->132535K(133952K) Class: 21916K(23104K)->21916K(23104K)
[2026-09-05T10:58:23.151-0400][666.807s][info][gc          ] GC(343) Pause Young (Normal) (G1 Evacuation Pause) 3132M->1775M(3614M) 8.893ms
[2026-09-05T10:58:23.151-0400][666.807s][info][gc,cpu      ] GC(343) User=0.00s Sys=0.00s Real=0.01s
[2026-09-05T10:58:23.710-0400][667.365s][info][gc,start    ] GC(344) Pause Young (Normal) (G1 Evacuation Pause)
[2026-09-05T10:58:23.710-0400][667.365s][info][gc,task     ] GC(344) Using 23 workers of 23 for evacuation
[2026-09-05T10:58:23.719-0400][667.374s][info][gc,phases   ] GC(344)   Pre Evacuate Collection Set: 0.30ms
[2026-09-05T10:58:23.719-0400][667.374s][info][gc,phases   ] GC(344)   Merge Heap Roots: 0.17ms
[2026-09-05T10:58:23.719-0400][667.374s][info][gc,phases   ] GC(344)   Evacuate Collection Set: 7.15ms
[2026-09-05T10:58:23.719-0400][667.374s][info][gc,phases   ] GC(344)   Post Evacuate Collection Set: 0.87ms
[2026-09-05T10:58:23.719-0400][667.374s][info][gc,phases   ] GC(344)   Other: 0.14ms
[2026-09-05T10:58:23.719-0400][667.374s][info][gc,heap     ] GC(344) Eden regions: 680->0(680)
[2026-09-05T10:58:23.719-0400][667.374s][info][gc,heap     ] GC(344) Survivor regions: 57->52(93)
[2026-09-05T10:58:23.719-0400][667.374s][info][gc,heap     ] GC(344) Old regions: 802->812
[2026-09-05T10:58:23.719-0400][667.374s][info][gc,heap     ] GC(344) Archive regions: 0->0
[2026-09-05T10:58:23.719-0400][667.374s][info][gc,heap     ] GC(344) Humongous regions: 30->30
[2026-09-05T10:58:23.719-0400][667.374s][info][gc,metaspace] GC(344) Metaspace: 154454K(157056K)->154454K(157056K) NonClass: 132537K(133952K)->132537K(133952K) Class: 21916K(23104K)->21916K(23104K)
[2026-09-05T10:58:23.719-0400][667.374s][info][gc          ] GC(344) Pause Young (Normal) (G1 Evacuation Pause) 3135M->1785M(3614M) 8.763ms
[2026-09-05T10:58:23.719-0400][667.374s][info][gc,cpu      ] GC(344) User=0.34s Sys=0.00s Real=0.01s
[2026-09-05T10:58:24.166-0400][667.821s][info][gc,start    ] GC(345) Pause Young (Normal) (G1 Evacuation Pause)
[2026-09-05T10:58:24.166-0400][667.821s][info][gc,task     ] GC(345) Using 23 workers of 23 for evacuation
[2026-09-05T10:58:24.174-0400][667.830s][info][gc,phases   ] GC(345)   Pre Evacuate Collection Set: 0.23ms
[2026-09-05T10:58:24.174-0400][667.830s][info][gc,phases   ] GC(345)   Merge Heap Roots: 0.21ms
[2026-09-05T10:58:24.174-0400][667.830s][info][gc,phases   ] GC(345)   Evacuate Collection Set: 7.72ms
[2026-09-05T10:58:24.174-0400][667.830s][info][gc,phases   ] GC(345)   Post Evacuate Collection Set: 0.65ms
[2026-09-05T10:58:24.174-0400][667.830s][info][gc,phases   ] GC(345)   Other: 0.21ms
[2026-09-05T10:58:24.174-0400][667.830s][info][gc,heap     ] GC(345) Eden regions: 680->0(669)
[2026-09-05T10:58:24.174-0400][667.830s][info][gc,heap     ] GC(345) Survivor regions: 52->55(92)
[2026-09-05T10:58:24.174-0400][667.830s][info][gc,heap     ] GC(345) Old regions: 812->817
[2026-09-05T10:58:24.174-0400][667.830s][info][gc,heap     ] GC(345) Archive regions: 0->0
[2026-09-05T10:58:24.174-0400][667.830s][info][gc,heap     ] GC(345) Humongous regions: 30->30
[2026-09-05T10:58:24.174-0400][667.830s][info][gc,metaspace] GC(345) Metaspace: 154454K(157056K)->154454K(157056K) NonClass: 132538K(133952K)->132538K(133952K) Class: 21916K(23104K)->21916K(23104K)
[2026-09-05T10:58:24.174-0400][667.830s][info][gc          ] GC(345) Pause Young (Normal) (G1 Evacuation Pause) 3145M->1802M(3614M) 9.135ms
[2026-09-05T10:58:24.174-0400][667.830s][info][gc,cpu      ] GC(345) User=0.36s Sys=0.00s Real=0.01s
[2026-09-05T10:58:24.676-0400][668.331s][info][gc,start    ] GC(346) Pause Young (Normal) (G1 Evacuation Pause)
[2026-09-05T10:58:24.676-0400][668.331s][info][gc,task     ] GC(346) Using 23 workers of 23 for evacuation
[2026-09-05T10:58:24.684-0400][668.339s][info][gc,phases   ] GC(346)   Pre Evacuate Collection Set: 0.25ms
[2026-09-05T10:58:24.684-0400][668.339s][info][gc,phases   ] GC(346)   Merge Heap Roots: 0.20ms
[2026-09-05T10:58:24.684-0400][668.339s][info][gc,phases   ] GC(346)   Evacuate Collection Set: 7.28ms
[2026-09-05T10:58:24.684-0400][668.339s][info][gc,phases   ] GC(346)   Post Evacuate Collection Set: 0.82ms
[2026-09-05T10:58:24.684-0400][668.339s][info][gc,phases   ] GC(346)   Other: 0.16ms
[2026-09-05T10:58:24.684-0400][668.339s][info][gc,heap     ] GC(346) Eden regions: 669->0(681)
[2026-09-05T10:58:24.684-0400][668.339s][info][gc,heap     ] GC(346) Survivor regions: 55->37(91)
[2026-09-05T10:58:24.684-0400][668.339s][info][gc,heap     ] GC(346) Old regions: 817->840
[2026-09-05T10:58:24.684-0400][668.340s][info][gc,heap     ] GC(346) Archive regions: 0->0
[2026-09-05T10:58:24.684-0400][668.340s][info][gc,heap     ] GC(346) Humongous regions: 30->30
[2026-09-05T10:58:24.684-0400][668.340s][info][gc,metaspace] GC(346) Metaspace: 154457K(157056K)->154457K(157056K) NonClass: 132540K(133952K)->132540K(133952K) Class: 21916K(23104K)->21916K(23104K)
[2026-09-05T10:58:24.684-0400][668.340s][info][gc          ] GC(346) Pause Young (Normal) (G1 Evacuation Pause) 3140M->1812M(3614M) 8.842ms
[2026-09-05T10:58:24.684-0400][668.340s][info][gc,cpu      ] GC(346) User=0.03s Sys=0.00s Real=0.01s
[2026-09-05T10:58:25.106-0400][668.762s][info][gc,start    ] GC(347) Pause Young (Normal) (G1 Evacuation Pause)
[2026-09-05T10:58:25.106-0400][668.762s][info][gc,task     ] GC(347) Using 23 workers of 23 for evacuation
[2026-09-05T10:58:25.115-0400][668.770s][info][gc,phases   ] GC(347)   Pre Evacuate Collection Set: 0.26ms
[2026-09-05T10:58:25.115-0400][668.770s][info][gc,phases   ] GC(347)   Merge Heap Roots: 0.22ms
[2026-09-05T10:58:25.115-0400][668.770s][info][gc,phases   ] GC(347)   Evacuate Collection Set: 6.32ms
[2026-09-05T10:58:25.115-0400][668.770s][info][gc,phases   ] GC(347)   Post Evacuate Collection Set: 0.76ms
[2026-09-05T10:58:25.115-0400][668.770s][info][gc,phases   ] GC(347)   Other: 0.20ms
[2026-09-05T10:58:25.115-0400][668.770s][info][gc,heap     ] GC(347) Eden regions: 681->0(666)
[2026-09-05T10:58:25.115-0400][668.770s][info][gc,heap     ] GC(347) Survivor regions: 37->45(90)
[2026-09-05T10:58:25.115-0400][668.770s][info][gc,heap     ] GC(347) Old regions: 840->840
[2026-09-05T10:58:25.115-0400][668.770s][info][gc,heap     ] GC(347) Archive regions: 0->0
[2026-09-05T10:58:25.115-0400][668.770s][info][gc,heap     ] GC(347) Humongous regions: 30->30
[2026-09-05T10:58:25.115-0400][668.770s][info][gc,metaspace] GC(347) Metaspace: 154458K(157056K)->154458K(157056K) NonClass: 132541K(133952K)->132541K(133952K) Class: 21916K(23104K)->21916K(23104K)
[2026-09-05T10:58:25.115-0400][668.770s][info][gc          ] GC(347) Pause Young (Normal) (G1 Evacuation Pause) 3174M->1828M(3614M) 7.884ms
[2026-09-05T10:58:25.115-0400][668.770s][info][gc,cpu      ] GC(347) User=0.00s Sys=0.00s Real=0.01s
[2026-09-05T10:58:25.533-0400][669.189s][info][gc,start    ] GC(348) Pause Young (Normal) (G1 Evacuation Pause)
[2026-09-05T10:58:25.533-0400][669.189s][info][gc,task     ] GC(348) Using 23 workers of 23 for evacuation
[2026-09-05T10:58:25.543-0400][669.198s][info][gc,phases   ] GC(348)   Pre Evacuate Collection Set: 0.32ms
[2026-09-05T10:58:25.543-0400][669.198s][info][gc,phases   ] GC(348)   Merge Heap Roots: 0.20ms
[2026-09-05T10:58:25.543-0400][669.198s][info][gc,phases   ] GC(348)   Evacuate Collection Set: 7.25ms
[2026-09-05T10:58:25.543-0400][669.198s][info][gc,phases   ] GC(348)   Post Evacuate Collection Set: 0.85ms
[2026-09-05T10:58:25.543-0400][669.198s][info][gc,phases   ] GC(348)   Other: 0.24ms
[2026-09-05T10:58:25.543-0400][669.198s][info][gc,heap     ] GC(348) Eden regions: 666->0(654)
[2026-09-05T10:58:25.543-0400][669.198s][info][gc,heap     ] GC(348) Survivor regions: 45->51(89)
[2026-09-05T10:58:25.543-0400][669.198s][info][gc,heap     ] GC(348) Old regions: 840->840
[2026-09-05T10:58:25.543-0400][669.198s][info][gc,heap     ] GC(348) Archive regions: 0->0
[2026-09-05T10:58:25.543-0400][669.198s][info][gc,heap     ] GC(348) Humongous regions: 30->30
[2026-09-05T10:58:25.543-0400][669.198s][info][gc,metaspace] GC(348) Metaspace: 154464K(157056K)->154464K(157056K) NonClass: 132547K(133952K)->132547K(133952K) Class: 21916K(23104K)->21916K(23104K)
[2026-09-05T10:58:25.543-0400][669.198s][info][gc          ] GC(348) Pause Young (Normal) (G1 Evacuation Pause) 3160M->1839M(3614M) 9.004ms
[2026-09-05T10:58:25.543-0400][669.198s][info][gc,cpu      ] GC(348) User=0.00s Sys=0.00s Real=0.01s
[2026-09-05T10:58:27.722-0400][671.378s][info][gc,start    ] GC(349) Pause Young (Normal) (G1 Evacuation Pause)
[2026-09-05T10:58:27.722-0400][671.378s][info][gc,task     ] GC(349) Using 23 workers of 23 for evacuation
[2026-09-05T10:58:27.730-0400][671.385s][info][gc,phases   ] GC(349)   Pre Evacuate Collection Set: 0.19ms
[2026-09-05T10:58:27.730-0400][671.385s][info][gc,phases   ] GC(349)   Merge Heap Roots: 0.20ms
[2026-09-05T10:58:27.730-0400][671.385s][info][gc,phases   ] GC(349)   Evacuate Collection Set: 6.37ms
[2026-09-05T10:58:27.730-0400][671.385s][info][gc,phases   ] GC(349)   Post Evacuate Collection Set: 0.81ms
[2026-09-05T10:58:27.730-0400][671.385s][info][gc,phases   ] GC(349)   Other: 0.13ms
[2026-09-05T10:58:27.730-0400][671.385s][info][gc,heap     ] GC(349) Eden regions: 654->0(656)
[2026-09-05T10:58:27.730-0400][671.385s][info][gc,heap     ] GC(349) Survivor regions: 51->47(89)
[2026-09-05T10:58:27.730-0400][671.385s][info][gc,heap     ] GC(349) Old regions: 840->846
[2026-09-05T10:58:27.730-0400][671.385s][info][gc,heap     ] GC(349) Archive regions: 0->0
[2026-09-05T10:58:27.730-0400][671.385s][info][gc,heap     ] GC(349) Humongous regions: 30->30
[2026-09-05T10:58:27.730-0400][671.385s][info][gc,metaspace] GC(349) Metaspace: 154470K(157056K)->154470K(157056K) NonClass: 132553K(133952K)->132553K(133952K) Class: 21916K(23104K)->21916K(23104K)
[2026-09-05T10:58:27.730-0400][671.385s][info][gc          ] GC(349) Pause Young (Normal) (G1 Evacuation Pause) 3147M->1843M(3614M) 7.831ms
[2026-09-05T10:58:27.730-0400][671.385s][info][gc,cpu      ] GC(349) User=0.00s Sys=0.00s Real=0.01s
[2026-09-05T10:58:33.311-0400][676.967s][info][gc,start    ] GC(350) Pause Young (Normal) (G1 Evacuation Pause)
[2026-09-05T10:58:33.311-0400][676.967s][info][gc,task     ] GC(350) Using 23 workers of 23 for evacuation
[2026-09-05T10:58:33.319-0400][676.975s][info][gc,phases   ] GC(350)   Pre Evacuate Collection Set: 0.17ms
[2026-09-05T10:58:33.319-0400][676.975s][info][gc,phases   ] GC(350)   Merge Heap Roots: 0.20ms
[2026-09-05T10:58:33.319-0400][676.975s][info][gc,phases   ] GC(350)   Evacuate Collection Set: 6.42ms
[2026-09-05T10:58:33.319-0400][676.975s][info][gc,phases   ] GC(350)   Post Evacuate Collection Set: 1.14ms
[2026-09-05T10:58:33.319-0400][676.975s][info][gc,phases   ] GC(350)   Other: 0.16ms
[2026-09-05T10:58:33.319-0400][676.975s][info][gc,heap     ] GC(350) Eden regions: 656->0(651)
[2026-09-05T10:58:33.319-0400][676.975s][info][gc,heap     ] GC(350) Survivor regions: 47->49(88)
[2026-09-05T10:58:33.319-0400][676.975s][info][gc,heap     ] GC(350) Old regions: 846->846
[2026-09-05T10:58:33.319-0400][676.975s][info][gc,heap     ] GC(350) Archive regions: 0->0
[2026-09-05T10:58:33.319-0400][676.975s][info][gc,heap     ] GC(350) Humongous regions: 31->31
[2026-09-05T10:58:33.319-0400][676.975s][info][gc,metaspace] GC(350) Metaspace: 154472K(157056K)->154472K(157056K) NonClass: 132555K(133952K)->132555K(133952K) Class: 21916K(23104K)->21916K(23104K)
[2026-09-05T10:58:33.319-0400][676.975s][info][gc          ] GC(350) Pause Young (Normal) (G1 Evacuation Pause) 3157M->1849M(3614M) 8.209ms
[2026-09-05T10:58:33.319-0400][676.975s][info][gc,cpu      ] GC(350) User=0.00s Sys=0.00s Real=0.01s
[2026-09-05T10:58:36.156-0400][679.811s][info][gc,start    ] GC(351) Pause Young (Normal) (G1 Evacuation Pause)
[2026-09-05T10:58:36.156-0400][679.811s][info][gc,task     ] GC(351) Using 23 workers of 23 for evacuation
[2026-09-05T10:58:36.167-0400][679.821s][info][gc,phases   ] GC(351)   Pre Evacuate Collection Set: 0.26ms
[2026-09-05T10:58:36.167-0400][679.821s][info][gc,phases   ] GC(351)   Merge Heap Roots: 0.22ms
[2026-09-05T10:58:36.167-0400][679.821s][info][gc,phases   ] GC(351)   Evacuate Collection Set: 8.95ms
[2026-09-05T10:58:36.167-0400][679.821s][info][gc,phases   ] GC(351)   Post Evacuate Collection Set: 0.73ms
[2026-09-05T10:58:36.167-0400][679.821s][info][gc,phases   ] GC(351)   Other: 0.13ms
[2026-09-05T10:58:36.167-0400][679.821s][info][gc,heap     ] GC(351) Eden regions: 651->0(612)
[2026-09-05T10:58:36.167-0400][679.821s][info][gc,heap     ] GC(351) Survivor regions: 49->66(88)
[2026-09-05T10:58:36.167-0400][679.821s][info][gc,heap     ] GC(351) Old regions: 846->851
[2026-09-05T10:58:36.167-0400][679.821s][info][gc,heap     ] GC(351) Archive regions: 0->0
[2026-09-05T10:58:36.167-0400][679.821s][info][gc,heap     ] GC(351) Humongous regions: 32->31
[2026-09-05T10:58:36.167-0400][679.821s][info][gc,metaspace] GC(351) Metaspace: 154485K(157056K)->154485K(157056K) NonClass: 132568K(133952K)->132568K(133952K) Class: 21916K(23104K)->21916K(23104K)
[2026-09-05T10:58:36.167-0400][679.821s][info][gc          ] GC(351) Pause Young (Normal) (G1 Evacuation Pause) 3153M->1894M(3614M) 10.417ms
[2026-09-05T10:58:36.167-0400][679.821s][info][gc,cpu      ] GC(351) User=0.00s Sys=0.00s Real=0.01s
[2026-09-05T10:58:42.858-0400][686.513s][info][gc,start    ] GC(352) Pause Young (Normal) (G1 Evacuation Pause)
[2026-09-05T10:58:42.858-0400][686.513s][info][gc,task     ] GC(352) Using 23 workers of 23 for evacuation
[2026-09-05T10:58:42.866-0400][686.522s][info][gc,phases   ] GC(352)   Pre Evacuate Collection Set: 0.27ms
[2026-09-05T10:58:42.866-0400][686.522s][info][gc,phases   ] GC(352)   Merge Heap Roots: 0.22ms
[2026-09-05T10:58:42.866-0400][686.522s][info][gc,phases   ] GC(352)   Evacuate Collection Set: 7.65ms
[2026-09-05T10:58:42.866-0400][686.522s][info][gc,phases   ] GC(352)   Post Evacuate Collection Set: 0.64ms
[2026-09-05T10:58:42.866-0400][686.522s][info][gc,phases   ] GC(352)   Other: 0.12ms
[2026-09-05T10:58:42.866-0400][686.522s][info][gc,heap     ] GC(352) Eden regions: 612->0(627)
[2026-09-05T10:58:42.866-0400][686.522s][info][gc,heap     ] GC(352) Survivor regions: 66->46(85)
[2026-09-05T10:58:42.866-0400][686.522s][info][gc,heap     ] GC(352) Old regions: 851->875
[2026-09-05T10:58:42.866-0400][686.522s][info][gc,heap     ] GC(352) Archive regions: 0->0
[2026-09-05T10:58:42.866-0400][686.522s][info][gc,heap     ] GC(352) Humongous regions: 32->32
[2026-09-05T10:58:42.866-0400][686.522s][info][gc,metaspace] GC(352) Metaspace: 154492K(157056K)->154492K(157056K) NonClass: 132575K(133952K)->132575K(133952K) Class: 21916K(23104K)->21916K(23104K)
[2026-09-05T10:58:42.866-0400][686.522s][info][gc          ] GC(352) Pause Young (Normal) (G1 Evacuation Pause) 3119M->1905M(3614M) 9.017ms
[2026-09-05T10:58:42.866-0400][686.522s][info][gc,cpu      ] GC(352) User=0.00s Sys=0.00s Real=0.01s
[2026-09-05T10:58:49.984-0400][693.639s][info][gc,start    ] GC(353) Pause Young (Normal) (G1 Evacuation Pause)
[2026-09-05T10:58:49.984-0400][693.639s][info][gc,task     ] GC(353) Using 23 workers of 23 for evacuation
[2026-09-05T10:58:49.992-0400][693.647s][info][gc,phases   ] GC(353)   Pre Evacuate Collection Set: 0.20ms
[2026-09-05T10:58:49.992-0400][693.647s][info][gc,phases   ] GC(353)   Merge Heap Roots: 0.20ms
[2026-09-05T10:58:49.992-0400][693.647s][info][gc,phases   ] GC(353)   Evacuate Collection Set: 6.47ms
[2026-09-05T10:58:49.992-0400][693.647s][info][gc,phases   ] GC(353)   Post Evacuate Collection Set: 0.70ms
[2026-09-05T10:58:49.992-0400][693.647s][info][gc,phases   ] GC(353)   Other: 0.15ms
[2026-09-05T10:58:49.992-0400][693.647s][info][gc,heap     ] GC(353) Eden regions: 627->0(613)
[2026-09-05T10:58:49.992-0400][693.647s][info][gc,heap     ] GC(353) Survivor regions: 46->53(85)
[2026-09-05T10:58:49.992-0400][693.647s][info][gc,heap     ] GC(353) Old regions: 875->875
[2026-09-05T10:58:49.992-0400][693.647s][info][gc,heap     ] GC(353) Archive regions: 0->0
[2026-09-05T10:58:49.992-0400][693.647s][info][gc,heap     ] GC(353) Humongous regions: 33->32
[2026-09-05T10:58:49.992-0400][693.647s][info][gc,metaspace] GC(353) Metaspace: 154493K(157120K)->154493K(157120K) NonClass: 132576K(134016K)->132576K(134016K) Class: 21916K(23104K)->21916K(23104K)
[2026-09-05T10:58:49.992-0400][693.647s][info][gc          ] GC(353) Pause Young (Normal) (G1 Evacuation Pause) 3161M->1918M(3614M) 7.824ms
[2026-09-05T10:58:49.993-0400][693.647s][info][gc,cpu      ] GC(353) User=0.00s Sys=0.00s Real=0.01s
[2026-09-05T10:58:50.539-0400][694.195s][info][gc,start    ] GC(354) Pause Young (Normal) (G1 Evacuation Pause)
[2026-09-05T10:58:50.539-0400][694.195s][info][gc,task     ] GC(354) Using 23 workers of 23 for evacuation
[2026-09-05T10:58:50.549-0400][694.204s][info][gc,phases   ] GC(354)   Pre Evacuate Collection Set: 0.24ms
[2026-09-05T10:58:50.549-0400][694.205s][info][gc,phases   ] GC(354)   Merge Heap Roots: 0.20ms
[2026-09-05T10:58:50.549-0400][694.205s][info][gc,phases   ] GC(354)   Evacuate Collection Set: 8.63ms
[2026-09-05T10:58:50.549-0400][694.205s][info][gc,phases   ] GC(354)   Post Evacuate Collection Set: 0.63ms
[2026-09-05T10:58:50.549-0400][694.205s][info][gc,phases   ] GC(354)   Other: 0.13ms
[2026-09-05T10:58:50.549-0400][694.205s][info][gc,heap     ] GC(354) Eden regions: 613->0(578)
[2026-09-05T10:58:50.549-0400][694.205s][info][gc,heap     ] GC(354) Survivor regions: 53->67(84)
[2026-09-05T10:58:50.549-0400][694.205s][info][gc,heap     ] GC(354) Old regions: 875->883
[2026-09-05T10:58:50.549-0400][694.205s][info][gc,heap     ] GC(354) Archive regions: 0->0
[2026-09-05T10:58:50.549-0400][694.205s][info][gc,heap     ] GC(354) Humongous regions: 32->31
[2026-09-05T10:58:50.549-0400][694.205s][info][gc,metaspace] GC(354) Metaspace: 154494K(157120K)->154494K(157120K) NonClass: 132577K(134016K)->132577K(134016K) Class: 21916K(23104K)->21916K(23104K)
[2026-09-05T10:58:50.549-0400][694.205s][info][gc          ] GC(354) Pause Young (Normal) (G1 Evacuation Pause) 3144M->1961M(3614M) 9.955ms
[2026-09-05T10:58:50.549-0400][694.205s][info][gc,cpu      ] GC(354) User=0.36s Sys=0.00s Real=0.01s
[2026-09-05T10:58:52.310-0400][695.965s][info][gc,start    ] GC(355) Pause Young (Normal) (G1 Evacuation Pause)
[2026-09-05T10:58:52.310-0400][695.965s][info][gc,task     ] GC(355) Using 23 workers of 23 for evacuation
[2026-09-05T10:58:52.320-0400][695.974s][info][gc,phases   ] GC(355)   Pre Evacuate Collection Set: 0.33ms
[2026-09-05T10:58:52.320-0400][695.974s][info][gc,phases   ] GC(355)   Merge Heap Roots: 0.22ms
[2026-09-05T10:58:52.320-0400][695.974s][info][gc,phases   ] GC(355)   Evacuate Collection Set: 7.61ms
[2026-09-05T10:58:52.320-0400][695.974s][info][gc,phases   ] GC(355)   Post Evacuate Collection Set: 0.88ms
[2026-09-05T10:58:52.320-0400][695.974s][info][gc,phases   ] GC(355)   Other: 0.14ms
[2026-09-05T10:58:52.320-0400][695.975s][info][gc,heap     ] GC(355) Eden regions: 578->0(581)
[2026-09-05T10:58:52.320-0400][695.975s][info][gc,heap     ] GC(355) Survivor regions: 67->49(81)
[2026-09-05T10:58:52.320-0400][695.975s][info][gc,heap     ] GC(355) Old regions: 883->907
[2026-09-05T10:58:52.320-0400][695.975s][info][gc,heap     ] GC(355) Archive regions: 0->0
[2026-09-05T10:58:52.320-0400][695.975s][info][gc,heap     ] GC(355) Humongous regions: 31->31
[2026-09-05T10:58:52.320-0400][695.975s][info][gc,metaspace] GC(355) Metaspace: 154494K(157120K)->154494K(157120K) NonClass: 132577K(134016K)->132577K(134016K) Class: 21916K(23104K)->21916K(23104K)
[2026-09-05T10:58:52.320-0400][695.975s][info][gc          ] GC(355) Pause Young (Normal) (G1 Evacuation Pause) 3117M->1973M(3614M) 9.409ms
[2026-09-05T10:58:52.320-0400][695.975s][info][gc,cpu      ] GC(355) User=0.00s Sys=0.00s Real=0.01s
[2026-09-05T10:59:04.459-0400][708.114s][info][gc,start    ] GC(356) Pause Young (Normal) (G1 Evacuation Pause)
[2026-09-05T10:59:04.459-0400][708.114s][info][gc,task     ] GC(356) Using 23 workers of 23 for evacuation
[2026-09-05T10:59:04.466-0400][708.121s][info][gc,phases   ] GC(356)   Pre Evacuate Collection Set: 0.27ms
[2026-09-05T10:59:04.466-0400][708.121s][info][gc,phases   ] GC(356)   Merge Heap Roots: 0.22ms
[2026-09-05T10:59:04.466-0400][708.121s][info][gc,phases   ] GC(356)   Evacuate Collection Set: 5.25ms
[2026-09-05T10:59:04.466-0400][708.121s][info][gc,phases   ] GC(356)   Post Evacuate Collection Set: 1.15ms
[2026-09-05T10:59:04.466-0400][708.121s][info][gc,phases   ] GC(356)   Other: 0.28ms
[2026-09-05T10:59:04.466-0400][708.121s][info][gc,heap     ] GC(356) Eden regions: 581->0(587)
[2026-09-05T10:59:04.466-0400][708.121s][info][gc,heap     ] GC(356) Survivor regions: 49->39(79)
[2026-09-05T10:59:04.466-0400][708.121s][info][gc,heap     ] GC(356) Old regions: 907->917
[2026-09-05T10:59:04.466-0400][708.121s][info][gc,heap     ] GC(356) Archive regions: 0->0
[2026-09-05T10:59:04.466-0400][708.121s][info][gc,heap     ] GC(356) Humongous regions: 32->31
[2026-09-05T10:59:04.466-0400][708.121s][info][gc,metaspace] GC(356) Metaspace: 154504K(157120K)->154504K(157120K) NonClass: 132587K(134016K)->132587K(134016K) Class: 21916K(23104K)->21916K(23104K)
[2026-09-05T10:59:04.466-0400][708.121s][info][gc          ] GC(356) Pause Young (Normal) (G1 Evacuation Pause) 3137M->1971M(3614M) 7.277ms
[2026-09-05T10:59:04.466-0400][708.121s][info][gc,cpu      ] GC(356) User=0.08s Sys=0.00s Real=0.01s
[2026-09-05T10:59:16.574-0400][720.229s][info][gc,start    ] GC(357) Pause Young (Normal) (G1 Evacuation Pause)
[2026-09-05T10:59:16.574-0400][720.229s][info][gc,task     ] GC(357) Using 23 workers of 23 for evacuation
[2026-09-05T10:59:16.580-0400][720.234s][info][gc,phases   ] GC(357)   Pre Evacuate Collection Set: 0.26ms
[2026-09-05T10:59:16.580-0400][720.235s][info][gc,phases   ] GC(357)   Merge Heap Roots: 0.32ms
[2026-09-05T10:59:16.580-0400][720.235s][info][gc,phases   ] GC(357)   Evacuate Collection Set: 3.84ms
[2026-09-05T10:59:16.580-0400][720.235s][info][gc,phases   ] GC(357)   Post Evacuate Collection Set: 1.19ms
[2026-09-05T10:59:16.580-0400][720.235s][info][gc,phases   ] GC(357)   Other: 0.17ms
[2026-09-05T10:59:16.580-0400][720.235s][info][gc,heap     ] GC(357) Eden regions: 587->0(597)
[2026-09-05T10:59:16.580-0400][720.235s][info][gc,heap     ] GC(357) Survivor regions: 39->38(79)
[2026-09-05T10:59:16.580-0400][720.235s][info][gc,heap     ] GC(357) Old regions: 917->917
[2026-09-05T10:59:16.580-0400][720.235s][info][gc,heap     ] GC(357) Archive regions: 0->0
[2026-09-05T10:59:16.580-0400][720.235s][info][gc,heap     ] GC(357) Humongous regions: 32->31
[2026-09-05T10:59:16.580-0400][720.235s][info][gc,metaspace] GC(357) Metaspace: 154896K(157632K)->154896K(157632K) NonClass: 132911K(134336K)->132911K(134336K) Class: 21985K(23296K)->21985K(23296K)
[2026-09-05T10:59:16.580-0400][720.235s][info][gc          ] GC(357) Pause Young (Normal) (G1 Evacuation Pause) 3147M->1970M(3614M) 5.870ms
[2026-09-05T10:59:16.580-0400][720.235s][info][gc,cpu      ] GC(357) User=0.08s Sys=0.00s Real=0.01s
[2026-09-05T10:59:31.157-0400][734.813s][info][gc,start    ] GC(358) Pause Young (Normal) (G1 Evacuation Pause)
[2026-09-05T10:59:31.157-0400][734.813s][info][gc,task     ] GC(358) Using 23 workers of 23 for evacuation
[2026-09-05T10:59:31.163-0400][734.818s][info][gc,phases   ] GC(358)   Pre Evacuate Collection Set: 0.32ms
[2026-09-05T10:59:31.163-0400][734.818s][info][gc,phases   ] GC(358)   Merge Heap Roots: 0.24ms
[2026-09-05T10:59:31.163-0400][734.818s][info][gc,phases   ] GC(358)   Evacuate Collection Set: 3.93ms
[2026-09-05T10:59:31.163-0400][734.818s][info][gc,phases   ] GC(358)   Post Evacuate Collection Set: 0.89ms
[2026-09-05T10:59:31.163-0400][734.818s][info][gc,phases   ] GC(358)   Other: 0.13ms
[2026-09-05T10:59:31.163-0400][734.818s][info][gc,heap     ] GC(358) Eden regions: 597->0(602)
[2026-09-05T10:59:31.163-0400][734.818s][info][gc,heap     ] GC(358) Survivor regions: 38->38(80)
[2026-09-05T10:59:31.163-0400][734.818s][info][gc,heap     ] GC(358) Old regions: 917->917
[2026-09-05T10:59:31.163-0400][734.818s][info][gc,heap     ] GC(358) Archive regions: 0->0
[2026-09-05T10:59:31.163-0400][734.818s][info][gc,heap     ] GC(358) Humongous regions: 31->31
[2026-09-05T10:59:31.163-0400][734.818s][info][gc,metaspace] GC(358) Metaspace: 154914K(157696K)->154914K(157696K) NonClass: 132925K(134400K)->132925K(134400K) Class: 21988K(23296K)->21988K(23296K)
[2026-09-05T10:59:31.163-0400][734.818s][info][gc          ] GC(358) Pause Young (Normal) (G1 Evacuation Pause) 3164M->1970M(3614M) 5.670ms
[2026-09-05T10:59:31.163-0400][734.818s][info][gc,cpu      ] GC(358) User=0.00s Sys=0.00s Real=0.01s
[2026-09-05T10:59:38.602-0400][742.257s][info][gc,start    ] GC(359) Pause Young (Normal) (G1 Evacuation Pause)
[2026-09-05T10:59:38.602-0400][742.257s][info][gc,task     ] GC(359) Using 23 workers of 23 for evacuation
[2026-09-05T10:59:38.610-0400][742.265s][info][gc,phases   ] GC(359)   Pre Evacuate Collection Set: 0.22ms
[2026-09-05T10:59:38.610-0400][742.265s][info][gc,phases   ] GC(359)   Merge Heap Roots: 0.19ms
[2026-09-05T10:59:38.610-0400][742.265s][info][gc,phases   ] GC(359)   Evacuate Collection Set: 6.95ms
[2026-09-05T10:59:38.610-0400][742.265s][info][gc,phases   ] GC(359)   Post Evacuate Collection Set: 0.67ms
[2026-09-05T10:59:38.610-0400][742.265s][info][gc,phases   ] GC(359)   Other: 0.13ms
[2026-09-05T10:59:38.610-0400][742.265s][info][gc,heap     ] GC(359) Eden regions: 602->0(551)
[2026-09-05T10:59:38.610-0400][742.265s][info][gc,heap     ] GC(359) Survivor regions: 38->63(80)
[2026-09-05T10:59:38.610-0400][742.265s][info][gc,heap     ] GC(359) Old regions: 917->917
[2026-09-05T10:59:38.610-0400][742.265s][info][gc,heap     ] GC(359) Archive regions: 0->0
[2026-09-05T10:59:38.610-0400][742.265s][info][gc,heap     ] GC(359) Humongous regions: 32->32
[2026-09-05T10:59:38.610-0400][742.265s][info][gc,metaspace] GC(359) Metaspace: 154915K(157696K)->154915K(157696K) NonClass: 132926K(134400K)->132926K(134400K) Class: 21988K(23296K)->21988K(23296K)
[2026-09-05T10:59:38.610-0400][742.265s][info][gc          ] GC(359) Pause Young (Normal) (G1 Evacuation Pause) 3176M->2021M(3614M) 8.279ms
[2026-09-05T10:59:38.610-0400][742.265s][info][gc,cpu      ] GC(359) User=0.36s Sys=0.00s Real=0.01s
[2026-09-05T10:59:38.830-0400][742.486s][info][gc,start    ] GC(360) Pause Young (Normal) (GCLocker Initiated GC)
[2026-09-05T10:59:38.830-0400][742.486s][info][gc,task     ] GC(360) Using 23 workers of 23 for evacuation
[2026-09-05T10:59:38.844-0400][742.499s][info][gc,phases   ] GC(360)   Pre Evacuate Collection Set: 0.24ms
[2026-09-05T10:59:38.844-0400][742.499s][info][gc,phases   ] GC(360)   Merge Heap Roots: 0.21ms
[2026-09-05T10:59:38.844-0400][742.499s][info][gc,phases   ] GC(360)   Evacuate Collection Set: 11.66ms
[2026-09-05T10:59:38.844-0400][742.499s][info][gc,phases   ] GC(360)   Post Evacuate Collection Set: 0.58ms
[2026-09-05T10:59:38.844-0400][742.499s][info][gc,phases   ] GC(360)   Other: 0.13ms
[2026-09-05T10:59:38.844-0400][742.499s][info][gc,heap     ] GC(360) Eden regions: 552->0(532)
[2026-09-05T10:59:38.844-0400][742.499s][info][gc,heap     ] GC(360) Survivor regions: 63->62(77)
[2026-09-05T10:59:38.844-0400][742.499s][info][gc,heap     ] GC(360) Old regions: 917->938
[2026-09-05T10:59:38.844-0400][742.499s][info][gc,heap     ] GC(360) Archive regions: 0->0
[2026-09-05T10:59:38.844-0400][742.499s][info][gc,heap     ] GC(360) Humongous regions: 32->32
[2026-09-05T10:59:38.844-0400][742.499s][info][gc,metaspace] GC(360) Metaspace: 154925K(157696K)->154925K(157696K) NonClass: 132936K(134400K)->132936K(134400K) Class: 21988K(23296K)->21988K(23296K)
[2026-09-05T10:59:38.844-0400][742.499s][info][gc          ] GC(360) Pause Young (Normal) (GCLocker Initiated GC) 3124M->2062M(3614M) 12.944ms
[2026-09-05T10:59:38.844-0400][742.499s][info][gc,cpu      ] GC(360) User=0.36s Sys=0.00s Real=0.01s
[2026-09-05T10:59:39.242-0400][742.897s][info][gc,start    ] GC(361) Pause Young (Normal) (G1 Evacuation Pause)
[2026-09-05T10:59:39.242-0400][742.897s][info][gc,task     ] GC(361) Using 23 workers of 23 for evacuation
[2026-09-05T10:59:39.255-0400][742.910s][info][gc,phases   ] GC(361)   Pre Evacuate Collection Set: 0.28ms
[2026-09-05T10:59:39.255-0400][742.910s][info][gc,phases   ] GC(361)   Merge Heap Roots: 0.16ms
[2026-09-05T10:59:39.255-0400][742.910s][info][gc,phases   ] GC(361)   Evacuate Collection Set: 11.60ms
[2026-09-05T10:59:39.255-0400][742.910s][info][gc,phases   ] GC(361)   Post Evacuate Collection Set: 0.74ms
[2026-09-05T10:59:39.255-0400][742.910s][info][gc,phases   ] GC(361)   Other: 0.14ms
[2026-09-05T10:59:39.255-0400][742.910s][info][gc,heap     ] GC(361) Eden regions: 532->0(499)
[2026-09-05T10:59:39.255-0400][742.910s][info][gc,heap     ] GC(361) Survivor regions: 62->50(75)
[2026-09-05T10:59:39.255-0400][742.910s][info][gc,heap     ] GC(361) Old regions: 938->972
[2026-09-05T10:59:39.255-0400][742.910s][info][gc,heap     ] GC(361) Archive regions: 0->0
[2026-09-05T10:59:39.255-0400][742.910s][info][gc,heap     ] GC(361) Humongous regions: 32->32
[2026-09-05T10:59:39.255-0400][742.910s][info][gc,metaspace] GC(361) Metaspace: 154927K(157696K)->154927K(157696K) NonClass: 132939K(134400K)->132939K(134400K) Class: 21988K(23296K)->21988K(23296K)
[2026-09-05T10:59:39.255-0400][742.910s][info][gc          ] GC(361) Pause Young (Normal) (G1 Evacuation Pause) 3126M->2107M(3614M) 13.039ms
[2026-09-05T10:59:39.255-0400][742.910s][info][gc,cpu      ] GC(361) User=0.38s Sys=0.00s Real=0.01s
[2026-09-05T10:59:40.862-0400][744.517s][info][gc,start    ] GC(362) Pause Young (Normal) (GCLocker Initiated GC)
[2026-09-05T10:59:40.862-0400][744.517s][info][gc,task     ] GC(362) Using 23 workers of 23 for evacuation
[2026-09-05T10:59:40.870-0400][744.525s][info][gc,phases   ] GC(362)   Pre Evacuate Collection Set: 0.29ms
[2026-09-05T10:59:40.870-0400][744.525s][info][gc,phases   ] GC(362)   Merge Heap Roots: 0.26ms
[2026-09-05T10:59:40.870-0400][744.525s][info][gc,phases   ] GC(362)   Evacuate Collection Set: 6.42ms
[2026-09-05T10:59:40.870-0400][744.525s][info][gc,phases   ] GC(362)   Post Evacuate Collection Set: 0.77ms
[2026-09-05T10:59:40.870-0400][744.525s][info][gc,phases   ] GC(362)   Other: 0.12ms
[2026-09-05T10:59:40.870-0400][744.525s][info][gc,heap     ] GC(362) Eden regions: 500->0(505)
[2026-09-05T10:59:40.870-0400][744.525s][info][gc,heap     ] GC(362) Survivor regions: 50->15(69)
[2026-09-05T10:59:40.870-0400][744.525s][info][gc,heap     ] GC(362) Old regions: 972->1006
[2026-09-05T10:59:40.870-0400][744.525s][info][gc,heap     ] GC(362) Archive regions: 0->0
[2026-09-05T10:59:40.870-0400][744.525s][info][gc,heap     ] GC(362) Humongous regions: 32->32
[2026-09-05T10:59:40.870-0400][744.525s][info][gc,metaspace] GC(362) Metaspace: 154934K(157696K)->154934K(157696K) NonClass: 132946K(134400K)->132946K(134400K) Class: 21988K(23296K)->21988K(23296K)
[2026-09-05T10:59:40.870-0400][744.525s][info][gc          ] GC(362) Pause Young (Normal) (GCLocker Initiated GC) 3106M->2104M(3614M) 7.986ms
[2026-09-05T10:59:40.870-0400][744.525s][info][gc,cpu      ] GC(362) User=0.00s Sys=0.00s Real=0.01s
[2026-09-05T10:59:45.595-0400][749.250s][info][gc,start    ] GC(363) Pause Young (Normal) (G1 Evacuation Pause)
[2026-09-05T10:59:45.596-0400][749.250s][info][gc,task     ] GC(363) Using 23 workers of 23 for evacuation
[2026-09-05T10:59:45.608-0400][749.264s][info][gc,phases   ] GC(363)   Pre Evacuate Collection Set: 0.25ms
[2026-09-05T10:59:45.609-0400][749.264s][info][gc,phases   ] GC(363)   Merge Heap Roots: 0.18ms
[2026-09-05T10:59:45.609-0400][749.264s][info][gc,phases   ] GC(363)   Evacuate Collection Set: 12.22ms
[2026-09-05T10:59:45.609-0400][749.264s][info][gc,phases   ] GC(363)   Post Evacuate Collection Set: 0.72ms
[2026-09-05T10:59:45.609-0400][749.264s][info][gc,phases   ] GC(363)   Other: 0.14ms
[2026-09-05T10:59:45.609-0400][749.264s][info][gc,heap     ] GC(363) Eden regions: 505->0(415)
[2026-09-05T10:59:45.609-0400][749.264s][info][gc,heap     ] GC(363) Survivor regions: 15->65(65)
[2026-09-05T10:59:45.609-0400][749.264s][info][gc,heap     ] GC(363) Old regions: 1006->1011
[2026-09-05T10:59:45.609-0400][749.264s][info][gc,heap     ] GC(363) Archive regions: 0->0
[2026-09-05T10:59:45.609-0400][749.264s][info][gc,heap     ] GC(363) Humongous regions: 32->32
[2026-09-05T10:59:45.609-0400][749.264s][info][gc,metaspace] GC(363) Metaspace: 154947K(157696K)->154947K(157696K) NonClass: 132958K(134400K)->132958K(134400K) Class: 21988K(23296K)->21988K(23296K)
[2026-09-05T10:59:45.609-0400][749.264s][info][gc          ] GC(363) Pause Young (Normal) (G1 Evacuation Pause) 3114M->2215M(3614M) 13.662ms
[2026-09-05T10:59:45.609-0400][749.264s][info][gc,cpu      ] GC(363) User=0.34s Sys=0.02s Real=0.01s
[2026-09-05T10:59:46.128-0400][749.784s][info][gc,start    ] GC(364) Pause Young (Normal) (G1 Evacuation Pause)
[2026-09-05T10:59:46.128-0400][749.784s][info][gc,task     ] GC(364) Using 23 workers of 23 for evacuation
[2026-09-05T10:59:46.138-0400][749.793s][info][gc,phases   ] GC(364)   Pre Evacuate Collection Set: 0.28ms
[2026-09-05T10:59:46.138-0400][749.793s][info][gc,phases   ] GC(364)   Merge Heap Roots: 0.19ms
[2026-09-05T10:59:46.138-0400][749.793s][info][gc,phases   ] GC(364)   Evacuate Collection Set: 7.76ms
[2026-09-05T10:59:46.138-0400][749.793s][info][gc,phases   ] GC(364)   Post Evacuate Collection Set: 0.77ms
[2026-09-05T10:59:46.138-0400][749.793s][info][gc,phases   ] GC(364)   Other: 0.12ms
[2026-09-05T10:59:46.138-0400][749.793s][info][gc,heap     ] GC(364) Eden regions: 415->0(429)
[2026-09-05T10:59:46.138-0400][749.793s][info][gc,heap     ] GC(364) Survivor regions: 65->29(60)
[2026-09-05T10:59:46.138-0400][749.793s][info][gc,heap     ] GC(364) Old regions: 1011->1037
[2026-09-05T10:59:46.138-0400][749.793s][info][gc,heap     ] GC(364) Archive regions: 0->0
[2026-09-05T10:59:46.138-0400][749.793s][info][gc,heap     ] GC(364) Humongous regions: 33->33
[2026-09-05T10:59:46.138-0400][749.793s][info][gc,metaspace] GC(364) Metaspace: 154948K(157696K)->154948K(157696K) NonClass: 132960K(134400K)->132960K(134400K) Class: 21988K(23296K)->21988K(23296K)
[2026-09-05T10:59:46.138-0400][749.793s][info][gc          ] GC(364) Pause Young (Normal) (G1 Evacuation Pause) 3047M->2196M(3614M) 9.237ms
[2026-09-05T10:59:46.138-0400][749.793s][info][gc,cpu      ] GC(364) User=0.17s Sys=0.00s Real=0.01s
[2026-09-05T10:59:46.302-0400][749.957s][info][gc,start    ] GC(365) Pause Young (Normal) (GCLocker Initiated GC)
[2026-09-05T10:59:46.302-0400][749.957s][info][gc,task     ] GC(365) Using 23 workers of 23 for evacuation
[2026-09-05T10:59:46.313-0400][749.968s][info][gc,phases   ] GC(365)   Pre Evacuate Collection Set: 0.28ms
[2026-09-05T10:59:46.313-0400][749.968s][info][gc,phases   ] GC(365)   Merge Heap Roots: 0.19ms
[2026-09-05T10:59:46.313-0400][749.968s][info][gc,phases   ] GC(365)   Evacuate Collection Set: 9.56ms
[2026-09-05T10:59:46.313-0400][749.968s][info][gc,phases   ] GC(365)   Post Evacuate Collection Set: 0.57ms
[2026-09-05T10:59:46.313-0400][749.968s][info][gc,phases   ] GC(365)   Other: 0.13ms
[2026-09-05T10:59:46.313-0400][749.968s][info][gc,heap     ] GC(365) Eden regions: 429->0(412)
[2026-09-05T10:59:46.313-0400][749.968s][info][gc,heap     ] GC(365) Survivor regions: 29->48(58)
[2026-09-05T10:59:46.313-0400][749.968s][info][gc,heap     ] GC(365) Old regions: 1037->1037
[2026-09-05T10:59:46.313-0400][749.968s][info][gc,heap     ] GC(365) Archive regions: 0->0
[2026-09-05T10:59:46.313-0400][749.968s][info][gc,heap     ] GC(365) Humongous regions: 33->33
[2026-09-05T10:59:46.313-0400][749.968s][info][gc,metaspace] GC(365) Metaspace: 154948K(157696K)->154948K(157696K) NonClass: 132960K(134400K)->132960K(134400K) Class: 21988K(23296K)->21988K(23296K)
[2026-09-05T10:59:46.313-0400][749.968s][info][gc          ] GC(365) Pause Young (Normal) (GCLocker Initiated GC) 3054M->2234M(3614M) 10.840ms
[2026-09-05T10:59:46.313-0400][749.968s][info][gc,cpu      ] GC(365) User=0.36s Sys=0.00s Real=0.01s
[2026-09-05T10:59:46.618-0400][750.273s][info][gc,start    ] GC(366) Pause Young (Normal) (G1 Evacuation Pause)
[2026-09-05T10:59:46.618-0400][750.273s][info][gc,task     ] GC(366) Using 23 workers of 23 for evacuation
[2026-09-05T10:59:46.634-0400][750.289s][info][gc,phases   ] GC(366)   Pre Evacuate Collection Set: 0.28ms
[2026-09-05T10:59:46.634-0400][750.289s][info][gc,phases   ] GC(366)   Merge Heap Roots: 0.21ms
[2026-09-05T10:59:46.634-0400][750.289s][info][gc,phases   ] GC(366)   Evacuate Collection Set: 14.95ms
[2026-09-05T10:59:46.634-0400][750.289s][info][gc,phases   ] GC(366)   Post Evacuate Collection Set: 0.58ms
[2026-09-05T10:59:46.634-0400][750.289s][info][gc,phases   ] GC(366)   Other: 0.15ms
[2026-09-05T10:59:46.634-0400][750.289s][info][gc,heap     ] GC(366) Eden regions: 412->0(350)
[2026-09-05T10:59:46.634-0400][750.289s][info][gc,heap     ] GC(366) Survivor regions: 48->58(58)
[2026-09-05T10:59:46.634-0400][750.289s][info][gc,heap     ] GC(366) Old regions: 1037->1073
[2026-09-05T10:59:46.634-0400][750.289s][info][gc,heap     ] GC(366) Archive regions: 0->0
[2026-09-05T10:59:46.634-0400][750.289s][info][gc,heap     ] GC(366) Humongous regions: 33->33
[2026-09-05T10:59:46.634-0400][750.289s][info][gc,metaspace] GC(366) Metaspace: 154949K(157696K)->154949K(157696K) NonClass: 132961K(134400K)->132961K(134400K) Class: 21988K(23296K)->21988K(23296K)
[2026-09-05T10:59:46.634-0400][750.289s][info][gc          ] GC(366) Pause Young (Normal) (G1 Evacuation Pause) 3058M->2327M(3614M) 16.290ms
[2026-09-05T10:59:46.634-0400][750.289s][info][gc,cpu      ] GC(366) User=0.34s Sys=0.02s Real=0.02s
[2026-09-05T10:59:46.962-0400][750.617s][info][gc,start    ] GC(367) Pause Young (Normal) (GCLocker Initiated GC)
[2026-09-05T10:59:46.962-0400][750.617s][info][gc,task     ] GC(367) Using 23 workers of 23 for evacuation
[2026-09-05T10:59:46.972-0400][750.628s][info][gc,phases   ] GC(367)   Pre Evacuate Collection Set: 0.25ms
[2026-09-05T10:59:46.972-0400][750.628s][info][gc,phases   ] GC(367)   Merge Heap Roots: 0.18ms
[2026-09-05T10:59:46.972-0400][750.628s][info][gc,phases   ] GC(367)   Evacuate Collection Set: 10.21ms
[2026-09-05T10:59:46.972-0400][750.628s][info][gc,phases   ] GC(367)   Post Evacuate Collection Set: 0.52ms
[2026-09-05T10:59:46.972-0400][750.628s][info][gc,phases   ] GC(367)   Other: 0.12ms
[2026-09-05T10:59:46.972-0400][750.628s][info][gc,heap     ] GC(367) Eden regions: 351->0(342)
[2026-09-05T10:59:46.973-0400][750.628s][info][gc,heap     ] GC(367) Survivor regions: 58->38(51)
[2026-09-05T10:59:46.973-0400][750.628s][info][gc,heap     ] GC(367) Old regions: 1073->1106
[2026-09-05T10:59:46.973-0400][750.628s][info][gc,heap     ] GC(367) Archive regions: 0->0
[2026-09-05T10:59:46.973-0400][750.628s][info][gc,heap     ] GC(367) Humongous regions: 33->33
[2026-09-05T10:59:46.973-0400][750.628s][info][gc,metaspace] GC(367) Metaspace: 154949K(157696K)->154949K(157696K) NonClass: 132961K(134400K)->132961K(134400K) Class: 21988K(23296K)->21988K(23296K)
[2026-09-05T10:59:46.973-0400][750.628s][info][gc          ] GC(367) Pause Young (Normal) (GCLocker Initiated GC) 3028M->2353M(3614M) 11.398ms
[2026-09-05T10:59:46.973-0400][750.628s][info][gc,cpu      ] GC(367) User=0.36s Sys=0.00s Real=0.01s
[2026-09-05T10:59:47.262-0400][750.918s][info][gc,start    ] GC(368) Pause Young (Normal) (G1 Evacuation Pause)
[2026-09-05T10:59:47.262-0400][750.918s][info][gc,task     ] GC(368) Using 23 workers of 23 for evacuation
[2026-09-05T10:59:47.273-0400][750.928s][info][gc,phases   ] GC(368)   Pre Evacuate Collection Set: 0.27ms
[2026-09-05T10:59:47.273-0400][750.928s][info][gc,phases   ] GC(368)   Merge Heap Roots: 0.19ms
[2026-09-05T10:59:47.273-0400][750.928s][info][gc,phases   ] GC(368)   Evacuate Collection Set: 9.17ms
[2026-09-05T10:59:47.273-0400][750.928s][info][gc,phases   ] GC(368)   Post Evacuate Collection Set: 0.69ms
[2026-09-05T10:59:47.273-0400][750.928s][info][gc,phases   ] GC(368)   Other: 0.11ms
[2026-09-05T10:59:47.273-0400][750.928s][info][gc,heap     ] GC(368) Eden regions: 342->0(330)
[2026-09-05T10:59:47.273-0400][750.928s][info][gc,heap     ] GC(368) Survivor regions: 38->29(48)
[2026-09-05T10:59:47.273-0400][750.928s][info][gc,heap     ] GC(368) Old regions: 1106->1137
[2026-09-05T10:59:47.273-0400][750.928s][info][gc,heap     ] GC(368) Archive regions: 0->0
[2026-09-05T10:59:47.273-0400][750.928s][info][gc,heap     ] GC(368) Humongous regions: 33->33
[2026-09-05T10:59:47.273-0400][750.928s][info][gc,metaspace] GC(368) Metaspace: 154957K(157696K)->154957K(157696K) NonClass: 132969K(134400K)->132969K(134400K) Class: 21988K(23296K)->21988K(23296K)
[2026-09-05T10:59:47.273-0400][750.928s][info][gc          ] GC(368) Pause Young (Normal) (G1 Evacuation Pause) 3037M->2396M(3614M) 10.563ms
[2026-09-05T10:59:47.273-0400][750.928s][info][gc,cpu      ] GC(368) User=0.00s Sys=0.00s Real=0.01s
[2026-09-05T10:59:48.414-0400][752.069s][info][gc,start    ] GC(369) Pause Young (Normal) (GCLocker Initiated GC)
[2026-09-05T10:59:48.414-0400][752.069s][info][gc,task     ] GC(369) Using 23 workers of 23 for evacuation
[2026-09-05T10:59:48.423-0400][752.079s][info][gc,phases   ] GC(369)   Pre Evacuate Collection Set: 0.16ms
[2026-09-05T10:59:48.423-0400][752.079s][info][gc,phases   ] GC(369)   Merge Heap Roots: 0.25ms
[2026-09-05T10:59:48.423-0400][752.079s][info][gc,phases   ] GC(369)   Evacuate Collection Set: 8.65ms
[2026-09-05T10:59:48.423-0400][752.079s][info][gc,phases   ] GC(369)   Post Evacuate Collection Set: 0.84ms
[2026-09-05T10:59:48.423-0400][752.079s][info][gc,phases   ] GC(369)   Other: 0.12ms
[2026-09-05T10:59:48.423-0400][752.079s][info][gc,heap     ] GC(369) Eden regions: 331->0(336)
[2026-09-05T10:59:48.423-0400][752.079s][info][gc,heap     ] GC(369) Survivor regions: 29->16(45)
[2026-09-05T10:59:48.423-0400][752.079s][info][gc,heap     ] GC(369) Old regions: 1137->1154
[2026-09-05T10:59:48.423-0400][752.079s][info][gc,heap     ] GC(369) Archive regions: 0->0
[2026-09-05T10:59:48.423-0400][752.079s][info][gc,heap     ] GC(369) Humongous regions: 33->33
[2026-09-05T10:59:48.423-0400][752.079s][info][gc,metaspace] GC(369) Metaspace: 154957K(157696K)->154957K(157696K) NonClass: 132969K(134400K)->132969K(134400K) Class: 21988K(23296K)->21988K(23296K)
[2026-09-05T10:59:48.423-0400][752.079s][info][gc          ] GC(369) Pause Young (Normal) (GCLocker Initiated GC) 3056M->2404M(3614M) 10.128ms
[2026-09-05T10:59:48.423-0400][752.079s][info][gc,cpu      ] GC(369) User=0.30s Sys=0.00s Real=0.01s
[2026-09-05T10:59:54.428-0400][758.084s][info][gc,start    ] GC(370) Pause Young (Normal) (G1 Evacuation Pause)
[2026-09-05T10:59:54.428-0400][758.084s][info][gc,task     ] GC(370) Using 23 workers of 23 for evacuation
[2026-09-05T10:59:54.436-0400][758.091s][info][gc,phases   ] GC(370)   Pre Evacuate Collection Set: 0.26ms
[2026-09-05T10:59:54.436-0400][758.092s][info][gc,phases   ] GC(370)   Merge Heap Roots: 0.19ms
[2026-09-05T10:59:54.436-0400][758.092s][info][gc,phases   ] GC(370)   Evacuate Collection Set: 6.52ms
[2026-09-05T10:59:54.436-0400][758.092s][info][gc,phases   ] GC(370)   Post Evacuate Collection Set: 0.50ms
[2026-09-05T10:59:54.436-0400][758.092s][info][gc,phases   ] GC(370)   Other: 0.12ms
[2026-09-05T10:59:54.436-0400][758.092s][info][gc,heap     ] GC(370) Eden regions: 336->0(315)
[2026-09-05T10:59:54.436-0400][758.092s][info][gc,heap     ] GC(370) Survivor regions: 16->36(44)
[2026-09-05T10:59:54.436-0400][758.092s][info][gc,heap     ] GC(370) Old regions: 1154->1154
[2026-09-05T10:59:54.437-0400][758.092s][info][gc,heap     ] GC(370) Archive regions: 0->0
[2026-09-05T10:59:54.437-0400][758.092s][info][gc,heap     ] GC(370) Humongous regions: 33->33
[2026-09-05T10:59:54.437-0400][758.092s][info][gc,metaspace] GC(370) Metaspace: 154965K(157696K)->154965K(157696K) NonClass: 132976K(134400K)->132976K(134400K) Class: 21988K(23296K)->21988K(23296K)
[2026-09-05T10:59:54.437-0400][758.092s][info][gc          ] GC(370) Pause Young (Normal) (G1 Evacuation Pause) 3076M->2443M(3614M) 7.704ms
[2026-09-05T10:59:54.437-0400][758.092s][info][gc,cpu      ] GC(370) User=0.36s Sys=0.00s Real=0.01s
[2026-09-05T10:59:55.070-0400][758.726s][info][gc,start    ] GC(371) Pause Young (Normal) (G1 Evacuation Pause)
[2026-09-05T10:59:55.070-0400][758.726s][info][gc,task     ] GC(371) Using 23 workers of 23 for evacuation
[2026-09-05T10:59:55.078-0400][758.733s][info][gc,phases   ] GC(371)   Pre Evacuate Collection Set: 0.26ms
[2026-09-05T10:59:55.078-0400][758.733s][info][gc,phases   ] GC(371)   Merge Heap Roots: 0.20ms
[2026-09-05T10:59:55.078-0400][758.733s][info][gc,phases   ] GC(371)   Evacuate Collection Set: 5.72ms
[2026-09-05T10:59:55.078-0400][758.733s][info][gc,phases   ] GC(371)   Post Evacuate Collection Set: 0.47ms
[2026-09-05T10:59:55.078-0400][758.733s][info][gc,phases   ] GC(371)   Other: 0.12ms
[2026-09-05T10:59:55.078-0400][758.733s][info][gc,heap     ] GC(371) Eden regions: 315->0(312)
[2026-09-05T10:59:55.078-0400][758.733s][info][gc,heap     ] GC(371) Survivor regions: 36->27(44)
[2026-09-05T10:59:55.078-0400][758.733s][info][gc,heap     ] GC(371) Old regions: 1154->1169
[2026-09-05T10:59:55.078-0400][758.733s][info][gc,heap     ] GC(371) Archive regions: 0->0
[2026-09-05T10:59:55.078-0400][758.733s][info][gc,heap     ] GC(371) Humongous regions: 34->34
[2026-09-05T10:59:55.078-0400][758.733s][info][gc,metaspace] GC(371) Metaspace: 154965K(157696K)->154965K(157696K) NonClass: 132976K(134400K)->132976K(134400K) Class: 21988K(23296K)->21988K(23296K)
[2026-09-05T10:59:55.078-0400][758.733s][info][gc          ] GC(371) Pause Young (Normal) (G1 Evacuation Pause) 3075M->2458M(3614M) 6.894ms
[2026-09-05T10:59:55.078-0400][758.733s][info][gc,cpu      ] GC(371) User=0.36s Sys=0.00s Real=0.01s
[2026-09-05T10:59:55.184-0400][758.838s][info][gc,start    ] GC(372) Pause Young (Normal) (G1 Evacuation Pause)
[2026-09-05T10:59:55.184-0400][758.838s][info][gc,task     ] GC(372) Using 23 workers of 23 for evacuation
[2026-09-05T10:59:55.191-0400][758.846s][info][gc,phases   ] GC(372)   Pre Evacuate Collection Set: 0.23ms
[2026-09-05T10:59:55.191-0400][758.846s][info][gc,phases   ] GC(372)   Merge Heap Roots: 0.15ms
[2026-09-05T10:59:55.191-0400][758.846s][info][gc,phases   ] GC(372)   Evacuate Collection Set: 6.63ms
[2026-09-05T10:59:55.191-0400][758.846s][info][gc,phases   ] GC(372)   Post Evacuate Collection Set: 0.46ms
[2026-09-05T10:59:55.191-0400][758.846s][info][gc,phases   ] GC(372)   Other: 0.12ms
[2026-09-05T10:59:55.191-0400][758.846s][info][gc,heap     ] GC(372) Eden regions: 312->0(308)
[2026-09-05T10:59:55.191-0400][758.846s][info][gc,heap     ] GC(372) Survivor regions: 27->18(43)
[2026-09-05T10:59:55.191-0400][758.846s][info][gc,heap     ] GC(372) Old regions: 1169->1191
[2026-09-05T10:59:55.191-0400][758.846s][info][gc,heap     ] GC(372) Archive regions: 0->0
[2026-09-05T10:59:55.191-0400][758.846s][info][gc,heap     ] GC(372) Humongous regions: 34->34
[2026-09-05T10:59:55.191-0400][758.846s][info][gc,metaspace] GC(372) Metaspace: 154968K(157696K)->154968K(157696K) NonClass: 132978K(134400K)->132978K(134400K) Class: 21989K(23296K)->21989K(23296K)
[2026-09-05T10:59:55.192-0400][758.846s][info][gc          ] GC(372) Pause Young (Normal) (G1 Evacuation Pause) 3082M->2484M(3614M) 7.803ms
[2026-09-05T10:59:55.192-0400][758.846s][info][gc,cpu      ] GC(372) User=0.20s Sys=0.00s Real=0.01s
[2026-09-05T10:59:55.387-0400][759.041s][info][gc,start    ] GC(373) Pause Young (Normal) (G1 Evacuation Pause)
[2026-09-05T10:59:55.387-0400][759.042s][info][gc,task     ] GC(373) Using 23 workers of 23 for evacuation
[2026-09-05T10:59:55.394-0400][759.049s][info][gc,phases   ] GC(373)   Pre Evacuate Collection Set: 0.27ms
[2026-09-05T10:59:55.394-0400][759.049s][info][gc,phases   ] GC(373)   Merge Heap Roots: 0.22ms
[2026-09-05T10:59:55.394-0400][759.049s][info][gc,phases   ] GC(373)   Evacuate Collection Set: 6.54ms
[2026-09-05T10:59:55.394-0400][759.049s][info][gc,phases   ] GC(373)   Post Evacuate Collection Set: 0.50ms
[2026-09-05T10:59:55.394-0400][759.049s][info][gc,phases   ] GC(373)   Other: 0.16ms
[2026-09-05T10:59:55.394-0400][759.049s][info][gc,heap     ] GC(373) Eden regions: 308->0(296)
[2026-09-05T10:59:55.394-0400][759.049s][info][gc,heap     ] GC(373) Survivor regions: 18->32(41)
[2026-09-05T10:59:55.394-0400][759.049s][info][gc,heap     ] GC(373) Old regions: 1191->1191
[2026-09-05T10:59:55.394-0400][759.049s][info][gc,heap     ] GC(373) Archive regions: 0->0
[2026-09-05T10:59:55.394-0400][759.049s][info][gc,heap     ] GC(373) Humongous regions: 34->34
[2026-09-05T10:59:55.394-0400][759.049s][info][gc,metaspace] GC(373) Metaspace: 154985K(157760K)->154985K(157760K) NonClass: 132995K(134464K)->132995K(134464K) Class: 21989K(23296K)->21989K(23296K)
[2026-09-05T10:59:55.394-0400][759.049s][info][gc          ] GC(373) Pause Young (Normal) (G1 Evacuation Pause) 3100M->2512M(3614M) 7.835ms
[2026-09-05T10:59:55.394-0400][759.049s][info][gc,cpu      ] GC(373) User=0.30s Sys=0.00s Real=0.01s
[2026-09-05T10:59:55.618-0400][759.273s][info][gc,start    ] GC(374) Pause Young (Normal) (GCLocker Initiated GC)
[2026-09-05T10:59:55.618-0400][759.273s][info][gc,task     ] GC(374) Using 23 workers of 23 for evacuation
[2026-09-05T10:59:55.627-0400][759.282s][info][gc,phases   ] GC(374)   Pre Evacuate Collection Set: 0.29ms
[2026-09-05T10:59:55.627-0400][759.282s][info][gc,phases   ] GC(374)   Merge Heap Roots: 0.18ms
[2026-09-05T10:59:55.627-0400][759.282s][info][gc,phases   ] GC(374)   Evacuate Collection Set: 7.94ms
[2026-09-05T10:59:55.627-0400][759.282s][info][gc,phases   ] GC(374)   Post Evacuate Collection Set: 0.49ms
[2026-09-05T10:59:55.627-0400][759.282s][info][gc,phases   ] GC(374)   Other: 0.14ms
[2026-09-05T10:59:55.627-0400][759.282s][info][gc,heap     ] GC(374) Eden regions: 297->0(268)
[2026-09-05T10:59:55.627-0400][759.282s][info][gc,heap     ] GC(374) Survivor regions: 32->38(41)
[2026-09-05T10:59:55.627-0400][759.282s][info][gc,heap     ] GC(374) Old regions: 1191->1207
[2026-09-05T10:59:55.627-0400][759.282s][info][gc,heap     ] GC(374) Archive regions: 0->0
[2026-09-05T10:59:55.627-0400][759.282s][info][gc,heap     ] GC(374) Humongous regions: 34->34
[2026-09-05T10:59:55.627-0400][759.282s][info][gc,metaspace] GC(374) Metaspace: 154986K(157760K)->154986K(157760K) NonClass: 132997K(134464K)->132997K(134464K) Class: 21989K(23296K)->21989K(23296K)
[2026-09-05T10:59:55.627-0400][759.282s][info][gc          ] GC(374) Pause Young (Normal) (GCLocker Initiated GC) 3104M->2555M(3614M) 9.151ms
[2026-09-05T10:59:55.627-0400][759.282s][info][gc,cpu      ] GC(374) User=0.36s Sys=0.00s Real=0.01s
[2026-09-05T10:59:55.842-0400][759.497s][info][gc,start    ] GC(375) Pause Young (Normal) (GCLocker Initiated GC)
[2026-09-05T10:59:55.842-0400][759.497s][info][gc,task     ] GC(375) Using 23 workers of 23 for evacuation
[2026-09-05T10:59:55.850-0400][759.505s][info][gc,phases   ] GC(375)   Pre Evacuate Collection Set: 0.28ms
[2026-09-05T10:59:55.850-0400][759.505s][info][gc,phases   ] GC(375)   Merge Heap Roots: 0.18ms
[2026-09-05T10:59:55.850-0400][759.505s][info][gc,phases   ] GC(375)   Evacuate Collection Set: 6.92ms
[2026-09-05T10:59:55.850-0400][759.505s][info][gc,phases   ] GC(375)   Post Evacuate Collection Set: 0.61ms
[2026-09-05T10:59:55.850-0400][759.505s][info][gc,phases   ] GC(375)   Other: 0.11ms
[2026-09-05T10:59:55.850-0400][759.505s][info][gc,heap     ] GC(375) Eden regions: 269->0(253)
[2026-09-05T10:59:55.850-0400][759.505s][info][gc,heap     ] GC(375) Survivor regions: 38->31(39)
[2026-09-05T10:59:55.850-0400][759.505s][info][gc,heap     ] GC(375) Old regions: 1207->1232
[2026-09-05T10:59:55.850-0400][759.505s][info][gc,heap     ] GC(375) Archive regions: 0->0
[2026-09-05T10:59:55.850-0400][759.505s][info][gc,heap     ] GC(375) Humongous regions: 34->34
[2026-09-05T10:59:55.850-0400][759.505s][info][gc,metaspace] GC(375) Metaspace: 154986K(157760K)->154986K(157760K) NonClass: 132997K(134464K)->132997K(134464K) Class: 21989K(23296K)->21989K(23296K)
[2026-09-05T10:59:55.850-0400][759.505s][info][gc          ] GC(375) Pause Young (Normal) (GCLocker Initiated GC) 3092M->2591M(3614M) 8.214ms
[2026-09-05T10:59:55.850-0400][759.505s][info][gc,cpu      ] GC(375) User=0.00s Sys=0.00s Real=0.01s
[2026-09-05T10:59:56.459-0400][760.115s][info][gc,start    ] GC(376) Pause Young (Normal) (GCLocker Initiated GC)
[2026-09-05T10:59:56.459-0400][760.115s][info][gc,task     ] GC(376) Using 23 workers of 23 for evacuation
[2026-09-05T10:59:56.466-0400][760.121s][info][gc,phases   ] GC(376)   Pre Evacuate Collection Set: 0.30ms
[2026-09-05T10:59:56.466-0400][760.121s][info][gc,phases   ] GC(376)   Merge Heap Roots: 0.22ms
[2026-09-05T10:59:56.466-0400][760.121s][info][gc,phases   ] GC(376)   Evacuate Collection Set: 5.06ms
[2026-09-05T10:59:56.466-0400][760.121s][info][gc,phases   ] GC(376)   Post Evacuate Collection Set: 0.59ms
[2026-09-05T10:59:56.466-0400][760.121s][info][gc,phases   ] GC(376)   Other: 0.13ms
[2026-09-05T10:59:56.466-0400][760.121s][info][gc,heap     ] GC(376) Eden regions: 254->0(259)
[2026-09-05T10:59:56.466-0400][760.121s][info][gc,heap     ] GC(376) Survivor regions: 31->10(36)
[2026-09-05T10:59:56.466-0400][760.121s][info][gc,heap     ] GC(376) Old regions: 1232->1255
[2026-09-05T10:59:56.466-0400][760.121s][info][gc,heap     ] GC(376) Archive regions: 0->0
[2026-09-05T10:59:56.466-0400][760.121s][info][gc,heap     ] GC(376) Humongous regions: 34->34
[2026-09-05T10:59:56.466-0400][760.121s][info][gc,metaspace] GC(376) Metaspace: 154988K(157760K)->154988K(157760K) NonClass: 132999K(134464K)->132999K(134464K) Class: 21989K(23296K)->21989K(23296K)
[2026-09-05T10:59:56.466-0400][760.121s][info][gc          ] GC(376) Pause Young (Normal) (GCLocker Initiated GC) 3098M->2596M(3614M) 6.420ms
[2026-09-05T10:59:56.466-0400][760.121s][info][gc,cpu      ] GC(376) User=0.02s Sys=0.00s Real=0.01s
[2026-09-05T10:59:57.805-0400][761.461s][info][gc,start    ] GC(377) Pause Young (Normal) (G1 Evacuation Pause)
[2026-09-05T10:59:57.805-0400][761.461s][info][gc,task     ] GC(377) Using 23 workers of 23 for evacuation
[2026-09-05T10:59:57.809-0400][761.464s][info][gc,phases   ] GC(377)   Pre Evacuate Collection Set: 0.26ms
[2026-09-05T10:59:57.809-0400][761.464s][info][gc,phases   ] GC(377)   Merge Heap Roots: 0.22ms
[2026-09-05T10:59:57.809-0400][761.464s][info][gc,phases   ] GC(377)   Evacuate Collection Set: 2.38ms
[2026-09-05T10:59:57.809-0400][761.464s][info][gc,phases   ] GC(377)   Post Evacuate Collection Set: 0.66ms
[2026-09-05T10:59:57.809-0400][761.464s][info][gc,phases   ] GC(377)   Other: 0.26ms
[2026-09-05T10:59:57.809-0400][761.464s][info][gc,heap     ] GC(377) Eden regions: 259->0(270)
[2026-09-05T10:59:57.809-0400][761.464s][info][gc,heap     ] GC(377) Survivor regions: 10->9(34)
[2026-09-05T10:59:57.809-0400][761.464s][info][gc,heap     ] GC(377) Old regions: 1255->1255
[2026-09-05T10:59:57.809-0400][761.464s][info][gc,heap     ] GC(377) Archive regions: 0->0
[2026-09-05T10:59:57.809-0400][761.464s][info][gc,heap     ] GC(377) Humongous regions: 34->34
[2026-09-05T10:59:57.809-0400][761.464s][info][gc,metaspace] GC(377) Metaspace: 154989K(157760K)->154989K(157760K) NonClass: 132999K(134464K)->132999K(134464K) Class: 21989K(23296K)->21989K(23296K)
[2026-09-05T10:59:57.809-0400][761.464s][info][gc          ] GC(377) Pause Young (Normal) (G1 Evacuation Pause) 3114M->2595M(3614M) 3.875ms
[2026-09-05T10:59:57.809-0400][761.464s][info][gc,cpu      ] GC(377) User=0.06s Sys=0.00s Real=0.00s
[2026-09-05T11:00:01.898-0400][765.553s][info][gc,start    ] GC(378) Pause Young (Normal) (G1 Evacuation Pause)
[2026-09-05T11:00:01.898-0400][765.553s][info][gc,task     ] GC(378) Using 23 workers of 23 for evacuation
[2026-09-05T11:00:01.905-0400][765.559s][info][gc,phases   ] GC(378)   Pre Evacuate Collection Set: 0.30ms
[2026-09-05T11:00:01.905-0400][765.560s][info][gc,phases   ] GC(378)   Merge Heap Roots: 0.14ms
[2026-09-05T11:00:01.905-0400][765.560s][info][gc,phases   ] GC(378)   Evacuate Collection Set: 5.19ms
[2026-09-05T11:00:01.905-0400][765.560s][info][gc,phases   ] GC(378)   Post Evacuate Collection Set: 0.50ms
[2026-09-05T11:00:01.905-0400][765.560s][info][gc,phases   ] GC(378)   Other: 0.13ms
[2026-09-05T11:00:01.905-0400][765.560s][info][gc,heap     ] GC(378) Eden regions: 270->0(250)
[2026-09-05T11:00:01.905-0400][765.560s][info][gc,heap     ] GC(378) Survivor regions: 9->27(35)
[2026-09-05T11:00:01.905-0400][765.560s][info][gc,heap     ] GC(378) Old regions: 1255->1255
[2026-09-05T11:00:01.905-0400][765.560s][info][gc,heap     ] GC(378) Archive regions: 0->0
[2026-09-05T11:00:01.905-0400][765.560s][info][gc,heap     ] GC(378) Humongous regions: 34->34
[2026-09-05T11:00:01.905-0400][765.560s][info][gc,metaspace] GC(378) Metaspace: 154996K(157760K)->154996K(157760K) NonClass: 133006K(134464K)->133006K(134464K) Class: 21989K(23296K)->21989K(23296K)
[2026-09-05T11:00:01.905-0400][765.560s][info][gc          ] GC(378) Pause Young (Normal) (G1 Evacuation Pause) 3135M->2631M(3614M) 6.371ms
[2026-09-05T11:00:01.905-0400][765.560s][info][gc,cpu      ] GC(378) User=0.36s Sys=0.00s Real=0.01s
[2026-09-05T11:00:02.120-0400][765.775s][info][gc,start    ] GC(379) Pause Young (Normal) (G1 Evacuation Pause)
[2026-09-05T11:00:02.120-0400][765.775s][info][gc,task     ] GC(379) Using 23 workers of 23 for evacuation
[2026-09-05T11:00:02.129-0400][765.784s][info][gc,phases   ] GC(379)   Pre Evacuate Collection Set: 0.29ms
[2026-09-05T11:00:02.129-0400][765.784s][info][gc,phases   ] GC(379)   Merge Heap Roots: 0.14ms
[2026-09-05T11:00:02.129-0400][765.784s][info][gc,phases   ] GC(379)   Evacuate Collection Set: 8.34ms
[2026-09-05T11:00:02.129-0400][765.784s][info][gc,phases   ] GC(379)   Post Evacuate Collection Set: 0.45ms
[2026-09-05T11:00:02.129-0400][765.784s][info][gc,phases   ] GC(379)   Other: 0.13ms
[2026-09-05T11:00:02.129-0400][765.784s][info][gc,heap     ] GC(379) Eden regions: 250->0(206)
[2026-09-05T11:00:02.129-0400][765.784s][info][gc,heap     ] GC(379) Survivor regions: 27->35(35)
[2026-09-05T11:00:02.129-0400][765.784s][info][gc,heap     ] GC(379) Old regions: 1255->1278
[2026-09-05T11:00:02.129-0400][765.784s][info][gc,heap     ] GC(379) Archive regions: 0->0
[2026-09-05T11:00:02.129-0400][765.784s][info][gc,heap     ] GC(379) Humongous regions: 34->34
[2026-09-05T11:00:02.129-0400][765.784s][info][gc,metaspace] GC(379) Metaspace: 154996K(157760K)->154996K(157760K) NonClass: 133006K(134464K)->133006K(134464K) Class: 21989K(23296K)->21989K(23296K)
[2026-09-05T11:00:02.129-0400][765.784s][info][gc          ] GC(379) Pause Young (Normal) (G1 Evacuation Pause) 3131M->2692M(3614M) 9.468ms
[2026-09-05T11:00:02.129-0400][765.784s][info][gc,cpu      ] GC(379) User=0.34s Sys=0.02s Real=0.01s
[2026-09-05T11:00:02.418-0400][766.074s][info][gc,start    ] GC(380) Pause Young (Normal) (G1 Evacuation Pause)
[2026-09-05T11:00:02.418-0400][766.074s][info][gc,task     ] GC(380) Using 23 workers of 23 for evacuation
[2026-09-05T11:00:02.427-0400][766.081s][info][gc,phases   ] GC(380)   Pre Evacuate Collection Set: 0.28ms
[2026-09-05T11:00:02.427-0400][766.081s][info][gc,phases   ] GC(380)   Merge Heap Roots: 0.16ms
[2026-09-05T11:00:02.427-0400][766.081s][info][gc,phases   ] GC(380)   Evacuate Collection Set: 6.23ms
[2026-09-05T11:00:02.427-0400][766.081s][info][gc,phases   ] GC(380)   Post Evacuate Collection Set: 0.49ms
[2026-09-05T11:00:02.427-0400][766.081s][info][gc,phases   ] GC(380)   Other: 0.14ms
[2026-09-05T11:00:02.427-0400][766.081s][info][gc,heap     ] GC(380) Eden regions: 206->0(198)
[2026-09-05T11:00:02.427-0400][766.081s][info][gc,heap     ] GC(380) Survivor regions: 35->16(31)
[2026-09-05T11:00:02.427-0400][766.081s][info][gc,heap     ] GC(380) Old regions: 1278->1314
[2026-09-05T11:00:02.427-0400][766.081s][info][gc,heap     ] GC(380) Archive regions: 0->0
[2026-09-05T11:00:02.427-0400][766.081s][info][gc,heap     ] GC(380) Humongous regions: 35->35
[2026-09-05T11:00:02.427-0400][766.081s][info][gc,metaspace] GC(380) Metaspace: 154996K(157760K)->154996K(157760K) NonClass: 133006K(134464K)->133006K(134464K) Class: 21989K(23296K)->21989K(23296K)
[2026-09-05T11:00:02.427-0400][766.081s][info][gc          ] GC(380) Pause Young (Normal) (G1 Evacuation Pause) 3106M->2727M(3614M) 7.408ms
[2026-09-05T11:00:02.427-0400][766.081s][info][gc,cpu      ] GC(380) User=0.00s Sys=0.00s Real=0.01s
[2026-09-05T11:00:02.506-0400][766.161s][info][gc,start    ] GC(381) Pause Young (Normal) (G1 Evacuation Pause)
[2026-09-05T11:00:02.506-0400][766.161s][info][gc,task     ] GC(381) Using 23 workers of 23 for evacuation
[2026-09-05T11:00:02.511-0400][766.167s][info][gc,phases   ] GC(381)   Pre Evacuate Collection Set: 0.20ms
[2026-09-05T11:00:02.511-0400][766.167s][info][gc,phases   ] GC(381)   Merge Heap Roots: 0.16ms
[2026-09-05T11:00:02.511-0400][766.167s][info][gc,phases   ] GC(381)   Evacuate Collection Set: 5.07ms
[2026-09-05T11:00:02.511-0400][766.167s][info][gc,phases   ] GC(381)   Post Evacuate Collection Set: 0.47ms
[2026-09-05T11:00:02.511-0400][766.167s][info][gc,phases   ] GC(381)   Other: 0.13ms
[2026-09-05T11:00:02.511-0400][766.167s][info][gc,heap     ] GC(381) Eden regions: 198->0(196)
[2026-09-05T11:00:02.511-0400][766.167s][info][gc,heap     ] GC(381) Survivor regions: 16->24(27)
[2026-09-05T11:00:02.511-0400][766.167s][info][gc,heap     ] GC(381) Old regions: 1314->1314
[2026-09-05T11:00:02.511-0400][766.167s][info][gc,heap     ] GC(381) Archive regions: 0->0
[2026-09-05T11:00:02.511-0400][766.167s][info][gc,heap     ] GC(381) Humongous regions: 35->35
[2026-09-05T11:00:02.511-0400][766.167s][info][gc,metaspace] GC(381) Metaspace: 154997K(157760K)->154997K(157760K) NonClass: 133007K(134464K)->133007K(134464K) Class: 21989K(23296K)->21989K(23296K)
[2026-09-05T11:00:02.511-0400][766.167s][info][gc          ] GC(381) Pause Young (Normal) (G1 Evacuation Pause) 3123M->2744M(3614M) 6.143ms
[2026-09-05T11:00:02.511-0400][766.167s][info][gc,cpu      ] GC(381) User=0.00s Sys=0.00s Real=0.00s
[2026-09-05T11:00:02.577-0400][766.231s][info][gc,start    ] GC(382) Pause Young (Normal) (G1 Evacuation Pause)
[2026-09-05T11:00:02.577-0400][766.231s][info][gc,task     ] GC(382) Using 23 workers of 23 for evacuation
[2026-09-05T11:00:02.583-0400][766.238s][info][gc,phases   ] GC(382)   Pre Evacuate Collection Set: 0.24ms
[2026-09-05T11:00:02.583-0400][766.238s][info][gc,phases   ] GC(382)   Merge Heap Roots: 0.16ms
[2026-09-05T11:00:02.583-0400][766.238s][info][gc,phases   ] GC(382)   Evacuate Collection Set: 5.62ms
[2026-09-05T11:00:02.583-0400][766.238s][info][gc,phases   ] GC(382)   Post Evacuate Collection Set: 0.48ms
[2026-09-05T11:00:02.583-0400][766.238s][info][gc,phases   ] GC(382)   Other: 0.12ms
[2026-09-05T11:00:02.583-0400][766.238s][info][gc,heap     ] GC(382) Eden regions: 196->0(193)
[2026-09-05T11:00:02.583-0400][766.238s][info][gc,heap     ] GC(382) Survivor regions: 24->24(28)
[2026-09-05T11:00:02.583-0400][766.238s][info][gc,heap     ] GC(382) Old regions: 1314->1323
[2026-09-05T11:00:02.583-0400][766.238s][info][gc,heap     ] GC(382) Archive regions: 0->0
[2026-09-05T11:00:02.583-0400][766.238s][info][gc,heap     ] GC(382) Humongous regions: 35->35
[2026-09-05T11:00:02.583-0400][766.238s][info][gc,metaspace] GC(382) Metaspace: 154997K(157760K)->154997K(157760K) NonClass: 133007K(134464K)->133007K(134464K) Class: 21989K(23296K)->21989K(23296K)
[2026-09-05T11:00:02.583-0400][766.238s][info][gc          ] GC(382) Pause Young (Normal) (G1 Evacuation Pause) 3136M->2762M(3614M) 6.740ms
[2026-09-05T11:00:02.583-0400][766.238s][info][gc,cpu      ] GC(382) User=0.00s Sys=0.00s Real=0.01s
[2026-09-05T11:00:02.674-0400][766.329s][info][gc,start    ] GC(383) Pause Young (Normal) (G1 Evacuation Pause)
[2026-09-05T11:00:02.674-0400][766.329s][info][gc,task     ] GC(383) Using 23 workers of 23 for evacuation
[2026-09-05T11:00:02.680-0400][766.336s][info][gc,phases   ] GC(383)   Pre Evacuate Collection Set: 0.31ms
[2026-09-05T11:00:02.681-0400][766.336s][info][gc,phases   ] GC(383)   Merge Heap Roots: 0.14ms
[2026-09-05T11:00:02.681-0400][766.336s][info][gc,phases   ] GC(383)   Evacuate Collection Set: 6.18ms
[2026-09-05T11:00:02.681-0400][766.336s][info][gc,phases   ] GC(383)   Post Evacuate Collection Set: 0.43ms
[2026-09-05T11:00:02.681-0400][766.336s][info][gc,phases   ] GC(383)   Other: 0.12ms
[2026-09-05T11:00:02.681-0400][766.336s][info][gc,heap     ] GC(383) Eden regions: 193->0(185)
[2026-09-05T11:00:02.681-0400][766.336s][info][gc,heap     ] GC(383) Survivor regions: 24->28(28)
[2026-09-05T11:00:02.681-0400][766.336s][info][gc,heap     ] GC(383) Old regions: 1323->1329
[2026-09-05T11:00:02.681-0400][766.336s][info][gc,heap     ] GC(383) Archive regions: 0->0
[2026-09-05T11:00:02.681-0400][766.336s][info][gc,heap     ] GC(383) Humongous regions: 35->35
[2026-09-05T11:00:02.681-0400][766.336s][info][gc,metaspace] GC(383) Metaspace: 154997K(157760K)->154997K(157760K) NonClass: 133007K(134464K)->133007K(134464K) Class: 21989K(23296K)->21989K(23296K)
[2026-09-05T11:00:02.681-0400][766.336s][info][gc          ] GC(383) Pause Young (Normal) (G1 Evacuation Pause) 3148M->2783M(3614M) 7.326ms
[2026-09-05T11:00:02.681-0400][766.336s][info][gc,cpu      ] GC(383) User=0.00s Sys=0.00s Real=0.01s
[2026-09-05T11:00:02.819-0400][766.474s][info][gc,start    ] GC(384) Pause Young (Normal) (GCLocker Initiated GC)
[2026-09-05T11:00:02.819-0400][766.474s][info][gc,task     ] GC(384) Using 23 workers of 23 for evacuation
[2026-09-05T11:00:02.826-0400][766.482s][info][gc,phases   ] GC(384)   Pre Evacuate Collection Set: 0.32ms
[2026-09-05T11:00:02.826-0400][766.482s][info][gc,phases   ] GC(384)   Merge Heap Roots: 0.15ms
[2026-09-05T11:00:02.826-0400][766.482s][info][gc,phases   ] GC(384)   Evacuate Collection Set: 6.29ms
[2026-09-05T11:00:02.826-0400][766.482s][info][gc,phases   ] GC(384)   Post Evacuate Collection Set: 0.50ms
[2026-09-05T11:00:02.826-0400][766.482s][info][gc,phases   ] GC(384)   Other: 0.12ms
[2026-09-05T11:00:02.826-0400][766.482s][info][gc,heap     ] GC(384) Eden regions: 185->0(172)
[2026-09-05T11:00:02.826-0400][766.482s][info][gc,heap     ] GC(384) Survivor regions: 28->20(27)
[2026-09-05T11:00:02.826-0400][766.482s][info][gc,heap     ] GC(384) Old regions: 1329->1352
[2026-09-05T11:00:02.826-0400][766.482s][info][gc,heap     ] GC(384) Archive regions: 0->0
[2026-09-05T11:00:02.826-0400][766.482s][info][gc,heap     ] GC(384) Humongous regions: 35->35
[2026-09-05T11:00:02.826-0400][766.482s][info][gc,metaspace] GC(384) Metaspace: 154998K(157760K)->154998K(157760K) NonClass: 133009K(134464K)->133009K(134464K) Class: 21989K(23296K)->21989K(23296K)
[2026-09-05T11:00:02.826-0400][766.482s][info][gc          ] GC(384) Pause Young (Normal) (GCLocker Initiated GC) 3153M->2812M(3614M) 7.526ms
[2026-09-05T11:00:02.826-0400][766.482s][info][gc,cpu      ] GC(384) User=0.36s Sys=0.00s Real=0.01s
[2026-09-05T11:00:02.938-0400][766.593s][info][gc,start    ] GC(385) Pause Young (Normal) (G1 Evacuation Pause)
[2026-09-05T11:00:02.938-0400][766.593s][info][gc,task     ] GC(385) Using 23 workers of 23 for evacuation
[2026-09-05T11:00:02.949-0400][766.604s][info][gc,phases   ] GC(385)   Pre Evacuate Collection Set: 0.27ms
[2026-09-05T11:00:02.949-0400][766.604s][info][gc,phases   ] GC(385)   Merge Heap Roots: 0.15ms
[2026-09-05T11:00:02.949-0400][766.604s][info][gc,phases   ] GC(385)   Evacuate Collection Set: 9.98ms
[2026-09-05T11:00:02.949-0400][766.604s][info][gc,phases   ] GC(385)   Post Evacuate Collection Set: 0.50ms
[2026-09-05T11:00:02.949-0400][766.604s][info][gc,phases   ] GC(385)   Other: 0.12ms
[2026-09-05T11:00:02.949-0400][766.604s][info][gc,heap     ] GC(385) Eden regions: 172->0(121)
[2026-09-05T11:00:02.949-0400][766.604s][info][gc,heap     ] GC(385) Survivor regions: 20->24(24)
[2026-09-05T11:00:02.949-0400][766.604s][info][gc,heap     ] GC(385) Old regions: 1352->1386
[2026-09-05T11:00:02.949-0400][766.604s][info][gc,heap     ] GC(385) Archive regions: 0->0
[2026-09-05T11:00:02.949-0400][766.604s][info][gc,heap     ] GC(385) Humongous regions: 35->35
[2026-09-05T11:00:02.949-0400][766.604s][info][gc,metaspace] GC(385) Metaspace: 154998K(157760K)->154998K(157760K) NonClass: 133009K(134464K)->133009K(134464K) Class: 21989K(23296K)->21989K(23296K)
[2026-09-05T11:00:02.949-0400][766.604s][info][gc          ] GC(385) Pause Young (Normal) (G1 Evacuation Pause) 3156M->2889M(3614M) 11.162ms
[2026-09-05T11:00:02.949-0400][766.604s][info][gc,cpu      ] GC(385) User=0.00s Sys=0.00s Real=0.01s
[2026-09-05T11:00:03.063-0400][766.719s][info][gc,start    ] GC(386) Pause Young (Concurrent Start) (G1 Evacuation Pause)
[2026-09-05T11:00:03.064-0400][766.719s][info][gc,task     ] GC(386) Using 23 workers of 23 for evacuation
[2026-09-05T11:00:03.071-0400][766.726s][info][gc,phases   ] GC(386)   Pre Evacuate Collection Set: 0.43ms
[2026-09-05T11:00:03.071-0400][766.726s][info][gc,phases   ] GC(386)   Merge Heap Roots: 0.14ms
[2026-09-05T11:00:03.071-0400][766.726s][info][gc,phases   ] GC(386)   Evacuate Collection Set: 6.19ms
[2026-09-05T11:00:03.071-0400][766.726s][info][gc,phases   ] GC(386)   Post Evacuate Collection Set: 0.53ms
[2026-09-05T11:00:03.071-0400][766.726s][info][gc,phases   ] GC(386)   Other: 0.19ms
[2026-09-05T11:00:03.071-0400][766.726s][info][gc,heap     ] GC(386) Eden regions: 121->0(115)
[2026-09-05T11:00:03.071-0400][766.726s][info][gc,heap     ] GC(386) Survivor regions: 24->14(19)
[2026-09-05T11:00:03.071-0400][766.726s][info][gc,heap     ] GC(386) Old regions: 1386->1410
[2026-09-05T11:00:03.071-0400][766.727s][info][gc,heap     ] GC(386) Archive regions: 0->0
[2026-09-05T11:00:03.071-0400][766.727s][info][gc,heap     ] GC(386) Humongous regions: 35->35
[2026-09-05T11:00:03.071-0400][766.727s][info][gc,metaspace] GC(386) Metaspace: 154998K(157760K)->154998K(157760K) NonClass: 133009K(134464K)->133009K(134464K) Class: 21989K(23296K)->21989K(23296K)
[2026-09-05T11:00:03.071-0400][766.727s][info][gc          ] GC(386) Pause Young (Concurrent Start) (G1 Evacuation Pause) 3131M->2915M(3614M) 7.592ms
[2026-09-05T11:00:03.071-0400][766.727s][info][gc,cpu      ] GC(386) User=0.00s Sys=0.00s Real=0.01s
[2026-09-05T11:00:03.071-0400][766.727s][info][gc          ] GC(387) Concurrent Mark Cycle
[2026-09-05T11:00:03.071-0400][766.727s][info][gc,marking  ] GC(387) Concurrent Clear Claimed Marks
[2026-09-05T11:00:03.071-0400][766.727s][info][gc,marking  ] GC(387) Concurrent Clear Claimed Marks 0.123ms
[2026-09-05T11:00:03.071-0400][766.727s][info][gc,marking  ] GC(387) Concurrent Scan Root Regions
[2026-09-05T11:00:03.076-0400][766.731s][info][gc,marking  ] GC(387) Concurrent Scan Root Regions 4.201ms
[2026-09-05T11:00:03.076-0400][766.731s][info][gc,marking  ] GC(387) Concurrent Mark
[2026-09-05T11:00:03.076-0400][766.731s][info][gc,marking  ] GC(387) Concurrent Mark From Roots
[2026-09-05T11:00:03.076-0400][766.731s][info][gc,task     ] GC(387) Using 6 workers of 6 for marking
[2026-09-05T11:00:03.189-0400][766.845s][info][gc,marking  ] GC(387) Concurrent Mark From Roots 113.868ms
[2026-09-05T11:00:03.190-0400][766.845s][info][gc,marking  ] GC(387) Concurrent Preclean
[2026-09-05T11:00:03.190-0400][766.845s][info][gc,marking  ] GC(387) Concurrent Preclean 0.589ms
[2026-09-05T11:00:03.190-0400][766.846s][info][gc,start    ] GC(387) Pause Remark
[2026-09-05T11:00:03.200-0400][766.855s][info][gc          ] GC(387) Pause Remark 3131M->2723M(4096M) 9.247ms
[2026-09-05T11:00:03.200-0400][766.855s][info][gc,cpu      ] GC(387) User=0.00s Sys=0.00s Real=0.01s
[2026-09-05T11:00:03.200-0400][766.855s][info][gc,marking  ] GC(387) Concurrent Mark 123.967ms
[2026-09-05T11:00:03.200-0400][766.855s][info][gc,marking  ] GC(387) Concurrent Rebuild Remembered Sets
[2026-09-05T11:00:03.206-0400][766.862s][info][gc,start    ] GC(388) Pause Young (Normal) (G1 Evacuation Pause)
[2026-09-05T11:00:03.206-0400][766.862s][info][gc,task     ] GC(388) Using 23 workers of 23 for evacuation
[2026-09-05T11:00:03.215-0400][766.870s][info][gc,phases   ] GC(388)   Pre Evacuate Collection Set: 0.20ms
[2026-09-05T11:00:03.215-0400][766.870s][info][gc,phases   ] GC(388)   Merge Heap Roots: 0.17ms
[2026-09-05T11:00:03.215-0400][766.870s][info][gc,phases   ] GC(388)   Evacuate Collection Set: 7.32ms
[2026-09-05T11:00:03.215-0400][766.870s][info][gc,phases   ] GC(388)   Post Evacuate Collection Set: 0.44ms
[2026-09-05T11:00:03.215-0400][766.870s][info][gc,phases   ] GC(388)   Other: 0.12ms
[2026-09-05T11:00:03.215-0400][766.870s][info][gc,heap     ] GC(388) Eden regions: 115->0(417)
[2026-09-05T11:00:03.215-0400][766.870s][info][gc,heap     ] GC(388) Survivor regions: 14->17(17)
[2026-09-05T11:00:03.215-0400][766.870s][info][gc,heap     ] GC(388) Old regions: 1214->1230
[2026-09-05T11:00:03.215-0400][766.870s][info][gc,heap     ] GC(388) Archive regions: 0->0
[2026-09-05T11:00:03.215-0400][766.870s][info][gc,heap     ] GC(388) Humongous regions: 27->27
[2026-09-05T11:00:03.215-0400][766.870s][info][gc,metaspace] GC(388) Metaspace: 154998K(157760K)->154998K(157760K) NonClass: 133009K(134464K)->133009K(134464K) Class: 21989K(23296K)->21989K(23296K)
[2026-09-05T11:00:03.215-0400][766.870s][info][gc          ] GC(388) Pause Young (Normal) (G1 Evacuation Pause) 2737M->2547M(4096M) 8.373ms
[2026-09-05T11:00:03.215-0400][766.870s][info][gc,cpu      ] GC(388) User=0.00s Sys=0.00s Real=0.01s
[2026-09-05T11:00:03.282-0400][766.937s][info][gc,marking  ] GC(387) Concurrent Rebuild Remembered Sets 82.098ms
[2026-09-05T11:00:03.282-0400][766.937s][info][gc,start    ] GC(387) Pause Cleanup
[2026-09-05T11:00:03.282-0400][766.938s][info][gc          ] GC(387) Pause Cleanup 2650M->2650M(4096M) 0.584ms
[2026-09-05T11:00:03.282-0400][766.938s][info][gc,cpu      ] GC(387) User=0.00s Sys=0.00s Real=0.00s
[2026-09-05T11:00:03.282-0400][766.938s][info][gc,marking  ] GC(387) Concurrent Cleanup for Next Mark
[2026-09-05T11:00:03.287-0400][766.942s][info][gc,marking  ] GC(387) Concurrent Cleanup for Next Mark 4.501ms
[2026-09-05T11:00:03.287-0400][766.942s][info][gc          ] GC(387) Concurrent Mark Cycle 215.836ms
[2026-09-05T11:00:03.673-0400][767.328s][info][gc,start    ] GC(389) Pause Young (Prepare Mixed) (GCLocker Initiated GC)
[2026-09-05T11:00:03.673-0400][767.328s][info][gc,task     ] GC(389) Using 23 workers of 23 for evacuation
[2026-09-05T11:00:03.684-0400][767.339s][info][gc,phases   ] GC(389)   Pre Evacuate Collection Set: 0.22ms
[2026-09-05T11:00:03.684-0400][767.339s][info][gc,phases   ] GC(389)   Merge Heap Roots: 0.24ms
[2026-09-05T11:00:03.684-0400][767.339s][info][gc,phases   ] GC(389)   Evacuate Collection Set: 9.49ms
[2026-09-05T11:00:03.684-0400][767.339s][info][gc,phases   ] GC(389)   Post Evacuate Collection Set: 0.64ms
[2026-09-05T11:00:03.684-0400][767.339s][info][gc,phases   ] GC(389)   Other: 0.12ms
[2026-09-05T11:00:03.684-0400][767.339s][info][gc,heap     ] GC(389) Eden regions: 418->0(60)
[2026-09-05T11:00:03.684-0400][767.339s][info][gc,heap     ] GC(389) Survivor regions: 17->42(55)
[2026-09-05T11:00:03.684-0400][767.339s][info][gc,heap     ] GC(389) Old regions: 1230->1230
[2026-09-05T11:00:03.684-0400][767.339s][info][gc,heap     ] GC(389) Archive regions: 0->0
[2026-09-05T11:00:03.684-0400][767.339s][info][gc,heap     ] GC(389) Humongous regions: 27->27
[2026-09-05T11:00:03.684-0400][767.339s][info][gc,metaspace] GC(389) Metaspace: 155000K(157760K)->155000K(157760K) NonClass: 133010K(134464K)->133010K(134464K) Class: 21989K(23296K)->21989K(23296K)
[2026-09-05T11:00:03.684-0400][767.339s][info][gc          ] GC(389) Pause Young (Prepare Mixed) (GCLocker Initiated GC) 3381M->2596M(4096M) 10.851ms
[2026-09-05T11:00:03.684-0400][767.339s][info][gc,cpu      ] GC(389) User=0.36s Sys=0.00s Real=0.01s
[2026-09-05T11:00:03.758-0400][767.413s][info][gc,start    ] GC(390) Pause Young (Mixed) (GCLocker Initiated GC)
[2026-09-05T11:00:03.758-0400][767.413s][info][gc,task     ] GC(390) Using 23 workers of 23 for evacuation
[2026-09-05T11:00:03.767-0400][767.422s][info][gc,phases   ] GC(390)   Pre Evacuate Collection Set: 0.42ms
[2026-09-05T11:00:03.767-0400][767.422s][info][gc,phases   ] GC(390)   Merge Heap Roots: 0.27ms
[2026-09-05T11:00:03.767-0400][767.422s][info][gc,phases   ] GC(390)   Evacuate Collection Set: 6.54ms
[2026-09-05T11:00:03.767-0400][767.422s][info][gc,phases   ] GC(390)   Post Evacuate Collection Set: 0.97ms
[2026-09-05T11:00:03.767-0400][767.422s][info][gc,phases   ] GC(390)   Other: 0.13ms
[2026-09-05T11:00:03.767-0400][767.422s][info][gc,heap     ] GC(390) Eden regions: 61->0(91)
[2026-09-05T11:00:03.767-0400][767.422s][info][gc,heap     ] GC(390) Survivor regions: 42->11(13)
[2026-09-05T11:00:03.767-0400][767.422s][info][gc,heap     ] GC(390) Old regions: 1230->1063
[2026-09-05T11:00:03.767-0400][767.422s][info][gc,heap     ] GC(390) Archive regions: 0->0
[2026-09-05T11:00:03.767-0400][767.422s][info][gc,heap     ] GC(390) Humongous regions: 27->27
[2026-09-05T11:00:03.767-0400][767.422s][info][gc,metaspace] GC(390) Metaspace: 155000K(157760K)->155000K(157760K) NonClass: 133010K(134464K)->133010K(134464K) Class: 21989K(23296K)->21989K(23296K)
[2026-09-05T11:00:03.767-0400][767.422s][info][gc          ] GC(390) Pause Young (Mixed) (GCLocker Initiated GC) 2717M->2199M(4096M) 8.441ms
[2026-09-05T11:00:03.767-0400][767.422s][info][gc,cpu      ] GC(390) User=0.34s Sys=0.00s Real=0.01s
[2026-09-05T11:00:04.108-0400][767.763s][info][gc,start    ] GC(391) Pause Young (Mixed) (GCLocker Initiated GC)
[2026-09-05T11:00:04.108-0400][767.763s][info][gc,task     ] GC(391) Using 23 workers of 23 for evacuation
[2026-09-05T11:00:04.116-0400][767.771s][info][gc,phases   ] GC(391)   Pre Evacuate Collection Set: 0.28ms
[2026-09-05T11:00:04.116-0400][767.771s][info][gc,phases   ] GC(391)   Merge Heap Roots: 0.42ms
[2026-09-05T11:00:04.116-0400][767.771s][info][gc,phases   ] GC(391)   Evacuate Collection Set: 6.24ms
[2026-09-05T11:00:04.116-0400][767.771s][info][gc,phases   ] GC(391)   Post Evacuate Collection Set: 0.90ms
[2026-09-05T11:00:04.116-0400][767.771s][info][gc,phases   ] GC(391)   Other: 0.14ms
[2026-09-05T11:00:04.116-0400][767.771s][info][gc,heap     ] GC(391) Eden regions: 92->0(89)
[2026-09-05T11:00:04.116-0400][767.771s][info][gc,heap     ] GC(391) Survivor regions: 11->13(13)
[2026-09-05T11:00:04.116-0400][767.771s][info][gc,heap     ] GC(391) Old regions: 1063->869
[2026-09-05T11:00:04.116-0400][767.771s][info][gc,heap     ] GC(391) Archive regions: 0->0
[2026-09-05T11:00:04.116-0400][767.771s][info][gc,heap     ] GC(391) Humongous regions: 27->27
[2026-09-05T11:00:04.116-0400][767.771s][info][gc,metaspace] GC(391) Metaspace: 155000K(157760K)->155000K(157760K) NonClass: 133010K(134464K)->133010K(134464K) Class: 21989K(23296K)->21989K(23296K)
[2026-09-05T11:00:04.116-0400][767.771s][info][gc          ] GC(391) Pause Young (Mixed) (GCLocker Initiated GC) 2382M->1816M(4096M) 8.098ms
[2026-09-05T11:00:04.116-0400][767.771s][info][gc,cpu      ] GC(391) User=0.00s Sys=0.00s Real=0.01s
[2026-09-05T11:00:04.463-0400][768.119s][info][gc,start    ] GC(392) Pause Young (Mixed) (GCLocker Initiated GC)
[2026-09-05T11:00:04.463-0400][768.119s][info][gc,task     ] GC(392) Using 23 workers of 23 for evacuation
[2026-09-05T11:00:04.473-0400][768.128s][info][gc,phases   ] GC(392)   Pre Evacuate Collection Set: 0.20ms
[2026-09-05T11:00:04.473-0400][768.128s][info][gc,phases   ] GC(392)   Merge Heap Roots: 0.23ms
[2026-09-05T11:00:04.473-0400][768.128s][info][gc,phases   ] GC(392)   Evacuate Collection Set: 7.87ms
[2026-09-05T11:00:04.473-0400][768.128s][info][gc,phases   ] GC(392)   Post Evacuate Collection Set: 0.87ms
[2026-09-05T11:00:04.473-0400][768.128s][info][gc,phases   ] GC(392)   Other: 0.21ms
[2026-09-05T11:00:04.473-0400][768.128s][info][gc,heap     ] GC(392) Eden regions: 89->0(90)
[2026-09-05T11:00:04.473-0400][768.128s][info][gc,heap     ] GC(392) Survivor regions: 13->12(13)
[2026-09-05T11:00:04.473-0400][768.128s][info][gc,heap     ] GC(392) Old regions: 869->689
[2026-09-05T11:00:04.473-0400][768.128s][info][gc,heap     ] GC(392) Archive regions: 0->0
[2026-09-05T11:00:04.473-0400][768.128s][info][gc,heap     ] GC(392) Humongous regions: 27->27
[2026-09-05T11:00:04.473-0400][768.128s][info][gc,metaspace] GC(392) Metaspace: 155000K(157760K)->155000K(157760K) NonClass: 133010K(134464K)->133010K(134464K) Class: 21989K(23296K)->21989K(23296K)
[2026-09-05T11:00:04.473-0400][768.128s][info][gc          ] GC(392) Pause Young (Mixed) (GCLocker Initiated GC) 1994M->1452M(4096M) 9.516ms
[2026-09-05T11:00:04.473-0400][768.128s][info][gc,cpu      ] GC(392) User=0.36s Sys=0.00s Real=0.01s
[2026-09-05T11:00:04.813-0400][768.468s][info][gc,start    ] GC(393) Pause Young (Mixed) (G1 Evacuation Pause)
[2026-09-05T11:00:04.813-0400][768.469s][info][gc,task     ] GC(393) Using 23 workers of 23 for evacuation
[2026-09-05T11:00:04.826-0400][768.481s][info][gc,phases   ] GC(393)   Pre Evacuate Collection Set: 0.13ms
[2026-09-05T11:00:04.826-0400][768.481s][info][gc,phases   ] GC(393)   Merge Heap Roots: 0.23ms
[2026-09-05T11:00:04.826-0400][768.481s][info][gc,phases   ] GC(393)   Evacuate Collection Set: 10.92ms
[2026-09-05T11:00:04.826-0400][768.481s][info][gc,phases   ] GC(393)   Post Evacuate Collection Set: 0.84ms
[2026-09-05T11:00:04.826-0400][768.481s][info][gc,phases   ] GC(393)   Other: 0.14ms
[2026-09-05T11:00:04.826-0400][768.481s][info][gc,heap     ] GC(393) Eden regions: 90->0(937)
[2026-09-05T11:00:04.826-0400][768.481s][info][gc,heap     ] GC(393) Survivor regions: 12->11(13)
[2026-09-05T11:00:04.826-0400][768.481s][info][gc,heap     ] GC(393) Old regions: 689->592
[2026-09-05T11:00:04.826-0400][768.481s][info][gc,heap     ] GC(393) Archive regions: 0->0
[2026-09-05T11:00:04.826-0400][768.481s][info][gc,heap     ] GC(393) Humongous regions: 27->27
[2026-09-05T11:00:04.826-0400][768.481s][info][gc,metaspace] GC(393) Metaspace: 155000K(157760K)->155000K(157760K) NonClass: 133010K(134464K)->133010K(134464K) Class: 21989K(23296K)->21989K(23296K)
[2026-09-05T11:00:04.826-0400][768.481s][info][gc          ] GC(393) Pause Young (Mixed) (G1 Evacuation Pause) 1632M->1260M(4096M) 12.369ms
[2026-09-05T11:00:04.826-0400][768.481s][info][gc,cpu      ] GC(393) User=0.34s Sys=0.00s Real=0.01s
[2026-09-05T11:00:16.986-0400][780.641s][info][gc,start    ] GC(394) Pause Young (Normal) (G1 Evacuation Pause)
[2026-09-05T11:00:16.986-0400][780.641s][info][gc,task     ] GC(394) Using 23 workers of 23 for evacuation
[2026-09-05T11:00:16.995-0400][780.650s][info][gc,phases   ] GC(394)   Pre Evacuate Collection Set: 0.24ms
[2026-09-05T11:00:16.995-0400][780.650s][info][gc,phases   ] GC(394)   Merge Heap Roots: 0.24ms
[2026-09-05T11:00:16.995-0400][780.650s][info][gc,phases   ] GC(394)   Evacuate Collection Set: 7.35ms
[2026-09-05T11:00:16.995-0400][780.650s][info][gc,phases   ] GC(394)   Post Evacuate Collection Set: 0.99ms
[2026-09-05T11:00:16.995-0400][780.650s][info][gc,phases   ] GC(394)   Other: 0.16ms
[2026-09-05T11:00:16.995-0400][780.650s][info][gc,heap     ] GC(394) Eden regions: 937->0(946)
[2026-09-05T11:00:16.995-0400][780.650s][info][gc,heap     ] GC(394) Survivor regions: 11->40(119)
[2026-09-05T11:00:16.995-0400][780.650s][info][gc,heap     ] GC(394) Old regions: 592->592
[2026-09-05T11:00:16.995-0400][780.650s][info][gc,heap     ] GC(394) Archive regions: 0->0
[2026-09-05T11:00:16.995-0400][780.650s][info][gc,heap     ] GC(394) Humongous regions: 28->28
[2026-09-05T11:00:16.995-0400][780.650s][info][gc,metaspace] GC(394) Metaspace: 155004K(157760K)->155004K(157760K) NonClass: 133015K(134464K)->133015K(134464K) Class: 21989K(23296K)->21989K(23296K)
[2026-09-05T11:00:16.995-0400][780.650s][info][gc          ] GC(394) Pause Young (Normal) (G1 Evacuation Pause) 3135M->1319M(4096M) 9.127ms
[2026-09-05T11:00:16.995-0400][780.650s][info][gc,cpu      ] GC(394) User=0.00s Sys=0.00s Real=0.01s
[2026-09-05T11:00:17.557-0400][781.212s][info][gc,start    ] GC(395) Pause Young (Normal) (G1 Evacuation Pause)
[2026-09-05T11:00:17.557-0400][781.212s][info][gc,task     ] GC(395) Using 23 workers of 23 for evacuation
[2026-09-05T11:00:17.570-0400][781.225s][info][gc,phases   ] GC(395)   Pre Evacuate Collection Set: 0.29ms
[2026-09-05T11:00:17.570-0400][781.225s][info][gc,phases   ] GC(395)   Merge Heap Roots: 0.26ms
[2026-09-05T11:00:17.570-0400][781.225s][info][gc,phases   ] GC(395)   Evacuate Collection Set: 11.37ms
[2026-09-05T11:00:17.570-0400][781.225s][info][gc,phases   ] GC(395)   Post Evacuate Collection Set: 0.74ms
[2026-09-05T11:00:17.570-0400][781.225s][info][gc,phases   ] GC(395)   Other: 0.20ms
[2026-09-05T11:00:17.570-0400][781.225s][info][gc,heap     ] GC(395) Eden regions: 946->0(936)
[2026-09-05T11:00:17.570-0400][781.225s][info][gc,heap     ] GC(395) Survivor regions: 40->73(124)
[2026-09-05T11:00:17.570-0400][781.225s][info][gc,heap     ] GC(395) Old regions: 592->592
[2026-09-05T11:00:17.570-0400][781.225s][info][gc,heap     ] GC(395) Archive regions: 0->0
[2026-09-05T11:00:17.570-0400][781.225s][info][gc,heap     ] GC(395) Humongous regions: 28->28
[2026-09-05T11:00:17.570-0400][781.225s][info][gc,metaspace] GC(395) Metaspace: 155016K(157760K)->155016K(157760K) NonClass: 133027K(134464K)->133027K(134464K) Class: 21989K(23296K)->21989K(23296K)
[2026-09-05T11:00:17.570-0400][781.225s][info][gc          ] GC(395) Pause Young (Normal) (G1 Evacuation Pause) 3211M->1384M(4096M) 13.038ms
[2026-09-05T11:00:17.570-0400][781.225s][info][gc,cpu      ] GC(395) User=0.33s Sys=0.00s Real=0.01s
[2026-09-05T11:00:23.859-0400][787.514s][info][gc,start    ] GC(396) Pause Young (Concurrent Start) (G1 Evacuation Pause)
[2026-09-05T11:00:23.859-0400][787.514s][info][gc,task     ] GC(396) Using 23 workers of 23 for evacuation
[2026-09-05T11:00:23.870-0400][787.526s][info][gc,phases   ] GC(396)   Pre Evacuate Collection Set: 0.38ms
[2026-09-05T11:00:23.870-0400][787.526s][info][gc,phases   ] GC(396)   Merge Heap Roots: 0.28ms
[2026-09-05T11:00:23.870-0400][787.526s][info][gc,phases   ] GC(396)   Evacuate Collection Set: 9.74ms
[2026-09-05T11:00:23.870-0400][787.526s][info][gc,phases   ] GC(396)   Post Evacuate Collection Set: 0.97ms
[2026-09-05T11:00:23.870-0400][787.526s][info][gc,phases   ] GC(396)   Other: 0.21ms
[2026-09-05T11:00:23.871-0400][787.526s][info][gc,heap     ] GC(396) Eden regions: 936->0(959)
[2026-09-05T11:00:23.871-0400][787.526s][info][gc,heap     ] GC(396) Survivor regions: 73->59(127)
[2026-09-05T11:00:23.871-0400][787.526s][info][gc,heap     ] GC(396) Old regions: 592->617
[2026-09-05T11:00:23.871-0400][787.526s][info][gc,heap     ] GC(396) Archive regions: 0->0
[2026-09-05T11:00:23.871-0400][787.526s][info][gc,heap     ] GC(396) Humongous regions: 28->28
[2026-09-05T11:00:23.871-0400][787.526s][info][gc,metaspace] GC(396) Metaspace: 155021K(157760K)->155021K(157760K) NonClass: 133032K(134464K)->133032K(134464K) Class: 21989K(23296K)->21989K(23296K)
[2026-09-05T11:00:23.871-0400][787.526s][info][gc          ] GC(396) Pause Young (Concurrent Start) (G1 Evacuation Pause) 3256M->1406M(4096M) 11.737ms
[2026-09-05T11:00:23.871-0400][787.526s][info][gc,cpu      ] GC(396) User=0.00s Sys=0.00s Real=0.01s
[2026-09-05T11:00:23.871-0400][787.526s][info][gc          ] GC(397) Concurrent Mark Cycle
[2026-09-05T11:00:23.871-0400][787.526s][info][gc,marking  ] GC(397) Concurrent Clear Claimed Marks
[2026-09-05T11:00:23.871-0400][787.526s][info][gc,marking  ] GC(397) Concurrent Clear Claimed Marks 0.174ms
[2026-09-05T11:00:23.871-0400][787.526s][info][gc,marking  ] GC(397) Concurrent Scan Root Regions
[2026-09-05T11:00:23.876-0400][787.532s][info][gc,marking  ] GC(397) Concurrent Scan Root Regions 5.484ms
[2026-09-05T11:00:23.876-0400][787.532s][info][gc,marking  ] GC(397) Concurrent Mark
[2026-09-05T11:00:23.876-0400][787.532s][info][gc,marking  ] GC(397) Concurrent Mark From Roots
[2026-09-05T11:00:23.876-0400][787.532s][info][gc,task     ] GC(397) Using 6 workers of 6 for marking
[2026-09-05T11:00:23.965-0400][787.620s][info][gc,marking  ] GC(397) Concurrent Mark From Roots 88.056ms
[2026-09-05T11:00:23.965-0400][787.620s][info][gc,marking  ] GC(397) Concurrent Preclean
[2026-09-05T11:00:23.966-0400][787.621s][info][gc,marking  ] GC(397) Concurrent Preclean 0.663ms
[2026-09-05T11:00:23.966-0400][787.621s][info][gc,start    ] GC(397) Pause Remark
[2026-09-05T11:00:23.973-0400][787.629s][info][gc          ] GC(397) Pause Remark 1421M->1371M(4096M) 8.146ms
[2026-09-05T11:00:23.973-0400][787.629s][info][gc,cpu      ] GC(397) User=0.00s Sys=0.00s Real=0.01s
[2026-09-05T11:00:23.973-0400][787.629s][info][gc,marking  ] GC(397) Concurrent Mark 97.073ms
[2026-09-05T11:00:23.973-0400][787.629s][info][gc,marking  ] GC(397) Concurrent Rebuild Remembered Sets
[2026-09-05T11:00:24.040-0400][787.695s][info][gc,marking  ] GC(397) Concurrent Rebuild Remembered Sets 66.527ms
[2026-09-05T11:00:24.040-0400][787.695s][info][gc,start    ] GC(397) Pause Cleanup
[2026-09-05T11:00:24.041-0400][787.696s][info][gc          ] GC(397) Pause Cleanup 1376M->1376M(4096M) 0.603ms
[2026-09-05T11:00:24.041-0400][787.696s][info][gc,cpu      ] GC(397) User=0.00s Sys=0.00s Real=0.00s
[2026-09-05T11:00:24.041-0400][787.696s][info][gc,marking  ] GC(397) Concurrent Cleanup for Next Mark
[2026-09-05T11:00:24.043-0400][787.698s][info][gc,marking  ] GC(397) Concurrent Cleanup for Next Mark 2.006ms
[2026-09-05T11:00:24.043-0400][787.698s][info][gc          ] GC(397) Concurrent Mark Cycle 172.253ms
[2026-09-05T11:00:30.846-0400][794.501s][info][gc,start    ] GC(398) Pause Young (Prepare Mixed) (GCLocker Initiated GC)
[2026-09-05T11:00:30.846-0400][794.501s][info][gc,task     ] GC(398) Using 23 workers of 23 for evacuation
[2026-09-05T11:00:30.857-0400][794.513s][info][gc,phases   ] GC(398)   Pre Evacuate Collection Set: 0.26ms
[2026-09-05T11:00:30.857-0400][794.513s][info][gc,phases   ] GC(398)   Merge Heap Roots: 0.24ms
[2026-09-05T11:00:30.858-0400][794.513s][info][gc,phases   ] GC(398)   Evacuate Collection Set: 10.68ms
[2026-09-05T11:00:30.858-0400][794.513s][info][gc,phases   ] GC(398)   Post Evacuate Collection Set: 0.68ms
[2026-09-05T11:00:30.858-0400][794.513s][info][gc,phases   ] GC(398)   Other: 0.21ms
[2026-09-05T11:00:30.858-0400][794.513s][info][gc,heap     ] GC(398) Eden regions: 960->0(30)
[2026-09-05T11:00:30.858-0400][794.513s][info][gc,heap     ] GC(398) Survivor regions: 59->72(128)
[2026-09-05T11:00:30.858-0400][794.513s][info][gc,heap     ] GC(398) Old regions: 593->593
[2026-09-05T11:00:30.858-0400][794.513s][info][gc,heap     ] GC(398) Archive regions: 0->0
[2026-09-05T11:00:30.858-0400][794.513s][info][gc,heap     ] GC(398) Humongous regions: 28->28
[2026-09-05T11:00:30.858-0400][794.513s][info][gc,metaspace] GC(398) Metaspace: 155039K(157760K)->155039K(157760K) NonClass: 133047K(134464K)->133047K(134464K) Class: 21992K(23296K)->21992K(23296K)
[2026-09-05T11:00:30.858-0400][794.513s][info][gc          ] GC(398) Pause Young (Prepare Mixed) (GCLocker Initiated GC) 3278M->1384M(4096M) 12.260ms
[2026-09-05T11:00:30.858-0400][794.513s][info][gc,cpu      ] GC(398) User=0.36s Sys=0.00s Real=0.01s
[2026-09-05T11:00:30.869-0400][794.524s][info][gc,start    ] GC(399) Pause Young (Mixed) (G1 Evacuation Pause)
[2026-09-05T11:00:30.869-0400][794.524s][info][gc,task     ] GC(399) Using 23 workers of 23 for evacuation
[2026-09-05T11:00:30.881-0400][794.536s][info][gc,phases   ] GC(399)   Pre Evacuate Collection Set: 0.30ms
[2026-09-05T11:00:30.881-0400][794.536s][info][gc,phases   ] GC(399)   Merge Heap Roots: 0.20ms
[2026-09-05T11:00:30.881-0400][794.536s][info][gc,phases   ] GC(399)   Evacuate Collection Set: 11.10ms
[2026-09-05T11:00:30.881-0400][794.536s][info][gc,phases   ] GC(399)   Post Evacuate Collection Set: 0.71ms
[2026-09-05T11:00:30.881-0400][794.536s][info][gc,phases   ] GC(399)   Other: 0.12ms
[2026-09-05T11:00:30.881-0400][794.536s][info][gc,heap     ] GC(399) Eden regions: 30->0(1109)
[2026-09-05T11:00:30.881-0400][794.536s][info][gc,heap     ] GC(399) Survivor regions: 72->12(13)
[2026-09-05T11:00:30.881-0400][794.536s][info][gc,heap     ] GC(399) Old regions: 593->531
[2026-09-05T11:00:30.881-0400][794.536s][info][gc,heap     ] GC(399) Archive regions: 0->0
[2026-09-05T11:00:30.881-0400][794.536s][info][gc,heap     ] GC(399) Humongous regions: 28->28
[2026-09-05T11:00:30.881-0400][794.536s][info][gc,metaspace] GC(399) Metaspace: 155039K(157760K)->155039K(157760K) NonClass: 133047K(134464K)->133047K(134464K) Class: 21992K(23296K)->21992K(23296K)
[2026-09-05T11:00:30.881-0400][794.536s][info][gc          ] GC(399) Pause Young (Mixed) (G1 Evacuation Pause) 1444M->1141M(4096M) 12.567ms
[2026-09-05T11:00:30.881-0400][794.536s][info][gc,cpu      ] GC(399) User=0.36s Sys=0.00s Real=0.01s
[2026-09-05T11:00:31.541-0400][795.196s][info][gc,start    ] GC(400) Pause Young (Normal) (G1 Evacuation Pause)
[2026-09-05T11:00:31.541-0400][795.196s][info][gc,task     ] GC(400) Using 23 workers of 23 for evacuation
[2026-09-05T11:00:31.549-0400][795.204s][info][gc,phases   ] GC(400)   Pre Evacuate Collection Set: 0.39ms
[2026-09-05T11:00:31.549-0400][795.204s][info][gc,phases   ] GC(400)   Merge Heap Roots: 0.30ms
[2026-09-05T11:00:31.549-0400][795.204s][info][gc,phases   ] GC(400)   Evacuate Collection Set: 5.96ms
[2026-09-05T11:00:31.549-0400][795.204s][info][gc,phases   ] GC(400)   Post Evacuate Collection Set: 0.70ms
[2026-09-05T11:00:31.549-0400][795.204s][info][gc,phases   ] GC(400)   Other: 0.24ms
[2026-09-05T11:00:31.549-0400][795.204s][info][gc,heap     ] GC(400) Eden regions: 1109->0(1112)
[2026-09-05T11:00:31.549-0400][795.204s][info][gc,heap     ] GC(400) Survivor regions: 12->22(141)
[2026-09-05T11:00:31.549-0400][795.204s][info][gc,heap     ] GC(400) Old regions: 531->531
[2026-09-05T11:00:31.549-0400][795.204s][info][gc,heap     ] GC(400) Archive regions: 0->0
[2026-09-05T11:00:31.549-0400][795.204s][info][gc,heap     ] GC(400) Humongous regions: 28->28
[2026-09-05T11:00:31.549-0400][795.204s][info][gc,metaspace] GC(400) Metaspace: 155043K(157824K)->155043K(157824K) NonClass: 133051K(134528K)->133051K(134528K) Class: 21992K(23296K)->21992K(23296K)
[2026-09-05T11:00:31.549-0400][795.204s][info][gc          ] GC(400) Pause Young (Normal) (G1 Evacuation Pause) 3359M->1160M(4096M) 7.770ms
[2026-09-05T11:00:31.549-0400][795.204s][info][gc,cpu      ] GC(400) User=0.36s Sys=0.00s Real=0.01s
[2026-09-05T11:00:32.275-0400][795.931s][info][gc,start    ] GC(401) Pause Young (Normal) (G1 Evacuation Pause)
[2026-09-05T11:00:32.275-0400][795.931s][info][gc,task     ] GC(401) Using 23 workers of 23 for evacuation
[2026-09-05T11:00:32.283-0400][795.938s][info][gc,phases   ] GC(401)   Pre Evacuate Collection Set: 0.24ms
[2026-09-05T11:00:32.283-0400][795.938s][info][gc,phases   ] GC(401)   Merge Heap Roots: 0.30ms
[2026-09-05T11:00:32.283-0400][795.938s][info][gc,phases   ] GC(401)   Evacuate Collection Set: 5.79ms
[2026-09-05T11:00:32.283-0400][795.938s][info][gc,phases   ] GC(401)   Post Evacuate Collection Set: 0.74ms
[2026-09-05T11:00:32.283-0400][795.938s][info][gc,phases   ] GC(401)   Other: 0.24ms
[2026-09-05T11:00:32.283-0400][795.938s][info][gc,heap     ] GC(401) Eden regions: 1112->0(1129)
[2026-09-05T11:00:32.283-0400][795.938s][info][gc,heap     ] GC(401) Survivor regions: 22->30(142)
[2026-09-05T11:00:32.283-0400][795.938s][info][gc,heap     ] GC(401) Old regions: 531->531
[2026-09-05T11:00:32.283-0400][795.938s][info][gc,heap     ] GC(401) Archive regions: 0->0
[2026-09-05T11:00:32.283-0400][795.938s][info][gc,heap     ] GC(401) Humongous regions: 28->28
[2026-09-05T11:00:32.283-0400][795.938s][info][gc,metaspace] GC(401) Metaspace: 155045K(157824K)->155045K(157824K) NonClass: 133052K(134528K)->133052K(134528K) Class: 21992K(23296K)->21992K(23296K)
[2026-09-05T11:00:32.283-0400][795.938s][info][gc          ] GC(401) Pause Young (Normal) (G1 Evacuation Pause) 3384M->1175M(4096M) 7.491ms
[2026-09-05T11:00:32.283-0400][795.938s][info][gc,cpu      ] GC(401) User=0.36s Sys=0.00s Real=0.01s
[2026-09-05T11:00:33.119-0400][796.774s][info][gc,start    ] GC(402) Pause Young (Concurrent Start) (GCLocker Initiated GC)
[2026-09-05T11:00:33.119-0400][796.774s][info][gc,task     ] GC(402) Using 23 workers of 23 for evacuation
[2026-09-05T11:00:33.127-0400][796.782s][info][gc,phases   ] GC(402)   Pre Evacuate Collection Set: 0.41ms
[2026-09-05T11:00:33.127-0400][796.782s][info][gc,phases   ] GC(402)   Merge Heap Roots: 0.27ms
[2026-09-05T11:00:33.127-0400][796.782s][info][gc,phases   ] GC(402)   Evacuate Collection Set: 6.31ms
[2026-09-05T11:00:33.127-0400][796.782s][info][gc,phases   ] GC(402)   Post Evacuate Collection Set: 0.77ms
[2026-09-05T11:00:33.127-0400][796.782s][info][gc,phases   ] GC(402)   Other: 0.32ms
[2026-09-05T11:00:33.127-0400][796.782s][info][gc,heap     ] GC(402) Eden regions: 1129->0(1139)
[2026-09-05T11:00:33.127-0400][796.782s][info][gc,heap     ] GC(402) Survivor regions: 30->39(145)
[2026-09-05T11:00:33.127-0400][796.782s][info][gc,heap     ] GC(402) Old regions: 531->531
[2026-09-05T11:00:33.127-0400][796.782s][info][gc,heap     ] GC(402) Archive regions: 0->0
[2026-09-05T11:00:33.127-0400][796.782s][info][gc,heap     ] GC(402) Humongous regions: 28->28
[2026-09-05T11:00:33.127-0400][796.782s][info][gc,metaspace] GC(402) Metaspace: 155051K(157824K)->155051K(157824K) NonClass: 133056K(134528K)->133056K(134528K) Class: 21994K(23296K)->21994K(23296K)
[2026-09-05T11:00:33.127-0400][796.782s][info][gc          ] GC(402) Pause Young (Concurrent Start) (GCLocker Initiated GC) 3433M->1193M(4096M) 8.208ms
[2026-09-05T11:00:33.127-0400][796.782s][info][gc,cpu      ] GC(402) User=0.36s Sys=0.00s Real=0.01s
[2026-09-05T11:00:33.127-0400][796.782s][info][gc          ] GC(403) Concurrent Mark Cycle
[2026-09-05T11:00:33.127-0400][796.782s][info][gc,marking  ] GC(403) Concurrent Clear Claimed Marks
[2026-09-05T11:00:33.128-0400][796.782s][info][gc,marking  ] GC(403) Concurrent Clear Claimed Marks 0.138ms
[2026-09-05T11:00:33.128-0400][796.782s][info][gc,marking  ] GC(403) Concurrent Scan Root Regions
[2026-09-05T11:00:33.133-0400][796.788s][info][gc,marking  ] GC(403) Concurrent Scan Root Regions 5.428ms
[2026-09-05T11:00:33.133-0400][796.788s][info][gc,marking  ] GC(403) Concurrent Mark
[2026-09-05T11:00:33.133-0400][796.788s][info][gc,marking  ] GC(403) Concurrent Mark From Roots
[2026-09-05T11:00:33.133-0400][796.788s][info][gc,task     ] GC(403) Using 6 workers of 6 for marking
[2026-09-05T11:00:33.246-0400][796.901s][info][gc,marking  ] GC(403) Concurrent Mark From Roots 112.978ms
[2026-09-05T11:00:33.246-0400][796.901s][info][gc,marking  ] GC(403) Concurrent Preclean
[2026-09-05T11:00:33.247-0400][796.902s][info][gc,marking  ] GC(403) Concurrent Preclean 0.640ms
[2026-09-05T11:00:33.247-0400][796.902s][info][gc,start    ] GC(403) Pause Remark
[2026-09-05T11:00:33.255-0400][796.910s][info][gc          ] GC(403) Pause Remark 1417M->1409M(4096M) 8.344ms
[2026-09-05T11:00:33.255-0400][796.910s][info][gc,cpu      ] GC(403) User=0.00s Sys=0.00s Real=0.01s
[2026-09-05T11:00:33.255-0400][796.910s][info][gc,marking  ] GC(403) Concurrent Mark 122.234ms
[2026-09-05T11:00:33.255-0400][796.910s][info][gc,marking  ] GC(403) Concurrent Rebuild Remembered Sets
[2026-09-05T11:00:33.316-0400][796.971s][info][gc,marking  ] GC(403) Concurrent Rebuild Remembered Sets 60.314ms
[2026-09-05T11:00:33.316-0400][796.971s][info][gc,start    ] GC(403) Pause Cleanup
[2026-09-05T11:00:33.316-0400][796.971s][info][gc          ] GC(403) Pause Cleanup 1472M->1472M(4096M) 0.499ms
[2026-09-05T11:00:33.316-0400][796.971s][info][gc,cpu      ] GC(403) User=0.00s Sys=0.00s Real=0.00s
[2026-09-05T11:00:33.316-0400][796.971s][info][gc,marking  ] GC(403) Concurrent Cleanup for Next Mark
[2026-09-05T11:00:33.318-0400][796.972s][info][gc,marking  ] GC(403) Concurrent Cleanup for Next Mark 1.290ms
[2026-09-05T11:00:33.318-0400][796.973s][info][gc          ] GC(403) Concurrent Mark Cycle 190.237ms
[2026-09-05T11:00:34.039-0400][797.694s][info][gc,start    ] GC(404) Pause Young (Prepare Mixed) (G1 Evacuation Pause)
[2026-09-05T11:00:34.039-0400][797.694s][info][gc,task     ] GC(404) Using 23 workers of 23 for evacuation
[2026-09-05T11:00:34.049-0400][797.704s][info][gc,phases   ] GC(404)   Pre Evacuate Collection Set: 0.37ms
[2026-09-05T11:00:34.049-0400][797.704s][info][gc,phases   ] GC(404)   Merge Heap Roots: 0.35ms
[2026-09-05T11:00:34.049-0400][797.704s][info][gc,phases   ] GC(404)   Evacuate Collection Set: 8.46ms
[2026-09-05T11:00:34.049-0400][797.704s][info][gc,phases   ] GC(404)   Post Evacuate Collection Set: 0.69ms
[2026-09-05T11:00:34.049-0400][797.704s][info][gc,phases   ] GC(404)   Other: 0.32ms
[2026-09-05T11:00:34.049-0400][797.704s][info][gc,heap     ] GC(404) Eden regions: 1139->0(53)
[2026-09-05T11:00:34.049-0400][797.704s][info][gc,heap     ] GC(404) Survivor regions: 39->49(148)
[2026-09-05T11:00:34.049-0400][797.704s][info][gc,heap     ] GC(404) Old regions: 528->528
[2026-09-05T11:00:34.049-0400][797.704s][info][gc,heap     ] GC(404) Archive regions: 0->0
[2026-09-05T11:00:34.049-0400][797.704s][info][gc,heap     ] GC(404) Humongous regions: 27->27
[2026-09-05T11:00:34.049-0400][797.704s][info][gc,metaspace] GC(404) Metaspace: 155084K(157824K)->155084K(157824K) NonClass: 133090K(134528K)->133090K(134528K) Class: 21994K(23296K)->21994K(23296K)
[2026-09-05T11:00:34.049-0400][797.704s][info][gc          ] GC(404) Pause Young (Prepare Mixed) (G1 Evacuation Pause) 3463M->1207M(4096M) 10.293ms
[2026-09-05T11:00:34.049-0400][797.704s][info][gc,cpu      ] GC(404) User=0.36s Sys=0.00s Real=0.01s
[2026-09-05T11:00:34.061-0400][797.715s][info][gc,start    ] GC(405) Pause Young (Mixed) (G1 Evacuation Pause)
[2026-09-05T11:00:34.061-0400][797.716s][info][gc,task     ] GC(405) Using 23 workers of 23 for evacuation
[2026-09-05T11:00:34.085-0400][797.740s][info][gc,phases   ] GC(405)   Pre Evacuate Collection Set: 0.23ms
[2026-09-05T11:00:34.085-0400][797.740s][info][gc,phases   ] GC(405)   Merge Heap Roots: 0.25ms
[2026-09-05T11:00:34.085-0400][797.740s][info][gc,phases   ] GC(405)   Evacuate Collection Set: 23.54ms
[2026-09-05T11:00:34.085-0400][797.740s][info][gc,phases   ] GC(405)   Post Evacuate Collection Set: 0.52ms
[2026-09-05T11:00:34.085-0400][797.740s][info][gc,phases   ] GC(405)   Other: 0.20ms
[2026-09-05T11:00:34.085-0400][797.740s][info][gc,heap     ] GC(405) Eden regions: 53->0(1220)
[2026-09-05T11:00:34.085-0400][797.740s][info][gc,heap     ] GC(405) Survivor regions: 49->8(13)
[2026-09-05T11:00:34.085-0400][797.740s][info][gc,heap     ] GC(405) Old regions: 528->488
[2026-09-05T11:00:34.085-0400][797.740s][info][gc,heap     ] GC(405) Archive regions: 0->0
[2026-09-05T11:00:34.085-0400][797.740s][info][gc,heap     ] GC(405) Humongous regions: 27->27
[2026-09-05T11:00:34.085-0400][797.740s][info][gc,metaspace] GC(405) Metaspace: 155084K(157824K)->155084K(157824K) NonClass: 133090K(134528K)->133090K(134528K) Class: 21994K(23296K)->21994K(23296K)
[2026-09-05T11:00:34.085-0400][797.740s][info][gc          ] GC(405) Pause Young (Mixed) (G1 Evacuation Pause) 1313M->1044M(4096M) 24.855ms
[2026-09-05T11:00:34.085-0400][797.740s][info][gc,cpu      ] GC(405) User=0.31s Sys=0.02s Real=0.02s
[2026-09-05T11:00:35.100-0400][798.756s][info][gc,start    ] GC(406) Pause Young (Normal) (G1 Evacuation Pause)
[2026-09-05T11:00:35.101-0400][798.756s][info][gc,task     ] GC(406) Using 23 workers of 23 for evacuation
[2026-09-05T11:00:35.106-0400][798.761s][info][gc,phases   ] GC(406)   Pre Evacuate Collection Set: 0.15ms
[2026-09-05T11:00:35.106-0400][798.761s][info][gc,phases   ] GC(406)   Merge Heap Roots: 0.26ms
[2026-09-05T11:00:35.106-0400][798.761s][info][gc,phases   ] GC(406)   Evacuate Collection Set: 3.67ms
[2026-09-05T11:00:35.106-0400][798.761s][info][gc,phases   ] GC(406)   Post Evacuate Collection Set: 0.73ms
[2026-09-05T11:00:35.106-0400][798.761s][info][gc,phases   ] GC(406)   Other: 0.45ms
[2026-09-05T11:00:35.106-0400][798.761s][info][gc,heap     ] GC(406) Eden regions: 1220->0(1212)
[2026-09-05T11:00:35.106-0400][798.761s][info][gc,heap     ] GC(406) Survivor regions: 8->16(154)
[2026-09-05T11:00:35.106-0400][798.761s][info][gc,heap     ] GC(406) Old regions: 488->488
[2026-09-05T11:00:35.106-0400][798.762s][info][gc,heap     ] GC(406) Archive regions: 0->0
[2026-09-05T11:00:35.106-0400][798.762s][info][gc,heap     ] GC(406) Humongous regions: 27->27
[2026-09-05T11:00:35.106-0400][798.762s][info][gc,metaspace] GC(406) Metaspace: 155086K(157824K)->155086K(157824K) NonClass: 133091K(134528K)->133091K(134528K) Class: 21994K(23296K)->21994K(23296K)
[2026-09-05T11:00:35.106-0400][798.762s][info][gc          ] GC(406) Pause Young (Normal) (G1 Evacuation Pause) 3484M->1059M(4096M) 5.514ms
[2026-09-05T11:00:35.106-0400][798.762s][info][gc,cpu      ] GC(406) User=0.03s Sys=0.00s Real=0.01s
[2026-09-05T11:00:36.436-0400][800.091s][info][gc,start    ] GC(407) Pause Young (Normal) (G1 Evacuation Pause)
[2026-09-05T11:00:36.436-0400][800.091s][info][gc,task     ] GC(407) Using 23 workers of 23 for evacuation
[2026-09-05T11:00:36.442-0400][800.098s][info][gc,phases   ] GC(407)   Pre Evacuate Collection Set: 0.29ms
[2026-09-05T11:00:36.442-0400][800.098s][info][gc,phases   ] GC(407)   Merge Heap Roots: 0.29ms
[2026-09-05T11:00:36.442-0400][800.098s][info][gc,phases   ] GC(407)   Evacuate Collection Set: 5.22ms
[2026-09-05T11:00:36.442-0400][800.098s][info][gc,phases   ] GC(407)   Post Evacuate Collection Set: 0.95ms
[2026-09-05T11:00:36.442-0400][800.098s][info][gc,phases   ] GC(407)   Other: 0.20ms
[2026-09-05T11:00:36.442-0400][800.098s][info][gc,heap     ] GC(407) Eden regions: 1212->0(1199)
[2026-09-05T11:00:36.442-0400][800.098s][info][gc,heap     ] GC(407) Survivor regions: 16->29(154)
[2026-09-05T11:00:36.442-0400][800.098s][info][gc,heap     ] GC(407) Old regions: 488->488
[2026-09-05T11:00:36.442-0400][800.098s][info][gc,heap     ] GC(407) Archive regions: 0->0
[2026-09-05T11:00:36.443-0400][800.098s][info][gc,heap     ] GC(407) Humongous regions: 27->27
[2026-09-05T11:00:36.443-0400][800.098s][info][gc,metaspace] GC(407) Metaspace: 155086K(157824K)->155086K(157824K) NonClass: 133092K(134528K)->133092K(134528K) Class: 21994K(23296K)->21994K(23296K)
[2026-09-05T11:00:36.443-0400][800.098s][info][gc          ] GC(407) Pause Young (Normal) (G1 Evacuation Pause) 3483M->1086M(4096M) 7.072ms
[2026-09-05T11:00:36.443-0400][800.098s][info][gc,cpu      ] GC(407) User=0.00s Sys=0.00s Real=0.01s
[2026-09-05T11:00:38.961-0400][802.617s][info][gc,start    ] GC(408) Pause Young (Concurrent Start) (G1 Evacuation Pause)
[2026-09-05T11:00:38.961-0400][802.617s][info][gc,task     ] GC(408) Using 23 workers of 23 for evacuation
[2026-09-05T11:00:38.969-0400][802.624s][info][gc,phases   ] GC(408)   Pre Evacuate Collection Set: 0.37ms
[2026-09-05T11:00:38.969-0400][802.624s][info][gc,phases   ] GC(408)   Merge Heap Roots: 0.25ms
[2026-09-05T11:00:38.969-0400][802.624s][info][gc,phases   ] GC(408)   Evacuate Collection Set: 4.99ms
[2026-09-05T11:00:38.969-0400][802.624s][info][gc,phases   ] GC(408)   Post Evacuate Collection Set: 1.14ms
[2026-09-05T11:00:38.969-0400][802.624s][info][gc,phases   ] GC(408)   Other: 0.23ms
[2026-09-05T11:00:38.969-0400][802.624s][info][gc,heap     ] GC(408) Eden regions: 1199->0(1190)
[2026-09-05T11:00:38.969-0400][802.624s][info][gc,heap     ] GC(408) Survivor regions: 29->38(154)
[2026-09-05T11:00:38.969-0400][802.624s][info][gc,heap     ] GC(408) Old regions: 488->488
[2026-09-05T11:00:38.969-0400][802.624s][info][gc,heap     ] GC(408) Archive regions: 0->0
[2026-09-05T11:00:38.969-0400][802.624s][info][gc,heap     ] GC(408) Humongous regions: 27->27
[2026-09-05T11:00:38.969-0400][802.624s][info][gc,metaspace] GC(408) Metaspace: 155086K(157824K)->155086K(157824K) NonClass: 133092K(134528K)->133092K(134528K) Class: 21994K(23296K)->21994K(23296K)
[2026-09-05T11:00:38.969-0400][802.624s][info][gc          ] GC(408) Pause Young (Concurrent Start) (G1 Evacuation Pause) 3484M->1104M(4096M) 7.107ms
[2026-09-05T11:00:38.969-0400][802.624s][info][gc,cpu      ] GC(408) User=0.36s Sys=0.00s Real=0.01s
[2026-09-05T11:00:38.969-0400][802.624s][info][gc          ] GC(409) Concurrent Mark Cycle
[2026-09-05T11:00:38.969-0400][802.624s][info][gc,marking  ] GC(409) Concurrent Clear Claimed Marks
[2026-09-05T11:00:38.969-0400][802.624s][info][gc,marking  ] GC(409) Concurrent Clear Claimed Marks 0.148ms
[2026-09-05T11:00:38.969-0400][802.624s][info][gc,marking  ] GC(409) Concurrent Scan Root Regions
[2026-09-05T11:00:38.972-0400][802.628s][info][gc,marking  ] GC(409) Concurrent Scan Root Regions 3.668ms
[2026-09-05T11:00:38.972-0400][802.628s][info][gc,marking  ] GC(409) Concurrent Mark
[2026-09-05T11:00:38.972-0400][802.628s][info][gc,marking  ] GC(409) Concurrent Mark From Roots
[2026-09-05T11:00:38.972-0400][802.628s][info][gc,task     ] GC(409) Using 6 workers of 6 for marking
[2026-09-05T11:00:39.062-0400][802.717s][info][gc,marking  ] GC(409) Concurrent Mark From Roots 89.143ms
[2026-09-05T11:00:39.062-0400][802.717s][info][gc,marking  ] GC(409) Concurrent Preclean
[2026-09-05T11:00:39.062-0400][802.718s][info][gc,marking  ] GC(409) Concurrent Preclean 0.648ms
[2026-09-05T11:00:39.062-0400][802.718s][info][gc,start    ] GC(409) Pause Remark
[2026-09-05T11:00:39.071-0400][802.726s][info][gc          ] GC(409) Pause Remark 1128M->1128M(3768M) 8.314ms
[2026-09-05T11:00:39.071-0400][802.726s][info][gc,cpu      ] GC(409) User=0.00s Sys=0.00s Real=0.01s
[2026-09-05T11:00:39.071-0400][802.726s][info][gc,marking  ] GC(409) Concurrent Mark 98.353ms
[2026-09-05T11:00:39.071-0400][802.726s][info][gc,marking  ] GC(409) Concurrent Rebuild Remembered Sets
[2026-09-05T11:00:39.156-0400][802.811s][info][gc,marking  ] GC(409) Concurrent Rebuild Remembered Sets 84.604ms
[2026-09-05T11:00:39.156-0400][802.811s][info][gc,start    ] GC(409) Pause Cleanup
[2026-09-05T11:00:39.157-0400][802.812s][info][gc          ] GC(409) Pause Cleanup 1136M->1136M(3768M) 0.536ms
[2026-09-05T11:00:39.157-0400][802.812s][info][gc,cpu      ] GC(409) User=0.00s Sys=0.00s Real=0.00s
[2026-09-05T11:00:39.157-0400][802.812s][info][gc,marking  ] GC(409) Concurrent Cleanup for Next Mark
[2026-09-05T11:00:39.158-0400][802.813s][info][gc,marking  ] GC(409) Concurrent Cleanup for Next Mark 1.341ms
[2026-09-05T11:00:39.158-0400][802.813s][info][gc          ] GC(409) Concurrent Mark Cycle 189.000ms
[2026-09-05T11:00:53.613-0400][817.268s][info][gc,start    ] GC(410) Pause Young (Prepare Mixed) (G1 Evacuation Pause)
[2026-09-05T11:00:53.613-0400][817.268s][info][gc,task     ] GC(410) Using 23 workers of 23 for evacuation
[2026-09-05T11:00:53.623-0400][817.278s][info][gc,phases   ] GC(410)   Pre Evacuate Collection Set: 0.34ms
[2026-09-05T11:00:53.623-0400][817.278s][info][gc,phases   ] GC(410)   Merge Heap Roots: 0.36ms
[2026-09-05T11:00:53.623-0400][817.278s][info][gc,phases   ] GC(410)   Evacuate Collection Set: 7.51ms
[2026-09-05T11:00:53.623-0400][817.278s][info][gc,phases   ] GC(410)   Post Evacuate Collection Set: 1.06ms
[2026-09-05T11:00:53.623-0400][817.278s][info][gc,phases   ] GC(410)   Other: 0.16ms
[2026-09-05T11:00:53.623-0400][817.278s][info][gc,heap     ] GC(410) Eden regions: 1190->0(46)
[2026-09-05T11:00:53.623-0400][817.278s][info][gc,heap     ] GC(410) Survivor regions: 38->48(154)
[2026-09-05T11:00:53.623-0400][817.278s][info][gc,heap     ] GC(410) Old regions: 488->488
[2026-09-05T11:00:53.623-0400][817.278s][info][gc,heap     ] GC(410) Archive regions: 0->0
[2026-09-05T11:00:53.623-0400][817.278s][info][gc,heap     ] GC(410) Humongous regions: 28->28
[2026-09-05T11:00:53.623-0400][817.278s][info][gc,metaspace] GC(410) Metaspace: 155113K(157888K)->155113K(157888K) NonClass: 133117K(134592K)->133117K(134592K) Class: 21995K(23296K)->21995K(23296K)
[2026-09-05T11:00:53.623-0400][817.278s][info][gc          ] GC(410) Pause Young (Prepare Mixed) (G1 Evacuation Pause) 3486M->1126M(3768M) 9.565ms
[2026-09-05T11:00:53.623-0400][817.278s][info][gc,cpu      ] GC(410) User=0.00s Sys=0.00s Real=0.01s
[2026-09-05T11:00:55.055-0400][818.711s][info][gc,start    ] GC(411) Pause Young (Mixed) (G1 Evacuation Pause)
[2026-09-05T11:00:55.055-0400][818.711s][info][gc,task     ] GC(411) Using 23 workers of 23 for evacuation
[2026-09-05T11:00:55.098-0400][818.754s][info][gc,phases   ] GC(411)   Pre Evacuate Collection Set: 0.24ms
[2026-09-05T11:00:55.098-0400][818.754s][info][gc,phases   ] GC(411)   Merge Heap Roots: 0.24ms
[2026-09-05T11:00:55.098-0400][818.754s][info][gc,phases   ] GC(411)   Evacuate Collection Set: 41.60ms
[2026-09-05T11:00:55.098-0400][818.754s][info][gc,phases   ] GC(411)   Post Evacuate Collection Set: 1.04ms
[2026-09-05T11:00:55.098-0400][818.754s][info][gc,phases   ] GC(411)   Other: 0.15ms
[2026-09-05T11:00:55.098-0400][818.754s][info][gc,heap     ] GC(411) Eden regions: 46->0(1098)
[2026-09-05T11:00:55.098-0400][818.754s][info][gc,heap     ] GC(411) Survivor regions: 48->8(12)
[2026-09-05T11:00:55.098-0400][818.754s][info][gc,heap     ] GC(411) Old regions: 488->482
[2026-09-05T11:00:55.098-0400][818.754s][info][gc,heap     ] GC(411) Archive regions: 0->0
[2026-09-05T11:00:55.098-0400][818.754s][info][gc,heap     ] GC(411) Humongous regions: 28->28
[2026-09-05T11:00:55.098-0400][818.754s][info][gc,metaspace] GC(411) Metaspace: 155113K(157888K)->155113K(157888K) NonClass: 133117K(134592K)->133117K(134592K) Class: 21995K(23296K)->21995K(23296K)
[2026-09-05T11:00:55.098-0400][818.754s][info][gc          ] GC(411) Pause Young (Mixed) (G1 Evacuation Pause) 1218M->1033M(3768M) 43.381ms
[2026-09-05T11:00:55.098-0400][818.754s][info][gc,cpu      ] GC(411) User=0.88s Sys=0.00s Real=0.04s
[2026-09-05T11:01:02.940-0400][826.596s][info][gc,start    ] GC(412) Pause Young (Normal) (GCLocker Initiated GC)
[2026-09-05T11:01:02.940-0400][826.596s][info][gc,task     ] GC(412) Using 23 workers of 23 for evacuation
[2026-09-05T11:01:02.959-0400][826.613s][info][gc,phases   ] GC(412)   Pre Evacuate Collection Set: 0.28ms
[2026-09-05T11:01:02.959-0400][826.613s][info][gc,phases   ] GC(412)   Merge Heap Roots: 0.25ms
[2026-09-05T11:01:02.959-0400][826.613s][info][gc,phases   ] GC(412)   Evacuate Collection Set: 15.89ms
[2026-09-05T11:01:02.959-0400][826.613s][info][gc,phases   ] GC(412)   Post Evacuate Collection Set: 0.94ms
[2026-09-05T11:01:02.959-0400][826.613s][info][gc,phases   ] GC(412)   Other: 0.15ms
[2026-09-05T11:01:02.959-0400][826.613s][info][gc,heap     ] GC(412) Eden regions: 1099->0(938)
[2026-09-05T11:01:02.959-0400][826.613s][info][gc,heap     ] GC(412) Survivor regions: 8->95(139)
[2026-09-05T11:01:02.959-0400][826.613s][info][gc,heap     ] GC(412) Old regions: 482->482
[2026-09-05T11:01:02.959-0400][826.613s][info][gc,heap     ] GC(412) Archive regions: 0->0
[2026-09-05T11:01:02.959-0400][826.613s][info][gc,heap     ] GC(412) Humongous regions: 29->29
[2026-09-05T11:01:02.959-0400][826.613s][info][gc,metaspace] GC(412) Metaspace: 155130K(157888K)->155130K(157888K) NonClass: 133133K(134592K)->133133K(134592K) Class: 21996K(23296K)->21996K(23296K)
[2026-09-05T11:01:02.959-0400][826.613s][info][gc          ] GC(412) Pause Young (Normal) (GCLocker Initiated GC) 3231M->1210M(3768M) 17.660ms
[2026-09-05T11:01:02.959-0400][826.613s][info][gc,cpu      ] GC(412) User=0.34s Sys=0.00s Real=0.02s
[2026-09-05T11:01:05.958-0400][829.613s][info][gc,start    ] GC(413) Pause Young (Normal) (G1 Evacuation Pause)
[2026-09-05T11:01:05.958-0400][829.613s][info][gc,task     ] GC(413) Using 23 workers of 23 for evacuation
[2026-09-05T11:01:05.970-0400][829.625s][info][gc,phases   ] GC(413)   Pre Evacuate Collection Set: 0.31ms
[2026-09-05T11:01:05.970-0400][829.625s][info][gc,phases   ] GC(413)   Merge Heap Roots: 0.25ms
[2026-09-05T11:01:05.970-0400][829.625s][info][gc,phases   ] GC(413)   Evacuate Collection Set: 10.14ms
[2026-09-05T11:01:05.970-0400][829.625s][info][gc,phases   ] GC(413)   Post Evacuate Collection Set: 0.96ms
[2026-09-05T11:01:05.970-0400][829.625s][info][gc,phases   ] GC(413)   Other: 0.17ms
[2026-09-05T11:01:05.970-0400][829.625s][info][gc,heap     ] GC(413) Eden regions: 938->0(952)
[2026-09-05T11:01:05.970-0400][829.625s][info][gc,heap     ] GC(413) Survivor regions: 95->39(130)
[2026-09-05T11:01:05.970-0400][829.625s][info][gc,heap     ] GC(413) Old regions: 482->528
[2026-09-05T11:01:05.970-0400][829.625s][info][gc,heap     ] GC(413) Archive regions: 0->0
[2026-09-05T11:01:05.970-0400][829.625s][info][gc,heap     ] GC(413) Humongous regions: 29->29
[2026-09-05T11:01:05.970-0400][829.625s][info][gc,metaspace] GC(413) Metaspace: 155134K(157888K)->155134K(157888K) NonClass: 133137K(134592K)->133137K(134592K) Class: 21996K(23296K)->21996K(23296K)
[2026-09-05T11:01:05.970-0400][829.625s][info][gc          ] GC(413) Pause Young (Normal) (G1 Evacuation Pause) 3086M->1191M(3768M) 11.950ms
[2026-09-05T11:01:05.970-0400][829.625s][info][gc,cpu      ] GC(413) User=0.36s Sys=0.00s Real=0.01s
[2026-09-05T11:01:20.565-0400][844.220s][info][gc,start    ] GC(414) Pause Young (Concurrent Start) (G1 Evacuation Pause)
[2026-09-05T11:01:20.565-0400][844.220s][info][gc,task     ] GC(414) Using 23 workers of 23 for evacuation
[2026-09-05T11:01:20.572-0400][844.228s][info][gc,phases   ] GC(414)   Pre Evacuate Collection Set: 0.33ms
[2026-09-05T11:01:20.572-0400][844.228s][info][gc,phases   ] GC(414)   Merge Heap Roots: 0.26ms
[2026-09-05T11:01:20.572-0400][844.228s][info][gc,phases   ] GC(414)   Evacuate Collection Set: 5.71ms
[2026-09-05T11:01:20.572-0400][844.228s][info][gc,phases   ] GC(414)   Post Evacuate Collection Set: 1.22ms
[2026-09-05T11:01:20.572-0400][844.228s][info][gc,phases   ] GC(414)   Other: 0.22ms
[2026-09-05T11:01:20.572-0400][844.228s][info][gc,heap     ] GC(414) Eden regions: 952->0(980)
[2026-09-05T11:01:20.572-0400][844.228s][info][gc,heap     ] GC(414) Survivor regions: 39->38(124)
[2026-09-05T11:01:20.572-0400][844.228s][info][gc,heap     ] GC(414) Old regions: 528->528
[2026-09-05T11:01:20.572-0400][844.228s][info][gc,heap     ] GC(414) Archive regions: 0->0
[2026-09-05T11:01:20.572-0400][844.228s][info][gc,heap     ] GC(414) Humongous regions: 29->29
[2026-09-05T11:01:20.572-0400][844.228s][info][gc,metaspace] GC(414) Metaspace: 155449K(158208K)->155449K(158208K) NonClass: 133424K(134912K)->133424K(134912K) Class: 22025K(23296K)->22025K(23296K)
[2026-09-05T11:01:20.572-0400][844.228s][info][gc          ] GC(414) Pause Young (Concurrent Start) (G1 Evacuation Pause) 3095M->1189M(3768M) 7.852ms
[2026-09-05T11:01:20.572-0400][844.228s][info][gc,cpu      ] GC(414) User=0.00s Sys=0.00s Real=0.01s
[2026-09-05T11:01:20.572-0400][844.228s][info][gc          ] GC(415) Concurrent Mark Cycle
[2026-09-05T11:01:20.572-0400][844.228s][info][gc,marking  ] GC(415) Concurrent Clear Claimed Marks
[2026-09-05T11:01:20.573-0400][844.228s][info][gc,marking  ] GC(415) Concurrent Clear Claimed Marks 0.170ms
[2026-09-05T11:01:20.573-0400][844.228s][info][gc,marking  ] GC(415) Concurrent Scan Root Regions
[2026-09-05T11:01:20.576-0400][844.232s][info][gc,marking  ] GC(415) Concurrent Scan Root Regions 3.515ms
[2026-09-05T11:01:20.576-0400][844.232s][info][gc,marking  ] GC(415) Concurrent Mark
[2026-09-05T11:01:20.576-0400][844.232s][info][gc,marking  ] GC(415) Concurrent Mark From Roots
[2026-09-05T11:01:20.576-0400][844.232s][info][gc,task     ] GC(415) Using 6 workers of 6 for marking
[2026-09-05T11:01:20.666-0400][844.321s][info][gc,marking  ] GC(415) Concurrent Mark From Roots 89.296ms
[2026-09-05T11:01:20.666-0400][844.321s][info][gc,marking  ] GC(415) Concurrent Preclean
[2026-09-05T11:01:20.667-0400][844.322s][info][gc,marking  ] GC(415) Concurrent Preclean 0.654ms
[2026-09-05T11:01:20.667-0400][844.322s][info][gc,start    ] GC(415) Pause Remark
[2026-09-05T11:01:20.674-0400][844.330s][info][gc          ] GC(415) Pause Remark 1208M->1194M(3768M) 8.063ms
[2026-09-05T11:01:20.674-0400][844.330s][info][gc,cpu      ] GC(415) User=0.09s Sys=0.00s Real=0.01s
[2026-09-05T11:01:20.674-0400][844.330s][info][gc,marking  ] GC(415) Concurrent Mark 98.255ms
[2026-09-05T11:01:20.674-0400][844.330s][info][gc,marking  ] GC(415) Concurrent Rebuild Remembered Sets
[2026-09-05T11:01:20.739-0400][844.393s][info][gc,marking  ] GC(415) Concurrent Rebuild Remembered Sets 63.508ms
[2026-09-05T11:01:20.739-0400][844.393s][info][gc,start    ] GC(415) Pause Cleanup
[2026-09-05T11:01:20.739-0400][844.394s][info][gc          ] GC(415) Pause Cleanup 1202M->1202M(3768M) 0.472ms
[2026-09-05T11:01:20.739-0400][844.394s][info][gc,cpu      ] GC(415) User=0.00s Sys=0.00s Real=0.00s
[2026-09-05T11:01:20.739-0400][844.394s][info][gc,marking  ] GC(415) Concurrent Cleanup for Next Mark
[2026-09-05T11:01:20.741-0400][844.395s][info][gc,marking  ] GC(415) Concurrent Cleanup for Next Mark 1.213ms
[2026-09-05T11:01:20.741-0400][844.395s][info][gc          ] GC(415) Concurrent Mark Cycle 167.407ms
[2026-09-05T11:01:35.608-0400][859.263s][info][gc,start    ] GC(416) Pause Young (Prepare Mixed) (G1 Evacuation Pause)
[2026-09-05T11:01:35.608-0400][859.263s][info][gc,task     ] GC(416) Using 23 workers of 23 for evacuation
[2026-09-05T11:01:35.615-0400][859.270s][info][gc,phases   ] GC(416)   Pre Evacuate Collection Set: 0.32ms
[2026-09-05T11:01:35.615-0400][859.270s][info][gc,phases   ] GC(416)   Merge Heap Roots: 0.24ms
[2026-09-05T11:01:35.615-0400][859.270s][info][gc,phases   ] GC(416)   Evacuate Collection Set: 5.06ms
[2026-09-05T11:01:35.615-0400][859.270s][info][gc,phases   ] GC(416)   Post Evacuate Collection Set: 0.85ms
[2026-09-05T11:01:35.615-0400][859.270s][info][gc,phases   ] GC(416)   Other: 0.15ms
[2026-09-05T11:01:35.615-0400][859.270s][info][gc,heap     ] GC(416) Eden regions: 980->0(54)
[2026-09-05T11:01:35.615-0400][859.270s][info][gc,heap     ] GC(416) Survivor regions: 38->40(128)
[2026-09-05T11:01:35.615-0400][859.270s][info][gc,heap     ] GC(416) Old regions: 523->523
[2026-09-05T11:01:35.615-0400][859.270s][info][gc,heap     ] GC(416) Archive regions: 0->0
[2026-09-05T11:01:35.615-0400][859.270s][info][gc,heap     ] GC(416) Humongous regions: 27->27
[2026-09-05T11:01:35.615-0400][859.270s][info][gc,metaspace] GC(416) Metaspace: 155504K(158272K)->155504K(158272K) NonClass: 133476K(134976K)->133476K(134976K) Class: 22027K(23296K)->22027K(23296K)
[2026-09-05T11:01:35.615-0400][859.270s][info][gc          ] GC(416) Pause Young (Prepare Mixed) (G1 Evacuation Pause) 3135M->1179M(3768M) 6.752ms
[2026-09-05T11:01:35.615-0400][859.270s][info][gc,cpu      ] GC(416) User=0.00s Sys=0.00s Real=0.01s
[2026-09-05T11:01:36.515-0400][860.170s][info][gc,start    ] GC(417) Pause Young (Mixed) (G1 Evacuation Pause)
[2026-09-05T11:01:36.515-0400][860.170s][info][gc,task     ] GC(417) Using 23 workers of 23 for evacuation
[2026-09-05T11:01:36.524-0400][860.179s][info][gc,phases   ] GC(417)   Pre Evacuate Collection Set: 0.21ms
[2026-09-05T11:01:36.524-0400][860.179s][info][gc,phases   ] GC(417)   Merge Heap Roots: 0.21ms
[2026-09-05T11:01:36.524-0400][860.179s][info][gc,phases   ] GC(417)   Evacuate Collection Set: 7.74ms
[2026-09-05T11:01:36.525-0400][860.179s][info][gc,phases   ] GC(417)   Post Evacuate Collection Set: 1.00ms
[2026-09-05T11:01:36.525-0400][860.179s][info][gc,phases   ] GC(417)   Other: 0.13ms
[2026-09-05T11:01:36.525-0400][860.179s][info][gc,heap     ] GC(417) Eden regions: 54->0(1085)
[2026-09-05T11:01:36.525-0400][860.179s][info][gc,heap     ] GC(417) Survivor regions: 40->10(12)
[2026-09-05T11:01:36.525-0400][860.179s][info][gc,heap     ] GC(417) Old regions: 523->478
[2026-09-05T11:01:36.525-0400][860.179s][info][gc,heap     ] GC(417) Archive regions: 0->0
[2026-09-05T11:01:36.525-0400][860.179s][info][gc,heap     ] GC(417) Humongous regions: 27->27
[2026-09-05T11:01:36.525-0400][860.179s][info][gc,metaspace] GC(417) Metaspace: 155504K(158272K)->155504K(158272K) NonClass: 133476K(134976K)->133476K(134976K) Class: 22027K(23296K)->22027K(23296K)
[2026-09-05T11:01:36.525-0400][860.179s][info][gc          ] GC(417) Pause Young (Mixed) (G1 Evacuation Pause) 1287M->1028M(3768M) 9.427ms
[2026-09-05T11:01:36.525-0400][860.179s][info][gc,cpu      ] GC(417) User=0.00s Sys=0.00s Real=0.01s
[2026-09-05T11:01:54.661-0400][878.316s][info][gc,start    ] GC(418) Pause Young (Normal) (G1 Evacuation Pause)
[2026-09-05T11:01:54.661-0400][878.316s][info][gc,task     ] GC(418) Using 23 workers of 23 for evacuation
[2026-09-05T11:01:54.664-0400][878.319s][info][gc,phases   ] GC(418)   Pre Evacuate Collection Set: 0.24ms
[2026-09-05T11:01:54.664-0400][878.319s][info][gc,phases   ] GC(418)   Merge Heap Roots: 0.32ms
[2026-09-05T11:01:54.664-0400][878.319s][info][gc,phases   ] GC(418)   Evacuate Collection Set: 1.48ms
[2026-09-05T11:01:54.664-0400][878.319s][info][gc,phases   ] GC(418)   Post Evacuate Collection Set: 0.90ms
[2026-09-05T11:01:54.664-0400][878.319s][info][gc,phases   ] GC(418)   Other: 0.13ms
[2026-09-05T11:01:54.664-0400][878.319s][info][gc,heap     ] GC(418) Eden regions: 1085->0(1107)
[2026-09-05T11:01:54.664-0400][878.319s][info][gc,heap     ] GC(418) Survivor regions: 10->7(137)
[2026-09-05T11:01:54.664-0400][878.319s][info][gc,heap     ] GC(418) Old regions: 478->478
[2026-09-05T11:01:54.664-0400][878.319s][info][gc,heap     ] GC(418) Archive regions: 0->0
[2026-09-05T11:01:54.664-0400][878.319s][info][gc,heap     ] GC(418) Humongous regions: 27->27
[2026-09-05T11:01:54.664-0400][878.319s][info][gc,metaspace] GC(418) Metaspace: 155517K(158272K)->155517K(158272K) NonClass: 133490K(134976K)->133490K(134976K) Class: 22027K(23296K)->22027K(23296K)
[2026-09-05T11:01:54.664-0400][878.319s][info][gc          ] GC(418) Pause Young (Normal) (G1 Evacuation Pause) 3198M->1022M(3768M) 3.198ms
[2026-09-05T11:01:54.664-0400][878.319s][info][gc,cpu      ] GC(418) User=0.00s Sys=0.00s Real=0.00s
