[2026-09-05T21:12:08.590-0400][0.011s][info][gc] Using G1
[2026-09-05T21:12:08.593-0400][0.015s][info][gc,init] Version: 17.0.18+8 (release)
[2026-09-05T21:12:08.593-0400][0.015s][info][gc,init] CPUs: 32 total, 32 available
[2026-09-05T21:12:08.593-0400][0.015s][info][gc,init] Memory: 32456M
[2026-09-05T21:12:08.593-0400][0.015s][info][gc,init] Large Page Support: Disabled
[2026-09-05T21:12:08.593-0400][0.015s][info][gc,init] NUMA Support: Disabled
[2026-09-05T21:12:08.593-0400][0.015s][info][gc,init] Compressed Oops: Enabled (Zero based)
[2026-09-05T21:12:08.593-0400][0.015s][info][gc,init] Heap Region Size: 2M
[2026-09-05T21:12:08.593-0400][0.015s][info][gc,init] Heap Min Capacity: 1G
[2026-09-05T21:12:08.593-0400][0.015s][info][gc,init] Heap Initial Capacity: 1G
[2026-09-05T21:12:08.593-0400][0.015s][info][gc,init] Heap Max Capacity: 4G
[2026-09-05T21:12:08.593-0400][0.015s][info][gc,init] Pre-touch: Disabled
[2026-09-05T21:12:08.593-0400][0.015s][info][gc,init] Parallel Workers: 23
[2026-09-05T21:12:08.593-0400][0.015s][info][gc,init] Concurrent Workers: 6
[2026-09-05T21:12:08.593-0400][0.015s][info][gc,init] Concurrent Refinement Workers: 23
[2026-09-05T21:12:08.593-0400][0.015s][info][gc,init] Periodic GC: Disabled
[2026-09-05T21:12:08.601-0400][0.022s][info][gc,metaspace] CDS archive(s) mapped at: [0x000002204d000000-0x000002204dbb0000-0x000002204dbb0000), size 12255232, SharedBaseAddress: 0x000002204d000000, ArchiveRelocationMode: 1.
[2026-09-05T21:12:08.601-0400][0.022s][info][gc,metaspace] Compressed class space mapped at: 0x000002204e000000-0x000002208e000000, reserved size: 1073741824
[2026-09-05T21:12:08.601-0400][0.022s][info][gc,metaspace] Narrow klass base: 0x000002204d000000, Narrow klass shift: 0, Narrow klass range: 0x100000000
[2026-09-05T21:12:09.613-0400][1.035s][info][gc,start    ] GC(0) Pause Young (Normal) (G1 Evacuation Pause)
[2026-09-05T21:12:09.615-0400][1.037s][info][gc,task     ] GC(0) Using 23 workers of 23 for evacuation
[2026-09-05T21:12:09.620-0400][1.041s][info][gc,phases   ] GC(0)   Pre Evacuate Collection Set: 0.11ms
[2026-09-05T21:12:09.620-0400][1.041s][info][gc,phases   ] GC(0)   Merge Heap Roots: 0.10ms
[2026-09-05T21:12:09.620-0400][1.041s][info][gc,phases   ] GC(0)   Evacuate Collection Set: 2.96ms
[2026-09-05T21:12:09.620-0400][1.041s][info][gc,phases   ] GC(0)   Post Evacuate Collection Set: 0.45ms
[2026-09-05T21:12:09.620-0400][1.041s][info][gc,phases   ] GC(0)   Other: 2.01ms
[2026-09-05T21:12:09.620-0400][1.041s][info][gc,heap     ] GC(0) Eden regions: 25->0(21)
[2026-09-05T21:12:09.620-0400][1.041s][info][gc,heap     ] GC(0) Survivor regions: 0->4(4)
[2026-09-05T21:12:09.620-0400][1.041s][info][gc,heap     ] GC(0) Old regions: 0->2
[2026-09-05T21:12:09.620-0400][1.041s][info][gc,heap     ] GC(0) Archive regions: 0->0
[2026-09-05T21:12:09.620-0400][1.041s][info][gc,heap     ] GC(0) Humongous regions: 4->2
[2026-09-05T21:12:09.620-0400][1.041s][info][gc,metaspace] GC(0) Metaspace: 4949K(5184K)->4949K(5184K) NonClass: 4469K(4608K)->4469K(4608K) Class: 479K(576K)->479K(576K)
[2026-09-05T21:12:09.620-0400][1.041s][info][gc          ] GC(0) Pause Young (Normal) (G1 Evacuation Pause) 58M->14M(1024M) 5.779ms
[2026-09-05T21:12:09.620-0400][1.041s][info][gc,cpu      ] GC(0) User=0.03s Sys=0.03s Real=0.01s
[2026-09-05T21:12:09.819-0400][1.240s][info][gc,start    ] GC(1) Pause Young (Normal) (G1 Evacuation Pause)
[2026-09-05T21:12:09.819-0400][1.241s][info][gc,task     ] GC(1) Using 23 workers of 23 for evacuation
[2026-09-05T21:12:09.821-0400][1.243s][info][gc,phases   ] GC(1)   Pre Evacuate Collection Set: 0.16ms
[2026-09-05T21:12:09.822-0400][1.243s][info][gc,phases   ] GC(1)   Merge Heap Roots: 0.07ms
[2026-09-05T21:12:09.822-0400][1.243s][info][gc,phases   ] GC(1)   Evacuate Collection Set: 1.95ms
[2026-09-05T21:12:09.822-0400][1.243s][info][gc,phases   ] GC(1)   Post Evacuate Collection Set: 0.42ms
[2026-09-05T21:12:09.822-0400][1.243s][info][gc,phases   ] GC(1)   Other: 0.12ms
[2026-09-05T21:12:09.822-0400][1.243s][info][gc,heap     ] GC(1) Eden regions: 21->0(33)
[2026-09-05T21:12:09.822-0400][1.243s][info][gc,heap     ] GC(1) Survivor regions: 4->3(4)
[2026-09-05T21:12:09.822-0400][1.243s][info][gc,heap     ] GC(1) Old regions: 2->5
[2026-09-05T21:12:09.822-0400][1.243s][info][gc,heap     ] GC(1) Archive regions: 0->0
[2026-09-05T21:12:09.822-0400][1.243s][info][gc,heap     ] GC(1) Humongous regions: 3->3
[2026-09-05T21:12:09.822-0400][1.243s][info][gc,metaspace] GC(1) Metaspace: 4997K(5184K)->4997K(5184K) NonClass: 4518K(4608K)->4518K(4608K) Class: 479K(576K)->479K(576K)
[2026-09-05T21:12:09.822-0400][1.243s][info][gc          ] GC(1) Pause Young (Normal) (G1 Evacuation Pause) 58M->21M(1024M) 2.893ms
[2026-09-05T21:12:09.822-0400][1.243s][info][gc,cpu      ] GC(1) User=0.00s Sys=0.00s Real=0.00s
[2026-09-05T21:12:10.091-0400][1.513s][info][gc,start    ] GC(2) Pause Young (Normal) (G1 Evacuation Pause)
[2026-09-05T21:12:10.091-0400][1.513s][info][gc,task     ] GC(2) Using 23 workers of 23 for evacuation
[2026-09-05T21:12:10.093-0400][1.515s][info][gc,phases   ] GC(2)   Pre Evacuate Collection Set: 0.08ms
[2026-09-05T21:12:10.093-0400][1.515s][info][gc,phases   ] GC(2)   Merge Heap Roots: 0.09ms
[2026-09-05T21:12:10.093-0400][1.515s][info][gc,phases   ] GC(2)   Evacuate Collection Set: 1.42ms
[2026-09-05T21:12:10.093-0400][1.515s][info][gc,phases   ] GC(2)   Post Evacuate Collection Set: 0.34ms
[2026-09-05T21:12:10.093-0400][1.515s][info][gc,phases   ] GC(2)   Other: 0.10ms
[2026-09-05T21:12:10.093-0400][1.515s][info][gc,heap     ] GC(2) Eden regions: 33->0(306)
[2026-09-05T21:12:10.093-0400][1.515s][info][gc,heap     ] GC(2) Survivor regions: 3->1(5)
[2026-09-05T21:12:10.093-0400][1.515s][info][gc,heap     ] GC(2) Old regions: 5->8
[2026-09-05T21:12:10.093-0400][1.515s][info][gc,heap     ] GC(2) Archive regions: 0->0
[2026-09-05T21:12:10.093-0400][1.515s][info][gc,heap     ] GC(2) Humongous regions: 3->3
[2026-09-05T21:12:10.093-0400][1.515s][info][gc,metaspace] GC(2) Metaspace: 5055K(5248K)->5055K(5248K) NonClass: 4576K(4672K)->4576K(4672K) Class: 479K(576K)->479K(576K)
[2026-09-05T21:12:10.093-0400][1.515s][info][gc          ] GC(2) Pause Young (Normal) (G1 Evacuation Pause) 87M->22M(1024M) 2.162ms
[2026-09-05T21:12:10.093-0400][1.515s][info][gc,cpu      ] GC(2) User=0.00s Sys=0.00s Real=0.00s
[2026-09-05T21:12:12.800-0400][4.222s][info][gc,start    ] GC(3) Pause Young (Concurrent Start) (Metadata GC Threshold)
[2026-09-05T21:12:12.800-0400][4.222s][info][gc,task     ] GC(3) Using 23 workers of 23 for evacuation
[2026-09-05T21:12:12.817-0400][4.238s][info][gc,phases   ] GC(3)   Pre Evacuate Collection Set: 0.14ms
[2026-09-05T21:12:12.817-0400][4.238s][info][gc,phases   ] GC(3)   Merge Heap Roots: 0.10ms
[2026-09-05T21:12:12.817-0400][4.238s][info][gc,phases   ] GC(3)   Evacuate Collection Set: 14.25ms
[2026-09-05T21:12:12.817-0400][4.238s][info][gc,phases   ] GC(3)   Post Evacuate Collection Set: 0.92ms
[2026-09-05T21:12:12.817-0400][4.238s][info][gc,phases   ] GC(3)   Other: 0.26ms
[2026-09-05T21:12:12.817-0400][4.238s][info][gc,heap     ] GC(3) Eden regions: 214->0(118)
[2026-09-05T21:12:12.817-0400][4.238s][info][gc,heap     ] GC(3) Survivor regions: 1->19(39)
[2026-09-05T21:12:12.817-0400][4.238s][info][gc,heap     ] GC(3) Old regions: 8->8
[2026-09-05T21:12:12.817-0400][4.238s][info][gc,heap     ] GC(3) Archive regions: 0->0
[2026-09-05T21:12:12.817-0400][4.238s][info][gc,heap     ] GC(3) Humongous regions: 15->5
[2026-09-05T21:12:12.817-0400][4.238s][info][gc,metaspace] GC(3) Metaspace: 21163K(21504K)->21163K(21504K) NonClass: 18752K(18944K)->18752K(18944K) Class: 2411K(2560K)->2411K(2560K)
[2026-09-05T21:12:12.817-0400][4.238s][info][gc          ] GC(3) Pause Young (Concurrent Start) (Metadata GC Threshold) 473M->62M(1024M) 15.801ms
[2026-09-05T21:12:12.817-0400][4.238s][info][gc,cpu      ] GC(3) User=0.19s Sys=0.02s Real=0.02s
[2026-09-05T21:12:12.817-0400][4.238s][info][gc          ] GC(4) Concurrent Mark Cycle
[2026-09-05T21:12:12.817-0400][4.238s][info][gc,marking  ] GC(4) Concurrent Clear Claimed Marks
[2026-09-05T21:12:12.817-0400][4.238s][info][gc,marking  ] GC(4) Concurrent Clear Claimed Marks 0.081ms
[2026-09-05T21:12:12.817-0400][4.238s][info][gc,marking  ] GC(4) Concurrent Scan Root Regions
[2026-09-05T21:12:12.820-0400][4.241s][info][gc,marking  ] GC(4) Concurrent Scan Root Regions 2.710ms
[2026-09-05T21:12:12.820-0400][4.241s][info][gc,marking  ] GC(4) Concurrent Mark
[2026-09-05T21:12:12.820-0400][4.241s][info][gc,marking  ] GC(4) Concurrent Mark From Roots
[2026-09-05T21:12:12.820-0400][4.241s][info][gc,task     ] GC(4) Using 6 workers of 6 for marking
[2026-09-05T21:12:12.822-0400][4.243s][info][gc,marking  ] GC(4) Concurrent Mark From Roots 1.701ms
[2026-09-05T21:12:12.822-0400][4.243s][info][gc,marking  ] GC(4) Concurrent Preclean
[2026-09-05T21:12:12.822-0400][4.243s][info][gc,marking  ] GC(4) Concurrent Preclean 0.094ms
[2026-09-05T21:12:12.822-0400][4.243s][info][gc,start    ] GC(4) Pause Remark
[2026-09-05T21:12:12.824-0400][4.245s][info][gc          ] GC(4) Pause Remark 63M->63M(1024M) 1.644ms
[2026-09-05T21:12:12.824-0400][4.245s][info][gc,cpu      ] GC(4) User=0.00s Sys=0.00s Real=0.00s
[2026-09-05T21:12:12.824-0400][4.245s][info][gc,marking  ] GC(4) Concurrent Mark 3.652ms
[2026-09-05T21:12:12.824-0400][4.245s][info][gc,marking  ] GC(4) Concurrent Rebuild Remembered Sets
[2026-09-05T21:12:12.825-0400][4.246s][info][gc,marking  ] GC(4) Concurrent Rebuild Remembered Sets 0.929ms
[2026-09-05T21:12:12.825-0400][4.246s][info][gc,start    ] GC(4) Pause Cleanup
[2026-09-05T21:12:12.825-0400][4.246s][info][gc          ] GC(4) Pause Cleanup 63M->63M(1024M) 0.148ms
[2026-09-05T21:12:12.825-0400][4.246s][info][gc,cpu      ] GC(4) User=0.00s Sys=0.00s Real=0.00s
[2026-09-05T21:12:12.825-0400][4.246s][info][gc,marking  ] GC(4) Concurrent Cleanup for Next Mark
[2026-09-05T21:12:12.828-0400][4.249s][info][gc,marking  ] GC(4) Concurrent Cleanup for Next Mark 2.615ms
[2026-09-05T21:12:12.828-0400][4.249s][info][gc          ] GC(4) Concurrent Mark Cycle 10.490ms
[2026-09-05T21:12:13.861-0400][5.282s][info][gc,start    ] GC(5) Pause Young (Normal) (G1 Evacuation Pause)
[2026-09-05T21:12:13.861-0400][5.282s][info][gc,task     ] GC(5) Using 23 workers of 23 for evacuation
[2026-09-05T21:12:13.872-0400][5.293s][info][gc,phases   ] GC(5)   Pre Evacuate Collection Set: 0.07ms
[2026-09-05T21:12:13.872-0400][5.293s][info][gc,phases   ] GC(5)   Merge Heap Roots: 0.09ms
[2026-09-05T21:12:13.872-0400][5.293s][info][gc,phases   ] GC(5)   Evacuate Collection Set: 10.55ms
[2026-09-05T21:12:13.872-0400][5.293s][info][gc,phases   ] GC(5)   Post Evacuate Collection Set: 0.88ms
[2026-09-05T21:12:13.872-0400][5.293s][info][gc,phases   ] GC(5)   Other: 0.12ms
[2026-09-05T21:12:13.872-0400][5.293s][info][gc,heap     ] GC(5) Eden regions: 162->0(170)
[2026-09-05T21:12:13.872-0400][5.293s][info][gc,heap     ] GC(5) Survivor regions: 19->10(23)
[2026-09-05T21:12:13.872-0400][5.293s][info][gc,heap     ] GC(5) Old regions: 8->26
[2026-09-05T21:12:13.872-0400][5.293s][info][gc,heap     ] GC(5) Archive regions: 0->0
[2026-09-05T21:12:13.872-0400][5.293s][info][gc,heap     ] GC(5) Humongous regions: 5->5
[2026-09-05T21:12:13.872-0400][5.293s][info][gc,metaspace] GC(5) Metaspace: 30104K(30976K)->30104K(30976K) NonClass: 26587K(27072K)->26587K(27072K) Class: 3516K(3904K)->3516K(3904K)
[2026-09-05T21:12:13.872-0400][5.293s][info][gc          ] GC(5) Pause Young (Normal) (G1 Evacuation Pause) 386M->80M(1024M) 11.847ms
[2026-09-05T21:12:13.872-0400][5.293s][info][gc,cpu      ] GC(5) User=0.22s Sys=0.17s Real=0.01s
[2026-09-05T21:12:14.349-0400][5.771s][info][gc,start    ] GC(6) Pause Young (Normal) (G1 Evacuation Pause)
[2026-09-05T21:12:14.349-0400][5.771s][info][gc,task     ] GC(6) Using 23 workers of 23 for evacuation
[2026-09-05T21:12:14.353-0400][5.774s][info][gc,phases   ] GC(6)   Pre Evacuate Collection Set: 0.13ms
[2026-09-05T21:12:14.353-0400][5.774s][info][gc,phases   ] GC(6)   Merge Heap Roots: 0.09ms
[2026-09-05T21:12:14.353-0400][5.774s][info][gc,phases   ] GC(6)   Evacuate Collection Set: 2.32ms
[2026-09-05T21:12:14.353-0400][5.774s][info][gc,phases   ] GC(6)   Post Evacuate Collection Set: 0.71ms
[2026-09-05T21:12:14.353-0400][5.774s][info][gc,phases   ] GC(6)   Other: 0.13ms
[2026-09-05T21:12:14.353-0400][5.774s][info][gc,heap     ] GC(6) Eden regions: 170->0(295)
[2026-09-05T21:12:14.353-0400][5.774s][info][gc,heap     ] GC(6) Survivor regions: 10->12(23)
[2026-09-05T21:12:14.353-0400][5.774s][info][gc,heap     ] GC(6) Old regions: 26->26
[2026-09-05T21:12:14.353-0400][5.774s][info][gc,heap     ] GC(6) Archive regions: 0->0
[2026-09-05T21:12:14.353-0400][5.774s][info][gc,heap     ] GC(6) Humongous regions: 5->5
[2026-09-05T21:12:14.353-0400][5.774s][info][gc,metaspace] GC(6) Metaspace: 31178K(32192K)->31178K(32192K) NonClass: 27493K(28096K)->27493K(28096K) Class: 3684K(4096K)->3684K(4096K)
[2026-09-05T21:12:14.353-0400][5.774s][info][gc          ] GC(6) Pause Young (Normal) (G1 Evacuation Pause) 420M->83M(1024M) 3.547ms
[2026-09-05T21:12:14.353-0400][5.774s][info][gc,cpu      ] GC(6) User=0.00s Sys=0.00s Real=0.00s
[2026-09-05T21:12:15.955-0400][7.377s][info][gc,start    ] GC(7) Pause Young (Normal) (G1 Evacuation Pause)
[2026-09-05T21:12:15.955-0400][7.377s][info][gc,task     ] GC(7) Using 23 workers of 23 for evacuation
[2026-09-05T21:12:15.964-0400][7.385s][info][gc,phases   ] GC(7)   Pre Evacuate Collection Set: 0.13ms
[2026-09-05T21:12:15.964-0400][7.385s][info][gc,phases   ] GC(7)   Merge Heap Roots: 0.10ms
[2026-09-05T21:12:15.964-0400][7.385s][info][gc,phases   ] GC(7)   Evacuate Collection Set: 7.31ms
[2026-09-05T21:12:15.964-0400][7.385s][info][gc,phases   ] GC(7)   Post Evacuate Collection Set: 0.68ms
[2026-09-05T21:12:15.964-0400][7.385s][info][gc,phases   ] GC(7)   Other: 0.12ms
[2026-09-05T21:12:15.964-0400][7.385s][info][gc,heap     ] GC(7) Eden regions: 295->0(287)
[2026-09-05T21:12:15.964-0400][7.385s][info][gc,heap     ] GC(7) Survivor regions: 12->20(39)
[2026-09-05T21:12:15.964-0400][7.385s][info][gc,heap     ] GC(7) Old regions: 26->26
[2026-09-05T21:12:15.964-0400][7.385s][info][gc,heap     ] GC(7) Archive regions: 0->0
[2026-09-05T21:12:15.964-0400][7.385s][info][gc,heap     ] GC(7) Humongous regions: 5->5
[2026-09-05T21:12:15.964-0400][7.385s][info][gc,metaspace] GC(7) Metaspace: 32974K(33984K)->32974K(33984K) NonClass: 29075K(29632K)->29075K(29632K) Class: 3899K(4352K)->3899K(4352K)
[2026-09-05T21:12:15.964-0400][7.385s][info][gc          ] GC(7) Pause Young (Normal) (G1 Evacuation Pause) 673M->99M(1024M) 8.489ms
[2026-09-05T21:12:15.964-0400][7.385s][info][gc,cpu      ] GC(7) User=0.17s Sys=0.22s Real=0.01s
[2026-09-05T21:12:16.268-0400][7.689s][info][gc,start    ] GC(8) Pause Young (Concurrent Start) (Metadata GC Threshold)
[2026-09-05T21:12:16.268-0400][7.689s][info][gc,task     ] GC(8) Using 23 workers of 23 for evacuation
[2026-09-05T21:12:16.272-0400][7.693s][info][gc,phases   ] GC(8)   Pre Evacuate Collection Set: 0.15ms
[2026-09-05T21:12:16.272-0400][7.694s][info][gc,phases   ] GC(8)   Merge Heap Roots: 0.09ms
[2026-09-05T21:12:16.272-0400][7.694s][info][gc,phases   ] GC(8)   Evacuate Collection Set: 3.10ms
[2026-09-05T21:12:16.272-0400][7.694s][info][gc,phases   ] GC(8)   Post Evacuate Collection Set: 0.72ms
[2026-09-05T21:12:16.272-0400][7.694s][info][gc,phases   ] GC(8)   Other: 0.16ms
[2026-09-05T21:12:16.272-0400][7.694s][info][gc,heap     ] GC(8) Eden regions: 25->0(286)
[2026-09-05T21:12:16.272-0400][7.694s][info][gc,heap     ] GC(8) Survivor regions: 20->21(39)
[2026-09-05T21:12:16.272-0400][7.694s][info][gc,heap     ] GC(8) Old regions: 26->26
[2026-09-05T21:12:16.272-0400][7.694s][info][gc,heap     ] GC(8) Archive regions: 0->0
[2026-09-05T21:12:16.272-0400][7.694s][info][gc,heap     ] GC(8) Humongous regions: 5->5
[2026-09-05T21:12:16.272-0400][7.694s][info][gc,metaspace] GC(8) Metaspace: 35094K(36160K)->35094K(36160K) NonClass: 30918K(31488K)->30918K(31488K) Class: 4176K(4672K)->4176K(4672K)
[2026-09-05T21:12:16.272-0400][7.694s][info][gc          ] GC(8) Pause Young (Concurrent Start) (Metadata GC Threshold) 149M->102M(1024M) 4.370ms
[2026-09-05T21:12:16.272-0400][7.694s][info][gc,cpu      ] GC(8) User=0.20s Sys=0.17s Real=0.00s
[2026-09-05T21:12:16.272-0400][7.694s][info][gc          ] GC(9) Concurrent Mark Cycle
[2026-09-05T21:12:16.272-0400][7.694s][info][gc,marking  ] GC(9) Concurrent Clear Claimed Marks
[2026-09-05T21:12:16.272-0400][7.694s][info][gc,marking  ] GC(9) Concurrent Clear Claimed Marks 0.065ms
[2026-09-05T21:12:16.272-0400][7.694s][info][gc,marking  ] GC(9) Concurrent Scan Root Regions
[2026-09-05T21:12:16.275-0400][7.696s][info][gc,marking  ] GC(9) Concurrent Scan Root Regions 2.230ms
[2026-09-05T21:12:16.275-0400][7.696s][info][gc,marking  ] GC(9) Concurrent Mark
[2026-09-05T21:12:16.275-0400][7.696s][info][gc,marking  ] GC(9) Concurrent Mark From Roots
[2026-09-05T21:12:16.275-0400][7.696s][info][gc,task     ] GC(9) Using 6 workers of 6 for marking
[2026-09-05T21:12:16.281-0400][7.702s][info][gc,marking  ] GC(9) Concurrent Mark From Roots 6.143ms
[2026-09-05T21:12:16.281-0400][7.702s][info][gc,marking  ] GC(9) Concurrent Preclean
[2026-09-05T21:12:16.281-0400][7.703s][info][gc,marking  ] GC(9) Concurrent Preclean 0.159ms
[2026-09-05T21:12:16.281-0400][7.703s][info][gc,start    ] GC(9) Pause Remark
[2026-09-05T21:12:16.284-0400][7.705s][info][gc          ] GC(9) Pause Remark 105M->105M(1024M) 2.562ms
[2026-09-05T21:12:16.284-0400][7.705s][info][gc,cpu      ] GC(9) User=0.00s Sys=0.00s Real=0.00s
[2026-09-05T21:12:16.284-0400][7.705s][info][gc,marking  ] GC(9) Concurrent Mark 9.084ms
[2026-09-05T21:12:16.284-0400][7.705s][info][gc,marking  ] GC(9) Concurrent Rebuild Remembered Sets
[2026-09-05T21:12:16.288-0400][7.709s][info][gc,marking  ] GC(9) Concurrent Rebuild Remembered Sets 3.839ms
[2026-09-05T21:12:16.288-0400][7.710s][info][gc,start    ] GC(9) Pause Cleanup
[2026-09-05T21:12:16.288-0400][7.710s][info][gc          ] GC(9) Pause Cleanup 106M->106M(1024M) 0.144ms
[2026-09-05T21:12:16.288-0400][7.710s][info][gc,cpu      ] GC(9) User=0.00s Sys=0.00s Real=0.00s
[2026-09-05T21:12:16.288-0400][7.710s][info][gc,marking  ] GC(9) Concurrent Cleanup for Next Mark
[2026-09-05T21:12:16.290-0400][7.711s][info][gc,marking  ] GC(9) Concurrent Cleanup for Next Mark 1.565ms
[2026-09-05T21:12:16.290-0400][7.711s][info][gc          ] GC(9) Concurrent Mark Cycle 17.596ms
[2026-09-05T21:12:19.768-0400][11.189s][info][gc,start    ] GC(10) Pause Young (Normal) (G1 Evacuation Pause)
[2026-09-05T21:12:19.768-0400][11.189s][info][gc,task     ] GC(10) Using 23 workers of 23 for evacuation
[2026-09-05T21:12:19.781-0400][11.202s][info][gc,phases   ] GC(10)   Pre Evacuate Collection Set: 0.12ms
[2026-09-05T21:12:19.781-0400][11.202s][info][gc,phases   ] GC(10)   Merge Heap Roots: 0.09ms
[2026-09-05T21:12:19.781-0400][11.202s][info][gc,phases   ] GC(10)   Evacuate Collection Set: 11.06ms
[2026-09-05T21:12:19.781-0400][11.202s][info][gc,phases   ] GC(10)   Post Evacuate Collection Set: 1.22ms
[2026-09-05T21:12:19.781-0400][11.202s][info][gc,phases   ] GC(10)   Other: 0.12ms
[2026-09-05T21:12:19.781-0400][11.202s][info][gc,heap     ] GC(10) Eden regions: 286->0(271)
[2026-09-05T21:12:19.781-0400][11.202s][info][gc,heap     ] GC(10) Survivor regions: 21->36(39)
[2026-09-05T21:12:19.781-0400][11.202s][info][gc,heap     ] GC(10) Old regions: 26->26
[2026-09-05T21:12:19.781-0400][11.202s][info][gc,heap     ] GC(10) Archive regions: 0->0
[2026-09-05T21:12:19.781-0400][11.202s][info][gc,heap     ] GC(10) Humongous regions: 11->11
[2026-09-05T21:12:19.781-0400][11.202s][info][gc,metaspace] GC(10) Metaspace: 50748K(52160K)->50748K(52160K) NonClass: 44381K(45184K)->44381K(45184K) Class: 6366K(6976K)->6366K(6976K)
[2026-09-05T21:12:19.781-0400][11.202s][info][gc          ] GC(10) Pause Young (Normal) (G1 Evacuation Pause) 686M->145M(1024M) 12.766ms
[2026-09-05T21:12:19.781-0400][11.202s][info][gc,cpu      ] GC(10) User=0.14s Sys=0.28s Real=0.01s
[2026-09-05T21:12:21.067-0400][12.488s][info][gc,start    ] GC(11) Pause Young (Concurrent Start) (Metadata GC Threshold)
[2026-09-05T21:12:21.067-0400][12.488s][info][gc,task     ] GC(11) Using 23 workers of 23 for evacuation
[2026-09-05T21:12:21.090-0400][12.511s][info][gc,phases   ] GC(11)   Pre Evacuate Collection Set: 0.15ms
[2026-09-05T21:12:21.090-0400][12.511s][info][gc,phases   ] GC(11)   Merge Heap Roots: 0.10ms
[2026-09-05T21:12:21.090-0400][12.511s][info][gc,phases   ] GC(11)   Evacuate Collection Set: 21.10ms
[2026-09-05T21:12:21.090-0400][12.511s][info][gc,phases   ] GC(11)   Post Evacuate Collection Set: 1.65ms
[2026-09-05T21:12:21.090-0400][12.511s][info][gc,phases   ] GC(11)   Other: 0.17ms
[2026-09-05T21:12:21.090-0400][12.511s][info][gc,heap     ] GC(11) Eden regions: 187->0(268)
[2026-09-05T21:12:21.090-0400][12.511s][info][gc,heap     ] GC(11) Survivor regions: 36->39(39)
[2026-09-05T21:12:21.090-0400][12.511s][info][gc,heap     ] GC(11) Old regions: 26->45
[2026-09-05T21:12:21.090-0400][12.511s][info][gc,heap     ] GC(11) Archive regions: 0->0
[2026-09-05T21:12:21.090-0400][12.511s][info][gc,heap     ] GC(11) Humongous regions: 11->11
[2026-09-05T21:12:21.090-0400][12.512s][info][gc,metaspace] GC(11) Metaspace: 59023K(60416K)->59023K(60416K) NonClass: 51221K(51968K)->51221K(51968K) Class: 7801K(8448K)->7801K(8448K)
[2026-09-05T21:12:21.090-0400][12.512s][info][gc          ] GC(11) Pause Young (Concurrent Start) (Metadata GC Threshold) 519M->189M(1024M) 23.313ms
[2026-09-05T21:12:21.090-0400][12.512s][info][gc,cpu      ] GC(11) User=0.31s Sys=0.12s Real=0.02s
[2026-09-05T21:12:21.090-0400][12.512s][info][gc          ] GC(12) Concurrent Mark Cycle
[2026-09-05T21:12:21.090-0400][12.512s][info][gc,marking  ] GC(12) Concurrent Clear Claimed Marks
[2026-09-05T21:12:21.090-0400][12.512s][info][gc,marking  ] GC(12) Concurrent Clear Claimed Marks 0.080ms
[2026-09-05T21:12:21.090-0400][12.512s][info][gc,marking  ] GC(12) Concurrent Scan Root Regions
[2026-09-05T21:12:21.099-0400][12.520s][info][gc,marking  ] GC(12) Concurrent Scan Root Regions 8.420ms
[2026-09-05T21:12:21.099-0400][12.520s][info][gc,marking  ] GC(12) Concurrent Mark
[2026-09-05T21:12:21.099-0400][12.520s][info][gc,marking  ] GC(12) Concurrent Mark From Roots
[2026-09-05T21:12:21.099-0400][12.520s][info][gc,task     ] GC(12) Using 6 workers of 6 for marking
[2026-09-05T21:12:21.106-0400][12.528s][info][gc,marking  ] GC(12) Concurrent Mark From Roots 7.448ms
[2026-09-05T21:12:21.106-0400][12.528s][info][gc,marking  ] GC(12) Concurrent Preclean
[2026-09-05T21:12:21.107-0400][12.528s][info][gc,marking  ] GC(12) Concurrent Preclean 0.191ms
[2026-09-05T21:12:21.108-0400][12.529s][info][gc,start    ] GC(12) Pause Remark
[2026-09-05T21:12:21.111-0400][12.533s][info][gc          ] GC(12) Pause Remark 192M->192M(1024M) 3.721ms
[2026-09-05T21:12:21.111-0400][12.533s][info][gc,cpu      ] GC(12) User=0.00s Sys=0.00s Real=0.00s
[2026-09-05T21:12:21.111-0400][12.533s][info][gc,marking  ] GC(12) Concurrent Mark 12.582ms
[2026-09-05T21:12:21.111-0400][12.533s][info][gc,marking  ] GC(12) Concurrent Rebuild Remembered Sets
[2026-09-05T21:12:21.118-0400][12.539s][info][gc,marking  ] GC(12) Concurrent Rebuild Remembered Sets 6.149ms
[2026-09-05T21:12:21.118-0400][12.540s][info][gc,start    ] GC(12) Pause Cleanup
[2026-09-05T21:12:21.118-0400][12.540s][info][gc          ] GC(12) Pause Cleanup 193M->193M(1024M) 0.151ms
[2026-09-05T21:12:21.118-0400][12.540s][info][gc,cpu      ] GC(12) User=0.00s Sys=0.00s Real=0.00s
[2026-09-05T21:12:21.118-0400][12.540s][info][gc,marking  ] GC(12) Concurrent Cleanup for Next Mark
[2026-09-05T21:12:21.119-0400][12.540s][info][gc,marking  ] GC(12) Concurrent Cleanup for Next Mark 0.429ms
[2026-09-05T21:12:21.119-0400][12.540s][info][gc          ] GC(12) Concurrent Mark Cycle 28.740ms
[2026-09-05T21:12:23.495-0400][14.916s][info][gc,start    ] GC(13) Pause Young (Normal) (G1 Evacuation Pause)
[2026-09-05T21:12:23.495-0400][14.917s][info][gc,task     ] GC(13) Using 23 workers of 23 for evacuation
[2026-09-05T21:12:23.522-0400][14.944s][info][gc,phases   ] GC(13)   Pre Evacuate Collection Set: 0.15ms
[2026-09-05T21:12:23.522-0400][14.944s][info][gc,phases   ] GC(13)   Merge Heap Roots: 0.14ms
[2026-09-05T21:12:23.522-0400][14.944s][info][gc,phases   ] GC(13)   Evacuate Collection Set: 25.45ms
[2026-09-05T21:12:23.522-0400][14.944s][info][gc,phases   ] GC(13)   Post Evacuate Collection Set: 1.37ms
[2026-09-05T21:12:23.522-0400][14.944s][info][gc,phases   ] GC(13)   Other: 0.23ms
[2026-09-05T21:12:23.522-0400][14.944s][info][gc,heap     ] GC(13) Eden regions: 268->0(291)
[2026-09-05T21:12:23.522-0400][14.944s][info][gc,heap     ] GC(13) Survivor regions: 39->16(39)
[2026-09-05T21:12:23.522-0400][14.944s][info][gc,heap     ] GC(13) Old regions: 45->84
[2026-09-05T21:12:23.522-0400][14.944s][info][gc,heap     ] GC(13) Archive regions: 0->0
[2026-09-05T21:12:23.522-0400][14.944s][info][gc,heap     ] GC(13) Humongous regions: 11->11
[2026-09-05T21:12:23.522-0400][14.944s][info][gc,metaspace] GC(13) Metaspace: 87314K(88896K)->87314K(88896K) NonClass: 74708K(75584K)->74708K(75584K) Class: 12605K(13312K)->12605K(13312K)
[2026-09-05T21:12:23.523-0400][14.944s][info][gc          ] GC(13) Pause Young (Normal) (G1 Evacuation Pause) 725M->219M(1024M) 27.600ms
[2026-09-05T21:12:23.523-0400][14.944s][info][gc,cpu      ] GC(13) User=0.23s Sys=0.16s Real=0.03s
[2026-09-05T21:12:25.471-0400][16.892s][info][gc,start    ] GC(14) Pause Young (Concurrent Start) (Metadata GC Threshold)
[2026-09-05T21:12:25.471-0400][16.892s][info][gc,task     ] GC(14) Using 23 workers of 23 for evacuation
[2026-09-05T21:12:25.483-0400][16.904s][info][gc,phases   ] GC(14)   Pre Evacuate Collection Set: 0.17ms
[2026-09-05T21:12:25.483-0400][16.904s][info][gc,phases   ] GC(14)   Merge Heap Roots: 0.10ms
[2026-09-05T21:12:25.483-0400][16.904s][info][gc,phases   ] GC(14)   Evacuate Collection Set: 10.21ms
[2026-09-05T21:12:25.483-0400][16.904s][info][gc,phases   ] GC(14)   Post Evacuate Collection Set: 1.36ms
[2026-09-05T21:12:25.483-0400][16.904s][info][gc,phases   ] GC(14)   Other: 0.18ms
[2026-09-05T21:12:25.483-0400][16.904s][info][gc,heap     ] GC(14) Eden regions: 256->0(280)
[2026-09-05T21:12:25.483-0400][16.904s][info][gc,heap     ] GC(14) Survivor regions: 16->27(39)
[2026-09-05T21:12:25.483-0400][16.904s][info][gc,heap     ] GC(14) Old regions: 84->84
[2026-09-05T21:12:25.483-0400][16.904s][info][gc,heap     ] GC(14) Archive regions: 0->0
[2026-09-05T21:12:25.483-0400][16.904s][info][gc,heap     ] GC(14) Humongous regions: 17->15
[2026-09-05T21:12:25.483-0400][16.905s][info][gc,metaspace] GC(14) Metaspace: 99338K(100928K)->99338K(100928K) NonClass: 84680K(85568K)->84680K(85568K) Class: 14658K(15360K)->14658K(15360K)
[2026-09-05T21:12:25.483-0400][16.905s][info][gc          ] GC(14) Pause Young (Concurrent Start) (Metadata GC Threshold) 743M->249M(1024M) 12.149ms
[2026-09-05T21:12:25.484-0400][16.905s][info][gc,cpu      ] GC(14) User=0.27s Sys=0.09s Real=0.01s
[2026-09-05T21:12:25.484-0400][16.905s][info][gc          ] GC(15) Concurrent Mark Cycle
[2026-09-05T21:12:25.484-0400][16.905s][info][gc,marking  ] GC(15) Concurrent Clear Claimed Marks
[2026-09-05T21:12:25.484-0400][16.905s][info][gc,marking  ] GC(15) Concurrent Clear Claimed Marks 0.141ms
[2026-09-05T21:12:25.484-0400][16.905s][info][gc,marking  ] GC(15) Concurrent Scan Root Regions
[2026-09-05T21:12:25.488-0400][16.909s][info][gc,marking  ] GC(15) Concurrent Scan Root Regions 4.214ms
[2026-09-05T21:12:25.488-0400][16.909s][info][gc,marking  ] GC(15) Concurrent Mark
[2026-09-05T21:12:25.488-0400][16.909s][info][gc,marking  ] GC(15) Concurrent Mark From Roots
[2026-09-05T21:12:25.488-0400][16.909s][info][gc,task     ] GC(15) Using 6 workers of 6 for marking
[2026-09-05T21:12:25.519-0400][16.941s][info][gc,marking  ] GC(15) Concurrent Mark From Roots 32.008ms
[2026-09-05T21:12:25.520-0400][16.941s][info][gc,marking  ] GC(15) Concurrent Preclean
[2026-09-05T21:12:25.520-0400][16.941s][info][gc,marking  ] GC(15) Concurrent Preclean 0.344ms
[2026-09-05T21:12:25.527-0400][16.948s][info][gc,start    ] GC(15) Pause Remark
[2026-09-05T21:12:25.531-0400][16.953s][info][gc          ] GC(15) Pause Remark 266M->266M(1024M) 4.671ms
[2026-09-05T21:12:25.531-0400][16.953s][info][gc,cpu      ] GC(15) User=0.00s Sys=0.00s Real=0.00s
[2026-09-05T21:12:25.531-0400][16.953s][info][gc,marking  ] GC(15) Concurrent Mark 43.904ms
[2026-09-05T21:12:25.531-0400][16.953s][info][gc,marking  ] GC(15) Concurrent Rebuild Remembered Sets
[2026-09-05T21:12:25.548-0400][16.970s][info][gc,marking  ] GC(15) Concurrent Rebuild Remembered Sets 16.595ms
[2026-09-05T21:12:25.553-0400][16.974s][info][gc,start    ] GC(15) Pause Cleanup
[2026-09-05T21:12:25.553-0400][16.974s][info][gc          ] GC(15) Pause Cleanup 291M->291M(1024M) 0.149ms
[2026-09-05T21:12:25.553-0400][16.974s][info][gc,cpu      ] GC(15) User=0.00s Sys=0.00s Real=0.00s
[2026-09-05T21:12:25.553-0400][16.974s][info][gc,marking  ] GC(15) Concurrent Cleanup for Next Mark
[2026-09-05T21:12:25.553-0400][16.975s][info][gc,marking  ] GC(15) Concurrent Cleanup for Next Mark 0.365ms
[2026-09-05T21:12:25.553-0400][16.975s][info][gc          ] GC(15) Concurrent Mark Cycle 70.175ms
[2026-09-05T21:12:26.198-0400][17.619s][info][gc,start    ] GC(16) Pause Young (Normal) (G1 Evacuation Pause)
[2026-09-05T21:12:26.198-0400][17.619s][info][gc,task     ] GC(16) Using 23 workers of 23 for evacuation
[2026-09-05T21:12:26.210-0400][17.631s][info][gc,phases   ] GC(16)   Pre Evacuate Collection Set: 0.12ms
[2026-09-05T21:12:26.210-0400][17.631s][info][gc,phases   ] GC(16)   Merge Heap Roots: 0.12ms
[2026-09-05T21:12:26.210-0400][17.631s][info][gc,phases   ] GC(16)   Evacuate Collection Set: 10.54ms
[2026-09-05T21:12:26.210-0400][17.631s][info][gc,phases   ] GC(16)   Post Evacuate Collection Set: 0.76ms
[2026-09-05T21:12:26.210-0400][17.631s][info][gc,phases   ] GC(16)   Other: 0.15ms
[2026-09-05T21:12:26.210-0400][17.631s][info][gc,heap     ] GC(16) Eden regions: 280->0(252)
[2026-09-05T21:12:26.210-0400][17.631s][info][gc,heap     ] GC(16) Survivor regions: 27->39(39)
[2026-09-05T21:12:26.210-0400][17.631s][info][gc,heap     ] GC(16) Old regions: 84->97
[2026-09-05T21:12:26.210-0400][17.631s][info][gc,heap     ] GC(16) Archive regions: 0->0
[2026-09-05T21:12:26.210-0400][17.631s][info][gc,heap     ] GC(16) Humongous regions: 21->15
[2026-09-05T21:12:26.210-0400][17.631s][info][gc,metaspace] GC(16) Metaspace: 102746K(104448K)->102746K(104448K) NonClass: 87566K(88512K)->87566K(88512K) Class: 15179K(15936K)->15179K(15936K)
[2026-09-05T21:12:26.210-0400][17.631s][info][gc          ] GC(16) Pause Young (Normal) (G1 Evacuation Pause) 821M->300M(1024M) 11.805ms
[2026-09-05T21:12:26.210-0400][17.631s][info][gc,cpu      ] GC(16) User=0.22s Sys=0.16s Real=0.01s
[2026-09-05T21:12:27.382-0400][18.803s][info][gc,start    ] GC(17) Pause Young (Normal) (G1 Evacuation Pause)
[2026-09-05T21:12:27.382-0400][18.803s][info][gc,task     ] GC(17) Using 23 workers of 23 for evacuation
[2026-09-05T21:12:27.403-0400][18.824s][info][gc,phases   ] GC(17)   Pre Evacuate Collection Set: 0.14ms
[2026-09-05T21:12:27.403-0400][18.824s][info][gc,phases   ] GC(17)   Merge Heap Roots: 0.12ms
[2026-09-05T21:12:27.403-0400][18.824s][info][gc,phases   ] GC(17)   Evacuate Collection Set: 20.25ms
[2026-09-05T21:12:27.403-0400][18.824s][info][gc,phases   ] GC(17)   Post Evacuate Collection Set: 0.61ms
[2026-09-05T21:12:27.403-0400][18.824s][info][gc,phases   ] GC(17)   Other: 0.14ms
[2026-09-05T21:12:27.403-0400][18.824s][info][gc,heap     ] GC(17) Eden regions: 252->0(217)
[2026-09-05T21:12:27.403-0400][18.824s][info][gc,heap     ] GC(17) Survivor regions: 39->31(37)
[2026-09-05T21:12:27.403-0400][18.824s][info][gc,heap     ] GC(17) Old regions: 97->135
[2026-09-05T21:12:27.403-0400][18.824s][info][gc,heap     ] GC(17) Archive regions: 0->0
[2026-09-05T21:12:27.403-0400][18.824s][info][gc,heap     ] GC(17) Humongous regions: 15->15
[2026-09-05T21:12:27.403-0400][18.824s][info][gc,metaspace] GC(17) Metaspace: 105490K(107200K)->105490K(107200K) NonClass: 89931K(90880K)->89931K(90880K) Class: 15558K(16320K)->15558K(16320K)
[2026-09-05T21:12:27.403-0400][18.824s][info][gc          ] GC(17) Pause Young (Normal) (G1 Evacuation Pause) 804M->360M(1024M) 21.388ms
[2026-09-05T21:12:27.403-0400][18.825s][info][gc,cpu      ] GC(17) User=0.02s Sys=0.36s Real=0.02s
[2026-09-05T21:14:48.860-0400][160.281s][info][gc,start    ] GC(18) Pause Young (Normal) (G1 Evacuation Pause)
[2026-09-05T21:14:48.860-0400][160.281s][info][gc,task     ] GC(18) Using 23 workers of 23 for evacuation
[2026-09-05T21:14:48.870-0400][160.291s][info][gc,phases   ] GC(18)   Pre Evacuate Collection Set: 0.13ms
[2026-09-05T21:14:48.870-0400][160.291s][info][gc,phases   ] GC(18)   Merge Heap Roots: 0.13ms
[2026-09-05T21:14:48.870-0400][160.291s][info][gc,phases   ] GC(18)   Evacuate Collection Set: 8.58ms
[2026-09-05T21:14:48.870-0400][160.291s][info][gc,phases   ] GC(18)   Post Evacuate Collection Set: 0.94ms
[2026-09-05T21:14:48.870-0400][160.291s][info][gc,phases   ] GC(18)   Other: 0.12ms
[2026-09-05T21:14:48.870-0400][160.291s][info][gc,heap     ] GC(18) Eden regions: 217->0(211)
[2026-09-05T21:14:48.870-0400][160.291s][info][gc,heap     ] GC(18) Survivor regions: 31->13(31)
[2026-09-05T21:14:48.870-0400][160.291s][info][gc,heap     ] GC(18) Old regions: 135->165
[2026-09-05T21:14:48.870-0400][160.291s][info][gc,heap     ] GC(18) Archive regions: 0->0
[2026-09-05T21:14:48.870-0400][160.291s][info][gc,heap     ] GC(18) Humongous regions: 21->15
[2026-09-05T21:14:48.870-0400][160.291s][info][gc,metaspace] GC(18) Metaspace: 108439K(110144K)->108439K(110144K) NonClass: 92441K(93376K)->92441K(93376K) Class: 15998K(16768K)->15998K(16768K)
[2026-09-05T21:14:48.870-0400][160.291s][info][gc          ] GC(18) Pause Young (Normal) (G1 Evacuation Pause) 806M->385M(1024M) 10.028ms
[2026-09-05T21:14:48.870-0400][160.291s][info][gc,cpu      ] GC(18) User=0.27s Sys=0.09s Real=0.01s
[2026-09-05T21:18:25.026-0400][376.447s][info][gc,start    ] GC(19) Pause Young (Normal) (G1 Evacuation Pause)
[2026-09-05T21:18:25.026-0400][376.447s][info][gc,task     ] GC(19) Using 23 workers of 23 for evacuation
[2026-09-05T21:18:25.032-0400][376.452s][info][gc,phases   ] GC(19)   Pre Evacuate Collection Set: 0.12ms
[2026-09-05T21:18:25.032-0400][376.453s][info][gc,phases   ] GC(19)   Merge Heap Roots: 0.12ms
[2026-09-05T21:18:25.032-0400][376.453s][info][gc,phases   ] GC(19)   Evacuate Collection Set: 4.62ms
[2026-09-05T21:18:25.032-0400][376.453s][info][gc,phases   ] GC(19)   Post Evacuate Collection Set: 0.69ms
[2026-09-05T21:18:25.032-0400][376.453s][info][gc,phases   ] GC(19)   Other: 0.11ms
[2026-09-05T21:18:25.032-0400][376.453s][info][gc,heap     ] GC(19) Eden regions: 211->0(215)
[2026-09-05T21:18:25.032-0400][376.453s][info][gc,heap     ] GC(19) Survivor regions: 13->17(28)
[2026-09-05T21:18:25.032-0400][376.453s][info][gc,heap     ] GC(19) Old regions: 165->165
[2026-09-05T21:18:25.032-0400][376.453s][info][gc,heap     ] GC(19) Archive regions: 0->0
[2026-09-05T21:18:25.032-0400][376.453s][info][gc,heap     ] GC(19) Humongous regions: 15->15
[2026-09-05T21:18:25.032-0400][376.453s][info][gc,metaspace] GC(19) Metaspace: 114610K(116352K)->114610K(116352K) NonClass: 97510K(98496K)->97510K(98496K) Class: 17100K(17856K)->17100K(17856K)
[2026-09-05T21:18:25.032-0400][376.453s][info][gc          ] GC(19) Pause Young (Normal) (G1 Evacuation Pause) 807M->392M(1024M) 5.793ms
[2026-09-05T21:18:25.032-0400][376.453s][info][gc,cpu      ] GC(19) User=0.00s Sys=0.00s Real=0.01s
[2026-09-05T21:18:25.661-0400][377.081s][info][gc,start    ] GC(20) Pause Young (Normal) (G1 Evacuation Pause)
[2026-09-05T21:18:25.661-0400][377.081s][info][gc,task     ] GC(20) Using 23 workers of 23 for evacuation
[2026-09-05T21:18:25.666-0400][377.087s][info][gc,phases   ] GC(20)   Pre Evacuate Collection Set: 0.13ms
[2026-09-05T21:18:25.667-0400][377.087s][info][gc,phases   ] GC(20)   Merge Heap Roots: 0.19ms
[2026-09-05T21:18:25.667-0400][377.087s][info][gc,phases   ] GC(20)   Evacuate Collection Set: 4.74ms
[2026-09-05T21:18:25.667-0400][377.087s][info][gc,phases   ] GC(20)   Post Evacuate Collection Set: 0.90ms
[2026-09-05T21:18:25.667-0400][377.087s][info][gc,phases   ] GC(20)   Other: 0.14ms
[2026-09-05T21:18:25.667-0400][377.087s][info][gc,heap     ] GC(20) Eden regions: 215->0(221)
[2026-09-05T21:18:25.667-0400][377.087s][info][gc,heap     ] GC(20) Survivor regions: 17->10(29)
[2026-09-05T21:18:25.667-0400][377.087s][info][gc,heap     ] GC(20) Old regions: 165->173
[2026-09-05T21:18:25.667-0400][377.087s][info][gc,heap     ] GC(20) Archive regions: 0->0
[2026-09-05T21:18:25.667-0400][377.087s][info][gc,heap     ] GC(20) Humongous regions: 15->15
[2026-09-05T21:18:25.667-0400][377.087s][info][gc,metaspace] GC(20) Metaspace: 116526K(118272K)->116526K(118272K) NonClass: 99135K(100096K)->99135K(100096K) Class: 17390K(18176K)->17390K(18176K)
[2026-09-05T21:18:25.667-0400][377.087s][info][gc          ] GC(20) Pause Young (Normal) (G1 Evacuation Pause) 822M->394M(1024M) 6.274ms
[2026-09-05T21:18:25.667-0400][377.087s][info][gc,cpu      ] GC(20) User=0.22s Sys=0.14s Real=0.01s
[2026-09-05T21:18:27.389-0400][378.809s][info][gc,start    ] GC(21) Pause Young (Normal) (G1 Evacuation Pause)
[2026-09-05T21:18:27.389-0400][378.809s][info][gc,task     ] GC(21) Using 23 workers of 23 for evacuation
[2026-09-05T21:18:27.396-0400][378.817s][info][gc,phases   ] GC(21)   Pre Evacuate Collection Set: 0.11ms
[2026-09-05T21:18:27.396-0400][378.817s][info][gc,phases   ] GC(21)   Merge Heap Roots: 0.14ms
[2026-09-05T21:18:27.396-0400][378.817s][info][gc,phases   ] GC(21)   Evacuate Collection Set: 6.69ms
[2026-09-05T21:18:27.396-0400][378.817s][info][gc,phases   ] GC(21)   Post Evacuate Collection Set: 0.82ms
[2026-09-05T21:18:27.396-0400][378.817s][info][gc,phases   ] GC(21)   Other: 0.18ms
[2026-09-05T21:18:27.396-0400][378.817s][info][gc,heap     ] GC(21) Eden regions: 221->0(212)
[2026-09-05T21:18:27.396-0400][378.817s][info][gc,heap     ] GC(21) Survivor regions: 10->21(29)
[2026-09-05T21:18:27.396-0400][378.817s][info][gc,heap     ] GC(21) Old regions: 173->173
[2026-09-05T21:18:27.396-0400][378.817s][info][gc,heap     ] GC(21) Archive regions: 0->0
[2026-09-05T21:18:27.396-0400][378.817s][info][gc,heap     ] GC(21) Humongous regions: 15->15
[2026-09-05T21:18:27.396-0400][378.817s][info][gc,metaspace] GC(21) Metaspace: 122030K(123904K)->122030K(123904K) NonClass: 103951K(104960K)->103951K(104960K) Class: 18079K(18944K)->18079K(18944K)
[2026-09-05T21:18:27.396-0400][378.817s][info][gc          ] GC(21) Pause Young (Normal) (G1 Evacuation Pause) 836M->415M(1024M) 8.085ms
[2026-09-05T21:18:27.396-0400][378.817s][info][gc,cpu      ] GC(21) User=0.05s Sys=0.00s Real=0.01s
[2026-09-05T21:18:28.174-0400][379.594s][info][gc,start    ] GC(22) Pause Young (Normal) (G1 Evacuation Pause)
[2026-09-05T21:18:28.174-0400][379.594s][info][gc,task     ] GC(22) Using 23 workers of 23 for evacuation
[2026-09-05T21:18:28.180-0400][379.601s][info][gc,phases   ] GC(22)   Pre Evacuate Collection Set: 0.18ms
[2026-09-05T21:18:28.181-0400][379.601s][info][gc,phases   ] GC(22)   Merge Heap Roots: 0.16ms
[2026-09-05T21:18:28.181-0400][379.601s][info][gc,phases   ] GC(22)   Evacuate Collection Set: 5.74ms
[2026-09-05T21:18:28.181-0400][379.601s][info][gc,phases   ] GC(22)   Post Evacuate Collection Set: 0.78ms
[2026-09-05T21:18:28.181-0400][379.601s][info][gc,phases   ] GC(22)   Other: 0.16ms
[2026-09-05T21:18:28.181-0400][379.601s][info][gc,heap     ] GC(22) Eden regions: 212->0(214)
[2026-09-05T21:18:28.181-0400][379.601s][info][gc,heap     ] GC(22) Survivor regions: 21->14(30)
[2026-09-05T21:18:28.181-0400][379.601s][info][gc,heap     ] GC(22) Old regions: 173->182
[2026-09-05T21:18:28.181-0400][379.601s][info][gc,heap     ] GC(22) Archive regions: 0->0
[2026-09-05T21:18:28.181-0400][379.601s][info][gc,heap     ] GC(22) Humongous regions: 15->15
[2026-09-05T21:18:28.181-0400][379.601s][info][gc,metaspace] GC(22) Metaspace: 122876K(124800K)->122876K(124800K) NonClass: 104691K(105728K)->104691K(105728K) Class: 18184K(19072K)->18184K(19072K)
[2026-09-05T21:18:28.181-0400][379.601s][info][gc          ] GC(22) Pause Young (Normal) (G1 Evacuation Pause) 839M->420M(1024M) 7.171ms
[2026-09-05T21:18:28.181-0400][379.601s][info][gc,cpu      ] GC(22) User=0.33s Sys=0.05s Real=0.01s
[2026-09-05T21:18:28.313-0400][379.734s][info][gc,start    ] GC(23) Pause Young (Normal) (G1 Evacuation Pause)
[2026-09-05T21:18:28.313-0400][379.734s][info][gc,task     ] GC(23) Using 23 workers of 23 for evacuation
[2026-09-05T21:18:28.318-0400][379.738s][info][gc,phases   ] GC(23)   Pre Evacuate Collection Set: 0.12ms
[2026-09-05T21:18:28.318-0400][379.738s][info][gc,phases   ] GC(23)   Merge Heap Roots: 0.12ms
[2026-09-05T21:18:28.318-0400][379.738s][info][gc,phases   ] GC(23)   Evacuate Collection Set: 3.53ms
[2026-09-05T21:18:28.318-0400][379.738s][info][gc,phases   ] GC(23)   Post Evacuate Collection Set: 0.61ms
[2026-09-05T21:18:28.318-0400][379.738s][info][gc,phases   ] GC(23)   Other: 0.16ms
[2026-09-05T21:18:28.318-0400][379.738s][info][gc,heap     ] GC(23) Eden regions: 214->0(220)
[2026-09-05T21:18:28.318-0400][379.738s][info][gc,heap     ] GC(23) Survivor regions: 14->14(29)
[2026-09-05T21:18:28.318-0400][379.738s][info][gc,heap     ] GC(23) Old regions: 182->182
[2026-09-05T21:18:28.318-0400][379.738s][info][gc,heap     ] GC(23) Archive regions: 0->0
[2026-09-05T21:18:28.318-0400][379.738s][info][gc,heap     ] GC(23) Humongous regions: 15->15
[2026-09-05T21:18:28.318-0400][379.738s][info][gc,metaspace] GC(23) Metaspace: 122958K(124864K)->122958K(124864K) NonClass: 104757K(105792K)->104757K(105792K) Class: 18200K(19072K)->18200K(19072K)
[2026-09-05T21:18:28.318-0400][379.738s][info][gc          ] GC(23) Pause Young (Normal) (G1 Evacuation Pause) 848M->420M(1024M) 4.658ms
[2026-09-05T21:18:28.318-0400][379.738s][info][gc,cpu      ] GC(23) User=0.00s Sys=0.00s Real=0.01s
[2026-09-05T21:18:28.516-0400][379.937s][info][gc,start    ] GC(24) Pause Young (Normal) (G1 Evacuation Pause)
[2026-09-05T21:18:28.517-0400][379.937s][info][gc,task     ] GC(24) Using 23 workers of 23 for evacuation
[2026-09-05T21:18:28.521-0400][379.941s][info][gc,phases   ] GC(24)   Pre Evacuate Collection Set: 0.16ms
[2026-09-05T21:18:28.521-0400][379.941s][info][gc,phases   ] GC(24)   Merge Heap Roots: 0.11ms
[2026-09-05T21:18:28.521-0400][379.941s][info][gc,phases   ] GC(24)   Evacuate Collection Set: 3.07ms
[2026-09-05T21:18:28.521-0400][379.941s][info][gc,phases   ] GC(24)   Post Evacuate Collection Set: 0.54ms
[2026-09-05T21:18:28.521-0400][379.941s][info][gc,phases   ] GC(24)   Other: 0.15ms
[2026-09-05T21:18:28.521-0400][379.941s][info][gc,heap     ] GC(24) Eden regions: 220->0(224)
[2026-09-05T21:18:28.521-0400][379.941s][info][gc,heap     ] GC(24) Survivor regions: 14->15(30)
[2026-09-05T21:18:28.521-0400][379.941s][info][gc,heap     ] GC(24) Old regions: 182->182
[2026-09-05T21:18:28.521-0400][379.941s][info][gc,heap     ] GC(24) Archive regions: 0->0
[2026-09-05T21:18:28.521-0400][379.941s][info][gc,heap     ] GC(24) Humongous regions: 15->15
[2026-09-05T21:18:28.521-0400][379.941s][info][gc,metaspace] GC(24) Metaspace: 123071K(124992K)->123071K(124992K) NonClass: 104864K(105920K)->104864K(105920K) Class: 18206K(19072K)->18206K(19072K)
[2026-09-05T21:18:28.521-0400][379.941s][info][gc          ] GC(24) Pause Young (Normal) (G1 Evacuation Pause) 860M->422M(1024M) 4.144ms
[2026-09-05T21:18:28.521-0400][379.942s][info][gc,cpu      ] GC(24) User=0.00s Sys=0.02s Real=0.00s
[2026-09-05T21:18:28.770-0400][380.190s][info][gc,start    ] GC(25) Pause Young (Normal) (G1 Evacuation Pause)
[2026-09-05T21:18:28.770-0400][380.190s][info][gc,task     ] GC(25) Using 23 workers of 23 for evacuation
[2026-09-05T21:18:28.774-0400][380.195s][info][gc,phases   ] GC(25)   Pre Evacuate Collection Set: 0.11ms
[2026-09-05T21:18:28.774-0400][380.195s][info][gc,phases   ] GC(25)   Merge Heap Roots: 0.13ms
[2026-09-05T21:18:28.774-0400][380.195s][info][gc,phases   ] GC(25)   Evacuate Collection Set: 3.71ms
[2026-09-05T21:18:28.775-0400][380.195s][info][gc,phases   ] GC(25)   Post Evacuate Collection Set: 0.52ms
[2026-09-05T21:18:28.775-0400][380.195s][info][gc,phases   ] GC(25)   Other: 0.20ms
[2026-09-05T21:18:28.775-0400][380.195s][info][gc,heap     ] GC(25) Eden regions: 224->0(226)
[2026-09-05T21:18:28.775-0400][380.195s][info][gc,heap     ] GC(25) Survivor regions: 15->16(30)
[2026-09-05T21:18:28.775-0400][380.195s][info][gc,heap     ] GC(25) Old regions: 182->182
[2026-09-05T21:18:28.775-0400][380.195s][info][gc,heap     ] GC(25) Archive regions: 0->0
[2026-09-05T21:18:28.775-0400][380.195s][info][gc,heap     ] GC(25) Humongous regions: 15->15
[2026-09-05T21:18:28.775-0400][380.195s][info][gc,metaspace] GC(25) Metaspace: 123362K(125312K)->123362K(125312K) NonClass: 105124K(106176K)->105124K(106176K) Class: 18238K(19136K)->18238K(19136K)
[2026-09-05T21:18:28.775-0400][380.195s][info][gc          ] GC(25) Pause Young (Normal) (G1 Evacuation Pause) 870M->423M(1024M) 4.875ms
[2026-09-05T21:18:28.775-0400][380.195s][info][gc,cpu      ] GC(25) User=0.33s Sys=0.03s Real=0.01s
[2026-09-05T21:18:28.955-0400][380.376s][info][gc,start    ] GC(26) Pause Young (Normal) (G1 Evacuation Pause)
[2026-09-05T21:18:28.955-0400][380.376s][info][gc,task     ] GC(26) Using 23 workers of 23 for evacuation
[2026-09-05T21:18:28.960-0400][380.380s][info][gc,phases   ] GC(26)   Pre Evacuate Collection Set: 0.14ms
[2026-09-05T21:18:28.960-0400][380.380s][info][gc,phases   ] GC(26)   Merge Heap Roots: 0.12ms
[2026-09-05T21:18:28.960-0400][380.380s][info][gc,phases   ] GC(26)   Evacuate Collection Set: 3.25ms
[2026-09-05T21:18:28.960-0400][380.380s][info][gc,phases   ] GC(26)   Post Evacuate Collection Set: 0.79ms
[2026-09-05T21:18:28.960-0400][380.380s][info][gc,phases   ] GC(26)   Other: 0.13ms
[2026-09-05T21:18:28.960-0400][380.380s][info][gc,heap     ] GC(26) Eden regions: 226->0(230)
[2026-09-05T21:18:28.960-0400][380.380s][info][gc,heap     ] GC(26) Survivor regions: 16->16(31)
[2026-09-05T21:18:28.960-0400][380.380s][info][gc,heap     ] GC(26) Old regions: 182->182
[2026-09-05T21:18:28.960-0400][380.380s][info][gc,heap     ] GC(26) Archive regions: 0->0
[2026-09-05T21:18:28.960-0400][380.380s][info][gc,heap     ] GC(26) Humongous regions: 15->15
[2026-09-05T21:18:28.960-0400][380.380s][info][gc,metaspace] GC(26) Metaspace: 123364K(125312K)->123364K(125312K) NonClass: 105126K(106176K)->105126K(106176K) Class: 18238K(19136K)->18238K(19136K)
[2026-09-05T21:18:28.960-0400][380.380s][info][gc          ] GC(26) Pause Young (Normal) (G1 Evacuation Pause) 875M->424M(1024M) 4.548ms
[2026-09-05T21:18:28.960-0400][380.380s][info][gc,cpu      ] GC(26) User=0.23s Sys=0.11s Real=0.01s
[2026-09-05T21:18:29.750-0400][381.172s][info][gc,start    ] GC(27) Pause Young (Normal) (G1 Evacuation Pause)
[2026-09-05T21:18:29.750-0400][381.172s][info][gc,task     ] GC(27) Using 23 workers of 23 for evacuation
[2026-09-05T21:18:29.770-0400][381.191s][info][gc,phases   ] GC(27)   Pre Evacuate Collection Set: 0.15ms
[2026-09-05T21:18:29.770-0400][381.191s][info][gc,phases   ] GC(27)   Merge Heap Roots: 0.11ms
[2026-09-05T21:18:29.770-0400][381.191s][info][gc,phases   ] GC(27)   Evacuate Collection Set: 18.41ms
[2026-09-05T21:18:29.770-0400][381.191s][info][gc,phases   ] GC(27)   Post Evacuate Collection Set: 0.86ms
[2026-09-05T21:18:29.770-0400][381.191s][info][gc,phases   ] GC(27)   Other: 0.14ms
[2026-09-05T21:18:29.770-0400][381.191s][info][gc,heap     ] GC(27) Eden regions: 230->0(172)
[2026-09-05T21:18:29.770-0400][381.191s][info][gc,heap     ] GC(27) Survivor regions: 16->31(31)
[2026-09-05T21:18:29.770-0400][381.191s][info][gc,heap     ] GC(27) Old regions: 182->197
[2026-09-05T21:18:29.770-0400][381.191s][info][gc,heap     ] GC(27) Archive regions: 0->0
[2026-09-05T21:18:29.770-0400][381.191s][info][gc,heap     ] GC(27) Humongous regions: 15->15
[2026-09-05T21:18:29.770-0400][381.191s][info][gc,metaspace] GC(27) Metaspace: 124463K(126400K)->124463K(126400K) NonClass: 106070K(107072K)->106070K(107072K) Class: 18392K(19328K)->18392K(19328K)
[2026-09-05T21:18:29.770-0400][381.191s][info][gc          ] GC(27) Pause Young (Normal) (G1 Evacuation Pause) 884M->484M(1024M) 19.809ms
[2026-09-05T21:18:29.770-0400][381.191s][info][gc,cpu      ] GC(27) User=0.33s Sys=0.06s Real=0.02s
[2026-09-05T21:18:29.986-0400][381.406s][info][gc,start    ] GC(28) Pause Young (Normal) (G1 Evacuation Pause)
[2026-09-05T21:18:29.986-0400][381.406s][info][gc,task     ] GC(28) Using 23 workers of 23 for evacuation
[2026-09-05T21:18:30.027-0400][381.448s][info][gc,phases   ] GC(28)   Pre Evacuate Collection Set: 0.16ms
[2026-09-05T21:18:30.027-0400][381.448s][info][gc,phases   ] GC(28)   Merge Heap Roots: 0.38ms
[2026-09-05T21:18:30.027-0400][381.448s][info][gc,phases   ] GC(28)   Evacuate Collection Set: 40.46ms
[2026-09-05T21:18:30.027-0400][381.448s][info][gc,phases   ] GC(28)   Post Evacuate Collection Set: 0.62ms
[2026-09-05T21:18:30.027-0400][381.448s][info][gc,phases   ] GC(28)   Other: 0.16ms
[2026-09-05T21:18:30.027-0400][381.448s][info][gc,heap     ] GC(28) Eden regions: 172->0(83)
[2026-09-05T21:18:30.027-0400][381.448s][info][gc,heap     ] GC(28) Survivor regions: 31->26(26)
[2026-09-05T21:18:30.027-0400][381.448s][info][gc,heap     ] GC(28) Old regions: 197->284
[2026-09-05T21:18:30.027-0400][381.448s][info][gc,heap     ] GC(28) Archive regions: 0->0
[2026-09-05T21:18:30.027-0400][381.448s][info][gc,heap     ] GC(28) Humongous regions: 15->15
[2026-09-05T21:18:30.027-0400][381.448s][info][gc,metaspace] GC(28) Metaspace: 124488K(126464K)->124488K(126464K) NonClass: 106094K(107136K)->106094K(107136K) Class: 18393K(19328K)->18393K(19328K)
[2026-09-05T21:18:30.027-0400][381.448s][info][gc          ] GC(28) Pause Young (Normal) (G1 Evacuation Pause) 828M->648M(1056M) 41.905ms
[2026-09-05T21:18:30.027-0400][381.448s][info][gc,cpu      ] GC(28) User=1.08s Sys=0.05s Real=0.04s
[2026-09-05T21:18:30.055-0400][381.475s][info][gc,start    ] GC(29) Pause Young (Concurrent Start) (G1 Evacuation Pause)
[2026-09-05T21:18:30.055-0400][381.475s][info][gc,task     ] GC(29) Using 23 workers of 23 for evacuation
[2026-09-05T21:18:30.065-0400][381.485s][info][gc,phases   ] GC(29)   Pre Evacuate Collection Set: 0.25ms
[2026-09-05T21:18:30.065-0400][381.485s][info][gc,phases   ] GC(29)   Merge Heap Roots: 0.21ms
[2026-09-05T21:18:30.065-0400][381.485s][info][gc,phases   ] GC(29)   Evacuate Collection Set: 9.35ms
[2026-09-05T21:18:30.065-0400][381.485s][info][gc,phases   ] GC(29)   Post Evacuate Collection Set: 0.59ms
[2026-09-05T21:18:30.065-0400][381.485s][info][gc,phases   ] GC(29)   Other: 0.22ms
[2026-09-05T21:18:30.065-0400][381.485s][info][gc,heap     ] GC(29) Eden regions: 83->0(85)
[2026-09-05T21:18:30.065-0400][381.485s][info][gc,heap     ] GC(29) Survivor regions: 26->5(14)
[2026-09-05T21:18:30.065-0400][381.485s][info][gc,heap     ] GC(29) Old regions: 284->317
[2026-09-05T21:18:30.065-0400][381.485s][info][gc,heap     ] GC(29) Archive regions: 0->0
[2026-09-05T21:18:30.065-0400][381.485s][info][gc,heap     ] GC(29) Humongous regions: 15->15
[2026-09-05T21:18:30.065-0400][381.485s][info][gc,metaspace] GC(29) Metaspace: 124489K(126464K)->124489K(126464K) NonClass: 106095K(107136K)->106095K(107136K) Class: 18393K(19328K)->18393K(19328K)
[2026-09-05T21:18:30.065-0400][381.485s][info][gc          ] GC(29) Pause Young (Concurrent Start) (G1 Evacuation Pause) 814M->672M(1056M) 10.737ms
[2026-09-05T21:18:30.065-0400][381.485s][info][gc,cpu      ] GC(29) User=0.00s Sys=0.00s Real=0.01s
[2026-09-05T21:18:30.065-0400][381.485s][info][gc          ] GC(30) Concurrent Mark Cycle
[2026-09-05T21:18:30.065-0400][381.486s][info][gc,marking  ] GC(30) Concurrent Clear Claimed Marks
[2026-09-05T21:18:30.066-0400][381.486s][info][gc,marking  ] GC(30) Concurrent Clear Claimed Marks 0.150ms
[2026-09-05T21:18:30.066-0400][381.486s][info][gc,marking  ] GC(30) Concurrent Scan Root Regions
[2026-09-05T21:18:30.075-0400][381.495s][info][gc,marking  ] GC(30) Concurrent Scan Root Regions 9.361ms
[2026-09-05T21:18:30.075-0400][381.495s][info][gc,marking  ] GC(30) Concurrent Mark
[2026-09-05T21:18:30.075-0400][381.495s][info][gc,marking  ] GC(30) Concurrent Mark From Roots
[2026-09-05T21:18:30.075-0400][381.495s][info][gc,task     ] GC(30) Using 6 workers of 6 for marking
[2026-09-05T21:18:30.094-0400][381.514s][info][gc,start    ] GC(31) Pause Young (Normal) (G1 Evacuation Pause)
[2026-09-05T21:18:30.094-0400][381.514s][info][gc,task     ] GC(31) Using 23 workers of 23 for evacuation
[2026-09-05T21:18:30.095-0400][381.516s][info][gc,phases   ] GC(31)   Pre Evacuate Collection Set: 0.12ms
[2026-09-05T21:18:30.095-0400][381.516s][info][gc,phases   ] GC(31)   Merge Heap Roots: 0.08ms
[2026-09-05T21:18:30.095-0400][381.516s][info][gc,phases   ] GC(31)   Evacuate Collection Set: 0.78ms
[2026-09-05T21:18:30.095-0400][381.516s][info][gc,phases   ] GC(31)   Post Evacuate Collection Set: 0.34ms
[2026-09-05T21:18:30.095-0400][381.516s][info][gc,phases   ] GC(31)   Other: 0.16ms
[2026-09-05T21:18:30.095-0400][381.516s][info][gc,heap     ] GC(31) Eden regions: 85->0(94)
[2026-09-05T21:18:30.095-0400][381.516s][info][gc,heap     ] GC(31) Survivor regions: 5->2(12)
[2026-09-05T21:18:30.095-0400][381.516s][info][gc,heap     ] GC(31) Old regions: 317->317
[2026-09-05T21:18:30.095-0400][381.516s][info][gc,heap     ] GC(31) Archive regions: 0->0
[2026-09-05T21:18:30.095-0400][381.516s][info][gc,heap     ] GC(31) Humongous regions: 15->15
[2026-09-05T21:18:30.095-0400][381.516s][info][gc,metaspace] GC(31) Metaspace: 124489K(126464K)->124489K(126464K) NonClass: 106095K(107136K)->106095K(107136K) Class: 18393K(19328K)->18393K(19328K)
[2026-09-05T21:18:30.095-0400][381.516s][info][gc          ] GC(31) Pause Young (Normal) (G1 Evacuation Pause) 842M->666M(1056M) 1.631ms
[2026-09-05T21:18:30.095-0400][381.516s][info][gc,cpu      ] GC(31) User=0.00s Sys=0.00s Real=0.00s
[2026-09-05T21:18:30.140-0400][381.561s][info][gc,start    ] GC(32) Pause Young (Normal) (G1 Evacuation Pause)
[2026-09-05T21:18:30.140-0400][381.561s][info][gc,task     ] GC(32) Using 23 workers of 23 for evacuation
[2026-09-05T21:18:30.143-0400][381.563s][info][gc,phases   ] GC(32)   Pre Evacuate Collection Set: 0.13ms
[2026-09-05T21:18:30.143-0400][381.563s][info][gc,phases   ] GC(32)   Merge Heap Roots: 0.11ms
[2026-09-05T21:18:30.143-0400][381.563s][info][gc,phases   ] GC(32)   Evacuate Collection Set: 1.92ms
[2026-09-05T21:18:30.143-0400][381.563s][info][gc,phases   ] GC(32)   Post Evacuate Collection Set: 0.37ms
[2026-09-05T21:18:30.143-0400][381.563s][info][gc,phases   ] GC(32)   Other: 0.14ms
[2026-09-05T21:18:30.143-0400][381.563s][info][gc,heap     ] GC(32) Eden regions: 94->0(100)
[2026-09-05T21:18:30.143-0400][381.563s][info][gc,heap     ] GC(32) Survivor regions: 2->3(12)
[2026-09-05T21:18:30.143-0400][381.563s][info][gc,heap     ] GC(32) Old regions: 317->317
[2026-09-05T21:18:30.143-0400][381.563s][info][gc,heap     ] GC(32) Archive regions: 0->0
[2026-09-05T21:18:30.143-0400][381.563s][info][gc,heap     ] GC(32) Humongous regions: 15->15
[2026-09-05T21:18:30.143-0400][381.563s][info][gc,metaspace] GC(32) Metaspace: 124501K(126528K)->124501K(126528K) NonClass: 106108K(107200K)->106108K(107200K) Class: 18393K(19328K)->18393K(19328K)
[2026-09-05T21:18:30.143-0400][381.563s][info][gc          ] GC(32) Pause Young (Normal) (G1 Evacuation Pause) 854M->667M(1056M) 2.784ms
[2026-09-05T21:18:30.143-0400][381.563s][info][gc,cpu      ] GC(32) User=0.00s Sys=0.00s Real=0.00s
[2026-09-05T21:18:30.175-0400][381.595s][info][gc,start    ] GC(33) Pause Young (Normal) (G1 Evacuation Pause)
[2026-09-05T21:18:30.175-0400][381.595s][info][gc,task     ] GC(33) Using 23 workers of 23 for evacuation
[2026-09-05T21:18:30.178-0400][381.598s][info][gc,phases   ] GC(33)   Pre Evacuate Collection Set: 0.13ms
[2026-09-05T21:18:30.178-0400][381.599s][info][gc,phases   ] GC(33)   Merge Heap Roots: 0.09ms
[2026-09-05T21:18:30.178-0400][381.599s][info][gc,phases   ] GC(33)   Evacuate Collection Set: 1.25ms
[2026-09-05T21:18:30.178-0400][381.599s][info][gc,phases   ] GC(33)   Post Evacuate Collection Set: 1.73ms
[2026-09-05T21:18:30.178-0400][381.599s][info][gc,phases   ] GC(33)   Other: 0.22ms
[2026-09-05T21:18:30.178-0400][381.599s][info][gc,heap     ] GC(33) Eden regions: 100->0(317)
[2026-09-05T21:18:30.178-0400][381.599s][info][gc,heap     ] GC(33) Survivor regions: 3->3(13)
[2026-09-05T21:18:30.178-0400][381.599s][info][gc,heap     ] GC(33) Old regions: 317->317
[2026-09-05T21:18:30.178-0400][381.599s][info][gc,heap     ] GC(33) Archive regions: 0->0
[2026-09-05T21:18:30.178-0400][381.599s][info][gc,heap     ] GC(33) Humongous regions: 15->15
[2026-09-05T21:18:30.178-0400][381.599s][info][gc,metaspace] GC(33) Metaspace: 124504K(126528K)->124504K(126528K) NonClass: 106110K(107200K)->106110K(107200K) Class: 18393K(19328K)->18393K(19328K)
[2026-09-05T21:18:30.178-0400][381.599s][info][gc          ] GC(33) Pause Young (Normal) (G1 Evacuation Pause) 867M->668M(1664M) 3.530ms
[2026-09-05T21:18:30.178-0400][381.599s][info][gc,cpu      ] GC(33) User=0.05s Sys=0.00s Real=0.00s
[2026-09-05T21:18:30.264-0400][381.684s][info][gc,marking  ] GC(30) Concurrent Mark From Roots 188.967ms
[2026-09-05T21:18:30.264-0400][381.684s][info][gc,marking  ] GC(30) Concurrent Preclean
[2026-09-05T21:18:30.264-0400][381.685s][info][gc,marking  ] GC(30) Concurrent Preclean 0.454ms
[2026-09-05T21:18:30.264-0400][381.685s][info][gc,start    ] GC(30) Pause Remark
[2026-09-05T21:18:30.282-0400][381.702s][info][gc          ] GC(30) Pause Remark 928M->920M(1664M) 17.714ms
[2026-09-05T21:18:30.282-0400][381.703s][info][gc,cpu      ] GC(30) User=0.06s Sys=0.00s Real=0.02s
[2026-09-05T21:18:30.282-0400][381.703s][info][gc,marking  ] GC(30) Concurrent Mark 207.496ms
[2026-09-05T21:18:30.282-0400][381.703s][info][gc,marking  ] GC(30) Concurrent Rebuild Remembered Sets
[2026-09-05T21:18:30.433-0400][381.853s][info][gc,marking  ] GC(30) Concurrent Rebuild Remembered Sets 150.367ms
[2026-09-05T21:18:30.433-0400][381.853s][info][gc,start    ] GC(30) Pause Cleanup
[2026-09-05T21:18:30.434-0400][381.854s][info][gc          ] GC(30) Pause Cleanup 982M->982M(1664M) 0.409ms
[2026-09-05T21:18:30.434-0400][381.854s][info][gc,cpu      ] GC(30) User=0.00s Sys=0.00s Real=0.00s
[2026-09-05T21:18:30.434-0400][381.854s][info][gc,marking  ] GC(30) Concurrent Cleanup for Next Mark
[2026-09-05T21:18:30.436-0400][381.857s][info][gc,marking  ] GC(30) Concurrent Cleanup for Next Mark 2.448ms
[2026-09-05T21:18:30.436-0400][381.857s][info][gc          ] GC(30) Concurrent Mark Cycle 371.200ms
[2026-09-05T21:18:31.012-0400][382.432s][info][gc,start    ] GC(34) Pause Young (Prepare Mixed) (G1 Evacuation Pause)
[2026-09-05T21:18:31.012-0400][382.432s][info][gc,task     ] GC(34) Using 23 workers of 23 for evacuation
[2026-09-05T21:18:31.015-0400][382.435s][info][gc,phases   ] GC(34)   Pre Evacuate Collection Set: 0.15ms
[2026-09-05T21:18:31.015-0400][382.435s][info][gc,phases   ] GC(34)   Merge Heap Roots: 0.17ms
[2026-09-05T21:18:31.015-0400][382.435s][info][gc,phases   ] GC(34)   Evacuate Collection Set: 2.14ms
[2026-09-05T21:18:31.015-0400][382.435s][info][gc,phases   ] GC(34)   Post Evacuate Collection Set: 0.53ms
[2026-09-05T21:18:31.015-0400][382.435s][info][gc,phases   ] GC(34)   Other: 0.17ms
[2026-09-05T21:18:31.015-0400][382.435s][info][gc,heap     ] GC(34) Eden regions: 317->0(36)
[2026-09-05T21:18:31.015-0400][382.435s][info][gc,heap     ] GC(34) Survivor regions: 3->5(40)
[2026-09-05T21:18:31.015-0400][382.435s][info][gc,heap     ] GC(34) Old regions: 313->313
[2026-09-05T21:18:31.015-0400][382.435s][info][gc,heap     ] GC(34) Archive regions: 0->0
[2026-09-05T21:18:31.015-0400][382.435s][info][gc,heap     ] GC(34) Humongous regions: 15->15
[2026-09-05T21:18:31.015-0400][382.435s][info][gc,metaspace] GC(34) Metaspace: 124539K(126528K)->124539K(126528K) NonClass: 106171K(107200K)->106171K(107200K) Class: 18368K(19328K)->18368K(19328K)
[2026-09-05T21:18:31.015-0400][382.435s][info][gc          ] GC(34) Pause Young (Prepare Mixed) (G1 Evacuation Pause) 1294M->664M(1664M) 3.329ms
[2026-09-05T21:18:31.015-0400][382.435s][info][gc,cpu      ] GC(34) User=0.00s Sys=0.00s Real=0.00s
[2026-09-05T21:18:31.031-0400][382.452s][info][gc,start    ] GC(35) Pause Young (Mixed) (G1 Evacuation Pause)
[2026-09-05T21:18:31.031-0400][382.452s][info][gc,task     ] GC(35) Using 23 workers of 23 for evacuation
[2026-09-05T21:18:31.034-0400][382.454s][info][gc,phases   ] GC(35)   Pre Evacuate Collection Set: 0.13ms
[2026-09-05T21:18:31.034-0400][382.454s][info][gc,phases   ] GC(35)   Merge Heap Roots: 0.09ms
[2026-09-05T21:18:31.034-0400][382.454s][info][gc,phases   ] GC(35)   Evacuate Collection Set: 1.43ms
[2026-09-05T21:18:31.034-0400][382.454s][info][gc,phases   ] GC(35)   Post Evacuate Collection Set: 0.60ms
[2026-09-05T21:18:31.034-0400][382.454s][info][gc,phases   ] GC(35)   Other: 0.16ms
[2026-09-05T21:18:31.034-0400][382.454s][info][gc,heap     ] GC(35) Eden regions: 36->0(347)
[2026-09-05T21:18:31.034-0400][382.454s][info][gc,heap     ] GC(35) Survivor regions: 5->4(6)
[2026-09-05T21:18:31.034-0400][382.454s][info][gc,heap     ] GC(35) Old regions: 313->310
[2026-09-05T21:18:31.034-0400][382.454s][info][gc,heap     ] GC(35) Archive regions: 0->0
[2026-09-05T21:18:31.034-0400][382.454s][info][gc,heap     ] GC(35) Humongous regions: 15->15
[2026-09-05T21:18:31.034-0400][382.454s][info][gc,metaspace] GC(35) Metaspace: 124591K(126592K)->124591K(126592K) NonClass: 106220K(107264K)->106220K(107264K) Class: 18370K(19328K)->18370K(19328K)
[2026-09-05T21:18:31.034-0400][382.454s][info][gc          ] GC(35) Pause Young (Mixed) (G1 Evacuation Pause) 736M->655M(1664M) 2.687ms
[2026-09-05T21:18:31.034-0400][382.454s][info][gc,cpu      ] GC(35) User=0.00s Sys=0.00s Real=0.00s
[2026-09-05T21:18:31.178-0400][382.599s][info][gc,start    ] GC(36) Pause Young (Normal) (G1 Evacuation Pause)
[2026-09-05T21:18:31.178-0400][382.599s][info][gc,task     ] GC(36) Using 23 workers of 23 for evacuation
[2026-09-05T21:18:31.183-0400][382.603s][info][gc,phases   ] GC(36)   Pre Evacuate Collection Set: 0.17ms
[2026-09-05T21:18:31.183-0400][382.603s][info][gc,phases   ] GC(36)   Merge Heap Roots: 0.25ms
[2026-09-05T21:18:31.183-0400][382.603s][info][gc,phases   ] GC(36)   Evacuate Collection Set: 2.45ms
[2026-09-05T21:18:31.183-0400][382.603s][info][gc,phases   ] GC(36)   Post Evacuate Collection Set: 0.53ms
[2026-09-05T21:18:31.183-0400][382.603s][info][gc,phases   ] GC(36)   Other: 0.32ms
[2026-09-05T21:18:31.183-0400][382.603s][info][gc,heap     ] GC(36) Eden regions: 347->0(358)
[2026-09-05T21:18:31.183-0400][382.603s][info][gc,heap     ] GC(36) Survivor regions: 4->6(44)
[2026-09-05T21:18:31.183-0400][382.603s][info][gc,heap     ] GC(36) Old regions: 310->310
[2026-09-05T21:18:31.183-0400][382.603s][info][gc,heap     ] GC(36) Archive regions: 0->0
[2026-09-05T21:18:31.183-0400][382.603s][info][gc,heap     ] GC(36) Humongous regions: 15->15
[2026-09-05T21:18:31.183-0400][382.603s][info][gc,metaspace] GC(36) Metaspace: 125031K(126912K)->125031K(126912K) NonClass: 106588K(107584K)->106588K(107584K) Class: 18443K(19328K)->18443K(19328K)
[2026-09-05T21:18:31.183-0400][382.603s][info][gc          ] GC(36) Pause Young (Normal) (G1 Evacuation Pause) 1349M->659M(1664M) 3.853ms
[2026-09-05T21:18:31.183-0400][382.603s][info][gc,cpu      ] GC(36) User=0.00s Sys=0.00s Real=0.01s
[2026-09-05T21:18:31.643-0400][383.063s][info][gc,start    ] GC(37) Pause Young (Normal) (G1 Evacuation Pause)
[2026-09-05T21:18:31.643-0400][383.063s][info][gc,task     ] GC(37) Using 23 workers of 23 for evacuation
[2026-09-05T21:18:31.646-0400][383.067s][info][gc,phases   ] GC(37)   Pre Evacuate Collection Set: 0.16ms
[2026-09-05T21:18:31.647-0400][383.067s][info][gc,phases   ] GC(37)   Merge Heap Roots: 0.16ms
[2026-09-05T21:18:31.647-0400][383.067s][info][gc,phases   ] GC(37)   Evacuate Collection Set: 3.20ms
[2026-09-05T21:18:31.647-0400][383.067s][info][gc,phases   ] GC(37)   Post Evacuate Collection Set: 0.62ms
[2026-09-05T21:18:31.647-0400][383.067s][info][gc,phases   ] GC(37)   Other: 0.23ms
[2026-09-05T21:18:31.647-0400][383.067s][info][gc,heap     ] GC(37) Eden regions: 358->0(366)
[2026-09-05T21:18:31.647-0400][383.067s][info][gc,heap     ] GC(37) Survivor regions: 6->9(46)
[2026-09-05T21:18:31.647-0400][383.067s][info][gc,heap     ] GC(37) Old regions: 310->310
[2026-09-05T21:18:31.647-0400][383.067s][info][gc,heap     ] GC(37) Archive regions: 0->0
[2026-09-05T21:18:31.647-0400][383.067s][info][gc,heap     ] GC(37) Humongous regions: 15->15
[2026-09-05T21:18:31.647-0400][383.067s][info][gc,metaspace] GC(37) Metaspace: 125236K(127104K)->125236K(127104K) NonClass: 106775K(107776K)->106775K(107776K) Class: 18461K(19328K)->18461K(19328K)
[2026-09-05T21:18:31.647-0400][383.067s][info][gc          ] GC(37) Pause Young (Normal) (G1 Evacuation Pause) 1375M->666M(1664M) 4.574ms
[2026-09-05T21:18:31.647-0400][383.067s][info][gc,cpu      ] GC(37) User=0.11s Sys=0.03s Real=0.00s
[2026-09-05T21:18:31.780-0400][383.200s][info][gc,start    ] GC(38) Pause Young (Normal) (G1 Evacuation Pause)
[2026-09-05T21:18:31.780-0400][383.200s][info][gc,task     ] GC(38) Using 23 workers of 23 for evacuation
[2026-09-05T21:18:31.783-0400][383.203s][info][gc,phases   ] GC(38)   Pre Evacuate Collection Set: 0.14ms
[2026-09-05T21:18:31.783-0400][383.203s][info][gc,phases   ] GC(38)   Merge Heap Roots: 0.16ms
[2026-09-05T21:18:31.783-0400][383.203s][info][gc,phases   ] GC(38)   Evacuate Collection Set: 2.65ms
[2026-09-05T21:18:31.783-0400][383.203s][info][gc,phases   ] GC(38)   Post Evacuate Collection Set: 0.52ms
[2026-09-05T21:18:31.783-0400][383.203s][info][gc,phases   ] GC(38)   Other: 0.27ms
[2026-09-05T21:18:31.783-0400][383.203s][info][gc,heap     ] GC(38) Eden regions: 366->0(373)
[2026-09-05T21:18:31.783-0400][383.203s][info][gc,heap     ] GC(38) Survivor regions: 9->11(47)
[2026-09-05T21:18:31.783-0400][383.203s][info][gc,heap     ] GC(38) Old regions: 310->310
[2026-09-05T21:18:31.783-0400][383.203s][info][gc,heap     ] GC(38) Archive regions: 0->0
[2026-09-05T21:18:31.783-0400][383.203s][info][gc,heap     ] GC(38) Humongous regions: 15->15
[2026-09-05T21:18:31.783-0400][383.203s][info][gc,metaspace] GC(38) Metaspace: 125238K(127104K)->125238K(127104K) NonClass: 106777K(107776K)->106777K(107776K) Class: 18461K(19328K)->18461K(19328K)
[2026-09-05T21:18:31.783-0400][383.204s][info][gc          ] GC(38) Pause Young (Normal) (G1 Evacuation Pause) 1398M->669M(1664M) 3.902ms
[2026-09-05T21:18:31.783-0400][383.204s][info][gc,cpu      ] GC(38) User=0.00s Sys=0.00s Real=0.00s
[2026-09-05T21:18:32.263-0400][383.683s][info][gc,start    ] GC(39) Pause Young (Normal) (G1 Evacuation Pause)
[2026-09-05T21:18:32.263-0400][383.683s][info][gc,task     ] GC(39) Using 23 workers of 23 for evacuation
[2026-09-05T21:18:32.266-0400][383.687s][info][gc,phases   ] GC(39)   Pre Evacuate Collection Set: 0.11ms
[2026-09-05T21:18:32.267-0400][383.687s][info][gc,phases   ] GC(39)   Merge Heap Roots: 0.15ms
[2026-09-05T21:18:32.267-0400][383.687s][info][gc,phases   ] GC(39)   Evacuate Collection Set: 3.28ms
[2026-09-05T21:18:32.267-0400][383.687s][info][gc,phases   ] GC(39)   Post Evacuate Collection Set: 0.57ms
[2026-09-05T21:18:32.267-0400][383.687s][info][gc,phases   ] GC(39)   Other: 0.18ms
[2026-09-05T21:18:32.267-0400][383.687s][info][gc,heap     ] GC(39) Eden regions: 373->0(376)
[2026-09-05T21:18:32.267-0400][383.687s][info][gc,heap     ] GC(39) Survivor regions: 11->14(48)
[2026-09-05T21:18:32.267-0400][383.687s][info][gc,heap     ] GC(39) Old regions: 310->310
[2026-09-05T21:18:32.267-0400][383.687s][info][gc,heap     ] GC(39) Archive regions: 0->0
[2026-09-05T21:18:32.267-0400][383.687s][info][gc,heap     ] GC(39) Humongous regions: 15->15
[2026-09-05T21:18:32.267-0400][383.687s][info][gc,metaspace] GC(39) Metaspace: 125519K(127360K)->125519K(127360K) NonClass: 107025K(108032K)->107025K(108032K) Class: 18493K(19328K)->18493K(19328K)
[2026-09-05T21:18:32.267-0400][383.687s][info][gc          ] GC(39) Pause Young (Normal) (G1 Evacuation Pause) 1415M->676M(1664M) 4.463ms
[2026-09-05T21:18:32.267-0400][383.687s][info][gc,cpu      ] GC(39) User=0.00s Sys=0.00s Real=0.00s
[2026-09-05T21:18:32.477-0400][383.897s][info][gc,start    ] GC(40) Pause Young (Normal) (G1 Evacuation Pause)
[2026-09-05T21:18:32.477-0400][383.898s][info][gc,task     ] GC(40) Using 23 workers of 23 for evacuation
[2026-09-05T21:18:32.482-0400][383.902s][info][gc,phases   ] GC(40)   Pre Evacuate Collection Set: 0.13ms
[2026-09-05T21:18:32.482-0400][383.902s][info][gc,phases   ] GC(40)   Merge Heap Roots: 0.16ms
[2026-09-05T21:18:32.482-0400][383.902s][info][gc,phases   ] GC(40)   Evacuate Collection Set: 3.39ms
[2026-09-05T21:18:32.482-0400][383.902s][info][gc,phases   ] GC(40)   Post Evacuate Collection Set: 0.52ms
[2026-09-05T21:18:32.482-0400][383.902s][info][gc,phases   ] GC(40)   Other: 0.16ms
[2026-09-05T21:18:32.482-0400][383.902s][info][gc,heap     ] GC(40) Eden regions: 376->0(379)
[2026-09-05T21:18:32.482-0400][383.902s][info][gc,heap     ] GC(40) Survivor regions: 14->16(49)
[2026-09-05T21:18:32.482-0400][383.902s][info][gc,heap     ] GC(40) Old regions: 310->310
[2026-09-05T21:18:32.482-0400][383.902s][info][gc,heap     ] GC(40) Archive regions: 0->0
[2026-09-05T21:18:32.482-0400][383.902s][info][gc,heap     ] GC(40) Humongous regions: 15->15
[2026-09-05T21:18:32.482-0400][383.902s][info][gc,metaspace] GC(40) Metaspace: 125519K(127360K)->125519K(127360K) NonClass: 107025K(108032K)->107025K(108032K) Class: 18493K(19328K)->18493K(19328K)
[2026-09-05T21:18:32.482-0400][383.902s][info][gc          ] GC(40) Pause Young (Normal) (G1 Evacuation Pause) 1428M->679M(1664M) 4.504ms
[2026-09-05T21:18:32.482-0400][383.902s][info][gc,cpu      ] GC(40) User=0.00s Sys=0.00s Real=0.01s
[2026-09-05T21:18:32.988-0400][384.409s][info][gc,start    ] GC(41) Pause Young (Normal) (G1 Evacuation Pause)
[2026-09-05T21:18:32.988-0400][384.409s][info][gc,task     ] GC(41) Using 23 workers of 23 for evacuation
[2026-09-05T21:18:32.993-0400][384.413s][info][gc,phases   ] GC(41)   Pre Evacuate Collection Set: 0.16ms
[2026-09-05T21:18:32.993-0400][384.413s][info][gc,phases   ] GC(41)   Merge Heap Roots: 0.18ms
[2026-09-05T21:18:32.993-0400][384.413s][info][gc,phases   ] GC(41)   Evacuate Collection Set: 3.78ms
[2026-09-05T21:18:32.993-0400][384.413s][info][gc,phases   ] GC(41)   Post Evacuate Collection Set: 0.53ms
[2026-09-05T21:18:32.993-0400][384.414s][info][gc,phases   ] GC(41)   Other: 0.14ms
[2026-09-05T21:18:32.993-0400][384.414s][info][gc,heap     ] GC(41) Eden regions: 379->0(379)
[2026-09-05T21:18:32.993-0400][384.414s][info][gc,heap     ] GC(41) Survivor regions: 16->19(50)
[2026-09-05T21:18:32.993-0400][384.414s][info][gc,heap     ] GC(41) Old regions: 310->310
[2026-09-05T21:18:32.993-0400][384.414s][info][gc,heap     ] GC(41) Archive regions: 0->0
[2026-09-05T21:18:32.993-0400][384.414s][info][gc,heap     ] GC(41) Humongous regions: 15->15
[2026-09-05T21:18:32.993-0400][384.414s][info][gc,metaspace] GC(41) Metaspace: 125638K(127424K)->125638K(127424K) NonClass: 107127K(108096K)->107127K(108096K) Class: 18511K(19328K)->18511K(19328K)
[2026-09-05T21:18:32.993-0400][384.414s][info][gc          ] GC(41) Pause Young (Normal) (G1 Evacuation Pause) 1437M->686M(1664M) 4.907ms
[2026-09-05T21:18:32.993-0400][384.414s][info][gc,cpu      ] GC(41) User=0.33s Sys=0.00s Real=0.01s
[2026-09-05T21:18:33.097-0400][384.517s][info][gc,start    ] GC(42) Pause Young (Normal) (G1 Evacuation Pause)
[2026-09-05T21:18:33.097-0400][384.517s][info][gc,task     ] GC(42) Using 23 workers of 23 for evacuation
[2026-09-05T21:18:33.102-0400][384.522s][info][gc,phases   ] GC(42)   Pre Evacuate Collection Set: 0.11ms
[2026-09-05T21:18:33.102-0400][384.522s][info][gc,phases   ] GC(42)   Merge Heap Roots: 0.13ms
[2026-09-05T21:18:33.102-0400][384.522s][info][gc,phases   ] GC(42)   Evacuate Collection Set: 4.40ms
[2026-09-05T21:18:33.102-0400][384.522s][info][gc,phases   ] GC(42)   Post Evacuate Collection Set: 0.54ms
[2026-09-05T21:18:33.102-0400][384.522s][info][gc,phases   ] GC(42)   Other: 0.18ms
[2026-09-05T21:18:33.102-0400][384.522s][info][gc,heap     ] GC(42) Eden regions: 379->0(379)
[2026-09-05T21:18:33.102-0400][384.522s][info][gc,heap     ] GC(42) Survivor regions: 19->22(50)
[2026-09-05T21:18:33.102-0400][384.522s][info][gc,heap     ] GC(42) Old regions: 310->310
[2026-09-05T21:18:33.102-0400][384.522s][info][gc,heap     ] GC(42) Archive regions: 0->0
[2026-09-05T21:18:33.102-0400][384.522s][info][gc,heap     ] GC(42) Humongous regions: 15->15
[2026-09-05T21:18:33.102-0400][384.523s][info][gc,metaspace] GC(42) Metaspace: 125643K(127424K)->125643K(127424K) NonClass: 107132K(108096K)->107132K(108096K) Class: 18511K(19328K)->18511K(19328K)
[2026-09-05T21:18:33.102-0400][384.523s][info][gc          ] GC(42) Pause Young (Normal) (G1 Evacuation Pause) 1444M->692M(1664M) 5.488ms
[2026-09-05T21:18:33.102-0400][384.523s][info][gc,cpu      ] GC(42) User=0.34s Sys=0.02s Real=0.01s
[2026-09-05T21:18:33.420-0400][384.841s][info][gc,start    ] GC(43) Pause Young (Normal) (G1 Evacuation Pause)
[2026-09-05T21:18:33.420-0400][384.841s][info][gc,task     ] GC(43) Using 23 workers of 23 for evacuation
[2026-09-05T21:18:33.426-0400][384.846s][info][gc,phases   ] GC(43)   Pre Evacuate Collection Set: 0.15ms
[2026-09-05T21:18:33.426-0400][384.846s][info][gc,phases   ] GC(43)   Merge Heap Roots: 0.13ms
[2026-09-05T21:18:33.426-0400][384.846s][info][gc,phases   ] GC(43)   Evacuate Collection Set: 3.95ms
[2026-09-05T21:18:33.426-0400][384.846s][info][gc,phases   ] GC(43)   Post Evacuate Collection Set: 0.71ms
[2026-09-05T21:18:33.426-0400][384.846s][info][gc,phases   ] GC(43)   Other: 0.14ms
[2026-09-05T21:18:33.426-0400][384.846s][info][gc,heap     ] GC(43) Eden regions: 379->0(375)
[2026-09-05T21:18:33.426-0400][384.846s][info][gc,heap     ] GC(43) Survivor regions: 22->24(51)
[2026-09-05T21:18:33.426-0400][384.846s][info][gc,heap     ] GC(43) Old regions: 310->310
[2026-09-05T21:18:33.426-0400][384.846s][info][gc,heap     ] GC(43) Archive regions: 0->0
[2026-09-05T21:18:33.426-0400][384.846s][info][gc,heap     ] GC(43) Humongous regions: 15->15
[2026-09-05T21:18:33.426-0400][384.846s][info][gc,metaspace] GC(43) Metaspace: 125668K(127488K)->125668K(127488K) NonClass: 107156K(108160K)->107156K(108160K) Class: 18511K(19328K)->18511K(19328K)
[2026-09-05T21:18:33.426-0400][384.846s][info][gc          ] GC(43) Pause Young (Normal) (G1 Evacuation Pause) 1450M->695M(1664M) 5.214ms
[2026-09-05T21:18:33.426-0400][384.846s][info][gc,cpu      ] GC(43) User=0.00s Sys=0.00s Real=0.01s
[2026-09-05T21:18:33.757-0400][385.177s][info][gc,start    ] GC(44) Pause Young (Normal) (G1 Evacuation Pause)
[2026-09-05T21:18:33.757-0400][385.177s][info][gc,task     ] GC(44) Using 23 workers of 23 for evacuation
[2026-09-05T21:18:33.763-0400][385.183s][info][gc,phases   ] GC(44)   Pre Evacuate Collection Set: 0.11ms
[2026-09-05T21:18:33.763-0400][385.183s][info][gc,phases   ] GC(44)   Merge Heap Roots: 0.16ms
[2026-09-05T21:18:33.763-0400][385.183s][info][gc,phases   ] GC(44)   Evacuate Collection Set: 5.07ms
[2026-09-05T21:18:33.763-0400][385.183s][info][gc,phases   ] GC(44)   Post Evacuate Collection Set: 0.52ms
[2026-09-05T21:18:33.763-0400][385.184s][info][gc,phases   ] GC(44)   Other: 0.15ms
[2026-09-05T21:18:33.763-0400][385.184s][info][gc,heap     ] GC(44) Eden regions: 375->0(367)
[2026-09-05T21:18:33.763-0400][385.184s][info][gc,heap     ] GC(44) Survivor regions: 24->28(50)
[2026-09-05T21:18:33.764-0400][385.184s][info][gc,heap     ] GC(44) Old regions: 310->310
[2026-09-05T21:18:33.764-0400][385.184s][info][gc,heap     ] GC(44) Archive regions: 0->0
[2026-09-05T21:18:33.764-0400][385.184s][info][gc,heap     ] GC(44) Humongous regions: 15->15
[2026-09-05T21:18:33.764-0400][385.184s][info][gc,metaspace] GC(44) Metaspace: 125713K(127488K)->125713K(127488K) NonClass: 107201K(108160K)->107201K(108160K) Class: 18511K(19328K)->18511K(19328K)
[2026-09-05T21:18:33.764-0400][385.184s][info][gc          ] GC(44) Pause Young (Normal) (G1 Evacuation Pause) 1445M->703M(1664M) 6.164ms
[2026-09-05T21:18:33.764-0400][385.184s][info][gc,cpu      ] GC(44) User=0.00s Sys=0.00s Real=0.01s
[2026-09-05T21:18:34.230-0400][385.651s][info][gc,start    ] GC(45) Pause Young (Normal) (G1 Evacuation Pause)
[2026-09-05T21:18:34.230-0400][385.651s][info][gc,task     ] GC(45) Using 23 workers of 23 for evacuation
[2026-09-05T21:18:34.237-0400][385.657s][info][gc,phases   ] GC(45)   Pre Evacuate Collection Set: 0.25ms
[2026-09-05T21:18:34.237-0400][385.657s][info][gc,phases   ] GC(45)   Merge Heap Roots: 0.19ms
[2026-09-05T21:18:34.237-0400][385.657s][info][gc,phases   ] GC(45)   Evacuate Collection Set: 4.54ms
[2026-09-05T21:18:34.237-0400][385.657s][info][gc,phases   ] GC(45)   Post Evacuate Collection Set: 0.60ms
[2026-09-05T21:18:34.237-0400][385.657s][info][gc,phases   ] GC(45)   Other: 0.15ms
[2026-09-05T21:18:34.237-0400][385.657s][info][gc,heap     ] GC(45) Eden regions: 367->0(365)
[2026-09-05T21:18:34.237-0400][385.657s][info][gc,heap     ] GC(45) Survivor regions: 28->29(50)
[2026-09-05T21:18:34.237-0400][385.657s][info][gc,heap     ] GC(45) Old regions: 310->310
[2026-09-05T21:18:34.237-0400][385.657s][info][gc,heap     ] GC(45) Archive regions: 0->0
[2026-09-05T21:18:34.237-0400][385.657s][info][gc,heap     ] GC(45) Humongous regions: 15->15
[2026-09-05T21:18:34.237-0400][385.657s][info][gc,metaspace] GC(45) Metaspace: 125807K(127680K)->125807K(127680K) NonClass: 107286K(108288K)->107286K(108288K) Class: 18521K(19392K)->18521K(19392K)
[2026-09-05T21:18:34.237-0400][385.657s][info][gc          ] GC(45) Pause Young (Normal) (G1 Evacuation Pause) 1437M->706M(1664M) 5.883ms
[2026-09-05T21:18:34.237-0400][385.657s][info][gc,cpu      ] GC(45) User=0.00s Sys=0.00s Real=0.01s
[2026-09-05T21:18:34.970-0400][386.391s][info][gc,start    ] GC(46) Pause Young (Normal) (G1 Evacuation Pause)
[2026-09-05T21:18:34.970-0400][386.391s][info][gc,task     ] GC(46) Using 23 workers of 23 for evacuation
[2026-09-05T21:18:34.976-0400][386.396s][info][gc,phases   ] GC(46)   Pre Evacuate Collection Set: 0.16ms
[2026-09-05T21:18:34.976-0400][386.396s][info][gc,phases   ] GC(46)   Merge Heap Roots: 0.14ms
[2026-09-05T21:18:34.976-0400][386.396s][info][gc,phases   ] GC(46)   Evacuate Collection Set: 4.09ms
[2026-09-05T21:18:34.976-0400][386.396s][info][gc,phases   ] GC(46)   Post Evacuate Collection Set: 0.56ms
[2026-09-05T21:18:34.976-0400][386.396s][info][gc,phases   ] GC(46)   Other: 0.23ms
[2026-09-05T21:18:34.976-0400][386.396s][info][gc,heap     ] GC(46) Eden regions: 365->0(367)
[2026-09-05T21:18:34.976-0400][386.396s][info][gc,heap     ] GC(46) Survivor regions: 29->27(50)
[2026-09-05T21:18:34.976-0400][386.396s][info][gc,heap     ] GC(46) Old regions: 310->312
[2026-09-05T21:18:34.976-0400][386.396s][info][gc,heap     ] GC(46) Archive regions: 0->0
[2026-09-05T21:18:34.976-0400][386.396s][info][gc,heap     ] GC(46) Humongous regions: 15->15
[2026-09-05T21:18:34.976-0400][386.396s][info][gc,metaspace] GC(46) Metaspace: 125827K(127680K)->125827K(127680K) NonClass: 107306K(108288K)->107306K(108288K) Class: 18521K(19392K)->18521K(19392K)
[2026-09-05T21:18:34.976-0400][386.396s][info][gc          ] GC(46) Pause Young (Normal) (G1 Evacuation Pause) 1436M->707M(1664M) 5.278ms
[2026-09-05T21:18:34.976-0400][386.396s][info][gc,cpu      ] GC(46) User=0.33s Sys=0.02s Real=0.01s
[2026-09-05T21:18:35.687-0400][387.107s][info][gc,start    ] GC(47) Pause Young (Normal) (G1 Evacuation Pause)
[2026-09-05T21:18:35.687-0400][387.107s][info][gc,task     ] GC(47) Using 23 workers of 23 for evacuation
[2026-09-05T21:18:35.692-0400][387.112s][info][gc,phases   ] GC(47)   Pre Evacuate Collection Set: 0.16ms
[2026-09-05T21:18:35.692-0400][387.112s][info][gc,phases   ] GC(47)   Merge Heap Roots: 0.16ms
[2026-09-05T21:18:35.692-0400][387.112s][info][gc,phases   ] GC(47)   Evacuate Collection Set: 3.71ms
[2026-09-05T21:18:35.692-0400][387.112s][info][gc,phases   ] GC(47)   Post Evacuate Collection Set: 0.90ms
[2026-09-05T21:18:35.692-0400][387.112s][info][gc,phases   ] GC(47)   Other: 0.13ms
[2026-09-05T21:18:35.692-0400][387.112s][info][gc,heap     ] GC(47) Eden regions: 367->0(365)
[2026-09-05T21:18:35.692-0400][387.112s][info][gc,heap     ] GC(47) Survivor regions: 27->28(50)
[2026-09-05T21:18:35.692-0400][387.112s][info][gc,heap     ] GC(47) Old regions: 312->312
[2026-09-05T21:18:35.692-0400][387.112s][info][gc,heap     ] GC(47) Archive regions: 0->0
[2026-09-05T21:18:35.692-0400][387.112s][info][gc,heap     ] GC(47) Humongous regions: 15->15
[2026-09-05T21:18:35.692-0400][387.112s][info][gc,metaspace] GC(47) Metaspace: 125830K(127680K)->125830K(127680K) NonClass: 107309K(108288K)->107309K(108288K) Class: 18521K(19392K)->18521K(19392K)
[2026-09-05T21:18:35.692-0400][387.112s][info][gc          ] GC(47) Pause Young (Normal) (G1 Evacuation Pause) 1441M->708M(1664M) 5.252ms
[2026-09-05T21:18:35.692-0400][387.113s][info][gc,cpu      ] GC(47) User=0.00s Sys=0.00s Real=0.00s
[2026-09-05T21:18:36.400-0400][387.820s][info][gc,start    ] GC(48) Pause Young (Normal) (G1 Evacuation Pause)
[2026-09-05T21:18:36.400-0400][387.821s][info][gc,task     ] GC(48) Using 23 workers of 23 for evacuation
[2026-09-05T21:18:36.405-0400][387.825s][info][gc,phases   ] GC(48)   Pre Evacuate Collection Set: 0.09ms
[2026-09-05T21:18:36.405-0400][387.825s][info][gc,phases   ] GC(48)   Merge Heap Roots: 0.15ms
[2026-09-05T21:18:36.405-0400][387.825s][info][gc,phases   ] GC(48)   Evacuate Collection Set: 3.87ms
[2026-09-05T21:18:36.405-0400][387.825s][info][gc,phases   ] GC(48)   Post Evacuate Collection Set: 0.58ms
[2026-09-05T21:18:36.405-0400][387.825s][info][gc,phases   ] GC(48)   Other: 0.13ms
[2026-09-05T21:18:36.405-0400][387.825s][info][gc,heap     ] GC(48) Eden regions: 365->0(367)
[2026-09-05T21:18:36.405-0400][387.825s][info][gc,heap     ] GC(48) Survivor regions: 28->27(50)
[2026-09-05T21:18:36.405-0400][387.825s][info][gc,heap     ] GC(48) Old regions: 312->312
[2026-09-05T21:18:36.405-0400][387.825s][info][gc,heap     ] GC(48) Archive regions: 0->0
[2026-09-05T21:18:36.405-0400][387.825s][info][gc,heap     ] GC(48) Humongous regions: 15->15
[2026-09-05T21:18:36.405-0400][387.825s][info][gc,metaspace] GC(48) Metaspace: 125847K(127680K)->125847K(127680K) NonClass: 107324K(108288K)->107324K(108288K) Class: 18522K(19392K)->18522K(19392K)
[2026-09-05T21:18:36.405-0400][387.825s][info][gc          ] GC(48) Pause Young (Normal) (G1 Evacuation Pause) 1438M->707M(1664M) 4.927ms
[2026-09-05T21:18:36.405-0400][387.825s][info][gc,cpu      ] GC(48) User=0.00s Sys=0.00s Real=0.00s
[2026-09-05T21:18:37.111-0400][388.532s][info][gc,start    ] GC(49) Pause Young (Normal) (G1 Evacuation Pause)
[2026-09-05T21:18:37.112-0400][388.532s][info][gc,task     ] GC(49) Using 23 workers of 23 for evacuation
[2026-09-05T21:18:37.116-0400][388.536s][info][gc,phases   ] GC(49)   Pre Evacuate Collection Set: 0.11ms
[2026-09-05T21:18:37.116-0400][388.537s][info][gc,phases   ] GC(49)   Merge Heap Roots: 0.19ms
[2026-09-05T21:18:37.116-0400][388.537s][info][gc,phases   ] GC(49)   Evacuate Collection Set: 3.78ms
[2026-09-05T21:18:37.116-0400][388.537s][info][gc,phases   ] GC(49)   Post Evacuate Collection Set: 0.50ms
[2026-09-05T21:18:37.116-0400][388.537s][info][gc,phases   ] GC(49)   Other: 0.18ms
[2026-09-05T21:18:37.116-0400][388.537s][info][gc,heap     ] GC(49) Eden regions: 367->0(367)
[2026-09-05T21:18:37.116-0400][388.537s][info][gc,heap     ] GC(49) Survivor regions: 27->27(50)
[2026-09-05T21:18:37.116-0400][388.537s][info][gc,heap     ] GC(49) Old regions: 312->312
[2026-09-05T21:18:37.116-0400][388.537s][info][gc,heap     ] GC(49) Archive regions: 0->0
[2026-09-05T21:18:37.116-0400][388.537s][info][gc,heap     ] GC(49) Humongous regions: 15->15
[2026-09-05T21:18:37.116-0400][388.537s][info][gc,metaspace] GC(49) Metaspace: 125847K(127680K)->125847K(127680K) NonClass: 107324K(108288K)->107324K(108288K) Class: 18522K(19392K)->18522K(19392K)
[2026-09-05T21:18:37.116-0400][388.537s][info][gc          ] GC(49) Pause Young (Normal) (G1 Evacuation Pause) 1441M->707M(1664M) 4.845ms
[2026-09-05T21:18:37.116-0400][388.537s][info][gc,cpu      ] GC(49) User=0.36s Sys=0.00s Real=0.00s
[2026-09-05T21:18:37.827-0400][389.248s][info][gc,start    ] GC(50) Pause Young (Normal) (G1 Evacuation Pause)
[2026-09-05T21:18:37.827-0400][389.248s][info][gc,task     ] GC(50) Using 23 workers of 23 for evacuation
[2026-09-05T21:18:37.832-0400][389.252s][info][gc,phases   ] GC(50)   Pre Evacuate Collection Set: 0.10ms
[2026-09-05T21:18:37.832-0400][389.252s][info][gc,phases   ] GC(50)   Merge Heap Roots: 0.19ms
[2026-09-05T21:18:37.832-0400][389.252s][info][gc,phases   ] GC(50)   Evacuate Collection Set: 3.82ms
[2026-09-05T21:18:37.832-0400][389.252s][info][gc,phases   ] GC(50)   Post Evacuate Collection Set: 0.55ms
[2026-09-05T21:18:37.832-0400][389.252s][info][gc,phases   ] GC(50)   Other: 0.13ms
[2026-09-05T21:18:37.832-0400][389.252s][info][gc,heap     ] GC(50) Eden regions: 367->0(366)
[2026-09-05T21:18:37.832-0400][389.252s][info][gc,heap     ] GC(50) Survivor regions: 27->27(50)
[2026-09-05T21:18:37.832-0400][389.252s][info][gc,heap     ] GC(50) Old regions: 312->313
[2026-09-05T21:18:37.832-0400][389.252s][info][gc,heap     ] GC(50) Archive regions: 0->0
[2026-09-05T21:18:37.832-0400][389.252s][info][gc,heap     ] GC(50) Humongous regions: 15->15
[2026-09-05T21:18:37.832-0400][389.252s][info][gc,metaspace] GC(50) Metaspace: 125847K(127680K)->125847K(127680K) NonClass: 107324K(108288K)->107324K(108288K) Class: 18522K(19392K)->18522K(19392K)
[2026-09-05T21:18:37.832-0400][389.252s][info][gc          ] GC(50) Pause Young (Normal) (G1 Evacuation Pause) 1441M->707M(1664M) 4.929ms
[2026-09-05T21:18:37.832-0400][389.252s][info][gc,cpu      ] GC(50) User=0.00s Sys=0.00s Real=0.01s
[2026-09-05T21:18:38.925-0400][390.345s][info][gc,start    ] GC(51) Pause Young (Normal) (G1 Evacuation Pause)
[2026-09-05T21:18:38.925-0400][390.346s][info][gc,task     ] GC(51) Using 23 workers of 23 for evacuation
[2026-09-05T21:18:38.930-0400][390.351s][info][gc,phases   ] GC(51)   Pre Evacuate Collection Set: 0.17ms
[2026-09-05T21:18:38.930-0400][390.351s][info][gc,phases   ] GC(51)   Merge Heap Roots: 0.18ms
[2026-09-05T21:18:38.930-0400][390.351s][info][gc,phases   ] GC(51)   Evacuate Collection Set: 4.05ms
[2026-09-05T21:18:38.930-0400][390.351s][info][gc,phases   ] GC(51)   Post Evacuate Collection Set: 0.61ms
[2026-09-05T21:18:38.930-0400][390.351s][info][gc,phases   ] GC(51)   Other: 0.23ms
[2026-09-05T21:18:38.930-0400][390.351s][info][gc,heap     ] GC(51) Eden regions: 366->0(368)
[2026-09-05T21:18:38.930-0400][390.351s][info][gc,heap     ] GC(51) Survivor regions: 27->25(50)
[2026-09-05T21:18:38.930-0400][390.351s][info][gc,heap     ] GC(51) Old regions: 313->315
[2026-09-05T21:18:38.930-0400][390.351s][info][gc,heap     ] GC(51) Archive regions: 0->0
[2026-09-05T21:18:38.930-0400][390.351s][info][gc,heap     ] GC(51) Humongous regions: 15->15
[2026-09-05T21:18:38.930-0400][390.351s][info][gc,metaspace] GC(51) Metaspace: 125847K(127680K)->125847K(127680K) NonClass: 107324K(108288K)->107324K(108288K) Class: 18522K(19392K)->18522K(19392K)
[2026-09-05T21:18:38.930-0400][390.351s][info][gc          ] GC(51) Pause Young (Normal) (G1 Evacuation Pause) 1439M->707M(1664M) 5.450ms
[2026-09-05T21:18:38.930-0400][390.351s][info][gc,cpu      ] GC(51) User=0.34s Sys=0.02s Real=0.01s
[2026-09-05T21:18:39.904-0400][391.324s][info][gc,start    ] GC(52) Pause Young (Normal) (G1 Evacuation Pause)
[2026-09-05T21:18:39.904-0400][391.324s][info][gc,task     ] GC(52) Using 23 workers of 23 for evacuation
[2026-09-05T21:18:39.909-0400][391.329s][info][gc,phases   ] GC(52)   Pre Evacuate Collection Set: 0.17ms
[2026-09-05T21:18:39.909-0400][391.329s][info][gc,phases   ] GC(52)   Merge Heap Roots: 0.23ms
[2026-09-05T21:18:39.909-0400][391.329s][info][gc,phases   ] GC(52)   Evacuate Collection Set: 3.91ms
[2026-09-05T21:18:39.909-0400][391.329s][info][gc,phases   ] GC(52)   Post Evacuate Collection Set: 0.73ms
[2026-09-05T21:18:39.909-0400][391.329s][info][gc,phases   ] GC(52)   Other: 0.14ms
[2026-09-05T21:18:39.909-0400][391.329s][info][gc,heap     ] GC(52) Eden regions: 368->0(371)
[2026-09-05T21:18:39.909-0400][391.329s][info][gc,heap     ] GC(52) Survivor regions: 25->22(50)
[2026-09-05T21:18:39.909-0400][391.329s][info][gc,heap     ] GC(52) Old regions: 315->318
[2026-09-05T21:18:39.909-0400][391.329s][info][gc,heap     ] GC(52) Archive regions: 0->0
[2026-09-05T21:18:39.909-0400][391.329s][info][gc,heap     ] GC(52) Humongous regions: 15->15
[2026-09-05T21:18:39.909-0400][391.329s][info][gc,metaspace] GC(52) Metaspace: 125879K(127744K)->125879K(127744K) NonClass: 107355K(108352K)->107355K(108352K) Class: 18523K(19392K)->18523K(19392K)
[2026-09-05T21:18:39.909-0400][391.329s][info][gc          ] GC(52) Pause Young (Normal) (G1 Evacuation Pause) 1443M->708M(1664M) 5.336ms
[2026-09-05T21:18:39.909-0400][391.329s][info][gc,cpu      ] GC(52) User=0.00s Sys=0.00s Real=0.00s
[2026-09-05T21:18:40.016-0400][391.437s][info][gc,start    ] GC(53) Pause Young (Normal) (G1 Evacuation Pause)
[2026-09-05T21:18:40.016-0400][391.437s][info][gc,task     ] GC(53) Using 23 workers of 23 for evacuation
[2026-09-05T21:18:40.022-0400][391.443s][info][gc,phases   ] GC(53)   Pre Evacuate Collection Set: 0.12ms
[2026-09-05T21:18:40.022-0400][391.443s][info][gc,phases   ] GC(53)   Merge Heap Roots: 0.18ms
[2026-09-05T21:18:40.022-0400][391.443s][info][gc,phases   ] GC(53)   Evacuate Collection Set: 4.41ms
[2026-09-05T21:18:40.022-0400][391.443s][info][gc,phases   ] GC(53)   Post Evacuate Collection Set: 0.59ms
[2026-09-05T21:18:40.022-0400][391.443s][info][gc,phases   ] GC(53)   Other: 0.16ms
[2026-09-05T21:18:40.022-0400][391.443s][info][gc,heap     ] GC(53) Eden regions: 371->0(367)
[2026-09-05T21:18:40.022-0400][391.443s][info][gc,heap     ] GC(53) Survivor regions: 22->23(50)
[2026-09-05T21:18:40.022-0400][391.443s][info][gc,heap     ] GC(53) Old regions: 318->320
[2026-09-05T21:18:40.022-0400][391.443s][info][gc,heap     ] GC(53) Archive regions: 0->0
[2026-09-05T21:18:40.022-0400][391.443s][info][gc,heap     ] GC(53) Humongous regions: 15->15
[2026-09-05T21:18:40.022-0400][391.443s][info][gc,metaspace] GC(53) Metaspace: 125881K(127744K)->125881K(127744K) NonClass: 107356K(108352K)->107356K(108352K) Class: 18524K(19392K)->18524K(19392K)
[2026-09-05T21:18:40.022-0400][391.443s][info][gc          ] GC(53) Pause Young (Normal) (G1 Evacuation Pause) 1450M->713M(1664M) 5.593ms
[2026-09-05T21:18:40.022-0400][391.443s][info][gc,cpu      ] GC(53) User=0.30s Sys=0.06s Real=0.01s
[2026-09-05T21:18:40.506-0400][391.927s][info][gc,start    ] GC(54) Pause Young (Normal) (G1 Evacuation Pause)
[2026-09-05T21:18:40.506-0400][391.927s][info][gc,task     ] GC(54) Using 23 workers of 23 for evacuation
[2026-09-05T21:18:40.512-0400][391.933s][info][gc,phases   ] GC(54)   Pre Evacuate Collection Set: 0.17ms
[2026-09-05T21:18:40.513-0400][391.933s][info][gc,phases   ] GC(54)   Merge Heap Roots: 0.18ms
[2026-09-05T21:18:40.513-0400][391.933s][info][gc,phases   ] GC(54)   Evacuate Collection Set: 5.18ms
[2026-09-05T21:18:40.513-0400][391.933s][info][gc,phases   ] GC(54)   Post Evacuate Collection Set: 0.56ms
[2026-09-05T21:18:40.513-0400][391.933s][info][gc,phases   ] GC(54)   Other: 0.19ms
[2026-09-05T21:18:40.513-0400][391.933s][info][gc,heap     ] GC(54) Eden regions: 367->0(362)
[2026-09-05T21:18:40.513-0400][391.933s][info][gc,heap     ] GC(54) Survivor regions: 23->24(49)
[2026-09-05T21:18:40.513-0400][391.933s][info][gc,heap     ] GC(54) Old regions: 320->323
[2026-09-05T21:18:40.513-0400][391.933s][info][gc,heap     ] GC(54) Archive regions: 0->0
[2026-09-05T21:18:40.513-0400][391.933s][info][gc,heap     ] GC(54) Humongous regions: 15->15
[2026-09-05T21:18:40.513-0400][391.933s][info][gc,metaspace] GC(54) Metaspace: 125926K(127744K)->125926K(127744K) NonClass: 107398K(108352K)->107398K(108352K) Class: 18527K(19392K)->18527K(19392K)
[2026-09-05T21:18:40.513-0400][391.933s][info][gc          ] GC(54) Pause Young (Normal) (G1 Evacuation Pause) 1447M->721M(1664M) 6.456ms
[2026-09-05T21:18:40.513-0400][391.933s][info][gc,cpu      ] GC(54) User=0.00s Sys=0.00s Real=0.01s
[2026-09-05T21:18:40.624-0400][392.044s][info][gc,start    ] GC(55) Pause Young (Normal) (G1 Evacuation Pause)
[2026-09-05T21:18:40.624-0400][392.044s][info][gc,task     ] GC(55) Using 23 workers of 23 for evacuation
[2026-09-05T21:18:40.628-0400][392.050s][info][gc,phases   ] GC(55)   Pre Evacuate Collection Set: 0.12ms
[2026-09-05T21:18:40.628-0400][392.050s][info][gc,phases   ] GC(55)   Merge Heap Roots: 0.14ms
[2026-09-05T21:18:40.628-0400][392.050s][info][gc,phases   ] GC(55)   Evacuate Collection Set: 4.50ms
[2026-09-05T21:18:40.628-0400][392.050s][info][gc,phases   ] GC(55)   Post Evacuate Collection Set: 0.65ms
[2026-09-05T21:18:40.628-0400][392.050s][info][gc,phases   ] GC(55)   Other: 0.19ms
[2026-09-05T21:18:40.628-0400][392.050s][info][gc,heap     ] GC(55) Eden regions: 362->0(360)
[2026-09-05T21:18:40.628-0400][392.050s][info][gc,heap     ] GC(55) Survivor regions: 24->24(49)
[2026-09-05T21:18:40.628-0400][392.050s][info][gc,heap     ] GC(55) Old regions: 323->325
[2026-09-05T21:18:40.628-0400][392.050s][info][gc,heap     ] GC(55) Archive regions: 0->0
[2026-09-05T21:18:40.628-0400][392.050s][info][gc,heap     ] GC(55) Humongous regions: 15->15
[2026-09-05T21:18:40.628-0400][392.050s][info][gc,metaspace] GC(55) Metaspace: 125926K(127744K)->125926K(127744K) NonClass: 107398K(108352K)->107398K(108352K) Class: 18527K(19392K)->18527K(19392K)
[2026-09-05T21:18:40.628-0400][392.050s][info][gc          ] GC(55) Pause Young (Normal) (G1 Evacuation Pause) 1445M->726M(1664M) 5.733ms
[2026-09-05T21:18:40.628-0400][392.050s][info][gc,cpu      ] GC(55) User=0.00s Sys=0.00s Real=0.00s
[2026-09-05T21:18:41.132-0400][392.552s][info][gc,start    ] GC(56) Pause Young (Normal) (G1 Evacuation Pause)
[2026-09-05T21:18:41.132-0400][392.552s][info][gc,task     ] GC(56) Using 23 workers of 23 for evacuation
[2026-09-05T21:18:41.137-0400][392.558s][info][gc,phases   ] GC(56)   Pre Evacuate Collection Set: 0.14ms
[2026-09-05T21:18:41.137-0400][392.558s][info][gc,phases   ] GC(56)   Merge Heap Roots: 0.20ms
[2026-09-05T21:18:41.137-0400][392.558s][info][gc,phases   ] GC(56)   Evacuate Collection Set: 4.78ms
[2026-09-05T21:18:41.137-0400][392.558s][info][gc,phases   ] GC(56)   Post Evacuate Collection Set: 0.67ms
[2026-09-05T21:18:41.137-0400][392.558s][info][gc,phases   ] GC(56)   Other: 0.16ms
[2026-09-05T21:18:41.137-0400][392.558s][info][gc,heap     ] GC(56) Eden regions: 360->0(359)
[2026-09-05T21:18:41.138-0400][392.558s][info][gc,heap     ] GC(56) Survivor regions: 24->23(48)
[2026-09-05T21:18:41.138-0400][392.558s][info][gc,heap     ] GC(56) Old regions: 325->328
[2026-09-05T21:18:41.138-0400][392.558s][info][gc,heap     ] GC(56) Archive regions: 0->0
[2026-09-05T21:18:41.138-0400][392.558s][info][gc,heap     ] GC(56) Humongous regions: 15->15
[2026-09-05T21:18:41.138-0400][392.558s][info][gc,metaspace] GC(56) Metaspace: 125958K(127808K)->125958K(127808K) NonClass: 107429K(108416K)->107429K(108416K) Class: 18528K(19392K)->18528K(19392K)
[2026-09-05T21:18:41.138-0400][392.558s][info][gc          ] GC(56) Pause Young (Normal) (G1 Evacuation Pause) 1446M->730M(1664M) 6.111ms
[2026-09-05T21:18:41.138-0400][392.558s][info][gc,cpu      ] GC(56) User=0.00s Sys=0.00s Real=0.01s
[2026-09-05T21:18:41.563-0400][392.984s][info][gc,start    ] GC(57) Pause Young (Normal) (G1 Evacuation Pause)
[2026-09-05T21:18:41.563-0400][392.984s][info][gc,task     ] GC(57) Using 23 workers of 23 for evacuation
[2026-09-05T21:18:41.568-0400][392.989s][info][gc,phases   ] GC(57)   Pre Evacuate Collection Set: 0.17ms
[2026-09-05T21:18:41.568-0400][392.989s][info][gc,phases   ] GC(57)   Merge Heap Roots: 0.22ms
[2026-09-05T21:18:41.568-0400][392.989s][info][gc,phases   ] GC(57)   Evacuate Collection Set: 4.41ms
[2026-09-05T21:18:41.568-0400][392.989s][info][gc,phases   ] GC(57)   Post Evacuate Collection Set: 0.72ms
[2026-09-05T21:18:41.568-0400][392.989s][info][gc,phases   ] GC(57)   Other: 0.23ms
[2026-09-05T21:18:41.568-0400][392.989s][info][gc,heap     ] GC(57) Eden regions: 359->0(356)
[2026-09-05T21:18:41.568-0400][392.989s][info][gc,heap     ] GC(57) Survivor regions: 23->23(48)
[2026-09-05T21:18:41.568-0400][392.990s][info][gc,heap     ] GC(57) Old regions: 328->331
[2026-09-05T21:18:41.568-0400][392.990s][info][gc,heap     ] GC(57) Archive regions: 0->0
[2026-09-05T21:18:41.568-0400][392.990s][info][gc,heap     ] GC(57) Humongous regions: 15->15
[2026-09-05T21:18:41.568-0400][392.990s][info][gc,metaspace] GC(57) Metaspace: 125987K(127808K)->125987K(127808K) NonClass: 107457K(108416K)->107457K(108416K) Class: 18530K(19392K)->18530K(19392K)
[2026-09-05T21:18:41.568-0400][392.990s][info][gc          ] GC(57) Pause Young (Normal) (G1 Evacuation Pause) 1448M->736M(1664M) 5.848ms
[2026-09-05T21:18:41.568-0400][392.990s][info][gc,cpu      ] GC(57) User=0.36s Sys=0.00s Real=0.01s
[2026-09-05T21:18:41.711-0400][393.131s][info][gc,start    ] GC(58) Pause Young (Normal) (G1 Evacuation Pause)
[2026-09-05T21:18:41.711-0400][393.131s][info][gc,task     ] GC(58) Using 23 workers of 23 for evacuation
[2026-09-05T21:18:41.715-0400][393.135s][info][gc,phases   ] GC(58)   Pre Evacuate Collection Set: 0.18ms
[2026-09-05T21:18:41.715-0400][393.136s][info][gc,phases   ] GC(58)   Merge Heap Roots: 0.15ms
[2026-09-05T21:18:41.715-0400][393.136s][info][gc,phases   ] GC(58)   Evacuate Collection Set: 3.92ms
[2026-09-05T21:18:41.715-0400][393.136s][info][gc,phases   ] GC(58)   Post Evacuate Collection Set: 0.57ms
[2026-09-05T21:18:41.715-0400][393.136s][info][gc,phases   ] GC(58)   Other: 0.16ms
[2026-09-05T21:18:41.715-0400][393.136s][info][gc,heap     ] GC(58) Eden regions: 356->0(354)
[2026-09-05T21:18:41.715-0400][393.136s][info][gc,heap     ] GC(58) Survivor regions: 23->23(48)
[2026-09-05T21:18:41.715-0400][393.136s][info][gc,heap     ] GC(58) Old regions: 331->333
[2026-09-05T21:18:41.715-0400][393.136s][info][gc,heap     ] GC(58) Archive regions: 0->0
[2026-09-05T21:18:41.715-0400][393.136s][info][gc,heap     ] GC(58) Humongous regions: 15->15
[2026-09-05T21:18:41.715-0400][393.136s][info][gc,metaspace] GC(58) Metaspace: 125987K(127808K)->125987K(127808K) NonClass: 107457K(108416K)->107457K(108416K) Class: 18530K(19392K)->18530K(19392K)
[2026-09-05T21:18:41.715-0400][393.136s][info][gc          ] GC(58) Pause Young (Normal) (G1 Evacuation Pause) 1448M->739M(1664M) 5.104ms
[2026-09-05T21:18:41.715-0400][393.136s][info][gc,cpu      ] GC(58) User=0.00s Sys=0.00s Real=0.00s
[2026-09-05T21:18:42.145-0400][393.566s][info][gc,start    ] GC(59) Pause Young (Normal) (G1 Evacuation Pause)
[2026-09-05T21:18:42.146-0400][393.566s][info][gc,task     ] GC(59) Using 23 workers of 23 for evacuation
[2026-09-05T21:18:42.150-0400][393.571s][info][gc,phases   ] GC(59)   Pre Evacuate Collection Set: 0.15ms
[2026-09-05T21:18:42.150-0400][393.571s][info][gc,phases   ] GC(59)   Merge Heap Roots: 0.17ms
[2026-09-05T21:18:42.150-0400][393.571s][info][gc,phases   ] GC(59)   Evacuate Collection Set: 4.74ms
[2026-09-05T21:18:42.150-0400][393.571s][info][gc,phases   ] GC(59)   Post Evacuate Collection Set: 0.56ms
[2026-09-05T21:18:42.150-0400][393.571s][info][gc,phases   ] GC(59)   Other: 0.20ms
[2026-09-05T21:18:42.150-0400][393.571s][info][gc,heap     ] GC(59) Eden regions: 354->0(351)
[2026-09-05T21:18:42.150-0400][393.571s][info][gc,heap     ] GC(59) Survivor regions: 23->23(48)
[2026-09-05T21:18:42.150-0400][393.571s][info][gc,heap     ] GC(59) Old regions: 333->336
[2026-09-05T21:18:42.150-0400][393.571s][info][gc,heap     ] GC(59) Archive regions: 0->0
[2026-09-05T21:18:42.150-0400][393.571s][info][gc,heap     ] GC(59) Humongous regions: 15->15
[2026-09-05T21:18:42.150-0400][393.571s][info][gc,metaspace] GC(59) Metaspace: 126112K(128000K)->126112K(128000K) NonClass: 107574K(108608K)->107574K(108608K) Class: 18537K(19392K)->18537K(19392K)
[2026-09-05T21:18:42.150-0400][393.571s][info][gc          ] GC(59) Pause Young (Normal) (G1 Evacuation Pause) 1447M->747M(1664M) 5.934ms
[2026-09-05T21:18:42.150-0400][393.571s][info][gc,cpu      ] GC(59) User=0.17s Sys=0.00s Real=0.01s
[2026-09-05T21:18:42.286-0400][393.706s][info][gc,start    ] GC(60) Pause Young (Normal) (G1 Evacuation Pause)
[2026-09-05T21:18:42.286-0400][393.706s][info][gc,task     ] GC(60) Using 23 workers of 23 for evacuation
[2026-09-05T21:18:42.291-0400][393.712s][info][gc,phases   ] GC(60)   Pre Evacuate Collection Set: 0.15ms
[2026-09-05T21:18:42.291-0400][393.712s][info][gc,phases   ] GC(60)   Merge Heap Roots: 0.23ms
[2026-09-05T21:18:42.291-0400][393.712s][info][gc,phases   ] GC(60)   Evacuate Collection Set: 4.40ms
[2026-09-05T21:18:42.291-0400][393.712s][info][gc,phases   ] GC(60)   Post Evacuate Collection Set: 0.61ms
[2026-09-05T21:18:42.291-0400][393.712s][info][gc,phases   ] GC(60)   Other: 0.22ms
[2026-09-05T21:18:42.291-0400][393.712s][info][gc,heap     ] GC(60) Eden regions: 351->0(349)
[2026-09-05T21:18:42.291-0400][393.712s][info][gc,heap     ] GC(60) Survivor regions: 23->23(47)
[2026-09-05T21:18:42.291-0400][393.712s][info][gc,heap     ] GC(60) Old regions: 336->338
[2026-09-05T21:18:42.291-0400][393.712s][info][gc,heap     ] GC(60) Archive regions: 0->0
[2026-09-05T21:18:42.291-0400][393.712s][info][gc,heap     ] GC(60) Humongous regions: 15->15
[2026-09-05T21:18:42.291-0400][393.712s][info][gc,metaspace] GC(60) Metaspace: 126112K(128000K)->126112K(128000K) NonClass: 107574K(108608K)->107574K(108608K) Class: 18537K(19392K)->18537K(19392K)
[2026-09-05T21:18:42.291-0400][393.712s][info][gc          ] GC(60) Pause Young (Normal) (G1 Evacuation Pause) 1449M->749M(1664M) 5.741ms
[2026-09-05T21:18:42.291-0400][393.712s][info][gc,cpu      ] GC(60) User=0.34s Sys=0.02s Real=0.00s
[2026-09-05T21:18:42.774-0400][394.194s][info][gc,start    ] GC(61) Pause Young (Normal) (G1 Evacuation Pause)
[2026-09-05T21:18:42.774-0400][394.195s][info][gc,task     ] GC(61) Using 23 workers of 23 for evacuation
[2026-09-05T21:18:42.780-0400][394.200s][info][gc,phases   ] GC(61)   Pre Evacuate Collection Set: 0.13ms
[2026-09-05T21:18:42.780-0400][394.200s][info][gc,phases   ] GC(61)   Merge Heap Roots: 0.18ms
[2026-09-05T21:18:42.780-0400][394.200s][info][gc,phases   ] GC(61)   Evacuate Collection Set: 4.62ms
[2026-09-05T21:18:42.780-0400][394.200s][info][gc,phases   ] GC(61)   Post Evacuate Collection Set: 0.57ms
[2026-09-05T21:18:42.780-0400][394.200s][info][gc,phases   ] GC(61)   Other: 0.21ms
[2026-09-05T21:18:42.780-0400][394.200s][info][gc,heap     ] GC(61) Eden regions: 349->0(343)
[2026-09-05T21:18:42.780-0400][394.200s][info][gc,heap     ] GC(61) Survivor regions: 23->26(47)
[2026-09-05T21:18:42.780-0400][394.200s][info][gc,heap     ] GC(61) Old regions: 338->338
[2026-09-05T21:18:42.780-0400][394.200s][info][gc,heap     ] GC(61) Archive regions: 0->0
[2026-09-05T21:18:42.780-0400][394.200s][info][gc,heap     ] GC(61) Humongous regions: 15->15
[2026-09-05T21:18:42.780-0400][394.200s][info][gc,metaspace] GC(61) Metaspace: 126159K(128064K)->126159K(128064K) NonClass: 107620K(108672K)->107620K(108672K) Class: 18539K(19392K)->18539K(19392K)
[2026-09-05T21:18:42.780-0400][394.200s][info][gc          ] GC(61) Pause Young (Normal) (G1 Evacuation Pause) 1447M->756M(1664M) 5.815ms
[2026-09-05T21:18:42.780-0400][394.200s][info][gc,cpu      ] GC(61) User=0.00s Sys=0.00s Real=0.01s
[2026-09-05T21:18:42.856-0400][394.277s][info][gc,start    ] GC(62) Pause Young (Normal) (G1 Evacuation Pause)
[2026-09-05T21:18:42.856-0400][394.277s][info][gc,task     ] GC(62) Using 23 workers of 23 for evacuation
[2026-09-05T21:18:42.863-0400][394.283s][info][gc,phases   ] GC(62)   Pre Evacuate Collection Set: 0.31ms
[2026-09-05T21:18:42.863-0400][394.283s][info][gc,phases   ] GC(62)   Merge Heap Roots: 0.17ms
[2026-09-05T21:18:42.863-0400][394.283s][info][gc,phases   ] GC(62)   Evacuate Collection Set: 4.83ms
[2026-09-05T21:18:42.863-0400][394.283s][info][gc,phases   ] GC(62)   Post Evacuate Collection Set: 0.54ms
[2026-09-05T21:18:42.863-0400][394.283s][info][gc,phases   ] GC(62)   Other: 0.26ms
[2026-09-05T21:18:42.863-0400][394.283s][info][gc,heap     ] GC(62) Eden regions: 343->0(340)
[2026-09-05T21:18:42.863-0400][394.283s][info][gc,heap     ] GC(62) Survivor regions: 26->27(47)
[2026-09-05T21:18:42.863-0400][394.283s][info][gc,heap     ] GC(62) Old regions: 338->339
[2026-09-05T21:18:42.863-0400][394.283s][info][gc,heap     ] GC(62) Archive regions: 0->0
[2026-09-05T21:18:42.863-0400][394.283s][info][gc,heap     ] GC(62) Humongous regions: 15->15
[2026-09-05T21:18:42.863-0400][394.283s][info][gc,metaspace] GC(62) Metaspace: 126160K(128064K)->126160K(128064K) NonClass: 107621K(108672K)->107621K(108672K) Class: 18539K(19392K)->18539K(19392K)
[2026-09-05T21:18:42.863-0400][394.283s][info][gc          ] GC(62) Pause Young (Normal) (G1 Evacuation Pause) 1442M->760M(1664M) 6.198ms
[2026-09-05T21:18:42.863-0400][394.283s][info][gc,cpu      ] GC(62) User=0.00s Sys=0.00s Real=0.01s
[2026-09-05T21:18:43.288-0400][394.709s][info][gc,start    ] GC(63) Pause Young (Normal) (G1 Evacuation Pause)
[2026-09-05T21:18:43.288-0400][394.709s][info][gc,task     ] GC(63) Using 23 workers of 23 for evacuation
[2026-09-05T21:18:43.294-0400][394.714s][info][gc,phases   ] GC(63)   Pre Evacuate Collection Set: 0.15ms
[2026-09-05T21:18:43.294-0400][394.714s][info][gc,phases   ] GC(63)   Merge Heap Roots: 0.20ms
[2026-09-05T21:18:43.294-0400][394.714s][info][gc,phases   ] GC(63)   Evacuate Collection Set: 4.65ms
[2026-09-05T21:18:43.294-0400][394.714s][info][gc,phases   ] GC(63)   Post Evacuate Collection Set: 0.57ms
[2026-09-05T21:18:43.294-0400][394.714s][info][gc,phases   ] GC(63)   Other: 0.13ms
[2026-09-05T21:18:43.294-0400][394.714s][info][gc,heap     ] GC(63) Eden regions: 340->0(339)
[2026-09-05T21:18:43.294-0400][394.714s][info][gc,heap     ] GC(63) Survivor regions: 27->26(46)
[2026-09-05T21:18:43.294-0400][394.714s][info][gc,heap     ] GC(63) Old regions: 339->342
[2026-09-05T21:18:43.294-0400][394.714s][info][gc,heap     ] GC(63) Archive regions: 0->0
[2026-09-05T21:18:43.294-0400][394.714s][info][gc,heap     ] GC(63) Humongous regions: 15->15
[2026-09-05T21:18:43.294-0400][394.714s][info][gc,metaspace] GC(63) Metaspace: 126185K(128064K)->126185K(128064K) NonClass: 107646K(108672K)->107646K(108672K) Class: 18539K(19392K)->18539K(19392K)
[2026-09-05T21:18:43.294-0400][394.714s][info][gc          ] GC(63) Pause Young (Normal) (G1 Evacuation Pause) 1440M->764M(1664M) 5.848ms
[2026-09-05T21:18:43.294-0400][394.714s][info][gc,cpu      ] GC(63) User=0.00s Sys=0.00s Real=0.01s
[2026-09-05T21:18:43.658-0400][395.079s][info][gc,start    ] GC(64) Pause Young (Normal) (G1 Evacuation Pause)
[2026-09-05T21:18:43.658-0400][395.079s][info][gc,task     ] GC(64) Using 23 workers of 23 for evacuation
[2026-09-05T21:18:43.665-0400][395.085s][info][gc,phases   ] GC(64)   Pre Evacuate Collection Set: 0.14ms
[2026-09-05T21:18:43.665-0400][395.085s][info][gc,phases   ] GC(64)   Merge Heap Roots: 0.16ms
[2026-09-05T21:18:43.665-0400][395.085s][info][gc,phases   ] GC(64)   Evacuate Collection Set: 5.07ms
[2026-09-05T21:18:43.665-0400][395.085s][info][gc,phases   ] GC(64)   Post Evacuate Collection Set: 0.75ms
[2026-09-05T21:18:43.665-0400][395.085s][info][gc,phases   ] GC(64)   Other: 0.16ms
[2026-09-05T21:18:43.665-0400][395.085s][info][gc,heap     ] GC(64) Eden regions: 339->0(337)
[2026-09-05T21:18:43.665-0400][395.085s][info][gc,heap     ] GC(64) Survivor regions: 26->25(46)
[2026-09-05T21:18:43.665-0400][395.085s][info][gc,heap     ] GC(64) Old regions: 342->346
[2026-09-05T21:18:43.665-0400][395.085s][info][gc,heap     ] GC(64) Archive regions: 0->0
[2026-09-05T21:18:43.665-0400][395.085s][info][gc,heap     ] GC(64) Humongous regions: 15->15
[2026-09-05T21:18:43.665-0400][395.085s][info][gc,metaspace] GC(64) Metaspace: 126213K(128064K)->126213K(128064K) NonClass: 107673K(108672K)->107673K(108672K) Class: 18540K(19392K)->18540K(19392K)
[2026-09-05T21:18:43.665-0400][395.085s][info][gc          ] GC(64) Pause Young (Normal) (G1 Evacuation Pause) 1442M->770M(1664M) 6.564ms
[2026-09-05T21:18:43.665-0400][395.085s][info][gc,cpu      ] GC(64) User=0.27s Sys=0.08s Real=0.01s
[2026-09-05T21:18:43.750-0400][395.170s][info][gc,start    ] GC(65) Pause Young (Normal) (G1 Evacuation Pause)
[2026-09-05T21:18:43.750-0400][395.170s][info][gc,task     ] GC(65) Using 23 workers of 23 for evacuation
[2026-09-05T21:18:43.756-0400][395.176s][info][gc,phases   ] GC(65)   Pre Evacuate Collection Set: 0.11ms
[2026-09-05T21:18:43.756-0400][395.176s][info][gc,phases   ] GC(65)   Merge Heap Roots: 0.18ms
[2026-09-05T21:18:43.756-0400][395.176s][info][gc,phases   ] GC(65)   Evacuate Collection Set: 5.11ms
[2026-09-05T21:18:43.756-0400][395.176s][info][gc,phases   ] GC(65)   Post Evacuate Collection Set: 0.57ms
[2026-09-05T21:18:43.756-0400][395.176s][info][gc,phases   ] GC(65)   Other: 0.26ms
[2026-09-05T21:18:43.756-0400][395.176s][info][gc,heap     ] GC(65) Eden regions: 337->0(333)
[2026-09-05T21:18:43.756-0400][395.177s][info][gc,heap     ] GC(65) Survivor regions: 25->27(46)
[2026-09-05T21:18:43.756-0400][395.177s][info][gc,heap     ] GC(65) Old regions: 346->346
[2026-09-05T21:18:43.756-0400][395.177s][info][gc,heap     ] GC(65) Archive regions: 0->0
[2026-09-05T21:18:43.756-0400][395.177s][info][gc,heap     ] GC(65) Humongous regions: 15->15
[2026-09-05T21:18:43.756-0400][395.177s][info][gc,metaspace] GC(65) Metaspace: 126213K(128064K)->126213K(128064K) NonClass: 107673K(108672K)->107673K(108672K) Class: 18540K(19392K)->18540K(19392K)
[2026-09-05T21:18:43.756-0400][395.177s][info][gc          ] GC(65) Pause Young (Normal) (G1 Evacuation Pause) 1444M->774M(1664M) 6.352ms
[2026-09-05T21:18:43.756-0400][395.177s][info][gc,cpu      ] GC(65) User=0.02s Sys=0.00s Real=0.01s
[2026-09-05T21:18:44.009-0400][395.429s][info][gc,start    ] GC(66) Pause Young (Normal) (G1 Evacuation Pause)
[2026-09-05T21:18:44.009-0400][395.429s][info][gc,task     ] GC(66) Using 23 workers of 23 for evacuation
[2026-09-05T21:18:44.014-0400][395.434s][info][gc,phases   ] GC(66)   Pre Evacuate Collection Set: 0.09ms
[2026-09-05T21:18:44.014-0400][395.434s][info][gc,phases   ] GC(66)   Merge Heap Roots: 0.15ms
[2026-09-05T21:18:44.014-0400][395.434s][info][gc,phases   ] GC(66)   Evacuate Collection Set: 4.14ms
[2026-09-05T21:18:44.014-0400][395.434s][info][gc,phases   ] GC(66)   Post Evacuate Collection Set: 0.51ms
[2026-09-05T21:18:44.014-0400][395.434s][info][gc,phases   ] GC(66)   Other: 0.13ms
[2026-09-05T21:18:44.014-0400][395.434s][info][gc,heap     ] GC(66) Eden regions: 333->0(333)
[2026-09-05T21:18:44.014-0400][395.434s][info][gc,heap     ] GC(66) Survivor regions: 27->25(45)
[2026-09-05T21:18:44.014-0400][395.434s][info][gc,heap     ] GC(66) Old regions: 346->350
[2026-09-05T21:18:44.014-0400][395.434s][info][gc,heap     ] GC(66) Archive regions: 0->0
[2026-09-05T21:18:44.014-0400][395.434s][info][gc,heap     ] GC(66) Humongous regions: 15->15
[2026-09-05T21:18:44.014-0400][395.434s][info][gc,metaspace] GC(66) Metaspace: 126213K(128064K)->126213K(128064K) NonClass: 107673K(108672K)->107673K(108672K) Class: 18540K(19392K)->18540K(19392K)
[2026-09-05T21:18:44.014-0400][395.434s][info][gc          ] GC(66) Pause Young (Normal) (G1 Evacuation Pause) 1440M->777M(1664M) 5.166ms
[2026-09-05T21:18:44.014-0400][395.434s][info][gc,cpu      ] GC(66) User=0.00s Sys=0.00s Real=0.00s
[2026-09-05T21:18:44.381-0400][395.801s][info][gc,start    ] GC(67) Pause Young (Normal) (G1 Evacuation Pause)
[2026-09-05T21:18:44.381-0400][395.801s][info][gc,task     ] GC(67) Using 23 workers of 23 for evacuation
[2026-09-05T21:18:44.386-0400][395.807s][info][gc,phases   ] GC(67)   Pre Evacuate Collection Set: 0.16ms
[2026-09-05T21:18:44.386-0400][395.807s][info][gc,phases   ] GC(67)   Merge Heap Roots: 0.16ms
[2026-09-05T21:18:44.386-0400][395.807s][info][gc,phases   ] GC(67)   Evacuate Collection Set: 5.20ms
[2026-09-05T21:18:44.386-0400][395.807s][info][gc,phases   ] GC(67)   Post Evacuate Collection Set: 0.52ms
[2026-09-05T21:18:44.386-0400][395.807s][info][gc,phases   ] GC(67)   Other: 0.25ms
[2026-09-05T21:18:44.386-0400][395.807s][info][gc,heap     ] GC(67) Eden regions: 333->0(327)
[2026-09-05T21:18:44.387-0400][395.807s][info][gc,heap     ] GC(67) Survivor regions: 25->28(45)
[2026-09-05T21:18:44.387-0400][395.807s][info][gc,heap     ] GC(67) Old regions: 350->350
[2026-09-05T21:18:44.387-0400][395.807s][info][gc,heap     ] GC(67) Archive regions: 0->0
[2026-09-05T21:18:44.387-0400][395.807s][info][gc,heap     ] GC(67) Humongous regions: 15->15
[2026-09-05T21:18:44.387-0400][395.807s][info][gc,metaspace] GC(67) Metaspace: 126255K(128128K)->126255K(128128K) NonClass: 107714K(108736K)->107714K(108736K) Class: 18540K(19392K)->18540K(19392K)
[2026-09-05T21:18:44.387-0400][395.807s][info][gc          ] GC(67) Pause Young (Normal) (G1 Evacuation Pause) 1443M->784M(1664M) 6.416ms
[2026-09-05T21:18:44.387-0400][395.808s][info][gc,cpu      ] GC(67) User=0.00s Sys=0.00s Real=0.01s
[2026-09-05T21:18:44.566-0400][395.986s][info][gc,start    ] GC(68) Pause Young (Normal) (G1 Evacuation Pause)
[2026-09-05T21:18:44.566-0400][395.986s][info][gc,task     ] GC(68) Using 23 workers of 23 for evacuation
[2026-09-05T21:18:44.572-0400][395.992s][info][gc,phases   ] GC(68)   Pre Evacuate Collection Set: 0.14ms
[2026-09-05T21:18:44.572-0400][395.992s][info][gc,phases   ] GC(68)   Merge Heap Roots: 0.17ms
[2026-09-05T21:18:44.572-0400][395.992s][info][gc,phases   ] GC(68)   Evacuate Collection Set: 4.58ms
[2026-09-05T21:18:44.572-0400][395.992s][info][gc,phases   ] GC(68)   Post Evacuate Collection Set: 0.52ms
[2026-09-05T21:18:44.572-0400][395.992s][info][gc,phases   ] GC(68)   Other: 0.16ms
[2026-09-05T21:18:44.572-0400][395.992s][info][gc,heap     ] GC(68) Eden regions: 327->0(329)
[2026-09-05T21:18:44.572-0400][395.992s][info][gc,heap     ] GC(68) Survivor regions: 28->25(45)
[2026-09-05T21:18:44.572-0400][395.992s][info][gc,heap     ] GC(68) Old regions: 350->354
[2026-09-05T21:18:44.572-0400][395.992s][info][gc,heap     ] GC(68) Archive regions: 0->0
[2026-09-05T21:18:44.572-0400][395.992s][info][gc,heap     ] GC(68) Humongous regions: 15->15
[2026-09-05T21:18:44.572-0400][395.992s][info][gc,metaspace] GC(68) Metaspace: 126258K(128128K)->126258K(128128K) NonClass: 107717K(108736K)->107717K(108736K) Class: 18540K(19392K)->18540K(19392K)
[2026-09-05T21:18:44.572-0400][395.992s][info][gc          ] GC(68) Pause Young (Normal) (G1 Evacuation Pause) 1438M->786M(1664M) 5.697ms
[2026-09-05T21:18:44.572-0400][395.992s][info][gc,cpu      ] GC(68) User=0.36s Sys=0.00s Real=0.01s
[2026-09-05T21:18:44.974-0400][396.394s][info][gc,start    ] GC(69) Pause Young (Normal) (G1 Evacuation Pause)
[2026-09-05T21:18:44.974-0400][396.394s][info][gc,task     ] GC(69) Using 23 workers of 23 for evacuation
[2026-09-05T21:18:44.980-0400][396.401s][info][gc,phases   ] GC(69)   Pre Evacuate Collection Set: 0.17ms
[2026-09-05T21:18:44.980-0400][396.401s][info][gc,phases   ] GC(69)   Merge Heap Roots: 0.20ms
[2026-09-05T21:18:44.980-0400][396.401s][info][gc,phases   ] GC(69)   Evacuate Collection Set: 5.37ms
[2026-09-05T21:18:44.980-0400][396.401s][info][gc,phases   ] GC(69)   Post Evacuate Collection Set: 0.54ms
[2026-09-05T21:18:44.980-0400][396.401s][info][gc,phases   ] GC(69)   Other: 0.18ms
[2026-09-05T21:18:44.980-0400][396.401s][info][gc,heap     ] GC(69) Eden regions: 329->0(323)
[2026-09-05T21:18:44.980-0400][396.401s][info][gc,heap     ] GC(69) Survivor regions: 25->28(45)
[2026-09-05T21:18:44.980-0400][396.401s][info][gc,heap     ] GC(69) Old regions: 354->354
[2026-09-05T21:18:44.980-0400][396.401s][info][gc,heap     ] GC(69) Archive regions: 0->0
[2026-09-05T21:18:44.980-0400][396.401s][info][gc,heap     ] GC(69) Humongous regions: 15->15
[2026-09-05T21:18:44.980-0400][396.401s][info][gc,metaspace] GC(69) Metaspace: 126278K(128128K)->126278K(128128K) NonClass: 107737K(108736K)->107737K(108736K) Class: 18540K(19392K)->18540K(19392K)
[2026-09-05T21:18:44.980-0400][396.401s][info][gc          ] GC(69) Pause Young (Normal) (G1 Evacuation Pause) 1444M->792M(1664M) 6.592ms
[2026-09-05T21:18:44.980-0400][396.401s][info][gc,cpu      ] GC(69) User=0.02s Sys=0.00s Real=0.01s
[2026-09-05T21:18:45.086-0400][396.506s][info][gc,start    ] GC(70) Pause Young (Normal) (G1 Evacuation Pause)
[2026-09-05T21:18:45.086-0400][396.506s][info][gc,task     ] GC(70) Using 23 workers of 23 for evacuation
[2026-09-05T21:18:45.091-0400][396.511s][info][gc,phases   ] GC(70)   Pre Evacuate Collection Set: 0.11ms
[2026-09-05T21:18:45.091-0400][396.511s][info][gc,phases   ] GC(70)   Merge Heap Roots: 0.14ms
[2026-09-05T21:18:45.091-0400][396.511s][info][gc,phases   ] GC(70)   Evacuate Collection Set: 4.48ms
[2026-09-05T21:18:45.091-0400][396.511s][info][gc,phases   ] GC(70)   Post Evacuate Collection Set: 0.53ms
[2026-09-05T21:18:45.091-0400][396.511s][info][gc,phases   ] GC(70)   Other: 0.16ms
[2026-09-05T21:18:45.091-0400][396.511s][info][gc,heap     ] GC(70) Eden regions: 323->0(324)
[2026-09-05T21:18:45.091-0400][396.511s][info][gc,heap     ] GC(70) Survivor regions: 28->25(44)
[2026-09-05T21:18:45.091-0400][396.511s][info][gc,heap     ] GC(70) Old regions: 354->359
[2026-09-05T21:18:45.091-0400][396.511s][info][gc,heap     ] GC(70) Archive regions: 0->0
[2026-09-05T21:18:45.091-0400][396.511s][info][gc,heap     ] GC(70) Humongous regions: 15->15
[2026-09-05T21:18:45.091-0400][396.511s][info][gc,metaspace] GC(70) Metaspace: 126278K(128128K)->126278K(128128K) NonClass: 107737K(108736K)->107737K(108736K) Class: 18540K(19392K)->18540K(19392K)
[2026-09-05T21:18:45.091-0400][396.511s][info][gc          ] GC(70) Pause Young (Normal) (G1 Evacuation Pause) 1438M->796M(1664M) 5.550ms
[2026-09-05T21:18:45.091-0400][396.511s][info][gc,cpu      ] GC(70) User=0.00s Sys=0.00s Real=0.01s
[2026-09-05T21:18:45.420-0400][396.840s][info][gc,start    ] GC(71) Pause Young (Normal) (G1 Evacuation Pause)
[2026-09-05T21:18:45.420-0400][396.840s][info][gc,task     ] GC(71) Using 23 workers of 23 for evacuation
[2026-09-05T21:18:45.426-0400][396.846s][info][gc,phases   ] GC(71)   Pre Evacuate Collection Set: 0.11ms
[2026-09-05T21:18:45.426-0400][396.846s][info][gc,phases   ] GC(71)   Merge Heap Roots: 0.21ms
[2026-09-05T21:18:45.426-0400][396.846s][info][gc,phases   ] GC(71)   Evacuate Collection Set: 5.57ms
[2026-09-05T21:18:45.426-0400][396.846s][info][gc,phases   ] GC(71)   Post Evacuate Collection Set: 0.62ms
[2026-09-05T21:18:45.426-0400][396.846s][info][gc,phases   ] GC(71)   Other: 0.16ms
[2026-09-05T21:18:45.426-0400][396.846s][info][gc,heap     ] GC(71) Eden regions: 324->0(319)
[2026-09-05T21:18:45.426-0400][396.847s][info][gc,heap     ] GC(71) Survivor regions: 25->26(44)
[2026-09-05T21:18:45.426-0400][396.847s][info][gc,heap     ] GC(71) Old regions: 359->362
[2026-09-05T21:18:45.426-0400][396.847s][info][gc,heap     ] GC(71) Archive regions: 0->0
[2026-09-05T21:18:45.426-0400][396.847s][info][gc,heap     ] GC(71) Humongous regions: 15->15
[2026-09-05T21:18:45.426-0400][396.847s][info][gc,metaspace] GC(71) Metaspace: 126282K(128128K)->126282K(128128K) NonClass: 107741K(108736K)->107741K(108736K) Class: 18541K(19392K)->18541K(19392K)
[2026-09-05T21:18:45.426-0400][396.847s][info][gc          ] GC(71) Pause Young (Normal) (G1 Evacuation Pause) 1444M->803M(1664M) 6.792ms
[2026-09-05T21:18:45.426-0400][396.847s][info][gc,cpu      ] GC(71) User=0.00s Sys=0.00s Real=0.01s
[2026-09-05T21:18:45.570-0400][396.990s][info][gc,start    ] GC(72) Pause Young (Concurrent Start) (G1 Evacuation Pause)
[2026-09-05T21:18:45.570-0400][396.990s][info][gc,task     ] GC(72) Using 23 workers of 23 for evacuation
[2026-09-05T21:18:45.576-0400][396.996s][info][gc,phases   ] GC(72)   Pre Evacuate Collection Set: 0.26ms
[2026-09-05T21:18:45.576-0400][396.996s][info][gc,phases   ] GC(72)   Merge Heap Roots: 0.17ms
[2026-09-05T21:18:45.576-0400][396.996s][info][gc,phases   ] GC(72)   Evacuate Collection Set: 4.85ms
[2026-09-05T21:18:45.576-0400][396.996s][info][gc,phases   ] GC(72)   Post Evacuate Collection Set: 0.52ms
[2026-09-05T21:18:45.576-0400][396.996s][info][gc,phases   ] GC(72)   Other: 0.23ms
[2026-09-05T21:18:45.576-0400][396.996s][info][gc,heap     ] GC(72) Eden regions: 319->0(319)
[2026-09-05T21:18:45.576-0400][396.996s][info][gc,heap     ] GC(72) Survivor regions: 26->25(44)
[2026-09-05T21:18:45.576-0400][396.996s][info][gc,heap     ] GC(72) Old regions: 362->364
[2026-09-05T21:18:45.576-0400][396.997s][info][gc,heap     ] GC(72) Archive regions: 0->0
[2026-09-05T21:18:45.576-0400][396.997s][info][gc,heap     ] GC(72) Humongous regions: 15->15
[2026-09-05T21:18:45.576-0400][396.997s][info][gc,metaspace] GC(72) Metaspace: 126282K(128128K)->126282K(128128K) NonClass: 107741K(108736K)->107741K(108736K) Class: 18541K(19392K)->18541K(19392K)
[2026-09-05T21:18:45.576-0400][396.997s][info][gc          ] GC(72) Pause Young (Concurrent Start) (G1 Evacuation Pause) 1441M->805M(1664M) 6.170ms
[2026-09-05T21:18:45.576-0400][396.997s][info][gc,cpu      ] GC(72) User=0.00s Sys=0.00s Real=0.01s
[2026-09-05T21:18:45.576-0400][396.997s][info][gc          ] GC(73) Concurrent Mark Cycle
[2026-09-05T21:18:45.576-0400][396.997s][info][gc,marking  ] GC(73) Concurrent Clear Claimed Marks
[2026-09-05T21:18:45.577-0400][396.997s][info][gc,marking  ] GC(73) Concurrent Clear Claimed Marks 0.134ms
[2026-09-05T21:18:45.577-0400][396.997s][info][gc,marking  ] GC(73) Concurrent Scan Root Regions
[2026-09-05T21:18:45.582-0400][397.002s][info][gc,marking  ] GC(73) Concurrent Scan Root Regions 5.255ms
[2026-09-05T21:18:45.582-0400][397.002s][info][gc,marking  ] GC(73) Concurrent Mark
[2026-09-05T21:18:45.582-0400][397.002s][info][gc,marking  ] GC(73) Concurrent Mark From Roots
[2026-09-05T21:18:45.582-0400][397.002s][info][gc,task     ] GC(73) Using 6 workers of 6 for marking
[2026-09-05T21:18:45.695-0400][397.115s][info][gc,marking  ] GC(73) Concurrent Mark From Roots 113.292ms
[2026-09-05T21:18:45.695-0400][397.115s][info][gc,marking  ] GC(73) Concurrent Preclean
[2026-09-05T21:18:45.696-0400][397.116s][info][gc,marking  ] GC(73) Concurrent Preclean 0.284ms
[2026-09-05T21:18:45.696-0400][397.116s][info][gc,start    ] GC(73) Pause Remark
[2026-09-05T21:18:45.701-0400][397.122s][info][gc          ] GC(73) Pause Remark 977M->977M(1664M) 5.915ms
[2026-09-05T21:18:45.701-0400][397.122s][info][gc,cpu      ] GC(73) User=0.00s Sys=0.00s Real=0.00s
[2026-09-05T21:18:45.701-0400][397.122s][info][gc,marking  ] GC(73) Concurrent Mark 119.755ms
[2026-09-05T21:18:45.702-0400][397.122s][info][gc,marking  ] GC(73) Concurrent Rebuild Remembered Sets
[2026-09-05T21:18:45.766-0400][397.187s][info][gc,marking  ] GC(73) Concurrent Rebuild Remembered Sets 65.370ms
[2026-09-05T21:18:45.766-0400][397.187s][info][gc,start    ] GC(73) Pause Cleanup
[2026-09-05T21:18:45.768-0400][397.188s][info][gc          ] GC(73) Pause Cleanup 1010M->1010M(1664M) 0.274ms
[2026-09-05T21:18:45.768-0400][397.188s][info][gc,cpu      ] GC(73) User=0.00s Sys=0.00s Real=0.00s
[2026-09-05T21:18:45.768-0400][397.188s][info][gc,marking  ] GC(73) Concurrent Cleanup for Next Mark
[2026-09-05T21:18:45.770-0400][397.190s][info][gc,marking  ] GC(73) Concurrent Cleanup for Next Mark 2.041ms
[2026-09-05T21:18:45.770-0400][397.190s][info][gc          ] GC(73) Concurrent Mark Cycle 193.236ms
[2026-09-05T21:18:46.128-0400][397.549s][info][gc,start    ] GC(74) Pause Young (Prepare Mixed) (G1 Evacuation Pause)
[2026-09-05T21:18:46.128-0400][397.549s][info][gc,task     ] GC(74) Using 23 workers of 23 for evacuation
[2026-09-05T21:18:46.134-0400][397.554s][info][gc,phases   ] GC(74)   Pre Evacuate Collection Set: 0.18ms
[2026-09-05T21:18:46.134-0400][397.554s][info][gc,phases   ] GC(74)   Merge Heap Roots: 0.19ms
[2026-09-05T21:18:46.134-0400][397.554s][info][gc,phases   ] GC(74)   Evacuate Collection Set: 4.71ms
[2026-09-05T21:18:46.134-0400][397.554s][info][gc,phases   ] GC(74)   Post Evacuate Collection Set: 0.59ms
[2026-09-05T21:18:46.134-0400][397.554s][info][gc,phases   ] GC(74)   Other: 0.19ms
[2026-09-05T21:18:46.134-0400][397.554s][info][gc,heap     ] GC(74) Eden regions: 319->0(16)
[2026-09-05T21:18:46.134-0400][397.554s][info][gc,heap     ] GC(74) Survivor regions: 25->25(43)
[2026-09-05T21:18:46.134-0400][397.554s][info][gc,heap     ] GC(74) Old regions: 364->366
[2026-09-05T21:18:46.134-0400][397.555s][info][gc,heap     ] GC(74) Archive regions: 0->0
[2026-09-05T21:18:46.134-0400][397.555s][info][gc,heap     ] GC(74) Humongous regions: 15->15
[2026-09-05T21:18:46.134-0400][397.555s][info][gc,metaspace] GC(74) Metaspace: 126303K(128192K)->126303K(128192K) NonClass: 107761K(108800K)->107761K(108800K) Class: 18541K(19392K)->18541K(19392K)
[2026-09-05T21:18:46.134-0400][397.555s][info][gc          ] GC(74) Pause Young (Prepare Mixed) (G1 Evacuation Pause) 1443M->809M(1664M) 5.994ms
[2026-09-05T21:18:46.134-0400][397.555s][info][gc,cpu      ] GC(74) User=0.38s Sys=0.00s Real=0.01s
[2026-09-05T21:18:46.138-0400][397.559s][info][gc,start    ] GC(75) Pause Young (Mixed) (G1 Evacuation Pause)
[2026-09-05T21:18:46.138-0400][397.559s][info][gc,task     ] GC(75) Using 23 workers of 23 for evacuation
[2026-09-05T21:18:46.148-0400][397.568s][info][gc,phases   ] GC(75)   Pre Evacuate Collection Set: 0.12ms
[2026-09-05T21:18:46.148-0400][397.568s][info][gc,phases   ] GC(75)   Merge Heap Roots: 0.24ms
[2026-09-05T21:18:46.148-0400][397.568s][info][gc,phases   ] GC(75)   Evacuate Collection Set: 8.67ms
[2026-09-05T21:18:46.148-0400][397.568s][info][gc,phases   ] GC(75)   Post Evacuate Collection Set: 0.47ms
[2026-09-05T21:18:46.148-0400][397.568s][info][gc,phases   ] GC(75)   Other: 0.16ms
[2026-09-05T21:18:46.148-0400][397.568s][info][gc,heap     ] GC(75) Eden regions: 16->0(370)
[2026-09-05T21:18:46.148-0400][397.568s][info][gc,heap     ] GC(75) Survivor regions: 25->4(6)
[2026-09-05T21:18:46.148-0400][397.568s][info][gc,heap     ] GC(75) Old regions: 366->348
[2026-09-05T21:18:46.148-0400][397.568s][info][gc,heap     ] GC(75) Archive regions: 0->0
[2026-09-05T21:18:46.148-0400][397.569s][info][gc,heap     ] GC(75) Humongous regions: 15->15
[2026-09-05T21:18:46.148-0400][397.569s][info][gc,metaspace] GC(75) Metaspace: 126303K(128192K)->126303K(128192K) NonClass: 107761K(108800K)->107761K(108800K) Class: 18541K(19392K)->18541K(19392K)
[2026-09-05T21:18:46.148-0400][397.569s][info][gc          ] GC(75) Pause Young (Mixed) (G1 Evacuation Pause) 841M->732M(1664M) 9.784ms
[2026-09-05T21:18:46.148-0400][397.569s][info][gc,cpu      ] GC(75) User=0.31s Sys=0.05s Real=0.01s
[2026-09-05T21:18:46.306-0400][397.726s][info][gc,start    ] GC(76) Pause Young (Normal) (G1 Evacuation Pause)
[2026-09-05T21:18:46.306-0400][397.726s][info][gc,task     ] GC(76) Using 23 workers of 23 for evacuation
[2026-09-05T21:18:46.308-0400][397.728s][info][gc,phases   ] GC(76)   Pre Evacuate Collection Set: 0.29ms
[2026-09-05T21:18:46.308-0400][397.728s][info][gc,phases   ] GC(76)   Merge Heap Roots: 0.14ms
[2026-09-05T21:18:46.308-0400][397.728s][info][gc,phases   ] GC(76)   Evacuate Collection Set: 0.99ms
[2026-09-05T21:18:46.308-0400][397.728s][info][gc,phases   ] GC(76)   Post Evacuate Collection Set: 0.45ms
[2026-09-05T21:18:46.308-0400][397.728s][info][gc,phases   ] GC(76)   Other: 0.23ms
[2026-09-05T21:18:46.308-0400][397.729s][info][gc,heap     ] GC(76) Eden regions: 370->0(372)
[2026-09-05T21:18:46.308-0400][397.729s][info][gc,heap     ] GC(76) Survivor regions: 4->3(47)
[2026-09-05T21:18:46.308-0400][397.729s][info][gc,heap     ] GC(76) Old regions: 348->348
[2026-09-05T21:18:46.309-0400][397.729s][info][gc,heap     ] GC(76) Archive regions: 0->0
[2026-09-05T21:18:46.309-0400][397.729s][info][gc,heap     ] GC(76) Humongous regions: 15->15
[2026-09-05T21:18:46.309-0400][397.729s][info][gc,metaspace] GC(76) Metaspace: 126303K(128192K)->126303K(128192K) NonClass: 107761K(108800K)->107761K(108800K) Class: 18541K(19392K)->18541K(19392K)
[2026-09-05T21:18:46.309-0400][397.729s][info][gc          ] GC(76) Pause Young (Normal) (G1 Evacuation Pause) 1472M->728M(1664M) 2.215ms
[2026-09-05T21:18:46.309-0400][397.729s][info][gc,cpu      ] GC(76) User=0.00s Sys=0.00s Real=0.00s
[2026-09-05T21:18:47.118-0400][398.538s][info][gc,start    ] GC(77) Pause Young (Normal) (G1 Evacuation Pause)
[2026-09-05T21:18:47.118-0400][398.538s][info][gc,task     ] GC(77) Using 23 workers of 23 for evacuation
[2026-09-05T21:18:47.120-0400][398.540s][info][gc,phases   ] GC(77)   Pre Evacuate Collection Set: 0.12ms
[2026-09-05T21:18:47.120-0400][398.540s][info][gc,phases   ] GC(77)   Merge Heap Roots: 0.14ms
[2026-09-05T21:18:47.120-0400][398.540s][info][gc,phases   ] GC(77)   Evacuate Collection Set: 1.21ms
[2026-09-05T21:18:47.120-0400][398.540s][info][gc,phases   ] GC(77)   Post Evacuate Collection Set: 0.53ms
[2026-09-05T21:18:47.120-0400][398.540s][info][gc,phases   ] GC(77)   Other: 0.12ms
[2026-09-05T21:18:47.120-0400][398.540s][info][gc,heap     ] GC(77) Eden regions: 372->0(370)
[2026-09-05T21:18:47.120-0400][398.540s][info][gc,heap     ] GC(77) Survivor regions: 3->5(47)
[2026-09-05T21:18:47.120-0400][398.541s][info][gc,heap     ] GC(77) Old regions: 348->348
[2026-09-05T21:18:47.120-0400][398.541s][info][gc,heap     ] GC(77) Archive regions: 0->0
[2026-09-05T21:18:47.120-0400][398.541s][info][gc,heap     ] GC(77) Humongous regions: 15->15
[2026-09-05T21:18:47.120-0400][398.541s][info][gc,metaspace] GC(77) Metaspace: 126368K(128256K)->126368K(128256K) NonClass: 107816K(108864K)->107816K(108864K) Class: 18551K(19392K)->18551K(19392K)
[2026-09-05T21:18:47.120-0400][398.541s][info][gc          ] GC(77) Pause Young (Normal) (G1 Evacuation Pause) 1472M->732M(1664M) 2.301ms
[2026-09-05T21:18:47.120-0400][398.541s][info][gc,cpu      ] GC(77) User=0.00s Sys=0.00s Real=0.00s
[2026-09-05T21:18:47.307-0400][398.728s][info][gc,start    ] GC(78) Pause Young (Normal) (G1 Evacuation Pause)
[2026-09-05T21:18:47.308-0400][398.728s][info][gc,task     ] GC(78) Using 23 workers of 23 for evacuation
[2026-09-05T21:18:47.310-0400][398.731s][info][gc,phases   ] GC(78)   Pre Evacuate Collection Set: 0.10ms
[2026-09-05T21:18:47.310-0400][398.731s][info][gc,phases   ] GC(78)   Merge Heap Roots: 0.16ms
[2026-09-05T21:18:47.310-0400][398.731s][info][gc,phases   ] GC(78)   Evacuate Collection Set: 2.03ms
[2026-09-05T21:18:47.310-0400][398.731s][info][gc,phases   ] GC(78)   Post Evacuate Collection Set: 0.63ms
[2026-09-05T21:18:47.310-0400][398.731s][info][gc,phases   ] GC(78)   Other: 0.17ms
[2026-09-05T21:18:47.310-0400][398.731s][info][gc,heap     ] GC(78) Eden regions: 370->0(368)
[2026-09-05T21:18:47.310-0400][398.731s][info][gc,heap     ] GC(78) Survivor regions: 5->7(47)
[2026-09-05T21:18:47.310-0400][398.731s][info][gc,heap     ] GC(78) Old regions: 348->348
[2026-09-05T21:18:47.310-0400][398.731s][info][gc,heap     ] GC(78) Archive regions: 0->0
[2026-09-05T21:18:47.310-0400][398.731s][info][gc,heap     ] GC(78) Humongous regions: 15->15
[2026-09-05T21:18:47.310-0400][398.731s][info][gc,metaspace] GC(78) Metaspace: 126369K(128256K)->126369K(128256K) NonClass: 107817K(108864K)->107817K(108864K) Class: 18551K(19392K)->18551K(19392K)
[2026-09-05T21:18:47.310-0400][398.731s][info][gc          ] GC(78) Pause Young (Normal) (G1 Evacuation Pause) 1472M->737M(1664M) 3.191ms
[2026-09-05T21:18:47.310-0400][398.731s][info][gc,cpu      ] GC(78) User=0.00s Sys=0.00s Real=0.00s
[2026-09-05T21:18:47.646-0400][399.066s][info][gc,start    ] GC(79) Pause Young (Normal) (G1 Evacuation Pause)
[2026-09-05T21:18:47.646-0400][399.066s][info][gc,task     ] GC(79) Using 23 workers of 23 for evacuation
[2026-09-05T21:18:47.649-0400][399.069s][info][gc,phases   ] GC(79)   Pre Evacuate Collection Set: 0.17ms
[2026-09-05T21:18:47.649-0400][399.069s][info][gc,phases   ] GC(79)   Merge Heap Roots: 0.18ms
[2026-09-05T21:18:47.649-0400][399.069s][info][gc,phases   ] GC(79)   Evacuate Collection Set: 2.04ms
[2026-09-05T21:18:47.649-0400][399.069s][info][gc,phases   ] GC(79)   Post Evacuate Collection Set: 0.52ms
[2026-09-05T21:18:47.649-0400][399.069s][info][gc,phases   ] GC(79)   Other: 0.18ms
[2026-09-05T21:18:47.649-0400][399.069s][info][gc,heap     ] GC(79) Eden regions: 368->0(366)
[2026-09-05T21:18:47.649-0400][399.069s][info][gc,heap     ] GC(79) Survivor regions: 7->9(47)
[2026-09-05T21:18:47.649-0400][399.069s][info][gc,heap     ] GC(79) Old regions: 348->348
[2026-09-05T21:18:47.649-0400][399.069s][info][gc,heap     ] GC(79) Archive regions: 0->0
[2026-09-05T21:18:47.649-0400][399.069s][info][gc,heap     ] GC(79) Humongous regions: 15->15
[2026-09-05T21:18:47.649-0400][399.069s][info][gc,metaspace] GC(79) Metaspace: 126386K(128256K)->126386K(128256K) NonClass: 107835K(108864K)->107835K(108864K) Class: 18551K(19392K)->18551K(19392K)
[2026-09-05T21:18:47.649-0400][399.069s][info][gc          ] GC(79) Pause Young (Normal) (G1 Evacuation Pause) 1473M->741M(1664M) 3.188ms
[2026-09-05T21:18:47.649-0400][399.070s][info][gc,cpu      ] GC(79) User=0.02s Sys=0.00s Real=0.00s
[2026-09-05T21:18:47.853-0400][399.273s][info][gc,start    ] GC(80) Pause Young (Normal) (G1 Evacuation Pause)
[2026-09-05T21:18:47.853-0400][399.273s][info][gc,task     ] GC(80) Using 23 workers of 23 for evacuation
[2026-09-05T21:18:47.856-0400][399.277s][info][gc,phases   ] GC(80)   Pre Evacuate Collection Set: 0.13ms
[2026-09-05T21:18:47.857-0400][399.277s][info][gc,phases   ] GC(80)   Merge Heap Roots: 0.21ms
[2026-09-05T21:18:47.857-0400][399.277s][info][gc,phases   ] GC(80)   Evacuate Collection Set: 3.29ms
[2026-09-05T21:18:47.857-0400][399.277s][info][gc,phases   ] GC(80)   Post Evacuate Collection Set: 0.55ms
[2026-09-05T21:18:47.857-0400][399.277s][info][gc,phases   ] GC(80)   Other: 0.22ms
[2026-09-05T21:18:47.857-0400][399.277s][info][gc,heap     ] GC(80) Eden regions: 366->0(361)
[2026-09-05T21:18:47.857-0400][399.277s][info][gc,heap     ] GC(80) Survivor regions: 9->12(47)
[2026-09-05T21:18:47.857-0400][399.277s][info][gc,heap     ] GC(80) Old regions: 348->348
[2026-09-05T21:18:47.857-0400][399.277s][info][gc,heap     ] GC(80) Archive regions: 0->0
[2026-09-05T21:18:47.857-0400][399.277s][info][gc,heap     ] GC(80) Humongous regions: 15->15
[2026-09-05T21:18:47.857-0400][399.277s][info][gc,metaspace] GC(80) Metaspace: 126395K(128256K)->126395K(128256K) NonClass: 107843K(108864K)->107843K(108864K) Class: 18552K(19392K)->18552K(19392K)
[2026-09-05T21:18:47.857-0400][399.277s][info][gc          ] GC(80) Pause Young (Normal) (G1 Evacuation Pause) 1473M->747M(1664M) 4.510ms
[2026-09-05T21:18:47.857-0400][399.277s][info][gc,cpu      ] GC(80) User=0.00s Sys=0.00s Real=0.00s
[2026-09-05T21:18:48.048-0400][399.469s][info][gc,start    ] GC(81) Pause Young (Normal) (G1 Evacuation Pause)
[2026-09-05T21:18:48.048-0400][399.469s][info][gc,task     ] GC(81) Using 23 workers of 23 for evacuation
[2026-09-05T21:18:48.052-0400][399.472s][info][gc,phases   ] GC(81)   Pre Evacuate Collection Set: 0.11ms
[2026-09-05T21:18:48.052-0400][399.472s][info][gc,phases   ] GC(81)   Merge Heap Roots: 0.12ms
[2026-09-05T21:18:48.052-0400][399.472s][info][gc,phases   ] GC(81)   Evacuate Collection Set: 2.35ms
[2026-09-05T21:18:48.052-0400][399.472s][info][gc,phases   ] GC(81)   Post Evacuate Collection Set: 0.47ms
[2026-09-05T21:18:48.052-0400][399.472s][info][gc,phases   ] GC(81)   Other: 0.14ms
[2026-09-05T21:18:48.052-0400][399.472s][info][gc,heap     ] GC(81) Eden regions: 361->0(357)
[2026-09-05T21:18:48.052-0400][399.472s][info][gc,heap     ] GC(81) Survivor regions: 12->14(47)
[2026-09-05T21:18:48.052-0400][399.472s][info][gc,heap     ] GC(81) Old regions: 348->348
[2026-09-05T21:18:48.052-0400][399.472s][info][gc,heap     ] GC(81) Archive regions: 0->0
[2026-09-05T21:18:48.052-0400][399.472s][info][gc,heap     ] GC(81) Humongous regions: 15->15
[2026-09-05T21:18:48.052-0400][399.472s][info][gc,metaspace] GC(81) Metaspace: 126395K(128256K)->126395K(128256K) NonClass: 107843K(108864K)->107843K(108864K) Class: 18552K(19392K)->18552K(19392K)
[2026-09-05T21:18:48.052-0400][399.472s][info][gc          ] GC(81) Pause Young (Normal) (G1 Evacuation Pause) 1469M->751M(1664M) 3.329ms
[2026-09-05T21:18:48.052-0400][399.472s][info][gc,cpu      ] GC(81) User=0.00s Sys=0.00s Real=0.00s
[2026-09-05T21:18:48.511-0400][399.931s][info][gc,start    ] GC(82) Pause Young (Normal) (G1 Evacuation Pause)
[2026-09-05T21:18:48.511-0400][399.932s][info][gc,task     ] GC(82) Using 23 workers of 23 for evacuation
[2026-09-05T21:18:48.516-0400][399.937s][info][gc,phases   ] GC(82)   Pre Evacuate Collection Set: 0.15ms
[2026-09-05T21:18:48.516-0400][399.937s][info][gc,phases   ] GC(82)   Merge Heap Roots: 0.16ms
[2026-09-05T21:18:48.516-0400][399.937s][info][gc,phases   ] GC(82)   Evacuate Collection Set: 4.14ms
[2026-09-05T21:18:48.516-0400][399.937s][info][gc,phases   ] GC(82)   Post Evacuate Collection Set: 0.53ms
[2026-09-05T21:18:48.516-0400][399.937s][info][gc,phases   ] GC(82)   Other: 0.18ms
[2026-09-05T21:18:48.516-0400][399.937s][info][gc,heap     ] GC(82) Eden regions: 357->0(347)
[2026-09-05T21:18:48.516-0400][399.937s][info][gc,heap     ] GC(82) Survivor regions: 14->19(47)
[2026-09-05T21:18:48.516-0400][399.937s][info][gc,heap     ] GC(82) Old regions: 348->348
[2026-09-05T21:18:48.516-0400][399.937s][info][gc,heap     ] GC(82) Archive regions: 0->0
[2026-09-05T21:18:48.516-0400][399.937s][info][gc,heap     ] GC(82) Humongous regions: 15->15
[2026-09-05T21:18:48.516-0400][399.937s][info][gc,metaspace] GC(82) Metaspace: 126450K(128320K)->126450K(128320K) NonClass: 107896K(108928K)->107896K(108928K) Class: 18553K(19392K)->18553K(19392K)
[2026-09-05T21:18:48.516-0400][399.937s][info][gc          ] GC(82) Pause Young (Normal) (G1 Evacuation Pause) 1465M->760M(1664M) 5.281ms
[2026-09-05T21:18:48.516-0400][399.937s][info][gc,cpu      ] GC(82) User=0.00s Sys=0.00s Real=0.01s
[2026-09-05T21:18:48.652-0400][400.073s][info][gc,start    ] GC(83) Pause Young (Normal) (G1 Evacuation Pause)
[2026-09-05T21:18:48.652-0400][400.073s][info][gc,task     ] GC(83) Using 23 workers of 23 for evacuation
[2026-09-05T21:18:48.657-0400][400.077s][info][gc,phases   ] GC(83)   Pre Evacuate Collection Set: 0.12ms
[2026-09-05T21:18:48.657-0400][400.077s][info][gc,phases   ] GC(83)   Merge Heap Roots: 0.24ms
[2026-09-05T21:18:48.657-0400][400.077s][info][gc,phases   ] GC(83)   Evacuate Collection Set: 3.21ms
[2026-09-05T21:18:48.657-0400][400.077s][info][gc,phases   ] GC(83)   Post Evacuate Collection Set: 0.51ms
[2026-09-05T21:18:48.657-0400][400.077s][info][gc,phases   ] GC(83)   Other: 0.18ms
[2026-09-05T21:18:48.657-0400][400.077s][info][gc,heap     ] GC(83) Eden regions: 347->0(345)
[2026-09-05T21:18:48.657-0400][400.077s][info][gc,heap     ] GC(83) Survivor regions: 19->20(46)
[2026-09-05T21:18:48.657-0400][400.077s][info][gc,heap     ] GC(83) Old regions: 348->348
[2026-09-05T21:18:48.657-0400][400.077s][info][gc,heap     ] GC(83) Archive regions: 0->0
[2026-09-05T21:18:48.657-0400][400.077s][info][gc,heap     ] GC(83) Humongous regions: 15->15
[2026-09-05T21:18:48.657-0400][400.077s][info][gc,metaspace] GC(83) Metaspace: 126450K(128320K)->126450K(128320K) NonClass: 107896K(108928K)->107896K(108928K) Class: 18553K(19392K)->18553K(19392K)
[2026-09-05T21:18:48.657-0400][400.078s][info][gc          ] GC(83) Pause Young (Normal) (G1 Evacuation Pause) 1454M->763M(1664M) 4.389ms
[2026-09-05T21:18:48.657-0400][400.078s][info][gc,cpu      ] GC(83) User=0.00s Sys=0.00s Real=0.01s
[2026-09-05T21:18:49.258-0400][400.678s][info][gc,start    ] GC(84) Pause Young (Normal) (G1 Evacuation Pause)
[2026-09-05T21:18:49.258-0400][400.679s][info][gc,task     ] GC(84) Using 23 workers of 23 for evacuation
[2026-09-05T21:18:49.263-0400][400.683s][info][gc,phases   ] GC(84)   Pre Evacuate Collection Set: 0.18ms
[2026-09-05T21:18:49.263-0400][400.683s][info][gc,phases   ] GC(84)   Merge Heap Roots: 0.17ms
[2026-09-05T21:18:49.263-0400][400.683s][info][gc,phases   ] GC(84)   Evacuate Collection Set: 3.67ms
[2026-09-05T21:18:49.263-0400][400.683s][info][gc,phases   ] GC(84)   Post Evacuate Collection Set: 0.64ms
[2026-09-05T21:18:49.263-0400][400.683s][info][gc,phases   ] GC(84)   Other: 0.14ms
[2026-09-05T21:18:49.263-0400][400.683s][info][gc,heap     ] GC(84) Eden regions: 345->0(339)
[2026-09-05T21:18:49.263-0400][400.683s][info][gc,heap     ] GC(84) Survivor regions: 20->23(46)
[2026-09-05T21:18:49.263-0400][400.683s][info][gc,heap     ] GC(84) Old regions: 348->348
[2026-09-05T21:18:49.263-0400][400.683s][info][gc,heap     ] GC(84) Archive regions: 0->0
[2026-09-05T21:18:49.263-0400][400.683s][info][gc,heap     ] GC(84) Humongous regions: 15->15
[2026-09-05T21:18:49.263-0400][400.683s][info][gc,metaspace] GC(84) Metaspace: 126475K(128320K)->126475K(128320K) NonClass: 107922K(108928K)->107922K(108928K) Class: 18553K(19392K)->18553K(19392K)
[2026-09-05T21:18:49.263-0400][400.683s][info][gc          ] GC(84) Pause Young (Normal) (G1 Evacuation Pause) 1453M->768M(1664M) 4.920ms
[2026-09-05T21:18:49.263-0400][400.683s][info][gc,cpu      ] GC(84) User=0.00s Sys=0.00s Real=0.01s
[2026-09-05T21:18:49.851-0400][401.272s][info][gc,start    ] GC(85) Pause Young (Normal) (G1 Evacuation Pause)
[2026-09-05T21:18:49.851-0400][401.272s][info][gc,task     ] GC(85) Using 23 workers of 23 for evacuation
[2026-09-05T21:18:49.856-0400][401.276s][info][gc,phases   ] GC(85)   Pre Evacuate Collection Set: 0.11ms
[2026-09-05T21:18:49.856-0400][401.276s][info][gc,phases   ] GC(85)   Merge Heap Roots: 0.15ms
[2026-09-05T21:18:49.856-0400][401.276s][info][gc,phases   ] GC(85)   Evacuate Collection Set: 3.35ms
[2026-09-05T21:18:49.856-0400][401.276s][info][gc,phases   ] GC(85)   Post Evacuate Collection Set: 0.52ms
[2026-09-05T21:18:49.856-0400][401.276s][info][gc,phases   ] GC(85)   Other: 0.15ms
[2026-09-05T21:18:49.856-0400][401.276s][info][gc,heap     ] GC(85) Eden regions: 339->0(339)
[2026-09-05T21:18:49.856-0400][401.276s][info][gc,heap     ] GC(85) Survivor regions: 23->23(46)
[2026-09-05T21:18:49.856-0400][401.276s][info][gc,heap     ] GC(85) Old regions: 348->348
[2026-09-05T21:18:49.856-0400][401.276s][info][gc,heap     ] GC(85) Archive regions: 0->0
[2026-09-05T21:18:49.856-0400][401.276s][info][gc,heap     ] GC(85) Humongous regions: 15->15
[2026-09-05T21:18:49.856-0400][401.276s][info][gc,metaspace] GC(85) Metaspace: 126475K(128320K)->126475K(128320K) NonClass: 107922K(108928K)->107922K(108928K) Class: 18553K(19392K)->18553K(19392K)
[2026-09-05T21:18:49.856-0400][401.276s][info][gc          ] GC(85) Pause Young (Normal) (G1 Evacuation Pause) 1446M->769M(1664M) 4.389ms
[2026-09-05T21:18:49.856-0400][401.276s][info][gc,cpu      ] GC(85) User=0.00s Sys=0.00s Real=0.00s
[2026-09-05T21:18:50.189-0400][401.609s][info][gc,start    ] GC(86) Pause Young (Normal) (G1 Evacuation Pause)
[2026-09-05T21:18:50.189-0400][401.609s][info][gc,task     ] GC(86) Using 23 workers of 23 for evacuation
[2026-09-05T21:18:50.194-0400][401.615s][info][gc,phases   ] GC(86)   Pre Evacuate Collection Set: 0.10ms
[2026-09-05T21:18:50.194-0400][401.615s][info][gc,phases   ] GC(86)   Merge Heap Roots: 0.26ms
[2026-09-05T21:18:50.195-0400][401.615s][info][gc,phases   ] GC(86)   Evacuate Collection Set: 4.51ms
[2026-09-05T21:18:50.195-0400][401.615s][info][gc,phases   ] GC(86)   Post Evacuate Collection Set: 0.60ms
[2026-09-05T21:18:50.195-0400][401.615s][info][gc,phases   ] GC(86)   Other: 0.18ms
[2026-09-05T21:18:50.195-0400][401.615s][info][gc,heap     ] GC(86) Eden regions: 339->0(335)
[2026-09-05T21:18:50.195-0400][401.615s][info][gc,heap     ] GC(86) Survivor regions: 23->25(46)
[2026-09-05T21:18:50.195-0400][401.615s][info][gc,heap     ] GC(86) Old regions: 348->348
[2026-09-05T21:18:50.195-0400][401.615s][info][gc,heap     ] GC(86) Archive regions: 0->0
[2026-09-05T21:18:50.195-0400][401.615s][info][gc,heap     ] GC(86) Humongous regions: 15->15
[2026-09-05T21:18:50.195-0400][401.615s][info][gc,metaspace] GC(86) Metaspace: 126482K(128320K)->126482K(128320K) NonClass: 107927K(108928K)->107927K(108928K) Class: 18555K(19392K)->18555K(19392K)
[2026-09-05T21:18:50.195-0400][401.615s][info][gc          ] GC(86) Pause Young (Normal) (G1 Evacuation Pause) 1447M->773M(1664M) 5.819ms
[2026-09-05T21:18:50.195-0400][401.615s][info][gc,cpu      ] GC(86) User=0.36s Sys=0.00s Real=0.01s
[2026-09-05T21:18:50.325-0400][401.746s][info][gc,start    ] GC(87) Pause Young (Normal) (G1 Evacuation Pause)
[2026-09-05T21:18:50.326-0400][401.746s][info][gc,task     ] GC(87) Using 23 workers of 23 for evacuation
[2026-09-05T21:18:50.331-0400][401.751s][info][gc,phases   ] GC(87)   Pre Evacuate Collection Set: 0.14ms
[2026-09-05T21:18:50.331-0400][401.751s][info][gc,phases   ] GC(87)   Merge Heap Roots: 0.17ms
[2026-09-05T21:18:50.331-0400][401.751s][info][gc,phases   ] GC(87)   Evacuate Collection Set: 4.65ms
[2026-09-05T21:18:50.331-0400][401.751s][info][gc,phases   ] GC(87)   Post Evacuate Collection Set: 0.54ms
[2026-09-05T21:18:50.331-0400][401.751s][info][gc,phases   ] GC(87)   Other: 0.26ms
[2026-09-05T21:18:50.331-0400][401.751s][info][gc,heap     ] GC(87) Eden regions: 335->0(334)
[2026-09-05T21:18:50.331-0400][401.751s][info][gc,heap     ] GC(87) Survivor regions: 25->25(45)
[2026-09-05T21:18:50.331-0400][401.751s][info][gc,heap     ] GC(87) Old regions: 348->349
[2026-09-05T21:18:50.331-0400][401.751s][info][gc,heap     ] GC(87) Archive regions: 0->0
[2026-09-05T21:18:50.331-0400][401.751s][info][gc,heap     ] GC(87) Humongous regions: 15->15
[2026-09-05T21:18:50.331-0400][401.751s][info][gc,metaspace] GC(87) Metaspace: 126487K(128320K)->126487K(128320K) NonClass: 107932K(108928K)->107932K(108928K) Class: 18555K(19392K)->18555K(19392K)
[2026-09-05T21:18:50.331-0400][401.751s][info][gc          ] GC(87) Pause Young (Normal) (G1 Evacuation Pause) 1443M->777M(1664M) 5.862ms
[2026-09-05T21:18:50.331-0400][401.751s][info][gc,cpu      ] GC(87) User=0.00s Sys=0.00s Real=0.01s
[2026-09-05T21:18:50.777-0400][402.197s][info][gc,start    ] GC(88) Pause Young (Normal) (G1 Evacuation Pause)
[2026-09-05T21:18:50.777-0400][402.197s][info][gc,task     ] GC(88) Using 23 workers of 23 for evacuation
[2026-09-05T21:18:50.784-0400][402.204s][info][gc,phases   ] GC(88)   Pre Evacuate Collection Set: 0.32ms
[2026-09-05T21:18:50.784-0400][402.204s][info][gc,phases   ] GC(88)   Merge Heap Roots: 0.20ms
[2026-09-05T21:18:50.784-0400][402.204s][info][gc,phases   ] GC(88)   Evacuate Collection Set: 5.64ms
[2026-09-05T21:18:50.784-0400][402.204s][info][gc,phases   ] GC(88)   Post Evacuate Collection Set: 0.75ms
[2026-09-05T21:18:50.784-0400][402.204s][info][gc,phases   ] GC(88)   Other: 0.37ms
[2026-09-05T21:18:50.784-0400][402.204s][info][gc,heap     ] GC(88) Eden regions: 334->0(328)
[2026-09-05T21:18:50.784-0400][402.204s][info][gc,heap     ] GC(88) Survivor regions: 25->27(45)
[2026-09-05T21:18:50.784-0400][402.204s][info][gc,heap     ] GC(88) Old regions: 349->351
[2026-09-05T21:18:50.784-0400][402.204s][info][gc,heap     ] GC(88) Archive regions: 0->0
[2026-09-05T21:18:50.784-0400][402.204s][info][gc,heap     ] GC(88) Humongous regions: 15->15
[2026-09-05T21:18:50.784-0400][402.204s][info][gc,metaspace] GC(88) Metaspace: 126509K(128384K)->126509K(128384K) NonClass: 107954K(108992K)->107954K(108992K) Class: 18555K(19392K)->18555K(19392K)
[2026-09-05T21:18:50.784-0400][402.205s][info][gc          ] GC(88) Pause Young (Normal) (G1 Evacuation Pause) 1445M->783M(1664M) 7.440ms
[2026-09-05T21:18:50.784-0400][402.205s][info][gc,cpu      ] GC(88) User=0.00s Sys=0.00s Real=0.01s
[2026-09-05T21:18:50.865-0400][402.285s][info][gc,start    ] GC(89) Pause Young (Normal) (G1 Evacuation Pause)
[2026-09-05T21:18:50.865-0400][402.285s][info][gc,task     ] GC(89) Using 23 workers of 23 for evacuation
[2026-09-05T21:18:50.870-0400][402.291s][info][gc,phases   ] GC(89)   Pre Evacuate Collection Set: 0.15ms
[2026-09-05T21:18:50.871-0400][402.291s][info][gc,phases   ] GC(89)   Merge Heap Roots: 0.16ms
[2026-09-05T21:18:50.871-0400][402.291s][info][gc,phases   ] GC(89)   Evacuate Collection Set: 4.63ms
[2026-09-05T21:18:50.871-0400][402.291s][info][gc,phases   ] GC(89)   Post Evacuate Collection Set: 0.64ms
[2026-09-05T21:18:50.871-0400][402.291s][info][gc,phases   ] GC(89)   Other: 0.21ms
[2026-09-05T21:18:50.871-0400][402.291s][info][gc,heap     ] GC(89) Eden regions: 328->0(327)
[2026-09-05T21:18:50.871-0400][402.291s][info][gc,heap     ] GC(89) Survivor regions: 27->26(45)
[2026-09-05T21:18:50.871-0400][402.291s][info][gc,heap     ] GC(89) Old regions: 351->354
[2026-09-05T21:18:50.871-0400][402.291s][info][gc,heap     ] GC(89) Archive regions: 0->0
[2026-09-05T21:18:50.871-0400][402.291s][info][gc,heap     ] GC(89) Humongous regions: 15->15
[2026-09-05T21:18:50.871-0400][402.291s][info][gc,metaspace] GC(89) Metaspace: 126509K(128384K)->126509K(128384K) NonClass: 107954K(108992K)->107954K(108992K) Class: 18555K(19392K)->18555K(19392K)
[2026-09-05T21:18:50.871-0400][402.291s][info][gc          ] GC(89) Pause Young (Normal) (G1 Evacuation Pause) 1439M->786M(1664M) 5.910ms
[2026-09-05T21:18:50.871-0400][402.291s][info][gc,cpu      ] GC(89) User=0.00s Sys=0.00s Real=0.01s
[2026-09-05T21:18:51.186-0400][402.606s][info][gc,start    ] GC(90) Pause Young (Normal) (G1 Evacuation Pause)
[2026-09-05T21:18:51.186-0400][402.606s][info][gc,task     ] GC(90) Using 23 workers of 23 for evacuation
[2026-09-05T21:18:51.190-0400][402.611s][info][gc,phases   ] GC(90)   Pre Evacuate Collection Set: 0.09ms
[2026-09-05T21:18:51.190-0400][402.611s][info][gc,phases   ] GC(90)   Merge Heap Roots: 0.16ms
[2026-09-05T21:18:51.190-0400][402.611s][info][gc,phases   ] GC(90)   Evacuate Collection Set: 3.97ms
[2026-09-05T21:18:51.190-0400][402.611s][info][gc,phases   ] GC(90)   Post Evacuate Collection Set: 0.53ms
[2026-09-05T21:18:51.190-0400][402.611s][info][gc,phases   ] GC(90)   Other: 0.13ms
[2026-09-05T21:18:51.190-0400][402.611s][info][gc,heap     ] GC(90) Eden regions: 327->0(327)
[2026-09-05T21:18:51.190-0400][402.611s][info][gc,heap     ] GC(90) Survivor regions: 26->25(45)
[2026-09-05T21:18:51.190-0400][402.611s][info][gc,heap     ] GC(90) Old regions: 354->356
[2026-09-05T21:18:51.190-0400][402.611s][info][gc,heap     ] GC(90) Archive regions: 0->0
[2026-09-05T21:18:51.190-0400][402.611s][info][gc,heap     ] GC(90) Humongous regions: 15->15
[2026-09-05T21:18:51.190-0400][402.611s][info][gc,metaspace] GC(90) Metaspace: 126524K(128384K)->126524K(128384K) NonClass: 107968K(108992K)->107968K(108992K) Class: 18556K(19392K)->18556K(19392K)
[2026-09-05T21:18:51.190-0400][402.611s][info][gc          ] GC(90) Pause Young (Normal) (G1 Evacuation Pause) 1440M->789M(1664M) 5.003ms
[2026-09-05T21:18:51.190-0400][402.611s][info][gc,cpu      ] GC(90) User=0.00s Sys=0.00s Real=0.00s
[2026-09-05T21:18:51.458-0400][402.878s][info][gc,start    ] GC(91) Pause Young (Normal) (G1 Evacuation Pause)
[2026-09-05T21:18:51.458-0400][402.878s][info][gc,task     ] GC(91) Using 23 workers of 23 for evacuation
[2026-09-05T21:18:51.463-0400][402.884s][info][gc,phases   ] GC(91)   Pre Evacuate Collection Set: 0.11ms
[2026-09-05T21:18:51.464-0400][402.884s][info][gc,phases   ] GC(91)   Merge Heap Roots: 0.19ms
[2026-09-05T21:18:51.464-0400][402.884s][info][gc,phases   ] GC(91)   Evacuate Collection Set: 4.67ms
[2026-09-05T21:18:51.464-0400][402.884s][info][gc,phases   ] GC(91)   Post Evacuate Collection Set: 0.61ms
[2026-09-05T21:18:51.464-0400][402.884s][info][gc,phases   ] GC(91)   Other: 0.14ms
[2026-09-05T21:18:51.464-0400][402.884s][info][gc,heap     ] GC(91) Eden regions: 327->0(322)
[2026-09-05T21:18:51.464-0400][402.884s][info][gc,heap     ] GC(91) Survivor regions: 25->26(44)
[2026-09-05T21:18:51.464-0400][402.884s][info][gc,heap     ] GC(91) Old regions: 356->359
[2026-09-05T21:18:51.464-0400][402.884s][info][gc,heap     ] GC(91) Archive regions: 0->0
[2026-09-05T21:18:51.464-0400][402.884s][info][gc,heap     ] GC(91) Humongous regions: 15->15
[2026-09-05T21:18:51.464-0400][402.884s][info][gc,metaspace] GC(91) Metaspace: 126548K(128384K)->126548K(128384K) NonClass: 107989K(108992K)->107989K(108992K) Class: 18558K(19392K)->18558K(19392K)
[2026-09-05T21:18:51.464-0400][402.884s][info][gc          ] GC(91) Pause Young (Normal) (G1 Evacuation Pause) 1443M->797M(1664M) 5.846ms
[2026-09-05T21:18:51.464-0400][402.884s][info][gc,cpu      ] GC(91) User=0.30s Sys=0.00s Real=0.01s
[2026-09-05T21:18:56.928-0400][408.349s][info][gc,start    ] GC(92) Pause Young (Normal) (G1 Evacuation Pause)
[2026-09-05T21:18:56.928-0400][408.349s][info][gc,task     ] GC(92) Using 23 workers of 23 for evacuation
[2026-09-05T21:18:56.935-0400][408.355s][info][gc,phases   ] GC(92)   Pre Evacuate Collection Set: 0.12ms
[2026-09-05T21:18:56.935-0400][408.355s][info][gc,phases   ] GC(92)   Merge Heap Roots: 0.16ms
[2026-09-05T21:18:56.935-0400][408.355s][info][gc,phases   ] GC(92)   Evacuate Collection Set: 5.70ms
[2026-09-05T21:18:56.935-0400][408.355s][info][gc,phases   ] GC(92)   Post Evacuate Collection Set: 0.60ms
[2026-09-05T21:18:56.935-0400][408.355s][info][gc,phases   ] GC(92)   Other: 0.14ms
[2026-09-05T21:18:56.935-0400][408.355s][info][gc,heap     ] GC(92) Eden regions: 322->0(311)
[2026-09-05T21:18:56.935-0400][408.355s][info][gc,heap     ] GC(92) Survivor regions: 26->31(44)
[2026-09-05T21:18:56.935-0400][408.355s][info][gc,heap     ] GC(92) Old regions: 359->360
[2026-09-05T21:18:56.935-0400][408.355s][info][gc,heap     ] GC(92) Archive regions: 0->0
[2026-09-05T21:18:56.935-0400][408.355s][info][gc,heap     ] GC(92) Humongous regions: 15->15
[2026-09-05T21:18:56.935-0400][408.355s][info][gc,metaspace] GC(92) Metaspace: 131440K(133312K)->131440K(133312K) NonClass: 112191K(113216K)->112191K(113216K) Class: 19248K(20096K)->19248K(20096K)
[2026-09-05T21:18:56.935-0400][408.355s][info][gc          ] GC(92) Pause Young (Normal) (G1 Evacuation Pause) 1441M->810M(1664M) 6.836ms
[2026-09-05T21:18:56.935-0400][408.355s][info][gc,cpu      ] GC(92) User=0.00s Sys=0.00s Real=0.01s
[2026-09-05T21:18:58.398-0400][409.819s][info][gc,start    ] GC(93) Pause Young (Concurrent Start) (G1 Evacuation Pause)
[2026-09-05T21:18:58.398-0400][409.819s][info][gc,task     ] GC(93) Using 23 workers of 23 for evacuation
[2026-09-05T21:18:58.409-0400][409.830s][info][gc,phases   ] GC(93)   Pre Evacuate Collection Set: 0.28ms
[2026-09-05T21:18:58.409-0400][409.830s][info][gc,phases   ] GC(93)   Merge Heap Roots: 0.20ms
[2026-09-05T21:18:58.409-0400][409.830s][info][gc,phases   ] GC(93)   Evacuate Collection Set: 9.07ms
[2026-09-05T21:18:58.409-0400][409.830s][info][gc,phases   ] GC(93)   Post Evacuate Collection Set: 0.69ms
[2026-09-05T21:18:58.409-0400][409.830s][info][gc,phases   ] GC(93)   Other: 0.27ms
[2026-09-05T21:18:58.409-0400][409.830s][info][gc,heap     ] GC(93) Eden regions: 311->0(279)
[2026-09-05T21:18:58.409-0400][409.830s][info][gc,heap     ] GC(93) Survivor regions: 31->43(43)
[2026-09-05T21:18:58.409-0400][409.830s][info][gc,heap     ] GC(93) Old regions: 360->368
[2026-09-05T21:18:58.409-0400][409.830s][info][gc,heap     ] GC(93) Archive regions: 0->0
[2026-09-05T21:18:58.409-0400][409.830s][info][gc,heap     ] GC(93) Humongous regions: 15->15
[2026-09-05T21:18:58.409-0400][409.830s][info][gc,metaspace] GC(93) Metaspace: 137687K(139520K)->137687K(139520K) NonClass: 117535K(118528K)->117535K(118528K) Class: 20151K(20992K)->20151K(20992K)
[2026-09-05T21:18:58.409-0400][409.830s][info][gc          ] GC(93) Pause Young (Concurrent Start) (G1 Evacuation Pause) 1432M->849M(1664M) 10.716ms
[2026-09-05T21:18:58.409-0400][409.830s][info][gc,cpu      ] GC(93) User=0.00s Sys=0.00s Real=0.01s
[2026-09-05T21:18:58.409-0400][409.830s][info][gc          ] GC(94) Concurrent Mark Cycle
[2026-09-05T21:18:58.409-0400][409.830s][info][gc,marking  ] GC(94) Concurrent Clear Claimed Marks
[2026-09-05T21:18:58.409-0400][409.830s][info][gc,marking  ] GC(94) Concurrent Clear Claimed Marks 0.153ms
[2026-09-05T21:18:58.409-0400][409.830s][info][gc,marking  ] GC(94) Concurrent Scan Root Regions
[2026-09-05T21:18:58.418-0400][409.838s][info][gc,marking  ] GC(94) Concurrent Scan Root Regions 8.270ms
[2026-09-05T21:18:58.418-0400][409.838s][info][gc,marking  ] GC(94) Concurrent Mark
[2026-09-05T21:18:58.418-0400][409.838s][info][gc,marking  ] GC(94) Concurrent Mark From Roots
[2026-09-05T21:18:58.418-0400][409.838s][info][gc,task     ] GC(94) Using 6 workers of 6 for marking
[2026-09-05T21:18:58.550-0400][409.971s][info][gc,marking  ] GC(94) Concurrent Mark From Roots 133.060ms
[2026-09-05T21:18:58.550-0400][409.971s][info][gc,marking  ] GC(94) Concurrent Preclean
[2026-09-05T21:18:58.552-0400][409.972s][info][gc,marking  ] GC(94) Concurrent Preclean 0.401ms
[2026-09-05T21:18:58.552-0400][409.972s][info][gc,start    ] GC(94) Pause Remark
[2026-09-05T21:18:58.559-0400][409.980s][info][gc          ] GC(94) Pause Remark 1212M->1212M(2028M) 7.805ms
[2026-09-05T21:18:58.560-0400][409.980s][info][gc,cpu      ] GC(94) User=0.02s Sys=0.02s Real=0.01s
[2026-09-05T21:18:58.560-0400][409.980s][info][gc,marking  ] GC(94) Concurrent Mark 141.551ms
[2026-09-05T21:18:58.560-0400][409.980s][info][gc,marking  ] GC(94) Concurrent Rebuild Remembered Sets
[2026-09-05T21:18:58.616-0400][410.036s][info][gc,marking  ] GC(94) Concurrent Rebuild Remembered Sets 55.974ms
[2026-09-05T21:18:58.616-0400][410.036s][info][gc,start    ] GC(94) Pause Cleanup
[2026-09-05T21:18:58.616-0400][410.036s][info][gc          ] GC(94) Pause Cleanup 1242M->1242M(2028M) 0.362ms
[2026-09-05T21:18:58.616-0400][410.036s][info][gc,cpu      ] GC(94) User=0.00s Sys=0.00s Real=0.00s
[2026-09-05T21:18:58.616-0400][410.037s][info][gc,marking  ] GC(94) Concurrent Cleanup for Next Mark
[2026-09-05T21:18:58.619-0400][410.040s][info][gc,marking  ] GC(94) Concurrent Cleanup for Next Mark 3.493ms
[2026-09-05T21:18:58.619-0400][410.040s][info][gc          ] GC(94) Concurrent Mark Cycle 210.216ms
[2026-09-05T21:18:58.773-0400][410.194s][info][gc,start    ] GC(95) Pause Young (Prepare Mixed) (G1 Evacuation Pause)
[2026-09-05T21:18:58.773-0400][410.194s][info][gc,task     ] GC(95) Using 23 workers of 23 for evacuation
[2026-09-05T21:18:58.780-0400][410.201s][info][gc,phases   ] GC(95)   Pre Evacuate Collection Set: 0.21ms
[2026-09-05T21:18:58.780-0400][410.201s][info][gc,phases   ] GC(95)   Merge Heap Roots: 0.16ms
[2026-09-05T21:18:58.780-0400][410.201s][info][gc,phases   ] GC(95)   Evacuate Collection Set: 5.97ms
[2026-09-05T21:18:58.780-0400][410.201s][info][gc,phases   ] GC(95)   Post Evacuate Collection Set: 0.58ms
[2026-09-05T21:18:58.780-0400][410.201s][info][gc,phases   ] GC(95)   Other: 0.20ms
[2026-09-05T21:18:58.780-0400][410.201s][info][gc,heap     ] GC(95) Eden regions: 261->0(43)
[2026-09-05T21:18:58.780-0400][410.201s][info][gc,heap     ] GC(95) Survivor regions: 43->7(38)
[2026-09-05T21:18:58.780-0400][410.201s][info][gc,heap     ] GC(95) Old regions: 368->407
[2026-09-05T21:18:58.780-0400][410.201s][info][gc,heap     ] GC(95) Archive regions: 0->0
[2026-09-05T21:18:58.780-0400][410.201s][info][gc,heap     ] GC(95) Humongous regions: 15->15
[2026-09-05T21:18:58.780-0400][410.201s][info][gc,metaspace] GC(95) Metaspace: 138430K(140288K)->138430K(140288K) NonClass: 118153K(119168K)->118153K(119168K) Class: 20277K(21120K)->20277K(21120K)
[2026-09-05T21:18:58.780-0400][410.201s][info][gc          ] GC(95) Pause Young (Prepare Mixed) (G1 Evacuation Pause) 1371M->854M(2028M) 7.263ms
[2026-09-05T21:18:58.780-0400][410.201s][info][gc,cpu      ] GC(95) User=0.00s Sys=0.00s Real=0.01s
[2026-09-05T21:18:58.866-0400][410.286s][info][gc,start    ] GC(96) Pause Young (Mixed) (G1 Evacuation Pause)
[2026-09-05T21:18:58.866-0400][410.286s][info][gc,task     ] GC(96) Using 23 workers of 23 for evacuation
[2026-09-05T21:18:58.868-0400][410.288s][info][gc,phases   ] GC(96)   Pre Evacuate Collection Set: 0.15ms
[2026-09-05T21:18:58.868-0400][410.288s][info][gc,phases   ] GC(96)   Merge Heap Roots: 0.10ms
[2026-09-05T21:18:58.868-0400][410.288s][info][gc,phases   ] GC(96)   Evacuate Collection Set: 1.43ms
[2026-09-05T21:18:58.868-0400][410.288s][info][gc,phases   ] GC(96)   Post Evacuate Collection Set: 0.34ms
[2026-09-05T21:18:58.868-0400][410.288s][info][gc,phases   ] GC(96)   Other: 0.17ms
[2026-09-05T21:18:58.868-0400][410.288s][info][gc,heap     ] GC(96) Eden regions: 43->0(500)
[2026-09-05T21:18:58.868-0400][410.288s][info][gc,heap     ] GC(96) Survivor regions: 7->3(7)
[2026-09-05T21:18:58.868-0400][410.288s][info][gc,heap     ] GC(96) Old regions: 407->363
[2026-09-05T21:18:58.868-0400][410.288s][info][gc,heap     ] GC(96) Archive regions: 0->0
[2026-09-05T21:18:58.868-0400][410.288s][info][gc,heap     ] GC(96) Humongous regions: 15->15
[2026-09-05T21:18:58.868-0400][410.288s][info][gc,metaspace] GC(96) Metaspace: 138556K(140416K)->138556K(140416K) NonClass: 118277K(119296K)->118277K(119296K) Class: 20278K(21120K)->20278K(21120K)
[2026-09-05T21:18:58.868-0400][410.288s][info][gc          ] GC(96) Pause Young (Mixed) (G1 Evacuation Pause) 940M->761M(2028M) 2.312ms
[2026-09-05T21:18:58.868-0400][410.288s][info][gc,cpu      ] GC(96) User=0.00s Sys=0.00s Real=0.00s
[2026-09-05T21:18:59.483-0400][410.903s][info][gc,start    ] GC(97) Pause Young (Normal) (G1 Evacuation Pause)
[2026-09-05T21:18:59.483-0400][410.903s][info][gc,task     ] GC(97) Using 23 workers of 23 for evacuation
[2026-09-05T21:18:59.488-0400][410.909s][info][gc,phases   ] GC(97)   Pre Evacuate Collection Set: 0.14ms
[2026-09-05T21:18:59.488-0400][410.909s][info][gc,phases   ] GC(97)   Merge Heap Roots: 0.14ms
[2026-09-05T21:18:59.488-0400][410.909s][info][gc,phases   ] GC(97)   Evacuate Collection Set: 4.67ms
[2026-09-05T21:18:59.488-0400][410.909s][info][gc,phases   ] GC(97)   Post Evacuate Collection Set: 0.64ms
[2026-09-05T21:18:59.488-0400][410.909s][info][gc,phases   ] GC(97)   Other: 0.19ms
[2026-09-05T21:18:59.488-0400][410.909s][info][gc,heap     ] GC(97) Eden regions: 500->0(466)
[2026-09-05T21:18:59.488-0400][410.909s][info][gc,heap     ] GC(97) Survivor regions: 3->21(63)
[2026-09-05T21:18:59.488-0400][410.909s][info][gc,heap     ] GC(97) Old regions: 363->363
[2026-09-05T21:18:59.488-0400][410.909s][info][gc,heap     ] GC(97) Archive regions: 0->0
[2026-09-05T21:18:59.488-0400][410.909s][info][gc,heap     ] GC(97) Humongous regions: 15->15
[2026-09-05T21:18:59.488-0400][410.909s][info][gc,metaspace] GC(97) Metaspace: 139809K(141696K)->139809K(141696K) NonClass: 119334K(120384K)->119334K(120384K) Class: 20475K(21312K)->20475K(21312K)
[2026-09-05T21:18:59.488-0400][410.909s][info][gc          ] GC(97) Pause Young (Normal) (G1 Evacuation Pause) 1761M->797M(2028M) 5.913ms
[2026-09-05T21:18:59.488-0400][410.909s][info][gc,cpu      ] GC(97) User=0.00s Sys=0.00s Real=0.00s
[2026-09-05T21:19:00.576-0400][411.996s][info][gc,start    ] GC(98) Pause Young (Normal) (G1 Evacuation Pause)
[2026-09-05T21:19:00.576-0400][411.996s][info][gc,task     ] GC(98) Using 23 workers of 23 for evacuation
[2026-09-05T21:19:00.581-0400][412.002s][info][gc,phases   ] GC(98)   Pre Evacuate Collection Set: 0.12ms
[2026-09-05T21:19:00.581-0400][412.002s][info][gc,phases   ] GC(98)   Merge Heap Roots: 0.17ms
[2026-09-05T21:19:00.581-0400][412.002s][info][gc,phases   ] GC(98)   Evacuate Collection Set: 4.80ms
[2026-09-05T21:19:00.581-0400][412.002s][info][gc,phases   ] GC(98)   Post Evacuate Collection Set: 0.62ms
[2026-09-05T21:19:00.581-0400][412.002s][info][gc,phases   ] GC(98)   Other: 0.15ms
[2026-09-05T21:19:00.581-0400][412.002s][info][gc,heap     ] GC(98) Eden regions: 466->0(467)
[2026-09-05T21:19:00.581-0400][412.002s][info][gc,heap     ] GC(98) Survivor regions: 21->26(61)
[2026-09-05T21:19:00.581-0400][412.002s][info][gc,heap     ] GC(98) Old regions: 363->363
[2026-09-05T21:19:00.581-0400][412.002s][info][gc,heap     ] GC(98) Archive regions: 0->0
[2026-09-05T21:19:00.581-0400][412.002s][info][gc,heap     ] GC(98) Humongous regions: 15->15
[2026-09-05T21:19:00.581-0400][412.002s][info][gc,metaspace] GC(98) Metaspace: 142073K(144000K)->142073K(144000K) NonClass: 121318K(122368K)->121318K(122368K) Class: 20754K(21632K)->20754K(21632K)
[2026-09-05T21:19:00.581-0400][412.002s][info][gc          ] GC(98) Pause Young (Normal) (G1 Evacuation Pause) 1729M->807M(2028M) 5.995ms
[2026-09-05T21:19:00.581-0400][412.002s][info][gc,cpu      ] GC(98) User=0.00s Sys=0.00s Real=0.01s
[2026-09-05T21:19:01.262-0400][412.682s][info][gc,start    ] GC(99) Pause Young (Normal) (GCLocker Initiated GC)
[2026-09-05T21:19:01.262-0400][412.682s][info][gc,task     ] GC(99) Using 23 workers of 23 for evacuation
[2026-09-05T21:19:01.274-0400][412.695s][info][gc,phases   ] GC(99)   Pre Evacuate Collection Set: 0.15ms
[2026-09-05T21:19:01.274-0400][412.695s][info][gc,phases   ] GC(99)   Merge Heap Roots: 0.20ms
[2026-09-05T21:19:01.274-0400][412.695s][info][gc,phases   ] GC(99)   Evacuate Collection Set: 11.71ms
[2026-09-05T21:19:01.274-0400][412.695s][info][gc,phases   ] GC(99)   Post Evacuate Collection Set: 0.71ms
[2026-09-05T21:19:01.274-0400][412.695s][info][gc,phases   ] GC(99)   Other: 0.14ms
[2026-09-05T21:19:01.274-0400][412.695s][info][gc,heap     ] GC(99) Eden regions: 467->0(425)
[2026-09-05T21:19:01.274-0400][412.695s][info][gc,heap     ] GC(99) Survivor regions: 26->52(62)
[2026-09-05T21:19:01.274-0400][412.695s][info][gc,heap     ] GC(99) Old regions: 363->363
[2026-09-05T21:19:01.274-0400][412.695s][info][gc,heap     ] GC(99) Archive regions: 0->0
[2026-09-05T21:19:01.274-0400][412.695s][info][gc,heap     ] GC(99) Humongous regions: 15->15
[2026-09-05T21:19:01.274-0400][412.695s][info][gc,metaspace] GC(99) Metaspace: 142206K(144128K)->142206K(144128K) NonClass: 121446K(122496K)->121446K(122496K) Class: 20759K(21632K)->20759K(21632K)
[2026-09-05T21:19:01.274-0400][412.695s][info][gc          ] GC(99) Pause Young (Normal) (GCLocker Initiated GC) 1741M->859M(2028M) 13.070ms
[2026-09-05T21:19:01.274-0400][412.695s][info][gc,cpu      ] GC(99) User=0.39s Sys=0.02s Real=0.01s
[2026-09-05T21:19:03.826-0400][415.247s][info][gc,start    ] GC(100) Pause Young (Normal) (G1 Evacuation Pause)
[2026-09-05T21:19:03.826-0400][415.247s][info][gc,task     ] GC(100) Using 23 workers of 23 for evacuation
[2026-09-05T21:19:03.842-0400][415.262s][info][gc,phases   ] GC(100)   Pre Evacuate Collection Set: 0.20ms
[2026-09-05T21:19:03.842-0400][415.262s][info][gc,phases   ] GC(100)   Merge Heap Roots: 0.19ms
[2026-09-05T21:19:03.842-0400][415.262s][info][gc,phases   ] GC(100)   Evacuate Collection Set: 14.30ms
[2026-09-05T21:19:03.842-0400][415.262s][info][gc,phases   ] GC(100)   Post Evacuate Collection Set: 0.84ms
[2026-09-05T21:19:03.842-0400][415.262s][info][gc,phases   ] GC(100)   Other: 0.22ms
[2026-09-05T21:19:03.842-0400][415.262s][info][gc,heap     ] GC(100) Eden regions: 425->0(450)
[2026-09-05T21:19:03.842-0400][415.262s][info][gc,heap     ] GC(100) Survivor regions: 52->12(60)
[2026-09-05T21:19:03.842-0400][415.262s][info][gc,heap     ] GC(100) Old regions: 363->385
[2026-09-05T21:19:03.842-0400][415.262s][info][gc,heap     ] GC(100) Archive regions: 0->0
[2026-09-05T21:19:03.842-0400][415.262s][info][gc,heap     ] GC(100) Humongous regions: 15->15
[2026-09-05T21:19:03.842-0400][415.262s][info][gc,metaspace] GC(100) Metaspace: 142659K(144576K)->142659K(144576K) NonClass: 121816K(122880K)->121816K(122880K) Class: 20843K(21696K)->20843K(21696K)
[2026-09-05T21:19:03.842-0400][415.262s][info][gc          ] GC(100) Pause Young (Normal) (G1 Evacuation Pause) 1709M->822M(2028M) 15.800ms
[2026-09-05T21:19:03.842-0400][415.262s][info][gc,cpu      ] GC(100) User=0.36s Sys=0.00s Real=0.02s
[2026-09-05T21:19:04.664-0400][416.084s][info][gc,start    ] GC(101) Pause Young (Normal) (G1 Evacuation Pause)
[2026-09-05T21:19:04.664-0400][416.084s][info][gc,task     ] GC(101) Using 23 workers of 23 for evacuation
[2026-09-05T21:19:04.668-0400][416.089s][info][gc,phases   ] GC(101)   Pre Evacuate Collection Set: 0.19ms
[2026-09-05T21:19:04.668-0400][416.089s][info][gc,phases   ] GC(101)   Merge Heap Roots: 0.27ms
[2026-09-05T21:19:04.668-0400][416.089s][info][gc,phases   ] GC(101)   Evacuate Collection Set: 3.24ms
[2026-09-05T21:19:04.668-0400][416.089s][info][gc,phases   ] GC(101)   Post Evacuate Collection Set: 0.62ms
[2026-09-05T21:19:04.668-0400][416.089s][info][gc,phases   ] GC(101)   Other: 0.21ms
[2026-09-05T21:19:04.668-0400][416.089s][info][gc,heap     ] GC(101) Eden regions: 450->0(458)
[2026-09-05T21:19:04.668-0400][416.089s][info][gc,heap     ] GC(101) Survivor regions: 12->9(58)
[2026-09-05T21:19:04.668-0400][416.089s][info][gc,heap     ] GC(101) Old regions: 385->385
[2026-09-05T21:19:04.668-0400][416.089s][info][gc,heap     ] GC(101) Archive regions: 0->0
[2026-09-05T21:19:04.668-0400][416.089s][info][gc,heap     ] GC(101) Humongous regions: 15->15
[2026-09-05T21:19:04.668-0400][416.089s][info][gc,metaspace] GC(101) Metaspace: 142916K(144832K)->142916K(144832K) NonClass: 122038K(123072K)->122038K(123072K) Class: 20878K(21760K)->20878K(21760K)
[2026-09-05T21:19:04.668-0400][416.089s][info][gc          ] GC(101) Pause Young (Normal) (G1 Evacuation Pause) 1722M->815M(2028M) 4.669ms
[2026-09-05T21:19:04.668-0400][416.089s][info][gc,cpu      ] GC(101) User=0.00s Sys=0.00s Real=0.00s
[2026-09-05T21:19:06.078-0400][417.499s][info][gc,start    ] GC(102) Pause Young (Normal) (G1 Evacuation Pause)
[2026-09-05T21:19:06.078-0400][417.499s][info][gc,task     ] GC(102) Using 23 workers of 23 for evacuation
[2026-09-05T21:19:06.085-0400][417.505s][info][gc,phases   ] GC(102)   Pre Evacuate Collection Set: 0.14ms
[2026-09-05T21:19:06.085-0400][417.505s][info][gc,phases   ] GC(102)   Merge Heap Roots: 0.21ms
[2026-09-05T21:19:06.085-0400][417.505s][info][gc,phases   ] GC(102)   Evacuate Collection Set: 4.89ms
[2026-09-05T21:19:06.085-0400][417.505s][info][gc,phases   ] GC(102)   Post Evacuate Collection Set: 0.64ms
[2026-09-05T21:19:06.085-0400][417.505s][info][gc,phases   ] GC(102)   Other: 0.23ms
[2026-09-05T21:19:06.085-0400][417.505s][info][gc,heap     ] GC(102) Eden regions: 458->0(457)
[2026-09-05T21:19:06.085-0400][417.505s][info][gc,heap     ] GC(102) Survivor regions: 9->12(59)
[2026-09-05T21:19:06.085-0400][417.505s][info][gc,heap     ] GC(102) Old regions: 385->385
[2026-09-05T21:19:06.085-0400][417.505s][info][gc,heap     ] GC(102) Archive regions: 0->0
[2026-09-05T21:19:06.085-0400][417.505s][info][gc,heap     ] GC(102) Humongous regions: 15->15
[2026-09-05T21:19:06.085-0400][417.505s][info][gc,metaspace] GC(102) Metaspace: 143037K(144960K)->143037K(144960K) NonClass: 122156K(123200K)->122156K(123200K) Class: 20880K(21760K)->20880K(21760K)
[2026-09-05T21:19:06.085-0400][417.505s][info][gc          ] GC(102) Pause Young (Normal) (G1 Evacuation Pause) 1731M->822M(2028M) 6.257ms
[2026-09-05T21:19:06.085-0400][417.505s][info][gc,cpu      ] GC(102) User=0.34s Sys=0.00s Real=0.01s
[2026-09-05T21:19:06.802-0400][418.222s][info][gc,start    ] GC(103) Pause Young (Normal) (G1 Evacuation Pause)
[2026-09-05T21:19:06.802-0400][418.222s][info][gc,task     ] GC(103) Using 23 workers of 23 for evacuation
[2026-09-05T21:19:06.914-0400][418.334s][info][gc,phases   ] GC(103)   Pre Evacuate Collection Set: 0.13ms
[2026-09-05T21:19:06.914-0400][418.334s][info][gc,phases   ] GC(103)   Merge Heap Roots: 0.20ms
[2026-09-05T21:19:06.914-0400][418.334s][info][gc,phases   ] GC(103)   Evacuate Collection Set: 111.03ms
[2026-09-05T21:19:06.914-0400][418.334s][info][gc,phases   ] GC(103)   Post Evacuate Collection Set: 0.74ms
[2026-09-05T21:19:06.914-0400][418.334s][info][gc,phases   ] GC(103)   Other: 0.17ms
[2026-09-05T21:19:06.914-0400][418.334s][info][gc,heap     ] GC(103) Eden regions: 457->0(239)
[2026-09-05T21:19:06.914-0400][418.334s][info][gc,heap     ] GC(103) Survivor regions: 12->59(59)
[2026-09-05T21:19:06.914-0400][418.334s][info][gc,heap     ] GC(103) Old regions: 385->532
[2026-09-05T21:19:06.914-0400][418.334s][info][gc,heap     ] GC(103) Archive regions: 0->0
[2026-09-05T21:19:06.914-0400][418.334s][info][gc,heap     ] GC(103) Humongous regions: 15->15
[2026-09-05T21:19:06.914-0400][418.334s][info][gc,metaspace] GC(103) Metaspace: 143295K(145216K)->143295K(145216K) NonClass: 122380K(123456K)->122380K(123456K) Class: 20915K(21760K)->20915K(21760K)
[2026-09-05T21:19:06.914-0400][418.334s][info][gc          ] GC(103) Pause Young (Normal) (G1 Evacuation Pause) 1736M->1210M(2150M) 112.359ms
[2026-09-05T21:19:06.914-0400][418.335s][info][gc,cpu      ] GC(103) User=2.56s Sys=0.36s Real=0.11s
[2026-09-05T21:19:07.600-0400][419.021s][info][gc,start    ] GC(104) Pause Young (Concurrent Start) (G1 Evacuation Pause)
[2026-09-05T21:19:07.600-0400][419.021s][info][gc,task     ] GC(104) Using 23 workers of 23 for evacuation
[2026-09-05T21:19:07.625-0400][419.046s][info][gc,phases   ] GC(104)   Pre Evacuate Collection Set: 0.23ms
[2026-09-05T21:19:07.625-0400][419.046s][info][gc,phases   ] GC(104)   Merge Heap Roots: 0.72ms
[2026-09-05T21:19:07.625-0400][419.046s][info][gc,phases   ] GC(104)   Evacuate Collection Set: 23.32ms
[2026-09-05T21:19:07.625-0400][419.046s][info][gc,phases   ] GC(104)   Post Evacuate Collection Set: 0.60ms
[2026-09-05T21:19:07.625-0400][419.046s][info][gc,phases   ] GC(104)   Other: 0.26ms
[2026-09-05T21:19:07.625-0400][419.046s][info][gc,heap     ] GC(104) Eden regions: 239->0(232)
[2026-09-05T21:19:07.625-0400][419.046s][info][gc,heap     ] GC(104) Survivor regions: 59->28(38)
[2026-09-05T21:19:07.625-0400][419.046s][info][gc,heap     ] GC(104) Old regions: 532->586
[2026-09-05T21:19:07.625-0400][419.046s][info][gc,heap     ] GC(104) Archive regions: 0->0
[2026-09-05T21:19:07.625-0400][419.046s][info][gc,heap     ] GC(104) Humongous regions: 15->15
[2026-09-05T21:19:07.625-0400][419.046s][info][gc,metaspace] GC(104) Metaspace: 143370K(145280K)->143370K(145280K) NonClass: 122446K(123520K)->122446K(123520K) Class: 20924K(21760K)->20924K(21760K)
[2026-09-05T21:19:07.625-0400][419.046s][info][gc          ] GC(104) Pause Young (Concurrent Start) (G1 Evacuation Pause) 1688M->1258M(2150M) 25.265ms
[2026-09-05T21:19:07.625-0400][419.046s][info][gc,cpu      ] GC(104) User=0.12s Sys=0.27s Real=0.03s
[2026-09-05T21:19:07.625-0400][419.046s][info][gc          ] GC(105) Concurrent Mark Cycle
[2026-09-05T21:19:07.625-0400][419.046s][info][gc,marking  ] GC(105) Concurrent Clear Claimed Marks
[2026-09-05T21:19:07.626-0400][419.046s][info][gc,marking  ] GC(105) Concurrent Clear Claimed Marks 0.186ms
[2026-09-05T21:19:07.626-0400][419.046s][info][gc,marking  ] GC(105) Concurrent Scan Root Regions
[2026-09-05T21:19:07.638-0400][419.059s][info][gc,marking  ] GC(105) Concurrent Scan Root Regions 12.680ms
[2026-09-05T21:19:07.638-0400][419.059s][info][gc,marking  ] GC(105) Concurrent Mark
[2026-09-05T21:19:07.638-0400][419.059s][info][gc,marking  ] GC(105) Concurrent Mark From Roots
[2026-09-05T21:19:07.638-0400][419.059s][info][gc,task     ] GC(105) Using 6 workers of 6 for marking
[2026-09-05T21:19:07.740-0400][419.161s][info][gc,marking  ] GC(105) Concurrent Mark From Roots 102.436ms
[2026-09-05T21:19:07.740-0400][419.161s][info][gc,marking  ] GC(105) Concurrent Preclean
[2026-09-05T21:19:07.742-0400][419.162s][info][gc,marking  ] GC(105) Concurrent Preclean 0.598ms
[2026-09-05T21:19:07.742-0400][419.162s][info][gc,start    ] GC(105) Pause Remark
[2026-09-05T21:19:07.749-0400][419.170s][info][gc          ] GC(105) Pause Remark 1302M->1300M(2170M) 7.748ms
[2026-09-05T21:19:07.749-0400][419.170s][info][gc,cpu      ] GC(105) User=0.00s Sys=0.00s Real=0.01s
[2026-09-05T21:19:07.749-0400][419.170s][info][gc,marking  ] GC(105) Concurrent Mark 111.108ms
[2026-09-05T21:19:07.749-0400][419.170s][info][gc,marking  ] GC(105) Concurrent Rebuild Remembered Sets
[2026-09-05T21:19:07.816-0400][419.236s][info][gc,marking  ] GC(105) Concurrent Rebuild Remembered Sets 66.376ms
[2026-09-05T21:19:07.816-0400][419.237s][info][gc,start    ] GC(105) Pause Cleanup
[2026-09-05T21:19:07.816-0400][419.237s][info][gc          ] GC(105) Pause Cleanup 1342M->1342M(2170M) 0.516ms
[2026-09-05T21:19:07.816-0400][419.237s][info][gc,cpu      ] GC(105) User=0.00s Sys=0.00s Real=0.00s
[2026-09-05T21:19:07.816-0400][419.237s][info][gc,marking  ] GC(105) Concurrent Cleanup for Next Mark
[2026-09-05T21:19:07.819-0400][419.240s][info][gc,marking  ] GC(105) Concurrent Cleanup for Next Mark 2.928ms
[2026-09-05T21:19:07.819-0400][419.240s][info][gc          ] GC(105) Concurrent Mark Cycle 194.279ms
[2026-09-05T21:19:08.619-0400][420.039s][info][gc,start    ] GC(106) Pause Young (Prepare Mixed) (G1 Evacuation Pause)
[2026-09-05T21:19:08.619-0400][420.039s][info][gc,task     ] GC(106) Using 23 workers of 23 for evacuation
[2026-09-05T21:19:08.633-0400][420.053s][info][gc,phases   ] GC(106)   Pre Evacuate Collection Set: 0.12ms
[2026-09-05T21:19:08.633-0400][420.053s][info][gc,phases   ] GC(106)   Merge Heap Roots: 0.32ms
[2026-09-05T21:19:08.633-0400][420.053s][info][gc,phases   ] GC(106)   Evacuate Collection Set: 12.48ms
[2026-09-05T21:19:08.633-0400][420.053s][info][gc,phases   ] GC(106)   Post Evacuate Collection Set: 0.66ms
[2026-09-05T21:19:08.633-0400][420.053s][info][gc,phases   ] GC(106)   Other: 0.24ms
[2026-09-05T21:19:08.633-0400][420.053s][info][gc,heap     ] GC(106) Eden regions: 232->0(22)
[2026-09-05T21:19:08.633-0400][420.053s][info][gc,heap     ] GC(106) Survivor regions: 28->32(33)
[2026-09-05T21:19:08.633-0400][420.053s][info][gc,heap     ] GC(106) Old regions: 585->614
[2026-09-05T21:19:08.633-0400][420.053s][info][gc,heap     ] GC(106) Archive regions: 0->0
[2026-09-05T21:19:08.633-0400][420.053s][info][gc,heap     ] GC(106) Humongous regions: 16->16
[2026-09-05T21:19:08.633-0400][420.053s][info][gc,metaspace] GC(106) Metaspace: 143640K(145536K)->143640K(145536K) NonClass: 122688K(123712K)->122688K(123712K) Class: 20951K(21824K)->20951K(21824K)
[2026-09-05T21:19:08.633-0400][420.053s][info][gc          ] GC(106) Pause Young (Prepare Mixed) (G1 Evacuation Pause) 1722M->1322M(2170M) 14.054ms
[2026-09-05T21:19:08.633-0400][420.053s][info][gc,cpu      ] GC(106) User=0.17s Sys=0.22s Real=0.01s
[2026-09-05T21:19:08.643-0400][420.063s][info][gc,start    ] GC(107) Pause Young (Mixed) (G1 Evacuation Pause)
[2026-09-05T21:19:08.643-0400][420.063s][info][gc,task     ] GC(107) Using 23 workers of 23 for evacuation
[2026-09-05T21:19:08.654-0400][420.074s][info][gc,phases   ] GC(107)   Pre Evacuate Collection Set: 0.17ms
[2026-09-05T21:19:08.654-0400][420.074s][info][gc,phases   ] GC(107)   Merge Heap Roots: 0.21ms
[2026-09-05T21:19:08.654-0400][420.074s][info][gc,phases   ] GC(107)   Evacuate Collection Set: 9.75ms
[2026-09-05T21:19:08.654-0400][420.074s][info][gc,phases   ] GC(107)   Post Evacuate Collection Set: 0.63ms
[2026-09-05T21:19:08.654-0400][420.074s][info][gc,phases   ] GC(107)   Other: 0.25ms
[2026-09-05T21:19:08.654-0400][420.074s][info][gc,heap     ] GC(107) Eden regions: 22->0(49)
[2026-09-05T21:19:08.654-0400][420.074s][info][gc,heap     ] GC(107) Survivor regions: 32->5(7)
[2026-09-05T21:19:08.654-0400][420.074s][info][gc,heap     ] GC(107) Old regions: 614->543
[2026-09-05T21:19:08.654-0400][420.074s][info][gc,heap     ] GC(107) Archive regions: 0->0
[2026-09-05T21:19:08.654-0400][420.074s][info][gc,heap     ] GC(107) Humongous regions: 16->16
[2026-09-05T21:19:08.654-0400][420.074s][info][gc,metaspace] GC(107) Metaspace: 143642K(145536K)->143642K(145536K) NonClass: 122691K(123712K)->122691K(123712K) Class: 20951K(21824K)->20951K(21824K)
[2026-09-05T21:19:08.654-0400][420.075s][info][gc          ] GC(107) Pause Young (Mixed) (G1 Evacuation Pause) 1366M->1127M(2170M) 11.186ms
[2026-09-05T21:19:08.654-0400][420.075s][info][gc,cpu      ] GC(107) User=0.27s Sys=0.08s Real=0.01s
[2026-09-05T21:19:08.676-0400][420.096s][info][gc,start    ] GC(108) Pause Young (Mixed) (G1 Evacuation Pause)
[2026-09-05T21:19:08.676-0400][420.096s][info][gc,task     ] GC(108) Using 23 workers of 23 for evacuation
[2026-09-05T21:19:08.684-0400][420.105s][info][gc,phases   ] GC(108)   Pre Evacuate Collection Set: 0.16ms
[2026-09-05T21:19:08.685-0400][420.105s][info][gc,phases   ] GC(108)   Merge Heap Roots: 0.32ms
[2026-09-05T21:19:08.685-0400][420.105s][info][gc,phases   ] GC(108)   Evacuate Collection Set: 7.20ms
[2026-09-05T21:19:08.685-0400][420.105s][info][gc,phases   ] GC(108)   Post Evacuate Collection Set: 0.58ms
[2026-09-05T21:19:08.685-0400][420.105s][info][gc,phases   ] GC(108)   Other: 0.17ms
[2026-09-05T21:19:08.685-0400][420.105s][info][gc,heap     ] GC(108) Eden regions: 49->0(52)
[2026-09-05T21:19:08.685-0400][420.105s][info][gc,heap     ] GC(108) Survivor regions: 5->2(7)
[2026-09-05T21:19:08.685-0400][420.105s][info][gc,heap     ] GC(108) Old regions: 543->451
[2026-09-05T21:19:08.685-0400][420.105s][info][gc,heap     ] GC(108) Archive regions: 0->0
[2026-09-05T21:19:08.685-0400][420.105s][info][gc,heap     ] GC(108) Humongous regions: 16->16
[2026-09-05T21:19:08.685-0400][420.105s][info][gc,metaspace] GC(108) Metaspace: 143649K(145536K)->143649K(145536K) NonClass: 122698K(123712K)->122698K(123712K) Class: 20951K(21824K)->20951K(21824K)
[2026-09-05T21:19:08.685-0400][420.105s][info][gc          ] GC(108) Pause Young (Mixed) (G1 Evacuation Pause) 1225M->935M(2170M) 8.544ms
[2026-09-05T21:19:08.685-0400][420.105s][info][gc,cpu      ] GC(108) User=0.23s Sys=0.12s Real=0.01s
[2026-09-05T21:19:08.706-0400][420.126s][info][gc,start    ] GC(109) Pause Young (Mixed) (GCLocker Initiated GC)
[2026-09-05T21:19:08.706-0400][420.126s][info][gc,task     ] GC(109) Using 23 workers of 23 for evacuation
[2026-09-05T21:19:08.710-0400][420.131s][info][gc,phases   ] GC(109)   Pre Evacuate Collection Set: 0.14ms
[2026-09-05T21:19:08.710-0400][420.131s][info][gc,phases   ] GC(109)   Merge Heap Roots: 0.14ms
[2026-09-05T21:19:08.710-0400][420.131s][info][gc,phases   ] GC(109)   Evacuate Collection Set: 3.76ms
[2026-09-05T21:19:08.710-0400][420.131s][info][gc,phases   ] GC(109)   Post Evacuate Collection Set: 0.96ms
[2026-09-05T21:19:08.710-0400][420.131s][info][gc,phases   ] GC(109)   Other: 0.22ms
[2026-09-05T21:19:08.710-0400][420.132s][info][gc,heap     ] GC(109) Eden regions: 52->0(368)
[2026-09-05T21:19:08.710-0400][420.132s][info][gc,heap     ] GC(109) Survivor regions: 2->4(7)
[2026-09-05T21:19:08.710-0400][420.132s][info][gc,heap     ] GC(109) Old regions: 451->425
[2026-09-05T21:19:08.710-0400][420.132s][info][gc,heap     ] GC(109) Archive regions: 0->0
[2026-09-05T21:19:08.710-0400][420.132s][info][gc,heap     ] GC(109) Humongous regions: 16->16
[2026-09-05T21:19:08.712-0400][420.132s][info][gc,metaspace] GC(109) Metaspace: 143655K(145536K)->143655K(145536K) NonClass: 122703K(123712K)->122703K(123712K) Class: 20952K(21824K)->20952K(21824K)
[2026-09-05T21:19:08.712-0400][420.132s][info][gc          ] GC(109) Pause Young (Mixed) (GCLocker Initiated GC) 1039M->889M(2170M) 5.438ms
[2026-09-05T21:19:08.712-0400][420.132s][info][gc,cpu      ] GC(109) User=0.39s Sys=0.02s Real=0.01s
[2026-09-05T21:19:09.059-0400][420.479s][info][gc,start    ] GC(110) Pause Young (Normal) (GCLocker Initiated GC)
[2026-09-05T21:19:09.059-0400][420.479s][info][gc,task     ] GC(110) Using 23 workers of 23 for evacuation
[2026-09-05T21:19:09.068-0400][420.488s][info][gc,phases   ] GC(110)   Pre Evacuate Collection Set: 0.14ms
[2026-09-05T21:19:09.068-0400][420.489s][info][gc,phases   ] GC(110)   Merge Heap Roots: 0.18ms
[2026-09-05T21:19:09.069-0400][420.489s][info][gc,phases   ] GC(110)   Evacuate Collection Set: 4.93ms
[2026-09-05T21:19:09.069-0400][420.489s][info][gc,phases   ] GC(110)   Post Evacuate Collection Set: 3.62ms
[2026-09-05T21:19:09.069-0400][420.489s][info][gc,phases   ] GC(110)   Other: 0.26ms
[2026-09-05T21:19:09.069-0400][420.489s][info][gc,heap     ] GC(110) Eden regions: 368->0(597)
[2026-09-05T21:19:09.069-0400][420.489s][info][gc,heap     ] GC(110) Survivor regions: 4->18(47)
[2026-09-05T21:19:09.069-0400][420.489s][info][gc,heap     ] GC(110) Old regions: 425->425
[2026-09-05T21:19:09.069-0400][420.489s][info][gc,heap     ] GC(110) Archive regions: 0->0
[2026-09-05T21:19:09.069-0400][420.489s][info][gc,heap     ] GC(110) Humongous regions: 16->16
[2026-09-05T21:19:09.069-0400][420.489s][info][gc,metaspace] GC(110) Metaspace: 144056K(145920K)->144056K(145920K) NonClass: 123054K(124096K)->123054K(124096K) Class: 21002K(21824K)->21002K(21824K)
[2026-09-05T21:19:09.069-0400][420.489s][info][gc          ] GC(110) Pause Young (Normal) (GCLocker Initiated GC) 1625M->917M(2762M) 9.233ms
[2026-09-05T21:19:09.069-0400][420.489s][info][gc,cpu      ] GC(110) User=0.05s Sys=0.00s Real=0.01s
[2026-09-05T21:19:09.934-0400][421.355s][info][gc,start    ] GC(111) Pause Young (Normal) (G1 Evacuation Pause)
[2026-09-05T21:19:09.935-0400][421.355s][info][gc,task     ] GC(111) Using 23 workers of 23 for evacuation
[2026-09-05T21:19:09.942-0400][421.362s][info][gc,phases   ] GC(111)   Pre Evacuate Collection Set: 0.16ms
[2026-09-05T21:19:09.942-0400][421.362s][info][gc,phases   ] GC(111)   Merge Heap Roots: 0.22ms
[2026-09-05T21:19:09.942-0400][421.362s][info][gc,phases   ] GC(111)   Evacuate Collection Set: 5.73ms
[2026-09-05T21:19:09.942-0400][421.362s][info][gc,phases   ] GC(111)   Post Evacuate Collection Set: 0.78ms
[2026-09-05T21:19:09.942-0400][421.362s][info][gc,phases   ] GC(111)   Other: 0.32ms
[2026-09-05T21:19:09.942-0400][421.362s][info][gc,heap     ] GC(111) Eden regions: 597->0(625)
[2026-09-05T21:19:09.942-0400][421.362s][info][gc,heap     ] GC(111) Survivor regions: 18->27(77)
[2026-09-05T21:19:09.942-0400][421.362s][info][gc,heap     ] GC(111) Old regions: 425->425
[2026-09-05T21:19:09.942-0400][421.362s][info][gc,heap     ] GC(111) Archive regions: 0->0
[2026-09-05T21:19:09.942-0400][421.362s][info][gc,heap     ] GC(111) Humongous regions: 16->16
[2026-09-05T21:19:09.942-0400][421.362s][info][gc,metaspace] GC(111) Metaspace: 144979K(146880K)->144979K(146880K) NonClass: 123920K(124992K)->123920K(124992K) Class: 21059K(21888K)->21059K(21888K)
[2026-09-05T21:19:09.942-0400][421.362s][info][gc          ] GC(111) Pause Young (Normal) (G1 Evacuation Pause) 2111M->935M(2762M) 7.437ms
[2026-09-05T21:19:09.942-0400][421.362s][info][gc,cpu      ] GC(111) User=0.00s Sys=0.00s Real=0.01s
[2026-09-05T21:19:10.878-0400][422.298s][info][gc,start    ] GC(112) Pause Young (Normal) (G1 Evacuation Pause)
[2026-09-05T21:19:10.878-0400][422.298s][info][gc,task     ] GC(112) Using 23 workers of 23 for evacuation
[2026-09-05T21:19:10.885-0400][422.305s][info][gc,phases   ] GC(112)   Pre Evacuate Collection Set: 0.15ms
[2026-09-05T21:19:10.885-0400][422.306s][info][gc,phases   ] GC(112)   Merge Heap Roots: 0.21ms
[2026-09-05T21:19:10.885-0400][422.306s][info][gc,phases   ] GC(112)   Evacuate Collection Set: 5.92ms
[2026-09-05T21:19:10.885-0400][422.306s][info][gc,phases   ] GC(112)   Post Evacuate Collection Set: 0.82ms
[2026-09-05T21:19:10.885-0400][422.306s][info][gc,phases   ] GC(112)   Other: 0.27ms
[2026-09-05T21:19:10.885-0400][422.306s][info][gc,heap     ] GC(112) Eden regions: 625->0(644)
[2026-09-05T21:19:10.885-0400][422.306s][info][gc,heap     ] GC(112) Survivor regions: 27->35(82)
[2026-09-05T21:19:10.885-0400][422.306s][info][gc,heap     ] GC(112) Old regions: 425->425
[2026-09-05T21:19:10.885-0400][422.306s][info][gc,heap     ] GC(112) Archive regions: 0->0
[2026-09-05T21:19:10.885-0400][422.306s][info][gc,heap     ] GC(112) Humongous regions: 16->16
[2026-09-05T21:19:10.885-0400][422.306s][info][gc,metaspace] GC(112) Metaspace: 145562K(147456K)->145562K(147456K) NonClass: 124492K(125568K)->124492K(125568K) Class: 21069K(21888K)->21069K(21888K)
[2026-09-05T21:19:10.885-0400][422.306s][info][gc          ] GC(112) Pause Young (Normal) (G1 Evacuation Pause) 2185M->951M(2762M) 7.581ms
[2026-09-05T21:19:10.885-0400][422.306s][info][gc,cpu      ] GC(112) User=0.36s Sys=0.00s Real=0.01s
[2026-09-05T21:19:11.660-0400][423.080s][info][gc,start    ] GC(113) Pause Young (Normal) (GCLocker Initiated GC)
[2026-09-05T21:19:11.660-0400][423.080s][info][gc,task     ] GC(113) Using 23 workers of 23 for evacuation
[2026-09-05T21:19:11.668-0400][423.088s][info][gc,phases   ] GC(113)   Pre Evacuate Collection Set: 0.17ms
[2026-09-05T21:19:11.668-0400][423.088s][info][gc,phases   ] GC(113)   Merge Heap Roots: 0.18ms
[2026-09-05T21:19:11.668-0400][423.088s][info][gc,phases   ] GC(113)   Evacuate Collection Set: 6.13ms
[2026-09-05T21:19:11.668-0400][423.088s][info][gc,phases   ] GC(113)   Post Evacuate Collection Set: 0.79ms
[2026-09-05T21:19:11.668-0400][423.088s][info][gc,phases   ] GC(113)   Other: 0.21ms
[2026-09-05T21:19:11.668-0400][423.088s][info][gc,heap     ] GC(113) Eden regions: 644->0(659)
[2026-09-05T21:19:11.668-0400][423.088s][info][gc,heap     ] GC(113) Survivor regions: 35->39(85)
[2026-09-05T21:19:11.668-0400][423.088s][info][gc,heap     ] GC(113) Old regions: 425->425
[2026-09-05T21:19:11.668-0400][423.088s][info][gc,heap     ] GC(113) Archive regions: 0->0
[2026-09-05T21:19:11.668-0400][423.088s][info][gc,heap     ] GC(113) Humongous regions: 16->16
[2026-09-05T21:19:11.668-0400][423.088s][info][gc,metaspace] GC(113) Metaspace: 145912K(147776K)->145912K(147776K) NonClass: 124839K(125888K)->124839K(125888K) Class: 21073K(21888K)->21073K(21888K)
[2026-09-05T21:19:11.668-0400][423.088s][info][gc          ] GC(113) Pause Young (Normal) (GCLocker Initiated GC) 2239M->959M(2762M) 7.598ms
[2026-09-05T21:19:11.668-0400][423.088s][info][gc,cpu      ] GC(113) User=0.38s Sys=0.05s Real=0.01s
[2026-09-05T21:19:12.003-0400][423.423s][info][gc,start    ] GC(114) Pause Young (Normal) (G1 Evacuation Pause)
[2026-09-05T21:19:12.003-0400][423.423s][info][gc,task     ] GC(114) Using 23 workers of 23 for evacuation
[2026-09-05T21:19:12.012-0400][423.432s][info][gc,phases   ] GC(114)   Pre Evacuate Collection Set: 0.17ms
[2026-09-05T21:19:12.012-0400][423.432s][info][gc,phases   ] GC(114)   Merge Heap Roots: 0.19ms
[2026-09-05T21:19:12.012-0400][423.432s][info][gc,phases   ] GC(114)   Evacuate Collection Set: 7.45ms
[2026-09-05T21:19:12.012-0400][423.432s][info][gc,phases   ] GC(114)   Post Evacuate Collection Set: 0.81ms
[2026-09-05T21:19:12.012-0400][423.432s][info][gc,phases   ] GC(114)   Other: 0.29ms
[2026-09-05T21:19:12.012-0400][423.432s][info][gc,heap     ] GC(114) Eden regions: 659->0(669)
[2026-09-05T21:19:12.012-0400][423.432s][info][gc,heap     ] GC(114) Survivor regions: 39->45(88)
[2026-09-05T21:19:12.012-0400][423.432s][info][gc,heap     ] GC(114) Old regions: 425->425
[2026-09-05T21:19:12.012-0400][423.432s][info][gc,heap     ] GC(114) Archive regions: 0->0
[2026-09-05T21:19:12.012-0400][423.432s][info][gc,heap     ] GC(114) Humongous regions: 16->16
[2026-09-05T21:19:12.012-0400][423.432s][info][gc,metaspace] GC(114) Metaspace: 146013K(147968K)->146013K(147968K) NonClass: 124933K(126016K)->124933K(126016K) Class: 21080K(21952K)->21080K(21952K)
[2026-09-05T21:19:12.012-0400][423.432s][info][gc          ] GC(114) Pause Young (Normal) (G1 Evacuation Pause) 2277M->971M(2762M) 9.035ms
[2026-09-05T21:19:12.012-0400][423.432s][info][gc,cpu      ] GC(114) User=0.42s Sys=0.00s Real=0.01s
[2026-09-05T21:19:12.732-0400][424.152s][info][gc,start    ] GC(115) Pause Young (Normal) (G1 Evacuation Pause)
[2026-09-05T21:19:12.732-0400][424.152s][info][gc,task     ] GC(115) Using 23 workers of 23 for evacuation
[2026-09-05T21:19:12.741-0400][424.162s][info][gc,phases   ] GC(115)   Pre Evacuate Collection Set: 0.14ms
[2026-09-05T21:19:12.741-0400][424.162s][info][gc,phases   ] GC(115)   Merge Heap Roots: 0.22ms
[2026-09-05T21:19:12.741-0400][424.162s][info][gc,phases   ] GC(115)   Evacuate Collection Set: 8.45ms
[2026-09-05T21:19:12.741-0400][424.162s][info][gc,phases   ] GC(115)   Post Evacuate Collection Set: 0.70ms
[2026-09-05T21:19:12.741-0400][424.162s][info][gc,phases   ] GC(115)   Other: 0.24ms
[2026-09-05T21:19:12.741-0400][424.162s][info][gc,heap     ] GC(115) Eden regions: 669->0(674)
[2026-09-05T21:19:12.741-0400][424.162s][info][gc,heap     ] GC(115) Survivor regions: 45->52(90)
[2026-09-05T21:19:12.741-0400][424.162s][info][gc,heap     ] GC(115) Old regions: 425->425
[2026-09-05T21:19:12.741-0400][424.162s][info][gc,heap     ] GC(115) Archive regions: 0->0
[2026-09-05T21:19:12.741-0400][424.162s][info][gc,heap     ] GC(115) Humongous regions: 16->16
[2026-09-05T21:19:12.741-0400][424.162s][info][gc,metaspace] GC(115) Metaspace: 146527K(148416K)->146527K(148416K) NonClass: 125416K(126464K)->125416K(126464K) Class: 21111K(21952K)->21111K(21952K)
[2026-09-05T21:19:12.741-0400][424.162s][info][gc          ] GC(115) Pause Young (Normal) (G1 Evacuation Pause) 2309M->984M(2762M) 9.871ms
[2026-09-05T21:19:12.741-0400][424.162s][info][gc,cpu      ] GC(115) User=0.39s Sys=0.00s Real=0.01s
[2026-09-05T21:19:13.344-0400][424.765s][info][gc,start    ] GC(116) Pause Young (Normal) (G1 Evacuation Pause)
[2026-09-05T21:19:13.344-0400][424.765s][info][gc,task     ] GC(116) Using 23 workers of 23 for evacuation
[2026-09-05T21:19:13.355-0400][424.775s][info][gc,phases   ] GC(116)   Pre Evacuate Collection Set: 0.16ms
[2026-09-05T21:19:13.355-0400][424.775s][info][gc,phases   ] GC(116)   Merge Heap Roots: 0.21ms
[2026-09-05T21:19:13.355-0400][424.775s][info][gc,phases   ] GC(116)   Evacuate Collection Set: 9.06ms
[2026-09-05T21:19:13.355-0400][424.775s][info][gc,phases   ] GC(116)   Post Evacuate Collection Set: 0.85ms
[2026-09-05T21:19:13.355-0400][424.775s][info][gc,phases   ] GC(116)   Other: 0.30ms
[2026-09-05T21:19:13.355-0400][424.775s][info][gc,heap     ] GC(116) Eden regions: 674->0(678)
[2026-09-05T21:19:13.355-0400][424.775s][info][gc,heap     ] GC(116) Survivor regions: 52->53(91)
[2026-09-05T21:19:13.355-0400][424.775s][info][gc,heap     ] GC(116) Old regions: 425->429
[2026-09-05T21:19:13.355-0400][424.775s][info][gc,heap     ] GC(116) Archive regions: 0->0
[2026-09-05T21:19:13.355-0400][424.775s][info][gc,heap     ] GC(116) Humongous regions: 16->16
[2026-09-05T21:19:13.355-0400][424.775s][info][gc,metaspace] GC(116) Metaspace: 146594K(148480K)->146594K(148480K) NonClass: 125482K(126528K)->125482K(126528K) Class: 21112K(21952K)->21112K(21952K)
[2026-09-05T21:19:13.355-0400][424.776s][info][gc          ] GC(116) Pause Young (Normal) (G1 Evacuation Pause) 2332M->995M(2762M) 10.780ms
[2026-09-05T21:19:13.356-0400][424.776s][info][gc,cpu      ] GC(116) User=0.36s Sys=0.02s Real=0.01s
[2026-09-05T21:19:13.628-0400][425.048s][info][gc,start    ] GC(117) Pause Young (Normal) (G1 Evacuation Pause)
[2026-09-05T21:19:13.628-0400][425.048s][info][gc,task     ] GC(117) Using 23 workers of 23 for evacuation
[2026-09-05T21:19:13.638-0400][425.058s][info][gc,phases   ] GC(117)   Pre Evacuate Collection Set: 0.11ms
[2026-09-05T21:19:13.638-0400][425.058s][info][gc,phases   ] GC(117)   Merge Heap Roots: 0.28ms
[2026-09-05T21:19:13.638-0400][425.058s][info][gc,phases   ] GC(117)   Evacuate Collection Set: 8.38ms
[2026-09-05T21:19:13.638-0400][425.058s][info][gc,phases   ] GC(117)   Post Evacuate Collection Set: 0.77ms
[2026-09-05T21:19:13.638-0400][425.058s][info][gc,phases   ] GC(117)   Other: 0.18ms
[2026-09-05T21:19:13.638-0400][425.058s][info][gc,heap     ] GC(117) Eden regions: 678->0(686)
[2026-09-05T21:19:13.638-0400][425.058s][info][gc,heap     ] GC(117) Survivor regions: 53->45(92)
[2026-09-05T21:19:13.638-0400][425.058s][info][gc,heap     ] GC(117) Old regions: 429->441
[2026-09-05T21:19:13.638-0400][425.058s][info][gc,heap     ] GC(117) Archive regions: 0->0
[2026-09-05T21:19:13.638-0400][425.058s][info][gc,heap     ] GC(117) Humongous regions: 16->16
[2026-09-05T21:19:13.638-0400][425.058s][info][gc,metaspace] GC(117) Metaspace: 146609K(148480K)->146609K(148480K) NonClass: 125497K(126528K)->125497K(126528K) Class: 21112K(21952K)->21112K(21952K)
[2026-09-05T21:19:13.638-0400][425.058s][info][gc          ] GC(117) Pause Young (Normal) (G1 Evacuation Pause) 2351M->1003M(2762M) 9.857ms
[2026-09-05T21:19:13.638-0400][425.058s][info][gc,cpu      ] GC(117) User=0.36s Sys=0.00s Real=0.01s
[2026-09-05T21:19:14.420-0400][425.841s][info][gc,start    ] GC(118) Pause Young (Normal) (G1 Evacuation Pause)
[2026-09-05T21:19:14.420-0400][425.841s][info][gc,task     ] GC(118) Using 23 workers of 23 for evacuation
[2026-09-05T21:19:14.429-0400][425.850s][info][gc,phases   ] GC(118)   Pre Evacuate Collection Set: 0.18ms
[2026-09-05T21:19:14.429-0400][425.850s][info][gc,phases   ] GC(118)   Merge Heap Roots: 0.21ms
[2026-09-05T21:19:14.429-0400][425.850s][info][gc,phases   ] GC(118)   Evacuate Collection Set: 7.54ms
[2026-09-05T21:19:14.429-0400][425.850s][info][gc,phases   ] GC(118)   Post Evacuate Collection Set: 0.76ms
[2026-09-05T21:19:14.429-0400][425.850s][info][gc,phases   ] GC(118)   Other: 0.30ms
[2026-09-05T21:19:14.429-0400][425.850s][info][gc,heap     ] GC(118) Eden regions: 686->0(688)
[2026-09-05T21:19:14.429-0400][425.850s][info][gc,heap     ] GC(118) Survivor regions: 45->48(92)
[2026-09-05T21:19:14.429-0400][425.850s][info][gc,heap     ] GC(118) Old regions: 441->441
[2026-09-05T21:19:14.429-0400][425.850s][info][gc,heap     ] GC(118) Archive regions: 0->0
[2026-09-05T21:19:14.429-0400][425.850s][info][gc,heap     ] GC(118) Humongous regions: 16->16
[2026-09-05T21:19:14.429-0400][425.850s][info][gc,metaspace] GC(118) Metaspace: 146702K(148608K)->146702K(148608K) NonClass: 125589K(126656K)->125589K(126656K) Class: 21112K(21952K)->21112K(21952K)
[2026-09-05T21:19:14.429-0400][425.850s][info][gc          ] GC(118) Pause Young (Normal) (G1 Evacuation Pause) 2375M->1009M(2762M) 9.124ms
[2026-09-05T21:19:14.429-0400][425.850s][info][gc,cpu      ] GC(118) User=0.38s Sys=0.02s Real=0.01s
[2026-09-05T21:19:15.070-0400][426.491s][info][gc,start    ] GC(119) Pause Young (Normal) (G1 Evacuation Pause)
[2026-09-05T21:19:15.070-0400][426.491s][info][gc,task     ] GC(119) Using 23 workers of 23 for evacuation
[2026-09-05T21:19:15.082-0400][426.502s][info][gc,phases   ] GC(119)   Pre Evacuate Collection Set: 0.17ms
[2026-09-05T21:19:15.082-0400][426.502s][info][gc,phases   ] GC(119)   Merge Heap Roots: 0.22ms
[2026-09-05T21:19:15.082-0400][426.502s][info][gc,phases   ] GC(119)   Evacuate Collection Set: 9.23ms
[2026-09-05T21:19:15.082-0400][426.502s][info][gc,phases   ] GC(119)   Post Evacuate Collection Set: 0.83ms
[2026-09-05T21:19:15.082-0400][426.502s][info][gc,phases   ] GC(119)   Other: 0.26ms
[2026-09-05T21:19:15.082-0400][426.502s][info][gc,heap     ] GC(119) Eden regions: 688->0(669)
[2026-09-05T21:19:15.082-0400][426.502s][info][gc,heap     ] GC(119) Survivor regions: 48->58(92)
[2026-09-05T21:19:15.082-0400][426.502s][info][gc,heap     ] GC(119) Old regions: 441->441
[2026-09-05T21:19:15.082-0400][426.502s][info][gc,heap     ] GC(119) Archive regions: 0->0
[2026-09-05T21:19:15.082-0400][426.502s][info][gc,heap     ] GC(119) Humongous regions: 16->16
[2026-09-05T21:19:15.082-0400][426.502s][info][gc,metaspace] GC(119) Metaspace: 146814K(148672K)->146814K(148672K) NonClass: 125701K(126720K)->125701K(126720K) Class: 21112K(21952K)->21112K(21952K)
[2026-09-05T21:19:15.082-0400][426.502s][info][gc          ] GC(119) Pause Young (Normal) (G1 Evacuation Pause) 2385M->1028M(2762M) 10.857ms
[2026-09-05T21:19:15.082-0400][426.502s][info][gc,cpu      ] GC(119) User=0.00s Sys=0.00s Real=0.01s
[2026-09-05T21:19:16.028-0400][427.449s][info][gc,start    ] GC(120) Pause Young (Normal) (G1 Evacuation Pause)
[2026-09-05T21:19:16.028-0400][427.449s][info][gc,task     ] GC(120) Using 23 workers of 23 for evacuation
[2026-09-05T21:19:16.039-0400][427.460s][info][gc,phases   ] GC(120)   Pre Evacuate Collection Set: 0.16ms
[2026-09-05T21:19:16.039-0400][427.460s][info][gc,phases   ] GC(120)   Merge Heap Roots: 0.23ms
[2026-09-05T21:19:16.039-0400][427.460s][info][gc,phases   ] GC(120)   Evacuate Collection Set: 9.59ms
[2026-09-05T21:19:16.039-0400][427.460s][info][gc,phases   ] GC(120)   Post Evacuate Collection Set: 0.96ms
[2026-09-05T21:19:16.039-0400][427.460s][info][gc,phases   ] GC(120)   Other: 0.22ms
[2026-09-05T21:19:16.039-0400][427.460s][info][gc,heap     ] GC(120) Eden regions: 669->0(669)
[2026-09-05T21:19:16.039-0400][427.460s][info][gc,heap     ] GC(120) Survivor regions: 58->54(91)
[2026-09-05T21:19:16.039-0400][427.460s][info][gc,heap     ] GC(120) Old regions: 441->449
[2026-09-05T21:19:16.039-0400][427.460s][info][gc,heap     ] GC(120) Archive regions: 0->0
[2026-09-05T21:19:16.039-0400][427.460s][info][gc,heap     ] GC(120) Humongous regions: 16->16
[2026-09-05T21:19:16.039-0400][427.460s][info][gc,metaspace] GC(120) Metaspace: 147743K(149760K)->147743K(149760K) NonClass: 126459K(127616K)->126459K(127616K) Class: 21283K(22144K)->21283K(22144K)
[2026-09-05T21:19:16.039-0400][427.460s][info][gc          ] GC(120) Pause Young (Normal) (G1 Evacuation Pause) 2366M->1035M(2762M) 11.296ms
[2026-09-05T21:19:16.039-0400][427.460s][info][gc,cpu      ] GC(120) User=0.39s Sys=0.02s Real=0.01s
[2026-09-05T21:19:16.807-0400][428.227s][info][gc,start    ] GC(121) Pause Young (Normal) (G1 Evacuation Pause)
[2026-09-05T21:19:16.807-0400][428.227s][info][gc,task     ] GC(121) Using 23 workers of 23 for evacuation
[2026-09-05T21:19:16.816-0400][428.236s][info][gc,phases   ] GC(121)   Pre Evacuate Collection Set: 0.17ms
[2026-09-05T21:19:16.816-0400][428.236s][info][gc,phases   ] GC(121)   Merge Heap Roots: 0.15ms
[2026-09-05T21:19:16.816-0400][428.236s][info][gc,phases   ] GC(121)   Evacuate Collection Set: 7.84ms
[2026-09-05T21:19:16.816-0400][428.236s][info][gc,phases   ] GC(121)   Post Evacuate Collection Set: 0.76ms
[2026-09-05T21:19:16.816-0400][428.236s][info][gc,phases   ] GC(121)   Other: 0.23ms
[2026-09-05T21:19:16.816-0400][428.236s][info][gc,heap     ] GC(121) Eden regions: 669->0(668)
[2026-09-05T21:19:16.816-0400][428.236s][info][gc,heap     ] GC(121) Survivor regions: 54->52(91)
[2026-09-05T21:19:16.816-0400][428.236s][info][gc,heap     ] GC(121) Old regions: 449->454
[2026-09-05T21:19:16.816-0400][428.236s][info][gc,heap     ] GC(121) Archive regions: 0->0
[2026-09-05T21:19:16.816-0400][428.236s][info][gc,heap     ] GC(121) Humongous regions: 16->16
[2026-09-05T21:19:16.816-0400][428.236s][info][gc,metaspace] GC(121) Metaspace: 147767K(149760K)->147767K(149760K) NonClass: 126483K(127616K)->126483K(127616K) Class: 21283K(22144K)->21283K(22144K)
[2026-09-05T21:19:16.816-0400][428.236s][info][gc          ] GC(121) Pause Young (Normal) (G1 Evacuation Pause) 2373M->1043M(2762M) 9.278ms
[2026-09-05T21:19:16.816-0400][428.236s][info][gc,cpu      ] GC(121) User=0.00s Sys=0.00s Real=0.01s
[2026-09-05T21:19:17.299-0400][428.720s][info][gc,start    ] GC(122) Pause Young (Normal) (G1 Evacuation Pause)
[2026-09-05T21:19:17.299-0400][428.720s][info][gc,task     ] GC(122) Using 23 workers of 23 for evacuation
[2026-09-05T21:19:17.310-0400][428.730s][info][gc,phases   ] GC(122)   Pre Evacuate Collection Set: 0.26ms
[2026-09-05T21:19:17.310-0400][428.730s][info][gc,phases   ] GC(122)   Merge Heap Roots: 0.21ms
[2026-09-05T21:19:17.310-0400][428.730s][info][gc,phases   ] GC(122)   Evacuate Collection Set: 8.19ms
[2026-09-05T21:19:17.310-0400][428.730s][info][gc,phases   ] GC(122)   Post Evacuate Collection Set: 0.70ms
[2026-09-05T21:19:17.310-0400][428.730s][info][gc,phases   ] GC(122)   Other: 0.19ms
[2026-09-05T21:19:17.310-0400][428.730s][info][gc,heap     ] GC(122) Eden regions: 668->0(664)
[2026-09-05T21:19:17.310-0400][428.730s][info][gc,heap     ] GC(122) Survivor regions: 52->51(90)
[2026-09-05T21:19:17.310-0400][428.730s][info][gc,heap     ] GC(122) Old regions: 454->460
[2026-09-05T21:19:17.310-0400][428.730s][info][gc,heap     ] GC(122) Archive regions: 0->0
[2026-09-05T21:19:17.310-0400][428.730s][info][gc,heap     ] GC(122) Humongous regions: 16->16
[2026-09-05T21:19:17.310-0400][428.730s][info][gc,metaspace] GC(122) Metaspace: 147791K(149760K)->147791K(149760K) NonClass: 126507K(127616K)->126507K(127616K) Class: 21283K(22144K)->21283K(22144K)
[2026-09-05T21:19:17.310-0400][428.730s][info][gc          ] GC(122) Pause Young (Normal) (G1 Evacuation Pause) 2379M->1052M(2762M) 9.673ms
[2026-09-05T21:19:17.310-0400][428.730s][info][gc,cpu      ] GC(122) User=0.36s Sys=0.02s Real=0.01s
[2026-09-05T21:19:18.149-0400][429.570s][info][gc,start    ] GC(123) Pause Young (Normal) (G1 Evacuation Pause)
[2026-09-05T21:19:18.149-0400][429.570s][info][gc,task     ] GC(123) Using 23 workers of 23 for evacuation
[2026-09-05T21:19:18.159-0400][429.579s][info][gc,phases   ] GC(123)   Pre Evacuate Collection Set: 0.16ms
[2026-09-05T21:19:18.159-0400][429.579s][info][gc,phases   ] GC(123)   Merge Heap Roots: 0.16ms
[2026-09-05T21:19:18.159-0400][429.579s][info][gc,phases   ] GC(123)   Evacuate Collection Set: 8.25ms
[2026-09-05T21:19:18.159-0400][429.579s][info][gc,phases   ] GC(123)   Post Evacuate Collection Set: 0.88ms
[2026-09-05T21:19:18.159-0400][429.579s][info][gc,phases   ] GC(123)   Other: 0.22ms
[2026-09-05T21:19:18.159-0400][429.579s][info][gc,heap     ] GC(123) Eden regions: 664->0(659)
[2026-09-05T21:19:18.159-0400][429.579s][info][gc,heap     ] GC(123) Survivor regions: 51->51(90)
[2026-09-05T21:19:18.159-0400][429.579s][info][gc,heap     ] GC(123) Old regions: 460->465
[2026-09-05T21:19:18.159-0400][429.579s][info][gc,heap     ] GC(123) Archive regions: 0->0
[2026-09-05T21:19:18.159-0400][429.579s][info][gc,heap     ] GC(123) Humongous regions: 16->16
[2026-09-05T21:19:18.159-0400][429.579s][info][gc,metaspace] GC(123) Metaspace: 147885K(149888K)->147885K(149888K) NonClass: 126601K(127744K)->126601K(127744K) Class: 21284K(22144K)->21284K(22144K)
[2026-09-05T21:19:18.159-0400][429.579s][info][gc          ] GC(123) Pause Young (Normal) (G1 Evacuation Pause) 2380M->1061M(2762M) 9.826ms
[2026-09-05T21:19:18.159-0400][429.579s][info][gc,cpu      ] GC(123) User=0.00s Sys=0.00s Real=0.01s
[2026-09-05T21:19:22.782-0400][434.202s][info][gc,start    ] GC(124) Pause Young (Normal) (G1 Evacuation Pause)
[2026-09-05T21:19:22.782-0400][434.202s][info][gc,task     ] GC(124) Using 23 workers of 23 for evacuation
[2026-09-05T21:19:22.791-0400][434.211s][info][gc,phases   ] GC(124)   Pre Evacuate Collection Set: 0.16ms
[2026-09-05T21:19:22.791-0400][434.211s][info][gc,phases   ] GC(124)   Merge Heap Roots: 0.18ms
[2026-09-05T21:19:22.791-0400][434.211s][info][gc,phases   ] GC(124)   Evacuate Collection Set: 7.42ms
[2026-09-05T21:19:22.791-0400][434.211s][info][gc,phases   ] GC(124)   Post Evacuate Collection Set: 1.02ms
[2026-09-05T21:19:22.791-0400][434.211s][info][gc,phases   ] GC(124)   Other: 0.16ms
[2026-09-05T21:19:22.791-0400][434.211s][info][gc,heap     ] GC(124) Eden regions: 659->0(662)
[2026-09-05T21:19:22.791-0400][434.211s][info][gc,heap     ] GC(124) Survivor regions: 51->47(89)
[2026-09-05T21:19:22.791-0400][434.211s][info][gc,heap     ] GC(124) Old regions: 465->470
[2026-09-05T21:19:22.791-0400][434.211s][info][gc,heap     ] GC(124) Archive regions: 0->0
[2026-09-05T21:19:22.791-0400][434.211s][info][gc,heap     ] GC(124) Humongous regions: 16->16
[2026-09-05T21:19:22.791-0400][434.211s][info][gc,metaspace] GC(124) Metaspace: 148368K(150400K)->148368K(150400K) NonClass: 127079K(128192K)->127079K(128192K) Class: 21288K(22208K)->21288K(22208K)
[2026-09-05T21:19:22.791-0400][434.211s][info][gc          ] GC(124) Pause Young (Normal) (G1 Evacuation Pause) 2379M->1065M(2762M) 9.065ms
[2026-09-05T21:19:22.791-0400][434.211s][info][gc,cpu      ] GC(124) User=0.34s Sys=0.02s Real=0.01s
[2026-09-05T21:19:31.635-0400][443.055s][info][gc,start    ] GC(125) Pause Young (Normal) (GCLocker Initiated GC)
[2026-09-05T21:19:31.635-0400][443.055s][info][gc,task     ] GC(125) Using 23 workers of 23 for evacuation
[2026-09-05T21:19:31.643-0400][443.063s][info][gc,phases   ] GC(125)   Pre Evacuate Collection Set: 0.23ms
[2026-09-05T21:19:31.643-0400][443.063s][info][gc,phases   ] GC(125)   Merge Heap Roots: 0.26ms
[2026-09-05T21:19:31.643-0400][443.063s][info][gc,phases   ] GC(125)   Evacuate Collection Set: 6.58ms
[2026-09-05T21:19:31.643-0400][443.063s][info][gc,phases   ] GC(125)   Post Evacuate Collection Set: 1.02ms
[2026-09-05T21:19:31.643-0400][443.063s][info][gc,phases   ] GC(125)   Other: 0.14ms
[2026-09-05T21:19:31.643-0400][443.063s][info][gc,heap     ] GC(125) Eden regions: 663->0(652)
[2026-09-05T21:19:31.643-0400][443.063s][info][gc,heap     ] GC(125) Survivor regions: 47->48(89)
[2026-09-05T21:19:31.643-0400][443.063s][info][gc,heap     ] GC(125) Old regions: 470->470
[2026-09-05T21:19:31.643-0400][443.063s][info][gc,heap     ] GC(125) Archive regions: 0->0
[2026-09-05T21:19:31.643-0400][443.063s][info][gc,heap     ] GC(125) Humongous regions: 36->24
[2026-09-05T21:19:31.643-0400][443.063s][info][gc,metaspace] GC(125) Metaspace: 150679K(152896K)->150679K(152896K) NonClass: 129178K(130368K)->129178K(130368K) Class: 21500K(22528K)->21500K(22528K)
[2026-09-05T21:19:31.643-0400][443.063s][info][gc          ] GC(125) Pause Young (Normal) (GCLocker Initiated GC) 2430M->1082M(2762M) 8.354ms
[2026-09-05T21:19:31.643-0400][443.063s][info][gc,cpu      ] GC(125) User=0.00s Sys=0.00s Real=0.01s
[2026-09-05T21:19:42.250-0400][453.670s][info][gc,start    ] GC(126) Pause Young (Concurrent Start) (G1 Humongous Allocation)
[2026-09-05T21:19:42.251-0400][453.670s][info][gc,task     ] GC(126) Using 23 workers of 23 for evacuation
[2026-09-05T21:19:42.259-0400][453.678s][info][gc,phases   ] GC(126)   Pre Evacuate Collection Set: 0.35ms
[2026-09-05T21:19:42.259-0400][453.678s][info][gc,phases   ] GC(126)   Merge Heap Roots: 0.26ms
[2026-09-05T21:19:42.259-0400][453.678s][info][gc,phases   ] GC(126)   Evacuate Collection Set: 6.31ms
[2026-09-05T21:19:42.259-0400][453.678s][info][gc,phases   ] GC(126)   Post Evacuate Collection Set: 0.99ms
[2026-09-05T21:19:42.259-0400][453.679s][info][gc,phases   ] GC(126)   Other: 0.21ms
[2026-09-05T21:19:42.259-0400][453.679s][info][gc,heap     ] GC(126) Eden regions: 584->0(654)
[2026-09-05T21:19:42.259-0400][453.679s][info][gc,heap     ] GC(126) Survivor regions: 48->47(88)
[2026-09-05T21:19:42.259-0400][453.679s][info][gc,heap     ] GC(126) Old regions: 470->470
[2026-09-05T21:19:42.259-0400][453.679s][info][gc,heap     ] GC(126) Archive regions: 0->0
[2026-09-05T21:19:42.259-0400][453.679s][info][gc,heap     ] GC(126) Humongous regions: 82->24
[2026-09-05T21:19:42.259-0400][453.679s][info][gc,metaspace] GC(126) Metaspace: 150980K(153216K)->150980K(153216K) NonClass: 129473K(130688K)->129473K(130688K) Class: 21506K(22528K)->21506K(22528K)
[2026-09-05T21:19:42.259-0400][453.679s][info][gc          ] GC(126) Pause Young (Concurrent Start) (G1 Humongous Allocation) 2364M->1081M(2762M) 8.232ms
[2026-09-05T21:19:42.259-0400][453.679s][info][gc,cpu      ] GC(126) User=0.36s Sys=0.00s Real=0.01s
[2026-09-05T21:19:42.259-0400][453.679s][info][gc          ] GC(127) Concurrent Undo Cycle
[2026-09-05T21:19:42.259-0400][453.679s][info][gc,marking  ] GC(127) Concurrent Cleanup for Next Mark
[2026-09-05T21:19:42.261-0400][453.681s][info][gc,marking  ] GC(127) Concurrent Cleanup for Next Mark 2.297ms
[2026-09-05T21:19:42.261-0400][453.681s][info][gc          ] GC(127) Concurrent Undo Cycle 2.352ms
[2026-09-05T21:19:52.163-0400][463.583s][info][gc,start    ] GC(128) Pause Young (Concurrent Start) (G1 Humongous Allocation)
[2026-09-05T21:19:52.163-0400][463.583s][info][gc,task     ] GC(128) Using 23 workers of 23 for evacuation
[2026-09-05T21:19:52.171-0400][463.591s][info][gc,phases   ] GC(128)   Pre Evacuate Collection Set: 0.31ms
[2026-09-05T21:19:52.171-0400][463.591s][info][gc,phases   ] GC(128)   Merge Heap Roots: 0.22ms
[2026-09-05T21:19:52.171-0400][463.591s][info][gc,phases   ] GC(128)   Evacuate Collection Set: 6.12ms
[2026-09-05T21:19:52.171-0400][463.591s][info][gc,phases   ] GC(128)   Post Evacuate Collection Set: 1.28ms
[2026-09-05T21:19:52.171-0400][463.591s][info][gc,phases   ] GC(128)   Other: 0.19ms
[2026-09-05T21:19:52.171-0400][463.591s][info][gc,heap     ] GC(128) Eden regions: 458->0(654)
[2026-09-05T21:19:52.171-0400][463.591s][info][gc,heap     ] GC(128) Survivor regions: 47->47(88)
[2026-09-05T21:19:52.171-0400][463.591s][info][gc,heap     ] GC(128) Old regions: 470->470
[2026-09-05T21:19:52.171-0400][463.591s][info][gc,heap     ] GC(128) Archive regions: 0->0
[2026-09-05T21:19:52.171-0400][463.591s][info][gc,heap     ] GC(128) Humongous regions: 79->24
[2026-09-05T21:19:52.171-0400][463.591s][info][gc,metaspace] GC(128) Metaspace: 151026K(153280K)->151026K(153280K) NonClass: 129515K(130752K)->129515K(130752K) Class: 21511K(22528K)->21511K(22528K)
[2026-09-05T21:19:52.171-0400][463.591s][info][gc          ] GC(128) Pause Young (Concurrent Start) (G1 Humongous Allocation) 2106M->1081M(2762M) 8.258ms
[2026-09-05T21:19:52.171-0400][463.591s][info][gc,cpu      ] GC(128) User=0.00s Sys=0.00s Real=0.01s
[2026-09-05T21:19:52.171-0400][463.591s][info][gc          ] GC(129) Concurrent Undo Cycle
[2026-09-05T21:19:52.171-0400][463.591s][info][gc,marking  ] GC(129) Concurrent Cleanup for Next Mark
[2026-09-05T21:19:52.172-0400][463.593s][info][gc,marking  ] GC(129) Concurrent Cleanup for Next Mark 1.039ms
[2026-09-05T21:19:52.172-0400][463.593s][info][gc          ] GC(129) Concurrent Undo Cycle 1.147ms
[2026-09-05T21:20:07.381-0400][478.801s][info][gc,start    ] GC(130) Pause Young (Normal) (G1 Evacuation Pause)
[2026-09-05T21:20:07.381-0400][478.801s][info][gc,task     ] GC(130) Using 23 workers of 23 for evacuation
[2026-09-05T21:20:07.389-0400][478.809s][info][gc,phases   ] GC(130)   Pre Evacuate Collection Set: 0.21ms
[2026-09-05T21:20:07.389-0400][478.809s][info][gc,phases   ] GC(130)   Merge Heap Roots: 0.25ms
[2026-09-05T21:20:07.389-0400][478.809s][info][gc,phases   ] GC(130)   Evacuate Collection Set: 6.29ms
[2026-09-05T21:20:07.389-0400][478.809s][info][gc,phases   ] GC(130)   Post Evacuate Collection Set: 1.16ms
[2026-09-05T21:20:07.389-0400][478.809s][info][gc,phases   ] GC(130)   Other: 0.17ms
[2026-09-05T21:20:07.389-0400][478.809s][info][gc,heap     ] GC(130) Eden regions: 654->0(652)
[2026-09-05T21:20:07.389-0400][478.809s][info][gc,heap     ] GC(130) Survivor regions: 47->48(88)
[2026-09-05T21:20:07.389-0400][478.809s][info][gc,heap     ] GC(130) Old regions: 470->470
[2026-09-05T21:20:07.389-0400][478.809s][info][gc,heap     ] GC(130) Archive regions: 0->0
[2026-09-05T21:20:07.389-0400][478.809s][info][gc,heap     ] GC(130) Humongous regions: 59->24
[2026-09-05T21:20:07.389-0400][478.809s][info][gc,metaspace] GC(130) Metaspace: 151088K(153344K)->151088K(153344K) NonClass: 129576K(130816K)->129576K(130816K) Class: 21511K(22528K)->21511K(22528K)
[2026-09-05T21:20:07.389-0400][478.809s][info][gc          ] GC(130) Pause Young (Normal) (G1 Evacuation Pause) 2459M->1084M(2762M) 8.184ms
[2026-09-05T21:20:07.389-0400][478.809s][info][gc,cpu      ] GC(130) User=0.00s Sys=0.00s Real=0.01s
[2026-09-05T21:20:23.431-0400][494.852s][info][gc,start    ] GC(131) Pause Young (Normal) (G1 Evacuation Pause)
[2026-09-05T21:20:23.431-0400][494.852s][info][gc,task     ] GC(131) Using 23 workers of 23 for evacuation
[2026-09-05T21:20:23.440-0400][494.860s][info][gc,phases   ] GC(131)   Pre Evacuate Collection Set: 0.14ms
[2026-09-05T21:20:23.440-0400][494.860s][info][gc,phases   ] GC(131)   Merge Heap Roots: 0.22ms
[2026-09-05T21:20:23.440-0400][494.860s][info][gc,phases   ] GC(131)   Evacuate Collection Set: 6.73ms
[2026-09-05T21:20:23.440-0400][494.860s][info][gc,phases   ] GC(131)   Post Evacuate Collection Set: 1.39ms
[2026-09-05T21:20:23.440-0400][494.860s][info][gc,phases   ] GC(131)   Other: 0.27ms
[2026-09-05T21:20:23.440-0400][494.860s][info][gc,heap     ] GC(131) Eden regions: 652->0(652)
[2026-09-05T21:20:23.440-0400][494.861s][info][gc,heap     ] GC(131) Survivor regions: 48->48(88)
[2026-09-05T21:20:23.440-0400][494.861s][info][gc,heap     ] GC(131) Old regions: 470->470
[2026-09-05T21:20:23.441-0400][494.861s][info][gc,heap     ] GC(131) Archive regions: 0->0
[2026-09-05T21:20:23.441-0400][494.861s][info][gc,heap     ] GC(131) Humongous regions: 24->24
[2026-09-05T21:20:23.441-0400][494.861s][info][gc,metaspace] GC(131) Metaspace: 151195K(153472K)->151195K(153472K) NonClass: 129681K(130944K)->129681K(130944K) Class: 21514K(22528K)->21514K(22528K)
[2026-09-05T21:20:23.441-0400][494.861s][info][gc          ] GC(131) Pause Young (Normal) (G1 Evacuation Pause) 2388M->1082M(2762M) 8.968ms
[2026-09-05T21:20:23.441-0400][494.861s][info][gc,cpu      ] GC(131) User=0.00s Sys=0.00s Real=0.01s
[2026-09-05T21:20:39.992-0400][511.412s][info][gc,start    ] GC(132) Pause Young (Normal) (G1 Evacuation Pause)
[2026-09-05T21:20:39.992-0400][511.412s][info][gc,task     ] GC(132) Using 23 workers of 23 for evacuation
[2026-09-05T21:20:39.998-0400][511.419s][info][gc,phases   ] GC(132)   Pre Evacuate Collection Set: 0.25ms
[2026-09-05T21:20:39.999-0400][511.419s][info][gc,phases   ] GC(132)   Merge Heap Roots: 0.22ms
[2026-09-05T21:20:39.999-0400][511.419s][info][gc,phases   ] GC(132)   Evacuate Collection Set: 5.92ms
[2026-09-05T21:20:39.999-0400][511.419s][info][gc,phases   ] GC(132)   Post Evacuate Collection Set: 0.79ms
[2026-09-05T21:20:39.999-0400][511.419s][info][gc,phases   ] GC(132)   Other: 0.14ms
[2026-09-05T21:20:39.999-0400][511.419s][info][gc,heap     ] GC(132) Eden regions: 652->0(652)
[2026-09-05T21:20:39.999-0400][511.419s][info][gc,heap     ] GC(132) Survivor regions: 48->48(88)
[2026-09-05T21:20:39.999-0400][511.419s][info][gc,heap     ] GC(132) Old regions: 470->470
[2026-09-05T21:20:39.999-0400][511.419s][info][gc,heap     ] GC(132) Archive regions: 0->0
[2026-09-05T21:20:39.999-0400][511.419s][info][gc,heap     ] GC(132) Humongous regions: 24->24
[2026-09-05T21:20:39.999-0400][511.419s][info][gc,metaspace] GC(132) Metaspace: 151214K(153472K)->151214K(153472K) NonClass: 129700K(130944K)->129700K(130944K) Class: 21514K(22528K)->21514K(22528K)
[2026-09-05T21:20:39.999-0400][511.419s][info][gc          ] GC(132) Pause Young (Normal) (G1 Evacuation Pause) 2386M->1082M(2762M) 7.447ms
[2026-09-05T21:20:39.999-0400][511.419s][info][gc,cpu      ] GC(132) User=0.00s Sys=0.00s Real=0.01s
[2026-09-05T21:20:45.334-0400][516.754s][info][gc,start    ] GC(133) Pause Young (Normal) (G1 Evacuation Pause)
[2026-09-05T21:20:45.334-0400][516.754s][info][gc,task     ] GC(133) Using 23 workers of 23 for evacuation
[2026-09-05T21:20:45.348-0400][516.767s][info][gc,phases   ] GC(133)   Pre Evacuate Collection Set: 0.21ms
[2026-09-05T21:20:45.348-0400][516.767s][info][gc,phases   ] GC(133)   Merge Heap Roots: 0.25ms
[2026-09-05T21:20:45.348-0400][516.767s][info][gc,phases   ] GC(133)   Evacuate Collection Set: 11.76ms
[2026-09-05T21:20:45.348-0400][516.767s][info][gc,phases   ] GC(133)   Post Evacuate Collection Set: 0.77ms
[2026-09-05T21:20:45.348-0400][516.767s][info][gc,phases   ] GC(133)   Other: 0.17ms
[2026-09-05T21:20:45.348-0400][516.767s][info][gc,heap     ] GC(133) Eden regions: 652->0(629)
[2026-09-05T21:20:45.348-0400][516.767s][info][gc,heap     ] GC(133) Survivor regions: 48->57(88)
[2026-09-05T21:20:45.348-0400][516.767s][info][gc,heap     ] GC(133) Old regions: 470->475
[2026-09-05T21:20:45.348-0400][516.767s][info][gc,heap     ] GC(133) Archive regions: 0->0
[2026-09-05T21:20:45.348-0400][516.767s][info][gc,heap     ] GC(133) Humongous regions: 25->24
[2026-09-05T21:20:45.348-0400][516.767s][info][gc,metaspace] GC(133) Metaspace: 151554K(153856K)->151554K(153856K) NonClass: 129981K(131264K)->129981K(131264K) Class: 21572K(22592K)->21572K(22592K)
[2026-09-05T21:20:45.348-0400][516.767s][info][gc          ] GC(133) Pause Young (Normal) (G1 Evacuation Pause) 2388M->1110M(2762M) 13.289ms
[2026-09-05T21:20:45.348-0400][516.768s][info][gc,cpu      ] GC(133) User=0.00s Sys=0.00s Real=0.01s
[2026-09-05T21:20:45.695-0400][517.115s][info][gc,start    ] GC(134) Pause Young (Normal) (G1 Evacuation Pause)
[2026-09-05T21:20:45.695-0400][517.115s][info][gc,task     ] GC(134) Using 23 workers of 23 for evacuation
[2026-09-05T21:20:45.706-0400][517.126s][info][gc,phases   ] GC(134)   Pre Evacuate Collection Set: 0.18ms
[2026-09-05T21:20:45.706-0400][517.126s][info][gc,phases   ] GC(134)   Merge Heap Roots: 0.21ms
[2026-09-05T21:20:45.706-0400][517.126s][info][gc,phases   ] GC(134)   Evacuate Collection Set: 9.80ms
[2026-09-05T21:20:45.706-0400][517.126s][info][gc,phases   ] GC(134)   Post Evacuate Collection Set: 0.81ms
[2026-09-05T21:20:45.706-0400][517.126s][info][gc,phases   ] GC(134)   Other: 0.24ms
[2026-09-05T21:20:45.706-0400][517.126s][info][gc,heap     ] GC(134) Eden regions: 629->0(639)
[2026-09-05T21:20:45.706-0400][517.126s][info][gc,heap     ] GC(134) Survivor regions: 57->44(86)
[2026-09-05T21:20:45.706-0400][517.126s][info][gc,heap     ] GC(134) Old regions: 475->491
[2026-09-05T21:20:45.706-0400][517.126s][info][gc,heap     ] GC(134) Archive regions: 0->0
[2026-09-05T21:20:45.706-0400][517.126s][info][gc,heap     ] GC(134) Humongous regions: 24->24
[2026-09-05T21:20:45.706-0400][517.126s][info][gc,metaspace] GC(134) Metaspace: 151558K(153856K)->151558K(153856K) NonClass: 129984K(131264K)->129984K(131264K) Class: 21574K(22592K)->21574K(22592K)
[2026-09-05T21:20:45.706-0400][517.126s][info][gc          ] GC(134) Pause Young (Normal) (G1 Evacuation Pause) 2368M->1115M(2762M) 11.368ms
[2026-09-05T21:20:45.706-0400][517.126s][info][gc,cpu      ] GC(134) User=0.00s Sys=0.00s Real=0.01s
[2026-09-05T21:20:46.276-0400][517.696s][info][gc,start    ] GC(135) Pause Young (Normal) (G1 Evacuation Pause)
[2026-09-05T21:20:46.276-0400][517.696s][info][gc,task     ] GC(135) Using 23 workers of 23 for evacuation
[2026-09-05T21:20:46.286-0400][517.706s][info][gc,phases   ] GC(135)   Pre Evacuate Collection Set: 0.15ms
[2026-09-05T21:20:46.286-0400][517.706s][info][gc,phases   ] GC(135)   Merge Heap Roots: 0.22ms
[2026-09-05T21:20:46.286-0400][517.706s][info][gc,phases   ] GC(135)   Evacuate Collection Set: 7.94ms
[2026-09-05T21:20:46.286-0400][517.706s][info][gc,phases   ] GC(135)   Post Evacuate Collection Set: 0.81ms
[2026-09-05T21:20:46.286-0400][517.706s][info][gc,phases   ] GC(135)   Other: 0.20ms
[2026-09-05T21:20:46.286-0400][517.706s][info][gc,heap     ] GC(135) Eden regions: 639->0(637)
[2026-09-05T21:20:46.286-0400][517.706s][info][gc,heap     ] GC(135) Survivor regions: 44->45(86)
[2026-09-05T21:20:46.286-0400][517.706s][info][gc,heap     ] GC(135) Old regions: 491->491
[2026-09-05T21:20:46.286-0400][517.706s][info][gc,heap     ] GC(135) Archive regions: 0->0
[2026-09-05T21:20:46.286-0400][517.706s][info][gc,heap     ] GC(135) Humongous regions: 25->24
[2026-09-05T21:20:46.286-0400][517.706s][info][gc,metaspace] GC(135) Metaspace: 151697K(153984K)->151697K(153984K) NonClass: 130108K(131392K)->130108K(131392K) Class: 21588K(22592K)->21588K(22592K)
[2026-09-05T21:20:46.286-0400][517.706s][info][gc          ] GC(135) Pause Young (Normal) (G1 Evacuation Pause) 2395M->1118M(2762M) 9.499ms
[2026-09-05T21:20:46.286-0400][517.706s][info][gc,cpu      ] GC(135) User=0.00s Sys=0.00s Real=0.01s
[2026-09-05T21:20:46.966-0400][518.386s][info][gc,start    ] GC(136) Pause Young (Normal) (G1 Evacuation Pause)
[2026-09-05T21:20:46.966-0400][518.386s][info][gc,task     ] GC(136) Using 23 workers of 23 for evacuation
[2026-09-05T21:20:46.976-0400][518.396s][info][gc,phases   ] GC(136)   Pre Evacuate Collection Set: 0.16ms
[2026-09-05T21:20:46.976-0400][518.396s][info][gc,phases   ] GC(136)   Merge Heap Roots: 0.24ms
[2026-09-05T21:20:46.976-0400][518.396s][info][gc,phases   ] GC(136)   Evacuate Collection Set: 9.29ms
[2026-09-05T21:20:46.976-0400][518.396s][info][gc,phases   ] GC(136)   Post Evacuate Collection Set: 0.78ms
[2026-09-05T21:20:46.976-0400][518.396s][info][gc,phases   ] GC(136)   Other: 0.15ms
[2026-09-05T21:20:46.976-0400][518.396s][info][gc,heap     ] GC(136) Eden regions: 637->0(627)
[2026-09-05T21:20:46.976-0400][518.396s][info][gc,heap     ] GC(136) Survivor regions: 45->50(86)
[2026-09-05T21:20:46.976-0400][518.396s][info][gc,heap     ] GC(136) Old regions: 491->491
[2026-09-05T21:20:46.976-0400][518.396s][info][gc,heap     ] GC(136) Archive regions: 0->0
[2026-09-05T21:20:46.976-0400][518.396s][info][gc,heap     ] GC(136) Humongous regions: 24->24
[2026-09-05T21:20:46.976-0400][518.396s][info][gc,metaspace] GC(136) Metaspace: 151713K(153984K)->151713K(153984K) NonClass: 130125K(131392K)->130125K(131392K) Class: 21588K(22592K)->21588K(22592K)
[2026-09-05T21:20:46.976-0400][518.396s][info][gc          ] GC(136) Pause Young (Normal) (G1 Evacuation Pause) 2392M->1128M(2762M) 10.746ms
[2026-09-05T21:20:46.976-0400][518.396s][info][gc,cpu      ] GC(136) User=0.36s Sys=0.00s Real=0.01s
[2026-09-05T21:20:47.440-0400][518.860s][info][gc,start    ] GC(137) Pause Young (Normal) (G1 Evacuation Pause)
[2026-09-05T21:20:47.440-0400][518.860s][info][gc,task     ] GC(137) Using 23 workers of 23 for evacuation
[2026-09-05T21:20:47.449-0400][518.869s][info][gc,phases   ] GC(137)   Pre Evacuate Collection Set: 0.16ms
[2026-09-05T21:20:47.449-0400][518.869s][info][gc,phases   ] GC(137)   Merge Heap Roots: 0.20ms
[2026-09-05T21:20:47.449-0400][518.869s][info][gc,phases   ] GC(137)   Evacuate Collection Set: 8.07ms
[2026-09-05T21:20:47.449-0400][518.869s][info][gc,phases   ] GC(137)   Post Evacuate Collection Set: 0.58ms
[2026-09-05T21:20:47.449-0400][518.869s][info][gc,phases   ] GC(137)   Other: 0.14ms
[2026-09-05T21:20:47.449-0400][518.869s][info][gc,heap     ] GC(137) Eden regions: 627->0(629)
[2026-09-05T21:20:47.449-0400][518.870s][info][gc,heap     ] GC(137) Survivor regions: 50->45(85)
[2026-09-05T21:20:47.449-0400][518.870s][info][gc,heap     ] GC(137) Old regions: 491->499
[2026-09-05T21:20:47.449-0400][518.870s][info][gc,heap     ] GC(137) Archive regions: 0->0
[2026-09-05T21:20:47.449-0400][518.870s][info][gc,heap     ] GC(137) Humongous regions: 24->24
[2026-09-05T21:20:47.449-0400][518.870s][info][gc,metaspace] GC(137) Metaspace: 151731K(153984K)->151731K(153984K) NonClass: 130140K(131392K)->130140K(131392K) Class: 21590K(22592K)->21590K(22592K)
[2026-09-05T21:20:47.449-0400][518.870s][info][gc          ] GC(137) Pause Young (Normal) (G1 Evacuation Pause) 2382M->1134M(2762M) 9.278ms
[2026-09-05T21:20:47.449-0400][518.870s][info][gc,cpu      ] GC(137) User=0.36s Sys=0.00s Real=0.01s
[2026-09-05T21:20:48.282-0400][519.703s][info][gc,start    ] GC(138) Pause Young (Normal) (G1 Evacuation Pause)
[2026-09-05T21:20:48.282-0400][519.703s][info][gc,task     ] GC(138) Using 23 workers of 23 for evacuation
[2026-09-05T21:20:48.291-0400][519.711s][info][gc,phases   ] GC(138)   Pre Evacuate Collection Set: 0.21ms
[2026-09-05T21:20:48.291-0400][519.712s][info][gc,phases   ] GC(138)   Merge Heap Roots: 0.22ms
[2026-09-05T21:20:48.291-0400][519.712s][info][gc,phases   ] GC(138)   Evacuate Collection Set: 7.55ms
[2026-09-05T21:20:48.291-0400][519.712s][info][gc,phases   ] GC(138)   Post Evacuate Collection Set: 0.74ms
[2026-09-05T21:20:48.291-0400][519.712s][info][gc,phases   ] GC(138)   Other: 0.22ms
[2026-09-05T21:20:48.291-0400][519.712s][info][gc,heap     ] GC(138) Eden regions: 629->0(625)
[2026-09-05T21:20:48.291-0400][519.712s][info][gc,heap     ] GC(138) Survivor regions: 45->47(85)
[2026-09-05T21:20:48.291-0400][519.712s][info][gc,heap     ] GC(138) Old regions: 499->499
[2026-09-05T21:20:48.291-0400][519.712s][info][gc,heap     ] GC(138) Archive regions: 0->0
[2026-09-05T21:20:48.291-0400][519.712s][info][gc,heap     ] GC(138) Humongous regions: 24->24
[2026-09-05T21:20:48.291-0400][519.712s][info][gc,metaspace] GC(138) Metaspace: 151838K(154176K)->151838K(154176K) NonClass: 130230K(131520K)->130230K(131520K) Class: 21607K(22656K)->21607K(22656K)
[2026-09-05T21:20:48.291-0400][519.712s][info][gc          ] GC(138) Pause Young (Normal) (G1 Evacuation Pause) 2392M->1138M(2762M) 9.073ms
[2026-09-05T21:20:48.291-0400][519.712s][info][gc,cpu      ] GC(138) User=0.36s Sys=0.02s Real=0.01s
[2026-09-05T21:20:49.172-0400][520.593s][info][gc,start    ] GC(139) Pause Young (Normal) (G1 Evacuation Pause)
[2026-09-05T21:20:49.172-0400][520.593s][info][gc,task     ] GC(139) Using 23 workers of 23 for evacuation
[2026-09-05T21:20:49.181-0400][520.600s][info][gc,phases   ] GC(139)   Pre Evacuate Collection Set: 0.18ms
[2026-09-05T21:20:49.181-0400][520.600s][info][gc,phases   ] GC(139)   Merge Heap Roots: 0.24ms
[2026-09-05T21:20:49.181-0400][520.600s][info][gc,phases   ] GC(139)   Evacuate Collection Set: 6.45ms
[2026-09-05T21:20:49.181-0400][520.600s][info][gc,phases   ] GC(139)   Post Evacuate Collection Set: 0.70ms
[2026-09-05T21:20:49.181-0400][520.600s][info][gc,phases   ] GC(139)   Other: 0.15ms
[2026-09-05T21:20:49.181-0400][520.600s][info][gc,heap     ] GC(139) Eden regions: 625->0(628)
[2026-09-05T21:20:49.181-0400][520.600s][info][gc,heap     ] GC(139) Survivor regions: 47->43(84)
[2026-09-05T21:20:49.181-0400][520.600s][info][gc,heap     ] GC(139) Old regions: 499->504
[2026-09-05T21:20:49.181-0400][520.600s][info][gc,heap     ] GC(139) Archive regions: 0->0
[2026-09-05T21:20:49.181-0400][520.600s][info][gc,heap     ] GC(139) Humongous regions: 24->24
[2026-09-05T21:20:49.181-0400][520.600s][info][gc,metaspace] GC(139) Metaspace: 151896K(154240K)->151896K(154240K) NonClass: 130286K(131584K)->130286K(131584K) Class: 21609K(22656K)->21609K(22656K)
[2026-09-05T21:20:49.181-0400][520.600s][info][gc          ] GC(139) Pause Young (Normal) (G1 Evacuation Pause) 2388M->1140M(2762M) 7.853ms
[2026-09-05T21:20:49.181-0400][520.601s][info][gc,cpu      ] GC(139) User=0.33s Sys=0.02s Real=0.01s
[2026-09-05T21:20:49.705-0400][521.125s][info][gc,start    ] GC(140) Pause Young (Normal) (G1 Evacuation Pause)
[2026-09-05T21:20:49.705-0400][521.125s][info][gc,task     ] GC(140) Using 23 workers of 23 for evacuation
[2026-09-05T21:20:49.714-0400][521.134s][info][gc,phases   ] GC(140)   Pre Evacuate Collection Set: 0.16ms
[2026-09-05T21:20:49.714-0400][521.134s][info][gc,phases   ] GC(140)   Merge Heap Roots: 0.23ms
[2026-09-05T21:20:49.714-0400][521.134s][info][gc,phases   ] GC(140)   Evacuate Collection Set: 7.85ms
[2026-09-05T21:20:49.714-0400][521.134s][info][gc,phases   ] GC(140)   Post Evacuate Collection Set: 0.79ms
[2026-09-05T21:20:49.714-0400][521.134s][info][gc,phases   ] GC(140)   Other: 0.22ms
[2026-09-05T21:20:49.714-0400][521.134s][info][gc,heap     ] GC(140) Eden regions: 628->0(625)
[2026-09-05T21:20:49.714-0400][521.134s][info][gc,heap     ] GC(140) Survivor regions: 43->42(84)
[2026-09-05T21:20:49.714-0400][521.134s][info][gc,heap     ] GC(140) Old regions: 504->509
[2026-09-05T21:20:49.714-0400][521.134s][info][gc,heap     ] GC(140) Archive regions: 0->0
[2026-09-05T21:20:49.714-0400][521.134s][info][gc,heap     ] GC(140) Humongous regions: 24->24
[2026-09-05T21:20:49.714-0400][521.134s][info][gc,metaspace] GC(140) Metaspace: 151911K(154240K)->151911K(154240K) NonClass: 130301K(131584K)->130301K(131584K) Class: 21609K(22656K)->21609K(22656K)
[2026-09-05T21:20:49.714-0400][521.134s][info][gc          ] GC(140) Pause Young (Normal) (G1 Evacuation Pause) 2396M->1147M(2762M) 9.326ms
[2026-09-05T21:20:49.714-0400][521.134s][info][gc,cpu      ] GC(140) User=0.34s Sys=0.02s Real=0.01s
[2026-09-05T21:20:50.382-0400][521.802s][info][gc,start    ] GC(141) Pause Young (Normal) (G1 Evacuation Pause)
[2026-09-05T21:20:50.382-0400][521.802s][info][gc,task     ] GC(141) Using 23 workers of 23 for evacuation
[2026-09-05T21:20:50.389-0400][521.810s][info][gc,phases   ] GC(141)   Pre Evacuate Collection Set: 0.19ms
[2026-09-05T21:20:50.389-0400][521.810s][info][gc,phases   ] GC(141)   Merge Heap Roots: 0.22ms
[2026-09-05T21:20:50.389-0400][521.810s][info][gc,phases   ] GC(141)   Evacuate Collection Set: 6.34ms
[2026-09-05T21:20:50.389-0400][521.810s][info][gc,phases   ] GC(141)   Post Evacuate Collection Set: 0.74ms
[2026-09-05T21:20:50.389-0400][521.810s][info][gc,phases   ] GC(141)   Other: 0.17ms
[2026-09-05T21:20:50.389-0400][521.810s][info][gc,heap     ] GC(141) Eden regions: 625->0(626)
[2026-09-05T21:20:50.389-0400][521.810s][info][gc,heap     ] GC(141) Survivor regions: 42->40(84)
[2026-09-05T21:20:50.389-0400][521.810s][info][gc,heap     ] GC(141) Old regions: 509->512
[2026-09-05T21:20:50.389-0400][521.810s][info][gc,heap     ] GC(141) Archive regions: 0->0
[2026-09-05T21:20:50.389-0400][521.810s][info][gc,heap     ] GC(141) Humongous regions: 24->24
[2026-09-05T21:20:50.389-0400][521.810s][info][gc,metaspace] GC(141) Metaspace: 151919K(154240K)->151919K(154240K) NonClass: 130309K(131584K)->130309K(131584K) Class: 21609K(22656K)->21609K(22656K)
[2026-09-05T21:20:50.389-0400][521.810s][info][gc          ] GC(141) Pause Young (Normal) (G1 Evacuation Pause) 2397M->1149M(2762M) 7.783ms
[2026-09-05T21:20:50.389-0400][521.810s][info][gc,cpu      ] GC(141) User=0.02s Sys=0.00s Real=0.01s
[2026-09-05T21:20:51.210-0400][522.630s][info][gc,start    ] GC(142) Pause Young (Normal) (G1 Evacuation Pause)
[2026-09-05T21:20:51.210-0400][522.631s][info][gc,task     ] GC(142) Using 23 workers of 23 for evacuation
[2026-09-05T21:20:51.219-0400][522.639s][info][gc,phases   ] GC(142)   Pre Evacuate Collection Set: 0.19ms
[2026-09-05T21:20:51.219-0400][522.639s][info][gc,phases   ] GC(142)   Merge Heap Roots: 0.16ms
[2026-09-05T21:20:51.219-0400][522.639s][info][gc,phases   ] GC(142)   Evacuate Collection Set: 7.39ms
[2026-09-05T21:20:51.219-0400][522.639s][info][gc,phases   ] GC(142)   Post Evacuate Collection Set: 0.80ms
[2026-09-05T21:20:51.219-0400][522.639s][info][gc,phases   ] GC(142)   Other: 0.25ms
[2026-09-05T21:20:51.219-0400][522.639s][info][gc,heap     ] GC(142) Eden regions: 626->0(615)
[2026-09-05T21:20:51.219-0400][522.639s][info][gc,heap     ] GC(142) Survivor regions: 40->45(84)
[2026-09-05T21:20:51.219-0400][522.639s][info][gc,heap     ] GC(142) Old regions: 512->513
[2026-09-05T21:20:51.219-0400][522.639s][info][gc,heap     ] GC(142) Archive regions: 0->0
[2026-09-05T21:20:51.219-0400][522.639s][info][gc,heap     ] GC(142) Humongous regions: 24->24
[2026-09-05T21:20:51.219-0400][522.639s][info][gc,metaspace] GC(142) Metaspace: 152349K(154752K)->152349K(154752K) NonClass: 130656K(131968K)->130656K(131968K) Class: 21692K(22784K)->21692K(22784K)
[2026-09-05T21:20:51.219-0400][522.639s][info][gc          ] GC(142) Pause Young (Normal) (G1 Evacuation Pause) 2401M->1161M(2762M) 8.938ms
[2026-09-05T21:20:51.219-0400][522.639s][info][gc,cpu      ] GC(142) User=0.00s Sys=0.00s Real=0.01s
[2026-09-05T21:20:52.100-0400][523.520s][info][gc,start    ] GC(143) Pause Young (Normal) (G1 Evacuation Pause)
[2026-09-05T21:20:52.100-0400][523.520s][info][gc,task     ] GC(143) Using 23 workers of 23 for evacuation
[2026-09-05T21:20:52.107-0400][523.528s][info][gc,phases   ] GC(143)   Pre Evacuate Collection Set: 0.21ms
[2026-09-05T21:20:52.107-0400][523.528s][info][gc,phases   ] GC(143)   Merge Heap Roots: 0.18ms
[2026-09-05T21:20:52.107-0400][523.528s][info][gc,phases   ] GC(143)   Evacuate Collection Set: 6.33ms
[2026-09-05T21:20:52.107-0400][523.528s][info][gc,phases   ] GC(143)   Post Evacuate Collection Set: 0.65ms
[2026-09-05T21:20:52.107-0400][523.528s][info][gc,phases   ] GC(143)   Other: 0.23ms
[2026-09-05T21:20:52.107-0400][523.528s][info][gc,heap     ] GC(143) Eden regions: 615->0(612)
[2026-09-05T21:20:52.107-0400][523.528s][info][gc,heap     ] GC(143) Survivor regions: 45->46(83)
[2026-09-05T21:20:52.108-0400][523.528s][info][gc,heap     ] GC(143) Old regions: 513->513
[2026-09-05T21:20:52.108-0400][523.528s][info][gc,heap     ] GC(143) Archive regions: 0->0
[2026-09-05T21:20:52.108-0400][523.528s][info][gc,heap     ] GC(143) Humongous regions: 28->25
[2026-09-05T21:20:52.108-0400][523.528s][info][gc,metaspace] GC(143) Metaspace: 152655K(155200K)->152655K(155200K) NonClass: 130913K(132288K)->130913K(132288K) Class: 21741K(22912K)->21741K(22912K)
[2026-09-05T21:20:52.108-0400][523.528s][info][gc          ] GC(143) Pause Young (Normal) (G1 Evacuation Pause) 2399M->1167M(2762M) 7.731ms
[2026-09-05T21:20:52.108-0400][523.528s][info][gc,cpu      ] GC(143) User=0.00s Sys=0.00s Real=0.01s
[2026-09-05T21:20:53.313-0400][524.734s][info][gc,start    ] GC(144) Pause Young (Normal) (G1 Evacuation Pause)
[2026-09-05T21:20:53.313-0400][524.734s][info][gc,task     ] GC(144) Using 23 workers of 23 for evacuation
[2026-09-05T21:20:53.321-0400][524.742s][info][gc,phases   ] GC(144)   Pre Evacuate Collection Set: 0.19ms
[2026-09-05T21:20:53.321-0400][524.742s][info][gc,phases   ] GC(144)   Merge Heap Roots: 0.24ms
[2026-09-05T21:20:53.321-0400][524.742s][info][gc,phases   ] GC(144)   Evacuate Collection Set: 5.99ms
[2026-09-05T21:20:53.321-0400][524.742s][info][gc,phases   ] GC(144)   Post Evacuate Collection Set: 1.45ms
[2026-09-05T21:20:53.322-0400][524.742s][info][gc,phases   ] GC(144)   Other: 0.17ms
[2026-09-05T21:20:53.322-0400][524.742s][info][gc,heap     ] GC(144) Eden regions: 612->0(612)
[2026-09-05T21:20:53.322-0400][524.742s][info][gc,heap     ] GC(144) Survivor regions: 46->45(83)
[2026-09-05T21:20:53.322-0400][524.742s][info][gc,heap     ] GC(144) Old regions: 513->514
[2026-09-05T21:20:53.322-0400][524.742s][info][gc,heap     ] GC(144) Archive regions: 0->0
[2026-09-05T21:20:53.322-0400][524.742s][info][gc,heap     ] GC(144) Humongous regions: 26->26
[2026-09-05T21:20:53.322-0400][524.742s][info][gc,metaspace] GC(144) Metaspace: 152668K(155200K)->152668K(155200K) NonClass: 130926K(132288K)->130926K(132288K) Class: 21741K(22912K)->21741K(22912K)
[2026-09-05T21:20:53.322-0400][524.742s][info][gc          ] GC(144) Pause Young (Normal) (G1 Evacuation Pause) 2393M->1169M(2762M) 8.163ms
[2026-09-05T21:20:53.322-0400][524.742s][info][gc,cpu      ] GC(144) User=0.36s Sys=0.02s Real=0.01s
[2026-09-05T21:20:55.024-0400][526.444s][info][gc,start    ] GC(145) Pause Young (Normal) (G1 Evacuation Pause)
[2026-09-05T21:20:55.024-0400][526.444s][info][gc,task     ] GC(145) Using 23 workers of 23 for evacuation
[2026-09-05T21:20:55.031-0400][526.452s][info][gc,phases   ] GC(145)   Pre Evacuate Collection Set: 0.22ms
[2026-09-05T21:20:55.031-0400][526.452s][info][gc,phases   ] GC(145)   Merge Heap Roots: 0.23ms
[2026-09-05T21:20:55.031-0400][526.452s][info][gc,phases   ] GC(145)   Evacuate Collection Set: 6.29ms
[2026-09-05T21:20:55.031-0400][526.452s][info][gc,phases   ] GC(145)   Post Evacuate Collection Set: 0.74ms
[2026-09-05T21:20:55.031-0400][526.452s][info][gc,phases   ] GC(145)   Other: 0.17ms
[2026-09-05T21:20:55.031-0400][526.452s][info][gc,heap     ] GC(145) Eden regions: 612->0(612)
[2026-09-05T21:20:55.031-0400][526.452s][info][gc,heap     ] GC(145) Survivor regions: 45->45(83)
[2026-09-05T21:20:55.031-0400][526.452s][info][gc,heap     ] GC(145) Old regions: 514->514
[2026-09-05T21:20:55.031-0400][526.452s][info][gc,heap     ] GC(145) Archive regions: 0->0
[2026-09-05T21:20:55.031-0400][526.452s][info][gc,heap     ] GC(145) Humongous regions: 26->26
[2026-09-05T21:20:55.031-0400][526.452s][info][gc,metaspace] GC(145) Metaspace: 152683K(155200K)->152683K(155200K) NonClass: 130940K(132288K)->130940K(132288K) Class: 21742K(22912K)->21742K(22912K)
[2026-09-05T21:20:55.031-0400][526.452s][info][gc          ] GC(145) Pause Young (Normal) (G1 Evacuation Pause) 2393M->1169M(2762M) 7.816ms
[2026-09-05T21:20:55.031-0400][526.452s][info][gc,cpu      ] GC(145) User=0.00s Sys=0.00s Real=0.01s
[2026-09-05T21:20:56.283-0400][527.703s][info][gc,start    ] GC(146) Pause Young (Normal) (G1 Evacuation Pause)
[2026-09-05T21:20:56.283-0400][527.703s][info][gc,task     ] GC(146) Using 23 workers of 23 for evacuation
[2026-09-05T21:20:56.290-0400][527.710s][info][gc,phases   ] GC(146)   Pre Evacuate Collection Set: 0.23ms
[2026-09-05T21:20:56.290-0400][527.710s][info][gc,phases   ] GC(146)   Merge Heap Roots: 0.19ms
[2026-09-05T21:20:56.290-0400][527.710s][info][gc,phases   ] GC(146)   Evacuate Collection Set: 5.81ms
[2026-09-05T21:20:56.290-0400][527.710s][info][gc,phases   ] GC(146)   Post Evacuate Collection Set: 0.80ms
[2026-09-05T21:20:56.290-0400][527.710s][info][gc,phases   ] GC(146)   Other: 0.17ms
[2026-09-05T21:20:56.290-0400][527.710s][info][gc,heap     ] GC(146) Eden regions: 612->0(612)
[2026-09-05T21:20:56.290-0400][527.710s][info][gc,heap     ] GC(146) Survivor regions: 45->45(83)
[2026-09-05T21:20:56.290-0400][527.710s][info][gc,heap     ] GC(146) Old regions: 514->514
[2026-09-05T21:20:56.290-0400][527.710s][info][gc,heap     ] GC(146) Archive regions: 0->0
[2026-09-05T21:20:56.290-0400][527.710s][info][gc,heap     ] GC(146) Humongous regions: 26->26
[2026-09-05T21:20:56.290-0400][527.710s][info][gc,metaspace] GC(146) Metaspace: 152683K(155200K)->152683K(155200K) NonClass: 130940K(132288K)->130940K(132288K) Class: 21742K(22912K)->21742K(22912K)
[2026-09-05T21:20:56.290-0400][527.710s][info][gc          ] GC(146) Pause Young (Normal) (G1 Evacuation Pause) 2393M->1169M(2762M) 7.332ms
[2026-09-05T21:20:56.290-0400][527.710s][info][gc,cpu      ] GC(146) User=0.36s Sys=0.02s Real=0.01s
[2026-09-05T21:20:57.544-0400][528.964s][info][gc,start    ] GC(147) Pause Young (Normal) (G1 Evacuation Pause)
[2026-09-05T21:20:57.544-0400][528.964s][info][gc,task     ] GC(147) Using 23 workers of 23 for evacuation
[2026-09-05T21:20:57.550-0400][528.970s][info][gc,phases   ] GC(147)   Pre Evacuate Collection Set: 0.20ms
[2026-09-05T21:20:57.550-0400][528.970s][info][gc,phases   ] GC(147)   Merge Heap Roots: 0.16ms
[2026-09-05T21:20:57.550-0400][528.970s][info][gc,phases   ] GC(147)   Evacuate Collection Set: 5.42ms
[2026-09-05T21:20:57.550-0400][528.970s][info][gc,phases   ] GC(147)   Post Evacuate Collection Set: 0.66ms
[2026-09-05T21:20:57.550-0400][528.970s][info][gc,phases   ] GC(147)   Other: 0.16ms
[2026-09-05T21:20:57.550-0400][528.970s][info][gc,heap     ] GC(147) Eden regions: 612->0(612)
[2026-09-05T21:20:57.550-0400][528.970s][info][gc,heap     ] GC(147) Survivor regions: 45->45(83)
[2026-09-05T21:20:57.550-0400][528.970s][info][gc,heap     ] GC(147) Old regions: 514->514
[2026-09-05T21:20:57.550-0400][528.970s][info][gc,heap     ] GC(147) Archive regions: 0->0
[2026-09-05T21:20:57.550-0400][528.970s][info][gc,heap     ] GC(147) Humongous regions: 26->26
[2026-09-05T21:20:57.550-0400][528.970s][info][gc,metaspace] GC(147) Metaspace: 152684K(155200K)->152684K(155200K) NonClass: 130941K(132288K)->130941K(132288K) Class: 21742K(22912K)->21742K(22912K)
[2026-09-05T21:20:57.550-0400][528.970s][info][gc          ] GC(147) Pause Young (Normal) (G1 Evacuation Pause) 2393M->1169M(2762M) 6.713ms
[2026-09-05T21:20:57.550-0400][528.970s][info][gc,cpu      ] GC(147) User=0.00s Sys=0.00s Real=0.01s
[2026-09-05T21:20:58.797-0400][530.217s][info][gc,start    ] GC(148) Pause Young (Normal) (G1 Evacuation Pause)
[2026-09-05T21:20:58.797-0400][530.217s][info][gc,task     ] GC(148) Using 23 workers of 23 for evacuation
[2026-09-05T21:20:58.804-0400][530.224s][info][gc,phases   ] GC(148)   Pre Evacuate Collection Set: 0.21ms
[2026-09-05T21:20:58.804-0400][530.224s][info][gc,phases   ] GC(148)   Merge Heap Roots: 0.18ms
[2026-09-05T21:20:58.804-0400][530.224s][info][gc,phases   ] GC(148)   Evacuate Collection Set: 5.76ms
[2026-09-05T21:20:58.804-0400][530.224s][info][gc,phases   ] GC(148)   Post Evacuate Collection Set: 0.73ms
[2026-09-05T21:20:58.804-0400][530.224s][info][gc,phases   ] GC(148)   Other: 0.16ms
[2026-09-05T21:20:58.804-0400][530.224s][info][gc,heap     ] GC(148) Eden regions: 612->0(618)
[2026-09-05T21:20:58.804-0400][530.224s][info][gc,heap     ] GC(148) Survivor regions: 45->39(83)
[2026-09-05T21:20:58.804-0400][530.224s][info][gc,heap     ] GC(148) Old regions: 514->520
[2026-09-05T21:20:58.804-0400][530.224s][info][gc,heap     ] GC(148) Archive regions: 0->0
[2026-09-05T21:20:58.804-0400][530.224s][info][gc,heap     ] GC(148) Humongous regions: 26->26
[2026-09-05T21:20:58.804-0400][530.224s][info][gc,metaspace] GC(148) Metaspace: 152684K(155200K)->152684K(155200K) NonClass: 130941K(132288K)->130941K(132288K) Class: 21742K(22912K)->21742K(22912K)
[2026-09-05T21:20:58.804-0400][530.224s][info][gc          ] GC(148) Pause Young (Normal) (G1 Evacuation Pause) 2393M->1168M(2762M) 7.140ms
[2026-09-05T21:20:58.804-0400][530.224s][info][gc,cpu      ] GC(148) User=0.36s Sys=0.00s Real=0.01s
[2026-09-05T21:21:00.011-0400][531.431s][info][gc,start    ] GC(149) Pause Young (Normal) (G1 Evacuation Pause)
[2026-09-05T21:21:00.011-0400][531.431s][info][gc,task     ] GC(149) Using 23 workers of 23 for evacuation
[2026-09-05T21:21:00.018-0400][531.438s][info][gc,phases   ] GC(149)   Pre Evacuate Collection Set: 0.24ms
[2026-09-05T21:21:00.018-0400][531.438s][info][gc,phases   ] GC(149)   Merge Heap Roots: 0.19ms
[2026-09-05T21:21:00.018-0400][531.438s][info][gc,phases   ] GC(149)   Evacuate Collection Set: 4.88ms
[2026-09-05T21:21:00.018-0400][531.438s][info][gc,phases   ] GC(149)   Post Evacuate Collection Set: 0.72ms
[2026-09-05T21:21:00.018-0400][531.438s][info][gc,phases   ] GC(149)   Other: 0.18ms
[2026-09-05T21:21:00.018-0400][531.438s][info][gc,heap     ] GC(149) Eden regions: 618->0(618)
[2026-09-05T21:21:00.018-0400][531.438s][info][gc,heap     ] GC(149) Survivor regions: 39->38(83)
[2026-09-05T21:21:00.018-0400][531.438s][info][gc,heap     ] GC(149) Old regions: 520->522
[2026-09-05T21:21:00.018-0400][531.438s][info][gc,heap     ] GC(149) Archive regions: 0->0
[2026-09-05T21:21:00.018-0400][531.438s][info][gc,heap     ] GC(149) Humongous regions: 26->26
[2026-09-05T21:21:00.018-0400][531.438s][info][gc,metaspace] GC(149) Metaspace: 152687K(155200K)->152687K(155200K) NonClass: 130944K(132288K)->130944K(132288K) Class: 21742K(22912K)->21742K(22912K)
[2026-09-05T21:21:00.018-0400][531.438s][info][gc          ] GC(149) Pause Young (Normal) (G1 Evacuation Pause) 2404M->1170M(2762M) 6.314ms
[2026-09-05T21:21:00.018-0400][531.438s][info][gc,cpu      ] GC(149) User=0.00s Sys=0.00s Real=0.01s
[2026-09-05T21:21:01.235-0400][532.655s][info][gc,start    ] GC(150) Pause Young (Normal) (G1 Evacuation Pause)
[2026-09-05T21:21:01.235-0400][532.655s][info][gc,task     ] GC(150) Using 23 workers of 23 for evacuation
[2026-09-05T21:21:01.240-0400][532.661s][info][gc,phases   ] GC(150)   Pre Evacuate Collection Set: 0.16ms
[2026-09-05T21:21:01.240-0400][532.661s][info][gc,phases   ] GC(150)   Merge Heap Roots: 0.21ms
[2026-09-05T21:21:01.240-0400][532.661s][info][gc,phases   ] GC(150)   Evacuate Collection Set: 4.72ms
[2026-09-05T21:21:01.240-0400][532.661s][info][gc,phases   ] GC(150)   Post Evacuate Collection Set: 0.60ms
[2026-09-05T21:21:01.241-0400][532.661s][info][gc,phases   ] GC(150)   Other: 0.12ms
[2026-09-05T21:21:01.241-0400][532.661s][info][gc,heap     ] GC(150) Eden regions: 618->0(619)
[2026-09-05T21:21:01.241-0400][532.661s][info][gc,heap     ] GC(150) Survivor regions: 38->36(82)
[2026-09-05T21:21:01.241-0400][532.661s][info][gc,heap     ] GC(150) Old regions: 522->525
[2026-09-05T21:21:01.241-0400][532.661s][info][gc,heap     ] GC(150) Archive regions: 0->0
[2026-09-05T21:21:01.241-0400][532.661s][info][gc,heap     ] GC(150) Humongous regions: 26->26
[2026-09-05T21:21:01.241-0400][532.661s][info][gc,metaspace] GC(150) Metaspace: 152688K(155200K)->152688K(155200K) NonClass: 130945K(132288K)->130945K(132288K) Class: 21742K(22912K)->21742K(22912K)
[2026-09-05T21:21:01.241-0400][532.661s][info][gc          ] GC(150) Pause Young (Normal) (G1 Evacuation Pause) 2406M->1170M(2762M) 6.029ms
[2026-09-05T21:21:01.241-0400][532.661s][info][gc,cpu      ] GC(150) User=0.03s Sys=0.00s Real=0.01s
[2026-09-05T21:21:02.307-0400][533.727s][info][gc,start    ] GC(151) Pause Young (Normal) (G1 Evacuation Pause)
[2026-09-05T21:21:02.307-0400][533.727s][info][gc,task     ] GC(151) Using 23 workers of 23 for evacuation
[2026-09-05T21:21:02.314-0400][533.734s][info][gc,phases   ] GC(151)   Pre Evacuate Collection Set: 0.18ms
[2026-09-05T21:21:02.314-0400][533.734s][info][gc,phases   ] GC(151)   Merge Heap Roots: 0.23ms
[2026-09-05T21:21:02.314-0400][533.734s][info][gc,phases   ] GC(151)   Evacuate Collection Set: 5.73ms
[2026-09-05T21:21:02.314-0400][533.734s][info][gc,phases   ] GC(151)   Post Evacuate Collection Set: 0.86ms
[2026-09-05T21:21:02.314-0400][533.734s][info][gc,phases   ] GC(151)   Other: 0.18ms
[2026-09-05T21:21:02.314-0400][533.734s][info][gc,heap     ] GC(151) Eden regions: 619->0(620)
[2026-09-05T21:21:02.314-0400][533.734s][info][gc,heap     ] GC(151) Survivor regions: 36->34(82)
[2026-09-05T21:21:02.314-0400][533.734s][info][gc,heap     ] GC(151) Old regions: 525->528
[2026-09-05T21:21:02.314-0400][533.734s][info][gc,heap     ] GC(151) Archive regions: 0->0
[2026-09-05T21:21:02.314-0400][533.734s][info][gc,heap     ] GC(151) Humongous regions: 26->26
[2026-09-05T21:21:02.314-0400][533.734s][info][gc,metaspace] GC(151) Metaspace: 152688K(155200K)->152688K(155200K) NonClass: 130945K(132288K)->130945K(132288K) Class: 21742K(22912K)->21742K(22912K)
[2026-09-05T21:21:02.314-0400][533.734s][info][gc          ] GC(151) Pause Young (Normal) (G1 Evacuation Pause) 2408M->1174M(2762M) 7.341ms
[2026-09-05T21:21:02.314-0400][533.734s][info][gc,cpu      ] GC(151) User=0.00s Sys=0.00s Real=0.01s
[2026-09-05T21:21:02.879-0400][534.299s][info][gc,start    ] GC(152) Pause Young (Normal) (G1 Evacuation Pause)
[2026-09-05T21:21:02.879-0400][534.299s][info][gc,task     ] GC(152) Using 23 workers of 23 for evacuation
[2026-09-05T21:21:02.885-0400][534.305s][info][gc,phases   ] GC(152)   Pre Evacuate Collection Set: 0.15ms
[2026-09-05T21:21:02.885-0400][534.305s][info][gc,phases   ] GC(152)   Merge Heap Roots: 0.19ms
[2026-09-05T21:21:02.885-0400][534.305s][info][gc,phases   ] GC(152)   Evacuate Collection Set: 5.29ms
[2026-09-05T21:21:02.885-0400][534.305s][info][gc,phases   ] GC(152)   Post Evacuate Collection Set: 0.71ms
[2026-09-05T21:21:02.885-0400][534.305s][info][gc,phases   ] GC(152)   Other: 0.17ms
[2026-09-05T21:21:02.885-0400][534.305s][info][gc,heap     ] GC(152) Eden regions: 620->0(617)
[2026-09-05T21:21:02.885-0400][534.305s][info][gc,heap     ] GC(152) Survivor regions: 34->34(82)
[2026-09-05T21:21:02.885-0400][534.305s][info][gc,heap     ] GC(152) Old regions: 528->531
[2026-09-05T21:21:02.885-0400][534.305s][info][gc,heap     ] GC(152) Archive regions: 0->0
[2026-09-05T21:21:02.885-0400][534.305s][info][gc,heap     ] GC(152) Humongous regions: 26->26
[2026-09-05T21:21:02.885-0400][534.305s][info][gc,metaspace] GC(152) Metaspace: 152706K(155264K)->152706K(155264K) NonClass: 130963K(132352K)->130963K(132352K) Class: 21742K(22912K)->21742K(22912K)
[2026-09-05T21:21:02.885-0400][534.305s][info][gc          ] GC(152) Pause Young (Normal) (G1 Evacuation Pause) 2414M->1180M(2762M) 6.633ms
[2026-09-05T21:21:02.885-0400][534.305s][info][gc,cpu      ] GC(152) User=0.34s Sys=0.00s Real=0.01s
[2026-09-05T21:21:03.685-0400][535.105s][info][gc,start    ] GC(153) Pause Young (Normal) (GCLocker Initiated GC)
[2026-09-05T21:21:03.685-0400][535.106s][info][gc,task     ] GC(153) Using 23 workers of 23 for evacuation
[2026-09-05T21:21:03.692-0400][535.112s][info][gc,phases   ] GC(153)   Pre Evacuate Collection Set: 0.19ms
[2026-09-05T21:21:03.692-0400][535.112s][info][gc,phases   ] GC(153)   Merge Heap Roots: 0.19ms
[2026-09-05T21:21:03.692-0400][535.112s][info][gc,phases   ] GC(153)   Evacuate Collection Set: 5.06ms
[2026-09-05T21:21:03.692-0400][535.112s][info][gc,phases   ] GC(153)   Post Evacuate Collection Set: 0.75ms
[2026-09-05T21:21:03.692-0400][535.112s][info][gc,phases   ] GC(153)   Other: 0.17ms
[2026-09-05T21:21:03.692-0400][535.112s][info][gc,heap     ] GC(153) Eden regions: 618->0(615)
[2026-09-05T21:21:03.692-0400][535.112s][info][gc,heap     ] GC(153) Survivor regions: 34->33(82)
[2026-09-05T21:21:03.692-0400][535.112s][info][gc,heap     ] GC(153) Old regions: 531->535
[2026-09-05T21:21:03.692-0400][535.112s][info][gc,heap     ] GC(153) Archive regions: 0->0
[2026-09-05T21:21:03.692-0400][535.112s][info][gc,heap     ] GC(153) Humongous regions: 26->26
[2026-09-05T21:21:03.692-0400][535.112s][info][gc,metaspace] GC(153) Metaspace: 152711K(155264K)->152711K(155264K) NonClass: 130968K(132352K)->130968K(132352K) Class: 21742K(22912K)->21742K(22912K)
[2026-09-05T21:21:03.692-0400][535.112s][info][gc          ] GC(153) Pause Young (Normal) (GCLocker Initiated GC) 2415M->1185M(2762M) 6.495ms
[2026-09-05T21:21:03.692-0400][535.112s][info][gc,cpu      ] GC(153) User=0.00s Sys=0.00s Real=0.01s
[2026-09-05T21:21:04.009-0400][535.429s][info][gc,start    ] GC(154) Pause Young (Normal) (G1 Evacuation Pause)
[2026-09-05T21:21:04.009-0400][535.429s][info][gc,task     ] GC(154) Using 23 workers of 23 for evacuation
[2026-09-05T21:21:04.016-0400][535.437s][info][gc,phases   ] GC(154)   Pre Evacuate Collection Set: 0.17ms
[2026-09-05T21:21:04.016-0400][535.437s][info][gc,phases   ] GC(154)   Merge Heap Roots: 0.20ms
[2026-09-05T21:21:04.016-0400][535.437s][info][gc,phases   ] GC(154)   Evacuate Collection Set: 6.39ms
[2026-09-05T21:21:04.016-0400][535.437s][info][gc,phases   ] GC(154)   Post Evacuate Collection Set: 0.67ms
[2026-09-05T21:21:04.016-0400][535.437s][info][gc,phases   ] GC(154)   Other: 0.27ms
[2026-09-05T21:21:04.016-0400][535.437s][info][gc,heap     ] GC(154) Eden regions: 615->0(605)
[2026-09-05T21:21:04.016-0400][535.437s][info][gc,heap     ] GC(154) Survivor regions: 33->36(81)
[2026-09-05T21:21:04.016-0400][535.437s][info][gc,heap     ] GC(154) Old regions: 535->539
[2026-09-05T21:21:04.016-0400][535.437s][info][gc,heap     ] GC(154) Archive regions: 0->0
[2026-09-05T21:21:04.016-0400][535.437s][info][gc,heap     ] GC(154) Humongous regions: 26->26
[2026-09-05T21:21:04.016-0400][535.437s][info][gc,metaspace] GC(154) Metaspace: 152726K(155264K)->152726K(155264K) NonClass: 130982K(132352K)->130982K(132352K) Class: 21743K(22912K)->21743K(22912K)
[2026-09-05T21:21:04.016-0400][535.437s][info][gc          ] GC(154) Pause Young (Normal) (G1 Evacuation Pause) 2415M->1198M(2762M) 7.814ms
[2026-09-05T21:21:04.017-0400][535.437s][info][gc,cpu      ] GC(154) User=0.00s Sys=0.00s Real=0.01s
[2026-09-05T21:21:04.723-0400][536.143s][info][gc,start    ] GC(155) Pause Young (Normal) (G1 Evacuation Pause)
[2026-09-05T21:21:04.723-0400][536.143s][info][gc,task     ] GC(155) Using 23 workers of 23 for evacuation
[2026-09-05T21:21:04.730-0400][536.150s][info][gc,phases   ] GC(155)   Pre Evacuate Collection Set: 0.13ms
[2026-09-05T21:21:04.730-0400][536.150s][info][gc,phases   ] GC(155)   Merge Heap Roots: 0.18ms
[2026-09-05T21:21:04.730-0400][536.150s][info][gc,phases   ] GC(155)   Evacuate Collection Set: 5.44ms
[2026-09-05T21:21:04.730-0400][536.150s][info][gc,phases   ] GC(155)   Post Evacuate Collection Set: 0.65ms
[2026-09-05T21:21:04.730-0400][536.150s][info][gc,phases   ] GC(155)   Other: 0.17ms
[2026-09-05T21:21:04.730-0400][536.150s][info][gc,heap     ] GC(155) Eden regions: 605->0(606)
[2026-09-05T21:21:04.730-0400][536.150s][info][gc,heap     ] GC(155) Survivor regions: 36->33(81)
[2026-09-05T21:21:04.730-0400][536.150s][info][gc,heap     ] GC(155) Old regions: 539->544
[2026-09-05T21:21:04.730-0400][536.150s][info][gc,heap     ] GC(155) Archive regions: 0->0
[2026-09-05T21:21:04.730-0400][536.150s][info][gc,heap     ] GC(155) Humongous regions: 26->26
[2026-09-05T21:21:04.730-0400][536.150s][info][gc,metaspace] GC(155) Metaspace: 152731K(155264K)->152731K(155264K) NonClass: 130987K(132352K)->130987K(132352K) Class: 21743K(22912K)->21743K(22912K)
[2026-09-05T21:21:04.730-0400][536.150s][info][gc          ] GC(155) Pause Young (Normal) (G1 Evacuation Pause) 2408M->1203M(2762M) 6.719ms
[2026-09-05T21:21:04.730-0400][536.150s][info][gc,cpu      ] GC(155) User=0.38s Sys=0.00s Real=0.01s
[2026-09-05T21:21:05.731-0400][537.152s][info][gc,start    ] GC(156) Pause Young (Normal) (G1 Evacuation Pause)
[2026-09-05T21:21:05.731-0400][537.152s][info][gc,task     ] GC(156) Using 23 workers of 23 for evacuation
[2026-09-05T21:21:05.738-0400][537.158s][info][gc,phases   ] GC(156)   Pre Evacuate Collection Set: 0.19ms
[2026-09-05T21:21:05.738-0400][537.158s][info][gc,phases   ] GC(156)   Merge Heap Roots: 0.22ms
[2026-09-05T21:21:05.738-0400][537.158s][info][gc,phases   ] GC(156)   Evacuate Collection Set: 5.36ms
[2026-09-05T21:21:05.738-0400][537.158s][info][gc,phases   ] GC(156)   Post Evacuate Collection Set: 0.68ms
[2026-09-05T21:21:05.738-0400][537.158s][info][gc,phases   ] GC(156)   Other: 0.18ms
[2026-09-05T21:21:05.738-0400][537.158s][info][gc,heap     ] GC(156) Eden regions: 606->0(601)
[2026-09-05T21:21:05.738-0400][537.158s][info][gc,heap     ] GC(156) Survivor regions: 33->34(80)
[2026-09-05T21:21:05.738-0400][537.158s][info][gc,heap     ] GC(156) Old regions: 544->547
[2026-09-05T21:21:05.738-0400][537.158s][info][gc,heap     ] GC(156) Archive regions: 0->0
[2026-09-05T21:21:05.738-0400][537.158s][info][gc,heap     ] GC(156) Humongous regions: 26->26
[2026-09-05T21:21:05.738-0400][537.158s][info][gc,metaspace] GC(156) Metaspace: 152731K(155264K)->152731K(155264K) NonClass: 130988K(132352K)->130988K(132352K) Class: 21743K(22912K)->21743K(22912K)
[2026-09-05T21:21:05.738-0400][537.159s][info][gc          ] GC(156) Pause Young (Normal) (G1 Evacuation Pause) 2415M->1211M(2762M) 6.766ms
[2026-09-05T21:21:05.738-0400][537.159s][info][gc,cpu      ] GC(156) User=0.00s Sys=0.00s Real=0.01s
[2026-09-05T21:21:06.080-0400][537.500s][info][gc,start    ] GC(157) Pause Young (Normal) (G1 Evacuation Pause)
[2026-09-05T21:21:06.080-0400][537.500s][info][gc,task     ] GC(157) Using 23 workers of 23 for evacuation
[2026-09-05T21:21:06.089-0400][537.509s][info][gc,phases   ] GC(157)   Pre Evacuate Collection Set: 0.30ms
[2026-09-05T21:21:06.089-0400][537.509s][info][gc,phases   ] GC(157)   Merge Heap Roots: 0.16ms
[2026-09-05T21:21:06.089-0400][537.509s][info][gc,phases   ] GC(157)   Evacuate Collection Set: 7.13ms
[2026-09-05T21:21:06.089-0400][537.509s][info][gc,phases   ] GC(157)   Post Evacuate Collection Set: 0.63ms
[2026-09-05T21:21:06.089-0400][537.509s][info][gc,phases   ] GC(157)   Other: 0.23ms
[2026-09-05T21:21:06.089-0400][537.509s][info][gc,heap     ] GC(157) Eden regions: 601->0(592)
[2026-09-05T21:21:06.089-0400][537.509s][info][gc,heap     ] GC(157) Survivor regions: 34->36(80)
[2026-09-05T21:21:06.089-0400][537.509s][info][gc,heap     ] GC(157) Old regions: 547->552
[2026-09-05T21:21:06.089-0400][537.509s][info][gc,heap     ] GC(157) Archive regions: 0->0
[2026-09-05T21:21:06.089-0400][537.509s][info][gc,heap     ] GC(157) Humongous regions: 26->26
[2026-09-05T21:21:06.089-0400][537.509s][info][gc,metaspace] GC(157) Metaspace: 152733K(155264K)->152733K(155264K) NonClass: 130990K(132352K)->130990K(132352K) Class: 21743K(22912K)->21743K(22912K)
[2026-09-05T21:21:06.089-0400][537.509s][info][gc          ] GC(157) Pause Young (Normal) (G1 Evacuation Pause) 2413M->1226M(2762M) 8.540ms
[2026-09-05T21:21:06.089-0400][537.509s][info][gc,cpu      ] GC(157) User=0.33s Sys=0.02s Real=0.01s
[2026-09-05T21:21:06.999-0400][538.419s][info][gc,start    ] GC(158) Pause Young (Normal) (G1 Evacuation Pause)
[2026-09-05T21:21:06.999-0400][538.419s][info][gc,task     ] GC(158) Using 23 workers of 23 for evacuation
[2026-09-05T21:21:07.005-0400][538.425s][info][gc,phases   ] GC(158)   Pre Evacuate Collection Set: 0.21ms
[2026-09-05T21:21:07.005-0400][538.425s][info][gc,phases   ] GC(158)   Merge Heap Roots: 0.17ms
[2026-09-05T21:21:07.005-0400][538.425s][info][gc,phases   ] GC(158)   Evacuate Collection Set: 4.82ms
[2026-09-05T21:21:07.005-0400][538.425s][info][gc,phases   ] GC(158)   Post Evacuate Collection Set: 0.81ms
[2026-09-05T21:21:07.005-0400][538.425s][info][gc,phases   ] GC(158)   Other: 0.15ms
[2026-09-05T21:21:07.005-0400][538.425s][info][gc,heap     ] GC(158) Eden regions: 592->0(591)
[2026-09-05T21:21:07.005-0400][538.425s][info][gc,heap     ] GC(158) Survivor regions: 36->35(79)
[2026-09-05T21:21:07.005-0400][538.425s][info][gc,heap     ] GC(158) Old regions: 552->555
[2026-09-05T21:21:07.005-0400][538.425s][info][gc,heap     ] GC(158) Archive regions: 0->0
[2026-09-05T21:21:07.005-0400][538.425s][info][gc,heap     ] GC(158) Humongous regions: 26->26
[2026-09-05T21:21:07.005-0400][538.425s][info][gc,metaspace] GC(158) Metaspace: 152735K(155264K)->152735K(155264K) NonClass: 130991K(132352K)->130991K(132352K) Class: 21743K(22912K)->21743K(22912K)
[2026-09-05T21:21:07.005-0400][538.425s][info][gc          ] GC(158) Pause Young (Normal) (G1 Evacuation Pause) 2410M->1229M(2762M) 6.434ms
[2026-09-05T21:21:07.005-0400][538.425s][info][gc,cpu      ] GC(158) User=0.00s Sys=0.00s Real=0.01s
[2026-09-05T21:21:07.595-0400][539.015s][info][gc,start    ] GC(159) Pause Young (Normal) (G1 Evacuation Pause)
[2026-09-05T21:21:07.595-0400][539.015s][info][gc,task     ] GC(159) Using 23 workers of 23 for evacuation
[2026-09-05T21:21:07.601-0400][539.021s][info][gc,phases   ] GC(159)   Pre Evacuate Collection Set: 0.23ms
[2026-09-05T21:21:07.601-0400][539.021s][info][gc,phases   ] GC(159)   Merge Heap Roots: 0.22ms
[2026-09-05T21:21:07.601-0400][539.021s][info][gc,phases   ] GC(159)   Evacuate Collection Set: 4.87ms
[2026-09-05T21:21:07.601-0400][539.022s][info][gc,phases   ] GC(159)   Post Evacuate Collection Set: 0.72ms
[2026-09-05T21:21:07.601-0400][539.022s][info][gc,phases   ] GC(159)   Other: 0.22ms
[2026-09-05T21:21:07.601-0400][539.022s][info][gc,heap     ] GC(159) Eden regions: 591->0(584)
[2026-09-05T21:21:07.601-0400][539.022s][info][gc,heap     ] GC(159) Survivor regions: 35->38(79)
[2026-09-05T21:21:07.601-0400][539.022s][info][gc,heap     ] GC(159) Old regions: 555->556
[2026-09-05T21:21:07.601-0400][539.022s][info][gc,heap     ] GC(159) Archive regions: 0->0
[2026-09-05T21:21:07.601-0400][539.022s][info][gc,heap     ] GC(159) Humongous regions: 26->26
[2026-09-05T21:21:07.601-0400][539.022s][info][gc,metaspace] GC(159) Metaspace: 152738K(155264K)->152738K(155264K) NonClass: 130994K(132352K)->130994K(132352K) Class: 21743K(22912K)->21743K(22912K)
[2026-09-05T21:21:07.601-0400][539.022s][info][gc          ] GC(159) Pause Young (Normal) (G1 Evacuation Pause) 2411M->1237M(2762M) 6.387ms
[2026-09-05T21:21:07.601-0400][539.022s][info][gc,cpu      ] GC(159) User=0.36s Sys=0.02s Real=0.01s
[2026-09-05T21:21:08.262-0400][539.682s][info][gc,start    ] GC(160) Pause Young (Normal) (G1 Evacuation Pause)
[2026-09-05T21:21:08.262-0400][539.682s][info][gc,task     ] GC(160) Using 23 workers of 23 for evacuation
[2026-09-05T21:21:08.272-0400][539.692s][info][gc,phases   ] GC(160)   Pre Evacuate Collection Set: 0.30ms
[2026-09-05T21:21:08.272-0400][539.692s][info][gc,phases   ] GC(160)   Merge Heap Roots: 0.29ms
[2026-09-05T21:21:08.272-0400][539.692s][info][gc,phases   ] GC(160)   Evacuate Collection Set: 8.48ms
[2026-09-05T21:21:08.272-0400][539.692s][info][gc,phases   ] GC(160)   Post Evacuate Collection Set: 0.82ms
[2026-09-05T21:21:08.272-0400][539.692s][info][gc,phases   ] GC(160)   Other: 0.24ms
[2026-09-05T21:21:08.272-0400][539.692s][info][gc,heap     ] GC(160) Eden regions: 584->0(570)
[2026-09-05T21:21:08.272-0400][539.692s][info][gc,heap     ] GC(160) Survivor regions: 38->45(78)
[2026-09-05T21:21:08.272-0400][539.692s][info][gc,heap     ] GC(160) Old regions: 556->556
[2026-09-05T21:21:08.272-0400][539.692s][info][gc,heap     ] GC(160) Archive regions: 0->0
[2026-09-05T21:21:08.272-0400][539.692s][info][gc,heap     ] GC(160) Humongous regions: 26->26
[2026-09-05T21:21:08.272-0400][539.692s][info][gc,metaspace] GC(160) Metaspace: 152745K(155264K)->152745K(155264K) NonClass: 131001K(132352K)->131001K(132352K) Class: 21743K(22912K)->21743K(22912K)
[2026-09-05T21:21:08.272-0400][539.692s][info][gc          ] GC(160) Pause Young (Normal) (G1 Evacuation Pause) 2405M->1252M(2762M) 10.268ms
[2026-09-05T21:21:08.272-0400][539.692s][info][gc,cpu      ] GC(160) User=0.11s Sys=0.00s Real=0.01s
[2026-09-05T21:21:08.578-0400][539.998s][info][gc,start    ] GC(161) Pause Young (Normal) (G1 Evacuation Pause)
[2026-09-05T21:21:08.578-0400][539.998s][info][gc,task     ] GC(161) Using 23 workers of 23 for evacuation
[2026-09-05T21:21:08.587-0400][540.006s][info][gc,phases   ] GC(161)   Pre Evacuate Collection Set: 0.15ms
[2026-09-05T21:21:08.587-0400][540.006s][info][gc,phases   ] GC(161)   Merge Heap Roots: 0.19ms
[2026-09-05T21:21:08.587-0400][540.006s][info][gc,phases   ] GC(161)   Evacuate Collection Set: 7.07ms
[2026-09-05T21:21:08.587-0400][540.006s][info][gc,phases   ] GC(161)   Post Evacuate Collection Set: 0.79ms
[2026-09-05T21:21:08.587-0400][540.006s][info][gc,phases   ] GC(161)   Other: 0.33ms
[2026-09-05T21:21:08.587-0400][540.007s][info][gc,heap     ] GC(161) Eden regions: 570->0(569)
[2026-09-05T21:21:08.587-0400][540.007s][info][gc,heap     ] GC(161) Survivor regions: 45->43(77)
[2026-09-05T21:21:08.587-0400][540.007s][info][gc,heap     ] GC(161) Old regions: 556->561
[2026-09-05T21:21:08.587-0400][540.007s][info][gc,heap     ] GC(161) Archive regions: 0->0
[2026-09-05T21:21:08.587-0400][540.007s][info][gc,heap     ] GC(161) Humongous regions: 26->26
[2026-09-05T21:21:08.587-0400][540.007s][info][gc,metaspace] GC(161) Metaspace: 152749K(155264K)->152749K(155264K) NonClass: 131005K(132352K)->131005K(132352K) Class: 21743K(22912K)->21743K(22912K)
[2026-09-05T21:21:08.587-0400][540.007s][info][gc          ] GC(161) Pause Young (Normal) (G1 Evacuation Pause) 2392M->1259M(2762M) 8.746ms
[2026-09-05T21:21:08.587-0400][540.007s][info][gc,cpu      ] GC(161) User=0.31s Sys=0.02s Real=0.01s
[2026-09-05T21:21:09.550-0400][540.970s][info][gc,start    ] GC(162) Pause Young (Normal) (G1 Evacuation Pause)
[2026-09-05T21:21:09.550-0400][540.970s][info][gc,task     ] GC(162) Using 23 workers of 23 for evacuation
[2026-09-05T21:21:09.559-0400][540.978s][info][gc,phases   ] GC(162)   Pre Evacuate Collection Set: 0.17ms
[2026-09-05T21:21:09.559-0400][540.978s][info][gc,phases   ] GC(162)   Merge Heap Roots: 0.23ms
[2026-09-05T21:21:09.559-0400][540.978s][info][gc,phases   ] GC(162)   Evacuate Collection Set: 6.71ms
[2026-09-05T21:21:09.559-0400][540.978s][info][gc,phases   ] GC(162)   Post Evacuate Collection Set: 0.87ms
[2026-09-05T21:21:09.559-0400][540.978s][info][gc,phases   ] GC(162)   Other: 0.20ms
[2026-09-05T21:21:09.559-0400][540.978s][info][gc,heap     ] GC(162) Eden regions: 569->0(567)
[2026-09-05T21:21:09.559-0400][540.978s][info][gc,heap     ] GC(162) Survivor regions: 43->42(77)
[2026-09-05T21:21:09.559-0400][540.978s][info][gc,heap     ] GC(162) Old regions: 561->565
[2026-09-05T21:21:09.559-0400][540.978s][info][gc,heap     ] GC(162) Archive regions: 0->0
[2026-09-05T21:21:09.559-0400][540.978s][info][gc,heap     ] GC(162) Humongous regions: 26->26
[2026-09-05T21:21:09.559-0400][540.978s][info][gc,metaspace] GC(162) Metaspace: 152771K(155328K)->152771K(155328K) NonClass: 131024K(132416K)->131024K(132416K) Class: 21746K(22912K)->21746K(22912K)
[2026-09-05T21:21:09.559-0400][540.978s][info][gc          ] GC(162) Pause Young (Normal) (G1 Evacuation Pause) 2397M->1264M(2762M) 8.279ms
[2026-09-05T21:21:09.559-0400][540.979s][info][gc,cpu      ] GC(162) User=0.36s Sys=0.00s Real=0.01s
[2026-09-05T21:21:10.452-0400][541.873s][info][gc,start    ] GC(163) Pause Young (Normal) (G1 Evacuation Pause)
[2026-09-05T21:21:10.452-0400][541.873s][info][gc,task     ] GC(163) Using 23 workers of 23 for evacuation
[2026-09-05T21:21:10.460-0400][541.880s][info][gc,phases   ] GC(163)   Pre Evacuate Collection Set: 0.17ms
[2026-09-05T21:21:10.460-0400][541.880s][info][gc,phases   ] GC(163)   Merge Heap Roots: 0.36ms
[2026-09-05T21:21:10.460-0400][541.880s][info][gc,phases   ] GC(163)   Evacuate Collection Set: 6.14ms
[2026-09-05T21:21:10.460-0400][541.880s][info][gc,phases   ] GC(163)   Post Evacuate Collection Set: 0.76ms
[2026-09-05T21:21:10.460-0400][541.880s][info][gc,phases   ] GC(163)   Other: 0.16ms
[2026-09-05T21:21:10.460-0400][541.880s][info][gc,heap     ] GC(163) Eden regions: 567->0(561)
[2026-09-05T21:21:10.460-0400][541.880s][info][gc,heap     ] GC(163) Survivor regions: 42->45(77)
[2026-09-05T21:21:10.460-0400][541.880s][info][gc,heap     ] GC(163) Old regions: 565->565
[2026-09-05T21:21:10.460-0400][541.880s][info][gc,heap     ] GC(163) Archive regions: 0->0
[2026-09-05T21:21:10.460-0400][541.880s][info][gc,heap     ] GC(163) Humongous regions: 26->26
[2026-09-05T21:21:10.460-0400][541.880s][info][gc,metaspace] GC(163) Metaspace: 152787K(155328K)->152787K(155328K) NonClass: 131040K(132416K)->131040K(132416K) Class: 21746K(22912K)->21746K(22912K)
[2026-09-05T21:21:10.460-0400][541.880s][info][gc          ] GC(163) Pause Young (Normal) (G1 Evacuation Pause) 2398M->1271M(2762M) 7.734ms
[2026-09-05T21:21:10.460-0400][541.880s][info][gc,cpu      ] GC(163) User=0.38s Sys=0.00s Real=0.01s
[2026-09-05T21:21:11.034-0400][542.454s][info][gc,start    ] GC(164) Pause Young (Normal) (GCLocker Initiated GC)
[2026-09-05T21:21:11.034-0400][542.454s][info][gc,task     ] GC(164) Using 23 workers of 23 for evacuation
[2026-09-05T21:21:11.041-0400][542.462s][info][gc,phases   ] GC(164)   Pre Evacuate Collection Set: 0.22ms
[2026-09-05T21:21:11.041-0400][542.462s][info][gc,phases   ] GC(164)   Merge Heap Roots: 0.19ms
[2026-09-05T21:21:11.041-0400][542.462s][info][gc,phases   ] GC(164)   Evacuate Collection Set: 6.30ms
[2026-09-05T21:21:11.041-0400][542.462s][info][gc,phases   ] GC(164)   Post Evacuate Collection Set: 0.79ms
[2026-09-05T21:21:11.041-0400][542.462s][info][gc,phases   ] GC(164)   Other: 0.21ms
[2026-09-05T21:21:11.041-0400][542.462s][info][gc,heap     ] GC(164) Eden regions: 562->0(560)
[2026-09-05T21:21:11.041-0400][542.462s][info][gc,heap     ] GC(164) Survivor regions: 45->43(76)
[2026-09-05T21:21:11.041-0400][542.462s][info][gc,heap     ] GC(164) Old regions: 565->570
[2026-09-05T21:21:11.041-0400][542.462s][info][gc,heap     ] GC(164) Archive regions: 0->0
[2026-09-05T21:21:11.041-0400][542.462s][info][gc,heap     ] GC(164) Humongous regions: 26->26
[2026-09-05T21:21:11.041-0400][542.462s][info][gc,metaspace] GC(164) Metaspace: 152801K(155328K)->152801K(155328K) NonClass: 131054K(132416K)->131054K(132416K) Class: 21747K(22912K)->21747K(22912K)
[2026-09-05T21:21:11.041-0400][542.462s][info][gc          ] GC(164) Pause Young (Normal) (GCLocker Initiated GC) 2394M->1276M(2762M) 7.848ms
[2026-09-05T21:21:11.041-0400][542.462s][info][gc,cpu      ] GC(164) User=0.34s Sys=0.02s Real=0.01s
[2026-09-05T21:21:11.636-0400][543.056s][info][gc,start    ] GC(165) Pause Young (Normal) (G1 Evacuation Pause)
[2026-09-05T21:21:11.636-0400][543.056s][info][gc,task     ] GC(165) Using 23 workers of 23 for evacuation
[2026-09-05T21:21:11.644-0400][543.064s][info][gc,phases   ] GC(165)   Pre Evacuate Collection Set: 0.20ms
[2026-09-05T21:21:11.644-0400][543.064s][info][gc,phases   ] GC(165)   Merge Heap Roots: 0.22ms
[2026-09-05T21:21:11.644-0400][543.064s][info][gc,phases   ] GC(165)   Evacuate Collection Set: 6.76ms
[2026-09-05T21:21:11.644-0400][543.064s][info][gc,phases   ] GC(165)   Post Evacuate Collection Set: 0.74ms
[2026-09-05T21:21:11.644-0400][543.064s][info][gc,phases   ] GC(165)   Other: 0.21ms
[2026-09-05T21:21:11.644-0400][543.064s][info][gc,heap     ] GC(165) Eden regions: 560->0(548)
[2026-09-05T21:21:11.644-0400][543.064s][info][gc,heap     ] GC(165) Survivor regions: 43->47(76)
[2026-09-05T21:21:11.644-0400][543.064s][info][gc,heap     ] GC(165) Old regions: 570->574
[2026-09-05T21:21:11.644-0400][543.064s][info][gc,heap     ] GC(165) Archive regions: 0->0
[2026-09-05T21:21:11.644-0400][543.064s][info][gc,heap     ] GC(165) Humongous regions: 26->26
[2026-09-05T21:21:11.644-0400][543.064s][info][gc,metaspace] GC(165) Metaspace: 152821K(155328K)->152821K(155328K) NonClass: 131074K(132416K)->131074K(132416K) Class: 21747K(22912K)->21747K(22912K)
[2026-09-05T21:21:11.644-0400][543.064s][info][gc          ] GC(165) Pause Young (Normal) (G1 Evacuation Pause) 2396M->1291M(2762M) 8.252ms
[2026-09-05T21:21:11.644-0400][543.064s][info][gc,cpu      ] GC(165) User=0.00s Sys=0.00s Real=0.01s
[2026-09-05T21:21:11.822-0400][543.243s][info][gc,start    ] GC(166) Pause Young (Normal) (G1 Evacuation Pause)
[2026-09-05T21:21:11.822-0400][543.243s][info][gc,task     ] GC(166) Using 23 workers of 23 for evacuation
[2026-09-05T21:21:11.831-0400][543.251s][info][gc,phases   ] GC(166)   Pre Evacuate Collection Set: 0.14ms
[2026-09-05T21:21:11.831-0400][543.251s][info][gc,phases   ] GC(166)   Merge Heap Roots: 0.17ms
[2026-09-05T21:21:11.831-0400][543.251s][info][gc,phases   ] GC(166)   Evacuate Collection Set: 6.81ms
[2026-09-05T21:21:11.831-0400][543.251s][info][gc,phases   ] GC(166)   Post Evacuate Collection Set: 0.55ms
[2026-09-05T21:21:11.831-0400][543.251s][info][gc,phases   ] GC(166)   Other: 0.18ms
[2026-09-05T21:21:11.831-0400][543.251s][info][gc,heap     ] GC(166) Eden regions: 548->0(551)
[2026-09-05T21:21:11.831-0400][543.251s][info][gc,heap     ] GC(166) Survivor regions: 47->41(75)
[2026-09-05T21:21:11.831-0400][543.251s][info][gc,heap     ] GC(166) Old regions: 574->583
[2026-09-05T21:21:11.831-0400][543.251s][info][gc,heap     ] GC(166) Archive regions: 0->0
[2026-09-05T21:21:11.831-0400][543.251s][info][gc,heap     ] GC(166) Humongous regions: 26->26
[2026-09-05T21:21:11.831-0400][543.251s][info][gc,metaspace] GC(166) Metaspace: 152821K(155328K)->152821K(155328K) NonClass: 131074K(132416K)->131074K(132416K) Class: 21747K(22912K)->21747K(22912K)
[2026-09-05T21:21:11.831-0400][543.251s][info][gc          ] GC(166) Pause Young (Normal) (G1 Evacuation Pause) 2387M->1298M(2762M) 7.986ms
[2026-09-05T21:21:11.831-0400][543.251s][info][gc,cpu      ] GC(166) User=0.00s Sys=0.00s Real=0.01s
[2026-09-05T21:21:12.550-0400][543.970s][info][gc,start    ] GC(167) Pause Young (Normal) (G1 Evacuation Pause)
[2026-09-05T21:21:12.550-0400][543.970s][info][gc,task     ] GC(167) Using 23 workers of 23 for evacuation
[2026-09-05T21:21:12.556-0400][543.976s][info][gc,phases   ] GC(167)   Pre Evacuate Collection Set: 0.20ms
[2026-09-05T21:21:12.556-0400][543.976s][info][gc,phases   ] GC(167)   Merge Heap Roots: 0.20ms
[2026-09-05T21:21:12.556-0400][543.977s][info][gc,phases   ] GC(167)   Evacuate Collection Set: 5.24ms
[2026-09-05T21:21:12.556-0400][543.977s][info][gc,phases   ] GC(167)   Post Evacuate Collection Set: 0.81ms
[2026-09-05T21:21:12.556-0400][543.977s][info][gc,phases   ] GC(167)   Other: 0.14ms
[2026-09-05T21:21:12.556-0400][543.977s][info][gc,heap     ] GC(167) Eden regions: 551->0(551)
[2026-09-05T21:21:12.556-0400][543.977s][info][gc,heap     ] GC(167) Survivor regions: 41->41(74)
[2026-09-05T21:21:12.556-0400][543.977s][info][gc,heap     ] GC(167) Old regions: 583->583
[2026-09-05T21:21:12.556-0400][543.977s][info][gc,heap     ] GC(167) Archive regions: 0->0
[2026-09-05T21:21:12.556-0400][543.977s][info][gc,heap     ] GC(167) Humongous regions: 26->26
[2026-09-05T21:21:12.556-0400][543.977s][info][gc,metaspace] GC(167) Metaspace: 152839K(155392K)->152839K(155392K) NonClass: 131091K(132480K)->131091K(132480K) Class: 21747K(22912K)->21747K(22912K)
[2026-09-05T21:21:12.556-0400][543.977s][info][gc          ] GC(167) Pause Young (Normal) (G1 Evacuation Pause) 2400M->1298M(2762M) 6.696ms
[2026-09-05T21:21:12.556-0400][543.977s][info][gc,cpu      ] GC(167) User=0.34s Sys=0.02s Real=0.01s
[2026-09-05T21:21:13.333-0400][544.753s][info][gc,start    ] GC(168) Pause Young (Normal) (G1 Evacuation Pause)
[2026-09-05T21:21:13.333-0400][544.753s][info][gc,task     ] GC(168) Using 23 workers of 23 for evacuation
[2026-09-05T21:21:13.340-0400][544.760s][info][gc,phases   ] GC(168)   Pre Evacuate Collection Set: 0.21ms
[2026-09-05T21:21:13.340-0400][544.760s][info][gc,phases   ] GC(168)   Merge Heap Roots: 0.18ms
[2026-09-05T21:21:13.340-0400][544.760s][info][gc,phases   ] GC(168)   Evacuate Collection Set: 5.62ms
[2026-09-05T21:21:13.340-0400][544.760s][info][gc,phases   ] GC(168)   Post Evacuate Collection Set: 0.62ms
[2026-09-05T21:21:13.340-0400][544.760s][info][gc,phases   ] GC(168)   Other: 0.21ms
[2026-09-05T21:21:13.340-0400][544.760s][info][gc,heap     ] GC(168) Eden regions: 551->0(544)
[2026-09-05T21:21:13.340-0400][544.760s][info][gc,heap     ] GC(168) Survivor regions: 41->43(74)
[2026-09-05T21:21:13.340-0400][544.760s][info][gc,heap     ] GC(168) Old regions: 583->586
[2026-09-05T21:21:13.340-0400][544.760s][info][gc,heap     ] GC(168) Archive regions: 0->0
[2026-09-05T21:21:13.340-0400][544.760s][info][gc,heap     ] GC(168) Humongous regions: 26->26
[2026-09-05T21:21:13.340-0400][544.760s][info][gc,metaspace] GC(168) Metaspace: 152847K(155392K)->152847K(155392K) NonClass: 131099K(132480K)->131099K(132480K) Class: 21747K(22912K)->21747K(22912K)
[2026-09-05T21:21:13.340-0400][544.760s][info][gc          ] GC(168) Pause Young (Normal) (G1 Evacuation Pause) 2400M->1306M(2762M) 6.963ms
[2026-09-05T21:21:13.340-0400][544.760s][info][gc,cpu      ] GC(168) User=0.38s Sys=0.00s Real=0.01s
[2026-09-05T21:21:13.815-0400][545.236s][info][gc,start    ] GC(169) Pause Young (Normal) (G1 Evacuation Pause)
[2026-09-05T21:21:13.815-0400][545.236s][info][gc,task     ] GC(169) Using 23 workers of 23 for evacuation
[2026-09-05T21:21:13.822-0400][545.242s][info][gc,phases   ] GC(169)   Pre Evacuate Collection Set: 0.17ms
[2026-09-05T21:21:13.822-0400][545.242s][info][gc,phases   ] GC(169)   Merge Heap Roots: 0.17ms
[2026-09-05T21:21:13.822-0400][545.242s][info][gc,phases   ] GC(169)   Evacuate Collection Set: 5.60ms
[2026-09-05T21:21:13.822-0400][545.242s][info][gc,phases   ] GC(169)   Post Evacuate Collection Set: 0.66ms
[2026-09-05T21:21:13.822-0400][545.242s][info][gc,phases   ] GC(169)   Other: 0.14ms
[2026-09-05T21:21:13.822-0400][545.242s][info][gc,heap     ] GC(169) Eden regions: 544->0(540)
[2026-09-05T21:21:13.822-0400][545.242s][info][gc,heap     ] GC(169) Survivor regions: 43->43(74)
[2026-09-05T21:21:13.822-0400][545.242s][info][gc,heap     ] GC(169) Old regions: 586->590
[2026-09-05T21:21:13.822-0400][545.242s][info][gc,heap     ] GC(169) Archive regions: 0->0
[2026-09-05T21:21:13.822-0400][545.242s][info][gc,heap     ] GC(169) Humongous regions: 26->26
[2026-09-05T21:21:13.822-0400][545.242s][info][gc,metaspace] GC(169) Metaspace: 152854K(155392K)->152854K(155392K) NonClass: 131106K(132480K)->131106K(132480K) Class: 21747K(22912K)->21747K(22912K)
[2026-09-05T21:21:13.822-0400][545.242s][info][gc          ] GC(169) Pause Young (Normal) (G1 Evacuation Pause) 2394M->1315M(2762M) 6.875ms
[2026-09-05T21:21:13.822-0400][545.242s][info][gc,cpu      ] GC(169) User=0.38s Sys=0.00s Real=0.01s
[2026-09-05T21:21:14.197-0400][545.618s][info][gc,start    ] GC(170) Pause Young (Normal) (G1 Evacuation Pause)
[2026-09-05T21:21:14.197-0400][545.618s][info][gc,task     ] GC(170) Using 23 workers of 23 for evacuation
[2026-09-05T21:21:14.206-0400][545.627s][info][gc,phases   ] GC(170)   Pre Evacuate Collection Set: 0.18ms
[2026-09-05T21:21:14.206-0400][545.627s][info][gc,phases   ] GC(170)   Merge Heap Roots: 0.22ms
[2026-09-05T21:21:14.206-0400][545.627s][info][gc,phases   ] GC(170)   Evacuate Collection Set: 7.60ms
[2026-09-05T21:21:14.206-0400][545.627s][info][gc,phases   ] GC(170)   Post Evacuate Collection Set: 0.68ms
[2026-09-05T21:21:14.206-0400][545.627s][info][gc,phases   ] GC(170)   Other: 0.15ms
[2026-09-05T21:21:14.206-0400][545.627s][info][gc,heap     ] GC(170) Eden regions: 540->0(529)
[2026-09-05T21:21:14.206-0400][545.627s][info][gc,heap     ] GC(170) Survivor regions: 43->46(73)
[2026-09-05T21:21:14.206-0400][545.627s][info][gc,heap     ] GC(170) Old regions: 590->595
[2026-09-05T21:21:14.206-0400][545.627s][info][gc,heap     ] GC(170) Archive regions: 0->0
[2026-09-05T21:21:14.206-0400][545.627s][info][gc,heap     ] GC(170) Humongous regions: 26->26
[2026-09-05T21:21:14.206-0400][545.627s][info][gc,metaspace] GC(170) Metaspace: 152855K(155392K)->152855K(155392K) NonClass: 131107K(132480K)->131107K(132480K) Class: 21747K(22912K)->21747K(22912K)
[2026-09-05T21:21:14.207-0400][545.627s][info][gc          ] GC(170) Pause Young (Normal) (G1 Evacuation Pause) 2395M->1332M(2762M) 9.012ms
[2026-09-05T21:21:14.207-0400][545.627s][info][gc,cpu      ] GC(170) User=0.00s Sys=0.00s Real=0.01s
[2026-09-05T21:21:14.854-0400][546.274s][info][gc,start    ] GC(171) Pause Young (Normal) (G1 Evacuation Pause)
[2026-09-05T21:21:14.854-0400][546.274s][info][gc,task     ] GC(171) Using 23 workers of 23 for evacuation
[2026-09-05T21:21:14.862-0400][546.282s][info][gc,phases   ] GC(171)   Pre Evacuate Collection Set: 0.18ms
[2026-09-05T21:21:14.862-0400][546.282s][info][gc,phases   ] GC(171)   Merge Heap Roots: 0.20ms
[2026-09-05T21:21:14.862-0400][546.282s][info][gc,phases   ] GC(171)   Evacuate Collection Set: 6.50ms
[2026-09-05T21:21:14.862-0400][546.282s][info][gc,phases   ] GC(171)   Post Evacuate Collection Set: 0.88ms
[2026-09-05T21:21:14.862-0400][546.282s][info][gc,phases   ] GC(171)   Other: 0.18ms
[2026-09-05T21:21:14.862-0400][546.282s][info][gc,heap     ] GC(171) Eden regions: 529->0(538)
[2026-09-05T21:21:14.862-0400][546.282s][info][gc,heap     ] GC(171) Survivor regions: 46->37(72)
[2026-09-05T21:21:14.862-0400][546.282s][info][gc,heap     ] GC(171) Old regions: 595->604
[2026-09-05T21:21:14.862-0400][546.282s][info][gc,heap     ] GC(171) Archive regions: 0->0
[2026-09-05T21:21:14.862-0400][546.282s][info][gc,heap     ] GC(171) Humongous regions: 26->26
[2026-09-05T21:21:14.862-0400][546.282s][info][gc,metaspace] GC(171) Metaspace: 152858K(155392K)->152858K(155392K) NonClass: 131110K(132480K)->131110K(132480K) Class: 21747K(22912K)->21747K(22912K)
[2026-09-05T21:21:14.862-0400][546.282s][info][gc          ] GC(171) Pause Young (Normal) (G1 Evacuation Pause) 2390M->1333M(2762M) 8.038ms
[2026-09-05T21:21:14.862-0400][546.282s][info][gc,cpu      ] GC(171) User=0.00s Sys=0.00s Real=0.01s
[2026-09-05T21:21:15.396-0400][546.815s][info][gc,start    ] GC(172) Pause Young (Normal) (G1 Evacuation Pause)
[2026-09-05T21:21:15.396-0400][546.815s][info][gc,task     ] GC(172) Using 23 workers of 23 for evacuation
[2026-09-05T21:21:15.403-0400][546.823s][info][gc,phases   ] GC(172)   Pre Evacuate Collection Set: 0.16ms
[2026-09-05T21:21:15.403-0400][546.823s][info][gc,phases   ] GC(172)   Merge Heap Roots: 0.25ms
[2026-09-05T21:21:15.403-0400][546.823s][info][gc,phases   ] GC(172)   Evacuate Collection Set: 6.52ms
[2026-09-05T21:21:15.403-0400][546.823s][info][gc,phases   ] GC(172)   Post Evacuate Collection Set: 0.85ms
[2026-09-05T21:21:15.403-0400][546.823s][info][gc,phases   ] GC(172)   Other: 0.15ms
[2026-09-05T21:21:15.403-0400][546.823s][info][gc,heap     ] GC(172) Eden regions: 538->0(526)
[2026-09-05T21:21:15.403-0400][546.823s][info][gc,heap     ] GC(172) Survivor regions: 37->43(72)
[2026-09-05T21:21:15.403-0400][546.823s][info][gc,heap     ] GC(172) Old regions: 604->604
[2026-09-05T21:21:15.403-0400][546.823s][info][gc,heap     ] GC(172) Archive regions: 0->0
[2026-09-05T21:21:15.403-0400][546.823s][info][gc,heap     ] GC(172) Humongous regions: 26->26
[2026-09-05T21:21:15.403-0400][546.823s][info][gc,metaspace] GC(172) Metaspace: 152864K(155392K)->152864K(155392K) NonClass: 131116K(132480K)->131116K(132480K) Class: 21747K(22912K)->21747K(22912K)
[2026-09-05T21:21:15.403-0400][546.823s][info][gc          ] GC(172) Pause Young (Normal) (G1 Evacuation Pause) 2409M->1345M(2762M) 8.060ms
[2026-09-05T21:21:15.403-0400][546.823s][info][gc,cpu      ] GC(172) User=0.23s Sys=0.00s Real=0.01s
[2026-09-05T21:21:15.665-0400][547.085s][info][gc,start    ] GC(173) Pause Young (Normal) (G1 Evacuation Pause)
[2026-09-05T21:21:15.665-0400][547.085s][info][gc,task     ] GC(173) Using 23 workers of 23 for evacuation
[2026-09-05T21:21:15.671-0400][547.092s][info][gc,phases   ] GC(173)   Pre Evacuate Collection Set: 0.17ms
[2026-09-05T21:21:15.671-0400][547.092s][info][gc,phases   ] GC(173)   Merge Heap Roots: 0.16ms
[2026-09-05T21:21:15.671-0400][547.092s][info][gc,phases   ] GC(173)   Evacuate Collection Set: 5.81ms
[2026-09-05T21:21:15.671-0400][547.092s][info][gc,phases   ] GC(173)   Post Evacuate Collection Set: 0.55ms
[2026-09-05T21:21:15.671-0400][547.092s][info][gc,phases   ] GC(173)   Other: 0.20ms
[2026-09-05T21:21:15.671-0400][547.092s][info][gc,heap     ] GC(173) Eden regions: 526->0(525)
[2026-09-05T21:21:15.671-0400][547.092s][info][gc,heap     ] GC(173) Survivor regions: 43->41(72)
[2026-09-05T21:21:15.671-0400][547.092s][info][gc,heap     ] GC(173) Old regions: 604->609
[2026-09-05T21:21:15.671-0400][547.092s][info][gc,heap     ] GC(173) Archive regions: 0->0
[2026-09-05T21:21:15.671-0400][547.092s][info][gc,heap     ] GC(173) Humongous regions: 26->26
[2026-09-05T21:21:15.671-0400][547.092s][info][gc,metaspace] GC(173) Metaspace: 152864K(155392K)->152864K(155392K) NonClass: 131116K(132480K)->131116K(132480K) Class: 21747K(22912K)->21747K(22912K)
[2026-09-05T21:21:15.671-0400][547.092s][info][gc          ] GC(173) Pause Young (Normal) (G1 Evacuation Pause) 2397M->1349M(2762M) 7.042ms
[2026-09-05T21:21:15.672-0400][547.092s][info][gc,cpu      ] GC(173) User=0.00s Sys=0.00s Real=0.01s
[2026-09-05T21:21:16.634-0400][548.054s][info][gc,start    ] GC(174) Pause Young (Normal) (GCLocker Initiated GC)
[2026-09-05T21:21:16.634-0400][548.055s][info][gc,task     ] GC(174) Using 23 workers of 23 for evacuation
[2026-09-05T21:21:16.642-0400][548.062s][info][gc,phases   ] GC(174)   Pre Evacuate Collection Set: 0.23ms
[2026-09-05T21:21:16.642-0400][548.062s][info][gc,phases   ] GC(174)   Merge Heap Roots: 0.27ms
[2026-09-05T21:21:16.642-0400][548.062s][info][gc,phases   ] GC(174)   Evacuate Collection Set: 6.39ms
[2026-09-05T21:21:16.642-0400][548.062s][info][gc,phases   ] GC(174)   Post Evacuate Collection Set: 0.78ms
[2026-09-05T21:21:16.642-0400][548.062s][info][gc,phases   ] GC(174)   Other: 0.25ms
[2026-09-05T21:21:16.642-0400][548.062s][info][gc,heap     ] GC(174) Eden regions: 525->0(524)
[2026-09-05T21:21:16.642-0400][548.062s][info][gc,heap     ] GC(174) Survivor regions: 41->39(71)
[2026-09-05T21:21:16.642-0400][548.062s][info][gc,heap     ] GC(174) Old regions: 609->614
[2026-09-05T21:21:16.642-0400][548.062s][info][gc,heap     ] GC(174) Archive regions: 0->0
[2026-09-05T21:21:16.642-0400][548.062s][info][gc,heap     ] GC(174) Humongous regions: 26->26
[2026-09-05T21:21:16.642-0400][548.062s][info][gc,metaspace] GC(174) Metaspace: 152870K(155392K)->152870K(155392K) NonClass: 131121K(132480K)->131121K(132480K) Class: 21748K(22912K)->21748K(22912K)
[2026-09-05T21:21:16.642-0400][548.062s][info][gc          ] GC(174) Pause Young (Normal) (GCLocker Initiated GC) 2399M->1354M(2762M) 8.023ms
[2026-09-05T21:21:16.642-0400][548.063s][info][gc,cpu      ] GC(174) User=0.00s Sys=0.00s Real=0.01s
[2026-09-05T21:21:17.351-0400][548.771s][info][gc,start    ] GC(175) Pause Young (Normal) (G1 Evacuation Pause)
[2026-09-05T21:21:17.351-0400][548.771s][info][gc,task     ] GC(175) Using 23 workers of 23 for evacuation
[2026-09-05T21:21:17.359-0400][548.779s][info][gc,phases   ] GC(175)   Pre Evacuate Collection Set: 0.19ms
[2026-09-05T21:21:17.359-0400][548.779s][info][gc,phases   ] GC(175)   Merge Heap Roots: 0.20ms
[2026-09-05T21:21:17.359-0400][548.779s][info][gc,phases   ] GC(175)   Evacuate Collection Set: 6.60ms
[2026-09-05T21:21:17.359-0400][548.779s][info][gc,phases   ] GC(175)   Post Evacuate Collection Set: 0.90ms
[2026-09-05T21:21:17.359-0400][548.779s][info][gc,phases   ] GC(175)   Other: 0.32ms
[2026-09-05T21:21:17.359-0400][548.779s][info][gc,heap     ] GC(175) Eden regions: 524->0(512)
[2026-09-05T21:21:17.359-0400][548.779s][info][gc,heap     ] GC(175) Survivor regions: 39->45(71)
[2026-09-05T21:21:17.359-0400][548.779s][info][gc,heap     ] GC(175) Old regions: 614->614
[2026-09-05T21:21:17.359-0400][548.779s][info][gc,heap     ] GC(175) Archive regions: 0->0
[2026-09-05T21:21:17.359-0400][548.779s][info][gc,heap     ] GC(175) Humongous regions: 26->26
[2026-09-05T21:21:17.359-0400][548.779s][info][gc,metaspace] GC(175) Metaspace: 152876K(155392K)->152876K(155392K) NonClass: 131127K(132480K)->131127K(132480K) Class: 21748K(22912K)->21748K(22912K)
[2026-09-05T21:21:17.359-0400][548.779s][info][gc          ] GC(175) Pause Young (Normal) (G1 Evacuation Pause) 2402M->1366M(2762M) 8.305ms
[2026-09-05T21:21:17.359-0400][548.779s][info][gc,cpu      ] GC(175) User=0.00s Sys=0.00s Real=0.01s
[2026-09-05T21:21:17.537-0400][548.957s][info][gc,start    ] GC(176) Pause Young (Normal) (G1 Evacuation Pause)
[2026-09-05T21:21:17.537-0400][548.957s][info][gc,task     ] GC(176) Using 23 workers of 23 for evacuation
[2026-09-05T21:21:17.545-0400][548.965s][info][gc,phases   ] GC(176)   Pre Evacuate Collection Set: 0.24ms
[2026-09-05T21:21:17.545-0400][548.965s][info][gc,phases   ] GC(176)   Merge Heap Roots: 0.20ms
[2026-09-05T21:21:17.545-0400][548.965s][info][gc,phases   ] GC(176)   Evacuate Collection Set: 6.68ms
[2026-09-05T21:21:17.545-0400][548.965s][info][gc,phases   ] GC(176)   Post Evacuate Collection Set: 0.63ms
[2026-09-05T21:21:17.545-0400][548.965s][info][gc,phases   ] GC(176)   Other: 0.25ms
[2026-09-05T21:21:17.545-0400][548.965s][info][gc,heap     ] GC(176) Eden regions: 512->0(520)
[2026-09-05T21:21:17.545-0400][548.965s][info][gc,heap     ] GC(176) Survivor regions: 45->36(70)
[2026-09-05T21:21:17.545-0400][548.965s][info][gc,heap     ] GC(176) Old regions: 614->624
[2026-09-05T21:21:17.545-0400][548.965s][info][gc,heap     ] GC(176) Archive regions: 0->0
[2026-09-05T21:21:17.545-0400][548.965s][info][gc,heap     ] GC(176) Humongous regions: 26->26
[2026-09-05T21:21:17.545-0400][548.965s][info][gc,metaspace] GC(176) Metaspace: 152886K(155392K)->152886K(155392K) NonClass: 131138K(132480K)->131138K(132480K) Class: 21748K(22912K)->21748K(22912K)
[2026-09-05T21:21:17.545-0400][548.965s][info][gc          ] GC(176) Pause Young (Normal) (G1 Evacuation Pause) 2390M->1370M(2762M) 8.145ms
[2026-09-05T21:21:17.545-0400][548.965s][info][gc,cpu      ] GC(176) User=0.00s Sys=0.00s Real=0.01s
[2026-09-05T21:21:18.140-0400][549.560s][info][gc,start    ] GC(177) Pause Young (Normal) (G1 Evacuation Pause)
[2026-09-05T21:21:18.140-0400][549.560s][info][gc,task     ] GC(177) Using 23 workers of 23 for evacuation
[2026-09-05T21:21:18.146-0400][549.567s][info][gc,phases   ] GC(177)   Pre Evacuate Collection Set: 0.21ms
[2026-09-05T21:21:18.146-0400][549.567s][info][gc,phases   ] GC(177)   Merge Heap Roots: 0.20ms
[2026-09-05T21:21:18.146-0400][549.567s][info][gc,phases   ] GC(177)   Evacuate Collection Set: 5.78ms
[2026-09-05T21:21:18.146-0400][549.567s][info][gc,phases   ] GC(177)   Post Evacuate Collection Set: 0.67ms
[2026-09-05T21:21:18.146-0400][549.567s][info][gc,phases   ] GC(177)   Other: 0.17ms
[2026-09-05T21:21:18.146-0400][549.567s][info][gc,heap     ] GC(177) Eden regions: 520->0(514)
[2026-09-05T21:21:18.146-0400][549.567s][info][gc,heap     ] GC(177) Survivor regions: 36->39(70)
[2026-09-05T21:21:18.146-0400][549.567s][info][gc,heap     ] GC(177) Old regions: 624->624
[2026-09-05T21:21:18.146-0400][549.567s][info][gc,heap     ] GC(177) Archive regions: 0->0
[2026-09-05T21:21:18.146-0400][549.567s][info][gc,heap     ] GC(177) Humongous regions: 26->26
[2026-09-05T21:21:18.146-0400][549.567s][info][gc,metaspace] GC(177) Metaspace: 152886K(155392K)->152886K(155392K) NonClass: 131138K(132480K)->131138K(132480K) Class: 21748K(22912K)->21748K(22912K)
[2026-09-05T21:21:18.146-0400][549.567s][info][gc          ] GC(177) Pause Young (Normal) (G1 Evacuation Pause) 2410M->1375M(2762M) 7.169ms
[2026-09-05T21:21:18.146-0400][549.567s][info][gc,cpu      ] GC(177) User=0.14s Sys=0.02s Real=0.01s
[2026-09-05T21:21:18.743-0400][550.163s][info][gc,start    ] GC(178) Pause Young (Normal) (G1 Evacuation Pause)
[2026-09-05T21:21:18.743-0400][550.164s][info][gc,task     ] GC(178) Using 23 workers of 23 for evacuation
[2026-09-05T21:21:18.751-0400][550.171s][info][gc,phases   ] GC(178)   Pre Evacuate Collection Set: 0.28ms
[2026-09-05T21:21:18.751-0400][550.171s][info][gc,phases   ] GC(178)   Merge Heap Roots: 0.22ms
[2026-09-05T21:21:18.751-0400][550.171s][info][gc,phases   ] GC(178)   Evacuate Collection Set: 6.26ms
[2026-09-05T21:21:18.751-0400][550.171s][info][gc,phases   ] GC(178)   Post Evacuate Collection Set: 0.96ms
[2026-09-05T21:21:18.751-0400][550.171s][info][gc,phases   ] GC(178)   Other: 0.25ms
[2026-09-05T21:21:18.751-0400][550.171s][info][gc,heap     ] GC(178) Eden regions: 514->0(512)
[2026-09-05T21:21:18.751-0400][550.172s][info][gc,heap     ] GC(178) Survivor regions: 39->38(70)
[2026-09-05T21:21:18.751-0400][550.172s][info][gc,heap     ] GC(178) Old regions: 624->628
[2026-09-05T21:21:18.751-0400][550.172s][info][gc,heap     ] GC(178) Archive regions: 0->0
[2026-09-05T21:21:18.751-0400][550.172s][info][gc,heap     ] GC(178) Humongous regions: 26->26
[2026-09-05T21:21:18.751-0400][550.172s][info][gc,metaspace] GC(178) Metaspace: 152896K(155392K)->152896K(155392K) NonClass: 131146K(132480K)->131146K(132480K) Class: 21750K(22912K)->21750K(22912K)
[2026-09-05T21:21:18.751-0400][550.172s][info][gc          ] GC(178) Pause Young (Normal) (G1 Evacuation Pause) 2403M->1382M(2762M) 8.098ms
[2026-09-05T21:21:18.751-0400][550.172s][info][gc,cpu      ] GC(178) User=0.00s Sys=0.00s Real=0.01s
[2026-09-05T21:21:19.274-0400][550.694s][info][gc,start    ] GC(179) Pause Young (Normal) (G1 Evacuation Pause)
[2026-09-05T21:21:19.274-0400][550.694s][info][gc,task     ] GC(179) Using 23 workers of 23 for evacuation
[2026-09-05T21:21:19.281-0400][550.701s][info][gc,phases   ] GC(179)   Pre Evacuate Collection Set: 0.32ms
[2026-09-05T21:21:19.281-0400][550.701s][info][gc,phases   ] GC(179)   Merge Heap Roots: 0.19ms
[2026-09-05T21:21:19.281-0400][550.701s][info][gc,phases   ] GC(179)   Evacuate Collection Set: 5.60ms
[2026-09-05T21:21:19.281-0400][550.701s][info][gc,phases   ] GC(179)   Post Evacuate Collection Set: 0.83ms
[2026-09-05T21:21:19.281-0400][550.701s][info][gc,phases   ] GC(179)   Other: 0.22ms
[2026-09-05T21:21:19.281-0400][550.701s][info][gc,heap     ] GC(179) Eden regions: 512->0(512)
[2026-09-05T21:21:19.281-0400][550.701s][info][gc,heap     ] GC(179) Survivor regions: 38->35(69)
[2026-09-05T21:21:19.281-0400][550.701s][info][gc,heap     ] GC(179) Old regions: 628->634
[2026-09-05T21:21:19.281-0400][550.701s][info][gc,heap     ] GC(179) Archive regions: 0->0
[2026-09-05T21:21:19.281-0400][550.701s][info][gc,heap     ] GC(179) Humongous regions: 26->26
[2026-09-05T21:21:19.281-0400][550.701s][info][gc,metaspace] GC(179) Metaspace: 152900K(155392K)->152900K(155392K) NonClass: 131149K(132480K)->131149K(132480K) Class: 21750K(22912K)->21750K(22912K)
[2026-09-05T21:21:19.281-0400][550.701s][info][gc          ] GC(179) Pause Young (Normal) (G1 Evacuation Pause) 2406M->1389M(2762M) 7.270ms
[2026-09-05T21:21:19.281-0400][550.701s][info][gc,cpu      ] GC(179) User=0.00s Sys=0.00s Real=0.01s
[2026-09-05T21:21:19.808-0400][551.228s][info][gc,start    ] GC(180) Pause Young (Normal) (G1 Evacuation Pause)
[2026-09-05T21:21:19.808-0400][551.228s][info][gc,task     ] GC(180) Using 23 workers of 23 for evacuation
[2026-09-05T21:21:19.814-0400][551.234s][info][gc,phases   ] GC(180)   Pre Evacuate Collection Set: 0.17ms
[2026-09-05T21:21:19.814-0400][551.234s][info][gc,phases   ] GC(180)   Merge Heap Roots: 0.22ms
[2026-09-05T21:21:19.814-0400][551.234s][info][gc,phases   ] GC(180)   Evacuate Collection Set: 5.10ms
[2026-09-05T21:21:19.814-0400][551.234s][info][gc,phases   ] GC(180)   Post Evacuate Collection Set: 0.64ms
[2026-09-05T21:21:19.814-0400][551.234s][info][gc,phases   ] GC(180)   Other: 0.16ms
[2026-09-05T21:21:19.814-0400][551.234s][info][gc,heap     ] GC(180) Eden regions: 512->0(506)
[2026-09-05T21:21:19.814-0400][551.234s][info][gc,heap     ] GC(180) Survivor regions: 35->38(69)
[2026-09-05T21:21:19.814-0400][551.234s][info][gc,heap     ] GC(180) Old regions: 634->634
[2026-09-05T21:21:19.814-0400][551.234s][info][gc,heap     ] GC(180) Archive regions: 0->0
[2026-09-05T21:21:19.814-0400][551.234s][info][gc,heap     ] GC(180) Humongous regions: 26->26
[2026-09-05T21:21:19.814-0400][551.234s][info][gc,metaspace] GC(180) Metaspace: 152904K(155392K)->152904K(155392K) NonClass: 131153K(132480K)->131153K(132480K) Class: 21750K(22912K)->21750K(22912K)
[2026-09-05T21:21:19.814-0400][551.234s][info][gc          ] GC(180) Pause Young (Normal) (G1 Evacuation Pause) 2413M->1393M(2762M) 6.425ms
[2026-09-05T21:21:19.814-0400][551.234s][info][gc,cpu      ] GC(180) User=0.00s Sys=0.00s Real=0.01s
[2026-09-05T21:21:20.371-0400][551.791s][info][gc,start    ] GC(181) Pause Young (Normal) (G1 Evacuation Pause)
[2026-09-05T21:21:20.371-0400][551.792s][info][gc,task     ] GC(181) Using 23 workers of 23 for evacuation
[2026-09-05T21:21:20.379-0400][551.799s][info][gc,phases   ] GC(181)   Pre Evacuate Collection Set: 0.24ms
[2026-09-05T21:21:20.379-0400][551.799s][info][gc,phases   ] GC(181)   Merge Heap Roots: 0.17ms
[2026-09-05T21:21:20.379-0400][551.799s][info][gc,phases   ] GC(181)   Evacuate Collection Set: 6.27ms
[2026-09-05T21:21:20.379-0400][551.799s][info][gc,phases   ] GC(181)   Post Evacuate Collection Set: 0.74ms
[2026-09-05T21:21:20.379-0400][551.799s][info][gc,phases   ] GC(181)   Other: 0.15ms
[2026-09-05T21:21:20.379-0400][551.799s][info][gc,heap     ] GC(181) Eden regions: 506->0(494)
[2026-09-05T21:21:20.379-0400][551.799s][info][gc,heap     ] GC(181) Survivor regions: 38->44(68)
[2026-09-05T21:21:20.379-0400][551.799s][info][gc,heap     ] GC(181) Old regions: 634->634
[2026-09-05T21:21:20.379-0400][551.799s][info][gc,heap     ] GC(181) Archive regions: 0->0
[2026-09-05T21:21:20.379-0400][551.799s][info][gc,heap     ] GC(181) Humongous regions: 26->26
[2026-09-05T21:21:20.379-0400][551.799s][info][gc,metaspace] GC(181) Metaspace: 152912K(155456K)->152912K(155456K) NonClass: 131160K(132544K)->131160K(132544K) Class: 21751K(22912K)->21751K(22912K)
[2026-09-05T21:21:20.379-0400][551.799s][info][gc          ] GC(181) Pause Young (Normal) (G1 Evacuation Pause) 2405M->1406M(2762M) 7.700ms
[2026-09-05T21:21:20.380-0400][551.799s][info][gc,cpu      ] GC(181) User=0.00s Sys=0.00s Real=0.01s
[2026-09-05T21:21:21.315-0400][552.735s][info][gc,start    ] GC(182) Pause Young (Normal) (G1 Evacuation Pause)
[2026-09-05T21:21:21.315-0400][552.735s][info][gc,task     ] GC(182) Using 23 workers of 23 for evacuation
[2026-09-05T21:21:21.322-0400][552.742s][info][gc,phases   ] GC(182)   Pre Evacuate Collection Set: 0.15ms
[2026-09-05T21:21:21.322-0400][552.742s][info][gc,phases   ] GC(182)   Merge Heap Roots: 0.18ms
[2026-09-05T21:21:21.322-0400][552.742s][info][gc,phases   ] GC(182)   Evacuate Collection Set: 5.84ms
[2026-09-05T21:21:21.322-0400][552.742s][info][gc,phases   ] GC(182)   Post Evacuate Collection Set: 0.64ms
[2026-09-05T21:21:21.322-0400][552.742s][info][gc,phases   ] GC(182)   Other: 0.14ms
[2026-09-05T21:21:21.322-0400][552.742s][info][gc,heap     ] GC(182) Eden regions: 494->0(499)
[2026-09-05T21:21:21.322-0400][552.742s][info][gc,heap     ] GC(182) Survivor regions: 44->37(68)
[2026-09-05T21:21:21.322-0400][552.742s][info][gc,heap     ] GC(182) Old regions: 634->643
[2026-09-05T21:21:21.322-0400][552.742s][info][gc,heap     ] GC(182) Archive regions: 0->0
[2026-09-05T21:21:21.322-0400][552.742s][info][gc,heap     ] GC(182) Humongous regions: 26->26
[2026-09-05T21:21:21.322-0400][552.742s][info][gc,metaspace] GC(182) Metaspace: 152913K(155456K)->152913K(155456K) NonClass: 131161K(132544K)->131161K(132544K) Class: 21751K(22912K)->21751K(22912K)
[2026-09-05T21:21:21.322-0400][552.742s][info][gc          ] GC(182) Pause Young (Normal) (G1 Evacuation Pause) 2394M->1409M(2762M) 7.142ms
[2026-09-05T21:21:21.322-0400][552.742s][info][gc,cpu      ] GC(182) User=0.36s Sys=0.03s Real=0.01s
[2026-09-05T21:21:22.317-0400][553.737s][info][gc,start    ] GC(183) Pause Young (Normal) (G1 Evacuation Pause)
[2026-09-05T21:21:22.317-0400][553.737s][info][gc,task     ] GC(183) Using 23 workers of 23 for evacuation
[2026-09-05T21:21:22.322-0400][553.742s][info][gc,phases   ] GC(183)   Pre Evacuate Collection Set: 0.16ms
[2026-09-05T21:21:22.322-0400][553.742s][info][gc,phases   ] GC(183)   Merge Heap Roots: 0.18ms
[2026-09-05T21:21:22.322-0400][553.742s][info][gc,phases   ] GC(183)   Evacuate Collection Set: 4.52ms
[2026-09-05T21:21:22.322-0400][553.743s][info][gc,phases   ] GC(183)   Post Evacuate Collection Set: 0.64ms
[2026-09-05T21:21:22.322-0400][553.743s][info][gc,phases   ] GC(183)   Other: 0.15ms
[2026-09-05T21:21:22.322-0400][553.743s][info][gc,heap     ] GC(183) Eden regions: 499->0(501)
[2026-09-05T21:21:22.322-0400][553.743s][info][gc,heap     ] GC(183) Survivor regions: 37->36(67)
[2026-09-05T21:21:22.322-0400][553.743s][info][gc,heap     ] GC(183) Old regions: 643->643
[2026-09-05T21:21:22.322-0400][553.743s][info][gc,heap     ] GC(183) Archive regions: 0->0
[2026-09-05T21:21:22.322-0400][553.743s][info][gc,heap     ] GC(183) Humongous regions: 26->26
[2026-09-05T21:21:22.322-0400][553.743s][info][gc,metaspace] GC(183) Metaspace: 152914K(155456K)->152914K(155456K) NonClass: 131162K(132544K)->131162K(132544K) Class: 21751K(22912K)->21751K(22912K)
[2026-09-05T21:21:22.322-0400][553.743s][info][gc          ] GC(183) Pause Young (Normal) (G1 Evacuation Pause) 2407M->1407M(2762M) 5.801ms
[2026-09-05T21:21:22.322-0400][553.743s][info][gc,cpu      ] GC(183) User=0.38s Sys=0.00s Real=0.01s
[2026-09-05T21:21:23.302-0400][554.723s][info][gc,start    ] GC(184) Pause Young (Normal) (G1 Evacuation Pause)
[2026-09-05T21:21:23.302-0400][554.723s][info][gc,task     ] GC(184) Using 23 workers of 23 for evacuation
[2026-09-05T21:21:23.309-0400][554.728s][info][gc,phases   ] GC(184)   Pre Evacuate Collection Set: 0.18ms
[2026-09-05T21:21:23.309-0400][554.729s][info][gc,phases   ] GC(184)   Merge Heap Roots: 0.23ms
[2026-09-05T21:21:23.309-0400][554.729s][info][gc,phases   ] GC(184)   Evacuate Collection Set: 4.52ms
[2026-09-05T21:21:23.309-0400][554.729s][info][gc,phases   ] GC(184)   Post Evacuate Collection Set: 0.89ms
[2026-09-05T21:21:23.309-0400][554.729s][info][gc,phases   ] GC(184)   Other: 0.15ms
[2026-09-05T21:21:23.309-0400][554.729s][info][gc,heap     ] GC(184) Eden regions: 501->0(503)
[2026-09-05T21:21:23.309-0400][554.729s][info][gc,heap     ] GC(184) Survivor regions: 36->35(68)
[2026-09-05T21:21:23.309-0400][554.729s][info][gc,heap     ] GC(184) Old regions: 643->643
[2026-09-05T21:21:23.309-0400][554.729s][info][gc,heap     ] GC(184) Archive regions: 0->0
[2026-09-05T21:21:23.309-0400][554.729s][info][gc,heap     ] GC(184) Humongous regions: 26->26
[2026-09-05T21:21:23.309-0400][554.729s][info][gc,metaspace] GC(184) Metaspace: 152917K(155456K)->152917K(155456K) NonClass: 131165K(132544K)->131165K(132544K) Class: 21751K(22912K)->21751K(22912K)
[2026-09-05T21:21:23.309-0400][554.729s][info][gc          ] GC(184) Pause Young (Normal) (G1 Evacuation Pause) 2409M->1406M(2762M) 6.107ms
[2026-09-05T21:21:23.309-0400][554.729s][info][gc,cpu      ] GC(184) User=0.02s Sys=0.02s Real=0.01s
[2026-09-05T21:21:24.726-0400][556.146s][info][gc,start    ] GC(185) Pause Young (Normal) (G1 Evacuation Pause)
[2026-09-05T21:21:24.726-0400][556.146s][info][gc,task     ] GC(185) Using 23 workers of 23 for evacuation
[2026-09-05T21:21:24.732-0400][556.152s][info][gc,phases   ] GC(185)   Pre Evacuate Collection Set: 0.15ms
[2026-09-05T21:21:24.732-0400][556.152s][info][gc,phases   ] GC(185)   Merge Heap Roots: 0.19ms
[2026-09-05T21:21:24.732-0400][556.152s][info][gc,phases   ] GC(185)   Evacuate Collection Set: 4.93ms
[2026-09-05T21:21:24.732-0400][556.152s][info][gc,phases   ] GC(185)   Post Evacuate Collection Set: 0.74ms
[2026-09-05T21:21:24.732-0400][556.152s][info][gc,phases   ] GC(185)   Other: 0.25ms
[2026-09-05T21:21:24.732-0400][556.152s][info][gc,heap     ] GC(185) Eden regions: 503->0(501)
[2026-09-05T21:21:24.732-0400][556.152s][info][gc,heap     ] GC(185) Survivor regions: 35->36(68)
[2026-09-05T21:21:24.732-0400][556.152s][info][gc,heap     ] GC(185) Old regions: 643->643
[2026-09-05T21:21:24.732-0400][556.152s][info][gc,heap     ] GC(185) Archive regions: 0->0
[2026-09-05T21:21:24.732-0400][556.152s][info][gc,heap     ] GC(185) Humongous regions: 26->26
[2026-09-05T21:21:24.732-0400][556.152s][info][gc,metaspace] GC(185) Metaspace: 152925K(155456K)->152925K(155456K) NonClass: 131173K(132544K)->131173K(132544K) Class: 21751K(22912K)->21751K(22912K)
[2026-09-05T21:21:24.732-0400][556.152s][info][gc          ] GC(185) Pause Young (Normal) (G1 Evacuation Pause) 2412M->1407M(2762M) 6.488ms
[2026-09-05T21:21:24.732-0400][556.152s][info][gc,cpu      ] GC(185) User=0.00s Sys=0.00s Real=0.01s
[2026-09-05T21:21:25.735-0400][557.155s][info][gc,start    ] GC(186) Pause Young (Normal) (G1 Evacuation Pause)
[2026-09-05T21:21:25.735-0400][557.155s][info][gc,task     ] GC(186) Using 23 workers of 23 for evacuation
[2026-09-05T21:21:25.740-0400][557.161s][info][gc,phases   ] GC(186)   Pre Evacuate Collection Set: 0.22ms
[2026-09-05T21:21:25.740-0400][557.161s][info][gc,phases   ] GC(186)   Merge Heap Roots: 0.24ms
[2026-09-05T21:21:25.740-0400][557.161s][info][gc,phases   ] GC(186)   Evacuate Collection Set: 4.22ms
[2026-09-05T21:21:25.741-0400][557.161s][info][gc,phases   ] GC(186)   Post Evacuate Collection Set: 0.70ms
[2026-09-05T21:21:25.741-0400][557.161s][info][gc,phases   ] GC(186)   Other: 0.14ms
[2026-09-05T21:21:25.741-0400][557.161s][info][gc,heap     ] GC(186) Eden regions: 501->0(501)
[2026-09-05T21:21:25.741-0400][557.161s][info][gc,heap     ] GC(186) Survivor regions: 36->36(68)
[2026-09-05T21:21:25.741-0400][557.161s][info][gc,heap     ] GC(186) Old regions: 643->643
[2026-09-05T21:21:25.741-0400][557.161s][info][gc,heap     ] GC(186) Archive regions: 0->0
[2026-09-05T21:21:25.741-0400][557.161s][info][gc,heap     ] GC(186) Humongous regions: 26->26
[2026-09-05T21:21:25.741-0400][557.161s][info][gc,metaspace] GC(186) Metaspace: 152926K(155456K)->152926K(155456K) NonClass: 131174K(132544K)->131174K(132544K) Class: 21751K(22912K)->21751K(22912K)
[2026-09-05T21:21:25.741-0400][557.161s][info][gc          ] GC(186) Pause Young (Normal) (G1 Evacuation Pause) 2409M->1406M(2762M) 5.664ms
[2026-09-05T21:21:25.741-0400][557.161s][info][gc,cpu      ] GC(186) User=0.20s Sys=0.00s Real=0.01s
[2026-09-05T21:21:26.696-0400][558.116s][info][gc,start    ] GC(187) Pause Young (Normal) (G1 Evacuation Pause)
[2026-09-05T21:21:26.696-0400][558.116s][info][gc,task     ] GC(187) Using 23 workers of 23 for evacuation
[2026-09-05T21:21:26.702-0400][558.122s][info][gc,phases   ] GC(187)   Pre Evacuate Collection Set: 0.28ms
[2026-09-05T21:21:26.702-0400][558.122s][info][gc,phases   ] GC(187)   Merge Heap Roots: 0.20ms
[2026-09-05T21:21:26.702-0400][558.122s][info][gc,phases   ] GC(187)   Evacuate Collection Set: 4.39ms
[2026-09-05T21:21:26.702-0400][558.122s][info][gc,phases   ] GC(187)   Post Evacuate Collection Set: 0.67ms
[2026-09-05T21:21:26.702-0400][558.122s][info][gc,phases   ] GC(187)   Other: 0.13ms
[2026-09-05T21:21:26.702-0400][558.122s][info][gc,heap     ] GC(187) Eden regions: 501->0(501)
[2026-09-05T21:21:26.702-0400][558.122s][info][gc,heap     ] GC(187) Survivor regions: 36->36(68)
[2026-09-05T21:21:26.702-0400][558.122s][info][gc,heap     ] GC(187) Old regions: 643->643
[2026-09-05T21:21:26.702-0400][558.122s][info][gc,heap     ] GC(187) Archive regions: 0->0
[2026-09-05T21:21:26.702-0400][558.122s][info][gc,heap     ] GC(187) Humongous regions: 26->26
[2026-09-05T21:21:26.702-0400][558.122s][info][gc,metaspace] GC(187) Metaspace: 152927K(155456K)->152927K(155456K) NonClass: 131175K(132544K)->131175K(132544K) Class: 21751K(22912K)->21751K(22912K)
[2026-09-05T21:21:26.702-0400][558.122s][info][gc          ] GC(187) Pause Young (Normal) (G1 Evacuation Pause) 2408M->1408M(2762M) 5.804ms
[2026-09-05T21:21:26.702-0400][558.122s][info][gc,cpu      ] GC(187) User=0.00s Sys=0.00s Real=0.01s
[2026-09-05T21:21:27.621-0400][559.041s][info][gc,start    ] GC(188) Pause Young (Normal) (G1 Evacuation Pause)
[2026-09-05T21:21:27.621-0400][559.041s][info][gc,task     ] GC(188) Using 23 workers of 23 for evacuation
[2026-09-05T21:21:27.628-0400][559.047s][info][gc,phases   ] GC(188)   Pre Evacuate Collection Set: 0.20ms
[2026-09-05T21:21:27.628-0400][559.047s][info][gc,phases   ] GC(188)   Merge Heap Roots: 0.38ms
[2026-09-05T21:21:27.628-0400][559.047s][info][gc,phases   ] GC(188)   Evacuate Collection Set: 4.57ms
[2026-09-05T21:21:27.628-0400][559.047s][info][gc,phases   ] GC(188)   Post Evacuate Collection Set: 0.73ms
[2026-09-05T21:21:27.628-0400][559.048s][info][gc,phases   ] GC(188)   Other: 0.19ms
[2026-09-05T21:21:27.628-0400][559.048s][info][gc,heap     ] GC(188) Eden regions: 501->0(501)
[2026-09-05T21:21:27.628-0400][559.048s][info][gc,heap     ] GC(188) Survivor regions: 36->36(68)
[2026-09-05T21:21:27.628-0400][559.048s][info][gc,heap     ] GC(188) Old regions: 643->643
[2026-09-05T21:21:27.628-0400][559.048s][info][gc,heap     ] GC(188) Archive regions: 0->0
[2026-09-05T21:21:27.628-0400][559.048s][info][gc,heap     ] GC(188) Humongous regions: 26->26
[2026-09-05T21:21:27.628-0400][559.048s][info][gc,metaspace] GC(188) Metaspace: 152927K(155456K)->152927K(155456K) NonClass: 131176K(132544K)->131176K(132544K) Class: 21751K(22912K)->21751K(22912K)
[2026-09-05T21:21:27.628-0400][559.048s][info][gc          ] GC(188) Pause Young (Normal) (G1 Evacuation Pause) 2410M->1407M(2762M) 6.200ms
[2026-09-05T21:21:27.628-0400][559.048s][info][gc,cpu      ] GC(188) User=0.00s Sys=0.00s Real=0.01s
[2026-09-05T21:21:27.985-0400][559.405s][info][gc,start    ] GC(189) Pause Young (Normal) (G1 Evacuation Pause)
[2026-09-05T21:21:27.985-0400][559.405s][info][gc,task     ] GC(189) Using 23 workers of 23 for evacuation
[2026-09-05T21:21:27.991-0400][559.411s][info][gc,phases   ] GC(189)   Pre Evacuate Collection Set: 0.15ms
[2026-09-05T21:21:27.991-0400][559.411s][info][gc,phases   ] GC(189)   Merge Heap Roots: 0.15ms
[2026-09-05T21:21:27.991-0400][559.411s][info][gc,phases   ] GC(189)   Evacuate Collection Set: 4.74ms
[2026-09-05T21:21:27.991-0400][559.411s][info][gc,phases   ] GC(189)   Post Evacuate Collection Set: 0.57ms
[2026-09-05T21:21:27.991-0400][559.411s][info][gc,phases   ] GC(189)   Other: 0.15ms
[2026-09-05T21:21:27.991-0400][559.411s][info][gc,heap     ] GC(189) Eden regions: 501->0(500)
[2026-09-05T21:21:27.991-0400][559.411s][info][gc,heap     ] GC(189) Survivor regions: 36->35(68)
[2026-09-05T21:21:27.991-0400][559.411s][info][gc,heap     ] GC(189) Old regions: 643->646
[2026-09-05T21:21:27.991-0400][559.411s][info][gc,heap     ] GC(189) Archive regions: 0->0
[2026-09-05T21:21:27.991-0400][559.411s][info][gc,heap     ] GC(189) Humongous regions: 26->26
[2026-09-05T21:21:27.991-0400][559.411s][info][gc,metaspace] GC(189) Metaspace: 152927K(155456K)->152927K(155456K) NonClass: 131176K(132544K)->131176K(132544K) Class: 21751K(22912K)->21751K(22912K)
[2026-09-05T21:21:27.991-0400][559.411s][info][gc          ] GC(189) Pause Young (Normal) (G1 Evacuation Pause) 2409M->1411M(2762M) 5.959ms
[2026-09-05T21:21:27.991-0400][559.411s][info][gc,cpu      ] GC(189) User=0.33s Sys=0.03s Real=0.01s
[2026-09-05T21:21:28.536-0400][559.956s][info][gc,start    ] GC(190) Pause Young (Normal) (G1 Evacuation Pause)
[2026-09-05T21:21:28.536-0400][559.956s][info][gc,task     ] GC(190) Using 23 workers of 23 for evacuation
[2026-09-05T21:21:28.542-0400][559.962s][info][gc,phases   ] GC(190)   Pre Evacuate Collection Set: 0.17ms
[2026-09-05T21:21:28.542-0400][559.962s][info][gc,phases   ] GC(190)   Merge Heap Roots: 0.18ms
[2026-09-05T21:21:28.542-0400][559.962s][info][gc,phases   ] GC(190)   Evacuate Collection Set: 4.68ms
[2026-09-05T21:21:28.542-0400][559.962s][info][gc,phases   ] GC(190)   Post Evacuate Collection Set: 0.75ms
[2026-09-05T21:21:28.542-0400][559.962s][info][gc,phases   ] GC(190)   Other: 0.13ms
[2026-09-05T21:21:28.542-0400][559.962s][info][gc,heap     ] GC(190) Eden regions: 500->0(501)
[2026-09-05T21:21:28.542-0400][559.962s][info][gc,heap     ] GC(190) Survivor regions: 35->32(67)
[2026-09-05T21:21:28.542-0400][559.962s][info][gc,heap     ] GC(190) Old regions: 646->651
[2026-09-05T21:21:28.542-0400][559.962s][info][gc,heap     ] GC(190) Archive regions: 0->0
[2026-09-05T21:21:28.542-0400][559.962s][info][gc,heap     ] GC(190) Humongous regions: 26->26
[2026-09-05T21:21:28.542-0400][559.962s][info][gc,metaspace] GC(190) Metaspace: 152930K(155456K)->152930K(155456K) NonClass: 131178K(132544K)->131178K(132544K) Class: 21751K(22912K)->21751K(22912K)
[2026-09-05T21:21:28.542-0400][559.962s][info][gc          ] GC(190) Pause Young (Normal) (G1 Evacuation Pause) 2411M->1416M(2762M) 6.027ms
[2026-09-05T21:21:28.542-0400][559.962s][info][gc,cpu      ] GC(190) User=0.34s Sys=0.02s Real=0.01s
[2026-09-05T21:21:29.084-0400][560.504s][info][gc,start    ] GC(191) Pause Young (Normal) (G1 Evacuation Pause)
[2026-09-05T21:21:29.084-0400][560.504s][info][gc,task     ] GC(191) Using 23 workers of 23 for evacuation
[2026-09-05T21:21:29.089-0400][560.509s][info][gc,phases   ] GC(191)   Pre Evacuate Collection Set: 0.20ms
[2026-09-05T21:21:29.089-0400][560.509s][info][gc,phases   ] GC(191)   Merge Heap Roots: 0.20ms
[2026-09-05T21:21:29.089-0400][560.509s][info][gc,phases   ] GC(191)   Evacuate Collection Set: 4.50ms
[2026-09-05T21:21:29.089-0400][560.509s][info][gc,phases   ] GC(191)   Post Evacuate Collection Set: 0.69ms
[2026-09-05T21:21:29.089-0400][560.509s][info][gc,phases   ] GC(191)   Other: 0.14ms
[2026-09-05T21:21:29.089-0400][560.509s][info][gc,heap     ] GC(191) Eden regions: 501->0(502)
[2026-09-05T21:21:29.089-0400][560.509s][info][gc,heap     ] GC(191) Survivor regions: 32->30(67)
[2026-09-05T21:21:29.089-0400][560.509s][info][gc,heap     ] GC(191) Old regions: 651->654
[2026-09-05T21:21:29.089-0400][560.509s][info][gc,heap     ] GC(191) Archive regions: 0->0
[2026-09-05T21:21:29.089-0400][560.509s][info][gc,heap     ] GC(191) Humongous regions: 26->26
[2026-09-05T21:21:29.089-0400][560.509s][info][gc,metaspace] GC(191) Metaspace: 152947K(155456K)->152947K(155456K) NonClass: 131195K(132544K)->131195K(132544K) Class: 21751K(22912K)->21751K(22912K)
[2026-09-05T21:21:29.089-0400][560.509s][info][gc          ] GC(191) Pause Young (Normal) (G1 Evacuation Pause) 2418M->1418M(2762M) 5.958ms
[2026-09-05T21:21:29.089-0400][560.510s][info][gc,cpu      ] GC(191) User=0.19s Sys=0.00s Real=0.00s
[2026-09-05T21:21:29.400-0400][560.820s][info][gc,start    ] GC(192) Pause Young (Normal) (GCLocker Initiated GC)
[2026-09-05T21:21:29.400-0400][560.820s][info][gc,task     ] GC(192) Using 23 workers of 23 for evacuation
[2026-09-05T21:21:29.407-0400][560.827s][info][gc,phases   ] GC(192)   Pre Evacuate Collection Set: 0.18ms
[2026-09-05T21:21:29.407-0400][560.827s][info][gc,phases   ] GC(192)   Merge Heap Roots: 0.20ms
[2026-09-05T21:21:29.407-0400][560.827s][info][gc,phases   ] GC(192)   Evacuate Collection Set: 5.26ms
[2026-09-05T21:21:29.407-0400][560.827s][info][gc,phases   ] GC(192)   Post Evacuate Collection Set: 0.74ms
[2026-09-05T21:21:29.407-0400][560.827s][info][gc,phases   ] GC(192)   Other: 0.15ms
[2026-09-05T21:21:29.407-0400][560.827s][info][gc,heap     ] GC(192) Eden regions: 503->0(497)
[2026-09-05T21:21:29.407-0400][560.827s][info][gc,heap     ] GC(192) Survivor regions: 30->31(67)
[2026-09-05T21:21:29.407-0400][560.827s][info][gc,heap     ] GC(192) Old regions: 654->657
[2026-09-05T21:21:29.407-0400][560.827s][info][gc,heap     ] GC(192) Archive regions: 0->0
[2026-09-05T21:21:29.407-0400][560.827s][info][gc,heap     ] GC(192) Humongous regions: 26->26
[2026-09-05T21:21:29.407-0400][560.827s][info][gc,metaspace] GC(192) Metaspace: 152953K(155456K)->152953K(155456K) NonClass: 131201K(132544K)->131201K(132544K) Class: 21751K(22912K)->21751K(22912K)
[2026-09-05T21:21:29.407-0400][560.827s][info][gc          ] GC(192) Pause Young (Normal) (GCLocker Initiated GC) 2423M->1426M(2762M) 6.666ms
[2026-09-05T21:21:29.407-0400][560.827s][info][gc,cpu      ] GC(192) User=0.00s Sys=0.00s Real=0.01s
[2026-09-05T21:21:29.889-0400][561.310s][info][gc,start    ] GC(193) Pause Young (Normal) (GCLocker Initiated GC)
[2026-09-05T21:21:29.889-0400][561.310s][info][gc,task     ] GC(193) Using 23 workers of 23 for evacuation
[2026-09-05T21:21:29.895-0400][561.316s][info][gc,phases   ] GC(193)   Pre Evacuate Collection Set: 0.20ms
[2026-09-05T21:21:29.896-0400][561.316s][info][gc,phases   ] GC(193)   Merge Heap Roots: 0.23ms
[2026-09-05T21:21:29.896-0400][561.316s][info][gc,phases   ] GC(193)   Evacuate Collection Set: 4.95ms
[2026-09-05T21:21:29.896-0400][561.316s][info][gc,phases   ] GC(193)   Post Evacuate Collection Set: 0.64ms
[2026-09-05T21:21:29.896-0400][561.316s][info][gc,phases   ] GC(193)   Other: 0.15ms
[2026-09-05T21:21:29.896-0400][561.316s][info][gc,heap     ] GC(193) Eden regions: 497->0(496)
[2026-09-05T21:21:29.896-0400][561.316s][info][gc,heap     ] GC(193) Survivor regions: 31->30(66)
[2026-09-05T21:21:29.896-0400][561.316s][info][gc,heap     ] GC(193) Old regions: 657->660
[2026-09-05T21:21:29.896-0400][561.316s][info][gc,heap     ] GC(193) Archive regions: 0->0
[2026-09-05T21:21:29.896-0400][561.316s][info][gc,heap     ] GC(193) Humongous regions: 26->26
[2026-09-05T21:21:29.896-0400][561.316s][info][gc,metaspace] GC(193) Metaspace: 152954K(155456K)->152954K(155456K) NonClass: 131202K(132544K)->131202K(132544K) Class: 21751K(22912K)->21751K(22912K)
[2026-09-05T21:21:29.896-0400][561.316s][info][gc          ] GC(193) Pause Young (Normal) (GCLocker Initiated GC) 2420M->1431M(2762M) 6.330ms
[2026-09-05T21:21:29.896-0400][561.316s][info][gc,cpu      ] GC(193) User=0.00s Sys=0.00s Real=0.01s
[2026-09-05T21:21:30.349-0400][561.768s][info][gc,start    ] GC(194) Pause Young (Normal) (G1 Evacuation Pause)
[2026-09-05T21:21:30.349-0400][561.768s][info][gc,task     ] GC(194) Using 23 workers of 23 for evacuation
[2026-09-05T21:21:30.354-0400][561.774s][info][gc,phases   ] GC(194)   Pre Evacuate Collection Set: 0.20ms
[2026-09-05T21:21:30.354-0400][561.774s][info][gc,phases   ] GC(194)   Merge Heap Roots: 0.20ms
[2026-09-05T21:21:30.354-0400][561.774s][info][gc,phases   ] GC(194)   Evacuate Collection Set: 4.66ms
[2026-09-05T21:21:30.354-0400][561.774s][info][gc,phases   ] GC(194)   Post Evacuate Collection Set: 0.86ms
[2026-09-05T21:21:30.354-0400][561.774s][info][gc,phases   ] GC(194)   Other: 0.16ms
[2026-09-05T21:21:30.354-0400][561.775s][info][gc,heap     ] GC(194) Eden regions: 496->0(492)
[2026-09-05T21:21:30.354-0400][561.775s][info][gc,heap     ] GC(194) Survivor regions: 30->30(66)
[2026-09-05T21:21:30.354-0400][561.775s][info][gc,heap     ] GC(194) Old regions: 660->664
[2026-09-05T21:21:30.354-0400][561.775s][info][gc,heap     ] GC(194) Archive regions: 0->0
[2026-09-05T21:21:30.354-0400][561.775s][info][gc,heap     ] GC(194) Humongous regions: 26->26
[2026-09-05T21:21:30.354-0400][561.775s][info][gc,metaspace] GC(194) Metaspace: 152955K(155456K)->152955K(155456K) NonClass: 131203K(132544K)->131203K(132544K) Class: 21751K(22912K)->21751K(22912K)
[2026-09-05T21:21:30.354-0400][561.775s][info][gc          ] GC(194) Pause Young (Normal) (G1 Evacuation Pause) 2423M->1438M(2762M) 6.228ms
[2026-09-05T21:21:30.354-0400][561.775s][info][gc,cpu      ] GC(194) User=0.33s Sys=0.02s Real=0.01s
[2026-09-05T21:21:30.960-0400][562.380s][info][gc,start    ] GC(195) Pause Young (Normal) (G1 Evacuation Pause)
[2026-09-05T21:21:30.960-0400][562.380s][info][gc,task     ] GC(195) Using 23 workers of 23 for evacuation
[2026-09-05T21:21:30.966-0400][562.386s][info][gc,phases   ] GC(195)   Pre Evacuate Collection Set: 0.20ms
[2026-09-05T21:21:30.966-0400][562.386s][info][gc,phases   ] GC(195)   Merge Heap Roots: 0.27ms
[2026-09-05T21:21:30.966-0400][562.386s][info][gc,phases   ] GC(195)   Evacuate Collection Set: 4.92ms
[2026-09-05T21:21:30.966-0400][562.386s][info][gc,phases   ] GC(195)   Post Evacuate Collection Set: 0.63ms
[2026-09-05T21:21:30.966-0400][562.386s][info][gc,phases   ] GC(195)   Other: 0.23ms
[2026-09-05T21:21:30.966-0400][562.386s][info][gc,heap     ] GC(195) Eden regions: 492->0(487)
[2026-09-05T21:21:30.966-0400][562.386s][info][gc,heap     ] GC(195) Survivor regions: 30->31(66)
[2026-09-05T21:21:30.966-0400][562.386s][info][gc,heap     ] GC(195) Old regions: 664->667
[2026-09-05T21:21:30.966-0400][562.386s][info][gc,heap     ] GC(195) Archive regions: 0->0
[2026-09-05T21:21:30.966-0400][562.386s][info][gc,heap     ] GC(195) Humongous regions: 26->26
[2026-09-05T21:21:30.966-0400][562.386s][info][gc,metaspace] GC(195) Metaspace: 152960K(155456K)->152960K(155456K) NonClass: 131208K(132544K)->131208K(132544K) Class: 21751K(22912K)->21751K(22912K)
[2026-09-05T21:21:30.966-0400][562.386s][info][gc          ] GC(195) Pause Young (Normal) (G1 Evacuation Pause) 2422M->1446M(2762M) 6.355ms
[2026-09-05T21:21:30.966-0400][562.386s][info][gc,cpu      ] GC(195) User=0.00s Sys=0.00s Real=0.01s
[2026-09-05T21:21:31.355-0400][562.776s][info][gc,start    ] GC(196) Pause Young (Normal) (G1 Evacuation Pause)
[2026-09-05T21:21:31.356-0400][562.776s][info][gc,task     ] GC(196) Using 23 workers of 23 for evacuation
[2026-09-05T21:21:31.363-0400][562.784s][info][gc,phases   ] GC(196)   Pre Evacuate Collection Set: 0.22ms
[2026-09-05T21:21:31.363-0400][562.784s][info][gc,phases   ] GC(196)   Merge Heap Roots: 0.18ms
[2026-09-05T21:21:31.363-0400][562.784s][info][gc,phases   ] GC(196)   Evacuate Collection Set: 6.49ms
[2026-09-05T21:21:31.363-0400][562.784s][info][gc,phases   ] GC(196)   Post Evacuate Collection Set: 0.90ms
[2026-09-05T21:21:31.363-0400][562.784s][info][gc,phases   ] GC(196)   Other: 0.64ms
[2026-09-05T21:21:31.363-0400][562.784s][info][gc,heap     ] GC(196) Eden regions: 487->0(478)
[2026-09-05T21:21:31.363-0400][562.784s][info][gc,heap     ] GC(196) Survivor regions: 31->33(65)
[2026-09-05T21:21:31.363-0400][562.784s][info][gc,heap     ] GC(196) Old regions: 667->672
[2026-09-05T21:21:31.363-0400][562.784s][info][gc,heap     ] GC(196) Archive regions: 0->0
[2026-09-05T21:21:31.363-0400][562.784s][info][gc,heap     ] GC(196) Humongous regions: 26->26
[2026-09-05T21:21:31.364-0400][562.784s][info][gc,metaspace] GC(196) Metaspace: 152962K(155456K)->152962K(155456K) NonClass: 131211K(132544K)->131211K(132544K) Class: 21751K(22912K)->21751K(22912K)
[2026-09-05T21:21:31.364-0400][562.784s][info][gc          ] GC(196) Pause Young (Normal) (G1 Evacuation Pause) 2420M->1460M(2762M) 8.357ms
[2026-09-05T21:21:31.364-0400][562.784s][info][gc,cpu      ] GC(196) User=0.00s Sys=0.00s Real=0.01s
[2026-09-05T21:21:31.552-0400][562.972s][info][gc,start    ] GC(197) Pause Young (Normal) (G1 Evacuation Pause)
[2026-09-05T21:21:31.552-0400][562.972s][info][gc,task     ] GC(197) Using 23 workers of 23 for evacuation
[2026-09-05T21:21:31.559-0400][562.978s][info][gc,phases   ] GC(197)   Pre Evacuate Collection Set: 0.14ms
[2026-09-05T21:21:31.559-0400][562.978s][info][gc,phases   ] GC(197)   Merge Heap Roots: 0.18ms
[2026-09-05T21:21:31.559-0400][562.978s][info][gc,phases   ] GC(197)   Evacuate Collection Set: 4.90ms
[2026-09-05T21:21:31.559-0400][562.978s][info][gc,phases   ] GC(197)   Post Evacuate Collection Set: 0.54ms
[2026-09-05T21:21:31.559-0400][562.978s][info][gc,phases   ] GC(197)   Other: 0.16ms
[2026-09-05T21:21:31.559-0400][562.978s][info][gc,heap     ] GC(197) Eden regions: 478->0(476)
[2026-09-05T21:21:31.559-0400][562.978s][info][gc,heap     ] GC(197) Survivor regions: 33->34(64)
[2026-09-05T21:21:31.559-0400][562.978s][info][gc,heap     ] GC(197) Old regions: 672->672
[2026-09-05T21:21:31.559-0400][562.978s][info][gc,heap     ] GC(197) Archive regions: 0->0
[2026-09-05T21:21:31.559-0400][562.978s][info][gc,heap     ] GC(197) Humongous regions: 26->26
[2026-09-05T21:21:31.559-0400][562.978s][info][gc,metaspace] GC(197) Metaspace: 152962K(155456K)->152962K(155456K) NonClass: 131211K(132544K)->131211K(132544K) Class: 21751K(22912K)->21751K(22912K)
[2026-09-05T21:21:31.559-0400][562.978s][info][gc          ] GC(197) Pause Young (Normal) (G1 Evacuation Pause) 2416M->1463M(2762M) 6.055ms
[2026-09-05T21:21:31.559-0400][562.978s][info][gc,cpu      ] GC(197) User=0.00s Sys=0.03s Real=0.01s
[2026-09-05T21:21:32.266-0400][563.686s][info][gc,start    ] GC(198) Pause Young (Normal) (G1 Evacuation Pause)
[2026-09-05T21:21:32.266-0400][563.686s][info][gc,task     ] GC(198) Using 23 workers of 23 for evacuation
[2026-09-05T21:21:32.272-0400][563.692s][info][gc,phases   ] GC(198)   Pre Evacuate Collection Set: 0.19ms
[2026-09-05T21:21:32.272-0400][563.692s][info][gc,phases   ] GC(198)   Merge Heap Roots: 0.22ms
[2026-09-05T21:21:32.272-0400][563.692s][info][gc,phases   ] GC(198)   Evacuate Collection Set: 4.85ms
[2026-09-05T21:21:32.272-0400][563.692s][info][gc,phases   ] GC(198)   Post Evacuate Collection Set: 0.61ms
[2026-09-05T21:21:32.272-0400][563.692s][info][gc,phases   ] GC(198)   Other: 0.21ms
[2026-09-05T21:21:32.272-0400][563.692s][info][gc,heap     ] GC(198) Eden regions: 476->0(471)
[2026-09-05T21:21:32.272-0400][563.692s][info][gc,heap     ] GC(198) Survivor regions: 34->36(64)
[2026-09-05T21:21:32.272-0400][563.692s][info][gc,heap     ] GC(198) Old regions: 672->673
[2026-09-05T21:21:32.272-0400][563.692s][info][gc,heap     ] GC(198) Archive regions: 0->0
[2026-09-05T21:21:32.272-0400][563.692s][info][gc,heap     ] GC(198) Humongous regions: 26->26
[2026-09-05T21:21:32.272-0400][563.692s][info][gc,metaspace] GC(198) Metaspace: 152968K(155456K)->152968K(155456K) NonClass: 131217K(132544K)->131217K(132544K) Class: 21751K(22912K)->21751K(22912K)
[2026-09-05T21:21:32.272-0400][563.692s][info][gc          ] GC(198) Pause Young (Normal) (G1 Evacuation Pause) 2415M->1466M(2762M) 6.215ms
[2026-09-05T21:21:32.272-0400][563.692s][info][gc,cpu      ] GC(198) User=0.36s Sys=0.00s Real=0.01s
[2026-09-05T21:21:32.730-0400][564.150s][info][gc,start    ] GC(199) Pause Young (Normal) (G1 Evacuation Pause)
[2026-09-05T21:21:32.730-0400][564.150s][info][gc,task     ] GC(199) Using 23 workers of 23 for evacuation
[2026-09-05T21:21:32.736-0400][564.157s][info][gc,phases   ] GC(199)   Pre Evacuate Collection Set: 0.33ms
[2026-09-05T21:21:32.736-0400][564.157s][info][gc,phases   ] GC(199)   Merge Heap Roots: 0.18ms
[2026-09-05T21:21:32.736-0400][564.157s][info][gc,phases   ] GC(199)   Evacuate Collection Set: 5.64ms
[2026-09-05T21:21:32.736-0400][564.157s][info][gc,phases   ] GC(199)   Post Evacuate Collection Set: 0.70ms
[2026-09-05T21:21:32.736-0400][564.157s][info][gc,phases   ] GC(199)   Other: 0.21ms
[2026-09-05T21:21:32.736-0400][564.157s][info][gc,heap     ] GC(199) Eden regions: 471->0(465)
[2026-09-05T21:21:32.736-0400][564.157s][info][gc,heap     ] GC(199) Survivor regions: 36->39(64)
[2026-09-05T21:21:32.738-0400][564.157s][info][gc,heap     ] GC(199) Old regions: 673->673
[2026-09-05T21:21:32.738-0400][564.157s][info][gc,heap     ] GC(199) Archive regions: 0->0
[2026-09-05T21:21:32.738-0400][564.157s][info][gc,heap     ] GC(199) Humongous regions: 26->26
[2026-09-05T21:21:32.738-0400][564.157s][info][gc,metaspace] GC(199) Metaspace: 152977K(155520K)->152977K(155520K) NonClass: 131225K(132608K)->131225K(132608K) Class: 21752K(22912K)->21752K(22912K)
[2026-09-05T21:21:32.738-0400][564.157s][info][gc          ] GC(199) Pause Young (Normal) (G1 Evacuation Pause) 2408M->1472M(2762M) 7.199ms
[2026-09-05T21:21:32.738-0400][564.157s][info][gc,cpu      ] GC(199) User=0.00s Sys=0.00s Real=0.01s
[2026-09-05T21:21:33.133-0400][564.553s][info][gc,start    ] GC(200) Pause Young (Normal) (G1 Evacuation Pause)
[2026-09-05T21:21:33.133-0400][564.553s][info][gc,task     ] GC(200) Using 23 workers of 23 for evacuation
[2026-09-05T21:21:33.141-0400][564.561s][info][gc,phases   ] GC(200)   Pre Evacuate Collection Set: 0.13ms
[2026-09-05T21:21:33.141-0400][564.561s][info][gc,phases   ] GC(200)   Merge Heap Roots: 0.19ms
[2026-09-05T21:21:33.141-0400][564.561s][info][gc,phases   ] GC(200)   Evacuate Collection Set: 6.15ms
[2026-09-05T21:21:33.141-0400][564.561s][info][gc,phases   ] GC(200)   Post Evacuate Collection Set: 0.67ms
[2026-09-05T21:21:33.141-0400][564.561s][info][gc,phases   ] GC(200)   Other: 0.16ms
[2026-09-05T21:21:33.141-0400][564.561s][info][gc,heap     ] GC(200) Eden regions: 465->0(466)
[2026-09-05T21:21:33.141-0400][564.561s][info][gc,heap     ] GC(200) Survivor regions: 39->36(63)
[2026-09-05T21:21:33.141-0400][564.561s][info][gc,heap     ] GC(200) Old regions: 673->678
[2026-09-05T21:21:33.141-0400][564.561s][info][gc,heap     ] GC(200) Archive regions: 0->0
[2026-09-05T21:21:33.141-0400][564.561s][info][gc,heap     ] GC(200) Humongous regions: 26->26
[2026-09-05T21:21:33.141-0400][564.561s][info][gc,metaspace] GC(200) Metaspace: 152978K(155584K)->152978K(155584K) NonClass: 131226K(132672K)->131226K(132672K) Class: 21752K(22912K)->21752K(22912K)
[2026-09-05T21:21:33.141-0400][564.561s][info][gc          ] GC(200) Pause Young (Normal) (G1 Evacuation Pause) 2402M->1479M(2762M) 7.534ms
[2026-09-05T21:21:33.141-0400][564.561s][info][gc,cpu      ] GC(200) User=0.00s Sys=0.00s Real=0.01s
[2026-09-05T21:21:33.608-0400][565.028s][info][gc,start    ] GC(201) Pause Young (Normal) (GCLocker Initiated GC)
[2026-09-05T21:21:33.608-0400][565.028s][info][gc,task     ] GC(201) Using 23 workers of 23 for evacuation
[2026-09-05T21:21:33.615-0400][565.036s][info][gc,phases   ] GC(201)   Pre Evacuate Collection Set: 0.20ms
[2026-09-05T21:21:33.615-0400][565.036s][info][gc,phases   ] GC(201)   Merge Heap Roots: 0.22ms
[2026-09-05T21:21:33.615-0400][565.036s][info][gc,phases   ] GC(201)   Evacuate Collection Set: 5.84ms
[2026-09-05T21:21:33.615-0400][565.036s][info][gc,phases   ] GC(201)   Post Evacuate Collection Set: 0.96ms
[2026-09-05T21:21:33.615-0400][565.036s][info][gc,phases   ] GC(201)   Other: 0.15ms
[2026-09-05T21:21:33.615-0400][565.036s][info][gc,heap     ] GC(201) Eden regions: 467->0(459)
[2026-09-05T21:21:33.615-0400][565.036s][info][gc,heap     ] GC(201) Survivor regions: 36->38(63)
[2026-09-05T21:21:33.615-0400][565.036s][info][gc,heap     ] GC(201) Old regions: 678->681
[2026-09-05T21:21:33.615-0400][565.036s][info][gc,heap     ] GC(201) Archive regions: 0->0
[2026-09-05T21:21:33.615-0400][565.036s][info][gc,heap     ] GC(201) Humongous regions: 26->26
[2026-09-05T21:21:33.615-0400][565.036s][info][gc,metaspace] GC(201) Metaspace: 152984K(155584K)->152984K(155584K) NonClass: 131232K(132672K)->131232K(132672K) Class: 21752K(22912K)->21752K(22912K)
[2026-09-05T21:21:33.615-0400][565.036s][info][gc          ] GC(201) Pause Young (Normal) (GCLocker Initiated GC) 2412M->1488M(2762M) 7.505ms
[2026-09-05T21:21:33.615-0400][565.036s][info][gc,cpu      ] GC(201) User=0.03s Sys=0.00s Real=0.01s
[2026-09-05T21:21:34.211-0400][565.631s][info][gc,start    ] GC(202) Pause Young (Normal) (G1 Evacuation Pause)
[2026-09-05T21:21:34.211-0400][565.631s][info][gc,task     ] GC(202) Using 23 workers of 23 for evacuation
[2026-09-05T21:21:34.217-0400][565.637s][info][gc,phases   ] GC(202)   Pre Evacuate Collection Set: 0.17ms
[2026-09-05T21:21:34.217-0400][565.637s][info][gc,phases   ] GC(202)   Merge Heap Roots: 0.18ms
[2026-09-05T21:21:34.217-0400][565.637s][info][gc,phases   ] GC(202)   Evacuate Collection Set: 5.07ms
[2026-09-05T21:21:34.217-0400][565.637s][info][gc,phases   ] GC(202)   Post Evacuate Collection Set: 0.74ms
[2026-09-05T21:21:34.217-0400][565.637s][info][gc,phases   ] GC(202)   Other: 0.16ms
[2026-09-05T21:21:34.217-0400][565.637s][info][gc,heap     ] GC(202) Eden regions: 459->0(463)
[2026-09-05T21:21:34.217-0400][565.637s][info][gc,heap     ] GC(202) Survivor regions: 38->33(63)
[2026-09-05T21:21:34.217-0400][565.637s][info][gc,heap     ] GC(202) Old regions: 681->687
[2026-09-05T21:21:34.217-0400][565.637s][info][gc,heap     ] GC(202) Archive regions: 0->0
[2026-09-05T21:21:34.217-0400][565.637s][info][gc,heap     ] GC(202) Humongous regions: 26->26
[2026-09-05T21:21:34.217-0400][565.637s][info][gc,metaspace] GC(202) Metaspace: 152985K(155584K)->152985K(155584K) NonClass: 131232K(132672K)->131232K(132672K) Class: 21752K(22912K)->21752K(22912K)
[2026-09-05T21:21:34.217-0400][565.637s][info][gc          ] GC(202) Pause Young (Normal) (G1 Evacuation Pause) 2406M->1491M(2762M) 6.455ms
[2026-09-05T21:21:34.218-0400][565.637s][info][gc,cpu      ] GC(202) User=0.00s Sys=0.00s Real=0.01s
[2026-09-05T21:21:34.594-0400][566.014s][info][gc,start    ] GC(203) Pause Young (Normal) (G1 Evacuation Pause)
[2026-09-05T21:21:34.594-0400][566.014s][info][gc,task     ] GC(203) Using 23 workers of 23 for evacuation
[2026-09-05T21:21:34.601-0400][566.022s][info][gc,phases   ] GC(203)   Pre Evacuate Collection Set: 0.22ms
[2026-09-05T21:21:34.602-0400][566.022s][info][gc,phases   ] GC(203)   Merge Heap Roots: 0.18ms
[2026-09-05T21:21:34.602-0400][566.022s][info][gc,phases   ] GC(203)   Evacuate Collection Set: 6.00ms
[2026-09-05T21:21:34.602-0400][566.022s][info][gc,phases   ] GC(203)   Post Evacuate Collection Set: 0.90ms
[2026-09-05T21:21:34.602-0400][566.022s][info][gc,phases   ] GC(203)   Other: 0.42ms
[2026-09-05T21:21:34.602-0400][566.022s][info][gc,heap     ] GC(203) Eden regions: 463->0(451)
[2026-09-05T21:21:34.602-0400][566.022s][info][gc,heap     ] GC(203) Survivor regions: 33->39(62)
[2026-09-05T21:21:34.602-0400][566.022s][info][gc,heap     ] GC(203) Old regions: 687->687
[2026-09-05T21:21:34.602-0400][566.022s][info][gc,heap     ] GC(203) Archive regions: 0->0
[2026-09-05T21:21:34.602-0400][566.022s][info][gc,heap     ] GC(203) Humongous regions: 26->26
[2026-09-05T21:21:34.602-0400][566.022s][info][gc,metaspace] GC(203) Metaspace: 152986K(155584K)->152986K(155584K) NonClass: 131233K(132672K)->131233K(132672K) Class: 21752K(22912K)->21752K(22912K)
[2026-09-05T21:21:34.602-0400][566.022s][info][gc          ] GC(203) Pause Young (Normal) (G1 Evacuation Pause) 2417M->1502M(2762M) 7.868ms
[2026-09-05T21:21:34.602-0400][566.022s][info][gc,cpu      ] GC(203) User=0.34s Sys=0.00s Real=0.01s
[2026-09-05T21:21:34.880-0400][566.300s][info][gc,start    ] GC(204) Pause Young (Normal) (G1 Evacuation Pause)
[2026-09-05T21:21:34.880-0400][566.300s][info][gc,task     ] GC(204) Using 23 workers of 23 for evacuation
[2026-09-05T21:21:34.886-0400][566.307s][info][gc,phases   ] GC(204)   Pre Evacuate Collection Set: 0.24ms
[2026-09-05T21:21:34.887-0400][566.307s][info][gc,phases   ] GC(204)   Merge Heap Roots: 0.16ms
[2026-09-05T21:21:34.887-0400][566.307s][info][gc,phases   ] GC(204)   Evacuate Collection Set: 5.41ms
[2026-09-05T21:21:34.887-0400][566.307s][info][gc,phases   ] GC(204)   Post Evacuate Collection Set: 1.01ms
[2026-09-05T21:21:34.887-0400][566.307s][info][gc,phases   ] GC(204)   Other: 0.14ms
[2026-09-05T21:21:34.887-0400][566.307s][info][gc,heap     ] GC(204) Eden regions: 451->0(454)
[2026-09-05T21:21:34.887-0400][566.307s][info][gc,heap     ] GC(204) Survivor regions: 39->34(62)
[2026-09-05T21:21:34.887-0400][566.307s][info][gc,heap     ] GC(204) Old regions: 687->694
[2026-09-05T21:21:34.887-0400][566.307s][info][gc,heap     ] GC(204) Archive regions: 0->0
[2026-09-05T21:21:34.887-0400][566.307s][info][gc,heap     ] GC(204) Humongous regions: 26->26
[2026-09-05T21:21:34.887-0400][566.307s][info][gc,metaspace] GC(204) Metaspace: 152987K(155584K)->152987K(155584K) NonClass: 131234K(132672K)->131234K(132672K) Class: 21752K(22912K)->21752K(22912K)
[2026-09-05T21:21:34.887-0400][566.307s][info][gc          ] GC(204) Pause Young (Normal) (G1 Evacuation Pause) 2404M->1506M(2762M) 7.116ms
[2026-09-05T21:21:34.887-0400][566.307s][info][gc,cpu      ] GC(204) User=0.33s Sys=0.00s Real=0.01s
[2026-09-05T21:21:35.215-0400][566.635s][info][gc,start    ] GC(205) Pause Young (Normal) (G1 Evacuation Pause)
[2026-09-05T21:21:35.215-0400][566.635s][info][gc,task     ] GC(205) Using 23 workers of 23 for evacuation
[2026-09-05T21:21:35.222-0400][566.642s][info][gc,phases   ] GC(205)   Pre Evacuate Collection Set: 0.16ms
[2026-09-05T21:21:35.222-0400][566.642s][info][gc,phases   ] GC(205)   Merge Heap Roots: 0.16ms
[2026-09-05T21:21:35.222-0400][566.642s][info][gc,phases   ] GC(205)   Evacuate Collection Set: 5.88ms
[2026-09-05T21:21:35.222-0400][566.642s][info][gc,phases   ] GC(205)   Post Evacuate Collection Set: 0.61ms
[2026-09-05T21:21:35.222-0400][566.642s][info][gc,phases   ] GC(205)   Other: 0.15ms
[2026-09-05T21:21:35.222-0400][566.642s][info][gc,heap     ] GC(205) Eden regions: 454->0(444)
[2026-09-05T21:21:35.222-0400][566.642s][info][gc,heap     ] GC(205) Survivor regions: 34->39(61)
[2026-09-05T21:21:35.222-0400][566.643s][info][gc,heap     ] GC(205) Old regions: 694->694
[2026-09-05T21:21:35.222-0400][566.643s][info][gc,heap     ] GC(205) Archive regions: 0->0
[2026-09-05T21:21:35.222-0400][566.643s][info][gc,heap     ] GC(205) Humongous regions: 26->26
[2026-09-05T21:21:35.222-0400][566.643s][info][gc,metaspace] GC(205) Metaspace: 152987K(155584K)->152987K(155584K) NonClass: 131234K(132672K)->131234K(132672K) Class: 21752K(22912K)->21752K(22912K)
[2026-09-05T21:21:35.222-0400][566.643s][info][gc          ] GC(205) Pause Young (Normal) (G1 Evacuation Pause) 2414M->1515M(2762M) 7.121ms
[2026-09-05T21:21:35.222-0400][566.643s][info][gc,cpu      ] GC(205) User=0.00s Sys=0.00s Real=0.01s
[2026-09-05T21:21:35.724-0400][567.144s][info][gc,start    ] GC(206) Pause Young (Normal) (G1 Evacuation Pause)
[2026-09-05T21:21:35.724-0400][567.144s][info][gc,task     ] GC(206) Using 23 workers of 23 for evacuation
[2026-09-05T21:21:35.731-0400][567.151s][info][gc,phases   ] GC(206)   Pre Evacuate Collection Set: 0.21ms
[2026-09-05T21:21:35.731-0400][567.152s][info][gc,phases   ] GC(206)   Merge Heap Roots: 0.19ms
[2026-09-05T21:21:35.731-0400][567.152s][info][gc,phases   ] GC(206)   Evacuate Collection Set: 6.53ms
[2026-09-05T21:21:35.731-0400][567.152s][info][gc,phases   ] GC(206)   Post Evacuate Collection Set: 0.69ms
[2026-09-05T21:21:35.731-0400][567.152s][info][gc,phases   ] GC(206)   Other: 0.24ms
[2026-09-05T21:21:35.731-0400][567.152s][info][gc,heap     ] GC(206) Eden regions: 444->0(446)
[2026-09-05T21:21:35.731-0400][567.152s][info][gc,heap     ] GC(206) Survivor regions: 39->35(61)
[2026-09-05T21:21:35.731-0400][567.152s][info][gc,heap     ] GC(206) Old regions: 694->700
[2026-09-05T21:21:35.731-0400][567.152s][info][gc,heap     ] GC(206) Archive regions: 0->0
[2026-09-05T21:21:35.731-0400][567.152s][info][gc,heap     ] GC(206) Humongous regions: 26->26
[2026-09-05T21:21:35.731-0400][567.152s][info][gc,metaspace] GC(206) Metaspace: 152989K(155584K)->152989K(155584K) NonClass: 131236K(132672K)->131236K(132672K) Class: 21752K(22912K)->21752K(22912K)
[2026-09-05T21:21:35.731-0400][567.152s][info][gc          ] GC(206) Pause Young (Normal) (G1 Evacuation Pause) 2403M->1520M(2762M) 7.988ms
[2026-09-05T21:21:35.732-0400][567.152s][info][gc,cpu      ] GC(206) User=0.20s Sys=0.02s Real=0.01s
[2026-09-05T21:21:36.040-0400][567.459s][info][gc,start    ] GC(207) Pause Young (Normal) (G1 Evacuation Pause)
[2026-09-05T21:21:36.040-0400][567.459s][info][gc,task     ] GC(207) Using 23 workers of 23 for evacuation
[2026-09-05T21:21:36.045-0400][567.465s][info][gc,phases   ] GC(207)   Pre Evacuate Collection Set: 0.22ms
[2026-09-05T21:21:36.045-0400][567.465s][info][gc,phases   ] GC(207)   Merge Heap Roots: 0.20ms
[2026-09-05T21:21:36.045-0400][567.465s][info][gc,phases   ] GC(207)   Evacuate Collection Set: 4.36ms
[2026-09-05T21:21:36.045-0400][567.465s][info][gc,phases   ] GC(207)   Post Evacuate Collection Set: 0.73ms
[2026-09-05T21:21:36.045-0400][567.465s][info][gc,phases   ] GC(207)   Other: 0.14ms
[2026-09-05T21:21:36.045-0400][567.465s][info][gc,heap     ] GC(207) Eden regions: 446->0(449)
[2026-09-05T21:21:36.045-0400][567.465s][info][gc,heap     ] GC(207) Survivor regions: 35->32(61)
[2026-09-05T21:21:36.045-0400][567.465s][info][gc,heap     ] GC(207) Old regions: 700->703
[2026-09-05T21:21:36.045-0400][567.465s][info][gc,heap     ] GC(207) Archive regions: 0->0
[2026-09-05T21:21:36.045-0400][567.465s][info][gc,heap     ] GC(207) Humongous regions: 26->26
[2026-09-05T21:21:36.045-0400][567.465s][info][gc,metaspace] GC(207) Metaspace: 152990K(155584K)->152990K(155584K) NonClass: 131238K(132672K)->131238K(132672K) Class: 21752K(22912K)->21752K(22912K)
[2026-09-05T21:21:36.045-0400][567.465s][info][gc          ] GC(207) Pause Young (Normal) (G1 Evacuation Pause) 2412M->1521M(2762M) 5.771ms
[2026-09-05T21:21:36.045-0400][567.465s][info][gc,cpu      ] GC(207) User=0.00s Sys=0.00s Real=0.01s
[2026-09-05T21:21:36.520-0400][567.940s][info][gc,start    ] GC(208) Pause Young (Normal) (G1 Evacuation Pause)
[2026-09-05T21:21:36.520-0400][567.940s][info][gc,task     ] GC(208) Using 23 workers of 23 for evacuation
[2026-09-05T21:21:36.527-0400][567.947s][info][gc,phases   ] GC(208)   Pre Evacuate Collection Set: 0.22ms
[2026-09-05T21:21:36.527-0400][567.947s][info][gc,phases   ] GC(208)   Merge Heap Roots: 0.21ms
[2026-09-05T21:21:36.527-0400][567.947s][info][gc,phases   ] GC(208)   Evacuate Collection Set: 5.78ms
[2026-09-05T21:21:36.527-0400][567.947s][info][gc,phases   ] GC(208)   Post Evacuate Collection Set: 0.69ms
[2026-09-05T21:21:36.527-0400][567.947s][info][gc,phases   ] GC(208)   Other: 0.26ms
[2026-09-05T21:21:36.527-0400][567.947s][info][gc,heap     ] GC(208) Eden regions: 449->0(441)
[2026-09-05T21:21:36.527-0400][567.947s][info][gc,heap     ] GC(208) Survivor regions: 32->36(61)
[2026-09-05T21:21:36.527-0400][567.947s][info][gc,heap     ] GC(208) Old regions: 703->703
[2026-09-05T21:21:36.527-0400][567.947s][info][gc,heap     ] GC(208) Archive regions: 0->0
[2026-09-05T21:21:36.527-0400][567.947s][info][gc,heap     ] GC(208) Humongous regions: 26->26
[2026-09-05T21:21:36.527-0400][567.947s][info][gc,metaspace] GC(208) Metaspace: 152998K(155584K)->152998K(155584K) NonClass: 131245K(132672K)->131245K(132672K) Class: 21752K(22912K)->21752K(22912K)
[2026-09-05T21:21:36.527-0400][567.947s][info][gc          ] GC(208) Pause Young (Normal) (G1 Evacuation Pause) 2419M->1528M(2762M) 7.250ms
[2026-09-05T21:21:36.527-0400][567.947s][info][gc,cpu      ] GC(208) User=0.34s Sys=0.02s Real=0.01s
[2026-09-05T21:21:37.056-0400][568.476s][info][gc,start    ] GC(209) Pause Young (Normal) (G1 Evacuation Pause)
[2026-09-05T21:21:37.056-0400][568.476s][info][gc,task     ] GC(209) Using 23 workers of 23 for evacuation
[2026-09-05T21:21:37.061-0400][568.482s][info][gc,phases   ] GC(209)   Pre Evacuate Collection Set: 0.20ms
[2026-09-05T21:21:37.062-0400][568.482s][info][gc,phases   ] GC(209)   Merge Heap Roots: 0.17ms
[2026-09-05T21:21:37.062-0400][568.482s][info][gc,phases   ] GC(209)   Evacuate Collection Set: 4.29ms
[2026-09-05T21:21:37.062-0400][568.482s][info][gc,phases   ] GC(209)   Post Evacuate Collection Set: 0.86ms
[2026-09-05T21:21:37.062-0400][568.482s][info][gc,phases   ] GC(209)   Other: 0.16ms
[2026-09-05T21:21:37.062-0400][568.482s][info][gc,heap     ] GC(209) Eden regions: 441->0(443)
[2026-09-05T21:21:37.062-0400][568.482s][info][gc,heap     ] GC(209) Survivor regions: 36->33(60)
[2026-09-05T21:21:37.062-0400][568.482s][info][gc,heap     ] GC(209) Old regions: 703->707
[2026-09-05T21:21:37.062-0400][568.482s][info][gc,heap     ] GC(209) Archive regions: 0->0
[2026-09-05T21:21:37.062-0400][568.482s][info][gc,heap     ] GC(209) Humongous regions: 26->26
[2026-09-05T21:21:37.062-0400][568.482s][info][gc,metaspace] GC(209) Metaspace: 152998K(155584K)->152998K(155584K) NonClass: 131245K(132672K)->131245K(132672K) Class: 21752K(22912K)->21752K(22912K)
[2026-09-05T21:21:37.062-0400][568.482s][info][gc          ] GC(209) Pause Young (Normal) (G1 Evacuation Pause) 2410M->1530M(2762M) 5.906ms
[2026-09-05T21:21:37.062-0400][568.482s][info][gc,cpu      ] GC(209) User=0.00s Sys=0.00s Real=0.01s
[2026-09-05T21:21:37.583-0400][569.003s][info][gc,start    ] GC(210) Pause Young (Normal) (G1 Evacuation Pause)
[2026-09-05T21:21:37.583-0400][569.003s][info][gc,task     ] GC(210) Using 23 workers of 23 for evacuation
[2026-09-05T21:21:37.590-0400][569.009s][info][gc,phases   ] GC(210)   Pre Evacuate Collection Set: 0.21ms
[2026-09-05T21:21:37.590-0400][569.009s][info][gc,phases   ] GC(210)   Merge Heap Roots: 0.17ms
[2026-09-05T21:21:37.590-0400][569.009s][info][gc,phases   ] GC(210)   Evacuate Collection Set: 4.81ms
[2026-09-05T21:21:37.590-0400][569.009s][info][gc,phases   ] GC(210)   Post Evacuate Collection Set: 0.74ms
[2026-09-05T21:21:37.590-0400][569.009s][info][gc,phases   ] GC(210)   Other: 0.17ms
[2026-09-05T21:21:37.590-0400][569.009s][info][gc,heap     ] GC(210) Eden regions: 443->0(435)
[2026-09-05T21:21:37.590-0400][569.009s][info][gc,heap     ] GC(210) Survivor regions: 33->37(60)
[2026-09-05T21:21:37.590-0400][569.009s][info][gc,heap     ] GC(210) Old regions: 707->707
[2026-09-05T21:21:37.590-0400][569.009s][info][gc,heap     ] GC(210) Archive regions: 0->0
[2026-09-05T21:21:37.590-0400][569.009s][info][gc,heap     ] GC(210) Humongous regions: 26->26
[2026-09-05T21:21:37.590-0400][569.009s][info][gc,metaspace] GC(210) Metaspace: 153007K(155584K)->153007K(155584K) NonClass: 131255K(132672K)->131255K(132672K) Class: 21752K(22912K)->21752K(22912K)
[2026-09-05T21:21:37.590-0400][569.009s][info][gc          ] GC(210) Pause Young (Normal) (G1 Evacuation Pause) 2416M->1538M(2762M) 6.218ms
[2026-09-05T21:21:37.590-0400][569.009s][info][gc,cpu      ] GC(210) User=0.36s Sys=0.00s Real=0.01s
[2026-09-05T21:21:40.183-0400][571.603s][info][gc,start    ] GC(211) Pause Young (Normal) (GCLocker Initiated GC)
[2026-09-05T21:21:40.183-0400][571.603s][info][gc,task     ] GC(211) Using 23 workers of 23 for evacuation
[2026-09-05T21:21:40.189-0400][571.609s][info][gc,phases   ] GC(211)   Pre Evacuate Collection Set: 0.26ms
[2026-09-05T21:21:40.190-0400][571.609s][info][gc,phases   ] GC(211)   Merge Heap Roots: 0.23ms
[2026-09-05T21:21:40.190-0400][571.609s][info][gc,phases   ] GC(211)   Evacuate Collection Set: 5.10ms
[2026-09-05T21:21:40.190-0400][571.609s][info][gc,phases   ] GC(211)   Post Evacuate Collection Set: 0.71ms
[2026-09-05T21:21:40.190-0400][571.609s][info][gc,phases   ] GC(211)   Other: 0.16ms
[2026-09-05T21:21:40.190-0400][571.609s][info][gc,heap     ] GC(211) Eden regions: 436->0(440)
[2026-09-05T21:21:40.190-0400][571.609s][info][gc,heap     ] GC(211) Survivor regions: 37->31(59)
[2026-09-05T21:21:40.190-0400][571.609s][info][gc,heap     ] GC(211) Old regions: 707->714
[2026-09-05T21:21:40.190-0400][571.609s][info][gc,heap     ] GC(211) Archive regions: 0->0
[2026-09-05T21:21:40.190-0400][571.609s][info][gc,heap     ] GC(211) Humongous regions: 26->26
[2026-09-05T21:21:40.190-0400][571.609s][info][gc,metaspace] GC(211) Metaspace: 153024K(155584K)->153024K(155584K) NonClass: 131271K(132672K)->131271K(132672K) Class: 21752K(22912K)->21752K(22912K)
[2026-09-05T21:21:40.190-0400][571.609s][info][gc          ] GC(211) Pause Young (Normal) (GCLocker Initiated GC) 2409M->1539M(2762M) 6.567ms
[2026-09-05T21:21:40.190-0400][571.609s][info][gc,cpu      ] GC(211) User=0.00s Sys=0.00s Real=0.01s
[2026-09-05T21:21:43.424-0400][574.844s][info][gc,start    ] GC(212) Pause Young (Normal) (G1 Evacuation Pause)
[2026-09-05T21:21:43.424-0400][574.844s][info][gc,task     ] GC(212) Using 23 workers of 23 for evacuation
[2026-09-05T21:21:43.433-0400][574.854s][info][gc,phases   ] GC(212)   Pre Evacuate Collection Set: 0.22ms
[2026-09-05T21:21:43.433-0400][574.854s][info][gc,phases   ] GC(212)   Merge Heap Roots: 0.16ms
[2026-09-05T21:21:43.433-0400][574.854s][info][gc,phases   ] GC(212)   Evacuate Collection Set: 8.45ms
[2026-09-05T21:21:43.433-0400][574.854s][info][gc,phases   ] GC(212)   Post Evacuate Collection Set: 0.73ms
[2026-09-05T21:21:43.433-0400][574.854s][info][gc,phases   ] GC(212)   Other: 0.14ms
[2026-09-05T21:21:43.433-0400][574.854s][info][gc,heap     ] GC(212) Eden regions: 440->0(416)
[2026-09-05T21:21:43.433-0400][574.854s][info][gc,heap     ] GC(212) Survivor regions: 31->43(59)
[2026-09-05T21:21:43.433-0400][574.854s][info][gc,heap     ] GC(212) Old regions: 714->714
[2026-09-05T21:21:43.434-0400][574.854s][info][gc,heap     ] GC(212) Archive regions: 0->0
[2026-09-05T21:21:43.434-0400][574.854s][info][gc,heap     ] GC(212) Humongous regions: 26->26
[2026-09-05T21:21:43.434-0400][574.854s][info][gc,metaspace] GC(212) Metaspace: 153032K(155584K)->153032K(155584K) NonClass: 131279K(132672K)->131279K(132672K) Class: 21752K(22912K)->21752K(22912K)
[2026-09-05T21:21:43.434-0400][574.854s][info][gc          ] GC(212) Pause Young (Normal) (G1 Evacuation Pause) 2419M->1562M(2762M) 9.795ms
[2026-09-05T21:21:43.434-0400][574.854s][info][gc,cpu      ] GC(212) User=0.34s Sys=0.00s Real=0.01s
[2026-09-05T21:21:44.309-0400][575.729s][info][gc,start    ] GC(213) Pause Young (Normal) (G1 Evacuation Pause)
[2026-09-05T21:21:44.309-0400][575.729s][info][gc,task     ] GC(213) Using 23 workers of 23 for evacuation
[2026-09-05T21:21:44.318-0400][575.738s][info][gc,phases   ] GC(213)   Pre Evacuate Collection Set: 0.24ms
[2026-09-05T21:21:44.318-0400][575.738s][info][gc,phases   ] GC(213)   Merge Heap Roots: 0.17ms
[2026-09-05T21:21:44.318-0400][575.738s][info][gc,phases   ] GC(213)   Evacuate Collection Set: 7.77ms
[2026-09-05T21:21:44.318-0400][575.738s][info][gc,phases   ] GC(213)   Post Evacuate Collection Set: 0.67ms
[2026-09-05T21:21:44.318-0400][575.738s][info][gc,phases   ] GC(213)   Other: 0.16ms
[2026-09-05T21:21:44.318-0400][575.738s][info][gc,heap     ] GC(213) Eden regions: 416->0(425)
[2026-09-05T21:21:44.318-0400][575.738s][info][gc,heap     ] GC(213) Survivor regions: 43->33(58)
[2026-09-05T21:21:44.318-0400][575.738s][info][gc,heap     ] GC(213) Old regions: 714->725
[2026-09-05T21:21:44.318-0400][575.738s][info][gc,heap     ] GC(213) Archive regions: 0->0
[2026-09-05T21:21:44.318-0400][575.738s][info][gc,heap     ] GC(213) Humongous regions: 26->26
[2026-09-05T21:21:44.318-0400][575.738s][info][gc,metaspace] GC(213) Metaspace: 153032K(155584K)->153032K(155584K) NonClass: 131279K(132672K)->131279K(132672K) Class: 21752K(22912K)->21752K(22912K)
[2026-09-05T21:21:44.318-0400][575.738s][info][gc          ] GC(213) Pause Young (Normal) (G1 Evacuation Pause) 2394M->1564M(2762M) 9.137ms
[2026-09-05T21:21:44.318-0400][575.738s][info][gc,cpu      ] GC(213) User=0.00s Sys=0.00s Real=0.01s
[2026-09-05T21:21:45.217-0400][576.636s][info][gc,start    ] GC(214) Pause Young (Normal) (G1 Evacuation Pause)
[2026-09-05T21:21:45.217-0400][576.636s][info][gc,task     ] GC(214) Using 23 workers of 23 for evacuation
[2026-09-05T21:21:45.223-0400][576.643s][info][gc,phases   ] GC(214)   Pre Evacuate Collection Set: 0.15ms
[2026-09-05T21:21:45.223-0400][576.643s][info][gc,phases   ] GC(214)   Merge Heap Roots: 0.17ms
[2026-09-05T21:21:45.223-0400][576.643s][info][gc,phases   ] GC(214)   Evacuate Collection Set: 5.67ms
[2026-09-05T21:21:45.223-0400][576.643s][info][gc,phases   ] GC(214)   Post Evacuate Collection Set: 0.65ms
[2026-09-05T21:21:45.223-0400][576.643s][info][gc,phases   ] GC(214)   Other: 0.14ms
[2026-09-05T21:21:45.223-0400][576.643s][info][gc,heap     ] GC(214) Eden regions: 425->0(427)
[2026-09-05T21:21:45.223-0400][576.643s][info][gc,heap     ] GC(214) Survivor regions: 33->32(58)
[2026-09-05T21:21:45.223-0400][576.643s][info][gc,heap     ] GC(214) Old regions: 725->725
[2026-09-05T21:21:45.223-0400][576.643s][info][gc,heap     ] GC(214) Archive regions: 0->0
[2026-09-05T21:21:45.223-0400][576.643s][info][gc,heap     ] GC(214) Humongous regions: 26->26
[2026-09-05T21:21:45.223-0400][576.643s][info][gc,metaspace] GC(214) Metaspace: 153033K(155584K)->153033K(155584K) NonClass: 131280K(132672K)->131280K(132672K) Class: 21752K(22912K)->21752K(22912K)
[2026-09-05T21:21:45.223-0400][576.643s][info][gc          ] GC(214) Pause Young (Normal) (G1 Evacuation Pause) 2414M->1563M(2762M) 6.885ms
[2026-09-05T21:21:45.223-0400][576.643s][info][gc,cpu      ] GC(214) User=0.00s Sys=0.00s Real=0.01s
[2026-09-05T21:21:46.133-0400][577.553s][info][gc,start    ] GC(215) Pause Young (Normal) (G1 Evacuation Pause)
[2026-09-05T21:21:46.133-0400][577.553s][info][gc,task     ] GC(215) Using 23 workers of 23 for evacuation
[2026-09-05T21:21:46.141-0400][577.561s][info][gc,phases   ] GC(215)   Pre Evacuate Collection Set: 0.19ms
[2026-09-05T21:21:46.141-0400][577.561s][info][gc,phases   ] GC(215)   Merge Heap Roots: 0.18ms
[2026-09-05T21:21:46.141-0400][577.561s][info][gc,phases   ] GC(215)   Evacuate Collection Set: 6.34ms
[2026-09-05T21:21:46.141-0400][577.561s][info][gc,phases   ] GC(215)   Post Evacuate Collection Set: 0.83ms
[2026-09-05T21:21:46.141-0400][577.561s][info][gc,phases   ] GC(215)   Other: 0.17ms
[2026-09-05T21:21:46.141-0400][577.561s][info][gc,heap     ] GC(215) Eden regions: 427->0(427)
[2026-09-05T21:21:46.141-0400][577.561s][info][gc,heap     ] GC(215) Survivor regions: 32->32(58)
[2026-09-05T21:21:46.141-0400][577.561s][info][gc,heap     ] GC(215) Old regions: 725->725
[2026-09-05T21:21:46.141-0400][577.561s][info][gc,heap     ] GC(215) Archive regions: 0->0
[2026-09-05T21:21:46.141-0400][577.561s][info][gc,heap     ] GC(215) Humongous regions: 26->26
[2026-09-05T21:21:46.141-0400][577.561s][info][gc,metaspace] GC(215) Metaspace: 153033K(155584K)->153033K(155584K) NonClass: 131280K(132672K)->131280K(132672K) Class: 21752K(22912K)->21752K(22912K)
[2026-09-05T21:21:46.141-0400][577.561s][info][gc          ] GC(215) Pause Young (Normal) (G1 Evacuation Pause) 2417M->1563M(2762M) 7.833ms
[2026-09-05T21:21:46.141-0400][577.561s][info][gc,cpu      ] GC(215) User=0.00s Sys=0.00s Real=0.01s
[2026-09-05T21:21:46.978-0400][578.398s][info][gc,start    ] GC(216) Pause Young (Normal) (G1 Evacuation Pause)
[2026-09-05T21:21:46.978-0400][578.398s][info][gc,task     ] GC(216) Using 23 workers of 23 for evacuation
[2026-09-05T21:21:46.986-0400][578.406s][info][gc,phases   ] GC(216)   Pre Evacuate Collection Set: 0.22ms
[2026-09-05T21:21:46.986-0400][578.406s][info][gc,phases   ] GC(216)   Merge Heap Roots: 0.19ms
[2026-09-05T21:21:46.986-0400][578.406s][info][gc,phases   ] GC(216)   Evacuate Collection Set: 6.00ms
[2026-09-05T21:21:46.986-0400][578.406s][info][gc,phases   ] GC(216)   Post Evacuate Collection Set: 0.77ms
[2026-09-05T21:21:46.986-0400][578.406s][info][gc,phases   ] GC(216)   Other: 0.14ms
[2026-09-05T21:21:46.986-0400][578.406s][info][gc,heap     ] GC(216) Eden regions: 427->0(427)
[2026-09-05T21:21:46.986-0400][578.406s][info][gc,heap     ] GC(216) Survivor regions: 32->32(58)
[2026-09-05T21:21:46.986-0400][578.406s][info][gc,heap     ] GC(216) Old regions: 725->725
[2026-09-05T21:21:46.986-0400][578.406s][info][gc,heap     ] GC(216) Archive regions: 0->0
[2026-09-05T21:21:46.986-0400][578.406s][info][gc,heap     ] GC(216) Humongous regions: 26->26
[2026-09-05T21:21:46.986-0400][578.406s][info][gc,metaspace] GC(216) Metaspace: 153033K(155584K)->153033K(155584K) NonClass: 131280K(132672K)->131280K(132672K) Class: 21752K(22912K)->21752K(22912K)
[2026-09-05T21:21:46.986-0400][578.406s][info][gc          ] GC(216) Pause Young (Normal) (G1 Evacuation Pause) 2417M->1563M(2762M) 7.451ms
[2026-09-05T21:21:46.986-0400][578.406s][info][gc,cpu      ] GC(216) User=0.00s Sys=0.00s Real=0.01s
[2026-09-05T21:21:47.818-0400][579.238s][info][gc,start    ] GC(217) Pause Young (Normal) (G1 Evacuation Pause)
[2026-09-05T21:21:47.818-0400][579.238s][info][gc,task     ] GC(217) Using 23 workers of 23 for evacuation
[2026-09-05T21:21:47.825-0400][579.245s][info][gc,phases   ] GC(217)   Pre Evacuate Collection Set: 0.15ms
[2026-09-05T21:21:47.825-0400][579.245s][info][gc,phases   ] GC(217)   Merge Heap Roots: 0.16ms
[2026-09-05T21:21:47.825-0400][579.245s][info][gc,phases   ] GC(217)   Evacuate Collection Set: 6.46ms
[2026-09-05T21:21:47.825-0400][579.245s][info][gc,phases   ] GC(217)   Post Evacuate Collection Set: 0.58ms
[2026-09-05T21:21:47.825-0400][579.245s][info][gc,phases   ] GC(217)   Other: 0.13ms
[2026-09-05T21:21:47.825-0400][579.245s][info][gc,heap     ] GC(217) Eden regions: 427->0(427)
[2026-09-05T21:21:47.825-0400][579.245s][info][gc,heap     ] GC(217) Survivor regions: 32->32(58)
[2026-09-05T21:21:47.825-0400][579.245s][info][gc,heap     ] GC(217) Old regions: 725->725
[2026-09-05T21:21:47.825-0400][579.245s][info][gc,heap     ] GC(217) Archive regions: 0->0
[2026-09-05T21:21:47.825-0400][579.246s][info][gc,heap     ] GC(217) Humongous regions: 26->26
[2026-09-05T21:21:47.825-0400][579.246s][info][gc,metaspace] GC(217) Metaspace: 153033K(155584K)->153033K(155584K) NonClass: 131280K(132672K)->131280K(132672K) Class: 21752K(22912K)->21752K(22912K)
[2026-09-05T21:21:47.825-0400][579.246s][info][gc          ] GC(217) Pause Young (Normal) (G1 Evacuation Pause) 2417M->1563M(2762M) 7.695ms
[2026-09-05T21:21:47.825-0400][579.246s][info][gc,cpu      ] GC(217) User=0.19s Sys=0.02s Real=0.01s
[2026-09-05T21:21:48.680-0400][580.100s][info][gc,start    ] GC(218) Pause Young (Normal) (G1 Evacuation Pause)
[2026-09-05T21:21:48.680-0400][580.100s][info][gc,task     ] GC(218) Using 23 workers of 23 for evacuation
[2026-09-05T21:21:48.688-0400][580.108s][info][gc,phases   ] GC(218)   Pre Evacuate Collection Set: 0.31ms
[2026-09-05T21:21:48.688-0400][580.108s][info][gc,phases   ] GC(218)   Merge Heap Roots: 0.20ms
[2026-09-05T21:21:48.688-0400][580.108s][info][gc,phases   ] GC(218)   Evacuate Collection Set: 6.27ms
[2026-09-05T21:21:48.688-0400][580.108s][info][gc,phases   ] GC(218)   Post Evacuate Collection Set: 0.66ms
[2026-09-05T21:21:48.688-0400][580.108s][info][gc,phases   ] GC(218)   Other: 0.16ms
[2026-09-05T21:21:48.688-0400][580.108s][info][gc,heap     ] GC(218) Eden regions: 427->0(427)
[2026-09-05T21:21:48.688-0400][580.108s][info][gc,heap     ] GC(218) Survivor regions: 32->32(58)
[2026-09-05T21:21:48.688-0400][580.108s][info][gc,heap     ] GC(218) Old regions: 725->725
[2026-09-05T21:21:48.688-0400][580.108s][info][gc,heap     ] GC(218) Archive regions: 0->0
[2026-09-05T21:21:48.688-0400][580.108s][info][gc,heap     ] GC(218) Humongous regions: 26->26
[2026-09-05T21:21:48.688-0400][580.108s][info][gc,metaspace] GC(218) Metaspace: 153033K(155584K)->153033K(155584K) NonClass: 131280K(132672K)->131280K(132672K) Class: 21752K(22912K)->21752K(22912K)
[2026-09-05T21:21:48.688-0400][580.108s][info][gc          ] GC(218) Pause Young (Normal) (G1 Evacuation Pause) 2417M->1563M(2762M) 7.812ms
[2026-09-05T21:21:48.688-0400][580.108s][info][gc,cpu      ] GC(218) User=0.00s Sys=0.00s Real=0.01s
[2026-09-05T21:21:49.534-0400][580.954s][info][gc,start    ] GC(219) Pause Young (Normal) (G1 Evacuation Pause)
[2026-09-05T21:21:49.534-0400][580.954s][info][gc,task     ] GC(219) Using 23 workers of 23 for evacuation
[2026-09-05T21:21:49.541-0400][580.961s][info][gc,phases   ] GC(219)   Pre Evacuate Collection Set: 0.18ms
[2026-09-05T21:21:49.541-0400][580.961s][info][gc,phases   ] GC(219)   Merge Heap Roots: 0.15ms
[2026-09-05T21:21:49.541-0400][580.961s][info][gc,phases   ] GC(219)   Evacuate Collection Set: 6.10ms
[2026-09-05T21:21:49.541-0400][580.961s][info][gc,phases   ] GC(219)   Post Evacuate Collection Set: 0.87ms
[2026-09-05T21:21:49.541-0400][580.961s][info][gc,phases   ] GC(219)   Other: 0.23ms
[2026-09-05T21:21:49.541-0400][580.961s][info][gc,heap     ] GC(219) Eden regions: 427->0(427)
[2026-09-05T21:21:49.541-0400][580.961s][info][gc,heap     ] GC(219) Survivor regions: 32->32(58)
[2026-09-05T21:21:49.541-0400][580.961s][info][gc,heap     ] GC(219) Old regions: 725->725
[2026-09-05T21:21:49.541-0400][580.961s][info][gc,heap     ] GC(219) Archive regions: 0->0
[2026-09-05T21:21:49.541-0400][580.961s][info][gc,heap     ] GC(219) Humongous regions: 26->26
[2026-09-05T21:21:49.541-0400][580.961s][info][gc,metaspace] GC(219) Metaspace: 153033K(155584K)->153033K(155584K) NonClass: 131280K(132672K)->131280K(132672K) Class: 21752K(22912K)->21752K(22912K)
[2026-09-05T21:21:49.541-0400][580.961s][info][gc          ] GC(219) Pause Young (Normal) (G1 Evacuation Pause) 2417M->1564M(2762M) 7.579ms
[2026-09-05T21:21:49.541-0400][580.961s][info][gc,cpu      ] GC(219) User=0.34s Sys=0.00s Real=0.01s
[2026-09-05T21:21:50.401-0400][581.821s][info][gc,start    ] GC(220) Pause Young (Normal) (G1 Evacuation Pause)
[2026-09-05T21:21:50.401-0400][581.821s][info][gc,task     ] GC(220) Using 23 workers of 23 for evacuation
[2026-09-05T21:21:50.408-0400][581.828s][info][gc,phases   ] GC(220)   Pre Evacuate Collection Set: 0.15ms
[2026-09-05T21:21:50.408-0400][581.828s][info][gc,phases   ] GC(220)   Merge Heap Roots: 0.13ms
[2026-09-05T21:21:50.408-0400][581.828s][info][gc,phases   ] GC(220)   Evacuate Collection Set: 6.35ms
[2026-09-05T21:21:50.408-0400][581.828s][info][gc,phases   ] GC(220)   Post Evacuate Collection Set: 0.65ms
[2026-09-05T21:21:50.408-0400][581.828s][info][gc,phases   ] GC(220)   Other: 0.15ms
[2026-09-05T21:21:50.408-0400][581.828s][info][gc,heap     ] GC(220) Eden regions: 427->0(427)
[2026-09-05T21:21:50.408-0400][581.828s][info][gc,heap     ] GC(220) Survivor regions: 32->32(58)
[2026-09-05T21:21:50.408-0400][581.828s][info][gc,heap     ] GC(220) Old regions: 725->725
[2026-09-05T21:21:50.408-0400][581.828s][info][gc,heap     ] GC(220) Archive regions: 0->0
[2026-09-05T21:21:50.408-0400][581.828s][info][gc,heap     ] GC(220) Humongous regions: 26->26
[2026-09-05T21:21:50.408-0400][581.828s][info][gc,metaspace] GC(220) Metaspace: 153034K(155584K)->153034K(155584K) NonClass: 131281K(132672K)->131281K(132672K) Class: 21752K(22912K)->21752K(22912K)
[2026-09-05T21:21:50.408-0400][581.828s][info][gc          ] GC(220) Pause Young (Normal) (G1 Evacuation Pause) 2418M->1562M(2762M) 7.571ms
[2026-09-05T21:21:50.408-0400][581.828s][info][gc,cpu      ] GC(220) User=0.00s Sys=0.00s Real=0.01s
[2026-09-05T21:21:51.127-0400][582.547s][info][gc,start    ] GC(221) Pause Young (Normal) (G1 Evacuation Pause)
[2026-09-05T21:21:51.127-0400][582.547s][info][gc,task     ] GC(221) Using 23 workers of 23 for evacuation
[2026-09-05T21:21:51.134-0400][582.554s][info][gc,phases   ] GC(221)   Pre Evacuate Collection Set: 0.18ms
[2026-09-05T21:21:51.134-0400][582.554s][info][gc,phases   ] GC(221)   Merge Heap Roots: 0.17ms
[2026-09-05T21:21:51.134-0400][582.554s][info][gc,phases   ] GC(221)   Evacuate Collection Set: 6.49ms
[2026-09-05T21:21:51.134-0400][582.555s][info][gc,phases   ] GC(221)   Post Evacuate Collection Set: 0.68ms
[2026-09-05T21:21:51.134-0400][582.555s][info][gc,phases   ] GC(221)   Other: 0.15ms
[2026-09-05T21:21:51.134-0400][582.555s][info][gc,heap     ] GC(221) Eden regions: 427->0(430)
[2026-09-05T21:21:51.135-0400][582.555s][info][gc,heap     ] GC(221) Survivor regions: 32->29(58)
[2026-09-05T21:21:51.135-0400][582.555s][info][gc,heap     ] GC(221) Old regions: 725->728
[2026-09-05T21:21:51.135-0400][582.555s][info][gc,heap     ] GC(221) Archive regions: 0->0
[2026-09-05T21:21:51.135-0400][582.555s][info][gc,heap     ] GC(221) Humongous regions: 26->26
[2026-09-05T21:21:51.135-0400][582.555s][info][gc,metaspace] GC(221) Metaspace: 153034K(155584K)->153034K(155584K) NonClass: 131281K(132672K)->131281K(132672K) Class: 21752K(22912K)->21752K(22912K)
[2026-09-05T21:21:51.135-0400][582.555s][info][gc          ] GC(221) Pause Young (Normal) (G1 Evacuation Pause) 2416M->1562M(2762M) 7.820ms
[2026-09-05T21:21:51.135-0400][582.555s][info][gc,cpu      ] GC(221) User=0.36s Sys=0.00s Real=0.01s
[2026-09-05T21:21:51.318-0400][582.738s][info][gc,start    ] GC(222) Pause Young (Normal) (G1 Evacuation Pause)
[2026-09-05T21:21:51.318-0400][582.738s][info][gc,task     ] GC(222) Using 23 workers of 23 for evacuation
[2026-09-05T21:21:51.324-0400][582.745s][info][gc,phases   ] GC(222)   Pre Evacuate Collection Set: 0.18ms
[2026-09-05T21:21:51.324-0400][582.745s][info][gc,phases   ] GC(222)   Merge Heap Roots: 0.18ms
[2026-09-05T21:21:51.324-0400][582.745s][info][gc,phases   ] GC(222)   Evacuate Collection Set: 5.14ms
[2026-09-05T21:21:51.324-0400][582.745s][info][gc,phases   ] GC(222)   Post Evacuate Collection Set: 0.64ms
[2026-09-05T21:21:51.324-0400][582.745s][info][gc,phases   ] GC(222)   Other: 0.18ms
[2026-09-05T21:21:51.324-0400][582.745s][info][gc,heap     ] GC(222) Eden regions: 430->0(431)
[2026-09-05T21:21:51.324-0400][582.745s][info][gc,heap     ] GC(222) Survivor regions: 29->28(58)
[2026-09-05T21:21:51.324-0400][582.745s][info][gc,heap     ] GC(222) Old regions: 728->729
[2026-09-05T21:21:51.324-0400][582.745s][info][gc,heap     ] GC(222) Archive regions: 0->0
[2026-09-05T21:21:51.324-0400][582.745s][info][gc,heap     ] GC(222) Humongous regions: 26->26
[2026-09-05T21:21:51.324-0400][582.745s][info][gc,metaspace] GC(222) Metaspace: 153034K(155584K)->153034K(155584K) NonClass: 131281K(132672K)->131281K(132672K) Class: 21752K(22912K)->21752K(22912K)
[2026-09-05T21:21:51.324-0400][582.745s][info][gc          ] GC(222) Pause Young (Normal) (G1 Evacuation Pause) 2422M->1565M(2762M) 6.442ms
[2026-09-05T21:21:51.324-0400][582.745s][info][gc,cpu      ] GC(222) User=0.00s Sys=0.00s Real=0.01s
[2026-09-05T21:21:51.661-0400][583.081s][info][gc,start    ] GC(223) Pause Young (Normal) (G1 Evacuation Pause)
[2026-09-05T21:21:51.661-0400][583.081s][info][gc,task     ] GC(223) Using 23 workers of 23 for evacuation
[2026-09-05T21:21:51.666-0400][583.087s][info][gc,phases   ] GC(223)   Pre Evacuate Collection Set: 0.21ms
[2026-09-05T21:21:51.666-0400][583.087s][info][gc,phases   ] GC(223)   Merge Heap Roots: 0.18ms
[2026-09-05T21:21:51.666-0400][583.087s][info][gc,phases   ] GC(223)   Evacuate Collection Set: 4.21ms
[2026-09-05T21:21:51.666-0400][583.087s][info][gc,phases   ] GC(223)   Post Evacuate Collection Set: 0.79ms
[2026-09-05T21:21:51.666-0400][583.087s][info][gc,phases   ] GC(223)   Other: 0.17ms
[2026-09-05T21:21:51.666-0400][583.087s][info][gc,heap     ] GC(223) Eden regions: 431->0(435)
[2026-09-05T21:21:51.666-0400][583.087s][info][gc,heap     ] GC(223) Survivor regions: 28->24(58)
[2026-09-05T21:21:51.666-0400][583.087s][info][gc,heap     ] GC(223) Old regions: 729->733
[2026-09-05T21:21:51.666-0400][583.087s][info][gc,heap     ] GC(223) Archive regions: 0->0
[2026-09-05T21:21:51.666-0400][583.087s][info][gc,heap     ] GC(223) Humongous regions: 26->26
[2026-09-05T21:21:51.666-0400][583.087s][info][gc,metaspace] GC(223) Metaspace: 153034K(155584K)->153034K(155584K) NonClass: 131281K(132672K)->131281K(132672K) Class: 21752K(22912K)->21752K(22912K)
[2026-09-05T21:21:51.666-0400][583.087s][info][gc          ] GC(223) Pause Young (Normal) (G1 Evacuation Pause) 2427M->1565M(2762M) 5.694ms
[2026-09-05T21:21:51.666-0400][583.087s][info][gc,cpu      ] GC(223) User=0.12s Sys=0.02s Real=0.00s
[2026-09-05T21:21:51.792-0400][583.213s][info][gc,start    ] GC(224) Pause Young (Normal) (G1 Evacuation Pause)
[2026-09-05T21:21:51.792-0400][583.213s][info][gc,task     ] GC(224) Using 23 workers of 23 for evacuation
[2026-09-05T21:21:51.798-0400][583.218s][info][gc,phases   ] GC(224)   Pre Evacuate Collection Set: 0.11ms
[2026-09-05T21:21:51.798-0400][583.218s][info][gc,phases   ] GC(224)   Merge Heap Roots: 0.16ms
[2026-09-05T21:21:51.798-0400][583.218s][info][gc,phases   ] GC(224)   Evacuate Collection Set: 4.44ms
[2026-09-05T21:21:51.798-0400][583.218s][info][gc,phases   ] GC(224)   Post Evacuate Collection Set: 0.49ms
[2026-09-05T21:21:51.798-0400][583.218s][info][gc,phases   ] GC(224)   Other: 0.17ms
[2026-09-05T21:21:51.798-0400][583.218s][info][gc,heap     ] GC(224) Eden regions: 435->0(432)
[2026-09-05T21:21:51.798-0400][583.218s][info][gc,heap     ] GC(224) Survivor regions: 24->24(58)
[2026-09-05T21:21:51.798-0400][583.218s][info][gc,heap     ] GC(224) Old regions: 733->735
[2026-09-05T21:21:51.798-0400][583.218s][info][gc,heap     ] GC(224) Archive regions: 0->0
[2026-09-05T21:21:51.798-0400][583.218s][info][gc,heap     ] GC(224) Humongous regions: 27->27
[2026-09-05T21:21:51.798-0400][583.218s][info][gc,metaspace] GC(224) Metaspace: 153034K(155584K)->153034K(155584K) NonClass: 131281K(132672K)->131281K(132672K) Class: 21752K(22912K)->21752K(22912K)
[2026-09-05T21:21:51.798-0400][583.218s][info][gc          ] GC(224) Pause Young (Normal) (G1 Evacuation Pause) 2437M->1571M(2762M) 5.516ms
[2026-09-05T21:21:51.798-0400][583.218s][info][gc,cpu      ] GC(224) User=0.00s Sys=0.00s Real=0.01s
[2026-09-05T21:21:52.220-0400][583.640s][info][gc,start    ] GC(225) Pause Young (Normal) (GCLocker Initiated GC)
[2026-09-05T21:21:52.220-0400][583.640s][info][gc,task     ] GC(225) Using 23 workers of 23 for evacuation
[2026-09-05T21:21:52.229-0400][583.649s][info][gc,phases   ] GC(225)   Pre Evacuate Collection Set: 0.13ms
[2026-09-05T21:21:52.229-0400][583.649s][info][gc,phases   ] GC(225)   Merge Heap Roots: 0.16ms
[2026-09-05T21:21:52.229-0400][583.649s][info][gc,phases   ] GC(225)   Evacuate Collection Set: 7.57ms
[2026-09-05T21:21:52.229-0400][583.649s][info][gc,phases   ] GC(225)   Post Evacuate Collection Set: 0.73ms
[2026-09-05T21:21:52.229-0400][583.649s][info][gc,phases   ] GC(225)   Other: 0.18ms
[2026-09-05T21:21:52.229-0400][583.649s][info][gc,heap     ] GC(225) Eden regions: 432->0(413)
[2026-09-05T21:21:52.229-0400][583.649s][info][gc,heap     ] GC(225) Survivor regions: 24->31(57)
[2026-09-05T21:21:52.229-0400][583.649s][info][gc,heap     ] GC(225) Old regions: 735->739
[2026-09-05T21:21:52.229-0400][583.649s][info][gc,heap     ] GC(225) Archive regions: 0->0
[2026-09-05T21:21:52.229-0400][583.649s][info][gc,heap     ] GC(225) Humongous regions: 28->28
[2026-09-05T21:21:52.229-0400][583.649s][info][gc,metaspace] GC(225) Metaspace: 153050K(155648K)->153050K(155648K) NonClass: 131297K(132736K)->131297K(132736K) Class: 21752K(22912K)->21752K(22912K)
[2026-09-05T21:21:52.229-0400][583.649s][info][gc          ] GC(225) Pause Young (Normal) (GCLocker Initiated GC) 2437M->1594M(2762M) 8.894ms
[2026-09-05T21:21:52.229-0400][583.649s][info][gc,cpu      ] GC(225) User=0.38s Sys=0.00s Real=0.01s
[2026-09-05T21:21:52.316-0400][583.736s][info][gc,start    ] GC(226) Pause Young (Normal) (G1 Evacuation Pause)
[2026-09-05T21:21:52.316-0400][583.736s][info][gc,task     ] GC(226) Using 23 workers of 23 for evacuation
[2026-09-05T21:21:52.324-0400][583.745s][info][gc,phases   ] GC(226)   Pre Evacuate Collection Set: 0.17ms
[2026-09-05T21:21:52.324-0400][583.745s][info][gc,phases   ] GC(226)   Merge Heap Roots: 0.20ms
[2026-09-05T21:21:52.324-0400][583.745s][info][gc,phases   ] GC(226)   Evacuate Collection Set: 7.76ms
[2026-09-05T21:21:52.324-0400][583.745s][info][gc,phases   ] GC(226)   Post Evacuate Collection Set: 0.60ms
[2026-09-05T21:21:52.324-0400][583.745s][info][gc,phases   ] GC(226)   Other: 0.24ms
[2026-09-05T21:21:52.325-0400][583.745s][info][gc,heap     ] GC(226) Eden regions: 413->0(401)
[2026-09-05T21:21:52.325-0400][583.745s][info][gc,heap     ] GC(226) Survivor regions: 31->36(56)
[2026-09-05T21:21:52.325-0400][583.745s][info][gc,heap     ] GC(226) Old regions: 739->741
[2026-09-05T21:21:52.325-0400][583.745s][info][gc,heap     ] GC(226) Archive regions: 0->0
[2026-09-05T21:21:52.325-0400][583.745s][info][gc,heap     ] GC(226) Humongous regions: 28->28
[2026-09-05T21:21:52.325-0400][583.745s][info][gc,metaspace] GC(226) Metaspace: 153055K(155648K)->153055K(155648K) NonClass: 131302K(132736K)->131302K(132736K) Class: 21752K(22912K)->21752K(22912K)
[2026-09-05T21:21:52.325-0400][583.745s][info][gc          ] GC(226) Pause Young (Normal) (G1 Evacuation Pause) 2420M->1608M(2762M) 9.068ms
[2026-09-05T21:21:52.325-0400][583.745s][info][gc,cpu      ] GC(226) User=0.42s Sys=0.00s Real=0.01s
[2026-09-05T21:21:52.452-0400][583.872s][info][gc,start    ] GC(227) Pause Young (Normal) (G1 Evacuation Pause)
[2026-09-05T21:21:52.452-0400][583.872s][info][gc,task     ] GC(227) Using 23 workers of 23 for evacuation
[2026-09-05T21:21:52.462-0400][583.882s][info][gc,phases   ] GC(227)   Pre Evacuate Collection Set: 0.13ms
[2026-09-05T21:21:52.462-0400][583.882s][info][gc,phases   ] GC(227)   Merge Heap Roots: 0.17ms
[2026-09-05T21:21:52.462-0400][583.882s][info][gc,phases   ] GC(227)   Evacuate Collection Set: 8.60ms
[2026-09-05T21:21:52.462-0400][583.882s][info][gc,phases   ] GC(227)   Post Evacuate Collection Set: 0.51ms
[2026-09-05T21:21:52.462-0400][583.882s][info][gc,phases   ] GC(227)   Other: 0.13ms
[2026-09-05T21:21:52.462-0400][583.882s][info][gc,heap     ] GC(227) Eden regions: 401->0(388)
[2026-09-05T21:21:52.462-0400][583.882s][info][gc,heap     ] GC(227) Survivor regions: 36->39(55)
[2026-09-05T21:21:52.462-0400][583.882s][info][gc,heap     ] GC(227) Old regions: 741->748
[2026-09-05T21:21:52.462-0400][583.882s][info][gc,heap     ] GC(227) Archive regions: 0->0
[2026-09-05T21:21:52.462-0400][583.882s][info][gc,heap     ] GC(227) Humongous regions: 29->28
[2026-09-05T21:21:52.462-0400][583.882s][info][gc,metaspace] GC(227) Metaspace: 153055K(155648K)->153055K(155648K) NonClass: 131302K(132736K)->131302K(132736K) Class: 21752K(22912K)->21752K(22912K)
[2026-09-05T21:21:52.462-0400][583.882s][info][gc          ] GC(227) Pause Young (Normal) (G1 Evacuation Pause) 2412M->1628M(2762M) 9.664ms
[2026-09-05T21:21:52.462-0400][583.882s][info][gc,cpu      ] GC(227) User=0.36s Sys=0.00s Real=0.01s
[2026-09-05T21:21:52.588-0400][584.008s][info][gc,start    ] GC(228) Pause Young (Normal) (G1 Evacuation Pause)
[2026-09-05T21:21:52.588-0400][584.008s][info][gc,task     ] GC(228) Using 23 workers of 23 for evacuation
[2026-09-05T21:21:52.599-0400][584.019s][info][gc,phases   ] GC(228)   Pre Evacuate Collection Set: 0.18ms
[2026-09-05T21:21:52.600-0400][584.019s][info][gc,phases   ] GC(228)   Merge Heap Roots: 0.20ms
[2026-09-05T21:21:52.600-0400][584.019s][info][gc,phases   ] GC(228)   Evacuate Collection Set: 10.08ms
[2026-09-05T21:21:52.600-0400][584.019s][info][gc,phases   ] GC(228)   Post Evacuate Collection Set: 0.75ms
[2026-09-05T21:21:52.600-0400][584.019s][info][gc,phases   ] GC(228)   Other: 0.24ms
[2026-09-05T21:21:52.600-0400][584.019s][info][gc,heap     ] GC(228) Eden regions: 388->0(367)
[2026-09-05T21:21:52.600-0400][584.019s][info][gc,heap     ] GC(228) Survivor regions: 39->43(54)
[2026-09-05T21:21:52.600-0400][584.019s][info][gc,heap     ] GC(228) Old regions: 748->761
[2026-09-05T21:21:52.600-0400][584.019s][info][gc,heap     ] GC(228) Archive regions: 0->0
[2026-09-05T21:21:52.600-0400][584.019s][info][gc,heap     ] GC(228) Humongous regions: 29->28
[2026-09-05T21:21:52.600-0400][584.019s][info][gc,metaspace] GC(228) Metaspace: 153056K(155648K)->153056K(155648K) NonClass: 131303K(132736K)->131303K(132736K) Class: 21752K(22912K)->21752K(22912K)
[2026-09-05T21:21:52.600-0400][584.019s][info][gc          ] GC(228) Pause Young (Normal) (G1 Evacuation Pause) 2406M->1660M(2762M) 11.595ms
[2026-09-05T21:21:52.600-0400][584.019s][info][gc,cpu      ] GC(228) User=0.00s Sys=0.00s Real=0.01s
[2026-09-05T21:21:53.372-0400][584.793s][info][gc,start    ] GC(229) Pause Young (Normal) (G1 Evacuation Pause)
[2026-09-05T21:21:53.372-0400][584.793s][info][gc,task     ] GC(229) Using 23 workers of 23 for evacuation
[2026-09-05T21:21:53.377-0400][584.797s][info][gc,phases   ] GC(229)   Pre Evacuate Collection Set: 0.22ms
[2026-09-05T21:21:53.377-0400][584.797s][info][gc,phases   ] GC(229)   Merge Heap Roots: 0.18ms
[2026-09-05T21:21:53.377-0400][584.797s][info][gc,phases   ] GC(229)   Evacuate Collection Set: 3.40ms
[2026-09-05T21:21:53.377-0400][584.797s][info][gc,phases   ] GC(229)   Post Evacuate Collection Set: 0.66ms
[2026-09-05T21:21:53.377-0400][584.797s][info][gc,phases   ] GC(229)   Other: 0.19ms
[2026-09-05T21:21:53.377-0400][584.797s][info][gc,heap     ] GC(229) Eden regions: 367->0(394)
[2026-09-05T21:21:53.377-0400][584.797s][info][gc,heap     ] GC(229) Survivor regions: 43->16(52)
[2026-09-05T21:21:53.377-0400][584.797s][info][gc,heap     ] GC(229) Old regions: 761->764
[2026-09-05T21:21:53.377-0400][584.797s][info][gc,heap     ] GC(229) Archive regions: 0->0
[2026-09-05T21:21:53.377-0400][584.797s][info][gc,heap     ] GC(229) Humongous regions: 30->29
[2026-09-05T21:21:53.377-0400][584.797s][info][gc,metaspace] GC(229) Metaspace: 153061K(155648K)->153061K(155648K) NonClass: 131308K(132736K)->131308K(132736K) Class: 21752K(22912K)->21752K(22912K)
[2026-09-05T21:21:53.377-0400][584.797s][info][gc          ] GC(229) Pause Young (Normal) (G1 Evacuation Pause) 2398M->1616M(2762M) 4.770ms
[2026-09-05T21:21:53.377-0400][584.797s][info][gc,cpu      ] GC(229) User=0.00s Sys=0.00s Real=0.01s
[2026-09-05T21:21:53.530-0400][584.950s][info][gc,start    ] GC(230) Pause Young (Normal) (GCLocker Initiated GC)
[2026-09-05T21:21:53.530-0400][584.950s][info][gc,task     ] GC(230) Using 23 workers of 23 for evacuation
[2026-09-05T21:21:53.533-0400][584.954s][info][gc,phases   ] GC(230)   Pre Evacuate Collection Set: 0.17ms
[2026-09-05T21:21:53.533-0400][584.954s][info][gc,phases   ] GC(230)   Merge Heap Roots: 0.16ms
[2026-09-05T21:21:53.533-0400][584.954s][info][gc,phases   ] GC(230)   Evacuate Collection Set: 2.71ms
[2026-09-05T21:21:53.533-0400][584.954s][info][gc,phases   ] GC(230)   Post Evacuate Collection Set: 0.56ms
[2026-09-05T21:21:53.533-0400][584.954s][info][gc,phases   ] GC(230)   Other: 0.23ms
[2026-09-05T21:21:53.533-0400][584.954s][info][gc,heap     ] GC(230) Eden regions: 394->0(402)
[2026-09-05T21:21:53.533-0400][584.954s][info][gc,heap     ] GC(230) Survivor regions: 16->14(52)
[2026-09-05T21:21:53.533-0400][584.954s][info][gc,heap     ] GC(230) Old regions: 764->764
[2026-09-05T21:21:53.533-0400][584.954s][info][gc,heap     ] GC(230) Archive regions: 0->0
[2026-09-05T21:21:53.533-0400][584.954s][info][gc,heap     ] GC(230) Humongous regions: 29->29
[2026-09-05T21:21:53.534-0400][584.954s][info][gc,metaspace] GC(230) Metaspace: 153061K(155648K)->153061K(155648K) NonClass: 131308K(132736K)->131308K(132736K) Class: 21752K(22912K)->21752K(22912K)
[2026-09-05T21:21:53.534-0400][584.954s][info][gc          ] GC(230) Pause Young (Normal) (GCLocker Initiated GC) 2404M->1612M(2762M) 3.969ms
[2026-09-05T21:21:53.534-0400][584.954s][info][gc,cpu      ] GC(230) User=0.00s Sys=0.00s Real=0.00s
[2026-09-05T21:21:54.233-0400][585.654s][info][gc,start    ] GC(231) Pause Young (Normal) (G1 Evacuation Pause)
[2026-09-05T21:21:54.233-0400][585.654s][info][gc,task     ] GC(231) Using 23 workers of 23 for evacuation
[2026-09-05T21:21:54.238-0400][585.658s][info][gc,phases   ] GC(231)   Pre Evacuate Collection Set: 0.14ms
[2026-09-05T21:21:54.238-0400][585.658s][info][gc,phases   ] GC(231)   Merge Heap Roots: 0.23ms
[2026-09-05T21:21:54.238-0400][585.658s][info][gc,phases   ] GC(231)   Evacuate Collection Set: 2.90ms
[2026-09-05T21:21:54.238-0400][585.658s][info][gc,phases   ] GC(231)   Post Evacuate Collection Set: 0.61ms
[2026-09-05T21:21:54.238-0400][585.658s][info][gc,phases   ] GC(231)   Other: 0.27ms
[2026-09-05T21:21:54.238-0400][585.658s][info][gc,heap     ] GC(231) Eden regions: 402->0(409)
[2026-09-05T21:21:54.238-0400][585.658s][info][gc,heap     ] GC(231) Survivor regions: 14->10(52)
[2026-09-05T21:21:54.238-0400][585.658s][info][gc,heap     ] GC(231) Old regions: 764->764
[2026-09-05T21:21:54.238-0400][585.658s][info][gc,heap     ] GC(231) Archive regions: 0->0
[2026-09-05T21:21:54.238-0400][585.658s][info][gc,heap     ] GC(231) Humongous regions: 29->29
[2026-09-05T21:21:54.238-0400][585.658s][info][gc,metaspace] GC(231) Metaspace: 153069K(155648K)->153069K(155648K) NonClass: 131315K(132736K)->131315K(132736K) Class: 21753K(22912K)->21753K(22912K)
[2026-09-05T21:21:54.238-0400][585.658s][info][gc          ] GC(231) Pause Young (Normal) (G1 Evacuation Pause) 2416M->1605M(2762M) 4.374ms
[2026-09-05T21:21:54.238-0400][585.658s][info][gc,cpu      ] GC(231) User=0.00s Sys=0.00s Real=0.00s
[2026-09-05T21:21:54.602-0400][586.023s][info][gc,start    ] GC(232) Pause Young (Normal) (G1 Evacuation Pause)
[2026-09-05T21:21:54.602-0400][586.023s][info][gc,task     ] GC(232) Using 23 workers of 23 for evacuation
[2026-09-05T21:21:54.608-0400][586.028s][info][gc,phases   ] GC(232)   Pre Evacuate Collection Set: 0.19ms
[2026-09-05T21:21:54.608-0400][586.028s][info][gc,phases   ] GC(232)   Merge Heap Roots: 0.21ms
[2026-09-05T21:21:54.608-0400][586.028s][info][gc,phases   ] GC(232)   Evacuate Collection Set: 3.84ms
[2026-09-05T21:21:54.608-0400][586.028s][info][gc,phases   ] GC(232)   Post Evacuate Collection Set: 0.70ms
[2026-09-05T21:21:54.608-0400][586.028s][info][gc,phases   ] GC(232)   Other: 0.26ms
[2026-09-05T21:21:54.608-0400][586.028s][info][gc,heap     ] GC(232) Eden regions: 409->0(405)
[2026-09-05T21:21:54.608-0400][586.028s][info][gc,heap     ] GC(232) Survivor regions: 10->15(53)
[2026-09-05T21:21:54.608-0400][586.028s][info][gc,heap     ] GC(232) Old regions: 764->764
[2026-09-05T21:21:54.608-0400][586.028s][info][gc,heap     ] GC(232) Archive regions: 0->0
[2026-09-05T21:21:54.608-0400][586.028s][info][gc,heap     ] GC(232) Humongous regions: 29->29
[2026-09-05T21:21:54.608-0400][586.028s][info][gc,metaspace] GC(232) Metaspace: 153069K(155648K)->153069K(155648K) NonClass: 131315K(132736K)->131315K(132736K) Class: 21753K(22912K)->21753K(22912K)
[2026-09-05T21:21:54.608-0400][586.028s][info][gc          ] GC(232) Pause Young (Normal) (G1 Evacuation Pause) 2423M->1613M(2762M) 5.425ms
[2026-09-05T21:21:54.608-0400][586.028s][info][gc,cpu      ] GC(232) User=0.00s Sys=0.00s Real=0.01s
[2026-09-05T21:21:54.744-0400][586.164s][info][gc,start    ] GC(233) Pause Young (Normal) (G1 Evacuation Pause)
[2026-09-05T21:21:54.744-0400][586.164s][info][gc,task     ] GC(233) Using 23 workers of 23 for evacuation
[2026-09-05T21:21:54.749-0400][586.169s][info][gc,phases   ] GC(233)   Pre Evacuate Collection Set: 0.20ms
[2026-09-05T21:21:54.749-0400][586.169s][info][gc,phases   ] GC(233)   Merge Heap Roots: 0.15ms
[2026-09-05T21:21:54.749-0400][586.169s][info][gc,phases   ] GC(233)   Evacuate Collection Set: 3.24ms
[2026-09-05T21:21:54.749-0400][586.169s][info][gc,phases   ] GC(233)   Post Evacuate Collection Set: 1.20ms
[2026-09-05T21:21:54.749-0400][586.169s][info][gc,phases   ] GC(233)   Other: 0.29ms
[2026-09-05T21:21:54.749-0400][586.169s][info][gc,heap     ] GC(233) Eden regions: 405->0(407)
[2026-09-05T21:21:54.749-0400][586.169s][info][gc,heap     ] GC(233) Survivor regions: 15->17(53)
[2026-09-05T21:21:54.749-0400][586.169s][info][gc,heap     ] GC(233) Old regions: 764->764
[2026-09-05T21:21:54.749-0400][586.169s][info][gc,heap     ] GC(233) Archive regions: 0->0
[2026-09-05T21:21:54.749-0400][586.169s][info][gc,heap     ] GC(233) Humongous regions: 29->29
[2026-09-05T21:21:54.749-0400][586.169s][info][gc,metaspace] GC(233) Metaspace: 153069K(155648K)->153069K(155648K) NonClass: 131315K(132736K)->131315K(132736K) Class: 21753K(22912K)->21753K(22912K)
[2026-09-05T21:21:54.749-0400][586.169s][info][gc          ] GC(233) Pause Young (Normal) (G1 Evacuation Pause) 2423M->1617M(2762M) 5.174ms
[2026-09-05T21:21:54.749-0400][586.169s][info][gc,cpu      ] GC(233) User=0.00s Sys=0.00s Real=0.01s
[2026-09-05T21:21:55.318-0400][586.738s][info][gc,start    ] GC(234) Pause Young (Normal) (G1 Evacuation Pause)
[2026-09-05T21:21:55.318-0400][586.738s][info][gc,task     ] GC(234) Using 23 workers of 23 for evacuation
[2026-09-05T21:21:55.322-0400][586.742s][info][gc,phases   ] GC(234)   Pre Evacuate Collection Set: 0.19ms
[2026-09-05T21:21:55.322-0400][586.742s][info][gc,phases   ] GC(234)   Merge Heap Roots: 0.19ms
[2026-09-05T21:21:55.322-0400][586.742s][info][gc,phases   ] GC(234)   Evacuate Collection Set: 3.44ms
[2026-09-05T21:21:55.322-0400][586.742s][info][gc,phases   ] GC(234)   Post Evacuate Collection Set: 0.63ms
[2026-09-05T21:21:55.322-0400][586.742s][info][gc,phases   ] GC(234)   Other: 0.17ms
[2026-09-05T21:21:55.322-0400][586.742s][info][gc,heap     ] GC(234) Eden regions: 407->0(407)
[2026-09-05T21:21:55.322-0400][586.742s][info][gc,heap     ] GC(234) Survivor regions: 17->18(53)
[2026-09-05T21:21:55.322-0400][586.742s][info][gc,heap     ] GC(234) Old regions: 764->764
[2026-09-05T21:21:55.322-0400][586.742s][info][gc,heap     ] GC(234) Archive regions: 0->0
[2026-09-05T21:21:55.322-0400][586.742s][info][gc,heap     ] GC(234) Humongous regions: 29->29
[2026-09-05T21:21:55.322-0400][586.742s][info][gc,metaspace] GC(234) Metaspace: 153074K(155648K)->153074K(155648K) NonClass: 131320K(132736K)->131320K(132736K) Class: 21753K(22912K)->21753K(22912K)
[2026-09-05T21:21:55.322-0400][586.742s][info][gc          ] GC(234) Pause Young (Normal) (G1 Evacuation Pause) 2431M->1620M(2762M) 4.747ms
[2026-09-05T21:21:55.322-0400][586.742s][info][gc,cpu      ] GC(234) User=0.12s Sys=0.02s Real=0.00s
[2026-09-05T21:21:55.716-0400][587.136s][info][gc,start    ] GC(235) Pause Young (Normal) (G1 Evacuation Pause)
[2026-09-05T21:21:55.716-0400][587.136s][info][gc,task     ] GC(235) Using 23 workers of 23 for evacuation
[2026-09-05T21:21:55.720-0400][587.140s][info][gc,phases   ] GC(235)   Pre Evacuate Collection Set: 0.21ms
[2026-09-05T21:21:55.720-0400][587.140s][info][gc,phases   ] GC(235)   Merge Heap Roots: 0.16ms
[2026-09-05T21:21:55.720-0400][587.141s][info][gc,phases   ] GC(235)   Evacuate Collection Set: 3.62ms
[2026-09-05T21:21:55.720-0400][587.141s][info][gc,phases   ] GC(235)   Post Evacuate Collection Set: 0.61ms
[2026-09-05T21:21:55.720-0400][587.141s][info][gc,phases   ] GC(235)   Other: 0.21ms
[2026-09-05T21:21:55.720-0400][587.141s][info][gc,heap     ] GC(235) Eden regions: 407->0(405)
[2026-09-05T21:21:55.720-0400][587.141s][info][gc,heap     ] GC(235) Survivor regions: 18->21(54)
[2026-09-05T21:21:55.720-0400][587.141s][info][gc,heap     ] GC(235) Old regions: 764->764
[2026-09-05T21:21:55.720-0400][587.141s][info][gc,heap     ] GC(235) Archive regions: 0->0
[2026-09-05T21:21:55.720-0400][587.141s][info][gc,heap     ] GC(235) Humongous regions: 29->29
[2026-09-05T21:21:55.720-0400][587.141s][info][gc,metaspace] GC(235) Metaspace: 153075K(155648K)->153075K(155648K) NonClass: 131321K(132736K)->131321K(132736K) Class: 21753K(22912K)->21753K(22912K)
[2026-09-05T21:21:55.720-0400][587.141s][info][gc          ] GC(235) Pause Young (Normal) (G1 Evacuation Pause) 2434M->1627M(2762M) 4.975ms
[2026-09-05T21:21:55.720-0400][587.141s][info][gc,cpu      ] GC(235) User=0.00s Sys=0.00s Real=0.00s
[2026-09-05T21:21:55.977-0400][587.397s][info][gc,start    ] GC(236) Pause Young (Normal) (G1 Evacuation Pause)
[2026-09-05T21:21:55.977-0400][587.397s][info][gc,task     ] GC(236) Using 23 workers of 23 for evacuation
[2026-09-05T21:21:55.983-0400][587.403s][info][gc,phases   ] GC(236)   Pre Evacuate Collection Set: 0.17ms
[2026-09-05T21:21:55.983-0400][587.403s][info][gc,phases   ] GC(236)   Merge Heap Roots: 0.20ms
[2026-09-05T21:21:55.983-0400][587.403s][info][gc,phases   ] GC(236)   Evacuate Collection Set: 4.68ms
[2026-09-05T21:21:55.983-0400][587.403s][info][gc,phases   ] GC(236)   Post Evacuate Collection Set: 0.77ms
[2026-09-05T21:21:55.983-0400][587.403s][info][gc,phases   ] GC(236)   Other: 0.17ms
[2026-09-05T21:21:55.983-0400][587.403s][info][gc,heap     ] GC(236) Eden regions: 405->0(399)
[2026-09-05T21:21:55.983-0400][587.403s][info][gc,heap     ] GC(236) Survivor regions: 21->25(54)
[2026-09-05T21:21:55.983-0400][587.403s][info][gc,heap     ] GC(236) Old regions: 764->764
[2026-09-05T21:21:55.983-0400][587.403s][info][gc,heap     ] GC(236) Archive regions: 0->0
[2026-09-05T21:21:55.983-0400][587.403s][info][gc,heap     ] GC(236) Humongous regions: 29->29
[2026-09-05T21:21:55.983-0400][587.403s][info][gc,metaspace] GC(236) Metaspace: 153076K(155648K)->153076K(155648K) NonClass: 131322K(132736K)->131322K(132736K) Class: 21753K(22912K)->21753K(22912K)
[2026-09-05T21:21:55.983-0400][587.403s][info][gc          ] GC(236) Pause Young (Normal) (G1 Evacuation Pause) 2437M->1635M(2762M) 6.186ms
[2026-09-05T21:21:55.983-0400][587.403s][info][gc,cpu      ] GC(236) User=0.00s Sys=0.00s Real=0.01s
[2026-09-05T21:21:56.195-0400][587.615s][info][gc,start    ] GC(237) Pause Young (Normal) (G1 Evacuation Pause)
[2026-09-05T21:21:56.195-0400][587.615s][info][gc,task     ] GC(237) Using 23 workers of 23 for evacuation
[2026-09-05T21:21:56.201-0400][587.621s][info][gc,phases   ] GC(237)   Pre Evacuate Collection Set: 0.17ms
[2026-09-05T21:21:56.201-0400][587.621s][info][gc,phases   ] GC(237)   Merge Heap Roots: 0.19ms
[2026-09-05T21:21:56.201-0400][587.621s][info][gc,phases   ] GC(237)   Evacuate Collection Set: 4.49ms
[2026-09-05T21:21:56.201-0400][587.621s][info][gc,phases   ] GC(237)   Post Evacuate Collection Set: 0.80ms
[2026-09-05T21:21:56.201-0400][587.621s][info][gc,phases   ] GC(237)   Other: 0.18ms
[2026-09-05T21:21:56.201-0400][587.621s][info][gc,heap     ] GC(237) Eden regions: 399->0(395)
[2026-09-05T21:21:56.201-0400][587.621s][info][gc,heap     ] GC(237) Survivor regions: 25->27(53)
[2026-09-05T21:21:56.201-0400][587.621s][info][gc,heap     ] GC(237) Old regions: 764->764
[2026-09-05T21:21:56.201-0400][587.621s][info][gc,heap     ] GC(237) Archive regions: 0->0
[2026-09-05T21:21:56.201-0400][587.621s][info][gc,heap     ] GC(237) Humongous regions: 29->29
[2026-09-05T21:21:56.201-0400][587.621s][info][gc,metaspace] GC(237) Metaspace: 153076K(155648K)->153076K(155648K) NonClass: 131322K(132736K)->131322K(132736K) Class: 21753K(22912K)->21753K(22912K)
[2026-09-05T21:21:56.201-0400][587.621s][info][gc          ] GC(237) Pause Young (Normal) (G1 Evacuation Pause) 2433M->1637M(2762M) 5.967ms
[2026-09-05T21:21:56.201-0400][587.621s][info][gc,cpu      ] GC(237) User=0.00s Sys=0.00s Real=0.01s
[2026-09-05T21:21:56.731-0400][588.151s][info][gc,start    ] GC(238) Pause Young (Normal) (G1 Evacuation Pause)
[2026-09-05T21:21:56.731-0400][588.151s][info][gc,task     ] GC(238) Using 23 workers of 23 for evacuation
[2026-09-05T21:21:56.737-0400][588.157s][info][gc,phases   ] GC(238)   Pre Evacuate Collection Set: 0.22ms
[2026-09-05T21:21:56.737-0400][588.157s][info][gc,phases   ] GC(238)   Merge Heap Roots: 0.19ms
[2026-09-05T21:21:56.737-0400][588.157s][info][gc,phases   ] GC(238)   Evacuate Collection Set: 4.45ms
[2026-09-05T21:21:56.737-0400][588.157s][info][gc,phases   ] GC(238)   Post Evacuate Collection Set: 0.66ms
[2026-09-05T21:21:56.737-0400][588.157s][info][gc,phases   ] GC(238)   Other: 0.25ms
[2026-09-05T21:21:56.737-0400][588.157s][info][gc,heap     ] GC(238) Eden regions: 395->0(393)
[2026-09-05T21:21:56.737-0400][588.157s][info][gc,heap     ] GC(238) Survivor regions: 27->28(53)
[2026-09-05T21:21:56.737-0400][588.157s][info][gc,heap     ] GC(238) Old regions: 764->764
[2026-09-05T21:21:56.737-0400][588.157s][info][gc,heap     ] GC(238) Archive regions: 0->0
[2026-09-05T21:21:56.737-0400][588.157s][info][gc,heap     ] GC(238) Humongous regions: 29->29
[2026-09-05T21:21:56.737-0400][588.157s][info][gc,metaspace] GC(238) Metaspace: 153080K(155648K)->153080K(155648K) NonClass: 131326K(132736K)->131326K(132736K) Class: 21753K(22912K)->21753K(22912K)
[2026-09-05T21:21:56.737-0400][588.157s][info][gc          ] GC(238) Pause Young (Normal) (G1 Evacuation Pause) 2427M->1641M(2762M) 5.910ms
[2026-09-05T21:21:56.737-0400][588.157s][info][gc,cpu      ] GC(238) User=0.00s Sys=0.00s Real=0.01s
[2026-09-05T21:21:57.248-0400][588.668s][info][gc,start    ] GC(239) Pause Young (Normal) (G1 Evacuation Pause)
[2026-09-05T21:21:57.248-0400][588.668s][info][gc,task     ] GC(239) Using 23 workers of 23 for evacuation
[2026-09-05T21:21:57.254-0400][588.674s][info][gc,phases   ] GC(239)   Pre Evacuate Collection Set: 0.23ms
[2026-09-05T21:21:57.254-0400][588.674s][info][gc,phases   ] GC(239)   Merge Heap Roots: 0.19ms
[2026-09-05T21:21:57.254-0400][588.674s][info][gc,phases   ] GC(239)   Evacuate Collection Set: 4.95ms
[2026-09-05T21:21:57.254-0400][588.674s][info][gc,phases   ] GC(239)   Post Evacuate Collection Set: 0.84ms
[2026-09-05T21:21:57.254-0400][588.674s][info][gc,phases   ] GC(239)   Other: 0.20ms
[2026-09-05T21:21:57.254-0400][588.674s][info][gc,heap     ] GC(239) Eden regions: 393->0(385)
[2026-09-05T21:21:57.254-0400][588.674s][info][gc,heap     ] GC(239) Survivor regions: 28->32(53)
[2026-09-05T21:21:57.254-0400][588.674s][info][gc,heap     ] GC(239) Old regions: 764->764
[2026-09-05T21:21:57.254-0400][588.674s][info][gc,heap     ] GC(239) Archive regions: 0->0
[2026-09-05T21:21:57.254-0400][588.674s][info][gc,heap     ] GC(239) Humongous regions: 29->29
[2026-09-05T21:21:57.254-0400][588.674s][info][gc,metaspace] GC(239) Metaspace: 153084K(155648K)->153084K(155648K) NonClass: 131330K(132736K)->131330K(132736K) Class: 21753K(22912K)->21753K(22912K)
[2026-09-05T21:21:57.254-0400][588.674s][info][gc          ] GC(239) Pause Young (Normal) (G1 Evacuation Pause) 2427M->1648M(2762M) 6.520ms
[2026-09-05T21:21:57.254-0400][588.674s][info][gc,cpu      ] GC(239) User=0.00s Sys=0.00s Real=0.01s
[2026-09-05T21:21:57.432-0400][588.852s][info][gc,start    ] GC(240) Pause Young (Normal) (G1 Evacuation Pause)
[2026-09-05T21:21:57.432-0400][588.852s][info][gc,task     ] GC(240) Using 23 workers of 23 for evacuation
[2026-09-05T21:21:57.438-0400][588.858s][info][gc,phases   ] GC(240)   Pre Evacuate Collection Set: 0.17ms
[2026-09-05T21:21:57.438-0400][588.858s][info][gc,phases   ] GC(240)   Merge Heap Roots: 0.16ms
[2026-09-05T21:21:57.438-0400][588.858s][info][gc,phases   ] GC(240)   Evacuate Collection Set: 4.34ms
[2026-09-05T21:21:57.438-0400][588.858s][info][gc,phases   ] GC(240)   Post Evacuate Collection Set: 0.52ms
[2026-09-05T21:21:57.438-0400][588.858s][info][gc,phases   ] GC(240)   Other: 0.14ms
[2026-09-05T21:21:57.438-0400][588.858s][info][gc,heap     ] GC(240) Eden regions: 385->0(387)
[2026-09-05T21:21:57.438-0400][588.858s][info][gc,heap     ] GC(240) Survivor regions: 32->29(53)
[2026-09-05T21:21:57.438-0400][588.858s][info][gc,heap     ] GC(240) Old regions: 764->768
[2026-09-05T21:21:57.438-0400][588.858s][info][gc,heap     ] GC(240) Archive regions: 0->0
[2026-09-05T21:21:57.438-0400][588.858s][info][gc,heap     ] GC(240) Humongous regions: 29->29
[2026-09-05T21:21:57.438-0400][588.858s][info][gc,metaspace] GC(240) Metaspace: 153085K(155648K)->153085K(155648K) NonClass: 131331K(132736K)->131331K(132736K) Class: 21753K(22912K)->21753K(22912K)
[2026-09-05T21:21:57.438-0400][588.858s][info][gc          ] GC(240) Pause Young (Normal) (G1 Evacuation Pause) 2418M->1651M(2762M) 5.438ms
[2026-09-05T21:21:57.438-0400][588.858s][info][gc,cpu      ] GC(240) User=0.00s Sys=0.00s Real=0.01s
[2026-09-05T21:21:57.773-0400][589.193s][info][gc,start    ] GC(241) Pause Young (Normal) (G1 Evacuation Pause)
[2026-09-05T21:21:57.773-0400][589.193s][info][gc,task     ] GC(241) Using 23 workers of 23 for evacuation
[2026-09-05T21:21:57.779-0400][589.199s][info][gc,phases   ] GC(241)   Pre Evacuate Collection Set: 0.20ms
[2026-09-05T21:21:57.779-0400][589.199s][info][gc,phases   ] GC(241)   Merge Heap Roots: 0.19ms
[2026-09-05T21:21:57.779-0400][589.199s][info][gc,phases   ] GC(241)   Evacuate Collection Set: 5.49ms
[2026-09-05T21:21:57.779-0400][589.199s][info][gc,phases   ] GC(241)   Post Evacuate Collection Set: 0.74ms
[2026-09-05T21:21:57.779-0400][589.200s][info][gc,phases   ] GC(241)   Other: 0.17ms
[2026-09-05T21:21:57.779-0400][589.200s][info][gc,heap     ] GC(241) Eden regions: 387->0(380)
[2026-09-05T21:21:57.779-0400][589.200s][info][gc,heap     ] GC(241) Survivor regions: 29->31(52)
[2026-09-05T21:21:57.779-0400][589.200s][info][gc,heap     ] GC(241) Old regions: 768->771
[2026-09-05T21:21:57.779-0400][589.200s][info][gc,heap     ] GC(241) Archive regions: 0->0
[2026-09-05T21:21:57.779-0400][589.200s][info][gc,heap     ] GC(241) Humongous regions: 29->29
[2026-09-05T21:21:57.779-0400][589.200s][info][gc,metaspace] GC(241) Metaspace: 153142K(155712K)->153142K(155712K) NonClass: 131378K(132800K)->131378K(132800K) Class: 21763K(22912K)->21763K(22912K)
[2026-09-05T21:21:57.779-0400][589.200s][info][gc          ] GC(241) Pause Young (Normal) (G1 Evacuation Pause) 2425M->1660M(2762M) 6.923ms
[2026-09-05T21:21:57.779-0400][589.200s][info][gc,cpu      ] GC(241) User=0.02s Sys=0.00s Real=0.01s
[2026-09-05T21:21:58.161-0400][589.581s][info][gc,start    ] GC(242) Pause Young (Normal) (G1 Evacuation Pause)
[2026-09-05T21:21:58.161-0400][589.581s][info][gc,task     ] GC(242) Using 23 workers of 23 for evacuation
[2026-09-05T21:21:58.168-0400][589.588s][info][gc,phases   ] GC(242)   Pre Evacuate Collection Set: 0.20ms
[2026-09-05T21:21:58.168-0400][589.588s][info][gc,phases   ] GC(242)   Merge Heap Roots: 0.20ms
[2026-09-05T21:21:58.168-0400][589.588s][info][gc,phases   ] GC(242)   Evacuate Collection Set: 5.29ms
[2026-09-05T21:21:58.168-0400][589.588s][info][gc,phases   ] GC(242)   Post Evacuate Collection Set: 0.71ms
[2026-09-05T21:21:58.168-0400][589.588s][info][gc,phases   ] GC(242)   Other: 0.20ms
[2026-09-05T21:21:58.168-0400][589.588s][info][gc,heap     ] GC(242) Eden regions: 380->0(381)
[2026-09-05T21:21:58.168-0400][589.588s][info][gc,heap     ] GC(242) Survivor regions: 31->29(52)
[2026-09-05T21:21:58.168-0400][589.588s][info][gc,heap     ] GC(242) Old regions: 771->774
[2026-09-05T21:21:58.168-0400][589.588s][info][gc,heap     ] GC(242) Archive regions: 0->0
[2026-09-05T21:21:58.168-0400][589.588s][info][gc,heap     ] GC(242) Humongous regions: 29->29
[2026-09-05T21:21:58.168-0400][589.588s][info][gc,metaspace] GC(242) Metaspace: 153142K(155712K)->153142K(155712K) NonClass: 131379K(132800K)->131379K(132800K) Class: 21763K(22912K)->21763K(22912K)
[2026-09-05T21:21:58.168-0400][589.588s][info][gc          ] GC(242) Pause Young (Normal) (G1 Evacuation Pause) 2420M->1663M(2762M) 6.744ms
[2026-09-05T21:21:58.168-0400][589.588s][info][gc,cpu      ] GC(242) User=0.27s Sys=0.00s Real=0.01s
[2026-09-05T21:21:58.584-0400][590.003s][info][gc,start    ] GC(243) Pause Young (Normal) (G1 Evacuation Pause)
[2026-09-05T21:21:58.584-0400][590.003s][info][gc,task     ] GC(243) Using 23 workers of 23 for evacuation
[2026-09-05T21:21:58.588-0400][590.009s][info][gc,phases   ] GC(243)   Pre Evacuate Collection Set: 0.20ms
[2026-09-05T21:21:58.588-0400][590.009s][info][gc,phases   ] GC(243)   Merge Heap Roots: 0.15ms
[2026-09-05T21:21:58.588-0400][590.009s][info][gc,phases   ] GC(243)   Evacuate Collection Set: 4.22ms
[2026-09-05T21:21:58.588-0400][590.009s][info][gc,phases   ] GC(243)   Post Evacuate Collection Set: 0.61ms
[2026-09-05T21:21:58.588-0400][590.009s][info][gc,phases   ] GC(243)   Other: 0.13ms
[2026-09-05T21:21:58.588-0400][590.009s][info][gc,heap     ] GC(243) Eden regions: 381->0(379)
[2026-09-05T21:21:58.588-0400][590.009s][info][gc,heap     ] GC(243) Survivor regions: 29->29(52)
[2026-09-05T21:21:58.588-0400][590.009s][info][gc,heap     ] GC(243) Old regions: 774->776
[2026-09-05T21:21:58.588-0400][590.009s][info][gc,heap     ] GC(243) Archive regions: 0->0
[2026-09-05T21:21:58.588-0400][590.009s][info][gc,heap     ] GC(243) Humongous regions: 29->29
[2026-09-05T21:21:58.588-0400][590.009s][info][gc,metaspace] GC(243) Metaspace: 153144K(155712K)->153144K(155712K) NonClass: 131380K(132800K)->131380K(132800K) Class: 21763K(22912K)->21763K(22912K)
[2026-09-05T21:21:58.588-0400][590.009s][info][gc          ] GC(243) Pause Young (Normal) (G1 Evacuation Pause) 2425M->1667M(2762M) 5.436ms
[2026-09-05T21:21:58.588-0400][590.009s][info][gc,cpu      ] GC(243) User=0.03s Sys=0.02s Real=0.00s
[2026-09-05T21:21:58.752-0400][590.172s][info][gc,start    ] GC(244) Pause Young (Normal) (G1 Evacuation Pause)
[2026-09-05T21:21:58.752-0400][590.172s][info][gc,task     ] GC(244) Using 23 workers of 23 for evacuation
[2026-09-05T21:21:58.759-0400][590.179s][info][gc,phases   ] GC(244)   Pre Evacuate Collection Set: 0.18ms
[2026-09-05T21:21:58.759-0400][590.179s][info][gc,phases   ] GC(244)   Merge Heap Roots: 0.16ms
[2026-09-05T21:21:58.759-0400][590.179s][info][gc,phases   ] GC(244)   Evacuate Collection Set: 5.07ms
[2026-09-05T21:21:58.759-0400][590.179s][info][gc,phases   ] GC(244)   Post Evacuate Collection Set: 0.61ms
[2026-09-05T21:21:58.759-0400][590.179s][info][gc,phases   ] GC(244)   Other: 0.17ms
[2026-09-05T21:21:58.759-0400][590.179s][info][gc,heap     ] GC(244) Eden regions: 379->0(374)
[2026-09-05T21:21:58.759-0400][590.179s][info][gc,heap     ] GC(244) Survivor regions: 29->30(51)
[2026-09-05T21:21:58.759-0400][590.179s][info][gc,heap     ] GC(244) Old regions: 776->779
[2026-09-05T21:21:58.759-0400][590.179s][info][gc,heap     ] GC(244) Archive regions: 0->0
[2026-09-05T21:21:58.759-0400][590.179s][info][gc,heap     ] GC(244) Humongous regions: 29->29
[2026-09-05T21:21:58.759-0400][590.179s][info][gc,metaspace] GC(244) Metaspace: 153144K(155712K)->153144K(155712K) NonClass: 131380K(132800K)->131380K(132800K) Class: 21763K(22912K)->21763K(22912K)
[2026-09-05T21:21:58.759-0400][590.179s][info][gc          ] GC(244) Pause Young (Normal) (G1 Evacuation Pause) 2425M->1675M(2762M) 6.310ms
[2026-09-05T21:21:58.759-0400][590.179s][info][gc,cpu      ] GC(244) User=0.38s Sys=0.00s Real=0.01s
[2026-09-05T21:21:59.106-0400][590.526s][info][gc,start    ] GC(245) Pause Young (Normal) (G1 Evacuation Pause)
[2026-09-05T21:21:59.106-0400][590.526s][info][gc,task     ] GC(245) Using 23 workers of 23 for evacuation
[2026-09-05T21:21:59.113-0400][590.533s][info][gc,phases   ] GC(245)   Pre Evacuate Collection Set: 0.22ms
[2026-09-05T21:21:59.113-0400][590.533s][info][gc,phases   ] GC(245)   Merge Heap Roots: 0.20ms
[2026-09-05T21:21:59.113-0400][590.533s][info][gc,phases   ] GC(245)   Evacuate Collection Set: 5.80ms
[2026-09-05T21:21:59.113-0400][590.533s][info][gc,phases   ] GC(245)   Post Evacuate Collection Set: 0.65ms
[2026-09-05T21:21:59.113-0400][590.533s][info][gc,phases   ] GC(245)   Other: 0.17ms
[2026-09-05T21:21:59.113-0400][590.533s][info][gc,heap     ] GC(245) Eden regions: 374->0(369)
[2026-09-05T21:21:59.113-0400][590.533s][info][gc,heap     ] GC(245) Survivor regions: 30->31(51)
[2026-09-05T21:21:59.113-0400][590.533s][info][gc,heap     ] GC(245) Old regions: 779->782
[2026-09-05T21:21:59.113-0400][590.533s][info][gc,heap     ] GC(245) Archive regions: 0->0
[2026-09-05T21:21:59.113-0400][590.533s][info][gc,heap     ] GC(245) Humongous regions: 29->29
[2026-09-05T21:21:59.113-0400][590.533s][info][gc,metaspace] GC(245) Metaspace: 153154K(155712K)->153154K(155712K) NonClass: 131390K(132800K)->131390K(132800K) Class: 21763K(22912K)->21763K(22912K)
[2026-09-05T21:21:59.113-0400][590.533s][info][gc          ] GC(245) Pause Young (Normal) (G1 Evacuation Pause) 2423M->1682M(2762M) 7.204ms
[2026-09-05T21:21:59.113-0400][590.534s][info][gc,cpu      ] GC(245) User=0.00s Sys=0.00s Real=0.01s
[2026-09-05T21:21:59.491-0400][590.911s][info][gc,start    ] GC(246) Pause Young (Normal) (G1 Evacuation Pause)
[2026-09-05T21:21:59.491-0400][590.911s][info][gc,task     ] GC(246) Using 23 workers of 23 for evacuation
[2026-09-05T21:21:59.497-0400][590.917s][info][gc,phases   ] GC(246)   Pre Evacuate Collection Set: 0.22ms
[2026-09-05T21:21:59.497-0400][590.917s][info][gc,phases   ] GC(246)   Merge Heap Roots: 0.16ms
[2026-09-05T21:21:59.497-0400][590.917s][info][gc,phases   ] GC(246)   Evacuate Collection Set: 4.31ms
[2026-09-05T21:21:59.497-0400][590.917s][info][gc,phases   ] GC(246)   Post Evacuate Collection Set: 0.70ms
[2026-09-05T21:21:59.497-0400][590.917s][info][gc,phases   ] GC(246)   Other: 0.13ms
[2026-09-05T21:21:59.497-0400][590.917s][info][gc,heap     ] GC(246) Eden regions: 369->0(370)
[2026-09-05T21:21:59.497-0400][590.917s][info][gc,heap     ] GC(246) Survivor regions: 31->29(50)
[2026-09-05T21:21:59.497-0400][590.917s][info][gc,heap     ] GC(246) Old regions: 782->785
[2026-09-05T21:21:59.497-0400][590.917s][info][gc,heap     ] GC(246) Archive regions: 0->0
[2026-09-05T21:21:59.497-0400][590.917s][info][gc,heap     ] GC(246) Humongous regions: 29->29
[2026-09-05T21:21:59.497-0400][590.917s][info][gc,metaspace] GC(246) Metaspace: 153155K(155712K)->153155K(155712K) NonClass: 131391K(132800K)->131391K(132800K) Class: 21763K(22912K)->21763K(22912K)
[2026-09-05T21:21:59.497-0400][590.917s][info][gc          ] GC(246) Pause Young (Normal) (G1 Evacuation Pause) 2420M->1683M(2762M) 5.636ms
[2026-09-05T21:21:59.497-0400][590.917s][info][gc,cpu      ] GC(246) User=0.00s Sys=0.00s Real=0.01s
[2026-09-05T21:21:59.821-0400][591.241s][info][gc,start    ] GC(247) Pause Young (Normal) (G1 Evacuation Pause)
[2026-09-05T21:21:59.821-0400][591.241s][info][gc,task     ] GC(247) Using 23 workers of 23 for evacuation
[2026-09-05T21:21:59.827-0400][591.247s][info][gc,phases   ] GC(247)   Pre Evacuate Collection Set: 0.27ms
[2026-09-05T21:21:59.827-0400][591.247s][info][gc,phases   ] GC(247)   Merge Heap Roots: 0.19ms
[2026-09-05T21:21:59.827-0400][591.247s][info][gc,phases   ] GC(247)   Evacuate Collection Set: 4.95ms
[2026-09-05T21:21:59.827-0400][591.247s][info][gc,phases   ] GC(247)   Post Evacuate Collection Set: 0.78ms
[2026-09-05T21:21:59.827-0400][591.247s][info][gc,phases   ] GC(247)   Other: 0.25ms
[2026-09-05T21:21:59.827-0400][591.247s][info][gc,heap     ] GC(247) Eden regions: 370->0(364)
[2026-09-05T21:21:59.827-0400][591.247s][info][gc,heap     ] GC(247) Survivor regions: 29->31(50)
[2026-09-05T21:21:59.827-0400][591.247s][info][gc,heap     ] GC(247) Old regions: 785->787
[2026-09-05T21:21:59.827-0400][591.247s][info][gc,heap     ] GC(247) Archive regions: 0->0
[2026-09-05T21:21:59.827-0400][591.247s][info][gc,heap     ] GC(247) Humongous regions: 29->29
[2026-09-05T21:21:59.827-0400][591.247s][info][gc,metaspace] GC(247) Metaspace: 153156K(155712K)->153156K(155712K) NonClass: 131392K(132800K)->131392K(132800K) Class: 21763K(22912K)->21763K(22912K)
[2026-09-05T21:21:59.827-0400][591.247s][info][gc          ] GC(247) Pause Young (Normal) (G1 Evacuation Pause) 2423M->1691M(2762M) 6.573ms
[2026-09-05T21:21:59.827-0400][591.247s][info][gc,cpu      ] GC(247) User=0.00s Sys=0.00s Real=0.01s
[2026-09-05T21:22:00.098-0400][591.518s][info][gc,start    ] GC(248) Pause Young (Normal) (GCLocker Initiated GC)
[2026-09-05T21:22:00.099-0400][591.518s][info][gc,task     ] GC(248) Using 23 workers of 23 for evacuation
[2026-09-05T21:22:00.104-0400][591.524s][info][gc,phases   ] GC(248)   Pre Evacuate Collection Set: 0.16ms
[2026-09-05T21:22:00.104-0400][591.524s][info][gc,phases   ] GC(248)   Merge Heap Roots: 0.20ms
[2026-09-05T21:22:00.104-0400][591.524s][info][gc,phases   ] GC(248)   Evacuate Collection Set: 4.56ms
[2026-09-05T21:22:00.104-0400][591.524s][info][gc,phases   ] GC(248)   Post Evacuate Collection Set: 0.73ms
[2026-09-05T21:22:00.104-0400][591.524s][info][gc,phases   ] GC(248)   Other: 0.16ms
[2026-09-05T21:22:00.104-0400][591.524s][info][gc,heap     ] GC(248) Eden regions: 365->0(361)
[2026-09-05T21:22:00.104-0400][591.524s][info][gc,heap     ] GC(248) Survivor regions: 31->31(50)
[2026-09-05T21:22:00.104-0400][591.524s][info][gc,heap     ] GC(248) Old regions: 787->790
[2026-09-05T21:22:00.104-0400][591.524s][info][gc,heap     ] GC(248) Archive regions: 0->0
[2026-09-05T21:22:00.104-0400][591.524s][info][gc,heap     ] GC(248) Humongous regions: 29->29
[2026-09-05T21:22:00.104-0400][591.524s][info][gc,metaspace] GC(248) Metaspace: 153162K(155712K)->153162K(155712K) NonClass: 131398K(132800K)->131398K(132800K) Class: 21763K(22912K)->21763K(22912K)
[2026-09-05T21:22:00.104-0400][591.524s][info][gc          ] GC(248) Pause Young (Normal) (GCLocker Initiated GC) 2419M->1697M(2762M) 5.948ms
[2026-09-05T21:22:00.104-0400][591.524s][info][gc,cpu      ] GC(248) User=0.36s Sys=0.00s Real=0.01s
[2026-09-05T21:22:00.388-0400][591.808s][info][gc,start    ] GC(249) Pause Young (Normal) (G1 Evacuation Pause)
[2026-09-05T21:22:00.388-0400][591.808s][info][gc,task     ] GC(249) Using 23 workers of 23 for evacuation
[2026-09-05T21:22:00.394-0400][591.814s][info][gc,phases   ] GC(249)   Pre Evacuate Collection Set: 0.15ms
[2026-09-05T21:22:00.394-0400][591.815s][info][gc,phases   ] GC(249)   Merge Heap Roots: 0.18ms
[2026-09-05T21:22:00.394-0400][591.815s][info][gc,phases   ] GC(249)   Evacuate Collection Set: 5.30ms
[2026-09-05T21:22:00.394-0400][591.815s][info][gc,phases   ] GC(249)   Post Evacuate Collection Set: 0.62ms
[2026-09-05T21:22:00.394-0400][591.815s][info][gc,phases   ] GC(249)   Other: 0.17ms
[2026-09-05T21:22:00.394-0400][591.815s][info][gc,heap     ] GC(249) Eden regions: 361->0(359)
[2026-09-05T21:22:00.394-0400][591.815s][info][gc,heap     ] GC(249) Survivor regions: 31->30(49)
[2026-09-05T21:22:00.394-0400][591.815s][info][gc,heap     ] GC(249) Old regions: 790->794
[2026-09-05T21:22:00.394-0400][591.815s][info][gc,heap     ] GC(249) Archive regions: 0->0
[2026-09-05T21:22:00.394-0400][591.815s][info][gc,heap     ] GC(249) Humongous regions: 29->29
[2026-09-05T21:22:00.394-0400][591.815s][info][gc,metaspace] GC(249) Metaspace: 153166K(155712K)->153166K(155712K) NonClass: 131401K(132800K)->131401K(132800K) Class: 21764K(22912K)->21764K(22912K)
[2026-09-05T21:22:00.394-0400][591.815s][info][gc          ] GC(249) Pause Young (Normal) (G1 Evacuation Pause) 2419M->1704M(2762M) 6.545ms
[2026-09-05T21:22:00.394-0400][591.815s][info][gc,cpu      ] GC(249) User=0.00s Sys=0.00s Real=0.01s
[2026-09-05T21:22:00.734-0400][592.154s][info][gc,start    ] GC(250) Pause Young (Normal) (G1 Evacuation Pause)
[2026-09-05T21:22:00.734-0400][592.154s][info][gc,task     ] GC(250) Using 23 workers of 23 for evacuation
[2026-09-05T21:22:00.741-0400][592.160s][info][gc,phases   ] GC(250)   Pre Evacuate Collection Set: 0.22ms
[2026-09-05T21:22:00.741-0400][592.160s][info][gc,phases   ] GC(250)   Merge Heap Roots: 0.15ms
[2026-09-05T21:22:00.741-0400][592.160s][info][gc,phases   ] GC(250)   Evacuate Collection Set: 4.82ms
[2026-09-05T21:22:00.741-0400][592.160s][info][gc,phases   ] GC(250)   Post Evacuate Collection Set: 0.75ms
[2026-09-05T21:22:00.741-0400][592.160s][info][gc,phases   ] GC(250)   Other: 0.17ms
[2026-09-05T21:22:00.741-0400][592.160s][info][gc,heap     ] GC(250) Eden regions: 359->0(359)
[2026-09-05T21:22:00.741-0400][592.160s][info][gc,heap     ] GC(250) Survivor regions: 30->28(49)
[2026-09-05T21:22:00.741-0400][592.160s][info][gc,heap     ] GC(250) Old regions: 794->798
[2026-09-05T21:22:00.741-0400][592.160s][info][gc,heap     ] GC(250) Archive regions: 0->0
[2026-09-05T21:22:00.741-0400][592.160s][info][gc,heap     ] GC(250) Humongous regions: 29->29
[2026-09-05T21:22:00.741-0400][592.160s][info][gc,metaspace] GC(250) Metaspace: 153168K(155712K)->153168K(155712K) NonClass: 131403K(132800K)->131403K(132800K) Class: 21765K(22912K)->21765K(22912K)
[2026-09-05T21:22:00.741-0400][592.160s][info][gc          ] GC(250) Pause Young (Normal) (G1 Evacuation Pause) 2422M->1708M(2762M) 6.218ms
[2026-09-05T21:22:00.741-0400][592.160s][info][gc,cpu      ] GC(250) User=0.12s Sys=0.02s Real=0.01s
[2026-09-05T21:22:01.020-0400][592.440s][info][gc,start    ] GC(251) Pause Young (Normal) (G1 Evacuation Pause)
[2026-09-05T21:22:01.020-0400][592.440s][info][gc,task     ] GC(251) Using 23 workers of 23 for evacuation
[2026-09-05T21:22:01.025-0400][592.445s][info][gc,phases   ] GC(251)   Pre Evacuate Collection Set: 0.23ms
[2026-09-05T21:22:01.025-0400][592.445s][info][gc,phases   ] GC(251)   Merge Heap Roots: 0.24ms
[2026-09-05T21:22:01.025-0400][592.445s][info][gc,phases   ] GC(251)   Evacuate Collection Set: 3.60ms
[2026-09-05T21:22:01.025-0400][592.445s][info][gc,phases   ] GC(251)   Post Evacuate Collection Set: 0.66ms
[2026-09-05T21:22:01.025-0400][592.445s][info][gc,phases   ] GC(251)   Other: 0.13ms
[2026-09-05T21:22:01.025-0400][592.445s][info][gc,heap     ] GC(251) Eden regions: 359->0(361)
[2026-09-05T21:22:01.025-0400][592.445s][info][gc,heap     ] GC(251) Survivor regions: 28->26(49)
[2026-09-05T21:22:01.025-0400][592.445s][info][gc,heap     ] GC(251) Old regions: 798->800
[2026-09-05T21:22:01.025-0400][592.445s][info][gc,heap     ] GC(251) Archive regions: 0->0
[2026-09-05T21:22:01.025-0400][592.445s][info][gc,heap     ] GC(251) Humongous regions: 29->29
[2026-09-05T21:22:01.025-0400][592.445s][info][gc,metaspace] GC(251) Metaspace: 153238K(155776K)->153238K(155776K) NonClass: 131453K(132864K)->131453K(132864K) Class: 21784K(22912K)->21784K(22912K)
[2026-09-05T21:22:01.025-0400][592.445s][info][gc          ] GC(251) Pause Young (Normal) (G1 Evacuation Pause) 2426M->1709M(2762M) 4.976ms
[2026-09-05T21:22:01.025-0400][592.445s][info][gc,cpu      ] GC(251) User=0.36s Sys=0.02s Real=0.01s
[2026-09-05T21:22:01.178-0400][592.598s][info][gc,start    ] GC(252) Pause Young (Normal) (G1 Evacuation Pause)
[2026-09-05T21:22:01.178-0400][592.598s][info][gc,task     ] GC(252) Using 23 workers of 23 for evacuation
[2026-09-05T21:22:01.184-0400][592.605s][info][gc,phases   ] GC(252)   Pre Evacuate Collection Set: 0.15ms
[2026-09-05T21:22:01.184-0400][592.605s][info][gc,phases   ] GC(252)   Merge Heap Roots: 0.18ms
[2026-09-05T21:22:01.184-0400][592.605s][info][gc,phases   ] GC(252)   Evacuate Collection Set: 5.55ms
[2026-09-05T21:22:01.184-0400][592.605s][info][gc,phases   ] GC(252)   Post Evacuate Collection Set: 0.84ms
[2026-09-05T21:22:01.184-0400][592.605s][info][gc,phases   ] GC(252)   Other: 0.36ms
[2026-09-05T21:22:01.184-0400][592.605s][info][gc,heap     ] GC(252) Eden regions: 361->0(353)
[2026-09-05T21:22:01.184-0400][592.605s][info][gc,heap     ] GC(252) Survivor regions: 26->30(49)
[2026-09-05T21:22:01.184-0400][592.605s][info][gc,heap     ] GC(252) Old regions: 800->800
[2026-09-05T21:22:01.184-0400][592.605s][info][gc,heap     ] GC(252) Archive regions: 0->0
[2026-09-05T21:22:01.184-0400][592.605s][info][gc,heap     ] GC(252) Humongous regions: 29->29
[2026-09-05T21:22:01.184-0400][592.605s][info][gc,metaspace] GC(252) Metaspace: 153265K(155776K)->153265K(155776K) NonClass: 131472K(132864K)->131472K(132864K) Class: 21792K(22912K)->21792K(22912K)
[2026-09-05T21:22:01.184-0400][592.605s][info][gc          ] GC(252) Pause Young (Normal) (G1 Evacuation Pause) 2431M->1717M(2762M) 7.188ms
[2026-09-05T21:22:01.184-0400][592.605s][info][gc,cpu      ] GC(252) User=0.02s Sys=0.02s Real=0.01s
[2026-09-05T21:22:01.519-0400][592.939s][info][gc,start    ] GC(253) Pause Young (Normal) (G1 Evacuation Pause)
[2026-09-05T21:22:01.519-0400][592.939s][info][gc,task     ] GC(253) Using 23 workers of 23 for evacuation
[2026-09-05T21:22:01.524-0400][592.944s][info][gc,phases   ] GC(253)   Pre Evacuate Collection Set: 0.24ms
[2026-09-05T21:22:01.524-0400][592.944s][info][gc,phases   ] GC(253)   Merge Heap Roots: 0.19ms
[2026-09-05T21:22:01.524-0400][592.944s][info][gc,phases   ] GC(253)   Evacuate Collection Set: 4.09ms
[2026-09-05T21:22:01.524-0400][592.944s][info][gc,phases   ] GC(253)   Post Evacuate Collection Set: 0.65ms
[2026-09-05T21:22:01.524-0400][592.944s][info][gc,phases   ] GC(253)   Other: 0.13ms
[2026-09-05T21:22:01.524-0400][592.944s][info][gc,heap     ] GC(253) Eden regions: 353->0(356)
[2026-09-05T21:22:01.524-0400][592.944s][info][gc,heap     ] GC(253) Survivor regions: 30->26(48)
[2026-09-05T21:22:01.524-0400][592.944s][info][gc,heap     ] GC(253) Old regions: 800->805
[2026-09-05T21:22:01.524-0400][592.944s][info][gc,heap     ] GC(253) Archive regions: 0->0
[2026-09-05T21:22:01.524-0400][592.944s][info][gc,heap     ] GC(253) Humongous regions: 29->29
[2026-09-05T21:22:01.524-0400][592.944s][info][gc,metaspace] GC(253) Metaspace: 153385K(155968K)->153385K(155968K) NonClass: 131563K(132992K)->131563K(132992K) Class: 21821K(22976K)->21821K(22976K)
[2026-09-05T21:22:01.524-0400][592.944s][info][gc          ] GC(253) Pause Young (Normal) (G1 Evacuation Pause) 2423M->1718M(2762M) 5.440ms
[2026-09-05T21:22:01.524-0400][592.944s][info][gc,cpu      ] GC(253) User=0.34s Sys=0.03s Real=0.00s
[2026-09-05T21:22:01.921-0400][593.340s][info][gc,start    ] GC(254) Pause Young (Normal) (G1 Evacuation Pause)
[2026-09-05T21:22:01.921-0400][593.340s][info][gc,task     ] GC(254) Using 23 workers of 23 for evacuation
[2026-09-05T21:22:01.925-0400][593.346s][info][gc,phases   ] GC(254)   Pre Evacuate Collection Set: 0.16ms
[2026-09-05T21:22:01.926-0400][593.346s][info][gc,phases   ] GC(254)   Merge Heap Roots: 0.20ms
[2026-09-05T21:22:01.926-0400][593.346s][info][gc,phases   ] GC(254)   Evacuate Collection Set: 4.21ms
[2026-09-05T21:22:01.926-0400][593.346s][info][gc,phases   ] GC(254)   Post Evacuate Collection Set: 0.68ms
[2026-09-05T21:22:01.926-0400][593.346s][info][gc,phases   ] GC(254)   Other: 0.20ms
[2026-09-05T21:22:01.926-0400][593.346s][info][gc,heap     ] GC(254) Eden regions: 356->0(352)
[2026-09-05T21:22:01.926-0400][593.346s][info][gc,heap     ] GC(254) Survivor regions: 26->28(48)
[2026-09-05T21:22:01.926-0400][593.346s][info][gc,heap     ] GC(254) Old regions: 805->805
[2026-09-05T21:22:01.926-0400][593.346s][info][gc,heap     ] GC(254) Archive regions: 0->0
[2026-09-05T21:22:01.926-0400][593.346s][info][gc,heap     ] GC(254) Humongous regions: 29->29
[2026-09-05T21:22:01.926-0400][593.346s][info][gc,metaspace] GC(254) Metaspace: 153402K(155968K)->153402K(155968K) NonClass: 131577K(132992K)->131577K(132992K) Class: 21825K(22976K)->21825K(22976K)
[2026-09-05T21:22:01.926-0400][593.346s][info][gc          ] GC(254) Pause Young (Normal) (G1 Evacuation Pause) 2430M->1722M(2762M) 5.566ms
[2026-09-05T21:22:01.926-0400][593.346s][info][gc,cpu      ] GC(254) User=0.00s Sys=0.00s Real=0.01s
[2026-09-05T21:22:02.135-0400][593.555s][info][gc,start    ] GC(255) Pause Young (Normal) (GCLocker Initiated GC)
[2026-09-05T21:22:02.135-0400][593.555s][info][gc,task     ] GC(255) Using 23 workers of 23 for evacuation
[2026-09-05T21:22:02.142-0400][593.562s][info][gc,phases   ] GC(255)   Pre Evacuate Collection Set: 0.16ms
[2026-09-05T21:22:02.142-0400][593.562s][info][gc,phases   ] GC(255)   Merge Heap Roots: 0.16ms
[2026-09-05T21:22:02.142-0400][593.562s][info][gc,phases   ] GC(255)   Evacuate Collection Set: 6.05ms
[2026-09-05T21:22:02.142-0400][593.562s][info][gc,phases   ] GC(255)   Post Evacuate Collection Set: 0.67ms
[2026-09-05T21:22:02.142-0400][593.562s][info][gc,phases   ] GC(255)   Other: 0.18ms
[2026-09-05T21:22:02.142-0400][593.562s][info][gc,heap     ] GC(255) Eden regions: 353->0(341)
[2026-09-05T21:22:02.142-0400][593.562s][info][gc,heap     ] GC(255) Survivor regions: 28->32(48)
[2026-09-05T21:22:02.142-0400][593.562s][info][gc,heap     ] GC(255) Old regions: 805->808
[2026-09-05T21:22:02.142-0400][593.563s][info][gc,heap     ] GC(255) Archive regions: 0->0
[2026-09-05T21:22:02.142-0400][593.563s][info][gc,heap     ] GC(255) Humongous regions: 29->29
[2026-09-05T21:22:02.142-0400][593.563s][info][gc,metaspace] GC(255) Metaspace: 153434K(155968K)->153434K(155968K) NonClass: 131602K(132992K)->131602K(132992K) Class: 21832K(22976K)->21832K(22976K)
[2026-09-05T21:22:02.142-0400][593.563s][info][gc          ] GC(255) Pause Young (Normal) (GCLocker Initiated GC) 2427M->1737M(2762M) 7.369ms
[2026-09-05T21:22:02.142-0400][593.563s][info][gc,cpu      ] GC(255) User=0.00s Sys=0.00s Real=0.01s
[2026-09-05T21:22:02.267-0400][593.687s][info][gc,start    ] GC(256) Pause Young (Normal) (G1 Evacuation Pause)
[2026-09-05T21:22:02.268-0400][593.687s][info][gc,task     ] GC(256) Using 23 workers of 23 for evacuation
[2026-09-05T21:22:02.273-0400][593.694s][info][gc,phases   ] GC(256)   Pre Evacuate Collection Set: 0.15ms
[2026-09-05T21:22:02.273-0400][593.694s][info][gc,phases   ] GC(256)   Merge Heap Roots: 0.17ms
[2026-09-05T21:22:02.273-0400][593.694s][info][gc,phases   ] GC(256)   Evacuate Collection Set: 5.14ms
[2026-09-05T21:22:02.273-0400][593.694s][info][gc,phases   ] GC(256)   Post Evacuate Collection Set: 0.57ms
[2026-09-05T21:22:02.273-0400][593.694s][info][gc,phases   ] GC(256)   Other: 0.20ms
[2026-09-05T21:22:02.273-0400][593.694s][info][gc,heap     ] GC(256) Eden regions: 341->0(344)
[2026-09-05T21:22:02.273-0400][593.694s][info][gc,heap     ] GC(256) Survivor regions: 32->27(47)
[2026-09-05T21:22:02.273-0400][593.694s][info][gc,heap     ] GC(256) Old regions: 808->815
[2026-09-05T21:22:02.273-0400][593.694s][info][gc,heap     ] GC(256) Archive regions: 0->0
[2026-09-05T21:22:02.273-0400][593.694s][info][gc,heap     ] GC(256) Humongous regions: 29->29
[2026-09-05T21:22:02.273-0400][593.694s][info][gc,metaspace] GC(256) Metaspace: 153436K(155968K)->153436K(155968K) NonClass: 131604K(132992K)->131604K(132992K) Class: 21832K(22976K)->21832K(22976K)
[2026-09-05T21:22:02.273-0400][593.694s][info][gc          ] GC(256) Pause Young (Normal) (G1 Evacuation Pause) 2419M->1739M(2762M) 6.351ms
[2026-09-05T21:22:02.273-0400][593.694s][info][gc,cpu      ] GC(256) User=0.34s Sys=0.02s Real=0.01s
[2026-09-05T21:22:02.732-0400][594.153s][info][gc,start    ] GC(257) Pause Young (Normal) (G1 Evacuation Pause)
[2026-09-05T21:22:02.732-0400][594.153s][info][gc,task     ] GC(257) Using 23 workers of 23 for evacuation
[2026-09-05T21:22:02.738-0400][594.158s][info][gc,phases   ] GC(257)   Pre Evacuate Collection Set: 0.24ms
[2026-09-05T21:22:02.738-0400][594.158s][info][gc,phases   ] GC(257)   Merge Heap Roots: 0.18ms
[2026-09-05T21:22:02.738-0400][594.158s][info][gc,phases   ] GC(257)   Evacuate Collection Set: 4.00ms
[2026-09-05T21:22:02.738-0400][594.158s][info][gc,phases   ] GC(257)   Post Evacuate Collection Set: 0.61ms
[2026-09-05T21:22:02.738-0400][594.158s][info][gc,phases   ] GC(257)   Other: 0.21ms
[2026-09-05T21:22:02.738-0400][594.158s][info][gc,heap     ] GC(257) Eden regions: 344->0(347)
[2026-09-05T21:22:02.738-0400][594.158s][info][gc,heap     ] GC(257) Survivor regions: 27->24(47)
[2026-09-05T21:22:02.738-0400][594.158s][info][gc,heap     ] GC(257) Old regions: 815->818
[2026-09-05T21:22:02.738-0400][594.158s][info][gc,heap     ] GC(257) Archive regions: 0->0
[2026-09-05T21:22:02.738-0400][594.158s][info][gc,heap     ] GC(257) Humongous regions: 29->29
[2026-09-05T21:22:02.738-0400][594.158s][info][gc,metaspace] GC(257) Metaspace: 153442K(156032K)->153442K(156032K) NonClass: 131610K(133056K)->131610K(133056K) Class: 21832K(22976K)->21832K(22976K)
[2026-09-05T21:22:02.738-0400][594.158s][info][gc          ] GC(257) Pause Young (Normal) (G1 Evacuation Pause) 2427M->1740M(2762M) 5.348ms
[2026-09-05T21:22:02.738-0400][594.158s][info][gc,cpu      ] GC(257) User=0.00s Sys=0.00s Real=0.01s
[2026-09-05T21:22:02.943-0400][594.363s][info][gc,start    ] GC(258) Pause Young (Normal) (G1 Evacuation Pause)
[2026-09-05T21:22:02.943-0400][594.363s][info][gc,task     ] GC(258) Using 23 workers of 23 for evacuation
[2026-09-05T21:22:02.948-0400][594.368s][info][gc,phases   ] GC(258)   Pre Evacuate Collection Set: 0.16ms
[2026-09-05T21:22:02.948-0400][594.368s][info][gc,phases   ] GC(258)   Merge Heap Roots: 0.16ms
[2026-09-05T21:22:02.948-0400][594.368s][info][gc,phases   ] GC(258)   Evacuate Collection Set: 3.41ms
[2026-09-05T21:22:02.948-0400][594.368s][info][gc,phases   ] GC(258)   Post Evacuate Collection Set: 0.53ms
[2026-09-05T21:22:02.948-0400][594.368s][info][gc,phases   ] GC(258)   Other: 0.13ms
[2026-09-05T21:22:02.948-0400][594.368s][info][gc,heap     ] GC(258) Eden regions: 347->0(345)
[2026-09-05T21:22:02.948-0400][594.368s][info][gc,heap     ] GC(258) Survivor regions: 24->25(47)
[2026-09-05T21:22:02.948-0400][594.368s][info][gc,heap     ] GC(258) Old regions: 818->818
[2026-09-05T21:22:02.948-0400][594.368s][info][gc,heap     ] GC(258) Archive regions: 0->0
[2026-09-05T21:22:02.948-0400][594.368s][info][gc,heap     ] GC(258) Humongous regions: 29->29
[2026-09-05T21:22:02.948-0400][594.368s][info][gc,metaspace] GC(258) Metaspace: 153452K(156032K)->153452K(156032K) NonClass: 131618K(133056K)->131618K(133056K) Class: 21833K(22976K)->21833K(22976K)
[2026-09-05T21:22:02.948-0400][594.368s][info][gc          ] GC(258) Pause Young (Normal) (G1 Evacuation Pause) 2434M->1743M(2762M) 4.511ms
[2026-09-05T21:22:02.948-0400][594.368s][info][gc,cpu      ] GC(258) User=0.02s Sys=0.02s Real=0.00s
[2026-09-05T21:22:03.168-0400][594.588s][info][gc,start    ] GC(259) Pause Young (Normal) (G1 Evacuation Pause)
[2026-09-05T21:22:03.168-0400][594.588s][info][gc,task     ] GC(259) Using 23 workers of 23 for evacuation
[2026-09-05T21:22:03.172-0400][594.592s][info][gc,phases   ] GC(259)   Pre Evacuate Collection Set: 0.21ms
[2026-09-05T21:22:03.172-0400][594.592s][info][gc,phases   ] GC(259)   Merge Heap Roots: 0.14ms
[2026-09-05T21:22:03.172-0400][594.592s][info][gc,phases   ] GC(259)   Evacuate Collection Set: 3.50ms
[2026-09-05T21:22:03.172-0400][594.592s][info][gc,phases   ] GC(259)   Post Evacuate Collection Set: 0.52ms
[2026-09-05T21:22:03.172-0400][594.592s][info][gc,phases   ] GC(259)   Other: 0.13ms
[2026-09-05T21:22:03.172-0400][594.592s][info][gc,heap     ] GC(259) Eden regions: 345->0(341)
[2026-09-05T21:22:03.172-0400][594.592s][info][gc,heap     ] GC(259) Survivor regions: 25->27(47)
[2026-09-05T21:22:03.172-0400][594.592s][info][gc,heap     ] GC(259) Old regions: 818->818
[2026-09-05T21:22:03.172-0400][594.592s][info][gc,heap     ] GC(259) Archive regions: 0->0
[2026-09-05T21:22:03.172-0400][594.592s][info][gc,heap     ] GC(259) Humongous regions: 29->29
[2026-09-05T21:22:03.172-0400][594.592s][info][gc,metaspace] GC(259) Metaspace: 153456K(156032K)->153456K(156032K) NonClass: 131622K(133056K)->131622K(133056K) Class: 21833K(22976K)->21833K(22976K)
[2026-09-05T21:22:03.172-0400][594.592s][info][gc          ] GC(259) Pause Young (Normal) (G1 Evacuation Pause) 2433M->1747M(2762M) 4.617ms
[2026-09-05T21:22:03.172-0400][594.592s][info][gc,cpu      ] GC(259) User=0.00s Sys=0.00s Real=0.00s
[2026-09-05T21:22:03.481-0400][594.902s][info][gc,start    ] GC(260) Pause Young (Normal) (G1 Evacuation Pause)
[2026-09-05T21:22:03.482-0400][594.902s][info][gc,task     ] GC(260) Using 23 workers of 23 for evacuation
[2026-09-05T21:22:03.487-0400][594.907s][info][gc,phases   ] GC(260)   Pre Evacuate Collection Set: 0.18ms
[2026-09-05T21:22:03.487-0400][594.907s][info][gc,phases   ] GC(260)   Merge Heap Roots: 0.17ms
[2026-09-05T21:22:03.487-0400][594.907s][info][gc,phases   ] GC(260)   Evacuate Collection Set: 4.22ms
[2026-09-05T21:22:03.487-0400][594.907s][info][gc,phases   ] GC(260)   Post Evacuate Collection Set: 0.61ms
[2026-09-05T21:22:03.487-0400][594.907s][info][gc,phases   ] GC(260)   Other: 0.17ms
[2026-09-05T21:22:03.487-0400][594.907s][info][gc,heap     ] GC(260) Eden regions: 341->0(336)
[2026-09-05T21:22:03.487-0400][594.907s][info][gc,heap     ] GC(260) Survivor regions: 27->28(46)
[2026-09-05T21:22:03.487-0400][594.907s][info][gc,heap     ] GC(260) Old regions: 818->821
[2026-09-05T21:22:03.487-0400][594.907s][info][gc,heap     ] GC(260) Archive regions: 0->0
[2026-09-05T21:22:03.487-0400][594.907s][info][gc,heap     ] GC(260) Humongous regions: 29->29
[2026-09-05T21:22:03.487-0400][594.907s][info][gc,metaspace] GC(260) Metaspace: 153462K(156032K)->153462K(156032K) NonClass: 131628K(133056K)->131628K(133056K) Class: 21833K(22976K)->21833K(22976K)
[2026-09-05T21:22:03.487-0400][594.907s][info][gc          ] GC(260) Pause Young (Normal) (G1 Evacuation Pause) 2429M->1753M(2762M) 5.477ms
[2026-09-05T21:22:03.487-0400][594.907s][info][gc,cpu      ] GC(260) User=0.00s Sys=0.00s Real=0.01s
[2026-09-05T21:22:03.892-0400][595.312s][info][gc,start    ] GC(261) Pause Young (Normal) (G1 Evacuation Pause)
[2026-09-05T21:22:03.892-0400][595.312s][info][gc,task     ] GC(261) Using 23 workers of 23 for evacuation
[2026-09-05T21:22:03.898-0400][595.317s][info][gc,phases   ] GC(261)   Pre Evacuate Collection Set: 0.23ms
[2026-09-05T21:22:03.898-0400][595.317s][info][gc,phases   ] GC(261)   Merge Heap Roots: 0.20ms
[2026-09-05T21:22:03.898-0400][595.317s][info][gc,phases   ] GC(261)   Evacuate Collection Set: 4.08ms
[2026-09-05T21:22:03.898-0400][595.317s][info][gc,phases   ] GC(261)   Post Evacuate Collection Set: 0.65ms
[2026-09-05T21:22:03.898-0400][595.317s][info][gc,phases   ] GC(261)   Other: 0.18ms
[2026-09-05T21:22:03.898-0400][595.317s][info][gc,heap     ] GC(261) Eden regions: 336->0(338)
[2026-09-05T21:22:03.898-0400][595.317s][info][gc,heap     ] GC(261) Survivor regions: 28->25(46)
[2026-09-05T21:22:03.898-0400][595.317s][info][gc,heap     ] GC(261) Old regions: 821->825
[2026-09-05T21:22:03.898-0400][595.317s][info][gc,heap     ] GC(261) Archive regions: 0->0
[2026-09-05T21:22:03.898-0400][595.317s][info][gc,heap     ] GC(261) Humongous regions: 29->29
[2026-09-05T21:22:03.898-0400][595.317s][info][gc,metaspace] GC(261) Metaspace: 153494K(156032K)->153494K(156032K) NonClass: 131656K(133056K)->131656K(133056K) Class: 21838K(22976K)->21838K(22976K)
[2026-09-05T21:22:03.898-0400][595.317s][info][gc          ] GC(261) Pause Young (Normal) (G1 Evacuation Pause) 2425M->1756M(2762M) 5.480ms
[2026-09-05T21:22:03.898-0400][595.317s][info][gc,cpu      ] GC(261) User=0.33s Sys=0.03s Real=0.01s
[2026-09-05T21:22:04.115-0400][595.535s][info][gc,start    ] GC(262) Pause Young (Normal) (G1 Evacuation Pause)
[2026-09-05T21:22:04.115-0400][595.535s][info][gc,task     ] GC(262) Using 23 workers of 23 for evacuation
[2026-09-05T21:22:04.121-0400][595.540s][info][gc,phases   ] GC(262)   Pre Evacuate Collection Set: 0.27ms
[2026-09-05T21:22:04.121-0400][595.540s][info][gc,phases   ] GC(262)   Merge Heap Roots: 0.18ms
[2026-09-05T21:22:04.121-0400][595.541s][info][gc,phases   ] GC(262)   Evacuate Collection Set: 4.05ms
[2026-09-05T21:22:04.121-0400][595.541s][info][gc,phases   ] GC(262)   Post Evacuate Collection Set: 0.57ms
[2026-09-05T21:22:04.121-0400][595.541s][info][gc,phases   ] GC(262)   Other: 0.16ms
[2026-09-05T21:22:04.121-0400][595.541s][info][gc,heap     ] GC(262) Eden regions: 338->0(332)
[2026-09-05T21:22:04.121-0400][595.541s][info][gc,heap     ] GC(262) Survivor regions: 25->28(46)
[2026-09-05T21:22:04.121-0400][595.541s][info][gc,heap     ] GC(262) Old regions: 825->825
[2026-09-05T21:22:04.121-0400][595.541s][info][gc,heap     ] GC(262) Archive regions: 0->0
[2026-09-05T21:22:04.121-0400][595.541s][info][gc,heap     ] GC(262) Humongous regions: 29->29
[2026-09-05T21:22:04.121-0400][595.541s][info][gc,metaspace] GC(262) Metaspace: 153503K(156032K)->153503K(156032K) NonClass: 131664K(133056K)->131664K(133056K) Class: 21839K(22976K)->21839K(22976K)
[2026-09-05T21:22:04.121-0400][595.541s][info][gc          ] GC(262) Pause Young (Normal) (G1 Evacuation Pause) 2432M->1763M(2762M) 5.342ms
[2026-09-05T21:22:04.121-0400][595.541s][info][gc,cpu      ] GC(262) User=0.00s Sys=0.00s Real=0.01s
[2026-09-05T21:22:04.410-0400][595.829s][info][gc,start    ] GC(263) Pause Young (Normal) (G1 Evacuation Pause)
[2026-09-05T21:22:04.410-0400][595.830s][info][gc,task     ] GC(263) Using 23 workers of 23 for evacuation
[2026-09-05T21:22:04.415-0400][595.835s][info][gc,phases   ] GC(263)   Pre Evacuate Collection Set: 0.31ms
[2026-09-05T21:22:04.415-0400][595.835s][info][gc,phases   ] GC(263)   Merge Heap Roots: 0.28ms
[2026-09-05T21:22:04.415-0400][595.835s][info][gc,phases   ] GC(263)   Evacuate Collection Set: 4.16ms
[2026-09-05T21:22:04.415-0400][595.835s][info][gc,phases   ] GC(263)   Post Evacuate Collection Set: 0.68ms
[2026-09-05T21:22:04.415-0400][595.835s][info][gc,phases   ] GC(263)   Other: 0.13ms
[2026-09-05T21:22:04.415-0400][595.835s][info][gc,heap     ] GC(263) Eden regions: 332->0(329)
[2026-09-05T21:22:04.415-0400][595.835s][info][gc,heap     ] GC(263) Survivor regions: 28->27(45)
[2026-09-05T21:22:04.415-0400][595.835s][info][gc,heap     ] GC(263) Old regions: 825->830
[2026-09-05T21:22:04.415-0400][595.835s][info][gc,heap     ] GC(263) Archive regions: 0->0
[2026-09-05T21:22:04.415-0400][595.835s][info][gc,heap     ] GC(263) Humongous regions: 29->29
[2026-09-05T21:22:04.415-0400][595.835s][info][gc,metaspace] GC(263) Metaspace: 153514K(156096K)->153514K(156096K) NonClass: 131675K(133120K)->131675K(133120K) Class: 21839K(22976K)->21839K(22976K)
[2026-09-05T21:22:04.415-0400][595.835s][info][gc          ] GC(263) Pause Young (Normal) (G1 Evacuation Pause) 2427M->1769M(2762M) 5.793ms
[2026-09-05T21:22:04.415-0400][595.835s][info][gc,cpu      ] GC(263) User=0.38s Sys=0.02s Real=0.00s
[2026-09-05T21:22:04.629-0400][596.049s][info][gc,start    ] GC(264) Pause Young (Normal) (G1 Evacuation Pause)
[2026-09-05T21:22:04.629-0400][596.049s][info][gc,task     ] GC(264) Using 23 workers of 23 for evacuation
[2026-09-05T21:22:04.634-0400][596.055s][info][gc,phases   ] GC(264)   Pre Evacuate Collection Set: 0.18ms
[2026-09-05T21:22:04.634-0400][596.055s][info][gc,phases   ] GC(264)   Merge Heap Roots: 0.19ms
[2026-09-05T21:22:04.634-0400][596.055s][info][gc,phases   ] GC(264)   Evacuate Collection Set: 4.86ms
[2026-09-05T21:22:04.634-0400][596.055s][info][gc,phases   ] GC(264)   Post Evacuate Collection Set: 0.62ms
[2026-09-05T21:22:04.635-0400][596.055s][info][gc,phases   ] GC(264)   Other: 0.24ms
[2026-09-05T21:22:04.635-0400][596.055s][info][gc,heap     ] GC(264) Eden regions: 329->0(330)
[2026-09-05T21:22:04.635-0400][596.055s][info][gc,heap     ] GC(264) Survivor regions: 27->25(45)
[2026-09-05T21:22:04.635-0400][596.055s][info][gc,heap     ] GC(264) Old regions: 830->833
[2026-09-05T21:22:04.635-0400][596.055s][info][gc,heap     ] GC(264) Archive regions: 0->0
[2026-09-05T21:22:04.635-0400][596.055s][info][gc,heap     ] GC(264) Humongous regions: 29->29
[2026-09-05T21:22:04.635-0400][596.055s][info][gc,metaspace] GC(264) Metaspace: 153541K(156096K)->153541K(156096K) NonClass: 131699K(133120K)->131699K(133120K) Class: 21842K(22976K)->21842K(22976K)
[2026-09-05T21:22:04.635-0400][596.055s][info][gc          ] GC(264) Pause Young (Normal) (G1 Evacuation Pause) 2427M->1773M(2762M) 6.213ms
[2026-09-05T21:22:04.635-0400][596.055s][info][gc,cpu      ] GC(264) User=0.36s Sys=0.00s Real=0.01s
[2026-09-05T21:22:05.038-0400][596.457s][info][gc,start    ] GC(265) Pause Young (Normal) (G1 Evacuation Pause)
[2026-09-05T21:22:05.038-0400][596.457s][info][gc,task     ] GC(265) Using 23 workers of 23 for evacuation
[2026-09-05T21:22:05.041-0400][596.461s][info][gc,phases   ] GC(265)   Pre Evacuate Collection Set: 0.17ms
[2026-09-05T21:22:05.041-0400][596.461s][info][gc,phases   ] GC(265)   Merge Heap Roots: 0.15ms
[2026-09-05T21:22:05.041-0400][596.461s][info][gc,phases   ] GC(265)   Evacuate Collection Set: 3.29ms
[2026-09-05T21:22:05.041-0400][596.461s][info][gc,phases   ] GC(265)   Post Evacuate Collection Set: 0.59ms
[2026-09-05T21:22:05.041-0400][596.462s][info][gc,phases   ] GC(265)   Other: 0.13ms
[2026-09-05T21:22:05.041-0400][596.462s][info][gc,heap     ] GC(265) Eden regions: 330->0(330)
[2026-09-05T21:22:05.041-0400][596.462s][info][gc,heap     ] GC(265) Survivor regions: 25->25(45)
[2026-09-05T21:22:05.041-0400][596.462s][info][gc,heap     ] GC(265) Old regions: 833->833
[2026-09-05T21:22:05.041-0400][596.462s][info][gc,heap     ] GC(265) Archive regions: 0->0
[2026-09-05T21:22:05.041-0400][596.462s][info][gc,heap     ] GC(265) Humongous regions: 29->29
[2026-09-05T21:22:05.041-0400][596.462s][info][gc,metaspace] GC(265) Metaspace: 153554K(156160K)->153554K(156160K) NonClass: 131709K(133120K)->131709K(133120K) Class: 21845K(23040K)->21845K(23040K)
[2026-09-05T21:22:05.041-0400][596.462s][info][gc          ] GC(265) Pause Young (Normal) (G1 Evacuation Pause) 2433M->1772M(2762M) 4.446ms
[2026-09-05T21:22:05.042-0400][596.462s][info][gc,cpu      ] GC(265) User=0.00s Sys=0.00s Real=0.00s
[2026-09-05T21:22:05.288-0400][596.707s][info][gc,start    ] GC(266) Pause Young (Normal) (G1 Evacuation Pause)
[2026-09-05T21:22:05.288-0400][596.708s][info][gc,task     ] GC(266) Using 23 workers of 23 for evacuation
[2026-09-05T21:22:05.292-0400][596.713s][info][gc,phases   ] GC(266)   Pre Evacuate Collection Set: 0.23ms
[2026-09-05T21:22:05.292-0400][596.713s][info][gc,phases   ] GC(266)   Merge Heap Roots: 0.15ms
[2026-09-05T21:22:05.292-0400][596.713s][info][gc,phases   ] GC(266)   Evacuate Collection Set: 3.96ms
[2026-09-05T21:22:05.292-0400][596.713s][info][gc,phases   ] GC(266)   Post Evacuate Collection Set: 0.69ms
[2026-09-05T21:22:05.292-0400][596.713s][info][gc,phases   ] GC(266)   Other: 0.15ms
[2026-09-05T21:22:05.292-0400][596.713s][info][gc,heap     ] GC(266) Eden regions: 330->0(326)
[2026-09-05T21:22:05.292-0400][596.713s][info][gc,heap     ] GC(266) Survivor regions: 25->27(45)
[2026-09-05T21:22:05.292-0400][596.713s][info][gc,heap     ] GC(266) Old regions: 833->833
[2026-09-05T21:22:05.292-0400][596.713s][info][gc,heap     ] GC(266) Archive regions: 0->0
[2026-09-05T21:22:05.292-0400][596.713s][info][gc,heap     ] GC(266) Humongous regions: 29->29
[2026-09-05T21:22:05.292-0400][596.713s][info][gc,metaspace] GC(266) Metaspace: 153561K(156160K)->153561K(156160K) NonClass: 131716K(133120K)->131716K(133120K) Class: 21845K(23040K)->21845K(23040K)
[2026-09-05T21:22:05.292-0400][596.713s][info][gc          ] GC(266) Pause Young (Normal) (G1 Evacuation Pause) 2432M->1778M(2762M) 5.305ms
[2026-09-05T21:22:05.292-0400][596.713s][info][gc,cpu      ] GC(266) User=0.00s Sys=0.02s Real=0.00s
[2026-09-05T21:22:05.531-0400][596.951s][info][gc,start    ] GC(267) Pause Young (Normal) (G1 Evacuation Pause)
[2026-09-05T21:22:05.531-0400][596.951s][info][gc,task     ] GC(267) Using 23 workers of 23 for evacuation
[2026-09-05T21:22:05.536-0400][596.957s][info][gc,phases   ] GC(267)   Pre Evacuate Collection Set: 0.14ms
[2026-09-05T21:22:05.536-0400][596.957s][info][gc,phases   ] GC(267)   Merge Heap Roots: 0.18ms
[2026-09-05T21:22:05.536-0400][596.957s][info][gc,phases   ] GC(267)   Evacuate Collection Set: 4.54ms
[2026-09-05T21:22:05.536-0400][596.957s][info][gc,phases   ] GC(267)   Post Evacuate Collection Set: 0.64ms
[2026-09-05T21:22:05.536-0400][596.957s][info][gc,phases   ] GC(267)   Other: 0.15ms
[2026-09-05T21:22:05.536-0400][596.957s][info][gc,heap     ] GC(267) Eden regions: 326->0(322)
[2026-09-05T21:22:05.536-0400][596.957s][info][gc,heap     ] GC(267) Survivor regions: 27->27(45)
[2026-09-05T21:22:05.536-0400][596.957s][info][gc,heap     ] GC(267) Old regions: 833->837
[2026-09-05T21:22:05.536-0400][596.957s][info][gc,heap     ] GC(267) Archive regions: 0->0
[2026-09-05T21:22:05.536-0400][596.957s][info][gc,heap     ] GC(267) Humongous regions: 29->29
[2026-09-05T21:22:05.536-0400][596.957s][info][gc,metaspace] GC(267) Metaspace: 153591K(156224K)->153591K(156224K) NonClass: 131745K(133184K)->131745K(133184K) Class: 21845K(23040K)->21845K(23040K)
[2026-09-05T21:22:05.536-0400][596.957s][info][gc          ] GC(267) Pause Young (Normal) (G1 Evacuation Pause) 2430M->1783M(2762M) 5.834ms
[2026-09-05T21:22:05.536-0400][596.957s][info][gc,cpu      ] GC(267) User=0.00s Sys=0.00s Real=0.01s
[2026-09-05T21:22:05.930-0400][597.350s][info][gc,start    ] GC(268) Pause Young (Normal) (G1 Evacuation Pause)
[2026-09-05T21:22:05.930-0400][597.350s][info][gc,task     ] GC(268) Using 23 workers of 23 for evacuation
[2026-09-05T21:22:05.934-0400][597.355s][info][gc,phases   ] GC(268)   Pre Evacuate Collection Set: 0.20ms
[2026-09-05T21:22:05.934-0400][597.355s][info][gc,phases   ] GC(268)   Merge Heap Roots: 0.17ms
[2026-09-05T21:22:05.934-0400][597.355s][info][gc,phases   ] GC(268)   Evacuate Collection Set: 3.76ms
[2026-09-05T21:22:05.934-0400][597.355s][info][gc,phases   ] GC(268)   Post Evacuate Collection Set: 0.54ms
[2026-09-05T21:22:05.934-0400][597.355s][info][gc,phases   ] GC(268)   Other: 0.13ms
[2026-09-05T21:22:05.934-0400][597.355s][info][gc,heap     ] GC(268) Eden regions: 322->0(322)
[2026-09-05T21:22:05.934-0400][597.355s][info][gc,heap     ] GC(268) Survivor regions: 27->25(44)
[2026-09-05T21:22:05.934-0400][597.355s][info][gc,heap     ] GC(268) Old regions: 837->841
[2026-09-05T21:22:05.934-0400][597.355s][info][gc,heap     ] GC(268) Archive regions: 0->0
[2026-09-05T21:22:05.934-0400][597.355s][info][gc,heap     ] GC(268) Humongous regions: 29->29
[2026-09-05T21:22:05.934-0400][597.355s][info][gc,metaspace] GC(268) Metaspace: 153619K(156224K)->153619K(156224K) NonClass: 131768K(133184K)->131768K(133184K) Class: 21851K(23040K)->21851K(23040K)
[2026-09-05T21:22:05.934-0400][597.355s][info][gc          ] GC(268) Pause Young (Normal) (G1 Evacuation Pause) 2427M->1787M(2762M) 4.928ms
[2026-09-05T21:22:05.934-0400][597.355s][info][gc,cpu      ] GC(268) User=0.00s Sys=0.00s Real=0.00s
[2026-09-05T21:22:06.305-0400][597.725s][info][gc,start    ] GC(269) Pause Young (Normal) (G1 Evacuation Pause)
[2026-09-05T21:22:06.305-0400][597.725s][info][gc,task     ] GC(269) Using 23 workers of 23 for evacuation
[2026-09-05T21:22:06.310-0400][597.730s][info][gc,phases   ] GC(269)   Pre Evacuate Collection Set: 0.28ms
[2026-09-05T21:22:06.310-0400][597.730s][info][gc,phases   ] GC(269)   Merge Heap Roots: 0.20ms
[2026-09-05T21:22:06.310-0400][597.730s][info][gc,phases   ] GC(269)   Evacuate Collection Set: 3.99ms
[2026-09-05T21:22:06.310-0400][597.730s][info][gc,phases   ] GC(269)   Post Evacuate Collection Set: 0.70ms
[2026-09-05T21:22:06.310-0400][597.730s][info][gc,phases   ] GC(269)   Other: 0.17ms
[2026-09-05T21:22:06.310-0400][597.730s][info][gc,heap     ] GC(269) Eden regions: 322->0(320)
[2026-09-05T21:22:06.310-0400][597.730s][info][gc,heap     ] GC(269) Survivor regions: 25->26(44)
[2026-09-05T21:22:06.310-0400][597.730s][info][gc,heap     ] GC(269) Old regions: 841->841
[2026-09-05T21:22:06.310-0400][597.730s][info][gc,heap     ] GC(269) Archive regions: 0->0
[2026-09-05T21:22:06.310-0400][597.730s][info][gc,heap     ] GC(269) Humongous regions: 29->29
[2026-09-05T21:22:06.310-0400][597.730s][info][gc,metaspace] GC(269) Metaspace: 153626K(156224K)->153626K(156224K) NonClass: 131775K(133184K)->131775K(133184K) Class: 21851K(23040K)->21851K(23040K)
[2026-09-05T21:22:06.311-0400][597.730s][info][gc          ] GC(269) Pause Young (Normal) (G1 Evacuation Pause) 2431M->1790M(2762M) 5.479ms
[2026-09-05T21:22:06.311-0400][597.730s][info][gc,cpu      ] GC(269) User=0.00s Sys=0.00s Real=0.01s
[2026-09-05T21:22:06.709-0400][598.129s][info][gc,start    ] GC(270) Pause Young (Normal) (G1 Evacuation Pause)
[2026-09-05T21:22:06.709-0400][598.130s][info][gc,task     ] GC(270) Using 23 workers of 23 for evacuation
[2026-09-05T21:22:06.715-0400][598.135s][info][gc,phases   ] GC(270)   Pre Evacuate Collection Set: 0.18ms
[2026-09-05T21:22:06.715-0400][598.135s][info][gc,phases   ] GC(270)   Merge Heap Roots: 0.17ms
[2026-09-05T21:22:06.715-0400][598.135s][info][gc,phases   ] GC(270)   Evacuate Collection Set: 4.14ms
[2026-09-05T21:22:06.715-0400][598.135s][info][gc,phases   ] GC(270)   Post Evacuate Collection Set: 0.86ms
[2026-09-05T21:22:06.715-0400][598.135s][info][gc,phases   ] GC(270)   Other: 0.16ms
[2026-09-05T21:22:06.715-0400][598.135s][info][gc,heap     ] GC(270) Eden regions: 320->0(314)
[2026-09-05T21:22:06.715-0400][598.135s][info][gc,heap     ] GC(270) Survivor regions: 26->28(44)
[2026-09-05T21:22:06.715-0400][598.135s][info][gc,heap     ] GC(270) Old regions: 841->843
[2026-09-05T21:22:06.715-0400][598.135s][info][gc,heap     ] GC(270) Archive regions: 0->0
[2026-09-05T21:22:06.715-0400][598.135s][info][gc,heap     ] GC(270) Humongous regions: 29->29
[2026-09-05T21:22:06.715-0400][598.135s][info][gc,metaspace] GC(270) Metaspace: 153635K(156224K)->153635K(156224K) NonClass: 131782K(133184K)->131782K(133184K) Class: 21853K(23040K)->21853K(23040K)
[2026-09-05T21:22:06.715-0400][598.135s][info][gc          ] GC(270) Pause Young (Normal) (G1 Evacuation Pause) 2430M->1798M(2762M) 5.750ms
[2026-09-05T21:22:06.715-0400][598.135s][info][gc,cpu      ] GC(270) User=0.00s Sys=0.00s Real=0.01s
[2026-09-05T21:22:06.792-0400][598.212s][info][gc,start    ] GC(271) Pause Young (Normal) (G1 Evacuation Pause)
[2026-09-05T21:22:06.792-0400][598.212s][info][gc,task     ] GC(271) Using 23 workers of 23 for evacuation
[2026-09-05T21:22:06.798-0400][598.218s][info][gc,phases   ] GC(271)   Pre Evacuate Collection Set: 0.28ms
[2026-09-05T21:22:06.798-0400][598.218s][info][gc,phases   ] GC(271)   Merge Heap Roots: 0.18ms
[2026-09-05T21:22:06.798-0400][598.218s][info][gc,phases   ] GC(271)   Evacuate Collection Set: 4.80ms
[2026-09-05T21:22:06.798-0400][598.218s][info][gc,phases   ] GC(271)   Post Evacuate Collection Set: 0.61ms
[2026-09-05T21:22:06.798-0400][598.218s][info][gc,phases   ] GC(271)   Other: 0.19ms
[2026-09-05T21:22:06.798-0400][598.218s][info][gc,heap     ] GC(271) Eden regions: 314->0(314)
[2026-09-05T21:22:06.798-0400][598.218s][info][gc,heap     ] GC(271) Survivor regions: 28->25(43)
[2026-09-05T21:22:06.798-0400][598.218s][info][gc,heap     ] GC(271) Old regions: 843->849
[2026-09-05T21:22:06.798-0400][598.218s][info][gc,heap     ] GC(271) Archive regions: 0->0
[2026-09-05T21:22:06.798-0400][598.218s][info][gc,heap     ] GC(271) Humongous regions: 29->29
[2026-09-05T21:22:06.798-0400][598.218s][info][gc,metaspace] GC(271) Metaspace: 153649K(156288K)->153649K(156288K) NonClass: 131795K(133248K)->131795K(133248K) Class: 21853K(23040K)->21853K(23040K)
[2026-09-05T21:22:06.798-0400][598.218s][info][gc          ] GC(271) Pause Young (Normal) (G1 Evacuation Pause) 2426M->1804M(2762M) 6.157ms
[2026-09-05T21:22:06.798-0400][598.218s][info][gc,cpu      ] GC(271) User=0.00s Sys=0.00s Real=0.01s
[2026-09-05T21:22:07.029-0400][598.449s][info][gc,start    ] GC(272) Pause Young (Normal) (G1 Evacuation Pause)
[2026-09-05T21:22:07.029-0400][598.449s][info][gc,task     ] GC(272) Using 23 workers of 23 for evacuation
[2026-09-05T21:22:07.033-0400][598.453s][info][gc,phases   ] GC(272)   Pre Evacuate Collection Set: 0.16ms
[2026-09-05T21:22:07.033-0400][598.453s][info][gc,phases   ] GC(272)   Merge Heap Roots: 0.15ms
[2026-09-05T21:22:07.033-0400][598.453s][info][gc,phases   ] GC(272)   Evacuate Collection Set: 3.38ms
[2026-09-05T21:22:07.033-0400][598.453s][info][gc,phases   ] GC(272)   Post Evacuate Collection Set: 0.55ms
[2026-09-05T21:22:07.033-0400][598.453s][info][gc,phases   ] GC(272)   Other: 0.14ms
[2026-09-05T21:22:07.033-0400][598.453s][info][gc,heap     ] GC(272) Eden regions: 314->0(314)
[2026-09-05T21:22:07.033-0400][598.453s][info][gc,heap     ] GC(272) Survivor regions: 25->24(43)
[2026-09-05T21:22:07.033-0400][598.453s][info][gc,heap     ] GC(272) Old regions: 849->851
[2026-09-05T21:22:07.033-0400][598.453s][info][gc,heap     ] GC(272) Archive regions: 0->0
[2026-09-05T21:22:07.033-0400][598.453s][info][gc,heap     ] GC(272) Humongous regions: 29->29
[2026-09-05T21:22:07.033-0400][598.453s][info][gc,metaspace] GC(272) Metaspace: 153651K(156288K)->153651K(156288K) NonClass: 131798K(133248K)->131798K(133248K) Class: 21853K(23040K)->21853K(23040K)
[2026-09-05T21:22:07.033-0400][598.453s][info][gc          ] GC(272) Pause Young (Normal) (G1 Evacuation Pause) 2432M->1806M(2762M) 4.520ms
[2026-09-05T21:22:07.033-0400][598.453s][info][gc,cpu      ] GC(272) User=0.00s Sys=0.00s Real=0.00s
[2026-09-05T21:22:07.357-0400][598.777s][info][gc,start    ] GC(273) Pause Young (Normal) (G1 Evacuation Pause)
[2026-09-05T21:22:07.357-0400][598.777s][info][gc,task     ] GC(273) Using 23 workers of 23 for evacuation
[2026-09-05T21:22:07.363-0400][598.783s][info][gc,phases   ] GC(273)   Pre Evacuate Collection Set: 0.18ms
[2026-09-05T21:22:07.363-0400][598.783s][info][gc,phases   ] GC(273)   Merge Heap Roots: 0.20ms
[2026-09-05T21:22:07.363-0400][598.783s][info][gc,phases   ] GC(273)   Evacuate Collection Set: 4.90ms
[2026-09-05T21:22:07.363-0400][598.783s][info][gc,phases   ] GC(273)   Post Evacuate Collection Set: 0.98ms
[2026-09-05T21:22:07.363-0400][598.783s][info][gc,phases   ] GC(273)   Other: 0.20ms
[2026-09-05T21:22:07.363-0400][598.783s][info][gc,heap     ] GC(273) Eden regions: 314->0(308)
[2026-09-05T21:22:07.363-0400][598.783s][info][gc,heap     ] GC(273) Survivor regions: 24->27(43)
[2026-09-05T21:22:07.363-0400][598.783s][info][gc,heap     ] GC(273) Old regions: 851->851
[2026-09-05T21:22:07.363-0400][598.783s][info][gc,heap     ] GC(273) Archive regions: 0->0
[2026-09-05T21:22:07.363-0400][598.783s][info][gc,heap     ] GC(273) Humongous regions: 29->29
[2026-09-05T21:22:07.363-0400][598.783s][info][gc,metaspace] GC(273) Metaspace: 153653K(156288K)->153653K(156288K) NonClass: 131799K(133248K)->131799K(133248K) Class: 21853K(23040K)->21853K(23040K)
[2026-09-05T21:22:07.363-0400][598.783s][info][gc          ] GC(273) Pause Young (Normal) (G1 Evacuation Pause) 2434M->1811M(2762M) 6.585ms
[2026-09-05T21:22:07.363-0400][598.783s][info][gc,cpu      ] GC(273) User=0.00s Sys=0.00s Real=0.01s
[2026-09-05T21:22:07.582-0400][599.003s][info][gc,start    ] GC(274) Pause Young (Normal) (G1 Evacuation Pause)
[2026-09-05T21:22:07.582-0400][599.003s][info][gc,task     ] GC(274) Using 23 workers of 23 for evacuation
[2026-09-05T21:22:07.589-0400][599.008s][info][gc,phases   ] GC(274)   Pre Evacuate Collection Set: 0.31ms
[2026-09-05T21:22:07.589-0400][599.008s][info][gc,phases   ] GC(274)   Merge Heap Roots: 0.21ms
[2026-09-05T21:22:07.589-0400][599.008s][info][gc,phases   ] GC(274)   Evacuate Collection Set: 4.12ms
[2026-09-05T21:22:07.589-0400][599.008s][info][gc,phases   ] GC(274)   Post Evacuate Collection Set: 0.89ms
[2026-09-05T21:22:07.589-0400][599.008s][info][gc,phases   ] GC(274)   Other: 0.31ms
[2026-09-05T21:22:07.589-0400][599.008s][info][gc,heap     ] GC(274) Eden regions: 308->0(310)
[2026-09-05T21:22:07.589-0400][599.008s][info][gc,heap     ] GC(274) Survivor regions: 27->24(42)
[2026-09-05T21:22:07.589-0400][599.008s][info][gc,heap     ] GC(274) Old regions: 851->855
[2026-09-05T21:22:07.589-0400][599.008s][info][gc,heap     ] GC(274) Archive regions: 0->0
[2026-09-05T21:22:07.589-0400][599.008s][info][gc,heap     ] GC(274) Humongous regions: 29->29
[2026-09-05T21:22:07.589-0400][599.008s][info][gc,metaspace] GC(274) Metaspace: 153654K(156288K)->153654K(156288K) NonClass: 131800K(133248K)->131800K(133248K) Class: 21853K(23040K)->21853K(23040K)
[2026-09-05T21:22:07.589-0400][599.009s][info][gc          ] GC(274) Pause Young (Normal) (G1 Evacuation Pause) 2427M->1812M(2762M) 6.015ms
[2026-09-05T21:22:07.589-0400][599.009s][info][gc,cpu      ] GC(274) User=0.36s Sys=0.00s Real=0.01s
[2026-09-05T21:22:07.925-0400][599.345s][info][gc,start    ] GC(275) Pause Young (Normal) (G1 Evacuation Pause)
[2026-09-05T21:22:07.925-0400][599.345s][info][gc,task     ] GC(275) Using 23 workers of 23 for evacuation
[2026-09-05T21:22:07.931-0400][599.350s][info][gc,phases   ] GC(275)   Pre Evacuate Collection Set: 0.23ms
[2026-09-05T21:22:07.931-0400][599.351s][info][gc,phases   ] GC(275)   Merge Heap Roots: 0.17ms
[2026-09-05T21:22:07.931-0400][599.351s][info][gc,phases   ] GC(275)   Evacuate Collection Set: 4.43ms
[2026-09-05T21:22:07.931-0400][599.351s][info][gc,phases   ] GC(275)   Post Evacuate Collection Set: 0.58ms
[2026-09-05T21:22:07.931-0400][599.351s][info][gc,phases   ] GC(275)   Other: 0.21ms
[2026-09-05T21:22:07.931-0400][599.351s][info][gc,heap     ] GC(275) Eden regions: 310->0(304)
[2026-09-05T21:22:07.931-0400][599.351s][info][gc,heap     ] GC(275) Survivor regions: 24->26(42)
[2026-09-05T21:22:07.931-0400][599.351s][info][gc,heap     ] GC(275) Old regions: 855->857
[2026-09-05T21:22:07.931-0400][599.351s][info][gc,heap     ] GC(275) Archive regions: 0->0
[2026-09-05T21:22:07.931-0400][599.351s][info][gc,heap     ] GC(275) Humongous regions: 29->29
[2026-09-05T21:22:07.931-0400][599.351s][info][gc,metaspace] GC(275) Metaspace: 153659K(156288K)->153659K(156288K) NonClass: 131805K(133248K)->131805K(133248K) Class: 21853K(23040K)->21853K(23040K)
[2026-09-05T21:22:07.931-0400][599.351s][info][gc          ] GC(275) Pause Young (Normal) (G1 Evacuation Pause) 2432M->1821M(2762M) 5.716ms
[2026-09-05T21:22:07.931-0400][599.351s][info][gc,cpu      ] GC(275) User=0.38s Sys=0.00s Real=0.01s
[2026-09-05T21:22:08.006-0400][599.426s][info][gc,start    ] GC(276) Pause Young (Normal) (G1 Evacuation Pause)
[2026-09-05T21:22:08.007-0400][599.426s][info][gc,task     ] GC(276) Using 23 workers of 23 for evacuation
[2026-09-05T21:22:08.011-0400][599.432s][info][gc,phases   ] GC(276)   Pre Evacuate Collection Set: 0.18ms
[2026-09-05T21:22:08.011-0400][599.432s][info][gc,phases   ] GC(276)   Merge Heap Roots: 0.18ms
[2026-09-05T21:22:08.011-0400][599.432s][info][gc,phases   ] GC(276)   Evacuate Collection Set: 4.31ms
[2026-09-05T21:22:08.011-0400][599.432s][info][gc,phases   ] GC(276)   Post Evacuate Collection Set: 0.51ms
[2026-09-05T21:22:08.011-0400][599.432s][info][gc,phases   ] GC(276)   Other: 0.22ms
[2026-09-05T21:22:08.011-0400][599.432s][info][gc,heap     ] GC(276) Eden regions: 304->0(307)
[2026-09-05T21:22:08.011-0400][599.432s][info][gc,heap     ] GC(276) Survivor regions: 26->22(42)
[2026-09-05T21:22:08.012-0400][599.432s][info][gc,heap     ] GC(276) Old regions: 857->862
[2026-09-05T21:22:08.012-0400][599.432s][info][gc,heap     ] GC(276) Archive regions: 0->0
[2026-09-05T21:22:08.012-0400][599.432s][info][gc,heap     ] GC(276) Humongous regions: 29->29
[2026-09-05T21:22:08.012-0400][599.432s][info][gc,metaspace] GC(276) Metaspace: 153660K(156288K)->153660K(156288K) NonClass: 131807K(133248K)->131807K(133248K) Class: 21853K(23040K)->21853K(23040K)
[2026-09-05T21:22:08.012-0400][599.432s][info][gc          ] GC(276) Pause Young (Normal) (G1 Evacuation Pause) 2429M->1823M(2762M) 5.616ms
[2026-09-05T21:22:08.012-0400][599.432s][info][gc,cpu      ] GC(276) User=0.00s Sys=0.00s Real=0.01s
[2026-09-05T21:22:08.474-0400][599.894s][info][gc,start    ] GC(277) Pause Young (Normal) (G1 Evacuation Pause)
[2026-09-05T21:22:08.474-0400][599.894s][info][gc,task     ] GC(277) Using 23 workers of 23 for evacuation
[2026-09-05T21:22:08.479-0400][599.899s][info][gc,phases   ] GC(277)   Pre Evacuate Collection Set: 0.14ms
[2026-09-05T21:22:08.479-0400][599.899s][info][gc,phases   ] GC(277)   Merge Heap Roots: 0.12ms
[2026-09-05T21:22:08.479-0400][599.899s][info][gc,phases   ] GC(277)   Evacuate Collection Set: 3.60ms
[2026-09-05T21:22:08.479-0400][599.899s][info][gc,phases   ] GC(277)   Post Evacuate Collection Set: 0.70ms
[2026-09-05T21:22:08.479-0400][599.899s][info][gc,phases   ] GC(277)   Other: 0.18ms
[2026-09-05T21:22:08.479-0400][599.899s][info][gc,heap     ] GC(277) Eden regions: 307->0(305)
[2026-09-05T21:22:08.479-0400][599.899s][info][gc,heap     ] GC(277) Survivor regions: 22->23(42)
[2026-09-05T21:22:08.479-0400][599.899s][info][gc,heap     ] GC(277) Old regions: 862->862
[2026-09-05T21:22:08.479-0400][599.899s][info][gc,heap     ] GC(277) Archive regions: 0->0
[2026-09-05T21:22:08.479-0400][599.899s][info][gc,heap     ] GC(277) Humongous regions: 29->29
[2026-09-05T21:22:08.479-0400][599.899s][info][gc,metaspace] GC(277) Metaspace: 153674K(156288K)->153674K(156288K) NonClass: 131820K(133248K)->131820K(133248K) Class: 21854K(23040K)->21854K(23040K)
[2026-09-05T21:22:08.479-0400][599.899s][info][gc          ] GC(277) Pause Young (Normal) (G1 Evacuation Pause) 2437M->1825M(2762M) 4.932ms
[2026-09-05T21:22:08.479-0400][599.899s][info][gc,cpu      ] GC(277) User=0.00s Sys=0.02s Real=0.01s
[2026-09-05T21:22:09.027-0400][600.447s][info][gc,start    ] GC(278) Pause Young (Normal) (G1 Evacuation Pause)
[2026-09-05T21:22:09.027-0400][600.447s][info][gc,task     ] GC(278) Using 23 workers of 23 for evacuation
[2026-09-05T21:22:09.032-0400][600.453s][info][gc,phases   ] GC(278)   Pre Evacuate Collection Set: 0.15ms
[2026-09-05T21:22:09.032-0400][600.453s][info][gc,phases   ] GC(278)   Merge Heap Roots: 0.24ms
[2026-09-05T21:22:09.032-0400][600.453s][info][gc,phases   ] GC(278)   Evacuate Collection Set: 4.12ms
[2026-09-05T21:22:09.032-0400][600.453s][info][gc,phases   ] GC(278)   Post Evacuate Collection Set: 0.78ms
[2026-09-05T21:22:09.033-0400][600.453s][info][gc,phases   ] GC(278)   Other: 0.26ms
[2026-09-05T21:22:09.033-0400][600.453s][info][gc,heap     ] GC(278) Eden regions: 305->0(303)
[2026-09-05T21:22:09.033-0400][600.453s][info][gc,heap     ] GC(278) Survivor regions: 23->23(41)
[2026-09-05T21:22:09.033-0400][600.453s][info][gc,heap     ] GC(278) Old regions: 862->864
[2026-09-05T21:22:09.033-0400][600.453s][info][gc,heap     ] GC(278) Archive regions: 0->0
[2026-09-05T21:22:09.033-0400][600.453s][info][gc,heap     ] GC(278) Humongous regions: 29->29
[2026-09-05T21:22:09.033-0400][600.453s][info][gc,metaspace] GC(278) Metaspace: 153685K(156288K)->153685K(156288K) NonClass: 131831K(133248K)->131831K(133248K) Class: 21854K(23040K)->21854K(23040K)
[2026-09-05T21:22:09.033-0400][600.453s][info][gc          ] GC(278) Pause Young (Normal) (G1 Evacuation Pause) 2435M->1831M(2762M) 5.807ms
[2026-09-05T21:22:09.033-0400][600.453s][info][gc,cpu      ] GC(278) User=0.00s Sys=0.00s Real=0.01s
[2026-09-05T21:22:09.377-0400][600.797s][info][gc,start    ] GC(279) Pause Young (Normal) (G1 Evacuation Pause)
[2026-09-05T21:22:09.377-0400][600.797s][info][gc,task     ] GC(279) Using 23 workers of 23 for evacuation
[2026-09-05T21:22:09.382-0400][600.802s][info][gc,phases   ] GC(279)   Pre Evacuate Collection Set: 0.19ms
[2026-09-05T21:22:09.382-0400][600.802s][info][gc,phases   ] GC(279)   Merge Heap Roots: 0.13ms
[2026-09-05T21:22:09.382-0400][600.802s][info][gc,phases   ] GC(279)   Evacuate Collection Set: 3.64ms
[2026-09-05T21:22:09.382-0400][600.802s][info][gc,phases   ] GC(279)   Post Evacuate Collection Set: 0.76ms
[2026-09-05T21:22:09.382-0400][600.802s][info][gc,phases   ] GC(279)   Other: 0.22ms
[2026-09-05T21:22:09.382-0400][600.802s][info][gc,heap     ] GC(279) Eden regions: 303->0(302)
[2026-09-05T21:22:09.382-0400][600.802s][info][gc,heap     ] GC(279) Survivor regions: 23->22(41)
[2026-09-05T21:22:09.382-0400][600.802s][info][gc,heap     ] GC(279) Old regions: 864->867
[2026-09-05T21:22:09.382-0400][600.802s][info][gc,heap     ] GC(279) Archive regions: 0->0
[2026-09-05T21:22:09.382-0400][600.802s][info][gc,heap     ] GC(279) Humongous regions: 29->29
[2026-09-05T21:22:09.382-0400][600.802s][info][gc,metaspace] GC(279) Metaspace: 153693K(156288K)->153693K(156288K) NonClass: 131839K(133248K)->131839K(133248K) Class: 21854K(23040K)->21854K(23040K)
[2026-09-05T21:22:09.382-0400][600.802s][info][gc          ] GC(279) Pause Young (Normal) (G1 Evacuation Pause) 2437M->1834M(2762M) 5.061ms
[2026-09-05T21:22:09.382-0400][600.802s][info][gc,cpu      ] GC(279) User=0.28s Sys=0.02s Real=0.00s
[2026-09-05T21:22:09.701-0400][601.122s][info][gc,start    ] GC(280) Pause Young (Normal) (G1 Evacuation Pause)
[2026-09-05T21:22:09.701-0400][601.122s][info][gc,task     ] GC(280) Using 23 workers of 23 for evacuation
[2026-09-05T21:22:09.708-0400][601.128s][info][gc,phases   ] GC(280)   Pre Evacuate Collection Set: 0.19ms
[2026-09-05T21:22:09.708-0400][601.128s][info][gc,phases   ] GC(280)   Merge Heap Roots: 0.15ms
[2026-09-05T21:22:09.708-0400][601.128s][info][gc,phases   ] GC(280)   Evacuate Collection Set: 5.18ms
[2026-09-05T21:22:09.708-0400][601.128s][info][gc,phases   ] GC(280)   Post Evacuate Collection Set: 0.74ms
[2026-09-05T21:22:09.708-0400][601.128s][info][gc,phases   ] GC(280)   Other: 0.16ms
[2026-09-05T21:22:09.708-0400][601.128s][info][gc,heap     ] GC(280) Eden regions: 302->0(288)
[2026-09-05T21:22:09.708-0400][601.128s][info][gc,heap     ] GC(280) Survivor regions: 22->29(41)
[2026-09-05T21:22:09.708-0400][601.128s][info][gc,heap     ] GC(280) Old regions: 867->867
[2026-09-05T21:22:09.708-0400][601.128s][info][gc,heap     ] GC(280) Archive regions: 0->0
[2026-09-05T21:22:09.708-0400][601.128s][info][gc,heap     ] GC(280) Humongous regions: 29->29
[2026-09-05T21:22:09.708-0400][601.128s][info][gc,metaspace] GC(280) Metaspace: 153900K(156480K)->153900K(156480K) NonClass: 132016K(133440K)->132016K(133440K) Class: 21883K(23040K)->21883K(23040K)
[2026-09-05T21:22:09.708-0400][601.128s][info][gc          ] GC(280) Pause Young (Normal) (G1 Evacuation Pause) 2438M->1848M(2762M) 6.562ms
[2026-09-05T21:22:09.708-0400][601.128s][info][gc,cpu      ] GC(280) User=0.00s Sys=0.00s Real=0.01s
[2026-09-05T21:22:10.077-0400][601.497s][info][gc,start    ] GC(281) Pause Young (Normal) (G1 Evacuation Pause)
[2026-09-05T21:22:10.077-0400][601.497s][info][gc,task     ] GC(281) Using 23 workers of 23 for evacuation
[2026-09-05T21:22:10.082-0400][601.502s][info][gc,phases   ] GC(281)   Pre Evacuate Collection Set: 0.22ms
[2026-09-05T21:22:10.082-0400][601.502s][info][gc,phases   ] GC(281)   Merge Heap Roots: 0.20ms
[2026-09-05T21:22:10.082-0400][601.502s][info][gc,phases   ] GC(281)   Evacuate Collection Set: 3.97ms
[2026-09-05T21:22:10.082-0400][601.502s][info][gc,phases   ] GC(281)   Post Evacuate Collection Set: 0.67ms
[2026-09-05T21:22:10.082-0400][601.502s][info][gc,phases   ] GC(281)   Other: 0.16ms
[2026-09-05T21:22:10.082-0400][601.502s][info][gc,heap     ] GC(281) Eden regions: 288->0(293)
[2026-09-05T21:22:10.082-0400][601.502s][info][gc,heap     ] GC(281) Survivor regions: 29->23(40)
[2026-09-05T21:22:10.082-0400][601.502s][info][gc,heap     ] GC(281) Old regions: 867->874
[2026-09-05T21:22:10.082-0400][601.502s][info][gc,heap     ] GC(281) Archive regions: 0->0
[2026-09-05T21:22:10.082-0400][601.502s][info][gc,heap     ] GC(281) Humongous regions: 29->29
[2026-09-05T21:22:10.082-0400][601.502s][info][gc,metaspace] GC(281) Metaspace: 153915K(156480K)->153915K(156480K) NonClass: 132031K(133440K)->132031K(133440K) Class: 21883K(23040K)->21883K(23040K)
[2026-09-05T21:22:10.082-0400][601.502s][info][gc          ] GC(281) Pause Young (Normal) (G1 Evacuation Pause) 2424M->1850M(2762M) 5.318ms
[2026-09-05T21:22:10.082-0400][601.502s][info][gc,cpu      ] GC(281) User=0.00s Sys=0.00s Real=0.01s
[2026-09-05T21:22:10.565-0400][601.986s][info][gc,start    ] GC(282) Pause Young (Normal) (G1 Evacuation Pause)
[2026-09-05T21:22:10.566-0400][601.986s][info][gc,task     ] GC(282) Using 23 workers of 23 for evacuation
[2026-09-05T21:22:10.571-0400][601.991s][info][gc,phases   ] GC(282)   Pre Evacuate Collection Set: 0.16ms
[2026-09-05T21:22:10.571-0400][601.991s][info][gc,phases   ] GC(282)   Merge Heap Roots: 0.33ms
[2026-09-05T21:22:10.571-0400][601.991s][info][gc,phases   ] GC(282)   Evacuate Collection Set: 3.42ms
[2026-09-05T21:22:10.571-0400][601.991s][info][gc,phases   ] GC(282)   Post Evacuate Collection Set: 0.62ms
[2026-09-05T21:22:10.571-0400][601.991s][info][gc,phases   ] GC(282)   Other: 0.16ms
[2026-09-05T21:22:10.571-0400][601.991s][info][gc,heap     ] GC(282) Eden regions: 293->0(293)
[2026-09-05T21:22:10.571-0400][601.991s][info][gc,heap     ] GC(282) Survivor regions: 23->23(40)
[2026-09-05T21:22:10.571-0400][601.991s][info][gc,heap     ] GC(282) Old regions: 874->874
[2026-09-05T21:22:10.571-0400][601.991s][info][gc,heap     ] GC(282) Archive regions: 0->0
[2026-09-05T21:22:10.571-0400][601.991s][info][gc,heap     ] GC(282) Humongous regions: 29->29
[2026-09-05T21:22:10.571-0400][601.991s][info][gc,metaspace] GC(282) Metaspace: 153917K(156480K)->153917K(156480K) NonClass: 132033K(133440K)->132033K(133440K) Class: 21883K(23040K)->21883K(23040K)
[2026-09-05T21:22:10.571-0400][601.991s][info][gc          ] GC(282) Pause Young (Normal) (G1 Evacuation Pause) 2436M->1849M(2762M) 4.900ms
[2026-09-05T21:22:10.571-0400][601.991s][info][gc,cpu      ] GC(282) User=0.36s Sys=0.02s Real=0.01s
[2026-09-05T21:22:10.811-0400][602.231s][info][gc,start    ] GC(283) Pause Young (Normal) (G1 Evacuation Pause)
[2026-09-05T21:22:10.811-0400][602.231s][info][gc,task     ] GC(283) Using 23 workers of 23 for evacuation
[2026-09-05T21:22:10.816-0400][602.236s][info][gc,phases   ] GC(283)   Pre Evacuate Collection Set: 0.17ms
[2026-09-05T21:22:10.816-0400][602.236s][info][gc,phases   ] GC(283)   Merge Heap Roots: 0.18ms
[2026-09-05T21:22:10.816-0400][602.236s][info][gc,phases   ] GC(283)   Evacuate Collection Set: 4.05ms
[2026-09-05T21:22:10.816-0400][602.236s][info][gc,phases   ] GC(283)   Post Evacuate Collection Set: 0.62ms
[2026-09-05T21:22:10.816-0400][602.236s][info][gc,phases   ] GC(283)   Other: 0.22ms
[2026-09-05T21:22:10.816-0400][602.236s][info][gc,heap     ] GC(283) Eden regions: 293->0(294)
[2026-09-05T21:22:10.816-0400][602.236s][info][gc,heap     ] GC(283) Survivor regions: 23->21(40)
[2026-09-05T21:22:10.816-0400][602.236s][info][gc,heap     ] GC(283) Old regions: 874->877
[2026-09-05T21:22:10.816-0400][602.236s][info][gc,heap     ] GC(283) Archive regions: 0->0
[2026-09-05T21:22:10.816-0400][602.236s][info][gc,heap     ] GC(283) Humongous regions: 29->29
[2026-09-05T21:22:10.816-0400][602.236s][info][gc,metaspace] GC(283) Metaspace: 153918K(156480K)->153918K(156480K) NonClass: 132034K(133440K)->132034K(133440K) Class: 21883K(23040K)->21883K(23040K)
[2026-09-05T21:22:10.816-0400][602.236s][info][gc          ] GC(283) Pause Young (Normal) (G1 Evacuation Pause) 2435M->1852M(2762M) 5.312ms
[2026-09-05T21:22:10.816-0400][602.236s][info][gc,cpu      ] GC(283) User=0.00s Sys=0.00s Real=0.00s
[2026-09-05T21:22:10.893-0400][602.313s][info][gc,start    ] GC(284) Pause Young (Normal) (G1 Evacuation Pause)
[2026-09-05T21:22:10.893-0400][602.313s][info][gc,task     ] GC(284) Using 23 workers of 23 for evacuation
[2026-09-05T21:22:10.898-0400][602.318s][info][gc,phases   ] GC(284)   Pre Evacuate Collection Set: 0.13ms
[2026-09-05T21:22:10.898-0400][602.318s][info][gc,phases   ] GC(284)   Merge Heap Roots: 0.15ms
[2026-09-05T21:22:10.898-0400][602.318s][info][gc,phases   ] GC(284)   Evacuate Collection Set: 4.19ms
[2026-09-05T21:22:10.898-0400][602.318s][info][gc,phases   ] GC(284)   Post Evacuate Collection Set: 0.53ms
[2026-09-05T21:22:10.898-0400][602.318s][info][gc,phases   ] GC(284)   Other: 0.19ms
[2026-09-05T21:22:10.898-0400][602.318s][info][gc,heap     ] GC(284) Eden regions: 294->0(290)
[2026-09-05T21:22:10.898-0400][602.318s][info][gc,heap     ] GC(284) Survivor regions: 21->23(40)
[2026-09-05T21:22:10.898-0400][602.318s][info][gc,heap     ] GC(284) Old regions: 877->877
[2026-09-05T21:22:10.898-0400][602.318s][info][gc,heap     ] GC(284) Archive regions: 0->0
[2026-09-05T21:22:10.898-0400][602.318s][info][gc,heap     ] GC(284) Humongous regions: 29->29
[2026-09-05T21:22:10.898-0400][602.318s][info][gc,metaspace] GC(284) Metaspace: 153918K(156480K)->153918K(156480K) NonClass: 132034K(133440K)->132034K(133440K) Class: 21883K(23040K)->21883K(23040K)
[2026-09-05T21:22:10.898-0400][602.318s][info][gc          ] GC(284) Pause Young (Normal) (G1 Evacuation Pause) 2440M->1855M(2762M) 5.302ms
[2026-09-05T21:22:10.898-0400][602.318s][info][gc,cpu      ] GC(284) User=0.34s Sys=0.00s Real=0.01s
[2026-09-05T21:22:11.128-0400][602.548s][info][gc,start    ] GC(285) Pause Young (Normal) (G1 Evacuation Pause)
[2026-09-05T21:22:11.128-0400][602.548s][info][gc,task     ] GC(285) Using 23 workers of 23 for evacuation
[2026-09-05T21:22:11.132-0400][602.552s][info][gc,phases   ] GC(285)   Pre Evacuate Collection Set: 0.16ms
[2026-09-05T21:22:11.132-0400][602.552s][info][gc,phases   ] GC(285)   Merge Heap Roots: 0.16ms
[2026-09-05T21:22:11.132-0400][602.552s][info][gc,phases   ] GC(285)   Evacuate Collection Set: 3.25ms
[2026-09-05T21:22:11.132-0400][602.552s][info][gc,phases   ] GC(285)   Post Evacuate Collection Set: 0.71ms
[2026-09-05T21:22:11.132-0400][602.552s][info][gc,phases   ] GC(285)   Other: 0.12ms
[2026-09-05T21:22:11.132-0400][602.552s][info][gc,heap     ] GC(285) Eden regions: 290->0(290)
[2026-09-05T21:22:11.132-0400][602.552s][info][gc,heap     ] GC(285) Survivor regions: 23->22(40)
[2026-09-05T21:22:11.132-0400][602.552s][info][gc,heap     ] GC(285) Old regions: 877->879
[2026-09-05T21:22:11.132-0400][602.552s][info][gc,heap     ] GC(285) Archive regions: 0->0
[2026-09-05T21:22:11.132-0400][602.552s][info][gc,heap     ] GC(285) Humongous regions: 29->29
[2026-09-05T21:22:11.132-0400][602.552s][info][gc,metaspace] GC(285) Metaspace: 153927K(156480K)->153927K(156480K) NonClass: 132043K(133440K)->132043K(133440K) Class: 21883K(23040K)->21883K(23040K)
[2026-09-05T21:22:11.132-0400][602.552s][info][gc          ] GC(285) Pause Young (Normal) (G1 Evacuation Pause) 2435M->1858M(2762M) 4.529ms
[2026-09-05T21:22:11.132-0400][602.552s][info][gc,cpu      ] GC(285) User=0.36s Sys=0.00s Real=0.00s
[2026-09-05T21:22:11.607-0400][603.028s][info][gc,start    ] GC(286) Pause Young (Normal) (GCLocker Initiated GC)
[2026-09-05T21:22:11.607-0400][603.028s][info][gc,task     ] GC(286) Using 23 workers of 23 for evacuation
[2026-09-05T21:22:11.612-0400][603.032s][info][gc,phases   ] GC(286)   Pre Evacuate Collection Set: 0.17ms
[2026-09-05T21:22:11.612-0400][603.032s][info][gc,phases   ] GC(286)   Merge Heap Roots: 0.19ms
[2026-09-05T21:22:11.612-0400][603.032s][info][gc,phases   ] GC(286)   Evacuate Collection Set: 3.47ms
[2026-09-05T21:22:11.612-0400][603.032s][info][gc,phases   ] GC(286)   Post Evacuate Collection Set: 0.56ms
[2026-09-05T21:22:11.612-0400][603.032s][info][gc,phases   ] GC(286)   Other: 0.15ms
[2026-09-05T21:22:11.612-0400][603.032s][info][gc,heap     ] GC(286) Eden regions: 290->0(288)
[2026-09-05T21:22:11.612-0400][603.032s][info][gc,heap     ] GC(286) Survivor regions: 22->23(39)
[2026-09-05T21:22:11.612-0400][603.032s][info][gc,heap     ] GC(286) Old regions: 879->879
[2026-09-05T21:22:11.612-0400][603.032s][info][gc,heap     ] GC(286) Archive regions: 0->0
[2026-09-05T21:22:11.612-0400][603.032s][info][gc,heap     ] GC(286) Humongous regions: 29->29
[2026-09-05T21:22:11.612-0400][603.032s][info][gc,metaspace] GC(286) Metaspace: 153934K(156480K)->153934K(156480K) NonClass: 132050K(133440K)->132050K(133440K) Class: 21883K(23040K)->21883K(23040K)
[2026-09-05T21:22:11.612-0400][603.032s][info][gc          ] GC(286) Pause Young (Normal) (GCLocker Initiated GC) 2438M->1859M(2762M) 4.656ms
[2026-09-05T21:22:11.612-0400][603.032s][info][gc,cpu      ] GC(286) User=0.00s Sys=0.00s Real=0.00s
[2026-09-05T21:22:11.833-0400][603.253s][info][gc,start    ] GC(287) Pause Young (Normal) (G1 Evacuation Pause)
[2026-09-05T21:22:11.833-0400][603.254s][info][gc,task     ] GC(287) Using 23 workers of 23 for evacuation
[2026-09-05T21:22:11.839-0400][603.259s][info][gc,phases   ] GC(287)   Pre Evacuate Collection Set: 0.23ms
[2026-09-05T21:22:11.839-0400][603.259s][info][gc,phases   ] GC(287)   Merge Heap Roots: 0.17ms
[2026-09-05T21:22:11.839-0400][603.259s][info][gc,phases   ] GC(287)   Evacuate Collection Set: 3.90ms
[2026-09-05T21:22:11.839-0400][603.259s][info][gc,phases   ] GC(287)   Post Evacuate Collection Set: 0.74ms
[2026-09-05T21:22:11.839-0400][603.259s][info][gc,phases   ] GC(287)   Other: 0.19ms
[2026-09-05T21:22:11.839-0400][603.259s][info][gc,heap     ] GC(287) Eden regions: 288->0(286)
[2026-09-05T21:22:11.839-0400][603.259s][info][gc,heap     ] GC(287) Survivor regions: 23->23(39)
[2026-09-05T21:22:11.839-0400][603.259s][info][gc,heap     ] GC(287) Old regions: 879->881
[2026-09-05T21:22:11.839-0400][603.259s][info][gc,heap     ] GC(287) Archive regions: 0->0
[2026-09-05T21:22:11.839-0400][603.259s][info][gc,heap     ] GC(287) Humongous regions: 29->29
[2026-09-05T21:22:11.839-0400][603.259s][info][gc,metaspace] GC(287) Metaspace: 153937K(156544K)->153937K(156544K) NonClass: 132053K(133504K)->132053K(133504K) Class: 21884K(23040K)->21884K(23040K)
[2026-09-05T21:22:11.839-0400][603.259s][info][gc          ] GC(287) Pause Young (Normal) (G1 Evacuation Pause) 2435M->1862M(2762M) 5.318ms
[2026-09-05T21:22:11.839-0400][603.259s][info][gc,cpu      ] GC(287) User=0.19s Sys=0.02s Real=0.01s
[2026-09-05T21:22:11.943-0400][603.363s][info][gc,start    ] GC(288) Pause Young (Normal) (G1 Evacuation Pause)
[2026-09-05T21:22:11.943-0400][603.363s][info][gc,task     ] GC(288) Using 23 workers of 23 for evacuation
[2026-09-05T21:22:11.948-0400][603.368s][info][gc,phases   ] GC(288)   Pre Evacuate Collection Set: 0.24ms
[2026-09-05T21:22:11.948-0400][603.368s][info][gc,phases   ] GC(288)   Merge Heap Roots: 0.21ms
[2026-09-05T21:22:11.948-0400][603.368s][info][gc,phases   ] GC(288)   Evacuate Collection Set: 3.52ms
[2026-09-05T21:22:11.948-0400][603.368s][info][gc,phases   ] GC(288)   Post Evacuate Collection Set: 0.67ms
[2026-09-05T21:22:11.948-0400][603.368s][info][gc,phases   ] GC(288)   Other: 0.13ms
[2026-09-05T21:22:11.948-0400][603.368s][info][gc,heap     ] GC(288) Eden regions: 286->0(284)
[2026-09-05T21:22:11.948-0400][603.368s][info][gc,heap     ] GC(288) Survivor regions: 23->23(39)
[2026-09-05T21:22:11.948-0400][603.368s][info][gc,heap     ] GC(288) Old regions: 881->883
[2026-09-05T21:22:11.948-0400][603.368s][info][gc,heap     ] GC(288) Archive regions: 0->0
[2026-09-05T21:22:11.948-0400][603.368s][info][gc,heap     ] GC(288) Humongous regions: 29->29
[2026-09-05T21:22:11.948-0400][603.368s][info][gc,metaspace] GC(288) Metaspace: 153940K(156544K)->153940K(156544K) NonClass: 132055K(133504K)->132055K(133504K) Class: 21884K(23040K)->21884K(23040K)
[2026-09-05T21:22:11.948-0400][603.368s][info][gc          ] GC(288) Pause Young (Normal) (G1 Evacuation Pause) 2434M->1867M(2762M) 4.872ms
[2026-09-05T21:22:11.948-0400][603.368s][info][gc,cpu      ] GC(288) User=0.00s Sys=0.00s Real=0.00s
[2026-09-05T21:22:12.181-0400][603.601s][info][gc,start    ] GC(289) Pause Young (Normal) (G1 Evacuation Pause)
[2026-09-05T21:22:12.181-0400][603.601s][info][gc,task     ] GC(289) Using 23 workers of 23 for evacuation
[2026-09-05T21:22:12.185-0400][603.605s][info][gc,phases   ] GC(289)   Pre Evacuate Collection Set: 0.28ms
[2026-09-05T21:22:12.185-0400][603.605s][info][gc,phases   ] GC(289)   Merge Heap Roots: 0.31ms
[2026-09-05T21:22:12.185-0400][603.605s][info][gc,phases   ] GC(289)   Evacuate Collection Set: 3.29ms
[2026-09-05T21:22:12.185-0400][603.605s][info][gc,phases   ] GC(289)   Post Evacuate Collection Set: 0.57ms
[2026-09-05T21:22:12.185-0400][603.605s][info][gc,phases   ] GC(289)   Other: 0.14ms
[2026-09-05T21:22:12.185-0400][603.605s][info][gc,heap     ] GC(289) Eden regions: 284->0(286)
[2026-09-05T21:22:12.185-0400][603.605s][info][gc,heap     ] GC(289) Survivor regions: 23->21(39)
[2026-09-05T21:22:12.185-0400][603.605s][info][gc,heap     ] GC(289) Old regions: 883->885
[2026-09-05T21:22:12.185-0400][603.605s][info][gc,heap     ] GC(289) Archive regions: 0->0
[2026-09-05T21:22:12.185-0400][603.605s][info][gc,heap     ] GC(289) Humongous regions: 29->29
[2026-09-05T21:22:12.185-0400][603.605s][info][gc,metaspace] GC(289) Metaspace: 153940K(156544K)->153940K(156544K) NonClass: 132055K(133504K)->132055K(133504K) Class: 21884K(23040K)->21884K(23040K)
[2026-09-05T21:22:12.185-0400][603.605s][info][gc          ] GC(289) Pause Young (Normal) (G1 Evacuation Pause) 2435M->1868M(2762M) 4.704ms
[2026-09-05T21:22:12.185-0400][603.605s][info][gc,cpu      ] GC(289) User=0.00s Sys=0.00s Real=0.00s
[2026-09-05T21:22:12.552-0400][603.973s][info][gc,start    ] GC(290) Pause Young (Normal) (G1 Evacuation Pause)
[2026-09-05T21:22:12.552-0400][603.973s][info][gc,task     ] GC(290) Using 23 workers of 23 for evacuation
[2026-09-05T21:22:12.557-0400][603.977s][info][gc,phases   ] GC(290)   Pre Evacuate Collection Set: 0.22ms
[2026-09-05T21:22:12.557-0400][603.977s][info][gc,phases   ] GC(290)   Merge Heap Roots: 0.20ms
[2026-09-05T21:22:12.557-0400][603.977s][info][gc,phases   ] GC(290)   Evacuate Collection Set: 2.83ms
[2026-09-05T21:22:12.557-0400][603.977s][info][gc,phases   ] GC(290)   Post Evacuate Collection Set: 0.68ms
[2026-09-05T21:22:12.557-0400][603.977s][info][gc,phases   ] GC(290)   Other: 0.13ms
[2026-09-05T21:22:12.557-0400][603.977s][info][gc,heap     ] GC(290) Eden regions: 286->0(284)
[2026-09-05T21:22:12.557-0400][603.977s][info][gc,heap     ] GC(290) Survivor regions: 21->22(39)
[2026-09-05T21:22:12.557-0400][603.977s][info][gc,heap     ] GC(290) Old regions: 885->885
[2026-09-05T21:22:12.557-0400][603.977s][info][gc,heap     ] GC(290) Archive regions: 0->0
[2026-09-05T21:22:12.557-0400][603.977s][info][gc,heap     ] GC(290) Humongous regions: 29->29
[2026-09-05T21:22:12.557-0400][603.977s][info][gc,metaspace] GC(290) Metaspace: 153949K(156544K)->153949K(156544K) NonClass: 132064K(133504K)->132064K(133504K) Class: 21884K(23040K)->21884K(23040K)
[2026-09-05T21:22:12.557-0400][603.977s][info][gc          ] GC(290) Pause Young (Normal) (G1 Evacuation Pause) 2440M->1870M(2762M) 4.182ms
[2026-09-05T21:22:12.557-0400][603.977s][info][gc,cpu      ] GC(290) User=0.00s Sys=0.00s Real=0.00s
[2026-09-05T21:22:12.718-0400][604.137s][info][gc,start    ] GC(291) Pause Young (Normal) (G1 Evacuation Pause)
[2026-09-05T21:22:12.718-0400][604.138s][info][gc,task     ] GC(291) Using 23 workers of 23 for evacuation
[2026-09-05T21:22:12.722-0400][604.142s][info][gc,phases   ] GC(291)   Pre Evacuate Collection Set: 0.15ms
[2026-09-05T21:22:12.722-0400][604.142s][info][gc,phases   ] GC(291)   Merge Heap Roots: 0.16ms
[2026-09-05T21:22:12.722-0400][604.142s][info][gc,phases   ] GC(291)   Evacuate Collection Set: 3.86ms
[2026-09-05T21:22:12.722-0400][604.142s][info][gc,phases   ] GC(291)   Post Evacuate Collection Set: 0.58ms
[2026-09-05T21:22:12.722-0400][604.142s][info][gc,phases   ] GC(291)   Other: 0.15ms
[2026-09-05T21:22:12.722-0400][604.142s][info][gc,heap     ] GC(291) Eden regions: 284->0(283)
[2026-09-05T21:22:12.722-0400][604.142s][info][gc,heap     ] GC(291) Survivor regions: 22->21(39)
[2026-09-05T21:22:12.722-0400][604.142s][info][gc,heap     ] GC(291) Old regions: 885->888
[2026-09-05T21:22:12.722-0400][604.142s][info][gc,heap     ] GC(291) Archive regions: 0->0
[2026-09-05T21:22:12.722-0400][604.142s][info][gc,heap     ] GC(291) Humongous regions: 29->29
[2026-09-05T21:22:12.722-0400][604.143s][info][gc,metaspace] GC(291) Metaspace: 153949K(156544K)->153949K(156544K) NonClass: 132064K(133504K)->132064K(133504K) Class: 21884K(23040K)->21884K(23040K)
[2026-09-05T21:22:12.722-0400][604.143s][info][gc          ] GC(291) Pause Young (Normal) (G1 Evacuation Pause) 2438M->1874M(2762M) 5.038ms
[2026-09-05T21:22:12.722-0400][604.143s][info][gc,cpu      ] GC(291) User=0.00s Sys=0.00s Real=0.00s
[2026-09-05T21:22:13.077-0400][604.496s][info][gc,start    ] GC(292) Pause Young (Normal) (G1 Evacuation Pause)
[2026-09-05T21:22:13.077-0400][604.496s][info][gc,task     ] GC(292) Using 23 workers of 23 for evacuation
[2026-09-05T21:22:13.081-0400][604.501s][info][gc,phases   ] GC(292)   Pre Evacuate Collection Set: 0.16ms
[2026-09-05T21:22:13.081-0400][604.501s][info][gc,phases   ] GC(292)   Merge Heap Roots: 0.18ms
[2026-09-05T21:22:13.081-0400][604.501s][info][gc,phases   ] GC(292)   Evacuate Collection Set: 3.54ms
[2026-09-05T21:22:13.081-0400][604.501s][info][gc,phases   ] GC(292)   Post Evacuate Collection Set: 0.64ms
[2026-09-05T21:22:13.081-0400][604.501s][info][gc,phases   ] GC(292)   Other: 0.16ms
[2026-09-05T21:22:13.081-0400][604.501s][info][gc,heap     ] GC(292) Eden regions: 283->0(278)
[2026-09-05T21:22:13.081-0400][604.501s][info][gc,heap     ] GC(292) Survivor regions: 21->23(38)
[2026-09-05T21:22:13.081-0400][604.501s][info][gc,heap     ] GC(292) Old regions: 888->889
[2026-09-05T21:22:13.081-0400][604.501s][info][gc,heap     ] GC(292) Archive regions: 0->0
[2026-09-05T21:22:13.081-0400][604.501s][info][gc,heap     ] GC(292) Humongous regions: 29->29
[2026-09-05T21:22:13.081-0400][604.501s][info][gc,metaspace] GC(292) Metaspace: 153951K(156544K)->153951K(156544K) NonClass: 132066K(133504K)->132066K(133504K) Class: 21884K(23040K)->21884K(23040K)
[2026-09-05T21:22:13.081-0400][604.501s][info][gc          ] GC(292) Pause Young (Normal) (G1 Evacuation Pause) 2440M->1880M(2762M) 4.798ms
[2026-09-05T21:22:13.081-0400][604.501s][info][gc,cpu      ] GC(292) User=0.00s Sys=0.00s Real=0.00s
[2026-09-05T21:22:13.241-0400][604.661s][info][gc,start    ] GC(293) Pause Young (Normal) (G1 Evacuation Pause)
[2026-09-05T21:22:13.241-0400][604.662s][info][gc,task     ] GC(293) Using 23 workers of 23 for evacuation
[2026-09-05T21:22:13.248-0400][604.668s][info][gc,phases   ] GC(293)   Pre Evacuate Collection Set: 0.19ms
[2026-09-05T21:22:13.248-0400][604.668s][info][gc,phases   ] GC(293)   Merge Heap Roots: 0.21ms
[2026-09-05T21:22:13.248-0400][604.668s][info][gc,phases   ] GC(293)   Evacuate Collection Set: 4.95ms
[2026-09-05T21:22:13.248-0400][604.668s][info][gc,phases   ] GC(293)   Post Evacuate Collection Set: 0.66ms
[2026-09-05T21:22:13.248-0400][604.668s][info][gc,phases   ] GC(293)   Other: 0.17ms
[2026-09-05T21:22:13.248-0400][604.668s][info][gc,heap     ] GC(293) Eden regions: 278->0(275)
[2026-09-05T21:22:13.248-0400][604.668s][info][gc,heap     ] GC(293) Survivor regions: 23->23(38)
[2026-09-05T21:22:13.248-0400][604.668s][info][gc,heap     ] GC(293) Old regions: 889->892
[2026-09-05T21:22:13.248-0400][604.668s][info][gc,heap     ] GC(293) Archive regions: 0->0
[2026-09-05T21:22:13.248-0400][604.668s][info][gc,heap     ] GC(293) Humongous regions: 29->29
[2026-09-05T21:22:13.248-0400][604.668s][info][gc,metaspace] GC(293) Metaspace: 153953K(156544K)->153953K(156544K) NonClass: 132068K(133504K)->132068K(133504K) Class: 21884K(23040K)->21884K(23040K)
[2026-09-05T21:22:13.248-0400][604.668s][info][gc          ] GC(293) Pause Young (Normal) (G1 Evacuation Pause) 2436M->1885M(2762M) 6.328ms
[2026-09-05T21:22:13.248-0400][604.668s][info][gc,cpu      ] GC(293) User=0.00s Sys=0.00s Real=0.01s
[2026-09-05T21:22:13.320-0400][604.740s][info][gc,start    ] GC(294) Pause Young (Normal) (G1 Evacuation Pause)
[2026-09-05T21:22:13.320-0400][604.740s][info][gc,task     ] GC(294) Using 23 workers of 23 for evacuation
[2026-09-05T21:22:13.326-0400][604.746s][info][gc,phases   ] GC(294)   Pre Evacuate Collection Set: 0.22ms
[2026-09-05T21:22:13.326-0400][604.746s][info][gc,phases   ] GC(294)   Merge Heap Roots: 0.16ms
[2026-09-05T21:22:13.326-0400][604.746s][info][gc,phases   ] GC(294)   Evacuate Collection Set: 4.90ms
[2026-09-05T21:22:13.326-0400][604.746s][info][gc,phases   ] GC(294)   Post Evacuate Collection Set: 0.61ms
[2026-09-05T21:22:13.326-0400][604.746s][info][gc,phases   ] GC(294)   Other: 0.31ms
[2026-09-05T21:22:13.326-0400][604.746s][info][gc,heap     ] GC(294) Eden regions: 275->0(269)
[2026-09-05T21:22:13.326-0400][604.746s][info][gc,heap     ] GC(294) Survivor regions: 23->25(38)
[2026-09-05T21:22:13.326-0400][604.746s][info][gc,heap     ] GC(294) Old regions: 892->894
[2026-09-05T21:22:13.326-0400][604.746s][info][gc,heap     ] GC(294) Archive regions: 0->0
[2026-09-05T21:22:13.326-0400][604.746s][info][gc,heap     ] GC(294) Humongous regions: 29->29
[2026-09-05T21:22:13.326-0400][604.746s][info][gc,metaspace] GC(294) Metaspace: 153953K(156544K)->153953K(156544K) NonClass: 132068K(133504K)->132068K(133504K) Class: 21884K(23040K)->21884K(23040K)
[2026-09-05T21:22:13.326-0400][604.746s][info][gc          ] GC(294) Pause Young (Normal) (G1 Evacuation Pause) 2435M->1894M(2762M) 6.304ms
[2026-09-05T21:22:13.326-0400][604.746s][info][gc,cpu      ] GC(294) User=0.00s Sys=0.00s Real=0.01s
[2026-09-05T21:22:13.461-0400][604.881s][info][gc,start    ] GC(295) Pause Young (Normal) (G1 Evacuation Pause)
[2026-09-05T21:22:13.461-0400][604.881s][info][gc,task     ] GC(295) Using 23 workers of 23 for evacuation
[2026-09-05T21:22:13.466-0400][604.886s][info][gc,phases   ] GC(295)   Pre Evacuate Collection Set: 0.20ms
[2026-09-05T21:22:13.466-0400][604.886s][info][gc,phases   ] GC(295)   Merge Heap Roots: 0.17ms
[2026-09-05T21:22:13.466-0400][604.886s][info][gc,phases   ] GC(295)   Evacuate Collection Set: 4.16ms
[2026-09-05T21:22:13.466-0400][604.886s][info][gc,phases   ] GC(295)   Post Evacuate Collection Set: 0.51ms
[2026-09-05T21:22:13.466-0400][604.886s][info][gc,phases   ] GC(295)   Other: 0.16ms
[2026-09-05T21:22:13.466-0400][604.886s][info][gc,heap     ] GC(295) Eden regions: 269->0(272)
[2026-09-05T21:22:13.466-0400][604.886s][info][gc,heap     ] GC(295) Survivor regions: 25->21(37)
[2026-09-05T21:22:13.466-0400][604.886s][info][gc,heap     ] GC(295) Old regions: 894->899
[2026-09-05T21:22:13.466-0400][604.886s][info][gc,heap     ] GC(295) Archive regions: 0->0
[2026-09-05T21:22:13.466-0400][604.886s][info][gc,heap     ] GC(295) Humongous regions: 29->29
[2026-09-05T21:22:13.466-0400][604.886s][info][gc,metaspace] GC(295) Metaspace: 153953K(156544K)->153953K(156544K) NonClass: 132069K(133504K)->132069K(133504K) Class: 21884K(23040K)->21884K(23040K)
[2026-09-05T21:22:13.466-0400][604.886s][info][gc          ] GC(295) Pause Young (Normal) (G1 Evacuation Pause) 2432M->1897M(2762M) 5.353ms
[2026-09-05T21:22:13.466-0400][604.886s][info][gc,cpu      ] GC(295) User=0.00s Sys=0.00s Real=0.01s
[2026-09-05T21:22:13.824-0400][605.244s][info][gc,start    ] GC(296) Pause Young (Normal) (G1 Evacuation Pause)
[2026-09-05T21:22:13.824-0400][605.244s][info][gc,task     ] GC(296) Using 23 workers of 23 for evacuation
[2026-09-05T21:22:13.829-0400][605.248s][info][gc,phases   ] GC(296)   Pre Evacuate Collection Set: 0.24ms
[2026-09-05T21:22:13.829-0400][605.249s][info][gc,phases   ] GC(296)   Merge Heap Roots: 0.16ms
[2026-09-05T21:22:13.829-0400][605.249s][info][gc,phases   ] GC(296)   Evacuate Collection Set: 3.27ms
[2026-09-05T21:22:13.829-0400][605.249s][info][gc,phases   ] GC(296)   Post Evacuate Collection Set: 0.55ms
[2026-09-05T21:22:13.829-0400][605.249s][info][gc,phases   ] GC(296)   Other: 0.14ms
[2026-09-05T21:22:13.829-0400][605.249s][info][gc,heap     ] GC(296) Eden regions: 272->0(270)
[2026-09-05T21:22:13.829-0400][605.249s][info][gc,heap     ] GC(296) Survivor regions: 21->21(37)
[2026-09-05T21:22:13.829-0400][605.249s][info][gc,heap     ] GC(296) Old regions: 899->901
[2026-09-05T21:22:13.829-0400][605.249s][info][gc,heap     ] GC(296) Archive regions: 0->0
[2026-09-05T21:22:13.829-0400][605.249s][info][gc,heap     ] GC(296) Humongous regions: 29->29
[2026-09-05T21:22:13.829-0400][605.249s][info][gc,metaspace] GC(296) Metaspace: 153954K(156544K)->153954K(156544K) NonClass: 132070K(133504K)->132070K(133504K) Class: 21884K(23040K)->21884K(23040K)
[2026-09-05T21:22:13.829-0400][605.249s][info][gc          ] GC(296) Pause Young (Normal) (G1 Evacuation Pause) 2441M->1899M(2762M) 4.468ms
[2026-09-05T21:22:13.829-0400][605.249s][info][gc,cpu      ] GC(296) User=0.00s Sys=0.00s Real=0.01s
[2026-09-05T21:22:14.189-0400][605.608s][info][gc,start    ] GC(297) Pause Young (Normal) (GCLocker Initiated GC)
[2026-09-05T21:22:14.189-0400][605.608s][info][gc,task     ] GC(297) Using 23 workers of 23 for evacuation
[2026-09-05T21:22:14.193-0400][605.613s][info][gc,phases   ] GC(297)   Pre Evacuate Collection Set: 0.18ms
[2026-09-05T21:22:14.193-0400][605.613s][info][gc,phases   ] GC(297)   Merge Heap Roots: 0.17ms
[2026-09-05T21:22:14.193-0400][605.613s][info][gc,phases   ] GC(297)   Evacuate Collection Set: 3.78ms
[2026-09-05T21:22:14.193-0400][605.613s][info][gc,phases   ] GC(297)   Post Evacuate Collection Set: 0.62ms
[2026-09-05T21:22:14.193-0400][605.613s][info][gc,phases   ] GC(297)   Other: 0.15ms
[2026-09-05T21:22:14.193-0400][605.613s][info][gc,heap     ] GC(297) Eden regions: 271->0(265)
[2026-09-05T21:22:14.193-0400][605.613s][info][gc,heap     ] GC(297) Survivor regions: 21->23(37)
[2026-09-05T21:22:14.193-0400][605.613s][info][gc,heap     ] GC(297) Old regions: 901->902
[2026-09-05T21:22:14.193-0400][605.613s][info][gc,heap     ] GC(297) Archive regions: 0->0
[2026-09-05T21:22:14.193-0400][605.613s][info][gc,heap     ] GC(297) Humongous regions: 29->29
[2026-09-05T21:22:14.193-0400][605.613s][info][gc,metaspace] GC(297) Metaspace: 153968K(156544K)->153968K(156544K) NonClass: 132080K(133504K)->132080K(133504K) Class: 21887K(23040K)->21887K(23040K)
[2026-09-05T21:22:14.193-0400][605.613s][info][gc          ] GC(297) Pause Young (Normal) (GCLocker Initiated GC) 2440M->1907M(2762M) 5.025ms
[2026-09-05T21:22:14.193-0400][605.613s][info][gc,cpu      ] GC(297) User=0.00s Sys=0.00s Real=0.00s
[2026-09-05T21:22:14.253-0400][605.673s][info][gc,start    ] GC(298) Pause Young (Normal) (GCLocker Initiated GC)
[2026-09-05T21:22:14.253-0400][605.673s][info][gc,task     ] GC(298) Using 23 workers of 23 for evacuation
[2026-09-05T21:22:14.259-0400][605.679s][info][gc,phases   ] GC(298)   Pre Evacuate Collection Set: 0.15ms
[2026-09-05T21:22:14.259-0400][605.679s][info][gc,phases   ] GC(298)   Merge Heap Roots: 0.17ms
[2026-09-05T21:22:14.259-0400][605.679s][info][gc,phases   ] GC(298)   Evacuate Collection Set: 4.21ms
[2026-09-05T21:22:14.259-0400][605.679s][info][gc,phases   ] GC(298)   Post Evacuate Collection Set: 0.57ms
[2026-09-05T21:22:14.259-0400][605.679s][info][gc,phases   ] GC(298)   Other: 0.24ms
[2026-09-05T21:22:14.259-0400][605.679s][info][gc,heap     ] GC(298) Eden regions: 265->0(267)
[2026-09-05T21:22:14.259-0400][605.679s][info][gc,heap     ] GC(298) Survivor regions: 23->20(36)
[2026-09-05T21:22:14.259-0400][605.679s][info][gc,heap     ] GC(298) Old regions: 902->906
[2026-09-05T21:22:14.259-0400][605.679s][info][gc,heap     ] GC(298) Archive regions: 0->0
[2026-09-05T21:22:14.259-0400][605.679s][info][gc,heap     ] GC(298) Humongous regions: 29->29
[2026-09-05T21:22:14.259-0400][605.679s][info][gc,metaspace] GC(298) Metaspace: 153968K(156544K)->153968K(156544K) NonClass: 132081K(133504K)->132081K(133504K) Class: 21887K(23040K)->21887K(23040K)
[2026-09-05T21:22:14.259-0400][605.679s][info][gc          ] GC(298) Pause Young (Normal) (GCLocker Initiated GC) 2437M->1908M(2762M) 5.418ms
[2026-09-05T21:22:14.259-0400][605.679s][info][gc,cpu      ] GC(298) User=0.34s Sys=0.02s Real=0.01s
[2026-09-05T21:22:14.374-0400][605.794s][info][gc,start    ] GC(299) Pause Young (Normal) (G1 Evacuation Pause)
[2026-09-05T21:22:14.374-0400][605.794s][info][gc,task     ] GC(299) Using 23 workers of 23 for evacuation
[2026-09-05T21:22:14.379-0400][605.798s][info][gc,phases   ] GC(299)   Pre Evacuate Collection Set: 0.14ms
[2026-09-05T21:22:14.379-0400][605.798s][info][gc,phases   ] GC(299)   Merge Heap Roots: 0.16ms
[2026-09-05T21:22:14.379-0400][605.798s][info][gc,phases   ] GC(299)   Evacuate Collection Set: 3.56ms
[2026-09-05T21:22:14.379-0400][605.798s][info][gc,phases   ] GC(299)   Post Evacuate Collection Set: 0.58ms
[2026-09-05T21:22:14.379-0400][605.798s][info][gc,phases   ] GC(299)   Other: 0.16ms
[2026-09-05T21:22:14.379-0400][605.798s][info][gc,heap     ] GC(299) Eden regions: 267->0(268)
[2026-09-05T21:22:14.379-0400][605.799s][info][gc,heap     ] GC(299) Survivor regions: 20->18(36)
[2026-09-05T21:22:14.379-0400][605.799s][info][gc,heap     ] GC(299) Old regions: 906->909
[2026-09-05T21:22:14.379-0400][605.799s][info][gc,heap     ] GC(299) Archive regions: 0->0
[2026-09-05T21:22:14.379-0400][605.799s][info][gc,heap     ] GC(299) Humongous regions: 29->29
[2026-09-05T21:22:14.379-0400][605.799s][info][gc,metaspace] GC(299) Metaspace: 153968K(156544K)->153968K(156544K) NonClass: 132081K(133504K)->132081K(133504K) Class: 21887K(23040K)->21887K(23040K)
[2026-09-05T21:22:14.379-0400][605.799s][info][gc          ] GC(299) Pause Young (Normal) (G1 Evacuation Pause) 2442M->1911M(2762M) 4.737ms
[2026-09-05T21:22:14.379-0400][605.799s][info][gc,cpu      ] GC(299) User=0.00s Sys=0.00s Real=0.00s
[2026-09-05T21:22:14.749-0400][606.169s][info][gc,start    ] GC(300) Pause Young (Normal) (G1 Evacuation Pause)
[2026-09-05T21:22:14.749-0400][606.169s][info][gc,task     ] GC(300) Using 23 workers of 23 for evacuation
[2026-09-05T21:22:14.753-0400][606.173s][info][gc,phases   ] GC(300)   Pre Evacuate Collection Set: 0.16ms
[2026-09-05T21:22:14.753-0400][606.173s][info][gc,phases   ] GC(300)   Merge Heap Roots: 0.18ms
[2026-09-05T21:22:14.753-0400][606.173s][info][gc,phases   ] GC(300)   Evacuate Collection Set: 3.08ms
[2026-09-05T21:22:14.753-0400][606.173s][info][gc,phases   ] GC(300)   Post Evacuate Collection Set: 0.61ms
[2026-09-05T21:22:14.753-0400][606.173s][info][gc,phases   ] GC(300)   Other: 0.14ms
[2026-09-05T21:22:14.753-0400][606.173s][info][gc,heap     ] GC(300) Eden regions: 268->0(268)
[2026-09-05T21:22:14.753-0400][606.173s][info][gc,heap     ] GC(300) Survivor regions: 18->18(36)
[2026-09-05T21:22:14.753-0400][606.173s][info][gc,heap     ] GC(300) Old regions: 909->909
[2026-09-05T21:22:14.753-0400][606.173s][info][gc,heap     ] GC(300) Archive regions: 0->0
[2026-09-05T21:22:14.753-0400][606.173s][info][gc,heap     ] GC(300) Humongous regions: 29->29
[2026-09-05T21:22:14.753-0400][606.173s][info][gc,metaspace] GC(300) Metaspace: 153980K(156544K)->153980K(156544K) NonClass: 132089K(133504K)->132089K(133504K) Class: 21890K(23040K)->21890K(23040K)
[2026-09-05T21:22:14.753-0400][606.173s][info][gc          ] GC(300) Pause Young (Normal) (G1 Evacuation Pause) 2447M->1911M(2762M) 4.325ms
[2026-09-05T21:22:14.753-0400][606.173s][info][gc,cpu      ] GC(300) User=0.00s Sys=0.00s Real=0.00s
[2026-09-05T21:22:15.005-0400][606.426s][info][gc,start    ] GC(301) Pause Young (Normal) (G1 Evacuation Pause)
[2026-09-05T21:22:15.005-0400][606.426s][info][gc,task     ] GC(301) Using 23 workers of 23 for evacuation
[2026-09-05T21:22:15.010-0400][606.430s][info][gc,phases   ] GC(301)   Pre Evacuate Collection Set: 0.19ms
[2026-09-05T21:22:15.010-0400][606.430s][info][gc,phases   ] GC(301)   Merge Heap Roots: 0.18ms
[2026-09-05T21:22:15.010-0400][606.430s][info][gc,phases   ] GC(301)   Evacuate Collection Set: 2.94ms
[2026-09-05T21:22:15.010-0400][606.430s][info][gc,phases   ] GC(301)   Post Evacuate Collection Set: 0.61ms
[2026-09-05T21:22:15.010-0400][606.430s][info][gc,phases   ] GC(301)   Other: 0.20ms
[2026-09-05T21:22:15.010-0400][606.430s][info][gc,heap     ] GC(301) Eden regions: 268->0(264)
[2026-09-05T21:22:15.010-0400][606.430s][info][gc,heap     ] GC(301) Survivor regions: 18->20(36)
[2026-09-05T21:22:15.010-0400][606.430s][info][gc,heap     ] GC(301) Old regions: 909->909
[2026-09-05T21:22:15.010-0400][606.430s][info][gc,heap     ] GC(301) Archive regions: 0->0
[2026-09-05T21:22:15.010-0400][606.430s][info][gc,heap     ] GC(301) Humongous regions: 29->29
[2026-09-05T21:22:15.010-0400][606.430s][info][gc,metaspace] GC(301) Metaspace: 154039K(156672K)->154039K(156672K) NonClass: 132133K(133568K)->132133K(133568K) Class: 21906K(23104K)->21906K(23104K)
[2026-09-05T21:22:15.011-0400][606.430s][info][gc          ] GC(301) Pause Young (Normal) (G1 Evacuation Pause) 2447M->1913M(2762M) 4.259ms
[2026-09-05T21:22:15.011-0400][606.430s][info][gc,cpu      ] GC(301) User=0.02s Sys=0.00s Real=0.01s
[2026-09-05T21:22:15.370-0400][606.789s][info][gc,start    ] GC(302) Pause Young (Normal) (G1 Evacuation Pause)
[2026-09-05T21:22:15.370-0400][606.789s][info][gc,task     ] GC(302) Using 23 workers of 23 for evacuation
[2026-09-05T21:22:15.374-0400][606.793s][info][gc,phases   ] GC(302)   Pre Evacuate Collection Set: 0.20ms
[2026-09-05T21:22:15.374-0400][606.793s][info][gc,phases   ] GC(302)   Merge Heap Roots: 0.17ms
[2026-09-05T21:22:15.374-0400][606.793s][info][gc,phases   ] GC(302)   Evacuate Collection Set: 2.96ms
[2026-09-05T21:22:15.374-0400][606.793s][info][gc,phases   ] GC(302)   Post Evacuate Collection Set: 0.54ms
[2026-09-05T21:22:15.374-0400][606.793s][info][gc,phases   ] GC(302)   Other: 0.13ms
[2026-09-05T21:22:15.374-0400][606.793s][info][gc,heap     ] GC(302) Eden regions: 264->0(260)
[2026-09-05T21:22:15.374-0400][606.793s][info][gc,heap     ] GC(302) Survivor regions: 20->22(36)
[2026-09-05T21:22:15.374-0400][606.793s][info][gc,heap     ] GC(302) Old regions: 909->909
[2026-09-05T21:22:15.374-0400][606.793s][info][gc,heap     ] GC(302) Archive regions: 0->0
[2026-09-05T21:22:15.374-0400][606.793s][info][gc,heap     ] GC(302) Humongous regions: 29->29
[2026-09-05T21:22:15.374-0400][606.793s][info][gc,metaspace] GC(302) Metaspace: 154057K(156672K)->154057K(156672K) NonClass: 132148K(133568K)->132148K(133568K) Class: 21909K(23104K)->21909K(23104K)
[2026-09-05T21:22:15.374-0400][606.793s][info][gc          ] GC(302) Pause Young (Normal) (G1 Evacuation Pause) 2441M->1917M(2762M) 4.128ms
[2026-09-05T21:22:15.374-0400][606.793s][info][gc,cpu      ] GC(302) User=0.00s Sys=0.00s Real=0.00s
[2026-09-05T21:22:15.861-0400][607.281s][info][gc,start    ] GC(303) Pause Young (Normal) (G1 Evacuation Pause)
[2026-09-05T21:22:15.861-0400][607.281s][info][gc,task     ] GC(303) Using 23 workers of 23 for evacuation
[2026-09-05T21:22:15.865-0400][607.285s][info][gc,phases   ] GC(303)   Pre Evacuate Collection Set: 0.20ms
[2026-09-05T21:22:15.865-0400][607.285s][info][gc,phases   ] GC(303)   Merge Heap Roots: 0.28ms
[2026-09-05T21:22:15.865-0400][607.285s][info][gc,phases   ] GC(303)   Evacuate Collection Set: 2.89ms
[2026-09-05T21:22:15.865-0400][607.285s][info][gc,phases   ] GC(303)   Post Evacuate Collection Set: 0.65ms
[2026-09-05T21:22:15.865-0400][607.285s][info][gc,phases   ] GC(303)   Other: 0.22ms
[2026-09-05T21:22:15.865-0400][607.286s][info][gc,heap     ] GC(303) Eden regions: 260->0(262)
[2026-09-05T21:22:15.865-0400][607.286s][info][gc,heap     ] GC(303) Survivor regions: 22->20(36)
[2026-09-05T21:22:15.865-0400][607.286s][info][gc,heap     ] GC(303) Old regions: 909->911
[2026-09-05T21:22:15.865-0400][607.286s][info][gc,heap     ] GC(303) Archive regions: 0->0
[2026-09-05T21:22:15.865-0400][607.286s][info][gc,heap     ] GC(303) Humongous regions: 29->29
[2026-09-05T21:22:15.865-0400][607.286s][info][gc,metaspace] GC(303) Metaspace: 154057K(156672K)->154057K(156672K) NonClass: 132148K(133568K)->132148K(133568K) Class: 21909K(23104K)->21909K(23104K)
[2026-09-05T21:22:15.865-0400][607.286s][info][gc          ] GC(303) Pause Young (Normal) (G1 Evacuation Pause) 2437M->1918M(2762M) 4.348ms
[2026-09-05T21:22:15.865-0400][607.286s][info][gc,cpu      ] GC(303) User=0.05s Sys=0.00s Real=0.00s
[2026-09-05T21:22:16.342-0400][607.762s][info][gc,start    ] GC(304) Pause Young (Normal) (G1 Evacuation Pause)
[2026-09-05T21:22:16.342-0400][607.762s][info][gc,task     ] GC(304) Using 23 workers of 23 for evacuation
[2026-09-05T21:22:16.345-0400][607.766s][info][gc,phases   ] GC(304)   Pre Evacuate Collection Set: 0.17ms
[2026-09-05T21:22:16.345-0400][607.766s][info][gc,phases   ] GC(304)   Merge Heap Roots: 0.23ms
[2026-09-05T21:22:16.345-0400][607.766s][info][gc,phases   ] GC(304)   Evacuate Collection Set: 2.72ms
[2026-09-05T21:22:16.345-0400][607.766s][info][gc,phases   ] GC(304)   Post Evacuate Collection Set: 0.54ms
[2026-09-05T21:22:16.345-0400][607.766s][info][gc,phases   ] GC(304)   Other: 0.17ms
[2026-09-05T21:22:16.346-0400][607.766s][info][gc,heap     ] GC(304) Eden regions: 262->0(264)
[2026-09-05T21:22:16.346-0400][607.766s][info][gc,heap     ] GC(304) Survivor regions: 20->19(36)
[2026-09-05T21:22:16.346-0400][607.766s][info][gc,heap     ] GC(304) Old regions: 911->911
[2026-09-05T21:22:16.346-0400][607.766s][info][gc,heap     ] GC(304) Archive regions: 0->0
[2026-09-05T21:22:16.346-0400][607.766s][info][gc,heap     ] GC(304) Humongous regions: 29->29
[2026-09-05T21:22:16.346-0400][607.766s][info][gc,metaspace] GC(304) Metaspace: 154057K(156672K)->154057K(156672K) NonClass: 132148K(133568K)->132148K(133568K) Class: 21909K(23104K)->21909K(23104K)
[2026-09-05T21:22:16.346-0400][607.766s][info][gc          ] GC(304) Pause Young (Normal) (G1 Evacuation Pause) 2442M->1917M(2762M) 3.936ms
[2026-09-05T21:22:16.346-0400][607.766s][info][gc,cpu      ] GC(304) User=0.00s Sys=0.00s Real=0.00s
[2026-09-05T21:22:16.830-0400][608.250s][info][gc,start    ] GC(305) Pause Young (Normal) (G1 Evacuation Pause)
[2026-09-05T21:22:16.830-0400][608.250s][info][gc,task     ] GC(305) Using 23 workers of 23 for evacuation
[2026-09-05T21:22:16.834-0400][608.254s][info][gc,phases   ] GC(305)   Pre Evacuate Collection Set: 0.20ms
[2026-09-05T21:22:16.834-0400][608.254s][info][gc,phases   ] GC(305)   Merge Heap Roots: 0.16ms
[2026-09-05T21:22:16.834-0400][608.254s][info][gc,phases   ] GC(305)   Evacuate Collection Set: 2.53ms
[2026-09-05T21:22:16.834-0400][608.254s][info][gc,phases   ] GC(305)   Post Evacuate Collection Set: 0.76ms
[2026-09-05T21:22:16.834-0400][608.254s][info][gc,phases   ] GC(305)   Other: 0.14ms
[2026-09-05T21:22:16.834-0400][608.254s][info][gc,heap     ] GC(305) Eden regions: 264->0(262)
[2026-09-05T21:22:16.834-0400][608.254s][info][gc,heap     ] GC(305) Survivor regions: 19->20(36)
[2026-09-05T21:22:16.834-0400][608.254s][info][gc,heap     ] GC(305) Old regions: 911->911
[2026-09-05T21:22:16.834-0400][608.254s][info][gc,heap     ] GC(305) Archive regions: 0->0
[2026-09-05T21:22:16.834-0400][608.254s][info][gc,heap     ] GC(305) Humongous regions: 29->29
[2026-09-05T21:22:16.834-0400][608.254s][info][gc,metaspace] GC(305) Metaspace: 154057K(156672K)->154057K(156672K) NonClass: 132148K(133568K)->132148K(133568K) Class: 21909K(23104K)->21909K(23104K)
[2026-09-05T21:22:16.834-0400][608.254s][info][gc          ] GC(305) Pause Young (Normal) (G1 Evacuation Pause) 2445M->1917M(2762M) 3.926ms
[2026-09-05T21:22:16.834-0400][608.254s][info][gc,cpu      ] GC(305) User=0.02s Sys=0.00s Real=0.00s
[2026-09-05T21:22:17.301-0400][608.722s][info][gc,start    ] GC(306) Pause Young (Normal) (G1 Evacuation Pause)
[2026-09-05T21:22:17.301-0400][608.722s][info][gc,task     ] GC(306) Using 23 workers of 23 for evacuation
[2026-09-05T21:22:17.305-0400][608.726s][info][gc,phases   ] GC(306)   Pre Evacuate Collection Set: 0.35ms
[2026-09-05T21:22:17.305-0400][608.726s][info][gc,phases   ] GC(306)   Merge Heap Roots: 0.17ms
[2026-09-05T21:22:17.305-0400][608.726s][info][gc,phases   ] GC(306)   Evacuate Collection Set: 2.64ms
[2026-09-05T21:22:17.305-0400][608.726s][info][gc,phases   ] GC(306)   Post Evacuate Collection Set: 0.66ms
[2026-09-05T21:22:17.305-0400][608.726s][info][gc,phases   ] GC(306)   Other: 0.14ms
[2026-09-05T21:22:17.305-0400][608.726s][info][gc,heap     ] GC(306) Eden regions: 262->0(262)
[2026-09-05T21:22:17.305-0400][608.726s][info][gc,heap     ] GC(306) Survivor regions: 20->20(36)
[2026-09-05T21:22:17.305-0400][608.726s][info][gc,heap     ] GC(306) Old regions: 911->911
[2026-09-05T21:22:17.305-0400][608.726s][info][gc,heap     ] GC(306) Archive regions: 0->0
[2026-09-05T21:22:17.305-0400][608.726s][info][gc,heap     ] GC(306) Humongous regions: 29->29
[2026-09-05T21:22:17.305-0400][608.726s][info][gc,metaspace] GC(306) Metaspace: 154069K(156672K)->154069K(156672K) NonClass: 132156K(133568K)->132156K(133568K) Class: 21912K(23104K)->21912K(23104K)
[2026-09-05T21:22:17.305-0400][608.726s][info][gc          ] GC(306) Pause Young (Normal) (G1 Evacuation Pause) 2441M->1918M(2762M) 4.141ms
[2026-09-05T21:22:17.305-0400][608.726s][info][gc,cpu      ] GC(306) User=0.20s Sys=0.03s Real=0.00s
[2026-09-05T21:22:17.812-0400][609.232s][info][gc,start    ] GC(307) Pause Young (Normal) (G1 Evacuation Pause)
[2026-09-05T21:22:17.812-0400][609.232s][info][gc,task     ] GC(307) Using 23 workers of 23 for evacuation
[2026-09-05T21:22:17.816-0400][609.236s][info][gc,phases   ] GC(307)   Pre Evacuate Collection Set: 0.31ms
[2026-09-05T21:22:17.816-0400][609.236s][info][gc,phases   ] GC(307)   Merge Heap Roots: 0.17ms
[2026-09-05T21:22:17.816-0400][609.236s][info][gc,phases   ] GC(307)   Evacuate Collection Set: 2.64ms
[2026-09-05T21:22:17.816-0400][609.236s][info][gc,phases   ] GC(307)   Post Evacuate Collection Set: 0.76ms
[2026-09-05T21:22:17.816-0400][609.236s][info][gc,phases   ] GC(307)   Other: 0.16ms
[2026-09-05T21:22:17.816-0400][609.236s][info][gc,heap     ] GC(307) Eden regions: 262->0(264)
[2026-09-05T21:22:17.816-0400][609.236s][info][gc,heap     ] GC(307) Survivor regions: 20->19(36)
[2026-09-05T21:22:17.816-0400][609.236s][info][gc,heap     ] GC(307) Old regions: 911->911
[2026-09-05T21:22:17.816-0400][609.236s][info][gc,heap     ] GC(307) Archive regions: 0->0
[2026-09-05T21:22:17.816-0400][609.236s][info][gc,heap     ] GC(307) Humongous regions: 29->29
[2026-09-05T21:22:17.816-0400][609.236s][info][gc,metaspace] GC(307) Metaspace: 154070K(156672K)->154070K(156672K) NonClass: 132158K(133568K)->132158K(133568K) Class: 21912K(23104K)->21912K(23104K)
[2026-09-05T21:22:17.816-0400][609.236s][info][gc          ] GC(307) Pause Young (Normal) (G1 Evacuation Pause) 2442M->1916M(2762M) 4.149ms
[2026-09-05T21:22:17.816-0400][609.236s][info][gc,cpu      ] GC(307) User=0.00s Sys=0.00s Real=0.00s
[2026-09-05T21:22:18.296-0400][609.716s][info][gc,start    ] GC(308) Pause Young (Normal) (G1 Evacuation Pause)
[2026-09-05T21:22:18.296-0400][609.716s][info][gc,task     ] GC(308) Using 23 workers of 23 for evacuation
[2026-09-05T21:22:18.300-0400][609.720s][info][gc,phases   ] GC(308)   Pre Evacuate Collection Set: 0.24ms
[2026-09-05T21:22:18.300-0400][609.720s][info][gc,phases   ] GC(308)   Merge Heap Roots: 0.21ms
[2026-09-05T21:22:18.300-0400][609.720s][info][gc,phases   ] GC(308)   Evacuate Collection Set: 2.58ms
[2026-09-05T21:22:18.300-0400][609.720s][info][gc,phases   ] GC(308)   Post Evacuate Collection Set: 0.65ms
[2026-09-05T21:22:18.300-0400][609.720s][info][gc,phases   ] GC(308)   Other: 0.14ms
[2026-09-05T21:22:18.300-0400][609.720s][info][gc,heap     ] GC(308) Eden regions: 264->0(262)
[2026-09-05T21:22:18.300-0400][609.720s][info][gc,heap     ] GC(308) Survivor regions: 19->20(36)
[2026-09-05T21:22:18.300-0400][609.720s][info][gc,heap     ] GC(308) Old regions: 911->911
[2026-09-05T21:22:18.300-0400][609.720s][info][gc,heap     ] GC(308) Archive regions: 0->0
[2026-09-05T21:22:18.300-0400][609.720s][info][gc,heap     ] GC(308) Humongous regions: 29->29
[2026-09-05T21:22:18.300-0400][609.720s][info][gc,metaspace] GC(308) Metaspace: 154071K(156672K)->154071K(156672K) NonClass: 132159K(133568K)->132159K(133568K) Class: 21912K(23104K)->21912K(23104K)
[2026-09-05T21:22:18.300-0400][609.720s][info][gc          ] GC(308) Pause Young (Normal) (G1 Evacuation Pause) 2444M->1917M(2762M) 3.968ms
[2026-09-05T21:22:18.300-0400][609.720s][info][gc,cpu      ] GC(308) User=0.00s Sys=0.00s Real=0.00s
[2026-09-05T21:22:18.768-0400][610.188s][info][gc,start    ] GC(309) Pause Young (Normal) (G1 Evacuation Pause)
[2026-09-05T21:22:18.768-0400][610.188s][info][gc,task     ] GC(309) Using 23 workers of 23 for evacuation
[2026-09-05T21:22:18.773-0400][610.192s][info][gc,phases   ] GC(309)   Pre Evacuate Collection Set: 0.36ms
[2026-09-05T21:22:18.773-0400][610.192s][info][gc,phases   ] GC(309)   Merge Heap Roots: 0.16ms
[2026-09-05T21:22:18.773-0400][610.192s][info][gc,phases   ] GC(309)   Evacuate Collection Set: 2.67ms
[2026-09-05T21:22:18.773-0400][610.192s][info][gc,phases   ] GC(309)   Post Evacuate Collection Set: 0.84ms
[2026-09-05T21:22:18.773-0400][610.192s][info][gc,phases   ] GC(309)   Other: 0.12ms
[2026-09-05T21:22:18.773-0400][610.192s][info][gc,heap     ] GC(309) Eden regions: 262->0(265)
[2026-09-05T21:22:18.773-0400][610.192s][info][gc,heap     ] GC(309) Survivor regions: 20->17(36)
[2026-09-05T21:22:18.773-0400][610.192s][info][gc,heap     ] GC(309) Old regions: 911->914
[2026-09-05T21:22:18.773-0400][610.192s][info][gc,heap     ] GC(309) Archive regions: 0->0
[2026-09-05T21:22:18.773-0400][610.192s][info][gc,heap     ] GC(309) Humongous regions: 29->29
[2026-09-05T21:22:18.773-0400][610.192s][info][gc,metaspace] GC(309) Metaspace: 154072K(156672K)->154072K(156672K) NonClass: 132159K(133568K)->132159K(133568K) Class: 21912K(23104K)->21912K(23104K)
[2026-09-05T21:22:18.773-0400][610.192s][info][gc          ] GC(309) Pause Young (Normal) (G1 Evacuation Pause) 2441M->1917M(2762M) 4.316ms
[2026-09-05T21:22:18.773-0400][610.192s][info][gc,cpu      ] GC(309) User=0.00s Sys=0.00s Real=0.01s
[2026-09-05T21:22:19.247-0400][610.666s][info][gc,start    ] GC(310) Pause Young (Normal) (G1 Evacuation Pause)
[2026-09-05T21:22:19.247-0400][610.666s][info][gc,task     ] GC(310) Using 23 workers of 23 for evacuation
[2026-09-05T21:22:19.250-0400][610.670s][info][gc,phases   ] GC(310)   Pre Evacuate Collection Set: 0.23ms
[2026-09-05T21:22:19.250-0400][610.670s][info][gc,phases   ] GC(310)   Merge Heap Roots: 0.16ms
[2026-09-05T21:22:19.250-0400][610.670s][info][gc,phases   ] GC(310)   Evacuate Collection Set: 2.41ms
[2026-09-05T21:22:19.250-0400][610.670s][info][gc,phases   ] GC(310)   Post Evacuate Collection Set: 0.62ms
[2026-09-05T21:22:19.250-0400][610.670s][info][gc,phases   ] GC(310)   Other: 0.13ms
[2026-09-05T21:22:19.250-0400][610.670s][info][gc,heap     ] GC(310) Eden regions: 265->0(267)
[2026-09-05T21:22:19.250-0400][610.670s][info][gc,heap     ] GC(310) Survivor regions: 17->15(36)
[2026-09-05T21:22:19.250-0400][610.670s][info][gc,heap     ] GC(310) Old regions: 914->916
[2026-09-05T21:22:19.250-0400][610.670s][info][gc,heap     ] GC(310) Archive regions: 0->0
[2026-09-05T21:22:19.250-0400][610.670s][info][gc,heap     ] GC(310) Humongous regions: 29->29
[2026-09-05T21:22:19.250-0400][610.670s][info][gc,metaspace] GC(310) Metaspace: 154072K(156672K)->154072K(156672K) NonClass: 132160K(133568K)->132160K(133568K) Class: 21912K(23104K)->21912K(23104K)
[2026-09-05T21:22:19.250-0400][610.670s][info][gc          ] GC(310) Pause Young (Normal) (G1 Evacuation Pause) 2447M->1917M(2762M) 3.697ms
[2026-09-05T21:22:19.250-0400][610.670s][info][gc,cpu      ] GC(310) User=0.00s Sys=0.00s Real=0.00s
[2026-09-05T21:22:19.747-0400][611.167s][info][gc,start    ] GC(311) Pause Young (Normal) (G1 Evacuation Pause)
[2026-09-05T21:22:19.747-0400][611.167s][info][gc,task     ] GC(311) Using 23 workers of 23 for evacuation
[2026-09-05T21:22:19.751-0400][611.170s][info][gc,phases   ] GC(311)   Pre Evacuate Collection Set: 0.24ms
[2026-09-05T21:22:19.751-0400][611.170s][info][gc,phases   ] GC(311)   Merge Heap Roots: 0.14ms
[2026-09-05T21:22:19.751-0400][611.170s][info][gc,phases   ] GC(311)   Evacuate Collection Set: 2.18ms
[2026-09-05T21:22:19.751-0400][611.170s][info][gc,phases   ] GC(311)   Post Evacuate Collection Set: 0.90ms
[2026-09-05T21:22:19.751-0400][611.170s][info][gc,phases   ] GC(311)   Other: 0.15ms
[2026-09-05T21:22:19.751-0400][611.170s][info][gc,heap     ] GC(311) Eden regions: 267->0(268)
[2026-09-05T21:22:19.751-0400][611.170s][info][gc,heap     ] GC(311) Survivor regions: 15->14(36)
[2026-09-05T21:22:19.751-0400][611.170s][info][gc,heap     ] GC(311) Old regions: 916->917
[2026-09-05T21:22:19.751-0400][611.170s][info][gc,heap     ] GC(311) Archive regions: 0->0
[2026-09-05T21:22:19.751-0400][611.170s][info][gc,heap     ] GC(311) Humongous regions: 29->29
[2026-09-05T21:22:19.751-0400][611.170s][info][gc,metaspace] GC(311) Metaspace: 154072K(156672K)->154072K(156672K) NonClass: 132160K(133568K)->132160K(133568K) Class: 21912K(23104K)->21912K(23104K)
[2026-09-05T21:22:19.751-0400][611.171s][info][gc          ] GC(311) Pause Young (Normal) (G1 Evacuation Pause) 2451M->1917M(2762M) 3.742ms
[2026-09-05T21:22:19.751-0400][611.171s][info][gc,cpu      ] GC(311) User=0.00s Sys=0.00s Real=0.00s
[2026-09-05T21:22:20.238-0400][611.658s][info][gc,start    ] GC(312) Pause Young (Normal) (G1 Evacuation Pause)
[2026-09-05T21:22:20.238-0400][611.658s][info][gc,task     ] GC(312) Using 23 workers of 23 for evacuation
[2026-09-05T21:22:20.241-0400][611.660s][info][gc,phases   ] GC(312)   Pre Evacuate Collection Set: 0.20ms
[2026-09-05T21:22:20.241-0400][611.660s][info][gc,phases   ] GC(312)   Merge Heap Roots: 0.13ms
[2026-09-05T21:22:20.241-0400][611.661s][info][gc,phases   ] GC(312)   Evacuate Collection Set: 1.81ms
[2026-09-05T21:22:20.241-0400][611.661s][info][gc,phases   ] GC(312)   Post Evacuate Collection Set: 0.50ms
[2026-09-05T21:22:20.241-0400][611.661s][info][gc,phases   ] GC(312)   Other: 0.14ms
[2026-09-05T21:22:20.241-0400][611.661s][info][gc,heap     ] GC(312) Eden regions: 268->0(272)
[2026-09-05T21:22:20.241-0400][611.661s][info][gc,heap     ] GC(312) Survivor regions: 14->11(36)
[2026-09-05T21:22:20.241-0400][611.661s][info][gc,heap     ] GC(312) Old regions: 917->919
[2026-09-05T21:22:20.241-0400][611.661s][info][gc,heap     ] GC(312) Archive regions: 0->0
[2026-09-05T21:22:20.241-0400][611.661s][info][gc,heap     ] GC(312) Humongous regions: 29->29
[2026-09-05T21:22:20.241-0400][611.661s][info][gc,metaspace] GC(312) Metaspace: 154073K(156672K)->154073K(156672K) NonClass: 132161K(133568K)->132161K(133568K) Class: 21912K(23104K)->21912K(23104K)
[2026-09-05T21:22:20.241-0400][611.661s][info][gc          ] GC(312) Pause Young (Normal) (G1 Evacuation Pause) 2453M->1917M(2762M) 2.918ms
[2026-09-05T21:22:20.241-0400][611.661s][info][gc,cpu      ] GC(312) User=0.12s Sys=0.00s Real=0.00s
[2026-09-05T21:22:20.734-0400][612.154s][info][gc,start    ] GC(313) Pause Young (Normal) (G1 Evacuation Pause)
[2026-09-05T21:22:20.734-0400][612.154s][info][gc,task     ] GC(313) Using 23 workers of 23 for evacuation
[2026-09-05T21:22:20.738-0400][612.157s][info][gc,phases   ] GC(313)   Pre Evacuate Collection Set: 0.15ms
[2026-09-05T21:22:20.738-0400][612.157s][info][gc,phases   ] GC(313)   Merge Heap Roots: 0.14ms
[2026-09-05T21:22:20.738-0400][612.157s][info][gc,phases   ] GC(313)   Evacuate Collection Set: 2.14ms
[2026-09-05T21:22:20.738-0400][612.157s][info][gc,phases   ] GC(313)   Post Evacuate Collection Set: 0.61ms
[2026-09-05T21:22:20.738-0400][612.157s][info][gc,phases   ] GC(313)   Other: 0.14ms
[2026-09-05T21:22:20.738-0400][612.157s][info][gc,heap     ] GC(313) Eden regions: 272->0(273)
[2026-09-05T21:22:20.738-0400][612.157s][info][gc,heap     ] GC(313) Survivor regions: 11->9(36)
[2026-09-05T21:22:20.738-0400][612.157s][info][gc,heap     ] GC(313) Old regions: 919->922
[2026-09-05T21:22:20.738-0400][612.157s][info][gc,heap     ] GC(313) Archive regions: 0->0
[2026-09-05T21:22:20.738-0400][612.157s][info][gc,heap     ] GC(313) Humongous regions: 29->29
[2026-09-05T21:22:20.738-0400][612.157s][info][gc,metaspace] GC(313) Metaspace: 154073K(156672K)->154073K(156672K) NonClass: 132161K(133568K)->132161K(133568K) Class: 21912K(23104K)->21912K(23104K)
[2026-09-05T21:22:20.738-0400][612.157s][info][gc          ] GC(313) Pause Young (Normal) (G1 Evacuation Pause) 2461M->1917M(2762M) 3.295ms
[2026-09-05T21:22:20.738-0400][612.158s][info][gc,cpu      ] GC(313) User=0.00s Sys=0.00s Real=0.00s
[2026-09-05T21:22:21.250-0400][612.670s][info][gc,start    ] GC(314) Pause Young (Normal) (G1 Evacuation Pause)
[2026-09-05T21:22:21.251-0400][612.670s][info][gc,task     ] GC(314) Using 23 workers of 23 for evacuation
[2026-09-05T21:22:21.253-0400][612.673s][info][gc,phases   ] GC(314)   Pre Evacuate Collection Set: 0.19ms
[2026-09-05T21:22:21.253-0400][612.673s][info][gc,phases   ] GC(314)   Merge Heap Roots: 0.11ms
[2026-09-05T21:22:21.253-0400][612.673s][info][gc,phases   ] GC(314)   Evacuate Collection Set: 1.93ms
[2026-09-05T21:22:21.253-0400][612.673s][info][gc,phases   ] GC(314)   Post Evacuate Collection Set: 0.56ms
[2026-09-05T21:22:21.253-0400][612.673s][info][gc,phases   ] GC(314)   Other: 0.18ms
[2026-09-05T21:22:21.253-0400][612.673s][info][gc,heap     ] GC(314) Eden regions: 273->0(274)
[2026-09-05T21:22:21.253-0400][612.673s][info][gc,heap     ] GC(314) Survivor regions: 9->8(36)
[2026-09-05T21:22:21.253-0400][612.673s][info][gc,heap     ] GC(314) Old regions: 922->923
[2026-09-05T21:22:21.253-0400][612.673s][info][gc,heap     ] GC(314) Archive regions: 0->0
[2026-09-05T21:22:21.253-0400][612.673s][info][gc,heap     ] GC(314) Humongous regions: 29->29
[2026-09-05T21:22:21.253-0400][612.674s][info][gc,metaspace] GC(314) Metaspace: 154084K(156736K)->154084K(156736K) NonClass: 132169K(133632K)->132169K(133632K) Class: 21915K(23104K)->21915K(23104K)
[2026-09-05T21:22:21.253-0400][612.674s][info][gc          ] GC(314) Pause Young (Normal) (G1 Evacuation Pause) 2463M->1917M(2762M) 3.080ms
[2026-09-05T21:22:21.253-0400][612.674s][info][gc,cpu      ] GC(314) User=0.00s Sys=0.00s Real=0.00s
[2026-09-05T21:22:21.749-0400][613.169s][info][gc,start    ] GC(315) Pause Young (Normal) (G1 Evacuation Pause)
[2026-09-05T21:22:21.749-0400][613.169s][info][gc,task     ] GC(315) Using 23 workers of 23 for evacuation
[2026-09-05T21:22:21.751-0400][613.171s][info][gc,phases   ] GC(315)   Pre Evacuate Collection Set: 0.26ms
[2026-09-05T21:22:21.751-0400][613.172s][info][gc,phases   ] GC(315)   Merge Heap Roots: 0.10ms
[2026-09-05T21:22:21.751-0400][613.172s][info][gc,phases   ] GC(315)   Evacuate Collection Set: 1.51ms
[2026-09-05T21:22:21.751-0400][613.172s][info][gc,phases   ] GC(315)   Post Evacuate Collection Set: 0.62ms
[2026-09-05T21:22:21.751-0400][613.172s][info][gc,phases   ] GC(315)   Other: 0.13ms
[2026-09-05T21:22:21.751-0400][613.172s][info][gc,heap     ] GC(315) Eden regions: 274->0(275)
[2026-09-05T21:22:21.751-0400][613.172s][info][gc,heap     ] GC(315) Survivor regions: 8->7(36)
[2026-09-05T21:22:21.751-0400][613.172s][info][gc,heap     ] GC(315) Old regions: 923->924
[2026-09-05T21:22:21.751-0400][613.172s][info][gc,heap     ] GC(315) Archive regions: 0->0
[2026-09-05T21:22:21.751-0400][613.172s][info][gc,heap     ] GC(315) Humongous regions: 29->29
[2026-09-05T21:22:21.751-0400][613.172s][info][gc,metaspace] GC(315) Metaspace: 154084K(156736K)->154084K(156736K) NonClass: 132169K(133632K)->132169K(133632K) Class: 21915K(23104K)->21915K(23104K)
[2026-09-05T21:22:21.751-0400][613.172s][info][gc          ] GC(315) Pause Young (Normal) (G1 Evacuation Pause) 2465M->1917M(2762M) 2.796ms
[2026-09-05T21:22:21.751-0400][613.172s][info][gc,cpu      ] GC(315) User=0.00s Sys=0.00s Real=0.00s
[2026-09-05T21:22:22.271-0400][613.692s][info][gc,start    ] GC(316) Pause Young (Normal) (G1 Evacuation Pause)
[2026-09-05T21:22:22.271-0400][613.692s][info][gc,task     ] GC(316) Using 23 workers of 23 for evacuation
[2026-09-05T21:22:22.274-0400][613.694s][info][gc,phases   ] GC(316)   Pre Evacuate Collection Set: 0.21ms
[2026-09-05T21:22:22.274-0400][613.694s][info][gc,phases   ] GC(316)   Merge Heap Roots: 0.16ms
[2026-09-05T21:22:22.274-0400][613.694s][info][gc,phases   ] GC(316)   Evacuate Collection Set: 1.53ms
[2026-09-05T21:22:22.274-0400][613.694s][info][gc,phases   ] GC(316)   Post Evacuate Collection Set: 0.49ms
[2026-09-05T21:22:22.274-0400][613.694s][info][gc,phases   ] GC(316)   Other: 0.14ms
[2026-09-05T21:22:22.274-0400][613.694s][info][gc,heap     ] GC(316) Eden regions: 275->0(275)
[2026-09-05T21:22:22.274-0400][613.694s][info][gc,heap     ] GC(316) Survivor regions: 7->5(36)
[2026-09-05T21:22:22.274-0400][613.694s][info][gc,heap     ] GC(316) Old regions: 924->926
[2026-09-05T21:22:22.274-0400][613.694s][info][gc,heap     ] GC(316) Archive regions: 0->0
[2026-09-05T21:22:22.274-0400][613.694s][info][gc,heap     ] GC(316) Humongous regions: 29->29
[2026-09-05T21:22:22.274-0400][613.694s][info][gc,metaspace] GC(316) Metaspace: 154085K(156736K)->154085K(156736K) NonClass: 132170K(133632K)->132170K(133632K) Class: 21915K(23104K)->21915K(23104K)
[2026-09-05T21:22:22.274-0400][613.694s][info][gc          ] GC(316) Pause Young (Normal) (G1 Evacuation Pause) 2467M->1918M(2762M) 2.633ms
[2026-09-05T21:22:22.274-0400][613.694s][info][gc,cpu      ] GC(316) User=0.00s Sys=0.00s Real=0.00s
[2026-09-05T21:22:22.802-0400][614.222s][info][gc,start    ] GC(317) Pause Young (Normal) (G1 Evacuation Pause)
[2026-09-05T21:22:22.802-0400][614.222s][info][gc,task     ] GC(317) Using 23 workers of 23 for evacuation
[2026-09-05T21:22:22.804-0400][614.224s][info][gc,phases   ] GC(317)   Pre Evacuate Collection Set: 0.21ms
[2026-09-05T21:22:22.804-0400][614.224s][info][gc,phases   ] GC(317)   Merge Heap Roots: 0.15ms
[2026-09-05T21:22:22.804-0400][614.224s][info][gc,phases   ] GC(317)   Evacuate Collection Set: 1.05ms
[2026-09-05T21:22:22.804-0400][614.224s][info][gc,phases   ] GC(317)   Post Evacuate Collection Set: 0.57ms
[2026-09-05T21:22:22.804-0400][614.224s][info][gc,phases   ] GC(317)   Other: 0.12ms
[2026-09-05T21:22:22.804-0400][614.224s][info][gc,heap     ] GC(317) Eden regions: 275->0(275)
[2026-09-05T21:22:22.804-0400][614.224s][info][gc,heap     ] GC(317) Survivor regions: 5->3(35)
[2026-09-05T21:22:22.804-0400][614.224s][info][gc,heap     ] GC(317) Old regions: 926->928
[2026-09-05T21:22:22.804-0400][614.224s][info][gc,heap     ] GC(317) Archive regions: 0->0
[2026-09-05T21:22:22.804-0400][614.224s][info][gc,heap     ] GC(317) Humongous regions: 29->29
[2026-09-05T21:22:22.804-0400][614.224s][info][gc,metaspace] GC(317) Metaspace: 154085K(156736K)->154085K(156736K) NonClass: 132170K(133632K)->132170K(133632K) Class: 21915K(23104K)->21915K(23104K)
[2026-09-05T21:22:22.804-0400][614.224s][info][gc          ] GC(317) Pause Young (Normal) (G1 Evacuation Pause) 2468M->1918M(2762M) 2.302ms
[2026-09-05T21:22:22.804-0400][614.224s][info][gc,cpu      ] GC(317) User=0.22s Sys=0.00s Real=0.00s
[2026-09-05T21:22:23.329-0400][614.748s][info][gc,start    ] GC(318) Pause Young (Normal) (G1 Evacuation Pause)
[2026-09-05T21:22:23.329-0400][614.748s][info][gc,task     ] GC(318) Using 23 workers of 23 for evacuation
[2026-09-05T21:22:23.330-0400][614.750s][info][gc,phases   ] GC(318)   Pre Evacuate Collection Set: 0.20ms
[2026-09-05T21:22:23.330-0400][614.750s][info][gc,phases   ] GC(318)   Merge Heap Roots: 0.12ms
[2026-09-05T21:22:23.330-0400][614.750s][info][gc,phases   ] GC(318)   Evacuate Collection Set: 0.75ms
[2026-09-05T21:22:23.330-0400][614.750s][info][gc,phases   ] GC(318)   Post Evacuate Collection Set: 0.54ms
[2026-09-05T21:22:23.330-0400][614.750s][info][gc,phases   ] GC(318)   Other: 0.13ms
[2026-09-05T21:22:23.330-0400][614.750s][info][gc,heap     ] GC(318) Eden regions: 275->0(275)
[2026-09-05T21:22:23.330-0400][614.750s][info][gc,heap     ] GC(318) Survivor regions: 3->2(35)
[2026-09-05T21:22:23.330-0400][614.750s][info][gc,heap     ] GC(318) Old regions: 928->929
[2026-09-05T21:22:23.330-0400][614.750s][info][gc,heap     ] GC(318) Archive regions: 0->0
[2026-09-05T21:22:23.330-0400][614.750s][info][gc,heap     ] GC(318) Humongous regions: 29->29
[2026-09-05T21:22:23.330-0400][614.750s][info][gc,metaspace] GC(318) Metaspace: 154085K(156736K)->154085K(156736K) NonClass: 132170K(133632K)->132170K(133632K) Class: 21915K(23104K)->21915K(23104K)
[2026-09-05T21:22:23.330-0400][614.750s][info][gc          ] GC(318) Pause Young (Normal) (G1 Evacuation Pause) 2468M->1918M(2762M) 1.844ms
[2026-09-05T21:22:23.330-0400][614.750s][info][gc,cpu      ] GC(318) User=0.00s Sys=0.00s Real=0.00s
[2026-09-05T21:22:24.176-0400][615.596s][info][gc,start    ] GC(319) Pause Young (Normal) (G1 Evacuation Pause)
[2026-09-05T21:22:24.176-0400][615.596s][info][gc,task     ] GC(319) Using 23 workers of 23 for evacuation
[2026-09-05T21:22:24.178-0400][615.598s][info][gc,phases   ] GC(319)   Pre Evacuate Collection Set: 0.12ms
[2026-09-05T21:22:24.178-0400][615.598s][info][gc,phases   ] GC(319)   Merge Heap Roots: 0.12ms
[2026-09-05T21:22:24.178-0400][615.598s][info][gc,phases   ] GC(319)   Evacuate Collection Set: 0.90ms
[2026-09-05T21:22:24.178-0400][615.598s][info][gc,phases   ] GC(319)   Post Evacuate Collection Set: 0.45ms
[2026-09-05T21:22:24.178-0400][615.598s][info][gc,phases   ] GC(319)   Other: 0.13ms
[2026-09-05T21:22:24.178-0400][615.598s][info][gc,heap     ] GC(319) Eden regions: 275->0(274)
[2026-09-05T21:22:24.178-0400][615.598s][info][gc,heap     ] GC(319) Survivor regions: 2->3(35)
[2026-09-05T21:22:24.178-0400][615.598s][info][gc,heap     ] GC(319) Old regions: 929->929
[2026-09-05T21:22:24.178-0400][615.598s][info][gc,heap     ] GC(319) Archive regions: 0->0
[2026-09-05T21:22:24.178-0400][615.598s][info][gc,heap     ] GC(319) Humongous regions: 29->29
[2026-09-05T21:22:24.178-0400][615.598s][info][gc,metaspace] GC(319) Metaspace: 154101K(156736K)->154101K(156736K) NonClass: 132184K(133632K)->132184K(133632K) Class: 21916K(23104K)->21916K(23104K)
[2026-09-05T21:22:24.178-0400][615.598s][info][gc          ] GC(319) Pause Young (Normal) (G1 Evacuation Pause) 2468M->1918M(2762M) 1.845ms
[2026-09-05T21:22:24.178-0400][615.598s][info][gc,cpu      ] GC(319) User=0.36s Sys=0.02s Real=0.00s
[2026-09-05T21:22:24.720-0400][616.140s][info][gc,start    ] GC(320) Pause Young (Normal) (G1 Evacuation Pause)
[2026-09-05T21:22:24.720-0400][616.140s][info][gc,task     ] GC(320) Using 23 workers of 23 for evacuation
[2026-09-05T21:22:24.722-0400][616.142s][info][gc,phases   ] GC(320)   Pre Evacuate Collection Set: 0.17ms
[2026-09-05T21:22:24.722-0400][616.142s][info][gc,phases   ] GC(320)   Merge Heap Roots: 0.23ms
[2026-09-05T21:22:24.722-0400][616.142s][info][gc,phases   ] GC(320)   Evacuate Collection Set: 0.99ms
[2026-09-05T21:22:24.722-0400][616.142s][info][gc,phases   ] GC(320)   Post Evacuate Collection Set: 0.46ms
[2026-09-05T21:22:24.722-0400][616.142s][info][gc,phases   ] GC(320)   Other: 0.14ms
[2026-09-05T21:22:24.722-0400][616.142s][info][gc,heap     ] GC(320) Eden regions: 274->0(275)
[2026-09-05T21:22:24.722-0400][616.142s][info][gc,heap     ] GC(320) Survivor regions: 3->2(35)
[2026-09-05T21:22:24.722-0400][616.142s][info][gc,heap     ] GC(320) Old regions: 929->929
[2026-09-05T21:22:24.722-0400][616.142s][info][gc,heap     ] GC(320) Archive regions: 0->0
[2026-09-05T21:22:24.722-0400][616.142s][info][gc,heap     ] GC(320) Humongous regions: 29->29
[2026-09-05T21:22:24.722-0400][616.142s][info][gc,metaspace] GC(320) Metaspace: 154101K(156736K)->154101K(156736K) NonClass: 132184K(133632K)->132184K(133632K) Class: 21916K(23104K)->21916K(23104K)
[2026-09-05T21:22:24.722-0400][616.142s][info][gc          ] GC(320) Pause Young (Normal) (G1 Evacuation Pause) 2466M->1918M(2762M) 2.165ms
[2026-09-05T21:22:24.722-0400][616.142s][info][gc,cpu      ] GC(320) User=0.00s Sys=0.00s Real=0.00s
[2026-09-05T21:22:25.248-0400][616.668s][info][gc,start    ] GC(321) Pause Young (Normal) (G1 Evacuation Pause)
[2026-09-05T21:22:25.248-0400][616.668s][info][gc,task     ] GC(321) Using 23 workers of 23 for evacuation
[2026-09-05T21:22:25.249-0400][616.670s][info][gc,phases   ] GC(321)   Pre Evacuate Collection Set: 0.20ms
[2026-09-05T21:22:25.249-0400][616.670s][info][gc,phases   ] GC(321)   Merge Heap Roots: 0.12ms
[2026-09-05T21:22:25.249-0400][616.670s][info][gc,phases   ] GC(321)   Evacuate Collection Set: 0.77ms
[2026-09-05T21:22:25.249-0400][616.670s][info][gc,phases   ] GC(321)   Post Evacuate Collection Set: 0.47ms
[2026-09-05T21:22:25.249-0400][616.670s][info][gc,phases   ] GC(321)   Other: 0.12ms
[2026-09-05T21:22:25.249-0400][616.670s][info][gc,heap     ] GC(321) Eden regions: 275->0(274)
[2026-09-05T21:22:25.249-0400][616.670s][info][gc,heap     ] GC(321) Survivor regions: 2->3(35)
[2026-09-05T21:22:25.249-0400][616.670s][info][gc,heap     ] GC(321) Old regions: 929->929
[2026-09-05T21:22:25.249-0400][616.670s][info][gc,heap     ] GC(321) Archive regions: 0->0
[2026-09-05T21:22:25.249-0400][616.670s][info][gc,heap     ] GC(321) Humongous regions: 29->29
[2026-09-05T21:22:25.249-0400][616.670s][info][gc,metaspace] GC(321) Metaspace: 154110K(156736K)->154110K(156736K) NonClass: 132194K(133632K)->132194K(133632K) Class: 21916K(23104K)->21916K(23104K)
[2026-09-05T21:22:25.249-0400][616.670s][info][gc          ] GC(321) Pause Young (Normal) (G1 Evacuation Pause) 2468M->1918M(2762M) 1.796ms
[2026-09-05T21:22:25.249-0400][616.670s][info][gc,cpu      ] GC(321) User=0.00s Sys=0.00s Real=0.00s
[2026-09-05T21:22:25.782-0400][617.202s][info][gc,start    ] GC(322) Pause Young (Normal) (G1 Evacuation Pause)
[2026-09-05T21:22:25.782-0400][617.202s][info][gc,task     ] GC(322) Using 23 workers of 23 for evacuation
[2026-09-05T21:22:25.783-0400][617.203s][info][gc,phases   ] GC(322)   Pre Evacuate Collection Set: 0.20ms
[2026-09-05T21:22:25.783-0400][617.203s][info][gc,phases   ] GC(322)   Merge Heap Roots: 0.12ms
[2026-09-05T21:22:25.783-0400][617.203s][info][gc,phases   ] GC(322)   Evacuate Collection Set: 0.82ms
[2026-09-05T21:22:25.783-0400][617.203s][info][gc,phases   ] GC(322)   Post Evacuate Collection Set: 0.41ms
[2026-09-05T21:22:25.783-0400][617.203s][info][gc,phases   ] GC(322)   Other: 0.12ms
[2026-09-05T21:22:25.783-0400][617.203s][info][gc,heap     ] GC(322) Eden regions: 274->0(275)
[2026-09-05T21:22:25.783-0400][617.203s][info][gc,heap     ] GC(322) Survivor regions: 3->2(35)
[2026-09-05T21:22:25.783-0400][617.203s][info][gc,heap     ] GC(322) Old regions: 929->929
[2026-09-05T21:22:25.783-0400][617.203s][info][gc,heap     ] GC(322) Archive regions: 0->0
[2026-09-05T21:22:25.783-0400][617.203s][info][gc,heap     ] GC(322) Humongous regions: 29->29
[2026-09-05T21:22:25.783-0400][617.203s][info][gc,metaspace] GC(322) Metaspace: 154116K(156736K)->154116K(156736K) NonClass: 132199K(133632K)->132199K(133632K) Class: 21916K(23104K)->21916K(23104K)
[2026-09-05T21:22:25.783-0400][617.204s][info][gc          ] GC(322) Pause Young (Normal) (G1 Evacuation Pause) 2466M->1918M(2762M) 1.837ms
[2026-09-05T21:22:25.783-0400][617.204s][info][gc,cpu      ] GC(322) User=0.00s Sys=0.00s Real=0.00s
[2026-09-05T21:22:26.310-0400][617.731s][info][gc,start    ] GC(323) Pause Young (Normal) (G1 Evacuation Pause)
[2026-09-05T21:22:26.310-0400][617.731s][info][gc,task     ] GC(323) Using 23 workers of 23 for evacuation
[2026-09-05T21:22:26.312-0400][617.732s][info][gc,phases   ] GC(323)   Pre Evacuate Collection Set: 0.17ms
[2026-09-05T21:22:26.312-0400][617.732s][info][gc,phases   ] GC(323)   Merge Heap Roots: 0.13ms
[2026-09-05T21:22:26.312-0400][617.732s][info][gc,phases   ] GC(323)   Evacuate Collection Set: 0.71ms
[2026-09-05T21:22:26.312-0400][617.732s][info][gc,phases   ] GC(323)   Post Evacuate Collection Set: 0.46ms
[2026-09-05T21:22:26.312-0400][617.732s][info][gc,phases   ] GC(323)   Other: 0.15ms
[2026-09-05T21:22:26.312-0400][617.732s][info][gc,heap     ] GC(323) Eden regions: 275->0(273)
[2026-09-05T21:22:26.312-0400][617.732s][info][gc,heap     ] GC(323) Survivor regions: 2->3(35)
[2026-09-05T21:22:26.312-0400][617.732s][info][gc,heap     ] GC(323) Old regions: 929->929
[2026-09-05T21:22:26.312-0400][617.732s][info][gc,heap     ] GC(323) Archive regions: 0->0
[2026-09-05T21:22:26.312-0400][617.732s][info][gc,heap     ] GC(323) Humongous regions: 30->30
[2026-09-05T21:22:26.312-0400][617.732s][info][gc,metaspace] GC(323) Metaspace: 154161K(156800K)->154161K(156800K) NonClass: 132241K(133696K)->132241K(133696K) Class: 21919K(23104K)->21919K(23104K)
[2026-09-05T21:22:26.312-0400][617.732s][info][gc          ] GC(323) Pause Young (Normal) (G1 Evacuation Pause) 2470M->1921M(2762M) 1.739ms
[2026-09-05T21:22:26.312-0400][617.732s][info][gc,cpu      ] GC(323) User=0.00s Sys=0.00s Real=0.00s
[2026-09-05T21:22:26.833-0400][618.253s][info][gc,start    ] GC(324) Pause Young (Normal) (G1 Evacuation Pause)
[2026-09-05T21:22:26.833-0400][618.253s][info][gc,task     ] GC(324) Using 23 workers of 23 for evacuation
[2026-09-05T21:22:26.835-0400][618.255s][info][gc,phases   ] GC(324)   Pre Evacuate Collection Set: 0.16ms
[2026-09-05T21:22:26.835-0400][618.255s][info][gc,phases   ] GC(324)   Merge Heap Roots: 0.12ms
[2026-09-05T21:22:26.835-0400][618.255s][info][gc,phases   ] GC(324)   Evacuate Collection Set: 0.83ms
[2026-09-05T21:22:26.835-0400][618.255s][info][gc,phases   ] GC(324)   Post Evacuate Collection Set: 0.49ms
[2026-09-05T21:22:26.835-0400][618.255s][info][gc,phases   ] GC(324)   Other: 0.13ms
[2026-09-05T21:22:26.835-0400][618.255s][info][gc,heap     ] GC(324) Eden regions: 273->0(273)
[2026-09-05T21:22:26.835-0400][618.255s][info][gc,heap     ] GC(324) Survivor regions: 3->3(35)
[2026-09-05T21:22:26.835-0400][618.255s][info][gc,heap     ] GC(324) Old regions: 929->929
[2026-09-05T21:22:26.835-0400][618.255s][info][gc,heap     ] GC(324) Archive regions: 0->0
[2026-09-05T21:22:26.835-0400][618.255s][info][gc,heap     ] GC(324) Humongous regions: 30->30
[2026-09-05T21:22:26.835-0400][618.255s][info][gc,metaspace] GC(324) Metaspace: 154166K(156800K)->154166K(156800K) NonClass: 132247K(133696K)->132247K(133696K) Class: 21919K(23104K)->21919K(23104K)
[2026-09-05T21:22:26.835-0400][618.255s][info][gc          ] GC(324) Pause Young (Normal) (G1 Evacuation Pause) 2467M->1920M(2762M) 1.840ms
[2026-09-05T21:22:26.835-0400][618.255s][info][gc,cpu      ] GC(324) User=0.23s Sys=0.00s Real=0.00s
[2026-09-05T21:22:27.344-0400][618.765s][info][gc,start    ] GC(325) Pause Young (Normal) (G1 Evacuation Pause)
[2026-09-05T21:22:27.344-0400][618.765s][info][gc,task     ] GC(325) Using 23 workers of 23 for evacuation
[2026-09-05T21:22:27.347-0400][618.766s][info][gc,phases   ] GC(325)   Pre Evacuate Collection Set: 0.20ms
[2026-09-05T21:22:27.347-0400][618.766s][info][gc,phases   ] GC(325)   Merge Heap Roots: 0.13ms
[2026-09-05T21:22:27.347-0400][618.766s][info][gc,phases   ] GC(325)   Evacuate Collection Set: 0.67ms
[2026-09-05T21:22:27.347-0400][618.766s][info][gc,phases   ] GC(325)   Post Evacuate Collection Set: 0.61ms
[2026-09-05T21:22:27.347-0400][618.767s][info][gc,phases   ] GC(325)   Other: 0.12ms
[2026-09-05T21:22:27.347-0400][618.767s][info][gc,heap     ] GC(325) Eden regions: 273->0(274)
[2026-09-05T21:22:27.347-0400][618.767s][info][gc,heap     ] GC(325) Survivor regions: 3->2(35)
[2026-09-05T21:22:27.347-0400][618.767s][info][gc,heap     ] GC(325) Old regions: 929->929
[2026-09-05T21:22:27.347-0400][618.767s][info][gc,heap     ] GC(325) Archive regions: 0->0
[2026-09-05T21:22:27.347-0400][618.767s][info][gc,heap     ] GC(325) Humongous regions: 30->30
[2026-09-05T21:22:27.347-0400][618.767s][info][gc,metaspace] GC(325) Metaspace: 154171K(156800K)->154171K(156800K) NonClass: 132252K(133696K)->132252K(133696K) Class: 21919K(23104K)->21919K(23104K)
[2026-09-05T21:22:27.347-0400][618.767s][info][gc          ] GC(325) Pause Young (Normal) (G1 Evacuation Pause) 2466M->1920M(2762M) 2.037ms
[2026-09-05T21:22:27.347-0400][618.767s][info][gc,cpu      ] GC(325) User=0.00s Sys=0.00s Real=0.00s
[2026-09-05T21:22:27.879-0400][619.299s][info][gc,start    ] GC(326) Pause Young (Normal) (G1 Evacuation Pause)
[2026-09-05T21:22:27.879-0400][619.299s][info][gc,task     ] GC(326) Using 23 workers of 23 for evacuation
[2026-09-05T21:22:27.880-0400][619.301s][info][gc,phases   ] GC(326)   Pre Evacuate Collection Set: 0.19ms
[2026-09-05T21:22:27.881-0400][619.301s][info][gc,phases   ] GC(326)   Merge Heap Roots: 0.12ms
[2026-09-05T21:22:27.881-0400][619.301s][info][gc,phases   ] GC(326)   Evacuate Collection Set: 0.88ms
[2026-09-05T21:22:27.881-0400][619.301s][info][gc,phases   ] GC(326)   Post Evacuate Collection Set: 0.45ms
[2026-09-05T21:22:27.881-0400][619.301s][info][gc,phases   ] GC(326)   Other: 0.12ms
[2026-09-05T21:22:27.881-0400][619.301s][info][gc,heap     ] GC(326) Eden regions: 274->0(275)
[2026-09-05T21:22:27.881-0400][619.301s][info][gc,heap     ] GC(326) Survivor regions: 2->2(35)
[2026-09-05T21:22:27.881-0400][619.301s][info][gc,heap     ] GC(326) Old regions: 929->929
[2026-09-05T21:22:27.881-0400][619.301s][info][gc,heap     ] GC(326) Archive regions: 0->0
[2026-09-05T21:22:27.881-0400][619.301s][info][gc,heap     ] GC(326) Humongous regions: 30->30
[2026-09-05T21:22:27.881-0400][619.301s][info][gc,metaspace] GC(326) Metaspace: 154172K(156800K)->154172K(156800K) NonClass: 132253K(133696K)->132253K(133696K) Class: 21919K(23104K)->21919K(23104K)
[2026-09-05T21:22:27.881-0400][619.301s][info][gc          ] GC(326) Pause Young (Normal) (G1 Evacuation Pause) 2468M->1920M(2762M) 1.841ms
[2026-09-05T21:22:27.881-0400][619.301s][info][gc,cpu      ] GC(326) User=0.02s Sys=0.00s Real=0.00s
[2026-09-05T21:22:28.385-0400][619.806s][info][gc,start    ] GC(327) Pause Young (Normal) (G1 Evacuation Pause)
[2026-09-05T21:22:28.385-0400][619.806s][info][gc,task     ] GC(327) Using 23 workers of 23 for evacuation
[2026-09-05T21:22:28.388-0400][619.807s][info][gc,phases   ] GC(327)   Pre Evacuate Collection Set: 0.19ms
[2026-09-05T21:22:28.388-0400][619.807s][info][gc,phases   ] GC(327)   Merge Heap Roots: 0.15ms
[2026-09-05T21:22:28.388-0400][619.807s][info][gc,phases   ] GC(327)   Evacuate Collection Set: 0.70ms
[2026-09-05T21:22:28.388-0400][619.807s][info][gc,phases   ] GC(327)   Post Evacuate Collection Set: 0.58ms
[2026-09-05T21:22:28.388-0400][619.807s][info][gc,phases   ] GC(327)   Other: 0.14ms
[2026-09-05T21:22:28.388-0400][619.807s][info][gc,heap     ] GC(327) Eden regions: 275->0(273)
[2026-09-05T21:22:28.388-0400][619.807s][info][gc,heap     ] GC(327) Survivor regions: 2->3(35)
[2026-09-05T21:22:28.388-0400][619.807s][info][gc,heap     ] GC(327) Old regions: 929->929
[2026-09-05T21:22:28.388-0400][619.807s][info][gc,heap     ] GC(327) Archive regions: 0->0
[2026-09-05T21:22:28.388-0400][619.807s][info][gc,heap     ] GC(327) Humongous regions: 30->30
[2026-09-05T21:22:28.388-0400][619.807s][info][gc,metaspace] GC(327) Metaspace: 154172K(156800K)->154172K(156800K) NonClass: 132253K(133696K)->132253K(133696K) Class: 21919K(23104K)->21919K(23104K)
[2026-09-05T21:22:28.388-0400][619.807s][info][gc          ] GC(327) Pause Young (Normal) (G1 Evacuation Pause) 2470M->1921M(2762M) 1.865ms
[2026-09-05T21:22:28.388-0400][619.807s][info][gc,cpu      ] GC(327) User=0.00s Sys=0.00s Real=0.00s
[2026-09-05T21:22:28.893-0400][620.313s][info][gc,start    ] GC(328) Pause Young (Normal) (G1 Evacuation Pause)
[2026-09-05T21:22:28.893-0400][620.313s][info][gc,task     ] GC(328) Using 23 workers of 23 for evacuation
[2026-09-05T21:22:28.895-0400][620.315s][info][gc,phases   ] GC(328)   Pre Evacuate Collection Set: 0.22ms
[2026-09-05T21:22:28.895-0400][620.315s][info][gc,phases   ] GC(328)   Merge Heap Roots: 0.12ms
[2026-09-05T21:22:28.895-0400][620.315s][info][gc,phases   ] GC(328)   Evacuate Collection Set: 0.64ms
[2026-09-05T21:22:28.895-0400][620.315s][info][gc,phases   ] GC(328)   Post Evacuate Collection Set: 0.49ms
[2026-09-05T21:22:28.895-0400][620.315s][info][gc,phases   ] GC(328)   Other: 0.12ms
[2026-09-05T21:22:28.895-0400][620.315s][info][gc,heap     ] GC(328) Eden regions: 273->0(274)
[2026-09-05T21:22:28.895-0400][620.315s][info][gc,heap     ] GC(328) Survivor regions: 3->3(35)
[2026-09-05T21:22:28.895-0400][620.315s][info][gc,heap     ] GC(328) Old regions: 929->929
[2026-09-05T21:22:28.895-0400][620.315s][info][gc,heap     ] GC(328) Archive regions: 0->0
[2026-09-05T21:22:28.895-0400][620.315s][info][gc,heap     ] GC(328) Humongous regions: 30->30
[2026-09-05T21:22:28.895-0400][620.315s][info][gc,metaspace] GC(328) Metaspace: 154174K(156800K)->154174K(156800K) NonClass: 132254K(133696K)->132254K(133696K) Class: 21919K(23104K)->21919K(23104K)
[2026-09-05T21:22:28.895-0400][620.315s][info][gc          ] GC(328) Pause Young (Normal) (G1 Evacuation Pause) 2467M->1921M(2762M) 1.713ms
[2026-09-05T21:22:28.895-0400][620.315s][info][gc,cpu      ] GC(328) User=0.00s Sys=0.00s Real=0.00s
[2026-09-05T21:22:29.413-0400][620.833s][info][gc,start    ] GC(329) Pause Young (Normal) (G1 Evacuation Pause)
[2026-09-05T21:22:29.413-0400][620.833s][info][gc,task     ] GC(329) Using 23 workers of 23 for evacuation
[2026-09-05T21:22:29.414-0400][620.835s][info][gc,phases   ] GC(329)   Pre Evacuate Collection Set: 0.23ms
[2026-09-05T21:22:29.414-0400][620.835s][info][gc,phases   ] GC(329)   Merge Heap Roots: 0.12ms
[2026-09-05T21:22:29.414-0400][620.835s][info][gc,phases   ] GC(329)   Evacuate Collection Set: 0.74ms
[2026-09-05T21:22:29.414-0400][620.835s][info][gc,phases   ] GC(329)   Post Evacuate Collection Set: 0.46ms
[2026-09-05T21:22:29.414-0400][620.835s][info][gc,phases   ] GC(329)   Other: 0.12ms
[2026-09-05T21:22:29.414-0400][620.835s][info][gc,heap     ] GC(329) Eden regions: 274->0(275)
[2026-09-05T21:22:29.415-0400][620.835s][info][gc,heap     ] GC(329) Survivor regions: 3->2(35)
[2026-09-05T21:22:29.415-0400][620.835s][info][gc,heap     ] GC(329) Old regions: 929->929
[2026-09-05T21:22:29.415-0400][620.835s][info][gc,heap     ] GC(329) Archive regions: 0->0
[2026-09-05T21:22:29.415-0400][620.835s][info][gc,heap     ] GC(329) Humongous regions: 30->30
[2026-09-05T21:22:29.415-0400][620.835s][info][gc,metaspace] GC(329) Metaspace: 154175K(156800K)->154175K(156800K) NonClass: 132256K(133696K)->132256K(133696K) Class: 21919K(23104K)->21919K(23104K)
[2026-09-05T21:22:29.415-0400][620.835s][info][gc          ] GC(329) Pause Young (Normal) (G1 Evacuation Pause) 2469M->1920M(2762M) 1.783ms
[2026-09-05T21:22:29.415-0400][620.835s][info][gc,cpu      ] GC(329) User=0.00s Sys=0.00s Real=0.00s
[2026-09-05T21:22:29.641-0400][621.061s][info][gc,start    ] GC(330) Pause Young (Normal) (GCLocker Initiated GC)
[2026-09-05T21:22:29.641-0400][621.061s][info][gc,task     ] GC(330) Using 23 workers of 23 for evacuation
[2026-09-05T21:22:29.644-0400][621.063s][info][gc,phases   ] GC(330)   Pre Evacuate Collection Set: 0.15ms
[2026-09-05T21:22:29.644-0400][621.063s][info][gc,phases   ] GC(330)   Merge Heap Roots: 0.15ms
[2026-09-05T21:22:29.644-0400][621.063s][info][gc,phases   ] GC(330)   Evacuate Collection Set: 1.50ms
[2026-09-05T21:22:29.644-0400][621.063s][info][gc,phases   ] GC(330)   Post Evacuate Collection Set: 0.50ms
[2026-09-05T21:22:29.644-0400][621.063s][info][gc,phases   ] GC(330)   Other: 0.13ms
[2026-09-05T21:22:29.644-0400][621.063s][info][gc,heap     ] GC(330) Eden regions: 275->0(270)
[2026-09-05T21:22:29.644-0400][621.063s][info][gc,heap     ] GC(330) Survivor regions: 2->5(35)
[2026-09-05T21:22:29.644-0400][621.063s][info][gc,heap     ] GC(330) Old regions: 929->929
[2026-09-05T21:22:29.644-0400][621.063s][info][gc,heap     ] GC(330) Archive regions: 0->0
[2026-09-05T21:22:29.644-0400][621.063s][info][gc,heap     ] GC(330) Humongous regions: 30->30
[2026-09-05T21:22:29.644-0400][621.063s][info][gc,metaspace] GC(330) Metaspace: 154183K(156800K)->154183K(156800K) NonClass: 132263K(133696K)->132263K(133696K) Class: 21919K(23104K)->21919K(23104K)
[2026-09-05T21:22:29.644-0400][621.063s][info][gc          ] GC(330) Pause Young (Normal) (GCLocker Initiated GC) 2470M->1926M(2762M) 2.562ms
[2026-09-05T21:22:29.644-0400][621.063s][info][gc,cpu      ] GC(330) User=0.00s Sys=0.00s Real=0.00s
[2026-09-05T21:22:29.909-0400][621.329s][info][gc,start    ] GC(331) Pause Young (Normal) (G1 Evacuation Pause)
[2026-09-05T21:22:29.909-0400][621.329s][info][gc,task     ] GC(331) Using 23 workers of 23 for evacuation
[2026-09-05T21:22:29.912-0400][621.332s][info][gc,phases   ] GC(331)   Pre Evacuate Collection Set: 0.23ms
[2026-09-05T21:22:29.912-0400][621.332s][info][gc,phases   ] GC(331)   Merge Heap Roots: 0.25ms
[2026-09-05T21:22:29.912-0400][621.332s][info][gc,phases   ] GC(331)   Evacuate Collection Set: 1.46ms
[2026-09-05T21:22:29.912-0400][621.332s][info][gc,phases   ] GC(331)   Post Evacuate Collection Set: 0.50ms
[2026-09-05T21:22:29.912-0400][621.332s][info][gc,phases   ] GC(331)   Other: 0.17ms
[2026-09-05T21:22:29.912-0400][621.332s][info][gc,heap     ] GC(331) Eden regions: 270->0(268)
[2026-09-05T21:22:29.912-0400][621.332s][info][gc,heap     ] GC(331) Survivor regions: 5->6(35)
[2026-09-05T21:22:29.912-0400][621.332s][info][gc,heap     ] GC(331) Old regions: 929->929
[2026-09-05T21:22:29.912-0400][621.332s][info][gc,heap     ] GC(331) Archive regions: 0->0
[2026-09-05T21:22:29.912-0400][621.332s][info][gc,heap     ] GC(331) Humongous regions: 30->30
[2026-09-05T21:22:29.912-0400][621.332s][info][gc,metaspace] GC(331) Metaspace: 154183K(156800K)->154183K(156800K) NonClass: 132264K(133696K)->132264K(133696K) Class: 21919K(23104K)->21919K(23104K)
[2026-09-05T21:22:29.912-0400][621.332s][info][gc          ] GC(331) Pause Young (Normal) (G1 Evacuation Pause) 2466M->1928M(2762M) 2.746ms
[2026-09-05T21:22:29.912-0400][621.332s][info][gc,cpu      ] GC(331) User=0.02s Sys=0.00s Real=0.00s
[2026-09-05T21:22:30.136-0400][621.557s][info][gc,start    ] GC(332) Pause Young (Normal) (GCLocker Initiated GC)
[2026-09-05T21:22:30.136-0400][621.557s][info][gc,task     ] GC(332) Using 23 workers of 23 for evacuation
[2026-09-05T21:22:30.139-0400][621.559s][info][gc,phases   ] GC(332)   Pre Evacuate Collection Set: 0.17ms
[2026-09-05T21:22:30.139-0400][621.559s][info][gc,phases   ] GC(332)   Merge Heap Roots: 0.16ms
[2026-09-05T21:22:30.139-0400][621.559s][info][gc,phases   ] GC(332)   Evacuate Collection Set: 1.63ms
[2026-09-05T21:22:30.139-0400][621.559s][info][gc,phases   ] GC(332)   Post Evacuate Collection Set: 0.52ms
[2026-09-05T21:22:30.139-0400][621.559s][info][gc,phases   ] GC(332)   Other: 0.12ms
[2026-09-05T21:22:30.139-0400][621.559s][info][gc,heap     ] GC(332) Eden regions: 269->0(264)
[2026-09-05T21:22:30.139-0400][621.559s][info][gc,heap     ] GC(332) Survivor regions: 6->8(35)
[2026-09-05T21:22:30.139-0400][621.559s][info][gc,heap     ] GC(332) Old regions: 929->929
[2026-09-05T21:22:30.139-0400][621.559s][info][gc,heap     ] GC(332) Archive regions: 0->0
[2026-09-05T21:22:30.139-0400][621.559s][info][gc,heap     ] GC(332) Humongous regions: 30->30
[2026-09-05T21:22:30.139-0400][621.559s][info][gc,metaspace] GC(332) Metaspace: 154189K(156800K)->154189K(156800K) NonClass: 132269K(133696K)->132269K(133696K) Class: 21920K(23104K)->21920K(23104K)
[2026-09-05T21:22:30.139-0400][621.559s][info][gc          ] GC(332) Pause Young (Normal) (GCLocker Initiated GC) 2465M->1933M(2762M) 2.722ms
[2026-09-05T21:22:30.139-0400][621.559s][info][gc,cpu      ] GC(332) User=0.00s Sys=0.00s Real=0.00s
[2026-09-05T21:22:30.469-0400][621.888s][info][gc,start    ] GC(333) Pause Young (Normal) (G1 Evacuation Pause)
[2026-09-05T21:22:30.469-0400][621.888s][info][gc,task     ] GC(333) Using 23 workers of 23 for evacuation
[2026-09-05T21:22:30.472-0400][621.892s][info][gc,phases   ] GC(333)   Pre Evacuate Collection Set: 0.19ms
[2026-09-05T21:22:30.472-0400][621.892s][info][gc,phases   ] GC(333)   Merge Heap Roots: 0.19ms
[2026-09-05T21:22:30.472-0400][621.892s][info][gc,phases   ] GC(333)   Evacuate Collection Set: 2.68ms
[2026-09-05T21:22:30.472-0400][621.892s][info][gc,phases   ] GC(333)   Post Evacuate Collection Set: 0.69ms
[2026-09-05T21:22:30.472-0400][621.892s][info][gc,phases   ] GC(333)   Other: 0.15ms
[2026-09-05T21:22:30.472-0400][621.892s][info][gc,heap     ] GC(333) Eden regions: 264->0(257)
[2026-09-05T21:22:30.472-0400][621.892s][info][gc,heap     ] GC(333) Survivor regions: 8->12(34)
[2026-09-05T21:22:30.472-0400][621.892s][info][gc,heap     ] GC(333) Old regions: 929->929
[2026-09-05T21:22:30.472-0400][621.892s][info][gc,heap     ] GC(333) Archive regions: 0->0
[2026-09-05T21:22:30.472-0400][621.892s][info][gc,heap     ] GC(333) Humongous regions: 30->30
[2026-09-05T21:22:30.472-0400][621.892s][info][gc,metaspace] GC(333) Metaspace: 154196K(156800K)->154196K(156800K) NonClass: 132275K(133696K)->132275K(133696K) Class: 21920K(23104K)->21920K(23104K)
[2026-09-05T21:22:30.472-0400][621.892s][info][gc          ] GC(333) Pause Young (Normal) (G1 Evacuation Pause) 2461M->1941M(2762M) 4.029ms
[2026-09-05T21:22:30.472-0400][621.892s][info][gc,cpu      ] GC(333) User=0.00s Sys=0.00s Real=0.00s
[2026-09-05T21:22:30.538-0400][621.958s][info][gc,start    ] GC(334) Pause Young (Normal) (G1 Evacuation Pause)
[2026-09-05T21:22:30.538-0400][621.958s][info][gc,task     ] GC(334) Using 23 workers of 23 for evacuation
[2026-09-05T21:22:30.541-0400][621.961s][info][gc,phases   ] GC(334)   Pre Evacuate Collection Set: 0.17ms
[2026-09-05T21:22:30.541-0400][621.961s][info][gc,phases   ] GC(334)   Merge Heap Roots: 0.16ms
[2026-09-05T21:22:30.541-0400][621.961s][info][gc,phases   ] GC(334)   Evacuate Collection Set: 2.36ms
[2026-09-05T21:22:30.541-0400][621.961s][info][gc,phases   ] GC(334)   Post Evacuate Collection Set: 0.56ms
[2026-09-05T21:22:30.541-0400][621.961s][info][gc,phases   ] GC(334)   Other: 0.16ms
[2026-09-05T21:22:30.541-0400][621.961s][info][gc,heap     ] GC(334) Eden regions: 257->0(255)
[2026-09-05T21:22:30.541-0400][621.961s][info][gc,heap     ] GC(334) Survivor regions: 12->14(34)
[2026-09-05T21:22:30.541-0400][621.961s][info][gc,heap     ] GC(334) Old regions: 929->929
[2026-09-05T21:22:30.541-0400][621.961s][info][gc,heap     ] GC(334) Archive regions: 0->0
[2026-09-05T21:22:30.541-0400][621.961s][info][gc,heap     ] GC(334) Humongous regions: 30->30
[2026-09-05T21:22:30.541-0400][621.961s][info][gc,metaspace] GC(334) Metaspace: 154196K(156800K)->154196K(156800K) NonClass: 132275K(133696K)->132275K(133696K) Class: 21920K(23104K)->21920K(23104K)
[2026-09-05T21:22:30.541-0400][621.961s][info][gc          ] GC(334) Pause Young (Normal) (G1 Evacuation Pause) 2455M->1944M(2762M) 3.558ms
[2026-09-05T21:22:30.541-0400][621.961s][info][gc,cpu      ] GC(334) User=0.00s Sys=0.00s Real=0.00s
[2026-09-05T21:22:30.735-0400][622.155s][info][gc,start    ] GC(335) Pause Young (Normal) (G1 Evacuation Pause)
[2026-09-05T21:22:30.735-0400][622.155s][info][gc,task     ] GC(335) Using 23 workers of 23 for evacuation
[2026-09-05T21:22:30.740-0400][622.159s][info][gc,phases   ] GC(335)   Pre Evacuate Collection Set: 0.21ms
[2026-09-05T21:22:30.740-0400][622.159s][info][gc,phases   ] GC(335)   Merge Heap Roots: 0.44ms
[2026-09-05T21:22:30.740-0400][622.159s][info][gc,phases   ] GC(335)   Evacuate Collection Set: 2.77ms
[2026-09-05T21:22:30.740-0400][622.159s][info][gc,phases   ] GC(335)   Post Evacuate Collection Set: 0.60ms
[2026-09-05T21:22:30.740-0400][622.159s][info][gc,phases   ] GC(335)   Other: 0.16ms
[2026-09-05T21:22:30.740-0400][622.159s][info][gc,heap     ] GC(335) Eden regions: 255->0(255)
[2026-09-05T21:22:30.740-0400][622.159s][info][gc,heap     ] GC(335) Survivor regions: 14->14(34)
[2026-09-05T21:22:30.740-0400][622.159s][info][gc,heap     ] GC(335) Old regions: 929->929
[2026-09-05T21:22:30.740-0400][622.159s][info][gc,heap     ] GC(335) Archive regions: 0->0
[2026-09-05T21:22:30.740-0400][622.159s][info][gc,heap     ] GC(335) Humongous regions: 30->30
[2026-09-05T21:22:30.740-0400][622.159s][info][gc,metaspace] GC(335) Metaspace: 154196K(156800K)->154196K(156800K) NonClass: 132275K(133696K)->132275K(133696K) Class: 21920K(23104K)->21920K(23104K)
[2026-09-05T21:22:30.740-0400][622.160s][info][gc          ] GC(335) Pause Young (Normal) (G1 Evacuation Pause) 2454M->1945M(2762M) 4.309ms
[2026-09-05T21:22:30.740-0400][622.160s][info][gc,cpu      ] GC(335) User=0.00s Sys=0.00s Real=0.01s
[2026-09-05T21:22:31.058-0400][622.478s][info][gc,start    ] GC(336) Pause Young (Normal) (GCLocker Initiated GC)
[2026-09-05T21:22:31.058-0400][622.478s][info][gc,task     ] GC(336) Using 23 workers of 23 for evacuation
[2026-09-05T21:22:31.062-0400][622.482s][info][gc,phases   ] GC(336)   Pre Evacuate Collection Set: 0.14ms
[2026-09-05T21:22:31.062-0400][622.482s][info][gc,phases   ] GC(336)   Merge Heap Roots: 0.13ms
[2026-09-05T21:22:31.062-0400][622.482s][info][gc,phases   ] GC(336)   Evacuate Collection Set: 3.15ms
[2026-09-05T21:22:31.062-0400][622.482s][info][gc,phases   ] GC(336)   Post Evacuate Collection Set: 0.61ms
[2026-09-05T21:22:31.062-0400][622.482s][info][gc,phases   ] GC(336)   Other: 0.18ms
[2026-09-05T21:22:31.062-0400][622.482s][info][gc,heap     ] GC(336) Eden regions: 255->0(247)
[2026-09-05T21:22:31.062-0400][622.482s][info][gc,heap     ] GC(336) Survivor regions: 14->18(34)
[2026-09-05T21:22:31.062-0400][622.482s][info][gc,heap     ] GC(336) Old regions: 929->929
[2026-09-05T21:22:31.062-0400][622.482s][info][gc,heap     ] GC(336) Archive regions: 0->0
[2026-09-05T21:22:31.062-0400][622.482s][info][gc,heap     ] GC(336) Humongous regions: 30->30
[2026-09-05T21:22:31.062-0400][622.483s][info][gc,metaspace] GC(336) Metaspace: 154197K(156800K)->154197K(156800K) NonClass: 132277K(133696K)->132277K(133696K) Class: 21920K(23104K)->21920K(23104K)
[2026-09-05T21:22:31.062-0400][622.483s][info][gc          ] GC(336) Pause Young (Normal) (GCLocker Initiated GC) 2455M->1953M(2762M) 4.328ms
[2026-09-05T21:22:31.062-0400][622.483s][info][gc,cpu      ] GC(336) User=0.00s Sys=0.00s Real=0.00s
[2026-09-05T21:22:31.122-0400][622.542s][info][gc,start    ] GC(337) Pause Young (Normal) (G1 Evacuation Pause)
[2026-09-05T21:22:31.122-0400][622.542s][info][gc,task     ] GC(337) Using 23 workers of 23 for evacuation
[2026-09-05T21:22:31.126-0400][622.546s][info][gc,phases   ] GC(337)   Pre Evacuate Collection Set: 0.11ms
[2026-09-05T21:22:31.126-0400][622.546s][info][gc,phases   ] GC(337)   Merge Heap Roots: 0.14ms
[2026-09-05T21:22:31.126-0400][622.546s][info][gc,phases   ] GC(337)   Evacuate Collection Set: 3.18ms
[2026-09-05T21:22:31.126-0400][622.546s][info][gc,phases   ] GC(337)   Post Evacuate Collection Set: 0.54ms
[2026-09-05T21:22:31.126-0400][622.546s][info][gc,phases   ] GC(337)   Other: 0.15ms
[2026-09-05T21:22:31.126-0400][622.546s][info][gc,heap     ] GC(337) Eden regions: 247->0(245)
[2026-09-05T21:22:31.126-0400][622.546s][info][gc,heap     ] GC(337) Survivor regions: 18->19(34)
[2026-09-05T21:22:31.126-0400][622.546s][info][gc,heap     ] GC(337) Old regions: 929->929
[2026-09-05T21:22:31.126-0400][622.546s][info][gc,heap     ] GC(337) Archive regions: 0->0
[2026-09-05T21:22:31.126-0400][622.546s][info][gc,heap     ] GC(337) Humongous regions: 30->30
[2026-09-05T21:22:31.126-0400][622.546s][info][gc,metaspace] GC(337) Metaspace: 154197K(156800K)->154197K(156800K) NonClass: 132277K(133696K)->132277K(133696K) Class: 21920K(23104K)->21920K(23104K)
[2026-09-05T21:22:31.126-0400][622.547s][info][gc          ] GC(337) Pause Young (Normal) (G1 Evacuation Pause) 2447M->1955M(2762M) 4.260ms
[2026-09-05T21:22:31.126-0400][622.547s][info][gc,cpu      ] GC(337) User=0.00s Sys=0.00s Real=0.00s
[2026-09-05T21:22:31.413-0400][622.833s][info][gc,start    ] GC(338) Pause Young (Normal) (G1 Evacuation Pause)
[2026-09-05T21:22:31.413-0400][622.833s][info][gc,task     ] GC(338) Using 23 workers of 23 for evacuation
[2026-09-05T21:22:31.416-0400][622.836s][info][gc,phases   ] GC(338)   Pre Evacuate Collection Set: 0.16ms
[2026-09-05T21:22:31.416-0400][622.836s][info][gc,phases   ] GC(338)   Merge Heap Roots: 0.16ms
[2026-09-05T21:22:31.416-0400][622.836s][info][gc,phases   ] GC(338)   Evacuate Collection Set: 2.39ms
[2026-09-05T21:22:31.416-0400][622.836s][info][gc,phases   ] GC(338)   Post Evacuate Collection Set: 0.60ms
[2026-09-05T21:22:31.416-0400][622.836s][info][gc,phases   ] GC(338)   Other: 0.13ms
[2026-09-05T21:22:31.416-0400][622.836s][info][gc,heap     ] GC(338) Eden regions: 245->0(245)
[2026-09-05T21:22:31.416-0400][622.837s][info][gc,heap     ] GC(338) Survivor regions: 19->18(33)
[2026-09-05T21:22:31.416-0400][622.837s][info][gc,heap     ] GC(338) Old regions: 929->931
[2026-09-05T21:22:31.416-0400][622.837s][info][gc,heap     ] GC(338) Archive regions: 0->0
[2026-09-05T21:22:31.416-0400][622.837s][info][gc,heap     ] GC(338) Humongous regions: 30->30
[2026-09-05T21:22:31.416-0400][622.837s][info][gc,metaspace] GC(338) Metaspace: 154200K(156800K)->154200K(156800K) NonClass: 132279K(133696K)->132279K(133696K) Class: 21921K(23104K)->21921K(23104K)
[2026-09-05T21:22:31.416-0400][622.837s][info][gc          ] GC(338) Pause Young (Normal) (G1 Evacuation Pause) 2445M->1955M(2762M) 3.594ms
[2026-09-05T21:22:31.416-0400][622.837s][info][gc,cpu      ] GC(338) User=0.00s Sys=0.00s Real=0.00s
[2026-09-05T21:22:31.624-0400][623.044s][info][gc,start    ] GC(339) Pause Young (Normal) (G1 Evacuation Pause)
[2026-09-05T21:22:31.624-0400][623.044s][info][gc,task     ] GC(339) Using 23 workers of 23 for evacuation
[2026-09-05T21:22:31.630-0400][623.049s][info][gc,phases   ] GC(339)   Pre Evacuate Collection Set: 0.19ms
[2026-09-05T21:22:31.630-0400][623.049s][info][gc,phases   ] GC(339)   Merge Heap Roots: 0.19ms
[2026-09-05T21:22:31.630-0400][623.049s][info][gc,phases   ] GC(339)   Evacuate Collection Set: 3.80ms
[2026-09-05T21:22:31.630-0400][623.049s][info][gc,phases   ] GC(339)   Post Evacuate Collection Set: 0.73ms
[2026-09-05T21:22:31.630-0400][623.049s][info][gc,phases   ] GC(339)   Other: 0.23ms
[2026-09-05T21:22:31.630-0400][623.049s][info][gc,heap     ] GC(339) Eden regions: 245->0(239)
[2026-09-05T21:22:31.630-0400][623.049s][info][gc,heap     ] GC(339) Survivor regions: 18->21(33)
[2026-09-05T21:22:31.630-0400][623.049s][info][gc,heap     ] GC(339) Old regions: 931->931
[2026-09-05T21:22:31.630-0400][623.049s][info][gc,heap     ] GC(339) Archive regions: 0->0
[2026-09-05T21:22:31.630-0400][623.049s][info][gc,heap     ] GC(339) Humongous regions: 30->30
[2026-09-05T21:22:31.630-0400][623.049s][info][gc,metaspace] GC(339) Metaspace: 154201K(156800K)->154201K(156800K) NonClass: 132279K(133696K)->132279K(133696K) Class: 21921K(23104K)->21921K(23104K)
[2026-09-05T21:22:31.630-0400][623.049s][info][gc          ] GC(339) Pause Young (Normal) (G1 Evacuation Pause) 2445M->1961M(2762M) 5.211ms
[2026-09-05T21:22:31.630-0400][623.050s][info][gc,cpu      ] GC(339) User=0.00s Sys=0.00s Real=0.01s
[2026-09-05T21:22:31.703-0400][623.123s][info][gc,start    ] GC(340) Pause Young (Normal) (G1 Evacuation Pause)
[2026-09-05T21:22:31.703-0400][623.123s][info][gc,task     ] GC(340) Using 23 workers of 23 for evacuation
[2026-09-05T21:22:31.708-0400][623.128s][info][gc,phases   ] GC(340)   Pre Evacuate Collection Set: 0.15ms
[2026-09-05T21:22:31.708-0400][623.128s][info][gc,phases   ] GC(340)   Merge Heap Roots: 0.13ms
[2026-09-05T21:22:31.708-0400][623.128s][info][gc,phases   ] GC(340)   Evacuate Collection Set: 3.49ms
[2026-09-05T21:22:31.708-0400][623.128s][info][gc,phases   ] GC(340)   Post Evacuate Collection Set: 0.58ms
[2026-09-05T21:22:31.708-0400][623.128s][info][gc,phases   ] GC(340)   Other: 0.14ms
[2026-09-05T21:22:31.708-0400][623.128s][info][gc,heap     ] GC(340) Eden regions: 239->0(242)
[2026-09-05T21:22:31.708-0400][623.128s][info][gc,heap     ] GC(340) Survivor regions: 21->18(33)
[2026-09-05T21:22:31.708-0400][623.128s][info][gc,heap     ] GC(340) Old regions: 931->934
[2026-09-05T21:22:31.708-0400][623.128s][info][gc,heap     ] GC(340) Archive regions: 0->0
[2026-09-05T21:22:31.708-0400][623.128s][info][gc,heap     ] GC(340) Humongous regions: 30->30
[2026-09-05T21:22:31.708-0400][623.128s][info][gc,metaspace] GC(340) Metaspace: 154201K(156800K)->154201K(156800K) NonClass: 132279K(133696K)->132279K(133696K) Class: 21921K(23104K)->21921K(23104K)
[2026-09-05T21:22:31.708-0400][623.128s][info][gc          ] GC(340) Pause Young (Normal) (G1 Evacuation Pause) 2439M->1963M(2762M) 4.647ms
[2026-09-05T21:22:31.708-0400][623.128s][info][gc,cpu      ] GC(340) User=0.00s Sys=0.00s Real=0.00s
[2026-09-05T21:22:32.112-0400][623.533s][info][gc,start    ] GC(341) Pause Young (Normal) (G1 Evacuation Pause)
[2026-09-05T21:22:32.112-0400][623.533s][info][gc,task     ] GC(341) Using 23 workers of 23 for evacuation
[2026-09-05T21:22:32.116-0400][623.536s][info][gc,phases   ] GC(341)   Pre Evacuate Collection Set: 0.19ms
[2026-09-05T21:22:32.116-0400][623.536s][info][gc,phases   ] GC(341)   Merge Heap Roots: 0.14ms
[2026-09-05T21:22:32.116-0400][623.536s][info][gc,phases   ] GC(341)   Evacuate Collection Set: 2.94ms
[2026-09-05T21:22:32.116-0400][623.536s][info][gc,phases   ] GC(341)   Post Evacuate Collection Set: 0.50ms
[2026-09-05T21:22:32.116-0400][623.536s][info][gc,phases   ] GC(341)   Other: 0.14ms
[2026-09-05T21:22:32.116-0400][623.536s][info][gc,heap     ] GC(341) Eden regions: 242->0(240)
[2026-09-05T21:22:32.116-0400][623.536s][info][gc,heap     ] GC(341) Survivor regions: 18->19(33)
[2026-09-05T21:22:32.116-0400][623.537s][info][gc,heap     ] GC(341) Old regions: 934->934
[2026-09-05T21:22:32.116-0400][623.537s][info][gc,heap     ] GC(341) Archive regions: 0->0
[2026-09-05T21:22:32.116-0400][623.537s][info][gc,heap     ] GC(341) Humongous regions: 30->30
[2026-09-05T21:22:32.116-0400][623.537s][info][gc,metaspace] GC(341) Metaspace: 154201K(156800K)->154201K(156800K) NonClass: 132279K(133696K)->132279K(133696K) Class: 21921K(23104K)->21921K(23104K)
[2026-09-05T21:22:32.116-0400][623.537s][info][gc          ] GC(341) Pause Young (Normal) (G1 Evacuation Pause) 2447M->1965M(2762M) 4.024ms
[2026-09-05T21:22:32.116-0400][623.537s][info][gc,cpu      ] GC(341) User=0.36s Sys=0.00s Real=0.00s
[2026-09-05T21:22:32.303-0400][623.723s][info][gc,start    ] GC(342) Pause Young (Normal) (G1 Evacuation Pause)
[2026-09-05T21:22:32.303-0400][623.723s][info][gc,task     ] GC(342) Using 23 workers of 23 for evacuation
[2026-09-05T21:22:32.307-0400][623.728s][info][gc,phases   ] GC(342)   Pre Evacuate Collection Set: 0.20ms
[2026-09-05T21:22:32.307-0400][623.728s][info][gc,phases   ] GC(342)   Merge Heap Roots: 0.17ms
[2026-09-05T21:22:32.307-0400][623.728s][info][gc,phases   ] GC(342)   Evacuate Collection Set: 3.66ms
[2026-09-05T21:22:32.307-0400][623.728s][info][gc,phases   ] GC(342)   Post Evacuate Collection Set: 0.78ms
[2026-09-05T21:22:32.307-0400][623.728s][info][gc,phases   ] GC(342)   Other: 0.18ms
[2026-09-05T21:22:32.307-0400][623.728s][info][gc,heap     ] GC(342) Eden regions: 240->0(237)
[2026-09-05T21:22:32.307-0400][623.728s][info][gc,heap     ] GC(342) Survivor regions: 19->19(33)
[2026-09-05T21:22:32.307-0400][623.728s][info][gc,heap     ] GC(342) Old regions: 934->937
[2026-09-05T21:22:32.307-0400][623.728s][info][gc,heap     ] GC(342) Archive regions: 0->0
[2026-09-05T21:22:32.307-0400][623.728s][info][gc,heap     ] GC(342) Humongous regions: 30->30
[2026-09-05T21:22:32.307-0400][623.728s][info][gc,metaspace] GC(342) Metaspace: 154201K(156800K)->154201K(156800K) NonClass: 132279K(133696K)->132279K(133696K) Class: 21921K(23104K)->21921K(23104K)
[2026-09-05T21:22:32.307-0400][623.728s][info][gc          ] GC(342) Pause Young (Normal) (G1 Evacuation Pause) 2445M->1969M(2762M) 5.101ms
[2026-09-05T21:22:32.307-0400][623.728s][info][gc,cpu      ] GC(342) User=0.00s Sys=0.00s Real=0.00s
[2026-09-05T21:22:32.366-0400][623.786s][info][gc,start    ] GC(343) Pause Young (Normal) (G1 Evacuation Pause)
[2026-09-05T21:22:32.366-0400][623.786s][info][gc,task     ] GC(343) Using 23 workers of 23 for evacuation
[2026-09-05T21:22:32.370-0400][623.790s][info][gc,phases   ] GC(343)   Pre Evacuate Collection Set: 0.20ms
[2026-09-05T21:22:32.370-0400][623.790s][info][gc,phases   ] GC(343)   Merge Heap Roots: 0.18ms
[2026-09-05T21:22:32.370-0400][623.790s][info][gc,phases   ] GC(343)   Evacuate Collection Set: 3.21ms
[2026-09-05T21:22:32.370-0400][623.790s][info][gc,phases   ] GC(343)   Post Evacuate Collection Set: 0.55ms
[2026-09-05T21:22:32.370-0400][623.790s][info][gc,phases   ] GC(343)   Other: 0.15ms
[2026-09-05T21:22:32.370-0400][623.790s][info][gc,heap     ] GC(343) Eden regions: 237->0(236)
[2026-09-05T21:22:32.370-0400][623.790s][info][gc,heap     ] GC(343) Survivor regions: 19->19(32)
[2026-09-05T21:22:32.370-0400][623.790s][info][gc,heap     ] GC(343) Old regions: 937->938
[2026-09-05T21:22:32.370-0400][623.790s][info][gc,heap     ] GC(343) Archive regions: 0->0
[2026-09-05T21:22:32.370-0400][623.790s][info][gc,heap     ] GC(343) Humongous regions: 30->30
[2026-09-05T21:22:32.370-0400][623.790s][info][gc,metaspace] GC(343) Metaspace: 154201K(156800K)->154201K(156800K) NonClass: 132279K(133696K)->132279K(133696K) Class: 21921K(23104K)->21921K(23104K)
[2026-09-05T21:22:32.370-0400][623.790s][info][gc          ] GC(343) Pause Young (Normal) (G1 Evacuation Pause) 2443M->1971M(2762M) 4.426ms
[2026-09-05T21:22:32.370-0400][623.790s][info][gc,cpu      ] GC(343) User=0.00s Sys=0.00s Real=0.00s
[2026-09-05T21:22:32.723-0400][624.142s][info][gc,start    ] GC(344) Pause Young (Normal) (G1 Evacuation Pause)
[2026-09-05T21:22:32.723-0400][624.142s][info][gc,task     ] GC(344) Using 23 workers of 23 for evacuation
[2026-09-05T21:22:32.726-0400][624.146s][info][gc,phases   ] GC(344)   Pre Evacuate Collection Set: 0.24ms
[2026-09-05T21:22:32.726-0400][624.146s][info][gc,phases   ] GC(344)   Merge Heap Roots: 0.14ms
[2026-09-05T21:22:32.726-0400][624.146s][info][gc,phases   ] GC(344)   Evacuate Collection Set: 2.45ms
[2026-09-05T21:22:32.726-0400][624.146s][info][gc,phases   ] GC(344)   Post Evacuate Collection Set: 0.63ms
[2026-09-05T21:22:32.726-0400][624.146s][info][gc,phases   ] GC(344)   Other: 0.14ms
[2026-09-05T21:22:32.726-0400][624.146s][info][gc,heap     ] GC(344) Eden regions: 236->0(239)
[2026-09-05T21:22:32.726-0400][624.146s][info][gc,heap     ] GC(344) Survivor regions: 19->17(32)
[2026-09-05T21:22:32.726-0400][624.146s][info][gc,heap     ] GC(344) Old regions: 938->939
[2026-09-05T21:22:32.726-0400][624.146s][info][gc,heap     ] GC(344) Archive regions: 0->0
[2026-09-05T21:22:32.726-0400][624.146s][info][gc,heap     ] GC(344) Humongous regions: 30->30
[2026-09-05T21:22:32.726-0400][624.146s][info][gc,metaspace] GC(344) Metaspace: 154201K(156800K)->154201K(156800K) NonClass: 132279K(133696K)->132279K(133696K) Class: 21921K(23104K)->21921K(23104K)
[2026-09-05T21:22:32.726-0400][624.146s][info][gc          ] GC(344) Pause Young (Normal) (G1 Evacuation Pause) 2442M->1970M(2762M) 3.710ms
[2026-09-05T21:22:32.726-0400][624.146s][info][gc,cpu      ] GC(344) User=0.36s Sys=0.00s Real=0.00s
[2026-09-05T21:22:32.990-0400][624.410s][info][gc,start    ] GC(345) Pause Young (Normal) (GCLocker Initiated GC)
[2026-09-05T21:22:32.990-0400][624.410s][info][gc,task     ] GC(345) Using 23 workers of 23 for evacuation
[2026-09-05T21:22:32.994-0400][624.414s][info][gc,phases   ] GC(345)   Pre Evacuate Collection Set: 0.18ms
[2026-09-05T21:22:32.994-0400][624.414s][info][gc,phases   ] GC(345)   Merge Heap Roots: 0.12ms
[2026-09-05T21:22:32.994-0400][624.414s][info][gc,phases   ] GC(345)   Evacuate Collection Set: 3.04ms
[2026-09-05T21:22:32.994-0400][624.414s][info][gc,phases   ] GC(345)   Post Evacuate Collection Set: 0.62ms
[2026-09-05T21:22:32.994-0400][624.414s][info][gc,phases   ] GC(345)   Other: 0.12ms
[2026-09-05T21:22:32.994-0400][624.414s][info][gc,heap     ] GC(345) Eden regions: 239->0(233)
[2026-09-05T21:22:32.994-0400][624.414s][info][gc,heap     ] GC(345) Survivor regions: 17->20(32)
[2026-09-05T21:22:32.994-0400][624.414s][info][gc,heap     ] GC(345) Old regions: 939->939
[2026-09-05T21:22:32.994-0400][624.414s][info][gc,heap     ] GC(345) Archive regions: 0->0
[2026-09-05T21:22:32.994-0400][624.414s][info][gc,heap     ] GC(345) Humongous regions: 30->30
[2026-09-05T21:22:32.994-0400][624.414s][info][gc,metaspace] GC(345) Metaspace: 154203K(156800K)->154203K(156800K) NonClass: 132281K(133696K)->132281K(133696K) Class: 21922K(23104K)->21922K(23104K)
[2026-09-05T21:22:32.994-0400][624.414s][info][gc          ] GC(345) Pause Young (Normal) (GCLocker Initiated GC) 2448M->1976M(2762M) 4.224ms
[2026-09-05T21:22:32.994-0400][624.414s][info][gc,cpu      ] GC(345) User=0.17s Sys=0.00s Real=0.00s
[2026-09-05T21:22:33.114-0400][624.534s][info][gc,start    ] GC(346) Pause Young (Normal) (G1 Evacuation Pause)
[2026-09-05T21:22:33.114-0400][624.534s][info][gc,task     ] GC(346) Using 23 workers of 23 for evacuation
[2026-09-05T21:22:33.118-0400][624.538s][info][gc,phases   ] GC(346)   Pre Evacuate Collection Set: 0.19ms
[2026-09-05T21:22:33.118-0400][624.538s][info][gc,phases   ] GC(346)   Merge Heap Roots: 0.16ms
[2026-09-05T21:22:33.118-0400][624.538s][info][gc,phases   ] GC(346)   Evacuate Collection Set: 2.98ms
[2026-09-05T21:22:33.118-0400][624.538s][info][gc,phases   ] GC(346)   Post Evacuate Collection Set: 0.64ms
[2026-09-05T21:22:33.118-0400][624.538s][info][gc,phases   ] GC(346)   Other: 0.14ms
[2026-09-05T21:22:33.118-0400][624.538s][info][gc,heap     ] GC(346) Eden regions: 233->0(236)
[2026-09-05T21:22:33.118-0400][624.538s][info][gc,heap     ] GC(346) Survivor regions: 20->17(32)
[2026-09-05T21:22:33.118-0400][624.538s][info][gc,heap     ] GC(346) Old regions: 939->942
[2026-09-05T21:22:33.118-0400][624.538s][info][gc,heap     ] GC(346) Archive regions: 0->0
[2026-09-05T21:22:33.118-0400][624.538s][info][gc,heap     ] GC(346) Humongous regions: 30->30
[2026-09-05T21:22:33.118-0400][624.538s][info][gc,metaspace] GC(346) Metaspace: 154204K(156800K)->154204K(156800K) NonClass: 132282K(133696K)->132282K(133696K) Class: 21922K(23104K)->21922K(23104K)
[2026-09-05T21:22:33.118-0400][624.538s][info][gc          ] GC(346) Pause Young (Normal) (G1 Evacuation Pause) 2442M->1977M(2762M) 4.267ms
[2026-09-05T21:22:33.118-0400][624.538s][info][gc,cpu      ] GC(346) User=0.33s Sys=0.00s Real=0.00s
[2026-09-05T21:22:33.325-0400][624.746s][info][gc,start    ] GC(347) Pause Young (Normal) (G1 Evacuation Pause)
[2026-09-05T21:22:33.325-0400][624.746s][info][gc,task     ] GC(347) Using 23 workers of 23 for evacuation
[2026-09-05T21:22:33.331-0400][624.750s][info][gc,phases   ] GC(347)   Pre Evacuate Collection Set: 0.33ms
[2026-09-05T21:22:33.331-0400][624.750s][info][gc,phases   ] GC(347)   Merge Heap Roots: 0.19ms
[2026-09-05T21:22:33.331-0400][624.750s][info][gc,phases   ] GC(347)   Evacuate Collection Set: 3.03ms
[2026-09-05T21:22:33.331-0400][624.750s][info][gc,phases   ] GC(347)   Post Evacuate Collection Set: 0.65ms
[2026-09-05T21:22:33.331-0400][624.750s][info][gc,phases   ] GC(347)   Other: 0.16ms
[2026-09-05T21:22:33.331-0400][624.750s][info][gc,heap     ] GC(347) Eden regions: 236->0(232)
[2026-09-05T21:22:33.331-0400][624.750s][info][gc,heap     ] GC(347) Survivor regions: 17->19(32)
[2026-09-05T21:22:33.331-0400][624.750s][info][gc,heap     ] GC(347) Old regions: 942->942
[2026-09-05T21:22:33.331-0400][624.750s][info][gc,heap     ] GC(347) Archive regions: 0->0
[2026-09-05T21:22:33.331-0400][624.750s][info][gc,heap     ] GC(347) Humongous regions: 30->30
[2026-09-05T21:22:33.331-0400][624.750s][info][gc,metaspace] GC(347) Metaspace: 154204K(156800K)->154204K(156800K) NonClass: 132282K(133696K)->132282K(133696K) Class: 21922K(23104K)->21922K(23104K)
[2026-09-05T21:22:33.331-0400][624.750s][info][gc          ] GC(347) Pause Young (Normal) (G1 Evacuation Pause) 2449M->1981M(2762M) 4.498ms
[2026-09-05T21:22:33.331-0400][624.750s][info][gc,cpu      ] GC(347) User=0.00s Sys=0.00s Real=0.01s
[2026-09-05T21:22:33.645-0400][625.066s][info][gc,start    ] GC(348) Pause Young (Normal) (G1 Evacuation Pause)
[2026-09-05T21:22:33.646-0400][625.066s][info][gc,task     ] GC(348) Using 23 workers of 23 for evacuation
[2026-09-05T21:22:33.649-0400][625.070s][info][gc,phases   ] GC(348)   Pre Evacuate Collection Set: 0.26ms
[2026-09-05T21:22:33.649-0400][625.070s][info][gc,phases   ] GC(348)   Merge Heap Roots: 0.15ms
[2026-09-05T21:22:33.649-0400][625.070s][info][gc,phases   ] GC(348)   Evacuate Collection Set: 2.98ms
[2026-09-05T21:22:33.649-0400][625.070s][info][gc,phases   ] GC(348)   Post Evacuate Collection Set: 0.58ms
[2026-09-05T21:22:33.649-0400][625.070s][info][gc,phases   ] GC(348)   Other: 0.17ms
[2026-09-05T21:22:33.649-0400][625.070s][info][gc,heap     ] GC(348) Eden regions: 232->0(230)
[2026-09-05T21:22:33.649-0400][625.070s][info][gc,heap     ] GC(348) Survivor regions: 19->19(32)
[2026-09-05T21:22:33.649-0400][625.070s][info][gc,heap     ] GC(348) Old regions: 942->944
[2026-09-05T21:22:33.649-0400][625.070s][info][gc,heap     ] GC(348) Archive regions: 0->0
[2026-09-05T21:22:33.649-0400][625.070s][info][gc,heap     ] GC(348) Humongous regions: 30->30
[2026-09-05T21:22:33.650-0400][625.070s][info][gc,metaspace] GC(348) Metaspace: 154204K(156800K)->154204K(156800K) NonClass: 132282K(133696K)->132282K(133696K) Class: 21922K(23104K)->21922K(23104K)
[2026-09-05T21:22:33.650-0400][625.070s][info][gc          ] GC(348) Pause Young (Normal) (G1 Evacuation Pause) 2445M->1983M(2762M) 4.257ms
[2026-09-05T21:22:33.650-0400][625.070s][info][gc,cpu      ] GC(348) User=0.19s Sys=0.00s Real=0.01s
[2026-09-05T21:22:35.032-0400][626.452s][info][gc,start    ] GC(349) Pause Young (Normal) (G1 Evacuation Pause)
[2026-09-05T21:22:35.032-0400][626.452s][info][gc,task     ] GC(349) Using 23 workers of 23 for evacuation
[2026-09-05T21:22:35.036-0400][626.456s][info][gc,phases   ] GC(349)   Pre Evacuate Collection Set: 0.24ms
[2026-09-05T21:22:35.036-0400][626.456s][info][gc,phases   ] GC(349)   Merge Heap Roots: 0.19ms
[2026-09-05T21:22:35.036-0400][626.456s][info][gc,phases   ] GC(349)   Evacuate Collection Set: 2.62ms
[2026-09-05T21:22:35.036-0400][626.456s][info][gc,phases   ] GC(349)   Post Evacuate Collection Set: 0.82ms
[2026-09-05T21:22:35.036-0400][626.456s][info][gc,phases   ] GC(349)   Other: 0.14ms
[2026-09-05T21:22:35.036-0400][626.456s][info][gc,heap     ] GC(349) Eden regions: 230->0(231)
[2026-09-05T21:22:35.036-0400][626.456s][info][gc,heap     ] GC(349) Survivor regions: 19->17(32)
[2026-09-05T21:22:35.036-0400][626.456s][info][gc,heap     ] GC(349) Old regions: 944->947
[2026-09-05T21:22:35.036-0400][626.456s][info][gc,heap     ] GC(349) Archive regions: 0->0
[2026-09-05T21:22:35.036-0400][626.456s][info][gc,heap     ] GC(349) Humongous regions: 30->30
[2026-09-05T21:22:35.036-0400][626.456s][info][gc,metaspace] GC(349) Metaspace: 154207K(156800K)->154207K(156800K) NonClass: 132285K(133696K)->132285K(133696K) Class: 21922K(23104K)->21922K(23104K)
[2026-09-05T21:22:35.036-0400][626.456s][info][gc          ] GC(349) Pause Young (Normal) (G1 Evacuation Pause) 2443M->1985M(2762M) 4.140ms
[2026-09-05T21:22:35.036-0400][626.456s][info][gc,cpu      ] GC(349) User=0.00s Sys=0.00s Real=0.00s
[2026-09-05T21:22:36.361-0400][627.782s][info][gc,start    ] GC(350) Pause Young (Normal) (G1 Evacuation Pause)
[2026-09-05T21:22:36.361-0400][627.782s][info][gc,task     ] GC(350) Using 23 workers of 23 for evacuation
[2026-09-05T21:22:36.372-0400][627.793s][info][gc,phases   ] GC(350)   Pre Evacuate Collection Set: 0.13ms
[2026-09-05T21:22:36.372-0400][627.793s][info][gc,phases   ] GC(350)   Merge Heap Roots: 0.11ms
[2026-09-05T21:22:36.372-0400][627.793s][info][gc,phases   ] GC(350)   Evacuate Collection Set: 9.96ms
[2026-09-05T21:22:36.372-0400][627.793s][info][gc,phases   ] GC(350)   Post Evacuate Collection Set: 0.69ms
[2026-09-05T21:22:36.372-0400][627.793s][info][gc,phases   ] GC(350)   Other: 0.13ms
[2026-09-05T21:22:36.372-0400][627.793s][info][gc,heap     ] GC(350) Eden regions: 231->0(154)
[2026-09-05T21:22:36.372-0400][627.793s][info][gc,heap     ] GC(350) Survivor regions: 17->31(31)
[2026-09-05T21:22:36.372-0400][627.793s][info][gc,heap     ] GC(350) Old regions: 947->973
[2026-09-05T21:22:36.372-0400][627.793s][info][gc,heap     ] GC(350) Archive regions: 0->0
[2026-09-05T21:22:36.372-0400][627.793s][info][gc,heap     ] GC(350) Humongous regions: 30->30
[2026-09-05T21:22:36.372-0400][627.793s][info][gc,metaspace] GC(350) Metaspace: 154241K(156864K)->154241K(156864K) NonClass: 132316K(133760K)->132316K(133760K) Class: 21925K(23104K)->21925K(23104K)
[2026-09-05T21:22:36.372-0400][627.793s][info][gc          ] GC(350) Pause Young (Normal) (G1 Evacuation Pause) 2447M->2067M(2762M) 11.162ms
[2026-09-05T21:22:36.372-0400][627.793s][info][gc,cpu      ] GC(350) User=0.34s Sys=0.02s Real=0.01s
[2026-09-05T21:22:36.530-0400][627.950s][info][gc,start    ] GC(351) Pause Young (Normal) (G1 Evacuation Pause)
[2026-09-05T21:22:36.530-0400][627.950s][info][gc,task     ] GC(351) Using 23 workers of 23 for evacuation
[2026-09-05T21:22:36.539-0400][627.959s][info][gc,phases   ] GC(351)   Pre Evacuate Collection Set: 0.13ms
[2026-09-05T21:22:36.539-0400][627.959s][info][gc,phases   ] GC(351)   Merge Heap Roots: 0.12ms
[2026-09-05T21:22:36.539-0400][627.959s][info][gc,phases   ] GC(351)   Evacuate Collection Set: 8.28ms
[2026-09-05T21:22:36.539-0400][627.959s][info][gc,phases   ] GC(351)   Post Evacuate Collection Set: 0.47ms
[2026-09-05T21:22:36.539-0400][627.959s][info][gc,phases   ] GC(351)   Other: 0.13ms
[2026-09-05T21:22:36.540-0400][627.959s][info][gc,heap     ] GC(351) Eden regions: 154->0(128)
[2026-09-05T21:22:36.540-0400][627.959s][info][gc,heap     ] GC(351) Survivor regions: 31->24(24)
[2026-09-05T21:22:36.540-0400][627.959s][info][gc,heap     ] GC(351) Old regions: 973->1007
[2026-09-05T21:22:36.540-0400][627.959s][info][gc,heap     ] GC(351) Archive regions: 0->0
[2026-09-05T21:22:36.540-0400][627.959s][info][gc,heap     ] GC(351) Humongous regions: 30->30
[2026-09-05T21:22:36.540-0400][627.959s][info][gc,metaspace] GC(351) Metaspace: 154244K(156864K)->154244K(156864K) NonClass: 132319K(133760K)->132319K(133760K) Class: 21925K(23104K)->21925K(23104K)
[2026-09-05T21:22:36.540-0400][627.959s][info][gc          ] GC(351) Pause Young (Normal) (G1 Evacuation Pause) 2375M->2121M(2762M) 9.244ms
[2026-09-05T21:22:36.540-0400][627.959s][info][gc,cpu      ] GC(351) User=0.36s Sys=0.00s Real=0.01s
[2026-09-05T21:22:36.732-0400][628.152s][info][gc,start    ] GC(352) Pause Young (Normal) (GCLocker Initiated GC)
[2026-09-05T21:22:36.732-0400][628.152s][info][gc,task     ] GC(352) Using 23 workers of 23 for evacuation
[2026-09-05T21:22:36.739-0400][628.159s][info][gc,phases   ] GC(352)   Pre Evacuate Collection Set: 0.19ms
[2026-09-05T21:22:36.739-0400][628.159s][info][gc,phases   ] GC(352)   Merge Heap Roots: 0.17ms
[2026-09-05T21:22:36.739-0400][628.159s][info][gc,phases   ] GC(352)   Evacuate Collection Set: 5.67ms
[2026-09-05T21:22:36.739-0400][628.159s][info][gc,phases   ] GC(352)   Post Evacuate Collection Set: 0.58ms
[2026-09-05T21:22:36.739-0400][628.159s][info][gc,phases   ] GC(352)   Other: 0.11ms
[2026-09-05T21:22:36.739-0400][628.159s][info][gc,heap     ] GC(352) Eden regions: 129->0(122)
[2026-09-05T21:22:36.739-0400][628.159s][info][gc,heap     ] GC(352) Survivor regions: 24->12(19)
[2026-09-05T21:22:36.739-0400][628.159s][info][gc,heap     ] GC(352) Old regions: 1007->1033
[2026-09-05T21:22:36.739-0400][628.159s][info][gc,heap     ] GC(352) Archive regions: 0->0
[2026-09-05T21:22:36.739-0400][628.159s][info][gc,heap     ] GC(352) Humongous regions: 31->31
[2026-09-05T21:22:36.739-0400][628.159s][info][gc,metaspace] GC(352) Metaspace: 154266K(156864K)->154266K(156864K) NonClass: 132336K(133760K)->132336K(133760K) Class: 21929K(23104K)->21929K(23104K)
[2026-09-05T21:22:36.739-0400][628.159s][info][gc          ] GC(352) Pause Young (Normal) (GCLocker Initiated GC) 2380M->2150M(2762M) 6.841ms
[2026-09-05T21:22:36.739-0400][628.159s][info][gc,cpu      ] GC(352) User=0.00s Sys=0.00s Real=0.01s
[2026-09-05T21:22:36.790-0400][628.211s][info][gc,start    ] GC(353) Pause Young (Normal) (G1 Evacuation Pause)
[2026-09-05T21:22:36.790-0400][628.211s][info][gc,task     ] GC(353) Using 23 workers of 23 for evacuation
[2026-09-05T21:22:36.796-0400][628.216s][info][gc,phases   ] GC(353)   Pre Evacuate Collection Set: 0.14ms
[2026-09-05T21:22:36.797-0400][628.216s][info][gc,phases   ] GC(353)   Merge Heap Roots: 0.12ms
[2026-09-05T21:22:36.797-0400][628.216s][info][gc,phases   ] GC(353)   Evacuate Collection Set: 4.50ms
[2026-09-05T21:22:36.797-0400][628.216s][info][gc,phases   ] GC(353)   Post Evacuate Collection Set: 0.51ms
[2026-09-05T21:22:36.797-0400][628.216s][info][gc,phases   ] GC(353)   Other: 0.13ms
[2026-09-05T21:22:36.797-0400][628.216s][info][gc,heap     ] GC(353) Eden regions: 122->0(119)
[2026-09-05T21:22:36.797-0400][628.216s][info][gc,heap     ] GC(353) Survivor regions: 12->11(17)
[2026-09-05T21:22:36.797-0400][628.216s][info][gc,heap     ] GC(353) Old regions: 1033->1042
[2026-09-05T21:22:36.797-0400][628.216s][info][gc,heap     ] GC(353) Archive regions: 0->0
[2026-09-05T21:22:36.797-0400][628.216s][info][gc,heap     ] GC(353) Humongous regions: 31->31
[2026-09-05T21:22:36.797-0400][628.216s][info][gc,metaspace] GC(353) Metaspace: 154266K(156864K)->154266K(156864K) NonClass: 132336K(133760K)->132336K(133760K) Class: 21929K(23104K)->21929K(23104K)
[2026-09-05T21:22:36.797-0400][628.216s][info][gc          ] GC(353) Pause Young (Normal) (G1 Evacuation Pause) 2394M->2166M(2762M) 5.556ms
[2026-09-05T21:22:36.797-0400][628.216s][info][gc,cpu      ] GC(353) User=0.00s Sys=0.00s Real=0.01s
[2026-09-05T21:22:36.852-0400][628.272s][info][gc,start    ] GC(354) Pause Young (Normal) (G1 Evacuation Pause)
[2026-09-05T21:22:36.852-0400][628.272s][info][gc,task     ] GC(354) Using 23 workers of 23 for evacuation
[2026-09-05T21:22:36.856-0400][628.276s][info][gc,phases   ] GC(354)   Pre Evacuate Collection Set: 0.21ms
[2026-09-05T21:22:36.856-0400][628.276s][info][gc,phases   ] GC(354)   Merge Heap Roots: 0.12ms
[2026-09-05T21:22:36.856-0400][628.276s][info][gc,phases   ] GC(354)   Evacuate Collection Set: 3.11ms
[2026-09-05T21:22:36.856-0400][628.276s][info][gc,phases   ] GC(354)   Post Evacuate Collection Set: 0.40ms
[2026-09-05T21:22:36.856-0400][628.276s][info][gc,phases   ] GC(354)   Other: 0.11ms
[2026-09-05T21:22:36.856-0400][628.276s][info][gc,heap     ] GC(354) Eden regions: 119->0(116)
[2026-09-05T21:22:36.856-0400][628.276s][info][gc,heap     ] GC(354) Survivor regions: 11->10(17)
[2026-09-05T21:22:36.856-0400][628.276s][info][gc,heap     ] GC(354) Old regions: 1042->1050
[2026-09-05T21:22:36.856-0400][628.276s][info][gc,heap     ] GC(354) Archive regions: 0->0
[2026-09-05T21:22:36.856-0400][628.276s][info][gc,heap     ] GC(354) Humongous regions: 31->31
[2026-09-05T21:22:36.856-0400][628.276s][info][gc,metaspace] GC(354) Metaspace: 154266K(156864K)->154266K(156864K) NonClass: 132336K(133760K)->132336K(133760K) Class: 21929K(23104K)->21929K(23104K)
[2026-09-05T21:22:36.856-0400][628.276s][info][gc          ] GC(354) Pause Young (Normal) (G1 Evacuation Pause) 2404M->2180M(2762M) 4.066ms
[2026-09-05T21:22:36.856-0400][628.276s][info][gc,cpu      ] GC(354) User=0.00s Sys=0.00s Real=0.00s
[2026-09-05T21:22:36.902-0400][628.322s][info][gc,start    ] GC(355) Pause Young (Normal) (G1 Evacuation Pause)
[2026-09-05T21:22:36.902-0400][628.322s][info][gc,task     ] GC(355) Using 23 workers of 23 for evacuation
[2026-09-05T21:22:36.906-0400][628.326s][info][gc,phases   ] GC(355)   Pre Evacuate Collection Set: 0.15ms
[2026-09-05T21:22:36.906-0400][628.326s][info][gc,phases   ] GC(355)   Merge Heap Roots: 0.12ms
[2026-09-05T21:22:36.906-0400][628.326s][info][gc,phases   ] GC(355)   Evacuate Collection Set: 3.40ms
[2026-09-05T21:22:36.906-0400][628.326s][info][gc,phases   ] GC(355)   Post Evacuate Collection Set: 0.38ms
[2026-09-05T21:22:36.906-0400][628.326s][info][gc,phases   ] GC(355)   Other: 0.11ms
[2026-09-05T21:22:36.906-0400][628.326s][info][gc,heap     ] GC(355) Eden regions: 116->0(111)
[2026-09-05T21:22:36.906-0400][628.326s][info][gc,heap     ] GC(355) Survivor regions: 10->10(16)
[2026-09-05T21:22:36.906-0400][628.326s][info][gc,heap     ] GC(355) Old regions: 1050->1059
[2026-09-05T21:22:36.906-0400][628.326s][info][gc,heap     ] GC(355) Archive regions: 0->0
[2026-09-05T21:22:36.906-0400][628.326s][info][gc,heap     ] GC(355) Humongous regions: 31->31
[2026-09-05T21:22:36.906-0400][628.326s][info][gc,metaspace] GC(355) Metaspace: 154266K(156864K)->154266K(156864K) NonClass: 132337K(133760K)->132337K(133760K) Class: 21929K(23104K)->21929K(23104K)
[2026-09-05T21:22:36.906-0400][628.326s][info][gc          ] GC(355) Pause Young (Normal) (G1 Evacuation Pause) 2412M->2197M(2762M) 4.293ms
[2026-09-05T21:22:36.906-0400][628.326s][info][gc,cpu      ] GC(355) User=0.00s Sys=0.00s Real=0.00s
[2026-09-05T21:22:36.946-0400][628.366s][info][gc,start    ] GC(356) Pause Young (Normal) (GCLocker Initiated GC)
[2026-09-05T21:22:36.946-0400][628.366s][info][gc,task     ] GC(356) Using 23 workers of 23 for evacuation
[2026-09-05T21:22:36.951-0400][628.371s][info][gc,phases   ] GC(356)   Pre Evacuate Collection Set: 0.25ms
[2026-09-05T21:22:36.951-0400][628.371s][info][gc,phases   ] GC(356)   Merge Heap Roots: 0.11ms
[2026-09-05T21:22:36.951-0400][628.371s][info][gc,phases   ] GC(356)   Evacuate Collection Set: 4.25ms
[2026-09-05T21:22:36.951-0400][628.371s][info][gc,phases   ] GC(356)   Post Evacuate Collection Set: 0.60ms
[2026-09-05T21:22:36.951-0400][628.371s][info][gc,phases   ] GC(356)   Other: 0.13ms
[2026-09-05T21:22:36.951-0400][628.371s][info][gc,heap     ] GC(356) Eden regions: 112->0(106)
[2026-09-05T21:22:36.951-0400][628.371s][info][gc,heap     ] GC(356) Survivor regions: 10->9(16)
[2026-09-05T21:22:36.951-0400][628.371s][info][gc,heap     ] GC(356) Old regions: 1059->1068
[2026-09-05T21:22:36.951-0400][628.371s][info][gc,heap     ] GC(356) Archive regions: 0->0
[2026-09-05T21:22:36.951-0400][628.371s][info][gc,heap     ] GC(356) Humongous regions: 31->31
[2026-09-05T21:22:36.951-0400][628.371s][info][gc,metaspace] GC(356) Metaspace: 154266K(156864K)->154266K(156864K) NonClass: 132337K(133760K)->132337K(133760K) Class: 21929K(23104K)->21929K(23104K)
[2026-09-05T21:22:36.951-0400][628.371s][info][gc          ] GC(356) Pause Young (Normal) (GCLocker Initiated GC) 2420M->2212M(2762M) 5.498ms
[2026-09-05T21:22:36.951-0400][628.371s][info][gc,cpu      ] GC(356) User=0.00s Sys=0.00s Real=0.00s
[2026-09-05T21:22:36.997-0400][628.417s][info][gc,start    ] GC(357) Pause Young (Normal) (G1 Evacuation Pause)
[2026-09-05T21:22:36.997-0400][628.417s][info][gc,task     ] GC(357) Using 23 workers of 23 for evacuation
[2026-09-05T21:22:37.001-0400][628.421s][info][gc,phases   ] GC(357)   Pre Evacuate Collection Set: 0.22ms
[2026-09-05T21:22:37.001-0400][628.421s][info][gc,phases   ] GC(357)   Merge Heap Roots: 0.13ms
[2026-09-05T21:22:37.001-0400][628.421s][info][gc,phases   ] GC(357)   Evacuate Collection Set: 3.01ms
[2026-09-05T21:22:37.001-0400][628.421s][info][gc,phases   ] GC(357)   Post Evacuate Collection Set: 0.54ms
[2026-09-05T21:22:37.001-0400][628.421s][info][gc,phases   ] GC(357)   Other: 0.12ms
[2026-09-05T21:22:37.001-0400][628.421s][info][gc,heap     ] GC(357) Eden regions: 106->0(103)
[2026-09-05T21:22:37.001-0400][628.421s][info][gc,heap     ] GC(357) Survivor regions: 9->15(15)
[2026-09-05T21:22:37.001-0400][628.421s][info][gc,heap     ] GC(357) Old regions: 1068->1068
[2026-09-05T21:22:37.001-0400][628.421s][info][gc,heap     ] GC(357) Archive regions: 0->0
[2026-09-05T21:22:37.001-0400][628.421s][info][gc,heap     ] GC(357) Humongous regions: 31->31
[2026-09-05T21:22:37.001-0400][628.421s][info][gc,metaspace] GC(357) Metaspace: 154266K(156864K)->154266K(156864K) NonClass: 132337K(133760K)->132337K(133760K) Class: 21929K(23104K)->21929K(23104K)
[2026-09-05T21:22:37.001-0400][628.421s][info][gc          ] GC(357) Pause Young (Normal) (G1 Evacuation Pause) 2424M->2225M(2762M) 4.148ms
[2026-09-05T21:22:37.001-0400][628.421s][info][gc,cpu      ] GC(357) User=0.00s Sys=0.00s Real=0.00s
[2026-09-05T21:22:37.034-0400][628.454s][info][gc,start    ] GC(358) Pause Young (Concurrent Start) (G1 Evacuation Pause)
[2026-09-05T21:22:37.034-0400][628.454s][info][gc,task     ] GC(358) Using 23 workers of 23 for evacuation
[2026-09-05T21:22:37.039-0400][628.458s][info][gc,phases   ] GC(358)   Pre Evacuate Collection Set: 0.23ms
[2026-09-05T21:22:37.039-0400][628.458s][info][gc,phases   ] GC(358)   Merge Heap Roots: 0.11ms
[2026-09-05T21:22:37.039-0400][628.458s][info][gc,phases   ] GC(358)   Evacuate Collection Set: 3.40ms
[2026-09-05T21:22:37.039-0400][628.458s][info][gc,phases   ] GC(358)   Post Evacuate Collection Set: 0.58ms
[2026-09-05T21:22:37.039-0400][628.458s][info][gc,phases   ] GC(358)   Other: 0.18ms
[2026-09-05T21:22:37.039-0400][628.458s][info][gc,heap     ] GC(358) Eden regions: 103->0(121)
[2026-09-05T21:22:37.039-0400][628.458s][info][gc,heap     ] GC(358) Survivor regions: 15->14(15)
[2026-09-05T21:22:37.039-0400][628.458s][info][gc,heap     ] GC(358) Old regions: 1068->1074
[2026-09-05T21:22:37.039-0400][628.458s][info][gc,heap     ] GC(358) Archive regions: 0->0
[2026-09-05T21:22:37.039-0400][628.458s][info][gc,heap     ] GC(358) Humongous regions: 31->31
[2026-09-05T21:22:37.039-0400][628.458s][info][gc,metaspace] GC(358) Metaspace: 154266K(156864K)->154266K(156864K) NonClass: 132337K(133760K)->132337K(133760K) Class: 21929K(23104K)->21929K(23104K)
[2026-09-05T21:22:37.039-0400][628.458s][info][gc          ] GC(358) Pause Young (Concurrent Start) (G1 Evacuation Pause) 2431M->2236M(2816M) 4.622ms
[2026-09-05T21:22:37.039-0400][628.458s][info][gc,cpu      ] GC(358) User=0.36s Sys=0.00s Real=0.01s
[2026-09-05T21:22:37.039-0400][628.458s][info][gc          ] GC(359) Concurrent Mark Cycle
[2026-09-05T21:22:37.039-0400][628.458s][info][gc,marking  ] GC(359) Concurrent Clear Claimed Marks
[2026-09-05T21:22:37.039-0400][628.459s][info][gc,marking  ] GC(359) Concurrent Clear Claimed Marks 0.138ms
[2026-09-05T21:22:37.039-0400][628.459s][info][gc,marking  ] GC(359) Concurrent Scan Root Regions
[2026-09-05T21:22:37.041-0400][628.461s][info][gc,marking  ] GC(359) Concurrent Scan Root Regions 2.720ms
[2026-09-05T21:22:37.041-0400][628.461s][info][gc,marking  ] GC(359) Concurrent Mark
[2026-09-05T21:22:37.041-0400][628.461s][info][gc,marking  ] GC(359) Concurrent Mark From Roots
[2026-09-05T21:22:37.041-0400][628.461s][info][gc,task     ] GC(359) Using 6 workers of 6 for marking
[2026-09-05T21:22:37.091-0400][628.511s][info][gc,start    ] GC(360) Pause Young (Normal) (G1 Evacuation Pause)
[2026-09-05T21:22:37.091-0400][628.511s][info][gc,task     ] GC(360) Using 23 workers of 23 for evacuation
[2026-09-05T21:22:37.097-0400][628.516s][info][gc,phases   ] GC(360)   Pre Evacuate Collection Set: 0.18ms
[2026-09-05T21:22:37.097-0400][628.516s][info][gc,phases   ] GC(360)   Merge Heap Roots: 0.15ms
[2026-09-05T21:22:37.097-0400][628.516s][info][gc,phases   ] GC(360)   Evacuate Collection Set: 3.75ms
[2026-09-05T21:22:37.097-0400][628.516s][info][gc,phases   ] GC(360)   Post Evacuate Collection Set: 0.54ms
[2026-09-05T21:22:37.097-0400][628.516s][info][gc,phases   ] GC(360)   Other: 0.14ms
[2026-09-05T21:22:37.097-0400][628.516s][info][gc,heap     ] GC(360) Eden regions: 121->0(117)
[2026-09-05T21:22:37.097-0400][628.516s][info][gc,heap     ] GC(360) Survivor regions: 14->14(17)
[2026-09-05T21:22:37.097-0400][628.516s][info][gc,heap     ] GC(360) Old regions: 1074->1081
[2026-09-05T21:22:37.097-0400][628.516s][info][gc,heap     ] GC(360) Archive regions: 0->0
[2026-09-05T21:22:37.097-0400][628.516s][info][gc,heap     ] GC(360) Humongous regions: 31->31
[2026-09-05T21:22:37.097-0400][628.516s][info][gc,metaspace] GC(360) Metaspace: 154266K(156864K)->154266K(156864K) NonClass: 132337K(133760K)->132337K(133760K) Class: 21929K(23104K)->21929K(23104K)
[2026-09-05T21:22:37.097-0400][628.516s][info][gc          ] GC(360) Pause Young (Normal) (G1 Evacuation Pause) 2478M->2251M(2816M) 4.889ms
[2026-09-05T21:22:37.097-0400][628.516s][info][gc,cpu      ] GC(360) User=0.00s Sys=0.00s Real=0.01s
[2026-09-05T21:22:37.160-0400][628.580s][info][gc,marking  ] GC(359) Concurrent Mark From Roots 118.986ms
[2026-09-05T21:22:37.160-0400][628.580s][info][gc,marking  ] GC(359) Concurrent Preclean
[2026-09-05T21:22:37.161-0400][628.581s][info][gc,marking  ] GC(359) Concurrent Preclean 0.536ms
[2026-09-05T21:22:37.161-0400][628.581s][info][gc,start    ] GC(359) Pause Remark
[2026-09-05T21:22:37.173-0400][628.593s][info][gc          ] GC(359) Pause Remark 2429M->2369M(3950M) 12.322ms
[2026-09-05T21:22:37.173-0400][628.593s][info][gc,cpu      ] GC(359) User=0.00s Sys=0.02s Real=0.01s
[2026-09-05T21:22:37.173-0400][628.593s][info][gc,marking  ] GC(359) Concurrent Mark 132.173ms
[2026-09-05T21:22:37.173-0400][628.594s][info][gc,marking  ] GC(359) Concurrent Rebuild Remembered Sets
[2026-09-05T21:22:37.217-0400][628.637s][info][gc,start    ] GC(361) Pause Young (Normal) (G1 Evacuation Pause)
[2026-09-05T21:22:37.217-0400][628.637s][info][gc,task     ] GC(361) Using 23 workers of 23 for evacuation
[2026-09-05T21:22:37.223-0400][628.643s][info][gc,phases   ] GC(361)   Pre Evacuate Collection Set: 0.15ms
[2026-09-05T21:22:37.223-0400][628.643s][info][gc,phases   ] GC(361)   Merge Heap Roots: 0.18ms
[2026-09-05T21:22:37.223-0400][628.643s][info][gc,phases   ] GC(361)   Evacuate Collection Set: 5.16ms
[2026-09-05T21:22:37.223-0400][628.643s][info][gc,phases   ] GC(361)   Post Evacuate Collection Set: 0.47ms
[2026-09-05T21:22:37.223-0400][628.643s][info][gc,phases   ] GC(361)   Other: 0.13ms
[2026-09-05T21:22:37.223-0400][628.643s][info][gc,heap     ] GC(361) Eden regions: 117->0(580)
[2026-09-05T21:22:37.223-0400][628.643s][info][gc,heap     ] GC(361) Survivor regions: 14->17(17)
[2026-09-05T21:22:37.223-0400][628.643s][info][gc,heap     ] GC(361) Old regions: 1057->1063
[2026-09-05T21:22:37.223-0400][628.643s][info][gc,heap     ] GC(361) Archive regions: 0->0
[2026-09-05T21:22:37.223-0400][628.643s][info][gc,heap     ] GC(361) Humongous regions: 25->25
[2026-09-05T21:22:37.223-0400][628.643s][info][gc,metaspace] GC(361) Metaspace: 154276K(156864K)->154276K(156864K) NonClass: 132347K(133760K)->132347K(133760K) Class: 21929K(23104K)->21929K(23104K)
[2026-09-05T21:22:37.223-0400][628.643s][info][gc          ] GC(361) Pause Young (Normal) (G1 Evacuation Pause) 2425M->2209M(3950M) 6.226ms
[2026-09-05T21:22:37.223-0400][628.643s][info][gc,cpu      ] GC(361) User=0.00s Sys=0.00s Real=0.01s
[2026-09-05T21:22:37.259-0400][628.679s][info][gc,marking  ] GC(359) Concurrent Rebuild Remembered Sets 85.916ms
[2026-09-05T21:22:37.259-0400][628.680s][info][gc,start    ] GC(359) Pause Cleanup
[2026-09-05T21:22:37.260-0400][628.680s][info][gc          ] GC(359) Pause Cleanup 2271M->2271M(3950M) 0.517ms
[2026-09-05T21:22:37.260-0400][628.680s][info][gc,cpu      ] GC(359) User=0.00s Sys=0.00s Real=0.00s
[2026-09-05T21:22:37.260-0400][628.680s][info][gc,marking  ] GC(359) Concurrent Cleanup for Next Mark
[2026-09-05T21:22:37.263-0400][628.683s][info][gc,marking  ] GC(359) Concurrent Cleanup for Next Mark 3.238ms
[2026-09-05T21:22:37.263-0400][628.683s][info][gc          ] GC(359) Concurrent Mark Cycle 225.118ms
[2026-09-05T21:22:37.909-0400][629.329s][info][gc,start    ] GC(362) Pause Young (Prepare Mixed) (G1 Evacuation Pause)
[2026-09-05T21:22:37.909-0400][629.329s][info][gc,task     ] GC(362) Using 23 workers of 23 for evacuation
[2026-09-05T21:22:37.932-0400][629.352s][info][gc,phases   ] GC(362)   Pre Evacuate Collection Set: 0.27ms
[2026-09-05T21:22:37.932-0400][629.352s][info][gc,phases   ] GC(362)   Merge Heap Roots: 0.27ms
[2026-09-05T21:22:37.932-0400][629.352s][info][gc,phases   ] GC(362)   Evacuate Collection Set: 21.73ms
[2026-09-05T21:22:37.932-0400][629.352s][info][gc,phases   ] GC(362)   Post Evacuate Collection Set: 0.96ms
[2026-09-05T21:22:37.932-0400][629.352s][info][gc,phases   ] GC(362)   Other: 0.14ms
[2026-09-05T21:22:37.932-0400][629.352s][info][gc,heap     ] GC(362) Eden regions: 580->0(25)
[2026-09-05T21:22:37.932-0400][629.352s][info][gc,heap     ] GC(362) Survivor regions: 17->73(75)
[2026-09-05T21:22:37.932-0400][629.352s][info][gc,heap     ] GC(362) Old regions: 1063->1063
[2026-09-05T21:22:37.932-0400][629.352s][info][gc,heap     ] GC(362) Archive regions: 0->0
[2026-09-05T21:22:37.932-0400][629.352s][info][gc,heap     ] GC(362) Humongous regions: 25->25
[2026-09-05T21:22:37.932-0400][629.352s][info][gc,metaspace] GC(362) Metaspace: 154291K(156864K)->154291K(156864K) NonClass: 132361K(133760K)->132361K(133760K) Class: 21929K(23104K)->21929K(23104K)
[2026-09-05T21:22:37.932-0400][629.352s][info][gc          ] GC(362) Pause Young (Prepare Mixed) (G1 Evacuation Pause) 3369M->2320M(3950M) 23.523ms
[2026-09-05T21:22:37.932-0400][629.352s][info][gc,cpu      ] GC(362) User=0.69s Sys=0.02s Real=0.02s
[2026-09-05T21:22:37.964-0400][629.384s][info][gc,start    ] GC(363) Pause Young (Mixed) (GCLocker Initiated GC)
[2026-09-05T21:22:37.964-0400][629.384s][info][gc,task     ] GC(363) Using 23 workers of 23 for evacuation
[2026-09-05T21:22:37.976-0400][629.396s][info][gc,phases   ] GC(363)   Pre Evacuate Collection Set: 0.25ms
[2026-09-05T21:22:37.976-0400][629.396s][info][gc,phases   ] GC(363)   Merge Heap Roots: 0.21ms
[2026-09-05T21:22:37.976-0400][629.396s][info][gc,phases   ] GC(363)   Evacuate Collection Set: 10.71ms
[2026-09-05T21:22:37.976-0400][629.396s][info][gc,phases   ] GC(363)   Post Evacuate Collection Set: 0.78ms
[2026-09-05T21:22:37.976-0400][629.396s][info][gc,phases   ] GC(363)   Other: 0.13ms
[2026-09-05T21:22:37.976-0400][629.396s][info][gc,heap     ] GC(363) Eden regions: 25->0(86)
[2026-09-05T21:22:37.976-0400][629.397s][info][gc,heap     ] GC(363) Survivor regions: 73->12(13)
[2026-09-05T21:22:37.976-0400][629.397s][info][gc,heap     ] GC(363) Old regions: 1063->935
[2026-09-05T21:22:37.976-0400][629.397s][info][gc,heap     ] GC(363) Archive regions: 0->0
[2026-09-05T21:22:37.976-0400][629.397s][info][gc,heap     ] GC(363) Humongous regions: 28->27
[2026-09-05T21:22:37.976-0400][629.397s][info][gc,metaspace] GC(363) Metaspace: 154291K(156864K)->154291K(156864K) NonClass: 132361K(133760K)->132361K(133760K) Class: 21929K(23104K)->21929K(23104K)
[2026-09-05T21:22:37.976-0400][629.397s][info][gc          ] GC(363) Pause Young (Mixed) (GCLocker Initiated GC) 2376M->1947M(3950M) 12.276ms
[2026-09-05T21:22:37.976-0400][629.397s][info][gc,cpu      ] GC(363) User=0.34s Sys=0.02s Real=0.01s
[2026-09-05T21:22:38.066-0400][629.486s][info][gc,start    ] GC(364) Pause Young (Mixed) (GCLocker Initiated GC)
[2026-09-05T21:22:38.066-0400][629.486s][info][gc,task     ] GC(364) Using 23 workers of 23 for evacuation
[2026-09-05T21:22:38.074-0400][629.494s][info][gc,phases   ] GC(364)   Pre Evacuate Collection Set: 0.30ms
[2026-09-05T21:22:38.074-0400][629.494s][info][gc,phases   ] GC(364)   Merge Heap Roots: 0.24ms
[2026-09-05T21:22:38.074-0400][629.494s][info][gc,phases   ] GC(364)   Evacuate Collection Set: 7.14ms
[2026-09-05T21:22:38.074-0400][629.494s][info][gc,phases   ] GC(364)   Post Evacuate Collection Set: 0.73ms
[2026-09-05T21:22:38.074-0400][629.494s][info][gc,phases   ] GC(364)   Other: 0.13ms
[2026-09-05T21:22:38.074-0400][629.494s][info][gc,heap     ] GC(364) Eden regions: 86->0(85)
[2026-09-05T21:22:38.074-0400][629.494s][info][gc,heap     ] GC(364) Survivor regions: 12->13(13)
[2026-09-05T21:22:38.074-0400][629.494s][info][gc,heap     ] GC(364) Old regions: 935->761
[2026-09-05T21:22:38.074-0400][629.494s][info][gc,heap     ] GC(364) Archive regions: 0->0
[2026-09-05T21:22:38.074-0400][629.495s][info][gc,heap     ] GC(364) Humongous regions: 27->27
[2026-09-05T21:22:38.074-0400][629.495s][info][gc,metaspace] GC(364) Metaspace: 154291K(156864K)->154291K(156864K) NonClass: 132362K(133760K)->132362K(133760K) Class: 21929K(23104K)->21929K(23104K)
[2026-09-05T21:22:38.074-0400][629.495s][info][gc          ] GC(364) Pause Young (Mixed) (GCLocker Initiated GC) 2119M->1602M(3950M) 8.669ms
[2026-09-05T21:22:38.074-0400][629.495s][info][gc,cpu      ] GC(364) User=0.33s Sys=0.03s Real=0.01s
[2026-09-05T21:22:38.158-0400][629.578s][info][gc,start    ] GC(365) Pause Young (Mixed) (G1 Evacuation Pause)
[2026-09-05T21:22:38.158-0400][629.578s][info][gc,task     ] GC(365) Using 23 workers of 23 for evacuation
[2026-09-05T21:22:38.172-0400][629.592s][info][gc,phases   ] GC(365)   Pre Evacuate Collection Set: 0.19ms
[2026-09-05T21:22:38.172-0400][629.592s][info][gc,phases   ] GC(365)   Merge Heap Roots: 0.26ms
[2026-09-05T21:22:38.172-0400][629.592s][info][gc,phases   ] GC(365)   Evacuate Collection Set: 12.47ms
[2026-09-05T21:22:38.172-0400][629.592s][info][gc,phases   ] GC(365)   Post Evacuate Collection Set: 1.12ms
[2026-09-05T21:22:38.172-0400][629.592s][info][gc,phases   ] GC(365)   Other: 0.14ms
[2026-09-05T21:22:38.172-0400][629.592s][info][gc,heap     ] GC(365) Eden regions: 85->0(89)
[2026-09-05T21:22:38.172-0400][629.592s][info][gc,heap     ] GC(365) Survivor regions: 13->10(13)
[2026-09-05T21:22:38.172-0400][629.592s][info][gc,heap     ] GC(365) Old regions: 761->619
[2026-09-05T21:22:38.172-0400][629.592s][info][gc,heap     ] GC(365) Archive regions: 0->0
[2026-09-05T21:22:38.172-0400][629.592s][info][gc,heap     ] GC(365) Humongous regions: 27->27
[2026-09-05T21:22:38.172-0400][629.592s][info][gc,metaspace] GC(365) Metaspace: 154291K(156864K)->154291K(156864K) NonClass: 132362K(133760K)->132362K(133760K) Class: 21929K(23104K)->21929K(23104K)
[2026-09-05T21:22:38.172-0400][629.592s][info][gc          ] GC(365) Pause Young (Mixed) (G1 Evacuation Pause) 1771M->1310M(3980M) 14.309ms
[2026-09-05T21:22:38.172-0400][629.592s][info][gc,cpu      ] GC(365) User=0.38s Sys=0.02s Real=0.01s
[2026-09-05T21:22:38.268-0400][629.689s][info][gc,start    ] GC(366) Pause Young (Mixed) (G1 Evacuation Pause)
[2026-09-05T21:22:38.268-0400][629.689s][info][gc,task     ] GC(366) Using 23 workers of 23 for evacuation
[2026-09-05T21:22:38.275-0400][629.695s][info][gc,phases   ] GC(366)   Pre Evacuate Collection Set: 0.15ms
[2026-09-05T21:22:38.275-0400][629.695s][info][gc,phases   ] GC(366)   Merge Heap Roots: 0.18ms
[2026-09-05T21:22:38.275-0400][629.695s][info][gc,phases   ] GC(366)   Evacuate Collection Set: 5.80ms
[2026-09-05T21:22:38.275-0400][629.695s][info][gc,phases   ] GC(366)   Post Evacuate Collection Set: 0.45ms
[2026-09-05T21:22:38.275-0400][629.695s][info][gc,phases   ] GC(366)   Other: 0.13ms
[2026-09-05T21:22:38.275-0400][629.695s][info][gc,heap     ] GC(366) Eden regions: 89->0(966)
[2026-09-05T21:22:38.275-0400][629.695s][info][gc,heap     ] GC(366) Survivor regions: 10->10(13)
[2026-09-05T21:22:38.275-0400][629.695s][info][gc,heap     ] GC(366) Old regions: 619->614
[2026-09-05T21:22:38.275-0400][629.695s][info][gc,heap     ] GC(366) Archive regions: 0->0
[2026-09-05T21:22:38.275-0400][629.695s][info][gc,heap     ] GC(366) Humongous regions: 27->27
[2026-09-05T21:22:38.275-0400][629.695s][info][gc,metaspace] GC(366) Metaspace: 154291K(156864K)->154291K(156864K) NonClass: 132362K(133760K)->132362K(133760K) Class: 21929K(23104K)->21929K(23104K)
[2026-09-05T21:22:38.275-0400][629.695s][info][gc          ] GC(366) Pause Young (Mixed) (G1 Evacuation Pause) 1488M->1300M(3980M) 6.825ms
[2026-09-05T21:22:38.275-0400][629.696s][info][gc,cpu      ] GC(366) User=0.36s Sys=0.00s Real=0.01s
[2026-09-05T21:22:43.677-0400][635.097s][info][gc,start    ] GC(367) Pause Young (Normal) (GCLocker Initiated GC)
[2026-09-05T21:22:43.677-0400][635.097s][info][gc,task     ] GC(367) Using 23 workers of 23 for evacuation
[2026-09-05T21:22:43.690-0400][635.110s][info][gc,phases   ] GC(367)   Pre Evacuate Collection Set: 0.24ms
[2026-09-05T21:22:43.690-0400][635.110s][info][gc,phases   ] GC(367)   Merge Heap Roots: 0.34ms
[2026-09-05T21:22:43.690-0400][635.110s][info][gc,phases   ] GC(367)   Evacuate Collection Set: 11.32ms
[2026-09-05T21:22:43.690-0400][635.110s][info][gc,phases   ] GC(367)   Post Evacuate Collection Set: 0.86ms
[2026-09-05T21:22:43.690-0400][635.110s][info][gc,phases   ] GC(367)   Other: 0.25ms
[2026-09-05T21:22:43.690-0400][635.110s][info][gc,heap     ] GC(367) Eden regions: 967->0(959)
[2026-09-05T21:22:43.690-0400][635.110s][info][gc,heap     ] GC(367) Survivor regions: 10->44(122)
[2026-09-05T21:22:43.690-0400][635.110s][info][gc,heap     ] GC(367) Old regions: 614->614
[2026-09-05T21:22:43.690-0400][635.110s][info][gc,heap     ] GC(367) Archive regions: 0->0
[2026-09-05T21:22:43.690-0400][635.110s][info][gc,heap     ] GC(367) Humongous regions: 28->28
[2026-09-05T21:22:43.690-0400][635.110s][info][gc,metaspace] GC(367) Metaspace: 154320K(156928K)->154320K(156928K) NonClass: 132390K(133824K)->132390K(133824K) Class: 21929K(23104K)->21929K(23104K)
[2026-09-05T21:22:43.690-0400][635.110s][info][gc          ] GC(367) Pause Young (Normal) (GCLocker Initiated GC) 3236M->1369M(3980M) 13.165ms
[2026-09-05T21:22:43.690-0400][635.110s][info][gc,cpu      ] GC(367) User=0.20s Sys=0.09s Real=0.01s
[2026-09-05T21:22:44.140-0400][635.560s][info][gc,start    ] GC(368) Pause Young (Normal) (G1 Evacuation Pause)
[2026-09-05T21:22:44.140-0400][635.560s][info][gc,task     ] GC(368) Using 23 workers of 23 for evacuation
[2026-09-05T21:22:44.152-0400][635.573s][info][gc,phases   ] GC(368)   Pre Evacuate Collection Set: 0.26ms
[2026-09-05T21:22:44.152-0400][635.573s][info][gc,phases   ] GC(368)   Merge Heap Roots: 0.33ms
[2026-09-05T21:22:44.152-0400][635.573s][info][gc,phases   ] GC(368)   Evacuate Collection Set: 11.22ms
[2026-09-05T21:22:44.152-0400][635.573s][info][gc,phases   ] GC(368)   Post Evacuate Collection Set: 0.74ms
[2026-09-05T21:22:44.152-0400][635.573s][info][gc,phases   ] GC(368)   Other: 0.17ms
[2026-09-05T21:22:44.152-0400][635.573s][info][gc,heap     ] GC(368) Eden regions: 959->0(963)
[2026-09-05T21:22:44.152-0400][635.573s][info][gc,heap     ] GC(368) Survivor regions: 44->54(126)
[2026-09-05T21:22:44.152-0400][635.573s][info][gc,heap     ] GC(368) Old regions: 614->614
[2026-09-05T21:22:44.152-0400][635.573s][info][gc,heap     ] GC(368) Archive regions: 0->0
[2026-09-05T21:22:44.152-0400][635.573s][info][gc,heap     ] GC(368) Humongous regions: 28->28
[2026-09-05T21:22:44.152-0400][635.573s][info][gc,metaspace] GC(368) Metaspace: 154380K(156992K)->154380K(156992K) NonClass: 132446K(133888K)->132446K(133888K) Class: 21933K(23104K)->21933K(23104K)
[2026-09-05T21:22:44.152-0400][635.573s][info][gc          ] GC(368) Pause Young (Normal) (G1 Evacuation Pause) 3287M->1389M(3980M) 12.855ms
[2026-09-05T21:22:44.153-0400][635.573s][info][gc,cpu      ] GC(368) User=0.34s Sys=0.02s Real=0.01s
[2026-09-05T21:22:50.458-0400][641.877s][info][gc,start    ] GC(369) Pause Young (Concurrent Start) (G1 Humongous Allocation)
[2026-09-05T21:22:50.458-0400][641.877s][info][gc,task     ] GC(369) Using 23 workers of 23 for evacuation
[2026-09-05T21:22:50.465-0400][641.885s][info][gc,phases   ] GC(369)   Pre Evacuate Collection Set: 0.40ms
[2026-09-05T21:22:50.465-0400][641.885s][info][gc,phases   ] GC(369)   Merge Heap Roots: 0.31ms
[2026-09-05T21:22:50.465-0400][641.885s][info][gc,phases   ] GC(369)   Evacuate Collection Set: 6.25ms
[2026-09-05T21:22:50.465-0400][641.885s][info][gc,phases   ] GC(369)   Post Evacuate Collection Set: 0.88ms
[2026-09-05T21:22:50.465-0400][641.886s][info][gc,phases   ] GC(369)   Other: 0.19ms
[2026-09-05T21:22:50.465-0400][641.886s][info][gc,heap     ] GC(369) Eden regions: 531->0(996)
[2026-09-05T21:22:50.465-0400][641.886s][info][gc,heap     ] GC(369) Survivor regions: 54->38(128)
[2026-09-05T21:22:50.465-0400][641.886s][info][gc,heap     ] GC(369) Old regions: 614->614
[2026-09-05T21:22:50.465-0400][641.886s][info][gc,heap     ] GC(369) Archive regions: 0->0
[2026-09-05T21:22:50.465-0400][641.886s][info][gc,heap     ] GC(369) Humongous regions: 28->28
[2026-09-05T21:22:50.465-0400][641.886s][info][gc,metaspace] GC(369) Metaspace: 154398K(156992K)->154398K(156992K) NonClass: 132464K(133888K)->132464K(133888K) Class: 21933K(23104K)->21933K(23104K)
[2026-09-05T21:22:50.465-0400][641.886s][info][gc          ] GC(369) Pause Young (Concurrent Start) (G1 Humongous Allocation) 2449M->1357M(3980M) 8.142ms
[2026-09-05T21:22:50.465-0400][641.886s][info][gc,cpu      ] GC(369) User=0.34s Sys=0.00s Real=0.01s
[2026-09-05T21:22:50.465-0400][641.886s][info][gc          ] GC(370) Concurrent Mark Cycle
[2026-09-05T21:22:50.465-0400][641.886s][info][gc,marking  ] GC(370) Concurrent Clear Claimed Marks
[2026-09-05T21:22:50.466-0400][641.886s][info][gc,marking  ] GC(370) Concurrent Clear Claimed Marks 0.167ms
[2026-09-05T21:22:50.466-0400][641.886s][info][gc,marking  ] GC(370) Concurrent Scan Root Regions
[2026-09-05T21:22:50.470-0400][641.890s][info][gc,marking  ] GC(370) Concurrent Scan Root Regions 4.426ms
[2026-09-05T21:22:50.471-0400][641.890s][info][gc,marking  ] GC(370) Concurrent Mark
[2026-09-05T21:22:50.471-0400][641.890s][info][gc,marking  ] GC(370) Concurrent Mark From Roots
[2026-09-05T21:22:50.471-0400][641.890s][info][gc,task     ] GC(370) Using 6 workers of 6 for marking
[2026-09-05T21:22:50.619-0400][642.040s][info][gc,marking  ] GC(370) Concurrent Mark From Roots 149.309ms
[2026-09-05T21:22:50.619-0400][642.040s][info][gc,marking  ] GC(370) Concurrent Preclean
[2026-09-05T21:22:50.620-0400][642.040s][info][gc,marking  ] GC(370) Concurrent Preclean 0.441ms
[2026-09-05T21:22:50.620-0400][642.040s][info][gc,start    ] GC(370) Pause Remark
[2026-09-05T21:22:50.629-0400][642.049s][info][gc          ] GC(370) Pause Remark 1884M->1824M(3980M) 8.352ms
[2026-09-05T21:22:50.629-0400][642.049s][info][gc,cpu      ] GC(370) User=0.00s Sys=0.00s Real=0.01s
[2026-09-05T21:22:50.629-0400][642.049s][info][gc,marking  ] GC(370) Concurrent Mark 158.344ms
[2026-09-05T21:22:50.629-0400][642.049s][info][gc,marking  ] GC(370) Concurrent Rebuild Remembered Sets
[2026-09-05T21:22:50.698-0400][642.118s][info][gc,marking  ] GC(370) Concurrent Rebuild Remembered Sets 69.290ms
[2026-09-05T21:22:50.698-0400][642.118s][info][gc,start    ] GC(370) Pause Cleanup
[2026-09-05T21:22:50.699-0400][642.119s][info][gc          ] GC(370) Pause Cleanup 1873M->1873M(3980M) 0.465ms
[2026-09-05T21:22:50.699-0400][642.119s][info][gc,cpu      ] GC(370) User=0.00s Sys=0.00s Real=0.00s
[2026-09-05T21:22:50.699-0400][642.119s][info][gc,marking  ] GC(370) Concurrent Cleanup for Next Mark
[2026-09-05T21:22:50.702-0400][642.122s][info][gc,marking  ] GC(370) Concurrent Cleanup for Next Mark 3.733ms
[2026-09-05T21:22:50.702-0400][642.122s][info][gc          ] GC(370) Concurrent Mark Cycle 236.820ms
[2026-09-05T21:22:51.193-0400][642.613s][info][gc,start    ] GC(371) Pause Young (Prepare Mixed) (G1 Evacuation Pause)
[2026-09-05T21:22:51.193-0400][642.613s][info][gc,task     ] GC(371) Using 23 workers of 23 for evacuation
[2026-09-05T21:22:51.202-0400][642.622s][info][gc,phases   ] GC(371)   Pre Evacuate Collection Set: 0.19ms
[2026-09-05T21:22:51.202-0400][642.622s][info][gc,phases   ] GC(371)   Merge Heap Roots: 0.38ms
[2026-09-05T21:22:51.202-0400][642.622s][info][gc,phases   ] GC(371)   Evacuate Collection Set: 7.35ms
[2026-09-05T21:22:51.202-0400][642.622s][info][gc,phases   ] GC(371)   Post Evacuate Collection Set: 0.91ms
[2026-09-05T21:22:51.202-0400][642.622s][info][gc,phases   ] GC(371)   Other: 0.19ms
[2026-09-05T21:22:51.202-0400][642.622s][info][gc,heap     ] GC(371) Eden regions: 996->0(60)
[2026-09-05T21:22:51.202-0400][642.622s][info][gc,heap     ] GC(371) Survivor regions: 38->39(130)
[2026-09-05T21:22:51.202-0400][642.622s][info][gc,heap     ] GC(371) Old regions: 585->585
[2026-09-05T21:22:51.202-0400][642.622s][info][gc,heap     ] GC(371) Archive regions: 0->0
[2026-09-05T21:22:51.202-0400][642.622s][info][gc,heap     ] GC(371) Humongous regions: 28->27
[2026-09-05T21:22:51.202-0400][642.622s][info][gc,metaspace] GC(371) Metaspace: 154429K(156992K)->154429K(156992K) NonClass: 132493K(133888K)->132493K(133888K) Class: 21936K(23104K)->21936K(23104K)
[2026-09-05T21:22:51.202-0400][642.622s][info][gc          ] GC(371) Pause Young (Prepare Mixed) (G1 Evacuation Pause) 3291M->1300M(3980M) 9.165ms
[2026-09-05T21:22:51.202-0400][642.622s][info][gc,cpu      ] GC(371) User=0.02s Sys=0.00s Real=0.01s
[2026-09-05T21:22:51.295-0400][642.715s][info][gc,start    ] GC(372) Pause Young (Mixed) (G1 Evacuation Pause)
[2026-09-05T21:22:51.295-0400][642.715s][info][gc,task     ] GC(372) Using 23 workers of 23 for evacuation
[2026-09-05T21:22:51.336-0400][642.756s][info][gc,phases   ] GC(372)   Pre Evacuate Collection Set: 0.26ms
[2026-09-05T21:22:51.336-0400][642.756s][info][gc,phases   ] GC(372)   Merge Heap Roots: 0.28ms
[2026-09-05T21:22:51.336-0400][642.756s][info][gc,phases   ] GC(372)   Evacuate Collection Set: 40.03ms
[2026-09-05T21:22:51.336-0400][642.756s][info][gc,phases   ] GC(372)   Post Evacuate Collection Set: 0.71ms
[2026-09-05T21:22:51.336-0400][642.756s][info][gc,phases   ] GC(372)   Other: 0.14ms
[2026-09-05T21:22:51.336-0400][642.756s][info][gc,heap     ] GC(372) Eden regions: 60->0(1146)
[2026-09-05T21:22:51.336-0400][642.756s][info][gc,heap     ] GC(372) Survivor regions: 39->7(13)
[2026-09-05T21:22:51.336-0400][642.756s][info][gc,heap     ] GC(372) Old regions: 585->500
[2026-09-05T21:22:51.336-0400][642.756s][info][gc,heap     ] GC(372) Archive regions: 0->0
[2026-09-05T21:22:51.336-0400][642.756s][info][gc,heap     ] GC(372) Humongous regions: 27->27
[2026-09-05T21:22:51.336-0400][642.756s][info][gc,metaspace] GC(372) Metaspace: 154429K(156992K)->154429K(156992K) NonClass: 132493K(133888K)->132493K(133888K) Class: 21936K(23104K)->21936K(23104K)
[2026-09-05T21:22:51.336-0400][642.756s][info][gc          ] GC(372) Pause Young (Mixed) (G1 Evacuation Pause) 1420M->1065M(3980M) 41.541ms
[2026-09-05T21:22:51.336-0400][642.756s][info][gc,cpu      ] GC(372) User=0.95s Sys=0.09s Real=0.04s
[2026-09-05T21:22:52.238-0400][643.657s][info][gc,start    ] GC(373) Pause Young (Normal) (G1 Evacuation Pause)
[2026-09-05T21:22:52.238-0400][643.657s][info][gc,task     ] GC(373) Using 23 workers of 23 for evacuation
[2026-09-05T21:22:52.242-0400][643.661s][info][gc,phases   ] GC(373)   Pre Evacuate Collection Set: 0.22ms
[2026-09-05T21:22:52.242-0400][643.661s][info][gc,phases   ] GC(373)   Merge Heap Roots: 0.25ms
[2026-09-05T21:22:52.242-0400][643.661s][info][gc,phases   ] GC(373)   Evacuate Collection Set: 2.82ms
[2026-09-05T21:22:52.242-0400][643.661s][info][gc,phases   ] GC(373)   Post Evacuate Collection Set: 0.77ms
[2026-09-05T21:22:52.242-0400][643.661s][info][gc,phases   ] GC(373)   Other: 0.21ms
[2026-09-05T21:22:52.242-0400][643.661s][info][gc,heap     ] GC(373) Eden regions: 1146->0(1162)
[2026-09-05T21:22:52.242-0400][643.661s][info][gc,heap     ] GC(373) Survivor regions: 7->13(145)
[2026-09-05T21:22:52.242-0400][643.661s][info][gc,heap     ] GC(373) Old regions: 500->500
[2026-09-05T21:22:52.242-0400][643.661s][info][gc,heap     ] GC(373) Archive regions: 0->0
[2026-09-05T21:22:52.242-0400][643.661s][info][gc,heap     ] GC(373) Humongous regions: 27->27
[2026-09-05T21:22:52.242-0400][643.661s][info][gc,metaspace] GC(373) Metaspace: 154448K(156992K)->154448K(156992K) NonClass: 132509K(133888K)->132509K(133888K) Class: 21938K(23104K)->21938K(23104K)
[2026-09-05T21:22:52.242-0400][643.661s][info][gc          ] GC(373) Pause Young (Normal) (G1 Evacuation Pause) 3357M->1077M(3980M) 4.423ms
[2026-09-05T21:22:52.242-0400][643.661s][info][gc,cpu      ] GC(373) User=0.36s Sys=0.00s Real=0.00s
[2026-09-05T21:22:53.318-0400][644.737s][info][gc,start    ] GC(374) Pause Young (Normal) (G1 Evacuation Pause)
[2026-09-05T21:22:53.318-0400][644.737s][info][gc,task     ] GC(374) Using 23 workers of 23 for evacuation
[2026-09-05T21:22:53.322-0400][644.742s][info][gc,phases   ] GC(374)   Pre Evacuate Collection Set: 0.27ms
[2026-09-05T21:22:53.322-0400][644.742s][info][gc,phases   ] GC(374)   Merge Heap Roots: 0.25ms
[2026-09-05T21:22:53.322-0400][644.743s][info][gc,phases   ] GC(374)   Evacuate Collection Set: 3.71ms
[2026-09-05T21:22:53.322-0400][644.743s][info][gc,phases   ] GC(374)   Post Evacuate Collection Set: 0.74ms
[2026-09-05T21:22:53.322-0400][644.743s][info][gc,phases   ] GC(374)   Other: 0.26ms
[2026-09-05T21:22:53.322-0400][644.743s][info][gc,heap     ] GC(374) Eden regions: 1162->0(1167)
[2026-09-05T21:22:53.322-0400][644.743s][info][gc,heap     ] GC(374) Survivor regions: 13->20(147)
[2026-09-05T21:22:53.322-0400][644.743s][info][gc,heap     ] GC(374) Old regions: 500->500
[2026-09-05T21:22:53.322-0400][644.743s][info][gc,heap     ] GC(374) Archive regions: 0->0
[2026-09-05T21:22:53.322-0400][644.743s][info][gc,heap     ] GC(374) Humongous regions: 27->27
[2026-09-05T21:22:53.322-0400][644.743s][info][gc,metaspace] GC(374) Metaspace: 154456K(157056K)->154456K(157056K) NonClass: 132517K(133952K)->132517K(133952K) Class: 21939K(23104K)->21939K(23104K)
[2026-09-05T21:22:53.322-0400][644.743s][info][gc          ] GC(374) Pause Young (Normal) (G1 Evacuation Pause) 3401M->1091M(3980M) 5.377ms
[2026-09-05T21:22:53.322-0400][644.743s][info][gc,cpu      ] GC(374) User=0.11s Sys=0.02s Real=0.00s
[2026-09-05T21:22:54.572-0400][645.992s][info][gc,start    ] GC(375) Pause Young (Concurrent Start) (G1 Evacuation Pause)
[2026-09-05T21:22:54.572-0400][645.992s][info][gc,task     ] GC(375) Using 23 workers of 23 for evacuation
[2026-09-05T21:22:54.579-0400][645.999s][info][gc,phases   ] GC(375)   Pre Evacuate Collection Set: 0.31ms
[2026-09-05T21:22:54.579-0400][645.999s][info][gc,phases   ] GC(375)   Merge Heap Roots: 0.22ms
[2026-09-05T21:22:54.579-0400][645.999s][info][gc,phases   ] GC(375)   Evacuate Collection Set: 5.74ms
[2026-09-05T21:22:54.579-0400][645.999s][info][gc,phases   ] GC(375)   Post Evacuate Collection Set: 0.79ms
[2026-09-05T21:22:54.579-0400][645.999s][info][gc,phases   ] GC(375)   Other: 0.29ms
[2026-09-05T21:22:54.579-0400][645.999s][info][gc,heap     ] GC(375) Eden regions: 1167->0(1164)
[2026-09-05T21:22:54.579-0400][645.999s][info][gc,heap     ] GC(375) Survivor regions: 20->30(149)
[2026-09-05T21:22:54.579-0400][645.999s][info][gc,heap     ] GC(375) Old regions: 500->500
[2026-09-05T21:22:54.579-0400][645.999s][info][gc,heap     ] GC(375) Archive regions: 0->0
[2026-09-05T21:22:54.579-0400][645.999s][info][gc,heap     ] GC(375) Humongous regions: 27->27
[2026-09-05T21:22:54.579-0400][645.999s][info][gc,metaspace] GC(375) Metaspace: 154466K(157056K)->154466K(157056K) NonClass: 132526K(133952K)->132526K(133952K) Class: 21940K(23104K)->21940K(23104K)
[2026-09-05T21:22:54.579-0400][645.999s][info][gc          ] GC(375) Pause Young (Concurrent Start) (G1 Evacuation Pause) 3425M->1112M(3980M) 7.457ms
[2026-09-05T21:22:54.579-0400][645.999s][info][gc,cpu      ] GC(375) User=0.00s Sys=0.00s Real=0.01s
[2026-09-05T21:22:54.579-0400][645.999s][info][gc          ] GC(376) Concurrent Mark Cycle
[2026-09-05T21:22:54.579-0400][645.999s][info][gc,marking  ] GC(376) Concurrent Clear Claimed Marks
[2026-09-05T21:22:54.579-0400][646.000s][info][gc,marking  ] GC(376) Concurrent Clear Claimed Marks 0.167ms
[2026-09-05T21:22:54.579-0400][646.000s][info][gc,marking  ] GC(376) Concurrent Scan Root Regions
[2026-09-05T21:22:54.585-0400][646.006s][info][gc,marking  ] GC(376) Concurrent Scan Root Regions 5.973ms
[2026-09-05T21:22:54.585-0400][646.006s][info][gc,marking  ] GC(376) Concurrent Mark
[2026-09-05T21:22:54.585-0400][646.006s][info][gc,marking  ] GC(376) Concurrent Mark From Roots
[2026-09-05T21:22:54.585-0400][646.006s][info][gc,task     ] GC(376) Using 6 workers of 6 for marking
[2026-09-05T21:22:54.721-0400][646.142s][info][gc,marking  ] GC(376) Concurrent Mark From Roots 136.225ms
[2026-09-05T21:22:54.723-0400][646.142s][info][gc,marking  ] GC(376) Concurrent Preclean
[2026-09-05T21:22:54.723-0400][646.143s][info][gc,marking  ] GC(376) Concurrent Preclean 0.593ms
[2026-09-05T21:22:54.723-0400][646.143s][info][gc,start    ] GC(376) Pause Remark
[2026-09-05T21:22:54.733-0400][646.153s][info][gc          ] GC(376) Pause Remark 1645M->1583M(3980M) 10.404ms
[2026-09-05T21:22:54.733-0400][646.153s][info][gc,cpu      ] GC(376) User=0.11s Sys=0.02s Real=0.01s
[2026-09-05T21:22:54.733-0400][646.153s][info][gc,marking  ] GC(376) Concurrent Mark 147.573ms
[2026-09-05T21:22:54.733-0400][646.153s][info][gc,marking  ] GC(376) Concurrent Rebuild Remembered Sets
[2026-09-05T21:22:54.811-0400][646.231s][info][gc,marking  ] GC(376) Concurrent Rebuild Remembered Sets 77.689ms
[2026-09-05T21:22:54.811-0400][646.231s][info][gc,start    ] GC(376) Pause Cleanup
[2026-09-05T21:22:54.811-0400][646.231s][info][gc          ] GC(376) Pause Cleanup 1730M->1730M(3980M) 0.442ms
[2026-09-05T21:22:54.811-0400][646.232s][info][gc,cpu      ] GC(376) User=0.00s Sys=0.00s Real=0.00s
[2026-09-05T21:22:54.811-0400][646.232s][info][gc,marking  ] GC(376) Concurrent Cleanup for Next Mark
[2026-09-05T21:22:54.814-0400][646.233s][info][gc,marking  ] GC(376) Concurrent Cleanup for Next Mark 1.510ms
[2026-09-05T21:22:54.814-0400][646.233s][info][gc          ] GC(376) Concurrent Mark Cycle 233.797ms
[2026-09-05T21:22:55.528-0400][646.949s][info][gc,start    ] GC(377) Pause Young (Prepare Mixed) (G1 Evacuation Pause)
[2026-09-05T21:22:55.528-0400][646.949s][info][gc,task     ] GC(377) Using 23 workers of 23 for evacuation
[2026-09-05T21:22:55.536-0400][646.956s][info][gc,phases   ] GC(377)   Pre Evacuate Collection Set: 0.24ms
[2026-09-05T21:22:55.536-0400][646.956s][info][gc,phases   ] GC(377)   Merge Heap Roots: 0.26ms
[2026-09-05T21:22:55.536-0400][646.956s][info][gc,phases   ] GC(377)   Evacuate Collection Set: 5.91ms
[2026-09-05T21:22:55.536-0400][646.956s][info][gc,phases   ] GC(377)   Post Evacuate Collection Set: 0.76ms
[2026-09-05T21:22:55.536-0400][646.956s][info][gc,phases   ] GC(377)   Other: 0.19ms
[2026-09-05T21:22:55.536-0400][646.956s][info][gc,heap     ] GC(377) Eden regions: 1164->0(60)
[2026-09-05T21:22:55.536-0400][646.956s][info][gc,heap     ] GC(377) Survivor regions: 30->39(150)
[2026-09-05T21:22:55.536-0400][646.956s][info][gc,heap     ] GC(377) Old regions: 469->469
[2026-09-05T21:22:55.536-0400][646.956s][info][gc,heap     ] GC(377) Archive regions: 0->0
[2026-09-05T21:22:55.536-0400][646.956s][info][gc,heap     ] GC(377) Humongous regions: 27->27
[2026-09-05T21:22:55.536-0400][646.956s][info][gc,metaspace] GC(377) Metaspace: 154467K(157056K)->154467K(157056K) NonClass: 132526K(133952K)->132526K(133952K) Class: 21940K(23104K)->21940K(23104K)
[2026-09-05T21:22:55.536-0400][646.956s][info][gc          ] GC(377) Pause Young (Prepare Mixed) (G1 Evacuation Pause) 3378M->1067M(3980M) 7.484ms
[2026-09-05T21:22:55.536-0400][646.956s][info][gc,cpu      ] GC(377) User=0.00s Sys=0.00s Real=0.01s
[2026-09-05T21:22:55.553-0400][646.973s][info][gc,start    ] GC(378) Pause Young (Mixed) (G1 Evacuation Pause)
[2026-09-05T21:22:55.553-0400][646.973s][info][gc,task     ] GC(378) Using 23 workers of 23 for evacuation
[2026-09-05T21:22:55.593-0400][647.013s][info][gc,phases   ] GC(378)   Pre Evacuate Collection Set: 0.25ms
[2026-09-05T21:22:55.593-0400][647.013s][info][gc,phases   ] GC(378)   Merge Heap Roots: 0.15ms
[2026-09-05T21:22:55.593-0400][647.013s][info][gc,phases   ] GC(378)   Evacuate Collection Set: 38.49ms
[2026-09-05T21:22:55.593-0400][647.013s][info][gc,phases   ] GC(378)   Post Evacuate Collection Set: 0.50ms
[2026-09-05T21:22:55.593-0400][647.013s][info][gc,phases   ] GC(378)   Other: 0.15ms
[2026-09-05T21:22:55.593-0400][647.013s][info][gc,heap     ] GC(378) Eden regions: 60->0(1188)
[2026-09-05T21:22:55.593-0400][647.013s][info][gc,heap     ] GC(378) Survivor regions: 39->6(13)
[2026-09-05T21:22:55.593-0400][647.013s][info][gc,heap     ] GC(378) Old regions: 469->453
[2026-09-05T21:22:55.593-0400][647.013s][info][gc,heap     ] GC(378) Archive regions: 0->0
[2026-09-05T21:22:55.593-0400][647.013s][info][gc,heap     ] GC(378) Humongous regions: 27->27
[2026-09-05T21:22:55.593-0400][647.013s][info][gc,metaspace] GC(378) Metaspace: 154467K(157056K)->154467K(157056K) NonClass: 132526K(133952K)->132526K(133952K) Class: 21940K(23104K)->21940K(23104K)
[2026-09-05T21:22:55.593-0400][647.013s][info][gc          ] GC(378) Pause Young (Mixed) (G1 Evacuation Pause) 1187M->969M(3980M) 39.660ms
[2026-09-05T21:22:55.593-0400][647.013s][info][gc,cpu      ] GC(378) User=0.56s Sys=0.02s Real=0.04s
[2026-09-05T21:22:56.671-0400][648.090s][info][gc,start    ] GC(379) Pause Young (Normal) (G1 Evacuation Pause)
[2026-09-05T21:22:56.671-0400][648.090s][info][gc,task     ] GC(379) Using 23 workers of 23 for evacuation
[2026-09-05T21:22:56.675-0400][648.095s][info][gc,phases   ] GC(379)   Pre Evacuate Collection Set: 0.28ms
[2026-09-05T21:22:56.675-0400][648.095s][info][gc,phases   ] GC(379)   Merge Heap Roots: 0.27ms
[2026-09-05T21:22:56.675-0400][648.095s][info][gc,phases   ] GC(379)   Evacuate Collection Set: 3.06ms
[2026-09-05T21:22:56.675-0400][648.095s][info][gc,phases   ] GC(379)   Post Evacuate Collection Set: 0.76ms
[2026-09-05T21:22:56.675-0400][648.095s][info][gc,phases   ] GC(379)   Other: 0.27ms
[2026-09-05T21:22:56.675-0400][648.095s][info][gc,heap     ] GC(379) Eden regions: 1188->0(1182)
[2026-09-05T21:22:56.675-0400][648.095s][info][gc,heap     ] GC(379) Survivor regions: 6->12(150)
[2026-09-05T21:22:56.675-0400][648.095s][info][gc,heap     ] GC(379) Old regions: 453->453
[2026-09-05T21:22:56.675-0400][648.095s][info][gc,heap     ] GC(379) Archive regions: 0->0
[2026-09-05T21:22:56.675-0400][648.095s][info][gc,heap     ] GC(379) Humongous regions: 27->27
[2026-09-05T21:22:56.675-0400][648.095s][info][gc,metaspace] GC(379) Metaspace: 154474K(157056K)->154474K(157056K) NonClass: 132533K(133952K)->132533K(133952K) Class: 21940K(23104K)->21940K(23104K)
[2026-09-05T21:22:56.675-0400][648.095s][info][gc          ] GC(379) Pause Young (Normal) (G1 Evacuation Pause) 3345M->980M(3980M) 4.775ms
[2026-09-05T21:22:56.675-0400][648.095s][info][gc,cpu      ] GC(379) User=0.00s Sys=0.00s Real=0.00s
[2026-09-05T21:22:57.569-0400][648.988s][info][gc,start    ] GC(380) Pause Young (Normal) (G1 Evacuation Pause)
[2026-09-05T21:22:57.569-0400][648.988s][info][gc,task     ] GC(380) Using 23 workers of 23 for evacuation
[2026-09-05T21:22:57.574-0400][648.994s][info][gc,phases   ] GC(380)   Pre Evacuate Collection Set: 0.19ms
[2026-09-05T21:22:57.574-0400][648.994s][info][gc,phases   ] GC(380)   Merge Heap Roots: 0.25ms
[2026-09-05T21:22:57.574-0400][648.994s][info][gc,phases   ] GC(380)   Evacuate Collection Set: 4.13ms
[2026-09-05T21:22:57.574-0400][648.994s][info][gc,phases   ] GC(380)   Post Evacuate Collection Set: 0.63ms
[2026-09-05T21:22:57.574-0400][648.994s][info][gc,phases   ] GC(380)   Other: 0.17ms
[2026-09-05T21:22:57.574-0400][648.994s][info][gc,heap     ] GC(380) Eden regions: 1182->0(1174)
[2026-09-05T21:22:57.574-0400][648.994s][info][gc,heap     ] GC(380) Survivor regions: 12->20(150)
[2026-09-05T21:22:57.574-0400][648.994s][info][gc,heap     ] GC(380) Old regions: 453->453
[2026-09-05T21:22:57.574-0400][648.994s][info][gc,heap     ] GC(380) Archive regions: 0->0
[2026-09-05T21:22:57.574-0400][648.994s][info][gc,heap     ] GC(380) Humongous regions: 27->27
[2026-09-05T21:22:57.574-0400][648.994s][info][gc,metaspace] GC(380) Metaspace: 154482K(157056K)->154482K(157056K) NonClass: 132541K(133952K)->132541K(133952K) Class: 21940K(23104K)->21940K(23104K)
[2026-09-05T21:22:57.574-0400][648.994s][info][gc          ] GC(380) Pause Young (Normal) (G1 Evacuation Pause) 3344M->998M(3980M) 5.528ms
[2026-09-05T21:22:57.574-0400][648.994s][info][gc,cpu      ] GC(380) User=0.00s Sys=0.00s Real=0.00s
[2026-09-05T21:22:58.291-0400][649.711s][info][gc,start    ] GC(381) Pause Young (Concurrent Start) (G1 Evacuation Pause)
[2026-09-05T21:22:58.291-0400][649.712s][info][gc,task     ] GC(381) Using 23 workers of 23 for evacuation
[2026-09-05T21:22:58.299-0400][649.718s][info][gc,phases   ] GC(381)   Pre Evacuate Collection Set: 0.31ms
[2026-09-05T21:22:58.299-0400][649.718s][info][gc,phases   ] GC(381)   Merge Heap Roots: 0.24ms
[2026-09-05T21:22:58.299-0400][649.718s][info][gc,phases   ] GC(381)   Evacuate Collection Set: 5.51ms
[2026-09-05T21:22:58.299-0400][649.718s][info][gc,phases   ] GC(381)   Post Evacuate Collection Set: 0.62ms
[2026-09-05T21:22:58.299-0400][649.719s][info][gc,phases   ] GC(381)   Other: 0.32ms
[2026-09-05T21:22:58.299-0400][649.719s][info][gc,heap     ] GC(381) Eden regions: 1174->0(1166)
[2026-09-05T21:22:58.299-0400][649.719s][info][gc,heap     ] GC(381) Survivor regions: 20->28(150)
[2026-09-05T21:22:58.299-0400][649.719s][info][gc,heap     ] GC(381) Old regions: 453->453
[2026-09-05T21:22:58.299-0400][649.719s][info][gc,heap     ] GC(381) Archive regions: 0->0
[2026-09-05T21:22:58.299-0400][649.719s][info][gc,heap     ] GC(381) Humongous regions: 28->28
[2026-09-05T21:22:58.299-0400][649.719s][info][gc,metaspace] GC(381) Metaspace: 154495K(157056K)->154495K(157056K) NonClass: 132555K(133952K)->132555K(133952K) Class: 21940K(23104K)->21940K(23104K)
[2026-09-05T21:22:58.299-0400][649.719s][info][gc          ] GC(381) Pause Young (Concurrent Start) (G1 Evacuation Pause) 3348M->1016M(3980M) 7.143ms
[2026-09-05T21:22:58.299-0400][649.719s][info][gc,cpu      ] GC(381) User=0.00s Sys=0.00s Real=0.01s
[2026-09-05T21:22:58.299-0400][649.719s][info][gc          ] GC(382) Concurrent Mark Cycle
[2026-09-05T21:22:58.299-0400][649.719s][info][gc,marking  ] GC(382) Concurrent Clear Claimed Marks
[2026-09-05T21:22:58.299-0400][649.719s][info][gc,marking  ] GC(382) Concurrent Clear Claimed Marks 0.159ms
[2026-09-05T21:22:58.299-0400][649.719s][info][gc,marking  ] GC(382) Concurrent Scan Root Regions
[2026-09-05T21:22:58.305-0400][649.724s][info][gc,marking  ] GC(382) Concurrent Scan Root Regions 5.567ms
[2026-09-05T21:22:58.305-0400][649.725s][info][gc,marking  ] GC(382) Concurrent Mark
[2026-09-05T21:22:58.305-0400][649.725s][info][gc,marking  ] GC(382) Concurrent Mark From Roots
[2026-09-05T21:22:58.305-0400][649.725s][info][gc,task     ] GC(382) Using 6 workers of 6 for marking
[2026-09-05T21:22:58.418-0400][649.838s][info][gc,marking  ] GC(382) Concurrent Mark From Roots 113.426ms
[2026-09-05T21:22:58.418-0400][649.838s][info][gc,marking  ] GC(382) Concurrent Preclean
[2026-09-05T21:22:58.418-0400][649.838s][info][gc,marking  ] GC(382) Concurrent Preclean 0.458ms
[2026-09-05T21:22:58.418-0400][649.839s][info][gc,start    ] GC(382) Pause Remark
[2026-09-05T21:22:58.428-0400][649.848s][info][gc          ] GC(382) Pause Remark 1146M->1144M(3820M) 9.391ms
[2026-09-05T21:22:58.428-0400][649.848s][info][gc,cpu      ] GC(382) User=0.02s Sys=0.00s Real=0.01s
[2026-09-05T21:22:58.428-0400][649.848s][info][gc,marking  ] GC(382) Concurrent Mark 123.594ms
[2026-09-05T21:22:58.428-0400][649.848s][info][gc,marking  ] GC(382) Concurrent Rebuild Remembered Sets
[2026-09-05T21:22:58.506-0400][649.926s][info][gc,marking  ] GC(382) Concurrent Rebuild Remembered Sets 77.546ms
[2026-09-05T21:22:58.506-0400][649.926s][info][gc,start    ] GC(382) Pause Cleanup
[2026-09-05T21:22:58.507-0400][649.926s][info][gc          ] GC(382) Pause Cleanup 1194M->1194M(3820M) 0.425ms
[2026-09-05T21:22:58.507-0400][649.926s][info][gc,cpu      ] GC(382) User=0.00s Sys=0.00s Real=0.00s
[2026-09-05T21:22:58.507-0400][649.926s][info][gc,marking  ] GC(382) Concurrent Cleanup for Next Mark
[2026-09-05T21:22:58.508-0400][649.928s][info][gc,marking  ] GC(382) Concurrent Cleanup for Next Mark 1.323ms
[2026-09-05T21:22:58.508-0400][649.928s][info][gc          ] GC(382) Concurrent Mark Cycle 209.036ms
[2026-09-05T21:22:59.823-0400][651.243s][info][gc,start    ] GC(383) Pause Young (Prepare Mixed) (G1 Evacuation Pause)
[2026-09-05T21:22:59.823-0400][651.243s][info][gc,task     ] GC(383) Using 23 workers of 23 for evacuation
[2026-09-05T21:22:59.830-0400][651.250s][info][gc,phases   ] GC(383)   Pre Evacuate Collection Set: 0.26ms
[2026-09-05T21:22:59.830-0400][651.250s][info][gc,phases   ] GC(383)   Merge Heap Roots: 0.26ms
[2026-09-05T21:22:59.830-0400][651.250s][info][gc,phases   ] GC(383)   Evacuate Collection Set: 5.48ms
[2026-09-05T21:22:59.830-0400][651.250s][info][gc,phases   ] GC(383)   Post Evacuate Collection Set: 0.80ms
[2026-09-05T21:22:59.830-0400][651.250s][info][gc,phases   ] GC(383)   Other: 0.18ms
[2026-09-05T21:22:59.830-0400][651.250s][info][gc,heap     ] GC(383) Eden regions: 1166->0(60)
[2026-09-05T21:22:59.830-0400][651.250s][info][gc,heap     ] GC(383) Survivor regions: 28->35(150)
[2026-09-05T21:22:59.831-0400][651.250s][info][gc,heap     ] GC(383) Old regions: 453->453
[2026-09-05T21:22:59.831-0400][651.250s][info][gc,heap     ] GC(383) Archive regions: 0->0
[2026-09-05T21:22:59.831-0400][651.250s][info][gc,heap     ] GC(383) Humongous regions: 27->27
[2026-09-05T21:22:59.831-0400][651.250s][info][gc,metaspace] GC(383) Metaspace: 154502K(157056K)->154502K(157056K) NonClass: 132562K(133952K)->132562K(133952K) Class: 21940K(23104K)->21940K(23104K)
[2026-09-05T21:22:59.831-0400][651.250s][info][gc          ] GC(383) Pause Young (Prepare Mixed) (G1 Evacuation Pause) 3346M->1027M(3820M) 7.093ms
[2026-09-05T21:22:59.831-0400][651.250s][info][gc,cpu      ] GC(383) User=0.00s Sys=0.00s Real=0.01s
[2026-09-05T21:22:59.940-0400][651.360s][info][gc,start    ] GC(384) Pause Young (Mixed) (G1 Evacuation Pause)
[2026-09-05T21:22:59.940-0400][651.360s][info][gc,task     ] GC(384) Using 23 workers of 23 for evacuation
[2026-09-05T21:22:59.985-0400][651.404s][info][gc,phases   ] GC(384)   Pre Evacuate Collection Set: 0.38ms
[2026-09-05T21:22:59.985-0400][651.404s][info][gc,phases   ] GC(384)   Merge Heap Roots: 0.21ms
[2026-09-05T21:22:59.985-0400][651.404s][info][gc,phases   ] GC(384)   Evacuate Collection Set: 42.67ms
[2026-09-05T21:22:59.985-0400][651.404s][info][gc,phases   ] GC(384)   Post Evacuate Collection Set: 0.63ms
[2026-09-05T21:22:59.985-0400][651.404s][info][gc,phases   ] GC(384)   Other: 0.13ms
[2026-09-05T21:22:59.985-0400][651.404s][info][gc,heap     ] GC(384) Eden regions: 60->0(1140)
[2026-09-05T21:22:59.985-0400][651.404s][info][gc,heap     ] GC(384) Survivor regions: 35->6(12)
[2026-09-05T21:22:59.985-0400][651.404s][info][gc,heap     ] GC(384) Old regions: 453->453
[2026-09-05T21:22:59.985-0400][651.404s][info][gc,heap     ] GC(384) Archive regions: 0->0
[2026-09-05T21:22:59.985-0400][651.404s][info][gc,heap     ] GC(384) Humongous regions: 27->27
[2026-09-05T21:22:59.985-0400][651.404s][info][gc,metaspace] GC(384) Metaspace: 154502K(157056K)->154502K(157056K) NonClass: 132562K(133952K)->132562K(133952K) Class: 21940K(23104K)->21940K(23104K)
[2026-09-05T21:22:59.985-0400][651.404s][info][gc          ] GC(384) Pause Young (Mixed) (G1 Evacuation Pause) 1147M->971M(3820M) 44.159ms
[2026-09-05T21:22:59.985-0400][651.404s][info][gc,cpu      ] GC(384) User=0.97s Sys=0.03s Real=0.04s
[2026-09-05T21:23:02.197-0400][653.617s][info][gc,start    ] GC(385) Pause Young (Normal) (G1 Evacuation Pause)
[2026-09-05T21:23:02.197-0400][653.617s][info][gc,task     ] GC(385) Using 23 workers of 23 for evacuation
[2026-09-05T21:23:02.199-0400][653.619s][info][gc,phases   ] GC(385)   Pre Evacuate Collection Set: 0.25ms
[2026-09-05T21:23:02.200-0400][653.619s][info][gc,phases   ] GC(385)   Merge Heap Roots: 0.18ms
[2026-09-05T21:23:02.200-0400][653.619s][info][gc,phases   ] GC(385)   Evacuate Collection Set: 0.91ms
[2026-09-05T21:23:02.200-0400][653.619s][info][gc,phases   ] GC(385)   Post Evacuate Collection Set: 0.66ms
[2026-09-05T21:23:02.200-0400][653.619s][info][gc,phases   ] GC(385)   Other: 0.16ms
[2026-09-05T21:23:02.200-0400][653.619s][info][gc,heap     ] GC(385) Eden regions: 1140->0(1142)
[2026-09-05T21:23:02.200-0400][653.620s][info][gc,heap     ] GC(385) Survivor regions: 6->4(144)
[2026-09-05T21:23:02.200-0400][653.620s][info][gc,heap     ] GC(385) Old regions: 453->453
[2026-09-05T21:23:02.200-0400][653.620s][info][gc,heap     ] GC(385) Archive regions: 0->0
[2026-09-05T21:23:02.200-0400][653.620s][info][gc,heap     ] GC(385) Humongous regions: 27->27
[2026-09-05T21:23:02.200-0400][653.620s][info][gc,metaspace] GC(385) Metaspace: 154523K(157120K)->154523K(157120K) NonClass: 132579K(134016K)->132579K(134016K) Class: 21944K(23104K)->21944K(23104K)
[2026-09-05T21:23:02.200-0400][653.620s][info][gc          ] GC(385) Pause Young (Normal) (G1 Evacuation Pause) 3251M->965M(3820M) 2.276ms
[2026-09-05T21:23:02.200-0400][653.620s][info][gc,cpu      ] GC(385) User=0.00s Sys=0.00s Real=0.00s
[2026-09-05T21:23:04.304-0400][655.725s][info][gc,start    ] GC(386) Pause Young (Normal) (G1 Evacuation Pause)
[2026-09-05T21:23:04.304-0400][655.725s][info][gc,task     ] GC(386) Using 23 workers of 23 for evacuation
[2026-09-05T21:23:04.307-0400][655.727s][info][gc,phases   ] GC(386)   Pre Evacuate Collection Set: 0.30ms
[2026-09-05T21:23:04.307-0400][655.727s][info][gc,phases   ] GC(386)   Merge Heap Roots: 0.21ms
[2026-09-05T21:23:04.307-0400][655.727s][info][gc,phases   ] GC(386)   Evacuate Collection Set: 0.86ms
[2026-09-05T21:23:04.307-0400][655.727s][info][gc,phases   ] GC(386)   Post Evacuate Collection Set: 0.50ms
[2026-09-05T21:23:04.307-0400][655.727s][info][gc,phases   ] GC(386)   Other: 0.14ms
[2026-09-05T21:23:04.307-0400][655.727s][info][gc,heap     ] GC(386) Eden regions: 1142->0(1142)
[2026-09-05T21:23:04.307-0400][655.727s][info][gc,heap     ] GC(386) Survivor regions: 4->4(144)
[2026-09-05T21:23:04.307-0400][655.727s][info][gc,heap     ] GC(386) Old regions: 453->453
[2026-09-05T21:23:04.307-0400][655.727s][info][gc,heap     ] GC(386) Archive regions: 0->0
[2026-09-05T21:23:04.307-0400][655.727s][info][gc,heap     ] GC(386) Humongous regions: 27->27
[2026-09-05T21:23:04.307-0400][655.727s][info][gc,metaspace] GC(386) Metaspace: 154546K(157120K)->154546K(157120K) NonClass: 132601K(134016K)->132601K(134016K) Class: 21945K(23104K)->21945K(23104K)
[2026-09-05T21:23:04.307-0400][655.727s][info][gc          ] GC(386) Pause Young (Normal) (G1 Evacuation Pause) 3249M->965M(3820M) 2.119ms
[2026-09-05T21:23:04.307-0400][655.727s][info][gc,cpu      ] GC(386) User=0.00s Sys=0.00s Real=0.00s
[2026-09-05T21:23:05.398-0400][656.818s][info][gc,start    ] GC(387) Pause Young (Normal) (G1 Evacuation Pause)
[2026-09-05T21:23:05.398-0400][656.818s][info][gc,task     ] GC(387) Using 23 workers of 23 for evacuation
[2026-09-05T21:23:05.406-0400][656.826s][info][gc,phases   ] GC(387)   Pre Evacuate Collection Set: 0.13ms
[2026-09-05T21:23:05.406-0400][656.826s][info][gc,phases   ] GC(387)   Merge Heap Roots: 0.21ms
[2026-09-05T21:23:05.406-0400][656.826s][info][gc,phases   ] GC(387)   Evacuate Collection Set: 6.59ms
[2026-09-05T21:23:05.406-0400][656.826s][info][gc,phases   ] GC(387)   Post Evacuate Collection Set: 0.76ms
[2026-09-05T21:23:05.406-0400][656.826s][info][gc,phases   ] GC(387)   Other: 0.16ms
[2026-09-05T21:23:05.406-0400][656.826s][info][gc,heap     ] GC(387) Eden regions: 1142->0(1106)
[2026-09-05T21:23:05.406-0400][656.826s][info][gc,heap     ] GC(387) Survivor regions: 4->40(144)
[2026-09-05T21:23:05.406-0400][656.826s][info][gc,heap     ] GC(387) Old regions: 453->453
[2026-09-05T21:23:05.406-0400][656.826s][info][gc,heap     ] GC(387) Archive regions: 0->0
[2026-09-05T21:23:05.406-0400][656.826s][info][gc,heap     ] GC(387) Humongous regions: 28->28
[2026-09-05T21:23:05.406-0400][656.826s][info][gc,metaspace] GC(387) Metaspace: 154552K(157120K)->154552K(157120K) NonClass: 132607K(134016K)->132607K(134016K) Class: 21945K(23104K)->21945K(23104K)
[2026-09-05T21:23:05.406-0400][656.826s][info][gc          ] GC(387) Pause Young (Normal) (G1 Evacuation Pause) 3251M->1041M(3820M) 7.978ms
[2026-09-05T21:23:05.406-0400][656.826s][info][gc,cpu      ] GC(387) User=0.00s Sys=0.00s Real=0.01s
[2026-09-05T21:23:06.232-0400][657.653s][info][gc,start    ] GC(388) Pause Young (Normal) (G1 Evacuation Pause)
[2026-09-05T21:23:06.232-0400][657.653s][info][gc,task     ] GC(388) Using 23 workers of 23 for evacuation
[2026-09-05T21:23:06.242-0400][657.663s][info][gc,phases   ] GC(388)   Pre Evacuate Collection Set: 0.32ms
[2026-09-05T21:23:06.242-0400][657.663s][info][gc,phases   ] GC(388)   Merge Heap Roots: 0.26ms
[2026-09-05T21:23:06.242-0400][657.663s][info][gc,phases   ] GC(388)   Evacuate Collection Set: 8.44ms
[2026-09-05T21:23:06.242-0400][657.663s][info][gc,phases   ] GC(388)   Post Evacuate Collection Set: 0.85ms
[2026-09-05T21:23:06.242-0400][657.663s][info][gc,phases   ] GC(388)   Other: 0.23ms
[2026-09-05T21:23:06.243-0400][657.663s][info][gc,heap     ] GC(388) Eden regions: 1106->0(1089)
[2026-09-05T21:23:06.243-0400][657.663s][info][gc,heap     ] GC(388) Survivor regions: 40->57(144)
[2026-09-05T21:23:06.243-0400][657.663s][info][gc,heap     ] GC(388) Old regions: 453->453
[2026-09-05T21:23:06.243-0400][657.663s][info][gc,heap     ] GC(388) Archive regions: 0->0
[2026-09-05T21:23:06.243-0400][657.663s][info][gc,heap     ] GC(388) Humongous regions: 28->28
[2026-09-05T21:23:06.243-0400][657.663s][info][gc,metaspace] GC(388) Metaspace: 154553K(157120K)->154553K(157120K) NonClass: 132608K(134016K)->132608K(134016K) Class: 21945K(23104K)->21945K(23104K)
[2026-09-05T21:23:06.243-0400][657.663s][info][gc          ] GC(388) Pause Young (Normal) (G1 Evacuation Pause) 3253M->1074M(3820M) 10.216ms
[2026-09-05T21:23:06.243-0400][657.663s][info][gc,cpu      ] GC(388) User=0.34s Sys=0.02s Real=0.01s
[2026-09-05T21:23:07.206-0400][658.626s][info][gc,start    ] GC(389) Pause Young (Normal) (G1 Evacuation Pause)
[2026-09-05T21:23:07.206-0400][658.626s][info][gc,task     ] GC(389) Using 23 workers of 23 for evacuation
[2026-09-05T21:23:07.216-0400][658.636s][info][gc,phases   ] GC(389)   Pre Evacuate Collection Set: 0.26ms
[2026-09-05T21:23:07.216-0400][658.636s][info][gc,phases   ] GC(389)   Merge Heap Roots: 0.24ms
[2026-09-05T21:23:07.216-0400][658.636s][info][gc,phases   ] GC(389)   Evacuate Collection Set: 8.98ms
[2026-09-05T21:23:07.216-0400][658.636s][info][gc,phases   ] GC(389)   Post Evacuate Collection Set: 0.69ms
[2026-09-05T21:23:07.216-0400][658.636s][info][gc,phases   ] GC(389)   Other: 0.25ms
[2026-09-05T21:23:07.216-0400][658.636s][info][gc,heap     ] GC(389) Eden regions: 1089->0(1077)
[2026-09-05T21:23:07.216-0400][658.636s][info][gc,heap     ] GC(389) Survivor regions: 57->69(144)
[2026-09-05T21:23:07.216-0400][658.636s][info][gc,heap     ] GC(389) Old regions: 453->453
[2026-09-05T21:23:07.216-0400][658.636s][info][gc,heap     ] GC(389) Archive regions: 0->0
[2026-09-05T21:23:07.216-0400][658.636s][info][gc,heap     ] GC(389) Humongous regions: 28->28
[2026-09-05T21:23:07.216-0400][658.636s][info][gc,metaspace] GC(389) Metaspace: 154554K(157120K)->154554K(157120K) NonClass: 132609K(134016K)->132609K(134016K) Class: 21945K(23104K)->21945K(23104K)
[2026-09-05T21:23:07.216-0400][658.636s][info][gc          ] GC(389) Pause Young (Normal) (G1 Evacuation Pause) 3252M->1098M(3820M) 10.530ms
[2026-09-05T21:23:07.216-0400][658.636s][info][gc,cpu      ] GC(389) User=0.36s Sys=0.02s Real=0.01s
[2026-09-05T21:23:08.390-0400][659.810s][info][gc,start    ] GC(390) Pause Young (Normal) (G1 Evacuation Pause)
[2026-09-05T21:23:08.390-0400][659.810s][info][gc,task     ] GC(390) Using 23 workers of 23 for evacuation
[2026-09-05T21:23:08.400-0400][659.820s][info][gc,phases   ] GC(390)   Pre Evacuate Collection Set: 0.27ms
[2026-09-05T21:23:08.400-0400][659.820s][info][gc,phases   ] GC(390)   Merge Heap Roots: 0.28ms
[2026-09-05T21:23:08.400-0400][659.820s][info][gc,phases   ] GC(390)   Evacuate Collection Set: 8.26ms
[2026-09-05T21:23:08.400-0400][659.820s][info][gc,phases   ] GC(390)   Post Evacuate Collection Set: 0.98ms
[2026-09-05T21:23:08.400-0400][659.820s][info][gc,phases   ] GC(390)   Other: 0.18ms
[2026-09-05T21:23:08.400-0400][659.820s][info][gc,heap     ] GC(390) Eden regions: 1077->0(1070)
[2026-09-05T21:23:08.401-0400][659.820s][info][gc,heap     ] GC(390) Survivor regions: 69->76(144)
[2026-09-05T21:23:08.401-0400][659.820s][info][gc,heap     ] GC(390) Old regions: 453->453
[2026-09-05T21:23:08.401-0400][659.820s][info][gc,heap     ] GC(390) Archive regions: 0->0
[2026-09-05T21:23:08.401-0400][659.820s][info][gc,heap     ] GC(390) Humongous regions: 28->28
[2026-09-05T21:23:08.401-0400][659.820s][info][gc,metaspace] GC(390) Metaspace: 154556K(157120K)->154556K(157120K) NonClass: 132611K(134016K)->132611K(134016K) Class: 21945K(23104K)->21945K(23104K)
[2026-09-05T21:23:08.401-0400][659.820s][info][gc          ] GC(390) Pause Young (Normal) (G1 Evacuation Pause) 3252M->1112M(3820M) 10.092ms
[2026-09-05T21:23:08.401-0400][659.820s][info][gc,cpu      ] GC(390) User=0.34s Sys=0.03s Real=0.01s
[2026-09-05T21:23:10.074-0400][661.494s][info][gc,start    ] GC(391) Pause Young (Normal) (G1 Evacuation Pause)
[2026-09-05T21:23:10.074-0400][661.494s][info][gc,task     ] GC(391) Using 23 workers of 23 for evacuation
[2026-09-05T21:23:10.085-0400][661.505s][info][gc,phases   ] GC(391)   Pre Evacuate Collection Set: 0.14ms
[2026-09-05T21:23:10.085-0400][661.505s][info][gc,phases   ] GC(391)   Merge Heap Roots: 0.25ms
[2026-09-05T21:23:10.085-0400][661.505s][info][gc,phases   ] GC(391)   Evacuate Collection Set: 10.00ms
[2026-09-05T21:23:10.085-0400][661.505s][info][gc,phases   ] GC(391)   Post Evacuate Collection Set: 0.87ms
[2026-09-05T21:23:10.085-0400][661.505s][info][gc,phases   ] GC(391)   Other: 0.19ms
[2026-09-05T21:23:10.085-0400][661.505s][info][gc,heap     ] GC(391) Eden regions: 1070->0(1065)
[2026-09-05T21:23:10.085-0400][661.505s][info][gc,heap     ] GC(391) Survivor regions: 76->81(144)
[2026-09-05T21:23:10.085-0400][661.505s][info][gc,heap     ] GC(391) Old regions: 453->453
[2026-09-05T21:23:10.085-0400][661.505s][info][gc,heap     ] GC(391) Archive regions: 0->0
[2026-09-05T21:23:10.085-0400][661.505s][info][gc,heap     ] GC(391) Humongous regions: 28->28
[2026-09-05T21:23:10.085-0400][661.505s][info][gc,metaspace] GC(391) Metaspace: 154557K(157120K)->154557K(157120K) NonClass: 132612K(134016K)->132612K(134016K) Class: 21945K(23104K)->21945K(23104K)
[2026-09-05T21:23:10.085-0400][661.505s][info][gc          ] GC(391) Pause Young (Normal) (G1 Evacuation Pause) 3252M->1122M(3820M) 11.604ms
[2026-09-05T21:23:10.085-0400][661.505s][info][gc,cpu      ] GC(391) User=0.38s Sys=0.00s Real=0.01s
[2026-09-05T21:23:11.287-0400][662.707s][info][gc,start    ] GC(392) Pause Young (Normal) (G1 Evacuation Pause)
[2026-09-05T21:23:11.287-0400][662.707s][info][gc,task     ] GC(392) Using 23 workers of 23 for evacuation
[2026-09-05T21:23:11.305-0400][662.725s][info][gc,phases   ] GC(392)   Pre Evacuate Collection Set: 0.26ms
[2026-09-05T21:23:11.305-0400][662.725s][info][gc,phases   ] GC(392)   Merge Heap Roots: 0.27ms
[2026-09-05T21:23:11.305-0400][662.725s][info][gc,phases   ] GC(392)   Evacuate Collection Set: 16.61ms
[2026-09-05T21:23:11.305-0400][662.725s][info][gc,phases   ] GC(392)   Post Evacuate Collection Set: 1.02ms
[2026-09-05T21:23:11.305-0400][662.725s][info][gc,phases   ] GC(392)   Other: 0.17ms
[2026-09-05T21:23:11.305-0400][662.725s][info][gc,heap     ] GC(392) Eden regions: 1065->0(1085)
[2026-09-05T21:23:11.305-0400][662.725s][info][gc,heap     ] GC(392) Survivor regions: 81->61(144)
[2026-09-05T21:23:11.305-0400][662.725s][info][gc,heap     ] GC(392) Old regions: 453->481
[2026-09-05T21:23:11.305-0400][662.725s][info][gc,heap     ] GC(392) Archive regions: 0->0
[2026-09-05T21:23:11.305-0400][662.725s][info][gc,heap     ] GC(392) Humongous regions: 28->28
[2026-09-05T21:23:11.305-0400][662.725s][info][gc,metaspace] GC(392) Metaspace: 154559K(157120K)->154559K(157120K) NonClass: 132614K(134016K)->132614K(134016K) Class: 21945K(23104K)->21945K(23104K)
[2026-09-05T21:23:11.305-0400][662.725s][info][gc          ] GC(392) Pause Young (Normal) (G1 Evacuation Pause) 3252M->1139M(3820M) 18.558ms
[2026-09-05T21:23:11.305-0400][662.725s][info][gc,cpu      ] GC(392) User=0.61s Sys=0.02s Real=0.02s
[2026-09-05T21:23:12.501-0400][663.922s][info][gc,start    ] GC(393) Pause Young (Normal) (G1 Evacuation Pause)
[2026-09-05T21:23:12.501-0400][663.922s][info][gc,task     ] GC(393) Using 23 workers of 23 for evacuation
[2026-09-05T21:23:12.517-0400][663.937s][info][gc,phases   ] GC(393)   Pre Evacuate Collection Set: 0.23ms
[2026-09-05T21:23:12.517-0400][663.937s][info][gc,phases   ] GC(393)   Merge Heap Roots: 0.25ms
[2026-09-05T21:23:12.517-0400][663.937s][info][gc,phases   ] GC(393)   Evacuate Collection Set: 13.54ms
[2026-09-05T21:23:12.517-0400][663.937s][info][gc,phases   ] GC(393)   Post Evacuate Collection Set: 0.72ms
[2026-09-05T21:23:12.517-0400][663.937s][info][gc,phases   ] GC(393)   Other: 0.35ms
[2026-09-05T21:23:12.517-0400][663.937s][info][gc,heap     ] GC(393) Eden regions: 1085->0(1022)
[2026-09-05T21:23:12.517-0400][663.937s][info][gc,heap     ] GC(393) Survivor regions: 61->94(144)
[2026-09-05T21:23:12.517-0400][663.937s][info][gc,heap     ] GC(393) Old regions: 481->481
[2026-09-05T21:23:12.517-0400][663.937s][info][gc,heap     ] GC(393) Archive regions: 0->0
[2026-09-05T21:23:12.517-0400][663.937s][info][gc,heap     ] GC(393) Humongous regions: 28->28
[2026-09-05T21:23:12.517-0400][663.937s][info][gc,metaspace] GC(393) Metaspace: 154561K(157120K)->154561K(157120K) NonClass: 132616K(134016K)->132616K(134016K) Class: 21945K(23104K)->21945K(23104K)
[2026-09-05T21:23:12.517-0400][663.937s][info][gc          ] GC(393) Pause Young (Normal) (G1 Evacuation Pause) 3309M->1204M(3820M) 15.194ms
[2026-09-05T21:23:12.517-0400][663.937s][info][gc,cpu      ] GC(393) User=0.36s Sys=0.00s Real=0.02s
[2026-09-05T21:23:14.028-0400][665.448s][info][gc,start    ] GC(394) Pause Young (Normal) (G1 Evacuation Pause)
[2026-09-05T21:23:14.028-0400][665.448s][info][gc,task     ] GC(394) Using 23 workers of 23 for evacuation
[2026-09-05T21:23:14.040-0400][665.460s][info][gc,phases   ] GC(394)   Pre Evacuate Collection Set: 0.24ms
[2026-09-05T21:23:14.040-0400][665.460s][info][gc,phases   ] GC(394)   Merge Heap Roots: 0.24ms
[2026-09-05T21:23:14.040-0400][665.460s][info][gc,phases   ] GC(394)   Evacuate Collection Set: 10.87ms
[2026-09-05T21:23:14.040-0400][665.460s][info][gc,phases   ] GC(394)   Post Evacuate Collection Set: 1.03ms
[2026-09-05T21:23:14.040-0400][665.460s][info][gc,phases   ] GC(394)   Other: 0.15ms
[2026-09-05T21:23:14.040-0400][665.460s][info][gc,heap     ] GC(394) Eden regions: 1022->0(1043)
[2026-09-05T21:23:14.040-0400][665.460s][info][gc,heap     ] GC(394) Survivor regions: 94->72(140)
[2026-09-05T21:23:14.040-0400][665.460s][info][gc,heap     ] GC(394) Old regions: 481->504
[2026-09-05T21:23:14.040-0400][665.460s][info][gc,heap     ] GC(394) Archive regions: 0->0
[2026-09-05T21:23:14.040-0400][665.460s][info][gc,heap     ] GC(394) Humongous regions: 28->28
[2026-09-05T21:23:14.040-0400][665.461s][info][gc,metaspace] GC(394) Metaspace: 154561K(157120K)->154561K(157120K) NonClass: 132616K(134016K)->132616K(134016K) Class: 21945K(23104K)->21945K(23104K)
[2026-09-05T21:23:14.040-0400][665.461s][info][gc          ] GC(394) Pause Young (Normal) (G1 Evacuation Pause) 3248M->1207M(3820M) 12.649ms
[2026-09-05T21:23:14.040-0400][665.461s][info][gc,cpu      ] GC(394) User=0.36s Sys=0.00s Real=0.01s
[2026-09-05T21:23:16.157-0400][667.577s][info][gc,start    ] GC(395) Pause Young (Normal) (G1 Evacuation Pause)
[2026-09-05T21:23:16.157-0400][667.577s][info][gc,task     ] GC(395) Using 23 workers of 23 for evacuation
[2026-09-05T21:23:16.167-0400][667.587s][info][gc,phases   ] GC(395)   Pre Evacuate Collection Set: 0.24ms
[2026-09-05T21:23:16.167-0400][667.587s][info][gc,phases   ] GC(395)   Merge Heap Roots: 0.23ms
[2026-09-05T21:23:16.167-0400][667.587s][info][gc,phases   ] GC(395)   Evacuate Collection Set: 8.48ms
[2026-09-05T21:23:16.167-0400][667.587s][info][gc,phases   ] GC(395)   Post Evacuate Collection Set: 0.64ms
[2026-09-05T21:23:16.167-0400][667.587s][info][gc,phases   ] GC(395)   Other: 0.18ms
[2026-09-05T21:23:16.167-0400][667.587s][info][gc,heap     ] GC(395) Eden regions: 1043->0(1043)
[2026-09-05T21:23:16.167-0400][667.587s][info][gc,heap     ] GC(395) Survivor regions: 72->72(140)
[2026-09-05T21:23:16.167-0400][667.587s][info][gc,heap     ] GC(395) Old regions: 504->504
[2026-09-05T21:23:16.167-0400][667.587s][info][gc,heap     ] GC(395) Archive regions: 0->0
[2026-09-05T21:23:16.168-0400][667.587s][info][gc,heap     ] GC(395) Humongous regions: 28->28
[2026-09-05T21:23:16.168-0400][667.587s][info][gc,metaspace] GC(395) Metaspace: 154561K(157120K)->154561K(157120K) NonClass: 132616K(134016K)->132616K(134016K) Class: 21945K(23104K)->21945K(23104K)
[2026-09-05T21:23:16.168-0400][667.587s][info][gc          ] GC(395) Pause Young (Normal) (G1 Evacuation Pause) 3293M->1207M(3820M) 9.894ms
[2026-09-05T21:23:16.168-0400][667.587s][info][gc,cpu      ] GC(395) User=0.34s Sys=0.02s Real=0.01s
[2026-09-05T21:23:17.589-0400][669.008s][info][gc,start    ] GC(396) Pause Young (Normal) (G1 Evacuation Pause)
[2026-09-05T21:23:17.589-0400][669.008s][info][gc,task     ] GC(396) Using 23 workers of 23 for evacuation
[2026-09-05T21:23:17.600-0400][669.020s][info][gc,phases   ] GC(396)   Pre Evacuate Collection Set: 0.23ms
[2026-09-05T21:23:17.600-0400][669.020s][info][gc,phases   ] GC(396)   Merge Heap Roots: 0.25ms
[2026-09-05T21:23:17.600-0400][669.020s][info][gc,phases   ] GC(396)   Evacuate Collection Set: 10.01ms
[2026-09-05T21:23:17.600-0400][669.020s][info][gc,phases   ] GC(396)   Post Evacuate Collection Set: 0.82ms
[2026-09-05T21:23:17.600-0400][669.020s][info][gc,phases   ] GC(396)   Other: 0.28ms
[2026-09-05T21:23:17.600-0400][669.020s][info][gc,heap     ] GC(396) Eden regions: 1043->0(1039)
[2026-09-05T21:23:17.600-0400][669.020s][info][gc,heap     ] GC(396) Survivor regions: 72->74(140)
[2026-09-05T21:23:17.600-0400][669.020s][info][gc,heap     ] GC(396) Old regions: 504->504
[2026-09-05T21:23:17.600-0400][669.020s][info][gc,heap     ] GC(396) Archive regions: 0->0
[2026-09-05T21:23:17.600-0400][669.020s][info][gc,heap     ] GC(396) Humongous regions: 28->28
[2026-09-05T21:23:17.600-0400][669.020s][info][gc,metaspace] GC(396) Metaspace: 154562K(157120K)->154562K(157120K) NonClass: 132617K(134016K)->132617K(134016K) Class: 21945K(23104K)->21945K(23104K)
[2026-09-05T21:23:17.600-0400][669.020s][info][gc          ] GC(396) Pause Young (Normal) (G1 Evacuation Pause) 3293M->1210M(3820M) 11.690ms
[2026-09-05T21:23:17.600-0400][669.020s][info][gc,cpu      ] GC(396) User=0.02s Sys=0.00s Real=0.01s
[2026-09-05T21:23:18.200-0400][669.619s][info][gc,start    ] GC(397) Pause Young (Normal) (GCLocker Initiated GC)
[2026-09-05T21:23:18.200-0400][669.619s][info][gc,task     ] GC(397) Using 23 workers of 23 for evacuation
[2026-09-05T21:23:18.214-0400][669.634s][info][gc,phases   ] GC(397)   Pre Evacuate Collection Set: 0.20ms
[2026-09-05T21:23:18.214-0400][669.634s][info][gc,phases   ] GC(397)   Merge Heap Roots: 0.25ms
[2026-09-05T21:23:18.214-0400][669.634s][info][gc,phases   ] GC(397)   Evacuate Collection Set: 13.75ms
[2026-09-05T21:23:18.214-0400][669.634s][info][gc,phases   ] GC(397)   Post Evacuate Collection Set: 0.67ms
[2026-09-05T21:23:18.214-0400][669.634s][info][gc,phases   ] GC(397)   Other: 0.23ms
[2026-09-05T21:23:18.214-0400][669.634s][info][gc,heap     ] GC(397) Eden regions: 1039->0(1014)
[2026-09-05T21:23:18.214-0400][669.634s][info][gc,heap     ] GC(397) Survivor regions: 74->86(140)
[2026-09-05T21:23:18.214-0400][669.634s][info][gc,heap     ] GC(397) Old regions: 504->504
[2026-09-05T21:23:18.214-0400][669.635s][info][gc,heap     ] GC(397) Archive regions: 0->0
[2026-09-05T21:23:18.214-0400][669.635s][info][gc,heap     ] GC(397) Humongous regions: 29->29
[2026-09-05T21:23:18.214-0400][669.635s][info][gc,metaspace] GC(397) Metaspace: 154565K(157120K)->154565K(157120K) NonClass: 132620K(134016K)->132620K(134016K) Class: 21945K(23104K)->21945K(23104K)
[2026-09-05T21:23:18.214-0400][669.635s][info][gc          ] GC(397) Pause Young (Normal) (GCLocker Initiated GC) 3290M->1236M(3820M) 15.211ms
[2026-09-05T21:23:18.214-0400][669.635s][info][gc,cpu      ] GC(397) User=0.36s Sys=0.02s Real=0.01s
[2026-09-05T21:23:18.538-0400][669.958s][info][gc,start    ] GC(398) Pause Young (Normal) (G1 Evacuation Pause)
[2026-09-05T21:23:18.538-0400][669.958s][info][gc,task     ] GC(398) Using 23 workers of 23 for evacuation
[2026-09-05T21:23:18.557-0400][669.977s][info][gc,phases   ] GC(398)   Pre Evacuate Collection Set: 0.24ms
[2026-09-05T21:23:18.557-0400][669.977s][info][gc,phases   ] GC(398)   Merge Heap Roots: 0.24ms
[2026-09-05T21:23:18.557-0400][669.977s][info][gc,phases   ] GC(398)   Evacuate Collection Set: 17.36ms
[2026-09-05T21:23:18.557-0400][669.977s][info][gc,phases   ] GC(398)   Post Evacuate Collection Set: 0.92ms
[2026-09-05T21:23:18.557-0400][669.977s][info][gc,phases   ] GC(398)   Other: 0.16ms
[2026-09-05T21:23:18.557-0400][669.977s][info][gc,heap     ] GC(398) Eden regions: 1014->0(989)
[2026-09-05T21:23:18.557-0400][669.977s][info][gc,heap     ] GC(398) Survivor regions: 86->90(138)
[2026-09-05T21:23:18.557-0400][669.977s][info][gc,heap     ] GC(398) Old regions: 504->521
[2026-09-05T21:23:18.557-0400][669.977s][info][gc,heap     ] GC(398) Archive regions: 0->0
[2026-09-05T21:23:18.557-0400][669.977s][info][gc,heap     ] GC(398) Humongous regions: 29->29
[2026-09-05T21:23:18.557-0400][669.977s][info][gc,metaspace] GC(398) Metaspace: 154566K(157120K)->154566K(157120K) NonClass: 132621K(134016K)->132621K(134016K) Class: 21945K(23104K)->21945K(23104K)
[2026-09-05T21:23:18.557-0400][669.977s][info][gc          ] GC(398) Pause Young (Normal) (G1 Evacuation Pause) 3264M->1277M(3820M) 19.047ms
[2026-09-05T21:23:18.557-0400][669.977s][info][gc,cpu      ] GC(398) User=0.36s Sys=0.00s Real=0.02s
[2026-09-05T21:23:19.344-0400][670.764s][info][gc,start    ] GC(399) Pause Young (Normal) (GCLocker Initiated GC)
[2026-09-05T21:23:19.344-0400][670.764s][info][gc,task     ] GC(399) Using 23 workers of 23 for evacuation
[2026-09-05T21:23:19.359-0400][670.778s][info][gc,phases   ] GC(399)   Pre Evacuate Collection Set: 0.21ms
[2026-09-05T21:23:19.359-0400][670.778s][info][gc,phases   ] GC(399)   Merge Heap Roots: 0.32ms
[2026-09-05T21:23:19.359-0400][670.778s][info][gc,phases   ] GC(399)   Evacuate Collection Set: 12.85ms
[2026-09-05T21:23:19.359-0400][670.778s][info][gc,phases   ] GC(399)   Post Evacuate Collection Set: 0.68ms
[2026-09-05T21:23:19.359-0400][670.778s][info][gc,phases   ] GC(399)   Other: 0.19ms
[2026-09-05T21:23:19.359-0400][670.778s][info][gc,heap     ] GC(399) Eden regions: 989->0(1000)
[2026-09-05T21:23:19.359-0400][670.778s][info][gc,heap     ] GC(399) Survivor regions: 90->57(135)
[2026-09-05T21:23:19.359-0400][670.778s][info][gc,heap     ] GC(399) Old regions: 521->548
[2026-09-05T21:23:19.359-0400][670.778s][info][gc,heap     ] GC(399) Archive regions: 0->0
[2026-09-05T21:23:19.359-0400][670.778s][info][gc,heap     ] GC(399) Humongous regions: 29->29
[2026-09-05T21:23:19.359-0400][670.778s][info][gc,metaspace] GC(399) Metaspace: 154566K(157120K)->154566K(157120K) NonClass: 132621K(134016K)->132621K(134016K) Class: 21945K(23104K)->21945K(23104K)
[2026-09-05T21:23:19.359-0400][670.778s][info][gc          ] GC(399) Pause Young (Normal) (GCLocker Initiated GC) 3255M->1266M(3820M) 14.372ms
[2026-09-05T21:23:19.359-0400][670.778s][info][gc,cpu      ] GC(399) User=0.36s Sys=0.00s Real=0.01s
[2026-09-05T21:23:19.845-0400][671.264s][info][gc,start    ] GC(400) Pause Young (Normal) (G1 Evacuation Pause)
[2026-09-05T21:23:19.845-0400][671.264s][info][gc,task     ] GC(400) Using 23 workers of 23 for evacuation
[2026-09-05T21:23:19.853-0400][671.273s][info][gc,phases   ] GC(400)   Pre Evacuate Collection Set: 0.25ms
[2026-09-05T21:23:19.853-0400][671.273s][info][gc,phases   ] GC(400)   Merge Heap Roots: 0.21ms
[2026-09-05T21:23:19.853-0400][671.273s][info][gc,phases   ] GC(400)   Evacuate Collection Set: 6.70ms
[2026-09-05T21:23:19.853-0400][671.273s][info][gc,phases   ] GC(400)   Post Evacuate Collection Set: 0.77ms
[2026-09-05T21:23:19.853-0400][671.273s][info][gc,phases   ] GC(400)   Other: 0.15ms
[2026-09-05T21:23:19.853-0400][671.273s][info][gc,heap     ] GC(400) Eden regions: 1000->0(1022)
[2026-09-05T21:23:19.853-0400][671.273s][info][gc,heap     ] GC(400) Survivor regions: 57->47(133)
[2026-09-05T21:23:19.853-0400][671.273s][info][gc,heap     ] GC(400) Old regions: 548->548
[2026-09-05T21:23:19.853-0400][671.273s][info][gc,heap     ] GC(400) Archive regions: 0->0
[2026-09-05T21:23:19.853-0400][671.273s][info][gc,heap     ] GC(400) Humongous regions: 29->29
[2026-09-05T21:23:19.853-0400][671.273s][info][gc,metaspace] GC(400) Metaspace: 154566K(157120K)->154566K(157120K) NonClass: 132621K(134016K)->132621K(134016K) Class: 21945K(23104K)->21945K(23104K)
[2026-09-05T21:23:19.853-0400][671.273s][info][gc          ] GC(400) Pause Young (Normal) (G1 Evacuation Pause) 3266M->1246M(3820M) 8.201ms
[2026-09-05T21:23:19.853-0400][671.273s][info][gc,cpu      ] GC(400) User=0.34s Sys=0.02s Real=0.01s
[2026-09-05T21:23:20.442-0400][671.862s][info][gc,start    ] GC(401) Pause Young (Normal) (G1 Evacuation Pause)
[2026-09-05T21:23:20.442-0400][671.862s][info][gc,task     ] GC(401) Using 23 workers of 23 for evacuation
[2026-09-05T21:23:20.454-0400][671.874s][info][gc,phases   ] GC(401)   Pre Evacuate Collection Set: 0.24ms
[2026-09-05T21:23:20.454-0400][671.874s][info][gc,phases   ] GC(401)   Merge Heap Roots: 0.24ms
[2026-09-05T21:23:20.454-0400][671.874s][info][gc,phases   ] GC(401)   Evacuate Collection Set: 10.72ms
[2026-09-05T21:23:20.454-0400][671.874s][info][gc,phases   ] GC(401)   Post Evacuate Collection Set: 0.60ms
[2026-09-05T21:23:20.454-0400][671.874s][info][gc,phases   ] GC(401)   Other: 0.35ms
[2026-09-05T21:23:20.454-0400][671.875s][info][gc,heap     ] GC(401) Eden regions: 1022->0(1018)
[2026-09-05T21:23:20.454-0400][671.875s][info][gc,heap     ] GC(401) Survivor regions: 47->54(134)
[2026-09-05T21:23:20.454-0400][671.875s][info][gc,heap     ] GC(401) Old regions: 548->548
[2026-09-05T21:23:20.454-0400][671.875s][info][gc,heap     ] GC(401) Archive regions: 0->0
[2026-09-05T21:23:20.455-0400][671.875s][info][gc,heap     ] GC(401) Humongous regions: 30->29
[2026-09-05T21:23:20.455-0400][671.875s][info][gc,metaspace] GC(401) Metaspace: 154569K(157120K)->154569K(157120K) NonClass: 132624K(134016K)->132624K(134016K) Class: 21945K(23104K)->21945K(23104K)
[2026-09-05T21:23:20.455-0400][671.875s][info][gc          ] GC(401) Pause Young (Normal) (G1 Evacuation Pause) 3292M->1260M(3820M) 12.184ms
[2026-09-05T21:23:20.455-0400][671.875s][info][gc,cpu      ] GC(401) User=0.27s Sys=0.00s Real=0.01s
[2026-09-05T21:23:21.404-0400][672.823s][info][gc,start    ] GC(402) Pause Young (Normal) (G1 Evacuation Pause)
[2026-09-05T21:23:21.404-0400][672.823s][info][gc,task     ] GC(402) Using 23 workers of 23 for evacuation
[2026-09-05T21:23:21.413-0400][672.833s][info][gc,phases   ] GC(402)   Pre Evacuate Collection Set: 0.19ms
[2026-09-05T21:23:21.413-0400][672.833s][info][gc,phases   ] GC(402)   Merge Heap Roots: 0.23ms
[2026-09-05T21:23:21.413-0400][672.833s][info][gc,phases   ] GC(402)   Evacuate Collection Set: 8.18ms
[2026-09-05T21:23:21.413-0400][672.833s][info][gc,phases   ] GC(402)   Post Evacuate Collection Set: 1.32ms
[2026-09-05T21:23:21.413-0400][672.833s][info][gc,phases   ] GC(402)   Other: 0.16ms
[2026-09-05T21:23:21.413-0400][672.833s][info][gc,heap     ] GC(402) Eden regions: 1018->0(1021)
[2026-09-05T21:23:21.413-0400][672.833s][info][gc,heap     ] GC(402) Survivor regions: 54->59(134)
[2026-09-05T21:23:21.413-0400][672.833s][info][gc,heap     ] GC(402) Old regions: 548->548
[2026-09-05T21:23:21.413-0400][672.833s][info][gc,heap     ] GC(402) Archive regions: 0->0
[2026-09-05T21:23:21.413-0400][672.833s][info][gc,heap     ] GC(402) Humongous regions: 29->29
[2026-09-05T21:23:21.413-0400][672.833s][info][gc,metaspace] GC(402) Metaspace: 154574K(157120K)->154574K(157120K) NonClass: 132628K(134016K)->132628K(134016K) Class: 21946K(23104K)->21946K(23104K)
[2026-09-05T21:23:21.414-0400][672.833s][info][gc          ] GC(402) Pause Young (Normal) (G1 Evacuation Pause) 3296M->1270M(3820M) 10.200ms
[2026-09-05T21:23:21.414-0400][672.833s][info][gc,cpu      ] GC(402) User=0.02s Sys=0.00s Real=0.01s
[2026-09-05T21:23:22.067-0400][673.487s][info][gc,start    ] GC(403) Pause Young (Normal) (G1 Evacuation Pause)
[2026-09-05T21:23:22.067-0400][673.487s][info][gc,task     ] GC(403) Using 23 workers of 23 for evacuation
[2026-09-05T21:23:22.076-0400][673.496s][info][gc,phases   ] GC(403)   Pre Evacuate Collection Set: 0.39ms
[2026-09-05T21:23:22.076-0400][673.496s][info][gc,phases   ] GC(403)   Merge Heap Roots: 0.27ms
[2026-09-05T21:23:22.076-0400][673.496s][info][gc,phases   ] GC(403)   Evacuate Collection Set: 7.59ms
[2026-09-05T21:23:22.076-0400][673.496s][info][gc,phases   ] GC(403)   Post Evacuate Collection Set: 0.91ms
[2026-09-05T21:23:22.076-0400][673.496s][info][gc,phases   ] GC(403)   Other: 0.16ms
[2026-09-05T21:23:22.076-0400][673.497s][info][gc,heap     ] GC(403) Eden regions: 1021->0(1028)
[2026-09-05T21:23:22.076-0400][673.497s][info][gc,heap     ] GC(403) Survivor regions: 59->57(135)
[2026-09-05T21:23:22.076-0400][673.497s][info][gc,heap     ] GC(403) Old regions: 548->548
[2026-09-05T21:23:22.076-0400][673.497s][info][gc,heap     ] GC(403) Archive regions: 0->0
[2026-09-05T21:23:22.076-0400][673.497s][info][gc,heap     ] GC(403) Humongous regions: 29->29
[2026-09-05T21:23:22.076-0400][673.497s][info][gc,metaspace] GC(403) Metaspace: 154574K(157120K)->154574K(157120K) NonClass: 132628K(134016K)->132628K(134016K) Class: 21946K(23104K)->21946K(23104K)
[2026-09-05T21:23:22.076-0400][673.497s][info][gc          ] GC(403) Pause Young (Normal) (G1 Evacuation Pause) 3312M->1266M(3820M) 9.485ms
[2026-09-05T21:23:22.076-0400][673.497s][info][gc,cpu      ] GC(403) User=0.23s Sys=0.02s Real=0.01s
[2026-09-05T21:23:22.946-0400][674.365s][info][gc,start    ] GC(404) Pause Young (Normal) (G1 Evacuation Pause)
[2026-09-05T21:23:22.946-0400][674.365s][info][gc,task     ] GC(404) Using 23 workers of 23 for evacuation
[2026-09-05T21:23:22.956-0400][674.375s][info][gc,phases   ] GC(404)   Pre Evacuate Collection Set: 0.28ms
[2026-09-05T21:23:22.956-0400][674.375s][info][gc,phases   ] GC(404)   Merge Heap Roots: 0.24ms
[2026-09-05T21:23:22.956-0400][674.375s][info][gc,phases   ] GC(404)   Evacuate Collection Set: 8.16ms
[2026-09-05T21:23:22.956-0400][674.375s][info][gc,phases   ] GC(404)   Post Evacuate Collection Set: 1.17ms
[2026-09-05T21:23:22.956-0400][674.376s][info][gc,phases   ] GC(404)   Other: 0.22ms
[2026-09-05T21:23:22.956-0400][674.376s][info][gc,heap     ] GC(404) Eden regions: 1028->0(1018)
[2026-09-05T21:23:22.956-0400][674.376s][info][gc,heap     ] GC(404) Survivor regions: 57->62(136)
[2026-09-05T21:23:22.956-0400][674.376s][info][gc,heap     ] GC(404) Old regions: 548->548
[2026-09-05T21:23:22.956-0400][674.376s][info][gc,heap     ] GC(404) Archive regions: 0->0
[2026-09-05T21:23:22.956-0400][674.376s][info][gc,heap     ] GC(404) Humongous regions: 29->29
[2026-09-05T21:23:22.956-0400][674.376s][info][gc,metaspace] GC(404) Metaspace: 154579K(157120K)->154579K(157120K) NonClass: 132632K(134016K)->132632K(134016K) Class: 21946K(23104K)->21946K(23104K)
[2026-09-05T21:23:22.956-0400][674.376s][info][gc          ] GC(404) Pause Young (Normal) (G1 Evacuation Pause) 3322M->1276M(3820M) 10.169ms
[2026-09-05T21:23:22.956-0400][674.376s][info][gc,cpu      ] GC(404) User=0.00s Sys=0.00s Real=0.01s
[2026-09-05T21:23:23.730-0400][675.150s][info][gc,start    ] GC(405) Pause Young (Normal) (G1 Evacuation Pause)
[2026-09-05T21:23:23.730-0400][675.150s][info][gc,task     ] GC(405) Using 23 workers of 23 for evacuation
[2026-09-05T21:23:23.740-0400][675.159s][info][gc,phases   ] GC(405)   Pre Evacuate Collection Set: 0.24ms
[2026-09-05T21:23:23.740-0400][675.159s][info][gc,phases   ] GC(405)   Merge Heap Roots: 0.23ms
[2026-09-05T21:23:23.740-0400][675.159s][info][gc,phases   ] GC(405)   Evacuate Collection Set: 8.21ms
[2026-09-05T21:23:23.740-0400][675.159s][info][gc,phases   ] GC(405)   Post Evacuate Collection Set: 0.70ms
[2026-09-05T21:23:23.740-0400][675.159s][info][gc,phases   ] GC(405)   Other: 0.22ms
[2026-09-05T21:23:23.740-0400][675.159s][info][gc,heap     ] GC(405) Eden regions: 1018->0(1012)
[2026-09-05T21:23:23.740-0400][675.159s][info][gc,heap     ] GC(405) Survivor regions: 62->65(135)
[2026-09-05T21:23:23.740-0400][675.159s][info][gc,heap     ] GC(405) Old regions: 548->548
[2026-09-05T21:23:23.740-0400][675.159s][info][gc,heap     ] GC(405) Archive regions: 0->0
[2026-09-05T21:23:23.740-0400][675.159s][info][gc,heap     ] GC(405) Humongous regions: 29->29
[2026-09-05T21:23:23.740-0400][675.159s][info][gc,metaspace] GC(405) Metaspace: 154582K(157120K)->154582K(157120K) NonClass: 132635K(134016K)->132635K(134016K) Class: 21946K(23104K)->21946K(23104K)
[2026-09-05T21:23:23.740-0400][675.159s][info][gc          ] GC(405) Pause Young (Normal) (G1 Evacuation Pause) 3312M->1282M(3820M) 9.714ms
[2026-09-05T21:23:23.740-0400][675.160s][info][gc,cpu      ] GC(405) User=0.00s Sys=0.00s Real=0.01s
[2026-09-05T21:23:24.420-0400][675.840s][info][gc,start    ] GC(406) Pause Young (Normal) (G1 Evacuation Pause)
[2026-09-05T21:23:24.420-0400][675.840s][info][gc,task     ] GC(406) Using 23 workers of 23 for evacuation
[2026-09-05T21:23:24.431-0400][675.851s][info][gc,phases   ] GC(406)   Pre Evacuate Collection Set: 0.13ms
[2026-09-05T21:23:24.431-0400][675.851s][info][gc,phases   ] GC(406)   Merge Heap Roots: 0.23ms
[2026-09-05T21:23:24.431-0400][675.851s][info][gc,phases   ] GC(406)   Evacuate Collection Set: 9.37ms
[2026-09-05T21:23:24.431-0400][675.851s][info][gc,phases   ] GC(406)   Post Evacuate Collection Set: 0.71ms
[2026-09-05T21:23:24.431-0400][675.851s][info][gc,phases   ] GC(406)   Other: 0.17ms
[2026-09-05T21:23:24.431-0400][675.851s][info][gc,heap     ] GC(406) Eden regions: 1012->0(998)
[2026-09-05T21:23:24.431-0400][675.851s][info][gc,heap     ] GC(406) Survivor regions: 65->72(135)
[2026-09-05T21:23:24.431-0400][675.851s][info][gc,heap     ] GC(406) Old regions: 548->548
[2026-09-05T21:23:24.431-0400][675.851s][info][gc,heap     ] GC(406) Archive regions: 0->0
[2026-09-05T21:23:24.431-0400][675.851s][info][gc,heap     ] GC(406) Humongous regions: 29->29
[2026-09-05T21:23:24.431-0400][675.851s][info][gc,metaspace] GC(406) Metaspace: 154583K(157120K)->154583K(157120K) NonClass: 132637K(134016K)->132637K(134016K) Class: 21946K(23104K)->21946K(23104K)
[2026-09-05T21:23:24.431-0400][675.851s][info][gc          ] GC(406) Pause Young (Normal) (G1 Evacuation Pause) 3306M->1296M(3820M) 10.752ms
[2026-09-05T21:23:24.431-0400][675.851s][info][gc,cpu      ] GC(406) User=0.36s Sys=0.00s Real=0.01s
[2026-09-05T21:23:25.479-0400][676.898s][info][gc,start    ] GC(407) Pause Young (Normal) (G1 Evacuation Pause)
[2026-09-05T21:23:25.479-0400][676.898s][info][gc,task     ] GC(407) Using 23 workers of 23 for evacuation
[2026-09-05T21:23:25.491-0400][676.911s][info][gc,phases   ] GC(407)   Pre Evacuate Collection Set: 0.18ms
[2026-09-05T21:23:25.491-0400][676.911s][info][gc,phases   ] GC(407)   Merge Heap Roots: 0.23ms
[2026-09-05T21:23:25.491-0400][676.911s][info][gc,phases   ] GC(407)   Evacuate Collection Set: 11.18ms
[2026-09-05T21:23:25.491-0400][676.911s][info][gc,phases   ] GC(407)   Post Evacuate Collection Set: 0.78ms
[2026-09-05T21:23:25.491-0400][676.911s][info][gc,phases   ] GC(407)   Other: 0.28ms
[2026-09-05T21:23:25.491-0400][676.911s][info][gc,heap     ] GC(407) Eden regions: 998->0(988)
[2026-09-05T21:23:25.491-0400][676.911s][info][gc,heap     ] GC(407) Survivor regions: 72->77(134)
[2026-09-05T21:23:25.491-0400][676.911s][info][gc,heap     ] GC(407) Old regions: 548->548
[2026-09-05T21:23:25.491-0400][676.911s][info][gc,heap     ] GC(407) Archive regions: 0->0
[2026-09-05T21:23:25.491-0400][676.911s][info][gc,heap     ] GC(407) Humongous regions: 29->29
[2026-09-05T21:23:25.491-0400][676.911s][info][gc,metaspace] GC(407) Metaspace: 154583K(157120K)->154583K(157120K) NonClass: 132637K(134016K)->132637K(134016K) Class: 21946K(23104K)->21946K(23104K)
[2026-09-05T21:23:25.491-0400][676.911s][info][gc          ] GC(407) Pause Young (Normal) (G1 Evacuation Pause) 3292M->1306M(3820M) 12.758ms
[2026-09-05T21:23:25.491-0400][676.911s][info][gc,cpu      ] GC(407) User=0.00s Sys=0.00s Real=0.01s
[2026-09-05T21:23:26.378-0400][677.799s][info][gc,start    ] GC(408) Pause Young (Normal) (G1 Evacuation Pause)
[2026-09-05T21:23:26.378-0400][677.799s][info][gc,task     ] GC(408) Using 23 workers of 23 for evacuation
[2026-09-05T21:23:26.391-0400][677.811s][info][gc,phases   ] GC(408)   Pre Evacuate Collection Set: 0.19ms
[2026-09-05T21:23:26.391-0400][677.811s][info][gc,phases   ] GC(408)   Merge Heap Roots: 0.23ms
[2026-09-05T21:23:26.391-0400][677.811s][info][gc,phases   ] GC(408)   Evacuate Collection Set: 10.86ms
[2026-09-05T21:23:26.391-0400][677.811s][info][gc,phases   ] GC(408)   Post Evacuate Collection Set: 0.80ms
[2026-09-05T21:23:26.391-0400][677.811s][info][gc,phases   ] GC(408)   Other: 0.20ms
[2026-09-05T21:23:26.391-0400][677.811s][info][gc,heap     ] GC(408) Eden regions: 988->0(989)
[2026-09-05T21:23:26.391-0400][677.811s][info][gc,heap     ] GC(408) Survivor regions: 77->74(134)
[2026-09-05T21:23:26.391-0400][677.811s][info][gc,heap     ] GC(408) Old regions: 548->552
[2026-09-05T21:23:26.391-0400][677.811s][info][gc,heap     ] GC(408) Archive regions: 0->0
[2026-09-05T21:23:26.391-0400][677.811s][info][gc,heap     ] GC(408) Humongous regions: 30->30
[2026-09-05T21:23:26.391-0400][677.811s][info][gc,metaspace] GC(408) Metaspace: 154586K(157120K)->154586K(157120K) NonClass: 132639K(134016K)->132639K(134016K) Class: 21946K(23104K)->21946K(23104K)
[2026-09-05T21:23:26.391-0400][677.811s][info][gc          ] GC(408) Pause Young (Normal) (G1 Evacuation Pause) 3284M->1311M(3820M) 12.433ms
[2026-09-05T21:23:26.391-0400][677.811s][info][gc,cpu      ] GC(408) User=0.31s Sys=0.02s Real=0.01s
[2026-09-05T21:23:27.518-0400][678.938s][info][gc,start    ] GC(409) Pause Young (Normal) (G1 Evacuation Pause)
[2026-09-05T21:23:27.519-0400][678.938s][info][gc,task     ] GC(409) Using 23 workers of 23 for evacuation
[2026-09-05T21:23:27.531-0400][678.951s][info][gc,phases   ] GC(409)   Pre Evacuate Collection Set: 0.21ms
[2026-09-05T21:23:27.531-0400][678.951s][info][gc,phases   ] GC(409)   Merge Heap Roots: 0.21ms
[2026-09-05T21:23:27.531-0400][678.951s][info][gc,phases   ] GC(409)   Evacuate Collection Set: 11.56ms
[2026-09-05T21:23:27.531-0400][678.951s][info][gc,phases   ] GC(409)   Post Evacuate Collection Set: 0.78ms
[2026-09-05T21:23:27.531-0400][678.951s][info][gc,phases   ] GC(409)   Other: 0.16ms
[2026-09-05T21:23:27.531-0400][678.951s][info][gc,heap     ] GC(409) Eden regions: 989->0(956)
[2026-09-05T21:23:27.531-0400][678.951s][info][gc,heap     ] GC(409) Survivor regions: 74->88(133)
[2026-09-05T21:23:27.531-0400][678.951s][info][gc,heap     ] GC(409) Old regions: 552->558
[2026-09-05T21:23:27.531-0400][678.951s][info][gc,heap     ] GC(409) Archive regions: 0->0
[2026-09-05T21:23:27.531-0400][678.951s][info][gc,heap     ] GC(409) Humongous regions: 30->29
[2026-09-05T21:23:27.531-0400][678.951s][info][gc,metaspace] GC(409) Metaspace: 154590K(157184K)->154590K(157184K) NonClass: 132644K(134080K)->132644K(134080K) Class: 21946K(23104K)->21946K(23104K)
[2026-09-05T21:23:27.531-0400][678.951s][info][gc          ] GC(409) Pause Young (Normal) (G1 Evacuation Pause) 3289M->1348M(3820M) 13.049ms
[2026-09-05T21:23:27.531-0400][678.951s][info][gc,cpu      ] GC(409) User=0.36s Sys=0.00s Real=0.01s
[2026-09-05T21:23:28.437-0400][679.857s][info][gc,start    ] GC(410) Pause Young (Normal) (G1 Evacuation Pause)
[2026-09-05T21:23:28.437-0400][679.857s][info][gc,task     ] GC(410) Using 23 workers of 23 for evacuation
[2026-09-05T21:23:28.450-0400][679.870s][info][gc,phases   ] GC(410)   Pre Evacuate Collection Set: 0.26ms
[2026-09-05T21:23:28.450-0400][679.870s][info][gc,phases   ] GC(410)   Merge Heap Roots: 0.24ms
[2026-09-05T21:23:28.450-0400][679.870s][info][gc,phases   ] GC(410)   Evacuate Collection Set: 11.97ms
[2026-09-05T21:23:28.450-0400][679.870s][info][gc,phases   ] GC(410)   Post Evacuate Collection Set: 0.82ms
[2026-09-05T21:23:28.451-0400][679.870s][info][gc,phases   ] GC(410)   Other: 0.29ms
[2026-09-05T21:23:28.451-0400][679.870s][info][gc,heap     ] GC(410) Eden regions: 956->0(963)
[2026-09-05T21:23:28.451-0400][679.870s][info][gc,heap     ] GC(410) Survivor regions: 88->74(131)
[2026-09-05T21:23:28.451-0400][679.871s][info][gc,heap     ] GC(410) Old regions: 558->579
[2026-09-05T21:23:28.451-0400][679.871s][info][gc,heap     ] GC(410) Archive regions: 0->0
[2026-09-05T21:23:28.451-0400][679.871s][info][gc,heap     ] GC(410) Humongous regions: 29->29
[2026-09-05T21:23:28.451-0400][679.871s][info][gc,metaspace] GC(410) Metaspace: 154592K(157184K)->154592K(157184K) NonClass: 132645K(134080K)->132645K(134080K) Class: 21946K(23104K)->21946K(23104K)
[2026-09-05T21:23:28.451-0400][679.871s][info][gc          ] GC(410) Pause Young (Normal) (G1 Evacuation Pause) 3260M->1362M(3820M) 13.711ms
[2026-09-05T21:23:28.451-0400][679.871s][info][gc,cpu      ] GC(410) User=0.36s Sys=0.00s Real=0.01s
[2026-09-05T21:23:29.203-0400][680.622s][info][gc,start    ] GC(411) Pause Young (Normal) (G1 Evacuation Pause)
[2026-09-05T21:23:29.203-0400][680.622s][info][gc,task     ] GC(411) Using 23 workers of 23 for evacuation
[2026-09-05T21:23:29.215-0400][680.634s][info][gc,phases   ] GC(411)   Pre Evacuate Collection Set: 0.18ms
[2026-09-05T21:23:29.215-0400][680.634s][info][gc,phases   ] GC(411)   Merge Heap Roots: 0.25ms
[2026-09-05T21:23:29.215-0400][680.634s][info][gc,phases   ] GC(411)   Evacuate Collection Set: 10.69ms
[2026-09-05T21:23:29.215-0400][680.634s][info][gc,phases   ] GC(411)   Post Evacuate Collection Set: 0.74ms
[2026-09-05T21:23:29.215-0400][680.634s][info][gc,phases   ] GC(411)   Other: 0.17ms
[2026-09-05T21:23:29.215-0400][680.634s][info][gc,heap     ] GC(411) Eden regions: 963->0(952)
[2026-09-05T21:23:29.215-0400][680.634s][info][gc,heap     ] GC(411) Survivor regions: 74->78(130)
[2026-09-05T21:23:29.215-0400][680.634s][info][gc,heap     ] GC(411) Old regions: 579->582
[2026-09-05T21:23:29.215-0400][680.634s][info][gc,heap     ] GC(411) Archive regions: 0->0
[2026-09-05T21:23:29.215-0400][680.634s][info][gc,heap     ] GC(411) Humongous regions: 29->29
[2026-09-05T21:23:29.215-0400][680.634s][info][gc,metaspace] GC(411) Metaspace: 154592K(157184K)->154592K(157184K) NonClass: 132645K(134080K)->132645K(134080K) Class: 21946K(23104K)->21946K(23104K)
[2026-09-05T21:23:29.215-0400][680.634s][info][gc          ] GC(411) Pause Young (Normal) (G1 Evacuation Pause) 3288M->1377M(3820M) 12.159ms
[2026-09-05T21:23:29.215-0400][680.635s][info][gc,cpu      ] GC(411) User=0.36s Sys=0.00s Real=0.01s
[2026-09-05T21:23:29.908-0400][681.327s][info][gc,start    ] GC(412) Pause Young (Normal) (G1 Evacuation Pause)
[2026-09-05T21:23:29.908-0400][681.327s][info][gc,task     ] GC(412) Using 23 workers of 23 for evacuation
[2026-09-05T21:23:29.920-0400][681.340s][info][gc,phases   ] GC(412)   Pre Evacuate Collection Set: 0.15ms
[2026-09-05T21:23:29.920-0400][681.340s][info][gc,phases   ] GC(412)   Merge Heap Roots: 0.21ms
[2026-09-05T21:23:29.920-0400][681.340s][info][gc,phases   ] GC(412)   Evacuate Collection Set: 11.48ms
[2026-09-05T21:23:29.920-0400][681.340s][info][gc,phases   ] GC(412)   Post Evacuate Collection Set: 0.87ms
[2026-09-05T21:23:29.920-0400][681.340s][info][gc,phases   ] GC(412)   Other: 0.27ms
[2026-09-05T21:23:29.920-0400][681.340s][info][gc,heap     ] GC(412) Eden regions: 952->0(944)
[2026-09-05T21:23:29.920-0400][681.340s][info][gc,heap     ] GC(412) Survivor regions: 78->76(129)
[2026-09-05T21:23:29.921-0400][681.340s][info][gc,heap     ] GC(412) Old regions: 582->594
[2026-09-05T21:23:29.921-0400][681.340s][info][gc,heap     ] GC(412) Archive regions: 0->0
[2026-09-05T21:23:29.921-0400][681.340s][info][gc,heap     ] GC(412) Humongous regions: 29->29
[2026-09-05T21:23:29.921-0400][681.340s][info][gc,metaspace] GC(412) Metaspace: 154592K(157184K)->154592K(157184K) NonClass: 132645K(134080K)->132645K(134080K) Class: 21946K(23104K)->21946K(23104K)
[2026-09-05T21:23:29.921-0400][681.340s][info][gc          ] GC(412) Pause Young (Normal) (G1 Evacuation Pause) 3281M->1396M(3820M) 13.111ms
[2026-09-05T21:23:29.921-0400][681.341s][info][gc,cpu      ] GC(412) User=0.36s Sys=0.00s Real=0.01s
[2026-09-05T21:23:30.554-0400][681.975s][info][gc,start    ] GC(413) Pause Young (Normal) (G1 Evacuation Pause)
[2026-09-05T21:23:30.554-0400][681.975s][info][gc,task     ] GC(413) Using 23 workers of 23 for evacuation
[2026-09-05T21:23:30.566-0400][681.986s][info][gc,phases   ] GC(413)   Pre Evacuate Collection Set: 0.15ms
[2026-09-05T21:23:30.566-0400][681.986s][info][gc,phases   ] GC(413)   Merge Heap Roots: 0.23ms
[2026-09-05T21:23:30.566-0400][681.986s][info][gc,phases   ] GC(413)   Evacuate Collection Set: 10.23ms
[2026-09-05T21:23:30.566-0400][681.986s][info][gc,phases   ] GC(413)   Post Evacuate Collection Set: 0.67ms
[2026-09-05T21:23:30.566-0400][681.986s][info][gc,phases   ] GC(413)   Other: 0.29ms
[2026-09-05T21:23:30.566-0400][681.986s][info][gc,heap     ] GC(413) Eden regions: 944->0(944)
[2026-09-05T21:23:30.566-0400][681.986s][info][gc,heap     ] GC(413) Survivor regions: 76->69(128)
[2026-09-05T21:23:30.566-0400][681.986s][info][gc,heap     ] GC(413) Old regions: 594->608
[2026-09-05T21:23:30.566-0400][681.986s][info][gc,heap     ] GC(413) Archive regions: 0->0
[2026-09-05T21:23:30.566-0400][681.986s][info][gc,heap     ] GC(413) Humongous regions: 29->29
[2026-09-05T21:23:30.566-0400][681.986s][info][gc,metaspace] GC(413) Metaspace: 154593K(157184K)->154593K(157184K) NonClass: 132646K(134080K)->132646K(134080K) Class: 21946K(23104K)->21946K(23104K)
[2026-09-05T21:23:30.566-0400][681.986s][info][gc          ] GC(413) Pause Young (Normal) (G1 Evacuation Pause) 3284M->1410M(3820M) 11.728ms
[2026-09-05T21:23:30.566-0400][681.986s][info][gc,cpu      ] GC(413) User=0.00s Sys=0.00s Real=0.01s
[2026-09-05T21:23:31.438-0400][682.858s][info][gc,start    ] GC(414) Pause Young (Normal) (GCLocker Initiated GC)
[2026-09-05T21:23:31.438-0400][682.858s][info][gc,task     ] GC(414) Using 23 workers of 23 for evacuation
[2026-09-05T21:23:31.449-0400][682.869s][info][gc,phases   ] GC(414)   Pre Evacuate Collection Set: 0.27ms
[2026-09-05T21:23:31.449-0400][682.869s][info][gc,phases   ] GC(414)   Merge Heap Roots: 0.22ms
[2026-09-05T21:23:31.450-0400][682.869s][info][gc,phases   ] GC(414)   Evacuate Collection Set: 9.44ms
[2026-09-05T21:23:31.450-0400][682.869s][info][gc,phases   ] GC(414)   Post Evacuate Collection Set: 1.00ms
[2026-09-05T21:23:31.450-0400][682.869s][info][gc,phases   ] GC(414)   Other: 0.18ms
[2026-09-05T21:23:31.450-0400][682.869s][info][gc,heap     ] GC(414) Eden regions: 944->0(932)
[2026-09-05T21:23:31.450-0400][682.869s][info][gc,heap     ] GC(414) Survivor regions: 69->75(127)
[2026-09-05T21:23:31.450-0400][682.869s][info][gc,heap     ] GC(414) Old regions: 608->608
[2026-09-05T21:23:31.450-0400][682.869s][info][gc,heap     ] GC(414) Archive regions: 0->0
[2026-09-05T21:23:31.450-0400][682.869s][info][gc,heap     ] GC(414) Humongous regions: 29->29
[2026-09-05T21:23:31.450-0400][682.869s][info][gc,metaspace] GC(414) Metaspace: 154606K(157184K)->154606K(157184K) NonClass: 132659K(134080K)->132659K(134080K) Class: 21946K(23104K)->21946K(23104K)
[2026-09-05T21:23:31.450-0400][682.869s][info][gc          ] GC(414) Pause Young (Normal) (GCLocker Initiated GC) 3298M->1421M(3820M) 11.303ms
[2026-09-05T21:23:31.450-0400][682.869s][info][gc,cpu      ] GC(414) User=0.34s Sys=0.02s Real=0.01s
[2026-09-05T21:23:32.050-0400][683.470s][info][gc,start    ] GC(415) Pause Young (Normal) (G1 Evacuation Pause)
[2026-09-05T21:23:32.050-0400][683.470s][info][gc,task     ] GC(415) Using 23 workers of 23 for evacuation
[2026-09-05T21:23:32.061-0400][683.481s][info][gc,phases   ] GC(415)   Pre Evacuate Collection Set: 0.23ms
[2026-09-05T21:23:32.061-0400][683.482s][info][gc,phases   ] GC(415)   Merge Heap Roots: 0.18ms
[2026-09-05T21:23:32.061-0400][683.482s][info][gc,phases   ] GC(415)   Evacuate Collection Set: 10.25ms
[2026-09-05T21:23:32.061-0400][683.482s][info][gc,phases   ] GC(415)   Post Evacuate Collection Set: 0.90ms
[2026-09-05T21:23:32.061-0400][683.482s][info][gc,phases   ] GC(415)   Other: 0.20ms
[2026-09-05T21:23:32.061-0400][683.482s][info][gc,heap     ] GC(415) Eden regions: 932->0(928)
[2026-09-05T21:23:32.061-0400][683.482s][info][gc,heap     ] GC(415) Survivor regions: 75->73(126)
[2026-09-05T21:23:32.061-0400][683.482s][info][gc,heap     ] GC(415) Old regions: 608->616
[2026-09-05T21:23:32.061-0400][683.482s][info][gc,heap     ] GC(415) Archive regions: 0->0
[2026-09-05T21:23:32.061-0400][683.482s][info][gc,heap     ] GC(415) Humongous regions: 29->29
[2026-09-05T21:23:32.061-0400][683.482s][info][gc,metaspace] GC(415) Metaspace: 154607K(157184K)->154607K(157184K) NonClass: 132660K(134080K)->132660K(134080K) Class: 21946K(23104K)->21946K(23104K)
[2026-09-05T21:23:32.061-0400][683.482s][info][gc          ] GC(415) Pause Young (Normal) (G1 Evacuation Pause) 3285M->1434M(3820M) 11.870ms
[2026-09-05T21:23:32.061-0400][683.482s][info][gc,cpu      ] GC(415) User=0.36s Sys=0.00s Real=0.01s
[2026-09-05T21:23:38.234-0400][689.654s][info][gc,start    ] GC(416) Pause Young (Normal) (G1 Evacuation Pause)
[2026-09-05T21:23:38.234-0400][689.654s][info][gc,task     ] GC(416) Using 23 workers of 23 for evacuation
[2026-09-05T21:23:38.244-0400][689.664s][info][gc,phases   ] GC(416)   Pre Evacuate Collection Set: 0.20ms
[2026-09-05T21:23:38.244-0400][689.664s][info][gc,phases   ] GC(416)   Merge Heap Roots: 0.17ms
[2026-09-05T21:23:38.244-0400][689.664s][info][gc,phases   ] GC(416)   Evacuate Collection Set: 8.80ms
[2026-09-05T21:23:38.244-0400][689.664s][info][gc,phases   ] GC(416)   Post Evacuate Collection Set: 0.92ms
[2026-09-05T21:23:38.244-0400][689.664s][info][gc,phases   ] GC(416)   Other: 0.15ms
[2026-09-05T21:23:38.244-0400][689.664s][info][gc,heap     ] GC(416) Eden regions: 928->0(940)
[2026-09-05T21:23:38.244-0400][689.664s][info][gc,heap     ] GC(416) Survivor regions: 73->56(126)
[2026-09-05T21:23:38.244-0400][689.664s][info][gc,heap     ] GC(416) Old regions: 616->637
[2026-09-05T21:23:38.244-0400][689.664s][info][gc,heap     ] GC(416) Archive regions: 0->0
[2026-09-05T21:23:38.244-0400][689.664s][info][gc,heap     ] GC(416) Humongous regions: 30->30
[2026-09-05T21:23:38.244-0400][689.664s][info][gc,metaspace] GC(416) Metaspace: 154636K(157184K)->154636K(157184K) NonClass: 132689K(134080K)->132689K(134080K) Class: 21946K(23104K)->21946K(23104K)
[2026-09-05T21:23:38.244-0400][689.664s][info][gc          ] GC(416) Pause Young (Normal) (G1 Evacuation Pause) 3292M->1444M(3820M) 10.354ms
[2026-09-05T21:23:38.244-0400][689.664s][info][gc,cpu      ] GC(416) User=0.36s Sys=0.00s Real=0.01s
[2026-09-05T21:23:43.731-0400][695.151s][info][gc,start    ] GC(417) Pause Young (Normal) (G1 Evacuation Pause)
[2026-09-05T21:23:43.731-0400][695.151s][info][gc,task     ] GC(417) Using 23 workers of 23 for evacuation
[2026-09-05T21:23:43.743-0400][695.163s][info][gc,phases   ] GC(417)   Pre Evacuate Collection Set: 0.29ms
[2026-09-05T21:23:43.743-0400][695.163s][info][gc,phases   ] GC(417)   Merge Heap Roots: 0.30ms
[2026-09-05T21:23:43.743-0400][695.163s][info][gc,phases   ] GC(417)   Evacuate Collection Set: 9.84ms
[2026-09-05T21:23:43.743-0400][695.163s][info][gc,phases   ] GC(417)   Post Evacuate Collection Set: 1.02ms
[2026-09-05T21:23:43.743-0400][695.163s][info][gc,phases   ] GC(417)   Other: 0.19ms
[2026-09-05T21:23:43.743-0400][695.163s][info][gc,heap     ] GC(417) Eden regions: 940->0(902)
[2026-09-05T21:23:43.743-0400][695.163s][info][gc,heap     ] GC(417) Survivor regions: 56->75(125)
[2026-09-05T21:23:43.743-0400][695.163s][info][gc,heap     ] GC(417) Old regions: 637->637
[2026-09-05T21:23:43.743-0400][695.163s][info][gc,heap     ] GC(417) Archive regions: 0->0
[2026-09-05T21:23:43.743-0400][695.163s][info][gc,heap     ] GC(417) Humongous regions: 31->30
[2026-09-05T21:23:43.743-0400][695.163s][info][gc,metaspace] GC(417) Metaspace: 154653K(157248K)->154653K(157248K) NonClass: 132706K(134144K)->132706K(134144K) Class: 21946K(23104K)->21946K(23104K)
[2026-09-05T21:23:43.743-0400][695.163s][info][gc          ] GC(417) Pause Young (Normal) (G1 Evacuation Pause) 3326M->1483M(3820M) 11.747ms
[2026-09-05T21:23:43.743-0400][695.163s][info][gc,cpu      ] GC(417) User=0.31s Sys=0.00s Real=0.01s
[2026-09-05T21:23:54.668-0400][706.088s][info][gc,start    ] GC(418) Pause Young (Normal) (GCLocker Initiated GC)
[2026-09-05T21:23:54.668-0400][706.088s][info][gc,task     ] GC(418) Using 23 workers of 23 for evacuation
[2026-09-05T21:23:54.681-0400][706.101s][info][gc,phases   ] GC(418)   Pre Evacuate Collection Set: 0.14ms
[2026-09-05T21:23:54.681-0400][706.101s][info][gc,phases   ] GC(418)   Merge Heap Roots: 0.26ms
[2026-09-05T21:23:54.681-0400][706.101s][info][gc,phases   ] GC(418)   Evacuate Collection Set: 11.20ms
[2026-09-05T21:23:54.681-0400][706.101s][info][gc,phases   ] GC(418)   Post Evacuate Collection Set: 1.04ms
[2026-09-05T21:23:54.681-0400][706.101s][info][gc,phases   ] GC(418)   Other: 0.27ms
[2026-09-05T21:23:54.681-0400][706.101s][info][gc,heap     ] GC(418) Eden regions: 903->0(900)
[2026-09-05T21:23:54.681-0400][706.101s][info][gc,heap     ] GC(418) Survivor regions: 75->70(123)
[2026-09-05T21:23:54.681-0400][706.101s][info][gc,heap     ] GC(418) Old regions: 637->649
[2026-09-05T21:23:54.681-0400][706.101s][info][gc,heap     ] GC(418) Archive regions: 0->0
[2026-09-05T21:23:54.681-0400][706.101s][info][gc,heap     ] GC(418) Humongous regions: 32->30
[2026-09-05T21:23:54.681-0400][706.101s][info][gc,metaspace] GC(418) Metaspace: 154661K(157248K)->154661K(157248K) NonClass: 132714K(134144K)->132714K(134144K) Class: 21946K(23104K)->21946K(23104K)
[2026-09-05T21:23:54.681-0400][706.101s][info][gc          ] GC(418) Pause Young (Normal) (GCLocker Initiated GC) 3292M->1496M(3820M) 13.053ms
[2026-09-05T21:23:54.681-0400][706.101s][info][gc,cpu      ] GC(418) User=0.36s Sys=0.00s Real=0.01s
[2026-09-05T21:23:55.610-0400][707.029s][info][gc,start    ] GC(419) Pause Young (Normal) (G1 Evacuation Pause)
[2026-09-05T21:23:55.610-0400][707.030s][info][gc,task     ] GC(419) Using 23 workers of 23 for evacuation
[2026-09-05T21:23:55.624-0400][707.044s][info][gc,phases   ] GC(419)   Pre Evacuate Collection Set: 0.23ms
[2026-09-05T21:23:55.625-0400][707.044s][info][gc,phases   ] GC(419)   Merge Heap Roots: 0.25ms
[2026-09-05T21:23:55.625-0400][707.044s][info][gc,phases   ] GC(419)   Evacuate Collection Set: 12.70ms
[2026-09-05T21:23:55.625-0400][707.044s][info][gc,phases   ] GC(419)   Post Evacuate Collection Set: 1.31ms
[2026-09-05T21:23:55.625-0400][707.044s][info][gc,phases   ] GC(419)   Other: 0.14ms
[2026-09-05T21:23:55.625-0400][707.044s][info][gc,heap     ] GC(419) Eden regions: 900->0(849)
[2026-09-05T21:23:55.625-0400][707.044s][info][gc,heap     ] GC(419) Survivor regions: 70->92(122)
[2026-09-05T21:23:55.625-0400][707.044s][info][gc,heap     ] GC(419) Old regions: 649->656
[2026-09-05T21:23:55.625-0400][707.044s][info][gc,heap     ] GC(419) Archive regions: 0->0
[2026-09-05T21:23:55.625-0400][707.044s][info][gc,heap     ] GC(419) Humongous regions: 30->30
[2026-09-05T21:23:55.625-0400][707.044s][info][gc,metaspace] GC(419) Metaspace: 154661K(157248K)->154661K(157248K) NonClass: 132714K(134144K)->132714K(134144K) Class: 21946K(23104K)->21946K(23104K)
[2026-09-05T21:23:55.625-0400][707.044s][info][gc          ] GC(419) Pause Young (Normal) (G1 Evacuation Pause) 3296M->1554M(3820M) 14.756ms
[2026-09-05T21:23:55.625-0400][707.044s][info][gc,cpu      ] GC(419) User=0.36s Sys=0.00s Real=0.02s
[2026-09-05T21:24:02.534-0400][713.954s][info][gc,start    ] GC(420) Pause Young (Normal) (G1 Evacuation Pause)
[2026-09-05T21:24:02.534-0400][713.954s][info][gc,task     ] GC(420) Using 23 workers of 23 for evacuation
[2026-09-05T21:24:02.546-0400][713.966s][info][gc,phases   ] GC(420)   Pre Evacuate Collection Set: 0.43ms
[2026-09-05T21:24:02.546-0400][713.966s][info][gc,phases   ] GC(420)   Merge Heap Roots: 0.31ms
[2026-09-05T21:24:02.546-0400][713.966s][info][gc,phases   ] GC(420)   Evacuate Collection Set: 10.42ms
[2026-09-05T21:24:02.546-0400][713.966s][info][gc,phases   ] GC(420)   Post Evacuate Collection Set: 0.84ms
[2026-09-05T21:24:02.546-0400][713.966s][info][gc,phases   ] GC(420)   Other: 0.17ms
[2026-09-05T21:24:02.546-0400][713.966s][info][gc,heap     ] GC(420) Eden regions: 849->0(874)
[2026-09-05T21:24:02.546-0400][713.966s][info][gc,heap     ] GC(420) Survivor regions: 92->47(118)
[2026-09-05T21:24:02.546-0400][713.966s][info][gc,heap     ] GC(420) Old regions: 656->700
[2026-09-05T21:24:02.546-0400][713.966s][info][gc,heap     ] GC(420) Archive regions: 0->0
[2026-09-05T21:24:02.546-0400][713.966s][info][gc,heap     ] GC(420) Humongous regions: 31->30
[2026-09-05T21:24:02.546-0400][713.966s][info][gc,metaspace] GC(420) Metaspace: 154667K(157248K)->154667K(157248K) NonClass: 132721K(134144K)->132721K(134144K) Class: 21946K(23104K)->21946K(23104K)
[2026-09-05T21:24:02.547-0400][713.966s][info][gc          ] GC(420) Pause Young (Normal) (G1 Evacuation Pause) 3254M->1551M(3820M) 12.377ms
[2026-09-05T21:24:02.547-0400][713.966s][info][gc,cpu      ] GC(420) User=0.34s Sys=0.00s Real=0.01s
[2026-09-05T21:24:21.733-0400][733.153s][info][gc,start    ] GC(421) Pause Young (Normal) (G1 Evacuation Pause)
[2026-09-05T21:24:21.733-0400][733.153s][info][gc,task     ] GC(421) Using 23 workers of 23 for evacuation
[2026-09-05T21:24:21.740-0400][733.160s][info][gc,phases   ] GC(421)   Pre Evacuate Collection Set: 0.33ms
[2026-09-05T21:24:21.740-0400][733.160s][info][gc,phases   ] GC(421)   Merge Heap Roots: 0.26ms
[2026-09-05T21:24:21.740-0400][733.160s][info][gc,phases   ] GC(421)   Evacuate Collection Set: 5.29ms
[2026-09-05T21:24:21.740-0400][733.160s][info][gc,phases   ] GC(421)   Post Evacuate Collection Set: 1.36ms
[2026-09-05T21:24:21.740-0400][733.160s][info][gc,phases   ] GC(421)   Other: 0.15ms
[2026-09-05T21:24:21.740-0400][733.160s][info][gc,heap     ] GC(421) Eden regions: 874->0(887)
[2026-09-05T21:24:21.740-0400][733.160s][info][gc,heap     ] GC(421) Survivor regions: 47->46(116)
[2026-09-05T21:24:21.740-0400][733.160s][info][gc,heap     ] GC(421) Old regions: 700->700
[2026-09-05T21:24:21.740-0400][733.160s][info][gc,heap     ] GC(421) Archive regions: 0->0
[2026-09-05T21:24:21.740-0400][733.160s][info][gc,heap     ] GC(421) Humongous regions: 31->30
[2026-09-05T21:24:21.740-0400][733.160s][info][gc,metaspace] GC(421) Metaspace: 155064K(157824K)->155064K(157824K) NonClass: 133048K(134528K)->133048K(134528K) Class: 22015K(23296K)->22015K(23296K)
[2026-09-05T21:24:21.740-0400][733.160s][info][gc          ] GC(421) Pause Young (Normal) (G1 Evacuation Pause) 3301M->1550M(3820M) 7.504ms
[2026-09-05T21:24:21.740-0400][733.160s][info][gc,cpu      ] GC(421) User=0.00s Sys=0.00s Real=0.01s
[2026-09-05T21:24:35.753-0400][747.172s][info][gc,start    ] GC(422) Pause Young (Normal) (GCLocker Initiated GC)
[2026-09-05T21:24:35.753-0400][747.173s][info][gc,task     ] GC(422) Using 23 workers of 23 for evacuation
[2026-09-05T21:24:35.764-0400][747.183s][info][gc,phases   ] GC(422)   Pre Evacuate Collection Set: 0.22ms
[2026-09-05T21:24:35.764-0400][747.183s][info][gc,phases   ] GC(422)   Merge Heap Roots: 0.24ms
[2026-09-05T21:24:35.764-0400][747.183s][info][gc,phases   ] GC(422)   Evacuate Collection Set: 9.17ms
[2026-09-05T21:24:35.764-0400][747.183s][info][gc,phases   ] GC(422)   Post Evacuate Collection Set: 0.73ms
[2026-09-05T21:24:35.764-0400][747.183s][info][gc,phases   ] GC(422)   Other: 0.14ms
[2026-09-05T21:24:35.764-0400][747.183s][info][gc,heap     ] GC(422) Eden regions: 887->0(845)
[2026-09-05T21:24:35.764-0400][747.183s][info][gc,heap     ] GC(422) Survivor regions: 46->71(117)
[2026-09-05T21:24:35.764-0400][747.183s][info][gc,heap     ] GC(422) Old regions: 700->700
[2026-09-05T21:24:35.764-0400][747.183s][info][gc,heap     ] GC(422) Archive regions: 0->0
[2026-09-05T21:24:35.764-0400][747.183s][info][gc,heap     ] GC(422) Humongous regions: 31->31
[2026-09-05T21:24:35.764-0400][747.183s][info][gc,metaspace] GC(422) Metaspace: 155093K(157888K)->155093K(157888K) NonClass: 133074K(134592K)->133074K(134592K) Class: 22018K(23296K)->22018K(23296K)
[2026-09-05T21:24:35.764-0400][747.183s][info][gc          ] GC(422) Pause Young (Normal) (GCLocker Initiated GC) 3326M->1601M(3820M) 10.627ms
[2026-09-05T21:24:35.764-0400][747.183s][info][gc,cpu      ] GC(422) User=0.36s Sys=0.00s Real=0.01s
[2026-09-05T21:24:36.221-0400][747.641s][info][gc,start    ] GC(423) Pause Young (Normal) (GCLocker Initiated GC)
[2026-09-05T21:24:36.221-0400][747.641s][info][gc,task     ] GC(423) Using 23 workers of 23 for evacuation
[2026-09-05T21:24:36.241-0400][747.661s][info][gc,phases   ] GC(423)   Pre Evacuate Collection Set: 0.20ms
[2026-09-05T21:24:36.241-0400][747.661s][info][gc,phases   ] GC(423)   Merge Heap Roots: 0.24ms
[2026-09-05T21:24:36.241-0400][747.661s][info][gc,phases   ] GC(423)   Evacuate Collection Set: 18.76ms
[2026-09-05T21:24:36.241-0400][747.661s][info][gc,phases   ] GC(423)   Post Evacuate Collection Set: 0.77ms
[2026-09-05T21:24:36.241-0400][747.661s][info][gc,phases   ] GC(423)   Other: 0.15ms
[2026-09-05T21:24:36.241-0400][747.661s][info][gc,heap     ] GC(423) Eden regions: 846->0(760)
[2026-09-05T21:24:36.241-0400][747.661s][info][gc,heap     ] GC(423) Survivor regions: 71->100(115)
[2026-09-05T21:24:36.241-0400][747.661s][info][gc,heap     ] GC(423) Old regions: 700->714
[2026-09-05T21:24:36.241-0400][747.661s][info][gc,heap     ] GC(423) Archive regions: 0->0
[2026-09-05T21:24:36.241-0400][747.661s][info][gc,heap     ] GC(423) Humongous regions: 31->30
[2026-09-05T21:24:36.241-0400][747.661s][info][gc,metaspace] GC(423) Metaspace: 155109K(157888K)->155109K(157888K) NonClass: 133091K(134592K)->133091K(134592K) Class: 22018K(23296K)->22018K(23296K)
[2026-09-05T21:24:36.241-0400][747.661s][info][gc          ] GC(423) Pause Young (Normal) (GCLocker Initiated GC) 3292M->1686M(3820M) 20.285ms
[2026-09-05T21:24:36.241-0400][747.661s][info][gc,cpu      ] GC(423) User=0.36s Sys=0.02s Real=0.02s
[2026-09-05T21:24:37.737-0400][749.157s][info][gc,start    ] GC(424) Pause Young (Normal) (GCLocker Initiated GC)
[2026-09-05T21:24:37.738-0400][749.157s][info][gc,task     ] GC(424) Using 23 workers of 23 for evacuation
[2026-09-05T21:24:37.750-0400][749.169s][info][gc,phases   ] GC(424)   Pre Evacuate Collection Set: 0.30ms
[2026-09-05T21:24:37.750-0400][749.169s][info][gc,phases   ] GC(424)   Merge Heap Roots: 0.25ms
[2026-09-05T21:24:37.750-0400][749.169s][info][gc,phases   ] GC(424)   Evacuate Collection Set: 10.55ms
[2026-09-05T21:24:37.750-0400][749.169s][info][gc,phases   ] GC(424)   Post Evacuate Collection Set: 0.93ms
[2026-09-05T21:24:37.750-0400][749.169s][info][gc,phases   ] GC(424)   Other: 0.15ms
[2026-09-05T21:24:37.750-0400][749.169s][info][gc,heap     ] GC(424) Eden regions: 760->0(766)
[2026-09-05T21:24:37.750-0400][749.169s][info][gc,heap     ] GC(424) Survivor regions: 100->41(108)
[2026-09-05T21:24:37.750-0400][749.169s][info][gc,heap     ] GC(424) Old regions: 714->760
[2026-09-05T21:24:37.750-0400][749.169s][info][gc,heap     ] GC(424) Archive regions: 0->0
[2026-09-05T21:24:37.750-0400][749.169s][info][gc,heap     ] GC(424) Humongous regions: 30->30
[2026-09-05T21:24:37.750-0400][749.169s][info][gc,metaspace] GC(424) Metaspace: 155153K(157952K)->155153K(157952K) NonClass: 133127K(134656K)->133127K(134656K) Class: 22026K(23296K)->22026K(23296K)
[2026-09-05T21:24:37.750-0400][749.169s][info][gc          ] GC(424) Pause Young (Normal) (GCLocker Initiated GC) 3206M->1659M(3820M) 12.307ms
[2026-09-05T21:24:37.750-0400][749.169s][info][gc,cpu      ] GC(424) User=0.36s Sys=0.00s Real=0.01s
[2026-09-05T21:24:42.741-0400][754.162s][info][gc,start    ] GC(425) Pause Young (Normal) (G1 Evacuation Pause)
[2026-09-05T21:24:42.741-0400][754.162s][info][gc,task     ] GC(425) Using 23 workers of 23 for evacuation
[2026-09-05T21:24:42.753-0400][754.173s][info][gc,phases   ] GC(425)   Pre Evacuate Collection Set: 0.24ms
[2026-09-05T21:24:42.753-0400][754.173s][info][gc,phases   ] GC(425)   Merge Heap Roots: 0.18ms
[2026-09-05T21:24:42.753-0400][754.173s][info][gc,phases   ] GC(425)   Evacuate Collection Set: 9.57ms
[2026-09-05T21:24:42.753-0400][754.173s][info][gc,phases   ] GC(425)   Post Evacuate Collection Set: 0.89ms
[2026-09-05T21:24:42.753-0400][754.173s][info][gc,phases   ] GC(425)   Other: 0.14ms
[2026-09-05T21:24:42.753-0400][754.173s][info][gc,heap     ] GC(425) Eden regions: 766->0(741)
[2026-09-05T21:24:42.753-0400][754.173s][info][gc,heap     ] GC(425) Survivor regions: 41->70(101)
[2026-09-05T21:24:42.753-0400][754.173s][info][gc,heap     ] GC(425) Old regions: 760->760
[2026-09-05T21:24:42.753-0400][754.173s][info][gc,heap     ] GC(425) Archive regions: 0->0
[2026-09-05T21:24:42.753-0400][754.173s][info][gc,heap     ] GC(425) Humongous regions: 31->31
[2026-09-05T21:24:42.753-0400][754.173s][info][gc,metaspace] GC(425) Metaspace: 155159K(157952K)->155159K(157952K) NonClass: 133133K(134656K)->133133K(134656K) Class: 22026K(23296K)->22026K(23296K)
[2026-09-05T21:24:42.753-0400][754.173s][info][gc          ] GC(425) Pause Young (Normal) (G1 Evacuation Pause) 3193M->1719M(3820M) 11.158ms
[2026-09-05T21:24:42.753-0400][754.173s][info][gc,cpu      ] GC(425) User=0.00s Sys=0.00s Real=0.01s
[2026-09-05T21:24:43.107-0400][754.526s][info][gc,start    ] GC(426) Pause Young (Normal) (G1 Evacuation Pause)
[2026-09-05T21:24:43.107-0400][754.526s][info][gc,task     ] GC(426) Using 23 workers of 23 for evacuation
[2026-09-05T21:24:43.121-0400][754.541s][info][gc,phases   ] GC(426)   Pre Evacuate Collection Set: 0.20ms
[2026-09-05T21:24:43.121-0400][754.541s][info][gc,phases   ] GC(426)   Merge Heap Roots: 0.18ms
[2026-09-05T21:24:43.121-0400][754.541s][info][gc,phases   ] GC(426)   Evacuate Collection Set: 14.38ms
[2026-09-05T21:24:43.121-0400][754.541s][info][gc,phases   ] GC(426)   Post Evacuate Collection Set: 0.66ms
[2026-09-05T21:24:43.121-0400][754.541s][info][gc,phases   ] GC(426)   Other: 0.13ms
[2026-09-05T21:24:43.121-0400][754.541s][info][gc,heap     ] GC(426) Eden regions: 741->0(709)
[2026-09-05T21:24:43.121-0400][754.541s][info][gc,heap     ] GC(426) Survivor regions: 70->74(102)
[2026-09-05T21:24:43.121-0400][754.541s][info][gc,heap     ] GC(426) Old regions: 760->788
[2026-09-05T21:24:43.121-0400][754.542s][info][gc,heap     ] GC(426) Archive regions: 0->0
[2026-09-05T21:24:43.121-0400][754.542s][info][gc,heap     ] GC(426) Humongous regions: 31->31
[2026-09-05T21:24:43.121-0400][754.542s][info][gc,metaspace] GC(426) Metaspace: 155164K(157952K)->155164K(157952K) NonClass: 133136K(134656K)->133136K(134656K) Class: 22027K(23296K)->22027K(23296K)
[2026-09-05T21:24:43.121-0400][754.542s][info][gc          ] GC(426) Pause Young (Normal) (G1 Evacuation Pause) 3201M->1783M(3820M) 15.682ms
[2026-09-05T21:24:43.121-0400][754.542s][info][gc,cpu      ] GC(426) User=0.36s Sys=0.00s Real=0.01s
[2026-09-05T21:24:43.729-0400][755.149s][info][gc,start    ] GC(427) Pause Young (Normal) (GCLocker Initiated GC)
[2026-09-05T21:24:43.729-0400][755.149s][info][gc,task     ] GC(427) Using 23 workers of 23 for evacuation
[2026-09-05T21:24:43.749-0400][755.168s][info][gc,phases   ] GC(427)   Pre Evacuate Collection Set: 0.20ms
[2026-09-05T21:24:43.749-0400][755.168s][info][gc,phases   ] GC(427)   Merge Heap Roots: 0.20ms
[2026-09-05T21:24:43.749-0400][755.168s][info][gc,phases   ] GC(427)   Evacuate Collection Set: 17.88ms
[2026-09-05T21:24:43.749-0400][755.168s][info][gc,phases   ] GC(427)   Post Evacuate Collection Set: 0.73ms
[2026-09-05T21:24:43.749-0400][755.168s][info][gc,phases   ] GC(427)   Other: 0.13ms
[2026-09-05T21:24:43.749-0400][755.168s][info][gc,heap     ] GC(427) Eden regions: 709->0(648)
[2026-09-05T21:24:43.749-0400][755.168s][info][gc,heap     ] GC(427) Survivor regions: 74->85(98)
[2026-09-05T21:24:43.749-0400][755.168s][info][gc,heap     ] GC(427) Old regions: 788->819
[2026-09-05T21:24:43.749-0400][755.168s][info][gc,heap     ] GC(427) Archive regions: 0->0
[2026-09-05T21:24:43.749-0400][755.168s][info][gc,heap     ] GC(427) Humongous regions: 31->31
[2026-09-05T21:24:43.749-0400][755.168s][info][gc,metaspace] GC(427) Metaspace: 155166K(157952K)->155166K(157952K) NonClass: 133138K(134656K)->133138K(134656K) Class: 22027K(23296K)->22027K(23296K)
[2026-09-05T21:24:43.749-0400][755.168s][info][gc          ] GC(427) Pause Young (Normal) (GCLocker Initiated GC) 3201M->1868M(3820M) 19.281ms
[2026-09-05T21:24:43.749-0400][755.168s][info][gc,cpu      ] GC(427) User=0.36s Sys=0.00s Real=0.02s
[2026-09-05T21:24:47.472-0400][758.892s][info][gc,start    ] GC(428) Pause Young (Normal) (G1 Evacuation Pause)
[2026-09-05T21:24:47.472-0400][758.892s][info][gc,task     ] GC(428) Using 23 workers of 23 for evacuation
[2026-09-05T21:24:47.484-0400][758.904s][info][gc,phases   ] GC(428)   Pre Evacuate Collection Set: 0.30ms
[2026-09-05T21:24:47.485-0400][758.904s][info][gc,phases   ] GC(428)   Merge Heap Roots: 0.62ms
[2026-09-05T21:24:47.485-0400][758.904s][info][gc,phases   ] GC(428)   Evacuate Collection Set: 10.35ms
[2026-09-05T21:24:47.485-0400][758.904s][info][gc,phases   ] GC(428)   Post Evacuate Collection Set: 0.78ms
[2026-09-05T21:24:47.485-0400][758.904s][info][gc,phases   ] GC(428)   Other: 0.14ms
[2026-09-05T21:24:47.485-0400][758.904s][info][gc,heap     ] GC(428) Eden regions: 648->0(675)
[2026-09-05T21:24:47.485-0400][758.904s][info][gc,heap     ] GC(428) Survivor regions: 85->20(92)
[2026-09-05T21:24:47.485-0400][758.904s][info][gc,heap     ] GC(428) Old regions: 819->871
[2026-09-05T21:24:47.485-0400][758.904s][info][gc,heap     ] GC(428) Archive regions: 0->0
[2026-09-05T21:24:47.485-0400][758.904s][info][gc,heap     ] GC(428) Humongous regions: 31->31
[2026-09-05T21:24:47.485-0400][758.904s][info][gc,metaspace] GC(428) Metaspace: 155167K(157952K)->155167K(157952K) NonClass: 133139K(134656K)->133139K(134656K) Class: 22027K(23296K)->22027K(23296K)
[2026-09-05T21:24:47.485-0400][758.904s][info][gc          ] GC(428) Pause Young (Normal) (G1 Evacuation Pause) 3164M->1842M(3820M) 12.335ms
[2026-09-05T21:24:47.485-0400][758.904s][info][gc,cpu      ] GC(428) User=0.36s Sys=0.00s Real=0.01s
[2026-09-05T21:24:50.759-0400][762.179s][info][gc,start    ] GC(429) Pause Young (Normal) (GCLocker Initiated GC)
[2026-09-05T21:24:50.759-0400][762.179s][info][gc,task     ] GC(429) Using 23 workers of 23 for evacuation
[2026-09-05T21:24:50.770-0400][762.190s][info][gc,phases   ] GC(429)   Pre Evacuate Collection Set: 0.23ms
[2026-09-05T21:24:50.770-0400][762.190s][info][gc,phases   ] GC(429)   Merge Heap Roots: 0.20ms
[2026-09-05T21:24:50.770-0400][762.190s][info][gc,phases   ] GC(429)   Evacuate Collection Set: 9.37ms
[2026-09-05T21:24:50.770-0400][762.190s][info][gc,phases   ] GC(429)   Post Evacuate Collection Set: 0.61ms
[2026-09-05T21:24:50.770-0400][762.190s][info][gc,phases   ] GC(429)   Other: 0.15ms
[2026-09-05T21:24:50.770-0400][762.190s][info][gc,heap     ] GC(429) Eden regions: 676->0(642)
[2026-09-05T21:24:50.770-0400][762.190s][info][gc,heap     ] GC(429) Survivor regions: 20->55(87)
[2026-09-05T21:24:50.770-0400][762.190s][info][gc,heap     ] GC(429) Old regions: 871->871
[2026-09-05T21:24:50.770-0400][762.190s][info][gc,heap     ] GC(429) Archive regions: 0->0
[2026-09-05T21:24:50.770-0400][762.190s][info][gc,heap     ] GC(429) Humongous regions: 32->32
[2026-09-05T21:24:50.770-0400][762.190s][info][gc,metaspace] GC(429) Metaspace: 155175K(157952K)->155175K(157952K) NonClass: 133148K(134656K)->133148K(134656K) Class: 22027K(23296K)->22027K(23296K)
[2026-09-05T21:24:50.770-0400][762.190s][info][gc          ] GC(429) Pause Young (Normal) (GCLocker Initiated GC) 3195M->1913M(3820M) 10.686ms
[2026-09-05T21:24:50.770-0400][762.190s][info][gc,cpu      ] GC(429) User=0.00s Sys=0.00s Real=0.01s
[2026-09-05T21:24:51.181-0400][762.600s][info][gc,start    ] GC(430) Pause Young (Normal) (G1 Evacuation Pause)
[2026-09-05T21:24:51.181-0400][762.600s][info][gc,task     ] GC(430) Using 23 workers of 23 for evacuation
[2026-09-05T21:24:51.200-0400][762.620s][info][gc,phases   ] GC(430)   Pre Evacuate Collection Set: 0.24ms
[2026-09-05T21:24:51.200-0400][762.620s][info][gc,phases   ] GC(430)   Merge Heap Roots: 0.23ms
[2026-09-05T21:24:51.200-0400][762.620s][info][gc,phases   ] GC(430)   Evacuate Collection Set: 18.21ms
[2026-09-05T21:24:51.200-0400][762.620s][info][gc,phases   ] GC(430)   Post Evacuate Collection Set: 0.75ms
[2026-09-05T21:24:51.200-0400][762.620s][info][gc,phases   ] GC(430)   Other: 0.16ms
[2026-09-05T21:24:51.200-0400][762.620s][info][gc,heap     ] GC(430) Eden regions: 642->0(566)
[2026-09-05T21:24:51.200-0400][762.620s][info][gc,heap     ] GC(430) Survivor regions: 55->88(88)
[2026-09-05T21:24:51.200-0400][762.620s][info][gc,heap     ] GC(430) Old regions: 871->890
[2026-09-05T21:24:51.200-0400][762.620s][info][gc,heap     ] GC(430) Archive regions: 0->0
[2026-09-05T21:24:51.200-0400][762.620s][info][gc,heap     ] GC(430) Humongous regions: 32->32
[2026-09-05T21:24:51.200-0400][762.620s][info][gc,metaspace] GC(430) Metaspace: 155180K(157952K)->155180K(157952K) NonClass: 133152K(134656K)->133152K(134656K) Class: 22027K(23296K)->22027K(23296K)
[2026-09-05T21:24:51.200-0400][762.620s][info][gc          ] GC(430) Pause Young (Normal) (G1 Evacuation Pause) 3197M->2018M(3820M) 19.833ms
[2026-09-05T21:24:51.200-0400][762.620s][info][gc,cpu      ] GC(430) User=0.36s Sys=0.00s Real=0.02s
[2026-09-05T21:24:52.083-0400][763.502s][info][gc,start    ] GC(431) Pause Young (Normal) (G1 Evacuation Pause)
[2026-09-05T21:24:52.083-0400][763.502s][info][gc,task     ] GC(431) Using 23 workers of 23 for evacuation
[2026-09-05T21:24:52.095-0400][763.514s][info][gc,phases   ] GC(431)   Pre Evacuate Collection Set: 0.43ms
[2026-09-05T21:24:52.095-0400][763.514s][info][gc,phases   ] GC(431)   Merge Heap Roots: 0.20ms
[2026-09-05T21:24:52.095-0400][763.514s][info][gc,phases   ] GC(431)   Evacuate Collection Set: 10.06ms
[2026-09-05T21:24:52.095-0400][763.514s][info][gc,phases   ] GC(431)   Post Evacuate Collection Set: 0.95ms
[2026-09-05T21:24:52.095-0400][763.514s][info][gc,phases   ] GC(431)   Other: 0.16ms
[2026-09-05T21:24:52.095-0400][763.514s][info][gc,heap     ] GC(431) Eden regions: 566->0(589)
[2026-09-05T21:24:52.095-0400][763.514s][info][gc,heap     ] GC(431) Survivor regions: 88->30(82)
[2026-09-05T21:24:52.095-0400][763.514s][info][gc,heap     ] GC(431) Old regions: 890->938
[2026-09-05T21:24:52.095-0400][763.514s][info][gc,heap     ] GC(431) Archive regions: 0->0
[2026-09-05T21:24:52.095-0400][763.514s][info][gc,heap     ] GC(431) Humongous regions: 32->32
[2026-09-05T21:24:52.095-0400][763.514s][info][gc,metaspace] GC(431) Metaspace: 155190K(157952K)->155190K(157952K) NonClass: 133162K(134656K)->133162K(134656K) Class: 22027K(23296K)->22027K(23296K)
[2026-09-05T21:24:52.095-0400][763.514s][info][gc          ] GC(431) Pause Young (Normal) (G1 Evacuation Pause) 3150M->1998M(3820M) 11.911ms
[2026-09-05T21:24:52.095-0400][763.514s][info][gc,cpu      ] GC(431) User=0.27s Sys=0.00s Real=0.01s
[2026-09-05T21:24:57.419-0400][768.838s][info][gc,start    ] GC(432) Pause Young (Normal) (G1 Evacuation Pause)
[2026-09-05T21:24:57.419-0400][768.838s][info][gc,task     ] GC(432) Using 23 workers of 23 for evacuation
[2026-09-05T21:24:57.433-0400][768.853s][info][gc,phases   ] GC(432)   Pre Evacuate Collection Set: 0.17ms
[2026-09-05T21:24:57.433-0400][768.853s][info][gc,phases   ] GC(432)   Merge Heap Roots: 0.17ms
[2026-09-05T21:24:57.433-0400][768.853s][info][gc,phases   ] GC(432)   Evacuate Collection Set: 13.02ms
[2026-09-05T21:24:57.433-0400][768.853s][info][gc,phases   ] GC(432)   Post Evacuate Collection Set: 0.71ms
[2026-09-05T21:24:57.433-0400][768.853s][info][gc,phases   ] GC(432)   Other: 0.14ms
[2026-09-05T21:24:57.433-0400][768.853s][info][gc,heap     ] GC(432) Eden regions: 589->0(552)
[2026-09-05T21:24:57.433-0400][768.853s][info][gc,heap     ] GC(432) Survivor regions: 30->66(78)
[2026-09-05T21:24:57.433-0400][768.853s][info][gc,heap     ] GC(432) Old regions: 938->938
[2026-09-05T21:24:57.433-0400][768.853s][info][gc,heap     ] GC(432) Archive regions: 0->0
[2026-09-05T21:24:57.433-0400][768.853s][info][gc,heap     ] GC(432) Humongous regions: 32->32
[2026-09-05T21:24:57.433-0400][768.853s][info][gc,metaspace] GC(432) Metaspace: 155202K(157952K)->155202K(157952K) NonClass: 133173K(134656K)->133173K(134656K) Class: 22028K(23296K)->22028K(23296K)
[2026-09-05T21:24:57.433-0400][768.853s][info][gc          ] GC(432) Pause Young (Normal) (G1 Evacuation Pause) 3176M->2071M(3820M) 14.342ms
[2026-09-05T21:24:57.433-0400][768.853s][info][gc,cpu      ] GC(432) User=0.34s Sys=0.02s Real=0.01s
[2026-09-05T21:24:57.967-0400][769.386s][info][gc,start    ] GC(433) Pause Young (Normal) (GCLocker Initiated GC)
[2026-09-05T21:24:57.967-0400][769.386s][info][gc,task     ] GC(433) Using 23 workers of 23 for evacuation
[2026-09-05T21:24:57.978-0400][769.398s][info][gc,phases   ] GC(433)   Pre Evacuate Collection Set: 0.26ms
[2026-09-05T21:24:57.978-0400][769.398s][info][gc,phases   ] GC(433)   Merge Heap Roots: 0.19ms
[2026-09-05T21:24:57.978-0400][769.398s][info][gc,phases   ] GC(433)   Evacuate Collection Set: 10.76ms
[2026-09-05T21:24:57.978-0400][769.398s][info][gc,phases   ] GC(433)   Post Evacuate Collection Set: 0.67ms
[2026-09-05T21:24:57.978-0400][769.398s][info][gc,phases   ] GC(433)   Other: 0.13ms
[2026-09-05T21:24:57.978-0400][769.398s][info][gc,heap     ] GC(433) Eden regions: 552->0(548)
[2026-09-05T21:24:57.978-0400][769.398s][info][gc,heap     ] GC(433) Survivor regions: 66->42(78)
[2026-09-05T21:24:57.978-0400][769.398s][info][gc,heap     ] GC(433) Old regions: 938->970
[2026-09-05T21:24:57.978-0400][769.398s][info][gc,heap     ] GC(433) Archive regions: 0->0
[2026-09-05T21:24:57.978-0400][769.398s][info][gc,heap     ] GC(433) Humongous regions: 33->33
[2026-09-05T21:24:57.978-0400][769.398s][info][gc,metaspace] GC(433) Metaspace: 155202K(157952K)->155202K(157952K) NonClass: 133173K(134656K)->133173K(134656K) Class: 22028K(23296K)->22028K(23296K)
[2026-09-05T21:24:57.978-0400][769.398s][info][gc          ] GC(433) Pause Young (Normal) (GCLocker Initiated GC) 3177M->2089M(3820M) 12.158ms
[2026-09-05T21:24:57.978-0400][769.398s][info][gc,cpu      ] GC(433) User=0.38s Sys=0.00s Real=0.01s
[2026-09-05T21:24:58.256-0400][769.675s][info][gc,start    ] GC(434) Pause Young (Normal) (GCLocker Initiated GC)
[2026-09-05T21:24:58.256-0400][769.675s][info][gc,task     ] GC(434) Using 23 workers of 23 for evacuation
[2026-09-05T21:24:58.268-0400][769.688s][info][gc,phases   ] GC(434)   Pre Evacuate Collection Set: 0.22ms
[2026-09-05T21:24:58.268-0400][769.688s][info][gc,phases   ] GC(434)   Merge Heap Roots: 0.18ms
[2026-09-05T21:24:58.268-0400][769.688s][info][gc,phases   ] GC(434)   Evacuate Collection Set: 11.78ms
[2026-09-05T21:24:58.268-0400][769.688s][info][gc,phases   ] GC(434)   Post Evacuate Collection Set: 0.58ms
[2026-09-05T21:24:58.268-0400][769.688s][info][gc,phases   ] GC(434)   Other: 0.21ms
[2026-09-05T21:24:58.268-0400][769.688s][info][gc,heap     ] GC(434) Eden regions: 549->0(532)
[2026-09-05T21:24:58.268-0400][769.688s][info][gc,heap     ] GC(434) Survivor regions: 42->65(74)
[2026-09-05T21:24:58.268-0400][769.688s][info][gc,heap     ] GC(434) Old regions: 970->970
[2026-09-05T21:24:58.268-0400][769.688s][info][gc,heap     ] GC(434) Archive regions: 0->0
[2026-09-05T21:24:58.268-0400][769.688s][info][gc,heap     ] GC(434) Humongous regions: 33->33
[2026-09-05T21:24:58.268-0400][769.688s][info][gc,metaspace] GC(434) Metaspace: 155202K(157952K)->155202K(157952K) NonClass: 133174K(134656K)->133174K(134656K) Class: 22028K(23296K)->22028K(23296K)
[2026-09-05T21:24:58.268-0400][769.688s][info][gc          ] GC(434) Pause Young (Normal) (GCLocker Initiated GC) 3185M->2134M(3820M) 13.126ms
[2026-09-05T21:24:58.268-0400][769.688s][info][gc,cpu      ] GC(434) User=0.30s Sys=0.00s Real=0.01s
[2026-09-05T21:24:58.717-0400][770.137s][info][gc,start    ] GC(435) Pause Young (Normal) (G1 Evacuation Pause)
[2026-09-05T21:24:58.717-0400][770.137s][info][gc,task     ] GC(435) Using 23 workers of 23 for evacuation
[2026-09-05T21:24:58.732-0400][770.152s][info][gc,phases   ] GC(435)   Pre Evacuate Collection Set: 0.19ms
[2026-09-05T21:24:58.732-0400][770.152s][info][gc,phases   ] GC(435)   Merge Heap Roots: 0.20ms
[2026-09-05T21:24:58.732-0400][770.152s][info][gc,phases   ] GC(435)   Evacuate Collection Set: 14.31ms
[2026-09-05T21:24:58.732-0400][770.152s][info][gc,phases   ] GC(435)   Post Evacuate Collection Set: 0.73ms
[2026-09-05T21:24:58.732-0400][770.152s][info][gc,phases   ] GC(435)   Other: 0.14ms
[2026-09-05T21:24:58.732-0400][770.152s][info][gc,heap     ] GC(435) Eden regions: 532->0(493)
[2026-09-05T21:24:58.732-0400][770.153s][info][gc,heap     ] GC(435) Survivor regions: 65->75(75)
[2026-09-05T21:24:58.732-0400][770.153s][info][gc,heap     ] GC(435) Old regions: 970->994
[2026-09-05T21:24:58.733-0400][770.153s][info][gc,heap     ] GC(435) Archive regions: 0->0
[2026-09-05T21:24:58.733-0400][770.153s][info][gc,heap     ] GC(435) Humongous regions: 33->33
[2026-09-05T21:24:58.733-0400][770.153s][info][gc,metaspace] GC(435) Metaspace: 155204K(157952K)->155204K(157952K) NonClass: 133175K(134656K)->133175K(134656K) Class: 22028K(23296K)->22028K(23296K)
[2026-09-05T21:24:58.733-0400][770.153s][info][gc          ] GC(435) Pause Young (Normal) (G1 Evacuation Pause) 3198M->2202M(3820M) 15.750ms
[2026-09-05T21:24:58.733-0400][770.153s][info][gc,cpu      ] GC(435) User=0.33s Sys=0.03s Real=0.02s
[2026-09-05T21:24:59.690-0400][771.109s][info][gc,start    ] GC(436) Pause Young (Normal) (GCLocker Initiated GC)
[2026-09-05T21:24:59.690-0400][771.109s][info][gc,task     ] GC(436) Using 23 workers of 23 for evacuation
[2026-09-05T21:24:59.701-0400][771.121s][info][gc,phases   ] GC(436)   Pre Evacuate Collection Set: 0.29ms
[2026-09-05T21:24:59.701-0400][771.121s][info][gc,phases   ] GC(436)   Merge Heap Roots: 0.23ms
[2026-09-05T21:24:59.701-0400][771.121s][info][gc,phases   ] GC(436)   Evacuate Collection Set: 10.62ms
[2026-09-05T21:24:59.701-0400][771.121s][info][gc,phases   ] GC(436)   Post Evacuate Collection Set: 0.86ms
[2026-09-05T21:24:59.701-0400][771.121s][info][gc,phases   ] GC(436)   Other: 0.13ms
[2026-09-05T21:24:59.701-0400][771.121s][info][gc,heap     ] GC(436) Eden regions: 494->0(503)
[2026-09-05T21:24:59.701-0400][771.121s][info][gc,heap     ] GC(436) Survivor regions: 75->33(71)
[2026-09-05T21:24:59.701-0400][771.121s][info][gc,heap     ] GC(436) Old regions: 994->1034
[2026-09-05T21:24:59.701-0400][771.121s][info][gc,heap     ] GC(436) Archive regions: 0->0
[2026-09-05T21:24:59.701-0400][771.121s][info][gc,heap     ] GC(436) Humongous regions: 33->33
[2026-09-05T21:24:59.701-0400][771.121s][info][gc,metaspace] GC(436) Metaspace: 155204K(157952K)->155204K(157952K) NonClass: 133175K(134656K)->133175K(134656K) Class: 22028K(23296K)->22028K(23296K)
[2026-09-05T21:24:59.701-0400][771.121s][info][gc          ] GC(436) Pause Young (Normal) (GCLocker Initiated GC) 3189M->2199M(3820M) 12.259ms
[2026-09-05T21:24:59.701-0400][771.121s][info][gc,cpu      ] GC(436) User=0.36s Sys=0.00s Real=0.01s
[2026-09-05T21:25:08.584-0400][780.003s][info][gc,start    ] GC(437) Pause Young (Normal) (G1 Evacuation Pause)
[2026-09-05T21:25:08.584-0400][780.003s][info][gc,task     ] GC(437) Using 23 workers of 23 for evacuation
[2026-09-05T21:25:08.590-0400][780.009s][info][gc,phases   ] GC(437)   Pre Evacuate Collection Set: 0.24ms
[2026-09-05T21:25:08.590-0400][780.009s][info][gc,phases   ] GC(437)   Merge Heap Roots: 0.37ms
[2026-09-05T21:25:08.590-0400][780.009s][info][gc,phases   ] GC(437)   Evacuate Collection Set: 4.59ms
[2026-09-05T21:25:08.590-0400][780.009s][info][gc,phases   ] GC(437)   Post Evacuate Collection Set: 0.78ms
[2026-09-05T21:25:08.590-0400][780.009s][info][gc,phases   ] GC(437)   Other: 0.20ms
[2026-09-05T21:25:08.590-0400][780.009s][info][gc,heap     ] GC(437) Eden regions: 503->0(521)
[2026-09-05T21:25:08.590-0400][780.009s][info][gc,heap     ] GC(437) Survivor regions: 33->29(67)
[2026-09-05T21:25:08.590-0400][780.009s][info][gc,heap     ] GC(437) Old regions: 1034->1034
[2026-09-05T21:25:08.590-0400][780.009s][info][gc,heap     ] GC(437) Archive regions: 0->0
[2026-09-05T21:25:08.590-0400][780.009s][info][gc,heap     ] GC(437) Humongous regions: 33->33
[2026-09-05T21:25:08.590-0400][780.009s][info][gc,metaspace] GC(437) Metaspace: 155204K(157952K)->155204K(157952K) NonClass: 133175K(134656K)->133175K(134656K) Class: 22028K(23296K)->22028K(23296K)
[2026-09-05T21:25:08.590-0400][780.009s][info][gc          ] GC(437) Pause Young (Normal) (G1 Evacuation Pause) 3205M->2189M(3820M) 6.281ms
[2026-09-05T21:25:08.590-0400][780.009s][info][gc,cpu      ] GC(437) User=0.36s Sys=0.00s Real=0.01s
[2026-09-05T21:25:11.977-0400][783.396s][info][gc,start    ] GC(438) Pause Young (Normal) (G1 Evacuation Pause)
[2026-09-05T21:25:11.977-0400][783.396s][info][gc,task     ] GC(438) Using 23 workers of 23 for evacuation
[2026-09-05T21:25:11.985-0400][783.404s][info][gc,phases   ] GC(438)   Pre Evacuate Collection Set: 0.26ms
[2026-09-05T21:25:11.985-0400][783.404s][info][gc,phases   ] GC(438)   Merge Heap Roots: 0.17ms
[2026-09-05T21:25:11.985-0400][783.404s][info][gc,phases   ] GC(438)   Evacuate Collection Set: 7.04ms
[2026-09-05T21:25:11.985-0400][783.404s][info][gc,phases   ] GC(438)   Post Evacuate Collection Set: 0.63ms
[2026-09-05T21:25:11.985-0400][783.405s][info][gc,phases   ] GC(438)   Other: 0.17ms
[2026-09-05T21:25:11.985-0400][783.405s][info][gc,heap     ] GC(438) Eden regions: 521->0(498)
[2026-09-05T21:25:11.985-0400][783.405s][info][gc,heap     ] GC(438) Survivor regions: 29->55(69)
[2026-09-05T21:25:11.985-0400][783.405s][info][gc,heap     ] GC(438) Old regions: 1034->1034
[2026-09-05T21:25:11.985-0400][783.405s][info][gc,heap     ] GC(438) Archive regions: 0->0
[2026-09-05T21:25:11.985-0400][783.405s][info][gc,heap     ] GC(438) Humongous regions: 34->34
[2026-09-05T21:25:11.985-0400][783.405s][info][gc,metaspace] GC(438) Metaspace: 155204K(157952K)->155204K(157952K) NonClass: 133175K(134656K)->133175K(134656K) Class: 22028K(23296K)->22028K(23296K)
[2026-09-05T21:25:11.985-0400][783.405s][info][gc          ] GC(438) Pause Young (Normal) (G1 Evacuation Pause) 3233M->2245M(3820M) 8.524ms
[2026-09-05T21:25:11.985-0400][783.405s][info][gc,cpu      ] GC(438) User=0.00s Sys=0.00s Real=0.01s
[2026-09-05T21:25:12.247-0400][783.667s][info][gc,start    ] GC(439) Pause Young (Normal) (GCLocker Initiated GC)
[2026-09-05T21:25:12.247-0400][783.667s][info][gc,task     ] GC(439) Using 23 workers of 23 for evacuation
[2026-09-05T21:25:12.261-0400][783.680s][info][gc,phases   ] GC(439)   Pre Evacuate Collection Set: 0.17ms
[2026-09-05T21:25:12.261-0400][783.680s][info][gc,phases   ] GC(439)   Merge Heap Roots: 0.22ms
[2026-09-05T21:25:12.261-0400][783.680s][info][gc,phases   ] GC(439)   Evacuate Collection Set: 11.44ms
[2026-09-05T21:25:12.261-0400][783.680s][info][gc,phases   ] GC(439)   Post Evacuate Collection Set: 0.62ms
[2026-09-05T21:25:12.261-0400][783.680s][info][gc,phases   ] GC(439)   Other: 0.14ms
[2026-09-05T21:25:12.261-0400][783.680s][info][gc,heap     ] GC(439) Eden regions: 499->0(481)
[2026-09-05T21:25:12.261-0400][783.680s][info][gc,heap     ] GC(439) Survivor regions: 55->56(70)
[2026-09-05T21:25:12.261-0400][783.680s][info][gc,heap     ] GC(439) Old regions: 1034->1055
[2026-09-05T21:25:12.261-0400][783.680s][info][gc,heap     ] GC(439) Archive regions: 0->0
[2026-09-05T21:25:12.261-0400][783.680s][info][gc,heap     ] GC(439) Humongous regions: 34->34
[2026-09-05T21:25:12.261-0400][783.680s][info][gc,metaspace] GC(439) Metaspace: 155219K(158016K)->155219K(158016K) NonClass: 133190K(134720K)->133190K(134720K) Class: 22028K(23296K)->22028K(23296K)
[2026-09-05T21:25:12.261-0400][783.680s][info][gc          ] GC(439) Pause Young (Normal) (GCLocker Initiated GC) 3241M->2286M(3820M) 12.712ms
[2026-09-05T21:25:12.261-0400][783.680s][info][gc,cpu      ] GC(439) User=0.30s Sys=0.05s Real=0.01s
[2026-09-05T21:25:12.659-0400][784.079s][info][gc,start    ] GC(440) Pause Young (Normal) (G1 Evacuation Pause)
[2026-09-05T21:25:12.659-0400][784.079s][info][gc,task     ] GC(440) Using 23 workers of 23 for evacuation
[2026-09-05T21:25:12.671-0400][784.091s][info][gc,phases   ] GC(440)   Pre Evacuate Collection Set: 0.27ms
[2026-09-05T21:25:12.671-0400][784.091s][info][gc,phases   ] GC(440)   Merge Heap Roots: 0.20ms
[2026-09-05T21:25:12.671-0400][784.091s][info][gc,phases   ] GC(440)   Evacuate Collection Set: 11.02ms
[2026-09-05T21:25:12.671-0400][784.091s][info][gc,phases   ] GC(440)   Post Evacuate Collection Set: 0.57ms
[2026-09-05T21:25:12.671-0400][784.091s][info][gc,phases   ] GC(440)   Other: 0.14ms
[2026-09-05T21:25:12.671-0400][784.091s][info][gc,heap     ] GC(440) Eden regions: 481->0(457)
[2026-09-05T21:25:12.671-0400][784.091s][info][gc,heap     ] GC(440) Survivor regions: 56->54(68)
[2026-09-05T21:25:12.671-0400][784.091s][info][gc,heap     ] GC(440) Old regions: 1055->1080
[2026-09-05T21:25:12.671-0400][784.091s][info][gc,heap     ] GC(440) Archive regions: 0->0
[2026-09-05T21:25:12.671-0400][784.091s][info][gc,heap     ] GC(440) Humongous regions: 34->34
[2026-09-05T21:25:12.671-0400][784.091s][info][gc,metaspace] GC(440) Metaspace: 155223K(158016K)->155223K(158016K) NonClass: 133195K(134720K)->133195K(134720K) Class: 22028K(23296K)->22028K(23296K)
[2026-09-05T21:25:12.671-0400][784.092s][info][gc          ] GC(440) Pause Young (Normal) (G1 Evacuation Pause) 3248M->2334M(3820M) 12.361ms
[2026-09-05T21:25:12.671-0400][784.092s][info][gc,cpu      ] GC(440) User=0.36s Sys=0.00s Real=0.01s
[2026-09-05T21:25:13.481-0400][784.901s][info][gc,start    ] GC(441) Pause Young (Normal) (G1 Evacuation Pause)
[2026-09-05T21:25:13.481-0400][784.901s][info][gc,task     ] GC(441) Using 23 workers of 23 for evacuation
[2026-09-05T21:25:13.491-0400][784.911s][info][gc,phases   ] GC(441)   Pre Evacuate Collection Set: 0.25ms
[2026-09-05T21:25:13.491-0400][784.911s][info][gc,phases   ] GC(441)   Merge Heap Roots: 0.22ms
[2026-09-05T21:25:13.491-0400][784.911s][info][gc,phases   ] GC(441)   Evacuate Collection Set: 8.14ms
[2026-09-05T21:25:13.491-0400][784.911s][info][gc,phases   ] GC(441)   Post Evacuate Collection Set: 0.73ms
[2026-09-05T21:25:13.491-0400][784.911s][info][gc,phases   ] GC(441)   Other: 0.14ms
[2026-09-05T21:25:13.491-0400][784.911s][info][gc,heap     ] GC(441) Eden regions: 457->0(460)
[2026-09-05T21:25:13.491-0400][784.911s][info][gc,heap     ] GC(441) Survivor regions: 54->22(64)
[2026-09-05T21:25:13.492-0400][784.911s][info][gc,heap     ] GC(441) Old regions: 1080->1117
[2026-09-05T21:25:13.492-0400][784.911s][info][gc,heap     ] GC(441) Archive regions: 0->0
[2026-09-05T21:25:13.492-0400][784.911s][info][gc,heap     ] GC(441) Humongous regions: 34->34
[2026-09-05T21:25:13.492-0400][784.911s][info][gc,metaspace] GC(441) Metaspace: 155223K(158016K)->155223K(158016K) NonClass: 133195K(134720K)->133195K(134720K) Class: 22028K(23296K)->22028K(23296K)
[2026-09-05T21:25:13.492-0400][784.911s][info][gc          ] GC(441) Pause Young (Normal) (G1 Evacuation Pause) 3248M->2344M(3820M) 9.657ms
[2026-09-05T21:25:13.492-0400][784.911s][info][gc,cpu      ] GC(441) User=0.00s Sys=0.02s Real=0.01s
[2026-09-05T21:25:19.285-0400][790.704s][info][gc,start    ] GC(442) Pause Young (Normal) (G1 Evacuation Pause)
[2026-09-05T21:25:19.285-0400][790.704s][info][gc,task     ] GC(442) Using 23 workers of 23 for evacuation
[2026-09-05T21:25:19.291-0400][790.710s][info][gc,phases   ] GC(442)   Pre Evacuate Collection Set: 0.24ms
[2026-09-05T21:25:19.291-0400][790.710s][info][gc,phases   ] GC(442)   Merge Heap Roots: 0.20ms
[2026-09-05T21:25:19.291-0400][790.710s][info][gc,phases   ] GC(442)   Evacuate Collection Set: 4.53ms
[2026-09-05T21:25:19.291-0400][790.710s][info][gc,phases   ] GC(442)   Post Evacuate Collection Set: 0.62ms
[2026-09-05T21:25:19.291-0400][790.710s][info][gc,phases   ] GC(442)   Other: 0.24ms
[2026-09-05T21:25:19.291-0400][790.710s][info][gc,heap     ] GC(442) Eden regions: 460->0(468)
[2026-09-05T21:25:19.291-0400][790.710s][info][gc,heap     ] GC(442) Survivor regions: 22->25(61)
[2026-09-05T21:25:19.291-0400][790.710s][info][gc,heap     ] GC(442) Old regions: 1117->1117
[2026-09-05T21:25:19.291-0400][790.710s][info][gc,heap     ] GC(442) Archive regions: 0->0
[2026-09-05T21:25:19.291-0400][790.710s][info][gc,heap     ] GC(442) Humongous regions: 34->34
[2026-09-05T21:25:19.291-0400][790.710s][info][gc,metaspace] GC(442) Metaspace: 155227K(158016K)->155227K(158016K) NonClass: 133198K(134720K)->133198K(134720K) Class: 22028K(23296K)->22028K(23296K)
[2026-09-05T21:25:19.291-0400][790.710s][info][gc          ] GC(442) Pause Young (Normal) (G1 Evacuation Pause) 3264M->2349M(3820M) 5.837ms
[2026-09-05T21:25:19.291-0400][790.710s][info][gc,cpu      ] GC(442) User=0.36s Sys=0.02s Real=0.01s
[2026-09-05T21:25:25.638-0400][797.057s][info][gc,start    ] GC(443) Pause Young (Normal) (G1 Evacuation Pause)
[2026-09-05T21:25:25.638-0400][797.057s][info][gc,task     ] GC(443) Using 23 workers of 23 for evacuation
[2026-09-05T21:25:25.644-0400][797.063s][info][gc,phases   ] GC(443)   Pre Evacuate Collection Set: 0.20ms
[2026-09-05T21:25:25.644-0400][797.063s][info][gc,phases   ] GC(443)   Merge Heap Roots: 0.27ms
[2026-09-05T21:25:25.644-0400][797.063s][info][gc,phases   ] GC(443)   Evacuate Collection Set: 4.80ms
[2026-09-05T21:25:25.644-0400][797.063s][info][gc,phases   ] GC(443)   Post Evacuate Collection Set: 0.61ms
[2026-09-05T21:25:25.644-0400][797.063s][info][gc,phases   ] GC(443)   Other: 0.14ms
[2026-09-05T21:25:25.644-0400][797.063s][info][gc,heap     ] GC(443) Eden regions: 468->0(469)
[2026-09-05T21:25:25.644-0400][797.063s][info][gc,heap     ] GC(443) Survivor regions: 25->33(62)
[2026-09-05T21:25:25.644-0400][797.063s][info][gc,heap     ] GC(443) Old regions: 1117->1117
[2026-09-05T21:25:25.644-0400][797.063s][info][gc,heap     ] GC(443) Archive regions: 0->0
[2026-09-05T21:25:25.644-0400][797.063s][info][gc,heap     ] GC(443) Humongous regions: 34->34
[2026-09-05T21:25:25.644-0400][797.063s][info][gc,metaspace] GC(443) Metaspace: 155229K(158016K)->155229K(158016K) NonClass: 133200K(134720K)->133200K(134720K) Class: 22028K(23296K)->22028K(23296K)
[2026-09-05T21:25:25.644-0400][797.063s][info][gc          ] GC(443) Pause Young (Normal) (G1 Evacuation Pause) 3285M->2365M(3820M) 6.160ms
[2026-09-05T21:25:25.644-0400][797.063s][info][gc,cpu      ] GC(443) User=0.00s Sys=0.00s Real=0.01s
[2026-09-05T21:25:25.954-0400][797.373s][info][gc,start    ] GC(444) Pause Young (Normal) (GCLocker Initiated GC)
[2026-09-05T21:25:25.954-0400][797.374s][info][gc,task     ] GC(444) Using 23 workers of 23 for evacuation
[2026-09-05T21:25:25.963-0400][797.382s][info][gc,phases   ] GC(444)   Pre Evacuate Collection Set: 0.20ms
[2026-09-05T21:25:25.963-0400][797.382s][info][gc,phases   ] GC(444)   Merge Heap Roots: 0.18ms
[2026-09-05T21:25:25.963-0400][797.382s][info][gc,phases   ] GC(444)   Evacuate Collection Set: 7.33ms
[2026-09-05T21:25:25.963-0400][797.382s][info][gc,phases   ] GC(444)   Post Evacuate Collection Set: 0.65ms
[2026-09-05T21:25:25.963-0400][797.382s][info][gc,phases   ] GC(444)   Other: 0.19ms
[2026-09-05T21:25:25.963-0400][797.382s][info][gc,heap     ] GC(444) Eden regions: 470->0(457)
[2026-09-05T21:25:25.963-0400][797.382s][info][gc,heap     ] GC(444) Survivor regions: 33->47(63)
[2026-09-05T21:25:25.963-0400][797.382s][info][gc,heap     ] GC(444) Old regions: 1117->1117
[2026-09-05T21:25:25.963-0400][797.382s][info][gc,heap     ] GC(444) Archive regions: 0->0
[2026-09-05T21:25:25.963-0400][797.382s][info][gc,heap     ] GC(444) Humongous regions: 35->35
[2026-09-05T21:25:25.963-0400][797.382s][info][gc,metaspace] GC(444) Metaspace: 155232K(158016K)->155232K(158016K) NonClass: 133203K(134720K)->133203K(134720K) Class: 22028K(23296K)->22028K(23296K)
[2026-09-05T21:25:25.963-0400][797.382s][info][gc          ] GC(444) Pause Young (Normal) (GCLocker Initiated GC) 3306M->2396M(3820M) 8.678ms
[2026-09-05T21:25:25.963-0400][797.382s][info][gc,cpu      ] GC(444) User=0.34s Sys=0.02s Real=0.01s
[2026-09-05T21:25:26.092-0400][797.512s][info][gc,start    ] GC(445) Pause Young (Normal) (G1 Evacuation Pause)
[2026-09-05T21:25:26.092-0400][797.512s][info][gc,task     ] GC(445) Using 23 workers of 23 for evacuation
[2026-09-05T21:25:26.104-0400][797.524s][info][gc,phases   ] GC(445)   Pre Evacuate Collection Set: 0.15ms
[2026-09-05T21:25:26.104-0400][797.524s][info][gc,phases   ] GC(445)   Merge Heap Roots: 0.19ms
[2026-09-05T21:25:26.104-0400][797.524s][info][gc,phases   ] GC(445)   Evacuate Collection Set: 11.27ms
[2026-09-05T21:25:26.104-0400][797.524s][info][gc,phases   ] GC(445)   Post Evacuate Collection Set: 0.63ms
[2026-09-05T21:25:26.104-0400][797.524s][info][gc,phases   ] GC(445)   Other: 0.13ms
[2026-09-05T21:25:26.104-0400][797.524s][info][gc,heap     ] GC(445) Eden regions: 457->0(441)
[2026-09-05T21:25:26.104-0400][797.524s][info][gc,heap     ] GC(445) Survivor regions: 47->50(63)
[2026-09-05T21:25:26.104-0400][797.524s][info][gc,heap     ] GC(445) Old regions: 1117->1130
[2026-09-05T21:25:26.104-0400][797.524s][info][gc,heap     ] GC(445) Archive regions: 0->0
[2026-09-05T21:25:26.104-0400][797.524s][info][gc,heap     ] GC(445) Humongous regions: 35->35
[2026-09-05T21:25:26.104-0400][797.524s][info][gc,metaspace] GC(445) Metaspace: 155232K(158016K)->155232K(158016K) NonClass: 133203K(134720K)->133203K(134720K) Class: 22028K(23296K)->22028K(23296K)
[2026-09-05T21:25:26.104-0400][797.524s][info][gc          ] GC(445) Pause Young (Normal) (G1 Evacuation Pause) 3309M->2428M(3820M) 12.510ms
[2026-09-05T21:25:26.104-0400][797.524s][info][gc,cpu      ] GC(445) User=0.33s Sys=0.03s Real=0.01s
[2026-09-05T21:25:26.294-0400][797.713s][info][gc,start    ] GC(446) Pause Young (Normal) (G1 Evacuation Pause)
[2026-09-05T21:25:26.294-0400][797.714s][info][gc,task     ] GC(446) Using 23 workers of 23 for evacuation
[2026-09-05T21:25:26.304-0400][797.723s][info][gc,phases   ] GC(446)   Pre Evacuate Collection Set: 0.25ms
[2026-09-05T21:25:26.304-0400][797.723s][info][gc,phases   ] GC(446)   Merge Heap Roots: 0.21ms
[2026-09-05T21:25:26.304-0400][797.723s][info][gc,phases   ] GC(446)   Evacuate Collection Set: 8.42ms
[2026-09-05T21:25:26.304-0400][797.723s][info][gc,phases   ] GC(446)   Post Evacuate Collection Set: 0.83ms
[2026-09-05T21:25:26.304-0400][797.723s][info][gc,phases   ] GC(446)   Other: 0.16ms
[2026-09-05T21:25:26.304-0400][797.723s][info][gc,heap     ] GC(446) Eden regions: 441->0(443)
[2026-09-05T21:25:26.304-0400][797.723s][info][gc,heap     ] GC(446) Survivor regions: 50->31(62)
[2026-09-05T21:25:26.304-0400][797.723s][info][gc,heap     ] GC(446) Old regions: 1130->1152
[2026-09-05T21:25:26.304-0400][797.723s][info][gc,heap     ] GC(446) Archive regions: 0->0
[2026-09-05T21:25:26.304-0400][797.723s][info][gc,heap     ] GC(446) Humongous regions: 35->35
[2026-09-05T21:25:26.304-0400][797.723s][info][gc,metaspace] GC(446) Metaspace: 155232K(158016K)->155232K(158016K) NonClass: 133203K(134720K)->133203K(134720K) Class: 22028K(23296K)->22028K(23296K)
[2026-09-05T21:25:26.304-0400][797.723s][info][gc          ] GC(446) Pause Young (Normal) (G1 Evacuation Pause) 3310M->2435M(3820M) 9.993ms
[2026-09-05T21:25:26.304-0400][797.724s][info][gc,cpu      ] GC(446) User=0.00s Sys=0.03s Real=0.01s
[2026-09-05T21:25:26.668-0400][798.087s][info][gc,start    ] GC(447) Pause Young (Normal) (GCLocker Initiated GC)
[2026-09-05T21:25:26.668-0400][798.087s][info][gc,task     ] GC(447) Using 23 workers of 23 for evacuation
[2026-09-05T21:25:26.673-0400][798.092s][info][gc,phases   ] GC(447)   Pre Evacuate Collection Set: 0.22ms
[2026-09-05T21:25:26.673-0400][798.092s][info][gc,phases   ] GC(447)   Merge Heap Roots: 0.19ms
[2026-09-05T21:25:26.673-0400][798.092s][info][gc,phases   ] GC(447)   Evacuate Collection Set: 3.75ms
[2026-09-05T21:25:26.673-0400][798.092s][info][gc,phases   ] GC(447)   Post Evacuate Collection Set: 0.63ms
[2026-09-05T21:25:26.673-0400][798.092s][info][gc,phases   ] GC(447)   Other: 0.16ms
[2026-09-05T21:25:26.673-0400][798.092s][info][gc,heap     ] GC(447) Eden regions: 443->0(459)
[2026-09-05T21:25:26.673-0400][798.092s][info][gc,heap     ] GC(447) Survivor regions: 31->21(60)
[2026-09-05T21:25:26.673-0400][798.092s][info][gc,heap     ] GC(447) Old regions: 1152->1152
[2026-09-05T21:25:26.673-0400][798.092s][info][gc,heap     ] GC(447) Archive regions: 0->0
[2026-09-05T21:25:26.673-0400][798.093s][info][gc,heap     ] GC(447) Humongous regions: 35->35
[2026-09-05T21:25:26.673-0400][798.093s][info][gc,metaspace] GC(447) Metaspace: 155232K(158016K)->155232K(158016K) NonClass: 133203K(134720K)->133203K(134720K) Class: 22028K(23296K)->22028K(23296K)
[2026-09-05T21:25:26.673-0400][798.093s][info][gc          ] GC(447) Pause Young (Normal) (GCLocker Initiated GC) 3321M->2415M(3820M) 5.082ms
[2026-09-05T21:25:26.673-0400][798.093s][info][gc,cpu      ] GC(447) User=0.00s Sys=0.00s Real=0.01s
[2026-09-05T21:25:27.075-0400][798.495s][info][gc,start    ] GC(448) Pause Young (Normal) (G1 Evacuation Pause)
[2026-09-05T21:25:27.076-0400][798.496s][info][gc,task     ] GC(448) Using 23 workers of 23 for evacuation
[2026-09-05T21:25:27.080-0400][798.500s][info][gc,phases   ] GC(448)   Pre Evacuate Collection Set: 0.21ms
[2026-09-05T21:25:27.080-0400][798.500s][info][gc,phases   ] GC(448)   Merge Heap Roots: 0.19ms
[2026-09-05T21:25:27.080-0400][798.500s][info][gc,phases   ] GC(448)   Evacuate Collection Set: 3.38ms
[2026-09-05T21:25:27.080-0400][798.500s][info][gc,phases   ] GC(448)   Post Evacuate Collection Set: 0.68ms
[2026-09-05T21:25:27.080-0400][798.500s][info][gc,phases   ] GC(448)   Other: 0.30ms
[2026-09-05T21:25:27.080-0400][798.500s][info][gc,heap     ] GC(448) Eden regions: 459->0(466)
[2026-09-05T21:25:27.080-0400][798.500s][info][gc,heap     ] GC(448) Survivor regions: 21->18(60)
[2026-09-05T21:25:27.080-0400][798.500s][info][gc,heap     ] GC(448) Old regions: 1152->1152
[2026-09-05T21:25:27.080-0400][798.500s][info][gc,heap     ] GC(448) Archive regions: 0->0
[2026-09-05T21:25:27.080-0400][798.500s][info][gc,heap     ] GC(448) Humongous regions: 35->35
[2026-09-05T21:25:27.080-0400][798.500s][info][gc,metaspace] GC(448) Metaspace: 155234K(158016K)->155234K(158016K) NonClass: 133205K(134720K)->133205K(134720K) Class: 22028K(23296K)->22028K(23296K)
[2026-09-05T21:25:27.080-0400][798.500s][info][gc          ] GC(448) Pause Young (Normal) (G1 Evacuation Pause) 3333M->2408M(3820M) 4.867ms
[2026-09-05T21:25:27.080-0400][798.500s][info][gc,cpu      ] GC(448) User=0.00s Sys=0.00s Real=0.00s
[2026-09-05T21:25:27.506-0400][798.926s][info][gc,start    ] GC(449) Pause Young (Normal) (G1 Evacuation Pause)
[2026-09-05T21:25:27.506-0400][798.926s][info][gc,task     ] GC(449) Using 23 workers of 23 for evacuation
[2026-09-05T21:25:27.511-0400][798.931s][info][gc,phases   ] GC(449)   Pre Evacuate Collection Set: 0.24ms
[2026-09-05T21:25:27.511-0400][798.931s][info][gc,phases   ] GC(449)   Merge Heap Roots: 0.20ms
[2026-09-05T21:25:27.511-0400][798.931s][info][gc,phases   ] GC(449)   Evacuate Collection Set: 3.58ms
[2026-09-05T21:25:27.511-0400][798.931s][info][gc,phases   ] GC(449)   Post Evacuate Collection Set: 0.79ms
[2026-09-05T21:25:27.511-0400][798.931s][info][gc,phases   ] GC(449)   Other: 0.20ms
[2026-09-05T21:25:27.511-0400][798.931s][info][gc,heap     ] GC(449) Eden regions: 466->0(471)
[2026-09-05T21:25:27.511-0400][798.931s][info][gc,heap     ] GC(449) Survivor regions: 18->19(61)
[2026-09-05T21:25:27.511-0400][798.931s][info][gc,heap     ] GC(449) Old regions: 1152->1152
[2026-09-05T21:25:27.511-0400][798.931s][info][gc,heap     ] GC(449) Archive regions: 0->0
[2026-09-05T21:25:27.511-0400][798.931s][info][gc,heap     ] GC(449) Humongous regions: 35->35
[2026-09-05T21:25:27.511-0400][798.931s][info][gc,metaspace] GC(449) Metaspace: 155236K(158016K)->155236K(158016K) NonClass: 133207K(134720K)->133207K(134720K) Class: 22028K(23296K)->22028K(23296K)
[2026-09-05T21:25:27.511-0400][798.931s][info][gc          ] GC(449) Pause Young (Normal) (G1 Evacuation Pause) 3340M->2411M(3820M) 5.133ms
[2026-09-05T21:25:27.511-0400][798.931s][info][gc,cpu      ] GC(449) User=0.00s Sys=0.02s Real=0.00s
[2026-09-05T21:25:27.739-0400][799.158s][info][gc,start    ] GC(450) Pause Young (Normal) (G1 Evacuation Pause)
[2026-09-05T21:25:27.739-0400][799.158s][info][gc,task     ] GC(450) Using 23 workers of 23 for evacuation
[2026-09-05T21:25:27.744-0400][799.163s][info][gc,phases   ] GC(450)   Pre Evacuate Collection Set: 0.17ms
[2026-09-05T21:25:27.744-0400][799.163s][info][gc,phases   ] GC(450)   Merge Heap Roots: 0.25ms
[2026-09-05T21:25:27.744-0400][799.163s][info][gc,phases   ] GC(450)   Evacuate Collection Set: 4.23ms
[2026-09-05T21:25:27.744-0400][799.163s][info][gc,phases   ] GC(450)   Post Evacuate Collection Set: 0.55ms
[2026-09-05T21:25:27.744-0400][799.163s][info][gc,phases   ] GC(450)   Other: 0.15ms
[2026-09-05T21:25:27.744-0400][799.163s][info][gc,heap     ] GC(450) Eden regions: 471->0(470)
[2026-09-05T21:25:27.744-0400][799.163s][info][gc,heap     ] GC(450) Survivor regions: 19->24(62)
[2026-09-05T21:25:27.744-0400][799.163s][info][gc,heap     ] GC(450) Old regions: 1152->1152
[2026-09-05T21:25:27.744-0400][799.163s][info][gc,heap     ] GC(450) Archive regions: 0->0
[2026-09-05T21:25:27.744-0400][799.164s][info][gc,heap     ] GC(450) Humongous regions: 35->35
[2026-09-05T21:25:27.744-0400][799.164s][info][gc,metaspace] GC(450) Metaspace: 155237K(158016K)->155237K(158016K) NonClass: 133208K(134720K)->133208K(134720K) Class: 22028K(23296K)->22028K(23296K)
[2026-09-05T21:25:27.744-0400][799.164s][info][gc          ] GC(450) Pause Young (Normal) (G1 Evacuation Pause) 3353M->2421M(3820M) 5.486ms
[2026-09-05T21:25:27.744-0400][799.164s][info][gc,cpu      ] GC(450) User=0.33s Sys=0.03s Real=0.00s
[2026-09-05T21:25:28.227-0400][799.646s][info][gc,start    ] GC(451) Pause Young (Normal) (G1 Evacuation Pause)
[2026-09-05T21:25:28.227-0400][799.646s][info][gc,task     ] GC(451) Using 23 workers of 23 for evacuation
[2026-09-05T21:25:28.231-0400][799.651s][info][gc,phases   ] GC(451)   Pre Evacuate Collection Set: 0.24ms
[2026-09-05T21:25:28.231-0400][799.651s][info][gc,phases   ] GC(451)   Merge Heap Roots: 0.18ms
[2026-09-05T21:25:28.231-0400][799.651s][info][gc,phases   ] GC(451)   Evacuate Collection Set: 3.87ms
[2026-09-05T21:25:28.231-0400][799.651s][info][gc,phases   ] GC(451)   Post Evacuate Collection Set: 0.74ms
[2026-09-05T21:25:28.231-0400][799.651s][info][gc,phases   ] GC(451)   Other: 0.14ms
[2026-09-05T21:25:28.231-0400][799.651s][info][gc,heap     ] GC(451) Eden regions: 470->0(470)
[2026-09-05T21:25:28.231-0400][799.651s][info][gc,heap     ] GC(451) Survivor regions: 24->27(62)
[2026-09-05T21:25:28.231-0400][799.651s][info][gc,heap     ] GC(451) Old regions: 1152->1152
[2026-09-05T21:25:28.231-0400][799.651s][info][gc,heap     ] GC(451) Archive regions: 0->0
[2026-09-05T21:25:28.231-0400][799.651s][info][gc,heap     ] GC(451) Humongous regions: 35->35
[2026-09-05T21:25:28.231-0400][799.651s][info][gc,metaspace] GC(451) Metaspace: 155238K(158016K)->155238K(158016K) NonClass: 133209K(134720K)->133209K(134720K) Class: 22028K(23296K)->22028K(23296K)
[2026-09-05T21:25:28.231-0400][799.651s][info][gc          ] GC(451) Pause Young (Normal) (G1 Evacuation Pause) 3360M->2427M(3820M) 5.296ms
[2026-09-05T21:25:28.231-0400][799.652s][info][gc,cpu      ] GC(451) User=0.00s Sys=0.00s Real=0.00s
[2026-09-05T21:25:28.665-0400][800.084s][info][gc,start    ] GC(452) Pause Young (Normal) (G1 Evacuation Pause)
[2026-09-05T21:25:28.665-0400][800.084s][info][gc,task     ] GC(452) Using 23 workers of 23 for evacuation
[2026-09-05T21:25:28.670-0400][800.090s][info][gc,phases   ] GC(452)   Pre Evacuate Collection Set: 0.27ms
[2026-09-05T21:25:28.670-0400][800.090s][info][gc,phases   ] GC(452)   Merge Heap Roots: 0.19ms
[2026-09-05T21:25:28.670-0400][800.090s][info][gc,phases   ] GC(452)   Evacuate Collection Set: 4.68ms
[2026-09-05T21:25:28.670-0400][800.090s][info][gc,phases   ] GC(452)   Post Evacuate Collection Set: 0.67ms
[2026-09-05T21:25:28.670-0400][800.090s][info][gc,phases   ] GC(452)   Other: 0.17ms
[2026-09-05T21:25:28.670-0400][800.090s][info][gc,heap     ] GC(452) Eden regions: 470->0(467)
[2026-09-05T21:25:28.670-0400][800.090s][info][gc,heap     ] GC(452) Survivor regions: 27->32(63)
[2026-09-05T21:25:28.670-0400][800.090s][info][gc,heap     ] GC(452) Old regions: 1152->1152
[2026-09-05T21:25:28.670-0400][800.090s][info][gc,heap     ] GC(452) Archive regions: 0->0
[2026-09-05T21:25:28.670-0400][800.090s][info][gc,heap     ] GC(452) Humongous regions: 35->35
[2026-09-05T21:25:28.670-0400][800.090s][info][gc,metaspace] GC(452) Metaspace: 155240K(158016K)->155240K(158016K) NonClass: 133211K(134720K)->133211K(134720K) Class: 22028K(23296K)->22028K(23296K)
[2026-09-05T21:25:28.670-0400][800.090s][info][gc          ] GC(452) Pause Young (Normal) (G1 Evacuation Pause) 3367M->2436M(3820M) 6.097ms
[2026-09-05T21:25:28.670-0400][800.090s][info][gc,cpu      ] GC(452) User=0.00s Sys=0.00s Real=0.01s
[2026-09-05T21:25:29.030-0400][800.450s][info][gc,start    ] GC(453) Pause Young (Normal) (G1 Evacuation Pause)
[2026-09-05T21:25:29.030-0400][800.450s][info][gc,task     ] GC(453) Using 23 workers of 23 for evacuation
[2026-09-05T21:25:29.037-0400][800.457s][info][gc,phases   ] GC(453)   Pre Evacuate Collection Set: 0.20ms
[2026-09-05T21:25:29.037-0400][800.457s][info][gc,phases   ] GC(453)   Merge Heap Roots: 0.32ms
[2026-09-05T21:25:29.037-0400][800.457s][info][gc,phases   ] GC(453)   Evacuate Collection Set: 5.59ms
[2026-09-05T21:25:29.037-0400][800.457s][info][gc,phases   ] GC(453)   Post Evacuate Collection Set: 0.67ms
[2026-09-05T21:25:29.037-0400][800.457s][info][gc,phases   ] GC(453)   Other: 0.16ms
[2026-09-05T21:25:29.037-0400][800.457s][info][gc,heap     ] GC(453) Eden regions: 467->0(456)
[2026-09-05T21:25:29.037-0400][800.457s][info][gc,heap     ] GC(453) Survivor regions: 32->38(63)
[2026-09-05T21:25:29.037-0400][800.457s][info][gc,heap     ] GC(453) Old regions: 1152->1152
[2026-09-05T21:25:29.037-0400][800.457s][info][gc,heap     ] GC(453) Archive regions: 0->0
[2026-09-05T21:25:29.037-0400][800.457s][info][gc,heap     ] GC(453) Humongous regions: 35->35
[2026-09-05T21:25:29.037-0400][800.457s][info][gc,metaspace] GC(453) Metaspace: 155240K(158016K)->155240K(158016K) NonClass: 133211K(134720K)->133211K(134720K) Class: 22028K(23296K)->22028K(23296K)
[2026-09-05T21:25:29.037-0400][800.457s][info][gc          ] GC(453) Pause Young (Normal) (G1 Evacuation Pause) 3370M->2448M(3820M) 7.061ms
[2026-09-05T21:25:29.037-0400][800.457s][info][gc,cpu      ] GC(453) User=0.00s Sys=0.00s Real=0.01s
[2026-09-05T21:25:29.393-0400][800.812s][info][gc,start    ] GC(454) Pause Young (Normal) (G1 Evacuation Pause)
[2026-09-05T21:25:29.393-0400][800.812s][info][gc,task     ] GC(454) Using 23 workers of 23 for evacuation
[2026-09-05T21:25:29.400-0400][800.819s][info][gc,phases   ] GC(454)   Pre Evacuate Collection Set: 0.22ms
[2026-09-05T21:25:29.400-0400][800.819s][info][gc,phases   ] GC(454)   Merge Heap Roots: 0.36ms
[2026-09-05T21:25:29.400-0400][800.819s][info][gc,phases   ] GC(454)   Evacuate Collection Set: 5.71ms
[2026-09-05T21:25:29.400-0400][800.819s][info][gc,phases   ] GC(454)   Post Evacuate Collection Set: 0.83ms
[2026-09-05T21:25:29.400-0400][800.819s][info][gc,phases   ] GC(454)   Other: 0.17ms
[2026-09-05T21:25:29.400-0400][800.819s][info][gc,heap     ] GC(454) Eden regions: 456->0(453)
[2026-09-05T21:25:29.400-0400][800.819s][info][gc,heap     ] GC(454) Survivor regions: 38->37(62)
[2026-09-05T21:25:29.400-0400][800.819s][info][gc,heap     ] GC(454) Old regions: 1152->1157
[2026-09-05T21:25:29.400-0400][800.819s][info][gc,heap     ] GC(454) Archive regions: 0->0
[2026-09-05T21:25:29.400-0400][800.819s][info][gc,heap     ] GC(454) Humongous regions: 35->35
[2026-09-05T21:25:29.400-0400][800.819s][info][gc,metaspace] GC(454) Metaspace: 155240K(158016K)->155240K(158016K) NonClass: 133211K(134720K)->133211K(134720K) Class: 22028K(23296K)->22028K(23296K)
[2026-09-05T21:25:29.400-0400][800.820s][info][gc          ] GC(454) Pause Young (Normal) (G1 Evacuation Pause) 3360M->2455M(3820M) 7.421ms
[2026-09-05T21:25:29.400-0400][800.820s][info][gc,cpu      ] GC(454) User=0.36s Sys=0.00s Real=0.01s
[2026-09-05T21:25:29.824-0400][801.243s][info][gc,start    ] GC(455) Pause Young (Normal) (G1 Evacuation Pause)
[2026-09-05T21:25:29.824-0400][801.243s][info][gc,task     ] GC(455) Using 23 workers of 23 for evacuation
[2026-09-05T21:25:29.831-0400][801.250s][info][gc,phases   ] GC(455)   Pre Evacuate Collection Set: 0.26ms
[2026-09-05T21:25:29.831-0400][801.250s][info][gc,phases   ] GC(455)   Merge Heap Roots: 0.18ms
[2026-09-05T21:25:29.831-0400][801.250s][info][gc,phases   ] GC(455)   Evacuate Collection Set: 5.54ms
[2026-09-05T21:25:29.831-0400][801.250s][info][gc,phases   ] GC(455)   Post Evacuate Collection Set: 0.76ms
[2026-09-05T21:25:29.831-0400][801.250s][info][gc,phases   ] GC(455)   Other: 0.21ms
[2026-09-05T21:25:29.831-0400][801.250s][info][gc,heap     ] GC(455) Eden regions: 453->0(448)
[2026-09-05T21:25:29.831-0400][801.250s][info][gc,heap     ] GC(455) Survivor regions: 37->38(62)
[2026-09-05T21:25:29.831-0400][801.250s][info][gc,heap     ] GC(455) Old regions: 1157->1160
[2026-09-05T21:25:29.831-0400][801.250s][info][gc,heap     ] GC(455) Archive regions: 0->0
[2026-09-05T21:25:29.831-0400][801.250s][info][gc,heap     ] GC(455) Humongous regions: 35->35
[2026-09-05T21:25:29.831-0400][801.250s][info][gc,metaspace] GC(455) Metaspace: 155241K(158016K)->155241K(158016K) NonClass: 133212K(134720K)->133212K(134720K) Class: 22028K(23296K)->22028K(23296K)
[2026-09-05T21:25:29.831-0400][801.250s][info][gc          ] GC(455) Pause Young (Normal) (G1 Evacuation Pause) 3361M->2464M(3820M) 7.088ms
[2026-09-05T21:25:29.831-0400][801.251s][info][gc,cpu      ] GC(455) User=0.00s Sys=0.00s Real=0.01s
[2026-09-05T21:25:30.113-0400][801.532s][info][gc,start    ] GC(456) Pause Young (Normal) (G1 Evacuation Pause)
[2026-09-05T21:25:30.113-0400][801.532s][info][gc,task     ] GC(456) Using 23 workers of 23 for evacuation
[2026-09-05T21:25:30.119-0400][801.539s][info][gc,phases   ] GC(456)   Pre Evacuate Collection Set: 0.22ms
[2026-09-05T21:25:30.119-0400][801.539s][info][gc,phases   ] GC(456)   Merge Heap Roots: 0.16ms
[2026-09-05T21:25:30.119-0400][801.539s][info][gc,phases   ] GC(456)   Evacuate Collection Set: 5.60ms
[2026-09-05T21:25:30.119-0400][801.539s][info][gc,phases   ] GC(456)   Post Evacuate Collection Set: 0.67ms
[2026-09-05T21:25:30.119-0400][801.539s][info][gc,phases   ] GC(456)   Other: 0.19ms
[2026-09-05T21:25:30.119-0400][801.539s][info][gc,heap     ] GC(456) Eden regions: 448->0(445)
[2026-09-05T21:25:30.119-0400][801.539s][info][gc,heap     ] GC(456) Survivor regions: 38->37(61)
[2026-09-05T21:25:30.119-0400][801.539s][info][gc,heap     ] GC(456) Old regions: 1160->1165
[2026-09-05T21:25:30.119-0400][801.539s][info][gc,heap     ] GC(456) Archive regions: 0->0
[2026-09-05T21:25:30.119-0400][801.539s][info][gc,heap     ] GC(456) Humongous regions: 35->35
[2026-09-05T21:25:30.119-0400][801.539s][info][gc,metaspace] GC(456) Metaspace: 155241K(158016K)->155241K(158016K) NonClass: 133212K(134720K)->133212K(134720K) Class: 22028K(23296K)->22028K(23296K)
[2026-09-05T21:25:30.120-0400][801.539s][info][gc          ] GC(456) Pause Young (Normal) (G1 Evacuation Pause) 3360M->2471M(3820M) 6.988ms
[2026-09-05T21:25:30.120-0400][801.539s][info][gc,cpu      ] GC(456) User=0.36s Sys=0.00s Real=0.01s
[2026-09-05T21:25:30.450-0400][801.870s][info][gc,start    ] GC(457) Pause Young (Normal) (G1 Evacuation Pause)
[2026-09-05T21:25:30.450-0400][801.870s][info][gc,task     ] GC(457) Using 23 workers of 23 for evacuation
[2026-09-05T21:25:30.457-0400][801.877s][info][gc,phases   ] GC(457)   Pre Evacuate Collection Set: 0.20ms
[2026-09-05T21:25:30.457-0400][801.877s][info][gc,phases   ] GC(457)   Merge Heap Roots: 0.18ms
[2026-09-05T21:25:30.457-0400][801.877s][info][gc,phases   ] GC(457)   Evacuate Collection Set: 5.89ms
[2026-09-05T21:25:30.457-0400][801.877s][info][gc,phases   ] GC(457)   Post Evacuate Collection Set: 0.69ms
[2026-09-05T21:25:30.457-0400][801.877s][info][gc,phases   ] GC(457)   Other: 0.17ms
[2026-09-05T21:25:30.457-0400][801.877s][info][gc,heap     ] GC(457) Eden regions: 445->0(440)
[2026-09-05T21:25:30.457-0400][801.877s][info][gc,heap     ] GC(457) Survivor regions: 37->38(61)
[2026-09-05T21:25:30.457-0400][801.877s][info][gc,heap     ] GC(457) Old regions: 1165->1168
[2026-09-05T21:25:30.457-0400][801.877s][info][gc,heap     ] GC(457) Archive regions: 0->0
[2026-09-05T21:25:30.457-0400][801.877s][info][gc,heap     ] GC(457) Humongous regions: 35->35
[2026-09-05T21:25:30.457-0400][801.877s][info][gc,metaspace] GC(457) Metaspace: 155244K(158016K)->155244K(158016K) NonClass: 133216K(134720K)->133216K(134720K) Class: 22028K(23296K)->22028K(23296K)
[2026-09-05T21:25:30.457-0400][801.877s][info][gc          ] GC(457) Pause Young (Normal) (G1 Evacuation Pause) 3361M->2481M(3820M) 7.277ms
[2026-09-05T21:25:30.457-0400][801.877s][info][gc,cpu      ] GC(457) User=0.00s Sys=0.00s Real=0.01s
[2026-09-05T21:25:30.987-0400][802.406s][info][gc,start    ] GC(458) Pause Young (Normal) (G1 Evacuation Pause)
[2026-09-05T21:25:30.987-0400][802.407s][info][gc,task     ] GC(458) Using 23 workers of 23 for evacuation
[2026-09-05T21:25:30.995-0400][802.414s][info][gc,phases   ] GC(458)   Pre Evacuate Collection Set: 0.23ms
[2026-09-05T21:25:30.995-0400][802.414s][info][gc,phases   ] GC(458)   Merge Heap Roots: 0.21ms
[2026-09-05T21:25:30.995-0400][802.414s][info][gc,phases   ] GC(458)   Evacuate Collection Set: 6.16ms
[2026-09-05T21:25:30.995-0400][802.414s][info][gc,phases   ] GC(458)   Post Evacuate Collection Set: 0.88ms
[2026-09-05T21:25:30.995-0400][802.414s][info][gc,phases   ] GC(458)   Other: 0.26ms
[2026-09-05T21:25:30.995-0400][802.414s][info][gc,heap     ] GC(458) Eden regions: 440->0(436)
[2026-09-05T21:25:30.995-0400][802.414s][info][gc,heap     ] GC(458) Survivor regions: 38->36(60)
[2026-09-05T21:25:30.995-0400][802.414s][info][gc,heap     ] GC(458) Old regions: 1168->1176
[2026-09-05T21:25:30.995-0400][802.414s][info][gc,heap     ] GC(458) Archive regions: 0->0
[2026-09-05T21:25:30.995-0400][802.414s][info][gc,heap     ] GC(458) Humongous regions: 35->35
[2026-09-05T21:25:30.995-0400][802.414s][info][gc,metaspace] GC(458) Metaspace: 155244K(158016K)->155244K(158016K) NonClass: 133216K(134720K)->133216K(134720K) Class: 22028K(23296K)->22028K(23296K)
[2026-09-05T21:25:30.995-0400][802.414s][info][gc          ] GC(458) Pause Young (Normal) (G1 Evacuation Pause) 3361M->2491M(3820M) 7.878ms
[2026-09-05T21:25:30.995-0400][802.414s][info][gc,cpu      ] GC(458) User=0.36s Sys=0.00s Real=0.01s
[2026-09-05T21:25:31.314-0400][802.733s][info][gc,start    ] GC(459) Pause Young (Normal) (G1 Evacuation Pause)
[2026-09-05T21:25:31.314-0400][802.733s][info][gc,task     ] GC(459) Using 23 workers of 23 for evacuation
[2026-09-05T21:25:31.320-0400][802.740s][info][gc,phases   ] GC(459)   Pre Evacuate Collection Set: 0.25ms
[2026-09-05T21:25:31.320-0400][802.740s][info][gc,phases   ] GC(459)   Merge Heap Roots: 0.15ms
[2026-09-05T21:25:31.320-0400][802.740s][info][gc,phases   ] GC(459)   Evacuate Collection Set: 5.15ms
[2026-09-05T21:25:31.320-0400][802.740s][info][gc,phases   ] GC(459)   Post Evacuate Collection Set: 0.72ms
[2026-09-05T21:25:31.320-0400][802.740s][info][gc,phases   ] GC(459)   Other: 0.13ms
[2026-09-05T21:25:31.320-0400][802.740s][info][gc,heap     ] GC(459) Eden regions: 436->0(434)
[2026-09-05T21:25:31.320-0400][802.740s][info][gc,heap     ] GC(459) Survivor regions: 36->35(59)
[2026-09-05T21:25:31.320-0400][802.740s][info][gc,heap     ] GC(459) Old regions: 1176->1180
[2026-09-05T21:25:31.320-0400][802.740s][info][gc,heap     ] GC(459) Archive regions: 0->0
[2026-09-05T21:25:31.320-0400][802.740s][info][gc,heap     ] GC(459) Humongous regions: 35->35
[2026-09-05T21:25:31.320-0400][802.740s][info][gc,metaspace] GC(459) Metaspace: 155244K(158016K)->155244K(158016K) NonClass: 133216K(134720K)->133216K(134720K) Class: 22028K(23296K)->22028K(23296K)
[2026-09-05T21:25:31.320-0400][802.740s][info][gc          ] GC(459) Pause Young (Normal) (G1 Evacuation Pause) 3363M->2499M(3820M) 6.517ms
[2026-09-05T21:25:31.320-0400][802.740s][info][gc,cpu      ] GC(459) User=0.36s Sys=0.00s Real=0.01s
[2026-09-05T21:25:31.568-0400][802.988s][info][gc,start    ] GC(460) Pause Young (Normal) (G1 Evacuation Pause)
[2026-09-05T21:25:31.568-0400][802.988s][info][gc,task     ] GC(460) Using 23 workers of 23 for evacuation
[2026-09-05T21:25:31.575-0400][802.994s][info][gc,phases   ] GC(460)   Pre Evacuate Collection Set: 0.16ms
[2026-09-05T21:25:31.575-0400][802.994s][info][gc,phases   ] GC(460)   Merge Heap Roots: 0.17ms
[2026-09-05T21:25:31.575-0400][802.994s][info][gc,phases   ] GC(460)   Evacuate Collection Set: 5.56ms
[2026-09-05T21:25:31.575-0400][802.994s][info][gc,phases   ] GC(460)   Post Evacuate Collection Set: 0.57ms
[2026-09-05T21:25:31.575-0400][802.994s][info][gc,phases   ] GC(460)   Other: 0.15ms
[2026-09-05T21:25:31.575-0400][802.994s][info][gc,heap     ] GC(460) Eden regions: 434->0(428)
[2026-09-05T21:25:31.575-0400][802.994s][info][gc,heap     ] GC(460) Survivor regions: 35->35(59)
[2026-09-05T21:25:31.575-0400][802.994s][info][gc,heap     ] GC(460) Old regions: 1180->1186
[2026-09-05T21:25:31.575-0400][802.994s][info][gc,heap     ] GC(460) Archive regions: 0->0
[2026-09-05T21:25:31.575-0400][802.994s][info][gc,heap     ] GC(460) Humongous regions: 35->35
[2026-09-05T21:25:31.575-0400][802.994s][info][gc,metaspace] GC(460) Metaspace: 155244K(158016K)->155244K(158016K) NonClass: 133216K(134720K)->133216K(134720K) Class: 22028K(23296K)->22028K(23296K)
[2026-09-05T21:25:31.575-0400][802.994s][info][gc          ] GC(460) Pause Young (Normal) (G1 Evacuation Pause) 3367M->2509M(3820M) 6.765ms
[2026-09-05T21:25:31.575-0400][802.994s][info][gc,cpu      ] GC(460) User=0.28s Sys=0.00s Real=0.01s
[2026-09-05T21:25:31.955-0400][803.375s][info][gc,start    ] GC(461) Pause Young (Normal) (G1 Evacuation Pause)
[2026-09-05T21:25:31.955-0400][803.375s][info][gc,task     ] GC(461) Using 23 workers of 23 for evacuation
[2026-09-05T21:25:31.962-0400][803.381s][info][gc,phases   ] GC(461)   Pre Evacuate Collection Set: 0.18ms
[2026-09-05T21:25:31.962-0400][803.381s][info][gc,phases   ] GC(461)   Merge Heap Roots: 0.20ms
[2026-09-05T21:25:31.962-0400][803.381s][info][gc,phases   ] GC(461)   Evacuate Collection Set: 5.47ms
[2026-09-05T21:25:31.962-0400][803.381s][info][gc,phases   ] GC(461)   Post Evacuate Collection Set: 0.63ms
[2026-09-05T21:25:31.962-0400][803.381s][info][gc,phases   ] GC(461)   Other: 0.16ms
[2026-09-05T21:25:31.962-0400][803.381s][info][gc,heap     ] GC(461) Eden regions: 428->0(423)
[2026-09-05T21:25:31.962-0400][803.381s][info][gc,heap     ] GC(461) Survivor regions: 35->36(58)
[2026-09-05T21:25:31.962-0400][803.381s][info][gc,heap     ] GC(461) Old regions: 1186->1189
[2026-09-05T21:25:31.962-0400][803.381s][info][gc,heap     ] GC(461) Archive regions: 0->0
[2026-09-05T21:25:31.962-0400][803.381s][info][gc,heap     ] GC(461) Humongous regions: 35->35
[2026-09-05T21:25:31.962-0400][803.381s][info][gc,metaspace] GC(461) Metaspace: 155244K(158016K)->155244K(158016K) NonClass: 133216K(134720K)->133216K(134720K) Class: 22028K(23296K)->22028K(23296K)
[2026-09-05T21:25:31.962-0400][803.381s][info][gc          ] GC(461) Pause Young (Normal) (G1 Evacuation Pause) 3365M->2518M(3820M) 6.763ms
[2026-09-05T21:25:31.962-0400][803.381s][info][gc,cpu      ] GC(461) User=0.34s Sys=0.02s Real=0.01s
[2026-09-05T21:25:34.131-0400][805.550s][info][gc,start    ] GC(462) Pause Young (Normal) (G1 Evacuation Pause)
[2026-09-05T21:25:34.131-0400][805.550s][info][gc,task     ] GC(462) Using 23 workers of 23 for evacuation
[2026-09-05T21:25:34.137-0400][805.556s][info][gc,phases   ] GC(462)   Pre Evacuate Collection Set: 0.29ms
[2026-09-05T21:25:34.137-0400][805.556s][info][gc,phases   ] GC(462)   Merge Heap Roots: 0.19ms
[2026-09-05T21:25:34.137-0400][805.556s][info][gc,phases   ] GC(462)   Evacuate Collection Set: 4.62ms
[2026-09-05T21:25:34.137-0400][805.556s][info][gc,phases   ] GC(462)   Post Evacuate Collection Set: 1.00ms
[2026-09-05T21:25:34.137-0400][805.556s][info][gc,phases   ] GC(462)   Other: 0.15ms
[2026-09-05T21:25:34.137-0400][805.556s][info][gc,heap     ] GC(462) Eden regions: 423->0(422)
[2026-09-05T21:25:34.137-0400][805.556s][info][gc,heap     ] GC(462) Survivor regions: 36->34(58)
[2026-09-05T21:25:34.137-0400][805.556s][info][gc,heap     ] GC(462) Old regions: 1189->1194
[2026-09-05T21:25:34.137-0400][805.556s][info][gc,heap     ] GC(462) Archive regions: 0->0
[2026-09-05T21:25:34.137-0400][805.556s][info][gc,heap     ] GC(462) Humongous regions: 35->35
[2026-09-05T21:25:34.137-0400][805.556s][info][gc,metaspace] GC(462) Metaspace: 155244K(158016K)->155244K(158016K) NonClass: 133216K(134720K)->133216K(134720K) Class: 22028K(23296K)->22028K(23296K)
[2026-09-05T21:25:34.137-0400][805.556s][info][gc          ] GC(462) Pause Young (Normal) (G1 Evacuation Pause) 3364M->2524M(3820M) 6.349ms
[2026-09-05T21:25:34.137-0400][805.556s][info][gc,cpu      ] GC(462) User=0.30s Sys=0.00s Real=0.01s
[2026-09-05T21:25:39.882-0400][811.301s][info][gc,start    ] GC(463) Pause Young (Normal) (G1 Evacuation Pause)
[2026-09-05T21:25:39.882-0400][811.301s][info][gc,task     ] GC(463) Using 23 workers of 23 for evacuation
[2026-09-05T21:25:39.888-0400][811.308s][info][gc,phases   ] GC(463)   Pre Evacuate Collection Set: 0.15ms
[2026-09-05T21:25:39.888-0400][811.308s][info][gc,phases   ] GC(463)   Merge Heap Roots: 0.20ms
[2026-09-05T21:25:39.888-0400][811.308s][info][gc,phases   ] GC(463)   Evacuate Collection Set: 5.23ms
[2026-09-05T21:25:39.888-0400][811.308s][info][gc,phases   ] GC(463)   Post Evacuate Collection Set: 0.80ms
[2026-09-05T21:25:39.888-0400][811.308s][info][gc,phases   ] GC(463)   Other: 0.25ms
[2026-09-05T21:25:39.888-0400][811.308s][info][gc,heap     ] GC(463) Eden regions: 422->0(420)
[2026-09-05T21:25:39.888-0400][811.308s][info][gc,heap     ] GC(463) Survivor regions: 34->33(57)
[2026-09-05T21:25:39.888-0400][811.308s][info][gc,heap     ] GC(463) Old regions: 1194->1198
[2026-09-05T21:25:39.888-0400][811.308s][info][gc,heap     ] GC(463) Archive regions: 0->0
[2026-09-05T21:25:39.888-0400][811.308s][info][gc,heap     ] GC(463) Humongous regions: 35->35
[2026-09-05T21:25:39.888-0400][811.308s][info][gc,metaspace] GC(463) Metaspace: 155248K(158016K)->155248K(158016K) NonClass: 133220K(134720K)->133220K(134720K) Class: 22028K(23296K)->22028K(23296K)
[2026-09-05T21:25:39.888-0400][811.308s][info][gc          ] GC(463) Pause Young (Normal) (G1 Evacuation Pause) 3368M->2529M(3820M) 6.880ms
[2026-09-05T21:25:39.888-0400][811.308s][info][gc,cpu      ] GC(463) User=0.00s Sys=0.00s Real=0.01s
[2026-09-05T21:25:41.405-0400][812.825s][info][gc,start    ] GC(464) Pause Young (Normal) (G1 Evacuation Pause)
[2026-09-05T21:25:41.406-0400][812.825s][info][gc,task     ] GC(464) Using 23 workers of 23 for evacuation
[2026-09-05T21:25:41.415-0400][812.834s][info][gc,phases   ] GC(464)   Pre Evacuate Collection Set: 0.27ms
[2026-09-05T21:25:41.415-0400][812.834s][info][gc,phases   ] GC(464)   Merge Heap Roots: 0.22ms
[2026-09-05T21:25:41.415-0400][812.834s][info][gc,phases   ] GC(464)   Evacuate Collection Set: 8.01ms
[2026-09-05T21:25:41.415-0400][812.834s][info][gc,phases   ] GC(464)   Post Evacuate Collection Set: 0.69ms
[2026-09-05T21:25:41.415-0400][812.834s][info][gc,phases   ] GC(464)   Other: 0.14ms
[2026-09-05T21:25:41.415-0400][812.834s][info][gc,heap     ] GC(464) Eden regions: 420->0(385)
[2026-09-05T21:25:41.415-0400][812.834s][info][gc,heap     ] GC(464) Survivor regions: 33->48(57)
[2026-09-05T21:25:41.415-0400][812.834s][info][gc,heap     ] GC(464) Old regions: 1198->1201
[2026-09-05T21:25:41.415-0400][812.834s][info][gc,heap     ] GC(464) Archive regions: 0->0
[2026-09-05T21:25:41.415-0400][812.834s][info][gc,heap     ] GC(464) Humongous regions: 36->36
[2026-09-05T21:25:41.415-0400][812.834s][info][gc,metaspace] GC(464) Metaspace: 155249K(158016K)->155249K(158016K) NonClass: 133220K(134720K)->133220K(134720K) Class: 22028K(23296K)->22028K(23296K)
[2026-09-05T21:25:41.415-0400][812.834s][info][gc          ] GC(464) Pause Young (Normal) (G1 Evacuation Pause) 3371M->2568M(3820M) 9.456ms
[2026-09-05T21:25:41.415-0400][812.834s][info][gc,cpu      ] GC(464) User=0.34s Sys=0.02s Real=0.01s
[2026-09-05T21:25:52.135-0400][823.555s][info][gc,start    ] GC(465) Pause Young (Normal) (G1 Evacuation Pause)
[2026-09-05T21:25:52.135-0400][823.555s][info][gc,task     ] GC(465) Using 23 workers of 23 for evacuation
[2026-09-05T21:25:52.141-0400][823.561s][info][gc,phases   ] GC(465)   Pre Evacuate Collection Set: 0.23ms
[2026-09-05T21:25:52.141-0400][823.561s][info][gc,phases   ] GC(465)   Merge Heap Roots: 0.20ms
[2026-09-05T21:25:52.141-0400][823.561s][info][gc,phases   ] GC(465)   Evacuate Collection Set: 4.63ms
[2026-09-05T21:25:52.141-0400][823.561s][info][gc,phases   ] GC(465)   Post Evacuate Collection Set: 0.67ms
[2026-09-05T21:25:52.141-0400][823.561s][info][gc,phases   ] GC(465)   Other: 0.14ms
[2026-09-05T21:25:52.141-0400][823.561s][info][gc,heap     ] GC(465) Eden regions: 385->0(395)
[2026-09-05T21:25:52.142-0400][823.561s][info][gc,heap     ] GC(465) Survivor regions: 48->11(55)
[2026-09-05T21:25:52.142-0400][823.561s][info][gc,heap     ] GC(465) Old regions: 1201->1231
[2026-09-05T21:25:52.142-0400][823.561s][info][gc,heap     ] GC(465) Archive regions: 0->0
[2026-09-05T21:25:52.142-0400][823.561s][info][gc,heap     ] GC(465) Humongous regions: 36->36
[2026-09-05T21:25:52.142-0400][823.561s][info][gc,metaspace] GC(465) Metaspace: 155268K(158016K)->155268K(158016K) NonClass: 133240K(134720K)->133240K(134720K) Class: 22028K(23296K)->22028K(23296K)
[2026-09-05T21:25:52.142-0400][823.561s][info][gc          ] GC(465) Pause Young (Normal) (G1 Evacuation Pause) 3338M->2553M(3820M) 6.066ms
[2026-09-05T21:25:52.142-0400][823.561s][info][gc,cpu      ] GC(465) User=0.00s Sys=0.00s Real=0.01s
[2026-09-05T21:25:55.689-0400][827.109s][info][gc,start    ] GC(466) Pause Young (Normal) (G1 Evacuation Pause)
[2026-09-05T21:25:55.689-0400][827.109s][info][gc,task     ] GC(466) Using 23 workers of 23 for evacuation
[2026-09-05T21:25:55.696-0400][827.115s][info][gc,phases   ] GC(466)   Pre Evacuate Collection Set: 0.21ms
[2026-09-05T21:25:55.696-0400][827.115s][info][gc,phases   ] GC(466)   Merge Heap Roots: 0.17ms
[2026-09-05T21:25:55.696-0400][827.115s][info][gc,phases   ] GC(466)   Evacuate Collection Set: 4.89ms
[2026-09-05T21:25:55.696-0400][827.115s][info][gc,phases   ] GC(466)   Post Evacuate Collection Set: 0.61ms
[2026-09-05T21:25:55.696-0400][827.115s][info][gc,phases   ] GC(466)   Other: 0.12ms
[2026-09-05T21:25:55.696-0400][827.115s][info][gc,heap     ] GC(466) Eden regions: 395->0(363)
[2026-09-05T21:25:55.696-0400][827.115s][info][gc,heap     ] GC(466) Survivor regions: 11->32(51)
[2026-09-05T21:25:55.696-0400][827.115s][info][gc,heap     ] GC(466) Old regions: 1231->1231
[2026-09-05T21:25:55.696-0400][827.115s][info][gc,heap     ] GC(466) Archive regions: 0->0
[2026-09-05T21:25:55.696-0400][827.115s][info][gc,heap     ] GC(466) Humongous regions: 37->37
[2026-09-05T21:25:55.696-0400][827.115s][info][gc,metaspace] GC(466) Metaspace: 155271K(158016K)->155271K(158016K) NonClass: 133242K(134720K)->133242K(134720K) Class: 22028K(23296K)->22028K(23296K)
[2026-09-05T21:25:55.696-0400][827.115s][info][gc          ] GC(466) Pause Young (Normal) (G1 Evacuation Pause) 3345M->2597M(3820M) 6.146ms
[2026-09-05T21:25:55.696-0400][827.115s][info][gc,cpu      ] GC(466) User=0.36s Sys=0.00s Real=0.01s
[2026-09-05T21:25:55.961-0400][827.382s][info][gc,start    ] GC(467) Pause Young (Normal) (G1 Evacuation Pause)
[2026-09-05T21:25:55.961-0400][827.382s][info][gc,task     ] GC(467) Using 23 workers of 23 for evacuation
[2026-09-05T21:25:55.971-0400][827.391s][info][gc,phases   ] GC(467)   Pre Evacuate Collection Set: 0.21ms
[2026-09-05T21:25:55.971-0400][827.391s][info][gc,phases   ] GC(467)   Merge Heap Roots: 0.18ms
[2026-09-05T21:25:55.971-0400][827.391s][info][gc,phases   ] GC(467)   Evacuate Collection Set: 8.13ms
[2026-09-05T21:25:55.971-0400][827.391s][info][gc,phases   ] GC(467)   Post Evacuate Collection Set: 0.60ms
[2026-09-05T21:25:55.971-0400][827.391s][info][gc,phases   ] GC(467)   Other: 0.14ms
[2026-09-05T21:25:55.971-0400][827.391s][info][gc,heap     ] GC(467) Eden regions: 363->0(323)
[2026-09-05T21:25:55.971-0400][827.391s][info][gc,heap     ] GC(467) Survivor regions: 32->33(50)
[2026-09-05T21:25:55.971-0400][827.391s][info][gc,heap     ] GC(467) Old regions: 1231->1256
[2026-09-05T21:25:55.971-0400][827.391s][info][gc,heap     ] GC(467) Archive regions: 0->0
[2026-09-05T21:25:55.971-0400][827.391s][info][gc,heap     ] GC(467) Humongous regions: 37->37
[2026-09-05T21:25:55.971-0400][827.391s][info][gc,metaspace] GC(467) Metaspace: 155296K(158080K)->155296K(158080K) NonClass: 133267K(134784K)->133267K(134784K) Class: 22028K(23296K)->22028K(23296K)
[2026-09-05T21:25:55.971-0400][827.391s][info][gc          ] GC(467) Pause Young (Normal) (G1 Evacuation Pause) 3323M->2650M(3820M) 9.384ms
[2026-09-05T21:25:55.971-0400][827.391s][info][gc,cpu      ] GC(467) User=0.00s Sys=0.00s Real=0.01s
[2026-09-05T21:25:56.241-0400][827.660s][info][gc,start    ] GC(468) Pause Young (Normal) (G1 Evacuation Pause)
[2026-09-05T21:25:56.241-0400][827.660s][info][gc,task     ] GC(468) Using 23 workers of 23 for evacuation
[2026-09-05T21:25:56.251-0400][827.671s][info][gc,phases   ] GC(468)   Pre Evacuate Collection Set: 0.30ms
[2026-09-05T21:25:56.251-0400][827.671s][info][gc,phases   ] GC(468)   Merge Heap Roots: 0.14ms
[2026-09-05T21:25:56.251-0400][827.671s][info][gc,phases   ] GC(468)   Evacuate Collection Set: 9.87ms
[2026-09-05T21:25:56.251-0400][827.671s][info][gc,phases   ] GC(468)   Post Evacuate Collection Set: 0.57ms
[2026-09-05T21:25:56.251-0400][827.671s][info][gc,phases   ] GC(468)   Other: 0.13ms
[2026-09-05T21:25:56.251-0400][827.671s][info][gc,heap     ] GC(468) Eden regions: 323->0(287)
[2026-09-05T21:25:56.251-0400][827.671s][info][gc,heap     ] GC(468) Survivor regions: 33->42(45)
[2026-09-05T21:25:56.251-0400][827.671s][info][gc,heap     ] GC(468) Old regions: 1256->1275
[2026-09-05T21:25:56.251-0400][827.671s][info][gc,heap     ] GC(468) Archive regions: 0->0
[2026-09-05T21:25:56.251-0400][827.671s][info][gc,heap     ] GC(468) Humongous regions: 37->37
[2026-09-05T21:25:56.251-0400][827.671s][info][gc,metaspace] GC(468) Metaspace: 155300K(158080K)->155300K(158080K) NonClass: 133271K(134784K)->133271K(134784K) Class: 22028K(23296K)->22028K(23296K)
[2026-09-05T21:25:56.251-0400][827.671s][info][gc          ] GC(468) Pause Young (Normal) (G1 Evacuation Pause) 3296M->2707M(3820M) 11.255ms
[2026-09-05T21:25:56.251-0400][827.671s][info][gc,cpu      ] GC(468) User=0.00s Sys=0.02s Real=0.01s
[2026-09-05T21:25:56.518-0400][827.938s][info][gc,start    ] GC(469) Pause Young (Normal) (G1 Evacuation Pause)
[2026-09-05T21:25:56.518-0400][827.938s][info][gc,task     ] GC(469) Using 23 workers of 23 for evacuation
[2026-09-05T21:25:56.526-0400][827.945s][info][gc,phases   ] GC(469)   Pre Evacuate Collection Set: 0.25ms
[2026-09-05T21:25:56.526-0400][827.945s][info][gc,phases   ] GC(469)   Merge Heap Roots: 0.15ms
[2026-09-05T21:25:56.526-0400][827.945s][info][gc,phases   ] GC(469)   Evacuate Collection Set: 5.79ms
[2026-09-05T21:25:56.526-0400][827.945s][info][gc,phases   ] GC(469)   Post Evacuate Collection Set: 0.66ms
[2026-09-05T21:25:56.526-0400][827.945s][info][gc,phases   ] GC(469)   Other: 0.13ms
[2026-09-05T21:25:56.526-0400][827.945s][info][gc,heap     ] GC(469) Eden regions: 287->0(289)
[2026-09-05T21:25:56.526-0400][827.945s][info][gc,heap     ] GC(469) Survivor regions: 42->21(42)
[2026-09-05T21:25:56.526-0400][827.945s][info][gc,heap     ] GC(469) Old regions: 1275->1298
[2026-09-05T21:25:56.526-0400][827.945s][info][gc,heap     ] GC(469) Archive regions: 0->0
[2026-09-05T21:25:56.526-0400][827.945s][info][gc,heap     ] GC(469) Humongous regions: 37->37
[2026-09-05T21:25:56.526-0400][827.945s][info][gc,metaspace] GC(469) Metaspace: 155309K(158080K)->155309K(158080K) NonClass: 133280K(134784K)->133280K(134784K) Class: 22028K(23296K)->22028K(23296K)
[2026-09-05T21:25:56.526-0400][827.945s][info][gc          ] GC(469) Pause Young (Normal) (G1 Evacuation Pause) 3281M->2711M(3820M) 7.087ms
[2026-09-05T21:25:56.526-0400][827.945s][info][gc,cpu      ] GC(469) User=0.36s Sys=0.00s Real=0.01s
[2026-09-05T21:25:57.634-0400][829.054s][info][gc,start    ] GC(470) Pause Young (Normal) (G1 Evacuation Pause)
[2026-09-05T21:25:57.634-0400][829.054s][info][gc,task     ] GC(470) Using 23 workers of 23 for evacuation
[2026-09-05T21:25:57.639-0400][829.059s][info][gc,phases   ] GC(470)   Pre Evacuate Collection Set: 0.36ms
[2026-09-05T21:25:57.639-0400][829.059s][info][gc,phases   ] GC(470)   Merge Heap Roots: 0.19ms
[2026-09-05T21:25:57.640-0400][829.059s][info][gc,phases   ] GC(470)   Evacuate Collection Set: 3.78ms
[2026-09-05T21:25:57.640-0400][829.059s][info][gc,phases   ] GC(470)   Post Evacuate Collection Set: 0.76ms
[2026-09-05T21:25:57.640-0400][829.059s][info][gc,phases   ] GC(470)   Other: 0.12ms
[2026-09-05T21:25:57.640-0400][829.059s][info][gc,heap     ] GC(470) Eden regions: 289->0(294)
[2026-09-05T21:25:57.640-0400][829.059s][info][gc,heap     ] GC(470) Survivor regions: 21->25(39)
[2026-09-05T21:25:57.640-0400][829.059s][info][gc,heap     ] GC(470) Old regions: 1298->1298
[2026-09-05T21:25:57.640-0400][829.059s][info][gc,heap     ] GC(470) Archive regions: 0->0
[2026-09-05T21:25:57.640-0400][829.059s][info][gc,heap     ] GC(470) Humongous regions: 37->37
[2026-09-05T21:25:57.640-0400][829.059s][info][gc,metaspace] GC(470) Metaspace: 155318K(158080K)->155318K(158080K) NonClass: 133289K(134784K)->133289K(134784K) Class: 22028K(23296K)->22028K(23296K)
[2026-09-05T21:25:57.640-0400][829.059s][info][gc          ] GC(470) Pause Young (Normal) (G1 Evacuation Pause) 3289M->2718M(3820M) 5.351ms
[2026-09-05T21:25:57.640-0400][829.059s][info][gc,cpu      ] GC(470) User=0.00s Sys=0.00s Real=0.01s
[2026-09-05T21:26:01.984-0400][833.403s][info][gc,start    ] GC(471) Pause Young (Normal) (G1 Evacuation Pause)
[2026-09-05T21:26:01.984-0400][833.403s][info][gc,task     ] GC(471) Using 23 workers of 23 for evacuation
[2026-09-05T21:26:01.988-0400][833.408s][info][gc,phases   ] GC(471)   Pre Evacuate Collection Set: 0.26ms
[2026-09-05T21:26:01.988-0400][833.408s][info][gc,phases   ] GC(471)   Merge Heap Roots: 0.14ms
[2026-09-05T21:26:01.988-0400][833.408s][info][gc,phases   ] GC(471)   Evacuate Collection Set: 3.25ms
[2026-09-05T21:26:01.988-0400][833.408s][info][gc,phases   ] GC(471)   Post Evacuate Collection Set: 0.70ms
[2026-09-05T21:26:01.988-0400][833.408s][info][gc,phases   ] GC(471)   Other: 0.14ms
[2026-09-05T21:26:01.988-0400][833.408s][info][gc,heap     ] GC(471) Eden regions: 294->0(303)
[2026-09-05T21:26:01.988-0400][833.408s][info][gc,heap     ] GC(471) Survivor regions: 25->11(40)
[2026-09-05T21:26:01.988-0400][833.408s][info][gc,heap     ] GC(471) Old regions: 1298->1313
[2026-09-05T21:26:01.988-0400][833.408s][info][gc,heap     ] GC(471) Archive regions: 0->0
[2026-09-05T21:26:01.988-0400][833.408s][info][gc,heap     ] GC(471) Humongous regions: 37->37
[2026-09-05T21:26:01.988-0400][833.408s][info][gc,metaspace] GC(471) Metaspace: 155320K(158080K)->155320K(158080K) NonClass: 133291K(134784K)->133291K(134784K) Class: 22028K(23296K)->22028K(23296K)
[2026-09-05T21:26:01.988-0400][833.408s][info][gc          ] GC(471) Pause Young (Normal) (G1 Evacuation Pause) 3306M->2720M(3820M) 4.607ms
[2026-09-05T21:26:01.988-0400][833.408s][info][gc,cpu      ] GC(471) User=0.00s Sys=0.00s Real=0.00s
[2026-09-05T21:26:06.537-0400][837.957s][info][gc,start    ] GC(472) Pause Young (Normal) (GCLocker Initiated GC)
[2026-09-05T21:26:06.538-0400][837.957s][info][gc,task     ] GC(472) Using 23 workers of 23 for evacuation
[2026-09-05T21:26:06.540-0400][837.960s][info][gc,phases   ] GC(472)   Pre Evacuate Collection Set: 0.26ms
[2026-09-05T21:26:06.540-0400][837.960s][info][gc,phases   ] GC(472)   Merge Heap Roots: 0.16ms
[2026-09-05T21:26:06.540-0400][837.960s][info][gc,phases   ] GC(472)   Evacuate Collection Set: 1.76ms
[2026-09-05T21:26:06.540-0400][837.960s][info][gc,phases   ] GC(472)   Post Evacuate Collection Set: 0.51ms
[2026-09-05T21:26:06.540-0400][837.960s][info][gc,phases   ] GC(472)   Other: 0.13ms
[2026-09-05T21:26:06.540-0400][837.960s][info][gc,heap     ] GC(472) Eden regions: 304->0(312)
[2026-09-05T21:26:06.540-0400][837.960s][info][gc,heap     ] GC(472) Survivor regions: 11->11(40)
[2026-09-05T21:26:06.540-0400][837.960s][info][gc,heap     ] GC(472) Old regions: 1313->1313
[2026-09-05T21:26:06.540-0400][837.960s][info][gc,heap     ] GC(472) Archive regions: 0->0
[2026-09-05T21:26:06.540-0400][837.960s][info][gc,heap     ] GC(472) Humongous regions: 37->37
[2026-09-05T21:26:06.540-0400][837.960s][info][gc,metaspace] GC(472) Metaspace: 155562K(158272K)->155562K(158272K) NonClass: 133506K(134976K)->133506K(134976K) Class: 22055K(23296K)->22055K(23296K)
[2026-09-05T21:26:06.540-0400][837.960s][info][gc          ] GC(472) Pause Young (Normal) (GCLocker Initiated GC) 3327M->2720M(3820M) 2.943ms
[2026-09-05T21:26:06.540-0400][837.960s][info][gc,cpu      ] GC(472) User=0.00s Sys=0.00s Real=0.00s
[2026-09-05T21:26:10.986-0400][842.405s][info][gc,start    ] GC(473) Pause Young (Normal) (G1 Evacuation Pause)
[2026-09-05T21:26:10.986-0400][842.406s][info][gc,task     ] GC(473) Using 23 workers of 23 for evacuation
[2026-09-05T21:26:10.989-0400][842.408s][info][gc,phases   ] GC(473)   Pre Evacuate Collection Set: 0.28ms
[2026-09-05T21:26:10.989-0400][842.409s][info][gc,phases   ] GC(473)   Merge Heap Roots: 0.17ms
[2026-09-05T21:26:10.989-0400][842.409s][info][gc,phases   ] GC(473)   Evacuate Collection Set: 1.74ms
[2026-09-05T21:26:10.989-0400][842.409s][info][gc,phases   ] GC(473)   Post Evacuate Collection Set: 0.70ms
[2026-09-05T21:26:10.989-0400][842.409s][info][gc,phases   ] GC(473)   Other: 0.13ms
[2026-09-05T21:26:10.989-0400][842.409s][info][gc,heap     ] GC(473) Eden regions: 312->0(319)
[2026-09-05T21:26:10.989-0400][842.409s][info][gc,heap     ] GC(473) Survivor regions: 11->11(41)
[2026-09-05T21:26:10.989-0400][842.409s][info][gc,heap     ] GC(473) Old regions: 1313->1313
[2026-09-05T21:26:10.989-0400][842.409s][info][gc,heap     ] GC(473) Archive regions: 0->0
[2026-09-05T21:26:10.989-0400][842.409s][info][gc,heap     ] GC(473) Humongous regions: 37->37
[2026-09-05T21:26:10.989-0400][842.409s][info][gc,metaspace] GC(473) Metaspace: 155635K(158336K)->155635K(158336K) NonClass: 133578K(135040K)->133578K(135040K) Class: 22057K(23296K)->22057K(23296K)
[2026-09-05T21:26:10.989-0400][842.409s][info][gc          ] GC(473) Pause Young (Normal) (G1 Evacuation Pause) 3344M->2719M(3820M) 3.141ms
[2026-09-05T21:26:10.989-0400][842.409s][info][gc,cpu      ] GC(473) User=0.00s Sys=0.00s Real=0.00s
[2026-09-05T21:26:16.439-0400][847.858s][info][gc,start    ] GC(474) Pause Young (Normal) (GCLocker Initiated GC)
[2026-09-05T21:26:16.439-0400][847.858s][info][gc,task     ] GC(474) Using 23 workers of 23 for evacuation
[2026-09-05T21:26:16.441-0400][847.862s][info][gc,phases   ] GC(474)   Pre Evacuate Collection Set: 0.29ms
[2026-09-05T21:26:16.441-0400][847.862s][info][gc,phases   ] GC(474)   Merge Heap Roots: 0.37ms
[2026-09-05T21:26:16.441-0400][847.862s][info][gc,phases   ] GC(474)   Evacuate Collection Set: 1.83ms
[2026-09-05T21:26:16.441-0400][847.862s][info][gc,phases   ] GC(474)   Post Evacuate Collection Set: 0.70ms
[2026-09-05T21:26:16.441-0400][847.862s][info][gc,phases   ] GC(474)   Other: 0.11ms
[2026-09-05T21:26:16.441-0400][847.862s][info][gc,heap     ] GC(474) Eden regions: 319->0(326)
[2026-09-05T21:26:16.441-0400][847.862s][info][gc,heap     ] GC(474) Survivor regions: 11->11(42)
[2026-09-05T21:26:16.441-0400][847.862s][info][gc,heap     ] GC(474) Old regions: 1313->1313
[2026-09-05T21:26:16.441-0400][847.862s][info][gc,heap     ] GC(474) Archive regions: 0->0
[2026-09-05T21:26:16.443-0400][847.862s][info][gc,heap     ] GC(474) Humongous regions: 37->37
[2026-09-05T21:26:16.443-0400][847.862s][info][gc,metaspace] GC(474) Metaspace: 155658K(158400K)->155658K(158400K) NonClass: 133601K(135104K)->133601K(135104K) Class: 22057K(23296K)->22057K(23296K)
[2026-09-05T21:26:16.443-0400][847.862s][info][gc          ] GC(474) Pause Young (Normal) (GCLocker Initiated GC) 3357M->2720M(3820M) 3.422ms
[2026-09-05T21:26:16.443-0400][847.862s][info][gc,cpu      ] GC(474) User=0.00s Sys=0.00s Real=0.00s
[2026-09-05T21:26:21.481-0400][852.900s][info][gc,start    ] GC(475) Pause Young (Normal) (G1 Evacuation Pause)
[2026-09-05T21:26:21.481-0400][852.900s][info][gc,task     ] GC(475) Using 23 workers of 23 for evacuation
[2026-09-05T21:26:21.484-0400][852.903s][info][gc,phases   ] GC(475)   Pre Evacuate Collection Set: 0.29ms
[2026-09-05T21:26:21.484-0400][852.903s][info][gc,phases   ] GC(475)   Merge Heap Roots: 0.15ms
[2026-09-05T21:26:21.484-0400][852.903s][info][gc,phases   ] GC(475)   Evacuate Collection Set: 1.57ms
[2026-09-05T21:26:21.484-0400][852.903s][info][gc,phases   ] GC(475)   Post Evacuate Collection Set: 0.74ms
[2026-09-05T21:26:21.484-0400][852.903s][info][gc,phases   ] GC(475)   Other: 0.13ms
[2026-09-05T21:26:21.484-0400][852.903s][info][gc,heap     ] GC(475) Eden regions: 326->0(331)
[2026-09-05T21:26:21.484-0400][852.903s][info][gc,heap     ] GC(475) Survivor regions: 11->11(43)
[2026-09-05T21:26:21.484-0400][852.903s][info][gc,heap     ] GC(475) Old regions: 1313->1313
[2026-09-05T21:26:21.484-0400][852.903s][info][gc,heap     ] GC(475) Archive regions: 0->0
[2026-09-05T21:26:21.484-0400][852.903s][info][gc,heap     ] GC(475) Humongous regions: 37->37
[2026-09-05T21:26:21.484-0400][852.903s][info][gc,metaspace] GC(475) Metaspace: 155669K(158400K)->155669K(158400K) NonClass: 133611K(135104K)->133611K(135104K) Class: 22057K(23296K)->22057K(23296K)
[2026-09-05T21:26:21.484-0400][852.903s][info][gc          ] GC(475) Pause Young (Normal) (G1 Evacuation Pause) 3372M->2720M(3820M) 3.030ms
[2026-09-05T21:26:21.484-0400][852.903s][info][gc,cpu      ] GC(475) User=0.00s Sys=0.00s Real=0.00s
[2026-09-05T21:26:27.136-0400][858.555s][info][gc,start    ] GC(476) Pause Young (Normal) (G1 Evacuation Pause)
[2026-09-05T21:26:27.136-0400][858.556s][info][gc,task     ] GC(476) Using 23 workers of 23 for evacuation
[2026-09-05T21:26:27.139-0400][858.559s][info][gc,phases   ] GC(476)   Pre Evacuate Collection Set: 0.45ms
[2026-09-05T21:26:27.139-0400][858.559s][info][gc,phases   ] GC(476)   Merge Heap Roots: 0.16ms
[2026-09-05T21:26:27.139-0400][858.559s][info][gc,phases   ] GC(476)   Evacuate Collection Set: 1.74ms
[2026-09-05T21:26:27.139-0400][858.559s][info][gc,phases   ] GC(476)   Post Evacuate Collection Set: 0.68ms
[2026-09-05T21:26:27.139-0400][858.559s][info][gc,phases   ] GC(476)   Other: 0.16ms
[2026-09-05T21:26:27.139-0400][858.559s][info][gc,heap     ] GC(476) Eden regions: 331->0(335)
[2026-09-05T21:26:27.139-0400][858.559s][info][gc,heap     ] GC(476) Survivor regions: 11->11(43)
[2026-09-05T21:26:27.139-0400][858.559s][info][gc,heap     ] GC(476) Old regions: 1313->1313
[2026-09-05T21:26:27.139-0400][858.559s][info][gc,heap     ] GC(476) Archive regions: 0->0
[2026-09-05T21:26:27.139-0400][858.559s][info][gc,heap     ] GC(476) Humongous regions: 37->37
[2026-09-05T21:26:27.139-0400][858.559s][info][gc,metaspace] GC(476) Metaspace: 155671K(158400K)->155671K(158400K) NonClass: 133614K(135104K)->133614K(135104K) Class: 22057K(23296K)->22057K(23296K)
[2026-09-05T21:26:27.139-0400][858.559s][info][gc          ] GC(476) Pause Young (Normal) (G1 Evacuation Pause) 3382M->2720M(3820M) 3.338ms
[2026-09-05T21:26:27.139-0400][858.559s][info][gc,cpu      ] GC(476) User=0.00s Sys=0.00s Real=0.00s
[2026-09-05T21:26:33.188-0400][864.607s][info][gc,start    ] GC(477) Pause Young (Normal) (G1 Evacuation Pause)
[2026-09-05T21:26:33.188-0400][864.607s][info][gc,task     ] GC(477) Using 23 workers of 23 for evacuation
[2026-09-05T21:26:33.191-0400][864.610s][info][gc,phases   ] GC(477)   Pre Evacuate Collection Set: 0.28ms
[2026-09-05T21:26:33.191-0400][864.610s][info][gc,phases   ] GC(477)   Merge Heap Roots: 0.18ms
[2026-09-05T21:26:33.191-0400][864.610s][info][gc,phases   ] GC(477)   Evacuate Collection Set: 1.55ms
[2026-09-05T21:26:33.191-0400][864.610s][info][gc,phases   ] GC(477)   Post Evacuate Collection Set: 0.96ms
[2026-09-05T21:26:33.191-0400][864.610s][info][gc,phases   ] GC(477)   Other: 0.14ms
[2026-09-05T21:26:33.191-0400][864.610s][info][gc,heap     ] GC(477) Eden regions: 335->0(339)
[2026-09-05T21:26:33.191-0400][864.610s][info][gc,heap     ] GC(477) Survivor regions: 11->11(44)
[2026-09-05T21:26:33.191-0400][864.610s][info][gc,heap     ] GC(477) Old regions: 1313->1313
[2026-09-05T21:26:33.191-0400][864.610s][info][gc,heap     ] GC(477) Archive regions: 0->0
[2026-09-05T21:26:33.191-0400][864.610s][info][gc,heap     ] GC(477) Humongous regions: 37->37
[2026-09-05T21:26:33.191-0400][864.610s][info][gc,metaspace] GC(477) Metaspace: 155672K(158400K)->155672K(158400K) NonClass: 133614K(135104K)->133614K(135104K) Class: 22057K(23296K)->22057K(23296K)
[2026-09-05T21:26:33.191-0400][864.610s][info][gc          ] GC(477) Pause Young (Normal) (G1 Evacuation Pause) 3390M->2721M(3820M) 3.282ms
[2026-09-05T21:26:33.191-0400][864.610s][info][gc,cpu      ] GC(477) User=0.00s Sys=0.00s Real=0.00s
[2026-09-05T21:26:38.987-0400][870.407s][info][gc,start    ] GC(478) Pause Young (Normal) (G1 Evacuation Pause)
[2026-09-05T21:26:38.987-0400][870.407s][info][gc,task     ] GC(478) Using 23 workers of 23 for evacuation
[2026-09-05T21:26:38.990-0400][870.410s][info][gc,phases   ] GC(478)   Pre Evacuate Collection Set: 0.21ms
[2026-09-05T21:26:38.990-0400][870.410s][info][gc,phases   ] GC(478)   Merge Heap Roots: 0.20ms
[2026-09-05T21:26:38.990-0400][870.410s][info][gc,phases   ] GC(478)   Evacuate Collection Set: 1.73ms
[2026-09-05T21:26:38.990-0400][870.410s][info][gc,phases   ] GC(478)   Post Evacuate Collection Set: 0.64ms
[2026-09-05T21:26:38.990-0400][870.410s][info][gc,phases   ] GC(478)   Other: 0.16ms
[2026-09-05T21:26:38.990-0400][870.410s][info][gc,heap     ] GC(478) Eden regions: 339->0(341)
[2026-09-05T21:26:38.990-0400][870.410s][info][gc,heap     ] GC(478) Survivor regions: 11->11(44)
[2026-09-05T21:26:38.990-0400][870.410s][info][gc,heap     ] GC(478) Old regions: 1313->1313
[2026-09-05T21:26:38.990-0400][870.410s][info][gc,heap     ] GC(478) Archive regions: 0->0
[2026-09-05T21:26:38.990-0400][870.410s][info][gc,heap     ] GC(478) Humongous regions: 37->37
[2026-09-05T21:26:38.990-0400][870.410s][info][gc,metaspace] GC(478) Metaspace: 155681K(158400K)->155681K(158400K) NonClass: 133621K(135104K)->133621K(135104K) Class: 22060K(23296K)->22060K(23296K)
[2026-09-05T21:26:38.990-0400][870.410s][info][gc          ] GC(478) Pause Young (Normal) (G1 Evacuation Pause) 3399M->2721M(3820M) 3.057ms
[2026-09-05T21:26:38.990-0400][870.410s][info][gc,cpu      ] GC(478) User=0.00s Sys=0.00s Real=0.00s
[2026-09-05T21:26:45.462-0400][876.881s][info][gc,start    ] GC(479) Pause Young (Normal) (G1 Evacuation Pause)
[2026-09-05T21:26:45.462-0400][876.881s][info][gc,task     ] GC(479) Using 23 workers of 23 for evacuation
[2026-09-05T21:26:45.464-0400][876.884s][info][gc,phases   ] GC(479)   Pre Evacuate Collection Set: 0.28ms
[2026-09-05T21:26:45.464-0400][876.884s][info][gc,phases   ] GC(479)   Merge Heap Roots: 0.17ms
[2026-09-05T21:26:45.464-0400][876.884s][info][gc,phases   ] GC(479)   Evacuate Collection Set: 1.74ms
[2026-09-05T21:26:45.464-0400][876.884s][info][gc,phases   ] GC(479)   Post Evacuate Collection Set: 0.62ms
[2026-09-05T21:26:45.464-0400][876.884s][info][gc,phases   ] GC(479)   Other: 0.12ms
[2026-09-05T21:26:45.464-0400][876.884s][info][gc,heap     ] GC(479) Eden regions: 341->0(343)
[2026-09-05T21:26:45.464-0400][876.884s][info][gc,heap     ] GC(479) Survivor regions: 11->11(44)
[2026-09-05T21:26:45.464-0400][876.884s][info][gc,heap     ] GC(479) Old regions: 1313->1313
[2026-09-05T21:26:45.464-0400][876.884s][info][gc,heap     ] GC(479) Archive regions: 0->0
[2026-09-05T21:26:45.464-0400][876.884s][info][gc,heap     ] GC(479) Humongous regions: 37->37
[2026-09-05T21:26:45.464-0400][876.884s][info][gc,metaspace] GC(479) Metaspace: 155686K(158400K)->155686K(158400K) NonClass: 133625K(135104K)->133625K(135104K) Class: 22061K(23296K)->22061K(23296K)
[2026-09-05T21:26:45.464-0400][876.884s][info][gc          ] GC(479) Pause Young (Normal) (G1 Evacuation Pause) 3403M->2721M(3820M) 3.047ms
[2026-09-05T21:26:45.464-0400][876.884s][info][gc,cpu      ] GC(479) User=0.00s Sys=0.00s Real=0.00s
