[2026-09-06T17:01:01.415-0400][0.010s][info][gc] Using G1
[2026-09-06T17:01:01.419-0400][0.013s][info][gc,init] Version: 17.0.18+8 (release)
[2026-09-06T17:01:01.419-0400][0.013s][info][gc,init] CPUs: 32 total, 32 available
[2026-09-06T17:01:01.420-0400][0.013s][info][gc,init] Memory: 32456M
[2026-09-06T17:01:01.420-0400][0.013s][info][gc,init] Large Page Support: Disabled
[2026-09-06T17:01:01.420-0400][0.013s][info][gc,init] NUMA Support: Disabled
[2026-09-06T17:01:01.420-0400][0.013s][info][gc,init] Compressed Oops: Enabled (Zero based)
[2026-09-06T17:01:01.420-0400][0.013s][info][gc,init] Heap Region Size: 2M
[2026-09-06T17:01:01.420-0400][0.013s][info][gc,init] Heap Min Capacity: 1G
[2026-09-06T17:01:01.420-0400][0.013s][info][gc,init] Heap Initial Capacity: 1G
[2026-09-06T17:01:01.420-0400][0.014s][info][gc,init] Heap Max Capacity: 4G
[2026-09-06T17:01:01.420-0400][0.014s][info][gc,init] Pre-touch: Disabled
[2026-09-06T17:01:01.420-0400][0.014s][info][gc,init] Parallel Workers: 23
[2026-09-06T17:01:01.420-0400][0.014s][info][gc,init] Concurrent Workers: 6
[2026-09-06T17:01:01.420-0400][0.014s][info][gc,init] Concurrent Refinement Workers: 23
[2026-09-06T17:01:01.420-0400][0.014s][info][gc,init] Periodic GC: Disabled
[2026-09-06T17:01:01.426-0400][0.020s][info][gc,metaspace] CDS archive(s) mapped at: [0x0000026f16000000-0x0000026f16bb0000-0x0000026f16bb0000), size 12255232, SharedBaseAddress: 0x0000026f16000000, ArchiveRelocationMode: 1.
[2026-09-06T17:01:01.426-0400][0.020s][info][gc,metaspace] Compressed class space mapped at: 0x0000026f17000000-0x0000026f57000000, reserved size: 1073741824
[2026-09-06T17:01:01.426-0400][0.020s][info][gc,metaspace] Narrow klass base: 0x0000026f16000000, Narrow klass shift: 0, Narrow klass range: 0x100000000
[2026-09-06T17:01:02.279-0400][0.873s][info][gc,start    ] GC(0) Pause Young (Normal) (G1 Evacuation Pause)
[2026-09-06T17:01:02.282-0400][0.876s][info][gc,task     ] GC(0) Using 23 workers of 23 for evacuation
[2026-09-06T17:01:02.285-0400][0.880s][info][gc,phases   ] GC(0)   Pre Evacuate Collection Set: 0.12ms
[2026-09-06T17:01:02.285-0400][0.880s][info][gc,phases   ] GC(0)   Merge Heap Roots: 0.10ms
[2026-09-06T17:01:02.285-0400][0.880s][info][gc,phases   ] GC(0)   Evacuate Collection Set: 3.08ms
[2026-09-06T17:01:02.285-0400][0.880s][info][gc,phases   ] GC(0)   Post Evacuate Collection Set: 0.39ms
[2026-09-06T17:01:02.285-0400][0.880s][info][gc,phases   ] GC(0)   Other: 2.67ms
[2026-09-06T17:01:02.285-0400][0.880s][info][gc,heap     ] GC(0) Eden regions: 25->0(21)
[2026-09-06T17:01:02.285-0400][0.880s][info][gc,heap     ] GC(0) Survivor regions: 0->4(4)
[2026-09-06T17:01:02.285-0400][0.880s][info][gc,heap     ] GC(0) Old regions: 0->1
[2026-09-06T17:01:02.285-0400][0.880s][info][gc,heap     ] GC(0) Archive regions: 0->0
[2026-09-06T17:01:02.285-0400][0.880s][info][gc,heap     ] GC(0) Humongous regions: 4->2
[2026-09-06T17:01:02.285-0400][0.880s][info][gc,metaspace] GC(0) Metaspace: 4951K(5184K)->4951K(5184K) NonClass: 4471K(4608K)->4471K(4608K) Class: 479K(576K)->479K(576K)
[2026-09-06T17:01:02.285-0400][0.880s][info][gc          ] GC(0) Pause Young (Normal) (G1 Evacuation Pause) 58M->13M(1024M) 6.534ms
[2026-09-06T17:01:02.285-0400][0.880s][info][gc,cpu      ] GC(0) User=0.22s Sys=0.16s Real=0.01s
[2026-09-06T17:01:02.486-0400][1.080s][info][gc,start    ] GC(1) Pause Young (Normal) (G1 Evacuation Pause)
[2026-09-06T17:01:02.486-0400][1.080s][info][gc,task     ] GC(1) Using 23 workers of 23 for evacuation
[2026-09-06T17:01:02.489-0400][1.083s][info][gc,phases   ] GC(1)   Pre Evacuate Collection Set: 0.11ms
[2026-09-06T17:01:02.489-0400][1.083s][info][gc,phases   ] GC(1)   Merge Heap Roots: 0.05ms
[2026-09-06T17:01:02.489-0400][1.083s][info][gc,phases   ] GC(1)   Evacuate Collection Set: 2.05ms
[2026-09-06T17:01:02.489-0400][1.083s][info][gc,phases   ] GC(1)   Post Evacuate Collection Set: 0.28ms
[2026-09-06T17:01:02.489-0400][1.083s][info][gc,phases   ] GC(1)   Other: 0.12ms
[2026-09-06T17:01:02.489-0400][1.083s][info][gc,heap     ] GC(1) Eden regions: 21->0(33)
[2026-09-06T17:01:02.489-0400][1.083s][info][gc,heap     ] GC(1) Survivor regions: 4->3(4)
[2026-09-06T17:01:02.489-0400][1.083s][info][gc,heap     ] GC(1) Old regions: 1->5
[2026-09-06T17:01:02.489-0400][1.083s][info][gc,heap     ] GC(1) Archive regions: 0->0
[2026-09-06T17:01:02.489-0400][1.083s][info][gc,heap     ] GC(1) Humongous regions: 3->3
[2026-09-06T17:01:02.489-0400][1.083s][info][gc,metaspace] GC(1) Metaspace: 4999K(5184K)->4999K(5184K) NonClass: 4520K(4608K)->4520K(4608K) Class: 479K(576K)->479K(576K)
[2026-09-06T17:01:02.489-0400][1.083s][info][gc          ] GC(1) Pause Young (Normal) (G1 Evacuation Pause) 57M->21M(1024M) 2.783ms
[2026-09-06T17:01:02.489-0400][1.083s][info][gc,cpu      ] GC(1) User=0.02s Sys=0.02s Real=0.00s
[2026-09-06T17:01:02.731-0400][1.325s][info][gc,start    ] GC(2) Pause Young (Normal) (G1 Evacuation Pause)
[2026-09-06T17:01:02.731-0400][1.325s][info][gc,task     ] GC(2) Using 23 workers of 23 for evacuation
[2026-09-06T17:01:02.733-0400][1.328s][info][gc,phases   ] GC(2)   Pre Evacuate Collection Set: 0.15ms
[2026-09-06T17:01:02.733-0400][1.328s][info][gc,phases   ] GC(2)   Merge Heap Roots: 0.08ms
[2026-09-06T17:01:02.733-0400][1.328s][info][gc,phases   ] GC(2)   Evacuate Collection Set: 1.74ms
[2026-09-06T17:01:02.733-0400][1.328s][info][gc,phases   ] GC(2)   Post Evacuate Collection Set: 0.23ms
[2026-09-06T17:01:02.733-0400][1.328s][info][gc,phases   ] GC(2)   Other: 0.10ms
[2026-09-06T17:01:02.733-0400][1.328s][info][gc,heap     ] GC(2) Eden regions: 33->0(306)
[2026-09-06T17:01:02.733-0400][1.328s][info][gc,heap     ] GC(2) Survivor regions: 3->1(5)
[2026-09-06T17:01:02.733-0400][1.328s][info][gc,heap     ] GC(2) Old regions: 5->8
[2026-09-06T17:01:02.733-0400][1.328s][info][gc,heap     ] GC(2) Archive regions: 0->0
[2026-09-06T17:01:02.733-0400][1.328s][info][gc,heap     ] GC(2) Humongous regions: 3->3
[2026-09-06T17:01:02.733-0400][1.328s][info][gc,metaspace] GC(2) Metaspace: 5038K(5248K)->5038K(5248K) NonClass: 4559K(4672K)->4559K(4672K) Class: 479K(576K)->479K(576K)
[2026-09-06T17:01:02.733-0400][1.328s][info][gc          ] GC(2) Pause Young (Normal) (G1 Evacuation Pause) 87M->22M(1024M) 2.432ms
[2026-09-06T17:01:02.733-0400][1.328s][info][gc,cpu      ] GC(2) User=0.00s Sys=0.00s Real=0.00s
[2026-09-06T17:01:05.680-0400][4.275s][info][gc,start    ] GC(3) Pause Young (Concurrent Start) (Metadata GC Threshold)
[2026-09-06T17:01:05.680-0400][4.275s][info][gc,task     ] GC(3) Using 23 workers of 23 for evacuation
[2026-09-06T17:01:05.693-0400][4.287s][info][gc,phases   ] GC(3)   Pre Evacuate Collection Set: 0.15ms
[2026-09-06T17:01:05.693-0400][4.288s][info][gc,phases   ] GC(3)   Merge Heap Roots: 0.11ms
[2026-09-06T17:01:05.693-0400][4.288s][info][gc,phases   ] GC(3)   Evacuate Collection Set: 11.16ms
[2026-09-06T17:01:05.693-0400][4.288s][info][gc,phases   ] GC(3)   Post Evacuate Collection Set: 1.01ms
[2026-09-06T17:01:05.693-0400][4.288s][info][gc,phases   ] GC(3)   Other: 0.42ms
[2026-09-06T17:01:05.693-0400][4.288s][info][gc,heap     ] GC(3) Eden regions: 215->0(118)
[2026-09-06T17:01:05.693-0400][4.288s][info][gc,heap     ] GC(3) Survivor regions: 1->19(39)
[2026-09-06T17:01:05.693-0400][4.288s][info][gc,heap     ] GC(3) Old regions: 8->8
[2026-09-06T17:01:05.693-0400][4.288s][info][gc,heap     ] GC(3) Archive regions: 0->0
[2026-09-06T17:01:05.693-0400][4.288s][info][gc,heap     ] GC(3) Humongous regions: 15->5
[2026-09-06T17:01:05.693-0400][4.288s][info][gc,metaspace] GC(3) Metaspace: 21161K(21504K)->21161K(21504K) NonClass: 18747K(18944K)->18747K(18944K) Class: 2413K(2560K)->2413K(2560K)
[2026-09-06T17:01:05.693-0400][4.288s][info][gc          ] GC(3) Pause Young (Concurrent Start) (Metadata GC Threshold) 475M->62M(1024M) 13.114ms
[2026-09-06T17:01:05.694-0400][4.288s][info][gc,cpu      ] GC(3) User=0.14s Sys=0.22s Real=0.01s
[2026-09-06T17:01:05.694-0400][4.288s][info][gc          ] GC(4) Concurrent Mark Cycle
[2026-09-06T17:01:05.694-0400][4.288s][info][gc,marking  ] GC(4) Concurrent Clear Claimed Marks
[2026-09-06T17:01:05.694-0400][4.288s][info][gc,marking  ] GC(4) Concurrent Clear Claimed Marks 0.123ms
[2026-09-06T17:01:05.694-0400][4.288s][info][gc,marking  ] GC(4) Concurrent Scan Root Regions
[2026-09-06T17:01:05.697-0400][4.291s][info][gc,marking  ] GC(4) Concurrent Scan Root Regions 3.320ms
[2026-09-06T17:01:05.697-0400][4.291s][info][gc,marking  ] GC(4) Concurrent Mark
[2026-09-06T17:01:05.697-0400][4.291s][info][gc,marking  ] GC(4) Concurrent Mark From Roots
[2026-09-06T17:01:05.697-0400][4.291s][info][gc,task     ] GC(4) Using 6 workers of 6 for marking
[2026-09-06T17:01:05.700-0400][4.294s][info][gc,marking  ] GC(4) Concurrent Mark From Roots 2.501ms
[2026-09-06T17:01:05.700-0400][4.294s][info][gc,marking  ] GC(4) Concurrent Preclean
[2026-09-06T17:01:05.700-0400][4.294s][info][gc,marking  ] GC(4) Concurrent Preclean 0.175ms
[2026-09-06T17:01:05.700-0400][4.294s][info][gc,start    ] GC(4) Pause Remark
[2026-09-06T17:01:05.702-0400][4.296s][info][gc          ] GC(4) Pause Remark 65M->65M(1024M) 2.225ms
[2026-09-06T17:01:05.702-0400][4.297s][info][gc,cpu      ] GC(4) User=0.00s Sys=0.00s Real=0.00s
[2026-09-06T17:01:05.702-0400][4.297s][info][gc,marking  ] GC(4) Concurrent Mark 5.179ms
[2026-09-06T17:01:05.702-0400][4.297s][info][gc,marking  ] GC(4) Concurrent Rebuild Remembered Sets
[2026-09-06T17:01:05.703-0400][4.298s][info][gc,marking  ] GC(4) Concurrent Rebuild Remembered Sets 1.433ms
[2026-09-06T17:01:05.703-0400][4.298s][info][gc,start    ] GC(4) Pause Cleanup
[2026-09-06T17:01:05.703-0400][4.298s][info][gc          ] GC(4) Pause Cleanup 65M->65M(1024M) 0.175ms
[2026-09-06T17:01:05.703-0400][4.298s][info][gc,cpu      ] GC(4) User=0.00s Sys=0.00s Real=0.00s
[2026-09-06T17:01:05.703-0400][4.298s][info][gc,marking  ] GC(4) Concurrent Cleanup for Next Mark
[2026-09-06T17:01:05.705-0400][4.299s][info][gc,marking  ] GC(4) Concurrent Cleanup for Next Mark 0.959ms
[2026-09-06T17:01:05.705-0400][4.299s][info][gc          ] GC(4) Concurrent Mark Cycle 11.657ms
[2026-09-06T17:01:06.752-0400][5.347s][info][gc,start    ] GC(5) Pause Young (Prepare Mixed) (G1 Evacuation Pause)
[2026-09-06T17:01:06.752-0400][5.347s][info][gc,task     ] GC(5) Using 23 workers of 23 for evacuation
[2026-09-06T17:01:06.762-0400][5.356s][info][gc,phases   ] GC(5)   Pre Evacuate Collection Set: 0.15ms
[2026-09-06T17:01:06.762-0400][5.356s][info][gc,phases   ] GC(5)   Merge Heap Roots: 0.20ms
[2026-09-06T17:01:06.762-0400][5.356s][info][gc,phases   ] GC(5)   Evacuate Collection Set: 8.13ms
[2026-09-06T17:01:06.762-0400][5.356s][info][gc,phases   ] GC(5)   Post Evacuate Collection Set: 1.01ms
[2026-09-06T17:01:06.762-0400][5.356s][info][gc,phases   ] GC(5)   Other: 0.16ms
[2026-09-06T17:01:06.762-0400][5.356s][info][gc,heap     ] GC(5) Eden regions: 163->0(15)
[2026-09-06T17:01:06.762-0400][5.356s][info][gc,heap     ] GC(5) Survivor regions: 19->10(23)
[2026-09-06T17:01:06.762-0400][5.356s][info][gc,heap     ] GC(5) Old regions: 8->26
[2026-09-06T17:01:06.762-0400][5.356s][info][gc,heap     ] GC(5) Archive regions: 0->0
[2026-09-06T17:01:06.762-0400][5.356s][info][gc,heap     ] GC(5) Humongous regions: 5->5
[2026-09-06T17:01:06.762-0400][5.356s][info][gc,metaspace] GC(5) Metaspace: 29642K(30464K)->29642K(30464K) NonClass: 26156K(26624K)->26156K(26624K) Class: 3485K(3840K)->3485K(3840K)
[2026-09-06T17:01:06.762-0400][5.356s][info][gc          ] GC(5) Pause Young (Prepare Mixed) (G1 Evacuation Pause) 388M->79M(1024M) 9.896ms
[2026-09-06T17:01:06.762-0400][5.356s][info][gc,cpu      ] GC(5) User=0.02s Sys=0.00s Real=0.01s
[2026-09-06T17:01:06.816-0400][5.411s][info][gc,start    ] GC(6) Pause Young (Mixed) (G1 Evacuation Pause)
[2026-09-06T17:01:06.816-0400][5.411s][info][gc,task     ] GC(6) Using 23 workers of 23 for evacuation
[2026-09-06T17:01:06.819-0400][5.414s][info][gc,phases   ] GC(6)   Pre Evacuate Collection Set: 0.20ms
[2026-09-06T17:01:06.819-0400][5.414s][info][gc,phases   ] GC(6)   Merge Heap Roots: 0.15ms
[2026-09-06T17:01:06.819-0400][5.414s][info][gc,phases   ] GC(6)   Evacuate Collection Set: 2.43ms
[2026-09-06T17:01:06.820-0400][5.414s][info][gc,phases   ] GC(6)   Post Evacuate Collection Set: 0.45ms
[2026-09-06T17:01:06.820-0400][5.414s][info][gc,phases   ] GC(6)   Other: 0.14ms
[2026-09-06T17:01:06.820-0400][5.414s][info][gc,heap     ] GC(6) Eden regions: 15->0(305)
[2026-09-06T17:01:06.820-0400][5.414s][info][gc,heap     ] GC(6) Survivor regions: 10->2(4)
[2026-09-06T17:01:06.820-0400][5.414s][info][gc,heap     ] GC(6) Old regions: 26->35
[2026-09-06T17:01:06.820-0400][5.414s][info][gc,heap     ] GC(6) Archive regions: 0->0
[2026-09-06T17:01:06.820-0400][5.414s][info][gc,heap     ] GC(6) Humongous regions: 5->5
[2026-09-06T17:01:06.820-0400][5.414s][info][gc,metaspace] GC(6) Metaspace: 29796K(30592K)->29796K(30592K) NonClass: 26300K(26752K)->26300K(26752K) Class: 3496K(3840K)->3496K(3840K)
[2026-09-06T17:01:06.820-0400][5.414s][info][gc          ] GC(6) Pause Young (Mixed) (G1 Evacuation Pause) 109M->81M(1024M) 3.621ms
[2026-09-06T17:01:06.820-0400][5.414s][info][gc,cpu      ] GC(6) User=0.00s Sys=0.00s Real=0.00s
[2026-09-06T17:01:07.731-0400][6.325s][info][gc,start    ] GC(7) Pause Young (Normal) (G1 Evacuation Pause)
[2026-09-06T17:01:07.731-0400][6.325s][info][gc,task     ] GC(7) Using 23 workers of 23 for evacuation
[2026-09-06T17:01:07.735-0400][6.329s][info][gc,phases   ] GC(7)   Pre Evacuate Collection Set: 0.15ms
[2026-09-06T17:01:07.735-0400][6.329s][info][gc,phases   ] GC(7)   Merge Heap Roots: 0.13ms
[2026-09-06T17:01:07.735-0400][6.329s][info][gc,phases   ] GC(7)   Evacuate Collection Set: 3.04ms
[2026-09-06T17:01:07.735-0400][6.329s][info][gc,phases   ] GC(7)   Post Evacuate Collection Set: 0.53ms
[2026-09-06T17:01:07.735-0400][6.329s][info][gc,phases   ] GC(7)   Other: 0.19ms
[2026-09-06T17:01:07.735-0400][6.329s][info][gc,heap     ] GC(7) Eden regions: 305->0(302)
[2026-09-06T17:01:07.735-0400][6.329s][info][gc,heap     ] GC(7) Survivor regions: 2->5(39)
[2026-09-06T17:01:07.735-0400][6.329s][info][gc,heap     ] GC(7) Old regions: 35->35
[2026-09-06T17:01:07.735-0400][6.330s][info][gc,heap     ] GC(7) Archive regions: 0->0
[2026-09-06T17:01:07.735-0400][6.330s][info][gc,heap     ] GC(7) Humongous regions: 5->5
[2026-09-06T17:01:07.735-0400][6.330s][info][gc,metaspace] GC(7) Metaspace: 31147K(32128K)->31147K(32128K) NonClass: 27459K(28032K)->27459K(28032K) Class: 3687K(4096K)->3687K(4096K)
[2026-09-06T17:01:07.735-0400][6.330s][info][gc          ] GC(7) Pause Young (Normal) (G1 Evacuation Pause) 691M->87M(1024M) 4.205ms
[2026-09-06T17:01:07.735-0400][6.330s][info][gc,cpu      ] GC(7) User=0.00s Sys=0.00s Real=0.00s
[2026-09-06T17:01:09.580-0400][8.175s][info][gc,start    ] GC(8) Pause Young (Concurrent Start) (Metadata GC Threshold)
[2026-09-06T17:01:09.581-0400][8.175s][info][gc,task     ] GC(8) Using 23 workers of 23 for evacuation
[2026-09-06T17:01:09.586-0400][8.180s][info][gc,phases   ] GC(8)   Pre Evacuate Collection Set: 0.19ms
[2026-09-06T17:01:09.586-0400][8.180s][info][gc,phases   ] GC(8)   Merge Heap Roots: 0.16ms
[2026-09-06T17:01:09.586-0400][8.181s][info][gc,phases   ] GC(8)   Evacuate Collection Set: 4.50ms
[2026-09-06T17:01:09.586-0400][8.181s][info][gc,phases   ] GC(8)   Post Evacuate Collection Set: 0.73ms
[2026-09-06T17:01:09.586-0400][8.181s][info][gc,phases   ] GC(8)   Other: 0.23ms
[2026-09-06T17:01:09.586-0400][8.181s][info][gc,heap     ] GC(8) Eden regions: 172->0(294)
[2026-09-06T17:01:09.586-0400][8.181s][info][gc,heap     ] GC(8) Survivor regions: 5->13(39)
[2026-09-06T17:01:09.586-0400][8.181s][info][gc,heap     ] GC(8) Old regions: 35->35
[2026-09-06T17:01:09.586-0400][8.181s][info][gc,heap     ] GC(8) Archive regions: 0->0
[2026-09-06T17:01:09.586-0400][8.181s][info][gc,heap     ] GC(8) Humongous regions: 5->5
[2026-09-06T17:01:09.586-0400][8.181s][info][gc,metaspace] GC(8) Metaspace: 35216K(36288K)->35216K(36288K) NonClass: 31022K(31616K)->31022K(31616K) Class: 4193K(4672K)->4193K(4672K)
[2026-09-06T17:01:09.586-0400][8.181s][info][gc          ] GC(8) Pause Young (Concurrent Start) (Metadata GC Threshold) 430M->103M(1024M) 6.072ms
[2026-09-06T17:01:09.586-0400][8.181s][info][gc,cpu      ] GC(8) User=0.03s Sys=0.00s Real=0.01s
[2026-09-06T17:01:09.586-0400][8.181s][info][gc          ] GC(9) Concurrent Mark Cycle
[2026-09-06T17:01:09.586-0400][8.181s][info][gc,marking  ] GC(9) Concurrent Clear Claimed Marks
[2026-09-06T17:01:09.586-0400][8.181s][info][gc,marking  ] GC(9) Concurrent Clear Claimed Marks 0.082ms
[2026-09-06T17:01:09.586-0400][8.181s][info][gc,marking  ] GC(9) Concurrent Scan Root Regions
[2026-09-06T17:01:09.589-0400][8.183s][info][gc,marking  ] GC(9) Concurrent Scan Root Regions 2.439ms
[2026-09-06T17:01:09.589-0400][8.183s][info][gc,marking  ] GC(9) Concurrent Mark
[2026-09-06T17:01:09.589-0400][8.183s][info][gc,marking  ] GC(9) Concurrent Mark From Roots
[2026-09-06T17:01:09.589-0400][8.183s][info][gc,task     ] GC(9) Using 6 workers of 6 for marking
[2026-09-06T17:01:09.598-0400][8.193s][info][gc,marking  ] GC(9) Concurrent Mark From Roots 9.072ms
[2026-09-06T17:01:09.598-0400][8.193s][info][gc,marking  ] GC(9) Concurrent Preclean
[2026-09-06T17:01:09.598-0400][8.193s][info][gc,marking  ] GC(9) Concurrent Preclean 0.301ms
[2026-09-06T17:01:09.618-0400][8.212s][info][gc,start    ] GC(9) Pause Remark
[2026-09-06T17:01:09.622-0400][8.216s][info][gc          ] GC(9) Pause Remark 112M->112M(1024M) 3.941ms
[2026-09-06T17:01:09.622-0400][8.216s][info][gc,cpu      ] GC(9) User=0.00s Sys=0.00s Real=0.00s
[2026-09-06T17:01:09.622-0400][8.216s][info][gc,marking  ] GC(9) Concurrent Mark 33.054ms
[2026-09-06T17:01:09.622-0400][8.217s][info][gc,marking  ] GC(9) Concurrent Rebuild Remembered Sets
[2026-09-06T17:01:09.627-0400][8.221s][info][gc,marking  ] GC(9) Concurrent Rebuild Remembered Sets 4.883ms
[2026-09-06T17:01:09.628-0400][8.222s][info][gc,start    ] GC(9) Pause Cleanup
[2026-09-06T17:01:09.628-0400][8.222s][info][gc          ] GC(9) Pause Cleanup 114M->114M(1024M) 0.338ms
[2026-09-06T17:01:09.628-0400][8.222s][info][gc,cpu      ] GC(9) User=0.00s Sys=0.00s Real=0.00s
[2026-09-06T17:01:09.628-0400][8.222s][info][gc,marking  ] GC(9) Concurrent Cleanup for Next Mark
[2026-09-06T17:01:09.629-0400][8.223s][info][gc,marking  ] GC(9) Concurrent Cleanup for Next Mark 0.875ms
[2026-09-06T17:01:09.629-0400][8.223s][info][gc          ] GC(9) Concurrent Mark Cycle 42.493ms
[2026-09-06T17:01:14.282-0400][12.876s][info][gc,start    ] GC(10) Pause Young (Normal) (G1 Evacuation Pause)
[2026-09-06T17:01:14.282-0400][12.876s][info][gc,task     ] GC(10) Using 23 workers of 23 for evacuation
[2026-09-06T17:01:14.292-0400][12.886s][info][gc,phases   ] GC(10)   Pre Evacuate Collection Set: 0.13ms
[2026-09-06T17:01:14.292-0400][12.886s][info][gc,phases   ] GC(10)   Merge Heap Roots: 0.15ms
[2026-09-06T17:01:14.292-0400][12.886s][info][gc,phases   ] GC(10)   Evacuate Collection Set: 8.32ms
[2026-09-06T17:01:14.292-0400][12.886s][info][gc,phases   ] GC(10)   Post Evacuate Collection Set: 1.33ms
[2026-09-06T17:01:14.292-0400][12.886s][info][gc,phases   ] GC(10)   Other: 0.14ms
[2026-09-06T17:01:14.292-0400][12.886s][info][gc,heap     ] GC(10) Eden regions: 294->0(278)
[2026-09-06T17:01:14.292-0400][12.886s][info][gc,heap     ] GC(10) Survivor regions: 13->29(39)
[2026-09-06T17:01:14.292-0400][12.886s][info][gc,heap     ] GC(10) Old regions: 35->35
[2026-09-06T17:01:14.292-0400][12.886s][info][gc,heap     ] GC(10) Archive regions: 0->0
[2026-09-06T17:01:14.292-0400][12.886s][info][gc,heap     ] GC(10) Humongous regions: 11->11
[2026-09-06T17:01:14.292-0400][12.886s][info][gc,metaspace] GC(10) Metaspace: 51006K(52352K)->51006K(52352K) NonClass: 44599K(45312K)->44599K(45312K) Class: 6407K(7040K)->6407K(7040K)
[2026-09-06T17:01:14.292-0400][12.887s][info][gc          ] GC(10) Pause Young (Normal) (G1 Evacuation Pause) 703M->146M(1024M) 10.291ms
[2026-09-06T17:01:14.292-0400][12.887s][info][gc,cpu      ] GC(10) User=0.11s Sys=0.25s Real=0.01s
[2026-09-06T17:01:15.926-0400][14.520s][info][gc,start    ] GC(11) Pause Young (Concurrent Start) (Metadata GC Threshold)
[2026-09-06T17:01:15.926-0400][14.520s][info][gc,task     ] GC(11) Using 23 workers of 23 for evacuation
[2026-09-06T17:01:15.943-0400][14.537s][info][gc,phases   ] GC(11)   Pre Evacuate Collection Set: 0.23ms
[2026-09-06T17:01:15.943-0400][14.537s][info][gc,phases   ] GC(11)   Merge Heap Roots: 0.11ms
[2026-09-06T17:01:15.943-0400][14.537s][info][gc,phases   ] GC(11)   Evacuate Collection Set: 14.54ms
[2026-09-06T17:01:15.943-0400][14.537s][info][gc,phases   ] GC(11)   Post Evacuate Collection Set: 1.73ms
[2026-09-06T17:01:15.943-0400][14.537s][info][gc,phases   ] GC(11)   Other: 0.28ms
[2026-09-06T17:01:15.943-0400][14.537s][info][gc,heap     ] GC(11) Eden regions: 186->0(268)
[2026-09-06T17:01:15.943-0400][14.537s][info][gc,heap     ] GC(11) Survivor regions: 29->39(39)
[2026-09-06T17:01:15.943-0400][14.537s][info][gc,heap     ] GC(11) Old regions: 35->46
[2026-09-06T17:01:15.943-0400][14.537s][info][gc,heap     ] GC(11) Archive regions: 0->0
[2026-09-06T17:01:15.943-0400][14.537s][info][gc,heap     ] GC(11) Humongous regions: 11->11
[2026-09-06T17:01:15.943-0400][14.537s][info][gc,metaspace] GC(11) Metaspace: 59216K(60608K)->59216K(60608K) NonClass: 51353K(52096K)->51353K(52096K) Class: 7863K(8512K)->7863K(8512K)
[2026-09-06T17:01:15.943-0400][14.537s][info][gc          ] GC(11) Pause Young (Concurrent Start) (Metadata GC Threshold) 517M->191M(1024M) 17.136ms
[2026-09-06T17:01:15.943-0400][14.538s][info][gc,cpu      ] GC(11) User=0.06s Sys=0.30s Real=0.02s
[2026-09-06T17:01:15.943-0400][14.538s][info][gc          ] GC(12) Concurrent Mark Cycle
[2026-09-06T17:01:15.943-0400][14.538s][info][gc,marking  ] GC(12) Concurrent Clear Claimed Marks
[2026-09-06T17:01:15.944-0400][14.538s][info][gc,marking  ] GC(12) Concurrent Clear Claimed Marks 0.110ms
[2026-09-06T17:01:15.944-0400][14.538s][info][gc,marking  ] GC(12) Concurrent Scan Root Regions
[2026-09-06T17:01:15.954-0400][14.548s][info][gc,marking  ] GC(12) Concurrent Scan Root Regions 10.288ms
[2026-09-06T17:01:15.954-0400][14.548s][info][gc,marking  ] GC(12) Concurrent Mark
[2026-09-06T17:01:15.954-0400][14.548s][info][gc,marking  ] GC(12) Concurrent Mark From Roots
[2026-09-06T17:01:15.954-0400][14.548s][info][gc,task     ] GC(12) Using 6 workers of 6 for marking
[2026-09-06T17:01:15.966-0400][14.560s][info][gc,marking  ] GC(12) Concurrent Mark From Roots 11.828ms
[2026-09-06T17:01:15.966-0400][14.560s][info][gc,marking  ] GC(12) Concurrent Preclean
[2026-09-06T17:01:15.966-0400][14.560s][info][gc,marking  ] GC(12) Concurrent Preclean 0.231ms
[2026-09-06T17:01:15.967-0400][14.561s][info][gc,start    ] GC(12) Pause Remark
[2026-09-06T17:01:15.971-0400][14.565s][info][gc          ] GC(12) Pause Remark 195M->195M(1024M) 4.373ms
[2026-09-06T17:01:15.971-0400][14.565s][info][gc,cpu      ] GC(12) User=0.02s Sys=0.02s Real=0.00s
[2026-09-06T17:01:15.971-0400][14.565s][info][gc,marking  ] GC(12) Concurrent Mark 16.999ms
[2026-09-06T17:01:15.971-0400][14.565s][info][gc,marking  ] GC(12) Concurrent Rebuild Remembered Sets
[2026-09-06T17:01:15.979-0400][14.573s][info][gc,marking  ] GC(12) Concurrent Rebuild Remembered Sets 7.417ms
[2026-09-06T17:01:15.979-0400][14.573s][info][gc,start    ] GC(12) Pause Cleanup
[2026-09-06T17:01:15.979-0400][14.573s][info][gc          ] GC(12) Pause Cleanup 196M->196M(1024M) 0.225ms
[2026-09-06T17:01:15.979-0400][14.573s][info][gc,cpu      ] GC(12) User=0.00s Sys=0.00s Real=0.00s
[2026-09-06T17:01:15.979-0400][14.573s][info][gc,marking  ] GC(12) Concurrent Cleanup for Next Mark
[2026-09-06T17:01:15.980-0400][14.574s][info][gc,marking  ] GC(12) Concurrent Cleanup for Next Mark 0.696ms
[2026-09-06T17:01:15.980-0400][14.574s][info][gc          ] GC(12) Concurrent Mark Cycle 36.228ms
[2026-09-06T17:01:18.902-0400][17.496s][info][gc,start    ] GC(13) Pause Young (Normal) (G1 Evacuation Pause)
[2026-09-06T17:01:18.902-0400][17.496s][info][gc,task     ] GC(13) Using 23 workers of 23 for evacuation
[2026-09-06T17:01:18.922-0400][17.516s][info][gc,phases   ] GC(13)   Pre Evacuate Collection Set: 0.11ms
[2026-09-06T17:01:18.922-0400][17.516s][info][gc,phases   ] GC(13)   Merge Heap Roots: 0.14ms
[2026-09-06T17:01:18.922-0400][17.516s][info][gc,phases   ] GC(13)   Evacuate Collection Set: 17.43ms
[2026-09-06T17:01:18.922-0400][17.516s][info][gc,phases   ] GC(13)   Post Evacuate Collection Set: 1.55ms
[2026-09-06T17:01:18.922-0400][17.516s][info][gc,phases   ] GC(13)   Other: 0.20ms
[2026-09-06T17:01:18.922-0400][17.516s][info][gc,heap     ] GC(13) Eden regions: 268->0(291)
[2026-09-06T17:01:18.922-0400][17.516s][info][gc,heap     ] GC(13) Survivor regions: 39->16(39)
[2026-09-06T17:01:18.922-0400][17.516s][info][gc,heap     ] GC(13) Old regions: 46->84
[2026-09-06T17:01:18.922-0400][17.516s][info][gc,heap     ] GC(13) Archive regions: 0->0
[2026-09-06T17:01:18.922-0400][17.516s][info][gc,heap     ] GC(13) Humongous regions: 11->11
[2026-09-06T17:01:18.922-0400][17.516s][info][gc,metaspace] GC(13) Metaspace: 87730K(89408K)->87730K(89408K) NonClass: 75053K(75968K)->75053K(75968K) Class: 12677K(13440K)->12677K(13440K)
[2026-09-06T17:01:18.922-0400][17.516s][info][gc          ] GC(13) Pause Young (Normal) (G1 Evacuation Pause) 727M->220M(1024M) 19.648ms
[2026-09-06T17:01:18.922-0400][17.516s][info][gc,cpu      ] GC(13) User=0.28s Sys=0.12s Real=0.02s
[2026-09-06T17:01:20.747-0400][19.341s][info][gc,start    ] GC(14) Pause Young (Normal) (GCLocker Initiated GC)
[2026-09-06T17:01:20.747-0400][19.341s][info][gc,task     ] GC(14) Using 23 workers of 23 for evacuation
[2026-09-06T17:01:20.758-0400][19.352s][info][gc,phases   ] GC(14)   Pre Evacuate Collection Set: 0.17ms
[2026-09-06T17:01:20.759-0400][19.352s][info][gc,phases   ] GC(14)   Merge Heap Roots: 0.14ms
[2026-09-06T17:01:20.759-0400][19.352s][info][gc,phases   ] GC(14)   Evacuate Collection Set: 9.50ms
[2026-09-06T17:01:20.759-0400][19.352s][info][gc,phases   ] GC(14)   Post Evacuate Collection Set: 1.33ms
[2026-09-06T17:01:20.759-0400][19.352s][info][gc,phases   ] GC(14)   Other: 0.18ms
[2026-09-06T17:01:20.759-0400][19.352s][info][gc,heap     ] GC(14) Eden regions: 291->0(280)
[2026-09-06T17:01:20.759-0400][19.352s][info][gc,heap     ] GC(14) Survivor regions: 16->27(39)
[2026-09-06T17:01:20.759-0400][19.352s][info][gc,heap     ] GC(14) Old regions: 84->84
[2026-09-06T17:01:20.759-0400][19.352s][info][gc,heap     ] GC(14) Archive regions: 0->0
[2026-09-06T17:01:20.759-0400][19.352s][info][gc,heap     ] GC(14) Humongous regions: 17->15
[2026-09-06T17:01:20.759-0400][19.352s][info][gc,metaspace] GC(14) Metaspace: 99272K(100928K)->99272K(100928K) NonClass: 84576K(85504K)->84576K(85504K) Class: 14696K(15424K)->14696K(15424K)
[2026-09-06T17:01:20.759-0400][19.353s][info][gc          ] GC(14) Pause Young (Normal) (GCLocker Initiated GC) 814M->250M(1024M) 11.545ms
[2026-09-06T17:01:20.759-0400][19.353s][info][gc,cpu      ] GC(14) User=0.22s Sys=0.16s Real=0.01s
[2026-09-06T17:01:20.833-0400][19.427s][info][gc,start    ] GC(15) Pause Young (Concurrent Start) (Metadata GC Threshold)
[2026-09-06T17:01:20.833-0400][19.427s][info][gc,task     ] GC(15) Using 23 workers of 23 for evacuation
[2026-09-06T17:01:20.843-0400][19.438s][info][gc,phases   ] GC(15)   Pre Evacuate Collection Set: 0.16ms
[2026-09-06T17:01:20.843-0400][19.438s][info][gc,phases   ] GC(15)   Merge Heap Roots: 0.14ms
[2026-09-06T17:01:20.843-0400][19.438s][info][gc,phases   ] GC(15)   Evacuate Collection Set: 9.70ms
[2026-09-06T17:01:20.843-0400][19.438s][info][gc,phases   ] GC(15)   Post Evacuate Collection Set: 0.85ms
[2026-09-06T17:01:20.843-0400][19.438s][info][gc,phases   ] GC(15)   Other: 0.22ms
[2026-09-06T17:01:20.843-0400][19.438s][info][gc,heap     ] GC(15) Eden regions: 74->0(272)
[2026-09-06T17:01:20.844-0400][19.438s][info][gc,heap     ] GC(15) Survivor regions: 27->18(39)
[2026-09-06T17:01:20.844-0400][19.438s][info][gc,heap     ] GC(15) Old regions: 84->97
[2026-09-06T17:01:20.844-0400][19.438s][info][gc,heap     ] GC(15) Archive regions: 0->0
[2026-09-06T17:01:20.844-0400][19.438s][info][gc,heap     ] GC(15) Humongous regions: 15->15
[2026-09-06T17:01:20.844-0400][19.438s][info][gc,metaspace] GC(15) Metaspace: 99761K(101376K)->99761K(101376K) NonClass: 84986K(85824K)->84986K(85824K) Class: 14775K(15552K)->14775K(15552K)
[2026-09-06T17:01:20.844-0400][19.438s][info][gc          ] GC(15) Pause Young (Concurrent Start) (Metadata GC Threshold) 396M->257M(1024M) 11.230ms
[2026-09-06T17:01:20.844-0400][19.438s][info][gc,cpu      ] GC(15) User=0.00s Sys=0.00s Real=0.01s
[2026-09-06T17:01:20.844-0400][19.438s][info][gc          ] GC(16) Concurrent Mark Cycle
[2026-09-06T17:01:20.844-0400][19.438s][info][gc,marking  ] GC(16) Concurrent Clear Claimed Marks
[2026-09-06T17:01:20.844-0400][19.438s][info][gc,marking  ] GC(16) Concurrent Clear Claimed Marks 0.072ms
[2026-09-06T17:01:20.844-0400][19.438s][info][gc,marking  ] GC(16) Concurrent Scan Root Regions
[2026-09-06T17:01:20.851-0400][19.445s][info][gc,marking  ] GC(16) Concurrent Scan Root Regions 6.912ms
[2026-09-06T17:01:20.851-0400][19.445s][info][gc,marking  ] GC(16) Concurrent Mark
[2026-09-06T17:01:20.851-0400][19.445s][info][gc,marking  ] GC(16) Concurrent Mark From Roots
[2026-09-06T17:01:20.851-0400][19.445s][info][gc,task     ] GC(16) Using 6 workers of 6 for marking
[2026-09-06T17:01:20.892-0400][19.486s][info][gc,marking  ] GC(16) Concurrent Mark From Roots 40.557ms
[2026-09-06T17:01:20.892-0400][19.486s][info][gc,marking  ] GC(16) Concurrent Preclean
[2026-09-06T17:01:20.892-0400][19.486s][info][gc,marking  ] GC(16) Concurrent Preclean 0.435ms
[2026-09-06T17:01:20.916-0400][19.510s][info][gc,start    ] GC(16) Pause Remark
[2026-09-06T17:01:20.923-0400][19.517s][info][gc          ] GC(16) Pause Remark 293M->293M(1024M) 6.626ms
[2026-09-06T17:01:20.923-0400][19.517s][info][gc,cpu      ] GC(16) User=0.00s Sys=0.00s Real=0.01s
[2026-09-06T17:01:20.923-0400][19.517s][info][gc,marking  ] GC(16) Concurrent Mark 71.765ms
[2026-09-06T17:01:20.923-0400][19.517s][info][gc,marking  ] GC(16) Concurrent Rebuild Remembered Sets
[2026-09-06T17:01:20.946-0400][19.540s][info][gc,marking  ] GC(16) Concurrent Rebuild Remembered Sets 22.899ms
[2026-09-06T17:01:20.963-0400][19.557s][info][gc,start    ] GC(16) Pause Cleanup
[2026-09-06T17:01:20.963-0400][19.557s][info][gc          ] GC(16) Pause Cleanup 297M->297M(1024M) 0.178ms
[2026-09-06T17:01:20.963-0400][19.558s][info][gc,cpu      ] GC(16) User=0.00s Sys=0.00s Real=0.00s
[2026-09-06T17:01:20.963-0400][19.558s][info][gc,marking  ] GC(16) Concurrent Cleanup for Next Mark
[2026-09-06T17:01:20.963-0400][19.558s][info][gc,marking  ] GC(16) Concurrent Cleanup for Next Mark 0.580ms
[2026-09-06T17:01:20.963-0400][19.558s][info][gc          ] GC(16) Concurrent Mark Cycle 119.906ms
[2026-09-06T17:01:21.853-0400][20.447s][info][gc,start    ] GC(17) Pause Young (Normal) (G1 Evacuation Pause)
[2026-09-06T17:01:21.853-0400][20.447s][info][gc,task     ] GC(17) Using 23 workers of 23 for evacuation
[2026-09-06T17:01:21.862-0400][20.456s][info][gc,phases   ] GC(17)   Pre Evacuate Collection Set: 0.12ms
[2026-09-06T17:01:21.862-0400][20.456s][info][gc,phases   ] GC(17)   Merge Heap Roots: 0.13ms
[2026-09-06T17:01:21.862-0400][20.456s][info][gc,phases   ] GC(17)   Evacuate Collection Set: 7.20ms
[2026-09-06T17:01:21.862-0400][20.456s][info][gc,phases   ] GC(17)   Post Evacuate Collection Set: 0.99ms
[2026-09-06T17:01:21.862-0400][20.456s][info][gc,phases   ] GC(17)   Other: 0.14ms
[2026-09-06T17:01:21.862-0400][20.456s][info][gc,heap     ] GC(17) Eden regions: 272->0(243)
[2026-09-06T17:01:21.862-0400][20.456s][info][gc,heap     ] GC(17) Survivor regions: 18->37(37)
[2026-09-06T17:01:21.862-0400][20.456s][info][gc,heap     ] GC(17) Old regions: 97->104
[2026-09-06T17:01:21.862-0400][20.456s][info][gc,heap     ] GC(17) Archive regions: 0->0
[2026-09-06T17:01:21.862-0400][20.456s][info][gc,heap     ] GC(17) Humongous regions: 21->15
[2026-09-06T17:01:21.862-0400][20.456s][info][gc,metaspace] GC(17) Metaspace: 103687K(105344K)->103687K(105344K) NonClass: 88379K(89280K)->88379K(89280K) Class: 15307K(16064K)->15307K(16064K)
[2026-09-06T17:01:21.862-0400][20.456s][info][gc          ] GC(17) Pause Young (Normal) (G1 Evacuation Pause) 813M->310M(1024M) 8.793ms
[2026-09-06T17:01:21.862-0400][20.456s][info][gc,cpu      ] GC(17) User=0.09s Sys=0.02s Real=0.01s
[2026-09-06T17:01:24.559-0400][23.153s][info][gc,start    ] GC(18) Pause Young (Normal) (G1 Evacuation Pause)
[2026-09-06T17:01:24.559-0400][23.153s][info][gc,task     ] GC(18) Using 23 workers of 23 for evacuation
[2026-09-06T17:01:24.577-0400][23.172s][info][gc,phases   ] GC(18)   Pre Evacuate Collection Set: 0.14ms
[2026-09-06T17:01:24.577-0400][23.172s][info][gc,phases   ] GC(18)   Merge Heap Roots: 0.14ms
[2026-09-06T17:01:24.577-0400][23.172s][info][gc,phases   ] GC(18)   Evacuate Collection Set: 17.62ms
[2026-09-06T17:01:24.577-0400][23.172s][info][gc,phases   ] GC(18)   Post Evacuate Collection Set: 0.91ms
[2026-09-06T17:01:24.577-0400][23.172s][info][gc,phases   ] GC(18)   Other: 0.13ms
[2026-09-06T17:01:24.577-0400][23.172s][info][gc,heap     ] GC(18) Eden regions: 243->0(211)
[2026-09-06T17:01:24.577-0400][23.172s][info][gc,heap     ] GC(18) Survivor regions: 37->34(35)
[2026-09-06T17:01:24.577-0400][23.172s][info][gc,heap     ] GC(18) Old regions: 104->141
[2026-09-06T17:01:24.577-0400][23.172s][info][gc,heap     ] GC(18) Archive regions: 0->0
[2026-09-06T17:01:24.578-0400][23.172s][info][gc,heap     ] GC(18) Humongous regions: 21->15
[2026-09-06T17:01:24.578-0400][23.172s][info][gc,metaspace] GC(18) Metaspace: 106000K(107712K)->106000K(107712K) NonClass: 90368K(91264K)->90368K(91264K) Class: 15631K(16448K)->15631K(16448K)
[2026-09-06T17:01:24.578-0400][23.172s][info][gc          ] GC(18) Pause Young (Normal) (G1 Evacuation Pause) 808M->377M(1024M) 19.073ms
[2026-09-06T17:01:24.578-0400][23.172s][info][gc,cpu      ] GC(18) User=0.27s Sys=0.09s Real=0.02s
[2026-09-06T17:07:09.191-0400][367.783s][info][gc,start    ] GC(19) Pause Young (Normal) (G1 Evacuation Pause)
[2026-09-06T17:07:09.191-0400][367.783s][info][gc,task     ] GC(19) Using 23 workers of 23 for evacuation
[2026-09-06T17:07:09.200-0400][367.792s][info][gc,phases   ] GC(19)   Pre Evacuate Collection Set: 0.16ms
[2026-09-06T17:07:09.200-0400][367.792s][info][gc,phases   ] GC(19)   Merge Heap Roots: 0.15ms
[2026-09-06T17:07:09.200-0400][367.792s][info][gc,phases   ] GC(19)   Evacuate Collection Set: 7.87ms
[2026-09-06T17:07:09.200-0400][367.792s][info][gc,phases   ] GC(19)   Post Evacuate Collection Set: 0.68ms
[2026-09-06T17:07:09.200-0400][367.792s][info][gc,phases   ] GC(19)   Other: 0.13ms
[2026-09-06T17:07:09.200-0400][367.792s][info][gc,heap     ] GC(19) Eden regions: 211->0(213)
[2026-09-06T17:07:09.200-0400][367.792s][info][gc,heap     ] GC(19) Survivor regions: 34->8(31)
[2026-09-06T17:07:09.200-0400][367.792s][info][gc,heap     ] GC(19) Old regions: 141->174
[2026-09-06T17:07:09.200-0400][367.792s][info][gc,heap     ] GC(19) Archive regions: 0->0
[2026-09-06T17:07:09.200-0400][367.792s][info][gc,heap     ] GC(19) Humongous regions: 15->15
[2026-09-06T17:07:09.200-0400][367.792s][info][gc,metaspace] GC(19) Metaspace: 109252K(110976K)->109252K(110976K) NonClass: 93128K(94080K)->93128K(94080K) Class: 16124K(16896K)->16124K(16896K)
[2026-09-06T17:07:09.200-0400][367.792s][info][gc          ] GC(19) Pause Young (Normal) (G1 Evacuation Pause) 799M->392M(1024M) 9.179ms
[2026-09-06T17:07:09.200-0400][367.792s][info][gc,cpu      ] GC(19) User=0.08s Sys=0.06s Real=0.01s
[2026-09-06T17:07:10.067-0400][368.660s][info][gc,start    ] GC(20) Pause Young (Normal) (G1 Evacuation Pause)
[2026-09-06T17:07:10.067-0400][368.660s][info][gc,task     ] GC(20) Using 23 workers of 23 for evacuation
[2026-09-06T17:07:10.073-0400][368.665s][info][gc,phases   ] GC(20)   Pre Evacuate Collection Set: 0.11ms
[2026-09-06T17:07:10.073-0400][368.665s][info][gc,phases   ] GC(20)   Merge Heap Roots: 0.11ms
[2026-09-06T17:07:10.073-0400][368.665s][info][gc,phases   ] GC(20)   Evacuate Collection Set: 3.55ms
[2026-09-06T17:07:10.073-0400][368.665s][info][gc,phases   ] GC(20)   Post Evacuate Collection Set: 0.70ms
[2026-09-06T17:07:10.073-0400][368.665s][info][gc,phases   ] GC(20)   Other: 0.13ms
[2026-09-06T17:07:10.073-0400][368.665s][info][gc,heap     ] GC(20) Eden regions: 213->0(211)
[2026-09-06T17:07:10.073-0400][368.665s][info][gc,heap     ] GC(20) Survivor regions: 8->14(28)
[2026-09-06T17:07:10.073-0400][368.665s][info][gc,heap     ] GC(20) Old regions: 174->174
[2026-09-06T17:07:10.073-0400][368.665s][info][gc,heap     ] GC(20) Archive regions: 0->0
[2026-09-06T17:07:10.073-0400][368.665s][info][gc,heap     ] GC(20) Humongous regions: 15->15
[2026-09-06T17:07:10.073-0400][368.665s][info][gc,metaspace] GC(20) Metaspace: 114605K(116288K)->114605K(116288K) NonClass: 97518K(98432K)->97518K(98432K) Class: 17086K(17856K)->17086K(17856K)
[2026-09-06T17:07:10.073-0400][368.665s][info][gc          ] GC(20) Pause Young (Normal) (G1 Evacuation Pause) 818M->406M(1024M) 4.777ms
[2026-09-06T17:07:10.073-0400][368.665s][info][gc,cpu      ] GC(20) User=0.00s Sys=0.00s Real=0.01s
[2026-09-06T17:07:11.335-0400][369.927s][info][gc,start    ] GC(21) Pause Young (Normal) (G1 Evacuation Pause)
[2026-09-06T17:07:11.335-0400][369.927s][info][gc,task     ] GC(21) Using 23 workers of 23 for evacuation
[2026-09-06T17:07:11.340-0400][369.933s][info][gc,phases   ] GC(21)   Pre Evacuate Collection Set: 0.10ms
[2026-09-06T17:07:11.340-0400][369.933s][info][gc,phases   ] GC(21)   Merge Heap Roots: 0.11ms
[2026-09-06T17:07:11.340-0400][369.933s][info][gc,phases   ] GC(21)   Evacuate Collection Set: 4.99ms
[2026-09-06T17:07:11.340-0400][369.933s][info][gc,phases   ] GC(21)   Post Evacuate Collection Set: 0.74ms
[2026-09-06T17:07:11.340-0400][369.933s][info][gc,phases   ] GC(21)   Other: 0.14ms
[2026-09-06T17:07:11.340-0400][369.933s][info][gc,heap     ] GC(21) Eden regions: 211->0(213)
[2026-09-06T17:07:11.340-0400][369.933s][info][gc,heap     ] GC(21) Survivor regions: 14->17(29)
[2026-09-06T17:07:11.340-0400][369.933s][info][gc,heap     ] GC(21) Old regions: 174->174
[2026-09-06T17:07:11.340-0400][369.933s][info][gc,heap     ] GC(21) Archive regions: 0->0
[2026-09-06T17:07:11.340-0400][369.933s][info][gc,heap     ] GC(21) Humongous regions: 15->15
[2026-09-06T17:07:11.340-0400][369.933s][info][gc,metaspace] GC(21) Metaspace: 120197K(121920K)->120197K(121920K) NonClass: 102418K(103360K)->102418K(103360K) Class: 17779K(18560K)->17779K(18560K)
[2026-09-06T17:07:11.340-0400][369.933s][info][gc          ] GC(21) Pause Young (Normal) (G1 Evacuation Pause) 828M->410M(1024M) 6.237ms
[2026-09-06T17:07:11.340-0400][369.933s][info][gc,cpu      ] GC(21) User=0.00s Sys=0.00s Real=0.00s
[2026-09-06T17:07:12.845-0400][371.437s][info][gc,start    ] GC(22) Pause Young (Normal) (G1 Evacuation Pause)
[2026-09-06T17:07:12.845-0400][371.437s][info][gc,task     ] GC(22) Using 23 workers of 23 for evacuation
[2026-09-06T17:07:12.853-0400][371.446s][info][gc,phases   ] GC(22)   Pre Evacuate Collection Set: 0.14ms
[2026-09-06T17:07:12.854-0400][371.446s][info][gc,phases   ] GC(22)   Merge Heap Roots: 0.18ms
[2026-09-06T17:07:12.854-0400][371.446s][info][gc,phases   ] GC(22)   Evacuate Collection Set: 7.71ms
[2026-09-06T17:07:12.854-0400][371.446s][info][gc,phases   ] GC(22)   Post Evacuate Collection Set: 0.93ms
[2026-09-06T17:07:12.854-0400][371.446s][info][gc,phases   ] GC(22)   Other: 0.14ms
[2026-09-06T17:07:12.854-0400][371.446s][info][gc,heap     ] GC(22) Eden regions: 213->0(204)
[2026-09-06T17:07:12.854-0400][371.446s][info][gc,heap     ] GC(22) Survivor regions: 17->24(29)
[2026-09-06T17:07:12.854-0400][371.446s][info][gc,heap     ] GC(22) Old regions: 174->178
[2026-09-06T17:07:12.854-0400][371.446s][info][gc,heap     ] GC(22) Archive regions: 0->0
[2026-09-06T17:07:12.854-0400][371.446s][info][gc,heap     ] GC(22) Humongous regions: 15->15
[2026-09-06T17:07:12.854-0400][371.446s][info][gc,metaspace] GC(22) Metaspace: 122324K(124160K)->122324K(124160K) NonClass: 104242K(105216K)->104242K(105216K) Class: 18081K(18944K)->18081K(18944K)
[2026-09-06T17:07:12.854-0400][371.446s][info][gc          ] GC(22) Pause Young (Normal) (G1 Evacuation Pause) 836M->431M(1024M) 9.414ms
[2026-09-06T17:07:12.854-0400][371.446s][info][gc,cpu      ] GC(22) User=0.33s Sys=0.03s Real=0.01s
[2026-09-06T17:07:13.275-0400][371.867s][info][gc,start    ] GC(23) Pause Young (Normal) (G1 Evacuation Pause)
[2026-09-06T17:07:13.275-0400][371.867s][info][gc,task     ] GC(23) Using 23 workers of 23 for evacuation
[2026-09-06T17:07:13.282-0400][371.874s][info][gc,phases   ] GC(23)   Pre Evacuate Collection Set: 0.13ms
[2026-09-06T17:07:13.282-0400][371.874s][info][gc,phases   ] GC(23)   Merge Heap Roots: 0.13ms
[2026-09-06T17:07:13.282-0400][371.874s][info][gc,phases   ] GC(23)   Evacuate Collection Set: 5.73ms
[2026-09-06T17:07:13.282-0400][371.874s][info][gc,phases   ] GC(23)   Post Evacuate Collection Set: 0.54ms
[2026-09-06T17:07:13.282-0400][371.874s][info][gc,phases   ] GC(23)   Other: 0.15ms
[2026-09-06T17:07:13.282-0400][371.874s][info][gc,heap     ] GC(23) Eden regions: 204->0(211)
[2026-09-06T17:07:13.282-0400][371.874s][info][gc,heap     ] GC(23) Survivor regions: 24->11(29)
[2026-09-06T17:07:13.282-0400][371.874s][info][gc,heap     ] GC(23) Old regions: 178->190
[2026-09-06T17:07:13.282-0400][371.874s][info][gc,heap     ] GC(23) Archive regions: 0->0
[2026-09-06T17:07:13.282-0400][371.874s][info][gc,heap     ] GC(23) Humongous regions: 15->15
[2026-09-06T17:07:13.282-0400][371.874s][info][gc,metaspace] GC(23) Metaspace: 122769K(124608K)->122769K(124608K) NonClass: 104634K(105664K)->104634K(105664K) Class: 18135K(18944K)->18135K(18944K)
[2026-09-06T17:07:13.282-0400][371.874s][info][gc          ] GC(23) Pause Young (Normal) (G1 Evacuation Pause) 839M->430M(1024M) 6.798ms
[2026-09-06T17:07:13.282-0400][371.874s][info][gc,cpu      ] GC(23) User=0.00s Sys=0.00s Real=0.01s
[2026-09-06T17:07:13.378-0400][371.970s][info][gc,start    ] GC(24) Pause Young (Normal) (G1 Evacuation Pause)
[2026-09-06T17:07:13.378-0400][371.970s][info][gc,task     ] GC(24) Using 23 workers of 23 for evacuation
[2026-09-06T17:07:13.381-0400][371.973s][info][gc,phases   ] GC(24)   Pre Evacuate Collection Set: 0.10ms
[2026-09-06T17:07:13.381-0400][371.973s][info][gc,phases   ] GC(24)   Merge Heap Roots: 0.11ms
[2026-09-06T17:07:13.381-0400][371.973s][info][gc,phases   ] GC(24)   Evacuate Collection Set: 2.88ms
[2026-09-06T17:07:13.381-0400][371.973s][info][gc,phases   ] GC(24)   Post Evacuate Collection Set: 0.58ms
[2026-09-06T17:07:13.381-0400][371.973s][info][gc,phases   ] GC(24)   Other: 0.15ms
[2026-09-06T17:07:13.381-0400][371.973s][info][gc,heap     ] GC(24) Eden regions: 211->0(214)
[2026-09-06T17:07:13.381-0400][371.973s][info][gc,heap     ] GC(24) Survivor regions: 11->13(28)
[2026-09-06T17:07:13.381-0400][371.973s][info][gc,heap     ] GC(24) Old regions: 190->190
[2026-09-06T17:07:13.381-0400][371.973s][info][gc,heap     ] GC(24) Archive regions: 0->0
[2026-09-06T17:07:13.381-0400][371.973s][info][gc,heap     ] GC(24) Humongous regions: 15->15
[2026-09-06T17:07:13.381-0400][371.973s][info][gc,metaspace] GC(24) Metaspace: 122818K(124736K)->122818K(124736K) NonClass: 104677K(105728K)->104677K(105728K) Class: 18141K(19008K)->18141K(19008K)
[2026-09-06T17:07:13.381-0400][371.973s][info][gc          ] GC(24) Pause Young (Normal) (G1 Evacuation Pause) 852M->433M(1024M) 3.946ms
[2026-09-06T17:07:13.381-0400][371.974s][info][gc,cpu      ] GC(24) User=0.33s Sys=0.05s Real=0.00s
[2026-09-06T17:07:13.758-0400][372.350s][info][gc,start    ] GC(25) Pause Young (Normal) (G1 Evacuation Pause)
[2026-09-06T17:07:13.758-0400][372.350s][info][gc,task     ] GC(25) Using 23 workers of 23 for evacuation
[2026-09-06T17:07:13.762-0400][372.354s][info][gc,phases   ] GC(25)   Pre Evacuate Collection Set: 0.13ms
[2026-09-06T17:07:13.762-0400][372.354s][info][gc,phases   ] GC(25)   Merge Heap Roots: 0.18ms
[2026-09-06T17:07:13.762-0400][372.354s][info][gc,phases   ] GC(25)   Evacuate Collection Set: 2.33ms
[2026-09-06T17:07:13.762-0400][372.354s][info][gc,phases   ] GC(25)   Post Evacuate Collection Set: 0.47ms
[2026-09-06T17:07:13.762-0400][372.354s][info][gc,phases   ] GC(25)   Other: 0.19ms
[2026-09-06T17:07:13.762-0400][372.354s][info][gc,heap     ] GC(25) Eden regions: 214->0(220)
[2026-09-06T17:07:13.762-0400][372.354s][info][gc,heap     ] GC(25) Survivor regions: 13->11(29)
[2026-09-06T17:07:13.762-0400][372.354s][info][gc,heap     ] GC(25) Old regions: 190->190
[2026-09-06T17:07:13.762-0400][372.354s][info][gc,heap     ] GC(25) Archive regions: 0->0
[2026-09-06T17:07:13.762-0400][372.354s][info][gc,heap     ] GC(25) Humongous regions: 15->15
[2026-09-06T17:07:13.762-0400][372.354s][info][gc,metaspace] GC(25) Metaspace: 123150K(124992K)->123150K(124992K) NonClass: 104977K(105984K)->104977K(105984K) Class: 18173K(19008K)->18173K(19008K)
[2026-09-06T17:07:13.762-0400][372.354s][info][gc          ] GC(25) Pause Young (Normal) (G1 Evacuation Pause) 861M->431M(1024M) 3.406ms
[2026-09-06T17:07:13.762-0400][372.354s][info][gc,cpu      ] GC(25) User=0.00s Sys=0.00s Real=0.00s
[2026-09-06T17:07:14.133-0400][372.726s][info][gc,start    ] GC(26) Pause Young (Normal) (G1 Evacuation Pause)
[2026-09-06T17:07:14.133-0400][372.726s][info][gc,task     ] GC(26) Using 23 workers of 23 for evacuation
[2026-09-06T17:07:14.137-0400][372.729s][info][gc,phases   ] GC(26)   Pre Evacuate Collection Set: 0.12ms
[2026-09-06T17:07:14.137-0400][372.729s][info][gc,phases   ] GC(26)   Merge Heap Roots: 0.13ms
[2026-09-06T17:07:14.137-0400][372.729s][info][gc,phases   ] GC(26)   Evacuate Collection Set: 2.56ms
[2026-09-06T17:07:14.137-0400][372.729s][info][gc,phases   ] GC(26)   Post Evacuate Collection Set: 0.78ms
[2026-09-06T17:07:14.137-0400][372.729s][info][gc,phases   ] GC(26)   Other: 0.16ms
[2026-09-06T17:07:14.137-0400][372.729s][info][gc,heap     ] GC(26) Eden regions: 220->0(223)
[2026-09-06T17:07:14.137-0400][372.729s][info][gc,heap     ] GC(26) Survivor regions: 11->12(29)
[2026-09-06T17:07:14.137-0400][372.729s][info][gc,heap     ] GC(26) Old regions: 190->190
[2026-09-06T17:07:14.137-0400][372.729s][info][gc,heap     ] GC(26) Archive regions: 0->0
[2026-09-06T17:07:14.137-0400][372.729s][info][gc,heap     ] GC(26) Humongous regions: 15->15
[2026-09-06T17:07:14.137-0400][372.729s][info][gc,metaspace] GC(26) Metaspace: 123683K(125568K)->123683K(125568K) NonClass: 105438K(106496K)->105438K(106496K) Class: 18245K(19072K)->18245K(19072K)
[2026-09-06T17:07:14.137-0400][372.729s][info][gc          ] GC(26) Pause Young (Normal) (G1 Evacuation Pause) 871M->432M(1024M) 3.867ms
[2026-09-06T17:07:14.137-0400][372.730s][info][gc,cpu      ] GC(26) User=0.00s Sys=0.00s Real=0.00s
[2026-09-06T17:07:14.198-0400][372.790s][info][gc,start    ] GC(27) Pause Young (Normal) (G1 Evacuation Pause)
[2026-09-06T17:07:14.198-0400][372.790s][info][gc,task     ] GC(27) Using 23 workers of 23 for evacuation
[2026-09-06T17:07:14.202-0400][372.794s][info][gc,phases   ] GC(27)   Pre Evacuate Collection Set: 0.12ms
[2026-09-06T17:07:14.202-0400][372.794s][info][gc,phases   ] GC(27)   Merge Heap Roots: 0.10ms
[2026-09-06T17:07:14.202-0400][372.794s][info][gc,phases   ] GC(27)   Evacuate Collection Set: 2.57ms
[2026-09-06T17:07:14.202-0400][372.794s][info][gc,phases   ] GC(27)   Post Evacuate Collection Set: 0.58ms
[2026-09-06T17:07:14.202-0400][372.794s][info][gc,phases   ] GC(27)   Other: 0.14ms
[2026-09-06T17:07:14.202-0400][372.794s][info][gc,heap     ] GC(27) Eden regions: 223->0(225)
[2026-09-06T17:07:14.202-0400][372.794s][info][gc,heap     ] GC(27) Survivor regions: 12->13(30)
[2026-09-06T17:07:14.202-0400][372.794s][info][gc,heap     ] GC(27) Old regions: 190->190
[2026-09-06T17:07:14.202-0400][372.794s][info][gc,heap     ] GC(27) Archive regions: 0->0
[2026-09-06T17:07:14.202-0400][372.794s][info][gc,heap     ] GC(27) Humongous regions: 15->15
[2026-09-06T17:07:14.202-0400][372.794s][info][gc,metaspace] GC(27) Metaspace: 123686K(125568K)->123686K(125568K) NonClass: 105440K(106496K)->105440K(106496K) Class: 18245K(19072K)->18245K(19072K)
[2026-09-06T17:07:14.202-0400][372.794s][info][gc          ] GC(27) Pause Young (Normal) (G1 Evacuation Pause) 878M->434M(1024M) 3.647ms
[2026-09-06T17:07:14.202-0400][372.794s][info][gc,cpu      ] GC(27) User=0.00s Sys=0.00s Real=0.00s
[2026-09-06T17:07:14.833-0400][373.425s][info][gc,start    ] GC(28) Pause Young (Normal) (G1 Evacuation Pause)
[2026-09-06T17:07:14.833-0400][373.425s][info][gc,task     ] GC(28) Using 23 workers of 23 for evacuation
[2026-09-06T17:07:14.854-0400][373.446s][info][gc,phases   ] GC(28)   Pre Evacuate Collection Set: 0.13ms
[2026-09-06T17:07:14.854-0400][373.446s][info][gc,phases   ] GC(28)   Merge Heap Roots: 0.12ms
[2026-09-06T17:07:14.854-0400][373.446s][info][gc,phases   ] GC(28)   Evacuate Collection Set: 20.52ms
[2026-09-06T17:07:14.854-0400][373.446s][info][gc,phases   ] GC(28)   Post Evacuate Collection Set: 0.60ms
[2026-09-06T17:07:14.854-0400][373.446s][info][gc,phases   ] GC(28)   Other: 0.16ms
[2026-09-06T17:07:14.854-0400][373.446s][info][gc,heap     ] GC(28) Eden regions: 225->0(155)
[2026-09-06T17:07:14.854-0400][373.446s][info][gc,heap     ] GC(28) Survivor regions: 13->30(30)
[2026-09-06T17:07:14.854-0400][373.447s][info][gc,heap     ] GC(28) Old regions: 190->209
[2026-09-06T17:07:14.854-0400][373.447s][info][gc,heap     ] GC(28) Archive regions: 0->0
[2026-09-06T17:07:14.854-0400][373.447s][info][gc,heap     ] GC(28) Humongous regions: 15->15
[2026-09-06T17:07:14.854-0400][373.447s][info][gc,metaspace] GC(28) Metaspace: 124291K(126208K)->124291K(126208K) NonClass: 105965K(107008K)->105965K(107008K) Class: 18325K(19200K)->18325K(19200K)
[2026-09-06T17:07:14.854-0400][373.447s][info][gc          ] GC(28) Pause Young (Normal) (G1 Evacuation Pause) 884M->507M(1024M) 21.664ms
[2026-09-06T17:07:14.854-0400][373.447s][info][gc,cpu      ] GC(28) User=0.34s Sys=0.03s Real=0.02s
[2026-09-06T17:07:15.061-0400][373.654s][info][gc,start    ] GC(29) Pause Young (Normal) (G1 Evacuation Pause)
[2026-09-06T17:07:15.061-0400][373.654s][info][gc,task     ] GC(29) Using 23 workers of 23 for evacuation
[2026-09-06T17:07:15.100-0400][373.692s][info][gc,phases   ] GC(29)   Pre Evacuate Collection Set: 0.14ms
[2026-09-06T17:07:15.100-0400][373.692s][info][gc,phases   ] GC(29)   Merge Heap Roots: 0.29ms
[2026-09-06T17:07:15.100-0400][373.692s][info][gc,phases   ] GC(29)   Evacuate Collection Set: 36.88ms
[2026-09-06T17:07:15.100-0400][373.692s][info][gc,phases   ] GC(29)   Post Evacuate Collection Set: 0.70ms
[2026-09-06T17:07:15.100-0400][373.692s][info][gc,phases   ] GC(29)   Other: 0.19ms
[2026-09-06T17:07:15.100-0400][373.692s][info][gc,heap     ] GC(29) Eden regions: 155->0(72)
[2026-09-06T17:07:15.100-0400][373.692s][info][gc,heap     ] GC(29) Survivor regions: 30->24(24)
[2026-09-06T17:07:15.100-0400][373.692s][info][gc,heap     ] GC(29) Old regions: 209->291
[2026-09-06T17:07:15.100-0400][373.692s][info][gc,heap     ] GC(29) Archive regions: 0->0
[2026-09-06T17:07:15.100-0400][373.692s][info][gc,heap     ] GC(29) Humongous regions: 15->15
[2026-09-06T17:07:15.100-0400][373.692s][info][gc,metaspace] GC(29) Metaspace: 124317K(126208K)->124317K(126208K) NonClass: 105990K(107008K)->105990K(107008K) Class: 18326K(19200K)->18326K(19200K)
[2026-09-06T17:07:15.101-0400][373.692s][info][gc          ] GC(29) Pause Young (Normal) (G1 Evacuation Pause) 817M->658M(1030M) 38.314ms
[2026-09-06T17:07:15.101-0400][373.692s][info][gc,cpu      ] GC(29) User=1.11s Sys=0.05s Real=0.04s
[2026-09-06T17:07:15.121-0400][373.713s][info][gc,start    ] GC(30) Pause Young (Concurrent Start) (G1 Evacuation Pause)
[2026-09-06T17:07:15.121-0400][373.713s][info][gc,task     ] GC(30) Using 23 workers of 23 for evacuation
[2026-09-06T17:07:15.131-0400][373.723s][info][gc,phases   ] GC(30)   Pre Evacuate Collection Set: 0.31ms
[2026-09-06T17:07:15.132-0400][373.723s][info][gc,phases   ] GC(30)   Merge Heap Roots: 0.24ms
[2026-09-06T17:07:15.132-0400][373.723s][info][gc,phases   ] GC(30)   Evacuate Collection Set: 9.08ms
[2026-09-06T17:07:15.132-0400][373.723s][info][gc,phases   ] GC(30)   Post Evacuate Collection Set: 0.47ms
[2026-09-06T17:07:15.132-0400][373.723s][info][gc,phases   ] GC(30)   Other: 0.29ms
[2026-09-06T17:07:15.132-0400][373.723s][info][gc,heap     ] GC(30) Eden regions: 72->0(73)
[2026-09-06T17:07:15.132-0400][373.723s][info][gc,heap     ] GC(30) Survivor regions: 24->5(12)
[2026-09-06T17:07:15.132-0400][373.723s][info][gc,heap     ] GC(30) Old regions: 291->320
[2026-09-06T17:07:15.132-0400][373.723s][info][gc,heap     ] GC(30) Archive regions: 0->0
[2026-09-06T17:07:15.132-0400][373.723s][info][gc,heap     ] GC(30) Humongous regions: 15->15
[2026-09-06T17:07:15.132-0400][373.723s][info][gc,metaspace] GC(30) Metaspace: 124318K(126208K)->124318K(126208K) NonClass: 105991K(107008K)->105991K(107008K) Class: 18326K(19200K)->18326K(19200K)
[2026-09-06T17:07:15.132-0400][373.723s][info][gc          ] GC(30) Pause Young (Concurrent Start) (G1 Evacuation Pause) 802M->678M(1030M) 10.520ms
[2026-09-06T17:07:15.132-0400][373.723s][info][gc,cpu      ] GC(30) User=0.39s Sys=0.00s Real=0.01s
[2026-09-06T17:07:15.132-0400][373.723s][info][gc          ] GC(31) Concurrent Mark Cycle
[2026-09-06T17:07:15.132-0400][373.724s][info][gc,marking  ] GC(31) Concurrent Clear Claimed Marks
[2026-09-06T17:07:15.132-0400][373.724s][info][gc,marking  ] GC(31) Concurrent Clear Claimed Marks 0.130ms
[2026-09-06T17:07:15.132-0400][373.724s][info][gc,marking  ] GC(31) Concurrent Scan Root Regions
[2026-09-06T17:07:15.139-0400][373.731s][info][gc,marking  ] GC(31) Concurrent Scan Root Regions 6.853ms
[2026-09-06T17:07:15.139-0400][373.731s][info][gc,marking  ] GC(31) Concurrent Mark
[2026-09-06T17:07:15.139-0400][373.731s][info][gc,marking  ] GC(31) Concurrent Mark From Roots
[2026-09-06T17:07:15.139-0400][373.731s][info][gc,task     ] GC(31) Using 6 workers of 6 for marking
[2026-09-06T17:07:15.151-0400][373.743s][info][gc,start    ] GC(32) Pause Young (Normal) (G1 Evacuation Pause)
[2026-09-06T17:07:15.151-0400][373.743s][info][gc,task     ] GC(32) Using 23 workers of 23 for evacuation
[2026-09-06T17:07:15.152-0400][373.745s][info][gc,phases   ] GC(32)   Pre Evacuate Collection Set: 0.12ms
[2026-09-06T17:07:15.152-0400][373.745s][info][gc,phases   ] GC(32)   Merge Heap Roots: 0.21ms
[2026-09-06T17:07:15.152-0400][373.745s][info][gc,phases   ] GC(32)   Evacuate Collection Set: 0.93ms
[2026-09-06T17:07:15.152-0400][373.745s][info][gc,phases   ] GC(32)   Post Evacuate Collection Set: 0.29ms
[2026-09-06T17:07:15.152-0400][373.745s][info][gc,phases   ] GC(32)   Other: 0.15ms
[2026-09-06T17:07:15.152-0400][373.745s][info][gc,heap     ] GC(32) Eden regions: 73->0(81)
[2026-09-06T17:07:15.152-0400][373.745s][info][gc,heap     ] GC(32) Survivor regions: 5->2(10)
[2026-09-06T17:07:15.152-0400][373.745s][info][gc,heap     ] GC(32) Old regions: 320->320
[2026-09-06T17:07:15.152-0400][373.745s][info][gc,heap     ] GC(32) Archive regions: 0->0
[2026-09-06T17:07:15.152-0400][373.745s][info][gc,heap     ] GC(32) Humongous regions: 15->15
[2026-09-06T17:07:15.152-0400][373.745s][info][gc,metaspace] GC(32) Metaspace: 124318K(126208K)->124318K(126208K) NonClass: 105991K(107008K)->105991K(107008K) Class: 18326K(19200K)->18326K(19200K)
[2026-09-06T17:07:15.152-0400][373.745s][info][gc          ] GC(32) Pause Young (Normal) (G1 Evacuation Pause) 824M->672M(1030M) 1.829ms
[2026-09-06T17:07:15.152-0400][373.745s][info][gc,cpu      ] GC(32) User=0.00s Sys=0.00s Real=0.00s
[2026-09-06T17:07:15.175-0400][373.768s][info][gc,start    ] GC(33) Pause Young (Normal) (G1 Evacuation Pause)
[2026-09-06T17:07:15.175-0400][373.768s][info][gc,task     ] GC(33) Using 23 workers of 23 for evacuation
[2026-09-06T17:07:15.179-0400][373.771s][info][gc,phases   ] GC(33)   Pre Evacuate Collection Set: 0.11ms
[2026-09-06T17:07:15.179-0400][373.771s][info][gc,phases   ] GC(33)   Merge Heap Roots: 0.07ms
[2026-09-06T17:07:15.179-0400][373.771s][info][gc,phases   ] GC(33)   Evacuate Collection Set: 0.94ms
[2026-09-06T17:07:15.179-0400][373.771s][info][gc,phases   ] GC(33)   Post Evacuate Collection Set: 1.84ms
[2026-09-06T17:07:15.179-0400][373.771s][info][gc,phases   ] GC(33)   Other: 0.17ms
[2026-09-06T17:07:15.179-0400][373.771s][info][gc,heap     ] GC(33) Eden regions: 81->0(283)
[2026-09-06T17:07:15.179-0400][373.771s][info][gc,heap     ] GC(33) Survivor regions: 2->2(11)
[2026-09-06T17:07:15.179-0400][373.771s][info][gc,heap     ] GC(33) Old regions: 320->320
[2026-09-06T17:07:15.179-0400][373.771s][info][gc,heap     ] GC(33) Archive regions: 0->0
[2026-09-06T17:07:15.179-0400][373.771s][info][gc,heap     ] GC(33) Humongous regions: 15->15
[2026-09-06T17:07:15.179-0400][373.771s][info][gc,metaspace] GC(33) Metaspace: 124318K(126208K)->124318K(126208K) NonClass: 105991K(107008K)->105991K(107008K) Class: 18326K(19200K)->18326K(19200K)
[2026-09-06T17:07:15.179-0400][373.771s][info][gc          ] GC(33) Pause Young (Normal) (G1 Evacuation Pause) 834M->672M(1644M) 3.331ms
[2026-09-06T17:07:15.179-0400][373.771s][info][gc,cpu      ] GC(33) User=0.06s Sys=0.02s Real=0.00s
[2026-09-06T17:07:15.323-0400][373.915s][info][gc,marking  ] GC(31) Concurrent Mark From Roots 184.440ms
[2026-09-06T17:07:15.323-0400][373.915s][info][gc,marking  ] GC(31) Concurrent Preclean
[2026-09-06T17:07:15.324-0400][373.916s][info][gc,marking  ] GC(31) Concurrent Preclean 0.458ms
[2026-09-06T17:07:15.324-0400][373.916s][info][gc,start    ] GC(31) Pause Remark
[2026-09-06T17:07:15.343-0400][373.934s][info][gc          ] GC(31) Pause Remark 1197M->1197M(2000M) 18.474ms
[2026-09-06T17:07:15.343-0400][373.934s][info][gc,cpu      ] GC(31) User=0.09s Sys=0.02s Real=0.02s
[2026-09-06T17:07:15.343-0400][373.934s][info][gc,marking  ] GC(31) Concurrent Mark 203.835ms
[2026-09-06T17:07:15.343-0400][373.934s][info][gc,marking  ] GC(31) Concurrent Rebuild Remembered Sets
[2026-09-06T17:07:15.447-0400][374.039s][info][gc,start    ] GC(34) Pause Young (Normal) (G1 Evacuation Pause)
[2026-09-06T17:07:15.447-0400][374.039s][info][gc,task     ] GC(34) Using 23 workers of 23 for evacuation
[2026-09-06T17:07:15.450-0400][374.043s][info][gc,phases   ] GC(34)   Pre Evacuate Collection Set: 0.17ms
[2026-09-06T17:07:15.450-0400][374.043s][info][gc,phases   ] GC(34)   Merge Heap Roots: 0.14ms
[2026-09-06T17:07:15.450-0400][374.043s][info][gc,phases   ] GC(34)   Evacuate Collection Set: 2.86ms
[2026-09-06T17:07:15.450-0400][374.043s][info][gc,phases   ] GC(34)   Post Evacuate Collection Set: 0.53ms
[2026-09-06T17:07:15.450-0400][374.043s][info][gc,phases   ] GC(34)   Other: 0.23ms
[2026-09-06T17:07:15.450-0400][374.043s][info][gc,heap     ] GC(34) Eden regions: 283->0(416)
[2026-09-06T17:07:15.450-0400][374.043s][info][gc,heap     ] GC(34) Survivor regions: 2->3(36)
[2026-09-06T17:07:15.450-0400][374.043s][info][gc,heap     ] GC(34) Old regions: 320->320
[2026-09-06T17:07:15.450-0400][374.043s][info][gc,heap     ] GC(34) Archive regions: 0->0
[2026-09-06T17:07:15.450-0400][374.043s][info][gc,heap     ] GC(34) Humongous regions: 15->15
[2026-09-06T17:07:15.450-0400][374.043s][info][gc,metaspace] GC(34) Metaspace: 124197K(126208K)->124197K(126208K) NonClass: 105909K(107008K)->105909K(107008K) Class: 18288K(19200K)->18288K(19200K)
[2026-09-06T17:07:15.450-0400][374.043s][info][gc          ] GC(34) Pause Young (Normal) (G1 Evacuation Pause) 1238M->674M(2000M) 4.064ms
[2026-09-06T17:07:15.450-0400][374.043s][info][gc,cpu      ] GC(34) User=0.00s Sys=0.00s Real=0.00s
[2026-09-06T17:07:15.521-0400][374.114s][info][gc,marking  ] GC(31) Concurrent Rebuild Remembered Sets 179.387ms
[2026-09-06T17:07:15.521-0400][374.114s][info][gc,start    ] GC(31) Pause Cleanup
[2026-09-06T17:07:15.522-0400][374.114s][info][gc          ] GC(31) Pause Cleanup 942M->942M(2000M) 0.269ms
[2026-09-06T17:07:15.522-0400][374.114s][info][gc,cpu      ] GC(31) User=0.00s Sys=0.00s Real=0.00s
[2026-09-06T17:07:15.522-0400][374.114s][info][gc,marking  ] GC(31) Concurrent Cleanup for Next Mark
[2026-09-06T17:07:15.529-0400][374.121s][info][gc,marking  ] GC(31) Concurrent Cleanup for Next Mark 6.911ms
[2026-09-06T17:07:15.529-0400][374.121s][info][gc          ] GC(31) Concurrent Mark Cycle 397.922ms
[2026-09-06T17:07:16.027-0400][374.620s][info][gc,start    ] GC(35) Pause Young (Prepare Mixed) (G1 Evacuation Pause)
[2026-09-06T17:07:16.027-0400][374.620s][info][gc,task     ] GC(35) Using 23 workers of 23 for evacuation
[2026-09-06T17:07:16.031-0400][374.623s][info][gc,phases   ] GC(35)   Pre Evacuate Collection Set: 0.21ms
[2026-09-06T17:07:16.031-0400][374.623s][info][gc,phases   ] GC(35)   Merge Heap Roots: 0.13ms
[2026-09-06T17:07:16.031-0400][374.623s][info][gc,phases   ] GC(35)   Evacuate Collection Set: 2.12ms
[2026-09-06T17:07:16.031-0400][374.623s][info][gc,phases   ] GC(35)   Post Evacuate Collection Set: 0.52ms
[2026-09-06T17:07:16.031-0400][374.623s][info][gc,phases   ] GC(35)   Other: 0.19ms
[2026-09-06T17:07:16.031-0400][374.623s][info][gc,heap     ] GC(35) Eden regions: 416->0(44)
[2026-09-06T17:07:16.031-0400][374.623s][info][gc,heap     ] GC(35) Survivor regions: 3->6(53)
[2026-09-06T17:07:16.031-0400][374.623s][info][gc,heap     ] GC(35) Old regions: 320->320
[2026-09-06T17:07:16.031-0400][374.623s][info][gc,heap     ] GC(35) Archive regions: 0->0
[2026-09-06T17:07:16.031-0400][374.623s][info][gc,heap     ] GC(35) Humongous regions: 15->15
[2026-09-06T17:07:16.031-0400][374.623s][info][gc,metaspace] GC(35) Metaspace: 124468K(126336K)->124468K(126336K) NonClass: 106153K(107136K)->106153K(107136K) Class: 18314K(19200K)->18314K(19200K)
[2026-09-06T17:07:16.031-0400][374.624s][info][gc          ] GC(35) Pause Young (Prepare Mixed) (G1 Evacuation Pause) 1506M->680M(2000M) 3.428ms
[2026-09-06T17:07:16.031-0400][374.624s][info][gc,cpu      ] GC(35) User=0.00s Sys=0.00s Real=0.00s
[2026-09-06T17:07:16.093-0400][374.686s][info][gc,start    ] GC(36) Pause Young (Mixed) (G1 Evacuation Pause)
[2026-09-06T17:07:16.093-0400][374.686s][info][gc,task     ] GC(36) Using 23 workers of 23 for evacuation
[2026-09-06T17:07:16.097-0400][374.689s][info][gc,phases   ] GC(36)   Pre Evacuate Collection Set: 0.14ms
[2026-09-06T17:07:16.097-0400][374.689s][info][gc,phases   ] GC(36)   Merge Heap Roots: 0.11ms
[2026-09-06T17:07:16.097-0400][374.689s][info][gc,phases   ] GC(36)   Evacuate Collection Set: 2.91ms
[2026-09-06T17:07:16.097-0400][374.689s][info][gc,phases   ] GC(36)   Post Evacuate Collection Set: 0.49ms
[2026-09-06T17:07:16.097-0400][374.689s][info][gc,phases   ] GC(36)   Other: 0.19ms
[2026-09-06T17:07:16.097-0400][374.689s][info][gc,heap     ] GC(36) Eden regions: 44->0(482)
[2026-09-06T17:07:16.097-0400][374.689s][info][gc,heap     ] GC(36) Survivor regions: 6->4(7)
[2026-09-06T17:07:16.097-0400][374.689s][info][gc,heap     ] GC(36) Old regions: 320->317
[2026-09-06T17:07:16.097-0400][374.689s][info][gc,heap     ] GC(36) Archive regions: 0->0
[2026-09-06T17:07:16.097-0400][374.689s][info][gc,heap     ] GC(36) Humongous regions: 15->15
[2026-09-06T17:07:16.097-0400][374.689s][info][gc,metaspace] GC(36) Metaspace: 124791K(126592K)->124791K(126592K) NonClass: 106425K(107392K)->106425K(107392K) Class: 18366K(19200K)->18366K(19200K)
[2026-09-06T17:07:16.097-0400][374.689s][info][gc          ] GC(36) Pause Young (Mixed) (G1 Evacuation Pause) 768M->668M(2000M) 3.959ms
[2026-09-06T17:07:16.097-0400][374.690s][info][gc,cpu      ] GC(36) User=0.00s Sys=0.00s Real=0.00s
[2026-09-06T17:07:16.610-0400][375.202s][info][gc,start    ] GC(37) Pause Young (Normal) (G1 Evacuation Pause)
[2026-09-06T17:07:16.610-0400][375.202s][info][gc,task     ] GC(37) Using 23 workers of 23 for evacuation
[2026-09-06T17:07:16.613-0400][375.205s][info][gc,phases   ] GC(37)   Pre Evacuate Collection Set: 0.13ms
[2026-09-06T17:07:16.613-0400][375.205s][info][gc,phases   ] GC(37)   Merge Heap Roots: 0.16ms
[2026-09-06T17:07:16.614-0400][375.205s][info][gc,phases   ] GC(37)   Evacuate Collection Set: 2.04ms
[2026-09-06T17:07:16.614-0400][375.205s][info][gc,phases   ] GC(37)   Post Evacuate Collection Set: 0.50ms
[2026-09-06T17:07:16.614-0400][375.205s][info][gc,phases   ] GC(37)   Other: 0.17ms
[2026-09-06T17:07:16.614-0400][375.205s][info][gc,heap     ] GC(37) Eden regions: 482->0(493)
[2026-09-06T17:07:16.614-0400][375.205s][info][gc,heap     ] GC(37) Survivor regions: 4->7(61)
[2026-09-06T17:07:16.614-0400][375.205s][info][gc,heap     ] GC(37) Old regions: 317->317
[2026-09-06T17:07:16.614-0400][375.205s][info][gc,heap     ] GC(37) Archive regions: 0->0
[2026-09-06T17:07:16.614-0400][375.205s][info][gc,heap     ] GC(37) Humongous regions: 15->15
[2026-09-06T17:07:16.614-0400][375.205s][info][gc,metaspace] GC(37) Metaspace: 125126K(126912K)->125126K(126912K) NonClass: 106726K(107712K)->106726K(107712K) Class: 18399K(19200K)->18399K(19200K)
[2026-09-06T17:07:16.614-0400][375.206s][info][gc          ] GC(37) Pause Young (Normal) (G1 Evacuation Pause) 1632M->675M(2000M) 3.212ms
[2026-09-06T17:07:16.614-0400][375.206s][info][gc,cpu      ] GC(37) User=0.00s Sys=0.02s Real=0.00s
[2026-09-06T17:07:16.882-0400][375.474s][info][gc,start    ] GC(38) Pause Young (Normal) (G1 Evacuation Pause)
[2026-09-06T17:07:16.882-0400][375.474s][info][gc,task     ] GC(38) Using 23 workers of 23 for evacuation
[2026-09-06T17:07:16.887-0400][375.478s][info][gc,phases   ] GC(38)   Pre Evacuate Collection Set: 0.15ms
[2026-09-06T17:07:16.887-0400][375.478s][info][gc,phases   ] GC(38)   Merge Heap Roots: 0.18ms
[2026-09-06T17:07:16.887-0400][375.478s][info][gc,phases   ] GC(38)   Evacuate Collection Set: 2.69ms
[2026-09-06T17:07:16.887-0400][375.478s][info][gc,phases   ] GC(38)   Post Evacuate Collection Set: 0.71ms
[2026-09-06T17:07:16.887-0400][375.478s][info][gc,phases   ] GC(38)   Other: 0.18ms
[2026-09-06T17:07:16.887-0400][375.478s][info][gc,heap     ] GC(38) Eden regions: 493->0(501)
[2026-09-06T17:07:16.887-0400][375.478s][info][gc,heap     ] GC(38) Survivor regions: 7->11(63)
[2026-09-06T17:07:16.887-0400][375.478s][info][gc,heap     ] GC(38) Old regions: 317->317
[2026-09-06T17:07:16.887-0400][375.478s][info][gc,heap     ] GC(38) Archive regions: 0->0
[2026-09-06T17:07:16.887-0400][375.478s][info][gc,heap     ] GC(38) Humongous regions: 15->15
[2026-09-06T17:07:16.887-0400][375.478s][info][gc,metaspace] GC(38) Metaspace: 125209K(126976K)->125209K(126976K) NonClass: 106792K(107776K)->106792K(107776K) Class: 18417K(19200K)->18417K(19200K)
[2026-09-06T17:07:16.887-0400][375.478s][info][gc          ] GC(38) Pause Young (Normal) (G1 Evacuation Pause) 1661M->682M(2000M) 4.025ms
[2026-09-06T17:07:16.887-0400][375.478s][info][gc,cpu      ] GC(38) User=0.00s Sys=0.00s Real=0.01s
[2026-09-06T17:07:17.347-0400][375.939s][info][gc,start    ] GC(39) Pause Young (Normal) (G1 Evacuation Pause)
[2026-09-06T17:07:17.347-0400][375.939s][info][gc,task     ] GC(39) Using 23 workers of 23 for evacuation
[2026-09-06T17:07:17.351-0400][375.944s][info][gc,phases   ] GC(39)   Pre Evacuate Collection Set: 0.36ms
[2026-09-06T17:07:17.351-0400][375.944s][info][gc,phases   ] GC(39)   Merge Heap Roots: 0.17ms
[2026-09-06T17:07:17.351-0400][375.944s][info][gc,phases   ] GC(39)   Evacuate Collection Set: 3.43ms
[2026-09-06T17:07:17.351-0400][375.944s][info][gc,phases   ] GC(39)   Post Evacuate Collection Set: 0.61ms
[2026-09-06T17:07:17.351-0400][375.944s][info][gc,phases   ] GC(39)   Other: 0.19ms
[2026-09-06T17:07:17.351-0400][375.944s][info][gc,heap     ] GC(39) Eden regions: 501->0(506)
[2026-09-06T17:07:17.351-0400][375.944s][info][gc,heap     ] GC(39) Survivor regions: 11->15(64)
[2026-09-06T17:07:17.351-0400][375.944s][info][gc,heap     ] GC(39) Old regions: 317->317
[2026-09-06T17:07:17.351-0400][375.944s][info][gc,heap     ] GC(39) Archive regions: 0->0
[2026-09-06T17:07:17.351-0400][375.944s][info][gc,heap     ] GC(39) Humongous regions: 15->15
[2026-09-06T17:07:17.351-0400][375.944s][info][gc,metaspace] GC(39) Metaspace: 125320K(127104K)->125320K(127104K) NonClass: 106900K(107904K)->106900K(107904K) Class: 18420K(19200K)->18420K(19200K)
[2026-09-06T17:07:17.351-0400][375.944s][info][gc          ] GC(39) Pause Young (Normal) (G1 Evacuation Pause) 1684M->690M(2000M) 4.940ms
[2026-09-06T17:07:17.351-0400][375.944s][info][gc,cpu      ] GC(39) User=0.14s Sys=0.00s Real=0.00s
[2026-09-06T17:07:17.703-0400][376.296s][info][gc,start    ] GC(40) Pause Young (Normal) (G1 Evacuation Pause)
[2026-09-06T17:07:17.704-0400][376.296s][info][gc,task     ] GC(40) Using 23 workers of 23 for evacuation
[2026-09-06T17:07:17.708-0400][376.300s][info][gc,phases   ] GC(40)   Pre Evacuate Collection Set: 0.16ms
[2026-09-06T17:07:17.708-0400][376.300s][info][gc,phases   ] GC(40)   Merge Heap Roots: 0.16ms
[2026-09-06T17:07:17.708-0400][376.300s][info][gc,phases   ] GC(40)   Evacuate Collection Set: 3.23ms
[2026-09-06T17:07:17.708-0400][376.300s][info][gc,phases   ] GC(40)   Post Evacuate Collection Set: 0.65ms
[2026-09-06T17:07:17.708-0400][376.300s][info][gc,phases   ] GC(40)   Other: 0.21ms
[2026-09-06T17:07:17.708-0400][376.300s][info][gc,heap     ] GC(40) Eden regions: 506->0(510)
[2026-09-06T17:07:17.708-0400][376.300s][info][gc,heap     ] GC(40) Survivor regions: 15->18(66)
[2026-09-06T17:07:17.708-0400][376.300s][info][gc,heap     ] GC(40) Old regions: 317->317
[2026-09-06T17:07:17.708-0400][376.300s][info][gc,heap     ] GC(40) Archive regions: 0->0
[2026-09-06T17:07:17.708-0400][376.300s][info][gc,heap     ] GC(40) Humongous regions: 15->15
[2026-09-06T17:07:17.708-0400][376.300s][info][gc,metaspace] GC(40) Metaspace: 125392K(127232K)->125392K(127232K) NonClass: 106965K(107968K)->106965K(107968K) Class: 18427K(19264K)->18427K(19264K)
[2026-09-06T17:07:17.708-0400][376.300s][info][gc          ] GC(40) Pause Young (Normal) (G1 Evacuation Pause) 1702M->696M(2000M) 4.561ms
[2026-09-06T17:07:17.708-0400][376.300s][info][gc,cpu      ] GC(40) User=0.03s Sys=0.00s Real=0.00s
[2026-09-06T17:07:18.107-0400][376.699s][info][gc,start    ] GC(41) Pause Young (Normal) (G1 Evacuation Pause)
[2026-09-06T17:07:18.107-0400][376.699s][info][gc,task     ] GC(41) Using 23 workers of 23 for evacuation
[2026-09-06T17:07:18.113-0400][376.705s][info][gc,phases   ] GC(41)   Pre Evacuate Collection Set: 0.23ms
[2026-09-06T17:07:18.113-0400][376.705s][info][gc,phases   ] GC(41)   Merge Heap Roots: 0.19ms
[2026-09-06T17:07:18.113-0400][376.705s][info][gc,phases   ] GC(41)   Evacuate Collection Set: 4.47ms
[2026-09-06T17:07:18.113-0400][376.705s][info][gc,phases   ] GC(41)   Post Evacuate Collection Set: 0.82ms
[2026-09-06T17:07:18.113-0400][376.705s][info][gc,phases   ] GC(41)   Other: 0.21ms
[2026-09-06T17:07:18.113-0400][376.705s][info][gc,heap     ] GC(41) Eden regions: 510->0(512)
[2026-09-06T17:07:18.113-0400][376.705s][info][gc,heap     ] GC(41) Survivor regions: 18->22(66)
[2026-09-06T17:07:18.113-0400][376.705s][info][gc,heap     ] GC(41) Old regions: 317->317
[2026-09-06T17:07:18.113-0400][376.705s][info][gc,heap     ] GC(41) Archive regions: 0->0
[2026-09-06T17:07:18.113-0400][376.705s][info][gc,heap     ] GC(41) Humongous regions: 15->15
[2026-09-06T17:07:18.113-0400][376.705s][info][gc,metaspace] GC(41) Metaspace: 125419K(127232K)->125419K(127232K) NonClass: 106991K(107968K)->106991K(107968K) Class: 18427K(19264K)->18427K(19264K)
[2026-09-06T17:07:18.113-0400][376.705s][info][gc          ] GC(41) Pause Young (Normal) (G1 Evacuation Pause) 1716M->704M(2000M) 6.012ms
[2026-09-06T17:07:18.113-0400][376.705s][info][gc,cpu      ] GC(41) User=0.00s Sys=0.00s Real=0.01s
[2026-09-06T17:07:18.504-0400][377.096s][info][gc,start    ] GC(42) Pause Young (Normal) (G1 Evacuation Pause)
[2026-09-06T17:07:18.504-0400][377.096s][info][gc,task     ] GC(42) Using 23 workers of 23 for evacuation
[2026-09-06T17:07:18.508-0400][377.101s][info][gc,phases   ] GC(42)   Pre Evacuate Collection Set: 0.15ms
[2026-09-06T17:07:18.509-0400][377.101s][info][gc,phases   ] GC(42)   Merge Heap Roots: 0.16ms
[2026-09-06T17:07:18.509-0400][377.101s][info][gc,phases   ] GC(42)   Evacuate Collection Set: 3.57ms
[2026-09-06T17:07:18.509-0400][377.101s][info][gc,phases   ] GC(42)   Post Evacuate Collection Set: 0.49ms
[2026-09-06T17:07:18.509-0400][377.101s][info][gc,phases   ] GC(42)   Other: 0.14ms
[2026-09-06T17:07:18.509-0400][377.101s][info][gc,heap     ] GC(42) Eden regions: 512->0(515)
[2026-09-06T17:07:18.509-0400][377.101s][info][gc,heap     ] GC(42) Survivor regions: 22->24(67)
[2026-09-06T17:07:18.509-0400][377.101s][info][gc,heap     ] GC(42) Old regions: 317->317
[2026-09-06T17:07:18.509-0400][377.101s][info][gc,heap     ] GC(42) Archive regions: 0->0
[2026-09-06T17:07:18.509-0400][377.101s][info][gc,heap     ] GC(42) Humongous regions: 15->15
[2026-09-06T17:07:18.509-0400][377.101s][info][gc,metaspace] GC(42) Metaspace: 125507K(127296K)->125507K(127296K) NonClass: 107065K(108032K)->107065K(108032K) Class: 18442K(19264K)->18442K(19264K)
[2026-09-06T17:07:18.509-0400][377.101s][info][gc          ] GC(42) Pause Young (Normal) (G1 Evacuation Pause) 1728M->708M(2000M) 4.704ms
[2026-09-06T17:07:18.509-0400][377.101s][info][gc,cpu      ] GC(42) User=0.00s Sys=0.00s Real=0.01s
[2026-09-06T17:07:18.853-0400][377.444s][info][gc,start    ] GC(43) Pause Young (Normal) (G1 Evacuation Pause)
[2026-09-06T17:07:18.853-0400][377.444s][info][gc,task     ] GC(43) Using 23 workers of 23 for evacuation
[2026-09-06T17:07:18.858-0400][377.451s][info][gc,phases   ] GC(43)   Pre Evacuate Collection Set: 0.26ms
[2026-09-06T17:07:18.858-0400][377.451s][info][gc,phases   ] GC(43)   Merge Heap Roots: 0.22ms
[2026-09-06T17:07:18.859-0400][377.451s][info][gc,phases   ] GC(43)   Evacuate Collection Set: 4.90ms
[2026-09-06T17:07:18.859-0400][377.451s][info][gc,phases   ] GC(43)   Post Evacuate Collection Set: 1.00ms
[2026-09-06T17:07:18.859-0400][377.451s][info][gc,phases   ] GC(43)   Other: 0.16ms
[2026-09-06T17:07:18.859-0400][377.451s][info][gc,heap     ] GC(43) Eden regions: 515->0(514)
[2026-09-06T17:07:18.859-0400][377.451s][info][gc,heap     ] GC(43) Survivor regions: 24->27(68)
[2026-09-06T17:07:18.859-0400][377.451s][info][gc,heap     ] GC(43) Old regions: 317->317
[2026-09-06T17:07:18.859-0400][377.451s][info][gc,heap     ] GC(43) Archive regions: 0->0
[2026-09-06T17:07:18.859-0400][377.451s][info][gc,heap     ] GC(43) Humongous regions: 15->15
[2026-09-06T17:07:18.859-0400][377.451s][info][gc,metaspace] GC(43) Metaspace: 125545K(127360K)->125545K(127360K) NonClass: 107102K(108096K)->107102K(108096K) Class: 18442K(19264K)->18442K(19264K)
[2026-09-06T17:07:18.859-0400][377.451s][info][gc          ] GC(43) Pause Young (Normal) (G1 Evacuation Pause) 1738M->715M(2000M) 6.646ms
[2026-09-06T17:07:18.859-0400][377.451s][info][gc,cpu      ] GC(43) User=0.00s Sys=0.00s Real=0.01s
[2026-09-06T17:07:19.729-0400][378.321s][info][gc,start    ] GC(44) Pause Young (Normal) (G1 Evacuation Pause)
[2026-09-06T17:07:19.729-0400][378.321s][info][gc,task     ] GC(44) Using 23 workers of 23 for evacuation
[2026-09-06T17:07:19.734-0400][378.326s][info][gc,phases   ] GC(44)   Pre Evacuate Collection Set: 0.16ms
[2026-09-06T17:07:19.734-0400][378.326s][info][gc,phases   ] GC(44)   Merge Heap Roots: 0.18ms
[2026-09-06T17:07:19.734-0400][378.327s][info][gc,phases   ] GC(44)   Evacuate Collection Set: 4.62ms
[2026-09-06T17:07:19.734-0400][378.327s][info][gc,phases   ] GC(44)   Post Evacuate Collection Set: 0.62ms
[2026-09-06T17:07:19.734-0400][378.327s][info][gc,phases   ] GC(44)   Other: 0.15ms
[2026-09-06T17:07:19.734-0400][378.327s][info][gc,heap     ] GC(44) Eden regions: 514->0(508)
[2026-09-06T17:07:19.734-0400][378.327s][info][gc,heap     ] GC(44) Survivor regions: 27->30(68)
[2026-09-06T17:07:19.734-0400][378.327s][info][gc,heap     ] GC(44) Old regions: 317->317
[2026-09-06T17:07:19.734-0400][378.327s][info][gc,heap     ] GC(44) Archive regions: 0->0
[2026-09-06T17:07:19.734-0400][378.327s][info][gc,heap     ] GC(44) Humongous regions: 15->15
[2026-09-06T17:07:19.734-0400][378.327s][info][gc,metaspace] GC(44) Metaspace: 125665K(127424K)->125665K(127424K) NonClass: 107212K(108160K)->107212K(108160K) Class: 18452K(19264K)->18452K(19264K)
[2026-09-06T17:07:19.734-0400][378.327s][info][gc          ] GC(44) Pause Young (Normal) (G1 Evacuation Pause) 1743M->720M(2000M) 5.836ms
[2026-09-06T17:07:19.734-0400][378.327s][info][gc,cpu      ] GC(44) User=0.00s Sys=0.00s Real=0.00s
[2026-09-06T17:07:20.739-0400][379.331s][info][gc,start    ] GC(45) Pause Young (Normal) (G1 Evacuation Pause)
[2026-09-06T17:07:20.739-0400][379.331s][info][gc,task     ] GC(45) Using 23 workers of 23 for evacuation
[2026-09-06T17:07:20.744-0400][379.336s][info][gc,phases   ] GC(45)   Pre Evacuate Collection Set: 0.16ms
[2026-09-06T17:07:20.744-0400][379.336s][info][gc,phases   ] GC(45)   Merge Heap Roots: 0.18ms
[2026-09-06T17:07:20.744-0400][379.336s][info][gc,phases   ] GC(45)   Evacuate Collection Set: 4.00ms
[2026-09-06T17:07:20.744-0400][379.336s][info][gc,phases   ] GC(45)   Post Evacuate Collection Set: 0.70ms
[2026-09-06T17:07:20.744-0400][379.336s][info][gc,phases   ] GC(45)   Other: 0.19ms
[2026-09-06T17:07:20.744-0400][379.336s][info][gc,heap     ] GC(45) Eden regions: 508->0(508)
[2026-09-06T17:07:20.744-0400][379.336s][info][gc,heap     ] GC(45) Survivor regions: 30->30(68)
[2026-09-06T17:07:20.744-0400][379.336s][info][gc,heap     ] GC(45) Old regions: 317->317
[2026-09-06T17:07:20.744-0400][379.336s][info][gc,heap     ] GC(45) Archive regions: 0->0
[2026-09-06T17:07:20.744-0400][379.336s][info][gc,heap     ] GC(45) Humongous regions: 15->15
[2026-09-06T17:07:20.744-0400][379.336s][info][gc,metaspace] GC(45) Metaspace: 125670K(127424K)->125670K(127424K) NonClass: 107218K(108160K)->107218K(108160K) Class: 18452K(19264K)->18452K(19264K)
[2026-09-06T17:07:20.744-0400][379.336s][info][gc          ] GC(45) Pause Young (Normal) (G1 Evacuation Pause) 1736M->722M(2000M) 5.405ms
[2026-09-06T17:07:20.744-0400][379.336s][info][gc,cpu      ] GC(45) User=0.00s Sys=0.00s Real=0.00s
[2026-09-06T17:07:21.748-0400][380.341s][info][gc,start    ] GC(46) Pause Young (Normal) (G1 Evacuation Pause)
[2026-09-06T17:07:21.748-0400][380.341s][info][gc,task     ] GC(46) Using 23 workers of 23 for evacuation
[2026-09-06T17:07:21.754-0400][380.346s][info][gc,phases   ] GC(46)   Pre Evacuate Collection Set: 0.17ms
[2026-09-06T17:07:21.754-0400][380.346s][info][gc,phases   ] GC(46)   Merge Heap Roots: 0.16ms
[2026-09-06T17:07:21.754-0400][380.346s][info][gc,phases   ] GC(46)   Evacuate Collection Set: 4.18ms
[2026-09-06T17:07:21.754-0400][380.346s][info][gc,phases   ] GC(46)   Post Evacuate Collection Set: 0.62ms
[2026-09-06T17:07:21.754-0400][380.346s][info][gc,phases   ] GC(46)   Other: 0.14ms
[2026-09-06T17:07:21.754-0400][380.346s][info][gc,heap     ] GC(46) Eden regions: 508->0(508)
[2026-09-06T17:07:21.754-0400][380.346s][info][gc,heap     ] GC(46) Survivor regions: 30->30(68)
[2026-09-06T17:07:21.754-0400][380.346s][info][gc,heap     ] GC(46) Old regions: 317->317
[2026-09-06T17:07:21.754-0400][380.346s][info][gc,heap     ] GC(46) Archive regions: 0->0
[2026-09-06T17:07:21.754-0400][380.346s][info][gc,heap     ] GC(46) Humongous regions: 15->15
[2026-09-06T17:07:21.754-0400][380.346s][info][gc,metaspace] GC(46) Metaspace: 125689K(127488K)->125689K(127488K) NonClass: 107235K(108224K)->107235K(108224K) Class: 18454K(19264K)->18454K(19264K)
[2026-09-06T17:07:21.754-0400][380.346s][info][gc          ] GC(46) Pause Young (Normal) (G1 Evacuation Pause) 1738M->722M(2000M) 5.390ms
[2026-09-06T17:07:21.754-0400][380.346s][info][gc,cpu      ] GC(46) User=0.00s Sys=0.00s Real=0.01s
[2026-09-06T17:07:22.755-0400][381.347s][info][gc,start    ] GC(47) Pause Young (Normal) (G1 Evacuation Pause)
[2026-09-06T17:07:22.755-0400][381.347s][info][gc,task     ] GC(47) Using 23 workers of 23 for evacuation
[2026-09-06T17:07:22.760-0400][381.353s][info][gc,phases   ] GC(47)   Pre Evacuate Collection Set: 0.22ms
[2026-09-06T17:07:22.760-0400][381.353s][info][gc,phases   ] GC(47)   Merge Heap Roots: 0.15ms
[2026-09-06T17:07:22.760-0400][381.353s][info][gc,phases   ] GC(47)   Evacuate Collection Set: 4.25ms
[2026-09-06T17:07:22.760-0400][381.353s][info][gc,phases   ] GC(47)   Post Evacuate Collection Set: 0.79ms
[2026-09-06T17:07:22.760-0400][381.353s][info][gc,phases   ] GC(47)   Other: 0.14ms
[2026-09-06T17:07:22.760-0400][381.353s][info][gc,heap     ] GC(47) Eden regions: 508->0(508)
[2026-09-06T17:07:22.760-0400][381.353s][info][gc,heap     ] GC(47) Survivor regions: 30->30(68)
[2026-09-06T17:07:22.760-0400][381.353s][info][gc,heap     ] GC(47) Old regions: 317->317
[2026-09-06T17:07:22.761-0400][381.353s][info][gc,heap     ] GC(47) Archive regions: 0->0
[2026-09-06T17:07:22.761-0400][381.353s][info][gc,heap     ] GC(47) Humongous regions: 15->15
[2026-09-06T17:07:22.761-0400][381.353s][info][gc,metaspace] GC(47) Metaspace: 125689K(127488K)->125689K(127488K) NonClass: 107235K(108224K)->107235K(108224K) Class: 18454K(19264K)->18454K(19264K)
[2026-09-06T17:07:22.761-0400][381.353s][info][gc          ] GC(47) Pause Young (Normal) (G1 Evacuation Pause) 1738M->721M(2000M) 5.734ms
[2026-09-06T17:07:22.761-0400][381.353s][info][gc,cpu      ] GC(47) User=0.00s Sys=0.00s Real=0.01s
[2026-09-06T17:07:23.768-0400][382.360s][info][gc,start    ] GC(48) Pause Young (Normal) (G1 Evacuation Pause)
[2026-09-06T17:07:23.768-0400][382.360s][info][gc,task     ] GC(48) Using 23 workers of 23 for evacuation
[2026-09-06T17:07:23.773-0400][382.365s][info][gc,phases   ] GC(48)   Pre Evacuate Collection Set: 0.16ms
[2026-09-06T17:07:23.773-0400][382.365s][info][gc,phases   ] GC(48)   Merge Heap Roots: 0.20ms
[2026-09-06T17:07:23.773-0400][382.365s][info][gc,phases   ] GC(48)   Evacuate Collection Set: 4.08ms
[2026-09-06T17:07:23.773-0400][382.365s][info][gc,phases   ] GC(48)   Post Evacuate Collection Set: 0.58ms
[2026-09-06T17:07:23.773-0400][382.365s][info][gc,phases   ] GC(48)   Other: 0.14ms
[2026-09-06T17:07:23.773-0400][382.365s][info][gc,heap     ] GC(48) Eden regions: 508->0(508)
[2026-09-06T17:07:23.773-0400][382.365s][info][gc,heap     ] GC(48) Survivor regions: 30->30(68)
[2026-09-06T17:07:23.773-0400][382.365s][info][gc,heap     ] GC(48) Old regions: 317->317
[2026-09-06T17:07:23.773-0400][382.365s][info][gc,heap     ] GC(48) Archive regions: 0->0
[2026-09-06T17:07:23.773-0400][382.365s][info][gc,heap     ] GC(48) Humongous regions: 15->15
[2026-09-06T17:07:23.773-0400][382.365s][info][gc,metaspace] GC(48) Metaspace: 125689K(127488K)->125689K(127488K) NonClass: 107235K(108224K)->107235K(108224K) Class: 18454K(19264K)->18454K(19264K)
[2026-09-06T17:07:23.773-0400][382.365s][info][gc          ] GC(48) Pause Young (Normal) (G1 Evacuation Pause) 1737M->722M(2000M) 5.283ms
[2026-09-06T17:07:23.774-0400][382.365s][info][gc,cpu      ] GC(48) User=0.33s Sys=0.02s Real=0.01s
[2026-09-06T17:07:24.584-0400][383.176s][info][gc,start    ] GC(49) Pause Young (Normal) (G1 Evacuation Pause)
[2026-09-06T17:07:24.584-0400][383.176s][info][gc,task     ] GC(49) Using 23 workers of 23 for evacuation
[2026-09-06T17:07:24.591-0400][383.184s][info][gc,phases   ] GC(49)   Pre Evacuate Collection Set: 0.28ms
[2026-09-06T17:07:24.591-0400][383.184s][info][gc,phases   ] GC(49)   Merge Heap Roots: 0.21ms
[2026-09-06T17:07:24.591-0400][383.184s][info][gc,phases   ] GC(49)   Evacuate Collection Set: 5.70ms
[2026-09-06T17:07:24.591-0400][383.184s][info][gc,phases   ] GC(49)   Post Evacuate Collection Set: 0.84ms
[2026-09-06T17:07:24.591-0400][383.184s][info][gc,phases   ] GC(49)   Other: 0.24ms
[2026-09-06T17:07:24.591-0400][383.184s][info][gc,heap     ] GC(49) Eden regions: 508->0(502)
[2026-09-06T17:07:24.591-0400][383.184s][info][gc,heap     ] GC(49) Survivor regions: 30->33(68)
[2026-09-06T17:07:24.591-0400][383.184s][info][gc,heap     ] GC(49) Old regions: 317->317
[2026-09-06T17:07:24.591-0400][383.184s][info][gc,heap     ] GC(49) Archive regions: 0->0
[2026-09-06T17:07:24.591-0400][383.184s][info][gc,heap     ] GC(49) Humongous regions: 15->15
[2026-09-06T17:07:24.591-0400][383.184s][info][gc,metaspace] GC(49) Metaspace: 125717K(127488K)->125717K(127488K) NonClass: 107261K(108224K)->107261K(108224K) Class: 18456K(19264K)->18456K(19264K)
[2026-09-06T17:07:24.591-0400][383.184s][info][gc          ] GC(49) Pause Young (Normal) (G1 Evacuation Pause) 1738M->726M(2000M) 7.387ms
[2026-09-06T17:07:24.591-0400][383.184s][info][gc,cpu      ] GC(49) User=0.00s Sys=0.00s Real=0.01s
[2026-09-06T17:07:24.825-0400][383.418s][info][gc,start    ] GC(50) Pause Young (Normal) (G1 Evacuation Pause)
[2026-09-06T17:07:24.826-0400][383.418s][info][gc,task     ] GC(50) Using 23 workers of 23 for evacuation
[2026-09-06T17:07:24.833-0400][383.426s][info][gc,phases   ] GC(50)   Pre Evacuate Collection Set: 0.17ms
[2026-09-06T17:07:24.834-0400][383.426s][info][gc,phases   ] GC(50)   Merge Heap Roots: 0.21ms
[2026-09-06T17:07:24.834-0400][383.426s][info][gc,phases   ] GC(50)   Evacuate Collection Set: 6.33ms
[2026-09-06T17:07:24.834-0400][383.426s][info][gc,phases   ] GC(50)   Post Evacuate Collection Set: 0.70ms
[2026-09-06T17:07:24.834-0400][383.426s][info][gc,phases   ] GC(50)   Other: 0.20ms
[2026-09-06T17:07:24.834-0400][383.426s][info][gc,heap     ] GC(50) Eden regions: 502->0(502)
[2026-09-06T17:07:24.834-0400][383.426s][info][gc,heap     ] GC(50) Survivor regions: 33->32(67)
[2026-09-06T17:07:24.834-0400][383.426s][info][gc,heap     ] GC(50) Old regions: 317->319
[2026-09-06T17:07:24.834-0400][383.426s][info][gc,heap     ] GC(50) Archive regions: 0->0
[2026-09-06T17:07:24.834-0400][383.426s][info][gc,heap     ] GC(50) Humongous regions: 15->15
[2026-09-06T17:07:24.834-0400][383.426s][info][gc,metaspace] GC(50) Metaspace: 125717K(127488K)->125717K(127488K) NonClass: 107261K(108224K)->107261K(108224K) Class: 18456K(19264K)->18456K(19264K)
[2026-09-06T17:07:24.834-0400][383.426s][info][gc          ] GC(50) Pause Young (Normal) (G1 Evacuation Pause) 1730M->731M(2000M) 7.746ms
[2026-09-06T17:07:24.834-0400][383.426s][info][gc,cpu      ] GC(50) User=0.34s Sys=0.00s Real=0.01s
[2026-09-06T17:07:25.376-0400][383.969s][info][gc,start    ] GC(51) Pause Young (Normal) (G1 Evacuation Pause)
[2026-09-06T17:07:25.376-0400][383.969s][info][gc,task     ] GC(51) Using 23 workers of 23 for evacuation
[2026-09-06T17:07:25.385-0400][383.977s][info][gc,phases   ] GC(51)   Pre Evacuate Collection Set: 0.15ms
[2026-09-06T17:07:25.385-0400][383.977s][info][gc,phases   ] GC(51)   Merge Heap Roots: 0.21ms
[2026-09-06T17:07:25.385-0400][383.977s][info][gc,phases   ] GC(51)   Evacuate Collection Set: 6.53ms
[2026-09-06T17:07:25.385-0400][383.977s][info][gc,phases   ] GC(51)   Post Evacuate Collection Set: 0.94ms
[2026-09-06T17:07:25.385-0400][383.977s][info][gc,phases   ] GC(51)   Other: 0.20ms
[2026-09-06T17:07:25.385-0400][383.977s][info][gc,heap     ] GC(51) Eden regions: 502->0(493)
[2026-09-06T17:07:25.385-0400][383.977s][info][gc,heap     ] GC(51) Survivor regions: 32->36(67)
[2026-09-06T17:07:25.385-0400][383.977s][info][gc,heap     ] GC(51) Old regions: 319->320
[2026-09-06T17:07:25.385-0400][383.977s][info][gc,heap     ] GC(51) Archive regions: 0->0
[2026-09-06T17:07:25.385-0400][383.977s][info][gc,heap     ] GC(51) Humongous regions: 15->15
[2026-09-06T17:07:25.385-0400][383.977s][info][gc,metaspace] GC(51) Metaspace: 125771K(127552K)->125771K(127552K) NonClass: 107309K(108288K)->107309K(108288K) Class: 18461K(19264K)->18461K(19264K)
[2026-09-06T17:07:25.385-0400][383.977s][info][gc          ] GC(51) Pause Young (Normal) (G1 Evacuation Pause) 1735M->740M(2000M) 8.192ms
[2026-09-06T17:07:25.385-0400][383.977s][info][gc,cpu      ] GC(51) User=0.34s Sys=0.03s Real=0.01s
[2026-09-06T17:07:25.574-0400][384.167s][info][gc,start    ] GC(52) Pause Young (Normal) (G1 Evacuation Pause)
[2026-09-06T17:07:25.574-0400][384.167s][info][gc,task     ] GC(52) Using 23 workers of 23 for evacuation
[2026-09-06T17:07:25.582-0400][384.174s][info][gc,phases   ] GC(52)   Pre Evacuate Collection Set: 0.21ms
[2026-09-06T17:07:25.582-0400][384.174s][info][gc,phases   ] GC(52)   Merge Heap Roots: 0.17ms
[2026-09-06T17:07:25.582-0400][384.174s][info][gc,phases   ] GC(52)   Evacuate Collection Set: 5.87ms
[2026-09-06T17:07:25.582-0400][384.174s][info][gc,phases   ] GC(52)   Post Evacuate Collection Set: 0.50ms
[2026-09-06T17:07:25.582-0400][384.174s][info][gc,phases   ] GC(52)   Other: 0.30ms
[2026-09-06T17:07:25.582-0400][384.174s][info][gc,heap     ] GC(52) Eden regions: 493->0(492)
[2026-09-06T17:07:25.582-0400][384.174s][info][gc,heap     ] GC(52) Survivor regions: 36->35(67)
[2026-09-06T17:07:25.582-0400][384.174s][info][gc,heap     ] GC(52) Old regions: 320->323
[2026-09-06T17:07:25.582-0400][384.174s][info][gc,heap     ] GC(52) Archive regions: 0->0
[2026-09-06T17:07:25.582-0400][384.174s][info][gc,heap     ] GC(52) Humongous regions: 15->15
[2026-09-06T17:07:25.582-0400][384.174s][info][gc,metaspace] GC(52) Metaspace: 125773K(127552K)->125773K(127552K) NonClass: 107311K(108288K)->107311K(108288K) Class: 18461K(19264K)->18461K(19264K)
[2026-09-06T17:07:25.582-0400][384.174s][info][gc          ] GC(52) Pause Young (Normal) (G1 Evacuation Pause) 1726M->743M(2000M) 7.168ms
[2026-09-06T17:07:25.582-0400][384.174s][info][gc,cpu      ] GC(52) User=0.00s Sys=0.00s Real=0.01s
[2026-09-06T17:07:26.148-0400][384.740s][info][gc,start    ] GC(53) Pause Young (Normal) (G1 Evacuation Pause)
[2026-09-06T17:07:26.148-0400][384.740s][info][gc,task     ] GC(53) Using 23 workers of 23 for evacuation
[2026-09-06T17:07:26.155-0400][384.747s][info][gc,phases   ] GC(53)   Pre Evacuate Collection Set: 0.20ms
[2026-09-06T17:07:26.155-0400][384.747s][info][gc,phases   ] GC(53)   Merge Heap Roots: 0.21ms
[2026-09-06T17:07:26.155-0400][384.747s][info][gc,phases   ] GC(53)   Evacuate Collection Set: 6.13ms
[2026-09-06T17:07:26.155-0400][384.747s][info][gc,phases   ] GC(53)   Post Evacuate Collection Set: 0.66ms
[2026-09-06T17:07:26.155-0400][384.747s][info][gc,phases   ] GC(53)   Other: 0.24ms
[2026-09-06T17:07:26.155-0400][384.747s][info][gc,heap     ] GC(53) Eden regions: 492->0(489)
[2026-09-06T17:07:26.155-0400][384.747s][info][gc,heap     ] GC(53) Survivor regions: 35->35(66)
[2026-09-06T17:07:26.155-0400][384.747s][info][gc,heap     ] GC(53) Old regions: 323->326
[2026-09-06T17:07:26.155-0400][384.747s][info][gc,heap     ] GC(53) Archive regions: 0->0
[2026-09-06T17:07:26.155-0400][384.747s][info][gc,heap     ] GC(53) Humongous regions: 15->15
[2026-09-06T17:07:26.155-0400][384.747s][info][gc,metaspace] GC(53) Metaspace: 125811K(127616K)->125811K(127616K) NonClass: 107349K(108352K)->107349K(108352K) Class: 18461K(19264K)->18461K(19264K)
[2026-09-06T17:07:26.155-0400][384.747s][info][gc          ] GC(53) Pause Young (Normal) (G1 Evacuation Pause) 1727M->751M(2000M) 7.543ms
[2026-09-06T17:07:26.155-0400][384.747s][info][gc,cpu      ] GC(53) User=0.00s Sys=0.00s Real=0.01s
[2026-09-06T17:07:26.460-0400][385.052s][info][gc,start    ] GC(54) Pause Young (Normal) (G1 Evacuation Pause)
[2026-09-06T17:07:26.460-0400][385.052s][info][gc,task     ] GC(54) Using 23 workers of 23 for evacuation
[2026-09-06T17:07:26.467-0400][385.059s][info][gc,phases   ] GC(54)   Pre Evacuate Collection Set: 0.11ms
[2026-09-06T17:07:26.467-0400][385.059s][info][gc,phases   ] GC(54)   Merge Heap Roots: 0.33ms
[2026-09-06T17:07:26.467-0400][385.059s][info][gc,phases   ] GC(54)   Evacuate Collection Set: 6.02ms
[2026-09-06T17:07:26.467-0400][385.059s][info][gc,phases   ] GC(54)   Post Evacuate Collection Set: 0.70ms
[2026-09-06T17:07:26.467-0400][385.059s][info][gc,phases   ] GC(54)   Other: 0.23ms
[2026-09-06T17:07:26.467-0400][385.059s][info][gc,heap     ] GC(54) Eden regions: 489->0(487)
[2026-09-06T17:07:26.467-0400][385.059s][info][gc,heap     ] GC(54) Survivor regions: 35->34(66)
[2026-09-06T17:07:26.467-0400][385.059s][info][gc,heap     ] GC(54) Old regions: 326->330
[2026-09-06T17:07:26.467-0400][385.059s][info][gc,heap     ] GC(54) Archive regions: 0->0
[2026-09-06T17:07:26.467-0400][385.059s][info][gc,heap     ] GC(54) Humongous regions: 15->15
[2026-09-06T17:07:26.467-0400][385.059s][info][gc,metaspace] GC(54) Metaspace: 125828K(127616K)->125828K(127616K) NonClass: 107366K(108352K)->107366K(108352K) Class: 18461K(19264K)->18461K(19264K)
[2026-09-06T17:07:26.467-0400][385.059s][info][gc          ] GC(54) Pause Young (Normal) (G1 Evacuation Pause) 1729M->757M(2000M) 7.460ms
[2026-09-06T17:07:26.467-0400][385.059s][info][gc,cpu      ] GC(54) User=0.00s Sys=0.00s Real=0.01s
[2026-09-06T17:07:26.953-0400][385.545s][info][gc,start    ] GC(55) Pause Young (Normal) (G1 Evacuation Pause)
[2026-09-06T17:07:26.953-0400][385.545s][info][gc,task     ] GC(55) Using 23 workers of 23 for evacuation
[2026-09-06T17:07:26.960-0400][385.552s][info][gc,phases   ] GC(55)   Pre Evacuate Collection Set: 0.17ms
[2026-09-06T17:07:26.960-0400][385.553s][info][gc,phases   ] GC(55)   Merge Heap Roots: 0.20ms
[2026-09-06T17:07:26.960-0400][385.553s][info][gc,phases   ] GC(55)   Evacuate Collection Set: 6.70ms
[2026-09-06T17:07:26.960-0400][385.553s][info][gc,phases   ] GC(55)   Post Evacuate Collection Set: 0.72ms
[2026-09-06T17:07:26.960-0400][385.553s][info][gc,phases   ] GC(55)   Other: 0.17ms
[2026-09-06T17:07:26.960-0400][385.553s][info][gc,heap     ] GC(55) Eden regions: 487->0(482)
[2026-09-06T17:07:26.960-0400][385.553s][info][gc,heap     ] GC(55) Survivor regions: 34->35(66)
[2026-09-06T17:07:26.960-0400][385.553s][info][gc,heap     ] GC(55) Old regions: 330->333
[2026-09-06T17:07:26.960-0400][385.553s][info][gc,heap     ] GC(55) Archive regions: 0->0
[2026-09-06T17:07:26.960-0400][385.553s][info][gc,heap     ] GC(55) Humongous regions: 15->15
[2026-09-06T17:07:26.960-0400][385.553s][info][gc,metaspace] GC(55) Metaspace: 125958K(127744K)->125958K(127744K) NonClass: 107488K(108480K)->107488K(108480K) Class: 18469K(19264K)->18469K(19264K)
[2026-09-06T17:07:26.960-0400][385.553s][info][gc          ] GC(55) Pause Young (Normal) (G1 Evacuation Pause) 1731M->765M(2000M) 8.089ms
[2026-09-06T17:07:26.960-0400][385.553s][info][gc,cpu      ] GC(55) User=0.38s Sys=0.00s Real=0.01s
[2026-09-06T17:07:27.121-0400][385.714s][info][gc,start    ] GC(56) Pause Young (Normal) (G1 Evacuation Pause)
[2026-09-06T17:07:27.121-0400][385.714s][info][gc,task     ] GC(56) Using 23 workers of 23 for evacuation
[2026-09-06T17:07:27.127-0400][385.720s][info][gc,phases   ] GC(56)   Pre Evacuate Collection Set: 0.10ms
[2026-09-06T17:07:27.127-0400][385.720s][info][gc,phases   ] GC(56)   Merge Heap Roots: 0.14ms
[2026-09-06T17:07:27.127-0400][385.720s][info][gc,phases   ] GC(56)   Evacuate Collection Set: 5.39ms
[2026-09-06T17:07:27.127-0400][385.720s][info][gc,phases   ] GC(56)   Post Evacuate Collection Set: 0.47ms
[2026-09-06T17:07:27.127-0400][385.720s][info][gc,phases   ] GC(56)   Other: 0.15ms
[2026-09-06T17:07:27.127-0400][385.720s][info][gc,heap     ] GC(56) Eden regions: 482->0(480)
[2026-09-06T17:07:27.127-0400][385.720s][info][gc,heap     ] GC(56) Survivor regions: 35->34(65)
[2026-09-06T17:07:27.127-0400][385.720s][info][gc,heap     ] GC(56) Old regions: 333->337
[2026-09-06T17:07:27.127-0400][385.720s][info][gc,heap     ] GC(56) Archive regions: 0->0
[2026-09-06T17:07:27.127-0400][385.720s][info][gc,heap     ] GC(56) Humongous regions: 15->15
[2026-09-06T17:07:27.127-0400][385.720s][info][gc,metaspace] GC(56) Metaspace: 125958K(127744K)->125958K(127744K) NonClass: 107488K(108480K)->107488K(108480K) Class: 18469K(19264K)->18469K(19264K)
[2026-09-06T17:07:27.127-0400][385.720s][info][gc          ] GC(56) Pause Young (Normal) (G1 Evacuation Pause) 1729M->769M(2000M) 6.392ms
[2026-09-06T17:07:27.127-0400][385.720s][info][gc,cpu      ] GC(56) User=0.00s Sys=0.00s Real=0.01s
[2026-09-06T17:07:27.690-0400][386.283s][info][gc,start    ] GC(57) Pause Young (Normal) (G1 Evacuation Pause)
[2026-09-06T17:07:27.692-0400][386.283s][info][gc,task     ] GC(57) Using 23 workers of 23 for evacuation
[2026-09-06T17:07:27.698-0400][386.290s][info][gc,phases   ] GC(57)   Pre Evacuate Collection Set: 0.17ms
[2026-09-06T17:07:27.698-0400][386.290s][info][gc,phases   ] GC(57)   Merge Heap Roots: 0.21ms
[2026-09-06T17:07:27.698-0400][386.290s][info][gc,phases   ] GC(57)   Evacuate Collection Set: 5.95ms
[2026-09-06T17:07:27.698-0400][386.290s][info][gc,phases   ] GC(57)   Post Evacuate Collection Set: 0.63ms
[2026-09-06T17:07:27.698-0400][386.290s][info][gc,phases   ] GC(57)   Other: 0.17ms
[2026-09-06T17:07:27.698-0400][386.290s][info][gc,heap     ] GC(57) Eden regions: 480->0(474)
[2026-09-06T17:07:27.698-0400][386.290s][info][gc,heap     ] GC(57) Survivor regions: 34->36(65)
[2026-09-06T17:07:27.698-0400][386.290s][info][gc,heap     ] GC(57) Old regions: 337->339
[2026-09-06T17:07:27.698-0400][386.290s][info][gc,heap     ] GC(57) Archive regions: 0->0
[2026-09-06T17:07:27.698-0400][386.290s][info][gc,heap     ] GC(57) Humongous regions: 15->15
[2026-09-06T17:07:27.698-0400][386.290s][info][gc,metaspace] GC(57) Metaspace: 126034K(127808K)->126034K(127808K) NonClass: 107563K(108544K)->107563K(108544K) Class: 18470K(19264K)->18470K(19264K)
[2026-09-06T17:07:27.698-0400][386.290s][info][gc          ] GC(57) Pause Young (Normal) (G1 Evacuation Pause) 1729M->778M(2000M) 7.263ms
[2026-09-06T17:07:27.698-0400][386.290s][info][gc,cpu      ] GC(57) User=0.38s Sys=0.00s Real=0.01s
[2026-09-06T17:07:28.056-0400][386.648s][info][gc,start    ] GC(58) Pause Young (Normal) (G1 Evacuation Pause)
[2026-09-06T17:07:28.056-0400][386.648s][info][gc,task     ] GC(58) Using 23 workers of 23 for evacuation
[2026-09-06T17:07:28.063-0400][386.655s][info][gc,phases   ] GC(58)   Pre Evacuate Collection Set: 0.21ms
[2026-09-06T17:07:28.063-0400][386.655s][info][gc,phases   ] GC(58)   Merge Heap Roots: 0.21ms
[2026-09-06T17:07:28.063-0400][386.655s][info][gc,phases   ] GC(58)   Evacuate Collection Set: 6.32ms
[2026-09-06T17:07:28.063-0400][386.655s][info][gc,phases   ] GC(58)   Post Evacuate Collection Set: 0.67ms
[2026-09-06T17:07:28.063-0400][386.655s][info][gc,phases   ] GC(58)   Other: 0.19ms
[2026-09-06T17:07:28.063-0400][386.655s][info][gc,heap     ] GC(58) Eden regions: 474->0(472)
[2026-09-06T17:07:28.063-0400][386.655s][info][gc,heap     ] GC(58) Survivor regions: 36->35(64)
[2026-09-06T17:07:28.063-0400][386.655s][info][gc,heap     ] GC(58) Old regions: 339->343
[2026-09-06T17:07:28.063-0400][386.655s][info][gc,heap     ] GC(58) Archive regions: 0->0
[2026-09-06T17:07:28.063-0400][386.655s][info][gc,heap     ] GC(58) Humongous regions: 15->15
[2026-09-06T17:07:28.063-0400][386.655s][info][gc,metaspace] GC(58) Metaspace: 126041K(127808K)->126041K(127808K) NonClass: 107570K(108544K)->107570K(108544K) Class: 18470K(19264K)->18470K(19264K)
[2026-09-06T17:07:28.063-0400][386.655s][info][gc          ] GC(58) Pause Young (Normal) (G1 Evacuation Pause) 1726M->783M(2000M) 7.711ms
[2026-09-06T17:07:28.063-0400][386.655s][info][gc,cpu      ] GC(58) User=0.00s Sys=0.00s Real=0.01s
[2026-09-06T17:07:28.211-0400][386.803s][info][gc,start    ] GC(59) Pause Young (Normal) (G1 Evacuation Pause)
[2026-09-06T17:07:28.211-0400][386.803s][info][gc,task     ] GC(59) Using 23 workers of 23 for evacuation
[2026-09-06T17:07:28.218-0400][386.810s][info][gc,phases   ] GC(59)   Pre Evacuate Collection Set: 0.12ms
[2026-09-06T17:07:28.218-0400][386.810s][info][gc,phases   ] GC(59)   Merge Heap Roots: 0.18ms
[2026-09-06T17:07:28.218-0400][386.810s][info][gc,phases   ] GC(59)   Evacuate Collection Set: 6.01ms
[2026-09-06T17:07:28.218-0400][386.810s][info][gc,phases   ] GC(59)   Post Evacuate Collection Set: 0.57ms
[2026-09-06T17:07:28.218-0400][386.810s][info][gc,phases   ] GC(59)   Other: 0.17ms
[2026-09-06T17:07:28.218-0400][386.810s][info][gc,heap     ] GC(59) Eden regions: 472->0(469)
[2026-09-06T17:07:28.218-0400][386.810s][info][gc,heap     ] GC(59) Survivor regions: 35->35(64)
[2026-09-06T17:07:28.218-0400][386.810s][info][gc,heap     ] GC(59) Old regions: 343->346
[2026-09-06T17:07:28.218-0400][386.810s][info][gc,heap     ] GC(59) Archive regions: 0->0
[2026-09-06T17:07:28.218-0400][386.810s][info][gc,heap     ] GC(59) Humongous regions: 15->15
[2026-09-06T17:07:28.218-0400][386.810s][info][gc,metaspace] GC(59) Metaspace: 126043K(127808K)->126043K(127808K) NonClass: 107572K(108544K)->107572K(108544K) Class: 18470K(19264K)->18470K(19264K)
[2026-09-06T17:07:28.218-0400][386.810s][info][gc          ] GC(59) Pause Young (Normal) (G1 Evacuation Pause) 1727M->789M(2000M) 7.190ms
[2026-09-06T17:07:28.218-0400][386.810s][info][gc,cpu      ] GC(59) User=0.00s Sys=0.00s Real=0.01s
[2026-09-06T17:07:28.801-0400][387.394s][info][gc,start    ] GC(60) Pause Young (Normal) (G1 Evacuation Pause)
[2026-09-06T17:07:28.801-0400][387.394s][info][gc,task     ] GC(60) Using 23 workers of 23 for evacuation
[2026-09-06T17:07:28.809-0400][387.401s][info][gc,phases   ] GC(60)   Pre Evacuate Collection Set: 0.18ms
[2026-09-06T17:07:28.809-0400][387.401s][info][gc,phases   ] GC(60)   Merge Heap Roots: 0.22ms
[2026-09-06T17:07:28.809-0400][387.401s][info][gc,phases   ] GC(60)   Evacuate Collection Set: 6.25ms
[2026-09-06T17:07:28.809-0400][387.401s][info][gc,phases   ] GC(60)   Post Evacuate Collection Set: 0.63ms
[2026-09-06T17:07:28.809-0400][387.401s][info][gc,phases   ] GC(60)   Other: 0.15ms
[2026-09-06T17:07:28.809-0400][387.401s][info][gc,heap     ] GC(60) Eden regions: 469->0(463)
[2026-09-06T17:07:28.809-0400][387.401s][info][gc,heap     ] GC(60) Survivor regions: 35->38(63)
[2026-09-06T17:07:28.809-0400][387.401s][info][gc,heap     ] GC(60) Old regions: 346->346
[2026-09-06T17:07:28.809-0400][387.401s][info][gc,heap     ] GC(60) Archive regions: 0->0
[2026-09-06T17:07:28.809-0400][387.401s][info][gc,heap     ] GC(60) Humongous regions: 15->15
[2026-09-06T17:07:28.809-0400][387.401s][info][gc,metaspace] GC(60) Metaspace: 126104K(127872K)->126104K(127872K) NonClass: 107633K(108608K)->107633K(108608K) Class: 18471K(19264K)->18471K(19264K)
[2026-09-06T17:07:28.809-0400][387.401s][info][gc          ] GC(60) Pause Young (Normal) (G1 Evacuation Pause) 1727M->796M(2000M) 7.577ms
[2026-09-06T17:07:28.809-0400][387.401s][info][gc,cpu      ] GC(60) User=0.00s Sys=0.00s Real=0.01s
[2026-09-06T17:07:29.009-0400][387.601s][info][gc,start    ] GC(61) Pause Young (Normal) (G1 Evacuation Pause)
[2026-09-06T17:07:29.009-0400][387.601s][info][gc,task     ] GC(61) Using 23 workers of 23 for evacuation
[2026-09-06T17:07:29.017-0400][387.609s][info][gc,phases   ] GC(61)   Pre Evacuate Collection Set: 0.12ms
[2026-09-06T17:07:29.017-0400][387.609s][info][gc,phases   ] GC(61)   Merge Heap Roots: 0.24ms
[2026-09-06T17:07:29.017-0400][387.609s][info][gc,phases   ] GC(61)   Evacuate Collection Set: 6.31ms
[2026-09-06T17:07:29.017-0400][387.609s][info][gc,phases   ] GC(61)   Post Evacuate Collection Set: 0.55ms
[2026-09-06T17:07:29.017-0400][387.609s][info][gc,phases   ] GC(61)   Other: 0.14ms
[2026-09-06T17:07:29.017-0400][387.609s][info][gc,heap     ] GC(61) Eden regions: 463->0(463)
[2026-09-06T17:07:29.017-0400][387.609s][info][gc,heap     ] GC(61) Survivor regions: 38->36(63)
[2026-09-06T17:07:29.017-0400][387.609s][info][gc,heap     ] GC(61) Old regions: 346->350
[2026-09-06T17:07:29.017-0400][387.609s][info][gc,heap     ] GC(61) Archive regions: 0->0
[2026-09-06T17:07:29.017-0400][387.609s][info][gc,heap     ] GC(61) Humongous regions: 15->15
[2026-09-06T17:07:29.017-0400][387.609s][info][gc,metaspace] GC(61) Metaspace: 126104K(127872K)->126104K(127872K) NonClass: 107633K(108608K)->107633K(108608K) Class: 18471K(19264K)->18471K(19264K)
[2026-09-06T17:07:29.017-0400][387.609s][info][gc          ] GC(61) Pause Young (Normal) (G1 Evacuation Pause) 1722M->801M(2000M) 7.498ms
[2026-09-06T17:07:29.017-0400][387.609s][info][gc,cpu      ] GC(61) User=0.00s Sys=0.00s Real=0.01s
[2026-09-06T17:07:29.509-0400][388.101s][info][gc,start    ] GC(62) Pause Young (Normal) (G1 Evacuation Pause)
[2026-09-06T17:07:29.509-0400][388.101s][info][gc,task     ] GC(62) Using 23 workers of 23 for evacuation
[2026-09-06T17:07:29.517-0400][388.109s][info][gc,phases   ] GC(62)   Pre Evacuate Collection Set: 0.17ms
[2026-09-06T17:07:29.517-0400][388.109s][info][gc,phases   ] GC(62)   Merge Heap Roots: 0.24ms
[2026-09-06T17:07:29.517-0400][388.109s][info][gc,phases   ] GC(62)   Evacuate Collection Set: 6.55ms
[2026-09-06T17:07:29.517-0400][388.109s][info][gc,phases   ] GC(62)   Post Evacuate Collection Set: 0.62ms
[2026-09-06T17:07:29.517-0400][388.109s][info][gc,phases   ] GC(62)   Other: 0.17ms
[2026-09-06T17:07:29.517-0400][388.109s][info][gc,heap     ] GC(62) Eden regions: 463->0(459)
[2026-09-06T17:07:29.517-0400][388.109s][info][gc,heap     ] GC(62) Survivor regions: 36->36(63)
[2026-09-06T17:07:29.517-0400][388.109s][info][gc,heap     ] GC(62) Old regions: 350->354
[2026-09-06T17:07:29.517-0400][388.109s][info][gc,heap     ] GC(62) Archive regions: 0->0
[2026-09-06T17:07:29.517-0400][388.109s][info][gc,heap     ] GC(62) Humongous regions: 15->15
[2026-09-06T17:07:29.517-0400][388.109s][info][gc,metaspace] GC(62) Metaspace: 126110K(127872K)->126110K(127872K) NonClass: 107639K(108608K)->107639K(108608K) Class: 18471K(19264K)->18471K(19264K)
[2026-09-06T17:07:29.517-0400][388.109s][info][gc          ] GC(62) Pause Young (Normal) (G1 Evacuation Pause) 1727M->808M(2000M) 7.889ms
[2026-09-06T17:07:29.517-0400][388.109s][info][gc,cpu      ] GC(62) User=0.00s Sys=0.00s Real=0.01s
[2026-09-06T17:07:30.021-0400][388.613s][info][gc,start    ] GC(63) Pause Young (Normal) (G1 Evacuation Pause)
[2026-09-06T17:07:30.021-0400][388.613s][info][gc,task     ] GC(63) Using 23 workers of 23 for evacuation
[2026-09-06T17:07:30.029-0400][388.621s][info][gc,phases   ] GC(63)   Pre Evacuate Collection Set: 0.19ms
[2026-09-06T17:07:30.029-0400][388.621s][info][gc,phases   ] GC(63)   Merge Heap Roots: 0.21ms
[2026-09-06T17:07:30.029-0400][388.621s][info][gc,phases   ] GC(63)   Evacuate Collection Set: 6.34ms
[2026-09-06T17:07:30.029-0400][388.621s][info][gc,phases   ] GC(63)   Post Evacuate Collection Set: 0.95ms
[2026-09-06T17:07:30.029-0400][388.621s][info][gc,phases   ] GC(63)   Other: 0.24ms
[2026-09-06T17:07:30.029-0400][388.621s][info][gc,heap     ] GC(63) Eden regions: 459->0(454)
[2026-09-06T17:07:30.029-0400][388.621s][info][gc,heap     ] GC(63) Survivor regions: 36->37(62)
[2026-09-06T17:07:30.029-0400][388.621s][info][gc,heap     ] GC(63) Old regions: 354->357
[2026-09-06T17:07:30.029-0400][388.621s][info][gc,heap     ] GC(63) Archive regions: 0->0
[2026-09-06T17:07:30.029-0400][388.621s][info][gc,heap     ] GC(63) Humongous regions: 15->15
[2026-09-06T17:07:30.029-0400][388.621s][info][gc,metaspace] GC(63) Metaspace: 126126K(127872K)->126126K(127872K) NonClass: 107654K(108608K)->107654K(108608K) Class: 18471K(19264K)->18471K(19264K)
[2026-09-06T17:07:30.029-0400][388.621s][info][gc          ] GC(63) Pause Young (Normal) (G1 Evacuation Pause) 1726M->815M(2000M) 8.036ms
[2026-09-06T17:07:30.029-0400][388.621s][info][gc,cpu      ] GC(63) User=0.00s Sys=0.00s Real=0.01s
[2026-09-06T17:07:30.208-0400][388.800s][info][gc,start    ] GC(64) Pause Young (Normal) (G1 Evacuation Pause)
[2026-09-06T17:07:30.208-0400][388.800s][info][gc,task     ] GC(64) Using 23 workers of 23 for evacuation
[2026-09-06T17:07:30.215-0400][388.807s][info][gc,phases   ] GC(64)   Pre Evacuate Collection Set: 0.13ms
[2026-09-06T17:07:30.215-0400][388.807s][info][gc,phases   ] GC(64)   Merge Heap Roots: 0.18ms
[2026-09-06T17:07:30.215-0400][388.807s][info][gc,phases   ] GC(64)   Evacuate Collection Set: 6.03ms
[2026-09-06T17:07:30.215-0400][388.807s][info][gc,phases   ] GC(64)   Post Evacuate Collection Set: 0.53ms
[2026-09-06T17:07:30.215-0400][388.807s][info][gc,phases   ] GC(64)   Other: 0.16ms
[2026-09-06T17:07:30.215-0400][388.807s][info][gc,heap     ] GC(64) Eden regions: 454->0(453)
[2026-09-06T17:07:30.215-0400][388.807s][info][gc,heap     ] GC(64) Survivor regions: 37->36(62)
[2026-09-06T17:07:30.215-0400][388.807s][info][gc,heap     ] GC(64) Old regions: 357->360
[2026-09-06T17:07:30.215-0400][388.807s][info][gc,heap     ] GC(64) Archive regions: 0->0
[2026-09-06T17:07:30.215-0400][388.807s][info][gc,heap     ] GC(64) Humongous regions: 15->15
[2026-09-06T17:07:30.215-0400][388.807s][info][gc,metaspace] GC(64) Metaspace: 126126K(127872K)->126126K(127872K) NonClass: 107654K(108608K)->107654K(108608K) Class: 18471K(19264K)->18471K(19264K)
[2026-09-06T17:07:30.215-0400][388.807s][info][gc          ] GC(64) Pause Young (Normal) (G1 Evacuation Pause) 1723M->820M(2000M) 7.172ms
[2026-09-06T17:07:30.215-0400][388.807s][info][gc,cpu      ] GC(64) User=0.00s Sys=0.00s Real=0.01s
[2026-09-06T17:07:30.612-0400][389.205s][info][gc,start    ] GC(65) Pause Young (Normal) (G1 Evacuation Pause)
[2026-09-06T17:07:30.612-0400][389.205s][info][gc,task     ] GC(65) Using 23 workers of 23 for evacuation
[2026-09-06T17:07:30.621-0400][389.213s][info][gc,phases   ] GC(65)   Pre Evacuate Collection Set: 0.21ms
[2026-09-06T17:07:30.621-0400][389.213s][info][gc,phases   ] GC(65)   Merge Heap Roots: 0.20ms
[2026-09-06T17:07:30.621-0400][389.213s][info][gc,phases   ] GC(65)   Evacuate Collection Set: 6.84ms
[2026-09-06T17:07:30.621-0400][389.213s][info][gc,phases   ] GC(65)   Post Evacuate Collection Set: 0.69ms
[2026-09-06T17:07:30.621-0400][389.213s][info][gc,phases   ] GC(65)   Other: 0.17ms
[2026-09-06T17:07:30.621-0400][389.213s][info][gc,heap     ] GC(65) Eden regions: 453->0(449)
[2026-09-06T17:07:30.621-0400][389.213s][info][gc,heap     ] GC(65) Survivor regions: 36->36(62)
[2026-09-06T17:07:30.621-0400][389.213s][info][gc,heap     ] GC(65) Old regions: 360->364
[2026-09-06T17:07:30.621-0400][389.213s][info][gc,heap     ] GC(65) Archive regions: 0->0
[2026-09-06T17:07:30.621-0400][389.213s][info][gc,heap     ] GC(65) Humongous regions: 15->15
[2026-09-06T17:07:30.621-0400][389.213s][info][gc,metaspace] GC(65) Metaspace: 126156K(127936K)->126156K(127936K) NonClass: 107682K(108672K)->107682K(108672K) Class: 18473K(19264K)->18473K(19264K)
[2026-09-06T17:07:30.621-0400][389.213s][info][gc          ] GC(65) Pause Young (Normal) (G1 Evacuation Pause) 1726M->827M(2000M) 8.259ms
[2026-09-06T17:07:30.621-0400][389.213s][info][gc,cpu      ] GC(65) User=0.34s Sys=0.03s Real=0.01s
[2026-09-06T17:07:31.162-0400][389.753s][info][gc,start    ] GC(66) Pause Young (Normal) (G1 Evacuation Pause)
[2026-09-06T17:07:31.162-0400][389.753s][info][gc,task     ] GC(66) Using 23 workers of 23 for evacuation
[2026-09-06T17:07:31.168-0400][389.760s][info][gc,phases   ] GC(66)   Pre Evacuate Collection Set: 0.13ms
[2026-09-06T17:07:31.168-0400][389.760s][info][gc,phases   ] GC(66)   Merge Heap Roots: 0.21ms
[2026-09-06T17:07:31.168-0400][389.760s][info][gc,phases   ] GC(66)   Evacuate Collection Set: 5.62ms
[2026-09-06T17:07:31.168-0400][389.760s][info][gc,phases   ] GC(66)   Post Evacuate Collection Set: 0.63ms
[2026-09-06T17:07:31.168-0400][389.760s][info][gc,phases   ] GC(66)   Other: 0.16ms
[2026-09-06T17:07:31.168-0400][389.760s][info][gc,heap     ] GC(66) Eden regions: 449->0(448)
[2026-09-06T17:07:31.168-0400][389.760s][info][gc,heap     ] GC(66) Survivor regions: 36->35(61)
[2026-09-06T17:07:31.168-0400][389.760s][info][gc,heap     ] GC(66) Old regions: 364->367
[2026-09-06T17:07:31.168-0400][389.760s][info][gc,heap     ] GC(66) Archive regions: 0->0
[2026-09-06T17:07:31.168-0400][389.760s][info][gc,heap     ] GC(66) Humongous regions: 15->15
[2026-09-06T17:07:31.168-0400][389.760s][info][gc,metaspace] GC(66) Metaspace: 126165K(127936K)->126165K(127936K) NonClass: 107691K(108672K)->107691K(108672K) Class: 18473K(19264K)->18473K(19264K)
[2026-09-06T17:07:31.168-0400][389.760s][info][gc          ] GC(66) Pause Young (Normal) (G1 Evacuation Pause) 1725M->832M(2000M) 6.870ms
[2026-09-06T17:07:31.168-0400][389.760s][info][gc,cpu      ] GC(66) User=0.02s Sys=0.00s Real=0.01s
[2026-09-06T17:07:31.717-0400][390.309s][info][gc,start    ] GC(67) Pause Young (Normal) (G1 Evacuation Pause)
[2026-09-06T17:07:31.717-0400][390.309s][info][gc,task     ] GC(67) Using 23 workers of 23 for evacuation
[2026-09-06T17:07:31.724-0400][390.316s][info][gc,phases   ] GC(67)   Pre Evacuate Collection Set: 0.20ms
[2026-09-06T17:07:31.724-0400][390.316s][info][gc,phases   ] GC(67)   Merge Heap Roots: 0.20ms
[2026-09-06T17:07:31.724-0400][390.316s][info][gc,phases   ] GC(67)   Evacuate Collection Set: 5.45ms
[2026-09-06T17:07:31.724-0400][390.316s][info][gc,phases   ] GC(67)   Post Evacuate Collection Set: 0.67ms
[2026-09-06T17:07:31.724-0400][390.316s][info][gc,phases   ] GC(67)   Other: 0.19ms
[2026-09-06T17:07:31.724-0400][390.316s][info][gc,heap     ] GC(67) Eden regions: 448->0(447)
[2026-09-06T17:07:31.724-0400][390.316s][info][gc,heap     ] GC(67) Survivor regions: 35->34(61)
[2026-09-06T17:07:31.724-0400][390.316s][info][gc,heap     ] GC(67) Old regions: 367->370
[2026-09-06T17:07:31.724-0400][390.316s][info][gc,heap     ] GC(67) Archive regions: 0->0
[2026-09-06T17:07:31.724-0400][390.316s][info][gc,heap     ] GC(67) Humongous regions: 15->15
[2026-09-06T17:07:31.724-0400][390.316s][info][gc,metaspace] GC(67) Metaspace: 126197K(127936K)->126197K(127936K) NonClass: 107715K(108672K)->107715K(108672K) Class: 18481K(19264K)->18481K(19264K)
[2026-09-06T17:07:31.724-0400][390.316s][info][gc          ] GC(67) Pause Young (Normal) (G1 Evacuation Pause) 1728M->836M(2000M) 6.862ms
[2026-09-06T17:07:31.724-0400][390.316s][info][gc,cpu      ] GC(67) User=0.36s Sys=0.00s Real=0.01s
[2026-09-06T17:07:31.958-0400][390.550s][info][gc,start    ] GC(68) Pause Young (Normal) (G1 Evacuation Pause)
[2026-09-06T17:07:31.958-0400][390.550s][info][gc,task     ] GC(68) Using 23 workers of 23 for evacuation
[2026-09-06T17:07:31.966-0400][390.558s][info][gc,phases   ] GC(68)   Pre Evacuate Collection Set: 0.22ms
[2026-09-06T17:07:31.966-0400][390.558s][info][gc,phases   ] GC(68)   Merge Heap Roots: 0.23ms
[2026-09-06T17:07:31.966-0400][390.558s][info][gc,phases   ] GC(68)   Evacuate Collection Set: 6.36ms
[2026-09-06T17:07:31.966-0400][390.558s][info][gc,phases   ] GC(68)   Post Evacuate Collection Set: 0.68ms
[2026-09-06T17:07:31.966-0400][390.558s][info][gc,phases   ] GC(68)   Other: 0.24ms
[2026-09-06T17:07:31.966-0400][390.558s][info][gc,heap     ] GC(68) Eden regions: 447->0(443)
[2026-09-06T17:07:31.966-0400][390.558s][info][gc,heap     ] GC(68) Survivor regions: 34->34(61)
[2026-09-06T17:07:31.966-0400][390.558s][info][gc,heap     ] GC(68) Old regions: 370->374
[2026-09-06T17:07:31.966-0400][390.558s][info][gc,heap     ] GC(68) Archive regions: 0->0
[2026-09-06T17:07:31.966-0400][390.558s][info][gc,heap     ] GC(68) Humongous regions: 15->15
[2026-09-06T17:07:31.966-0400][390.558s][info][gc,metaspace] GC(68) Metaspace: 126205K(127936K)->126205K(127936K) NonClass: 107721K(108672K)->107721K(108672K) Class: 18483K(19264K)->18483K(19264K)
[2026-09-06T17:07:31.966-0400][390.558s][info][gc          ] GC(68) Pause Young (Normal) (G1 Evacuation Pause) 1730M->842M(2000M) 7.848ms
[2026-09-06T17:07:31.966-0400][390.558s][info][gc,cpu      ] GC(68) User=0.02s Sys=0.00s Real=0.01s
[2026-09-06T17:07:32.175-0400][390.768s][info][gc,start    ] GC(69) Pause Young (Normal) (G1 Evacuation Pause)
[2026-09-06T17:07:32.175-0400][390.768s][info][gc,task     ] GC(69) Using 23 workers of 23 for evacuation
[2026-09-06T17:07:32.181-0400][390.774s][info][gc,phases   ] GC(69)   Pre Evacuate Collection Set: 0.12ms
[2026-09-06T17:07:32.181-0400][390.774s][info][gc,phases   ] GC(69)   Merge Heap Roots: 0.19ms
[2026-09-06T17:07:32.181-0400][390.774s][info][gc,phases   ] GC(69)   Evacuate Collection Set: 5.17ms
[2026-09-06T17:07:32.181-0400][390.774s][info][gc,phases   ] GC(69)   Post Evacuate Collection Set: 0.62ms
[2026-09-06T17:07:32.181-0400][390.774s][info][gc,phases   ] GC(69)   Other: 0.20ms
[2026-09-06T17:07:32.181-0400][390.774s][info][gc,heap     ] GC(69) Eden regions: 443->0(444)
[2026-09-06T17:07:32.181-0400][390.774s][info][gc,heap     ] GC(69) Survivor regions: 34->32(60)
[2026-09-06T17:07:32.181-0400][390.774s][info][gc,heap     ] GC(69) Old regions: 374->377
[2026-09-06T17:07:32.181-0400][390.774s][info][gc,heap     ] GC(69) Archive regions: 0->0
[2026-09-06T17:07:32.182-0400][390.774s][info][gc,heap     ] GC(69) Humongous regions: 15->15
[2026-09-06T17:07:32.182-0400][390.774s][info][gc,metaspace] GC(69) Metaspace: 126205K(127936K)->126205K(127936K) NonClass: 107721K(108672K)->107721K(108672K) Class: 18483K(19264K)->18483K(19264K)
[2026-09-06T17:07:32.182-0400][390.774s][info][gc          ] GC(69) Pause Young (Normal) (G1 Evacuation Pause) 1728M->846M(2000M) 6.418ms
[2026-09-06T17:07:32.182-0400][390.774s][info][gc,cpu      ] GC(69) User=0.00s Sys=0.02s Real=0.01s
[2026-09-06T17:07:32.655-0400][391.248s][info][gc,start    ] GC(70) Pause Young (Normal) (G1 Evacuation Pause)
[2026-09-06T17:07:32.655-0400][391.248s][info][gc,task     ] GC(70) Using 23 workers of 23 for evacuation
[2026-09-06T17:07:32.663-0400][391.255s][info][gc,phases   ] GC(70)   Pre Evacuate Collection Set: 0.22ms
[2026-09-06T17:07:32.663-0400][391.255s][info][gc,phases   ] GC(70)   Merge Heap Roots: 0.19ms
[2026-09-06T17:07:32.663-0400][391.255s][info][gc,phases   ] GC(70)   Evacuate Collection Set: 5.86ms
[2026-09-06T17:07:32.663-0400][391.255s][info][gc,phases   ] GC(70)   Post Evacuate Collection Set: 0.73ms
[2026-09-06T17:07:32.663-0400][391.255s][info][gc,phases   ] GC(70)   Other: 0.21ms
[2026-09-06T17:07:32.663-0400][391.255s][info][gc,heap     ] GC(70) Eden regions: 444->0(436)
[2026-09-06T17:07:32.663-0400][391.255s][info][gc,heap     ] GC(70) Survivor regions: 32->36(60)
[2026-09-06T17:07:32.663-0400][391.255s][info][gc,heap     ] GC(70) Old regions: 377->377
[2026-09-06T17:07:32.663-0400][391.255s][info][gc,heap     ] GC(70) Archive regions: 0->0
[2026-09-06T17:07:32.663-0400][391.255s][info][gc,heap     ] GC(70) Humongous regions: 15->15
[2026-09-06T17:07:32.663-0400][391.255s][info][gc,metaspace] GC(70) Metaspace: 126250K(128000K)->126250K(128000K) NonClass: 107767K(108736K)->107767K(108736K) Class: 18483K(19264K)->18483K(19264K)
[2026-09-06T17:07:32.663-0400][391.255s][info][gc          ] GC(70) Pause Young (Normal) (G1 Evacuation Pause) 1734M->854M(2000M) 7.336ms
[2026-09-06T17:07:32.663-0400][391.255s][info][gc,cpu      ] GC(70) User=0.34s Sys=0.00s Real=0.01s
[2026-09-06T17:07:32.846-0400][391.438s][info][gc,start    ] GC(71) Pause Young (Normal) (G1 Evacuation Pause)
[2026-09-06T17:07:32.846-0400][391.438s][info][gc,task     ] GC(71) Using 23 workers of 23 for evacuation
[2026-09-06T17:07:32.853-0400][391.445s][info][gc,phases   ] GC(71)   Pre Evacuate Collection Set: 0.10ms
[2026-09-06T17:07:32.853-0400][391.445s][info][gc,phases   ] GC(71)   Merge Heap Roots: 0.17ms
[2026-09-06T17:07:32.853-0400][391.445s][info][gc,phases   ] GC(71)   Evacuate Collection Set: 5.89ms
[2026-09-06T17:07:32.853-0400][391.445s][info][gc,phases   ] GC(71)   Post Evacuate Collection Set: 0.46ms
[2026-09-06T17:07:32.853-0400][391.445s][info][gc,phases   ] GC(71)   Other: 0.16ms
[2026-09-06T17:07:32.853-0400][391.445s][info][gc,heap     ] GC(71) Eden regions: 436->0(438)
[2026-09-06T17:07:32.853-0400][391.445s][info][gc,heap     ] GC(71) Survivor regions: 36->32(59)
[2026-09-06T17:07:32.853-0400][391.445s][info][gc,heap     ] GC(71) Old regions: 377->383
[2026-09-06T17:07:32.853-0400][391.445s][info][gc,heap     ] GC(71) Archive regions: 0->0
[2026-09-06T17:07:32.853-0400][391.445s][info][gc,heap     ] GC(71) Humongous regions: 15->15
[2026-09-06T17:07:32.853-0400][391.445s][info][gc,metaspace] GC(71) Metaspace: 126250K(128000K)->126250K(128000K) NonClass: 107767K(108736K)->107767K(108736K) Class: 18483K(19264K)->18483K(19264K)
[2026-09-06T17:07:32.853-0400][391.445s][info][gc          ] GC(71) Pause Young (Normal) (G1 Evacuation Pause) 1726M->858M(2000M) 6.930ms
[2026-09-06T17:07:32.853-0400][391.445s][info][gc,cpu      ] GC(71) User=0.36s Sys=0.00s Real=0.01s
[2026-09-06T17:07:33.424-0400][392.017s][info][gc,start    ] GC(72) Pause Young (Normal) (G1 Evacuation Pause)
[2026-09-06T17:07:33.424-0400][392.017s][info][gc,task     ] GC(72) Using 23 workers of 23 for evacuation
[2026-09-06T17:07:33.432-0400][392.023s][info][gc,phases   ] GC(72)   Pre Evacuate Collection Set: 0.20ms
[2026-09-06T17:07:33.432-0400][392.023s][info][gc,phases   ] GC(72)   Merge Heap Roots: 0.19ms
[2026-09-06T17:07:33.432-0400][392.023s][info][gc,phases   ] GC(72)   Evacuate Collection Set: 5.71ms
[2026-09-06T17:07:33.432-0400][392.024s][info][gc,phases   ] GC(72)   Post Evacuate Collection Set: 0.59ms
[2026-09-06T17:07:33.432-0400][392.024s][info][gc,phases   ] GC(72)   Other: 0.21ms
[2026-09-06T17:07:33.432-0400][392.024s][info][gc,heap     ] GC(72) Eden regions: 438->0(428)
[2026-09-06T17:07:33.432-0400][392.024s][info][gc,heap     ] GC(72) Survivor regions: 32->37(59)
[2026-09-06T17:07:33.432-0400][392.024s][info][gc,heap     ] GC(72) Old regions: 383->383
[2026-09-06T17:07:33.432-0400][392.024s][info][gc,heap     ] GC(72) Archive regions: 0->0
[2026-09-06T17:07:33.432-0400][392.024s][info][gc,heap     ] GC(72) Humongous regions: 15->15
[2026-09-06T17:07:33.432-0400][392.024s][info][gc,metaspace] GC(72) Metaspace: 126283K(128000K)->126283K(128000K) NonClass: 107800K(108736K)->107800K(108736K) Class: 18483K(19264K)->18483K(19264K)
[2026-09-06T17:07:33.432-0400][392.024s][info][gc          ] GC(72) Pause Young (Normal) (G1 Evacuation Pause) 1734M->867M(2000M) 6.987ms
[2026-09-06T17:07:33.432-0400][392.024s][info][gc,cpu      ] GC(72) User=0.36s Sys=0.00s Real=0.01s
[2026-09-06T17:07:33.577-0400][392.169s][info][gc,start    ] GC(73) Pause Young (Normal) (G1 Evacuation Pause)
[2026-09-06T17:07:33.577-0400][392.169s][info][gc,task     ] GC(73) Using 23 workers of 23 for evacuation
[2026-09-06T17:07:33.585-0400][392.176s][info][gc,phases   ] GC(73)   Pre Evacuate Collection Set: 0.17ms
[2026-09-06T17:07:33.585-0400][392.176s][info][gc,phases   ] GC(73)   Merge Heap Roots: 0.20ms
[2026-09-06T17:07:33.585-0400][392.176s][info][gc,phases   ] GC(73)   Evacuate Collection Set: 6.10ms
[2026-09-06T17:07:33.585-0400][392.176s][info][gc,phases   ] GC(73)   Post Evacuate Collection Set: 0.50ms
[2026-09-06T17:07:33.585-0400][392.176s][info][gc,phases   ] GC(73)   Other: 0.25ms
[2026-09-06T17:07:33.585-0400][392.177s][info][gc,heap     ] GC(73) Eden regions: 428->0(430)
[2026-09-06T17:07:33.585-0400][392.177s][info][gc,heap     ] GC(73) Survivor regions: 37->33(59)
[2026-09-06T17:07:33.585-0400][392.177s][info][gc,heap     ] GC(73) Old regions: 383->389
[2026-09-06T17:07:33.585-0400][392.177s][info][gc,heap     ] GC(73) Archive regions: 0->0
[2026-09-06T17:07:33.585-0400][392.177s][info][gc,heap     ] GC(73) Humongous regions: 15->15
[2026-09-06T17:07:33.585-0400][392.177s][info][gc,metaspace] GC(73) Metaspace: 126283K(128000K)->126283K(128000K) NonClass: 107800K(108736K)->107800K(108736K) Class: 18483K(19264K)->18483K(19264K)
[2026-09-06T17:07:33.585-0400][392.177s][info][gc          ] GC(73) Pause Young (Normal) (G1 Evacuation Pause) 1723M->870M(2000M) 7.339ms
[2026-09-06T17:07:33.585-0400][392.177s][info][gc,cpu      ] GC(73) User=0.36s Sys=0.03s Real=0.01s
[2026-09-06T17:07:34.124-0400][392.716s][info][gc,start    ] GC(74) Pause Young (Normal) (G1 Evacuation Pause)
[2026-09-06T17:07:34.124-0400][392.716s][info][gc,task     ] GC(74) Using 23 workers of 23 for evacuation
[2026-09-06T17:07:34.131-0400][392.723s][info][gc,phases   ] GC(74)   Pre Evacuate Collection Set: 0.22ms
[2026-09-06T17:07:34.131-0400][392.723s][info][gc,phases   ] GC(74)   Merge Heap Roots: 0.22ms
[2026-09-06T17:07:34.131-0400][392.723s][info][gc,phases   ] GC(74)   Evacuate Collection Set: 5.67ms
[2026-09-06T17:07:34.131-0400][392.723s][info][gc,phases   ] GC(74)   Post Evacuate Collection Set: 0.72ms
[2026-09-06T17:07:34.131-0400][392.723s][info][gc,phases   ] GC(74)   Other: 0.25ms
[2026-09-06T17:07:34.131-0400][392.723s][info][gc,heap     ] GC(74) Eden regions: 430->0(427)
[2026-09-06T17:07:34.131-0400][392.723s][info][gc,heap     ] GC(74) Survivor regions: 33->33(58)
[2026-09-06T17:07:34.131-0400][392.723s][info][gc,heap     ] GC(74) Old regions: 389->392
[2026-09-06T17:07:34.131-0400][392.723s][info][gc,heap     ] GC(74) Archive regions: 0->0
[2026-09-06T17:07:34.131-0400][392.724s][info][gc,heap     ] GC(74) Humongous regions: 15->15
[2026-09-06T17:07:34.131-0400][392.724s][info][gc,metaspace] GC(74) Metaspace: 126294K(128000K)->126294K(128000K) NonClass: 107811K(108736K)->107811K(108736K) Class: 18483K(19264K)->18483K(19264K)
[2026-09-06T17:07:34.131-0400][392.724s][info][gc          ] GC(74) Pause Young (Normal) (G1 Evacuation Pause) 1730M->877M(2000M) 7.182ms
[2026-09-06T17:07:34.131-0400][392.724s][info][gc,cpu      ] GC(74) User=0.33s Sys=0.00s Real=0.01s
[2026-09-06T17:07:34.303-0400][392.896s][info][gc,start    ] GC(75) Pause Young (Normal) (G1 Evacuation Pause)
[2026-09-06T17:07:34.304-0400][392.896s][info][gc,task     ] GC(75) Using 23 workers of 23 for evacuation
[2026-09-06T17:07:34.309-0400][392.901s][info][gc,phases   ] GC(75)   Pre Evacuate Collection Set: 0.09ms
[2026-09-06T17:07:34.309-0400][392.901s][info][gc,phases   ] GC(75)   Merge Heap Roots: 0.15ms
[2026-09-06T17:07:34.309-0400][392.901s][info][gc,phases   ] GC(75)   Evacuate Collection Set: 5.07ms
[2026-09-06T17:07:34.309-0400][392.901s][info][gc,phases   ] GC(75)   Post Evacuate Collection Set: 0.44ms
[2026-09-06T17:07:34.309-0400][392.901s][info][gc,phases   ] GC(75)   Other: 0.15ms
[2026-09-06T17:07:34.309-0400][392.901s][info][gc,heap     ] GC(75) Eden regions: 427->0(427)
[2026-09-06T17:07:34.309-0400][392.901s][info][gc,heap     ] GC(75) Survivor regions: 33->32(58)
[2026-09-06T17:07:34.309-0400][392.901s][info][gc,heap     ] GC(75) Old regions: 392->394
[2026-09-06T17:07:34.309-0400][392.901s][info][gc,heap     ] GC(75) Archive regions: 0->0
[2026-09-06T17:07:34.309-0400][392.901s][info][gc,heap     ] GC(75) Humongous regions: 15->15
[2026-09-06T17:07:34.309-0400][392.902s][info][gc,metaspace] GC(75) Metaspace: 126297K(128000K)->126297K(128000K) NonClass: 107813K(108736K)->107813K(108736K) Class: 18484K(19264K)->18484K(19264K)
[2026-09-06T17:07:34.309-0400][392.902s][info][gc          ] GC(75) Pause Young (Normal) (G1 Evacuation Pause) 1731M->880M(2000M) 6.018ms
[2026-09-06T17:07:34.309-0400][392.902s][info][gc,cpu      ] GC(75) User=0.00s Sys=0.00s Real=0.01s
[2026-09-06T17:07:35.048-0400][393.640s][info][gc,start    ] GC(76) Pause Young (Normal) (G1 Evacuation Pause)
[2026-09-06T17:07:35.048-0400][393.640s][info][gc,task     ] GC(76) Using 23 workers of 23 for evacuation
[2026-09-06T17:07:35.053-0400][393.645s][info][gc,phases   ] GC(76)   Pre Evacuate Collection Set: 0.15ms
[2026-09-06T17:07:35.053-0400][393.646s][info][gc,phases   ] GC(76)   Merge Heap Roots: 0.21ms
[2026-09-06T17:07:35.053-0400][393.646s][info][gc,phases   ] GC(76)   Evacuate Collection Set: 4.40ms
[2026-09-06T17:07:35.053-0400][393.646s][info][gc,phases   ] GC(76)   Post Evacuate Collection Set: 0.54ms
[2026-09-06T17:07:35.053-0400][393.646s][info][gc,phases   ] GC(76)   Other: 0.14ms
[2026-09-06T17:07:35.053-0400][393.646s][info][gc,heap     ] GC(76) Eden regions: 427->0(429)
[2026-09-06T17:07:35.053-0400][393.646s][info][gc,heap     ] GC(76) Survivor regions: 32->29(58)
[2026-09-06T17:07:35.053-0400][393.646s][info][gc,heap     ] GC(76) Old regions: 394->398
[2026-09-06T17:07:35.053-0400][393.646s][info][gc,heap     ] GC(76) Archive regions: 0->0
[2026-09-06T17:07:35.053-0400][393.646s][info][gc,heap     ] GC(76) Humongous regions: 15->15
[2026-09-06T17:07:35.053-0400][393.646s][info][gc,metaspace] GC(76) Metaspace: 126297K(128000K)->126297K(128000K) NonClass: 107813K(108736K)->107813K(108736K) Class: 18484K(19264K)->18484K(19264K)
[2026-09-06T17:07:35.054-0400][393.646s][info][gc          ] GC(76) Pause Young (Normal) (G1 Evacuation Pause) 1734M->882M(2000M) 5.714ms
[2026-09-06T17:07:35.054-0400][393.646s][info][gc,cpu      ] GC(76) User=0.36s Sys=0.00s Real=0.01s
[2026-09-06T17:07:35.487-0400][394.078s][info][gc,start    ] GC(77) Pause Young (Normal) (G1 Evacuation Pause)
[2026-09-06T17:07:35.487-0400][394.079s][info][gc,task     ] GC(77) Using 23 workers of 23 for evacuation
[2026-09-06T17:07:35.493-0400][394.086s][info][gc,phases   ] GC(77)   Pre Evacuate Collection Set: 0.20ms
[2026-09-06T17:07:35.493-0400][394.086s][info][gc,phases   ] GC(77)   Merge Heap Roots: 0.20ms
[2026-09-06T17:07:35.493-0400][394.086s][info][gc,phases   ] GC(77)   Evacuate Collection Set: 5.72ms
[2026-09-06T17:07:35.493-0400][394.086s][info][gc,phases   ] GC(77)   Post Evacuate Collection Set: 0.86ms
[2026-09-06T17:07:35.493-0400][394.086s][info][gc,phases   ] GC(77)   Other: 0.33ms
[2026-09-06T17:07:35.493-0400][394.086s][info][gc,heap     ] GC(77) Eden regions: 429->0(423)
[2026-09-06T17:07:35.493-0400][394.086s][info][gc,heap     ] GC(77) Survivor regions: 29->32(58)
[2026-09-06T17:07:35.493-0400][394.086s][info][gc,heap     ] GC(77) Old regions: 398->398
[2026-09-06T17:07:35.493-0400][394.086s][info][gc,heap     ] GC(77) Archive regions: 0->0
[2026-09-06T17:07:35.493-0400][394.086s][info][gc,heap     ] GC(77) Humongous regions: 15->15
[2026-09-06T17:07:35.493-0400][394.086s][info][gc,metaspace] GC(77) Metaspace: 126333K(128128K)->126333K(128128K) NonClass: 107847K(108864K)->107847K(108864K) Class: 18485K(19264K)->18485K(19264K)
[2026-09-06T17:07:35.493-0400][394.086s][info][gc          ] GC(77) Pause Young (Normal) (G1 Evacuation Pause) 1740M->888M(2000M) 7.445ms
[2026-09-06T17:07:35.493-0400][394.086s][info][gc,cpu      ] GC(77) User=0.36s Sys=0.00s Real=0.01s
[2026-09-06T17:07:35.705-0400][394.296s][info][gc,start    ] GC(78) Pause Young (Normal) (G1 Evacuation Pause)
[2026-09-06T17:07:35.705-0400][394.296s][info][gc,task     ] GC(78) Using 23 workers of 23 for evacuation
[2026-09-06T17:07:35.711-0400][394.303s][info][gc,phases   ] GC(78)   Pre Evacuate Collection Set: 0.17ms
[2026-09-06T17:07:35.711-0400][394.303s][info][gc,phases   ] GC(78)   Merge Heap Roots: 0.21ms
[2026-09-06T17:07:35.711-0400][394.303s][info][gc,phases   ] GC(78)   Evacuate Collection Set: 5.18ms
[2026-09-06T17:07:35.711-0400][394.303s][info][gc,phases   ] GC(78)   Post Evacuate Collection Set: 0.73ms
[2026-09-06T17:07:35.711-0400][394.303s][info][gc,phases   ] GC(78)   Other: 0.24ms
[2026-09-06T17:07:35.711-0400][394.303s][info][gc,heap     ] GC(78) Eden regions: 423->0(420)
[2026-09-06T17:07:35.711-0400][394.303s][info][gc,heap     ] GC(78) Survivor regions: 32->32(57)
[2026-09-06T17:07:35.711-0400][394.303s][info][gc,heap     ] GC(78) Old regions: 398->401
[2026-09-06T17:07:35.711-0400][394.303s][info][gc,heap     ] GC(78) Archive regions: 0->0
[2026-09-06T17:07:35.711-0400][394.303s][info][gc,heap     ] GC(78) Humongous regions: 15->15
[2026-09-06T17:07:35.711-0400][394.303s][info][gc,metaspace] GC(78) Metaspace: 126334K(128128K)->126334K(128128K) NonClass: 107848K(108864K)->107848K(108864K) Class: 18486K(19264K)->18486K(19264K)
[2026-09-06T17:07:35.711-0400][394.303s][info][gc          ] GC(78) Pause Young (Normal) (G1 Evacuation Pause) 1734M->893M(2000M) 6.685ms
[2026-09-06T17:07:35.711-0400][394.303s][info][gc,cpu      ] GC(78) User=0.33s Sys=0.03s Real=0.01s
[2026-09-06T17:07:41.504-0400][400.096s][info][gc,start    ] GC(79) Pause Young (Normal) (G1 Evacuation Pause)
[2026-09-06T17:07:41.504-0400][400.096s][info][gc,task     ] GC(79) Using 23 workers of 23 for evacuation
[2026-09-06T17:07:41.515-0400][400.108s][info][gc,phases   ] GC(79)   Pre Evacuate Collection Set: 0.13ms
[2026-09-06T17:07:41.515-0400][400.108s][info][gc,phases   ] GC(79)   Merge Heap Roots: 0.21ms
[2026-09-06T17:07:41.515-0400][400.108s][info][gc,phases   ] GC(79)   Evacuate Collection Set: 10.06ms
[2026-09-06T17:07:41.515-0400][400.108s][info][gc,phases   ] GC(79)   Post Evacuate Collection Set: 0.80ms
[2026-09-06T17:07:41.515-0400][400.108s][info][gc,phases   ] GC(79)   Other: 0.19ms
[2026-09-06T17:07:41.515-0400][400.108s][info][gc,heap     ] GC(79) Eden regions: 420->0(372)
[2026-09-06T17:07:41.515-0400][400.108s][info][gc,heap     ] GC(79) Survivor regions: 32->56(57)
[2026-09-06T17:07:41.515-0400][400.108s][info][gc,heap     ] GC(79) Old regions: 401->401
[2026-09-06T17:07:41.516-0400][400.108s][info][gc,heap     ] GC(79) Archive regions: 0->0
[2026-09-06T17:07:41.516-0400][400.108s][info][gc,heap     ] GC(79) Humongous regions: 15->15
[2026-09-06T17:07:41.516-0400][400.108s][info][gc,metaspace] GC(79) Metaspace: 137486K(139328K)->137486K(139328K) NonClass: 117401K(118400K)->117401K(118400K) Class: 20085K(20928K)->20085K(20928K)
[2026-09-06T17:07:41.516-0400][400.108s][info][gc          ] GC(79) Pause Young (Normal) (G1 Evacuation Pause) 1733M->941M(2000M) 11.510ms
[2026-09-06T17:07:41.516-0400][400.108s][info][gc,cpu      ] GC(79) User=0.00s Sys=0.00s Real=0.01s
[2026-09-06T17:07:41.753-0400][400.346s][info][gc,start    ] GC(80) Pause Young (Normal) (G1 Evacuation Pause)
[2026-09-06T17:07:41.753-0400][400.346s][info][gc,task     ] GC(80) Using 23 workers of 23 for evacuation
[2026-09-06T17:07:41.765-0400][400.356s][info][gc,phases   ] GC(80)   Pre Evacuate Collection Set: 0.15ms
[2026-09-06T17:07:41.765-0400][400.356s][info][gc,phases   ] GC(80)   Merge Heap Roots: 0.16ms
[2026-09-06T17:07:41.765-0400][400.356s][info][gc,phases   ] GC(80)   Evacuate Collection Set: 9.27ms
[2026-09-06T17:07:41.765-0400][400.356s][info][gc,phases   ] GC(80)   Post Evacuate Collection Set: 0.73ms
[2026-09-06T17:07:41.765-0400][400.356s][info][gc,phases   ] GC(80)   Other: 0.21ms
[2026-09-06T17:07:41.765-0400][400.356s][info][gc,heap     ] GC(80) Eden regions: 372->0(389)
[2026-09-06T17:07:41.765-0400][400.356s][info][gc,heap     ] GC(80) Survivor regions: 56->33(54)
[2026-09-06T17:07:41.765-0400][400.356s][info][gc,heap     ] GC(80) Old regions: 401->428
[2026-09-06T17:07:41.765-0400][400.356s][info][gc,heap     ] GC(80) Archive regions: 0->0
[2026-09-06T17:07:41.765-0400][400.356s][info][gc,heap     ] GC(80) Humongous regions: 15->15
[2026-09-06T17:07:41.765-0400][400.356s][info][gc,metaspace] GC(80) Metaspace: 138032K(139840K)->138032K(139840K) NonClass: 117869K(118848K)->117869K(118848K) Class: 20162K(20992K)->20162K(20992K)
[2026-09-06T17:07:41.765-0400][400.356s][info][gc          ] GC(80) Pause Young (Normal) (G1 Evacuation Pause) 1685M->950M(2000M) 10.643ms
[2026-09-06T17:07:41.765-0400][400.356s][info][gc,cpu      ] GC(80) User=0.14s Sys=0.00s Real=0.01s
[2026-09-06T17:07:42.367-0400][400.959s][info][gc,start    ] GC(81) Pause Young (Normal) (G1 Evacuation Pause)
[2026-09-06T17:07:42.367-0400][400.959s][info][gc,task     ] GC(81) Using 23 workers of 23 for evacuation
[2026-09-06T17:07:42.374-0400][400.966s][info][gc,phases   ] GC(81)   Pre Evacuate Collection Set: 0.19ms
[2026-09-06T17:07:42.374-0400][400.966s][info][gc,phases   ] GC(81)   Merge Heap Roots: 0.16ms
[2026-09-06T17:07:42.374-0400][400.966s][info][gc,phases   ] GC(81)   Evacuate Collection Set: 6.17ms
[2026-09-06T17:07:42.374-0400][400.967s][info][gc,phases   ] GC(81)   Post Evacuate Collection Set: 0.71ms
[2026-09-06T17:07:42.374-0400][400.967s][info][gc,phases   ] GC(81)   Other: 0.21ms
[2026-09-06T17:07:42.374-0400][400.967s][info][gc,heap     ] GC(81) Eden regions: 389->0(380)
[2026-09-06T17:07:42.374-0400][400.967s][info][gc,heap     ] GC(81) Survivor regions: 33->18(53)
[2026-09-06T17:07:42.374-0400][400.967s][info][gc,heap     ] GC(81) Old regions: 428->450
[2026-09-06T17:07:42.374-0400][400.967s][info][gc,heap     ] GC(81) Archive regions: 0->0
[2026-09-06T17:07:42.374-0400][400.967s][info][gc,heap     ] GC(81) Humongous regions: 15->15
[2026-09-06T17:07:42.374-0400][400.967s][info][gc,metaspace] GC(81) Metaspace: 139349K(141248K)->139349K(141248K) NonClass: 118994K(120000K)->118994K(120000K) Class: 20354K(21248K)->20354K(21248K)
[2026-09-06T17:07:42.374-0400][400.967s][info][gc          ] GC(81) Pause Young (Normal) (G1 Evacuation Pause) 1728M->965M(2000M) 7.551ms
[2026-09-06T17:07:42.374-0400][400.967s][info][gc,cpu      ] GC(81) User=0.00s Sys=0.00s Real=0.01s
[2026-09-06T17:07:42.597-0400][401.189s][info][gc,start    ] GC(82) Pause Young (Concurrent Start) (G1 Evacuation Pause)
[2026-09-06T17:07:42.597-0400][401.189s][info][gc,task     ] GC(82) Using 23 workers of 23 for evacuation
[2026-09-06T17:07:42.603-0400][401.195s][info][gc,phases   ] GC(82)   Pre Evacuate Collection Set: 0.22ms
[2026-09-06T17:07:42.603-0400][401.195s][info][gc,phases   ] GC(82)   Merge Heap Roots: 0.33ms
[2026-09-06T17:07:42.603-0400][401.195s][info][gc,phases   ] GC(82)   Evacuate Collection Set: 5.01ms
[2026-09-06T17:07:42.603-0400][401.195s][info][gc,phases   ] GC(82)   Post Evacuate Collection Set: 0.60ms
[2026-09-06T17:07:42.603-0400][401.195s][info][gc,phases   ] GC(82)   Other: 0.23ms
[2026-09-06T17:07:42.603-0400][401.195s][info][gc,heap     ] GC(82) Eden regions: 380->0(372)
[2026-09-06T17:07:42.603-0400][401.195s][info][gc,heap     ] GC(82) Survivor regions: 18->26(50)
[2026-09-06T17:07:42.603-0400][401.195s][info][gc,heap     ] GC(82) Old regions: 450->450
[2026-09-06T17:07:42.603-0400][401.195s][info][gc,heap     ] GC(82) Archive regions: 0->0
[2026-09-06T17:07:42.603-0400][401.195s][info][gc,heap     ] GC(82) Humongous regions: 15->15
[2026-09-06T17:07:42.603-0400][401.195s][info][gc,metaspace] GC(82) Metaspace: 139809K(141696K)->139809K(141696K) NonClass: 119387K(120384K)->119387K(120384K) Class: 20421K(21312K)->20421K(21312K)
[2026-09-06T17:07:42.603-0400][401.195s][info][gc          ] GC(82) Pause Young (Concurrent Start) (G1 Evacuation Pause) 1725M->981M(2000M) 6.516ms
[2026-09-06T17:07:42.604-0400][401.195s][info][gc,cpu      ] GC(82) User=0.22s Sys=0.05s Real=0.01s
[2026-09-06T17:07:42.604-0400][401.195s][info][gc          ] GC(83) Concurrent Mark Cycle
[2026-09-06T17:07:42.604-0400][401.195s][info][gc,marking  ] GC(83) Concurrent Clear Claimed Marks
[2026-09-06T17:07:42.604-0400][401.196s][info][gc,marking  ] GC(83) Concurrent Clear Claimed Marks 0.458ms
[2026-09-06T17:07:42.604-0400][401.196s][info][gc,marking  ] GC(83) Concurrent Scan Root Regions
[2026-09-06T17:07:42.609-0400][401.201s][info][gc,marking  ] GC(83) Concurrent Scan Root Regions 4.984ms
[2026-09-06T17:07:42.609-0400][401.201s][info][gc,marking  ] GC(83) Concurrent Mark
[2026-09-06T17:07:42.609-0400][401.201s][info][gc,marking  ] GC(83) Concurrent Mark From Roots
[2026-09-06T17:07:42.609-0400][401.201s][info][gc,task     ] GC(83) Using 6 workers of 6 for marking
[2026-09-06T17:07:42.774-0400][401.366s][info][gc,marking  ] GC(83) Concurrent Mark From Roots 165.609ms
[2026-09-06T17:07:42.775-0400][401.367s][info][gc,marking  ] GC(83) Concurrent Preclean
[2026-09-06T17:07:42.775-0400][401.367s][info][gc,marking  ] GC(83) Concurrent Preclean 0.484ms
[2026-09-06T17:07:42.780-0400][401.372s][info][gc,start    ] GC(83) Pause Remark
[2026-09-06T17:07:42.789-0400][401.381s][info][gc          ] GC(83) Pause Remark 1426M->1426M(2380M) 9.223ms
[2026-09-06T17:07:42.789-0400][401.381s][info][gc,cpu      ] GC(83) User=0.03s Sys=0.05s Real=0.01s
[2026-09-06T17:07:42.789-0400][401.381s][info][gc,marking  ] GC(83) Concurrent Mark 180.381ms
[2026-09-06T17:07:42.789-0400][401.381s][info][gc,marking  ] GC(83) Concurrent Rebuild Remembered Sets
[2026-09-06T17:07:42.839-0400][401.431s][info][gc,marking  ] GC(83) Concurrent Rebuild Remembered Sets 49.944ms
[2026-09-06T17:07:42.841-0400][401.432s][info][gc,start    ] GC(83) Pause Cleanup
[2026-09-06T17:07:42.841-0400][401.433s][info][gc          ] GC(83) Pause Cleanup 1469M->1469M(2380M) 0.310ms
[2026-09-06T17:07:42.841-0400][401.433s][info][gc,cpu      ] GC(83) User=0.00s Sys=0.00s Real=0.00s
[2026-09-06T17:07:42.841-0400][401.433s][info][gc,marking  ] GC(83) Concurrent Cleanup for Next Mark
[2026-09-06T17:07:42.847-0400][401.439s][info][gc,marking  ] GC(83) Concurrent Cleanup for Next Mark 6.139ms
[2026-09-06T17:07:42.847-0400][401.439s][info][gc          ] GC(83) Concurrent Mark Cycle 243.586ms
[2026-09-06T17:07:43.114-0400][401.706s][info][gc,start    ] GC(84) Pause Young (Prepare Mixed) (G1 Evacuation Pause)
[2026-09-06T17:07:43.114-0400][401.706s][info][gc,task     ] GC(84) Using 23 workers of 23 for evacuation
[2026-09-06T17:07:43.123-0400][401.715s][info][gc,phases   ] GC(84)   Pre Evacuate Collection Set: 0.15ms
[2026-09-06T17:07:43.123-0400][401.716s][info][gc,phases   ] GC(84)   Merge Heap Roots: 0.15ms
[2026-09-06T17:07:43.123-0400][401.716s][info][gc,phases   ] GC(84)   Evacuate Collection Set: 8.39ms
[2026-09-06T17:07:43.123-0400][401.716s][info][gc,phases   ] GC(84)   Post Evacuate Collection Set: 0.65ms
[2026-09-06T17:07:43.123-0400][401.716s][info][gc,phases   ] GC(84)   Other: 0.14ms
[2026-09-06T17:07:43.123-0400][401.716s][info][gc,heap     ] GC(84) Eden regions: 355->0(32)
[2026-09-06T17:07:43.123-0400][401.716s][info][gc,heap     ] GC(84) Survivor regions: 26->27(48)
[2026-09-06T17:07:43.123-0400][401.716s][info][gc,heap     ] GC(84) Old regions: 450->450
[2026-09-06T17:07:43.123-0400][401.716s][info][gc,heap     ] GC(84) Archive regions: 0->0
[2026-09-06T17:07:43.123-0400][401.716s][info][gc,heap     ] GC(84) Humongous regions: 15->15
[2026-09-06T17:07:43.123-0400][401.716s][info][gc,metaspace] GC(84) Metaspace: 140617K(142528K)->140617K(142528K) NonClass: 120077K(121088K)->120077K(121088K) Class: 20540K(21440K)->20540K(21440K)
[2026-09-06T17:07:43.123-0400][401.716s][info][gc          ] GC(84) Pause Young (Prepare Mixed) (G1 Evacuation Pause) 1691M->983M(2380M) 9.610ms
[2026-09-06T17:07:43.123-0400][401.716s][info][gc,cpu      ] GC(84) User=0.00s Sys=0.00s Real=0.01s
[2026-09-06T17:07:43.195-0400][401.787s][info][gc,start    ] GC(85) Pause Young (Mixed) (G1 Evacuation Pause)
[2026-09-06T17:07:43.195-0400][401.787s][info][gc,task     ] GC(85) Using 23 workers of 23 for evacuation
[2026-09-06T17:07:43.201-0400][401.793s][info][gc,phases   ] GC(85)   Pre Evacuate Collection Set: 0.11ms
[2026-09-06T17:07:43.201-0400][401.793s][info][gc,phases   ] GC(85)   Merge Heap Roots: 0.12ms
[2026-09-06T17:07:43.201-0400][401.793s][info][gc,phases   ] GC(85)   Evacuate Collection Set: 4.92ms
[2026-09-06T17:07:43.202-0400][401.793s][info][gc,phases   ] GC(85)   Post Evacuate Collection Set: 0.50ms
[2026-09-06T17:07:43.202-0400][401.793s][info][gc,phases   ] GC(85)   Other: 0.14ms
[2026-09-06T17:07:43.202-0400][401.793s][info][gc,heap     ] GC(85) Eden regions: 32->0(53)
[2026-09-06T17:07:43.202-0400][401.793s][info][gc,heap     ] GC(85) Survivor regions: 27->6(8)
[2026-09-06T17:07:43.202-0400][401.793s][info][gc,heap     ] GC(85) Old regions: 450->359
[2026-09-06T17:07:43.202-0400][401.793s][info][gc,heap     ] GC(85) Archive regions: 0->0
[2026-09-06T17:07:43.202-0400][401.793s][info][gc,heap     ] GC(85) Humongous regions: 15->15
[2026-09-06T17:07:43.202-0400][401.793s][info][gc,metaspace] GC(85) Metaspace: 140689K(142592K)->140689K(142592K) NonClass: 120147K(121152K)->120147K(121152K) Class: 20542K(21440K)->20542K(21440K)
[2026-09-06T17:07:43.202-0400][401.793s][info][gc          ] GC(85) Pause Young (Mixed) (G1 Evacuation Pause) 1047M->757M(2380M) 5.942ms
[2026-09-06T17:07:43.202-0400][401.793s][info][gc,cpu      ] GC(85) User=0.00s Sys=0.00s Real=0.01s
[2026-09-06T17:07:43.274-0400][401.866s][info][gc,start    ] GC(86) Pause Young (Mixed) (G1 Evacuation Pause)
[2026-09-06T17:07:43.274-0400][401.866s][info][gc,task     ] GC(86) Using 23 workers of 23 for evacuation
[2026-09-06T17:07:43.278-0400][401.870s][info][gc,phases   ] GC(86)   Pre Evacuate Collection Set: 0.11ms
[2026-09-06T17:07:43.278-0400][401.870s][info][gc,phases   ] GC(86)   Merge Heap Roots: 0.11ms
[2026-09-06T17:07:43.278-0400][401.870s][info][gc,phases   ] GC(86)   Evacuate Collection Set: 3.33ms
[2026-09-06T17:07:43.278-0400][401.870s][info][gc,phases   ] GC(86)   Post Evacuate Collection Set: 0.37ms
[2026-09-06T17:07:43.278-0400][401.870s][info][gc,phases   ] GC(86)   Other: 0.14ms
[2026-09-06T17:07:43.278-0400][401.870s][info][gc,heap     ] GC(86) Eden regions: 53->0(634)
[2026-09-06T17:07:43.278-0400][401.870s][info][gc,heap     ] GC(86) Survivor regions: 6->5(8)
[2026-09-06T17:07:43.278-0400][401.870s][info][gc,heap     ] GC(86) Old regions: 359->333
[2026-09-06T17:07:43.278-0400][401.870s][info][gc,heap     ] GC(86) Archive regions: 0->0
[2026-09-06T17:07:43.278-0400][401.870s][info][gc,heap     ] GC(86) Humongous regions: 15->15
[2026-09-06T17:07:43.278-0400][401.870s][info][gc,metaspace] GC(86) Metaspace: 140712K(142592K)->140712K(142592K) NonClass: 120170K(121152K)->120170K(121152K) Class: 20542K(21440K)->20542K(21440K)
[2026-09-06T17:07:43.278-0400][401.870s][info][gc          ] GC(86) Pause Young (Mixed) (G1 Evacuation Pause) 863M->704M(2380M) 4.186ms
[2026-09-06T17:07:43.278-0400][401.870s][info][gc,cpu      ] GC(86) User=0.00s Sys=0.00s Real=0.00s
[2026-09-06T17:07:44.254-0400][402.845s][info][gc,start    ] GC(87) Pause Young (Normal) (GCLocker Initiated GC)
[2026-09-06T17:07:44.254-0400][402.845s][info][gc,task     ] GC(87) Using 23 workers of 23 for evacuation
[2026-09-06T17:07:44.262-0400][402.854s][info][gc,phases   ] GC(87)   Pre Evacuate Collection Set: 0.14ms
[2026-09-06T17:07:44.262-0400][402.854s][info][gc,phases   ] GC(87)   Merge Heap Roots: 0.19ms
[2026-09-06T17:07:44.262-0400][402.854s][info][gc,phases   ] GC(87)   Evacuate Collection Set: 8.11ms
[2026-09-06T17:07:44.262-0400][402.854s][info][gc,phases   ] GC(87)   Post Evacuate Collection Set: 0.56ms
[2026-09-06T17:07:44.262-0400][402.854s][info][gc,phases   ] GC(87)   Other: 0.18ms
[2026-09-06T17:07:44.262-0400][402.854s][info][gc,heap     ] GC(87) Eden regions: 634->0(624)
[2026-09-06T17:07:44.262-0400][402.854s][info][gc,heap     ] GC(87) Survivor regions: 5->29(80)
[2026-09-06T17:07:44.262-0400][402.855s][info][gc,heap     ] GC(87) Old regions: 333->333
[2026-09-06T17:07:44.262-0400][402.855s][info][gc,heap     ] GC(87) Archive regions: 0->0
[2026-09-06T17:07:44.262-0400][402.855s][info][gc,heap     ] GC(87) Humongous regions: 15->15
[2026-09-06T17:07:44.262-0400][402.855s][info][gc,metaspace] GC(87) Metaspace: 140829K(142720K)->140829K(142720K) NonClass: 120283K(121280K)->120283K(121280K) Class: 20546K(21440K)->20546K(21440K)
[2026-09-06T17:07:44.262-0400][402.855s][info][gc          ] GC(87) Pause Young (Normal) (GCLocker Initiated GC) 1972M->752M(2380M) 9.418ms
[2026-09-06T17:07:44.262-0400][402.855s][info][gc,cpu      ] GC(87) User=0.34s Sys=0.02s Real=0.01s
[2026-09-06T17:07:46.743-0400][405.335s][info][gc,start    ] GC(88) Pause Young (Normal) (G1 Evacuation Pause)
[2026-09-06T17:07:46.744-0400][405.335s][info][gc,task     ] GC(88) Using 23 workers of 23 for evacuation
[2026-09-06T17:07:46.748-0400][405.340s][info][gc,phases   ] GC(88)   Pre Evacuate Collection Set: 0.20ms
[2026-09-06T17:07:46.748-0400][405.340s][info][gc,phases   ] GC(88)   Merge Heap Roots: 0.26ms
[2026-09-06T17:07:46.748-0400][405.340s][info][gc,phases   ] GC(88)   Evacuate Collection Set: 3.81ms
[2026-09-06T17:07:46.748-0400][405.340s][info][gc,phases   ] GC(88)   Post Evacuate Collection Set: 0.62ms
[2026-09-06T17:07:46.748-0400][405.340s][info][gc,phases   ] GC(88)   Other: 0.19ms
[2026-09-06T17:07:46.748-0400][405.340s][info][gc,heap     ] GC(88) Eden regions: 624->0(653)
[2026-09-06T17:07:46.748-0400][405.340s][info][gc,heap     ] GC(88) Survivor regions: 29->11(82)
[2026-09-06T17:07:46.748-0400][405.340s][info][gc,heap     ] GC(88) Old regions: 333->333
[2026-09-06T17:07:46.748-0400][405.340s][info][gc,heap     ] GC(88) Archive regions: 0->0
[2026-09-06T17:07:46.748-0400][405.340s][info][gc,heap     ] GC(88) Humongous regions: 15->15
[2026-09-06T17:07:46.748-0400][405.340s][info][gc,metaspace] GC(88) Metaspace: 141662K(143552K)->141662K(143552K) NonClass: 120966K(121984K)->120966K(121984K) Class: 20695K(21568K)->20695K(21568K)
[2026-09-06T17:07:46.748-0400][405.340s][info][gc          ] GC(88) Pause Young (Normal) (G1 Evacuation Pause) 2000M->716M(2380M) 5.212ms
[2026-09-06T17:07:46.748-0400][405.340s][info][gc,cpu      ] GC(88) User=0.00s Sys=0.00s Real=0.00s
[2026-09-06T17:07:47.780-0400][406.372s][info][gc,start    ] GC(89) Pause Young (Normal) (G1 Evacuation Pause)
[2026-09-06T17:07:47.780-0400][406.372s][info][gc,task     ] GC(89) Using 23 workers of 23 for evacuation
[2026-09-06T17:07:47.786-0400][406.378s][info][gc,phases   ] GC(89)   Pre Evacuate Collection Set: 0.14ms
[2026-09-06T17:07:47.786-0400][406.378s][info][gc,phases   ] GC(89)   Merge Heap Roots: 0.19ms
[2026-09-06T17:07:47.786-0400][406.378s][info][gc,phases   ] GC(89)   Evacuate Collection Set: 4.38ms
[2026-09-06T17:07:47.786-0400][406.378s][info][gc,phases   ] GC(89)   Post Evacuate Collection Set: 0.63ms
[2026-09-06T17:07:47.786-0400][406.378s][info][gc,phases   ] GC(89)   Other: 0.16ms
[2026-09-06T17:07:47.786-0400][406.378s][info][gc,heap     ] GC(89) Eden regions: 653->0(657)
[2026-09-06T17:07:47.786-0400][406.378s][info][gc,heap     ] GC(89) Survivor regions: 11->13(83)
[2026-09-06T17:07:47.786-0400][406.378s][info][gc,heap     ] GC(89) Old regions: 333->333
[2026-09-06T17:07:47.786-0400][406.378s][info][gc,heap     ] GC(89) Archive regions: 0->0
[2026-09-06T17:07:47.786-0400][406.378s][info][gc,heap     ] GC(89) Humongous regions: 15->15
[2026-09-06T17:07:47.786-0400][406.378s][info][gc,metaspace] GC(89) Metaspace: 141911K(143872K)->141911K(143872K) NonClass: 121193K(122240K)->121193K(122240K) Class: 20718K(21632K)->20718K(21632K)
[2026-09-06T17:07:47.786-0400][406.378s][info][gc          ] GC(89) Pause Young (Normal) (G1 Evacuation Pause) 2022M->721M(2380M) 5.613ms
[2026-09-06T17:07:47.786-0400][406.378s][info][gc,cpu      ] GC(89) User=0.02s Sys=0.02s Real=0.01s
[2026-09-06T17:07:49.308-0400][407.899s][info][gc,start    ] GC(90) Pause Young (Normal) (G1 Evacuation Pause)
[2026-09-06T17:07:49.308-0400][407.899s][info][gc,task     ] GC(90) Using 23 workers of 23 for evacuation
[2026-09-06T17:07:49.406-0400][407.997s][info][gc,phases   ] GC(90)   Pre Evacuate Collection Set: 0.16ms
[2026-09-06T17:07:49.406-0400][407.997s][info][gc,phases   ] GC(90)   Merge Heap Roots: 0.20ms
[2026-09-06T17:07:49.406-0400][407.998s][info][gc,phases   ] GC(90)   Evacuate Collection Set: 96.72ms
[2026-09-06T17:07:49.406-0400][407.998s][info][gc,phases   ] GC(90)   Post Evacuate Collection Set: 1.00ms
[2026-09-06T17:07:49.406-0400][407.998s][info][gc,phases   ] GC(90)   Other: 0.16ms
[2026-09-06T17:07:49.406-0400][407.998s][info][gc,heap     ] GC(90) Eden regions: 657->0(360)
[2026-09-06T17:07:49.406-0400][407.998s][info][gc,heap     ] GC(90) Survivor regions: 13->84(84)
[2026-09-06T17:07:49.406-0400][407.998s][info][gc,heap     ] GC(90) Old regions: 333->457
[2026-09-06T17:07:49.406-0400][407.998s][info][gc,heap     ] GC(90) Archive regions: 0->0
[2026-09-06T17:07:49.406-0400][407.998s][info][gc,heap     ] GC(90) Humongous regions: 15->15
[2026-09-06T17:07:49.406-0400][407.998s][info][gc,metaspace] GC(90) Metaspace: 141993K(143936K)->141993K(143936K) NonClass: 121266K(122304K)->121266K(122304K) Class: 20726K(21632K)->20726K(21632K)
[2026-09-06T17:07:49.406-0400][407.998s][info][gc          ] GC(90) Pause Young (Normal) (G1 Evacuation Pause) 2035M->1110M(2452M) 98.361ms
[2026-09-06T17:07:49.406-0400][407.998s][info][gc,cpu      ] GC(90) User=2.05s Sys=0.08s Real=0.10s
[2026-09-06T17:07:50.376-0400][408.968s][info][gc,start    ] GC(91) Pause Young (Concurrent Start) (G1 Evacuation Pause)
[2026-09-06T17:07:50.376-0400][408.969s][info][gc,task     ] GC(91) Using 23 workers of 23 for evacuation
[2026-09-06T17:07:50.394-0400][408.986s][info][gc,phases   ] GC(91)   Pre Evacuate Collection Set: 0.27ms
[2026-09-06T17:07:50.395-0400][408.986s][info][gc,phases   ] GC(91)   Merge Heap Roots: 0.84ms
[2026-09-06T17:07:50.395-0400][408.986s][info][gc,phases   ] GC(91)   Evacuate Collection Set: 15.81ms
[2026-09-06T17:07:50.395-0400][408.986s][info][gc,phases   ] GC(91)   Post Evacuate Collection Set: 0.66ms
[2026-09-06T17:07:50.395-0400][408.986s][info][gc,phases   ] GC(91)   Other: 0.20ms
[2026-09-06T17:07:50.395-0400][408.986s][info][gc,heap     ] GC(91) Eden regions: 360->0(396)
[2026-09-06T17:07:50.395-0400][408.986s][info][gc,heap     ] GC(91) Survivor regions: 84->33(56)
[2026-09-06T17:07:50.395-0400][408.986s][info][gc,heap     ] GC(91) Old regions: 457->480
[2026-09-06T17:07:50.395-0400][408.986s][info][gc,heap     ] GC(91) Archive regions: 0->0
[2026-09-06T17:07:50.395-0400][408.986s][info][gc,heap     ] GC(91) Humongous regions: 15->15
[2026-09-06T17:07:50.395-0400][408.986s][info][gc,metaspace] GC(91) Metaspace: 142157K(144064K)->142157K(144064K) NonClass: 121417K(122432K)->121417K(122432K) Class: 20740K(21632K)->20740K(21632K)
[2026-09-06T17:07:50.395-0400][408.986s][info][gc          ] GC(91) Pause Young (Concurrent Start) (G1 Evacuation Pause) 1830M->1055M(2452M) 17.901ms
[2026-09-06T17:07:50.395-0400][408.986s][info][gc,cpu      ] GC(91) User=0.27s Sys=0.08s Real=0.02s
[2026-09-06T17:07:50.395-0400][408.986s][info][gc          ] GC(92) Concurrent Mark Cycle
[2026-09-06T17:07:50.395-0400][408.986s][info][gc,marking  ] GC(92) Concurrent Clear Claimed Marks
[2026-09-06T17:07:50.395-0400][408.987s][info][gc,marking  ] GC(92) Concurrent Clear Claimed Marks 0.139ms
[2026-09-06T17:07:50.395-0400][408.987s][info][gc,marking  ] GC(92) Concurrent Scan Root Regions
[2026-09-06T17:07:50.401-0400][408.994s][info][gc,marking  ] GC(92) Concurrent Scan Root Regions 6.947ms
[2026-09-06T17:07:50.401-0400][408.994s][info][gc,marking  ] GC(92) Concurrent Mark
[2026-09-06T17:07:50.401-0400][408.994s][info][gc,marking  ] GC(92) Concurrent Mark From Roots
[2026-09-06T17:07:50.401-0400][408.994s][info][gc,task     ] GC(92) Using 6 workers of 6 for marking
[2026-09-06T17:07:50.501-0400][409.093s][info][gc,marking  ] GC(92) Concurrent Mark From Roots 99.235ms
[2026-09-06T17:07:50.501-0400][409.093s][info][gc,marking  ] GC(92) Concurrent Preclean
[2026-09-06T17:07:50.502-0400][409.093s][info][gc,marking  ] GC(92) Concurrent Preclean 0.260ms
[2026-09-06T17:07:50.502-0400][409.093s][info][gc,start    ] GC(92) Pause Remark
[2026-09-06T17:07:50.508-0400][409.099s][info][gc          ] GC(92) Pause Remark 1097M->1097M(2452M) 6.049ms
[2026-09-06T17:07:50.508-0400][409.099s][info][gc,cpu      ] GC(92) User=0.12s Sys=0.00s Real=0.01s
[2026-09-06T17:07:50.508-0400][409.099s][info][gc,marking  ] GC(92) Concurrent Mark 105.815ms
[2026-09-06T17:07:50.508-0400][409.099s][info][gc,marking  ] GC(92) Concurrent Rebuild Remembered Sets
[2026-09-06T17:07:50.561-0400][409.152s][info][gc,marking  ] GC(92) Concurrent Rebuild Remembered Sets 52.926ms
[2026-09-06T17:07:50.561-0400][409.152s][info][gc,start    ] GC(92) Pause Cleanup
[2026-09-06T17:07:50.561-0400][409.153s][info][gc          ] GC(92) Pause Cleanup 1114M->1114M(2452M) 0.298ms
[2026-09-06T17:07:50.561-0400][409.153s][info][gc,cpu      ] GC(92) User=0.00s Sys=0.00s Real=0.00s
[2026-09-06T17:07:50.561-0400][409.153s][info][gc,marking  ] GC(92) Concurrent Cleanup for Next Mark
[2026-09-06T17:07:50.563-0400][409.154s][info][gc,marking  ] GC(92) Concurrent Cleanup for Next Mark 1.609ms
[2026-09-06T17:07:50.563-0400][409.155s][info][gc          ] GC(92) Concurrent Mark Cycle 168.082ms
[2026-09-06T17:07:50.989-0400][409.581s][info][gc,start    ] GC(93) Pause Young (Prepare Mixed) (G1 Evacuation Pause)
[2026-09-06T17:07:50.989-0400][409.581s][info][gc,task     ] GC(93) Using 23 workers of 23 for evacuation
[2026-09-06T17:07:50.999-0400][409.591s][info][gc,phases   ] GC(93)   Pre Evacuate Collection Set: 0.11ms
[2026-09-06T17:07:50.999-0400][409.591s][info][gc,phases   ] GC(93)   Merge Heap Roots: 0.19ms
[2026-09-06T17:07:50.999-0400][409.591s][info][gc,phases   ] GC(93)   Evacuate Collection Set: 9.36ms
[2026-09-06T17:07:50.999-0400][409.591s][info][gc,phases   ] GC(93)   Post Evacuate Collection Set: 0.62ms
[2026-09-06T17:07:50.999-0400][409.591s][info][gc,phases   ] GC(93)   Other: 0.16ms
[2026-09-06T17:07:50.999-0400][409.591s][info][gc,heap     ] GC(93) Eden regions: 396->0(7)
[2026-09-06T17:07:50.999-0400][409.591s][info][gc,heap     ] GC(93) Survivor regions: 33->54(54)
[2026-09-06T17:07:50.999-0400][409.591s][info][gc,heap     ] GC(93) Old regions: 480->482
[2026-09-06T17:07:50.999-0400][409.591s][info][gc,heap     ] GC(93) Archive regions: 0->0
[2026-09-06T17:07:50.999-0400][409.591s][info][gc,heap     ] GC(93) Humongous regions: 16->16
[2026-09-06T17:07:50.999-0400][409.591s][info][gc,metaspace] GC(93) Metaspace: 142778K(144768K)->142778K(144768K) NonClass: 121980K(123072K)->121980K(123072K) Class: 20798K(21696K)->20798K(21696K)
[2026-09-06T17:07:50.999-0400][409.591s][info][gc          ] GC(93) Pause Young (Prepare Mixed) (G1 Evacuation Pause) 1849M->1102M(2452M) 10.564ms
[2026-09-06T17:07:50.999-0400][409.591s][info][gc,cpu      ] GC(93) User=0.00s Sys=0.00s Real=0.01s
[2026-09-06T17:07:51.004-0400][409.596s][info][gc,start    ] GC(94) Pause Young (Mixed) (G1 Evacuation Pause)
[2026-09-06T17:07:51.004-0400][409.596s][info][gc,task     ] GC(94) Using 23 workers of 23 for evacuation
[2026-09-06T17:07:51.014-0400][409.606s][info][gc,phases   ] GC(94)   Pre Evacuate Collection Set: 0.18ms
[2026-09-06T17:07:51.014-0400][409.606s][info][gc,phases   ] GC(94)   Merge Heap Roots: 0.16ms
[2026-09-06T17:07:51.014-0400][409.606s][info][gc,phases   ] GC(94)   Evacuate Collection Set: 9.02ms
[2026-09-06T17:07:51.014-0400][409.606s][info][gc,phases   ] GC(94)   Post Evacuate Collection Set: 0.55ms
[2026-09-06T17:07:51.014-0400][409.606s][info][gc,phases   ] GC(94)   Other: 0.21ms
[2026-09-06T17:07:51.014-0400][409.606s][info][gc,heap     ] GC(94) Eden regions: 7->0(54)
[2026-09-06T17:07:51.014-0400][409.606s][info][gc,heap     ] GC(94) Survivor regions: 54->7(8)
[2026-09-06T17:07:51.014-0400][409.606s][info][gc,heap     ] GC(94) Old regions: 482->420
[2026-09-06T17:07:51.014-0400][409.606s][info][gc,heap     ] GC(94) Archive regions: 0->0
[2026-09-06T17:07:51.014-0400][409.606s][info][gc,heap     ] GC(94) Humongous regions: 16->16
[2026-09-06T17:07:51.014-0400][409.606s][info][gc,metaspace] GC(94) Metaspace: 142785K(144768K)->142785K(144768K) NonClass: 121987K(123072K)->121987K(123072K) Class: 20798K(21696K)->20798K(21696K)
[2026-09-06T17:07:51.014-0400][409.606s][info][gc          ] GC(94) Pause Young (Mixed) (G1 Evacuation Pause) 1116M->884M(2452M) 10.220ms
[2026-09-06T17:07:51.014-0400][409.606s][info][gc,cpu      ] GC(94) User=0.09s Sys=0.00s Real=0.01s
[2026-09-06T17:07:51.047-0400][409.638s][info][gc,start    ] GC(95) Pause Young (Mixed) (G1 Evacuation Pause)
[2026-09-06T17:07:51.047-0400][409.638s][info][gc,task     ] GC(95) Using 23 workers of 23 for evacuation
[2026-09-06T17:07:51.051-0400][409.642s][info][gc,phases   ] GC(95)   Pre Evacuate Collection Set: 0.12ms
[2026-09-06T17:07:51.051-0400][409.642s][info][gc,phases   ] GC(95)   Merge Heap Roots: 0.12ms
[2026-09-06T17:07:51.051-0400][409.642s][info][gc,phases   ] GC(95)   Evacuate Collection Set: 3.55ms
[2026-09-06T17:07:51.051-0400][409.642s][info][gc,phases   ] GC(95)   Post Evacuate Collection Set: 0.46ms
[2026-09-06T17:07:51.051-0400][409.642s][info][gc,phases   ] GC(95)   Other: 0.17ms
[2026-09-06T17:07:51.051-0400][409.642s][info][gc,heap     ] GC(95) Eden regions: 54->0(483)
[2026-09-06T17:07:51.051-0400][409.642s][info][gc,heap     ] GC(95) Survivor regions: 7->3(8)
[2026-09-06T17:07:51.051-0400][409.642s][info][gc,heap     ] GC(95) Old regions: 420->396
[2026-09-06T17:07:51.051-0400][409.642s][info][gc,heap     ] GC(95) Archive regions: 0->0
[2026-09-06T17:07:51.051-0400][409.642s][info][gc,heap     ] GC(95) Humongous regions: 16->16
[2026-09-06T17:07:51.051-0400][409.642s][info][gc,metaspace] GC(95) Metaspace: 142848K(144832K)->142848K(144832K) NonClass: 122045K(123136K)->122045K(123136K) Class: 20802K(21696K)->20802K(21696K)
[2026-09-06T17:07:51.051-0400][409.642s][info][gc          ] GC(95) Pause Young (Mixed) (G1 Evacuation Pause) 992M->828M(2452M) 4.522ms
[2026-09-06T17:07:51.051-0400][409.643s][info][gc,cpu      ] GC(95) User=0.00s Sys=0.00s Real=0.00s
[2026-09-06T17:07:51.230-0400][409.822s][info][gc,start    ] GC(96) Pause Young (Normal) (G1 Evacuation Pause)
[2026-09-06T17:07:51.230-0400][409.823s][info][gc,task     ] GC(96) Using 23 workers of 23 for evacuation
[2026-09-06T17:07:51.234-0400][409.826s][info][gc,phases   ] GC(96)   Pre Evacuate Collection Set: 0.17ms
[2026-09-06T17:07:51.234-0400][409.826s][info][gc,phases   ] GC(96)   Merge Heap Roots: 0.15ms
[2026-09-06T17:07:51.234-0400][409.826s][info][gc,phases   ] GC(96)   Evacuate Collection Set: 2.56ms
[2026-09-06T17:07:51.234-0400][409.826s][info][gc,phases   ] GC(96)   Post Evacuate Collection Set: 0.49ms
[2026-09-06T17:07:51.234-0400][409.826s][info][gc,phases   ] GC(96)   Other: 0.17ms
[2026-09-06T17:07:51.234-0400][409.826s][info][gc,heap     ] GC(96) Eden regions: 483->0(511)
[2026-09-06T17:07:51.234-0400][409.826s][info][gc,heap     ] GC(96) Survivor regions: 3->7(61)
[2026-09-06T17:07:51.234-0400][409.826s][info][gc,heap     ] GC(96) Old regions: 396->396
[2026-09-06T17:07:51.234-0400][409.826s][info][gc,heap     ] GC(96) Archive regions: 0->0
[2026-09-06T17:07:51.234-0400][409.826s][info][gc,heap     ] GC(96) Humongous regions: 16->16
[2026-09-06T17:07:51.234-0400][409.826s][info][gc,metaspace] GC(96) Metaspace: 143235K(145216K)->143235K(145216K) NonClass: 122387K(123456K)->122387K(123456K) Class: 20848K(21760K)->20848K(21760K)
[2026-09-06T17:07:51.234-0400][409.826s][info][gc          ] GC(96) Pause Young (Normal) (G1 Evacuation Pause) 1794M->835M(2452M) 3.663ms
[2026-09-06T17:07:51.234-0400][409.826s][info][gc,cpu      ] GC(96) User=0.00s Sys=0.00s Real=0.00s
[2026-09-06T17:07:51.998-0400][410.590s][info][gc,start    ] GC(97) Pause Young (Normal) (GCLocker Initiated GC)
[2026-09-06T17:07:51.998-0400][410.590s][info][gc,task     ] GC(97) Using 23 workers of 23 for evacuation
[2026-09-06T17:07:52.004-0400][410.596s][info][gc,phases   ] GC(97)   Pre Evacuate Collection Set: 0.19ms
[2026-09-06T17:07:52.004-0400][410.596s][info][gc,phases   ] GC(97)   Merge Heap Roots: 0.17ms
[2026-09-06T17:07:52.004-0400][410.596s][info][gc,phases   ] GC(97)   Evacuate Collection Set: 4.93ms
[2026-09-06T17:07:52.004-0400][410.596s][info][gc,phases   ] GC(97)   Post Evacuate Collection Set: 0.66ms
[2026-09-06T17:07:52.004-0400][410.596s][info][gc,phases   ] GC(97)   Other: 0.16ms
[2026-09-06T17:07:52.004-0400][410.596s][info][gc,heap     ] GC(97) Eden regions: 511->0(526)
[2026-09-06T17:07:52.004-0400][410.596s][info][gc,heap     ] GC(97) Survivor regions: 7->17(65)
[2026-09-06T17:07:52.004-0400][410.596s][info][gc,heap     ] GC(97) Old regions: 396->396
[2026-09-06T17:07:52.004-0400][410.596s][info][gc,heap     ] GC(97) Archive regions: 0->0
[2026-09-06T17:07:52.004-0400][410.596s][info][gc,heap     ] GC(97) Humongous regions: 16->16
[2026-09-06T17:07:52.004-0400][410.596s][info][gc,metaspace] GC(97) Metaspace: 144691K(146624K)->144691K(146624K) NonClass: 123722K(124736K)->123722K(124736K) Class: 20969K(21888K)->20969K(21888K)
[2026-09-06T17:07:52.004-0400][410.596s][info][gc          ] GC(97) Pause Young (Normal) (GCLocker Initiated GC) 1857M->855M(2452M) 6.272ms
[2026-09-06T17:07:52.004-0400][410.596s][info][gc,cpu      ] GC(97) User=0.05s Sys=0.00s Real=0.01s
[2026-09-06T17:07:52.378-0400][410.970s][info][gc,start    ] GC(98) Pause Young (Normal) (GCLocker Initiated GC)
[2026-09-06T17:07:52.378-0400][410.970s][info][gc,task     ] GC(98) Using 23 workers of 23 for evacuation
[2026-09-06T17:07:52.383-0400][410.975s][info][gc,phases   ] GC(98)   Pre Evacuate Collection Set: 0.15ms
[2026-09-06T17:07:52.383-0400][410.975s][info][gc,phases   ] GC(98)   Merge Heap Roots: 0.16ms
[2026-09-06T17:07:52.383-0400][410.975s][info][gc,phases   ] GC(98)   Evacuate Collection Set: 3.96ms
[2026-09-06T17:07:52.383-0400][410.975s][info][gc,phases   ] GC(98)   Post Evacuate Collection Set: 0.53ms
[2026-09-06T17:07:52.383-0400][410.975s][info][gc,phases   ] GC(98)   Other: 0.17ms
[2026-09-06T17:07:52.383-0400][410.975s][info][gc,heap     ] GC(98) Eden regions: 526->0(545)
[2026-09-06T17:07:52.383-0400][410.975s][info][gc,heap     ] GC(98) Survivor regions: 17->21(68)
[2026-09-06T17:07:52.383-0400][410.975s][info][gc,heap     ] GC(98) Old regions: 396->396
[2026-09-06T17:07:52.383-0400][410.975s][info][gc,heap     ] GC(98) Archive regions: 0->0
[2026-09-06T17:07:52.383-0400][410.975s][info][gc,heap     ] GC(98) Humongous regions: 16->16
[2026-09-06T17:07:52.383-0400][410.975s][info][gc,metaspace] GC(98) Metaspace: 145045K(147008K)->145045K(147008K) NonClass: 124069K(125120K)->124069K(125120K) Class: 20975K(21888K)->20975K(21888K)
[2026-09-06T17:07:52.383-0400][410.975s][info][gc          ] GC(98) Pause Young (Normal) (GCLocker Initiated GC) 1907M->862M(2452M) 5.096ms
[2026-09-06T17:07:52.383-0400][410.975s][info][gc,cpu      ] GC(98) User=0.31s Sys=0.06s Real=0.00s
[2026-09-06T17:07:52.890-0400][411.482s][info][gc,start    ] GC(99) Pause Young (Normal) (G1 Evacuation Pause)
[2026-09-06T17:07:52.890-0400][411.482s][info][gc,task     ] GC(99) Using 23 workers of 23 for evacuation
[2026-09-06T17:07:52.897-0400][411.489s][info][gc,phases   ] GC(99)   Pre Evacuate Collection Set: 0.14ms
[2026-09-06T17:07:52.897-0400][411.489s][info][gc,phases   ] GC(99)   Merge Heap Roots: 0.19ms
[2026-09-06T17:07:52.897-0400][411.489s][info][gc,phases   ] GC(99)   Evacuate Collection Set: 5.61ms
[2026-09-06T17:07:52.897-0400][411.489s][info][gc,phases   ] GC(99)   Post Evacuate Collection Set: 0.61ms
[2026-09-06T17:07:52.897-0400][411.489s][info][gc,phases   ] GC(99)   Other: 0.26ms
[2026-09-06T17:07:52.897-0400][411.489s][info][gc,heap     ] GC(99) Eden regions: 545->0(557)
[2026-09-06T17:07:52.897-0400][411.489s][info][gc,heap     ] GC(99) Survivor regions: 21->27(71)
[2026-09-06T17:07:52.897-0400][411.489s][info][gc,heap     ] GC(99) Old regions: 396->396
[2026-09-06T17:07:52.897-0400][411.489s][info][gc,heap     ] GC(99) Archive regions: 0->0
[2026-09-06T17:07:52.897-0400][411.489s][info][gc,heap     ] GC(99) Humongous regions: 16->16
[2026-09-06T17:07:52.897-0400][411.489s][info][gc,metaspace] GC(99) Metaspace: 145395K(147328K)->145395K(147328K) NonClass: 124413K(125440K)->124413K(125440K) Class: 20981K(21888K)->20981K(21888K)
[2026-09-06T17:07:52.897-0400][411.489s][info][gc          ] GC(99) Pause Young (Normal) (G1 Evacuation Pause) 1952M->875M(2452M) 6.926ms
[2026-09-06T17:07:52.897-0400][411.489s][info][gc,cpu      ] GC(99) User=0.39s Sys=0.03s Real=0.01s
[2026-09-06T17:07:53.143-0400][411.736s][info][gc,start    ] GC(100) Pause Young (Normal) (G1 Evacuation Pause)
[2026-09-06T17:07:53.144-0400][411.736s][info][gc,task     ] GC(100) Using 23 workers of 23 for evacuation
[2026-09-06T17:07:53.151-0400][411.743s][info][gc,phases   ] GC(100)   Pre Evacuate Collection Set: 0.17ms
[2026-09-06T17:07:53.151-0400][411.743s][info][gc,phases   ] GC(100)   Merge Heap Roots: 0.19ms
[2026-09-06T17:07:53.151-0400][411.743s][info][gc,phases   ] GC(100)   Evacuate Collection Set: 5.96ms
[2026-09-06T17:07:53.151-0400][411.743s][info][gc,phases   ] GC(100)   Post Evacuate Collection Set: 0.63ms
[2026-09-06T17:07:53.151-0400][411.743s][info][gc,phases   ] GC(100)   Other: 0.27ms
[2026-09-06T17:07:53.151-0400][411.743s][info][gc,heap     ] GC(100) Eden regions: 557->0(569)
[2026-09-06T17:07:53.151-0400][411.743s][info][gc,heap     ] GC(100) Survivor regions: 27->31(73)
[2026-09-06T17:07:53.151-0400][411.743s][info][gc,heap     ] GC(100) Old regions: 396->396
[2026-09-06T17:07:53.151-0400][411.743s][info][gc,heap     ] GC(100) Archive regions: 0->0
[2026-09-06T17:07:53.151-0400][411.743s][info][gc,heap     ] GC(100) Humongous regions: 16->16
[2026-09-06T17:07:53.151-0400][411.743s][info][gc,metaspace] GC(100) Metaspace: 145455K(147392K)->145455K(147392K) NonClass: 124470K(125504K)->124470K(125504K) Class: 20984K(21888K)->20984K(21888K)
[2026-09-06T17:07:53.151-0400][411.743s][info][gc          ] GC(100) Pause Young (Normal) (G1 Evacuation Pause) 1989M->883M(2452M) 7.316ms
[2026-09-06T17:07:53.151-0400][411.743s][info][gc,cpu      ] GC(100) User=0.17s Sys=0.02s Real=0.01s
[2026-09-06T17:07:53.723-0400][412.315s][info][gc,start    ] GC(101) Pause Young (Normal) (G1 Evacuation Pause)
[2026-09-06T17:07:53.723-0400][412.315s][info][gc,task     ] GC(101) Using 23 workers of 23 for evacuation
[2026-09-06T17:07:53.731-0400][412.322s][info][gc,phases   ] GC(101)   Pre Evacuate Collection Set: 0.16ms
[2026-09-06T17:07:53.731-0400][412.322s][info][gc,phases   ] GC(101)   Merge Heap Roots: 0.18ms
[2026-09-06T17:07:53.731-0400][412.322s][info][gc,phases   ] GC(101)   Evacuate Collection Set: 6.44ms
[2026-09-06T17:07:53.731-0400][412.322s][info][gc,phases   ] GC(101)   Post Evacuate Collection Set: 0.59ms
[2026-09-06T17:07:53.731-0400][412.322s][info][gc,phases   ] GC(101)   Other: 0.19ms
[2026-09-06T17:07:53.731-0400][412.322s][info][gc,heap     ] GC(101) Eden regions: 569->0(576)
[2026-09-06T17:07:53.731-0400][412.322s][info][gc,heap     ] GC(101) Survivor regions: 31->36(75)
[2026-09-06T17:07:53.731-0400][412.322s][info][gc,heap     ] GC(101) Old regions: 396->396
[2026-09-06T17:07:53.731-0400][412.322s][info][gc,heap     ] GC(101) Archive regions: 0->0
[2026-09-06T17:07:53.731-0400][412.322s][info][gc,heap     ] GC(101) Humongous regions: 16->16
[2026-09-06T17:07:53.731-0400][412.322s][info][gc,metaspace] GC(101) Metaspace: 145789K(147776K)->145789K(147776K) NonClass: 124794K(125888K)->124794K(125888K) Class: 20995K(21888K)->20995K(21888K)
[2026-09-06T17:07:53.731-0400][412.322s][info][gc          ] GC(101) Pause Young (Normal) (G1 Evacuation Pause) 2021M->894M(2452M) 7.671ms
[2026-09-06T17:07:53.731-0400][412.322s][info][gc,cpu      ] GC(101) User=0.05s Sys=0.02s Real=0.01s
[2026-09-06T17:07:53.938-0400][412.530s][info][gc,start    ] GC(102) Pause Young (Normal) (G1 Evacuation Pause)
[2026-09-06T17:07:53.938-0400][412.530s][info][gc,task     ] GC(102) Using 23 workers of 23 for evacuation
[2026-09-06T17:07:53.946-0400][412.537s][info][gc,phases   ] GC(102)   Pre Evacuate Collection Set: 0.16ms
[2026-09-06T17:07:53.946-0400][412.538s][info][gc,phases   ] GC(102)   Merge Heap Roots: 0.18ms
[2026-09-06T17:07:53.946-0400][412.538s][info][gc,phases   ] GC(102)   Evacuate Collection Set: 6.22ms
[2026-09-06T17:07:53.946-0400][412.538s][info][gc,phases   ] GC(102)   Post Evacuate Collection Set: 0.64ms
[2026-09-06T17:07:53.946-0400][412.538s][info][gc,phases   ] GC(102)   Other: 0.24ms
[2026-09-06T17:07:53.946-0400][412.538s][info][gc,heap     ] GC(102) Eden regions: 576->0(586)
[2026-09-06T17:07:53.946-0400][412.538s][info][gc,heap     ] GC(102) Survivor regions: 36->39(77)
[2026-09-06T17:07:53.946-0400][412.538s][info][gc,heap     ] GC(102) Old regions: 396->396
[2026-09-06T17:07:53.946-0400][412.538s][info][gc,heap     ] GC(102) Archive regions: 0->0
[2026-09-06T17:07:53.946-0400][412.538s][info][gc,heap     ] GC(102) Humongous regions: 16->16
[2026-09-06T17:07:53.946-0400][412.538s][info][gc,metaspace] GC(102) Metaspace: 145812K(147776K)->145812K(147776K) NonClass: 124816K(125888K)->124816K(125888K) Class: 20995K(21888K)->20995K(21888K)
[2026-09-06T17:07:53.946-0400][412.538s][info][gc          ] GC(102) Pause Young (Normal) (G1 Evacuation Pause) 2046M->899M(2452M) 7.567ms
[2026-09-06T17:07:53.946-0400][412.538s][info][gc,cpu      ] GC(102) User=0.36s Sys=0.03s Real=0.01s
[2026-09-06T17:07:54.591-0400][413.183s][info][gc,start    ] GC(103) Pause Young (Normal) (G1 Evacuation Pause)
[2026-09-06T17:07:54.591-0400][413.183s][info][gc,task     ] GC(103) Using 23 workers of 23 for evacuation
[2026-09-06T17:07:54.599-0400][413.191s][info][gc,phases   ] GC(103)   Pre Evacuate Collection Set: 0.16ms
[2026-09-06T17:07:54.599-0400][413.191s][info][gc,phases   ] GC(103)   Merge Heap Roots: 0.21ms
[2026-09-06T17:07:54.599-0400][413.191s][info][gc,phases   ] GC(103)   Evacuate Collection Set: 7.39ms
[2026-09-06T17:07:54.599-0400][413.191s][info][gc,phases   ] GC(103)   Post Evacuate Collection Set: 0.69ms
[2026-09-06T17:07:54.599-0400][413.191s][info][gc,phases   ] GC(103)   Other: 0.19ms
[2026-09-06T17:07:54.599-0400][413.191s][info][gc,heap     ] GC(103) Eden regions: 586->0(589)
[2026-09-06T17:07:54.599-0400][413.191s][info][gc,heap     ] GC(103) Survivor regions: 39->44(79)
[2026-09-06T17:07:54.599-0400][413.191s][info][gc,heap     ] GC(103) Old regions: 396->396
[2026-09-06T17:07:54.599-0400][413.191s][info][gc,heap     ] GC(103) Archive regions: 0->0
[2026-09-06T17:07:54.599-0400][413.191s][info][gc,heap     ] GC(103) Humongous regions: 16->16
[2026-09-06T17:07:54.599-0400][413.191s][info][gc,metaspace] GC(103) Metaspace: 145967K(147904K)->145967K(147904K) NonClass: 124970K(126016K)->124970K(126016K) Class: 20996K(21888K)->20996K(21888K)
[2026-09-06T17:07:54.599-0400][413.191s][info][gc          ] GC(103) Pause Young (Normal) (G1 Evacuation Pause) 2071M->910M(2452M) 8.779ms
[2026-09-06T17:07:54.599-0400][413.191s][info][gc,cpu      ] GC(103) User=0.34s Sys=0.03s Real=0.01s
[2026-09-06T17:07:54.858-0400][413.450s][info][gc,start    ] GC(104) Pause Young (Normal) (G1 Evacuation Pause)
[2026-09-06T17:07:54.858-0400][413.450s][info][gc,task     ] GC(104) Using 23 workers of 23 for evacuation
[2026-09-06T17:07:54.866-0400][413.458s][info][gc,phases   ] GC(104)   Pre Evacuate Collection Set: 0.16ms
[2026-09-06T17:07:54.866-0400][413.458s][info][gc,phases   ] GC(104)   Merge Heap Roots: 0.20ms
[2026-09-06T17:07:54.866-0400][413.458s][info][gc,phases   ] GC(104)   Evacuate Collection Set: 6.91ms
[2026-09-06T17:07:54.866-0400][413.458s][info][gc,phases   ] GC(104)   Post Evacuate Collection Set: 0.59ms
[2026-09-06T17:07:54.866-0400][413.458s][info][gc,phases   ] GC(104)   Other: 0.24ms
[2026-09-06T17:07:54.866-0400][413.458s][info][gc,heap     ] GC(104) Eden regions: 589->0(596)
[2026-09-06T17:07:54.867-0400][413.458s][info][gc,heap     ] GC(104) Survivor regions: 44->46(80)
[2026-09-06T17:07:54.867-0400][413.458s][info][gc,heap     ] GC(104) Old regions: 396->396
[2026-09-06T17:07:54.867-0400][413.458s][info][gc,heap     ] GC(104) Archive regions: 0->0
[2026-09-06T17:07:54.867-0400][413.458s][info][gc,heap     ] GC(104) Humongous regions: 16->16
[2026-09-06T17:07:54.867-0400][413.458s][info][gc,metaspace] GC(104) Metaspace: 146129K(148096K)->146129K(148096K) NonClass: 125113K(126208K)->125113K(126208K) Class: 21016K(21888K)->21016K(21888K)
[2026-09-06T17:07:54.867-0400][413.458s][info][gc          ] GC(104) Pause Young (Normal) (G1 Evacuation Pause) 2088M->914M(2452M) 8.236ms
[2026-09-06T17:07:54.867-0400][413.458s][info][gc,cpu      ] GC(104) User=0.38s Sys=0.00s Real=0.01s
[2026-09-06T17:07:55.535-0400][414.127s][info][gc,start    ] GC(105) Pause Young (Normal) (GCLocker Initiated GC)
[2026-09-06T17:07:55.535-0400][414.127s][info][gc,task     ] GC(105) Using 23 workers of 23 for evacuation
[2026-09-06T17:07:55.544-0400][414.136s][info][gc,phases   ] GC(105)   Pre Evacuate Collection Set: 0.14ms
[2026-09-06T17:07:55.544-0400][414.136s][info][gc,phases   ] GC(105)   Merge Heap Roots: 0.19ms
[2026-09-06T17:07:55.544-0400][414.136s][info][gc,phases   ] GC(105)   Evacuate Collection Set: 7.94ms
[2026-09-06T17:07:55.544-0400][414.136s][info][gc,phases   ] GC(105)   Post Evacuate Collection Set: 0.69ms
[2026-09-06T17:07:55.544-0400][414.136s][info][gc,phases   ] GC(105)   Other: 0.18ms
[2026-09-06T17:07:55.544-0400][414.136s][info][gc,heap     ] GC(105) Eden regions: 596->0(594)
[2026-09-06T17:07:55.544-0400][414.136s][info][gc,heap     ] GC(105) Survivor regions: 46->46(81)
[2026-09-06T17:07:55.544-0400][414.136s][info][gc,heap     ] GC(105) Old regions: 396->401
[2026-09-06T17:07:55.544-0400][414.136s][info][gc,heap     ] GC(105) Archive regions: 0->0
[2026-09-06T17:07:55.544-0400][414.136s][info][gc,heap     ] GC(105) Humongous regions: 16->16
[2026-09-06T17:07:55.544-0400][414.136s][info][gc,metaspace] GC(105) Metaspace: 146174K(148096K)->146174K(148096K) NonClass: 125157K(126208K)->125157K(126208K) Class: 21017K(21888K)->21017K(21888K)
[2026-09-06T17:07:55.544-0400][414.136s][info][gc          ] GC(105) Pause Young (Normal) (GCLocker Initiated GC) 2106M->923M(2452M) 9.264ms
[2026-09-06T17:07:55.544-0400][414.136s][info][gc,cpu      ] GC(105) User=0.23s Sys=0.00s Real=0.01s
[2026-09-06T17:07:56.123-0400][414.715s][info][gc,start    ] GC(106) Pause Young (Normal) (G1 Evacuation Pause)
[2026-09-06T17:07:56.123-0400][414.715s][info][gc,task     ] GC(106) Using 23 workers of 23 for evacuation
[2026-09-06T17:07:56.133-0400][414.725s][info][gc,phases   ] GC(106)   Pre Evacuate Collection Set: 0.20ms
[2026-09-06T17:07:56.134-0400][414.725s][info][gc,phases   ] GC(106)   Merge Heap Roots: 0.20ms
[2026-09-06T17:07:56.134-0400][414.725s][info][gc,phases   ] GC(106)   Evacuate Collection Set: 8.78ms
[2026-09-06T17:07:56.134-0400][414.725s][info][gc,phases   ] GC(106)   Post Evacuate Collection Set: 0.84ms
[2026-09-06T17:07:56.134-0400][414.725s][info][gc,phases   ] GC(106)   Other: 0.24ms
[2026-09-06T17:07:56.134-0400][414.725s][info][gc,heap     ] GC(106) Eden regions: 594->0(589)
[2026-09-06T17:07:56.134-0400][414.725s][info][gc,heap     ] GC(106) Survivor regions: 46->45(80)
[2026-09-06T17:07:56.134-0400][414.725s][info][gc,heap     ] GC(106) Old regions: 401->408
[2026-09-06T17:07:56.134-0400][414.725s][info][gc,heap     ] GC(106) Archive regions: 0->0
[2026-09-06T17:07:56.134-0400][414.725s][info][gc,heap     ] GC(106) Humongous regions: 16->16
[2026-09-06T17:07:56.134-0400][414.725s][info][gc,metaspace] GC(106) Metaspace: 146227K(148160K)->146227K(148160K) NonClass: 125209K(126272K)->125209K(126272K) Class: 21017K(21888K)->21017K(21888K)
[2026-09-06T17:07:56.134-0400][414.725s][info][gc          ] GC(106) Pause Young (Normal) (G1 Evacuation Pause) 2111M->937M(2452M) 10.388ms
[2026-09-06T17:07:56.134-0400][414.725s][info][gc,cpu      ] GC(106) User=0.44s Sys=0.00s Real=0.01s
[2026-09-06T17:07:56.992-0400][415.583s][info][gc,start    ] GC(107) Pause Young (Normal) (G1 Evacuation Pause)
[2026-09-06T17:07:56.992-0400][415.584s][info][gc,task     ] GC(107) Using 23 workers of 23 for evacuation
[2026-09-06T17:07:57.000-0400][415.592s][info][gc,phases   ] GC(107)   Pre Evacuate Collection Set: 0.16ms
[2026-09-06T17:07:57.000-0400][415.592s][info][gc,phases   ] GC(107)   Merge Heap Roots: 0.21ms
[2026-09-06T17:07:57.000-0400][415.592s][info][gc,phases   ] GC(107)   Evacuate Collection Set: 7.44ms
[2026-09-06T17:07:57.000-0400][415.592s][info][gc,phases   ] GC(107)   Post Evacuate Collection Set: 0.74ms
[2026-09-06T17:07:57.000-0400][415.592s][info][gc,phases   ] GC(107)   Other: 0.24ms
[2026-09-06T17:07:57.000-0400][415.592s][info][gc,heap     ] GC(107) Eden regions: 589->0(583)
[2026-09-06T17:07:57.001-0400][415.592s][info][gc,heap     ] GC(107) Survivor regions: 45->46(80)
[2026-09-06T17:07:57.001-0400][415.592s][info][gc,heap     ] GC(107) Old regions: 408->412
[2026-09-06T17:07:57.001-0400][415.592s][info][gc,heap     ] GC(107) Archive regions: 0->0
[2026-09-06T17:07:57.001-0400][415.592s][info][gc,heap     ] GC(107) Humongous regions: 16->16
[2026-09-06T17:07:57.001-0400][415.592s][info][gc,metaspace] GC(107) Metaspace: 147226K(149312K)->147226K(149312K) NonClass: 126035K(127168K)->126035K(127168K) Class: 21191K(22144K)->21191K(22144K)
[2026-09-06T17:07:57.001-0400][415.592s][info][gc          ] GC(107) Pause Young (Normal) (G1 Evacuation Pause) 2115M->946M(2452M) 8.928ms
[2026-09-06T17:07:57.001-0400][415.592s][info][gc,cpu      ] GC(107) User=0.00s Sys=0.00s Real=0.01s
[2026-09-06T17:07:57.454-0400][416.046s][info][gc,start    ] GC(108) Pause Young (Normal) (G1 Evacuation Pause)
[2026-09-06T17:07:57.455-0400][416.046s][info][gc,task     ] GC(108) Using 23 workers of 23 for evacuation
[2026-09-06T17:07:57.464-0400][416.056s][info][gc,phases   ] GC(108)   Pre Evacuate Collection Set: 0.25ms
[2026-09-06T17:07:57.464-0400][416.056s][info][gc,phases   ] GC(108)   Merge Heap Roots: 0.27ms
[2026-09-06T17:07:57.464-0400][416.056s][info][gc,phases   ] GC(108)   Evacuate Collection Set: 8.39ms
[2026-09-06T17:07:57.464-0400][416.056s][info][gc,phases   ] GC(108)   Post Evacuate Collection Set: 0.70ms
[2026-09-06T17:07:57.464-0400][416.056s][info][gc,phases   ] GC(108)   Other: 0.28ms
[2026-09-06T17:07:57.464-0400][416.056s][info][gc,heap     ] GC(108) Eden regions: 583->0(582)
[2026-09-06T17:07:57.464-0400][416.056s][info][gc,heap     ] GC(108) Survivor regions: 46->44(79)
[2026-09-06T17:07:57.464-0400][416.056s][info][gc,heap     ] GC(108) Old regions: 412->417
[2026-09-06T17:07:57.464-0400][416.056s][info][gc,heap     ] GC(108) Archive regions: 0->0
[2026-09-06T17:07:57.464-0400][416.056s][info][gc,heap     ] GC(108) Humongous regions: 16->16
[2026-09-06T17:07:57.464-0400][416.056s][info][gc,metaspace] GC(108) Metaspace: 147263K(149312K)->147263K(149312K) NonClass: 126071K(127168K)->126071K(127168K) Class: 21191K(22144K)->21191K(22144K)
[2026-09-06T17:07:57.464-0400][416.056s][info][gc          ] GC(108) Pause Young (Normal) (G1 Evacuation Pause) 2112M->951M(2452M) 10.007ms
[2026-09-06T17:07:57.464-0400][416.056s][info][gc,cpu      ] GC(108) User=0.42s Sys=0.02s Real=0.01s
[2026-09-06T17:07:57.969-0400][416.561s][info][gc,start    ] GC(109) Pause Young (Normal) (GCLocker Initiated GC)
[2026-09-06T17:07:57.969-0400][416.561s][info][gc,task     ] GC(109) Using 23 workers of 23 for evacuation
[2026-09-06T17:07:57.977-0400][416.569s][info][gc,phases   ] GC(109)   Pre Evacuate Collection Set: 0.14ms
[2026-09-06T17:07:57.977-0400][416.569s][info][gc,phases   ] GC(109)   Merge Heap Roots: 0.17ms
[2026-09-06T17:07:57.977-0400][416.569s][info][gc,phases   ] GC(109)   Evacuate Collection Set: 6.91ms
[2026-09-06T17:07:57.977-0400][416.569s][info][gc,phases   ] GC(109)   Post Evacuate Collection Set: 0.56ms
[2026-09-06T17:07:57.977-0400][416.569s][info][gc,phases   ] GC(109)   Other: 0.25ms
[2026-09-06T17:07:57.977-0400][416.569s][info][gc,heap     ] GC(109) Eden regions: 583->0(578)
[2026-09-06T17:07:57.977-0400][416.569s][info][gc,heap     ] GC(109) Survivor regions: 44->44(79)
[2026-09-06T17:07:57.977-0400][416.569s][info][gc,heap     ] GC(109) Old regions: 417->421
[2026-09-06T17:07:57.977-0400][416.569s][info][gc,heap     ] GC(109) Archive regions: 0->0
[2026-09-06T17:07:57.977-0400][416.569s][info][gc,heap     ] GC(109) Humongous regions: 16->16
[2026-09-06T17:07:57.977-0400][416.569s][info][gc,metaspace] GC(109) Metaspace: 147281K(149312K)->147281K(149312K) NonClass: 126090K(127168K)->126090K(127168K) Class: 21191K(22144K)->21191K(22144K)
[2026-09-06T17:07:57.977-0400][416.569s][info][gc          ] GC(109) Pause Young (Normal) (GCLocker Initiated GC) 2117M->961M(2452M) 8.129ms
[2026-09-06T17:07:57.978-0400][416.569s][info][gc,cpu      ] GC(109) User=0.41s Sys=0.00s Real=0.01s
[2026-09-06T17:07:58.351-0400][416.942s][info][gc,start    ] GC(110) Pause Young (Normal) (G1 Evacuation Pause)
[2026-09-06T17:07:58.351-0400][416.942s][info][gc,task     ] GC(110) Using 23 workers of 23 for evacuation
[2026-09-06T17:07:58.358-0400][416.950s][info][gc,phases   ] GC(110)   Pre Evacuate Collection Set: 0.11ms
[2026-09-06T17:07:58.358-0400][416.950s][info][gc,phases   ] GC(110)   Merge Heap Roots: 0.17ms
[2026-09-06T17:07:58.358-0400][416.950s][info][gc,phases   ] GC(110)   Evacuate Collection Set: 6.96ms
[2026-09-06T17:07:58.358-0400][416.950s][info][gc,phases   ] GC(110)   Post Evacuate Collection Set: 0.71ms
[2026-09-06T17:07:58.358-0400][416.950s][info][gc,phases   ] GC(110)   Other: 0.19ms
[2026-09-06T17:07:58.358-0400][416.950s][info][gc,heap     ] GC(110) Eden regions: 578->0(577)
[2026-09-06T17:07:58.358-0400][416.950s][info][gc,heap     ] GC(110) Survivor regions: 44->42(78)
[2026-09-06T17:07:58.358-0400][416.950s][info][gc,heap     ] GC(110) Old regions: 421->426
[2026-09-06T17:07:58.358-0400][416.950s][info][gc,heap     ] GC(110) Archive regions: 0->0
[2026-09-06T17:07:58.358-0400][416.951s][info][gc,heap     ] GC(110) Humongous regions: 16->16
[2026-09-06T17:07:58.358-0400][416.951s][info][gc,metaspace] GC(110) Metaspace: 147283K(149312K)->147283K(149312K) NonClass: 126092K(127168K)->126092K(127168K) Class: 21191K(22144K)->21191K(22144K)
[2026-09-06T17:07:58.358-0400][416.951s][info][gc          ] GC(110) Pause Young (Normal) (G1 Evacuation Pause) 2117M->967M(2452M) 8.261ms
[2026-09-06T17:07:58.358-0400][416.951s][info][gc,cpu      ] GC(110) User=0.00s Sys=0.00s Real=0.01s
[2026-09-06T17:07:58.976-0400][417.569s][info][gc,start    ] GC(111) Pause Young (Normal) (G1 Evacuation Pause)
[2026-09-06T17:07:58.976-0400][417.569s][info][gc,task     ] GC(111) Using 23 workers of 23 for evacuation
[2026-09-06T17:07:58.985-0400][417.577s][info][gc,phases   ] GC(111)   Pre Evacuate Collection Set: 0.17ms
[2026-09-06T17:07:58.985-0400][417.577s][info][gc,phases   ] GC(111)   Merge Heap Roots: 0.20ms
[2026-09-06T17:07:58.985-0400][417.577s][info][gc,phases   ] GC(111)   Evacuate Collection Set: 6.96ms
[2026-09-06T17:07:58.985-0400][417.577s][info][gc,phases   ] GC(111)   Post Evacuate Collection Set: 0.75ms
[2026-09-06T17:07:58.985-0400][417.577s][info][gc,phases   ] GC(111)   Other: 0.17ms
[2026-09-06T17:07:58.985-0400][417.577s][info][gc,heap     ] GC(111) Eden regions: 577->0(569)
[2026-09-06T17:07:58.985-0400][417.577s][info][gc,heap     ] GC(111) Survivor regions: 42->46(78)
[2026-09-06T17:07:58.985-0400][417.577s][info][gc,heap     ] GC(111) Old regions: 426->426
[2026-09-06T17:07:58.985-0400][417.577s][info][gc,heap     ] GC(111) Archive regions: 0->0
[2026-09-06T17:07:58.985-0400][417.577s][info][gc,heap     ] GC(111) Humongous regions: 16->16
[2026-09-06T17:07:58.985-0400][417.577s][info][gc,metaspace] GC(111) Metaspace: 147294K(149376K)->147294K(149376K) NonClass: 126103K(127232K)->126103K(127232K) Class: 21191K(22144K)->21191K(22144K)
[2026-09-06T17:07:58.985-0400][417.577s][info][gc          ] GC(111) Pause Young (Normal) (G1 Evacuation Pause) 2121M->975M(2452M) 8.390ms
[2026-09-06T17:07:58.985-0400][417.577s][info][gc,cpu      ] GC(111) User=0.00s Sys=0.00s Real=0.01s
[2026-09-06T17:08:00.950-0400][419.541s][info][gc,start    ] GC(112) Pause Young (Normal) (G1 Evacuation Pause)
[2026-09-06T17:08:00.950-0400][419.541s][info][gc,task     ] GC(112) Using 23 workers of 23 for evacuation
[2026-09-06T17:08:00.958-0400][419.550s][info][gc,phases   ] GC(112)   Pre Evacuate Collection Set: 0.15ms
[2026-09-06T17:08:00.958-0400][419.550s][info][gc,phases   ] GC(112)   Merge Heap Roots: 0.22ms
[2026-09-06T17:08:00.958-0400][419.550s][info][gc,phases   ] GC(112)   Evacuate Collection Set: 6.89ms
[2026-09-06T17:08:00.958-0400][419.550s][info][gc,phases   ] GC(112)   Post Evacuate Collection Set: 0.90ms
[2026-09-06T17:08:00.958-0400][419.550s][info][gc,phases   ] GC(112)   Other: 0.15ms
[2026-09-06T17:08:00.958-0400][419.550s][info][gc,heap     ] GC(112) Eden regions: 569->0(574)
[2026-09-06T17:08:00.958-0400][419.550s][info][gc,heap     ] GC(112) Survivor regions: 46->40(77)
[2026-09-06T17:08:00.958-0400][419.550s][info][gc,heap     ] GC(112) Old regions: 426->433
[2026-09-06T17:08:00.958-0400][419.550s][info][gc,heap     ] GC(112) Archive regions: 0->0
[2026-09-06T17:08:00.958-0400][419.550s][info][gc,heap     ] GC(112) Humongous regions: 16->16
[2026-09-06T17:08:00.958-0400][419.550s][info][gc,metaspace] GC(112) Metaspace: 147502K(149504K)->147502K(149504K) NonClass: 126300K(127360K)->126300K(127360K) Class: 21202K(22144K)->21202K(22144K)
[2026-09-06T17:08:00.958-0400][419.550s][info][gc          ] GC(112) Pause Young (Normal) (G1 Evacuation Pause) 2113M->977M(2452M) 8.472ms
[2026-09-06T17:08:00.958-0400][419.550s][info][gc,cpu      ] GC(112) User=0.03s Sys=0.00s Real=0.01s
[2026-09-06T17:08:06.355-0400][424.947s][info][gc,start    ] GC(113) Pause Young (Normal) (G1 Evacuation Pause)
[2026-09-06T17:08:06.355-0400][424.947s][info][gc,task     ] GC(113) Using 23 workers of 23 for evacuation
[2026-09-06T17:08:06.363-0400][424.954s][info][gc,phases   ] GC(113)   Pre Evacuate Collection Set: 0.22ms
[2026-09-06T17:08:06.363-0400][424.954s][info][gc,phases   ] GC(113)   Merge Heap Roots: 0.21ms
[2026-09-06T17:08:06.363-0400][424.954s][info][gc,phases   ] GC(113)   Evacuate Collection Set: 5.83ms
[2026-09-06T17:08:06.363-0400][424.954s][info][gc,phases   ] GC(113)   Post Evacuate Collection Set: 0.99ms
[2026-09-06T17:08:06.363-0400][424.954s][info][gc,phases   ] GC(113)   Other: 0.16ms
[2026-09-06T17:08:06.363-0400][424.954s][info][gc,heap     ] GC(113) Eden regions: 574->0(572)
[2026-09-06T17:08:06.363-0400][424.954s][info][gc,heap     ] GC(113) Survivor regions: 40->41(77)
[2026-09-06T17:08:06.363-0400][424.954s][info][gc,heap     ] GC(113) Old regions: 433->433
[2026-09-06T17:08:06.363-0400][424.954s][info][gc,heap     ] GC(113) Archive regions: 0->0
[2026-09-06T17:08:06.363-0400][424.954s][info][gc,heap     ] GC(113) Humongous regions: 16->16
[2026-09-06T17:08:06.363-0400][424.954s][info][gc,metaspace] GC(113) Metaspace: 148075K(150144K)->148075K(150144K) NonClass: 126869K(128000K)->126869K(128000K) Class: 21206K(22144K)->21206K(22144K)
[2026-09-06T17:08:06.363-0400][424.954s][info][gc          ] GC(113) Pause Young (Normal) (G1 Evacuation Pause) 2125M->979M(2452M) 7.508ms
[2026-09-06T17:08:06.363-0400][424.954s][info][gc,cpu      ] GC(113) User=0.00s Sys=0.00s Real=0.01s
[2026-09-06T17:08:13.381-0400][431.972s][info][gc,start    ] GC(114) Pause Young (Normal) (G1 Evacuation Pause)
[2026-09-06T17:08:13.381-0400][431.972s][info][gc,task     ] GC(114) Using 23 workers of 23 for evacuation
[2026-09-06T17:08:13.388-0400][431.979s][info][gc,phases   ] GC(114)   Pre Evacuate Collection Set: 0.21ms
[2026-09-06T17:08:13.388-0400][431.980s][info][gc,phases   ] GC(114)   Merge Heap Roots: 0.21ms
[2026-09-06T17:08:13.388-0400][431.980s][info][gc,phases   ] GC(114)   Evacuate Collection Set: 5.45ms
[2026-09-06T17:08:13.388-0400][431.980s][info][gc,phases   ] GC(114)   Post Evacuate Collection Set: 1.02ms
[2026-09-06T17:08:13.388-0400][431.980s][info][gc,phases   ] GC(114)   Other: 0.15ms
[2026-09-06T17:08:13.388-0400][431.980s][info][gc,heap     ] GC(114) Eden regions: 572->0(564)
[2026-09-06T17:08:13.388-0400][431.980s][info][gc,heap     ] GC(114) Survivor regions: 41->41(77)
[2026-09-06T17:08:13.388-0400][431.980s][info][gc,heap     ] GC(114) Old regions: 433->433
[2026-09-06T17:08:13.388-0400][431.980s][info][gc,heap     ] GC(114) Archive regions: 0->0
[2026-09-06T17:08:13.388-0400][431.980s][info][gc,heap     ] GC(114) Humongous regions: 40->24
[2026-09-06T17:08:13.388-0400][431.980s][info][gc,metaspace] GC(114) Metaspace: 150099K(152384K)->150099K(152384K) NonClass: 128678K(129920K)->128678K(129920K) Class: 21421K(22464K)->21421K(22464K)
[2026-09-06T17:08:13.388-0400][431.980s][info][gc          ] GC(114) Pause Young (Normal) (G1 Evacuation Pause) 2171M->995M(2452M) 7.190ms
[2026-09-06T17:08:13.388-0400][431.980s][info][gc,cpu      ] GC(114) User=0.00s Sys=0.00s Real=0.01s
[2026-09-06T17:08:20.910-0400][439.502s][info][gc,start    ] GC(115) Pause Young (Concurrent Start) (G1 Humongous Allocation)
[2026-09-06T17:08:20.910-0400][439.502s][info][gc,task     ] GC(115) Using 23 workers of 23 for evacuation
[2026-09-06T17:08:20.917-0400][439.509s][info][gc,phases   ] GC(115)   Pre Evacuate Collection Set: 0.37ms
[2026-09-06T17:08:20.917-0400][439.509s][info][gc,phases   ] GC(115)   Merge Heap Roots: 0.18ms
[2026-09-06T17:08:20.917-0400][439.509s][info][gc,phases   ] GC(115)   Evacuate Collection Set: 5.39ms
[2026-09-06T17:08:20.917-0400][439.509s][info][gc,phases   ] GC(115)   Post Evacuate Collection Set: 0.70ms
[2026-09-06T17:08:20.917-0400][439.509s][info][gc,phases   ] GC(115)   Other: 0.21ms
[2026-09-06T17:08:20.917-0400][439.509s][info][gc,heap     ] GC(115) Eden regions: 383->0(562)
[2026-09-06T17:08:20.917-0400][439.509s][info][gc,heap     ] GC(115) Survivor regions: 41->42(76)
[2026-09-06T17:08:20.917-0400][439.509s][info][gc,heap     ] GC(115) Old regions: 433->433
[2026-09-06T17:08:20.917-0400][439.509s][info][gc,heap     ] GC(115) Archive regions: 0->0
[2026-09-06T17:08:20.917-0400][439.509s][info][gc,heap     ] GC(115) Humongous regions: 63->24
[2026-09-06T17:08:20.917-0400][439.509s][info][gc,metaspace] GC(115) Metaspace: 150430K(152704K)->150430K(152704K) NonClass: 129007K(130240K)->129007K(130240K) Class: 21423K(22464K)->21423K(22464K)
[2026-09-06T17:08:20.917-0400][439.509s][info][gc          ] GC(115) Pause Young (Concurrent Start) (G1 Humongous Allocation) 1838M->996M(2452M) 6.956ms
[2026-09-06T17:08:20.917-0400][439.509s][info][gc,cpu      ] GC(115) User=0.03s Sys=0.00s Real=0.01s
[2026-09-06T17:08:20.917-0400][439.509s][info][gc          ] GC(116) Concurrent Undo Cycle
[2026-09-06T17:08:20.917-0400][439.509s][info][gc,marking  ] GC(116) Concurrent Cleanup for Next Mark
[2026-09-06T17:08:20.918-0400][439.510s][info][gc,marking  ] GC(116) Concurrent Cleanup for Next Mark 1.135ms
[2026-09-06T17:08:20.918-0400][439.510s][info][gc          ] GC(116) Concurrent Undo Cycle 1.203ms
[2026-09-06T17:08:28.225-0400][446.816s][info][gc,start    ] GC(117) Pause Young (Concurrent Start) (G1 Humongous Allocation)
[2026-09-06T17:08:28.225-0400][446.816s][info][gc,task     ] GC(117) Using 23 workers of 23 for evacuation
[2026-09-06T17:08:28.232-0400][446.823s][info][gc,phases   ] GC(117)   Pre Evacuate Collection Set: 0.29ms
[2026-09-06T17:08:28.232-0400][446.823s][info][gc,phases   ] GC(117)   Merge Heap Roots: 0.20ms
[2026-09-06T17:08:28.232-0400][446.823s][info][gc,phases   ] GC(117)   Evacuate Collection Set: 5.31ms
[2026-09-06T17:08:28.232-0400][446.823s][info][gc,phases   ] GC(117)   Post Evacuate Collection Set: 0.96ms
[2026-09-06T17:08:28.232-0400][446.823s][info][gc,phases   ] GC(117)   Other: 0.24ms
[2026-09-06T17:08:28.232-0400][446.823s][info][gc,heap     ] GC(117) Eden regions: 387->0(562)
[2026-09-06T17:08:28.232-0400][446.823s][info][gc,heap     ] GC(117) Survivor regions: 42->42(76)
[2026-09-06T17:08:28.232-0400][446.823s][info][gc,heap     ] GC(117) Old regions: 433->433
[2026-09-06T17:08:28.232-0400][446.823s][info][gc,heap     ] GC(117) Archive regions: 0->0
[2026-09-06T17:08:28.232-0400][446.823s][info][gc,heap     ] GC(117) Humongous regions: 62->24
[2026-09-06T17:08:28.232-0400][446.823s][info][gc,metaspace] GC(117) Metaspace: 150478K(152704K)->150478K(152704K) NonClass: 129055K(130240K)->129055K(130240K) Class: 21423K(22464K)->21423K(22464K)
[2026-09-06T17:08:28.232-0400][446.823s][info][gc          ] GC(117) Pause Young (Concurrent Start) (G1 Humongous Allocation) 1846M->997M(2452M) 7.100ms
[2026-09-06T17:08:28.232-0400][446.823s][info][gc,cpu      ] GC(117) User=0.00s Sys=0.00s Real=0.01s
[2026-09-06T17:08:28.232-0400][446.824s][info][gc          ] GC(118) Concurrent Undo Cycle
[2026-09-06T17:08:28.232-0400][446.824s][info][gc,marking  ] GC(118) Concurrent Cleanup for Next Mark
[2026-09-06T17:08:28.233-0400][446.825s][info][gc,marking  ] GC(118) Concurrent Cleanup for Next Mark 1.324ms
[2026-09-06T17:08:28.233-0400][446.825s][info][gc          ] GC(118) Concurrent Undo Cycle 1.477ms
[2026-09-06T17:08:34.716-0400][453.307s][info][gc,start    ] GC(119) Pause Young (Concurrent Start) (G1 Humongous Allocation)
[2026-09-06T17:08:34.716-0400][453.308s][info][gc,task     ] GC(119) Using 23 workers of 23 for evacuation
[2026-09-06T17:08:34.724-0400][453.315s][info][gc,phases   ] GC(119)   Pre Evacuate Collection Set: 0.30ms
[2026-09-06T17:08:34.724-0400][453.315s][info][gc,phases   ] GC(119)   Merge Heap Roots: 0.21ms
[2026-09-06T17:08:34.724-0400][453.315s][info][gc,phases   ] GC(119)   Evacuate Collection Set: 5.39ms
[2026-09-06T17:08:34.724-0400][453.315s][info][gc,phases   ] GC(119)   Post Evacuate Collection Set: 1.25ms
[2026-09-06T17:08:34.724-0400][453.315s][info][gc,phases   ] GC(119)   Other: 0.23ms
[2026-09-06T17:08:34.724-0400][453.315s][info][gc,heap     ] GC(119) Eden regions: 302->0(565)
[2026-09-06T17:08:34.724-0400][453.315s][info][gc,heap     ] GC(119) Survivor regions: 42->39(76)
[2026-09-06T17:08:34.724-0400][453.315s][info][gc,heap     ] GC(119) Old regions: 433->436
[2026-09-06T17:08:34.724-0400][453.315s][info][gc,heap     ] GC(119) Archive regions: 0->0
[2026-09-06T17:08:34.724-0400][453.315s][info][gc,heap     ] GC(119) Humongous regions: 60->24
[2026-09-06T17:08:34.724-0400][453.315s][info][gc,metaspace] GC(119) Metaspace: 150507K(152768K)->150507K(152768K) NonClass: 129084K(130304K)->129084K(130304K) Class: 21423K(22464K)->21423K(22464K)
[2026-09-06T17:08:34.724-0400][453.315s][info][gc          ] GC(119) Pause Young (Concurrent Start) (G1 Humongous Allocation) 1672M->996M(2452M) 7.487ms
[2026-09-06T17:08:34.724-0400][453.315s][info][gc,cpu      ] GC(119) User=0.02s Sys=0.00s Real=0.01s
[2026-09-06T17:08:34.724-0400][453.315s][info][gc          ] GC(120) Concurrent Undo Cycle
[2026-09-06T17:08:34.724-0400][453.315s][info][gc,marking  ] GC(120) Concurrent Cleanup for Next Mark
[2026-09-06T17:08:34.725-0400][453.316s][info][gc,marking  ] GC(120) Concurrent Cleanup for Next Mark 0.964ms
[2026-09-06T17:08:34.725-0400][453.316s][info][gc          ] GC(120) Concurrent Undo Cycle 1.043ms
[2026-09-06T17:08:41.680-0400][460.271s][info][gc,start    ] GC(121) Pause Young (Concurrent Start) (G1 Humongous Allocation)
[2026-09-06T17:08:41.680-0400][460.271s][info][gc,task     ] GC(121) Using 23 workers of 23 for evacuation
[2026-09-06T17:08:41.686-0400][460.278s][info][gc,phases   ] GC(121)   Pre Evacuate Collection Set: 0.32ms
[2026-09-06T17:08:41.686-0400][460.278s][info][gc,phases   ] GC(121)   Merge Heap Roots: 0.19ms
[2026-09-06T17:08:41.686-0400][460.278s][info][gc,phases   ] GC(121)   Evacuate Collection Set: 4.96ms
[2026-09-06T17:08:41.686-0400][460.278s][info][gc,phases   ] GC(121)   Post Evacuate Collection Set: 0.72ms
[2026-09-06T17:08:41.686-0400][460.278s][info][gc,phases   ] GC(121)   Other: 0.20ms
[2026-09-06T17:08:41.686-0400][460.278s][info][gc,heap     ] GC(121) Eden regions: 291->0(565)
[2026-09-06T17:08:41.686-0400][460.278s][info][gc,heap     ] GC(121) Survivor regions: 39->39(76)
[2026-09-06T17:08:41.686-0400][460.278s][info][gc,heap     ] GC(121) Old regions: 436->436
[2026-09-06T17:08:41.686-0400][460.278s][info][gc,heap     ] GC(121) Archive regions: 0->0
[2026-09-06T17:08:41.686-0400][460.278s][info][gc,heap     ] GC(121) Humongous regions: 60->24
[2026-09-06T17:08:41.686-0400][460.278s][info][gc,metaspace] GC(121) Metaspace: 150546K(152768K)->150546K(152768K) NonClass: 129123K(130304K)->129123K(130304K) Class: 21423K(22464K)->21423K(22464K)
[2026-09-06T17:08:41.686-0400][460.278s][info][gc          ] GC(121) Pause Young (Concurrent Start) (G1 Humongous Allocation) 1650M->997M(2452M) 6.497ms
[2026-09-06T17:08:41.686-0400][460.278s][info][gc,cpu      ] GC(121) User=0.00s Sys=0.00s Real=0.01s
[2026-09-06T17:08:41.686-0400][460.278s][info][gc          ] GC(122) Concurrent Undo Cycle
[2026-09-06T17:08:41.686-0400][460.278s][info][gc,marking  ] GC(122) Concurrent Cleanup for Next Mark
[2026-09-06T17:08:41.687-0400][460.279s][info][gc,marking  ] GC(122) Concurrent Cleanup for Next Mark 0.843ms
[2026-09-06T17:08:41.687-0400][460.279s][info][gc          ] GC(122) Concurrent Undo Cycle 0.920ms
[2026-09-06T17:08:55.119-0400][473.711s][info][gc,start    ] GC(123) Pause Young (Normal) (G1 Evacuation Pause)
[2026-09-06T17:08:55.119-0400][473.711s][info][gc,task     ] GC(123) Using 23 workers of 23 for evacuation
[2026-09-06T17:08:55.126-0400][473.718s][info][gc,phases   ] GC(123)   Pre Evacuate Collection Set: 0.18ms
[2026-09-06T17:08:55.126-0400][473.718s][info][gc,phases   ] GC(123)   Merge Heap Roots: 0.21ms
[2026-09-06T17:08:55.126-0400][473.718s][info][gc,phases   ] GC(123)   Evacuate Collection Set: 5.49ms
[2026-09-06T17:08:55.126-0400][473.718s][info][gc,phases   ] GC(123)   Post Evacuate Collection Set: 1.22ms
[2026-09-06T17:08:55.126-0400][473.718s][info][gc,phases   ] GC(123)   Other: 0.18ms
[2026-09-06T17:08:55.126-0400][473.718s][info][gc,heap     ] GC(123) Eden regions: 565->0(565)
[2026-09-06T17:08:55.126-0400][473.718s][info][gc,heap     ] GC(123) Survivor regions: 39->39(76)
[2026-09-06T17:08:55.126-0400][473.718s][info][gc,heap     ] GC(123) Old regions: 436->436
[2026-09-06T17:08:55.126-0400][473.718s][info][gc,heap     ] GC(123) Archive regions: 0->0
[2026-09-06T17:08:55.126-0400][473.718s][info][gc,heap     ] GC(123) Humongous regions: 27->24
[2026-09-06T17:08:55.126-0400][473.718s][info][gc,metaspace] GC(123) Metaspace: 150595K(152832K)->150595K(152832K) NonClass: 129167K(130368K)->129167K(130368K) Class: 21427K(22464K)->21427K(22464K)
[2026-09-06T17:08:55.126-0400][473.718s][info][gc          ] GC(123) Pause Young (Normal) (G1 Evacuation Pause) 2133M->997M(2452M) 7.387ms
[2026-09-06T17:08:55.127-0400][473.718s][info][gc,cpu      ] GC(123) User=0.00s Sys=0.00s Real=0.01s
[2026-09-06T17:09:09.521-0400][488.112s][info][gc,start    ] GC(124) Pause Young (Normal) (G1 Evacuation Pause)
[2026-09-06T17:09:09.521-0400][488.112s][info][gc,task     ] GC(124) Using 23 workers of 23 for evacuation
[2026-09-06T17:09:09.528-0400][488.119s][info][gc,phases   ] GC(124)   Pre Evacuate Collection Set: 0.21ms
[2026-09-06T17:09:09.528-0400][488.119s][info][gc,phases   ] GC(124)   Merge Heap Roots: 0.23ms
[2026-09-06T17:09:09.528-0400][488.119s][info][gc,phases   ] GC(124)   Evacuate Collection Set: 5.69ms
[2026-09-06T17:09:09.528-0400][488.119s][info][gc,phases   ] GC(124)   Post Evacuate Collection Set: 0.84ms
[2026-09-06T17:09:09.528-0400][488.119s][info][gc,phases   ] GC(124)   Other: 0.20ms
[2026-09-06T17:09:09.528-0400][488.119s][info][gc,heap     ] GC(124) Eden regions: 565->0(569)
[2026-09-06T17:09:09.528-0400][488.119s][info][gc,heap     ] GC(124) Survivor regions: 39->34(76)
[2026-09-06T17:09:09.528-0400][488.119s][info][gc,heap     ] GC(124) Old regions: 436->442
[2026-09-06T17:09:09.528-0400][488.119s][info][gc,heap     ] GC(124) Archive regions: 0->0
[2026-09-06T17:09:09.528-0400][488.119s][info][gc,heap     ] GC(124) Humongous regions: 24->24
[2026-09-06T17:09:09.528-0400][488.119s][info][gc,metaspace] GC(124) Metaspace: 150701K(152960K)->150701K(152960K) NonClass: 129267K(130496K)->129267K(130496K) Class: 21433K(22464K)->21433K(22464K)
[2026-09-06T17:09:09.528-0400][488.119s][info][gc          ] GC(124) Pause Young (Normal) (G1 Evacuation Pause) 2127M->998M(2452M) 7.272ms
[2026-09-06T17:09:09.528-0400][488.119s][info][gc,cpu      ] GC(124) User=0.02s Sys=0.00s Real=0.01s
[2026-09-06T17:09:24.470-0400][503.061s][info][gc,start    ] GC(125) Pause Young (Normal) (G1 Evacuation Pause)
[2026-09-06T17:09:24.470-0400][503.061s][info][gc,task     ] GC(125) Using 23 workers of 23 for evacuation
[2026-09-06T17:09:24.476-0400][503.067s][info][gc,phases   ] GC(125)   Pre Evacuate Collection Set: 0.35ms
[2026-09-06T17:09:24.476-0400][503.067s][info][gc,phases   ] GC(125)   Merge Heap Roots: 0.22ms
[2026-09-06T17:09:24.476-0400][503.067s][info][gc,phases   ] GC(125)   Evacuate Collection Set: 4.65ms
[2026-09-06T17:09:24.476-0400][503.067s][info][gc,phases   ] GC(125)   Post Evacuate Collection Set: 0.91ms
[2026-09-06T17:09:24.476-0400][503.067s][info][gc,phases   ] GC(125)   Other: 0.18ms
[2026-09-06T17:09:24.476-0400][503.067s][info][gc,heap     ] GC(125) Eden regions: 569->0(575)
[2026-09-06T17:09:24.476-0400][503.068s][info][gc,heap     ] GC(125) Survivor regions: 34->28(76)
[2026-09-06T17:09:24.476-0400][503.068s][info][gc,heap     ] GC(125) Old regions: 442->448
[2026-09-06T17:09:24.476-0400][503.068s][info][gc,heap     ] GC(125) Archive regions: 0->0
[2026-09-06T17:09:24.476-0400][503.068s][info][gc,heap     ] GC(125) Humongous regions: 24->24
[2026-09-06T17:09:24.476-0400][503.068s][info][gc,metaspace] GC(125) Metaspace: 150719K(152960K)->150719K(152960K) NonClass: 129285K(130496K)->129285K(130496K) Class: 21433K(22464K)->21433K(22464K)
[2026-09-06T17:09:24.476-0400][503.068s][info][gc          ] GC(125) Pause Young (Normal) (G1 Evacuation Pause) 2136M->997M(2452M) 6.425ms
[2026-09-06T17:09:24.476-0400][503.068s][info][gc,cpu      ] GC(125) User=0.34s Sys=0.00s Real=0.01s
[2026-09-06T17:09:27.592-0400][506.183s][info][gc,start    ] GC(126) Pause Young (Normal) (G1 Evacuation Pause)
[2026-09-06T17:09:27.592-0400][506.183s][info][gc,task     ] GC(126) Using 23 workers of 23 for evacuation
[2026-09-06T17:09:27.603-0400][506.194s][info][gc,phases   ] GC(126)   Pre Evacuate Collection Set: 0.23ms
[2026-09-06T17:09:27.603-0400][506.194s][info][gc,phases   ] GC(126)   Merge Heap Roots: 0.22ms
[2026-09-06T17:09:27.603-0400][506.194s][info][gc,phases   ] GC(126)   Evacuate Collection Set: 9.29ms
[2026-09-06T17:09:27.603-0400][506.194s][info][gc,phases   ] GC(126)   Post Evacuate Collection Set: 0.73ms
[2026-09-06T17:09:27.603-0400][506.194s][info][gc,phases   ] GC(126)   Other: 0.18ms
[2026-09-06T17:09:27.603-0400][506.194s][info][gc,heap     ] GC(126) Eden regions: 575->0(554)
[2026-09-06T17:09:27.603-0400][506.194s][info][gc,heap     ] GC(126) Survivor regions: 28->37(76)
[2026-09-06T17:09:27.603-0400][506.194s][info][gc,heap     ] GC(126) Old regions: 448->451
[2026-09-06T17:09:27.603-0400][506.194s][info][gc,heap     ] GC(126) Archive regions: 0->0
[2026-09-06T17:09:27.603-0400][506.194s][info][gc,heap     ] GC(126) Humongous regions: 25->24
[2026-09-06T17:09:27.603-0400][506.194s][info][gc,metaspace] GC(126) Metaspace: 151046K(153344K)->151046K(153344K) NonClass: 129554K(130752K)->129554K(130752K) Class: 21491K(22592K)->21491K(22592K)
[2026-09-06T17:09:27.603-0400][506.194s][info][gc          ] GC(126) Pause Young (Normal) (G1 Evacuation Pause) 2149M->1023M(2452M) 10.790ms
[2026-09-06T17:09:27.603-0400][506.194s][info][gc,cpu      ] GC(126) User=0.33s Sys=0.03s Real=0.01s
[2026-09-06T17:09:27.938-0400][506.528s][info][gc,start    ] GC(127) Pause Young (Normal) (G1 Evacuation Pause)
[2026-09-06T17:09:27.938-0400][506.528s][info][gc,task     ] GC(127) Using 23 workers of 23 for evacuation
[2026-09-06T17:09:27.945-0400][506.537s][info][gc,phases   ] GC(127)   Pre Evacuate Collection Set: 0.18ms
[2026-09-06T17:09:27.945-0400][506.537s][info][gc,phases   ] GC(127)   Merge Heap Roots: 0.21ms
[2026-09-06T17:09:27.945-0400][506.537s][info][gc,phases   ] GC(127)   Evacuate Collection Set: 7.30ms
[2026-09-06T17:09:27.945-0400][506.537s][info][gc,phases   ] GC(127)   Post Evacuate Collection Set: 0.72ms
[2026-09-06T17:09:27.945-0400][506.537s][info][gc,phases   ] GC(127)   Other: 0.29ms
[2026-09-06T17:09:27.945-0400][506.537s][info][gc,heap     ] GC(127) Eden regions: 554->0(550)
[2026-09-06T17:09:27.945-0400][506.537s][info][gc,heap     ] GC(127) Survivor regions: 37->37(74)
[2026-09-06T17:09:27.945-0400][506.537s][info][gc,heap     ] GC(127) Old regions: 451->455
[2026-09-06T17:09:27.945-0400][506.537s][info][gc,heap     ] GC(127) Archive regions: 0->0
[2026-09-06T17:09:27.945-0400][506.537s][info][gc,heap     ] GC(127) Humongous regions: 24->24
[2026-09-06T17:09:27.946-0400][506.537s][info][gc,metaspace] GC(127) Metaspace: 151149K(153472K)->151149K(153472K) NonClass: 129644K(130880K)->129644K(130880K) Class: 21504K(22592K)->21504K(22592K)
[2026-09-06T17:09:27.946-0400][506.537s][info][gc          ] GC(127) Pause Young (Normal) (G1 Evacuation Pause) 2131M->1030M(2452M) 8.839ms
[2026-09-06T17:09:27.946-0400][506.537s][info][gc,cpu      ] GC(127) User=0.34s Sys=0.02s Real=0.01s
[2026-09-06T17:09:28.430-0400][507.022s][info][gc,start    ] GC(128) Pause Young (Normal) (G1 Evacuation Pause)
[2026-09-06T17:09:28.430-0400][507.022s][info][gc,task     ] GC(128) Using 23 workers of 23 for evacuation
[2026-09-06T17:09:28.438-0400][507.030s][info][gc,phases   ] GC(128)   Pre Evacuate Collection Set: 0.21ms
[2026-09-06T17:09:28.438-0400][507.030s][info][gc,phases   ] GC(128)   Merge Heap Roots: 0.30ms
[2026-09-06T17:09:28.438-0400][507.030s][info][gc,phases   ] GC(128)   Evacuate Collection Set: 6.39ms
[2026-09-06T17:09:28.438-0400][507.030s][info][gc,phases   ] GC(128)   Post Evacuate Collection Set: 0.78ms
[2026-09-06T17:09:28.438-0400][507.030s][info][gc,phases   ] GC(128)   Other: 0.21ms
[2026-09-06T17:09:28.438-0400][507.030s][info][gc,heap     ] GC(128) Eden regions: 550->0(554)
[2026-09-06T17:09:28.438-0400][507.030s][info][gc,heap     ] GC(128) Survivor regions: 37->33(74)
[2026-09-06T17:09:28.438-0400][507.030s][info][gc,heap     ] GC(128) Old regions: 455->459
[2026-09-06T17:09:28.438-0400][507.030s][info][gc,heap     ] GC(128) Archive regions: 0->0
[2026-09-06T17:09:28.438-0400][507.030s][info][gc,heap     ] GC(128) Humongous regions: 24->24
[2026-09-06T17:09:28.438-0400][507.030s][info][gc,metaspace] GC(128) Metaspace: 151165K(153472K)->151165K(153472K) NonClass: 129661K(130880K)->129661K(130880K) Class: 21504K(22592K)->21504K(22592K)
[2026-09-06T17:09:28.438-0400][507.030s][info][gc          ] GC(128) Pause Young (Normal) (G1 Evacuation Pause) 2130M->1031M(2452M) 8.037ms
[2026-09-06T17:09:28.438-0400][507.030s][info][gc,cpu      ] GC(128) User=0.00s Sys=0.00s Real=0.01s
[2026-09-06T17:09:29.107-0400][507.698s][info][gc,start    ] GC(129) Pause Young (Normal) (G1 Evacuation Pause)
[2026-09-06T17:09:29.107-0400][507.698s][info][gc,task     ] GC(129) Using 23 workers of 23 for evacuation
[2026-09-06T17:09:29.114-0400][507.704s][info][gc,phases   ] GC(129)   Pre Evacuate Collection Set: 0.12ms
[2026-09-06T17:09:29.114-0400][507.705s][info][gc,phases   ] GC(129)   Merge Heap Roots: 0.19ms
[2026-09-06T17:09:29.114-0400][507.705s][info][gc,phases   ] GC(129)   Evacuate Collection Set: 5.24ms
[2026-09-06T17:09:29.114-0400][507.705s][info][gc,phases   ] GC(129)   Post Evacuate Collection Set: 0.72ms
[2026-09-06T17:09:29.114-0400][507.705s][info][gc,phases   ] GC(129)   Other: 0.18ms
[2026-09-06T17:09:29.114-0400][507.705s][info][gc,heap     ] GC(129) Eden regions: 554->0(556)
[2026-09-06T17:09:29.114-0400][507.705s][info][gc,heap     ] GC(129) Survivor regions: 33->30(74)
[2026-09-06T17:09:29.114-0400][507.705s][info][gc,heap     ] GC(129) Old regions: 459->463
[2026-09-06T17:09:29.114-0400][507.705s][info][gc,heap     ] GC(129) Archive regions: 0->0
[2026-09-06T17:09:29.114-0400][507.705s][info][gc,heap     ] GC(129) Humongous regions: 25->24
[2026-09-06T17:09:29.114-0400][507.705s][info][gc,metaspace] GC(129) Metaspace: 151389K(153664K)->151389K(153664K) NonClass: 129855K(131072K)->129855K(131072K) Class: 21534K(22592K)->21534K(22592K)
[2026-09-06T17:09:29.114-0400][507.705s][info][gc          ] GC(129) Pause Young (Normal) (G1 Evacuation Pause) 2141M->1031M(2452M) 6.577ms
[2026-09-06T17:09:29.114-0400][507.705s][info][gc,cpu      ] GC(129) User=0.00s Sys=0.00s Real=0.01s
[2026-09-06T17:09:29.546-0400][508.137s][info][gc,start    ] GC(130) Pause Young (Normal) (G1 Evacuation Pause)
[2026-09-06T17:09:29.546-0400][508.137s][info][gc,task     ] GC(130) Using 23 workers of 23 for evacuation
[2026-09-06T17:09:29.556-0400][508.146s][info][gc,phases   ] GC(130)   Pre Evacuate Collection Set: 0.16ms
[2026-09-06T17:09:29.556-0400][508.146s][info][gc,phases   ] GC(130)   Merge Heap Roots: 0.23ms
[2026-09-06T17:09:29.556-0400][508.146s][info][gc,phases   ] GC(130)   Evacuate Collection Set: 7.73ms
[2026-09-06T17:09:29.556-0400][508.146s][info][gc,phases   ] GC(130)   Post Evacuate Collection Set: 0.66ms
[2026-09-06T17:09:29.556-0400][508.146s][info][gc,phases   ] GC(130)   Other: 0.21ms
[2026-09-06T17:09:29.556-0400][508.146s][info][gc,heap     ] GC(130) Eden regions: 556->0(542)
[2026-09-06T17:09:29.556-0400][508.146s][info][gc,heap     ] GC(130) Survivor regions: 30->35(74)
[2026-09-06T17:09:29.556-0400][508.146s][info][gc,heap     ] GC(130) Old regions: 463->467
[2026-09-06T17:09:29.556-0400][508.146s][info][gc,heap     ] GC(130) Archive regions: 0->0
[2026-09-06T17:09:29.556-0400][508.146s][info][gc,heap     ] GC(130) Humongous regions: 24->24
[2026-09-06T17:09:29.556-0400][508.146s][info][gc,metaspace] GC(130) Metaspace: 151398K(153664K)->151398K(153664K) NonClass: 129864K(131072K)->129864K(131072K) Class: 21534K(22592K)->21534K(22592K)
[2026-09-06T17:09:29.556-0400][508.146s][info][gc          ] GC(130) Pause Young (Normal) (G1 Evacuation Pause) 2143M->1050M(2452M) 9.110ms
[2026-09-06T17:09:29.556-0400][508.146s][info][gc,cpu      ] GC(130) User=0.36s Sys=0.00s Real=0.01s
[2026-09-06T17:09:30.202-0400][508.793s][info][gc,start    ] GC(131) Pause Young (Normal) (G1 Evacuation Pause)
[2026-09-06T17:09:30.202-0400][508.793s][info][gc,task     ] GC(131) Using 23 workers of 23 for evacuation
[2026-09-06T17:09:30.210-0400][508.801s][info][gc,phases   ] GC(131)   Pre Evacuate Collection Set: 0.21ms
[2026-09-06T17:09:30.210-0400][508.801s][info][gc,phases   ] GC(131)   Merge Heap Roots: 0.21ms
[2026-09-06T17:09:30.210-0400][508.801s][info][gc,phases   ] GC(131)   Evacuate Collection Set: 6.70ms
[2026-09-06T17:09:30.210-0400][508.801s][info][gc,phases   ] GC(131)   Post Evacuate Collection Set: 0.70ms
[2026-09-06T17:09:30.210-0400][508.801s][info][gc,phases   ] GC(131)   Other: 0.23ms
[2026-09-06T17:09:30.210-0400][508.801s][info][gc,heap     ] GC(131) Eden regions: 542->0(542)
[2026-09-06T17:09:30.210-0400][508.801s][info][gc,heap     ] GC(131) Survivor regions: 35->33(73)
[2026-09-06T17:09:30.210-0400][508.801s][info][gc,heap     ] GC(131) Old regions: 467->471
[2026-09-06T17:09:30.210-0400][508.801s][info][gc,heap     ] GC(131) Archive regions: 0->0
[2026-09-06T17:09:30.210-0400][508.801s][info][gc,heap     ] GC(131) Humongous regions: 24->24
[2026-09-06T17:09:30.210-0400][508.801s][info][gc,metaspace] GC(131) Metaspace: 151496K(153856K)->151496K(153856K) NonClass: 129943K(131200K)->129943K(131200K) Class: 21552K(22656K)->21552K(22656K)
[2026-09-06T17:09:30.210-0400][508.801s][info][gc          ] GC(131) Pause Young (Normal) (G1 Evacuation Pause) 2134M->1053M(2452M) 8.187ms
[2026-09-06T17:09:30.210-0400][508.801s][info][gc,cpu      ] GC(131) User=0.36s Sys=0.00s Real=0.01s
[2026-09-06T17:09:30.770-0400][509.361s][info][gc,start    ] GC(132) Pause Young (Normal) (G1 Evacuation Pause)
[2026-09-06T17:09:30.770-0400][509.361s][info][gc,task     ] GC(132) Using 23 workers of 23 for evacuation
[2026-09-06T17:09:30.777-0400][509.368s][info][gc,phases   ] GC(132)   Pre Evacuate Collection Set: 0.19ms
[2026-09-06T17:09:30.777-0400][509.368s][info][gc,phases   ] GC(132)   Merge Heap Roots: 0.19ms
[2026-09-06T17:09:30.777-0400][509.368s][info][gc,phases   ] GC(132)   Evacuate Collection Set: 5.46ms
[2026-09-06T17:09:30.777-0400][509.368s][info][gc,phases   ] GC(132)   Post Evacuate Collection Set: 0.74ms
[2026-09-06T17:09:30.777-0400][509.368s][info][gc,phases   ] GC(132)   Other: 0.17ms
[2026-09-06T17:09:30.777-0400][509.368s][info][gc,heap     ] GC(132) Eden regions: 542->0(540)
[2026-09-06T17:09:30.777-0400][509.368s][info][gc,heap     ] GC(132) Survivor regions: 33->34(72)
[2026-09-06T17:09:30.777-0400][509.368s][info][gc,heap     ] GC(132) Old regions: 471->471
[2026-09-06T17:09:30.777-0400][509.368s][info][gc,heap     ] GC(132) Archive regions: 0->0
[2026-09-06T17:09:30.777-0400][509.368s][info][gc,heap     ] GC(132) Humongous regions: 24->24
[2026-09-06T17:09:30.777-0400][509.368s][info][gc,metaspace] GC(132) Metaspace: 151517K(153856K)->151517K(153856K) NonClass: 129962K(131200K)->129962K(131200K) Class: 21555K(22656K)->21555K(22656K)
[2026-09-06T17:09:30.777-0400][509.368s][info][gc          ] GC(132) Pause Young (Normal) (G1 Evacuation Pause) 2137M->1057M(2452M) 6.914ms
[2026-09-06T17:09:30.777-0400][509.368s][info][gc,cpu      ] GC(132) User=0.19s Sys=0.00s Real=0.01s
[2026-09-06T17:09:31.427-0400][510.018s][info][gc,start    ] GC(133) Pause Young (Normal) (G1 Evacuation Pause)
[2026-09-06T17:09:31.427-0400][510.018s][info][gc,task     ] GC(133) Using 23 workers of 23 for evacuation
[2026-09-06T17:09:31.432-0400][510.024s][info][gc,phases   ] GC(133)   Pre Evacuate Collection Set: 0.22ms
[2026-09-06T17:09:31.432-0400][510.024s][info][gc,phases   ] GC(133)   Merge Heap Roots: 0.16ms
[2026-09-06T17:09:31.432-0400][510.024s][info][gc,phases   ] GC(133)   Evacuate Collection Set: 4.62ms
[2026-09-06T17:09:31.432-0400][510.024s][info][gc,phases   ] GC(133)   Post Evacuate Collection Set: 0.72ms
[2026-09-06T17:09:31.432-0400][510.024s][info][gc,phases   ] GC(133)   Other: 0.15ms
[2026-09-06T17:09:31.432-0400][510.024s][info][gc,heap     ] GC(133) Eden regions: 540->0(541)
[2026-09-06T17:09:31.432-0400][510.024s][info][gc,heap     ] GC(133) Survivor regions: 34->33(72)
[2026-09-06T17:09:31.432-0400][510.024s][info][gc,heap     ] GC(133) Old regions: 471->472
[2026-09-06T17:09:31.432-0400][510.024s][info][gc,heap     ] GC(133) Archive regions: 0->0
[2026-09-06T17:09:31.432-0400][510.024s][info][gc,heap     ] GC(133) Humongous regions: 24->24
[2026-09-06T17:09:31.432-0400][510.024s][info][gc,metaspace] GC(133) Metaspace: 151524K(153856K)->151524K(153856K) NonClass: 129969K(131200K)->129969K(131200K) Class: 21555K(22656K)->21555K(22656K)
[2026-09-06T17:09:31.432-0400][510.024s][info][gc          ] GC(133) Pause Young (Normal) (G1 Evacuation Pause) 2137M->1057M(2452M) 5.969ms
[2026-09-06T17:09:31.433-0400][510.024s][info][gc,cpu      ] GC(133) User=0.00s Sys=0.00s Real=0.01s
[2026-09-06T17:09:32.104-0400][510.695s][info][gc,start    ] GC(134) Pause Young (Normal) (G1 Evacuation Pause)
[2026-09-06T17:09:32.104-0400][510.695s][info][gc,task     ] GC(134) Using 23 workers of 23 for evacuation
[2026-09-06T17:09:32.112-0400][510.702s][info][gc,phases   ] GC(134)   Pre Evacuate Collection Set: 0.20ms
[2026-09-06T17:09:32.112-0400][510.702s][info][gc,phases   ] GC(134)   Merge Heap Roots: 0.20ms
[2026-09-06T17:09:32.112-0400][510.702s][info][gc,phases   ] GC(134)   Evacuate Collection Set: 5.71ms
[2026-09-06T17:09:32.112-0400][510.702s][info][gc,phases   ] GC(134)   Post Evacuate Collection Set: 0.93ms
[2026-09-06T17:09:32.112-0400][510.702s][info][gc,phases   ] GC(134)   Other: 0.18ms
[2026-09-06T17:09:32.112-0400][510.702s][info][gc,heap     ] GC(134) Eden regions: 541->0(536)
[2026-09-06T17:09:32.112-0400][510.702s][info][gc,heap     ] GC(134) Survivor regions: 33->35(72)
[2026-09-06T17:09:32.112-0400][510.702s][info][gc,heap     ] GC(134) Old regions: 472->473
[2026-09-06T17:09:32.112-0400][510.702s][info][gc,heap     ] GC(134) Archive regions: 0->0
[2026-09-06T17:09:32.112-0400][510.702s][info][gc,heap     ] GC(134) Humongous regions: 24->24
[2026-09-06T17:09:32.112-0400][510.702s][info][gc,metaspace] GC(134) Metaspace: 151543K(153856K)->151543K(153856K) NonClass: 129988K(131200K)->129988K(131200K) Class: 21555K(22656K)->21555K(22656K)
[2026-09-06T17:09:32.112-0400][510.702s][info][gc          ] GC(134) Pause Young (Normal) (G1 Evacuation Pause) 2139M->1062M(2452M) 7.378ms
[2026-09-06T17:09:32.112-0400][510.702s][info][gc,cpu      ] GC(134) User=0.00s Sys=0.00s Real=0.01s
[2026-09-06T17:09:32.345-0400][510.936s][info][gc,start    ] GC(135) Pause Young (Normal) (G1 Evacuation Pause)
[2026-09-06T17:09:32.345-0400][510.936s][info][gc,task     ] GC(135) Using 23 workers of 23 for evacuation
[2026-09-06T17:09:32.352-0400][510.943s][info][gc,phases   ] GC(135)   Pre Evacuate Collection Set: 0.14ms
[2026-09-06T17:09:32.352-0400][510.943s][info][gc,phases   ] GC(135)   Merge Heap Roots: 0.16ms
[2026-09-06T17:09:32.352-0400][510.943s][info][gc,phases   ] GC(135)   Evacuate Collection Set: 5.99ms
[2026-09-06T17:09:32.352-0400][510.943s][info][gc,phases   ] GC(135)   Post Evacuate Collection Set: 0.63ms
[2026-09-06T17:09:32.352-0400][510.943s][info][gc,phases   ] GC(135)   Other: 0.19ms
[2026-09-06T17:09:32.352-0400][510.943s][info][gc,heap     ] GC(135) Eden regions: 536->0(532)
[2026-09-06T17:09:32.353-0400][510.943s][info][gc,heap     ] GC(135) Survivor regions: 35->37(72)
[2026-09-06T17:09:32.353-0400][510.943s][info][gc,heap     ] GC(135) Old regions: 473->473
[2026-09-06T17:09:32.353-0400][510.943s][info][gc,heap     ] GC(135) Archive regions: 0->0
[2026-09-06T17:09:32.353-0400][510.943s][info][gc,heap     ] GC(135) Humongous regions: 24->24
[2026-09-06T17:09:32.353-0400][510.943s][info][gc,metaspace] GC(135) Metaspace: 151543K(153856K)->151543K(153856K) NonClass: 129988K(131200K)->129988K(131200K) Class: 21555K(22656K)->21555K(22656K)
[2026-09-06T17:09:32.353-0400][510.943s][info][gc          ] GC(135) Pause Young (Normal) (G1 Evacuation Pause) 2134M->1065M(2452M) 7.410ms
[2026-09-06T17:09:32.353-0400][510.943s][info][gc,cpu      ] GC(135) User=0.36s Sys=0.00s Real=0.01s
[2026-09-06T17:09:33.004-0400][511.596s][info][gc,start    ] GC(136) Pause Young (Normal) (G1 Evacuation Pause)
[2026-09-06T17:09:33.005-0400][511.596s][info][gc,task     ] GC(136) Using 23 workers of 23 for evacuation
[2026-09-06T17:09:33.013-0400][511.604s][info][gc,phases   ] GC(136)   Pre Evacuate Collection Set: 0.50ms
[2026-09-06T17:09:33.013-0400][511.604s][info][gc,phases   ] GC(136)   Merge Heap Roots: 0.23ms
[2026-09-06T17:09:33.013-0400][511.604s][info][gc,phases   ] GC(136)   Evacuate Collection Set: 6.21ms
[2026-09-06T17:09:33.013-0400][511.604s][info][gc,phases   ] GC(136)   Post Evacuate Collection Set: 1.10ms
[2026-09-06T17:09:33.013-0400][511.604s][info][gc,phases   ] GC(136)   Other: 0.22ms
[2026-09-06T17:09:33.013-0400][511.604s][info][gc,heap     ] GC(136) Eden regions: 532->0(526)
[2026-09-06T17:09:33.013-0400][511.604s][info][gc,heap     ] GC(136) Survivor regions: 37->40(72)
[2026-09-06T17:09:33.013-0400][511.604s][info][gc,heap     ] GC(136) Old regions: 473->473
[2026-09-06T17:09:33.013-0400][511.604s][info][gc,heap     ] GC(136) Archive regions: 0->0
[2026-09-06T17:09:33.013-0400][511.604s][info][gc,heap     ] GC(136) Humongous regions: 24->24
[2026-09-06T17:09:33.013-0400][511.604s][info][gc,metaspace] GC(136) Metaspace: 151603K(153920K)->151603K(153920K) NonClass: 130043K(131264K)->130043K(131264K) Class: 21560K(22656K)->21560K(22656K)
[2026-09-06T17:09:33.013-0400][511.604s][info][gc          ] GC(136) Pause Young (Normal) (G1 Evacuation Pause) 2129M->1071M(2452M) 8.397ms
[2026-09-06T17:09:33.013-0400][511.604s][info][gc,cpu      ] GC(136) User=0.06s Sys=0.02s Real=0.01s
[2026-09-06T17:09:33.737-0400][512.328s][info][gc,start    ] GC(137) Pause Young (Normal) (G1 Evacuation Pause)
[2026-09-06T17:09:33.737-0400][512.328s][info][gc,task     ] GC(137) Using 23 workers of 23 for evacuation
[2026-09-06T17:09:33.745-0400][512.337s][info][gc,phases   ] GC(137)   Pre Evacuate Collection Set: 0.14ms
[2026-09-06T17:09:33.745-0400][512.337s][info][gc,phases   ] GC(137)   Merge Heap Roots: 0.21ms
[2026-09-06T17:09:33.745-0400][512.337s][info][gc,phases   ] GC(137)   Evacuate Collection Set: 8.00ms
[2026-09-06T17:09:33.745-0400][512.337s][info][gc,phases   ] GC(137)   Post Evacuate Collection Set: 0.73ms
[2026-09-06T17:09:33.745-0400][512.337s][info][gc,phases   ] GC(137)   Other: 0.18ms
[2026-09-06T17:09:33.746-0400][512.337s][info][gc,heap     ] GC(137) Eden regions: 526->0(517)
[2026-09-06T17:09:33.746-0400][512.337s][info][gc,heap     ] GC(137) Survivor regions: 40->44(71)
[2026-09-06T17:09:33.746-0400][512.337s][info][gc,heap     ] GC(137) Old regions: 473->473
[2026-09-06T17:09:33.746-0400][512.337s][info][gc,heap     ] GC(137) Archive regions: 0->0
[2026-09-06T17:09:33.746-0400][512.337s][info][gc,heap     ] GC(137) Humongous regions: 25->25
[2026-09-06T17:09:33.746-0400][512.337s][info][gc,metaspace] GC(137) Metaspace: 152106K(154560K)->152106K(154560K) NonClass: 130454K(131776K)->130454K(131776K) Class: 21652K(22784K)->21652K(22784K)
[2026-09-06T17:09:33.746-0400][512.337s][info][gc          ] GC(137) Pause Young (Normal) (G1 Evacuation Pause) 2125M->1082M(2452M) 9.552ms
[2026-09-06T17:09:33.746-0400][512.337s][info][gc,cpu      ] GC(137) User=0.34s Sys=0.00s Real=0.01s
[2026-09-06T17:09:34.007-0400][512.598s][info][gc,start    ] GC(138) Pause Young (Normal) (G1 Evacuation Pause)
[2026-09-06T17:09:34.007-0400][512.598s][info][gc,task     ] GC(138) Using 23 workers of 23 for evacuation
[2026-09-06T17:09:34.016-0400][512.607s][info][gc,phases   ] GC(138)   Pre Evacuate Collection Set: 0.19ms
[2026-09-06T17:09:34.016-0400][512.607s][info][gc,phases   ] GC(138)   Merge Heap Roots: 0.20ms
[2026-09-06T17:09:34.016-0400][512.607s][info][gc,phases   ] GC(138)   Evacuate Collection Set: 7.73ms
[2026-09-06T17:09:34.016-0400][512.607s][info][gc,phases   ] GC(138)   Post Evacuate Collection Set: 0.64ms
[2026-09-06T17:09:34.016-0400][512.607s][info][gc,phases   ] GC(138)   Other: 0.27ms
[2026-09-06T17:09:34.016-0400][512.607s][info][gc,heap     ] GC(138) Eden regions: 517->0(513)
[2026-09-06T17:09:34.016-0400][512.607s][info][gc,heap     ] GC(138) Survivor regions: 44->42(71)
[2026-09-06T17:09:34.016-0400][512.607s][info][gc,heap     ] GC(138) Old regions: 473->480
[2026-09-06T17:09:34.016-0400][512.607s][info][gc,heap     ] GC(138) Archive regions: 0->0
[2026-09-06T17:09:34.016-0400][512.607s][info][gc,heap     ] GC(138) Humongous regions: 26->26
[2026-09-06T17:09:34.016-0400][512.608s][info][gc,metaspace] GC(138) Metaspace: 152368K(154944K)->152368K(154944K) NonClass: 130667K(132032K)->130667K(132032K) Class: 21701K(22912K)->21701K(22912K)
[2026-09-06T17:09:34.016-0400][512.608s][info][gc          ] GC(138) Pause Young (Normal) (G1 Evacuation Pause) 2118M->1094M(2452M) 9.146ms
[2026-09-06T17:09:34.017-0400][512.608s][info][gc,cpu      ] GC(138) User=0.00s Sys=0.00s Real=0.01s
[2026-09-06T17:09:34.740-0400][513.331s][info][gc,start    ] GC(139) Pause Young (Normal) (G1 Evacuation Pause)
[2026-09-06T17:09:34.740-0400][513.331s][info][gc,task     ] GC(139) Using 23 workers of 23 for evacuation
[2026-09-06T17:09:34.747-0400][513.338s][info][gc,phases   ] GC(139)   Pre Evacuate Collection Set: 0.16ms
[2026-09-06T17:09:34.747-0400][513.338s][info][gc,phases   ] GC(139)   Merge Heap Roots: 0.17ms
[2026-09-06T17:09:34.747-0400][513.338s][info][gc,phases   ] GC(139)   Evacuate Collection Set: 5.70ms
[2026-09-06T17:09:34.747-0400][513.338s][info][gc,phases   ] GC(139)   Post Evacuate Collection Set: 0.62ms
[2026-09-06T17:09:34.747-0400][513.338s][info][gc,phases   ] GC(139)   Other: 0.17ms
[2026-09-06T17:09:34.747-0400][513.338s][info][gc,heap     ] GC(139) Eden regions: 513->0(523)
[2026-09-06T17:09:34.747-0400][513.338s][info][gc,heap     ] GC(139) Survivor regions: 42->34(70)
[2026-09-06T17:09:34.747-0400][513.338s][info][gc,heap     ] GC(139) Old regions: 480->486
[2026-09-06T17:09:34.747-0400][513.338s][info][gc,heap     ] GC(139) Archive regions: 0->0
[2026-09-06T17:09:34.747-0400][513.338s][info][gc,heap     ] GC(139) Humongous regions: 27->26
[2026-09-06T17:09:34.747-0400][513.338s][info][gc,metaspace] GC(139) Metaspace: 152383K(155008K)->152383K(155008K) NonClass: 130682K(132096K)->130682K(132096K) Class: 21701K(22912K)->21701K(22912K)
[2026-09-06T17:09:34.747-0400][513.338s][info][gc          ] GC(139) Pause Young (Normal) (G1 Evacuation Pause) 2122M->1090M(2452M) 6.946ms
[2026-09-06T17:09:34.747-0400][513.338s][info][gc,cpu      ] GC(139) User=0.00s Sys=0.00s Real=0.01s
[2026-09-06T17:09:35.400-0400][513.991s][info][gc,start    ] GC(140) Pause Young (Normal) (G1 Evacuation Pause)
[2026-09-06T17:09:35.400-0400][513.991s][info][gc,task     ] GC(140) Using 23 workers of 23 for evacuation
[2026-09-06T17:09:35.405-0400][513.996s][info][gc,phases   ] GC(140)   Pre Evacuate Collection Set: 0.20ms
[2026-09-06T17:09:35.405-0400][513.996s][info][gc,phases   ] GC(140)   Merge Heap Roots: 0.16ms
[2026-09-06T17:09:35.405-0400][513.996s][info][gc,phases   ] GC(140)   Evacuate Collection Set: 4.13ms
[2026-09-06T17:09:35.405-0400][513.996s][info][gc,phases   ] GC(140)   Post Evacuate Collection Set: 0.59ms
[2026-09-06T17:09:35.405-0400][513.996s][info][gc,phases   ] GC(140)   Other: 0.19ms
[2026-09-06T17:09:35.405-0400][513.996s][info][gc,heap     ] GC(140) Eden regions: 523->0(521)
[2026-09-06T17:09:35.405-0400][513.996s][info][gc,heap     ] GC(140) Survivor regions: 34->35(70)
[2026-09-06T17:09:35.405-0400][513.996s][info][gc,heap     ] GC(140) Old regions: 486->486
[2026-09-06T17:09:35.405-0400][513.996s][info][gc,heap     ] GC(140) Archive regions: 0->0
[2026-09-06T17:09:35.405-0400][513.996s][info][gc,heap     ] GC(140) Humongous regions: 26->26
[2026-09-06T17:09:35.405-0400][513.996s][info][gc,metaspace] GC(140) Metaspace: 152388K(155008K)->152388K(155008K) NonClass: 130687K(132096K)->130687K(132096K) Class: 21701K(22912K)->21701K(22912K)
[2026-09-06T17:09:35.405-0400][513.997s][info][gc          ] GC(140) Pause Young (Normal) (G1 Evacuation Pause) 2136M->1092M(2452M) 5.339ms
[2026-09-06T17:09:35.405-0400][513.997s][info][gc,cpu      ] GC(140) User=0.00s Sys=0.00s Real=0.00s
[2026-09-06T17:09:36.107-0400][514.699s][info][gc,start    ] GC(141) Pause Young (Normal) (G1 Evacuation Pause)
[2026-09-06T17:09:36.107-0400][514.699s][info][gc,task     ] GC(141) Using 23 workers of 23 for evacuation
[2026-09-06T17:09:36.115-0400][514.706s][info][gc,phases   ] GC(141)   Pre Evacuate Collection Set: 0.21ms
[2026-09-06T17:09:36.115-0400][514.706s][info][gc,phases   ] GC(141)   Merge Heap Roots: 0.36ms
[2026-09-06T17:09:36.115-0400][514.706s][info][gc,phases   ] GC(141)   Evacuate Collection Set: 5.17ms
[2026-09-06T17:09:36.115-0400][514.706s][info][gc,phases   ] GC(141)   Post Evacuate Collection Set: 0.91ms
[2026-09-06T17:09:36.115-0400][514.706s][info][gc,phases   ] GC(141)   Other: 0.15ms
[2026-09-06T17:09:36.115-0400][514.706s][info][gc,heap     ] GC(141) Eden regions: 521->0(509)
[2026-09-06T17:09:36.115-0400][514.706s][info][gc,heap     ] GC(141) Survivor regions: 35->41(70)
[2026-09-06T17:09:36.115-0400][514.706s][info][gc,heap     ] GC(141) Old regions: 486->486
[2026-09-06T17:09:36.115-0400][514.706s][info][gc,heap     ] GC(141) Archive regions: 0->0
[2026-09-06T17:09:36.115-0400][514.706s][info][gc,heap     ] GC(141) Humongous regions: 26->26
[2026-09-06T17:09:36.115-0400][514.706s][info][gc,metaspace] GC(141) Metaspace: 152428K(155008K)->152428K(155008K) NonClass: 130727K(132096K)->130727K(132096K) Class: 21701K(22912K)->21701K(22912K)
[2026-09-06T17:09:36.115-0400][514.706s][info][gc          ] GC(141) Pause Young (Normal) (G1 Evacuation Pause) 2134M->1103M(2452M) 7.016ms
[2026-09-06T17:09:36.115-0400][514.706s][info][gc,cpu      ] GC(141) User=0.03s Sys=0.00s Real=0.01s
[2026-09-06T17:09:37.119-0400][515.711s][info][gc,start    ] GC(142) Pause Young (Normal) (G1 Evacuation Pause)
[2026-09-06T17:09:37.119-0400][515.711s][info][gc,task     ] GC(142) Using 23 workers of 23 for evacuation
[2026-09-06T17:09:37.126-0400][515.717s][info][gc,phases   ] GC(142)   Pre Evacuate Collection Set: 0.18ms
[2026-09-06T17:09:37.126-0400][515.717s][info][gc,phases   ] GC(142)   Merge Heap Roots: 0.18ms
[2026-09-06T17:09:37.126-0400][515.717s][info][gc,phases   ] GC(142)   Evacuate Collection Set: 4.92ms
[2026-09-06T17:09:37.126-0400][515.717s][info][gc,phases   ] GC(142)   Post Evacuate Collection Set: 0.69ms
[2026-09-06T17:09:37.126-0400][515.717s][info][gc,phases   ] GC(142)   Other: 0.14ms
[2026-09-06T17:09:37.126-0400][515.717s][info][gc,heap     ] GC(142) Eden regions: 509->0(516)
[2026-09-06T17:09:37.126-0400][515.717s][info][gc,heap     ] GC(142) Survivor regions: 41->35(69)
[2026-09-06T17:09:37.126-0400][515.717s][info][gc,heap     ] GC(142) Old regions: 486->491
[2026-09-06T17:09:37.126-0400][515.717s][info][gc,heap     ] GC(142) Archive regions: 0->0
[2026-09-06T17:09:37.126-0400][515.717s][info][gc,heap     ] GC(142) Humongous regions: 26->26
[2026-09-06T17:09:37.126-0400][515.717s][info][gc,metaspace] GC(142) Metaspace: 152440K(155008K)->152440K(155008K) NonClass: 130738K(132096K)->130738K(132096K) Class: 21702K(22912K)->21702K(22912K)
[2026-09-06T17:09:37.126-0400][515.717s][info][gc          ] GC(142) Pause Young (Normal) (G1 Evacuation Pause) 2121M->1103M(2452M) 6.218ms
[2026-09-06T17:09:37.126-0400][515.717s][info][gc,cpu      ] GC(142) User=0.00s Sys=0.00s Real=0.01s
[2026-09-06T17:09:38.155-0400][516.747s][info][gc,start    ] GC(143) Pause Young (Normal) (G1 Evacuation Pause)
[2026-09-06T17:09:38.155-0400][516.747s][info][gc,task     ] GC(143) Using 23 workers of 23 for evacuation
[2026-09-06T17:09:38.161-0400][516.753s][info][gc,phases   ] GC(143)   Pre Evacuate Collection Set: 0.21ms
[2026-09-06T17:09:38.161-0400][516.753s][info][gc,phases   ] GC(143)   Merge Heap Roots: 0.16ms
[2026-09-06T17:09:38.161-0400][516.753s][info][gc,phases   ] GC(143)   Evacuate Collection Set: 4.32ms
[2026-09-06T17:09:38.161-0400][516.753s][info][gc,phases   ] GC(143)   Post Evacuate Collection Set: 0.68ms
[2026-09-06T17:09:38.161-0400][516.753s][info][gc,phases   ] GC(143)   Other: 0.16ms
[2026-09-06T17:09:38.161-0400][516.753s][info][gc,heap     ] GC(143) Eden regions: 516->0(514)
[2026-09-06T17:09:38.161-0400][516.753s][info][gc,heap     ] GC(143) Survivor regions: 35->36(69)
[2026-09-06T17:09:38.161-0400][516.753s][info][gc,heap     ] GC(143) Old regions: 491->491
[2026-09-06T17:09:38.161-0400][516.753s][info][gc,heap     ] GC(143) Archive regions: 0->0
[2026-09-06T17:09:38.161-0400][516.753s][info][gc,heap     ] GC(143) Humongous regions: 26->26
[2026-09-06T17:09:38.161-0400][516.753s][info][gc,metaspace] GC(143) Metaspace: 152440K(155008K)->152440K(155008K) NonClass: 130738K(132096K)->130738K(132096K) Class: 21702K(22912K)->21702K(22912K)
[2026-09-06T17:09:38.161-0400][516.753s][info][gc          ] GC(143) Pause Young (Normal) (G1 Evacuation Pause) 2135M->1104M(2452M) 5.646ms
[2026-09-06T17:09:38.161-0400][516.753s][info][gc,cpu      ] GC(143) User=0.09s Sys=0.00s Real=0.01s
[2026-09-06T17:09:39.188-0400][517.779s][info][gc,start    ] GC(144) Pause Young (Normal) (G1 Evacuation Pause)
[2026-09-06T17:09:39.188-0400][517.779s][info][gc,task     ] GC(144) Using 23 workers of 23 for evacuation
[2026-09-06T17:09:39.194-0400][517.785s][info][gc,phases   ] GC(144)   Pre Evacuate Collection Set: 0.23ms
[2026-09-06T17:09:39.194-0400][517.785s][info][gc,phases   ] GC(144)   Merge Heap Roots: 0.21ms
[2026-09-06T17:09:39.194-0400][517.785s][info][gc,phases   ] GC(144)   Evacuate Collection Set: 4.17ms
[2026-09-06T17:09:39.194-0400][517.785s][info][gc,phases   ] GC(144)   Post Evacuate Collection Set: 0.67ms
[2026-09-06T17:09:39.194-0400][517.785s][info][gc,phases   ] GC(144)   Other: 0.16ms
[2026-09-06T17:09:39.194-0400][517.785s][info][gc,heap     ] GC(144) Eden regions: 514->0(518)
[2026-09-06T17:09:39.194-0400][517.785s][info][gc,heap     ] GC(144) Survivor regions: 36->34(69)
[2026-09-06T17:09:39.194-0400][517.785s][info][gc,heap     ] GC(144) Old regions: 491->491
[2026-09-06T17:09:39.194-0400][517.785s][info][gc,heap     ] GC(144) Archive regions: 0->0
[2026-09-06T17:09:39.194-0400][517.785s][info][gc,heap     ] GC(144) Humongous regions: 26->26
[2026-09-06T17:09:39.194-0400][517.785s][info][gc,metaspace] GC(144) Metaspace: 152449K(155072K)->152449K(155072K) NonClass: 130747K(132160K)->130747K(132160K) Class: 21702K(22912K)->21702K(22912K)
[2026-09-06T17:09:39.194-0400][517.785s][info][gc          ] GC(144) Pause Young (Normal) (G1 Evacuation Pause) 2132M->1101M(2452M) 5.538ms
[2026-09-06T17:09:39.194-0400][517.785s][info][gc,cpu      ] GC(144) User=0.34s Sys=0.00s Real=0.01s
[2026-09-06T17:09:40.218-0400][518.808s][info][gc,start    ] GC(145) Pause Young (Normal) (G1 Evacuation Pause)
[2026-09-06T17:09:40.218-0400][518.808s][info][gc,task     ] GC(145) Using 23 workers of 23 for evacuation
[2026-09-06T17:09:40.223-0400][518.814s][info][gc,phases   ] GC(145)   Pre Evacuate Collection Set: 0.23ms
[2026-09-06T17:09:40.223-0400][518.814s][info][gc,phases   ] GC(145)   Merge Heap Roots: 0.19ms
[2026-09-06T17:09:40.223-0400][518.814s][info][gc,phases   ] GC(145)   Evacuate Collection Set: 4.23ms
[2026-09-06T17:09:40.223-0400][518.814s][info][gc,phases   ] GC(145)   Post Evacuate Collection Set: 0.73ms
[2026-09-06T17:09:40.223-0400][518.814s][info][gc,phases   ] GC(145)   Other: 0.15ms
[2026-09-06T17:09:40.223-0400][518.814s][info][gc,heap     ] GC(145) Eden regions: 518->0(516)
[2026-09-06T17:09:40.223-0400][518.814s][info][gc,heap     ] GC(145) Survivor regions: 34->35(69)
[2026-09-06T17:09:40.223-0400][518.814s][info][gc,heap     ] GC(145) Old regions: 491->491
[2026-09-06T17:09:40.223-0400][518.814s][info][gc,heap     ] GC(145) Archive regions: 0->0
[2026-09-06T17:09:40.223-0400][518.814s][info][gc,heap     ] GC(145) Humongous regions: 26->26
[2026-09-06T17:09:40.223-0400][518.814s][info][gc,metaspace] GC(145) Metaspace: 152449K(155072K)->152449K(155072K) NonClass: 130747K(132160K)->130747K(132160K) Class: 21702K(22912K)->21702K(22912K)
[2026-09-06T17:09:40.223-0400][518.814s][info][gc          ] GC(145) Pause Young (Normal) (G1 Evacuation Pause) 2137M->1103M(2452M) 5.662ms
[2026-09-06T17:09:40.223-0400][518.814s][info][gc,cpu      ] GC(145) User=0.00s Sys=0.00s Real=0.01s
[2026-09-06T17:09:41.255-0400][519.846s][info][gc,start    ] GC(146) Pause Young (Normal) (G1 Evacuation Pause)
[2026-09-06T17:09:41.255-0400][519.846s][info][gc,task     ] GC(146) Using 23 workers of 23 for evacuation
[2026-09-06T17:09:41.260-0400][519.852s][info][gc,phases   ] GC(146)   Pre Evacuate Collection Set: 0.19ms
[2026-09-06T17:09:41.260-0400][519.852s][info][gc,phases   ] GC(146)   Merge Heap Roots: 0.14ms
[2026-09-06T17:09:41.260-0400][519.852s][info][gc,phases   ] GC(146)   Evacuate Collection Set: 4.39ms
[2026-09-06T17:09:41.260-0400][519.852s][info][gc,phases   ] GC(146)   Post Evacuate Collection Set: 0.74ms
[2026-09-06T17:09:41.260-0400][519.852s][info][gc,phases   ] GC(146)   Other: 0.16ms
[2026-09-06T17:09:41.260-0400][519.852s][info][gc,heap     ] GC(146) Eden regions: 516->0(516)
[2026-09-06T17:09:41.260-0400][519.852s][info][gc,heap     ] GC(146) Survivor regions: 35->35(69)
[2026-09-06T17:09:41.262-0400][519.852s][info][gc,heap     ] GC(146) Old regions: 491->491
[2026-09-06T17:09:41.262-0400][519.852s][info][gc,heap     ] GC(146) Archive regions: 0->0
[2026-09-06T17:09:41.262-0400][519.852s][info][gc,heap     ] GC(146) Humongous regions: 26->26
[2026-09-06T17:09:41.262-0400][519.852s][info][gc,metaspace] GC(146) Metaspace: 152449K(155072K)->152449K(155072K) NonClass: 130747K(132160K)->130747K(132160K) Class: 21702K(22912K)->21702K(22912K)
[2026-09-06T17:09:41.262-0400][519.852s][info][gc          ] GC(146) Pause Young (Normal) (G1 Evacuation Pause) 2135M->1102M(2452M) 5.748ms
[2026-09-06T17:09:41.262-0400][519.852s][info][gc,cpu      ] GC(146) User=0.00s Sys=0.00s Real=0.01s
[2026-09-06T17:09:42.292-0400][520.883s][info][gc,start    ] GC(147) Pause Young (Normal) (G1 Evacuation Pause)
[2026-09-06T17:09:42.292-0400][520.883s][info][gc,task     ] GC(147) Using 23 workers of 23 for evacuation
[2026-09-06T17:09:42.297-0400][520.888s][info][gc,phases   ] GC(147)   Pre Evacuate Collection Set: 0.22ms
[2026-09-06T17:09:42.297-0400][520.888s][info][gc,phases   ] GC(147)   Merge Heap Roots: 0.17ms
[2026-09-06T17:09:42.297-0400][520.888s][info][gc,phases   ] GC(147)   Evacuate Collection Set: 4.27ms
[2026-09-06T17:09:42.297-0400][520.888s][info][gc,phases   ] GC(147)   Post Evacuate Collection Set: 0.66ms
[2026-09-06T17:09:42.297-0400][520.889s][info][gc,phases   ] GC(147)   Other: 0.15ms
[2026-09-06T17:09:42.297-0400][520.889s][info][gc,heap     ] GC(147) Eden regions: 516->0(516)
[2026-09-06T17:09:42.297-0400][520.889s][info][gc,heap     ] GC(147) Survivor regions: 35->35(69)
[2026-09-06T17:09:42.297-0400][520.889s][info][gc,heap     ] GC(147) Old regions: 491->491
[2026-09-06T17:09:42.297-0400][520.889s][info][gc,heap     ] GC(147) Archive regions: 0->0
[2026-09-06T17:09:42.297-0400][520.889s][info][gc,heap     ] GC(147) Humongous regions: 26->26
[2026-09-06T17:09:42.297-0400][520.889s][info][gc,metaspace] GC(147) Metaspace: 152451K(155072K)->152451K(155072K) NonClass: 130748K(132160K)->130748K(132160K) Class: 21702K(22912K)->21702K(22912K)
[2026-09-06T17:09:42.297-0400][520.889s][info][gc          ] GC(147) Pause Young (Normal) (G1 Evacuation Pause) 2134M->1102M(2452M) 5.586ms
[2026-09-06T17:09:42.297-0400][520.889s][info][gc,cpu      ] GC(147) User=0.00s Sys=0.00s Real=0.00s
[2026-09-06T17:09:43.273-0400][521.864s][info][gc,start    ] GC(148) Pause Young (Normal) (G1 Evacuation Pause)
[2026-09-06T17:09:43.273-0400][521.864s][info][gc,task     ] GC(148) Using 23 workers of 23 for evacuation
[2026-09-06T17:09:43.279-0400][521.869s][info][gc,phases   ] GC(148)   Pre Evacuate Collection Set: 0.21ms
[2026-09-06T17:09:43.279-0400][521.869s][info][gc,phases   ] GC(148)   Merge Heap Roots: 0.15ms
[2026-09-06T17:09:43.279-0400][521.869s][info][gc,phases   ] GC(148)   Evacuate Collection Set: 4.30ms
[2026-09-06T17:09:43.279-0400][521.869s][info][gc,phases   ] GC(148)   Post Evacuate Collection Set: 0.79ms
[2026-09-06T17:09:43.279-0400][521.869s][info][gc,phases   ] GC(148)   Other: 0.16ms
[2026-09-06T17:09:43.279-0400][521.870s][info][gc,heap     ] GC(148) Eden regions: 516->0(515)
[2026-09-06T17:09:43.279-0400][521.870s][info][gc,heap     ] GC(148) Survivor regions: 35->34(69)
[2026-09-06T17:09:43.279-0400][521.870s][info][gc,heap     ] GC(148) Old regions: 491->494
[2026-09-06T17:09:43.279-0400][521.870s][info][gc,heap     ] GC(148) Archive regions: 0->0
[2026-09-06T17:09:43.279-0400][521.870s][info][gc,heap     ] GC(148) Humongous regions: 26->26
[2026-09-06T17:09:43.279-0400][521.870s][info][gc,metaspace] GC(148) Metaspace: 152451K(155072K)->152451K(155072K) NonClass: 130748K(132160K)->130748K(132160K) Class: 21702K(22912K)->21702K(22912K)
[2026-09-06T17:09:43.279-0400][521.870s][info][gc          ] GC(148) Pause Young (Normal) (G1 Evacuation Pause) 2134M->1104M(2452M) 5.727ms
[2026-09-06T17:09:43.279-0400][521.870s][info][gc,cpu      ] GC(148) User=0.00s Sys=0.00s Real=0.01s
[2026-09-06T17:09:44.294-0400][522.885s][info][gc,start    ] GC(149) Pause Young (Normal) (G1 Evacuation Pause)
[2026-09-06T17:09:44.294-0400][522.885s][info][gc,task     ] GC(149) Using 23 workers of 23 for evacuation
[2026-09-06T17:09:44.299-0400][522.890s][info][gc,phases   ] GC(149)   Pre Evacuate Collection Set: 0.20ms
[2026-09-06T17:09:44.299-0400][522.890s][info][gc,phases   ] GC(149)   Merge Heap Roots: 0.15ms
[2026-09-06T17:09:44.299-0400][522.890s][info][gc,phases   ] GC(149)   Evacuate Collection Set: 4.07ms
[2026-09-06T17:09:44.299-0400][522.890s][info][gc,phases   ] GC(149)   Post Evacuate Collection Set: 0.58ms
[2026-09-06T17:09:44.299-0400][522.890s][info][gc,phases   ] GC(149)   Other: 0.20ms
[2026-09-06T17:09:44.299-0400][522.890s][info][gc,heap     ] GC(149) Eden regions: 515->0(522)
[2026-09-06T17:09:44.299-0400][522.890s][info][gc,heap     ] GC(149) Survivor regions: 34->29(69)
[2026-09-06T17:09:44.299-0400][522.890s][info][gc,heap     ] GC(149) Old regions: 494->497
[2026-09-06T17:09:44.299-0400][522.890s][info][gc,heap     ] GC(149) Archive regions: 0->0
[2026-09-06T17:09:44.299-0400][522.890s][info][gc,heap     ] GC(149) Humongous regions: 26->26
[2026-09-06T17:09:44.299-0400][522.890s][info][gc,metaspace] GC(149) Metaspace: 152451K(155072K)->152451K(155072K) NonClass: 130748K(132160K)->130748K(132160K) Class: 21702K(22912K)->21702K(22912K)
[2026-09-06T17:09:44.299-0400][522.890s][info][gc          ] GC(149) Pause Young (Normal) (G1 Evacuation Pause) 2134M->1103M(2452M) 5.409ms
[2026-09-06T17:09:44.299-0400][522.890s][info][gc,cpu      ] GC(149) User=0.00s Sys=0.00s Real=0.01s
[2026-09-06T17:09:45.366-0400][523.957s][info][gc,start    ] GC(150) Pause Young (Normal) (G1 Evacuation Pause)
[2026-09-06T17:09:45.366-0400][523.957s][info][gc,task     ] GC(150) Using 23 workers of 23 for evacuation
[2026-09-06T17:09:45.371-0400][523.962s][info][gc,phases   ] GC(150)   Pre Evacuate Collection Set: 0.21ms
[2026-09-06T17:09:45.371-0400][523.962s][info][gc,phases   ] GC(150)   Merge Heap Roots: 0.20ms
[2026-09-06T17:09:45.371-0400][523.962s][info][gc,phases   ] GC(150)   Evacuate Collection Set: 3.72ms
[2026-09-06T17:09:45.371-0400][523.962s][info][gc,phases   ] GC(150)   Post Evacuate Collection Set: 0.76ms
[2026-09-06T17:09:45.371-0400][523.962s][info][gc,phases   ] GC(150)   Other: 0.21ms
[2026-09-06T17:09:45.371-0400][523.962s][info][gc,heap     ] GC(150) Eden regions: 522->0(524)
[2026-09-06T17:09:45.371-0400][523.962s][info][gc,heap     ] GC(150) Survivor regions: 29->26(69)
[2026-09-06T17:09:45.371-0400][523.962s][info][gc,heap     ] GC(150) Old regions: 497->501
[2026-09-06T17:09:45.371-0400][523.962s][info][gc,heap     ] GC(150) Archive regions: 0->0
[2026-09-06T17:09:45.371-0400][523.962s][info][gc,heap     ] GC(150) Humongous regions: 26->26
[2026-09-06T17:09:45.371-0400][523.962s][info][gc,metaspace] GC(150) Metaspace: 152451K(155072K)->152451K(155072K) NonClass: 130749K(132160K)->130749K(132160K) Class: 21702K(22912K)->21702K(22912K)
[2026-09-06T17:09:45.371-0400][523.962s][info][gc          ] GC(150) Pause Young (Normal) (G1 Evacuation Pause) 2147M->1103M(2452M) 5.234ms
[2026-09-06T17:09:45.372-0400][523.962s][info][gc,cpu      ] GC(150) User=0.00s Sys=0.00s Real=0.01s
[2026-09-06T17:09:46.140-0400][524.731s][info][gc,start    ] GC(151) Pause Young (Normal) (G1 Evacuation Pause)
[2026-09-06T17:09:46.140-0400][524.731s][info][gc,task     ] GC(151) Using 23 workers of 23 for evacuation
[2026-09-06T17:09:46.146-0400][524.736s][info][gc,phases   ] GC(151)   Pre Evacuate Collection Set: 0.23ms
[2026-09-06T17:09:46.146-0400][524.736s][info][gc,phases   ] GC(151)   Merge Heap Roots: 0.17ms
[2026-09-06T17:09:46.146-0400][524.736s][info][gc,phases   ] GC(151)   Evacuate Collection Set: 3.82ms
[2026-09-06T17:09:46.146-0400][524.736s][info][gc,phases   ] GC(151)   Post Evacuate Collection Set: 1.00ms
[2026-09-06T17:09:46.146-0400][524.736s][info][gc,phases   ] GC(151)   Other: 0.17ms
[2026-09-06T17:09:46.146-0400][524.736s][info][gc,heap     ] GC(151) Eden regions: 524->0(525)
[2026-09-06T17:09:46.146-0400][524.736s][info][gc,heap     ] GC(151) Survivor regions: 26->24(69)
[2026-09-06T17:09:46.146-0400][524.736s][info][gc,heap     ] GC(151) Old regions: 501->504
[2026-09-06T17:09:46.146-0400][524.736s][info][gc,heap     ] GC(151) Archive regions: 0->0
[2026-09-06T17:09:46.146-0400][524.736s][info][gc,heap     ] GC(151) Humongous regions: 26->26
[2026-09-06T17:09:46.146-0400][524.736s][info][gc,metaspace] GC(151) Metaspace: 152451K(155072K)->152451K(155072K) NonClass: 130749K(132160K)->130749K(132160K) Class: 21702K(22912K)->21702K(22912K)
[2026-09-06T17:09:46.146-0400][524.736s][info][gc          ] GC(151) Pause Young (Normal) (G1 Evacuation Pause) 2151M->1106M(2452M) 5.518ms
[2026-09-06T17:09:46.146-0400][524.736s][info][gc,cpu      ] GC(151) User=0.00s Sys=0.00s Real=0.01s
[2026-09-06T17:09:46.638-0400][525.229s][info][gc,start    ] GC(152) Pause Young (Normal) (G1 Evacuation Pause)
[2026-09-06T17:09:46.638-0400][525.229s][info][gc,task     ] GC(152) Using 23 workers of 23 for evacuation
[2026-09-06T17:09:46.642-0400][525.234s][info][gc,phases   ] GC(152)   Pre Evacuate Collection Set: 0.24ms
[2026-09-06T17:09:46.642-0400][525.234s][info][gc,phases   ] GC(152)   Merge Heap Roots: 0.22ms
[2026-09-06T17:09:46.642-0400][525.234s][info][gc,phases   ] GC(152)   Evacuate Collection Set: 3.35ms
[2026-09-06T17:09:46.642-0400][525.234s][info][gc,phases   ] GC(152)   Post Evacuate Collection Set: 0.70ms
[2026-09-06T17:09:46.642-0400][525.234s][info][gc,phases   ] GC(152)   Other: 0.15ms
[2026-09-06T17:09:46.643-0400][525.234s][info][gc,heap     ] GC(152) Eden regions: 525->0(527)
[2026-09-06T17:09:46.643-0400][525.234s][info][gc,heap     ] GC(152) Survivor regions: 24->21(69)
[2026-09-06T17:09:46.643-0400][525.234s][info][gc,heap     ] GC(152) Old regions: 504->508
[2026-09-06T17:09:46.643-0400][525.234s][info][gc,heap     ] GC(152) Archive regions: 0->0
[2026-09-06T17:09:46.643-0400][525.234s][info][gc,heap     ] GC(152) Humongous regions: 26->26
[2026-09-06T17:09:46.643-0400][525.234s][info][gc,metaspace] GC(152) Metaspace: 152453K(155072K)->152453K(155072K) NonClass: 130751K(132160K)->130751K(132160K) Class: 21702K(22912K)->21702K(22912K)
[2026-09-06T17:09:46.643-0400][525.234s][info][gc          ] GC(152) Pause Young (Normal) (G1 Evacuation Pause) 2156M->1109M(2452M) 4.772ms
[2026-09-06T17:09:46.643-0400][525.234s][info][gc,cpu      ] GC(152) User=0.00s Sys=0.00s Real=0.00s
[2026-09-06T17:09:47.269-0400][525.860s][info][gc,start    ] GC(153) Pause Young (Normal) (G1 Evacuation Pause)
[2026-09-06T17:09:47.269-0400][525.860s][info][gc,task     ] GC(153) Using 23 workers of 23 for evacuation
[2026-09-06T17:09:47.273-0400][525.864s][info][gc,phases   ] GC(153)   Pre Evacuate Collection Set: 0.18ms
[2026-09-06T17:09:47.273-0400][525.864s][info][gc,phases   ] GC(153)   Merge Heap Roots: 0.19ms
[2026-09-06T17:09:47.273-0400][525.864s][info][gc,phases   ] GC(153)   Evacuate Collection Set: 3.15ms
[2026-09-06T17:09:47.273-0400][525.864s][info][gc,phases   ] GC(153)   Post Evacuate Collection Set: 0.70ms
[2026-09-06T17:09:47.273-0400][525.864s][info][gc,phases   ] GC(153)   Other: 0.14ms
[2026-09-06T17:09:47.273-0400][525.864s][info][gc,heap     ] GC(153) Eden regions: 527->0(525)
[2026-09-06T17:09:47.273-0400][525.864s][info][gc,heap     ] GC(153) Survivor regions: 21->20(69)
[2026-09-06T17:09:47.273-0400][525.864s][info][gc,heap     ] GC(153) Old regions: 508->512
[2026-09-06T17:09:47.273-0400][525.864s][info][gc,heap     ] GC(153) Archive regions: 0->0
[2026-09-06T17:09:47.273-0400][525.864s][info][gc,heap     ] GC(153) Humongous regions: 26->26
[2026-09-06T17:09:47.273-0400][525.864s][info][gc,metaspace] GC(153) Metaspace: 152458K(155072K)->152458K(155072K) NonClass: 130755K(132160K)->130755K(132160K) Class: 21702K(22912K)->21702K(22912K)
[2026-09-06T17:09:47.273-0400][525.864s][info][gc          ] GC(153) Pause Young (Normal) (G1 Evacuation Pause) 2163M->1114M(2452M) 4.471ms
[2026-09-06T17:09:47.273-0400][525.864s][info][gc,cpu      ] GC(153) User=0.34s Sys=0.00s Real=0.00s
[2026-09-06T17:09:47.927-0400][526.518s][info][gc,start    ] GC(154) Pause Young (Normal) (G1 Evacuation Pause)
[2026-09-06T17:09:47.927-0400][526.518s][info][gc,task     ] GC(154) Using 23 workers of 23 for evacuation
[2026-09-06T17:09:47.931-0400][526.522s][info][gc,phases   ] GC(154)   Pre Evacuate Collection Set: 0.13ms
[2026-09-06T17:09:47.931-0400][526.522s][info][gc,phases   ] GC(154)   Merge Heap Roots: 0.18ms
[2026-09-06T17:09:47.931-0400][526.522s][info][gc,phases   ] GC(154)   Evacuate Collection Set: 3.44ms
[2026-09-06T17:09:47.931-0400][526.522s][info][gc,phases   ] GC(154)   Post Evacuate Collection Set: 0.61ms
[2026-09-06T17:09:47.931-0400][526.522s][info][gc,phases   ] GC(154)   Other: 0.16ms
[2026-09-06T17:09:47.931-0400][526.522s][info][gc,heap     ] GC(154) Eden regions: 525->0(520)
[2026-09-06T17:09:47.931-0400][526.522s][info][gc,heap     ] GC(154) Survivor regions: 20->21(69)
[2026-09-06T17:09:47.931-0400][526.522s][info][gc,heap     ] GC(154) Old regions: 512->515
[2026-09-06T17:09:47.931-0400][526.522s][info][gc,heap     ] GC(154) Archive regions: 0->0
[2026-09-06T17:09:47.931-0400][526.522s][info][gc,heap     ] GC(154) Humongous regions: 26->26
[2026-09-06T17:09:47.931-0400][526.522s][info][gc,metaspace] GC(154) Metaspace: 152466K(155072K)->152466K(155072K) NonClass: 130763K(132160K)->130763K(132160K) Class: 21703K(22912K)->21703K(22912K)
[2026-09-06T17:09:47.931-0400][526.522s][info][gc          ] GC(154) Pause Young (Normal) (G1 Evacuation Pause) 2164M->1121M(2452M) 4.642ms
[2026-09-06T17:09:47.931-0400][526.522s][info][gc,cpu      ] GC(154) User=0.00s Sys=0.02s Real=0.00s
[2026-09-06T17:09:48.498-0400][527.088s][info][gc,start    ] GC(155) Pause Young (Normal) (G1 Evacuation Pause)
[2026-09-06T17:09:48.498-0400][527.088s][info][gc,task     ] GC(155) Using 23 workers of 23 for evacuation
[2026-09-06T17:09:48.503-0400][527.093s][info][gc,phases   ] GC(155)   Pre Evacuate Collection Set: 0.16ms
[2026-09-06T17:09:48.503-0400][527.093s][info][gc,phases   ] GC(155)   Merge Heap Roots: 0.21ms
[2026-09-06T17:09:48.503-0400][527.093s][info][gc,phases   ] GC(155)   Evacuate Collection Set: 3.90ms
[2026-09-06T17:09:48.503-0400][527.093s][info][gc,phases   ] GC(155)   Post Evacuate Collection Set: 0.65ms
[2026-09-06T17:09:48.503-0400][527.093s][info][gc,phases   ] GC(155)   Other: 0.17ms
[2026-09-06T17:09:48.503-0400][527.093s][info][gc,heap     ] GC(155) Eden regions: 520->0(515)
[2026-09-06T17:09:48.503-0400][527.093s][info][gc,heap     ] GC(155) Survivor regions: 21->22(68)
[2026-09-06T17:09:48.503-0400][527.093s][info][gc,heap     ] GC(155) Old regions: 515->518
[2026-09-06T17:09:48.503-0400][527.093s][info][gc,heap     ] GC(155) Archive regions: 0->0
[2026-09-06T17:09:48.503-0400][527.093s][info][gc,heap     ] GC(155) Humongous regions: 26->26
[2026-09-06T17:09:48.503-0400][527.094s][info][gc,metaspace] GC(155) Metaspace: 152466K(155072K)->152466K(155072K) NonClass: 130763K(132160K)->130763K(132160K) Class: 21703K(22912K)->21703K(22912K)
[2026-09-06T17:09:48.503-0400][527.094s][info][gc          ] GC(155) Pause Young (Normal) (G1 Evacuation Pause) 2161M->1129M(2452M) 5.230ms
[2026-09-06T17:09:48.503-0400][527.094s][info][gc,cpu      ] GC(155) User=0.00s Sys=0.00s Real=0.01s
[2026-09-06T17:09:48.861-0400][527.452s][info][gc,start    ] GC(156) Pause Young (Normal) (G1 Evacuation Pause)
[2026-09-06T17:09:48.861-0400][527.453s][info][gc,task     ] GC(156) Using 23 workers of 23 for evacuation
[2026-09-06T17:09:48.867-0400][527.459s][info][gc,phases   ] GC(156)   Pre Evacuate Collection Set: 0.39ms
[2026-09-06T17:09:48.867-0400][527.459s][info][gc,phases   ] GC(156)   Merge Heap Roots: 0.25ms
[2026-09-06T17:09:48.867-0400][527.459s][info][gc,phases   ] GC(156)   Evacuate Collection Set: 4.60ms
[2026-09-06T17:09:48.867-0400][527.459s][info][gc,phases   ] GC(156)   Post Evacuate Collection Set: 0.64ms
[2026-09-06T17:09:48.867-0400][527.459s][info][gc,phases   ] GC(156)   Other: 0.26ms
[2026-09-06T17:09:48.867-0400][527.459s][info][gc,heap     ] GC(156) Eden regions: 515->0(509)
[2026-09-06T17:09:48.867-0400][527.459s][info][gc,heap     ] GC(156) Survivor regions: 22->23(68)
[2026-09-06T17:09:48.867-0400][527.459s][info][gc,heap     ] GC(156) Old regions: 518->522
[2026-09-06T17:09:48.867-0400][527.459s][info][gc,heap     ] GC(156) Archive regions: 0->0
[2026-09-06T17:09:48.867-0400][527.459s][info][gc,heap     ] GC(156) Humongous regions: 26->26
[2026-09-06T17:09:48.867-0400][527.459s][info][gc,metaspace] GC(156) Metaspace: 152468K(155072K)->152468K(155072K) NonClass: 130764K(132160K)->130764K(132160K) Class: 21703K(22912K)->21703K(22912K)
[2026-09-06T17:09:48.867-0400][527.459s][info][gc          ] GC(156) Pause Young (Normal) (G1 Evacuation Pause) 2159M->1140M(2452M) 6.243ms
[2026-09-06T17:09:48.867-0400][527.459s][info][gc,cpu      ] GC(156) User=0.34s Sys=0.02s Real=0.01s
[2026-09-06T17:09:49.539-0400][528.130s][info][gc,start    ] GC(157) Pause Young (Normal) (G1 Evacuation Pause)
[2026-09-06T17:09:49.539-0400][528.130s][info][gc,task     ] GC(157) Using 23 workers of 23 for evacuation
[2026-09-06T17:09:49.543-0400][528.134s][info][gc,phases   ] GC(157)   Pre Evacuate Collection Set: 0.24ms
[2026-09-06T17:09:49.543-0400][528.134s][info][gc,phases   ] GC(157)   Merge Heap Roots: 0.17ms
[2026-09-06T17:09:49.543-0400][528.134s][info][gc,phases   ] GC(157)   Evacuate Collection Set: 3.43ms
[2026-09-06T17:09:49.543-0400][528.134s][info][gc,phases   ] GC(157)   Post Evacuate Collection Set: 0.76ms
[2026-09-06T17:09:49.543-0400][528.134s][info][gc,phases   ] GC(157)   Other: 0.22ms
[2026-09-06T17:09:49.543-0400][528.134s][info][gc,heap     ] GC(157) Eden regions: 509->0(505)
[2026-09-06T17:09:49.543-0400][528.134s][info][gc,heap     ] GC(157) Survivor regions: 23->25(67)
[2026-09-06T17:09:49.543-0400][528.134s][info][gc,heap     ] GC(157) Old regions: 522->522
[2026-09-06T17:09:49.543-0400][528.134s][info][gc,heap     ] GC(157) Archive regions: 0->0
[2026-09-06T17:09:49.543-0400][528.134s][info][gc,heap     ] GC(157) Humongous regions: 26->26
[2026-09-06T17:09:49.543-0400][528.134s][info][gc,metaspace] GC(157) Metaspace: 152468K(155072K)->152468K(155072K) NonClass: 130764K(132160K)->130764K(132160K) Class: 21703K(22912K)->21703K(22912K)
[2026-09-06T17:09:49.543-0400][528.134s][info][gc          ] GC(157) Pause Young (Normal) (G1 Evacuation Pause) 2158M->1145M(2452M) 4.891ms
[2026-09-06T17:09:49.543-0400][528.135s][info][gc,cpu      ] GC(157) User=0.00s Sys=0.00s Real=0.00s
[2026-09-06T17:09:50.036-0400][528.626s][info][gc,start    ] GC(158) Pause Young (Normal) (GCLocker Initiated GC)
[2026-09-06T17:09:50.036-0400][528.626s][info][gc,task     ] GC(158) Using 23 workers of 23 for evacuation
[2026-09-06T17:09:50.041-0400][528.632s][info][gc,phases   ] GC(158)   Pre Evacuate Collection Set: 0.23ms
[2026-09-06T17:09:50.041-0400][528.632s][info][gc,phases   ] GC(158)   Merge Heap Roots: 0.19ms
[2026-09-06T17:09:50.041-0400][528.632s][info][gc,phases   ] GC(158)   Evacuate Collection Set: 4.91ms
[2026-09-06T17:09:50.041-0400][528.632s][info][gc,phases   ] GC(158)   Post Evacuate Collection Set: 0.72ms
[2026-09-06T17:09:50.041-0400][528.632s][info][gc,phases   ] GC(158)   Other: 0.26ms
[2026-09-06T17:09:50.041-0400][528.632s][info][gc,heap     ] GC(158) Eden regions: 505->0(498)
[2026-09-06T17:09:50.041-0400][528.632s][info][gc,heap     ] GC(158) Survivor regions: 25->28(67)
[2026-09-06T17:09:50.041-0400][528.632s][info][gc,heap     ] GC(158) Old regions: 522->523
[2026-09-06T17:09:50.041-0400][528.632s][info][gc,heap     ] GC(158) Archive regions: 0->0
[2026-09-06T17:09:50.041-0400][528.632s][info][gc,heap     ] GC(158) Humongous regions: 26->26
[2026-09-06T17:09:50.041-0400][528.632s][info][gc,metaspace] GC(158) Metaspace: 152470K(155072K)->152470K(155072K) NonClass: 130767K(132160K)->130767K(132160K) Class: 21703K(22912K)->21703K(22912K)
[2026-09-06T17:09:50.041-0400][528.632s][info][gc          ] GC(158) Pause Young (Normal) (GCLocker Initiated GC) 2155M->1152M(2452M) 6.391ms
[2026-09-06T17:09:50.041-0400][528.633s][info][gc,cpu      ] GC(158) User=0.36s Sys=0.00s Real=0.00s
[2026-09-06T17:09:50.627-0400][529.218s][info][gc,start    ] GC(159) Pause Young (Normal) (G1 Evacuation Pause)
[2026-09-06T17:09:50.627-0400][529.218s][info][gc,task     ] GC(159) Using 23 workers of 23 for evacuation
[2026-09-06T17:09:50.632-0400][529.223s][info][gc,phases   ] GC(159)   Pre Evacuate Collection Set: 0.21ms
[2026-09-06T17:09:50.632-0400][529.223s][info][gc,phases   ] GC(159)   Merge Heap Roots: 0.20ms
[2026-09-06T17:09:50.632-0400][529.223s][info][gc,phases   ] GC(159)   Evacuate Collection Set: 4.11ms
[2026-09-06T17:09:50.632-0400][529.223s][info][gc,phases   ] GC(159)   Post Evacuate Collection Set: 0.68ms
[2026-09-06T17:09:50.632-0400][529.223s][info][gc,phases   ] GC(159)   Other: 0.18ms
[2026-09-06T17:09:50.632-0400][529.223s][info][gc,heap     ] GC(159) Eden regions: 498->0(494)
[2026-09-06T17:09:50.632-0400][529.223s][info][gc,heap     ] GC(159) Survivor regions: 28->30(66)
[2026-09-06T17:09:50.632-0400][529.223s][info][gc,heap     ] GC(159) Old regions: 523->523
[2026-09-06T17:09:50.632-0400][529.223s][info][gc,heap     ] GC(159) Archive regions: 0->0
[2026-09-06T17:09:50.632-0400][529.223s][info][gc,heap     ] GC(159) Humongous regions: 26->26
[2026-09-06T17:09:50.632-0400][529.223s][info][gc,metaspace] GC(159) Metaspace: 152471K(155072K)->152471K(155072K) NonClass: 130768K(132160K)->130768K(132160K) Class: 21703K(22912K)->21703K(22912K)
[2026-09-06T17:09:50.632-0400][529.223s][info][gc          ] GC(159) Pause Young (Normal) (G1 Evacuation Pause) 2148M->1156M(2452M) 5.518ms
[2026-09-06T17:09:50.632-0400][529.223s][info][gc,cpu      ] GC(159) User=0.36s Sys=0.00s Real=0.00s
[2026-09-06T17:09:50.896-0400][529.487s][info][gc,start    ] GC(160) Pause Young (Normal) (G1 Evacuation Pause)
[2026-09-06T17:09:50.896-0400][529.487s][info][gc,task     ] GC(160) Using 23 workers of 23 for evacuation
[2026-09-06T17:09:50.903-0400][529.494s][info][gc,phases   ] GC(160)   Pre Evacuate Collection Set: 0.20ms
[2026-09-06T17:09:50.903-0400][529.494s][info][gc,phases   ] GC(160)   Merge Heap Roots: 0.21ms
[2026-09-06T17:09:50.903-0400][529.494s][info][gc,phases   ] GC(160)   Evacuate Collection Set: 6.11ms
[2026-09-06T17:09:50.903-0400][529.494s][info][gc,phases   ] GC(160)   Post Evacuate Collection Set: 0.61ms
[2026-09-06T17:09:50.903-0400][529.494s][info][gc,phases   ] GC(160)   Other: 0.33ms
[2026-09-06T17:09:50.903-0400][529.494s][info][gc,heap     ] GC(160) Eden regions: 494->0(478)
[2026-09-06T17:09:50.903-0400][529.494s][info][gc,heap     ] GC(160) Survivor regions: 30->38(66)
[2026-09-06T17:09:50.903-0400][529.494s][info][gc,heap     ] GC(160) Old regions: 523->523
[2026-09-06T17:09:50.903-0400][529.494s][info][gc,heap     ] GC(160) Archive regions: 0->0
[2026-09-06T17:09:50.903-0400][529.494s][info][gc,heap     ] GC(160) Humongous regions: 26->26
[2026-09-06T17:09:50.903-0400][529.494s][info][gc,metaspace] GC(160) Metaspace: 152474K(155072K)->152474K(155072K) NonClass: 130771K(132160K)->130771K(132160K) Class: 21703K(22912K)->21703K(22912K)
[2026-09-06T17:09:50.903-0400][529.494s][info][gc          ] GC(160) Pause Young (Normal) (G1 Evacuation Pause) 2144M->1171M(2452M) 7.579ms
[2026-09-06T17:09:50.904-0400][529.494s][info][gc,cpu      ] GC(160) User=0.02s Sys=0.02s Real=0.01s
[2026-09-06T17:09:51.515-0400][530.106s][info][gc,start    ] GC(161) Pause Young (Normal) (G1 Evacuation Pause)
[2026-09-06T17:09:51.515-0400][530.106s][info][gc,task     ] GC(161) Using 23 workers of 23 for evacuation
[2026-09-06T17:09:51.521-0400][530.112s][info][gc,phases   ] GC(161)   Pre Evacuate Collection Set: 0.18ms
[2026-09-06T17:09:51.521-0400][530.112s][info][gc,phases   ] GC(161)   Merge Heap Roots: 0.18ms
[2026-09-06T17:09:51.521-0400][530.112s][info][gc,phases   ] GC(161)   Evacuate Collection Set: 4.96ms
[2026-09-06T17:09:51.521-0400][530.112s][info][gc,phases   ] GC(161)   Post Evacuate Collection Set: 0.78ms
[2026-09-06T17:09:51.521-0400][530.112s][info][gc,phases   ] GC(161)   Other: 0.14ms
[2026-09-06T17:09:51.521-0400][530.112s][info][gc,heap     ] GC(161) Eden regions: 478->0(479)
[2026-09-06T17:09:51.521-0400][530.112s][info][gc,heap     ] GC(161) Survivor regions: 38->36(65)
[2026-09-06T17:09:51.521-0400][530.112s][info][gc,heap     ] GC(161) Old regions: 523->526
[2026-09-06T17:09:51.521-0400][530.112s][info][gc,heap     ] GC(161) Archive regions: 0->0
[2026-09-06T17:09:51.521-0400][530.112s][info][gc,heap     ] GC(161) Humongous regions: 26->26
[2026-09-06T17:09:51.521-0400][530.112s][info][gc,metaspace] GC(161) Metaspace: 152474K(155072K)->152474K(155072K) NonClass: 130771K(132160K)->130771K(132160K) Class: 21703K(22912K)->21703K(22912K)
[2026-09-06T17:09:51.521-0400][530.112s][info][gc          ] GC(161) Pause Young (Normal) (G1 Evacuation Pause) 2127M->1175M(2452M) 6.371ms
[2026-09-06T17:09:51.521-0400][530.112s][info][gc,cpu      ] GC(161) User=0.11s Sys=0.00s Real=0.01s
[2026-09-06T17:09:51.926-0400][530.517s][info][gc,start    ] GC(162) Pause Young (Normal) (G1 Evacuation Pause)
[2026-09-06T17:09:51.926-0400][530.517s][info][gc,task     ] GC(162) Using 23 workers of 23 for evacuation
[2026-09-06T17:09:51.932-0400][530.523s][info][gc,phases   ] GC(162)   Pre Evacuate Collection Set: 0.11ms
[2026-09-06T17:09:51.932-0400][530.523s][info][gc,phases   ] GC(162)   Merge Heap Roots: 0.16ms
[2026-09-06T17:09:51.932-0400][530.523s][info][gc,phases   ] GC(162)   Evacuate Collection Set: 5.07ms
[2026-09-06T17:09:51.932-0400][530.523s][info][gc,phases   ] GC(162)   Post Evacuate Collection Set: 0.56ms
[2026-09-06T17:09:51.932-0400][530.523s][info][gc,phases   ] GC(162)   Other: 0.17ms
[2026-09-06T17:09:51.932-0400][530.523s][info][gc,heap     ] GC(162) Eden regions: 479->0(477)
[2026-09-06T17:09:51.932-0400][530.523s][info][gc,heap     ] GC(162) Survivor regions: 36->37(65)
[2026-09-06T17:09:51.932-0400][530.523s][info][gc,heap     ] GC(162) Old regions: 526->526
[2026-09-06T17:09:51.932-0400][530.523s][info][gc,heap     ] GC(162) Archive regions: 0->0
[2026-09-06T17:09:51.932-0400][530.523s][info][gc,heap     ] GC(162) Humongous regions: 26->26
[2026-09-06T17:09:51.932-0400][530.523s][info][gc,metaspace] GC(162) Metaspace: 152487K(155072K)->152487K(155072K) NonClass: 130784K(132160K)->130784K(132160K) Class: 21703K(22912K)->21703K(22912K)
[2026-09-06T17:09:51.932-0400][530.523s][info][gc          ] GC(162) Pause Young (Normal) (G1 Evacuation Pause) 2133M->1175M(2452M) 6.260ms
[2026-09-06T17:09:51.932-0400][530.523s][info][gc,cpu      ] GC(162) User=0.34s Sys=0.03s Real=0.01s
[2026-09-06T17:09:52.596-0400][531.186s][info][gc,start    ] GC(163) Pause Young (Normal) (G1 Evacuation Pause)
[2026-09-06T17:09:52.596-0400][531.187s][info][gc,task     ] GC(163) Using 23 workers of 23 for evacuation
[2026-09-06T17:09:52.602-0400][531.194s][info][gc,phases   ] GC(163)   Pre Evacuate Collection Set: 0.21ms
[2026-09-06T17:09:52.604-0400][531.194s][info][gc,phases   ] GC(163)   Merge Heap Roots: 0.20ms
[2026-09-06T17:09:52.604-0400][531.194s][info][gc,phases   ] GC(163)   Evacuate Collection Set: 5.93ms
[2026-09-06T17:09:52.604-0400][531.194s][info][gc,phases   ] GC(163)   Post Evacuate Collection Set: 0.80ms
[2026-09-06T17:09:52.604-0400][531.194s][info][gc,phases   ] GC(163)   Other: 0.23ms
[2026-09-06T17:09:52.604-0400][531.194s][info][gc,heap     ] GC(163) Eden regions: 477->0(476)
[2026-09-06T17:09:52.604-0400][531.194s][info][gc,heap     ] GC(163) Survivor regions: 37->36(65)
[2026-09-06T17:09:52.604-0400][531.194s][info][gc,heap     ] GC(163) Old regions: 526->529
[2026-09-06T17:09:52.604-0400][531.194s][info][gc,heap     ] GC(163) Archive regions: 0->0
[2026-09-06T17:09:52.604-0400][531.194s][info][gc,heap     ] GC(163) Humongous regions: 26->26
[2026-09-06T17:09:52.604-0400][531.194s][info][gc,metaspace] GC(163) Metaspace: 152494K(155072K)->152494K(155072K) NonClass: 130790K(132160K)->130790K(132160K) Class: 21704K(22912K)->21704K(22912K)
[2026-09-06T17:09:52.604-0400][531.194s][info][gc          ] GC(163) Pause Young (Normal) (G1 Evacuation Pause) 2129M->1181M(2452M) 7.574ms
[2026-09-06T17:09:52.604-0400][531.194s][info][gc,cpu      ] GC(163) User=0.36s Sys=0.02s Real=0.01s
[2026-09-06T17:09:53.059-0400][531.650s][info][gc,start    ] GC(164) Pause Young (Normal) (G1 Evacuation Pause)
[2026-09-06T17:09:53.059-0400][531.650s][info][gc,task     ] GC(164) Using 23 workers of 23 for evacuation
[2026-09-06T17:09:53.065-0400][531.656s][info][gc,phases   ] GC(164)   Pre Evacuate Collection Set: 0.24ms
[2026-09-06T17:09:53.065-0400][531.656s][info][gc,phases   ] GC(164)   Merge Heap Roots: 0.21ms
[2026-09-06T17:09:53.065-0400][531.656s][info][gc,phases   ] GC(164)   Evacuate Collection Set: 5.04ms
[2026-09-06T17:09:53.065-0400][531.656s][info][gc,phases   ] GC(164)   Post Evacuate Collection Set: 0.69ms
[2026-09-06T17:09:53.065-0400][531.656s][info][gc,phases   ] GC(164)   Other: 0.18ms
[2026-09-06T17:09:53.065-0400][531.656s][info][gc,heap     ] GC(164) Eden regions: 476->0(473)
[2026-09-06T17:09:53.065-0400][531.656s][info][gc,heap     ] GC(164) Survivor regions: 36->36(64)
[2026-09-06T17:09:53.065-0400][531.656s][info][gc,heap     ] GC(164) Old regions: 529->532
[2026-09-06T17:09:53.065-0400][531.656s][info][gc,heap     ] GC(164) Archive regions: 0->0
[2026-09-06T17:09:53.065-0400][531.656s][info][gc,heap     ] GC(164) Humongous regions: 26->26
[2026-09-06T17:09:53.065-0400][531.656s][info][gc,metaspace] GC(164) Metaspace: 152512K(155072K)->152512K(155072K) NonClass: 130806K(132160K)->130806K(132160K) Class: 21706K(22912K)->21706K(22912K)
[2026-09-06T17:09:53.065-0400][531.656s][info][gc          ] GC(164) Pause Young (Normal) (G1 Evacuation Pause) 2133M->1186M(2452M) 6.483ms
[2026-09-06T17:09:53.065-0400][531.657s][info][gc,cpu      ] GC(164) User=0.00s Sys=0.00s Real=0.01s
[2026-09-06T17:09:53.550-0400][532.142s][info][gc,start    ] GC(165) Pause Young (Normal) (G1 Evacuation Pause)
[2026-09-06T17:09:53.550-0400][532.142s][info][gc,task     ] GC(165) Using 23 workers of 23 for evacuation
[2026-09-06T17:09:53.558-0400][532.149s][info][gc,phases   ] GC(165)   Pre Evacuate Collection Set: 0.20ms
[2026-09-06T17:09:53.558-0400][532.149s][info][gc,phases   ] GC(165)   Merge Heap Roots: 0.21ms
[2026-09-06T17:09:53.558-0400][532.149s][info][gc,phases   ] GC(165)   Evacuate Collection Set: 6.17ms
[2026-09-06T17:09:53.558-0400][532.149s][info][gc,phases   ] GC(165)   Post Evacuate Collection Set: 0.72ms
[2026-09-06T17:09:53.558-0400][532.149s][info][gc,phases   ] GC(165)   Other: 0.24ms
[2026-09-06T17:09:53.558-0400][532.149s][info][gc,heap     ] GC(165) Eden regions: 473->0(463)
[2026-09-06T17:09:53.558-0400][532.149s][info][gc,heap     ] GC(165) Survivor regions: 36->39(64)
[2026-09-06T17:09:53.558-0400][532.149s][info][gc,heap     ] GC(165) Old regions: 532->536
[2026-09-06T17:09:53.558-0400][532.149s][info][gc,heap     ] GC(165) Archive regions: 0->0
[2026-09-06T17:09:53.558-0400][532.149s][info][gc,heap     ] GC(165) Humongous regions: 26->26
[2026-09-06T17:09:53.558-0400][532.149s][info][gc,metaspace] GC(165) Metaspace: 152512K(155072K)->152512K(155072K) NonClass: 130806K(132160K)->130806K(132160K) Class: 21706K(22912K)->21706K(22912K)
[2026-09-06T17:09:53.558-0400][532.149s][info][gc          ] GC(165) Pause Young (Normal) (G1 Evacuation Pause) 2132M->1201M(2452M) 7.737ms
[2026-09-06T17:09:53.558-0400][532.149s][info][gc,cpu      ] GC(165) User=0.36s Sys=0.00s Real=0.01s
[2026-09-06T17:09:53.916-0400][532.506s][info][gc,start    ] GC(166) Pause Young (Normal) (G1 Evacuation Pause)
[2026-09-06T17:09:53.916-0400][532.506s][info][gc,task     ] GC(166) Using 23 workers of 23 for evacuation
[2026-09-06T17:09:53.923-0400][532.513s][info][gc,phases   ] GC(166)   Pre Evacuate Collection Set: 0.20ms
[2026-09-06T17:09:53.923-0400][532.513s][info][gc,phases   ] GC(166)   Merge Heap Roots: 0.20ms
[2026-09-06T17:09:53.923-0400][532.513s][info][gc,phases   ] GC(166)   Evacuate Collection Set: 6.22ms
[2026-09-06T17:09:53.923-0400][532.514s][info][gc,phases   ] GC(166)   Post Evacuate Collection Set: 0.64ms
[2026-09-06T17:09:53.923-0400][532.514s][info][gc,phases   ] GC(166)   Other: 0.23ms
[2026-09-06T17:09:53.923-0400][532.514s][info][gc,heap     ] GC(166) Eden regions: 463->0(466)
[2026-09-06T17:09:53.923-0400][532.514s][info][gc,heap     ] GC(166) Survivor regions: 39->34(63)
[2026-09-06T17:09:53.923-0400][532.514s][info][gc,heap     ] GC(166) Old regions: 536->543
[2026-09-06T17:09:53.923-0400][532.514s][info][gc,heap     ] GC(166) Archive regions: 0->0
[2026-09-06T17:09:53.923-0400][532.514s][info][gc,heap     ] GC(166) Humongous regions: 26->26
[2026-09-06T17:09:53.923-0400][532.514s][info][gc,metaspace] GC(166) Metaspace: 152512K(155072K)->152512K(155072K) NonClass: 130806K(132160K)->130806K(132160K) Class: 21706K(22912K)->21706K(22912K)
[2026-09-06T17:09:53.923-0400][532.514s][info][gc          ] GC(166) Pause Young (Normal) (G1 Evacuation Pause) 2127M->1204M(2452M) 7.578ms
[2026-09-06T17:09:53.923-0400][532.514s][info][gc,cpu      ] GC(166) User=0.00s Sys=0.00s Real=0.01s
[2026-09-06T17:09:54.423-0400][533.014s][info][gc,start    ] GC(167) Pause Young (Normal) (G1 Evacuation Pause)
[2026-09-06T17:09:54.423-0400][533.014s][info][gc,task     ] GC(167) Using 23 workers of 23 for evacuation
[2026-09-06T17:09:54.429-0400][533.020s][info][gc,phases   ] GC(167)   Pre Evacuate Collection Set: 0.20ms
[2026-09-06T17:09:54.429-0400][533.020s][info][gc,phases   ] GC(167)   Merge Heap Roots: 0.21ms
[2026-09-06T17:09:54.429-0400][533.020s][info][gc,phases   ] GC(167)   Evacuate Collection Set: 4.54ms
[2026-09-06T17:09:54.429-0400][533.020s][info][gc,phases   ] GC(167)   Post Evacuate Collection Set: 0.80ms
[2026-09-06T17:09:54.429-0400][533.020s][info][gc,phases   ] GC(167)   Other: 0.18ms
[2026-09-06T17:09:54.429-0400][533.020s][info][gc,heap     ] GC(167) Eden regions: 466->0(464)
[2026-09-06T17:09:54.429-0400][533.020s][info][gc,heap     ] GC(167) Survivor regions: 34->35(63)
[2026-09-06T17:09:54.429-0400][533.020s][info][gc,heap     ] GC(167) Old regions: 543->543
[2026-09-06T17:09:54.429-0400][533.020s][info][gc,heap     ] GC(167) Archive regions: 0->0
[2026-09-06T17:09:54.429-0400][533.020s][info][gc,heap     ] GC(167) Humongous regions: 26->26
[2026-09-06T17:09:54.429-0400][533.020s][info][gc,metaspace] GC(167) Metaspace: 152517K(155072K)->152517K(155072K) NonClass: 130811K(132160K)->130811K(132160K) Class: 21706K(22912K)->21706K(22912K)
[2026-09-06T17:09:54.429-0400][533.020s][info][gc          ] GC(167) Pause Young (Normal) (G1 Evacuation Pause) 2136M->1206M(2452M) 6.072ms
[2026-09-06T17:09:54.429-0400][533.020s][info][gc,cpu      ] GC(167) User=0.36s Sys=0.00s Real=0.01s
[2026-09-06T17:09:54.909-0400][533.501s][info][gc,start    ] GC(168) Pause Young (Normal) (G1 Evacuation Pause)
[2026-09-06T17:09:54.909-0400][533.501s][info][gc,task     ] GC(168) Using 23 workers of 23 for evacuation
[2026-09-06T17:09:54.916-0400][533.507s][info][gc,phases   ] GC(168)   Pre Evacuate Collection Set: 0.23ms
[2026-09-06T17:09:54.916-0400][533.507s][info][gc,phases   ] GC(168)   Merge Heap Roots: 0.18ms
[2026-09-06T17:09:54.916-0400][533.507s][info][gc,phases   ] GC(168)   Evacuate Collection Set: 5.42ms
[2026-09-06T17:09:54.916-0400][533.507s][info][gc,phases   ] GC(168)   Post Evacuate Collection Set: 0.61ms
[2026-09-06T17:09:54.916-0400][533.507s][info][gc,phases   ] GC(168)   Other: 0.23ms
[2026-09-06T17:09:54.916-0400][533.507s][info][gc,heap     ] GC(168) Eden regions: 464->0(456)
[2026-09-06T17:09:54.916-0400][533.507s][info][gc,heap     ] GC(168) Survivor regions: 35->39(63)
[2026-09-06T17:09:54.916-0400][533.507s][info][gc,heap     ] GC(168) Old regions: 543->543
[2026-09-06T17:09:54.916-0400][533.507s][info][gc,heap     ] GC(168) Archive regions: 0->0
[2026-09-06T17:09:54.916-0400][533.507s][info][gc,heap     ] GC(168) Humongous regions: 26->26
[2026-09-06T17:09:54.916-0400][533.507s][info][gc,metaspace] GC(168) Metaspace: 152554K(155136K)->152554K(155136K) NonClass: 130846K(132224K)->130846K(132224K) Class: 21707K(22912K)->21707K(22912K)
[2026-09-06T17:09:54.916-0400][533.507s][info][gc          ] GC(168) Pause Young (Normal) (G1 Evacuation Pause) 2134M->1214M(2452M) 6.796ms
[2026-09-06T17:09:54.916-0400][533.507s][info][gc,cpu      ] GC(168) User=0.36s Sys=0.02s Real=0.01s
[2026-09-06T17:09:55.513-0400][534.104s][info][gc,start    ] GC(169) Pause Young (Normal) (G1 Evacuation Pause)
[2026-09-06T17:09:55.513-0400][534.104s][info][gc,task     ] GC(169) Using 23 workers of 23 for evacuation
[2026-09-06T17:09:55.521-0400][534.111s][info][gc,phases   ] GC(169)   Pre Evacuate Collection Set: 0.19ms
[2026-09-06T17:09:55.521-0400][534.111s][info][gc,phases   ] GC(169)   Merge Heap Roots: 0.19ms
[2026-09-06T17:09:55.521-0400][534.111s][info][gc,phases   ] GC(169)   Evacuate Collection Set: 6.09ms
[2026-09-06T17:09:55.521-0400][534.111s][info][gc,phases   ] GC(169)   Post Evacuate Collection Set: 0.79ms
[2026-09-06T17:09:55.521-0400][534.111s][info][gc,phases   ] GC(169)   Other: 0.20ms
[2026-09-06T17:09:55.521-0400][534.111s][info][gc,heap     ] GC(169) Eden regions: 456->0(460)
[2026-09-06T17:09:55.521-0400][534.111s][info][gc,heap     ] GC(169) Survivor regions: 39->34(62)
[2026-09-06T17:09:55.521-0400][534.111s][info][gc,heap     ] GC(169) Old regions: 543->549
[2026-09-06T17:09:55.521-0400][534.111s][info][gc,heap     ] GC(169) Archive regions: 0->0
[2026-09-06T17:09:55.521-0400][534.111s][info][gc,heap     ] GC(169) Humongous regions: 26->26
[2026-09-06T17:09:55.521-0400][534.111s][info][gc,metaspace] GC(169) Metaspace: 152571K(155136K)->152571K(155136K) NonClass: 130863K(132224K)->130863K(132224K) Class: 21708K(22912K)->21708K(22912K)
[2026-09-06T17:09:55.521-0400][534.111s][info][gc          ] GC(169) Pause Young (Normal) (G1 Evacuation Pause) 2126M->1216M(2452M) 7.556ms
[2026-09-06T17:09:55.521-0400][534.111s][info][gc,cpu      ] GC(169) User=0.00s Sys=0.00s Real=0.01s
[2026-09-06T17:09:55.927-0400][534.517s][info][gc,start    ] GC(170) Pause Young (Normal) (G1 Evacuation Pause)
[2026-09-06T17:09:55.927-0400][534.517s][info][gc,task     ] GC(170) Using 23 workers of 23 for evacuation
[2026-09-06T17:09:55.933-0400][534.524s][info][gc,phases   ] GC(170)   Pre Evacuate Collection Set: 0.24ms
[2026-09-06T17:09:55.933-0400][534.524s][info][gc,phases   ] GC(170)   Merge Heap Roots: 0.18ms
[2026-09-06T17:09:55.933-0400][534.524s][info][gc,phases   ] GC(170)   Evacuate Collection Set: 4.95ms
[2026-09-06T17:09:55.933-0400][534.524s][info][gc,phases   ] GC(170)   Post Evacuate Collection Set: 0.66ms
[2026-09-06T17:09:55.933-0400][534.524s][info][gc,phases   ] GC(170)   Other: 0.27ms
[2026-09-06T17:09:55.933-0400][534.524s][info][gc,heap     ] GC(170) Eden regions: 460->0(456)
[2026-09-06T17:09:55.933-0400][534.524s][info][gc,heap     ] GC(170) Survivor regions: 34->34(62)
[2026-09-06T17:09:55.933-0400][534.524s][info][gc,heap     ] GC(170) Old regions: 549->553
[2026-09-06T17:09:55.933-0400][534.524s][info][gc,heap     ] GC(170) Archive regions: 0->0
[2026-09-06T17:09:55.933-0400][534.524s][info][gc,heap     ] GC(170) Humongous regions: 26->26
[2026-09-06T17:09:55.933-0400][534.524s][info][gc,metaspace] GC(170) Metaspace: 152576K(155136K)->152576K(155136K) NonClass: 130868K(132224K)->130868K(132224K) Class: 21708K(22912K)->21708K(22912K)
[2026-09-06T17:09:55.933-0400][534.524s][info][gc          ] GC(170) Pause Young (Normal) (G1 Evacuation Pause) 2136M->1223M(2452M) 6.417ms
[2026-09-06T17:09:55.933-0400][534.524s][info][gc,cpu      ] GC(170) User=0.00s Sys=0.03s Real=0.01s
[2026-09-06T17:09:56.299-0400][534.890s][info][gc,start    ] GC(171) Pause Young (Normal) (G1 Evacuation Pause)
[2026-09-06T17:09:56.299-0400][534.890s][info][gc,task     ] GC(171) Using 23 workers of 23 for evacuation
[2026-09-06T17:09:56.306-0400][534.897s][info][gc,phases   ] GC(171)   Pre Evacuate Collection Set: 0.20ms
[2026-09-06T17:09:56.306-0400][534.897s][info][gc,phases   ] GC(171)   Merge Heap Roots: 0.18ms
[2026-09-06T17:09:56.306-0400][534.897s][info][gc,phases   ] GC(171)   Evacuate Collection Set: 5.42ms
[2026-09-06T17:09:56.306-0400][534.897s][info][gc,phases   ] GC(171)   Post Evacuate Collection Set: 0.76ms
[2026-09-06T17:09:56.306-0400][534.897s][info][gc,phases   ] GC(171)   Other: 0.18ms
[2026-09-06T17:09:56.306-0400][534.897s][info][gc,heap     ] GC(171) Eden regions: 456->0(446)
[2026-09-06T17:09:56.306-0400][534.897s][info][gc,heap     ] GC(171) Survivor regions: 34->39(62)
[2026-09-06T17:09:56.306-0400][534.897s][info][gc,heap     ] GC(171) Old regions: 553->553
[2026-09-06T17:09:56.306-0400][534.897s][info][gc,heap     ] GC(171) Archive regions: 0->0
[2026-09-06T17:09:56.306-0400][534.897s][info][gc,heap     ] GC(171) Humongous regions: 26->26
[2026-09-06T17:09:56.306-0400][534.897s][info][gc,metaspace] GC(171) Metaspace: 152577K(155136K)->152577K(155136K) NonClass: 130869K(132224K)->130869K(132224K) Class: 21708K(22912K)->21708K(22912K)
[2026-09-06T17:09:56.306-0400][534.897s][info][gc          ] GC(171) Pause Young (Normal) (G1 Evacuation Pause) 2135M->1234M(2452M) 6.863ms
[2026-09-06T17:09:56.306-0400][534.897s][info][gc,cpu      ] GC(171) User=0.36s Sys=0.02s Real=0.01s
[2026-09-06T17:09:56.710-0400][535.302s][info][gc,start    ] GC(172) Pause Young (Normal) (G1 Evacuation Pause)
[2026-09-06T17:09:56.710-0400][535.302s][info][gc,task     ] GC(172) Using 23 workers of 23 for evacuation
[2026-09-06T17:09:56.719-0400][535.309s][info][gc,phases   ] GC(172)   Pre Evacuate Collection Set: 0.21ms
[2026-09-06T17:09:56.719-0400][535.309s][info][gc,phases   ] GC(172)   Merge Heap Roots: 0.18ms
[2026-09-06T17:09:56.719-0400][535.309s][info][gc,phases   ] GC(172)   Evacuate Collection Set: 6.36ms
[2026-09-06T17:09:56.719-0400][535.309s][info][gc,phases   ] GC(172)   Post Evacuate Collection Set: 0.66ms
[2026-09-06T17:09:56.719-0400][535.309s][info][gc,phases   ] GC(172)   Other: 0.19ms
[2026-09-06T17:09:56.719-0400][535.309s][info][gc,heap     ] GC(172) Eden regions: 446->0(440)
[2026-09-06T17:09:56.719-0400][535.309s][info][gc,heap     ] GC(172) Survivor regions: 39->38(61)
[2026-09-06T17:09:56.719-0400][535.309s][info][gc,heap     ] GC(172) Old regions: 553->561
[2026-09-06T17:09:56.719-0400][535.309s][info][gc,heap     ] GC(172) Archive regions: 0->0
[2026-09-06T17:09:56.719-0400][535.309s][info][gc,heap     ] GC(172) Humongous regions: 26->26
[2026-09-06T17:09:56.719-0400][535.309s][info][gc,metaspace] GC(172) Metaspace: 152577K(155136K)->152577K(155136K) NonClass: 130869K(132224K)->130869K(132224K) Class: 21708K(22912K)->21708K(22912K)
[2026-09-06T17:09:56.719-0400][535.309s][info][gc          ] GC(172) Pause Young (Normal) (G1 Evacuation Pause) 2126M->1246M(2452M) 7.797ms
[2026-09-06T17:09:56.719-0400][535.309s][info][gc,cpu      ] GC(172) User=0.00s Sys=0.00s Real=0.01s
[2026-09-06T17:09:56.922-0400][535.513s][info][gc,start    ] GC(173) Pause Young (Normal) (G1 Evacuation Pause)
[2026-09-06T17:09:56.922-0400][535.513s][info][gc,task     ] GC(173) Using 23 workers of 23 for evacuation
[2026-09-06T17:09:56.928-0400][535.519s][info][gc,phases   ] GC(173)   Pre Evacuate Collection Set: 0.45ms
[2026-09-06T17:09:56.928-0400][535.519s][info][gc,phases   ] GC(173)   Merge Heap Roots: 0.20ms
[2026-09-06T17:09:56.928-0400][535.519s][info][gc,phases   ] GC(173)   Evacuate Collection Set: 4.95ms
[2026-09-06T17:09:56.928-0400][535.519s][info][gc,phases   ] GC(173)   Post Evacuate Collection Set: 0.49ms
[2026-09-06T17:09:56.928-0400][535.519s][info][gc,phases   ] GC(173)   Other: 0.22ms
[2026-09-06T17:09:56.928-0400][535.519s][info][gc,heap     ] GC(173) Eden regions: 440->0(449)
[2026-09-06T17:09:56.928-0400][535.519s][info][gc,heap     ] GC(173) Survivor regions: 38->30(60)
[2026-09-06T17:09:56.928-0400][535.519s][info][gc,heap     ] GC(173) Old regions: 561->568
[2026-09-06T17:09:56.928-0400][535.519s][info][gc,heap     ] GC(173) Archive regions: 0->0
[2026-09-06T17:09:56.928-0400][535.519s][info][gc,heap     ] GC(173) Humongous regions: 26->26
[2026-09-06T17:09:56.928-0400][535.519s][info][gc,metaspace] GC(173) Metaspace: 152577K(155136K)->152577K(155136K) NonClass: 130869K(132224K)->130869K(132224K) Class: 21708K(22912K)->21708K(22912K)
[2026-09-06T17:09:56.928-0400][535.519s][info][gc          ] GC(173) Pause Young (Normal) (G1 Evacuation Pause) 2126M->1246M(2452M) 6.539ms
[2026-09-06T17:09:56.928-0400][535.519s][info][gc,cpu      ] GC(173) User=0.36s Sys=0.00s Real=0.01s
[2026-09-06T17:09:57.511-0400][536.102s][info][gc,start    ] GC(174) Pause Young (Normal) (G1 Evacuation Pause)
[2026-09-06T17:09:57.511-0400][536.102s][info][gc,task     ] GC(174) Using 23 workers of 23 for evacuation
[2026-09-06T17:09:57.516-0400][536.107s][info][gc,phases   ] GC(174)   Pre Evacuate Collection Set: 0.18ms
[2026-09-06T17:09:57.516-0400][536.107s][info][gc,phases   ] GC(174)   Merge Heap Roots: 0.18ms
[2026-09-06T17:09:57.516-0400][536.107s][info][gc,phases   ] GC(174)   Evacuate Collection Set: 3.99ms
[2026-09-06T17:09:57.516-0400][536.107s][info][gc,phases   ] GC(174)   Post Evacuate Collection Set: 0.66ms
[2026-09-06T17:09:57.516-0400][536.107s][info][gc,phases   ] GC(174)   Other: 0.17ms
[2026-09-06T17:09:57.516-0400][536.107s][info][gc,heap     ] GC(174) Eden regions: 449->0(445)
[2026-09-06T17:09:57.516-0400][536.107s][info][gc,heap     ] GC(174) Survivor regions: 30->32(60)
[2026-09-06T17:09:57.516-0400][536.107s][info][gc,heap     ] GC(174) Old regions: 568->568
[2026-09-06T17:09:57.516-0400][536.107s][info][gc,heap     ] GC(174) Archive regions: 0->0
[2026-09-06T17:09:57.516-0400][536.107s][info][gc,heap     ] GC(174) Humongous regions: 26->26
[2026-09-06T17:09:57.516-0400][536.107s][info][gc,metaspace] GC(174) Metaspace: 152581K(155136K)->152581K(155136K) NonClass: 130873K(132224K)->130873K(132224K) Class: 21708K(22912K)->21708K(22912K)
[2026-09-06T17:09:57.516-0400][536.107s][info][gc          ] GC(174) Pause Young (Normal) (G1 Evacuation Pause) 2144M->1249M(2452M) 5.294ms
[2026-09-06T17:09:57.516-0400][536.107s][info][gc,cpu      ] GC(174) User=0.00s Sys=0.00s Real=0.01s
[2026-09-06T17:09:57.961-0400][536.552s][info][gc,start    ] GC(175) Pause Young (Normal) (G1 Evacuation Pause)
[2026-09-06T17:09:57.961-0400][536.552s][info][gc,task     ] GC(175) Using 23 workers of 23 for evacuation
[2026-09-06T17:09:57.967-0400][536.558s][info][gc,phases   ] GC(175)   Pre Evacuate Collection Set: 0.21ms
[2026-09-06T17:09:57.967-0400][536.558s][info][gc,phases   ] GC(175)   Merge Heap Roots: 0.14ms
[2026-09-06T17:09:57.967-0400][536.558s][info][gc,phases   ] GC(175)   Evacuate Collection Set: 4.63ms
[2026-09-06T17:09:57.967-0400][536.558s][info][gc,phases   ] GC(175)   Post Evacuate Collection Set: 0.84ms
[2026-09-06T17:09:57.967-0400][536.558s][info][gc,phases   ] GC(175)   Other: 0.16ms
[2026-09-06T17:09:57.967-0400][536.558s][info][gc,heap     ] GC(175) Eden regions: 445->0(439)
[2026-09-06T17:09:57.967-0400][536.558s][info][gc,heap     ] GC(175) Survivor regions: 32->35(60)
[2026-09-06T17:09:57.967-0400][536.558s][info][gc,heap     ] GC(175) Old regions: 568->568
[2026-09-06T17:09:57.967-0400][536.558s][info][gc,heap     ] GC(175) Archive regions: 0->0
[2026-09-06T17:09:57.967-0400][536.558s][info][gc,heap     ] GC(175) Humongous regions: 26->26
[2026-09-06T17:09:57.967-0400][536.558s][info][gc,metaspace] GC(175) Metaspace: 152592K(155136K)->152592K(155136K) NonClass: 130884K(132224K)->130884K(132224K) Class: 21708K(22912K)->21708K(22912K)
[2026-09-06T17:09:57.967-0400][536.559s][info][gc          ] GC(175) Pause Young (Normal) (G1 Evacuation Pause) 2139M->1255M(2452M) 6.081ms
[2026-09-06T17:09:57.967-0400][536.559s][info][gc,cpu      ] GC(175) User=0.00s Sys=0.00s Real=0.01s
[2026-09-06T17:09:58.389-0400][536.980s][info][gc,start    ] GC(176) Pause Young (Normal) (G1 Evacuation Pause)
[2026-09-06T17:09:58.389-0400][536.980s][info][gc,task     ] GC(176) Using 23 workers of 23 for evacuation
[2026-09-06T17:09:58.395-0400][536.986s][info][gc,phases   ] GC(176)   Pre Evacuate Collection Set: 0.22ms
[2026-09-06T17:09:58.395-0400][536.986s][info][gc,phases   ] GC(176)   Merge Heap Roots: 0.18ms
[2026-09-06T17:09:58.395-0400][536.986s][info][gc,phases   ] GC(176)   Evacuate Collection Set: 4.89ms
[2026-09-06T17:09:58.395-0400][536.986s][info][gc,phases   ] GC(176)   Post Evacuate Collection Set: 0.66ms
[2026-09-06T17:09:58.395-0400][536.986s][info][gc,phases   ] GC(176)   Other: 0.17ms
[2026-09-06T17:09:58.395-0400][536.986s][info][gc,heap     ] GC(176) Eden regions: 439->0(438)
[2026-09-06T17:09:58.395-0400][536.986s][info][gc,heap     ] GC(176) Survivor regions: 35->34(60)
[2026-09-06T17:09:58.395-0400][536.986s][info][gc,heap     ] GC(176) Old regions: 568->571
[2026-09-06T17:09:58.395-0400][536.986s][info][gc,heap     ] GC(176) Archive regions: 0->0
[2026-09-06T17:09:58.395-0400][536.986s][info][gc,heap     ] GC(176) Humongous regions: 26->26
[2026-09-06T17:09:58.395-0400][536.986s][info][gc,metaspace] GC(176) Metaspace: 152593K(155136K)->152593K(155136K) NonClass: 130885K(132224K)->130885K(132224K) Class: 21708K(22912K)->21708K(22912K)
[2026-09-06T17:09:58.395-0400][536.986s][info][gc          ] GC(176) Pause Young (Normal) (G1 Evacuation Pause) 2133M->1260M(2452M) 6.252ms
[2026-09-06T17:09:58.395-0400][536.986s][info][gc,cpu      ] GC(176) User=0.00s Sys=0.00s Real=0.01s
[2026-09-06T17:09:59.132-0400][537.723s][info][gc,start    ] GC(177) Pause Young (Normal) (G1 Evacuation Pause)
[2026-09-06T17:09:59.132-0400][537.723s][info][gc,task     ] GC(177) Using 23 workers of 23 for evacuation
[2026-09-06T17:09:59.139-0400][537.730s][info][gc,phases   ] GC(177)   Pre Evacuate Collection Set: 0.23ms
[2026-09-06T17:09:59.139-0400][537.730s][info][gc,phases   ] GC(177)   Merge Heap Roots: 0.19ms
[2026-09-06T17:09:59.139-0400][537.730s][info][gc,phases   ] GC(177)   Evacuate Collection Set: 5.61ms
[2026-09-06T17:09:59.139-0400][537.730s][info][gc,phases   ] GC(177)   Post Evacuate Collection Set: 0.73ms
[2026-09-06T17:09:59.139-0400][537.730s][info][gc,phases   ] GC(177)   Other: 0.21ms
[2026-09-06T17:09:59.139-0400][537.730s][info][gc,heap     ] GC(177) Eden regions: 438->0(436)
[2026-09-06T17:09:59.139-0400][537.730s][info][gc,heap     ] GC(177) Survivor regions: 34->32(59)
[2026-09-06T17:09:59.139-0400][537.730s][info][gc,heap     ] GC(177) Old regions: 571->577
[2026-09-06T17:09:59.139-0400][537.730s][info][gc,heap     ] GC(177) Archive regions: 0->0
[2026-09-06T17:09:59.139-0400][537.730s][info][gc,heap     ] GC(177) Humongous regions: 26->26
[2026-09-06T17:09:59.139-0400][537.730s][info][gc,metaspace] GC(177) Metaspace: 152598K(155200K)->152598K(155200K) NonClass: 130890K(132288K)->130890K(132288K) Class: 21708K(22912K)->21708K(22912K)
[2026-09-06T17:09:59.139-0400][537.730s][info][gc          ] GC(177) Pause Young (Normal) (G1 Evacuation Pause) 2136M->1267M(2452M) 7.091ms
[2026-09-06T17:09:59.139-0400][537.730s][info][gc,cpu      ] GC(177) User=0.00s Sys=0.00s Real=0.01s
[2026-09-06T17:09:59.495-0400][538.086s][info][gc,start    ] GC(178) Pause Young (Normal) (G1 Evacuation Pause)
[2026-09-06T17:09:59.495-0400][538.086s][info][gc,task     ] GC(178) Using 23 workers of 23 for evacuation
[2026-09-06T17:09:59.502-0400][538.093s][info][gc,phases   ] GC(178)   Pre Evacuate Collection Set: 0.24ms
[2026-09-06T17:09:59.502-0400][538.093s][info][gc,phases   ] GC(178)   Merge Heap Roots: 0.20ms
[2026-09-06T17:09:59.502-0400][538.093s][info][gc,phases   ] GC(178)   Evacuate Collection Set: 5.41ms
[2026-09-06T17:09:59.502-0400][538.093s][info][gc,phases   ] GC(178)   Post Evacuate Collection Set: 0.75ms
[2026-09-06T17:09:59.502-0400][538.093s][info][gc,phases   ] GC(178)   Other: 0.20ms
[2026-09-06T17:09:59.502-0400][538.093s][info][gc,heap     ] GC(178) Eden regions: 436->0(426)
[2026-09-06T17:09:59.502-0400][538.093s][info][gc,heap     ] GC(178) Survivor regions: 32->37(59)
[2026-09-06T17:09:59.502-0400][538.093s][info][gc,heap     ] GC(178) Old regions: 577->577
[2026-09-06T17:09:59.502-0400][538.093s][info][gc,heap     ] GC(178) Archive regions: 0->0
[2026-09-06T17:09:59.502-0400][538.093s][info][gc,heap     ] GC(178) Humongous regions: 26->26
[2026-09-06T17:09:59.502-0400][538.093s][info][gc,metaspace] GC(178) Metaspace: 152598K(155200K)->152598K(155200K) NonClass: 130890K(132288K)->130890K(132288K) Class: 21708K(22912K)->21708K(22912K)
[2026-09-06T17:09:59.502-0400][538.093s][info][gc          ] GC(178) Pause Young (Normal) (G1 Evacuation Pause) 2139M->1277M(2452M) 6.922ms
[2026-09-06T17:09:59.502-0400][538.093s][info][gc,cpu      ] GC(178) User=0.00s Sys=0.00s Real=0.01s
[2026-09-06T17:09:59.739-0400][538.329s][info][gc,start    ] GC(179) Pause Young (Normal) (G1 Evacuation Pause)
[2026-09-06T17:09:59.739-0400][538.330s][info][gc,task     ] GC(179) Using 23 workers of 23 for evacuation
[2026-09-06T17:09:59.745-0400][538.335s][info][gc,phases   ] GC(179)   Pre Evacuate Collection Set: 0.15ms
[2026-09-06T17:09:59.745-0400][538.335s][info][gc,phases   ] GC(179)   Merge Heap Roots: 0.16ms
[2026-09-06T17:09:59.745-0400][538.335s][info][gc,phases   ] GC(179)   Evacuate Collection Set: 4.73ms
[2026-09-06T17:09:59.745-0400][538.335s][info][gc,phases   ] GC(179)   Post Evacuate Collection Set: 0.57ms
[2026-09-06T17:09:59.745-0400][538.335s][info][gc,phases   ] GC(179)   Other: 0.15ms
[2026-09-06T17:09:59.745-0400][538.335s][info][gc,heap     ] GC(179) Eden regions: 426->0(429)
[2026-09-06T17:09:59.745-0400][538.335s][info][gc,heap     ] GC(179) Survivor regions: 37->33(58)
[2026-09-06T17:09:59.745-0400][538.335s][info][gc,heap     ] GC(179) Old regions: 577->582
[2026-09-06T17:09:59.745-0400][538.335s][info][gc,heap     ] GC(179) Archive regions: 0->0
[2026-09-06T17:09:59.745-0400][538.335s][info][gc,heap     ] GC(179) Humongous regions: 26->26
[2026-09-06T17:09:59.745-0400][538.335s][info][gc,metaspace] GC(179) Metaspace: 152599K(155200K)->152599K(155200K) NonClass: 130891K(132288K)->130891K(132288K) Class: 21708K(22912K)->21708K(22912K)
[2026-09-06T17:09:59.745-0400][538.335s][info][gc          ] GC(179) Pause Young (Normal) (G1 Evacuation Pause) 2129M->1281M(2452M) 5.879ms
[2026-09-06T17:09:59.745-0400][538.335s][info][gc,cpu      ] GC(179) User=0.36s Sys=0.02s Real=0.01s
[2026-09-06T17:10:00.272-0400][538.863s][info][gc,start    ] GC(180) Pause Young (Normal) (G1 Evacuation Pause)
[2026-09-06T17:10:00.272-0400][538.863s][info][gc,task     ] GC(180) Using 23 workers of 23 for evacuation
[2026-09-06T17:10:00.279-0400][538.869s][info][gc,phases   ] GC(180)   Pre Evacuate Collection Set: 0.25ms
[2026-09-06T17:10:00.279-0400][538.869s][info][gc,phases   ] GC(180)   Merge Heap Roots: 0.19ms
[2026-09-06T17:10:00.279-0400][538.869s][info][gc,phases   ] GC(180)   Evacuate Collection Set: 5.14ms
[2026-09-06T17:10:00.279-0400][538.869s][info][gc,phases   ] GC(180)   Post Evacuate Collection Set: 0.79ms
[2026-09-06T17:10:00.279-0400][538.869s][info][gc,phases   ] GC(180)   Other: 0.20ms
[2026-09-06T17:10:00.279-0400][538.869s][info][gc,heap     ] GC(180) Eden regions: 429->0(428)
[2026-09-06T17:10:00.279-0400][538.869s][info][gc,heap     ] GC(180) Survivor regions: 33->31(58)
[2026-09-06T17:10:00.279-0400][538.869s][info][gc,heap     ] GC(180) Old regions: 582->587
[2026-09-06T17:10:00.279-0400][538.869s][info][gc,heap     ] GC(180) Archive regions: 0->0
[2026-09-06T17:10:00.279-0400][538.869s][info][gc,heap     ] GC(180) Humongous regions: 26->26
[2026-09-06T17:10:00.279-0400][538.869s][info][gc,metaspace] GC(180) Metaspace: 152602K(155200K)->152602K(155200K) NonClass: 130893K(132288K)->130893K(132288K) Class: 21708K(22912K)->21708K(22912K)
[2026-09-06T17:10:00.279-0400][538.869s][info][gc          ] GC(180) Pause Young (Normal) (G1 Evacuation Pause) 2139M->1287M(2452M) 6.704ms
[2026-09-06T17:10:00.279-0400][538.869s][info][gc,cpu      ] GC(180) User=0.00s Sys=0.00s Real=0.01s
[2026-09-06T17:10:00.670-0400][539.261s][info][gc,start    ] GC(181) Pause Young (Normal) (GCLocker Initiated GC)
[2026-09-06T17:10:00.671-0400][539.261s][info][gc,task     ] GC(181) Using 23 workers of 23 for evacuation
[2026-09-06T17:10:00.676-0400][539.266s][info][gc,phases   ] GC(181)   Pre Evacuate Collection Set: 0.20ms
[2026-09-06T17:10:00.676-0400][539.266s][info][gc,phases   ] GC(181)   Merge Heap Roots: 0.20ms
[2026-09-06T17:10:00.676-0400][539.266s][info][gc,phases   ] GC(181)   Evacuate Collection Set: 3.89ms
[2026-09-06T17:10:00.676-0400][539.266s][info][gc,phases   ] GC(181)   Post Evacuate Collection Set: 0.71ms
[2026-09-06T17:10:00.676-0400][539.266s][info][gc,phases   ] GC(181)   Other: 0.16ms
[2026-09-06T17:10:00.676-0400][539.266s][info][gc,heap     ] GC(181) Eden regions: 429->0(424)
[2026-09-06T17:10:00.676-0400][539.267s][info][gc,heap     ] GC(181) Survivor regions: 31->33(58)
[2026-09-06T17:10:00.676-0400][539.267s][info][gc,heap     ] GC(181) Old regions: 587->587
[2026-09-06T17:10:00.676-0400][539.267s][info][gc,heap     ] GC(181) Archive regions: 0->0
[2026-09-06T17:10:00.676-0400][539.267s][info][gc,heap     ] GC(181) Humongous regions: 26->26
[2026-09-06T17:10:00.676-0400][539.267s][info][gc,metaspace] GC(181) Metaspace: 152603K(155200K)->152603K(155200K) NonClass: 130894K(132288K)->130894K(132288K) Class: 21708K(22912K)->21708K(22912K)
[2026-09-06T17:10:00.676-0400][539.267s][info][gc          ] GC(181) Pause Young (Normal) (GCLocker Initiated GC) 2144M->1290M(2452M) 5.265ms
[2026-09-06T17:10:00.676-0400][539.267s][info][gc,cpu      ] GC(181) User=0.00s Sys=0.00s Real=0.01s
[2026-09-06T17:10:01.038-0400][539.629s][info][gc,start    ] GC(182) Pause Young (Normal) (GCLocker Initiated GC)
[2026-09-06T17:10:01.038-0400][539.629s][info][gc,task     ] GC(182) Using 23 workers of 23 for evacuation
[2026-09-06T17:10:01.043-0400][539.634s][info][gc,phases   ] GC(182)   Pre Evacuate Collection Set: 0.24ms
[2026-09-06T17:10:01.044-0400][539.634s][info][gc,phases   ] GC(182)   Merge Heap Roots: 0.17ms
[2026-09-06T17:10:01.044-0400][539.634s][info][gc,phases   ] GC(182)   Evacuate Collection Set: 4.33ms
[2026-09-06T17:10:01.044-0400][539.634s][info][gc,phases   ] GC(182)   Post Evacuate Collection Set: 0.58ms
[2026-09-06T17:10:01.044-0400][539.634s][info][gc,phases   ] GC(182)   Other: 0.14ms
[2026-09-06T17:10:01.044-0400][539.634s][info][gc,heap     ] GC(182) Eden regions: 424->0(420)
[2026-09-06T17:10:01.044-0400][539.634s][info][gc,heap     ] GC(182) Survivor regions: 33->33(58)
[2026-09-06T17:10:01.044-0400][539.634s][info][gc,heap     ] GC(182) Old regions: 587->591
[2026-09-06T17:10:01.044-0400][539.634s][info][gc,heap     ] GC(182) Archive regions: 0->0
[2026-09-06T17:10:01.044-0400][539.634s][info][gc,heap     ] GC(182) Humongous regions: 26->26
[2026-09-06T17:10:01.044-0400][539.634s][info][gc,metaspace] GC(182) Metaspace: 152613K(155200K)->152613K(155200K) NonClass: 130903K(132288K)->130903K(132288K) Class: 21710K(22912K)->21710K(22912K)
[2026-09-06T17:10:01.044-0400][539.634s][info][gc          ] GC(182) Pause Young (Normal) (GCLocker Initiated GC) 2138M->1296M(2452M) 5.582ms
[2026-09-06T17:10:01.044-0400][539.634s][info][gc,cpu      ] GC(182) User=0.00s Sys=0.00s Real=0.01s
[2026-09-06T17:10:01.487-0400][540.077s][info][gc,start    ] GC(183) Pause Young (Normal) (G1 Evacuation Pause)
[2026-09-06T17:10:01.487-0400][540.077s][info][gc,task     ] GC(183) Using 23 workers of 23 for evacuation
[2026-09-06T17:10:01.492-0400][540.082s][info][gc,phases   ] GC(183)   Pre Evacuate Collection Set: 0.20ms
[2026-09-06T17:10:01.492-0400][540.082s][info][gc,phases   ] GC(183)   Merge Heap Roots: 0.19ms
[2026-09-06T17:10:01.492-0400][540.083s][info][gc,phases   ] GC(183)   Evacuate Collection Set: 3.91ms
[2026-09-06T17:10:01.492-0400][540.083s][info][gc,phases   ] GC(183)   Post Evacuate Collection Set: 0.91ms
[2026-09-06T17:10:01.492-0400][540.083s][info][gc,phases   ] GC(183)   Other: 0.16ms
[2026-09-06T17:10:01.492-0400][540.083s][info][gc,heap     ] GC(183) Eden regions: 420->0(422)
[2026-09-06T17:10:01.492-0400][540.083s][info][gc,heap     ] GC(183) Survivor regions: 33->31(57)
[2026-09-06T17:10:01.492-0400][540.083s][info][gc,heap     ] GC(183) Old regions: 591->593
[2026-09-06T17:10:01.492-0400][540.083s][info][gc,heap     ] GC(183) Archive regions: 0->0
[2026-09-06T17:10:01.492-0400][540.083s][info][gc,heap     ] GC(183) Humongous regions: 26->26
[2026-09-06T17:10:01.492-0400][540.083s][info][gc,metaspace] GC(183) Metaspace: 152617K(155200K)->152617K(155200K) NonClass: 130907K(132288K)->130907K(132288K) Class: 21710K(22912K)->21710K(22912K)
[2026-09-06T17:10:01.492-0400][540.083s][info][gc          ] GC(183) Pause Young (Normal) (G1 Evacuation Pause) 2136M->1298M(2452M) 5.484ms
[2026-09-06T17:10:01.492-0400][540.083s][info][gc,cpu      ] GC(183) User=0.34s Sys=0.02s Real=0.01s
[2026-09-06T17:10:01.765-0400][540.356s][info][gc,start    ] GC(184) Pause Young (Normal) (G1 Evacuation Pause)
[2026-09-06T17:10:01.765-0400][540.356s][info][gc,task     ] GC(184) Using 23 workers of 23 for evacuation
[2026-09-06T17:10:01.770-0400][540.361s][info][gc,phases   ] GC(184)   Pre Evacuate Collection Set: 0.17ms
[2026-09-06T17:10:01.770-0400][540.361s][info][gc,phases   ] GC(184)   Merge Heap Roots: 0.15ms
[2026-09-06T17:10:01.770-0400][540.361s][info][gc,phases   ] GC(184)   Evacuate Collection Set: 4.33ms
[2026-09-06T17:10:01.770-0400][540.361s][info][gc,phases   ] GC(184)   Post Evacuate Collection Set: 0.57ms
[2026-09-06T17:10:01.770-0400][540.361s][info][gc,phases   ] GC(184)   Other: 0.15ms
[2026-09-06T17:10:01.770-0400][540.361s][info][gc,heap     ] GC(184) Eden regions: 422->0(416)
[2026-09-06T17:10:01.770-0400][540.361s][info][gc,heap     ] GC(184) Survivor regions: 31->34(57)
[2026-09-06T17:10:01.770-0400][540.361s][info][gc,heap     ] GC(184) Old regions: 593->593
[2026-09-06T17:10:01.770-0400][540.361s][info][gc,heap     ] GC(184) Archive regions: 0->0
[2026-09-06T17:10:01.770-0400][540.361s][info][gc,heap     ] GC(184) Humongous regions: 26->26
[2026-09-06T17:10:01.770-0400][540.361s][info][gc,metaspace] GC(184) Metaspace: 152619K(155200K)->152619K(155200K) NonClass: 130908K(132288K)->130908K(132288K) Class: 21710K(22912K)->21710K(22912K)
[2026-09-06T17:10:01.770-0400][540.361s][info][gc          ] GC(184) Pause Young (Normal) (G1 Evacuation Pause) 2142M->1304M(2452M) 5.480ms
[2026-09-06T17:10:01.770-0400][540.361s][info][gc,cpu      ] GC(184) User=0.00s Sys=0.00s Real=0.00s
[2026-09-06T17:10:02.257-0400][540.847s][info][gc,start    ] GC(185) Pause Young (Normal) (G1 Evacuation Pause)
[2026-09-06T17:10:02.257-0400][540.847s][info][gc,task     ] GC(185) Using 23 workers of 23 for evacuation
[2026-09-06T17:10:02.263-0400][540.854s][info][gc,phases   ] GC(185)   Pre Evacuate Collection Set: 0.18ms
[2026-09-06T17:10:02.263-0400][540.854s][info][gc,phases   ] GC(185)   Merge Heap Roots: 0.26ms
[2026-09-06T17:10:02.263-0400][540.854s][info][gc,phases   ] GC(185)   Evacuate Collection Set: 5.40ms
[2026-09-06T17:10:02.263-0400][540.854s][info][gc,phases   ] GC(185)   Post Evacuate Collection Set: 0.74ms
[2026-09-06T17:10:02.263-0400][540.854s][info][gc,phases   ] GC(185)   Other: 0.20ms
[2026-09-06T17:10:02.263-0400][540.854s][info][gc,heap     ] GC(185) Eden regions: 416->0(415)
[2026-09-06T17:10:02.263-0400][540.854s][info][gc,heap     ] GC(185) Survivor regions: 34->32(57)
[2026-09-06T17:10:02.263-0400][540.854s][info][gc,heap     ] GC(185) Old regions: 593->598
[2026-09-06T17:10:02.263-0400][540.854s][info][gc,heap     ] GC(185) Archive regions: 0->0
[2026-09-06T17:10:02.263-0400][540.854s][info][gc,heap     ] GC(185) Humongous regions: 26->26
[2026-09-06T17:10:02.263-0400][540.854s][info][gc,metaspace] GC(185) Metaspace: 152623K(155200K)->152623K(155200K) NonClass: 130912K(132288K)->130912K(132288K) Class: 21710K(22912K)->21710K(22912K)
[2026-09-06T17:10:02.263-0400][540.854s][info][gc          ] GC(185) Pause Young (Normal) (G1 Evacuation Pause) 2136M->1310M(2452M) 6.876ms
[2026-09-06T17:10:02.263-0400][540.854s][info][gc,cpu      ] GC(185) User=0.00s Sys=0.00s Real=0.01s
[2026-09-06T17:10:02.616-0400][541.206s][info][gc,start    ] GC(186) Pause Young (Normal) (G1 Evacuation Pause)
[2026-09-06T17:10:02.616-0400][541.206s][info][gc,task     ] GC(186) Using 23 workers of 23 for evacuation
[2026-09-06T17:10:02.622-0400][541.213s][info][gc,phases   ] GC(186)   Pre Evacuate Collection Set: 0.28ms
[2026-09-06T17:10:02.623-0400][541.213s][info][gc,phases   ] GC(186)   Merge Heap Roots: 0.20ms
[2026-09-06T17:10:02.623-0400][541.214s][info][gc,phases   ] GC(186)   Evacuate Collection Set: 5.64ms
[2026-09-06T17:10:02.623-0400][541.214s][info][gc,phases   ] GC(186)   Post Evacuate Collection Set: 0.77ms
[2026-09-06T17:10:02.623-0400][541.214s][info][gc,phases   ] GC(186)   Other: 0.31ms
[2026-09-06T17:10:02.623-0400][541.214s][info][gc,heap     ] GC(186) Eden regions: 415->0(406)
[2026-09-06T17:10:02.623-0400][541.214s][info][gc,heap     ] GC(186) Survivor regions: 32->35(56)
[2026-09-06T17:10:02.623-0400][541.214s][info][gc,heap     ] GC(186) Old regions: 598->601
[2026-09-06T17:10:02.623-0400][541.214s][info][gc,heap     ] GC(186) Archive regions: 0->0
[2026-09-06T17:10:02.623-0400][541.214s][info][gc,heap     ] GC(186) Humongous regions: 26->26
[2026-09-06T17:10:02.623-0400][541.214s][info][gc,metaspace] GC(186) Metaspace: 152632K(155200K)->152632K(155200K) NonClass: 130920K(132288K)->130920K(132288K) Class: 21711K(22912K)->21711K(22912K)
[2026-09-06T17:10:02.623-0400][541.214s][info][gc          ] GC(186) Pause Young (Normal) (G1 Evacuation Pause) 2140M->1320M(2452M) 7.267ms
[2026-09-06T17:10:02.623-0400][541.214s][info][gc,cpu      ] GC(186) User=0.00s Sys=0.00s Real=0.01s
[2026-09-06T17:10:02.796-0400][541.388s][info][gc,start    ] GC(187) Pause Young (Normal) (G1 Evacuation Pause)
[2026-09-06T17:10:02.796-0400][541.388s][info][gc,task     ] GC(187) Using 23 workers of 23 for evacuation
[2026-09-06T17:10:02.803-0400][541.394s][info][gc,phases   ] GC(187)   Pre Evacuate Collection Set: 0.11ms
[2026-09-06T17:10:02.803-0400][541.394s][info][gc,phases   ] GC(187)   Merge Heap Roots: 0.17ms
[2026-09-06T17:10:02.803-0400][541.394s][info][gc,phases   ] GC(187)   Evacuate Collection Set: 5.08ms
[2026-09-06T17:10:02.803-0400][541.394s][info][gc,phases   ] GC(187)   Post Evacuate Collection Set: 0.53ms
[2026-09-06T17:10:02.803-0400][541.394s][info][gc,phases   ] GC(187)   Other: 0.17ms
[2026-09-06T17:10:02.803-0400][541.394s][info][gc,heap     ] GC(187) Eden regions: 406->0(412)
[2026-09-06T17:10:02.803-0400][541.394s][info][gc,heap     ] GC(187) Survivor regions: 35->29(56)
[2026-09-06T17:10:02.803-0400][541.394s][info][gc,heap     ] GC(187) Old regions: 601->607
[2026-09-06T17:10:02.803-0400][541.394s][info][gc,heap     ] GC(187) Archive regions: 0->0
[2026-09-06T17:10:02.803-0400][541.394s][info][gc,heap     ] GC(187) Humongous regions: 26->26
[2026-09-06T17:10:02.803-0400][541.394s][info][gc,metaspace] GC(187) Metaspace: 152633K(155200K)->152633K(155200K) NonClass: 130921K(132288K)->130921K(132288K) Class: 21711K(22912K)->21711K(22912K)
[2026-09-06T17:10:02.803-0400][541.394s][info][gc          ] GC(187) Pause Young (Normal) (G1 Evacuation Pause) 2132M->1322M(2452M) 6.198ms
[2026-09-06T17:10:02.803-0400][541.394s][info][gc,cpu      ] GC(187) User=0.36s Sys=0.02s Real=0.01s
[2026-09-06T17:10:03.572-0400][542.163s][info][gc,start    ] GC(188) Pause Young (Normal) (G1 Evacuation Pause)
[2026-09-06T17:10:03.572-0400][542.163s][info][gc,task     ] GC(188) Using 23 workers of 23 for evacuation
[2026-09-06T17:10:03.577-0400][542.167s][info][gc,phases   ] GC(188)   Pre Evacuate Collection Set: 0.22ms
[2026-09-06T17:10:03.577-0400][542.168s][info][gc,phases   ] GC(188)   Merge Heap Roots: 0.18ms
[2026-09-06T17:10:03.577-0400][542.168s][info][gc,phases   ] GC(188)   Evacuate Collection Set: 3.56ms
[2026-09-06T17:10:03.577-0400][542.168s][info][gc,phases   ] GC(188)   Post Evacuate Collection Set: 0.86ms
[2026-09-06T17:10:03.577-0400][542.168s][info][gc,phases   ] GC(188)   Other: 0.16ms
[2026-09-06T17:10:03.577-0400][542.168s][info][gc,heap     ] GC(188) Eden regions: 412->0(412)
[2026-09-06T17:10:03.577-0400][542.168s][info][gc,heap     ] GC(188) Survivor regions: 29->29(56)
[2026-09-06T17:10:03.577-0400][542.168s][info][gc,heap     ] GC(188) Old regions: 607->607
[2026-09-06T17:10:03.577-0400][542.168s][info][gc,heap     ] GC(188) Archive regions: 0->0
[2026-09-06T17:10:03.577-0400][542.168s][info][gc,heap     ] GC(188) Humongous regions: 26->26
[2026-09-06T17:10:03.577-0400][542.168s][info][gc,metaspace] GC(188) Metaspace: 152642K(155200K)->152642K(155200K) NonClass: 130930K(132288K)->130930K(132288K) Class: 21711K(22912K)->21711K(22912K)
[2026-09-06T17:10:03.577-0400][542.168s][info][gc          ] GC(188) Pause Young (Normal) (G1 Evacuation Pause) 2146M->1322M(2452M) 5.248ms
[2026-09-06T17:10:03.577-0400][542.168s][info][gc,cpu      ] GC(188) User=0.00s Sys=0.00s Real=0.00s
[2026-09-06T17:10:04.373-0400][542.963s][info][gc,start    ] GC(189) Pause Young (Normal) (G1 Evacuation Pause)
[2026-09-06T17:10:04.373-0400][542.963s][info][gc,task     ] GC(189) Using 23 workers of 23 for evacuation
[2026-09-06T17:10:04.377-0400][542.968s][info][gc,phases   ] GC(189)   Pre Evacuate Collection Set: 0.21ms
[2026-09-06T17:10:04.378-0400][542.968s][info][gc,phases   ] GC(189)   Merge Heap Roots: 0.20ms
[2026-09-06T17:10:04.378-0400][542.968s][info][gc,phases   ] GC(189)   Evacuate Collection Set: 3.70ms
[2026-09-06T17:10:04.378-0400][542.968s][info][gc,phases   ] GC(189)   Post Evacuate Collection Set: 0.72ms
[2026-09-06T17:10:04.378-0400][542.968s][info][gc,phases   ] GC(189)   Other: 0.19ms
[2026-09-06T17:10:04.378-0400][542.968s][info][gc,heap     ] GC(189) Eden regions: 412->0(412)
[2026-09-06T17:10:04.378-0400][542.968s][info][gc,heap     ] GC(189) Survivor regions: 29->29(56)
[2026-09-06T17:10:04.378-0400][542.968s][info][gc,heap     ] GC(189) Old regions: 607->607
[2026-09-06T17:10:04.378-0400][542.968s][info][gc,heap     ] GC(189) Archive regions: 0->0
[2026-09-06T17:10:04.378-0400][542.968s][info][gc,heap     ] GC(189) Humongous regions: 26->26
[2026-09-06T17:10:04.378-0400][542.968s][info][gc,metaspace] GC(189) Metaspace: 152642K(155200K)->152642K(155200K) NonClass: 130930K(132288K)->130930K(132288K) Class: 21711K(22912K)->21711K(22912K)
[2026-09-06T17:10:04.378-0400][542.968s][info][gc          ] GC(189) Pause Young (Normal) (G1 Evacuation Pause) 2146M->1322M(2452M) 5.139ms
[2026-09-06T17:10:04.378-0400][542.968s][info][gc,cpu      ] GC(189) User=0.00s Sys=0.00s Real=0.01s
[2026-09-06T17:10:05.119-0400][543.711s][info][gc,start    ] GC(190) Pause Young (Normal) (G1 Evacuation Pause)
[2026-09-06T17:10:05.119-0400][543.711s][info][gc,task     ] GC(190) Using 23 workers of 23 for evacuation
[2026-09-06T17:10:05.125-0400][543.716s][info][gc,phases   ] GC(190)   Pre Evacuate Collection Set: 0.17ms
[2026-09-06T17:10:05.125-0400][543.716s][info][gc,phases   ] GC(190)   Merge Heap Roots: 0.18ms
[2026-09-06T17:10:05.125-0400][543.716s][info][gc,phases   ] GC(190)   Evacuate Collection Set: 3.71ms
[2026-09-06T17:10:05.125-0400][543.716s][info][gc,phases   ] GC(190)   Post Evacuate Collection Set: 0.79ms
[2026-09-06T17:10:05.125-0400][543.716s][info][gc,phases   ] GC(190)   Other: 0.14ms
[2026-09-06T17:10:05.125-0400][543.716s][info][gc,heap     ] GC(190) Eden regions: 412->0(412)
[2026-09-06T17:10:05.125-0400][543.716s][info][gc,heap     ] GC(190) Survivor regions: 29->29(56)
[2026-09-06T17:10:05.125-0400][543.716s][info][gc,heap     ] GC(190) Old regions: 607->607
[2026-09-06T17:10:05.125-0400][543.716s][info][gc,heap     ] GC(190) Archive regions: 0->0
[2026-09-06T17:10:05.125-0400][543.716s][info][gc,heap     ] GC(190) Humongous regions: 26->26
[2026-09-06T17:10:05.125-0400][543.716s][info][gc,metaspace] GC(190) Metaspace: 152654K(155200K)->152654K(155200K) NonClass: 130943K(132288K)->130943K(132288K) Class: 21711K(22912K)->21711K(22912K)
[2026-09-06T17:10:05.125-0400][543.716s][info][gc          ] GC(190) Pause Young (Normal) (G1 Evacuation Pause) 2146M->1323M(2452M) 5.113ms
[2026-09-06T17:10:05.125-0400][543.716s][info][gc,cpu      ] GC(190) User=0.00s Sys=0.00s Real=0.01s
[2026-09-06T17:10:05.910-0400][544.501s][info][gc,start    ] GC(191) Pause Young (Normal) (G1 Evacuation Pause)
[2026-09-06T17:10:05.910-0400][544.501s][info][gc,task     ] GC(191) Using 23 workers of 23 for evacuation
[2026-09-06T17:10:05.915-0400][544.506s][info][gc,phases   ] GC(191)   Pre Evacuate Collection Set: 0.22ms
[2026-09-06T17:10:05.915-0400][544.506s][info][gc,phases   ] GC(191)   Merge Heap Roots: 0.19ms
[2026-09-06T17:10:05.915-0400][544.506s][info][gc,phases   ] GC(191)   Evacuate Collection Set: 3.86ms
[2026-09-06T17:10:05.915-0400][544.506s][info][gc,phases   ] GC(191)   Post Evacuate Collection Set: 0.76ms
[2026-09-06T17:10:05.915-0400][544.506s][info][gc,phases   ] GC(191)   Other: 0.14ms
[2026-09-06T17:10:05.915-0400][544.506s][info][gc,heap     ] GC(191) Eden regions: 412->0(412)
[2026-09-06T17:10:05.915-0400][544.506s][info][gc,heap     ] GC(191) Survivor regions: 29->29(56)
[2026-09-06T17:10:05.915-0400][544.506s][info][gc,heap     ] GC(191) Old regions: 607->607
[2026-09-06T17:10:05.915-0400][544.506s][info][gc,heap     ] GC(191) Archive regions: 0->0
[2026-09-06T17:10:05.915-0400][544.506s][info][gc,heap     ] GC(191) Humongous regions: 26->26
[2026-09-06T17:10:05.915-0400][544.506s][info][gc,metaspace] GC(191) Metaspace: 152654K(155200K)->152654K(155200K) NonClass: 130943K(132288K)->130943K(132288K) Class: 21711K(22912K)->21711K(22912K)
[2026-09-06T17:10:05.915-0400][544.506s][info][gc          ] GC(191) Pause Young (Normal) (G1 Evacuation Pause) 2147M->1322M(2452M) 5.292ms
[2026-09-06T17:10:05.915-0400][544.506s][info][gc,cpu      ] GC(191) User=0.36s Sys=0.00s Real=0.00s
[2026-09-06T17:10:06.712-0400][545.302s][info][gc,start    ] GC(192) Pause Young (Normal) (G1 Evacuation Pause)
[2026-09-06T17:10:06.712-0400][545.302s][info][gc,task     ] GC(192) Using 23 workers of 23 for evacuation
[2026-09-06T17:10:06.716-0400][545.307s][info][gc,phases   ] GC(192)   Pre Evacuate Collection Set: 0.22ms
[2026-09-06T17:10:06.716-0400][545.307s][info][gc,phases   ] GC(192)   Merge Heap Roots: 0.14ms
[2026-09-06T17:10:06.716-0400][545.307s][info][gc,phases   ] GC(192)   Evacuate Collection Set: 3.47ms
[2026-09-06T17:10:06.716-0400][545.307s][info][gc,phases   ] GC(192)   Post Evacuate Collection Set: 0.67ms
[2026-09-06T17:10:06.716-0400][545.307s][info][gc,phases   ] GC(192)   Other: 0.15ms
[2026-09-06T17:10:06.716-0400][545.307s][info][gc,heap     ] GC(192) Eden regions: 412->0(412)
[2026-09-06T17:10:06.716-0400][545.307s][info][gc,heap     ] GC(192) Survivor regions: 29->29(56)
[2026-09-06T17:10:06.716-0400][545.307s][info][gc,heap     ] GC(192) Old regions: 607->607
[2026-09-06T17:10:06.716-0400][545.307s][info][gc,heap     ] GC(192) Archive regions: 0->0
[2026-09-06T17:10:06.716-0400][545.307s][info][gc,heap     ] GC(192) Humongous regions: 26->26
[2026-09-06T17:10:06.716-0400][545.307s][info][gc,metaspace] GC(192) Metaspace: 152662K(155200K)->152662K(155200K) NonClass: 130950K(132288K)->130950K(132288K) Class: 21711K(22912K)->21711K(22912K)
[2026-09-06T17:10:06.716-0400][545.307s][info][gc          ] GC(192) Pause Young (Normal) (G1 Evacuation Pause) 2146M->1323M(2452M) 4.752ms
[2026-09-06T17:10:06.716-0400][545.307s][info][gc,cpu      ] GC(192) User=0.00s Sys=0.00s Real=0.00s
[2026-09-06T17:10:07.532-0400][546.123s][info][gc,start    ] GC(193) Pause Young (Normal) (G1 Evacuation Pause)
[2026-09-06T17:10:07.532-0400][546.123s][info][gc,task     ] GC(193) Using 23 workers of 23 for evacuation
[2026-09-06T17:10:07.537-0400][546.127s][info][gc,phases   ] GC(193)   Pre Evacuate Collection Set: 0.25ms
[2026-09-06T17:10:07.537-0400][546.127s][info][gc,phases   ] GC(193)   Merge Heap Roots: 0.17ms
[2026-09-06T17:10:07.537-0400][546.127s][info][gc,phases   ] GC(193)   Evacuate Collection Set: 3.59ms
[2026-09-06T17:10:07.537-0400][546.127s][info][gc,phases   ] GC(193)   Post Evacuate Collection Set: 0.66ms
[2026-09-06T17:10:07.537-0400][546.127s][info][gc,phases   ] GC(193)   Other: 0.16ms
[2026-09-06T17:10:07.537-0400][546.127s][info][gc,heap     ] GC(193) Eden regions: 412->0(412)
[2026-09-06T17:10:07.537-0400][546.127s][info][gc,heap     ] GC(193) Survivor regions: 29->29(56)
[2026-09-06T17:10:07.537-0400][546.127s][info][gc,heap     ] GC(193) Old regions: 607->607
[2026-09-06T17:10:07.537-0400][546.127s][info][gc,heap     ] GC(193) Archive regions: 0->0
[2026-09-06T17:10:07.537-0400][546.127s][info][gc,heap     ] GC(193) Humongous regions: 26->26
[2026-09-06T17:10:07.537-0400][546.127s][info][gc,metaspace] GC(193) Metaspace: 152662K(155200K)->152662K(155200K) NonClass: 130950K(132288K)->130950K(132288K) Class: 21711K(22912K)->21711K(22912K)
[2026-09-06T17:10:07.537-0400][546.127s][info][gc          ] GC(193) Pause Young (Normal) (G1 Evacuation Pause) 2147M->1323M(2452M) 4.935ms
[2026-09-06T17:10:07.537-0400][546.128s][info][gc,cpu      ] GC(193) User=0.08s Sys=0.00s Real=0.00s
[2026-09-06T17:10:08.339-0400][546.931s][info][gc,start    ] GC(194) Pause Young (Normal) (G1 Evacuation Pause)
[2026-09-06T17:10:08.339-0400][546.931s][info][gc,task     ] GC(194) Using 23 workers of 23 for evacuation
[2026-09-06T17:10:08.345-0400][546.936s][info][gc,phases   ] GC(194)   Pre Evacuate Collection Set: 0.19ms
[2026-09-06T17:10:08.345-0400][546.936s][info][gc,phases   ] GC(194)   Merge Heap Roots: 0.13ms
[2026-09-06T17:10:08.345-0400][546.936s][info][gc,phases   ] GC(194)   Evacuate Collection Set: 3.59ms
[2026-09-06T17:10:08.345-0400][546.936s][info][gc,phases   ] GC(194)   Post Evacuate Collection Set: 0.82ms
[2026-09-06T17:10:08.345-0400][546.936s][info][gc,phases   ] GC(194)   Other: 0.15ms
[2026-09-06T17:10:08.345-0400][546.936s][info][gc,heap     ] GC(194) Eden regions: 412->0(413)
[2026-09-06T17:10:08.345-0400][546.936s][info][gc,heap     ] GC(194) Survivor regions: 29->27(56)
[2026-09-06T17:10:08.345-0400][546.936s][info][gc,heap     ] GC(194) Old regions: 607->610
[2026-09-06T17:10:08.345-0400][546.936s][info][gc,heap     ] GC(194) Archive regions: 0->0
[2026-09-06T17:10:08.345-0400][546.936s][info][gc,heap     ] GC(194) Humongous regions: 26->26
[2026-09-06T17:10:08.345-0400][546.936s][info][gc,metaspace] GC(194) Metaspace: 152662K(155200K)->152662K(155200K) NonClass: 130950K(132288K)->130950K(132288K) Class: 21711K(22912K)->21711K(22912K)
[2026-09-06T17:10:08.345-0400][546.936s][info][gc          ] GC(194) Pause Young (Normal) (G1 Evacuation Pause) 2147M->1322M(2452M) 5.005ms
[2026-09-06T17:10:08.345-0400][546.936s][info][gc,cpu      ] GC(194) User=0.00s Sys=0.00s Real=0.01s
[2026-09-06T17:10:09.134-0400][547.725s][info][gc,start    ] GC(195) Pause Young (Normal) (G1 Evacuation Pause)
[2026-09-06T17:10:09.134-0400][547.725s][info][gc,task     ] GC(195) Using 23 workers of 23 for evacuation
[2026-09-06T17:10:09.139-0400][547.730s][info][gc,phases   ] GC(195)   Pre Evacuate Collection Set: 0.20ms
[2026-09-06T17:10:09.139-0400][547.730s][info][gc,phases   ] GC(195)   Merge Heap Roots: 0.19ms
[2026-09-06T17:10:09.139-0400][547.730s][info][gc,phases   ] GC(195)   Evacuate Collection Set: 3.71ms
[2026-09-06T17:10:09.139-0400][547.730s][info][gc,phases   ] GC(195)   Post Evacuate Collection Set: 0.61ms
[2026-09-06T17:10:09.139-0400][547.730s][info][gc,phases   ] GC(195)   Other: 0.14ms
[2026-09-06T17:10:09.139-0400][547.730s][info][gc,heap     ] GC(195) Eden regions: 413->0(417)
[2026-09-06T17:10:09.139-0400][547.730s][info][gc,heap     ] GC(195) Survivor regions: 27->24(55)
[2026-09-06T17:10:09.139-0400][547.730s][info][gc,heap     ] GC(195) Old regions: 610->612
[2026-09-06T17:10:09.139-0400][547.730s][info][gc,heap     ] GC(195) Archive regions: 0->0
[2026-09-06T17:10:09.139-0400][547.730s][info][gc,heap     ] GC(195) Humongous regions: 26->26
[2026-09-06T17:10:09.139-0400][547.730s][info][gc,metaspace] GC(195) Metaspace: 152662K(155200K)->152662K(155200K) NonClass: 130950K(132288K)->130950K(132288K) Class: 21711K(22912K)->21711K(22912K)
[2026-09-06T17:10:09.139-0400][547.730s][info][gc          ] GC(195) Pause Young (Normal) (G1 Evacuation Pause) 2148M->1322M(2452M) 4.980ms
[2026-09-06T17:10:09.139-0400][547.730s][info][gc,cpu      ] GC(195) User=0.00s Sys=0.00s Real=0.00s
[2026-09-06T17:10:09.808-0400][548.399s][info][gc,start    ] GC(196) Pause Young (Normal) (G1 Evacuation Pause)
[2026-09-06T17:10:09.808-0400][548.399s][info][gc,task     ] GC(196) Using 23 workers of 23 for evacuation
[2026-09-06T17:10:09.812-0400][548.404s][info][gc,phases   ] GC(196)   Pre Evacuate Collection Set: 0.23ms
[2026-09-06T17:10:09.813-0400][548.404s][info][gc,phases   ] GC(196)   Merge Heap Roots: 0.19ms
[2026-09-06T17:10:09.813-0400][548.404s][info][gc,phases   ] GC(196)   Evacuate Collection Set: 3.70ms
[2026-09-06T17:10:09.813-0400][548.404s][info][gc,phases   ] GC(196)   Post Evacuate Collection Set: 0.70ms
[2026-09-06T17:10:09.813-0400][548.404s][info][gc,phases   ] GC(196)   Other: 0.19ms
[2026-09-06T17:10:09.813-0400][548.404s][info][gc,heap     ] GC(196) Eden regions: 417->0(416)
[2026-09-06T17:10:09.813-0400][548.404s][info][gc,heap     ] GC(196) Survivor regions: 24->23(56)
[2026-09-06T17:10:09.813-0400][548.404s][info][gc,heap     ] GC(196) Old regions: 612->615
[2026-09-06T17:10:09.813-0400][548.404s][info][gc,heap     ] GC(196) Archive regions: 0->0
[2026-09-06T17:10:09.813-0400][548.404s][info][gc,heap     ] GC(196) Humongous regions: 26->26
[2026-09-06T17:10:09.813-0400][548.404s][info][gc,metaspace] GC(196) Metaspace: 152662K(155200K)->152662K(155200K) NonClass: 130950K(132288K)->130950K(132288K) Class: 21711K(22912K)->21711K(22912K)
[2026-09-06T17:10:09.813-0400][548.404s][info][gc          ] GC(196) Pause Young (Normal) (G1 Evacuation Pause) 2156M->1325M(2452M) 5.094ms
[2026-09-06T17:10:09.813-0400][548.404s][info][gc,cpu      ] GC(196) User=0.00s Sys=0.00s Real=0.00s
[2026-09-06T17:10:10.122-0400][548.713s][info][gc,start    ] GC(197) Pause Young (Normal) (G1 Evacuation Pause)
[2026-09-06T17:10:10.122-0400][548.713s][info][gc,task     ] GC(197) Using 23 workers of 23 for evacuation
[2026-09-06T17:10:10.126-0400][548.717s][info][gc,phases   ] GC(197)   Pre Evacuate Collection Set: 0.20ms
[2026-09-06T17:10:10.126-0400][548.718s][info][gc,phases   ] GC(197)   Merge Heap Roots: 0.16ms
[2026-09-06T17:10:10.126-0400][548.718s][info][gc,phases   ] GC(197)   Evacuate Collection Set: 3.52ms
[2026-09-06T17:10:10.126-0400][548.718s][info][gc,phases   ] GC(197)   Post Evacuate Collection Set: 0.62ms
[2026-09-06T17:10:10.126-0400][548.718s][info][gc,phases   ] GC(197)   Other: 0.14ms
[2026-09-06T17:10:10.126-0400][548.718s][info][gc,heap     ] GC(197) Eden regions: 416->0(415)
[2026-09-06T17:10:10.126-0400][548.718s][info][gc,heap     ] GC(197) Survivor regions: 23->22(55)
[2026-09-06T17:10:10.126-0400][548.718s][info][gc,heap     ] GC(197) Old regions: 615->618
[2026-09-06T17:10:10.126-0400][548.718s][info][gc,heap     ] GC(197) Archive regions: 0->0
[2026-09-06T17:10:10.126-0400][548.718s][info][gc,heap     ] GC(197) Humongous regions: 26->26
[2026-09-06T17:10:10.126-0400][548.718s][info][gc,metaspace] GC(197) Metaspace: 152662K(155200K)->152662K(155200K) NonClass: 130950K(132288K)->130950K(132288K) Class: 21711K(22912K)->21711K(22912K)
[2026-09-06T17:10:10.126-0400][548.718s][info][gc          ] GC(197) Pause Young (Normal) (G1 Evacuation Pause) 2157M->1328M(2452M) 4.739ms
[2026-09-06T17:10:10.126-0400][548.718s][info][gc,cpu      ] GC(197) User=0.00s Sys=0.00s Real=0.00s
[2026-09-06T17:10:10.495-0400][549.086s][info][gc,start    ] GC(198) Pause Young (Normal) (G1 Evacuation Pause)
[2026-09-06T17:10:10.495-0400][549.086s][info][gc,task     ] GC(198) Using 23 workers of 23 for evacuation
[2026-09-06T17:10:10.500-0400][549.091s][info][gc,phases   ] GC(198)   Pre Evacuate Collection Set: 0.20ms
[2026-09-06T17:10:10.500-0400][549.091s][info][gc,phases   ] GC(198)   Merge Heap Roots: 0.21ms
[2026-09-06T17:10:10.500-0400][549.091s][info][gc,phases   ] GC(198)   Evacuate Collection Set: 3.85ms
[2026-09-06T17:10:10.500-0400][549.091s][info][gc,phases   ] GC(198)   Post Evacuate Collection Set: 0.74ms
[2026-09-06T17:10:10.500-0400][549.091s][info][gc,phases   ] GC(198)   Other: 0.18ms
[2026-09-06T17:10:10.500-0400][549.091s][info][gc,heap     ] GC(198) Eden regions: 415->0(413)
[2026-09-06T17:10:10.500-0400][549.091s][info][gc,heap     ] GC(198) Survivor regions: 22->22(55)
[2026-09-06T17:10:10.500-0400][549.091s][info][gc,heap     ] GC(198) Old regions: 618->620
[2026-09-06T17:10:10.500-0400][549.091s][info][gc,heap     ] GC(198) Archive regions: 0->0
[2026-09-06T17:10:10.500-0400][549.091s][info][gc,heap     ] GC(198) Humongous regions: 26->26
[2026-09-06T17:10:10.500-0400][549.091s][info][gc,metaspace] GC(198) Metaspace: 152662K(155200K)->152662K(155200K) NonClass: 130950K(132288K)->130950K(132288K) Class: 21711K(22912K)->21711K(22912K)
[2026-09-06T17:10:10.500-0400][549.091s][info][gc          ] GC(198) Pause Young (Normal) (G1 Evacuation Pause) 2158M->1333M(2452M) 5.316ms
[2026-09-06T17:10:10.500-0400][549.091s][info][gc,cpu      ] GC(198) User=0.00s Sys=0.00s Real=0.01s
[2026-09-06T17:10:10.859-0400][549.450s][info][gc,start    ] GC(199) Pause Young (Normal) (G1 Evacuation Pause)
[2026-09-06T17:10:10.859-0400][549.450s][info][gc,task     ] GC(199) Using 23 workers of 23 for evacuation
[2026-09-06T17:10:10.863-0400][549.455s][info][gc,phases   ] GC(199)   Pre Evacuate Collection Set: 0.22ms
[2026-09-06T17:10:10.864-0400][549.455s][info][gc,phases   ] GC(199)   Merge Heap Roots: 0.22ms
[2026-09-06T17:10:10.864-0400][549.455s][info][gc,phases   ] GC(199)   Evacuate Collection Set: 3.71ms
[2026-09-06T17:10:10.864-0400][549.455s][info][gc,phases   ] GC(199)   Post Evacuate Collection Set: 0.61ms
[2026-09-06T17:10:10.864-0400][549.455s][info][gc,phases   ] GC(199)   Other: 0.18ms
[2026-09-06T17:10:10.864-0400][549.455s][info][gc,heap     ] GC(199) Eden regions: 413->0(412)
[2026-09-06T17:10:10.864-0400][549.455s][info][gc,heap     ] GC(199) Survivor regions: 22->21(55)
[2026-09-06T17:10:10.864-0400][549.455s][info][gc,heap     ] GC(199) Old regions: 620->623
[2026-09-06T17:10:10.864-0400][549.455s][info][gc,heap     ] GC(199) Archive regions: 0->0
[2026-09-06T17:10:10.864-0400][549.455s][info][gc,heap     ] GC(199) Humongous regions: 26->26
[2026-09-06T17:10:10.864-0400][549.455s][info][gc,metaspace] GC(199) Metaspace: 152663K(155200K)->152663K(155200K) NonClass: 130951K(132288K)->130951K(132288K) Class: 21711K(22912K)->21711K(22912K)
[2026-09-06T17:10:10.864-0400][549.455s][info][gc          ] GC(199) Pause Young (Normal) (G1 Evacuation Pause) 2159M->1339M(2452M) 5.067ms
[2026-09-06T17:10:10.864-0400][549.455s][info][gc,cpu      ] GC(199) User=0.00s Sys=0.00s Real=0.01s
[2026-09-06T17:10:11.226-0400][549.817s][info][gc,start    ] GC(200) Pause Young (Normal) (G1 Evacuation Pause)
[2026-09-06T17:10:11.226-0400][549.817s][info][gc,task     ] GC(200) Using 23 workers of 23 for evacuation
[2026-09-06T17:10:11.231-0400][549.822s][info][gc,phases   ] GC(200)   Pre Evacuate Collection Set: 0.20ms
[2026-09-06T17:10:11.231-0400][549.822s][info][gc,phases   ] GC(200)   Merge Heap Roots: 0.19ms
[2026-09-06T17:10:11.232-0400][549.822s][info][gc,phases   ] GC(200)   Evacuate Collection Set: 3.97ms
[2026-09-06T17:10:11.232-0400][549.822s][info][gc,phases   ] GC(200)   Post Evacuate Collection Set: 0.70ms
[2026-09-06T17:10:11.232-0400][549.822s][info][gc,phases   ] GC(200)   Other: 0.19ms
[2026-09-06T17:10:11.232-0400][549.823s][info][gc,heap     ] GC(200) Eden regions: 412->0(408)
[2026-09-06T17:10:11.232-0400][549.823s][info][gc,heap     ] GC(200) Survivor regions: 21->21(55)
[2026-09-06T17:10:11.232-0400][549.823s][info][gc,heap     ] GC(200) Old regions: 623->627
[2026-09-06T17:10:11.232-0400][549.823s][info][gc,heap     ] GC(200) Archive regions: 0->0
[2026-09-06T17:10:11.232-0400][549.823s][info][gc,heap     ] GC(200) Humongous regions: 26->26
[2026-09-06T17:10:11.232-0400][549.823s][info][gc,metaspace] GC(200) Metaspace: 152663K(155200K)->152663K(155200K) NonClass: 130951K(132288K)->130951K(132288K) Class: 21711K(22912K)->21711K(22912K)
[2026-09-06T17:10:11.232-0400][549.823s][info][gc          ] GC(200) Pause Young (Normal) (G1 Evacuation Pause) 2163M->1346M(2452M) 5.373ms
[2026-09-06T17:10:11.232-0400][549.823s][info][gc,cpu      ] GC(200) User=0.00s Sys=0.00s Real=0.01s
[2026-09-06T17:10:11.526-0400][550.117s][info][gc,start    ] GC(201) Pause Young (Normal) (GCLocker Initiated GC)
[2026-09-06T17:10:11.526-0400][550.117s][info][gc,task     ] GC(201) Using 23 workers of 23 for evacuation
[2026-09-06T17:10:11.530-0400][550.121s][info][gc,phases   ] GC(201)   Pre Evacuate Collection Set: 0.19ms
[2026-09-06T17:10:11.531-0400][550.121s][info][gc,phases   ] GC(201)   Merge Heap Roots: 0.17ms
[2026-09-06T17:10:11.531-0400][550.122s][info][gc,phases   ] GC(201)   Evacuate Collection Set: 3.43ms
[2026-09-06T17:10:11.531-0400][550.122s][info][gc,phases   ] GC(201)   Post Evacuate Collection Set: 0.78ms
[2026-09-06T17:10:11.531-0400][550.122s][info][gc,phases   ] GC(201)   Other: 0.13ms
[2026-09-06T17:10:11.531-0400][550.122s][info][gc,heap     ] GC(201) Eden regions: 408->0(407)
[2026-09-06T17:10:11.531-0400][550.122s][info][gc,heap     ] GC(201) Survivor regions: 21->20(54)
[2026-09-06T17:10:11.531-0400][550.122s][info][gc,heap     ] GC(201) Old regions: 627->630
[2026-09-06T17:10:11.531-0400][550.122s][info][gc,heap     ] GC(201) Archive regions: 0->0
[2026-09-06T17:10:11.531-0400][550.122s][info][gc,heap     ] GC(201) Humongous regions: 26->26
[2026-09-06T17:10:11.531-0400][550.122s][info][gc,metaspace] GC(201) Metaspace: 152663K(155200K)->152663K(155200K) NonClass: 130951K(132288K)->130951K(132288K) Class: 21711K(22912K)->21711K(22912K)
[2026-09-06T17:10:11.531-0400][550.122s][info][gc          ] GC(201) Pause Young (Normal) (GCLocker Initiated GC) 2162M->1349M(2452M) 5.008ms
[2026-09-06T17:10:11.531-0400][550.122s][info][gc,cpu      ] GC(201) User=0.00s Sys=0.00s Real=0.00s
[2026-09-06T17:10:12.086-0400][550.677s][info][gc,start    ] GC(202) Pause Young (Normal) (G1 Evacuation Pause)
[2026-09-06T17:10:12.086-0400][550.677s][info][gc,task     ] GC(202) Using 23 workers of 23 for evacuation
[2026-09-06T17:10:12.090-0400][550.681s][info][gc,phases   ] GC(202)   Pre Evacuate Collection Set: 0.17ms
[2026-09-06T17:10:12.090-0400][550.681s][info][gc,phases   ] GC(202)   Merge Heap Roots: 0.15ms
[2026-09-06T17:10:12.090-0400][550.681s][info][gc,phases   ] GC(202)   Evacuate Collection Set: 2.95ms
[2026-09-06T17:10:12.090-0400][550.681s][info][gc,phases   ] GC(202)   Post Evacuate Collection Set: 0.64ms
[2026-09-06T17:10:12.090-0400][550.681s][info][gc,phases   ] GC(202)   Other: 0.20ms
[2026-09-06T17:10:12.090-0400][550.681s][info][gc,heap     ] GC(202) Eden regions: 407->0(407)
[2026-09-06T17:10:12.090-0400][550.681s][info][gc,heap     ] GC(202) Survivor regions: 20->19(54)
[2026-09-06T17:10:12.090-0400][550.681s][info][gc,heap     ] GC(202) Old regions: 630->632
[2026-09-06T17:10:12.090-0400][550.681s][info][gc,heap     ] GC(202) Archive regions: 0->0
[2026-09-06T17:10:12.090-0400][550.681s][info][gc,heap     ] GC(202) Humongous regions: 26->26
[2026-09-06T17:10:12.090-0400][550.681s][info][gc,metaspace] GC(202) Metaspace: 152664K(155200K)->152664K(155200K) NonClass: 130952K(132288K)->130952K(132288K) Class: 21712K(22912K)->21712K(22912K)
[2026-09-06T17:10:12.090-0400][550.681s][info][gc          ] GC(202) Pause Young (Normal) (G1 Evacuation Pause) 2163M->1352M(2452M) 4.177ms
[2026-09-06T17:10:12.090-0400][550.681s][info][gc,cpu      ] GC(202) User=0.00s Sys=0.00s Real=0.00s
[2026-09-06T17:10:12.589-0400][551.180s][info][gc,start    ] GC(203) Pause Young (Normal) (G1 Evacuation Pause)
[2026-09-06T17:10:12.589-0400][551.180s][info][gc,task     ] GC(203) Using 23 workers of 23 for evacuation
[2026-09-06T17:10:12.595-0400][551.186s][info][gc,phases   ] GC(203)   Pre Evacuate Collection Set: 0.22ms
[2026-09-06T17:10:12.595-0400][551.186s][info][gc,phases   ] GC(203)   Merge Heap Roots: 0.21ms
[2026-09-06T17:10:12.595-0400][551.186s][info][gc,phases   ] GC(203)   Evacuate Collection Set: 4.68ms
[2026-09-06T17:10:12.595-0400][551.186s][info][gc,phases   ] GC(203)   Post Evacuate Collection Set: 0.88ms
[2026-09-06T17:10:12.595-0400][551.186s][info][gc,phases   ] GC(203)   Other: 0.20ms
[2026-09-06T17:10:12.595-0400][551.186s][info][gc,heap     ] GC(203) Eden regions: 407->0(393)
[2026-09-06T17:10:12.595-0400][551.186s][info][gc,heap     ] GC(203) Survivor regions: 19->26(54)
[2026-09-06T17:10:12.595-0400][551.186s][info][gc,heap     ] GC(203) Old regions: 632->632
[2026-09-06T17:10:12.595-0400][551.186s][info][gc,heap     ] GC(203) Archive regions: 0->0
[2026-09-06T17:10:12.595-0400][551.186s][info][gc,heap     ] GC(203) Humongous regions: 26->26
[2026-09-06T17:10:12.595-0400][551.186s][info][gc,metaspace] GC(203) Metaspace: 152666K(155200K)->152666K(155200K) NonClass: 130953K(132288K)->130953K(132288K) Class: 21712K(22912K)->21712K(22912K)
[2026-09-06T17:10:12.595-0400][551.186s][info][gc          ] GC(203) Pause Young (Normal) (G1 Evacuation Pause) 2166M->1365M(2452M) 6.330ms
[2026-09-06T17:10:12.596-0400][551.186s][info][gc,cpu      ] GC(203) User=0.00s Sys=0.00s Real=0.01s
[2026-09-06T17:10:12.698-0400][551.288s][info][gc,start    ] GC(204) Pause Young (Normal) (G1 Evacuation Pause)
[2026-09-06T17:10:12.698-0400][551.288s][info][gc,task     ] GC(204) Using 23 workers of 23 for evacuation
[2026-09-06T17:10:12.702-0400][551.293s][info][gc,phases   ] GC(204)   Pre Evacuate Collection Set: 0.10ms
[2026-09-06T17:10:12.702-0400][551.293s][info][gc,phases   ] GC(204)   Merge Heap Roots: 0.16ms
[2026-09-06T17:10:12.702-0400][551.293s][info][gc,phases   ] GC(204)   Evacuate Collection Set: 4.03ms
[2026-09-06T17:10:12.702-0400][551.293s][info][gc,phases   ] GC(204)   Post Evacuate Collection Set: 0.53ms
[2026-09-06T17:10:12.702-0400][551.293s][info][gc,phases   ] GC(204)   Other: 0.16ms
[2026-09-06T17:10:12.702-0400][551.293s][info][gc,heap     ] GC(204) Eden regions: 393->0(389)
[2026-09-06T17:10:12.702-0400][551.293s][info][gc,heap     ] GC(204) Survivor regions: 26->28(53)
[2026-09-06T17:10:12.702-0400][551.293s][info][gc,heap     ] GC(204) Old regions: 632->632
[2026-09-06T17:10:12.702-0400][551.293s][info][gc,heap     ] GC(204) Archive regions: 0->0
[2026-09-06T17:10:12.702-0400][551.293s][info][gc,heap     ] GC(204) Humongous regions: 26->26
[2026-09-06T17:10:12.702-0400][551.293s][info][gc,metaspace] GC(204) Metaspace: 152666K(155200K)->152666K(155200K) NonClass: 130953K(132288K)->130953K(132288K) Class: 21712K(22912K)->21712K(22912K)
[2026-09-06T17:10:12.702-0400][551.293s][info][gc          ] GC(204) Pause Young (Normal) (G1 Evacuation Pause) 2151M->1370M(2452M) 5.113ms
[2026-09-06T17:10:12.702-0400][551.293s][info][gc,cpu      ] GC(204) User=0.00s Sys=0.00s Real=0.00s
[2026-09-06T17:10:13.199-0400][551.790s][info][gc,start    ] GC(205) Pause Young (Normal) (G1 Evacuation Pause)
[2026-09-06T17:10:13.199-0400][551.790s][info][gc,task     ] GC(205) Using 23 workers of 23 for evacuation
[2026-09-06T17:10:13.205-0400][551.795s][info][gc,phases   ] GC(205)   Pre Evacuate Collection Set: 0.22ms
[2026-09-06T17:10:13.205-0400][551.795s][info][gc,phases   ] GC(205)   Merge Heap Roots: 0.16ms
[2026-09-06T17:10:13.205-0400][551.795s][info][gc,phases   ] GC(205)   Evacuate Collection Set: 3.82ms
[2026-09-06T17:10:13.205-0400][551.795s][info][gc,phases   ] GC(205)   Post Evacuate Collection Set: 0.76ms
[2026-09-06T17:10:13.205-0400][551.795s][info][gc,phases   ] GC(205)   Other: 0.17ms
[2026-09-06T17:10:13.205-0400][551.795s][info][gc,heap     ] GC(205) Eden regions: 389->0(387)
[2026-09-06T17:10:13.205-0400][551.795s][info][gc,heap     ] GC(205) Survivor regions: 28->29(53)
[2026-09-06T17:10:13.205-0400][551.795s][info][gc,heap     ] GC(205) Old regions: 632->632
[2026-09-06T17:10:13.205-0400][551.795s][info][gc,heap     ] GC(205) Archive regions: 0->0
[2026-09-06T17:10:13.205-0400][551.795s][info][gc,heap     ] GC(205) Humongous regions: 26->26
[2026-09-06T17:10:13.205-0400][551.795s][info][gc,metaspace] GC(205) Metaspace: 152666K(155200K)->152666K(155200K) NonClass: 130953K(132288K)->130953K(132288K) Class: 21712K(22912K)->21712K(22912K)
[2026-09-06T17:10:13.205-0400][551.795s][info][gc          ] GC(205) Pause Young (Normal) (G1 Evacuation Pause) 2148M->1372M(2452M) 5.228ms
[2026-09-06T17:10:13.205-0400][551.795s][info][gc,cpu      ] GC(205) User=0.00s Sys=0.00s Real=0.01s
[2026-09-06T17:10:13.413-0400][552.004s][info][gc,start    ] GC(206) Pause Young (Normal) (G1 Evacuation Pause)
[2026-09-06T17:10:13.414-0400][552.004s][info][gc,task     ] GC(206) Using 23 workers of 23 for evacuation
[2026-09-06T17:10:13.419-0400][552.011s][info][gc,phases   ] GC(206)   Pre Evacuate Collection Set: 0.21ms
[2026-09-06T17:10:13.419-0400][552.011s][info][gc,phases   ] GC(206)   Merge Heap Roots: 0.20ms
[2026-09-06T17:10:13.419-0400][552.011s][info][gc,phases   ] GC(206)   Evacuate Collection Set: 5.15ms
[2026-09-06T17:10:13.419-0400][552.011s][info][gc,phases   ] GC(206)   Post Evacuate Collection Set: 0.70ms
[2026-09-06T17:10:13.419-0400][552.011s][info][gc,phases   ] GC(206)   Other: 0.20ms
[2026-09-06T17:10:13.421-0400][552.011s][info][gc,heap     ] GC(206) Eden regions: 387->0(381)
[2026-09-06T17:10:13.421-0400][552.011s][info][gc,heap     ] GC(206) Survivor regions: 29->32(52)
[2026-09-06T17:10:13.421-0400][552.011s][info][gc,heap     ] GC(206) Old regions: 632->632
[2026-09-06T17:10:13.421-0400][552.011s][info][gc,heap     ] GC(206) Archive regions: 0->0
[2026-09-06T17:10:13.421-0400][552.011s][info][gc,heap     ] GC(206) Humongous regions: 26->26
[2026-09-06T17:10:13.421-0400][552.011s][info][gc,metaspace] GC(206) Metaspace: 152668K(155200K)->152668K(155200K) NonClass: 130956K(132288K)->130956K(132288K) Class: 21712K(22912K)->21712K(22912K)
[2026-09-06T17:10:13.421-0400][552.011s][info][gc          ] GC(206) Pause Young (Normal) (G1 Evacuation Pause) 2146M->1379M(2452M) 6.634ms
[2026-09-06T17:10:13.421-0400][552.011s][info][gc,cpu      ] GC(206) User=0.00s Sys=0.00s Real=0.01s
[2026-09-06T17:10:13.788-0400][552.379s][info][gc,start    ] GC(207) Pause Young (Normal) (G1 Evacuation Pause)
[2026-09-06T17:10:13.788-0400][552.379s][info][gc,task     ] GC(207) Using 23 workers of 23 for evacuation
[2026-09-06T17:10:13.794-0400][552.385s][info][gc,phases   ] GC(207)   Pre Evacuate Collection Set: 0.24ms
[2026-09-06T17:10:13.794-0400][552.385s][info][gc,phases   ] GC(207)   Merge Heap Roots: 0.19ms
[2026-09-06T17:10:13.794-0400][552.385s][info][gc,phases   ] GC(207)   Evacuate Collection Set: 4.20ms
[2026-09-06T17:10:13.795-0400][552.385s][info][gc,phases   ] GC(207)   Post Evacuate Collection Set: 0.56ms
[2026-09-06T17:10:13.795-0400][552.385s][info][gc,phases   ] GC(207)   Other: 0.16ms
[2026-09-06T17:10:13.795-0400][552.385s][info][gc,heap     ] GC(207) Eden regions: 381->0(386)
[2026-09-06T17:10:13.795-0400][552.385s][info][gc,heap     ] GC(207) Survivor regions: 32->26(52)
[2026-09-06T17:10:13.795-0400][552.385s][info][gc,heap     ] GC(207) Old regions: 632->639
[2026-09-06T17:10:13.795-0400][552.385s][info][gc,heap     ] GC(207) Archive regions: 0->0
[2026-09-06T17:10:13.795-0400][552.385s][info][gc,heap     ] GC(207) Humongous regions: 26->26
[2026-09-06T17:10:13.795-0400][552.385s][info][gc,metaspace] GC(207) Metaspace: 152668K(155200K)->152668K(155200K) NonClass: 130956K(132288K)->130956K(132288K) Class: 21712K(22912K)->21712K(22912K)
[2026-09-06T17:10:13.795-0400][552.385s][info][gc          ] GC(207) Pause Young (Normal) (G1 Evacuation Pause) 2141M->1380M(2452M) 5.472ms
[2026-09-06T17:10:13.795-0400][552.385s][info][gc,cpu      ] GC(207) User=0.00s Sys=0.00s Real=0.01s
[2026-09-06T17:10:14.335-0400][552.926s][info][gc,start    ] GC(208) Pause Young (Normal) (G1 Evacuation Pause)
[2026-09-06T17:10:14.335-0400][552.926s][info][gc,task     ] GC(208) Using 23 workers of 23 for evacuation
[2026-09-06T17:10:14.341-0400][552.931s][info][gc,phases   ] GC(208)   Pre Evacuate Collection Set: 0.20ms
[2026-09-06T17:10:14.341-0400][552.931s][info][gc,phases   ] GC(208)   Merge Heap Roots: 0.20ms
[2026-09-06T17:10:14.341-0400][552.931s][info][gc,phases   ] GC(208)   Evacuate Collection Set: 3.70ms
[2026-09-06T17:10:14.341-0400][552.931s][info][gc,phases   ] GC(208)   Post Evacuate Collection Set: 0.70ms
[2026-09-06T17:10:14.341-0400][552.931s][info][gc,phases   ] GC(208)   Other: 0.15ms
[2026-09-06T17:10:14.341-0400][552.931s][info][gc,heap     ] GC(208) Eden regions: 386->0(382)
[2026-09-06T17:10:14.341-0400][552.931s][info][gc,heap     ] GC(208) Survivor regions: 26->28(52)
[2026-09-06T17:10:14.341-0400][552.931s][info][gc,heap     ] GC(208) Old regions: 639->639
[2026-09-06T17:10:14.341-0400][552.931s][info][gc,heap     ] GC(208) Archive regions: 0->0
[2026-09-06T17:10:14.341-0400][552.931s][info][gc,heap     ] GC(208) Humongous regions: 26->26
[2026-09-06T17:10:14.341-0400][552.931s][info][gc,metaspace] GC(208) Metaspace: 152668K(155200K)->152668K(155200K) NonClass: 130956K(132288K)->130956K(132288K) Class: 21712K(22912K)->21712K(22912K)
[2026-09-06T17:10:14.341-0400][552.931s][info][gc          ] GC(208) Pause Young (Normal) (G1 Evacuation Pause) 2152M->1383M(2452M) 5.090ms
[2026-09-06T17:10:14.341-0400][552.931s][info][gc,cpu      ] GC(208) User=0.00s Sys=0.00s Real=0.01s
[2026-09-06T17:10:14.562-0400][553.153s][info][gc,start    ] GC(209) Pause Young (Normal) (G1 Evacuation Pause)
[2026-09-06T17:10:14.562-0400][553.153s][info][gc,task     ] GC(209) Using 23 workers of 23 for evacuation
[2026-09-06T17:10:14.568-0400][553.158s][info][gc,phases   ] GC(209)   Pre Evacuate Collection Set: 0.19ms
[2026-09-06T17:10:14.568-0400][553.158s][info][gc,phases   ] GC(209)   Merge Heap Roots: 0.19ms
[2026-09-06T17:10:14.568-0400][553.158s][info][gc,phases   ] GC(209)   Evacuate Collection Set: 4.50ms
[2026-09-06T17:10:14.568-0400][553.158s][info][gc,phases   ] GC(209)   Post Evacuate Collection Set: 0.61ms
[2026-09-06T17:10:14.568-0400][553.158s][info][gc,phases   ] GC(209)   Other: 0.17ms
[2026-09-06T17:10:14.568-0400][553.158s][info][gc,heap     ] GC(209) Eden regions: 382->0(372)
[2026-09-06T17:10:14.568-0400][553.158s][info][gc,heap     ] GC(209) Survivor regions: 28->33(52)
[2026-09-06T17:10:14.568-0400][553.158s][info][gc,heap     ] GC(209) Old regions: 639->639
[2026-09-06T17:10:14.568-0400][553.158s][info][gc,heap     ] GC(209) Archive regions: 0->0
[2026-09-06T17:10:14.568-0400][553.158s][info][gc,heap     ] GC(209) Humongous regions: 26->26
[2026-09-06T17:10:14.568-0400][553.158s][info][gc,metaspace] GC(209) Metaspace: 152670K(155264K)->152670K(155264K) NonClass: 130957K(132352K)->130957K(132352K) Class: 21712K(22912K)->21712K(22912K)
[2026-09-06T17:10:14.568-0400][553.158s][info][gc          ] GC(209) Pause Young (Normal) (G1 Evacuation Pause) 2147M->1392M(2452M) 5.792ms
[2026-09-06T17:10:14.568-0400][553.158s][info][gc,cpu      ] GC(209) User=0.00s Sys=0.00s Real=0.01s
[2026-09-06T17:10:15.014-0400][553.605s][info][gc,start    ] GC(210) Pause Young (Normal) (G1 Evacuation Pause)
[2026-09-06T17:10:15.014-0400][553.605s][info][gc,task     ] GC(210) Using 23 workers of 23 for evacuation
[2026-09-06T17:10:15.019-0400][553.610s][info][gc,phases   ] GC(210)   Pre Evacuate Collection Set: 0.23ms
[2026-09-06T17:10:15.019-0400][553.611s][info][gc,phases   ] GC(210)   Merge Heap Roots: 0.18ms
[2026-09-06T17:10:15.019-0400][553.611s][info][gc,phases   ] GC(210)   Evacuate Collection Set: 4.60ms
[2026-09-06T17:10:15.019-0400][553.611s][info][gc,phases   ] GC(210)   Post Evacuate Collection Set: 0.64ms
[2026-09-06T17:10:15.019-0400][553.611s][info][gc,phases   ] GC(210)   Other: 0.22ms
[2026-09-06T17:10:15.019-0400][553.611s][info][gc,heap     ] GC(210) Eden regions: 372->0(372)
[2026-09-06T17:10:15.019-0400][553.611s][info][gc,heap     ] GC(210) Survivor regions: 33->31(51)
[2026-09-06T17:10:15.019-0400][553.611s][info][gc,heap     ] GC(210) Old regions: 639->643
[2026-09-06T17:10:15.019-0400][553.611s][info][gc,heap     ] GC(210) Archive regions: 0->0
[2026-09-06T17:10:15.019-0400][553.611s][info][gc,heap     ] GC(210) Humongous regions: 26->26
[2026-09-06T17:10:15.020-0400][553.611s][info][gc,metaspace] GC(210) Metaspace: 152670K(155264K)->152670K(155264K) NonClass: 130957K(132352K)->130957K(132352K) Class: 21712K(22912K)->21712K(22912K)
[2026-09-06T17:10:15.020-0400][553.611s][info][gc          ] GC(210) Pause Young (Normal) (G1 Evacuation Pause) 2136M->1397M(2452M) 5.988ms
[2026-09-06T17:10:15.020-0400][553.611s][info][gc,cpu      ] GC(210) User=0.00s Sys=0.00s Real=0.01s
[2026-09-06T17:10:15.301-0400][553.892s][info][gc,start    ] GC(211) Pause Young (Normal) (G1 Evacuation Pause)
[2026-09-06T17:10:15.301-0400][553.892s][info][gc,task     ] GC(211) Using 23 workers of 23 for evacuation
[2026-09-06T17:10:15.307-0400][553.898s][info][gc,phases   ] GC(211)   Pre Evacuate Collection Set: 0.25ms
[2026-09-06T17:10:15.307-0400][553.898s][info][gc,phases   ] GC(211)   Merge Heap Roots: 0.20ms
[2026-09-06T17:10:15.307-0400][553.898s][info][gc,phases   ] GC(211)   Evacuate Collection Set: 4.43ms
[2026-09-06T17:10:15.307-0400][553.898s][info][gc,phases   ] GC(211)   Post Evacuate Collection Set: 0.65ms
[2026-09-06T17:10:15.307-0400][553.898s][info][gc,phases   ] GC(211)   Other: 0.22ms
[2026-09-06T17:10:15.307-0400][553.898s][info][gc,heap     ] GC(211) Eden regions: 372->0(370)
[2026-09-06T17:10:15.307-0400][553.898s][info][gc,heap     ] GC(211) Survivor regions: 31->31(51)
[2026-09-06T17:10:15.307-0400][553.898s][info][gc,heap     ] GC(211) Old regions: 643->645
[2026-09-06T17:10:15.307-0400][553.898s][info][gc,heap     ] GC(211) Archive regions: 0->0
[2026-09-06T17:10:15.307-0400][553.898s][info][gc,heap     ] GC(211) Humongous regions: 26->26
[2026-09-06T17:10:15.307-0400][553.898s][info][gc,metaspace] GC(211) Metaspace: 152670K(155264K)->152670K(155264K) NonClass: 130957K(132352K)->130957K(132352K) Class: 21712K(22912K)->21712K(22912K)
[2026-09-06T17:10:15.307-0400][553.898s][info][gc          ] GC(211) Pause Young (Normal) (G1 Evacuation Pause) 2141M->1402M(2452M) 5.874ms
[2026-09-06T17:10:15.307-0400][553.898s][info][gc,cpu      ] GC(211) User=0.34s Sys=0.00s Real=0.01s
[2026-09-06T17:10:15.641-0400][554.231s][info][gc,start    ] GC(212) Pause Young (Normal) (G1 Evacuation Pause)
[2026-09-06T17:10:15.641-0400][554.231s][info][gc,task     ] GC(212) Using 23 workers of 23 for evacuation
[2026-09-06T17:10:15.646-0400][554.236s][info][gc,phases   ] GC(212)   Pre Evacuate Collection Set: 0.25ms
[2026-09-06T17:10:15.646-0400][554.236s][info][gc,phases   ] GC(212)   Merge Heap Roots: 0.20ms
[2026-09-06T17:10:15.646-0400][554.236s][info][gc,phases   ] GC(212)   Evacuate Collection Set: 3.98ms
[2026-09-06T17:10:15.646-0400][554.236s][info][gc,phases   ] GC(212)   Post Evacuate Collection Set: 0.67ms
[2026-09-06T17:10:15.646-0400][554.236s][info][gc,phases   ] GC(212)   Other: 0.14ms
[2026-09-06T17:10:15.646-0400][554.236s][info][gc,heap     ] GC(212) Eden regions: 370->0(373)
[2026-09-06T17:10:15.646-0400][554.236s][info][gc,heap     ] GC(212) Survivor regions: 31->26(51)
[2026-09-06T17:10:15.646-0400][554.236s][info][gc,heap     ] GC(212) Old regions: 645->652
[2026-09-06T17:10:15.646-0400][554.236s][info][gc,heap     ] GC(212) Archive regions: 0->0
[2026-09-06T17:10:15.646-0400][554.236s][info][gc,heap     ] GC(212) Humongous regions: 26->26
[2026-09-06T17:10:15.646-0400][554.236s][info][gc,metaspace] GC(212) Metaspace: 152671K(155264K)->152671K(155264K) NonClass: 130958K(132352K)->130958K(132352K) Class: 21712K(22912K)->21712K(22912K)
[2026-09-06T17:10:15.646-0400][554.236s][info][gc          ] GC(212) Pause Young (Normal) (G1 Evacuation Pause) 2142M->1405M(2452M) 5.433ms
[2026-09-06T17:10:15.646-0400][554.237s][info][gc,cpu      ] GC(212) User=0.00s Sys=0.00s Real=0.00s
[2026-09-06T17:10:16.008-0400][554.598s][info][gc,start    ] GC(213) Pause Young (Normal) (G1 Evacuation Pause)
[2026-09-06T17:10:16.008-0400][554.598s][info][gc,task     ] GC(213) Using 23 workers of 23 for evacuation
[2026-09-06T17:10:16.013-0400][554.604s][info][gc,phases   ] GC(213)   Pre Evacuate Collection Set: 0.18ms
[2026-09-06T17:10:16.013-0400][554.604s][info][gc,phases   ] GC(213)   Merge Heap Roots: 0.18ms
[2026-09-06T17:10:16.013-0400][554.604s][info][gc,phases   ] GC(213)   Evacuate Collection Set: 4.65ms
[2026-09-06T17:10:16.013-0400][554.604s][info][gc,phases   ] GC(213)   Post Evacuate Collection Set: 0.70ms
[2026-09-06T17:10:16.013-0400][554.604s][info][gc,phases   ] GC(213)   Other: 0.19ms
[2026-09-06T17:10:16.013-0400][554.604s][info][gc,heap     ] GC(213) Eden regions: 373->0(365)
[2026-09-06T17:10:16.013-0400][554.604s][info][gc,heap     ] GC(213) Survivor regions: 26->30(50)
[2026-09-06T17:10:16.013-0400][554.604s][info][gc,heap     ] GC(213) Old regions: 652->652
[2026-09-06T17:10:16.013-0400][554.604s][info][gc,heap     ] GC(213) Archive regions: 0->0
[2026-09-06T17:10:16.013-0400][554.604s][info][gc,heap     ] GC(213) Humongous regions: 26->26
[2026-09-06T17:10:16.013-0400][554.604s][info][gc,metaspace] GC(213) Metaspace: 152671K(155264K)->152671K(155264K) NonClass: 130958K(132352K)->130958K(132352K) Class: 21712K(22912K)->21712K(22912K)
[2026-09-06T17:10:16.013-0400][554.604s][info][gc          ] GC(213) Pause Young (Normal) (G1 Evacuation Pause) 2151M->1415M(2452M) 5.989ms
[2026-09-06T17:10:16.013-0400][554.604s][info][gc,cpu      ] GC(213) User=0.00s Sys=0.00s Real=0.01s
[2026-09-06T17:10:16.357-0400][554.947s][info][gc,start    ] GC(214) Pause Young (Normal) (G1 Evacuation Pause)
[2026-09-06T17:10:16.357-0400][554.948s][info][gc,task     ] GC(214) Using 23 workers of 23 for evacuation
[2026-09-06T17:10:16.362-0400][554.952s][info][gc,phases   ] GC(214)   Pre Evacuate Collection Set: 0.21ms
[2026-09-06T17:10:16.362-0400][554.952s][info][gc,phases   ] GC(214)   Merge Heap Roots: 0.16ms
[2026-09-06T17:10:16.362-0400][554.952s][info][gc,phases   ] GC(214)   Evacuate Collection Set: 3.71ms
[2026-09-06T17:10:16.362-0400][554.952s][info][gc,phases   ] GC(214)   Post Evacuate Collection Set: 0.57ms
[2026-09-06T17:10:16.362-0400][554.952s][info][gc,phases   ] GC(214)   Other: 0.15ms
[2026-09-06T17:10:16.362-0400][554.952s][info][gc,heap     ] GC(214) Eden regions: 365->0(365)
[2026-09-06T17:10:16.362-0400][554.952s][info][gc,heap     ] GC(214) Survivor regions: 30->28(50)
[2026-09-06T17:10:16.362-0400][554.952s][info][gc,heap     ] GC(214) Old regions: 652->656
[2026-09-06T17:10:16.362-0400][554.952s][info][gc,heap     ] GC(214) Archive regions: 0->0
[2026-09-06T17:10:16.362-0400][554.952s][info][gc,heap     ] GC(214) Humongous regions: 26->26
[2026-09-06T17:10:16.362-0400][554.952s][info][gc,metaspace] GC(214) Metaspace: 152671K(155264K)->152671K(155264K) NonClass: 130958K(132352K)->130958K(132352K) Class: 21712K(22912K)->21712K(22912K)
[2026-09-06T17:10:16.362-0400][554.952s][info][gc          ] GC(214) Pause Young (Normal) (G1 Evacuation Pause) 2145M->1417M(2452M) 4.921ms
[2026-09-06T17:10:16.362-0400][554.952s][info][gc,cpu      ] GC(214) User=0.00s Sys=0.00s Real=0.00s
[2026-09-06T17:10:16.668-0400][555.259s][info][gc,start    ] GC(215) Pause Young (Normal) (G1 Evacuation Pause)
[2026-09-06T17:10:16.668-0400][555.259s][info][gc,task     ] GC(215) Using 23 workers of 23 for evacuation
[2026-09-06T17:10:16.674-0400][555.265s][info][gc,phases   ] GC(215)   Pre Evacuate Collection Set: 0.19ms
[2026-09-06T17:10:16.674-0400][555.265s][info][gc,phases   ] GC(215)   Merge Heap Roots: 0.18ms
[2026-09-06T17:10:16.674-0400][555.265s][info][gc,phases   ] GC(215)   Evacuate Collection Set: 4.36ms
[2026-09-06T17:10:16.674-0400][555.265s][info][gc,phases   ] GC(215)   Post Evacuate Collection Set: 0.68ms
[2026-09-06T17:10:16.674-0400][555.265s][info][gc,phases   ] GC(215)   Other: 0.19ms
[2026-09-06T17:10:16.674-0400][555.265s][info][gc,heap     ] GC(215) Eden regions: 365->0(359)
[2026-09-06T17:10:16.674-0400][555.265s][info][gc,heap     ] GC(215) Survivor regions: 28->31(50)
[2026-09-06T17:10:16.674-0400][555.265s][info][gc,heap     ] GC(215) Old regions: 656->656
[2026-09-06T17:10:16.674-0400][555.265s][info][gc,heap     ] GC(215) Archive regions: 0->0
[2026-09-06T17:10:16.674-0400][555.265s][info][gc,heap     ] GC(215) Humongous regions: 26->26
[2026-09-06T17:10:16.674-0400][555.265s][info][gc,metaspace] GC(215) Metaspace: 152689K(155264K)->152689K(155264K) NonClass: 130976K(132352K)->130976K(132352K) Class: 21712K(22912K)->21712K(22912K)
[2026-09-06T17:10:16.674-0400][555.265s][info][gc          ] GC(215) Pause Young (Normal) (G1 Evacuation Pause) 2147M->1423M(2452M) 5.725ms
[2026-09-06T17:10:16.674-0400][555.265s][info][gc,cpu      ] GC(215) User=0.00s Sys=0.00s Real=0.01s
[2026-09-06T17:10:16.801-0400][555.392s][info][gc,start    ] GC(216) Pause Young (Normal) (G1 Evacuation Pause)
[2026-09-06T17:10:16.801-0400][555.392s][info][gc,task     ] GC(216) Using 23 workers of 23 for evacuation
[2026-09-06T17:10:16.807-0400][555.398s][info][gc,phases   ] GC(216)   Pre Evacuate Collection Set: 0.10ms
[2026-09-06T17:10:16.807-0400][555.398s][info][gc,phases   ] GC(216)   Merge Heap Roots: 0.14ms
[2026-09-06T17:10:16.807-0400][555.398s][info][gc,phases   ] GC(216)   Evacuate Collection Set: 4.52ms
[2026-09-06T17:10:16.807-0400][555.398s][info][gc,phases   ] GC(216)   Post Evacuate Collection Set: 0.56ms
[2026-09-06T17:10:16.807-0400][555.398s][info][gc,phases   ] GC(216)   Other: 0.18ms
[2026-09-06T17:10:16.807-0400][555.398s][info][gc,heap     ] GC(216) Eden regions: 359->0(361)
[2026-09-06T17:10:16.807-0400][555.398s][info][gc,heap     ] GC(216) Survivor regions: 31->28(49)
[2026-09-06T17:10:16.807-0400][555.398s][info][gc,heap     ] GC(216) Old regions: 656->660
[2026-09-06T17:10:16.807-0400][555.398s][info][gc,heap     ] GC(216) Archive regions: 0->0
[2026-09-06T17:10:16.807-0400][555.398s][info][gc,heap     ] GC(216) Humongous regions: 26->26
[2026-09-06T17:10:16.807-0400][555.398s][info][gc,metaspace] GC(216) Metaspace: 152689K(155264K)->152689K(155264K) NonClass: 130976K(132352K)->130976K(132352K) Class: 21712K(22912K)->21712K(22912K)
[2026-09-06T17:10:16.807-0400][555.398s][info][gc          ] GC(216) Pause Young (Normal) (G1 Evacuation Pause) 2141M->1425M(2452M) 5.643ms
[2026-09-06T17:10:16.807-0400][555.398s][info][gc,cpu      ] GC(216) User=0.19s Sys=0.00s Real=0.01s
[2026-09-06T17:10:17.370-0400][555.962s][info][gc,start    ] GC(217) Pause Young (Normal) (G1 Evacuation Pause)
[2026-09-06T17:10:17.370-0400][555.962s][info][gc,task     ] GC(217) Using 23 workers of 23 for evacuation
[2026-09-06T17:10:17.377-0400][555.967s][info][gc,phases   ] GC(217)   Pre Evacuate Collection Set: 0.23ms
[2026-09-06T17:10:17.377-0400][555.967s][info][gc,phases   ] GC(217)   Merge Heap Roots: 0.19ms
[2026-09-06T17:10:17.377-0400][555.967s][info][gc,phases   ] GC(217)   Evacuate Collection Set: 4.11ms
[2026-09-06T17:10:17.377-0400][555.967s][info][gc,phases   ] GC(217)   Post Evacuate Collection Set: 0.63ms
[2026-09-06T17:10:17.377-0400][555.967s][info][gc,phases   ] GC(217)   Other: 0.16ms
[2026-09-06T17:10:17.377-0400][555.967s][info][gc,heap     ] GC(217) Eden regions: 361->0(360)
[2026-09-06T17:10:17.377-0400][555.967s][info][gc,heap     ] GC(217) Survivor regions: 28->27(49)
[2026-09-06T17:10:17.377-0400][555.967s][info][gc,heap     ] GC(217) Old regions: 660->663
[2026-09-06T17:10:17.377-0400][555.967s][info][gc,heap     ] GC(217) Archive regions: 0->0
[2026-09-06T17:10:17.377-0400][555.967s][info][gc,heap     ] GC(217) Humongous regions: 26->26
[2026-09-06T17:10:17.377-0400][555.967s][info][gc,metaspace] GC(217) Metaspace: 152700K(155264K)->152700K(155264K) NonClass: 130987K(132352K)->130987K(132352K) Class: 21712K(22912K)->21712K(22912K)
[2026-09-06T17:10:17.377-0400][555.967s][info][gc          ] GC(217) Pause Young (Normal) (G1 Evacuation Pause) 2147M->1430M(2452M) 5.442ms
[2026-09-06T17:10:17.377-0400][555.967s][info][gc,cpu      ] GC(217) User=0.00s Sys=0.00s Real=0.01s
[2026-09-06T17:10:17.459-0400][556.049s][info][gc,start    ] GC(218) Pause Young (Normal) (G1 Evacuation Pause)
[2026-09-06T17:10:17.459-0400][556.049s][info][gc,task     ] GC(218) Using 23 workers of 23 for evacuation
[2026-09-06T17:10:17.465-0400][556.056s][info][gc,phases   ] GC(218)   Pre Evacuate Collection Set: 0.20ms
[2026-09-06T17:10:17.465-0400][556.056s][info][gc,phases   ] GC(218)   Merge Heap Roots: 0.20ms
[2026-09-06T17:10:17.465-0400][556.056s][info][gc,phases   ] GC(218)   Evacuate Collection Set: 5.29ms
[2026-09-06T17:10:17.465-0400][556.056s][info][gc,phases   ] GC(218)   Post Evacuate Collection Set: 0.71ms
[2026-09-06T17:10:17.465-0400][556.056s][info][gc,phases   ] GC(218)   Other: 0.24ms
[2026-09-06T17:10:17.465-0400][556.056s][info][gc,heap     ] GC(218) Eden regions: 360->0(354)
[2026-09-06T17:10:17.465-0400][556.056s][info][gc,heap     ] GC(218) Survivor regions: 27->30(49)
[2026-09-06T17:10:17.465-0400][556.056s][info][gc,heap     ] GC(218) Old regions: 663->663
[2026-09-06T17:10:17.465-0400][556.056s][info][gc,heap     ] GC(218) Archive regions: 0->0
[2026-09-06T17:10:17.465-0400][556.056s][info][gc,heap     ] GC(218) Humongous regions: 26->26
[2026-09-06T17:10:17.465-0400][556.056s][info][gc,metaspace] GC(218) Metaspace: 152700K(155264K)->152700K(155264K) NonClass: 130987K(132352K)->130987K(132352K) Class: 21712K(22912K)->21712K(22912K)
[2026-09-06T17:10:17.466-0400][556.056s][info][gc          ] GC(218) Pause Young (Normal) (G1 Evacuation Pause) 2150M->1435M(2452M) 6.757ms
[2026-09-06T17:10:17.466-0400][556.056s][info][gc,cpu      ] GC(218) User=0.00s Sys=0.00s Real=0.01s
[2026-09-06T17:10:17.859-0400][556.450s][info][gc,start    ] GC(219) Pause Young (Normal) (G1 Evacuation Pause)
[2026-09-06T17:10:17.859-0400][556.450s][info][gc,task     ] GC(219) Using 23 workers of 23 for evacuation
[2026-09-06T17:10:17.864-0400][556.455s][info][gc,phases   ] GC(219)   Pre Evacuate Collection Set: 0.21ms
[2026-09-06T17:10:17.864-0400][556.455s][info][gc,phases   ] GC(219)   Merge Heap Roots: 0.14ms
[2026-09-06T17:10:17.864-0400][556.455s][info][gc,phases   ] GC(219)   Evacuate Collection Set: 3.62ms
[2026-09-06T17:10:17.864-0400][556.455s][info][gc,phases   ] GC(219)   Post Evacuate Collection Set: 0.57ms
[2026-09-06T17:10:17.864-0400][556.455s][info][gc,phases   ] GC(219)   Other: 0.15ms
[2026-09-06T17:10:17.864-0400][556.455s][info][gc,heap     ] GC(219) Eden regions: 354->0(361)
[2026-09-06T17:10:17.864-0400][556.455s][info][gc,heap     ] GC(219) Survivor regions: 30->25(48)
[2026-09-06T17:10:17.864-0400][556.455s][info][gc,heap     ] GC(219) Old regions: 663->666
[2026-09-06T17:10:17.864-0400][556.455s][info][gc,heap     ] GC(219) Archive regions: 0->0
[2026-09-06T17:10:17.864-0400][556.455s][info][gc,heap     ] GC(219) Humongous regions: 26->26
[2026-09-06T17:10:17.864-0400][556.455s][info][gc,metaspace] GC(219) Metaspace: 152702K(155264K)->152702K(155264K) NonClass: 130989K(132352K)->130989K(132352K) Class: 21712K(22912K)->21712K(22912K)
[2026-09-06T17:10:17.864-0400][556.455s][info][gc          ] GC(219) Pause Young (Normal) (G1 Evacuation Pause) 2143M->1432M(2452M) 4.823ms
[2026-09-06T17:10:17.864-0400][556.455s][info][gc,cpu      ] GC(219) User=0.00s Sys=0.00s Real=0.01s
[2026-09-06T17:10:18.272-0400][556.862s][info][gc,start    ] GC(220) Pause Young (Normal) (G1 Evacuation Pause)
[2026-09-06T17:10:18.272-0400][556.863s][info][gc,task     ] GC(220) Using 23 workers of 23 for evacuation
[2026-09-06T17:10:18.278-0400][556.868s][info][gc,phases   ] GC(220)   Pre Evacuate Collection Set: 0.19ms
[2026-09-06T17:10:18.278-0400][556.868s][info][gc,phases   ] GC(220)   Merge Heap Roots: 0.17ms
[2026-09-06T17:10:18.278-0400][556.868s][info][gc,phases   ] GC(220)   Evacuate Collection Set: 4.31ms
[2026-09-06T17:10:18.278-0400][556.868s][info][gc,phases   ] GC(220)   Post Evacuate Collection Set: 0.73ms
[2026-09-06T17:10:18.278-0400][556.868s][info][gc,phases   ] GC(220)   Other: 0.18ms
[2026-09-06T17:10:18.278-0400][556.868s][info][gc,heap     ] GC(220) Eden regions: 361->0(353)
[2026-09-06T17:10:18.278-0400][556.868s][info][gc,heap     ] GC(220) Survivor regions: 25->29(49)
[2026-09-06T17:10:18.278-0400][556.868s][info][gc,heap     ] GC(220) Old regions: 666->666
[2026-09-06T17:10:18.278-0400][556.868s][info][gc,heap     ] GC(220) Archive regions: 0->0
[2026-09-06T17:10:18.278-0400][556.868s][info][gc,heap     ] GC(220) Humongous regions: 26->26
[2026-09-06T17:10:18.278-0400][556.868s][info][gc,metaspace] GC(220) Metaspace: 152702K(155264K)->152702K(155264K) NonClass: 130989K(132352K)->130989K(132352K) Class: 21712K(22912K)->21712K(22912K)
[2026-09-06T17:10:18.278-0400][556.868s][info][gc          ] GC(220) Pause Young (Normal) (G1 Evacuation Pause) 2154M->1440M(2452M) 5.913ms
[2026-09-06T17:10:18.278-0400][556.868s][info][gc,cpu      ] GC(220) User=0.00s Sys=0.00s Real=0.01s
[2026-09-06T17:10:18.637-0400][557.227s][info][gc,start    ] GC(221) Pause Young (Normal) (G1 Evacuation Pause)
[2026-09-06T17:10:18.637-0400][557.227s][info][gc,task     ] GC(221) Using 23 workers of 23 for evacuation
[2026-09-06T17:10:18.641-0400][557.232s][info][gc,phases   ] GC(221)   Pre Evacuate Collection Set: 0.17ms
[2026-09-06T17:10:18.641-0400][557.232s][info][gc,phases   ] GC(221)   Merge Heap Roots: 0.16ms
[2026-09-06T17:10:18.641-0400][557.232s][info][gc,phases   ] GC(221)   Evacuate Collection Set: 3.83ms
[2026-09-06T17:10:18.641-0400][557.232s][info][gc,phases   ] GC(221)   Post Evacuate Collection Set: 0.67ms
[2026-09-06T17:10:18.641-0400][557.232s][info][gc,phases   ] GC(221)   Other: 0.15ms
[2026-09-06T17:10:18.641-0400][557.232s][info][gc,heap     ] GC(221) Eden regions: 353->0(352)
[2026-09-06T17:10:18.641-0400][557.232s][info][gc,heap     ] GC(221) Survivor regions: 29->28(48)
[2026-09-06T17:10:18.641-0400][557.232s][info][gc,heap     ] GC(221) Old regions: 666->669
[2026-09-06T17:10:18.641-0400][557.232s][info][gc,heap     ] GC(221) Archive regions: 0->0
[2026-09-06T17:10:18.641-0400][557.232s][info][gc,heap     ] GC(221) Humongous regions: 26->26
[2026-09-06T17:10:18.641-0400][557.232s][info][gc,metaspace] GC(221) Metaspace: 152702K(155264K)->152702K(155264K) NonClass: 130989K(132352K)->130989K(132352K) Class: 21712K(22912K)->21712K(22912K)
[2026-09-06T17:10:18.641-0400][557.232s][info][gc          ] GC(221) Pause Young (Normal) (G1 Evacuation Pause) 2146M->1444M(2452M) 5.124ms
[2026-09-06T17:10:18.641-0400][557.232s][info][gc,cpu      ] GC(221) User=0.00s Sys=0.00s Real=0.00s
[2026-09-06T17:10:18.975-0400][557.566s][info][gc,start    ] GC(222) Pause Young (Normal) (G1 Evacuation Pause)
[2026-09-06T17:10:18.975-0400][557.566s][info][gc,task     ] GC(222) Using 23 workers of 23 for evacuation
[2026-09-06T17:10:18.980-0400][557.571s][info][gc,phases   ] GC(222)   Pre Evacuate Collection Set: 0.26ms
[2026-09-06T17:10:18.980-0400][557.571s][info][gc,phases   ] GC(222)   Merge Heap Roots: 0.19ms
[2026-09-06T17:10:18.980-0400][557.571s][info][gc,phases   ] GC(222)   Evacuate Collection Set: 3.63ms
[2026-09-06T17:10:18.980-0400][557.571s][info][gc,phases   ] GC(222)   Post Evacuate Collection Set: 0.66ms
[2026-09-06T17:10:18.980-0400][557.571s][info][gc,phases   ] GC(222)   Other: 0.14ms
[2026-09-06T17:10:18.980-0400][557.571s][info][gc,heap     ] GC(222) Eden regions: 352->0(354)
[2026-09-06T17:10:18.980-0400][557.571s][info][gc,heap     ] GC(222) Survivor regions: 28->26(48)
[2026-09-06T17:10:18.980-0400][557.571s][info][gc,heap     ] GC(222) Old regions: 669->671
[2026-09-06T17:10:18.980-0400][557.571s][info][gc,heap     ] GC(222) Archive regions: 0->0
[2026-09-06T17:10:18.980-0400][557.571s][info][gc,heap     ] GC(222) Humongous regions: 26->26
[2026-09-06T17:10:18.980-0400][557.571s][info][gc,metaspace] GC(222) Metaspace: 152702K(155264K)->152702K(155264K) NonClass: 130989K(132352K)->130989K(132352K) Class: 21712K(22912K)->21712K(22912K)
[2026-09-06T17:10:18.980-0400][557.571s][info][gc          ] GC(222) Pause Young (Normal) (G1 Evacuation Pause) 2148M->1445M(2452M) 5.006ms
[2026-09-06T17:10:18.980-0400][557.571s][info][gc,cpu      ] GC(222) User=0.00s Sys=0.00s Real=0.01s
[2026-09-06T17:10:19.285-0400][557.875s][info][gc,start    ] GC(223) Pause Young (Normal) (G1 Evacuation Pause)
[2026-09-06T17:10:19.285-0400][557.876s][info][gc,task     ] GC(223) Using 23 workers of 23 for evacuation
[2026-09-06T17:10:19.290-0400][557.880s][info][gc,phases   ] GC(223)   Pre Evacuate Collection Set: 0.23ms
[2026-09-06T17:10:19.290-0400][557.880s][info][gc,phases   ] GC(223)   Merge Heap Roots: 0.16ms
[2026-09-06T17:10:19.290-0400][557.880s][info][gc,phases   ] GC(223)   Evacuate Collection Set: 3.63ms
[2026-09-06T17:10:19.290-0400][557.880s][info][gc,phases   ] GC(223)   Post Evacuate Collection Set: 0.54ms
[2026-09-06T17:10:19.290-0400][557.880s][info][gc,phases   ] GC(223)   Other: 0.15ms
[2026-09-06T17:10:19.290-0400][557.880s][info][gc,heap     ] GC(223) Eden regions: 354->0(348)
[2026-09-06T17:10:19.290-0400][557.880s][info][gc,heap     ] GC(223) Survivor regions: 26->29(48)
[2026-09-06T17:10:19.290-0400][557.880s][info][gc,heap     ] GC(223) Old regions: 671->671
[2026-09-06T17:10:19.290-0400][557.880s][info][gc,heap     ] GC(223) Archive regions: 0->0
[2026-09-06T17:10:19.290-0400][557.880s][info][gc,heap     ] GC(223) Humongous regions: 26->26
[2026-09-06T17:10:19.290-0400][557.880s][info][gc,metaspace] GC(223) Metaspace: 152707K(155264K)->152707K(155264K) NonClass: 130995K(132352K)->130995K(132352K) Class: 21712K(22912K)->21712K(22912K)
[2026-09-06T17:10:19.290-0400][557.880s][info][gc          ] GC(223) Pause Young (Normal) (G1 Evacuation Pause) 2153M->1451M(2452M) 4.820ms
[2026-09-06T17:10:19.290-0400][557.880s][info][gc,cpu      ] GC(223) User=0.34s Sys=0.03s Real=0.00s
[2026-09-06T17:10:20.622-0400][559.213s][info][gc,start    ] GC(224) Pause Young (Normal) (GCLocker Initiated GC)
[2026-09-06T17:10:20.622-0400][559.213s][info][gc,task     ] GC(224) Using 23 workers of 23 for evacuation
[2026-09-06T17:10:20.627-0400][559.218s][info][gc,phases   ] GC(224)   Pre Evacuate Collection Set: 0.24ms
[2026-09-06T17:10:20.627-0400][559.218s][info][gc,phases   ] GC(224)   Merge Heap Roots: 0.16ms
[2026-09-06T17:10:20.628-0400][559.218s][info][gc,phases   ] GC(224)   Evacuate Collection Set: 3.72ms
[2026-09-06T17:10:20.628-0400][559.218s][info][gc,phases   ] GC(224)   Post Evacuate Collection Set: 0.84ms
[2026-09-06T17:10:20.628-0400][559.218s][info][gc,phases   ] GC(224)   Other: 0.14ms
[2026-09-06T17:10:20.628-0400][559.218s][info][gc,heap     ] GC(224) Eden regions: 349->0(349)
[2026-09-06T17:10:20.628-0400][559.218s][info][gc,heap     ] GC(224) Survivor regions: 29->26(48)
[2026-09-06T17:10:20.628-0400][559.218s][info][gc,heap     ] GC(224) Old regions: 671->676
[2026-09-06T17:10:20.628-0400][559.218s][info][gc,heap     ] GC(224) Archive regions: 0->0
[2026-09-06T17:10:20.628-0400][559.218s][info][gc,heap     ] GC(224) Humongous regions: 26->26
[2026-09-06T17:10:20.628-0400][559.218s][info][gc,metaspace] GC(224) Metaspace: 152711K(155264K)->152711K(155264K) NonClass: 130998K(132352K)->130998K(132352K) Class: 21712K(22912K)->21712K(22912K)
[2026-09-06T17:10:20.628-0400][559.218s][info][gc          ] GC(224) Pause Young (Normal) (GCLocker Initiated GC) 2148M->1454M(2452M) 5.223ms
[2026-09-06T17:10:20.628-0400][559.218s][info][gc,cpu      ] GC(224) User=0.00s Sys=0.00s Real=0.01s
[2026-09-06T17:10:23.769-0400][562.360s][info][gc,start    ] GC(225) Pause Young (Normal) (G1 Evacuation Pause)
[2026-09-06T17:10:23.769-0400][562.360s][info][gc,task     ] GC(225) Using 23 workers of 23 for evacuation
[2026-09-06T17:10:23.778-0400][562.369s][info][gc,phases   ] GC(225)   Pre Evacuate Collection Set: 0.21ms
[2026-09-06T17:10:23.778-0400][562.369s][info][gc,phases   ] GC(225)   Merge Heap Roots: 0.15ms
[2026-09-06T17:10:23.778-0400][562.369s][info][gc,phases   ] GC(225)   Evacuate Collection Set: 7.89ms
[2026-09-06T17:10:23.778-0400][562.369s][info][gc,phases   ] GC(225)   Post Evacuate Collection Set: 0.60ms
[2026-09-06T17:10:23.778-0400][562.369s][info][gc,phases   ] GC(225)   Other: 0.18ms
[2026-09-06T17:10:23.778-0400][562.369s][info][gc,heap     ] GC(225) Eden regions: 349->0(323)
[2026-09-06T17:10:23.778-0400][562.369s][info][gc,heap     ] GC(225) Survivor regions: 26->39(47)
[2026-09-06T17:10:23.778-0400][562.369s][info][gc,heap     ] GC(225) Old regions: 676->676
[2026-09-06T17:10:23.778-0400][562.369s][info][gc,heap     ] GC(225) Archive regions: 0->0
[2026-09-06T17:10:23.778-0400][562.369s][info][gc,heap     ] GC(225) Humongous regions: 26->26
[2026-09-06T17:10:23.778-0400][562.369s][info][gc,metaspace] GC(225) Metaspace: 152720K(155264K)->152720K(155264K) NonClass: 131007K(132352K)->131007K(132352K) Class: 21712K(22912K)->21712K(22912K)
[2026-09-06T17:10:23.778-0400][562.369s][info][gc          ] GC(225) Pause Young (Normal) (G1 Evacuation Pause) 2152M->1479M(2452M) 9.134ms
[2026-09-06T17:10:23.778-0400][562.369s][info][gc,cpu      ] GC(225) User=0.34s Sys=0.00s Real=0.01s
[2026-09-06T17:10:24.422-0400][563.012s][info][gc,start    ] GC(226) Pause Young (Normal) (G1 Evacuation Pause)
[2026-09-06T17:10:24.422-0400][563.012s][info][gc,task     ] GC(226) Using 23 workers of 23 for evacuation
[2026-09-06T17:10:24.431-0400][563.021s][info][gc,phases   ] GC(226)   Pre Evacuate Collection Set: 0.21ms
[2026-09-06T17:10:24.431-0400][563.021s][info][gc,phases   ] GC(226)   Merge Heap Roots: 0.20ms
[2026-09-06T17:10:24.431-0400][563.021s][info][gc,phases   ] GC(226)   Evacuate Collection Set: 7.16ms
[2026-09-06T17:10:24.431-0400][563.021s][info][gc,phases   ] GC(226)   Post Evacuate Collection Set: 1.02ms
[2026-09-06T17:10:24.431-0400][563.021s][info][gc,phases   ] GC(226)   Other: 0.17ms
[2026-09-06T17:10:24.431-0400][563.021s][info][gc,heap     ] GC(226) Eden regions: 323->0(340)
[2026-09-06T17:10:24.431-0400][563.021s][info][gc,heap     ] GC(226) Survivor regions: 39->24(46)
[2026-09-06T17:10:24.431-0400][563.021s][info][gc,heap     ] GC(226) Old regions: 676->689
[2026-09-06T17:10:24.431-0400][563.021s][info][gc,heap     ] GC(226) Archive regions: 0->0
[2026-09-06T17:10:24.431-0400][563.021s][info][gc,heap     ] GC(226) Humongous regions: 26->26
[2026-09-06T17:10:24.431-0400][563.021s][info][gc,metaspace] GC(226) Metaspace: 152720K(155264K)->152720K(155264K) NonClass: 131007K(132352K)->131007K(132352K) Class: 21712K(22912K)->21712K(22912K)
[2026-09-06T17:10:24.431-0400][563.021s][info][gc          ] GC(226) Pause Young (Normal) (G1 Evacuation Pause) 2125M->1477M(2452M) 8.874ms
[2026-09-06T17:10:24.431-0400][563.021s][info][gc,cpu      ] GC(226) User=0.34s Sys=0.02s Real=0.01s
[2026-09-06T17:10:25.100-0400][563.690s][info][gc,start    ] GC(227) Pause Young (Normal) (G1 Evacuation Pause)
[2026-09-06T17:10:25.100-0400][563.690s][info][gc,task     ] GC(227) Using 23 workers of 23 for evacuation
[2026-09-06T17:10:25.105-0400][563.696s][info][gc,phases   ] GC(227)   Pre Evacuate Collection Set: 0.19ms
[2026-09-06T17:10:25.105-0400][563.696s][info][gc,phases   ] GC(227)   Merge Heap Roots: 0.12ms
[2026-09-06T17:10:25.105-0400][563.696s][info][gc,phases   ] GC(227)   Evacuate Collection Set: 4.77ms
[2026-09-06T17:10:25.105-0400][563.696s][info][gc,phases   ] GC(227)   Post Evacuate Collection Set: 0.63ms
[2026-09-06T17:10:25.105-0400][563.696s][info][gc,phases   ] GC(227)   Other: 0.14ms
[2026-09-06T17:10:25.105-0400][563.696s][info][gc,heap     ] GC(227) Eden regions: 340->0(338)
[2026-09-06T17:10:25.105-0400][563.696s][info][gc,heap     ] GC(227) Survivor regions: 24->25(46)
[2026-09-06T17:10:25.105-0400][563.696s][info][gc,heap     ] GC(227) Old regions: 689->689
[2026-09-06T17:10:25.105-0400][563.696s][info][gc,heap     ] GC(227) Archive regions: 0->0
[2026-09-06T17:10:25.105-0400][563.696s][info][gc,heap     ] GC(227) Humongous regions: 26->26
[2026-09-06T17:10:25.105-0400][563.696s][info][gc,metaspace] GC(227) Metaspace: 152721K(155264K)->152721K(155264K) NonClass: 131008K(132352K)->131008K(132352K) Class: 21712K(22912K)->21712K(22912K)
[2026-09-06T17:10:25.105-0400][563.696s][info][gc          ] GC(227) Pause Young (Normal) (G1 Evacuation Pause) 2157M->1478M(2452M) 5.975ms
[2026-09-06T17:10:25.105-0400][563.696s][info][gc,cpu      ] GC(227) User=0.02s Sys=0.00s Real=0.01s
[2026-09-06T17:10:25.799-0400][564.390s][info][gc,start    ] GC(228) Pause Young (Normal) (G1 Evacuation Pause)
[2026-09-06T17:10:25.799-0400][564.390s][info][gc,task     ] GC(228) Using 23 workers of 23 for evacuation
[2026-09-06T17:10:25.806-0400][564.397s][info][gc,phases   ] GC(228)   Pre Evacuate Collection Set: 0.18ms
[2026-09-06T17:10:25.807-0400][564.397s][info][gc,phases   ] GC(228)   Merge Heap Roots: 0.12ms
[2026-09-06T17:10:25.807-0400][564.397s][info][gc,phases   ] GC(228)   Evacuate Collection Set: 5.49ms
[2026-09-06T17:10:25.807-0400][564.397s][info][gc,phases   ] GC(228)   Post Evacuate Collection Set: 0.49ms
[2026-09-06T17:10:25.807-0400][564.397s][info][gc,phases   ] GC(228)   Other: 0.14ms
[2026-09-06T17:10:25.807-0400][564.397s][info][gc,heap     ] GC(228) Eden regions: 338->0(338)
[2026-09-06T17:10:25.807-0400][564.397s][info][gc,heap     ] GC(228) Survivor regions: 25->25(46)
[2026-09-06T17:10:25.807-0400][564.397s][info][gc,heap     ] GC(228) Old regions: 689->689
[2026-09-06T17:10:25.807-0400][564.397s][info][gc,heap     ] GC(228) Archive regions: 0->0
[2026-09-06T17:10:25.807-0400][564.397s][info][gc,heap     ] GC(228) Humongous regions: 26->26
[2026-09-06T17:10:25.807-0400][564.397s][info][gc,metaspace] GC(228) Metaspace: 152721K(155264K)->152721K(155264K) NonClass: 131008K(132352K)->131008K(132352K) Class: 21712K(22912K)->21712K(22912K)
[2026-09-06T17:10:25.807-0400][564.397s][info][gc          ] GC(228) Pause Young (Normal) (G1 Evacuation Pause) 2154M->1477M(2452M) 6.527ms
[2026-09-06T17:10:25.807-0400][564.397s][info][gc,cpu      ] GC(228) User=0.31s Sys=0.03s Real=0.01s
[2026-09-06T17:10:26.456-0400][565.046s][info][gc,start    ] GC(229) Pause Young (Normal) (G1 Evacuation Pause)
[2026-09-06T17:10:26.456-0400][565.046s][info][gc,task     ] GC(229) Using 23 workers of 23 for evacuation
[2026-09-06T17:10:26.462-0400][565.052s][info][gc,phases   ] GC(229)   Pre Evacuate Collection Set: 0.17ms
[2026-09-06T17:10:26.462-0400][565.053s][info][gc,phases   ] GC(229)   Merge Heap Roots: 0.14ms
[2026-09-06T17:10:26.462-0400][565.053s][info][gc,phases   ] GC(229)   Evacuate Collection Set: 5.08ms
[2026-09-06T17:10:26.462-0400][565.053s][info][gc,phases   ] GC(229)   Post Evacuate Collection Set: 0.60ms
[2026-09-06T17:10:26.462-0400][565.053s][info][gc,phases   ] GC(229)   Other: 0.16ms
[2026-09-06T17:10:26.462-0400][565.053s][info][gc,heap     ] GC(229) Eden regions: 338->0(340)
[2026-09-06T17:10:26.462-0400][565.053s][info][gc,heap     ] GC(229) Survivor regions: 25->24(46)
[2026-09-06T17:10:26.462-0400][565.053s][info][gc,heap     ] GC(229) Old regions: 689->689
[2026-09-06T17:10:26.462-0400][565.053s][info][gc,heap     ] GC(229) Archive regions: 0->0
[2026-09-06T17:10:26.462-0400][565.053s][info][gc,heap     ] GC(229) Humongous regions: 26->26
[2026-09-06T17:10:26.462-0400][565.053s][info][gc,metaspace] GC(229) Metaspace: 152721K(155264K)->152721K(155264K) NonClass: 131008K(132352K)->131008K(132352K) Class: 21712K(22912K)->21712K(22912K)
[2026-09-06T17:10:26.462-0400][565.053s][info][gc          ] GC(229) Pause Young (Normal) (G1 Evacuation Pause) 2153M->1477M(2452M) 6.257ms
[2026-09-06T17:10:26.462-0400][565.053s][info][gc,cpu      ] GC(229) User=0.33s Sys=0.03s Real=0.01s
[2026-09-06T17:10:27.121-0400][565.711s][info][gc,start    ] GC(230) Pause Young (Normal) (G1 Evacuation Pause)
[2026-09-06T17:10:27.121-0400][565.711s][info][gc,task     ] GC(230) Using 23 workers of 23 for evacuation
[2026-09-06T17:10:27.127-0400][565.717s][info][gc,phases   ] GC(230)   Pre Evacuate Collection Set: 0.18ms
[2026-09-06T17:10:27.127-0400][565.717s][info][gc,phases   ] GC(230)   Merge Heap Roots: 0.16ms
[2026-09-06T17:10:27.127-0400][565.717s][info][gc,phases   ] GC(230)   Evacuate Collection Set: 4.93ms
[2026-09-06T17:10:27.127-0400][565.717s][info][gc,phases   ] GC(230)   Post Evacuate Collection Set: 0.72ms
[2026-09-06T17:10:27.127-0400][565.717s][info][gc,phases   ] GC(230)   Other: 0.14ms
[2026-09-06T17:10:27.127-0400][565.717s][info][gc,heap     ] GC(230) Eden regions: 340->0(338)
[2026-09-06T17:10:27.127-0400][565.717s][info][gc,heap     ] GC(230) Survivor regions: 24->25(46)
[2026-09-06T17:10:27.127-0400][565.717s][info][gc,heap     ] GC(230) Old regions: 689->689
[2026-09-06T17:10:27.127-0400][565.717s][info][gc,heap     ] GC(230) Archive regions: 0->0
[2026-09-06T17:10:27.127-0400][565.717s][info][gc,heap     ] GC(230) Humongous regions: 26->26
[2026-09-06T17:10:27.127-0400][565.718s][info][gc,metaspace] GC(230) Metaspace: 152721K(155264K)->152721K(155264K) NonClass: 131008K(132352K)->131008K(132352K) Class: 21712K(22912K)->21712K(22912K)
[2026-09-06T17:10:27.127-0400][565.718s][info][gc          ] GC(230) Pause Young (Normal) (G1 Evacuation Pause) 2157M->1478M(2452M) 6.249ms
[2026-09-06T17:10:27.127-0400][565.718s][info][gc,cpu      ] GC(230) User=0.00s Sys=0.00s Real=0.01s
[2026-09-06T17:10:27.773-0400][566.363s][info][gc,start    ] GC(231) Pause Young (Normal) (G1 Evacuation Pause)
[2026-09-06T17:10:27.773-0400][566.363s][info][gc,task     ] GC(231) Using 23 workers of 23 for evacuation
[2026-09-06T17:10:27.779-0400][566.369s][info][gc,phases   ] GC(231)   Pre Evacuate Collection Set: 0.19ms
[2026-09-06T17:10:27.779-0400][566.369s][info][gc,phases   ] GC(231)   Merge Heap Roots: 0.17ms
[2026-09-06T17:10:27.779-0400][566.369s][info][gc,phases   ] GC(231)   Evacuate Collection Set: 5.28ms
[2026-09-06T17:10:27.779-0400][566.369s][info][gc,phases   ] GC(231)   Post Evacuate Collection Set: 0.59ms
[2026-09-06T17:10:27.779-0400][566.369s][info][gc,phases   ] GC(231)   Other: 0.15ms
[2026-09-06T17:10:27.779-0400][566.369s][info][gc,heap     ] GC(231) Eden regions: 338->0(340)
[2026-09-06T17:10:27.779-0400][566.369s][info][gc,heap     ] GC(231) Survivor regions: 25->24(46)
[2026-09-06T17:10:27.779-0400][566.369s][info][gc,heap     ] GC(231) Old regions: 689->689
[2026-09-06T17:10:27.779-0400][566.369s][info][gc,heap     ] GC(231) Archive regions: 0->0
[2026-09-06T17:10:27.779-0400][566.369s][info][gc,heap     ] GC(231) Humongous regions: 26->26
[2026-09-06T17:10:27.779-0400][566.369s][info][gc,metaspace] GC(231) Metaspace: 152721K(155264K)->152721K(155264K) NonClass: 131008K(132352K)->131008K(132352K) Class: 21712K(22912K)->21712K(22912K)
[2026-09-06T17:10:27.779-0400][566.369s][info][gc          ] GC(231) Pause Young (Normal) (G1 Evacuation Pause) 2154M->1477M(2452M) 6.493ms
[2026-09-06T17:10:27.779-0400][566.369s][info][gc,cpu      ] GC(231) User=0.00s Sys=0.00s Real=0.01s
[2026-09-06T17:10:28.427-0400][567.018s][info][gc,start    ] GC(232) Pause Young (Normal) (G1 Evacuation Pause)
[2026-09-06T17:10:28.427-0400][567.018s][info][gc,task     ] GC(232) Using 23 workers of 23 for evacuation
[2026-09-06T17:10:28.434-0400][567.024s][info][gc,phases   ] GC(232)   Pre Evacuate Collection Set: 0.69ms
[2026-09-06T17:10:28.434-0400][567.024s][info][gc,phases   ] GC(232)   Merge Heap Roots: 0.19ms
[2026-09-06T17:10:28.434-0400][567.024s][info][gc,phases   ] GC(232)   Evacuate Collection Set: 4.90ms
[2026-09-06T17:10:28.434-0400][567.024s][info][gc,phases   ] GC(232)   Post Evacuate Collection Set: 0.61ms
[2026-09-06T17:10:28.434-0400][567.024s][info][gc,phases   ] GC(232)   Other: 0.14ms
[2026-09-06T17:10:28.434-0400][567.024s][info][gc,heap     ] GC(232) Eden regions: 340->0(340)
[2026-09-06T17:10:28.434-0400][567.024s][info][gc,heap     ] GC(232) Survivor regions: 24->24(46)
[2026-09-06T17:10:28.434-0400][567.024s][info][gc,heap     ] GC(232) Old regions: 689->689
[2026-09-06T17:10:28.434-0400][567.024s][info][gc,heap     ] GC(232) Archive regions: 0->0
[2026-09-06T17:10:28.434-0400][567.024s][info][gc,heap     ] GC(232) Humongous regions: 26->26
[2026-09-06T17:10:28.434-0400][567.024s][info][gc,metaspace] GC(232) Metaspace: 152721K(155264K)->152721K(155264K) NonClass: 131008K(132352K)->131008K(132352K) Class: 21712K(22912K)->21712K(22912K)
[2026-09-06T17:10:28.434-0400][567.024s][info][gc          ] GC(232) Pause Young (Normal) (G1 Evacuation Pause) 2157M->1477M(2452M) 6.654ms
[2026-09-06T17:10:28.434-0400][567.024s][info][gc,cpu      ] GC(232) User=0.02s Sys=0.02s Real=0.01s
[2026-09-06T17:10:29.097-0400][567.687s][info][gc,start    ] GC(233) Pause Young (Normal) (G1 Evacuation Pause)
[2026-09-06T17:10:29.097-0400][567.688s][info][gc,task     ] GC(233) Using 23 workers of 23 for evacuation
[2026-09-06T17:10:29.103-0400][567.694s][info][gc,phases   ] GC(233)   Pre Evacuate Collection Set: 0.24ms
[2026-09-06T17:10:29.103-0400][567.694s][info][gc,phases   ] GC(233)   Merge Heap Roots: 0.15ms
[2026-09-06T17:10:29.103-0400][567.694s][info][gc,phases   ] GC(233)   Evacuate Collection Set: 4.78ms
[2026-09-06T17:10:29.103-0400][567.694s][info][gc,phases   ] GC(233)   Post Evacuate Collection Set: 1.08ms
[2026-09-06T17:10:29.103-0400][567.694s][info][gc,phases   ] GC(233)   Other: 0.15ms
[2026-09-06T17:10:29.103-0400][567.694s][info][gc,heap     ] GC(233) Eden regions: 340->0(338)
[2026-09-06T17:10:29.103-0400][567.694s][info][gc,heap     ] GC(233) Survivor regions: 24->25(46)
[2026-09-06T17:10:29.103-0400][567.694s][info][gc,heap     ] GC(233) Old regions: 689->689
[2026-09-06T17:10:29.103-0400][567.694s][info][gc,heap     ] GC(233) Archive regions: 0->0
[2026-09-06T17:10:29.103-0400][567.694s][info][gc,heap     ] GC(233) Humongous regions: 26->26
[2026-09-06T17:10:29.103-0400][567.694s][info][gc,metaspace] GC(233) Metaspace: 152721K(155264K)->152721K(155264K) NonClass: 131008K(132352K)->131008K(132352K) Class: 21712K(22912K)->21712K(22912K)
[2026-09-06T17:10:29.103-0400][567.694s][info][gc          ] GC(233) Pause Young (Normal) (G1 Evacuation Pause) 2157M->1478M(2452M) 6.526ms
[2026-09-06T17:10:29.103-0400][567.694s][info][gc,cpu      ] GC(233) User=0.36s Sys=0.00s Real=0.01s
[2026-09-06T17:10:29.784-0400][568.374s][info][gc,start    ] GC(234) Pause Young (Normal) (G1 Evacuation Pause)
[2026-09-06T17:10:29.784-0400][568.374s][info][gc,task     ] GC(234) Using 23 workers of 23 for evacuation
[2026-09-06T17:10:29.789-0400][568.380s][info][gc,phases   ] GC(234)   Pre Evacuate Collection Set: 0.14ms
[2026-09-06T17:10:29.789-0400][568.380s][info][gc,phases   ] GC(234)   Merge Heap Roots: 0.15ms
[2026-09-06T17:10:29.789-0400][568.380s][info][gc,phases   ] GC(234)   Evacuate Collection Set: 4.76ms
[2026-09-06T17:10:29.789-0400][568.380s][info][gc,phases   ] GC(234)   Post Evacuate Collection Set: 0.51ms
[2026-09-06T17:10:29.789-0400][568.380s][info][gc,phases   ] GC(234)   Other: 0.14ms
[2026-09-06T17:10:29.789-0400][568.380s][info][gc,heap     ] GC(234) Eden regions: 338->0(340)
[2026-09-06T17:10:29.789-0400][568.380s][info][gc,heap     ] GC(234) Survivor regions: 25->24(46)
[2026-09-06T17:10:29.789-0400][568.380s][info][gc,heap     ] GC(234) Old regions: 689->689
[2026-09-06T17:10:29.789-0400][568.380s][info][gc,heap     ] GC(234) Archive regions: 0->0
[2026-09-06T17:10:29.789-0400][568.380s][info][gc,heap     ] GC(234) Humongous regions: 26->26
[2026-09-06T17:10:29.789-0400][568.380s][info][gc,metaspace] GC(234) Metaspace: 152721K(155264K)->152721K(155264K) NonClass: 131008K(132352K)->131008K(132352K) Class: 21712K(22912K)->21712K(22912K)
[2026-09-06T17:10:29.789-0400][568.380s][info][gc          ] GC(234) Pause Young (Normal) (G1 Evacuation Pause) 2154M->1477M(2452M) 5.836ms
[2026-09-06T17:10:29.789-0400][568.380s][info][gc,cpu      ] GC(234) User=0.33s Sys=0.03s Real=0.01s
[2026-09-06T17:10:30.468-0400][569.059s][info][gc,start    ] GC(235) Pause Young (Normal) (G1 Evacuation Pause)
[2026-09-06T17:10:30.468-0400][569.059s][info][gc,task     ] GC(235) Using 23 workers of 23 for evacuation
[2026-09-06T17:10:30.475-0400][569.065s][info][gc,phases   ] GC(235)   Pre Evacuate Collection Set: 0.23ms
[2026-09-06T17:10:30.475-0400][569.065s][info][gc,phases   ] GC(235)   Merge Heap Roots: 0.16ms
[2026-09-06T17:10:30.475-0400][569.065s][info][gc,phases   ] GC(235)   Evacuate Collection Set: 4.79ms
[2026-09-06T17:10:30.475-0400][569.065s][info][gc,phases   ] GC(235)   Post Evacuate Collection Set: 0.50ms
[2026-09-06T17:10:30.475-0400][569.065s][info][gc,phases   ] GC(235)   Other: 0.15ms
[2026-09-06T17:10:30.475-0400][569.065s][info][gc,heap     ] GC(235) Eden regions: 340->0(340)
[2026-09-06T17:10:30.475-0400][569.065s][info][gc,heap     ] GC(235) Survivor regions: 24->24(46)
[2026-09-06T17:10:30.475-0400][569.065s][info][gc,heap     ] GC(235) Old regions: 689->689
[2026-09-06T17:10:30.475-0400][569.065s][info][gc,heap     ] GC(235) Archive regions: 0->0
[2026-09-06T17:10:30.475-0400][569.065s][info][gc,heap     ] GC(235) Humongous regions: 26->26
[2026-09-06T17:10:30.475-0400][569.065s][info][gc,metaspace] GC(235) Metaspace: 152721K(155264K)->152721K(155264K) NonClass: 131008K(132352K)->131008K(132352K) Class: 21712K(22912K)->21712K(22912K)
[2026-09-06T17:10:30.475-0400][569.065s][info][gc          ] GC(235) Pause Young (Normal) (G1 Evacuation Pause) 2157M->1477M(2452M) 5.950ms
[2026-09-06T17:10:30.475-0400][569.065s][info][gc,cpu      ] GC(235) User=0.22s Sys=0.00s Real=0.01s
[2026-09-06T17:10:31.165-0400][569.756s][info][gc,start    ] GC(236) Pause Young (Normal) (G1 Evacuation Pause)
[2026-09-06T17:10:31.165-0400][569.756s][info][gc,task     ] GC(236) Using 23 workers of 23 for evacuation
[2026-09-06T17:10:31.171-0400][569.762s][info][gc,phases   ] GC(236)   Pre Evacuate Collection Set: 0.27ms
[2026-09-06T17:10:31.171-0400][569.762s][info][gc,phases   ] GC(236)   Merge Heap Roots: 0.19ms
[2026-09-06T17:10:31.171-0400][569.762s][info][gc,phases   ] GC(236)   Evacuate Collection Set: 4.83ms
[2026-09-06T17:10:31.171-0400][569.762s][info][gc,phases   ] GC(236)   Post Evacuate Collection Set: 0.67ms
[2026-09-06T17:10:31.171-0400][569.762s][info][gc,phases   ] GC(236)   Other: 0.13ms
[2026-09-06T17:10:31.171-0400][569.762s][info][gc,heap     ] GC(236) Eden regions: 340->0(340)
[2026-09-06T17:10:31.171-0400][569.762s][info][gc,heap     ] GC(236) Survivor regions: 24->23(46)
[2026-09-06T17:10:31.171-0400][569.762s][info][gc,heap     ] GC(236) Old regions: 689->691
[2026-09-06T17:10:31.171-0400][569.762s][info][gc,heap     ] GC(236) Archive regions: 0->0
[2026-09-06T17:10:31.171-0400][569.762s][info][gc,heap     ] GC(236) Humongous regions: 26->26
[2026-09-06T17:10:31.171-0400][569.762s][info][gc,metaspace] GC(236) Metaspace: 152721K(155264K)->152721K(155264K) NonClass: 131008K(132352K)->131008K(132352K) Class: 21712K(22912K)->21712K(22912K)
[2026-09-06T17:10:31.171-0400][569.762s][info][gc          ] GC(236) Pause Young (Normal) (G1 Evacuation Pause) 2157M->1478M(2452M) 6.221ms
[2026-09-06T17:10:31.171-0400][569.762s][info][gc,cpu      ] GC(236) User=0.00s Sys=0.00s Real=0.01s
[2026-09-06T17:10:31.519-0400][570.110s][info][gc,start    ] GC(237) Pause Young (Normal) (G1 Evacuation Pause)
[2026-09-06T17:10:31.519-0400][570.110s][info][gc,task     ] GC(237) Using 23 workers of 23 for evacuation
[2026-09-06T17:10:31.525-0400][570.115s][info][gc,phases   ] GC(237)   Pre Evacuate Collection Set: 0.21ms
[2026-09-06T17:10:31.525-0400][570.115s][info][gc,phases   ] GC(237)   Merge Heap Roots: 0.18ms
[2026-09-06T17:10:31.525-0400][570.116s][info][gc,phases   ] GC(237)   Evacuate Collection Set: 4.20ms
[2026-09-06T17:10:31.525-0400][570.116s][info][gc,phases   ] GC(237)   Post Evacuate Collection Set: 0.80ms
[2026-09-06T17:10:31.525-0400][570.116s][info][gc,phases   ] GC(237)   Other: 0.17ms
[2026-09-06T17:10:31.525-0400][570.116s][info][gc,heap     ] GC(237) Eden regions: 340->0(344)
[2026-09-06T17:10:31.525-0400][570.116s][info][gc,heap     ] GC(237) Survivor regions: 23->20(46)
[2026-09-06T17:10:31.525-0400][570.116s][info][gc,heap     ] GC(237) Old regions: 691->693
[2026-09-06T17:10:31.525-0400][570.116s][info][gc,heap     ] GC(237) Archive regions: 0->0
[2026-09-06T17:10:31.525-0400][570.116s][info][gc,heap     ] GC(237) Humongous regions: 26->26
[2026-09-06T17:10:31.525-0400][570.116s][info][gc,metaspace] GC(237) Metaspace: 152721K(155264K)->152721K(155264K) NonClass: 131008K(132352K)->131008K(132352K) Class: 21712K(22912K)->21712K(22912K)
[2026-09-06T17:10:31.525-0400][570.116s][info][gc          ] GC(237) Pause Young (Normal) (G1 Evacuation Pause) 2158M->1475M(2452M) 5.729ms
[2026-09-06T17:10:31.525-0400][570.116s][info][gc,cpu      ] GC(237) User=0.25s Sys=0.00s Real=0.01s
[2026-09-06T17:10:31.686-0400][570.277s][info][gc,start    ] GC(238) Pause Young (Normal) (G1 Evacuation Pause)
[2026-09-06T17:10:31.686-0400][570.277s][info][gc,task     ] GC(238) Using 23 workers of 23 for evacuation
[2026-09-06T17:10:31.691-0400][570.282s][info][gc,phases   ] GC(238)   Pre Evacuate Collection Set: 0.22ms
[2026-09-06T17:10:31.691-0400][570.282s][info][gc,phases   ] GC(238)   Merge Heap Roots: 0.19ms
[2026-09-06T17:10:31.691-0400][570.282s][info][gc,phases   ] GC(238)   Evacuate Collection Set: 4.12ms
[2026-09-06T17:10:31.691-0400][570.282s][info][gc,phases   ] GC(238)   Post Evacuate Collection Set: 0.62ms
[2026-09-06T17:10:31.691-0400][570.282s][info][gc,phases   ] GC(238)   Other: 0.17ms
[2026-09-06T17:10:31.691-0400][570.282s][info][gc,heap     ] GC(238) Eden regions: 344->0(345)
[2026-09-06T17:10:31.691-0400][570.282s][info][gc,heap     ] GC(238) Survivor regions: 20->18(46)
[2026-09-06T17:10:31.691-0400][570.282s][info][gc,heap     ] GC(238) Old regions: 693->696
[2026-09-06T17:10:31.692-0400][570.282s][info][gc,heap     ] GC(238) Archive regions: 0->0
[2026-09-06T17:10:31.692-0400][570.282s][info][gc,heap     ] GC(238) Humongous regions: 26->26
[2026-09-06T17:10:31.692-0400][570.282s][info][gc,metaspace] GC(238) Metaspace: 152721K(155264K)->152721K(155264K) NonClass: 131008K(132352K)->131008K(132352K) Class: 21712K(22912K)->21712K(22912K)
[2026-09-06T17:10:31.692-0400][570.282s][info][gc          ] GC(238) Pause Young (Normal) (G1 Evacuation Pause) 2163M->1477M(2452M) 5.445ms
[2026-09-06T17:10:31.692-0400][570.282s][info][gc,cpu      ] GC(238) User=0.00s Sys=0.00s Real=0.01s
[2026-09-06T17:10:31.789-0400][570.380s][info][gc,start    ] GC(239) Pause Young (Normal) (G1 Evacuation Pause)
[2026-09-06T17:10:31.789-0400][570.380s][info][gc,task     ] GC(239) Using 23 workers of 23 for evacuation
[2026-09-06T17:10:31.794-0400][570.384s][info][gc,phases   ] GC(239)   Pre Evacuate Collection Set: 0.16ms
[2026-09-06T17:10:31.794-0400][570.384s][info][gc,phases   ] GC(239)   Merge Heap Roots: 0.15ms
[2026-09-06T17:10:31.794-0400][570.384s][info][gc,phases   ] GC(239)   Evacuate Collection Set: 3.82ms
[2026-09-06T17:10:31.794-0400][570.384s][info][gc,phases   ] GC(239)   Post Evacuate Collection Set: 0.51ms
[2026-09-06T17:10:31.794-0400][570.385s][info][gc,phases   ] GC(239)   Other: 0.23ms
[2026-09-06T17:10:31.794-0400][570.385s][info][gc,heap     ] GC(239) Eden regions: 345->0(344)
[2026-09-06T17:10:31.794-0400][570.385s][info][gc,heap     ] GC(239) Survivor regions: 18->17(46)
[2026-09-06T17:10:31.794-0400][570.385s][info][gc,heap     ] GC(239) Old regions: 696->699
[2026-09-06T17:10:31.794-0400][570.385s][info][gc,heap     ] GC(239) Archive regions: 0->0
[2026-09-06T17:10:31.794-0400][570.385s][info][gc,heap     ] GC(239) Humongous regions: 26->26
[2026-09-06T17:10:31.794-0400][570.385s][info][gc,metaspace] GC(239) Metaspace: 152721K(155264K)->152721K(155264K) NonClass: 131008K(132352K)->131008K(132352K) Class: 21712K(22912K)->21712K(22912K)
[2026-09-06T17:10:31.794-0400][570.385s][info][gc          ] GC(239) Pause Young (Normal) (G1 Evacuation Pause) 2167M->1481M(2452M) 5.002ms
[2026-09-06T17:10:31.794-0400][570.385s][info][gc,cpu      ] GC(239) User=0.00s Sys=0.00s Real=0.00s
[2026-09-06T17:10:32.036-0400][570.626s][info][gc,start    ] GC(240) Pause Young (Normal) (G1 Evacuation Pause)
[2026-09-06T17:10:32.036-0400][570.626s][info][gc,task     ] GC(240) Using 23 workers of 23 for evacuation
[2026-09-06T17:10:32.040-0400][570.630s][info][gc,phases   ] GC(240)   Pre Evacuate Collection Set: 0.21ms
[2026-09-06T17:10:32.040-0400][570.630s][info][gc,phases   ] GC(240)   Merge Heap Roots: 0.14ms
[2026-09-06T17:10:32.040-0400][570.630s][info][gc,phases   ] GC(240)   Evacuate Collection Set: 3.32ms
[2026-09-06T17:10:32.040-0400][570.630s][info][gc,phases   ] GC(240)   Post Evacuate Collection Set: 0.63ms
[2026-09-06T17:10:32.040-0400][570.630s][info][gc,phases   ] GC(240)   Other: 0.19ms
[2026-09-06T17:10:32.040-0400][570.630s][info][gc,heap     ] GC(240) Eden regions: 344->0(352)
[2026-09-06T17:10:32.040-0400][570.630s][info][gc,heap     ] GC(240) Survivor regions: 17->9(46)
[2026-09-06T17:10:32.040-0400][570.630s][info][gc,heap     ] GC(240) Old regions: 699->707
[2026-09-06T17:10:32.040-0400][570.630s][info][gc,heap     ] GC(240) Archive regions: 0->0
[2026-09-06T17:10:32.040-0400][570.630s][info][gc,heap     ] GC(240) Humongous regions: 26->26
[2026-09-06T17:10:32.040-0400][570.630s][info][gc,metaspace] GC(240) Metaspace: 152721K(155264K)->152721K(155264K) NonClass: 131008K(132352K)->131008K(132352K) Class: 21712K(22912K)->21712K(22912K)
[2026-09-06T17:10:32.040-0400][570.630s][info][gc          ] GC(240) Pause Young (Normal) (G1 Evacuation Pause) 2169M->1482M(2452M) 4.619ms
[2026-09-06T17:10:32.040-0400][570.630s][info][gc,cpu      ] GC(240) User=0.34s Sys=0.00s Real=0.00s
[2026-09-06T17:10:32.293-0400][570.883s][info][gc,start    ] GC(241) Pause Young (Normal) (G1 Evacuation Pause)
[2026-09-06T17:10:32.293-0400][570.883s][info][gc,task     ] GC(241) Using 23 workers of 23 for evacuation
[2026-09-06T17:10:32.299-0400][570.891s][info][gc,phases   ] GC(241)   Pre Evacuate Collection Set: 0.14ms
[2026-09-06T17:10:32.299-0400][570.891s][info][gc,phases   ] GC(241)   Merge Heap Roots: 0.20ms
[2026-09-06T17:10:32.299-0400][570.891s][info][gc,phases   ] GC(241)   Evacuate Collection Set: 6.05ms
[2026-09-06T17:10:32.299-0400][570.891s][info][gc,phases   ] GC(241)   Post Evacuate Collection Set: 0.58ms
[2026-09-06T17:10:32.299-0400][570.891s][info][gc,phases   ] GC(241)   Other: 0.14ms
[2026-09-06T17:10:32.299-0400][570.891s][info][gc,heap     ] GC(241) Eden regions: 352->0(319)
[2026-09-06T17:10:32.299-0400][570.891s][info][gc,heap     ] GC(241) Survivor regions: 9->25(46)
[2026-09-06T17:10:32.299-0400][570.891s][info][gc,heap     ] GC(241) Old regions: 707->707
[2026-09-06T17:10:32.299-0400][570.891s][info][gc,heap     ] GC(241) Archive regions: 0->0
[2026-09-06T17:10:32.299-0400][570.891s][info][gc,heap     ] GC(241) Humongous regions: 27->27
[2026-09-06T17:10:32.299-0400][570.891s][info][gc,metaspace] GC(241) Metaspace: 152737K(155328K)->152737K(155328K) NonClass: 131024K(132416K)->131024K(132416K) Class: 21712K(22912K)->21712K(22912K)
[2026-09-06T17:10:32.301-0400][570.891s][info][gc          ] GC(241) Pause Young (Normal) (G1 Evacuation Pause) 2188M->1517M(2452M) 7.234ms
[2026-09-06T17:10:32.301-0400][570.891s][info][gc,cpu      ] GC(241) User=0.00s Sys=0.00s Real=0.01s
[2026-09-06T17:10:32.388-0400][570.979s][info][gc,start    ] GC(242) Pause Young (Normal) (GCLocker Initiated GC)
[2026-09-06T17:10:32.388-0400][570.979s][info][gc,task     ] GC(242) Using 23 workers of 23 for evacuation
[2026-09-06T17:10:32.395-0400][570.986s][info][gc,phases   ] GC(242)   Pre Evacuate Collection Set: 0.11ms
[2026-09-06T17:10:32.395-0400][570.986s][info][gc,phases   ] GC(242)   Merge Heap Roots: 0.14ms
[2026-09-06T17:10:32.395-0400][570.986s][info][gc,phases   ] GC(242)   Evacuate Collection Set: 6.07ms
[2026-09-06T17:10:32.395-0400][570.986s][info][gc,phases   ] GC(242)   Post Evacuate Collection Set: 0.51ms
[2026-09-06T17:10:32.395-0400][570.986s][info][gc,phases   ] GC(242)   Other: 0.16ms
[2026-09-06T17:10:32.395-0400][570.986s][info][gc,heap     ] GC(242) Eden regions: 319->0(309)
[2026-09-06T17:10:32.395-0400][570.986s][info][gc,heap     ] GC(242) Survivor regions: 25->28(43)
[2026-09-06T17:10:32.395-0400][570.986s][info][gc,heap     ] GC(242) Old regions: 707->711
[2026-09-06T17:10:32.395-0400][570.986s][info][gc,heap     ] GC(242) Archive regions: 0->0
[2026-09-06T17:10:32.395-0400][570.986s][info][gc,heap     ] GC(242) Humongous regions: 27->27
[2026-09-06T17:10:32.395-0400][570.986s][info][gc,metaspace] GC(242) Metaspace: 152737K(155328K)->152737K(155328K) NonClass: 131025K(132416K)->131025K(132416K) Class: 21712K(22912K)->21712K(22912K)
[2026-09-06T17:10:32.395-0400][570.986s][info][gc          ] GC(242) Pause Young (Normal) (GCLocker Initiated GC) 2155M->1530M(2452M) 7.178ms
[2026-09-06T17:10:32.395-0400][570.986s][info][gc,cpu      ] GC(242) User=0.00s Sys=0.00s Real=0.01s
[2026-09-06T17:10:32.521-0400][571.112s][info][gc,start    ] GC(243) Pause Young (Normal) (G1 Evacuation Pause)
[2026-09-06T17:10:32.521-0400][571.112s][info][gc,task     ] GC(243) Using 23 workers of 23 for evacuation
[2026-09-06T17:10:32.531-0400][571.121s][info][gc,phases   ] GC(243)   Pre Evacuate Collection Set: 0.20ms
[2026-09-06T17:10:32.531-0400][571.121s][info][gc,phases   ] GC(243)   Merge Heap Roots: 0.22ms
[2026-09-06T17:10:32.531-0400][571.121s][info][gc,phases   ] GC(243)   Evacuate Collection Set: 8.20ms
[2026-09-06T17:10:32.531-0400][571.121s][info][gc,phases   ] GC(243)   Post Evacuate Collection Set: 0.51ms
[2026-09-06T17:10:32.531-0400][571.121s][info][gc,phases   ] GC(243)   Other: 0.14ms
[2026-09-06T17:10:32.531-0400][571.121s][info][gc,heap     ] GC(243) Eden regions: 309->0(292)
[2026-09-06T17:10:32.531-0400][571.121s][info][gc,heap     ] GC(243) Survivor regions: 28->27(43)
[2026-09-06T17:10:32.531-0400][571.121s][info][gc,heap     ] GC(243) Old regions: 711->724
[2026-09-06T17:10:32.531-0400][571.121s][info][gc,heap     ] GC(243) Archive regions: 0->0
[2026-09-06T17:10:32.531-0400][571.121s][info][gc,heap     ] GC(243) Humongous regions: 27->27
[2026-09-06T17:10:32.531-0400][571.121s][info][gc,metaspace] GC(243) Metaspace: 152742K(155328K)->152742K(155328K) NonClass: 131029K(132416K)->131029K(132416K) Class: 21712K(22912K)->21712K(22912K)
[2026-09-06T17:10:32.531-0400][571.121s][info][gc          ] GC(243) Pause Young (Normal) (G1 Evacuation Pause) 2148M->1553M(2452M) 9.390ms
[2026-09-06T17:10:32.531-0400][571.121s][info][gc,cpu      ] GC(243) User=0.02s Sys=0.00s Real=0.01s
[2026-09-06T17:10:32.642-0400][571.232s][info][gc,start    ] GC(244) Pause Young (Normal) (G1 Evacuation Pause)
[2026-09-06T17:10:32.642-0400][571.232s][info][gc,task     ] GC(244) Using 23 workers of 23 for evacuation
[2026-09-06T17:10:32.651-0400][571.241s][info][gc,phases   ] GC(244)   Pre Evacuate Collection Set: 0.21ms
[2026-09-06T17:10:32.651-0400][571.241s][info][gc,phases   ] GC(244)   Merge Heap Roots: 0.19ms
[2026-09-06T17:10:32.651-0400][571.241s][info][gc,phases   ] GC(244)   Evacuate Collection Set: 7.45ms
[2026-09-06T17:10:32.651-0400][571.241s][info][gc,phases   ] GC(244)   Post Evacuate Collection Set: 0.60ms
[2026-09-06T17:10:32.651-0400][571.241s][info][gc,phases   ] GC(244)   Other: 0.14ms
[2026-09-06T17:10:32.651-0400][571.241s][info][gc,heap     ] GC(244) Eden regions: 292->0(274)
[2026-09-06T17:10:32.651-0400][571.241s][info][gc,heap     ] GC(244) Survivor regions: 27->36(40)
[2026-09-06T17:10:32.651-0400][571.241s][info][gc,heap     ] GC(244) Old regions: 724->728
[2026-09-06T17:10:32.651-0400][571.241s][info][gc,heap     ] GC(244) Archive regions: 0->0
[2026-09-06T17:10:32.651-0400][571.241s][info][gc,heap     ] GC(244) Humongous regions: 28->28
[2026-09-06T17:10:32.651-0400][571.241s][info][gc,metaspace] GC(244) Metaspace: 152742K(155328K)->152742K(155328K) NonClass: 131029K(132416K)->131029K(132416K) Class: 21712K(22912K)->21712K(22912K)
[2026-09-06T17:10:32.651-0400][571.241s][info][gc          ] GC(244) Pause Young (Normal) (G1 Evacuation Pause) 2139M->1582M(2452M) 8.699ms
[2026-09-06T17:10:32.651-0400][571.241s][info][gc,cpu      ] GC(244) User=0.30s Sys=0.00s Real=0.01s
[2026-09-06T17:10:33.066-0400][571.657s][info][gc,start    ] GC(245) Pause Young (Normal) (GCLocker Initiated GC)
[2026-09-06T17:10:33.066-0400][571.657s][info][gc,task     ] GC(245) Using 23 workers of 23 for evacuation
[2026-09-06T17:10:33.073-0400][571.663s][info][gc,phases   ] GC(245)   Pre Evacuate Collection Set: 0.27ms
[2026-09-06T17:10:33.073-0400][571.663s][info][gc,phases   ] GC(245)   Merge Heap Roots: 0.18ms
[2026-09-06T17:10:33.073-0400][571.663s][info][gc,phases   ] GC(245)   Evacuate Collection Set: 4.72ms
[2026-09-06T17:10:33.073-0400][571.663s][info][gc,phases   ] GC(245)   Post Evacuate Collection Set: 0.57ms
[2026-09-06T17:10:33.073-0400][571.663s][info][gc,phases   ] GC(245)   Other: 0.26ms
[2026-09-06T17:10:33.073-0400][571.663s][info][gc,heap     ] GC(245) Eden regions: 275->0(282)
[2026-09-06T17:10:33.073-0400][571.663s][info][gc,heap     ] GC(245) Survivor regions: 36->25(39)
[2026-09-06T17:10:33.073-0400][571.663s][info][gc,heap     ] GC(245) Old regions: 728->733
[2026-09-06T17:10:33.073-0400][571.663s][info][gc,heap     ] GC(245) Archive regions: 0->0
[2026-09-06T17:10:33.073-0400][571.663s][info][gc,heap     ] GC(245) Humongous regions: 30->29
[2026-09-06T17:10:33.073-0400][571.663s][info][gc,metaspace] GC(245) Metaspace: 152743K(155328K)->152743K(155328K) NonClass: 131030K(132416K)->131030K(132416K) Class: 21712K(22912K)->21712K(22912K)
[2026-09-06T17:10:33.073-0400][571.663s][info][gc          ] GC(245) Pause Young (Normal) (GCLocker Initiated GC) 2134M->1572M(2452M) 6.096ms
[2026-09-06T17:10:33.073-0400][571.663s][info][gc,cpu      ] GC(245) User=0.30s Sys=0.02s Real=0.01s
[2026-09-06T17:10:33.137-0400][571.728s][info][gc,start    ] GC(246) Pause Young (Normal) (G1 Evacuation Pause)
[2026-09-06T17:10:33.137-0400][571.728s][info][gc,task     ] GC(246) Using 23 workers of 23 for evacuation
[2026-09-06T17:10:33.142-0400][571.733s][info][gc,phases   ] GC(246)   Pre Evacuate Collection Set: 0.25ms
[2026-09-06T17:10:33.142-0400][571.733s][info][gc,phases   ] GC(246)   Merge Heap Roots: 0.17ms
[2026-09-06T17:10:33.142-0400][571.733s][info][gc,phases   ] GC(246)   Evacuate Collection Set: 4.16ms
[2026-09-06T17:10:33.142-0400][571.733s][info][gc,phases   ] GC(246)   Post Evacuate Collection Set: 0.67ms
[2026-09-06T17:10:33.142-0400][571.733s][info][gc,phases   ] GC(246)   Other: 0.27ms
[2026-09-06T17:10:33.142-0400][571.733s][info][gc,heap     ] GC(246) Eden regions: 282->0(285)
[2026-09-06T17:10:33.142-0400][571.733s][info][gc,heap     ] GC(246) Survivor regions: 25->12(39)
[2026-09-06T17:10:33.142-0400][571.733s][info][gc,heap     ] GC(246) Old regions: 733->749
[2026-09-06T17:10:33.142-0400][571.733s][info][gc,heap     ] GC(246) Archive regions: 0->0
[2026-09-06T17:10:33.142-0400][571.733s][info][gc,heap     ] GC(246) Humongous regions: 29->29
[2026-09-06T17:10:33.142-0400][571.733s][info][gc,metaspace] GC(246) Metaspace: 152743K(155328K)->152743K(155328K) NonClass: 131030K(132416K)->131030K(132416K) Class: 21712K(22912K)->21712K(22912K)
[2026-09-06T17:10:33.142-0400][571.733s][info][gc          ] GC(246) Pause Young (Normal) (G1 Evacuation Pause) 2136M->1576M(2452M) 5.573ms
[2026-09-06T17:10:33.142-0400][571.733s][info][gc,cpu      ] GC(246) User=0.00s Sys=0.00s Real=0.00s
[2026-09-06T17:10:33.230-0400][571.820s][info][gc,start    ] GC(247) Pause Young (Normal) (GCLocker Initiated GC)
[2026-09-06T17:10:33.230-0400][571.820s][info][gc,task     ] GC(247) Using 23 workers of 23 for evacuation
[2026-09-06T17:10:33.233-0400][571.823s][info][gc,phases   ] GC(247)   Pre Evacuate Collection Set: 0.11ms
[2026-09-06T17:10:33.233-0400][571.823s][info][gc,phases   ] GC(247)   Merge Heap Roots: 0.14ms
[2026-09-06T17:10:33.233-0400][571.823s][info][gc,phases   ] GC(247)   Evacuate Collection Set: 2.28ms
[2026-09-06T17:10:33.233-0400][571.823s][info][gc,phases   ] GC(247)   Post Evacuate Collection Set: 0.46ms
[2026-09-06T17:10:33.233-0400][571.823s][info][gc,phases   ] GC(247)   Other: 0.14ms
[2026-09-06T17:10:33.233-0400][571.823s][info][gc,heap     ] GC(247) Eden regions: 285->0(290)
[2026-09-06T17:10:33.233-0400][571.823s][info][gc,heap     ] GC(247) Survivor regions: 12->12(38)
[2026-09-06T17:10:33.233-0400][571.823s][info][gc,heap     ] GC(247) Old regions: 749->749
[2026-09-06T17:10:33.233-0400][571.823s][info][gc,heap     ] GC(247) Archive regions: 0->0
[2026-09-06T17:10:33.233-0400][571.823s][info][gc,heap     ] GC(247) Humongous regions: 29->29
[2026-09-06T17:10:33.233-0400][571.823s][info][gc,metaspace] GC(247) Metaspace: 152743K(155328K)->152743K(155328K) NonClass: 131030K(132416K)->131030K(132416K) Class: 21712K(22912K)->21712K(22912K)
[2026-09-06T17:10:33.233-0400][571.824s][info][gc          ] GC(247) Pause Young (Normal) (GCLocker Initiated GC) 2146M->1577M(2452M) 3.320ms
[2026-09-06T17:10:33.233-0400][571.824s][info][gc,cpu      ] GC(247) User=0.00s Sys=0.00s Real=0.00s
[2026-09-06T17:10:33.522-0400][572.113s][info][gc,start    ] GC(248) Pause Young (Normal) (GCLocker Initiated GC)
[2026-09-06T17:10:33.522-0400][572.113s][info][gc,task     ] GC(248) Using 23 workers of 23 for evacuation
[2026-09-06T17:10:33.526-0400][572.117s][info][gc,phases   ] GC(248)   Pre Evacuate Collection Set: 0.21ms
[2026-09-06T17:10:33.526-0400][572.117s][info][gc,phases   ] GC(248)   Merge Heap Roots: 0.22ms
[2026-09-06T17:10:33.526-0400][572.117s][info][gc,phases   ] GC(248)   Evacuate Collection Set: 3.15ms
[2026-09-06T17:10:33.526-0400][572.117s][info][gc,phases   ] GC(248)   Post Evacuate Collection Set: 0.52ms
[2026-09-06T17:10:33.526-0400][572.117s][info][gc,phases   ] GC(248)   Other: 0.13ms
[2026-09-06T17:10:33.526-0400][572.117s][info][gc,heap     ] GC(248) Eden regions: 290->0(292)
[2026-09-06T17:10:33.526-0400][572.117s][info][gc,heap     ] GC(248) Survivor regions: 12->13(38)
[2026-09-06T17:10:33.526-0400][572.117s][info][gc,heap     ] GC(248) Old regions: 749->749
[2026-09-06T17:10:33.526-0400][572.117s][info][gc,heap     ] GC(248) Archive regions: 0->0
[2026-09-06T17:10:33.526-0400][572.117s][info][gc,heap     ] GC(248) Humongous regions: 29->29
[2026-09-06T17:10:33.526-0400][572.117s][info][gc,metaspace] GC(248) Metaspace: 152743K(155328K)->152743K(155328K) NonClass: 131030K(132416K)->131030K(132416K) Class: 21712K(22912K)->21712K(22912K)
[2026-09-06T17:10:33.526-0400][572.117s][info][gc          ] GC(248) Pause Young (Normal) (GCLocker Initiated GC) 2157M->1579M(2452M) 4.355ms
[2026-09-06T17:10:33.526-0400][572.117s][info][gc,cpu      ] GC(248) User=0.00s Sys=0.00s Real=0.00s
[2026-09-06T17:10:33.806-0400][572.396s][info][gc,start    ] GC(249) Pause Young (Normal) (GCLocker Initiated GC)
[2026-09-06T17:10:33.806-0400][572.396s][info][gc,task     ] GC(249) Using 23 workers of 23 for evacuation
[2026-09-06T17:10:33.810-0400][572.400s][info][gc,phases   ] GC(249)   Pre Evacuate Collection Set: 0.19ms
[2026-09-06T17:10:33.810-0400][572.400s][info][gc,phases   ] GC(249)   Merge Heap Roots: 0.21ms
[2026-09-06T17:10:33.810-0400][572.400s][info][gc,phases   ] GC(249)   Evacuate Collection Set: 3.41ms
[2026-09-06T17:10:33.810-0400][572.400s][info][gc,phases   ] GC(249)   Post Evacuate Collection Set: 0.56ms
[2026-09-06T17:10:33.810-0400][572.400s][info][gc,phases   ] GC(249)   Other: 0.18ms
[2026-09-06T17:10:33.810-0400][572.400s][info][gc,heap     ] GC(249) Eden regions: 292->0(294)
[2026-09-06T17:10:33.810-0400][572.400s][info][gc,heap     ] GC(249) Survivor regions: 13->12(39)
[2026-09-06T17:10:33.810-0400][572.400s][info][gc,heap     ] GC(249) Old regions: 749->749
[2026-09-06T17:10:33.810-0400][572.400s][info][gc,heap     ] GC(249) Archive regions: 0->0
[2026-09-06T17:10:33.810-0400][572.400s][info][gc,heap     ] GC(249) Humongous regions: 29->29
[2026-09-06T17:10:33.810-0400][572.400s][info][gc,metaspace] GC(249) Metaspace: 152744K(155328K)->152744K(155328K) NonClass: 131031K(132416K)->131031K(132416K) Class: 21712K(22912K)->21712K(22912K)
[2026-09-06T17:10:33.810-0400][572.401s][info][gc          ] GC(249) Pause Young (Normal) (GCLocker Initiated GC) 2163M->1578M(2452M) 4.658ms
[2026-09-06T17:10:33.810-0400][572.401s][info][gc,cpu      ] GC(249) User=0.00s Sys=0.00s Real=0.00s
[2026-09-06T17:10:33.919-0400][572.510s][info][gc,start    ] GC(250) Pause Young (Normal) (G1 Evacuation Pause)
[2026-09-06T17:10:33.919-0400][572.510s][info][gc,task     ] GC(250) Using 23 workers of 23 for evacuation
[2026-09-06T17:10:33.924-0400][572.514s][info][gc,phases   ] GC(250)   Pre Evacuate Collection Set: 0.16ms
[2026-09-06T17:10:33.924-0400][572.515s][info][gc,phases   ] GC(250)   Merge Heap Roots: 0.23ms
[2026-09-06T17:10:33.924-0400][572.515s][info][gc,phases   ] GC(250)   Evacuate Collection Set: 3.69ms
[2026-09-06T17:10:33.924-0400][572.515s][info][gc,phases   ] GC(250)   Post Evacuate Collection Set: 0.56ms
[2026-09-06T17:10:33.924-0400][572.515s][info][gc,phases   ] GC(250)   Other: 0.19ms
[2026-09-06T17:10:33.924-0400][572.515s][info][gc,heap     ] GC(250) Eden regions: 294->0(296)
[2026-09-06T17:10:33.924-0400][572.515s][info][gc,heap     ] GC(250) Survivor regions: 12->13(39)
[2026-09-06T17:10:33.924-0400][572.515s][info][gc,heap     ] GC(250) Old regions: 749->749
[2026-09-06T17:10:33.924-0400][572.515s][info][gc,heap     ] GC(250) Archive regions: 0->0
[2026-09-06T17:10:33.924-0400][572.515s][info][gc,heap     ] GC(250) Humongous regions: 29->29
[2026-09-06T17:10:33.924-0400][572.515s][info][gc,metaspace] GC(250) Metaspace: 152744K(155328K)->152744K(155328K) NonClass: 131031K(132416K)->131031K(132416K) Class: 21712K(22912K)->21712K(22912K)
[2026-09-06T17:10:33.924-0400][572.515s][info][gc          ] GC(250) Pause Young (Normal) (G1 Evacuation Pause) 2166M->1578M(2452M) 4.943ms
[2026-09-06T17:10:33.924-0400][572.515s][info][gc,cpu      ] GC(250) User=0.00s Sys=0.00s Real=0.01s
[2026-09-06T17:10:34.282-0400][572.873s][info][gc,start    ] GC(251) Pause Young (Normal) (G1 Evacuation Pause)
[2026-09-06T17:10:34.282-0400][572.873s][info][gc,task     ] GC(251) Using 23 workers of 23 for evacuation
[2026-09-06T17:10:34.287-0400][572.877s][info][gc,phases   ] GC(251)   Pre Evacuate Collection Set: 0.17ms
[2026-09-06T17:10:34.287-0400][572.878s][info][gc,phases   ] GC(251)   Merge Heap Roots: 0.25ms
[2026-09-06T17:10:34.287-0400][572.878s][info][gc,phases   ] GC(251)   Evacuate Collection Set: 3.37ms
[2026-09-06T17:10:34.287-0400][572.878s][info][gc,phases   ] GC(251)   Post Evacuate Collection Set: 0.71ms
[2026-09-06T17:10:34.287-0400][572.878s][info][gc,phases   ] GC(251)   Other: 0.13ms
[2026-09-06T17:10:34.287-0400][572.878s][info][gc,heap     ] GC(251) Eden regions: 296->0(296)
[2026-09-06T17:10:34.287-0400][572.878s][info][gc,heap     ] GC(251) Survivor regions: 13->14(39)
[2026-09-06T17:10:34.287-0400][572.878s][info][gc,heap     ] GC(251) Old regions: 749->749
[2026-09-06T17:10:34.287-0400][572.878s][info][gc,heap     ] GC(251) Archive regions: 0->0
[2026-09-06T17:10:34.287-0400][572.878s][info][gc,heap     ] GC(251) Humongous regions: 29->29
[2026-09-06T17:10:34.287-0400][572.878s][info][gc,metaspace] GC(251) Metaspace: 152750K(155328K)->152750K(155328K) NonClass: 131037K(132416K)->131037K(132416K) Class: 21712K(22912K)->21712K(22912K)
[2026-09-06T17:10:34.287-0400][572.878s][info][gc          ] GC(251) Pause Young (Normal) (G1 Evacuation Pause) 2170M->1581M(2452M) 4.744ms
[2026-09-06T17:10:34.287-0400][572.878s][info][gc,cpu      ] GC(251) User=0.05s Sys=0.00s Real=0.00s
[2026-09-06T17:10:34.482-0400][573.073s][info][gc,start    ] GC(252) Pause Young (Normal) (G1 Evacuation Pause)
[2026-09-06T17:10:34.482-0400][573.073s][info][gc,task     ] GC(252) Using 23 workers of 23 for evacuation
[2026-09-06T17:10:34.488-0400][573.079s][info][gc,phases   ] GC(252)   Pre Evacuate Collection Set: 0.16ms
[2026-09-06T17:10:34.488-0400][573.079s][info][gc,phases   ] GC(252)   Merge Heap Roots: 0.25ms
[2026-09-06T17:10:34.488-0400][573.079s][info][gc,phases   ] GC(252)   Evacuate Collection Set: 4.48ms
[2026-09-06T17:10:34.488-0400][573.079s][info][gc,phases   ] GC(252)   Post Evacuate Collection Set: 0.72ms
[2026-09-06T17:10:34.488-0400][573.079s][info][gc,phases   ] GC(252)   Other: 0.18ms
[2026-09-06T17:10:34.488-0400][573.079s][info][gc,heap     ] GC(252) Eden regions: 296->0(287)
[2026-09-06T17:10:34.488-0400][573.079s][info][gc,heap     ] GC(252) Survivor regions: 14->19(39)
[2026-09-06T17:10:34.488-0400][573.079s][info][gc,heap     ] GC(252) Old regions: 749->749
[2026-09-06T17:10:34.488-0400][573.079s][info][gc,heap     ] GC(252) Archive regions: 0->0
[2026-09-06T17:10:34.488-0400][573.079s][info][gc,heap     ] GC(252) Humongous regions: 29->29
[2026-09-06T17:10:34.488-0400][573.079s][info][gc,metaspace] GC(252) Metaspace: 152753K(155328K)->152753K(155328K) NonClass: 131040K(132416K)->131040K(132416K) Class: 21712K(22912K)->21712K(22912K)
[2026-09-06T17:10:34.488-0400][573.079s][info][gc          ] GC(252) Pause Young (Normal) (G1 Evacuation Pause) 2173M->1591M(2452M) 5.928ms
[2026-09-06T17:10:34.488-0400][573.079s][info][gc,cpu      ] GC(252) User=0.00s Sys=0.00s Real=0.01s
[2026-09-06T17:10:34.585-0400][573.176s][info][gc,start    ] GC(253) Pause Young (Normal) (G1 Evacuation Pause)
[2026-09-06T17:10:34.585-0400][573.176s][info][gc,task     ] GC(253) Using 23 workers of 23 for evacuation
[2026-09-06T17:10:34.590-0400][573.181s][info][gc,phases   ] GC(253)   Pre Evacuate Collection Set: 0.13ms
[2026-09-06T17:10:34.590-0400][573.182s][info][gc,phases   ] GC(253)   Merge Heap Roots: 0.25ms
[2026-09-06T17:10:34.592-0400][573.182s][info][gc,phases   ] GC(253)   Evacuate Collection Set: 4.71ms
[2026-09-06T17:10:34.592-0400][573.182s][info][gc,phases   ] GC(253)   Post Evacuate Collection Set: 0.63ms
[2026-09-06T17:10:34.592-0400][573.182s][info][gc,phases   ] GC(253)   Other: 0.19ms
[2026-09-06T17:10:34.592-0400][573.182s][info][gc,heap     ] GC(253) Eden regions: 287->0(285)
[2026-09-06T17:10:34.592-0400][573.182s][info][gc,heap     ] GC(253) Survivor regions: 19->20(39)
[2026-09-06T17:10:34.592-0400][573.182s][info][gc,heap     ] GC(253) Old regions: 749->749
[2026-09-06T17:10:34.592-0400][573.182s][info][gc,heap     ] GC(253) Archive regions: 0->0
[2026-09-06T17:10:34.592-0400][573.182s][info][gc,heap     ] GC(253) Humongous regions: 29->29
[2026-09-06T17:10:34.592-0400][573.182s][info][gc,metaspace] GC(253) Metaspace: 152753K(155328K)->152753K(155328K) NonClass: 131040K(132416K)->131040K(132416K) Class: 21712K(22912K)->21712K(22912K)
[2026-09-06T17:10:34.592-0400][573.182s][info][gc          ] GC(253) Pause Young (Normal) (G1 Evacuation Pause) 2165M->1593M(2452M) 6.073ms
[2026-09-06T17:10:34.592-0400][573.182s][info][gc,cpu      ] GC(253) User=0.00s Sys=0.00s Real=0.01s
[2026-09-06T17:10:34.901-0400][573.492s][info][gc,start    ] GC(254) Pause Young (Normal) (G1 Evacuation Pause)
[2026-09-06T17:10:34.901-0400][573.492s][info][gc,task     ] GC(254) Using 23 workers of 23 for evacuation
[2026-09-06T17:10:34.906-0400][573.497s][info][gc,phases   ] GC(254)   Pre Evacuate Collection Set: 0.18ms
[2026-09-06T17:10:34.906-0400][573.497s][info][gc,phases   ] GC(254)   Merge Heap Roots: 0.19ms
[2026-09-06T17:10:34.906-0400][573.497s][info][gc,phases   ] GC(254)   Evacuate Collection Set: 3.80ms
[2026-09-06T17:10:34.906-0400][573.497s][info][gc,phases   ] GC(254)   Post Evacuate Collection Set: 0.56ms
[2026-09-06T17:10:34.906-0400][573.497s][info][gc,phases   ] GC(254)   Other: 0.14ms
[2026-09-06T17:10:34.906-0400][573.497s][info][gc,heap     ] GC(254) Eden regions: 285->0(283)
[2026-09-06T17:10:34.906-0400][573.497s][info][gc,heap     ] GC(254) Survivor regions: 20->21(39)
[2026-09-06T17:10:34.906-0400][573.497s][info][gc,heap     ] GC(254) Old regions: 749->749
[2026-09-06T17:10:34.906-0400][573.497s][info][gc,heap     ] GC(254) Archive regions: 0->0
[2026-09-06T17:10:34.906-0400][573.497s][info][gc,heap     ] GC(254) Humongous regions: 29->29
[2026-09-06T17:10:34.906-0400][573.497s][info][gc,metaspace] GC(254) Metaspace: 152757K(155328K)->152757K(155328K) NonClass: 131044K(132416K)->131044K(132416K) Class: 21712K(22912K)->21712K(22912K)
[2026-09-06T17:10:34.906-0400][573.497s][info][gc          ] GC(254) Pause Young (Normal) (G1 Evacuation Pause) 2163M->1596M(2452M) 4.980ms
[2026-09-06T17:10:34.906-0400][573.497s][info][gc,cpu      ] GC(254) User=0.00s Sys=0.00s Real=0.00s
[2026-09-06T17:10:35.108-0400][573.698s][info][gc,start    ] GC(255) Pause Young (Normal) (G1 Evacuation Pause)
[2026-09-06T17:10:35.108-0400][573.698s][info][gc,task     ] GC(255) Using 23 workers of 23 for evacuation
[2026-09-06T17:10:35.114-0400][573.704s][info][gc,phases   ] GC(255)   Pre Evacuate Collection Set: 0.25ms
[2026-09-06T17:10:35.114-0400][573.704s][info][gc,phases   ] GC(255)   Merge Heap Roots: 0.25ms
[2026-09-06T17:10:35.114-0400][573.704s][info][gc,phases   ] GC(255)   Evacuate Collection Set: 4.73ms
[2026-09-06T17:10:35.114-0400][573.704s][info][gc,phases   ] GC(255)   Post Evacuate Collection Set: 0.69ms
[2026-09-06T17:10:35.114-0400][573.704s][info][gc,phases   ] GC(255)   Other: 0.31ms
[2026-09-06T17:10:35.114-0400][573.704s][info][gc,heap     ] GC(255) Eden regions: 283->0(281)
[2026-09-06T17:10:35.114-0400][573.704s][info][gc,heap     ] GC(255) Survivor regions: 21->22(38)
[2026-09-06T17:10:35.114-0400][573.704s][info][gc,heap     ] GC(255) Old regions: 749->749
[2026-09-06T17:10:35.114-0400][573.704s][info][gc,heap     ] GC(255) Archive regions: 0->0
[2026-09-06T17:10:35.114-0400][573.704s][info][gc,heap     ] GC(255) Humongous regions: 29->29
[2026-09-06T17:10:35.114-0400][573.705s][info][gc,metaspace] GC(255) Metaspace: 152759K(155328K)->152759K(155328K) NonClass: 131046K(132416K)->131046K(132416K) Class: 21712K(22912K)->21712K(22912K)
[2026-09-06T17:10:35.114-0400][573.705s][info][gc          ] GC(255) Pause Young (Normal) (G1 Evacuation Pause) 2162M->1596M(2452M) 6.243ms
[2026-09-06T17:10:35.114-0400][573.705s][info][gc,cpu      ] GC(255) User=0.00s Sys=0.00s Real=0.01s
[2026-09-06T17:10:35.467-0400][574.058s][info][gc,start    ] GC(256) Pause Young (Normal) (G1 Evacuation Pause)
[2026-09-06T17:10:35.468-0400][574.058s][info][gc,task     ] GC(256) Using 23 workers of 23 for evacuation
[2026-09-06T17:10:35.474-0400][574.064s][info][gc,phases   ] GC(256)   Pre Evacuate Collection Set: 0.21ms
[2026-09-06T17:10:35.474-0400][574.064s][info][gc,phases   ] GC(256)   Merge Heap Roots: 0.23ms
[2026-09-06T17:10:35.474-0400][574.064s][info][gc,phases   ] GC(256)   Evacuate Collection Set: 4.51ms
[2026-09-06T17:10:35.474-0400][574.064s][info][gc,phases   ] GC(256)   Post Evacuate Collection Set: 0.67ms
[2026-09-06T17:10:35.474-0400][574.064s][info][gc,phases   ] GC(256)   Other: 0.13ms
[2026-09-06T17:10:35.474-0400][574.064s][info][gc,heap     ] GC(256) Eden regions: 281->0(280)
[2026-09-06T17:10:35.474-0400][574.064s][info][gc,heap     ] GC(256) Survivor regions: 22->22(38)
[2026-09-06T17:10:35.474-0400][574.064s][info][gc,heap     ] GC(256) Old regions: 749->750
[2026-09-06T17:10:35.474-0400][574.064s][info][gc,heap     ] GC(256) Archive regions: 0->0
[2026-09-06T17:10:35.474-0400][574.064s][info][gc,heap     ] GC(256) Humongous regions: 29->29
[2026-09-06T17:10:35.474-0400][574.064s][info][gc,metaspace] GC(256) Metaspace: 152759K(155328K)->152759K(155328K) NonClass: 131046K(132416K)->131046K(132416K) Class: 21712K(22912K)->21712K(22912K)
[2026-09-06T17:10:35.474-0400][574.064s][info][gc          ] GC(256) Pause Young (Normal) (G1 Evacuation Pause) 2158M->1600M(2452M) 5.868ms
[2026-09-06T17:10:35.474-0400][574.064s][info][gc,cpu      ] GC(256) User=0.00s Sys=0.00s Real=0.01s
[2026-09-06T17:10:35.549-0400][574.140s][info][gc,start    ] GC(257) Pause Young (Normal) (G1 Evacuation Pause)
[2026-09-06T17:10:35.549-0400][574.140s][info][gc,task     ] GC(257) Using 23 workers of 23 for evacuation
[2026-09-06T17:10:35.557-0400][574.147s][info][gc,phases   ] GC(257)   Pre Evacuate Collection Set: 0.14ms
[2026-09-06T17:10:35.557-0400][574.147s][info][gc,phases   ] GC(257)   Merge Heap Roots: 0.20ms
[2026-09-06T17:10:35.557-0400][574.147s][info][gc,phases   ] GC(257)   Evacuate Collection Set: 5.66ms
[2026-09-06T17:10:35.557-0400][574.147s][info][gc,phases   ] GC(257)   Post Evacuate Collection Set: 0.69ms
[2026-09-06T17:10:35.557-0400][574.147s][info][gc,phases   ] GC(257)   Other: 0.19ms
[2026-09-06T17:10:35.557-0400][574.147s][info][gc,heap     ] GC(257) Eden regions: 280->0(272)
[2026-09-06T17:10:35.557-0400][574.147s][info][gc,heap     ] GC(257) Survivor regions: 22->25(38)
[2026-09-06T17:10:35.557-0400][574.147s][info][gc,heap     ] GC(257) Old regions: 750->752
[2026-09-06T17:10:35.557-0400][574.147s][info][gc,heap     ] GC(257) Archive regions: 0->0
[2026-09-06T17:10:35.557-0400][574.147s][info][gc,heap     ] GC(257) Humongous regions: 29->29
[2026-09-06T17:10:35.557-0400][574.147s][info][gc,metaspace] GC(257) Metaspace: 152763K(155328K)->152763K(155328K) NonClass: 131050K(132416K)->131050K(132416K) Class: 21713K(22912K)->21713K(22912K)
[2026-09-06T17:10:35.557-0400][574.147s][info][gc          ] GC(257) Pause Young (Normal) (G1 Evacuation Pause) 2160M->1610M(2452M) 7.017ms
[2026-09-06T17:10:35.557-0400][574.147s][info][gc,cpu      ] GC(257) User=0.36s Sys=0.00s Real=0.01s
[2026-09-06T17:10:35.648-0400][574.239s][info][gc,start    ] GC(258) Pause Young (Normal) (G1 Evacuation Pause)
[2026-09-06T17:10:35.649-0400][574.239s][info][gc,task     ] GC(258) Using 23 workers of 23 for evacuation
[2026-09-06T17:10:35.655-0400][574.245s][info][gc,phases   ] GC(258)   Pre Evacuate Collection Set: 0.16ms
[2026-09-06T17:10:35.655-0400][574.245s][info][gc,phases   ] GC(258)   Merge Heap Roots: 0.22ms
[2026-09-06T17:10:35.655-0400][574.245s][info][gc,phases   ] GC(258)   Evacuate Collection Set: 5.05ms
[2026-09-06T17:10:35.655-0400][574.245s][info][gc,phases   ] GC(258)   Post Evacuate Collection Set: 0.49ms
[2026-09-06T17:10:35.655-0400][574.245s][info][gc,phases   ] GC(258)   Other: 0.18ms
[2026-09-06T17:10:35.655-0400][574.245s][info][gc,heap     ] GC(258) Eden regions: 272->0(275)
[2026-09-06T17:10:35.655-0400][574.245s][info][gc,heap     ] GC(258) Survivor regions: 25->21(38)
[2026-09-06T17:10:35.655-0400][574.246s][info][gc,heap     ] GC(258) Old regions: 752->757
[2026-09-06T17:10:35.655-0400][574.246s][info][gc,heap     ] GC(258) Archive regions: 0->0
[2026-09-06T17:10:35.655-0400][574.246s][info][gc,heap     ] GC(258) Humongous regions: 29->29
[2026-09-06T17:10:35.655-0400][574.246s][info][gc,metaspace] GC(258) Metaspace: 152763K(155328K)->152763K(155328K) NonClass: 131050K(132416K)->131050K(132416K) Class: 21713K(22912K)->21713K(22912K)
[2026-09-06T17:10:35.655-0400][574.246s][info][gc          ] GC(258) Pause Young (Normal) (G1 Evacuation Pause) 2154M->1611M(2452M) 6.230ms
[2026-09-06T17:10:35.655-0400][574.246s][info][gc,cpu      ] GC(258) User=0.00s Sys=0.00s Real=0.01s
[2026-09-06T17:10:36.022-0400][574.613s][info][gc,start    ] GC(259) Pause Young (Normal) (G1 Evacuation Pause)
[2026-09-06T17:10:36.022-0400][574.613s][info][gc,task     ] GC(259) Using 23 workers of 23 for evacuation
[2026-09-06T17:10:36.027-0400][574.617s][info][gc,phases   ] GC(259)   Pre Evacuate Collection Set: 0.20ms
[2026-09-06T17:10:36.027-0400][574.617s][info][gc,phases   ] GC(259)   Merge Heap Roots: 0.13ms
[2026-09-06T17:10:36.027-0400][574.617s][info][gc,phases   ] GC(259)   Evacuate Collection Set: 3.13ms
[2026-09-06T17:10:36.027-0400][574.617s][info][gc,phases   ] GC(259)   Post Evacuate Collection Set: 0.60ms
[2026-09-06T17:10:36.027-0400][574.617s][info][gc,phases   ] GC(259)   Other: 0.14ms
[2026-09-06T17:10:36.027-0400][574.617s][info][gc,heap     ] GC(259) Eden regions: 275->0(273)
[2026-09-06T17:10:36.027-0400][574.617s][info][gc,heap     ] GC(259) Survivor regions: 21->22(37)
[2026-09-06T17:10:36.027-0400][574.617s][info][gc,heap     ] GC(259) Old regions: 757->757
[2026-09-06T17:10:36.027-0400][574.617s][info][gc,heap     ] GC(259) Archive regions: 0->0
[2026-09-06T17:10:36.027-0400][574.617s][info][gc,heap     ] GC(259) Humongous regions: 29->29
[2026-09-06T17:10:36.027-0400][574.617s][info][gc,metaspace] GC(259) Metaspace: 152828K(155392K)->152828K(155392K) NonClass: 131105K(132480K)->131105K(132480K) Class: 21723K(22912K)->21723K(22912K)
[2026-09-06T17:10:36.027-0400][574.617s][info][gc          ] GC(259) Pause Young (Normal) (G1 Evacuation Pause) 2161M->1613M(2452M) 4.303ms
[2026-09-06T17:10:36.027-0400][574.617s][info][gc,cpu      ] GC(259) User=0.00s Sys=0.00s Real=0.00s
[2026-09-06T17:10:36.128-0400][574.719s][info][gc,start    ] GC(260) Pause Young (Normal) (G1 Evacuation Pause)
[2026-09-06T17:10:36.128-0400][574.719s][info][gc,task     ] GC(260) Using 23 workers of 23 for evacuation
[2026-09-06T17:10:36.133-0400][574.724s][info][gc,phases   ] GC(260)   Pre Evacuate Collection Set: 0.21ms
[2026-09-06T17:10:36.133-0400][574.724s][info][gc,phases   ] GC(260)   Merge Heap Roots: 0.19ms
[2026-09-06T17:10:36.133-0400][574.724s][info][gc,phases   ] GC(260)   Evacuate Collection Set: 3.48ms
[2026-09-06T17:10:36.133-0400][574.724s][info][gc,phases   ] GC(260)   Post Evacuate Collection Set: 0.54ms
[2026-09-06T17:10:36.133-0400][574.724s][info][gc,phases   ] GC(260)   Other: 0.19ms
[2026-09-06T17:10:36.133-0400][574.724s][info][gc,heap     ] GC(260) Eden regions: 273->0(273)
[2026-09-06T17:10:36.133-0400][574.724s][info][gc,heap     ] GC(260) Survivor regions: 22->21(37)
[2026-09-06T17:10:36.133-0400][574.724s][info][gc,heap     ] GC(260) Old regions: 757->759
[2026-09-06T17:10:36.133-0400][574.724s][info][gc,heap     ] GC(260) Archive regions: 0->0
[2026-09-06T17:10:36.133-0400][574.724s][info][gc,heap     ] GC(260) Humongous regions: 29->29
[2026-09-06T17:10:36.133-0400][574.724s][info][gc,metaspace] GC(260) Metaspace: 152828K(155392K)->152828K(155392K) NonClass: 131105K(132480K)->131105K(132480K) Class: 21723K(22912K)->21723K(22912K)
[2026-09-06T17:10:36.133-0400][574.724s][info][gc          ] GC(260) Pause Young (Normal) (G1 Evacuation Pause) 2159M->1615M(2452M) 4.840ms
[2026-09-06T17:10:36.133-0400][574.724s][info][gc,cpu      ] GC(260) User=0.38s Sys=0.00s Real=0.00s
[2026-09-06T17:10:36.470-0400][575.060s][info][gc,start    ] GC(261) Pause Young (Normal) (GCLocker Initiated GC)
[2026-09-06T17:10:36.470-0400][575.060s][info][gc,task     ] GC(261) Using 23 workers of 23 for evacuation
[2026-09-06T17:10:36.473-0400][575.064s][info][gc,phases   ] GC(261)   Pre Evacuate Collection Set: 0.20ms
[2026-09-06T17:10:36.473-0400][575.064s][info][gc,phases   ] GC(261)   Merge Heap Roots: 0.11ms
[2026-09-06T17:10:36.473-0400][575.064s][info][gc,phases   ] GC(261)   Evacuate Collection Set: 3.07ms
[2026-09-06T17:10:36.473-0400][575.064s][info][gc,phases   ] GC(261)   Post Evacuate Collection Set: 0.55ms
[2026-09-06T17:10:36.473-0400][575.064s][info][gc,phases   ] GC(261)   Other: 0.13ms
[2026-09-06T17:10:36.473-0400][575.064s][info][gc,heap     ] GC(261) Eden regions: 273->0(271)
[2026-09-06T17:10:36.473-0400][575.064s][info][gc,heap     ] GC(261) Survivor regions: 21->22(37)
[2026-09-06T17:10:36.473-0400][575.064s][info][gc,heap     ] GC(261) Old regions: 759->759
[2026-09-06T17:10:36.473-0400][575.064s][info][gc,heap     ] GC(261) Archive regions: 0->0
[2026-09-06T17:10:36.473-0400][575.064s][info][gc,heap     ] GC(261) Humongous regions: 29->29
[2026-09-06T17:10:36.473-0400][575.064s][info][gc,metaspace] GC(261) Metaspace: 152828K(155392K)->152828K(155392K) NonClass: 131105K(132480K)->131105K(132480K) Class: 21723K(22912K)->21723K(22912K)
[2026-09-06T17:10:36.473-0400][575.064s][info][gc          ] GC(261) Pause Young (Normal) (GCLocker Initiated GC) 2161M->1618M(2452M) 4.205ms
[2026-09-06T17:10:36.473-0400][575.064s][info][gc,cpu      ] GC(261) User=0.00s Sys=0.00s Real=0.00s
[2026-09-06T17:10:36.711-0400][575.301s][info][gc,start    ] GC(262) Pause Young (Normal) (G1 Evacuation Pause)
[2026-09-06T17:10:36.711-0400][575.301s][info][gc,task     ] GC(262) Using 23 workers of 23 for evacuation
[2026-09-06T17:10:36.716-0400][575.307s][info][gc,phases   ] GC(262)   Pre Evacuate Collection Set: 0.27ms
[2026-09-06T17:10:36.716-0400][575.307s][info][gc,phases   ] GC(262)   Merge Heap Roots: 0.29ms
[2026-09-06T17:10:36.716-0400][575.307s][info][gc,phases   ] GC(262)   Evacuate Collection Set: 4.45ms
[2026-09-06T17:10:36.716-0400][575.307s][info][gc,phases   ] GC(262)   Post Evacuate Collection Set: 0.60ms
[2026-09-06T17:10:36.716-0400][575.307s][info][gc,phases   ] GC(262)   Other: 0.25ms
[2026-09-06T17:10:36.716-0400][575.307s][info][gc,heap     ] GC(262) Eden regions: 271->0(266)
[2026-09-06T17:10:36.716-0400][575.307s][info][gc,heap     ] GC(262) Survivor regions: 22->23(37)
[2026-09-06T17:10:36.716-0400][575.307s][info][gc,heap     ] GC(262) Old regions: 759->762
[2026-09-06T17:10:36.716-0400][575.307s][info][gc,heap     ] GC(262) Archive regions: 0->0
[2026-09-06T17:10:36.716-0400][575.307s][info][gc,heap     ] GC(262) Humongous regions: 29->29
[2026-09-06T17:10:36.716-0400][575.307s][info][gc,metaspace] GC(262) Metaspace: 152828K(155392K)->152828K(155392K) NonClass: 131105K(132480K)->131105K(132480K) Class: 21723K(22912K)->21723K(22912K)
[2026-09-06T17:10:36.716-0400][575.307s][info][gc          ] GC(262) Pause Young (Normal) (G1 Evacuation Pause) 2160M->1626M(2452M) 5.940ms
[2026-09-06T17:10:36.716-0400][575.307s][info][gc,cpu      ] GC(262) User=0.00s Sys=0.00s Real=0.01s
[2026-09-06T17:10:36.786-0400][575.377s][info][gc,start    ] GC(263) Pause Young (Normal) (G1 Evacuation Pause)
[2026-09-06T17:10:36.786-0400][575.377s][info][gc,task     ] GC(263) Using 23 workers of 23 for evacuation
[2026-09-06T17:10:36.791-0400][575.382s][info][gc,phases   ] GC(263)   Pre Evacuate Collection Set: 0.20ms
[2026-09-06T17:10:36.791-0400][575.382s][info][gc,phases   ] GC(263)   Merge Heap Roots: 0.17ms
[2026-09-06T17:10:36.791-0400][575.382s][info][gc,phases   ] GC(263)   Evacuate Collection Set: 3.85ms
[2026-09-06T17:10:36.791-0400][575.382s][info][gc,phases   ] GC(263)   Post Evacuate Collection Set: 0.66ms
[2026-09-06T17:10:36.791-0400][575.382s][info][gc,phases   ] GC(263)   Other: 0.17ms
[2026-09-06T17:10:36.791-0400][575.382s][info][gc,heap     ] GC(263) Eden regions: 266->0(265)
[2026-09-06T17:10:36.791-0400][575.382s][info][gc,heap     ] GC(263) Survivor regions: 23->22(37)
[2026-09-06T17:10:36.791-0400][575.382s][info][gc,heap     ] GC(263) Old regions: 762->765
[2026-09-06T17:10:36.791-0400][575.382s][info][gc,heap     ] GC(263) Archive regions: 0->0
[2026-09-06T17:10:36.791-0400][575.382s][info][gc,heap     ] GC(263) Humongous regions: 29->29
[2026-09-06T17:10:36.791-0400][575.382s][info][gc,metaspace] GC(263) Metaspace: 152829K(155392K)->152829K(155392K) NonClass: 131106K(132480K)->131106K(132480K) Class: 21723K(22912K)->21723K(22912K)
[2026-09-06T17:10:36.791-0400][575.382s][info][gc          ] GC(263) Pause Young (Normal) (G1 Evacuation Pause) 2158M->1630M(2452M) 5.174ms
[2026-09-06T17:10:36.791-0400][575.382s][info][gc,cpu      ] GC(263) User=0.20s Sys=0.02s Real=0.00s
[2026-09-06T17:10:36.917-0400][575.508s][info][gc,start    ] GC(264) Pause Young (Normal) (G1 Evacuation Pause)
[2026-09-06T17:10:36.917-0400][575.508s][info][gc,task     ] GC(264) Using 23 workers of 23 for evacuation
[2026-09-06T17:10:36.922-0400][575.513s][info][gc,phases   ] GC(264)   Pre Evacuate Collection Set: 0.14ms
[2026-09-06T17:10:36.922-0400][575.513s][info][gc,phases   ] GC(264)   Merge Heap Roots: 0.14ms
[2026-09-06T17:10:36.922-0400][575.513s][info][gc,phases   ] GC(264)   Evacuate Collection Set: 3.41ms
[2026-09-06T17:10:36.922-0400][575.513s][info][gc,phases   ] GC(264)   Post Evacuate Collection Set: 0.61ms
[2026-09-06T17:10:36.922-0400][575.513s][info][gc,phases   ] GC(264)   Other: 0.25ms
[2026-09-06T17:10:36.922-0400][575.513s][info][gc,heap     ] GC(264) Eden regions: 265->0(267)
[2026-09-06T17:10:36.923-0400][575.513s][info][gc,heap     ] GC(264) Survivor regions: 22->20(36)
[2026-09-06T17:10:36.923-0400][575.513s][info][gc,heap     ] GC(264) Old regions: 765->767
[2026-09-06T17:10:36.923-0400][575.513s][info][gc,heap     ] GC(264) Archive regions: 0->0
[2026-09-06T17:10:36.923-0400][575.513s][info][gc,heap     ] GC(264) Humongous regions: 29->29
[2026-09-06T17:10:36.923-0400][575.513s][info][gc,metaspace] GC(264) Metaspace: 152829K(155392K)->152829K(155392K) NonClass: 131106K(132480K)->131106K(132480K) Class: 21723K(22912K)->21723K(22912K)
[2026-09-06T17:10:36.923-0400][575.513s][info][gc          ] GC(264) Pause Young (Normal) (G1 Evacuation Pause) 2160M->1630M(2452M) 4.687ms
[2026-09-06T17:10:36.923-0400][575.513s][info][gc,cpu      ] GC(264) User=0.00s Sys=0.00s Real=0.01s
[2026-09-06T17:10:37.355-0400][575.945s][info][gc,start    ] GC(265) Pause Young (Normal) (G1 Evacuation Pause)
[2026-09-06T17:10:37.355-0400][575.945s][info][gc,task     ] GC(265) Using 23 workers of 23 for evacuation
[2026-09-06T17:10:37.360-0400][575.950s][info][gc,phases   ] GC(265)   Pre Evacuate Collection Set: 0.22ms
[2026-09-06T17:10:37.360-0400][575.950s][info][gc,phases   ] GC(265)   Merge Heap Roots: 0.14ms
[2026-09-06T17:10:37.360-0400][575.950s][info][gc,phases   ] GC(265)   Evacuate Collection Set: 3.33ms
[2026-09-06T17:10:37.360-0400][575.950s][info][gc,phases   ] GC(265)   Post Evacuate Collection Set: 0.77ms
[2026-09-06T17:10:37.360-0400][575.950s][info][gc,phases   ] GC(265)   Other: 0.21ms
[2026-09-06T17:10:37.360-0400][575.950s][info][gc,heap     ] GC(265) Eden regions: 267->0(263)
[2026-09-06T17:10:37.360-0400][575.950s][info][gc,heap     ] GC(265) Survivor regions: 20->21(36)
[2026-09-06T17:10:37.360-0400][575.950s][info][gc,heap     ] GC(265) Old regions: 767->769
[2026-09-06T17:10:37.360-0400][575.950s][info][gc,heap     ] GC(265) Archive regions: 0->0
[2026-09-06T17:10:37.360-0400][575.950s][info][gc,heap     ] GC(265) Humongous regions: 29->29
[2026-09-06T17:10:37.360-0400][575.950s][info][gc,metaspace] GC(265) Metaspace: 152838K(155392K)->152838K(155392K) NonClass: 131114K(132480K)->131114K(132480K) Class: 21724K(22912K)->21724K(22912K)
[2026-09-06T17:10:37.360-0400][575.950s][info][gc          ] GC(265) Pause Young (Normal) (G1 Evacuation Pause) 2164M->1636M(2452M) 4.772ms
[2026-09-06T17:10:37.360-0400][575.950s][info][gc,cpu      ] GC(265) User=0.00s Sys=0.00s Real=0.00s
[2026-09-06T17:10:37.431-0400][576.021s][info][gc,start    ] GC(266) Pause Young (Normal) (G1 Evacuation Pause)
[2026-09-06T17:10:37.431-0400][576.021s][info][gc,task     ] GC(266) Using 23 workers of 23 for evacuation
[2026-09-06T17:10:37.435-0400][576.026s][info][gc,phases   ] GC(266)   Pre Evacuate Collection Set: 0.20ms
[2026-09-06T17:10:37.436-0400][576.026s][info][gc,phases   ] GC(266)   Merge Heap Roots: 0.14ms
[2026-09-06T17:10:37.436-0400][576.026s][info][gc,phases   ] GC(266)   Evacuate Collection Set: 3.26ms
[2026-09-06T17:10:37.436-0400][576.026s][info][gc,phases   ] GC(266)   Post Evacuate Collection Set: 0.52ms
[2026-09-06T17:10:37.436-0400][576.026s][info][gc,phases   ] GC(266)   Other: 0.17ms
[2026-09-06T17:10:37.436-0400][576.026s][info][gc,heap     ] GC(266) Eden regions: 263->0(265)
[2026-09-06T17:10:37.436-0400][576.026s][info][gc,heap     ] GC(266) Survivor regions: 21->19(36)
[2026-09-06T17:10:37.436-0400][576.026s][info][gc,heap     ] GC(266) Old regions: 769->771
[2026-09-06T17:10:37.436-0400][576.026s][info][gc,heap     ] GC(266) Archive regions: 0->0
[2026-09-06T17:10:37.436-0400][576.026s][info][gc,heap     ] GC(266) Humongous regions: 29->29
[2026-09-06T17:10:37.436-0400][576.026s][info][gc,metaspace] GC(266) Metaspace: 152840K(155392K)->152840K(155392K) NonClass: 131116K(132480K)->131116K(132480K) Class: 21724K(22912K)->21724K(22912K)
[2026-09-06T17:10:37.436-0400][576.026s][info][gc          ] GC(266) Pause Young (Normal) (G1 Evacuation Pause) 2162M->1637M(2452M) 4.412ms
[2026-09-06T17:10:37.436-0400][576.026s][info][gc,cpu      ] GC(266) User=0.00s Sys=0.00s Real=0.01s
[2026-09-06T17:10:37.748-0400][576.339s][info][gc,start    ] GC(267) Pause Young (Normal) (G1 Evacuation Pause)
[2026-09-06T17:10:37.748-0400][576.339s][info][gc,task     ] GC(267) Using 23 workers of 23 for evacuation
[2026-09-06T17:10:37.752-0400][576.343s][info][gc,phases   ] GC(267)   Pre Evacuate Collection Set: 0.24ms
[2026-09-06T17:10:37.753-0400][576.343s][info][gc,phases   ] GC(267)   Merge Heap Roots: 0.18ms
[2026-09-06T17:10:37.753-0400][576.343s][info][gc,phases   ] GC(267)   Evacuate Collection Set: 2.78ms
[2026-09-06T17:10:37.753-0400][576.343s][info][gc,phases   ] GC(267)   Post Evacuate Collection Set: 0.58ms
[2026-09-06T17:10:37.753-0400][576.343s][info][gc,phases   ] GC(267)   Other: 0.16ms
[2026-09-06T17:10:37.753-0400][576.343s][info][gc,heap     ] GC(267) Eden regions: 265->0(263)
[2026-09-06T17:10:37.753-0400][576.343s][info][gc,heap     ] GC(267) Survivor regions: 19->20(36)
[2026-09-06T17:10:37.753-0400][576.343s][info][gc,heap     ] GC(267) Old regions: 771->771
[2026-09-06T17:10:37.753-0400][576.343s][info][gc,heap     ] GC(267) Archive regions: 0->0
[2026-09-06T17:10:37.753-0400][576.343s][info][gc,heap     ] GC(267) Humongous regions: 29->29
[2026-09-06T17:10:37.753-0400][576.343s][info][gc,metaspace] GC(267) Metaspace: 152849K(155392K)->152849K(155392K) NonClass: 131125K(132480K)->131125K(132480K) Class: 21724K(22912K)->21724K(22912K)
[2026-09-06T17:10:37.753-0400][576.343s][info][gc          ] GC(267) Pause Young (Normal) (G1 Evacuation Pause) 2167M->1638M(2452M) 4.067ms
[2026-09-06T17:10:37.753-0400][576.343s][info][gc,cpu      ] GC(267) User=0.00s Sys=0.00s Real=0.01s
[2026-09-06T17:10:38.009-0400][576.599s][info][gc,start    ] GC(268) Pause Young (Normal) (G1 Evacuation Pause)
[2026-09-06T17:10:38.009-0400][576.599s][info][gc,task     ] GC(268) Using 23 workers of 23 for evacuation
[2026-09-06T17:10:38.013-0400][576.603s][info][gc,phases   ] GC(268)   Pre Evacuate Collection Set: 0.19ms
[2026-09-06T17:10:38.013-0400][576.603s][info][gc,phases   ] GC(268)   Merge Heap Roots: 0.14ms
[2026-09-06T17:10:38.013-0400][576.603s][info][gc,phases   ] GC(268)   Evacuate Collection Set: 2.79ms
[2026-09-06T17:10:38.013-0400][576.603s][info][gc,phases   ] GC(268)   Post Evacuate Collection Set: 0.53ms
[2026-09-06T17:10:38.013-0400][576.603s][info][gc,phases   ] GC(268)   Other: 0.15ms
[2026-09-06T17:10:38.013-0400][576.603s][info][gc,heap     ] GC(268) Eden regions: 263->0(261)
[2026-09-06T17:10:38.013-0400][576.603s][info][gc,heap     ] GC(268) Survivor regions: 20->21(36)
[2026-09-06T17:10:38.013-0400][576.603s][info][gc,heap     ] GC(268) Old regions: 771->771
[2026-09-06T17:10:38.013-0400][576.603s][info][gc,heap     ] GC(268) Archive regions: 0->0
[2026-09-06T17:10:38.013-0400][576.603s][info][gc,heap     ] GC(268) Humongous regions: 29->29
[2026-09-06T17:10:38.013-0400][576.603s][info][gc,metaspace] GC(268) Metaspace: 152850K(155392K)->152850K(155392K) NonClass: 131126K(132480K)->131126K(132480K) Class: 21724K(22912K)->21724K(22912K)
[2026-09-06T17:10:38.013-0400][576.603s][info][gc          ] GC(268) Pause Young (Normal) (G1 Evacuation Pause) 2164M->1641M(2452M) 3.904ms
[2026-09-06T17:10:38.013-0400][576.603s][info][gc,cpu      ] GC(268) User=0.00s Sys=0.00s Real=0.00s
[2026-09-06T17:10:38.335-0400][576.925s][info][gc,start    ] GC(269) Pause Young (Normal) (G1 Evacuation Pause)
[2026-09-06T17:10:38.335-0400][576.925s][info][gc,task     ] GC(269) Using 23 workers of 23 for evacuation
[2026-09-06T17:10:38.339-0400][576.930s][info][gc,phases   ] GC(269)   Pre Evacuate Collection Set: 0.22ms
[2026-09-06T17:10:38.339-0400][576.930s][info][gc,phases   ] GC(269)   Merge Heap Roots: 0.15ms
[2026-09-06T17:10:38.339-0400][576.930s][info][gc,phases   ] GC(269)   Evacuate Collection Set: 4.09ms
[2026-09-06T17:10:38.339-0400][576.930s][info][gc,phases   ] GC(269)   Post Evacuate Collection Set: 0.54ms
[2026-09-06T17:10:38.339-0400][576.930s][info][gc,phases   ] GC(269)   Other: 0.15ms
[2026-09-06T17:10:38.339-0400][576.930s][info][gc,heap     ] GC(269) Eden regions: 261->0(253)
[2026-09-06T17:10:38.339-0400][576.930s][info][gc,heap     ] GC(269) Survivor regions: 21->24(36)
[2026-09-06T17:10:38.339-0400][576.930s][info][gc,heap     ] GC(269) Old regions: 771->773
[2026-09-06T17:10:38.339-0400][576.930s][info][gc,heap     ] GC(269) Archive regions: 0->0
[2026-09-06T17:10:38.339-0400][576.930s][info][gc,heap     ] GC(269) Humongous regions: 29->29
[2026-09-06T17:10:38.339-0400][576.930s][info][gc,metaspace] GC(269) Metaspace: 152851K(155392K)->152851K(155392K) NonClass: 131127K(132480K)->131127K(132480K) Class: 21724K(22912K)->21724K(22912K)
[2026-09-06T17:10:38.339-0400][576.930s][info][gc          ] GC(269) Pause Young (Normal) (G1 Evacuation Pause) 2163M->1648M(2452M) 5.252ms
[2026-09-06T17:10:38.339-0400][576.930s][info][gc,cpu      ] GC(269) User=0.00s Sys=0.00s Real=0.00s
[2026-09-06T17:10:38.420-0400][577.010s][info][gc,start    ] GC(270) Pause Young (Normal) (G1 Evacuation Pause)
[2026-09-06T17:10:38.420-0400][577.010s][info][gc,task     ] GC(270) Using 23 workers of 23 for evacuation
[2026-09-06T17:10:38.425-0400][577.016s][info][gc,phases   ] GC(270)   Pre Evacuate Collection Set: 0.23ms
[2026-09-06T17:10:38.425-0400][577.016s][info][gc,phases   ] GC(270)   Merge Heap Roots: 0.17ms
[2026-09-06T17:10:38.425-0400][577.016s][info][gc,phases   ] GC(270)   Evacuate Collection Set: 4.18ms
[2026-09-06T17:10:38.425-0400][577.016s][info][gc,phases   ] GC(270)   Post Evacuate Collection Set: 0.66ms
[2026-09-06T17:10:38.425-0400][577.016s][info][gc,phases   ] GC(270)   Other: 0.21ms
[2026-09-06T17:10:38.425-0400][577.016s][info][gc,heap     ] GC(270) Eden regions: 253->0(255)
[2026-09-06T17:10:38.425-0400][577.016s][info][gc,heap     ] GC(270) Survivor regions: 24->21(35)
[2026-09-06T17:10:38.425-0400][577.016s][info][gc,heap     ] GC(270) Old regions: 773->777
[2026-09-06T17:10:38.425-0400][577.016s][info][gc,heap     ] GC(270) Archive regions: 0->0
[2026-09-06T17:10:38.425-0400][577.016s][info][gc,heap     ] GC(270) Humongous regions: 29->29
[2026-09-06T17:10:38.425-0400][577.016s][info][gc,metaspace] GC(270) Metaspace: 152853K(155392K)->152853K(155392K) NonClass: 131129K(132480K)->131129K(132480K) Class: 21724K(22912K)->21724K(22912K)
[2026-09-06T17:10:38.425-0400][577.016s][info][gc          ] GC(270) Pause Young (Normal) (G1 Evacuation Pause) 2154M->1651M(2452M) 5.561ms
[2026-09-06T17:10:38.425-0400][577.016s][info][gc,cpu      ] GC(270) User=0.00s Sys=0.00s Real=0.00s
[2026-09-06T17:10:38.533-0400][577.123s][info][gc,start    ] GC(271) Pause Young (Normal) (G1 Evacuation Pause)
[2026-09-06T17:10:38.533-0400][577.123s][info][gc,task     ] GC(271) Using 23 workers of 23 for evacuation
[2026-09-06T17:10:38.537-0400][577.128s][info][gc,phases   ] GC(271)   Pre Evacuate Collection Set: 0.17ms
[2026-09-06T17:10:38.537-0400][577.128s][info][gc,phases   ] GC(271)   Merge Heap Roots: 0.16ms
[2026-09-06T17:10:38.537-0400][577.128s][info][gc,phases   ] GC(271)   Evacuate Collection Set: 3.16ms
[2026-09-06T17:10:38.537-0400][577.128s][info][gc,phases   ] GC(271)   Post Evacuate Collection Set: 0.53ms
[2026-09-06T17:10:38.537-0400][577.128s][info][gc,phases   ] GC(271)   Other: 0.16ms
[2026-09-06T17:10:38.537-0400][577.128s][info][gc,heap     ] GC(271) Eden regions: 255->0(258)
[2026-09-06T17:10:38.537-0400][577.128s][info][gc,heap     ] GC(271) Survivor regions: 21->18(35)
[2026-09-06T17:10:38.537-0400][577.128s][info][gc,heap     ] GC(271) Old regions: 777->780
[2026-09-06T17:10:38.537-0400][577.128s][info][gc,heap     ] GC(271) Archive regions: 0->0
[2026-09-06T17:10:38.537-0400][577.128s][info][gc,heap     ] GC(271) Humongous regions: 29->29
[2026-09-06T17:10:38.537-0400][577.128s][info][gc,metaspace] GC(271) Metaspace: 152853K(155392K)->152853K(155392K) NonClass: 131129K(132480K)->131129K(132480K) Class: 21724K(22912K)->21724K(22912K)
[2026-09-06T17:10:38.537-0400][577.128s][info][gc          ] GC(271) Pause Young (Normal) (G1 Evacuation Pause) 2161M->1653M(2452M) 4.325ms
[2026-09-06T17:10:38.537-0400][577.128s][info][gc,cpu      ] GC(271) User=0.19s Sys=0.00s Real=0.00s
[2026-09-06T17:10:38.898-0400][577.488s][info][gc,start    ] GC(272) Pause Young (Normal) (G1 Evacuation Pause)
[2026-09-06T17:10:38.898-0400][577.488s][info][gc,task     ] GC(272) Using 23 workers of 23 for evacuation
[2026-09-06T17:10:38.902-0400][577.492s][info][gc,phases   ] GC(272)   Pre Evacuate Collection Set: 0.23ms
[2026-09-06T17:10:38.902-0400][577.492s][info][gc,phases   ] GC(272)   Merge Heap Roots: 0.17ms
[2026-09-06T17:10:38.902-0400][577.492s][info][gc,phases   ] GC(272)   Evacuate Collection Set: 3.29ms
[2026-09-06T17:10:38.902-0400][577.492s][info][gc,phases   ] GC(272)   Post Evacuate Collection Set: 0.60ms
[2026-09-06T17:10:38.902-0400][577.492s][info][gc,phases   ] GC(272)   Other: 0.21ms
[2026-09-06T17:10:38.902-0400][577.492s][info][gc,heap     ] GC(272) Eden regions: 258->0(252)
[2026-09-06T17:10:38.902-0400][577.492s][info][gc,heap     ] GC(272) Survivor regions: 18->21(35)
[2026-09-06T17:10:38.902-0400][577.492s][info][gc,heap     ] GC(272) Old regions: 780->780
[2026-09-06T17:10:38.902-0400][577.492s][info][gc,heap     ] GC(272) Archive regions: 0->0
[2026-09-06T17:10:38.902-0400][577.492s][info][gc,heap     ] GC(272) Humongous regions: 29->29
[2026-09-06T17:10:38.902-0400][577.493s][info][gc,metaspace] GC(272) Metaspace: 152858K(155392K)->152858K(155392K) NonClass: 131132K(132480K)->131132K(132480K) Class: 21726K(22912K)->21726K(22912K)
[2026-09-06T17:10:38.902-0400][577.493s][info][gc          ] GC(272) Pause Young (Normal) (G1 Evacuation Pause) 2169M->1658M(2452M) 4.605ms
[2026-09-06T17:10:38.902-0400][577.493s][info][gc,cpu      ] GC(272) User=0.00s Sys=0.00s Real=0.00s
[2026-09-06T17:10:39.060-0400][577.651s][info][gc,start    ] GC(273) Pause Young (Normal) (G1 Evacuation Pause)
[2026-09-06T17:10:39.060-0400][577.651s][info][gc,task     ] GC(273) Using 23 workers of 23 for evacuation
[2026-09-06T17:10:39.066-0400][577.656s][info][gc,phases   ] GC(273)   Pre Evacuate Collection Set: 0.37ms
[2026-09-06T17:10:39.066-0400][577.656s][info][gc,phases   ] GC(273)   Merge Heap Roots: 0.15ms
[2026-09-06T17:10:39.066-0400][577.656s][info][gc,phases   ] GC(273)   Evacuate Collection Set: 3.79ms
[2026-09-06T17:10:39.066-0400][577.656s][info][gc,phases   ] GC(273)   Post Evacuate Collection Set: 0.60ms
[2026-09-06T17:10:39.066-0400][577.656s][info][gc,phases   ] GC(273)   Other: 0.19ms
[2026-09-06T17:10:39.066-0400][577.656s][info][gc,heap     ] GC(273) Eden regions: 252->0(250)
[2026-09-06T17:10:39.066-0400][577.656s][info][gc,heap     ] GC(273) Survivor regions: 21->21(35)
[2026-09-06T17:10:39.066-0400][577.656s][info][gc,heap     ] GC(273) Old regions: 780->782
[2026-09-06T17:10:39.066-0400][577.656s][info][gc,heap     ] GC(273) Archive regions: 0->0
[2026-09-06T17:10:39.066-0400][577.656s][info][gc,heap     ] GC(273) Humongous regions: 29->29
[2026-09-06T17:10:39.066-0400][577.656s][info][gc,metaspace] GC(273) Metaspace: 152934K(155520K)->152934K(155520K) NonClass: 131186K(132544K)->131186K(132544K) Class: 21747K(22976K)->21747K(22976K)
[2026-09-06T17:10:39.066-0400][577.656s][info][gc          ] GC(273) Pause Young (Normal) (G1 Evacuation Pause) 2162M->1660M(2452M) 5.237ms
[2026-09-06T17:10:39.066-0400][577.656s][info][gc,cpu      ] GC(273) User=0.00s Sys=0.00s Real=0.01s
[2026-09-06T17:10:39.171-0400][577.762s][info][gc,start    ] GC(274) Pause Young (Normal) (G1 Evacuation Pause)
[2026-09-06T17:10:39.171-0400][577.762s][info][gc,task     ] GC(274) Using 23 workers of 23 for evacuation
[2026-09-06T17:10:39.175-0400][577.766s][info][gc,phases   ] GC(274)   Pre Evacuate Collection Set: 0.11ms
[2026-09-06T17:10:39.175-0400][577.766s][info][gc,phases   ] GC(274)   Merge Heap Roots: 0.16ms
[2026-09-06T17:10:39.175-0400][577.766s][info][gc,phases   ] GC(274)   Evacuate Collection Set: 3.28ms
[2026-09-06T17:10:39.175-0400][577.766s][info][gc,phases   ] GC(274)   Post Evacuate Collection Set: 0.63ms
[2026-09-06T17:10:39.175-0400][577.766s][info][gc,phases   ] GC(274)   Other: 0.18ms
[2026-09-06T17:10:39.175-0400][577.766s][info][gc,heap     ] GC(274) Eden regions: 250->0(253)
[2026-09-06T17:10:39.175-0400][577.766s][info][gc,heap     ] GC(274) Survivor regions: 21->18(34)
[2026-09-06T17:10:39.175-0400][577.766s][info][gc,heap     ] GC(274) Old regions: 782->785
[2026-09-06T17:10:39.175-0400][577.766s][info][gc,heap     ] GC(274) Archive regions: 0->0
[2026-09-06T17:10:39.175-0400][577.766s][info][gc,heap     ] GC(274) Humongous regions: 29->29
[2026-09-06T17:10:39.175-0400][577.766s][info][gc,metaspace] GC(274) Metaspace: 152965K(155584K)->152965K(155584K) NonClass: 131208K(132608K)->131208K(132608K) Class: 21756K(22976K)->21756K(22976K)
[2026-09-06T17:10:39.175-0400][577.766s][info][gc          ] GC(274) Pause Young (Normal) (G1 Evacuation Pause) 2160M->1661M(2452M) 4.490ms
[2026-09-06T17:10:39.175-0400][577.766s][info][gc,cpu      ] GC(274) User=0.00s Sys=0.00s Real=0.00s
[2026-09-06T17:10:39.596-0400][578.186s][info][gc,start    ] GC(275) Pause Young (Normal) (G1 Evacuation Pause)
[2026-09-06T17:10:39.596-0400][578.186s][info][gc,task     ] GC(275) Using 23 workers of 23 for evacuation
[2026-09-06T17:10:39.600-0400][578.190s][info][gc,phases   ] GC(275)   Pre Evacuate Collection Set: 0.24ms
[2026-09-06T17:10:39.600-0400][578.190s][info][gc,phases   ] GC(275)   Merge Heap Roots: 0.13ms
[2026-09-06T17:10:39.600-0400][578.190s][info][gc,phases   ] GC(275)   Evacuate Collection Set: 2.60ms
[2026-09-06T17:10:39.600-0400][578.190s][info][gc,phases   ] GC(275)   Post Evacuate Collection Set: 0.53ms
[2026-09-06T17:10:39.600-0400][578.190s][info][gc,phases   ] GC(275)   Other: 0.13ms
[2026-09-06T17:10:39.600-0400][578.190s][info][gc,heap     ] GC(275) Eden regions: 253->0(255)
[2026-09-06T17:10:39.600-0400][578.190s][info][gc,heap     ] GC(275) Survivor regions: 18->17(34)
[2026-09-06T17:10:39.600-0400][578.190s][info][gc,heap     ] GC(275) Old regions: 785->785
[2026-09-06T17:10:39.600-0400][578.190s][info][gc,heap     ] GC(275) Archive regions: 0->0
[2026-09-06T17:10:39.600-0400][578.190s][info][gc,heap     ] GC(275) Humongous regions: 29->29
[2026-09-06T17:10:39.600-0400][578.190s][info][gc,metaspace] GC(275) Metaspace: 152995K(155584K)->152995K(155584K) NonClass: 131231K(132608K)->131231K(132608K) Class: 21763K(22976K)->21763K(22976K)
[2026-09-06T17:10:39.600-0400][578.190s][info][gc          ] GC(275) Pause Young (Normal) (G1 Evacuation Pause) 2167M->1659M(2452M) 3.747ms
[2026-09-06T17:10:39.600-0400][578.190s][info][gc,cpu      ] GC(275) User=0.03s Sys=0.03s Real=0.00s
[2026-09-06T17:10:39.776-0400][578.367s][info][gc,start    ] GC(276) Pause Young (Normal) (GCLocker Initiated GC)
[2026-09-06T17:10:39.776-0400][578.367s][info][gc,task     ] GC(276) Using 23 workers of 23 for evacuation
[2026-09-06T17:10:39.781-0400][578.371s][info][gc,phases   ] GC(276)   Pre Evacuate Collection Set: 0.24ms
[2026-09-06T17:10:39.781-0400][578.371s][info][gc,phases   ] GC(276)   Merge Heap Roots: 0.15ms
[2026-09-06T17:10:39.781-0400][578.371s][info][gc,phases   ] GC(276)   Evacuate Collection Set: 3.21ms
[2026-09-06T17:10:39.781-0400][578.371s][info][gc,phases   ] GC(276)   Post Evacuate Collection Set: 0.61ms
[2026-09-06T17:10:39.781-0400][578.371s][info][gc,phases   ] GC(276)   Other: 0.20ms
[2026-09-06T17:10:39.781-0400][578.371s][info][gc,heap     ] GC(276) Eden regions: 255->0(247)
[2026-09-06T17:10:39.781-0400][578.371s][info][gc,heap     ] GC(276) Survivor regions: 17->21(34)
[2026-09-06T17:10:39.781-0400][578.371s][info][gc,heap     ] GC(276) Old regions: 785->785
[2026-09-06T17:10:39.781-0400][578.371s][info][gc,heap     ] GC(276) Archive regions: 0->0
[2026-09-06T17:10:39.781-0400][578.371s][info][gc,heap     ] GC(276) Humongous regions: 29->29
[2026-09-06T17:10:39.781-0400][578.371s][info][gc,metaspace] GC(276) Metaspace: 153022K(155584K)->153022K(155584K) NonClass: 131252K(132608K)->131252K(132608K) Class: 21770K(22976K)->21770K(22976K)
[2026-09-06T17:10:39.781-0400][578.371s][info][gc          ] GC(276) Pause Young (Normal) (GCLocker Initiated GC) 2169M->1667M(2452M) 4.512ms
[2026-09-06T17:10:39.781-0400][578.371s][info][gc,cpu      ] GC(276) User=0.00s Sys=0.00s Real=0.00s
[2026-09-06T17:10:40.039-0400][578.630s][info][gc,start    ] GC(277) Pause Young (Normal) (G1 Evacuation Pause)
[2026-09-06T17:10:40.039-0400][578.630s][info][gc,task     ] GC(277) Using 23 workers of 23 for evacuation
[2026-09-06T17:10:40.044-0400][578.634s][info][gc,phases   ] GC(277)   Pre Evacuate Collection Set: 0.22ms
[2026-09-06T17:10:40.044-0400][578.634s][info][gc,phases   ] GC(277)   Merge Heap Roots: 0.18ms
[2026-09-06T17:10:40.044-0400][578.634s][info][gc,phases   ] GC(277)   Evacuate Collection Set: 3.15ms
[2026-09-06T17:10:40.044-0400][578.634s][info][gc,phases   ] GC(277)   Post Evacuate Collection Set: 0.62ms
[2026-09-06T17:10:40.044-0400][578.634s][info][gc,phases   ] GC(277)   Other: 0.17ms
[2026-09-06T17:10:40.044-0400][578.634s][info][gc,heap     ] GC(277) Eden regions: 247->0(250)
[2026-09-06T17:10:40.044-0400][578.634s][info][gc,heap     ] GC(277) Survivor regions: 21->18(34)
[2026-09-06T17:10:40.044-0400][578.634s][info][gc,heap     ] GC(277) Old regions: 785->788
[2026-09-06T17:10:40.044-0400][578.634s][info][gc,heap     ] GC(277) Archive regions: 0->0
[2026-09-06T17:10:40.044-0400][578.634s][info][gc,heap     ] GC(277) Humongous regions: 29->29
[2026-09-06T17:10:40.044-0400][578.634s][info][gc,metaspace] GC(277) Metaspace: 153037K(155584K)->153037K(155584K) NonClass: 131263K(132608K)->131263K(132608K) Class: 21773K(22976K)->21773K(22976K)
[2026-09-06T17:10:40.044-0400][578.634s][info][gc          ] GC(277) Pause Young (Normal) (G1 Evacuation Pause) 2161M->1668M(2452M) 4.466ms
[2026-09-06T17:10:40.044-0400][578.634s][info][gc,cpu      ] GC(277) User=0.00s Sys=0.00s Real=0.00s
[2026-09-06T17:10:40.154-0400][578.744s][info][gc,start    ] GC(278) Pause Young (Normal) (G1 Evacuation Pause)
[2026-09-06T17:10:40.154-0400][578.744s][info][gc,task     ] GC(278) Using 23 workers of 23 for evacuation
[2026-09-06T17:10:40.159-0400][578.749s][info][gc,phases   ] GC(278)   Pre Evacuate Collection Set: 0.17ms
[2026-09-06T17:10:40.159-0400][578.749s][info][gc,phases   ] GC(278)   Merge Heap Roots: 0.17ms
[2026-09-06T17:10:40.159-0400][578.749s][info][gc,phases   ] GC(278)   Evacuate Collection Set: 3.53ms
[2026-09-06T17:10:40.159-0400][578.749s][info][gc,phases   ] GC(278)   Post Evacuate Collection Set: 0.58ms
[2026-09-06T17:10:40.159-0400][578.749s][info][gc,phases   ] GC(278)   Other: 0.18ms
[2026-09-06T17:10:40.159-0400][578.749s][info][gc,heap     ] GC(278) Eden regions: 250->0(242)
[2026-09-06T17:10:40.159-0400][578.749s][info][gc,heap     ] GC(278) Survivor regions: 18->22(34)
[2026-09-06T17:10:40.159-0400][578.749s][info][gc,heap     ] GC(278) Old regions: 788->788
[2026-09-06T17:10:40.159-0400][578.749s][info][gc,heap     ] GC(278) Archive regions: 0->0
[2026-09-06T17:10:40.159-0400][578.749s][info][gc,heap     ] GC(278) Humongous regions: 29->29
[2026-09-06T17:10:40.159-0400][578.749s][info][gc,metaspace] GC(278) Metaspace: 153051K(155648K)->153051K(155648K) NonClass: 131275K(132672K)->131275K(132672K) Class: 21776K(22976K)->21776K(22976K)
[2026-09-06T17:10:40.159-0400][578.749s][info][gc          ] GC(278) Pause Young (Normal) (G1 Evacuation Pause) 2168M->1675M(2452M) 4.772ms
[2026-09-06T17:10:40.159-0400][578.749s][info][gc,cpu      ] GC(278) User=0.00s Sys=0.00s Real=0.00s
[2026-09-06T17:10:40.257-0400][578.848s][info][gc,start    ] GC(279) Pause Young (Normal) (G1 Evacuation Pause)
[2026-09-06T17:10:40.258-0400][578.848s][info][gc,task     ] GC(279) Using 23 workers of 23 for evacuation
[2026-09-06T17:10:40.261-0400][578.852s][info][gc,phases   ] GC(279)   Pre Evacuate Collection Set: 0.09ms
[2026-09-06T17:10:40.261-0400][578.852s][info][gc,phases   ] GC(279)   Merge Heap Roots: 0.13ms
[2026-09-06T17:10:40.261-0400][578.852s][info][gc,phases   ] GC(279)   Evacuate Collection Set: 3.45ms
[2026-09-06T17:10:40.261-0400][578.852s][info][gc,phases   ] GC(279)   Post Evacuate Collection Set: 0.56ms
[2026-09-06T17:10:40.261-0400][578.852s][info][gc,phases   ] GC(279)   Other: 0.16ms
[2026-09-06T17:10:40.261-0400][578.852s][info][gc,heap     ] GC(279) Eden regions: 242->0(245)
[2026-09-06T17:10:40.261-0400][578.852s][info][gc,heap     ] GC(279) Survivor regions: 22->18(33)
[2026-09-06T17:10:40.261-0400][578.852s][info][gc,heap     ] GC(279) Old regions: 788->793
[2026-09-06T17:10:40.261-0400][578.852s][info][gc,heap     ] GC(279) Archive regions: 0->0
[2026-09-06T17:10:40.261-0400][578.852s][info][gc,heap     ] GC(279) Humongous regions: 29->29
[2026-09-06T17:10:40.261-0400][578.852s][info][gc,metaspace] GC(279) Metaspace: 153056K(155648K)->153056K(155648K) NonClass: 131280K(132672K)->131280K(132672K) Class: 21776K(22976K)->21776K(22976K)
[2026-09-06T17:10:40.261-0400][578.852s][info][gc          ] GC(279) Pause Young (Normal) (G1 Evacuation Pause) 2159M->1678M(2452M) 4.537ms
[2026-09-06T17:10:40.262-0400][578.852s][info][gc,cpu      ] GC(279) User=0.00s Sys=0.00s Real=0.01s
[2026-09-06T17:10:40.501-0400][579.091s][info][gc,start    ] GC(280) Pause Young (Normal) (G1 Evacuation Pause)
[2026-09-06T17:10:40.501-0400][579.091s][info][gc,task     ] GC(280) Using 23 workers of 23 for evacuation
[2026-09-06T17:10:40.505-0400][579.096s][info][gc,phases   ] GC(280)   Pre Evacuate Collection Set: 0.23ms
[2026-09-06T17:10:40.505-0400][579.096s][info][gc,phases   ] GC(280)   Merge Heap Roots: 0.20ms
[2026-09-06T17:10:40.505-0400][579.096s][info][gc,phases   ] GC(280)   Evacuate Collection Set: 3.67ms
[2026-09-06T17:10:40.505-0400][579.096s][info][gc,phases   ] GC(280)   Post Evacuate Collection Set: 0.71ms
[2026-09-06T17:10:40.505-0400][579.096s][info][gc,phases   ] GC(280)   Other: 0.18ms
[2026-09-06T17:10:40.505-0400][579.096s][info][gc,heap     ] GC(280) Eden regions: 245->0(241)
[2026-09-06T17:10:40.505-0400][579.096s][info][gc,heap     ] GC(280) Survivor regions: 18->20(33)
[2026-09-06T17:10:40.505-0400][579.096s][info][gc,heap     ] GC(280) Old regions: 793->793
[2026-09-06T17:10:40.505-0400][579.096s][info][gc,heap     ] GC(280) Archive regions: 0->0
[2026-09-06T17:10:40.505-0400][579.096s][info][gc,heap     ] GC(280) Humongous regions: 29->29
[2026-09-06T17:10:40.505-0400][579.096s][info][gc,metaspace] GC(280) Metaspace: 153061K(155648K)->153061K(155648K) NonClass: 131284K(132672K)->131284K(132672K) Class: 21776K(22976K)->21776K(22976K)
[2026-09-06T17:10:40.505-0400][579.096s][info][gc          ] GC(280) Pause Young (Normal) (G1 Evacuation Pause) 2168M->1681M(2452M) 5.123ms
[2026-09-06T17:10:40.505-0400][579.096s][info][gc,cpu      ] GC(280) User=0.00s Sys=0.00s Real=0.00s
[2026-09-06T17:10:40.610-0400][579.200s][info][gc,start    ] GC(281) Pause Young (Normal) (G1 Evacuation Pause)
[2026-09-06T17:10:40.610-0400][579.200s][info][gc,task     ] GC(281) Using 23 workers of 23 for evacuation
[2026-09-06T17:10:40.614-0400][579.205s][info][gc,phases   ] GC(281)   Pre Evacuate Collection Set: 0.14ms
[2026-09-06T17:10:40.614-0400][579.205s][info][gc,phases   ] GC(281)   Merge Heap Roots: 0.13ms
[2026-09-06T17:10:40.614-0400][579.205s][info][gc,phases   ] GC(281)   Evacuate Collection Set: 3.67ms
[2026-09-06T17:10:40.614-0400][579.205s][info][gc,phases   ] GC(281)   Post Evacuate Collection Set: 0.58ms
[2026-09-06T17:10:40.614-0400][579.205s][info][gc,phases   ] GC(281)   Other: 0.16ms
[2026-09-06T17:10:40.614-0400][579.205s][info][gc,heap     ] GC(281) Eden regions: 241->0(242)
[2026-09-06T17:10:40.614-0400][579.205s][info][gc,heap     ] GC(281) Survivor regions: 20->18(33)
[2026-09-06T17:10:40.614-0400][579.205s][info][gc,heap     ] GC(281) Old regions: 793->796
[2026-09-06T17:10:40.614-0400][579.205s][info][gc,heap     ] GC(281) Archive regions: 0->0
[2026-09-06T17:10:40.614-0400][579.205s][info][gc,heap     ] GC(281) Humongous regions: 29->29
[2026-09-06T17:10:40.614-0400][579.205s][info][gc,metaspace] GC(281) Metaspace: 153061K(155648K)->153061K(155648K) NonClass: 131284K(132672K)->131284K(132672K) Class: 21776K(22976K)->21776K(22976K)
[2026-09-06T17:10:40.614-0400][579.205s][info][gc          ] GC(281) Pause Young (Normal) (G1 Evacuation Pause) 2163M->1682M(2452M) 4.842ms
[2026-09-06T17:10:40.614-0400][579.205s][info][gc,cpu      ] GC(281) User=0.00s Sys=0.00s Real=0.00s
[2026-09-06T17:10:40.936-0400][579.527s][info][gc,start    ] GC(282) Pause Young (Normal) (G1 Evacuation Pause)
[2026-09-06T17:10:40.936-0400][579.527s][info][gc,task     ] GC(282) Using 23 workers of 23 for evacuation
[2026-09-06T17:10:40.939-0400][579.531s][info][gc,phases   ] GC(282)   Pre Evacuate Collection Set: 0.22ms
[2026-09-06T17:10:40.941-0400][579.531s][info][gc,phases   ] GC(282)   Merge Heap Roots: 0.17ms
[2026-09-06T17:10:40.941-0400][579.531s][info][gc,phases   ] GC(282)   Evacuate Collection Set: 2.83ms
[2026-09-06T17:10:40.941-0400][579.531s][info][gc,phases   ] GC(282)   Post Evacuate Collection Set: 0.57ms
[2026-09-06T17:10:40.941-0400][579.531s][info][gc,phases   ] GC(282)   Other: 0.16ms
[2026-09-06T17:10:40.941-0400][579.531s][info][gc,heap     ] GC(282) Eden regions: 242->0(238)
[2026-09-06T17:10:40.941-0400][579.531s][info][gc,heap     ] GC(282) Survivor regions: 18->20(33)
[2026-09-06T17:10:40.941-0400][579.531s][info][gc,heap     ] GC(282) Old regions: 796->796
[2026-09-06T17:10:40.941-0400][579.531s][info][gc,heap     ] GC(282) Archive regions: 0->0
[2026-09-06T17:10:40.941-0400][579.531s][info][gc,heap     ] GC(282) Humongous regions: 29->29
[2026-09-06T17:10:40.941-0400][579.531s][info][gc,metaspace] GC(282) Metaspace: 153131K(155776K)->153131K(155776K) NonClass: 131339K(132736K)->131339K(132736K) Class: 21792K(23040K)->21792K(23040K)
[2026-09-06T17:10:40.941-0400][579.531s][info][gc          ] GC(282) Pause Young (Normal) (G1 Evacuation Pause) 2166M->1686M(2452M) 4.201ms
[2026-09-06T17:10:40.941-0400][579.531s][info][gc,cpu      ] GC(282) User=0.00s Sys=0.00s Real=0.00s
[2026-09-06T17:10:41.091-0400][579.682s][info][gc,start    ] GC(283) Pause Young (Normal) (G1 Evacuation Pause)
[2026-09-06T17:10:41.091-0400][579.682s][info][gc,task     ] GC(283) Using 23 workers of 23 for evacuation
[2026-09-06T17:10:41.095-0400][579.686s][info][gc,phases   ] GC(283)   Pre Evacuate Collection Set: 0.23ms
[2026-09-06T17:10:41.095-0400][579.686s][info][gc,phases   ] GC(283)   Merge Heap Roots: 0.13ms
[2026-09-06T17:10:41.095-0400][579.686s][info][gc,phases   ] GC(283)   Evacuate Collection Set: 2.95ms
[2026-09-06T17:10:41.095-0400][579.686s][info][gc,phases   ] GC(283)   Post Evacuate Collection Set: 0.52ms
[2026-09-06T17:10:41.095-0400][579.686s][info][gc,phases   ] GC(283)   Other: 0.14ms
[2026-09-06T17:10:41.095-0400][579.686s][info][gc,heap     ] GC(283) Eden regions: 238->0(237)
[2026-09-06T17:10:41.095-0400][579.686s][info][gc,heap     ] GC(283) Survivor regions: 20->20(33)
[2026-09-06T17:10:41.095-0400][579.686s][info][gc,heap     ] GC(283) Old regions: 796->797
[2026-09-06T17:10:41.095-0400][579.686s][info][gc,heap     ] GC(283) Archive regions: 0->0
[2026-09-06T17:10:41.095-0400][579.686s][info][gc,heap     ] GC(283) Humongous regions: 29->29
[2026-09-06T17:10:41.095-0400][579.686s][info][gc,metaspace] GC(283) Metaspace: 153140K(155776K)->153140K(155776K) NonClass: 131347K(132736K)->131347K(132736K) Class: 21792K(23040K)->21792K(23040K)
[2026-09-06T17:10:41.095-0400][579.686s][info][gc          ] GC(283) Pause Young (Normal) (G1 Evacuation Pause) 2162M->1691M(2452M) 4.073ms
[2026-09-06T17:10:41.095-0400][579.686s][info][gc,cpu      ] GC(283) User=0.00s Sys=0.00s Real=0.00s
[2026-09-06T17:10:41.258-0400][579.848s][info][gc,start    ] GC(284) Pause Young (Normal) (GCLocker Initiated GC)
[2026-09-06T17:10:41.258-0400][579.848s][info][gc,task     ] GC(284) Using 23 workers of 23 for evacuation
[2026-09-06T17:10:41.262-0400][579.853s][info][gc,phases   ] GC(284)   Pre Evacuate Collection Set: 0.19ms
[2026-09-06T17:10:41.262-0400][579.853s][info][gc,phases   ] GC(284)   Merge Heap Roots: 0.17ms
[2026-09-06T17:10:41.262-0400][579.853s][info][gc,phases   ] GC(284)   Evacuate Collection Set: 3.37ms
[2026-09-06T17:10:41.262-0400][579.853s][info][gc,phases   ] GC(284)   Post Evacuate Collection Set: 0.78ms
[2026-09-06T17:10:41.262-0400][579.853s][info][gc,phases   ] GC(284)   Other: 0.14ms
[2026-09-06T17:10:41.262-0400][579.853s][info][gc,heap     ] GC(284) Eden regions: 238->0(237)
[2026-09-06T17:10:41.262-0400][579.853s][info][gc,heap     ] GC(284) Survivor regions: 20->19(33)
[2026-09-06T17:10:41.262-0400][579.853s][info][gc,heap     ] GC(284) Old regions: 797->799
[2026-09-06T17:10:41.262-0400][579.853s][info][gc,heap     ] GC(284) Archive regions: 0->0
[2026-09-06T17:10:41.262-0400][579.853s][info][gc,heap     ] GC(284) Humongous regions: 29->29
[2026-09-06T17:10:41.262-0400][579.853s][info][gc,metaspace] GC(284) Metaspace: 153142K(155776K)->153142K(155776K) NonClass: 131349K(132736K)->131349K(132736K) Class: 21792K(23040K)->21792K(23040K)
[2026-09-06T17:10:41.262-0400][579.853s][info][gc          ] GC(284) Pause Young (Normal) (GCLocker Initiated GC) 2165M->1693M(2452M) 4.777ms
[2026-09-06T17:10:41.262-0400][579.853s][info][gc,cpu      ] GC(284) User=0.00s Sys=0.00s Real=0.00s
[2026-09-06T17:10:41.498-0400][580.088s][info][gc,start    ] GC(285) Pause Young (Normal) (G1 Evacuation Pause)
[2026-09-06T17:10:41.498-0400][580.088s][info][gc,task     ] GC(285) Using 23 workers of 23 for evacuation
[2026-09-06T17:10:41.502-0400][580.093s][info][gc,phases   ] GC(285)   Pre Evacuate Collection Set: 0.21ms
[2026-09-06T17:10:41.502-0400][580.093s][info][gc,phases   ] GC(285)   Merge Heap Roots: 0.19ms
[2026-09-06T17:10:41.502-0400][580.093s][info][gc,phases   ] GC(285)   Evacuate Collection Set: 3.94ms
[2026-09-06T17:10:41.502-0400][580.093s][info][gc,phases   ] GC(285)   Post Evacuate Collection Set: 0.68ms
[2026-09-06T17:10:41.502-0400][580.093s][info][gc,phases   ] GC(285)   Other: 0.17ms
[2026-09-06T17:10:41.502-0400][580.093s][info][gc,heap     ] GC(285) Eden regions: 237->0(234)
[2026-09-06T17:10:41.502-0400][580.093s][info][gc,heap     ] GC(285) Survivor regions: 19->19(32)
[2026-09-06T17:10:41.502-0400][580.093s][info][gc,heap     ] GC(285) Old regions: 799->802
[2026-09-06T17:10:41.502-0400][580.093s][info][gc,heap     ] GC(285) Archive regions: 0->0
[2026-09-06T17:10:41.502-0400][580.093s][info][gc,heap     ] GC(285) Humongous regions: 29->29
[2026-09-06T17:10:41.502-0400][580.093s][info][gc,metaspace] GC(285) Metaspace: 153163K(155776K)->153163K(155776K) NonClass: 131367K(132736K)->131367K(132736K) Class: 21795K(23040K)->21795K(23040K)
[2026-09-06T17:10:41.502-0400][580.093s][info][gc          ] GC(285) Pause Young (Normal) (G1 Evacuation Pause) 2167M->1697M(2452M) 5.300ms
[2026-09-06T17:10:41.502-0400][580.093s][info][gc,cpu      ] GC(285) User=0.00s Sys=0.00s Real=0.00s
[2026-09-06T17:10:41.619-0400][580.210s][info][gc,start    ] GC(286) Pause Young (Normal) (G1 Evacuation Pause)
[2026-09-06T17:10:41.619-0400][580.210s][info][gc,task     ] GC(286) Using 23 workers of 23 for evacuation
[2026-09-06T17:10:41.624-0400][580.214s][info][gc,phases   ] GC(286)   Pre Evacuate Collection Set: 0.15ms
[2026-09-06T17:10:41.624-0400][580.214s][info][gc,phases   ] GC(286)   Merge Heap Roots: 0.13ms
[2026-09-06T17:10:41.624-0400][580.214s][info][gc,phases   ] GC(286)   Evacuate Collection Set: 2.87ms
[2026-09-06T17:10:41.624-0400][580.214s][info][gc,phases   ] GC(286)   Post Evacuate Collection Set: 0.48ms
[2026-09-06T17:10:41.624-0400][580.214s][info][gc,phases   ] GC(286)   Other: 0.15ms
[2026-09-06T17:10:41.624-0400][580.214s][info][gc,heap     ] GC(286) Eden regions: 234->0(235)
[2026-09-06T17:10:41.624-0400][580.214s][info][gc,heap     ] GC(286) Survivor regions: 19->18(32)
[2026-09-06T17:10:41.624-0400][580.214s][info][gc,heap     ] GC(286) Old regions: 802->803
[2026-09-06T17:10:41.624-0400][580.214s][info][gc,heap     ] GC(286) Archive regions: 0->0
[2026-09-06T17:10:41.624-0400][580.214s][info][gc,heap     ] GC(286) Humongous regions: 29->29
[2026-09-06T17:10:41.624-0400][580.214s][info][gc,metaspace] GC(286) Metaspace: 153167K(155776K)->153167K(155776K) NonClass: 131372K(132736K)->131372K(132736K) Class: 21795K(23040K)->21795K(23040K)
[2026-09-06T17:10:41.624-0400][580.214s][info][gc          ] GC(286) Pause Young (Normal) (G1 Evacuation Pause) 2165M->1699M(2452M) 4.017ms
[2026-09-06T17:10:41.624-0400][580.214s][info][gc,cpu      ] GC(286) User=0.00s Sys=0.00s Real=0.01s
[2026-09-06T17:10:41.903-0400][580.494s][info][gc,start    ] GC(287) Pause Young (Normal) (G1 Evacuation Pause)
[2026-09-06T17:10:41.903-0400][580.494s][info][gc,task     ] GC(287) Using 23 workers of 23 for evacuation
[2026-09-06T17:10:41.907-0400][580.498s][info][gc,phases   ] GC(287)   Pre Evacuate Collection Set: 0.20ms
[2026-09-06T17:10:41.907-0400][580.498s][info][gc,phases   ] GC(287)   Merge Heap Roots: 0.14ms
[2026-09-06T17:10:41.907-0400][580.498s][info][gc,phases   ] GC(287)   Evacuate Collection Set: 3.11ms
[2026-09-06T17:10:41.907-0400][580.498s][info][gc,phases   ] GC(287)   Post Evacuate Collection Set: 0.64ms
[2026-09-06T17:10:41.907-0400][580.498s][info][gc,phases   ] GC(287)   Other: 0.14ms
[2026-09-06T17:10:41.907-0400][580.498s][info][gc,heap     ] GC(287) Eden regions: 235->0(230)
[2026-09-06T17:10:41.907-0400][580.498s][info][gc,heap     ] GC(287) Survivor regions: 18->19(32)
[2026-09-06T17:10:41.907-0400][580.498s][info][gc,heap     ] GC(287) Old regions: 803->806
[2026-09-06T17:10:41.907-0400][580.498s][info][gc,heap     ] GC(287) Archive regions: 0->0
[2026-09-06T17:10:41.907-0400][580.498s][info][gc,heap     ] GC(287) Humongous regions: 29->29
[2026-09-06T17:10:41.907-0400][580.498s][info][gc,metaspace] GC(287) Metaspace: 153184K(155776K)->153184K(155776K) NonClass: 131385K(132736K)->131385K(132736K) Class: 21798K(23040K)->21798K(23040K)
[2026-09-06T17:10:41.907-0400][580.498s][info][gc          ] GC(287) Pause Young (Normal) (G1 Evacuation Pause) 2169M->1706M(2452M) 4.340ms
[2026-09-06T17:10:41.907-0400][580.498s][info][gc,cpu      ] GC(287) User=0.00s Sys=0.00s Real=0.00s
[2026-09-06T17:10:41.988-0400][580.579s][info][gc,start    ] GC(288) Pause Young (Normal) (G1 Evacuation Pause)
[2026-09-06T17:10:41.988-0400][580.579s][info][gc,task     ] GC(288) Using 23 workers of 23 for evacuation
[2026-09-06T17:10:41.993-0400][580.584s][info][gc,phases   ] GC(288)   Pre Evacuate Collection Set: 0.16ms
[2026-09-06T17:10:41.994-0400][580.584s][info][gc,phases   ] GC(288)   Merge Heap Roots: 0.16ms
[2026-09-06T17:10:41.994-0400][580.584s][info][gc,phases   ] GC(288)   Evacuate Collection Set: 3.73ms
[2026-09-06T17:10:41.994-0400][580.584s][info][gc,phases   ] GC(288)   Post Evacuate Collection Set: 0.75ms
[2026-09-06T17:10:41.994-0400][580.584s][info][gc,phases   ] GC(288)   Other: 0.18ms
[2026-09-06T17:10:41.994-0400][580.584s][info][gc,heap     ] GC(288) Eden regions: 230->0(229)
[2026-09-06T17:10:41.994-0400][580.584s][info][gc,heap     ] GC(288) Survivor regions: 19->18(32)
[2026-09-06T17:10:41.994-0400][580.584s][info][gc,heap     ] GC(288) Old regions: 806->809
[2026-09-06T17:10:41.994-0400][580.584s][info][gc,heap     ] GC(288) Archive regions: 0->0
[2026-09-06T17:10:41.994-0400][580.584s][info][gc,heap     ] GC(288) Humongous regions: 29->29
[2026-09-06T17:10:41.994-0400][580.584s][info][gc,metaspace] GC(288) Metaspace: 153195K(155840K)->153195K(155840K) NonClass: 131395K(132800K)->131395K(132800K) Class: 21800K(23040K)->21800K(23040K)
[2026-09-06T17:10:41.994-0400][580.584s][info][gc          ] GC(288) Pause Young (Normal) (G1 Evacuation Pause) 2166M->1709M(2452M) 5.106ms
[2026-09-06T17:10:41.994-0400][580.584s][info][gc,cpu      ] GC(288) User=0.36s Sys=0.02s Real=0.01s
[2026-09-06T17:10:42.311-0400][580.902s][info][gc,start    ] GC(289) Pause Young (Normal) (G1 Evacuation Pause)
[2026-09-06T17:10:42.311-0400][580.902s][info][gc,task     ] GC(289) Using 23 workers of 23 for evacuation
[2026-09-06T17:10:42.314-0400][580.905s][info][gc,phases   ] GC(289)   Pre Evacuate Collection Set: 0.22ms
[2026-09-06T17:10:42.314-0400][580.905s][info][gc,phases   ] GC(289)   Merge Heap Roots: 0.12ms
[2026-09-06T17:10:42.314-0400][580.905s][info][gc,phases   ] GC(289)   Evacuate Collection Set: 2.31ms
[2026-09-06T17:10:42.314-0400][580.905s][info][gc,phases   ] GC(289)   Post Evacuate Collection Set: 0.46ms
[2026-09-06T17:10:42.314-0400][580.905s][info][gc,phases   ] GC(289)   Other: 0.15ms
[2026-09-06T17:10:42.314-0400][580.905s][info][gc,heap     ] GC(289) Eden regions: 229->0(231)
[2026-09-06T17:10:42.314-0400][580.905s][info][gc,heap     ] GC(289) Survivor regions: 18->17(31)
[2026-09-06T17:10:42.314-0400][580.905s][info][gc,heap     ] GC(289) Old regions: 809->809
[2026-09-06T17:10:42.314-0400][580.905s][info][gc,heap     ] GC(289) Archive regions: 0->0
[2026-09-06T17:10:42.314-0400][580.905s][info][gc,heap     ] GC(289) Humongous regions: 29->29
[2026-09-06T17:10:42.314-0400][580.905s][info][gc,metaspace] GC(289) Metaspace: 153207K(155840K)->153207K(155840K) NonClass: 131406K(132800K)->131406K(132800K) Class: 21800K(23040K)->21800K(23040K)
[2026-09-06T17:10:42.314-0400][580.905s][info][gc          ] GC(289) Pause Young (Normal) (G1 Evacuation Pause) 2167M->1707M(2452M) 3.382ms
[2026-09-06T17:10:42.314-0400][580.905s][info][gc,cpu      ] GC(289) User=0.00s Sys=0.00s Real=0.00s
[2026-09-06T17:10:42.545-0400][581.136s][info][gc,start    ] GC(290) Pause Young (Normal) (G1 Evacuation Pause)
[2026-09-06T17:10:42.545-0400][581.136s][info][gc,task     ] GC(290) Using 23 workers of 23 for evacuation
[2026-09-06T17:10:42.549-0400][581.140s][info][gc,phases   ] GC(290)   Pre Evacuate Collection Set: 0.24ms
[2026-09-06T17:10:42.551-0400][581.141s][info][gc,phases   ] GC(290)   Merge Heap Roots: 0.22ms
[2026-09-06T17:10:42.551-0400][581.141s][info][gc,phases   ] GC(290)   Evacuate Collection Set: 3.43ms
[2026-09-06T17:10:42.551-0400][581.141s][info][gc,phases   ] GC(290)   Post Evacuate Collection Set: 0.55ms
[2026-09-06T17:10:42.551-0400][581.141s][info][gc,phases   ] GC(290)   Other: 0.15ms
[2026-09-06T17:10:42.551-0400][581.141s][info][gc,heap     ] GC(290) Eden regions: 231->0(223)
[2026-09-06T17:10:42.551-0400][581.141s][info][gc,heap     ] GC(290) Survivor regions: 17->21(31)
[2026-09-06T17:10:42.551-0400][581.141s][info][gc,heap     ] GC(290) Old regions: 809->809
[2026-09-06T17:10:42.551-0400][581.141s][info][gc,heap     ] GC(290) Archive regions: 0->0
[2026-09-06T17:10:42.551-0400][581.141s][info][gc,heap     ] GC(290) Humongous regions: 29->29
[2026-09-06T17:10:42.551-0400][581.141s][info][gc,metaspace] GC(290) Metaspace: 153223K(155840K)->153223K(155840K) NonClass: 131423K(132800K)->131423K(132800K) Class: 21800K(23040K)->21800K(23040K)
[2026-09-06T17:10:42.551-0400][581.141s][info][gc          ] GC(290) Pause Young (Normal) (G1 Evacuation Pause) 2169M->1715M(2452M) 4.690ms
[2026-09-06T17:10:42.551-0400][581.141s][info][gc,cpu      ] GC(290) User=0.00s Sys=0.00s Real=0.01s
[2026-09-06T17:10:42.604-0400][581.195s][info][gc,start    ] GC(291) Pause Young (Normal) (G1 Evacuation Pause)
[2026-09-06T17:10:42.604-0400][581.195s][info][gc,task     ] GC(291) Using 23 workers of 23 for evacuation
[2026-09-06T17:10:42.609-0400][581.199s][info][gc,phases   ] GC(291)   Pre Evacuate Collection Set: 0.22ms
[2026-09-06T17:10:42.609-0400][581.199s][info][gc,phases   ] GC(291)   Merge Heap Roots: 0.13ms
[2026-09-06T17:10:42.609-0400][581.199s][info][gc,phases   ] GC(291)   Evacuate Collection Set: 3.66ms
[2026-09-06T17:10:42.609-0400][581.199s][info][gc,phases   ] GC(291)   Post Evacuate Collection Set: 0.57ms
[2026-09-06T17:10:42.609-0400][581.199s][info][gc,phases   ] GC(291)   Other: 0.18ms
[2026-09-06T17:10:42.609-0400][581.199s][info][gc,heap     ] GC(291) Eden regions: 223->0(226)
[2026-09-06T17:10:42.609-0400][581.199s][info][gc,heap     ] GC(291) Survivor regions: 21->18(31)
[2026-09-06T17:10:42.609-0400][581.199s][info][gc,heap     ] GC(291) Old regions: 809->812
[2026-09-06T17:10:42.609-0400][581.199s][info][gc,heap     ] GC(291) Archive regions: 0->0
[2026-09-06T17:10:42.609-0400][581.199s][info][gc,heap     ] GC(291) Humongous regions: 29->29
[2026-09-06T17:10:42.609-0400][581.199s][info][gc,metaspace] GC(291) Metaspace: 153227K(155840K)->153227K(155840K) NonClass: 131426K(132800K)->131426K(132800K) Class: 21800K(23040K)->21800K(23040K)
[2026-09-06T17:10:42.609-0400][581.199s][info][gc          ] GC(291) Pause Young (Normal) (G1 Evacuation Pause) 2161M->1717M(2452M) 4.887ms
[2026-09-06T17:10:42.609-0400][581.199s][info][gc,cpu      ] GC(291) User=0.00s Sys=0.00s Real=0.00s
[2026-09-06T17:10:42.726-0400][581.316s][info][gc,start    ] GC(292) Pause Young (Normal) (G1 Evacuation Pause)
[2026-09-06T17:10:42.726-0400][581.316s][info][gc,task     ] GC(292) Using 23 workers of 23 for evacuation
[2026-09-06T17:10:42.730-0400][581.320s][info][gc,phases   ] GC(292)   Pre Evacuate Collection Set: 0.18ms
[2026-09-06T17:10:42.730-0400][581.320s][info][gc,phases   ] GC(292)   Merge Heap Roots: 0.15ms
[2026-09-06T17:10:42.730-0400][581.320s][info][gc,phases   ] GC(292)   Evacuate Collection Set: 2.98ms
[2026-09-06T17:10:42.730-0400][581.320s][info][gc,phases   ] GC(292)   Post Evacuate Collection Set: 0.78ms
[2026-09-06T17:10:42.730-0400][581.320s][info][gc,phases   ] GC(292)   Other: 0.16ms
[2026-09-06T17:10:42.730-0400][581.320s][info][gc,heap     ] GC(292) Eden regions: 226->0(225)
[2026-09-06T17:10:42.730-0400][581.320s][info][gc,heap     ] GC(292) Survivor regions: 18->18(31)
[2026-09-06T17:10:42.730-0400][581.320s][info][gc,heap     ] GC(292) Old regions: 812->813
[2026-09-06T17:10:42.730-0400][581.320s][info][gc,heap     ] GC(292) Archive regions: 0->0
[2026-09-06T17:10:42.730-0400][581.320s][info][gc,heap     ] GC(292) Humongous regions: 29->29
[2026-09-06T17:10:42.730-0400][581.320s][info][gc,metaspace] GC(292) Metaspace: 153227K(155840K)->153227K(155840K) NonClass: 131427K(132800K)->131427K(132800K) Class: 21800K(23040K)->21800K(23040K)
[2026-09-06T17:10:42.730-0400][581.320s][info][gc          ] GC(292) Pause Young (Normal) (G1 Evacuation Pause) 2169M->1718M(2452M) 4.387ms
[2026-09-06T17:10:42.730-0400][581.320s][info][gc,cpu      ] GC(292) User=0.00s Sys=0.00s Real=0.00s
[2026-09-06T17:10:43.023-0400][581.613s][info][gc,start    ] GC(293) Pause Young (Normal) (GCLocker Initiated GC)
[2026-09-06T17:10:43.023-0400][581.613s][info][gc,task     ] GC(293) Using 23 workers of 23 for evacuation
[2026-09-06T17:10:43.028-0400][581.618s][info][gc,phases   ] GC(293)   Pre Evacuate Collection Set: 0.18ms
[2026-09-06T17:10:43.028-0400][581.618s][info][gc,phases   ] GC(293)   Merge Heap Roots: 0.15ms
[2026-09-06T17:10:43.028-0400][581.618s][info][gc,phases   ] GC(293)   Evacuate Collection Set: 3.19ms
[2026-09-06T17:10:43.028-0400][581.618s][info][gc,phases   ] GC(293)   Post Evacuate Collection Set: 0.60ms
[2026-09-06T17:10:43.028-0400][581.618s][info][gc,phases   ] GC(293)   Other: 0.21ms
[2026-09-06T17:10:43.028-0400][581.618s][info][gc,heap     ] GC(293) Eden regions: 225->0(221)
[2026-09-06T17:10:43.028-0400][581.618s][info][gc,heap     ] GC(293) Survivor regions: 18->19(31)
[2026-09-06T17:10:43.028-0400][581.618s][info][gc,heap     ] GC(293) Old regions: 813->815
[2026-09-06T17:10:43.028-0400][581.618s][info][gc,heap     ] GC(293) Archive regions: 0->0
[2026-09-06T17:10:43.028-0400][581.618s][info][gc,heap     ] GC(293) Humongous regions: 29->29
[2026-09-06T17:10:43.028-0400][581.618s][info][gc,metaspace] GC(293) Metaspace: 153229K(155840K)->153229K(155840K) NonClass: 131428K(132800K)->131428K(132800K) Class: 21800K(23040K)->21800K(23040K)
[2026-09-06T17:10:43.028-0400][581.618s][info][gc          ] GC(293) Pause Young (Normal) (GCLocker Initiated GC) 2168M->1724M(2452M) 4.451ms
[2026-09-06T17:10:43.028-0400][581.618s][info][gc,cpu      ] GC(293) User=0.00s Sys=0.00s Real=0.01s
[2026-09-06T17:10:43.184-0400][581.774s][info][gc,start    ] GC(294) Pause Young (Normal) (G1 Evacuation Pause)
[2026-09-06T17:10:43.184-0400][581.775s][info][gc,task     ] GC(294) Using 23 workers of 23 for evacuation
[2026-09-06T17:10:43.188-0400][581.779s][info][gc,phases   ] GC(294)   Pre Evacuate Collection Set: 0.21ms
[2026-09-06T17:10:43.188-0400][581.779s][info][gc,phases   ] GC(294)   Merge Heap Roots: 0.16ms
[2026-09-06T17:10:43.188-0400][581.779s][info][gc,phases   ] GC(294)   Evacuate Collection Set: 3.30ms
[2026-09-06T17:10:43.188-0400][581.779s][info][gc,phases   ] GC(294)   Post Evacuate Collection Set: 0.67ms
[2026-09-06T17:10:43.188-0400][581.779s][info][gc,phases   ] GC(294)   Other: 0.26ms
[2026-09-06T17:10:43.188-0400][581.779s][info][gc,heap     ] GC(294) Eden regions: 221->0(221)
[2026-09-06T17:10:43.188-0400][581.779s][info][gc,heap     ] GC(294) Survivor regions: 19->18(30)
[2026-09-06T17:10:43.188-0400][581.779s][info][gc,heap     ] GC(294) Old regions: 815->817
[2026-09-06T17:10:43.188-0400][581.779s][info][gc,heap     ] GC(294) Archive regions: 0->0
[2026-09-06T17:10:43.188-0400][581.779s][info][gc,heap     ] GC(294) Humongous regions: 29->29
[2026-09-06T17:10:43.188-0400][581.779s][info][gc,metaspace] GC(294) Metaspace: 153242K(155840K)->153242K(155840K) NonClass: 131439K(132800K)->131439K(132800K) Class: 21802K(23040K)->21802K(23040K)
[2026-09-06T17:10:43.188-0400][581.779s][info][gc          ] GC(294) Pause Young (Normal) (G1 Evacuation Pause) 2166M->1725M(2452M) 4.715ms
[2026-09-06T17:10:43.188-0400][581.779s][info][gc,cpu      ] GC(294) User=0.00s Sys=0.00s Real=0.00s
[2026-09-06T17:10:43.334-0400][581.925s][info][gc,start    ] GC(295) Pause Young (Normal) (G1 Evacuation Pause)
[2026-09-06T17:10:43.334-0400][581.925s][info][gc,task     ] GC(295) Using 23 workers of 23 for evacuation
[2026-09-06T17:10:43.337-0400][581.928s][info][gc,phases   ] GC(295)   Pre Evacuate Collection Set: 0.19ms
[2026-09-06T17:10:43.337-0400][581.928s][info][gc,phases   ] GC(295)   Merge Heap Roots: 0.13ms
[2026-09-06T17:10:43.337-0400][581.928s][info][gc,phases   ] GC(295)   Evacuate Collection Set: 2.41ms
[2026-09-06T17:10:43.337-0400][581.928s][info][gc,phases   ] GC(295)   Post Evacuate Collection Set: 0.46ms
[2026-09-06T17:10:43.337-0400][581.928s][info][gc,phases   ] GC(295)   Other: 0.14ms
[2026-09-06T17:10:43.337-0400][581.928s][info][gc,heap     ] GC(295) Eden regions: 221->0(224)
[2026-09-06T17:10:43.337-0400][581.928s][info][gc,heap     ] GC(295) Survivor regions: 18->16(30)
[2026-09-06T17:10:43.337-0400][581.928s][info][gc,heap     ] GC(295) Old regions: 817->818
[2026-09-06T17:10:43.337-0400][581.928s][info][gc,heap     ] GC(295) Archive regions: 0->0
[2026-09-06T17:10:43.337-0400][581.928s][info][gc,heap     ] GC(295) Humongous regions: 29->29
[2026-09-06T17:10:43.337-0400][581.928s][info][gc,metaspace] GC(295) Metaspace: 153243K(155840K)->153243K(155840K) NonClass: 131440K(132800K)->131440K(132800K) Class: 21802K(23040K)->21802K(23040K)
[2026-09-06T17:10:43.337-0400][581.928s][info][gc          ] GC(295) Pause Young (Normal) (G1 Evacuation Pause) 2167M->1724M(2452M) 3.443ms
[2026-09-06T17:10:43.337-0400][581.928s][info][gc,cpu      ] GC(295) User=0.00s Sys=0.00s Real=0.00s
[2026-09-06T17:10:43.566-0400][582.156s][info][gc,start    ] GC(296) Pause Young (Normal) (G1 Evacuation Pause)
[2026-09-06T17:10:43.566-0400][582.156s][info][gc,task     ] GC(296) Using 23 workers of 23 for evacuation
[2026-09-06T17:10:43.570-0400][582.160s][info][gc,phases   ] GC(296)   Pre Evacuate Collection Set: 0.20ms
[2026-09-06T17:10:43.570-0400][582.160s][info][gc,phases   ] GC(296)   Merge Heap Roots: 0.18ms
[2026-09-06T17:10:43.570-0400][582.160s][info][gc,phases   ] GC(296)   Evacuate Collection Set: 3.00ms
[2026-09-06T17:10:43.570-0400][582.160s][info][gc,phases   ] GC(296)   Post Evacuate Collection Set: 0.66ms
[2026-09-06T17:10:43.570-0400][582.160s][info][gc,phases   ] GC(296)   Other: 0.17ms
[2026-09-06T17:10:43.570-0400][582.160s][info][gc,heap     ] GC(296) Eden regions: 224->0(218)
[2026-09-06T17:10:43.570-0400][582.160s][info][gc,heap     ] GC(296) Survivor regions: 16->19(30)
[2026-09-06T17:10:43.570-0400][582.160s][info][gc,heap     ] GC(296) Old regions: 818->818
[2026-09-06T17:10:43.570-0400][582.160s][info][gc,heap     ] GC(296) Archive regions: 0->0
[2026-09-06T17:10:43.570-0400][582.160s][info][gc,heap     ] GC(296) Humongous regions: 29->29
[2026-09-06T17:10:43.570-0400][582.160s][info][gc,metaspace] GC(296) Metaspace: 153271K(155904K)->153271K(155904K) NonClass: 131468K(132864K)->131468K(132864K) Class: 21802K(23040K)->21802K(23040K)
[2026-09-06T17:10:43.570-0400][582.160s][info][gc          ] GC(296) Pause Young (Normal) (G1 Evacuation Pause) 2172M->1730M(2452M) 4.329ms
[2026-09-06T17:10:43.570-0400][582.160s][info][gc,cpu      ] GC(296) User=0.34s Sys=0.02s Real=0.00s
[2026-09-06T17:10:43.709-0400][582.300s][info][gc,start    ] GC(297) Pause Young (Normal) (G1 Evacuation Pause)
[2026-09-06T17:10:43.709-0400][582.300s][info][gc,task     ] GC(297) Using 23 workers of 23 for evacuation
[2026-09-06T17:10:43.712-0400][582.303s][info][gc,phases   ] GC(297)   Pre Evacuate Collection Set: 0.17ms
[2026-09-06T17:10:43.712-0400][582.303s][info][gc,phases   ] GC(297)   Merge Heap Roots: 0.20ms
[2026-09-06T17:10:43.712-0400][582.303s][info][gc,phases   ] GC(297)   Evacuate Collection Set: 2.62ms
[2026-09-06T17:10:43.712-0400][582.303s][info][gc,phases   ] GC(297)   Post Evacuate Collection Set: 0.48ms
[2026-09-06T17:10:43.712-0400][582.303s][info][gc,phases   ] GC(297)   Other: 0.14ms
[2026-09-06T17:10:43.712-0400][582.303s][info][gc,heap     ] GC(297) Eden regions: 218->0(220)
[2026-09-06T17:10:43.712-0400][582.303s][info][gc,heap     ] GC(297) Survivor regions: 19->17(30)
[2026-09-06T17:10:43.713-0400][582.303s][info][gc,heap     ] GC(297) Old regions: 818->820
[2026-09-06T17:10:43.713-0400][582.303s][info][gc,heap     ] GC(297) Archive regions: 0->0
[2026-09-06T17:10:43.713-0400][582.303s][info][gc,heap     ] GC(297) Humongous regions: 29->29
[2026-09-06T17:10:43.713-0400][582.303s][info][gc,metaspace] GC(297) Metaspace: 153273K(155904K)->153273K(155904K) NonClass: 131470K(132864K)->131470K(132864K) Class: 21802K(23040K)->21802K(23040K)
[2026-09-06T17:10:43.713-0400][582.303s][info][gc          ] GC(297) Pause Young (Normal) (G1 Evacuation Pause) 2166M->1731M(2452M) 3.728ms
[2026-09-06T17:10:43.713-0400][582.303s][info][gc,cpu      ] GC(297) User=0.00s Sys=0.00s Real=0.00s
[2026-09-06T17:10:43.933-0400][582.523s][info][gc,start    ] GC(298) Pause Young (Normal) (G1 Evacuation Pause)
[2026-09-06T17:10:43.933-0400][582.523s][info][gc,task     ] GC(298) Using 23 workers of 23 for evacuation
[2026-09-06T17:10:43.937-0400][582.527s][info][gc,phases   ] GC(298)   Pre Evacuate Collection Set: 0.23ms
[2026-09-06T17:10:43.937-0400][582.527s][info][gc,phases   ] GC(298)   Merge Heap Roots: 0.17ms
[2026-09-06T17:10:43.937-0400][582.527s][info][gc,phases   ] GC(298)   Evacuate Collection Set: 2.92ms
[2026-09-06T17:10:43.937-0400][582.527s][info][gc,phases   ] GC(298)   Post Evacuate Collection Set: 0.57ms
[2026-09-06T17:10:43.937-0400][582.527s][info][gc,phases   ] GC(298)   Other: 0.19ms
[2026-09-06T17:10:43.937-0400][582.527s][info][gc,heap     ] GC(298) Eden regions: 220->0(214)
[2026-09-06T17:10:43.937-0400][582.527s][info][gc,heap     ] GC(298) Survivor regions: 17->19(30)
[2026-09-06T17:10:43.937-0400][582.527s][info][gc,heap     ] GC(298) Old regions: 820->822
[2026-09-06T17:10:43.937-0400][582.527s][info][gc,heap     ] GC(298) Archive regions: 0->0
[2026-09-06T17:10:43.937-0400][582.527s][info][gc,heap     ] GC(298) Humongous regions: 29->29
[2026-09-06T17:10:43.937-0400][582.527s][info][gc,metaspace] GC(298) Metaspace: 153279K(155904K)->153279K(155904K) NonClass: 131476K(132864K)->131476K(132864K) Class: 21802K(23040K)->21802K(23040K)
[2026-09-06T17:10:43.937-0400][582.527s][info][gc          ] GC(298) Pause Young (Normal) (G1 Evacuation Pause) 2171M->1737M(2452M) 4.218ms
[2026-09-06T17:10:43.937-0400][582.527s][info][gc,cpu      ] GC(298) User=0.00s Sys=0.00s Real=0.00s
[2026-09-06T17:10:44.127-0400][582.717s][info][gc,start    ] GC(299) Pause Young (Normal) (G1 Evacuation Pause)
[2026-09-06T17:10:44.127-0400][582.717s][info][gc,task     ] GC(299) Using 23 workers of 23 for evacuation
[2026-09-06T17:10:44.131-0400][582.721s][info][gc,phases   ] GC(299)   Pre Evacuate Collection Set: 0.19ms
[2026-09-06T17:10:44.131-0400][582.721s][info][gc,phases   ] GC(299)   Merge Heap Roots: 0.15ms
[2026-09-06T17:10:44.131-0400][582.721s][info][gc,phases   ] GC(299)   Evacuate Collection Set: 3.22ms
[2026-09-06T17:10:44.131-0400][582.721s][info][gc,phases   ] GC(299)   Post Evacuate Collection Set: 0.55ms
[2026-09-06T17:10:44.131-0400][582.721s][info][gc,phases   ] GC(299)   Other: 0.17ms
[2026-09-06T17:10:44.131-0400][582.721s][info][gc,heap     ] GC(299) Eden regions: 214->0(213)
[2026-09-06T17:10:44.131-0400][582.721s][info][gc,heap     ] GC(299) Survivor regions: 19->18(30)
[2026-09-06T17:10:44.131-0400][582.721s][info][gc,heap     ] GC(299) Old regions: 822->825
[2026-09-06T17:10:44.131-0400][582.721s][info][gc,heap     ] GC(299) Archive regions: 0->0
[2026-09-06T17:10:44.131-0400][582.721s][info][gc,heap     ] GC(299) Humongous regions: 29->29
[2026-09-06T17:10:44.131-0400][582.721s][info][gc,metaspace] GC(299) Metaspace: 153279K(155904K)->153279K(155904K) NonClass: 131476K(132864K)->131476K(132864K) Class: 21802K(23040K)->21802K(23040K)
[2026-09-06T17:10:44.131-0400][582.721s][info][gc          ] GC(299) Pause Young (Normal) (G1 Evacuation Pause) 2165M->1743M(2452M) 4.401ms
[2026-09-06T17:10:44.132-0400][582.722s][info][gc,cpu      ] GC(299) User=0.09s Sys=0.00s Real=0.00s
[2026-09-06T17:10:44.243-0400][582.833s][info][gc,start    ] GC(300) Pause Young (Normal) (G1 Evacuation Pause)
[2026-09-06T17:10:44.243-0400][582.833s][info][gc,task     ] GC(300) Using 23 workers of 23 for evacuation
[2026-09-06T17:10:44.247-0400][582.837s][info][gc,phases   ] GC(300)   Pre Evacuate Collection Set: 0.17ms
[2026-09-06T17:10:44.247-0400][582.837s][info][gc,phases   ] GC(300)   Merge Heap Roots: 0.25ms
[2026-09-06T17:10:44.247-0400][582.837s][info][gc,phases   ] GC(300)   Evacuate Collection Set: 2.63ms
[2026-09-06T17:10:44.247-0400][582.837s][info][gc,phases   ] GC(300)   Post Evacuate Collection Set: 0.50ms
[2026-09-06T17:10:44.247-0400][582.837s][info][gc,phases   ] GC(300)   Other: 0.26ms
[2026-09-06T17:10:44.247-0400][582.837s][info][gc,heap     ] GC(300) Eden regions: 213->0(215)
[2026-09-06T17:10:44.247-0400][582.837s][info][gc,heap     ] GC(300) Survivor regions: 18->16(29)
[2026-09-06T17:10:44.247-0400][582.837s][info][gc,heap     ] GC(300) Old regions: 825->827
[2026-09-06T17:10:44.247-0400][582.837s][info][gc,heap     ] GC(300) Archive regions: 0->0
[2026-09-06T17:10:44.247-0400][582.837s][info][gc,heap     ] GC(300) Humongous regions: 29->29
[2026-09-06T17:10:44.247-0400][582.837s][info][gc,metaspace] GC(300) Metaspace: 153280K(155904K)->153280K(155904K) NonClass: 131477K(132864K)->131477K(132864K) Class: 21802K(23040K)->21802K(23040K)
[2026-09-06T17:10:44.247-0400][582.837s][info][gc          ] GC(300) Pause Young (Normal) (G1 Evacuation Pause) 2169M->1743M(2452M) 3.917ms
[2026-09-06T17:10:44.247-0400][582.837s][info][gc,cpu      ] GC(300) User=0.00s Sys=0.00s Real=0.00s
[2026-09-06T17:10:44.429-0400][583.019s][info][gc,start    ] GC(301) Pause Young (Normal) (G1 Evacuation Pause)
[2026-09-06T17:10:44.429-0400][583.019s][info][gc,task     ] GC(301) Using 23 workers of 23 for evacuation
[2026-09-06T17:10:44.433-0400][583.023s][info][gc,phases   ] GC(301)   Pre Evacuate Collection Set: 0.25ms
[2026-09-06T17:10:44.433-0400][583.023s][info][gc,phases   ] GC(301)   Merge Heap Roots: 0.19ms
[2026-09-06T17:10:44.433-0400][583.023s][info][gc,phases   ] GC(301)   Evacuate Collection Set: 2.77ms
[2026-09-06T17:10:44.433-0400][583.023s][info][gc,phases   ] GC(301)   Post Evacuate Collection Set: 0.53ms
[2026-09-06T17:10:44.433-0400][583.023s][info][gc,phases   ] GC(301)   Other: 0.23ms
[2026-09-06T17:10:44.433-0400][583.023s][info][gc,heap     ] GC(301) Eden regions: 215->0(214)
[2026-09-06T17:10:44.433-0400][583.023s][info][gc,heap     ] GC(301) Survivor regions: 16->15(29)
[2026-09-06T17:10:44.433-0400][583.023s][info][gc,heap     ] GC(301) Old regions: 827->830
[2026-09-06T17:10:44.433-0400][583.023s][info][gc,heap     ] GC(301) Archive regions: 0->0
[2026-09-06T17:10:44.433-0400][583.023s][info][gc,heap     ] GC(301) Humongous regions: 29->29
[2026-09-06T17:10:44.433-0400][583.023s][info][gc,metaspace] GC(301) Metaspace: 153282K(155904K)->153282K(155904K) NonClass: 131479K(132864K)->131479K(132864K) Class: 21803K(23040K)->21803K(23040K)
[2026-09-06T17:10:44.433-0400][583.023s][info][gc          ] GC(301) Pause Young (Normal) (G1 Evacuation Pause) 2173M->1745M(2452M) 4.094ms
[2026-09-06T17:10:44.433-0400][583.023s][info][gc,cpu      ] GC(301) User=0.00s Sys=0.00s Real=0.00s
[2026-09-06T17:10:44.645-0400][583.235s][info][gc,start    ] GC(302) Pause Young (Normal) (G1 Evacuation Pause)
[2026-09-06T17:10:44.645-0400][583.236s][info][gc,task     ] GC(302) Using 23 workers of 23 for evacuation
[2026-09-06T17:10:44.649-0400][583.239s][info][gc,phases   ] GC(302)   Pre Evacuate Collection Set: 0.28ms
[2026-09-06T17:10:44.649-0400][583.239s][info][gc,phases   ] GC(302)   Merge Heap Roots: 0.14ms
[2026-09-06T17:10:44.649-0400][583.239s][info][gc,phases   ] GC(302)   Evacuate Collection Set: 2.55ms
[2026-09-06T17:10:44.649-0400][583.239s][info][gc,phases   ] GC(302)   Post Evacuate Collection Set: 0.52ms
[2026-09-06T17:10:44.649-0400][583.239s][info][gc,phases   ] GC(302)   Other: 0.13ms
[2026-09-06T17:10:44.649-0400][583.239s][info][gc,heap     ] GC(302) Eden regions: 214->0(208)
[2026-09-06T17:10:44.649-0400][583.239s][info][gc,heap     ] GC(302) Survivor regions: 15->18(29)
[2026-09-06T17:10:44.649-0400][583.239s][info][gc,heap     ] GC(302) Old regions: 830->830
[2026-09-06T17:10:44.649-0400][583.239s][info][gc,heap     ] GC(302) Archive regions: 0->0
[2026-09-06T17:10:44.649-0400][583.239s][info][gc,heap     ] GC(302) Humongous regions: 29->29
[2026-09-06T17:10:44.649-0400][583.239s][info][gc,metaspace] GC(302) Metaspace: 153303K(155904K)->153303K(155904K) NonClass: 131494K(132864K)->131494K(132864K) Class: 21808K(23040K)->21808K(23040K)
[2026-09-06T17:10:44.649-0400][583.239s][info][gc          ] GC(302) Pause Young (Normal) (G1 Evacuation Pause) 2173M->1750M(2452M) 3.834ms
[2026-09-06T17:10:44.649-0400][583.239s][info][gc,cpu      ] GC(302) User=0.34s Sys=0.02s Real=0.00s
[2026-09-06T17:10:44.712-0400][583.303s][info][gc,start    ] GC(303) Pause Young (Normal) (G1 Evacuation Pause)
[2026-09-06T17:10:44.712-0400][583.303s][info][gc,task     ] GC(303) Using 23 workers of 23 for evacuation
[2026-09-06T17:10:44.717-0400][583.308s][info][gc,phases   ] GC(303)   Pre Evacuate Collection Set: 0.18ms
[2026-09-06T17:10:44.717-0400][583.308s][info][gc,phases   ] GC(303)   Merge Heap Roots: 0.16ms
[2026-09-06T17:10:44.717-0400][583.308s][info][gc,phases   ] GC(303)   Evacuate Collection Set: 3.59ms
[2026-09-06T17:10:44.717-0400][583.308s][info][gc,phases   ] GC(303)   Post Evacuate Collection Set: 0.67ms
[2026-09-06T17:10:44.717-0400][583.308s][info][gc,phases   ] GC(303)   Other: 0.17ms
[2026-09-06T17:10:44.717-0400][583.308s][info][gc,heap     ] GC(303) Eden regions: 208->0(207)
[2026-09-06T17:10:44.717-0400][583.308s][info][gc,heap     ] GC(303) Survivor regions: 18->18(29)
[2026-09-06T17:10:44.717-0400][583.308s][info][gc,heap     ] GC(303) Old regions: 830->831
[2026-09-06T17:10:44.717-0400][583.308s][info][gc,heap     ] GC(303) Archive regions: 0->0
[2026-09-06T17:10:44.717-0400][583.308s][info][gc,heap     ] GC(303) Humongous regions: 29->29
[2026-09-06T17:10:44.717-0400][583.308s][info][gc,metaspace] GC(303) Metaspace: 153304K(155904K)->153304K(155904K) NonClass: 131495K(132864K)->131495K(132864K) Class: 21808K(23040K)->21808K(23040K)
[2026-09-06T17:10:44.717-0400][583.308s][info][gc          ] GC(303) Pause Young (Normal) (G1 Evacuation Pause) 2166M->1753M(2452M) 4.885ms
[2026-09-06T17:10:44.717-0400][583.308s][info][gc,cpu      ] GC(303) User=0.00s Sys=0.00s Real=0.01s
[2026-09-06T17:10:44.781-0400][583.371s][info][gc,start    ] GC(304) Pause Young (Normal) (G1 Evacuation Pause)
[2026-09-06T17:10:44.781-0400][583.371s][info][gc,task     ] GC(304) Using 23 workers of 23 for evacuation
[2026-09-06T17:10:44.786-0400][583.376s][info][gc,phases   ] GC(304)   Pre Evacuate Collection Set: 0.11ms
[2026-09-06T17:10:44.786-0400][583.376s][info][gc,phases   ] GC(304)   Merge Heap Roots: 0.14ms
[2026-09-06T17:10:44.786-0400][583.376s][info][gc,phases   ] GC(304)   Evacuate Collection Set: 3.23ms
[2026-09-06T17:10:44.786-0400][583.376s][info][gc,phases   ] GC(304)   Post Evacuate Collection Set: 0.51ms
[2026-09-06T17:10:44.786-0400][583.376s][info][gc,phases   ] GC(304)   Other: 0.17ms
[2026-09-06T17:10:44.786-0400][583.376s][info][gc,heap     ] GC(304) Eden regions: 207->0(208)
[2026-09-06T17:10:44.786-0400][583.376s][info][gc,heap     ] GC(304) Survivor regions: 18->16(29)
[2026-09-06T17:10:44.786-0400][583.376s][info][gc,heap     ] GC(304) Old regions: 831->834
[2026-09-06T17:10:44.786-0400][583.376s][info][gc,heap     ] GC(304) Archive regions: 0->0
[2026-09-06T17:10:44.786-0400][583.376s][info][gc,heap     ] GC(304) Humongous regions: 29->29
[2026-09-06T17:10:44.786-0400][583.376s][info][gc,metaspace] GC(304) Metaspace: 153319K(155904K)->153319K(155904K) NonClass: 131510K(132864K)->131510K(132864K) Class: 21809K(23040K)->21809K(23040K)
[2026-09-06T17:10:44.786-0400][583.376s][info][gc          ] GC(304) Pause Young (Normal) (G1 Evacuation Pause) 2167M->1755M(2452M) 4.302ms
[2026-09-06T17:10:44.786-0400][583.376s][info][gc,cpu      ] GC(304) User=0.00s Sys=0.00s Real=0.01s
[2026-09-06T17:10:45.051-0400][583.642s][info][gc,start    ] GC(305) Pause Young (Normal) (G1 Evacuation Pause)
[2026-09-06T17:10:45.051-0400][583.642s][info][gc,task     ] GC(305) Using 23 workers of 23 for evacuation
[2026-09-06T17:10:45.054-0400][583.645s][info][gc,phases   ] GC(305)   Pre Evacuate Collection Set: 0.17ms
[2026-09-06T17:10:45.054-0400][583.645s][info][gc,phases   ] GC(305)   Merge Heap Roots: 0.14ms
[2026-09-06T17:10:45.054-0400][583.645s][info][gc,phases   ] GC(305)   Evacuate Collection Set: 2.08ms
[2026-09-06T17:10:45.054-0400][583.645s][info][gc,phases   ] GC(305)   Post Evacuate Collection Set: 0.52ms
[2026-09-06T17:10:45.054-0400][583.645s][info][gc,phases   ] GC(305)   Other: 0.15ms
[2026-09-06T17:10:45.054-0400][583.645s][info][gc,heap     ] GC(305) Eden regions: 208->0(209)
[2026-09-06T17:10:45.054-0400][583.645s][info][gc,heap     ] GC(305) Survivor regions: 16->15(28)
[2026-09-06T17:10:45.054-0400][583.645s][info][gc,heap     ] GC(305) Old regions: 834->835
[2026-09-06T17:10:45.054-0400][583.645s][info][gc,heap     ] GC(305) Archive regions: 0->0
[2026-09-06T17:10:45.054-0400][583.645s][info][gc,heap     ] GC(305) Humongous regions: 29->29
[2026-09-06T17:10:45.054-0400][583.645s][info][gc,metaspace] GC(305) Metaspace: 153332K(155968K)->153332K(155968K) NonClass: 131520K(132928K)->131520K(132928K) Class: 21812K(23040K)->21812K(23040K)
[2026-09-06T17:10:45.054-0400][583.645s][info][gc          ] GC(305) Pause Young (Normal) (G1 Evacuation Pause) 2171M->1755M(2452M) 3.158ms
[2026-09-06T17:10:45.054-0400][583.645s][info][gc,cpu      ] GC(305) User=0.34s Sys=0.02s Real=0.00s
[2026-09-06T17:10:45.283-0400][583.873s][info][gc,start    ] GC(306) Pause Young (Normal) (G1 Evacuation Pause)
[2026-09-06T17:10:45.283-0400][583.873s][info][gc,task     ] GC(306) Using 23 workers of 23 for evacuation
[2026-09-06T17:10:45.286-0400][583.877s][info][gc,phases   ] GC(306)   Pre Evacuate Collection Set: 0.22ms
[2026-09-06T17:10:45.287-0400][583.877s][info][gc,phases   ] GC(306)   Merge Heap Roots: 0.13ms
[2026-09-06T17:10:45.287-0400][583.877s][info][gc,phases   ] GC(306)   Evacuate Collection Set: 2.25ms
[2026-09-06T17:10:45.287-0400][583.877s][info][gc,phases   ] GC(306)   Post Evacuate Collection Set: 0.55ms
[2026-09-06T17:10:45.287-0400][583.877s][info][gc,phases   ] GC(306)   Other: 0.14ms
[2026-09-06T17:10:45.287-0400][583.877s][info][gc,heap     ] GC(306) Eden regions: 209->0(207)
[2026-09-06T17:10:45.287-0400][583.877s][info][gc,heap     ] GC(306) Survivor regions: 15->16(28)
[2026-09-06T17:10:45.287-0400][583.877s][info][gc,heap     ] GC(306) Old regions: 835->835
[2026-09-06T17:10:45.287-0400][583.877s][info][gc,heap     ] GC(306) Archive regions: 0->0
[2026-09-06T17:10:45.287-0400][583.877s][info][gc,heap     ] GC(306) Humongous regions: 29->29
[2026-09-06T17:10:45.287-0400][583.877s][info][gc,metaspace] GC(306) Metaspace: 153334K(155968K)->153334K(155968K) NonClass: 131522K(132928K)->131522K(132928K) Class: 21812K(23040K)->21812K(23040K)
[2026-09-06T17:10:45.287-0400][583.877s][info][gc          ] GC(306) Pause Young (Normal) (G1 Evacuation Pause) 2173M->1758M(2452M) 3.518ms
[2026-09-06T17:10:45.287-0400][583.877s][info][gc,cpu      ] GC(306) User=0.00s Sys=0.00s Real=0.00s
[2026-09-06T17:10:45.559-0400][584.149s][info][gc,start    ] GC(307) Pause Young (Normal) (G1 Evacuation Pause)
[2026-09-06T17:10:45.559-0400][584.150s][info][gc,task     ] GC(307) Using 23 workers of 23 for evacuation
[2026-09-06T17:10:45.562-0400][584.153s][info][gc,phases   ] GC(307)   Pre Evacuate Collection Set: 0.16ms
[2026-09-06T17:10:45.563-0400][584.153s][info][gc,phases   ] GC(307)   Merge Heap Roots: 0.15ms
[2026-09-06T17:10:45.563-0400][584.153s][info][gc,phases   ] GC(307)   Evacuate Collection Set: 2.76ms
[2026-09-06T17:10:45.563-0400][584.153s][info][gc,phases   ] GC(307)   Post Evacuate Collection Set: 0.63ms
[2026-09-06T17:10:45.563-0400][584.153s][info][gc,phases   ] GC(307)   Other: 0.14ms
[2026-09-06T17:10:45.563-0400][584.153s][info][gc,heap     ] GC(307) Eden regions: 207->0(205)
[2026-09-06T17:10:45.563-0400][584.153s][info][gc,heap     ] GC(307) Survivor regions: 16->16(28)
[2026-09-06T17:10:45.563-0400][584.153s][info][gc,heap     ] GC(307) Old regions: 835->837
[2026-09-06T17:10:45.563-0400][584.153s][info][gc,heap     ] GC(307) Archive regions: 0->0
[2026-09-06T17:10:45.563-0400][584.153s][info][gc,heap     ] GC(307) Humongous regions: 29->29
[2026-09-06T17:10:45.563-0400][584.153s][info][gc,metaspace] GC(307) Metaspace: 153336K(155968K)->153336K(155968K) NonClass: 131524K(132928K)->131524K(132928K) Class: 21812K(23040K)->21812K(23040K)
[2026-09-06T17:10:45.563-0400][584.153s][info][gc          ] GC(307) Pause Young (Normal) (G1 Evacuation Pause) 2172M->1761M(2452M) 3.962ms
[2026-09-06T17:10:45.563-0400][584.153s][info][gc,cpu      ] GC(307) User=0.00s Sys=0.00s Real=0.00s
[2026-09-06T17:10:45.678-0400][584.269s][info][gc,start    ] GC(308) Pause Young (Normal) (G1 Evacuation Pause)
[2026-09-06T17:10:45.678-0400][584.269s][info][gc,task     ] GC(308) Using 23 workers of 23 for evacuation
[2026-09-06T17:10:45.681-0400][584.272s][info][gc,phases   ] GC(308)   Pre Evacuate Collection Set: 0.16ms
[2026-09-06T17:10:45.681-0400][584.272s][info][gc,phases   ] GC(308)   Merge Heap Roots: 0.12ms
[2026-09-06T17:10:45.681-0400][584.272s][info][gc,phases   ] GC(308)   Evacuate Collection Set: 2.40ms
[2026-09-06T17:10:45.681-0400][584.272s][info][gc,phases   ] GC(308)   Post Evacuate Collection Set: 0.46ms
[2026-09-06T17:10:45.681-0400][584.272s][info][gc,phases   ] GC(308)   Other: 0.15ms
[2026-09-06T17:10:45.681-0400][584.272s][info][gc,heap     ] GC(308) Eden regions: 205->0(205)
[2026-09-06T17:10:45.681-0400][584.272s][info][gc,heap     ] GC(308) Survivor regions: 16->15(28)
[2026-09-06T17:10:45.681-0400][584.272s][info][gc,heap     ] GC(308) Old regions: 837->839
[2026-09-06T17:10:45.681-0400][584.272s][info][gc,heap     ] GC(308) Archive regions: 0->0
[2026-09-06T17:10:45.681-0400][584.272s][info][gc,heap     ] GC(308) Humongous regions: 29->29
[2026-09-06T17:10:45.681-0400][584.272s][info][gc,metaspace] GC(308) Metaspace: 153338K(155968K)->153338K(155968K) NonClass: 131526K(132928K)->131526K(132928K) Class: 21812K(23040K)->21812K(23040K)
[2026-09-06T17:10:45.681-0400][584.272s][info][gc          ] GC(308) Pause Young (Normal) (G1 Evacuation Pause) 2171M->1764M(2452M) 3.416ms
[2026-09-06T17:10:45.681-0400][584.272s][info][gc,cpu      ] GC(308) User=0.00s Sys=0.00s Real=0.00s
[2026-09-06T17:10:45.877-0400][584.467s][info][gc,start    ] GC(309) Pause Young (Normal) (G1 Evacuation Pause)
[2026-09-06T17:10:45.877-0400][584.467s][info][gc,task     ] GC(309) Using 23 workers of 23 for evacuation
[2026-09-06T17:10:45.880-0400][584.471s][info][gc,phases   ] GC(309)   Pre Evacuate Collection Set: 0.28ms
[2026-09-06T17:10:45.880-0400][584.471s][info][gc,phases   ] GC(309)   Merge Heap Roots: 0.14ms
[2026-09-06T17:10:45.880-0400][584.471s][info][gc,phases   ] GC(309)   Evacuate Collection Set: 2.48ms
[2026-09-06T17:10:45.880-0400][584.471s][info][gc,phases   ] GC(309)   Post Evacuate Collection Set: 0.51ms
[2026-09-06T17:10:45.880-0400][584.471s][info][gc,phases   ] GC(309)   Other: 0.17ms
[2026-09-06T17:10:45.880-0400][584.471s][info][gc,heap     ] GC(309) Eden regions: 205->0(201)
[2026-09-06T17:10:45.880-0400][584.471s][info][gc,heap     ] GC(309) Survivor regions: 15->17(28)
[2026-09-06T17:10:45.880-0400][584.471s][info][gc,heap     ] GC(309) Old regions: 839->839
[2026-09-06T17:10:45.880-0400][584.471s][info][gc,heap     ] GC(309) Archive regions: 0->0
[2026-09-06T17:10:45.880-0400][584.471s][info][gc,heap     ] GC(309) Humongous regions: 29->29
[2026-09-06T17:10:45.880-0400][584.471s][info][gc,metaspace] GC(309) Metaspace: 153344K(155968K)->153344K(155968K) NonClass: 131531K(132928K)->131531K(132928K) Class: 21813K(23040K)->21813K(23040K)
[2026-09-06T17:10:45.880-0400][584.471s][info][gc          ] GC(309) Pause Young (Normal) (G1 Evacuation Pause) 2174M->1767M(2452M) 3.686ms
[2026-09-06T17:10:45.880-0400][584.471s][info][gc,cpu      ] GC(309) User=0.00s Sys=0.00s Real=0.00s
[2026-09-06T17:10:46.034-0400][584.624s][info][gc,start    ] GC(310) Pause Young (Normal) (G1 Evacuation Pause)
[2026-09-06T17:10:46.034-0400][584.624s][info][gc,task     ] GC(310) Using 23 workers of 23 for evacuation
[2026-09-06T17:10:46.038-0400][584.628s][info][gc,phases   ] GC(310)   Pre Evacuate Collection Set: 0.20ms
[2026-09-06T17:10:46.038-0400][584.628s][info][gc,phases   ] GC(310)   Merge Heap Roots: 0.16ms
[2026-09-06T17:10:46.038-0400][584.628s][info][gc,phases   ] GC(310)   Evacuate Collection Set: 3.20ms
[2026-09-06T17:10:46.038-0400][584.628s][info][gc,phases   ] GC(310)   Post Evacuate Collection Set: 0.58ms
[2026-09-06T17:10:46.038-0400][584.628s][info][gc,phases   ] GC(310)   Other: 0.15ms
[2026-09-06T17:10:46.038-0400][584.628s][info][gc,heap     ] GC(310) Eden regions: 201->0(197)
[2026-09-06T17:10:46.038-0400][584.628s][info][gc,heap     ] GC(310) Survivor regions: 17->18(28)
[2026-09-06T17:10:46.038-0400][584.628s][info][gc,heap     ] GC(310) Old regions: 839->841
[2026-09-06T17:10:46.038-0400][584.628s][info][gc,heap     ] GC(310) Archive regions: 0->0
[2026-09-06T17:10:46.038-0400][584.628s][info][gc,heap     ] GC(310) Humongous regions: 29->29
[2026-09-06T17:10:46.038-0400][584.628s][info][gc,metaspace] GC(310) Metaspace: 153378K(155968K)->153378K(155968K) NonClass: 131555K(132928K)->131555K(132928K) Class: 21822K(23040K)->21822K(23040K)
[2026-09-06T17:10:46.038-0400][584.628s][info][gc          ] GC(310) Pause Young (Normal) (G1 Evacuation Pause) 2169M->1773M(2452M) 4.413ms
[2026-09-06T17:10:46.038-0400][584.628s][info][gc,cpu      ] GC(310) User=0.12s Sys=0.00s Real=0.00s
[2026-09-06T17:10:46.250-0400][584.840s][info][gc,start    ] GC(311) Pause Young (Normal) (G1 Evacuation Pause)
[2026-09-06T17:10:46.250-0400][584.840s][info][gc,task     ] GC(311) Using 23 workers of 23 for evacuation
[2026-09-06T17:10:46.253-0400][584.844s][info][gc,phases   ] GC(311)   Pre Evacuate Collection Set: 0.37ms
[2026-09-06T17:10:46.253-0400][584.844s][info][gc,phases   ] GC(311)   Merge Heap Roots: 0.16ms
[2026-09-06T17:10:46.253-0400][584.844s][info][gc,phases   ] GC(311)   Evacuate Collection Set: 2.21ms
[2026-09-06T17:10:46.253-0400][584.844s][info][gc,phases   ] GC(311)   Post Evacuate Collection Set: 0.98ms
[2026-09-06T17:10:46.253-0400][584.844s][info][gc,phases   ] GC(311)   Other: 0.14ms
[2026-09-06T17:10:46.253-0400][584.844s][info][gc,heap     ] GC(311) Eden regions: 197->0(201)
[2026-09-06T17:10:46.253-0400][584.844s][info][gc,heap     ] GC(311) Survivor regions: 18->14(27)
[2026-09-06T17:10:46.253-0400][584.844s][info][gc,heap     ] GC(311) Old regions: 841->845
[2026-09-06T17:10:46.253-0400][584.844s][info][gc,heap     ] GC(311) Archive regions: 0->0
[2026-09-06T17:10:46.253-0400][584.844s][info][gc,heap     ] GC(311) Humongous regions: 29->29
[2026-09-06T17:10:46.253-0400][584.844s][info][gc,metaspace] GC(311) Metaspace: 153406K(156096K)->153406K(156096K) NonClass: 131577K(132992K)->131577K(132992K) Class: 21828K(23104K)->21828K(23104K)
[2026-09-06T17:10:46.253-0400][584.844s][info][gc          ] GC(311) Pause Young (Normal) (G1 Evacuation Pause) 2167M->1772M(2452M) 3.947ms
[2026-09-06T17:10:46.253-0400][584.844s][info][gc,cpu      ] GC(311) User=0.00s Sys=0.00s Real=0.00s
[2026-09-06T17:10:46.483-0400][585.073s][info][gc,start    ] GC(312) Pause Young (Normal) (G1 Evacuation Pause)
[2026-09-06T17:10:46.483-0400][585.073s][info][gc,task     ] GC(312) Using 23 workers of 23 for evacuation
[2026-09-06T17:10:46.486-0400][585.076s][info][gc,phases   ] GC(312)   Pre Evacuate Collection Set: 0.26ms
[2026-09-06T17:10:46.486-0400][585.076s][info][gc,phases   ] GC(312)   Merge Heap Roots: 0.11ms
[2026-09-06T17:10:46.486-0400][585.076s][info][gc,phases   ] GC(312)   Evacuate Collection Set: 2.19ms
[2026-09-06T17:10:46.486-0400][585.076s][info][gc,phases   ] GC(312)   Post Evacuate Collection Set: 0.46ms
[2026-09-06T17:10:46.486-0400][585.076s][info][gc,phases   ] GC(312)   Other: 0.13ms
[2026-09-06T17:10:46.486-0400][585.076s][info][gc,heap     ] GC(312) Eden regions: 201->0(199)
[2026-09-06T17:10:46.486-0400][585.076s][info][gc,heap     ] GC(312) Survivor regions: 14->15(27)
[2026-09-06T17:10:46.486-0400][585.076s][info][gc,heap     ] GC(312) Old regions: 845->845
[2026-09-06T17:10:46.486-0400][585.076s][info][gc,heap     ] GC(312) Archive regions: 0->0
[2026-09-06T17:10:46.486-0400][585.076s][info][gc,heap     ] GC(312) Humongous regions: 29->29
[2026-09-06T17:10:46.486-0400][585.076s][info][gc,metaspace] GC(312) Metaspace: 153435K(156096K)->153435K(156096K) NonClass: 131604K(132992K)->131604K(132992K) Class: 21830K(23104K)->21830K(23104K)
[2026-09-06T17:10:46.486-0400][585.077s][info][gc          ] GC(312) Pause Young (Normal) (G1 Evacuation Pause) 2174M->1776M(2452M) 3.261ms
[2026-09-06T17:10:46.486-0400][585.077s][info][gc,cpu      ] GC(312) User=0.00s Sys=0.00s Real=0.00s
[2026-09-06T17:10:46.540-0400][585.130s][info][gc,start    ] GC(313) Pause Young (Normal) (G1 Evacuation Pause)
[2026-09-06T17:10:46.540-0400][585.130s][info][gc,task     ] GC(313) Using 23 workers of 23 for evacuation
[2026-09-06T17:10:46.543-0400][585.134s][info][gc,phases   ] GC(313)   Pre Evacuate Collection Set: 0.16ms
[2026-09-06T17:10:46.543-0400][585.134s][info][gc,phases   ] GC(313)   Merge Heap Roots: 0.13ms
[2026-09-06T17:10:46.543-0400][585.134s][info][gc,phases   ] GC(313)   Evacuate Collection Set: 3.28ms
[2026-09-06T17:10:46.543-0400][585.134s][info][gc,phases   ] GC(313)   Post Evacuate Collection Set: 0.52ms
[2026-09-06T17:10:46.543-0400][585.134s][info][gc,phases   ] GC(313)   Other: 0.15ms
[2026-09-06T17:10:46.543-0400][585.134s][info][gc,heap     ] GC(313) Eden regions: 199->0(189)
[2026-09-06T17:10:46.543-0400][585.134s][info][gc,heap     ] GC(313) Survivor regions: 15->20(27)
[2026-09-06T17:10:46.543-0400][585.134s][info][gc,heap     ] GC(313) Old regions: 845->845
[2026-09-06T17:10:46.543-0400][585.134s][info][gc,heap     ] GC(313) Archive regions: 0->0
[2026-09-06T17:10:46.543-0400][585.134s][info][gc,heap     ] GC(313) Humongous regions: 29->29
[2026-09-06T17:10:46.543-0400][585.134s][info][gc,metaspace] GC(313) Metaspace: 153435K(156096K)->153435K(156096K) NonClass: 131604K(132992K)->131604K(132992K) Class: 21830K(23104K)->21830K(23104K)
[2026-09-06T17:10:46.543-0400][585.134s][info][gc          ] GC(313) Pause Young (Normal) (G1 Evacuation Pause) 2174M->1786M(2452M) 4.362ms
[2026-09-06T17:10:46.543-0400][585.134s][info][gc,cpu      ] GC(313) User=0.00s Sys=0.00s Real=0.00s
[2026-09-06T17:10:46.599-0400][585.189s][info][gc,start    ] GC(314) Pause Young (Normal) (GCLocker Initiated GC)
[2026-09-06T17:10:46.599-0400][585.190s][info][gc,task     ] GC(314) Using 23 workers of 23 for evacuation
[2026-09-06T17:10:46.604-0400][585.194s][info][gc,phases   ] GC(314)   Pre Evacuate Collection Set: 0.18ms
[2026-09-06T17:10:46.604-0400][585.195s][info][gc,phases   ] GC(314)   Merge Heap Roots: 0.19ms
[2026-09-06T17:10:46.604-0400][585.195s][info][gc,phases   ] GC(314)   Evacuate Collection Set: 3.87ms
[2026-09-06T17:10:46.604-0400][585.195s][info][gc,phases   ] GC(314)   Post Evacuate Collection Set: 0.60ms
[2026-09-06T17:10:46.604-0400][585.195s][info][gc,phases   ] GC(314)   Other: 0.17ms
[2026-09-06T17:10:46.604-0400][585.195s][info][gc,heap     ] GC(314) Eden regions: 189->0(193)
[2026-09-06T17:10:46.604-0400][585.195s][info][gc,heap     ] GC(314) Survivor regions: 20->16(27)
[2026-09-06T17:10:46.604-0400][585.195s][info][gc,heap     ] GC(314) Old regions: 845->849
[2026-09-06T17:10:46.604-0400][585.195s][info][gc,heap     ] GC(314) Archive regions: 0->0
[2026-09-06T17:10:46.604-0400][585.195s][info][gc,heap     ] GC(314) Humongous regions: 29->29
[2026-09-06T17:10:46.604-0400][585.195s][info][gc,metaspace] GC(314) Metaspace: 153435K(156096K)->153435K(156096K) NonClass: 131604K(132992K)->131604K(132992K) Class: 21830K(23104K)->21830K(23104K)
[2026-09-06T17:10:46.604-0400][585.195s][info][gc          ] GC(314) Pause Young (Normal) (GCLocker Initiated GC) 2164M->1786M(2452M) 5.173ms
[2026-09-06T17:10:46.604-0400][585.195s][info][gc,cpu      ] GC(314) User=0.08s Sys=0.02s Real=0.01s
[2026-09-06T17:10:46.676-0400][585.267s][info][gc,start    ] GC(315) Pause Young (Normal) (GCLocker Initiated GC)
[2026-09-06T17:10:46.676-0400][585.267s][info][gc,task     ] GC(315) Using 23 workers of 23 for evacuation
[2026-09-06T17:10:46.681-0400][585.271s][info][gc,phases   ] GC(315)   Pre Evacuate Collection Set: 0.13ms
[2026-09-06T17:10:46.681-0400][585.271s][info][gc,phases   ] GC(315)   Merge Heap Roots: 0.15ms
[2026-09-06T17:10:46.681-0400][585.271s][info][gc,phases   ] GC(315)   Evacuate Collection Set: 3.05ms
[2026-09-06T17:10:46.681-0400][585.271s][info][gc,phases   ] GC(315)   Post Evacuate Collection Set: 0.64ms
[2026-09-06T17:10:46.681-0400][585.271s][info][gc,phases   ] GC(315)   Other: 0.20ms
[2026-09-06T17:10:46.681-0400][585.271s][info][gc,heap     ] GC(315) Eden regions: 193->0(193)
[2026-09-06T17:10:46.681-0400][585.271s][info][gc,heap     ] GC(315) Survivor regions: 16->15(27)
[2026-09-06T17:10:46.681-0400][585.271s][info][gc,heap     ] GC(315) Old regions: 849->851
[2026-09-06T17:10:46.681-0400][585.271s][info][gc,heap     ] GC(315) Archive regions: 0->0
[2026-09-06T17:10:46.681-0400][585.271s][info][gc,heap     ] GC(315) Humongous regions: 29->29
[2026-09-06T17:10:46.681-0400][585.272s][info][gc,metaspace] GC(315) Metaspace: 153435K(156096K)->153435K(156096K) NonClass: 131604K(132992K)->131604K(132992K) Class: 21830K(23104K)->21830K(23104K)
[2026-09-06T17:10:46.681-0400][585.272s][info][gc          ] GC(315) Pause Young (Normal) (GCLocker Initiated GC) 2172M->1787M(2452M) 4.335ms
[2026-09-06T17:10:46.681-0400][585.272s][info][gc,cpu      ] GC(315) User=0.19s Sys=0.00s Real=0.00s
[2026-09-06T17:10:46.909-0400][585.499s][info][gc,start    ] GC(316) Pause Young (Normal) (G1 Evacuation Pause)
[2026-09-06T17:10:46.909-0400][585.499s][info][gc,task     ] GC(316) Using 23 workers of 23 for evacuation
[2026-09-06T17:10:46.912-0400][585.503s][info][gc,phases   ] GC(316)   Pre Evacuate Collection Set: 0.20ms
[2026-09-06T17:10:46.912-0400][585.503s][info][gc,phases   ] GC(316)   Merge Heap Roots: 0.13ms
[2026-09-06T17:10:46.912-0400][585.503s][info][gc,phases   ] GC(316)   Evacuate Collection Set: 2.35ms
[2026-09-06T17:10:46.912-0400][585.503s][info][gc,phases   ] GC(316)   Post Evacuate Collection Set: 0.48ms
[2026-09-06T17:10:46.912-0400][585.503s][info][gc,phases   ] GC(316)   Other: 0.13ms
[2026-09-06T17:10:46.912-0400][585.503s][info][gc,heap     ] GC(316) Eden regions: 193->0(191)
[2026-09-06T17:10:46.912-0400][585.503s][info][gc,heap     ] GC(316) Survivor regions: 15->15(26)
[2026-09-06T17:10:46.912-0400][585.503s][info][gc,heap     ] GC(316) Old regions: 851->853
[2026-09-06T17:10:46.912-0400][585.503s][info][gc,heap     ] GC(316) Archive regions: 0->0
[2026-09-06T17:10:46.912-0400][585.503s][info][gc,heap     ] GC(316) Humongous regions: 29->29
[2026-09-06T17:10:46.912-0400][585.503s][info][gc,metaspace] GC(316) Metaspace: 153437K(156096K)->153437K(156096K) NonClass: 131606K(132992K)->131606K(132992K) Class: 21830K(23104K)->21830K(23104K)
[2026-09-06T17:10:46.912-0400][585.503s][info][gc          ] GC(316) Pause Young (Normal) (G1 Evacuation Pause) 2173M->1791M(2452M) 3.413ms
[2026-09-06T17:10:46.912-0400][585.503s][info][gc,cpu      ] GC(316) User=0.06s Sys=0.00s Real=0.00s
[2026-09-06T17:10:47.018-0400][585.609s][info][gc,start    ] GC(317) Pause Young (Normal) (G1 Evacuation Pause)
[2026-09-06T17:10:47.019-0400][585.609s][info][gc,task     ] GC(317) Using 23 workers of 23 for evacuation
[2026-09-06T17:10:47.022-0400][585.613s][info][gc,phases   ] GC(317)   Pre Evacuate Collection Set: 0.23ms
[2026-09-06T17:10:47.022-0400][585.613s][info][gc,phases   ] GC(317)   Merge Heap Roots: 0.16ms
[2026-09-06T17:10:47.022-0400][585.613s][info][gc,phases   ] GC(317)   Evacuate Collection Set: 2.91ms
[2026-09-06T17:10:47.022-0400][585.613s][info][gc,phases   ] GC(317)   Post Evacuate Collection Set: 0.65ms
[2026-09-06T17:10:47.022-0400][585.613s][info][gc,phases   ] GC(317)   Other: 0.24ms
[2026-09-06T17:10:47.022-0400][585.613s][info][gc,heap     ] GC(317) Eden regions: 191->0(191)
[2026-09-06T17:10:47.022-0400][585.613s][info][gc,heap     ] GC(317) Survivor regions: 15->14(26)
[2026-09-06T17:10:47.022-0400][585.613s][info][gc,heap     ] GC(317) Old regions: 853->855
[2026-09-06T17:10:47.022-0400][585.613s][info][gc,heap     ] GC(317) Archive regions: 0->0
[2026-09-06T17:10:47.022-0400][585.613s][info][gc,heap     ] GC(317) Humongous regions: 29->29
[2026-09-06T17:10:47.022-0400][585.613s][info][gc,metaspace] GC(317) Metaspace: 153438K(156096K)->153438K(156096K) NonClass: 131607K(132992K)->131607K(132992K) Class: 21830K(23104K)->21830K(23104K)
[2026-09-06T17:10:47.022-0400][585.613s][info][gc          ] GC(317) Pause Young (Normal) (G1 Evacuation Pause) 2173M->1793M(2452M) 4.252ms
[2026-09-06T17:10:47.022-0400][585.613s][info][gc,cpu      ] GC(317) User=0.34s Sys=0.00s Real=0.00s
[2026-09-06T17:10:47.107-0400][585.697s][info][gc,start    ] GC(318) Pause Young (Normal) (G1 Evacuation Pause)
[2026-09-06T17:10:47.107-0400][585.697s][info][gc,task     ] GC(318) Using 23 workers of 23 for evacuation
[2026-09-06T17:10:47.110-0400][585.701s][info][gc,phases   ] GC(318)   Pre Evacuate Collection Set: 0.20ms
[2026-09-06T17:10:47.110-0400][585.701s][info][gc,phases   ] GC(318)   Merge Heap Roots: 0.15ms
[2026-09-06T17:10:47.110-0400][585.701s][info][gc,phases   ] GC(318)   Evacuate Collection Set: 2.34ms
[2026-09-06T17:10:47.110-0400][585.701s][info][gc,phases   ] GC(318)   Post Evacuate Collection Set: 0.45ms
[2026-09-06T17:10:47.110-0400][585.701s][info][gc,phases   ] GC(318)   Other: 0.22ms
[2026-09-06T17:10:47.110-0400][585.701s][info][gc,heap     ] GC(318) Eden regions: 191->0(191)
[2026-09-06T17:10:47.110-0400][585.701s][info][gc,heap     ] GC(318) Survivor regions: 14->14(26)
[2026-09-06T17:10:47.110-0400][585.701s][info][gc,heap     ] GC(318) Old regions: 855->855
[2026-09-06T17:10:47.110-0400][585.701s][info][gc,heap     ] GC(318) Archive regions: 0->0
[2026-09-06T17:10:47.110-0400][585.701s][info][gc,heap     ] GC(318) Humongous regions: 29->29
[2026-09-06T17:10:47.110-0400][585.701s][info][gc,metaspace] GC(318) Metaspace: 153438K(156096K)->153438K(156096K) NonClass: 131607K(132992K)->131607K(132992K) Class: 21830K(23104K)->21830K(23104K)
[2026-09-06T17:10:47.110-0400][585.701s][info][gc          ] GC(318) Pause Young (Normal) (G1 Evacuation Pause) 2175M->1794M(2452M) 3.457ms
[2026-09-06T17:10:47.110-0400][585.701s][info][gc,cpu      ] GC(318) User=0.00s Sys=0.00s Real=0.00s
[2026-09-06T17:10:47.458-0400][586.048s][info][gc,start    ] GC(319) Pause Young (Normal) (G1 Evacuation Pause)
[2026-09-06T17:10:47.458-0400][586.048s][info][gc,task     ] GC(319) Using 23 workers of 23 for evacuation
[2026-09-06T17:10:47.461-0400][586.052s][info][gc,phases   ] GC(319)   Pre Evacuate Collection Set: 0.25ms
[2026-09-06T17:10:47.461-0400][586.052s][info][gc,phases   ] GC(319)   Merge Heap Roots: 0.14ms
[2026-09-06T17:10:47.461-0400][586.052s][info][gc,phases   ] GC(319)   Evacuate Collection Set: 2.46ms
[2026-09-06T17:10:47.461-0400][586.052s][info][gc,phases   ] GC(319)   Post Evacuate Collection Set: 0.56ms
[2026-09-06T17:10:47.461-0400][586.052s][info][gc,phases   ] GC(319)   Other: 0.14ms
[2026-09-06T17:10:47.461-0400][586.052s][info][gc,heap     ] GC(319) Eden regions: 191->0(187)
[2026-09-06T17:10:47.461-0400][586.052s][info][gc,heap     ] GC(319) Survivor regions: 14->16(26)
[2026-09-06T17:10:47.461-0400][586.052s][info][gc,heap     ] GC(319) Old regions: 855->855
[2026-09-06T17:10:47.461-0400][586.052s][info][gc,heap     ] GC(319) Archive regions: 0->0
[2026-09-06T17:10:47.461-0400][586.052s][info][gc,heap     ] GC(319) Humongous regions: 29->29
[2026-09-06T17:10:47.461-0400][586.052s][info][gc,metaspace] GC(319) Metaspace: 153631K(156288K)->153631K(156288K) NonClass: 131771K(133184K)->131771K(133184K) Class: 21860K(23104K)->21860K(23104K)
[2026-09-06T17:10:47.461-0400][586.052s][info][gc          ] GC(319) Pause Young (Normal) (G1 Evacuation Pause) 2176M->1797M(2452M) 3.743ms
[2026-09-06T17:10:47.461-0400][586.052s][info][gc,cpu      ] GC(319) User=0.33s Sys=0.00s Real=0.00s
[2026-09-06T17:10:47.542-0400][586.132s][info][gc,start    ] GC(320) Pause Young (Normal) (G1 Evacuation Pause)
[2026-09-06T17:10:47.542-0400][586.132s][info][gc,task     ] GC(320) Using 23 workers of 23 for evacuation
[2026-09-06T17:10:47.546-0400][586.136s][info][gc,phases   ] GC(320)   Pre Evacuate Collection Set: 0.35ms
[2026-09-06T17:10:47.546-0400][586.136s][info][gc,phases   ] GC(320)   Merge Heap Roots: 0.15ms
[2026-09-06T17:10:47.546-0400][586.136s][info][gc,phases   ] GC(320)   Evacuate Collection Set: 3.03ms
[2026-09-06T17:10:47.546-0400][586.136s][info][gc,phases   ] GC(320)   Post Evacuate Collection Set: 0.63ms
[2026-09-06T17:10:47.546-0400][586.136s][info][gc,phases   ] GC(320)   Other: 0.16ms
[2026-09-06T17:10:47.546-0400][586.136s][info][gc,heap     ] GC(320) Eden regions: 187->0(187)
[2026-09-06T17:10:47.546-0400][586.136s][info][gc,heap     ] GC(320) Survivor regions: 16->15(26)
[2026-09-06T17:10:47.546-0400][586.136s][info][gc,heap     ] GC(320) Old regions: 855->857
[2026-09-06T17:10:47.546-0400][586.136s][info][gc,heap     ] GC(320) Archive regions: 0->0
[2026-09-06T17:10:47.546-0400][586.136s][info][gc,heap     ] GC(320) Humongous regions: 29->29
[2026-09-06T17:10:47.546-0400][586.136s][info][gc,metaspace] GC(320) Metaspace: 153631K(156288K)->153631K(156288K) NonClass: 131771K(133184K)->131771K(133184K) Class: 21860K(23104K)->21860K(23104K)
[2026-09-06T17:10:47.546-0400][586.136s][info][gc          ] GC(320) Pause Young (Normal) (G1 Evacuation Pause) 2171M->1800M(2452M) 4.436ms
[2026-09-06T17:10:47.547-0400][586.136s][info][gc,cpu      ] GC(320) User=0.00s Sys=0.00s Real=0.00s
[2026-09-06T17:10:47.620-0400][586.210s][info][gc,start    ] GC(321) Pause Young (Normal) (G1 Evacuation Pause)
[2026-09-06T17:10:47.620-0400][586.210s][info][gc,task     ] GC(321) Using 23 workers of 23 for evacuation
[2026-09-06T17:10:47.623-0400][586.214s][info][gc,phases   ] GC(321)   Pre Evacuate Collection Set: 0.21ms
[2026-09-06T17:10:47.623-0400][586.214s][info][gc,phases   ] GC(321)   Merge Heap Roots: 0.18ms
[2026-09-06T17:10:47.623-0400][586.214s][info][gc,phases   ] GC(321)   Evacuate Collection Set: 2.69ms
[2026-09-06T17:10:47.623-0400][586.214s][info][gc,phases   ] GC(321)   Post Evacuate Collection Set: 0.50ms
[2026-09-06T17:10:47.623-0400][586.214s][info][gc,phases   ] GC(321)   Other: 0.19ms
[2026-09-06T17:10:47.623-0400][586.214s][info][gc,heap     ] GC(321) Eden regions: 187->0(188)
[2026-09-06T17:10:47.623-0400][586.214s][info][gc,heap     ] GC(321) Survivor regions: 15->13(26)
[2026-09-06T17:10:47.623-0400][586.214s][info][gc,heap     ] GC(321) Old regions: 857->860
[2026-09-06T17:10:47.623-0400][586.214s][info][gc,heap     ] GC(321) Archive regions: 0->0
[2026-09-06T17:10:47.623-0400][586.214s][info][gc,heap     ] GC(321) Humongous regions: 29->29
[2026-09-06T17:10:47.623-0400][586.214s][info][gc,metaspace] GC(321) Metaspace: 153632K(156288K)->153632K(156288K) NonClass: 131772K(133184K)->131772K(133184K) Class: 21860K(23104K)->21860K(23104K)
[2026-09-06T17:10:47.623-0400][586.214s][info][gc          ] GC(321) Pause Young (Normal) (G1 Evacuation Pause) 2174M->1802M(2452M) 3.883ms
[2026-09-06T17:10:47.623-0400][586.214s][info][gc,cpu      ] GC(321) User=0.00s Sys=0.00s Real=0.00s
[2026-09-06T17:10:47.926-0400][586.516s][info][gc,start    ] GC(322) Pause Young (Normal) (G1 Evacuation Pause)
[2026-09-06T17:10:47.926-0400][586.516s][info][gc,task     ] GC(322) Using 23 workers of 23 for evacuation
[2026-09-06T17:10:47.929-0400][586.519s][info][gc,phases   ] GC(322)   Pre Evacuate Collection Set: 0.22ms
[2026-09-06T17:10:47.929-0400][586.519s][info][gc,phases   ] GC(322)   Merge Heap Roots: 0.11ms
[2026-09-06T17:10:47.929-0400][586.519s][info][gc,phases   ] GC(322)   Evacuate Collection Set: 1.73ms
[2026-09-06T17:10:47.929-0400][586.519s][info][gc,phases   ] GC(322)   Post Evacuate Collection Set: 0.52ms
[2026-09-06T17:10:47.929-0400][586.519s][info][gc,phases   ] GC(322)   Other: 0.14ms
[2026-09-06T17:10:47.929-0400][586.519s][info][gc,heap     ] GC(322) Eden regions: 188->0(188)
[2026-09-06T17:10:47.929-0400][586.519s][info][gc,heap     ] GC(322) Survivor regions: 13->13(26)
[2026-09-06T17:10:47.929-0400][586.519s][info][gc,heap     ] GC(322) Old regions: 860->860
[2026-09-06T17:10:47.929-0400][586.519s][info][gc,heap     ] GC(322) Archive regions: 0->0
[2026-09-06T17:10:47.929-0400][586.519s][info][gc,heap     ] GC(322) Humongous regions: 29->29
[2026-09-06T17:10:47.929-0400][586.519s][info][gc,metaspace] GC(322) Metaspace: 153641K(156288K)->153641K(156288K) NonClass: 131781K(133184K)->131781K(133184K) Class: 21860K(23104K)->21860K(23104K)
[2026-09-06T17:10:47.929-0400][586.519s][info][gc          ] GC(322) Pause Young (Normal) (G1 Evacuation Pause) 2178M->1801M(2452M) 2.924ms
[2026-09-06T17:10:47.929-0400][586.519s][info][gc,cpu      ] GC(322) User=0.33s Sys=0.05s Real=0.00s
[2026-09-06T17:10:48.125-0400][586.716s][info][gc,start    ] GC(323) Pause Young (Normal) (GCLocker Initiated GC)
[2026-09-06T17:10:48.125-0400][586.716s][info][gc,task     ] GC(323) Using 23 workers of 23 for evacuation
[2026-09-06T17:10:48.129-0400][586.720s][info][gc,phases   ] GC(323)   Pre Evacuate Collection Set: 0.21ms
[2026-09-06T17:10:48.129-0400][586.720s][info][gc,phases   ] GC(323)   Merge Heap Roots: 0.13ms
[2026-09-06T17:10:48.129-0400][586.720s][info][gc,phases   ] GC(323)   Evacuate Collection Set: 2.77ms
[2026-09-06T17:10:48.129-0400][586.720s][info][gc,phases   ] GC(323)   Post Evacuate Collection Set: 0.52ms
[2026-09-06T17:10:48.129-0400][586.720s][info][gc,phases   ] GC(323)   Other: 0.14ms
[2026-09-06T17:10:48.129-0400][586.720s][info][gc,heap     ] GC(323) Eden regions: 188->0(184)
[2026-09-06T17:10:48.129-0400][586.720s][info][gc,heap     ] GC(323) Survivor regions: 13->15(26)
[2026-09-06T17:10:48.129-0400][586.720s][info][gc,heap     ] GC(323) Old regions: 860->860
[2026-09-06T17:10:48.129-0400][586.720s][info][gc,heap     ] GC(323) Archive regions: 0->0
[2026-09-06T17:10:48.129-0400][586.720s][info][gc,heap     ] GC(323) Humongous regions: 29->29
[2026-09-06T17:10:48.129-0400][586.720s][info][gc,metaspace] GC(323) Metaspace: 153642K(156288K)->153642K(156288K) NonClass: 131782K(133184K)->131782K(133184K) Class: 21860K(23104K)->21860K(23104K)
[2026-09-06T17:10:48.129-0400][586.720s][info][gc          ] GC(323) Pause Young (Normal) (GCLocker Initiated GC) 2177M->1805M(2452M) 3.885ms
[2026-09-06T17:10:48.129-0400][586.720s][info][gc,cpu      ] GC(323) User=0.00s Sys=0.00s Real=0.00s
[2026-09-06T17:10:48.228-0400][586.818s][info][gc,start    ] GC(324) Pause Young (Normal) (G1 Evacuation Pause)
[2026-09-06T17:10:48.228-0400][586.818s][info][gc,task     ] GC(324) Using 23 workers of 23 for evacuation
[2026-09-06T17:10:48.231-0400][586.822s][info][gc,phases   ] GC(324)   Pre Evacuate Collection Set: 0.23ms
[2026-09-06T17:10:48.231-0400][586.822s][info][gc,phases   ] GC(324)   Merge Heap Roots: 0.12ms
[2026-09-06T17:10:48.231-0400][586.822s][info][gc,phases   ] GC(324)   Evacuate Collection Set: 2.92ms
[2026-09-06T17:10:48.231-0400][586.822s][info][gc,phases   ] GC(324)   Post Evacuate Collection Set: 0.56ms
[2026-09-06T17:10:48.231-0400][586.822s][info][gc,phases   ] GC(324)   Other: 0.17ms
[2026-09-06T17:10:48.231-0400][586.822s][info][gc,heap     ] GC(324) Eden regions: 184->0(180)
[2026-09-06T17:10:48.231-0400][586.822s][info][gc,heap     ] GC(324) Survivor regions: 15->17(25)
[2026-09-06T17:10:48.231-0400][586.822s][info][gc,heap     ] GC(324) Old regions: 860->860
[2026-09-06T17:10:48.231-0400][586.822s][info][gc,heap     ] GC(324) Archive regions: 0->0
[2026-09-06T17:10:48.231-0400][586.822s][info][gc,heap     ] GC(324) Humongous regions: 29->29
[2026-09-06T17:10:48.231-0400][586.822s][info][gc,metaspace] GC(324) Metaspace: 153642K(156288K)->153642K(156288K) NonClass: 131782K(133184K)->131782K(133184K) Class: 21860K(23104K)->21860K(23104K)
[2026-09-06T17:10:48.231-0400][586.822s][info][gc          ] GC(324) Pause Young (Normal) (G1 Evacuation Pause) 2173M->1811M(2452M) 4.170ms
[2026-09-06T17:10:48.231-0400][586.822s][info][gc,cpu      ] GC(324) User=0.00s Sys=0.00s Real=0.00s
[2026-09-06T17:10:48.308-0400][586.898s][info][gc,start    ] GC(325) Pause Young (Normal) (G1 Evacuation Pause)
[2026-09-06T17:10:48.308-0400][586.898s][info][gc,task     ] GC(325) Using 23 workers of 23 for evacuation
[2026-09-06T17:10:48.311-0400][586.901s][info][gc,phases   ] GC(325)   Pre Evacuate Collection Set: 0.13ms
[2026-09-06T17:10:48.311-0400][586.901s][info][gc,phases   ] GC(325)   Merge Heap Roots: 0.13ms
[2026-09-06T17:10:48.311-0400][586.901s][info][gc,phases   ] GC(325)   Evacuate Collection Set: 2.32ms
[2026-09-06T17:10:48.311-0400][586.901s][info][gc,phases   ] GC(325)   Post Evacuate Collection Set: 0.48ms
[2026-09-06T17:10:48.311-0400][586.901s][info][gc,phases   ] GC(325)   Other: 0.16ms
[2026-09-06T17:10:48.311-0400][586.901s][info][gc,heap     ] GC(325) Eden regions: 180->0(185)
[2026-09-06T17:10:48.311-0400][586.901s][info][gc,heap     ] GC(325) Survivor regions: 17->12(25)
[2026-09-06T17:10:48.311-0400][586.901s][info][gc,heap     ] GC(325) Old regions: 860->865
[2026-09-06T17:10:48.311-0400][586.901s][info][gc,heap     ] GC(325) Archive regions: 0->0
[2026-09-06T17:10:48.311-0400][586.901s][info][gc,heap     ] GC(325) Humongous regions: 29->29
[2026-09-06T17:10:48.311-0400][586.901s][info][gc,metaspace] GC(325) Metaspace: 153643K(156288K)->153643K(156288K) NonClass: 131783K(133184K)->131783K(133184K) Class: 21860K(23104K)->21860K(23104K)
[2026-09-06T17:10:48.312-0400][586.901s][info][gc          ] GC(325) Pause Young (Normal) (G1 Evacuation Pause) 2171M->1810M(2452M) 3.332ms
[2026-09-06T17:10:48.312-0400][586.901s][info][gc,cpu      ] GC(325) User=0.00s Sys=0.00s Real=0.00s
[2026-09-06T17:10:48.575-0400][587.165s][info][gc,start    ] GC(326) Pause Young (Normal) (G1 Evacuation Pause)
[2026-09-06T17:10:48.575-0400][587.165s][info][gc,task     ] GC(326) Using 23 workers of 23 for evacuation
[2026-09-06T17:10:48.578-0400][587.168s][info][gc,phases   ] GC(326)   Pre Evacuate Collection Set: 0.19ms
[2026-09-06T17:10:48.578-0400][587.168s][info][gc,phases   ] GC(326)   Merge Heap Roots: 0.14ms
[2026-09-06T17:10:48.578-0400][587.168s][info][gc,phases   ] GC(326)   Evacuate Collection Set: 1.81ms
[2026-09-06T17:10:48.578-0400][587.168s][info][gc,phases   ] GC(326)   Post Evacuate Collection Set: 0.54ms
[2026-09-06T17:10:48.578-0400][587.168s][info][gc,phases   ] GC(326)   Other: 0.15ms
[2026-09-06T17:10:48.578-0400][587.168s][info][gc,heap     ] GC(326) Eden regions: 185->0(183)
[2026-09-06T17:10:48.578-0400][587.168s][info][gc,heap     ] GC(326) Survivor regions: 12->13(25)
[2026-09-06T17:10:48.578-0400][587.168s][info][gc,heap     ] GC(326) Old regions: 865->865
[2026-09-06T17:10:48.578-0400][587.168s][info][gc,heap     ] GC(326) Archive regions: 0->0
[2026-09-06T17:10:48.578-0400][587.168s][info][gc,heap     ] GC(326) Humongous regions: 29->29
[2026-09-06T17:10:48.578-0400][587.168s][info][gc,metaspace] GC(326) Metaspace: 153655K(156288K)->153655K(156288K) NonClass: 131795K(133184K)->131795K(133184K) Class: 21860K(23104K)->21860K(23104K)
[2026-09-06T17:10:48.578-0400][587.168s][info][gc          ] GC(326) Pause Young (Normal) (G1 Evacuation Pause) 2180M->1811M(2452M) 2.928ms
[2026-09-06T17:10:48.578-0400][587.168s][info][gc,cpu      ] GC(326) User=0.00s Sys=0.00s Real=0.00s
[2026-09-06T17:10:48.751-0400][587.342s][info][gc,start    ] GC(327) Pause Young (Normal) (G1 Evacuation Pause)
[2026-09-06T17:10:48.751-0400][587.342s][info][gc,task     ] GC(327) Using 23 workers of 23 for evacuation
[2026-09-06T17:10:48.755-0400][587.345s][info][gc,phases   ] GC(327)   Pre Evacuate Collection Set: 0.13ms
[2026-09-06T17:10:48.755-0400][587.345s][info][gc,phases   ] GC(327)   Merge Heap Roots: 0.12ms
[2026-09-06T17:10:48.755-0400][587.345s][info][gc,phases   ] GC(327)   Evacuate Collection Set: 2.29ms
[2026-09-06T17:10:48.755-0400][587.345s][info][gc,phases   ] GC(327)   Post Evacuate Collection Set: 0.72ms
[2026-09-06T17:10:48.755-0400][587.345s][info][gc,phases   ] GC(327)   Other: 0.15ms
[2026-09-06T17:10:48.755-0400][587.345s][info][gc,heap     ] GC(327) Eden regions: 183->0(179)
[2026-09-06T17:10:48.755-0400][587.345s][info][gc,heap     ] GC(327) Survivor regions: 13->15(25)
[2026-09-06T17:10:48.755-0400][587.345s][info][gc,heap     ] GC(327) Old regions: 865->865
[2026-09-06T17:10:48.755-0400][587.345s][info][gc,heap     ] GC(327) Archive regions: 0->0
[2026-09-06T17:10:48.755-0400][587.346s][info][gc,heap     ] GC(327) Humongous regions: 29->29
[2026-09-06T17:10:48.755-0400][587.346s][info][gc,metaspace] GC(327) Metaspace: 153668K(156288K)->153668K(156288K) NonClass: 131808K(133184K)->131808K(133184K) Class: 21860K(23104K)->21860K(23104K)
[2026-09-06T17:10:48.755-0400][587.346s][info][gc          ] GC(327) Pause Young (Normal) (G1 Evacuation Pause) 2177M->1815M(2452M) 3.646ms
[2026-09-06T17:10:48.755-0400][587.346s][info][gc,cpu      ] GC(327) User=0.00s Sys=0.00s Real=0.00s
[2026-09-06T17:10:48.946-0400][587.536s][info][gc,start    ] GC(328) Pause Young (Normal) (G1 Evacuation Pause)
[2026-09-06T17:10:48.946-0400][587.536s][info][gc,task     ] GC(328) Using 23 workers of 23 for evacuation
[2026-09-06T17:10:48.950-0400][587.540s][info][gc,phases   ] GC(328)   Pre Evacuate Collection Set: 0.24ms
[2026-09-06T17:10:48.950-0400][587.540s][info][gc,phases   ] GC(328)   Merge Heap Roots: 0.22ms
[2026-09-06T17:10:48.950-0400][587.540s][info][gc,phases   ] GC(328)   Evacuate Collection Set: 3.04ms
[2026-09-06T17:10:48.950-0400][587.540s][info][gc,phases   ] GC(328)   Post Evacuate Collection Set: 0.60ms
[2026-09-06T17:10:48.950-0400][587.540s][info][gc,phases   ] GC(328)   Other: 0.21ms
[2026-09-06T17:10:48.950-0400][587.540s][info][gc,heap     ] GC(328) Eden regions: 179->0(178)
[2026-09-06T17:10:48.950-0400][587.540s][info][gc,heap     ] GC(328) Survivor regions: 15->15(25)
[2026-09-06T17:10:48.950-0400][587.540s][info][gc,heap     ] GC(328) Old regions: 865->866
[2026-09-06T17:10:48.950-0400][587.540s][info][gc,heap     ] GC(328) Archive regions: 0->0
[2026-09-06T17:10:48.950-0400][587.540s][info][gc,heap     ] GC(328) Humongous regions: 29->29
[2026-09-06T17:10:48.950-0400][587.540s][info][gc,metaspace] GC(328) Metaspace: 153679K(156352K)->153679K(156352K) NonClass: 131819K(133248K)->131819K(133248K) Class: 21860K(23104K)->21860K(23104K)
[2026-09-06T17:10:48.950-0400][587.540s][info][gc          ] GC(328) Pause Young (Normal) (G1 Evacuation Pause) 2173M->1818M(2452M) 4.442ms
[2026-09-06T17:10:48.950-0400][587.540s][info][gc,cpu      ] GC(328) User=0.00s Sys=0.00s Real=0.00s
[2026-09-06T17:10:49.156-0400][587.747s][info][gc,start    ] GC(329) Pause Young (Normal) (G1 Evacuation Pause)
[2026-09-06T17:10:49.156-0400][587.747s][info][gc,task     ] GC(329) Using 23 workers of 23 for evacuation
[2026-09-06T17:10:49.159-0400][587.751s][info][gc,phases   ] GC(329)   Pre Evacuate Collection Set: 0.22ms
[2026-09-06T17:10:49.159-0400][587.751s][info][gc,phases   ] GC(329)   Merge Heap Roots: 0.17ms
[2026-09-06T17:10:49.159-0400][587.751s][info][gc,phases   ] GC(329)   Evacuate Collection Set: 2.55ms
[2026-09-06T17:10:49.159-0400][587.751s][info][gc,phases   ] GC(329)   Post Evacuate Collection Set: 0.50ms
[2026-09-06T17:10:49.159-0400][587.751s][info][gc,phases   ] GC(329)   Other: 0.18ms
[2026-09-06T17:10:49.159-0400][587.751s][info][gc,heap     ] GC(329) Eden regions: 178->0(174)
[2026-09-06T17:10:49.159-0400][587.751s][info][gc,heap     ] GC(329) Survivor regions: 15->16(25)
[2026-09-06T17:10:49.159-0400][587.751s][info][gc,heap     ] GC(329) Old regions: 866->868
[2026-09-06T17:10:49.159-0400][587.751s][info][gc,heap     ] GC(329) Archive regions: 0->0
[2026-09-06T17:10:49.159-0400][587.751s][info][gc,heap     ] GC(329) Humongous regions: 29->29
[2026-09-06T17:10:49.159-0400][587.751s][info][gc,metaspace] GC(329) Metaspace: 153680K(156352K)->153680K(156352K) NonClass: 131820K(133248K)->131820K(133248K) Class: 21860K(23104K)->21860K(23104K)
[2026-09-06T17:10:49.159-0400][587.751s][info][gc          ] GC(329) Pause Young (Normal) (G1 Evacuation Pause) 2174M->1824M(2452M) 3.702ms
[2026-09-06T17:10:49.159-0400][587.751s][info][gc,cpu      ] GC(329) User=0.00s Sys=0.00s Real=0.00s
[2026-09-06T17:10:49.208-0400][587.799s][info][gc,start    ] GC(330) Pause Young (Normal) (G1 Evacuation Pause)
[2026-09-06T17:10:49.208-0400][587.799s][info][gc,task     ] GC(330) Using 23 workers of 23 for evacuation
[2026-09-06T17:10:49.213-0400][587.804s][info][gc,phases   ] GC(330)   Pre Evacuate Collection Set: 0.14ms
[2026-09-06T17:10:49.213-0400][587.804s][info][gc,phases   ] GC(330)   Merge Heap Roots: 0.20ms
[2026-09-06T17:10:49.213-0400][587.804s][info][gc,phases   ] GC(330)   Evacuate Collection Set: 3.23ms
[2026-09-06T17:10:49.213-0400][587.804s][info][gc,phases   ] GC(330)   Post Evacuate Collection Set: 0.61ms
[2026-09-06T17:10:49.213-0400][587.804s][info][gc,phases   ] GC(330)   Other: 0.22ms
[2026-09-06T17:10:49.213-0400][587.804s][info][gc,heap     ] GC(330) Eden regions: 174->0(169)
[2026-09-06T17:10:49.213-0400][587.804s][info][gc,heap     ] GC(330) Survivor regions: 16->17(24)
[2026-09-06T17:10:49.213-0400][587.804s][info][gc,heap     ] GC(330) Old regions: 868->871
[2026-09-06T17:10:49.213-0400][587.804s][info][gc,heap     ] GC(330) Archive regions: 0->0
[2026-09-06T17:10:49.213-0400][587.804s][info][gc,heap     ] GC(330) Humongous regions: 29->29
[2026-09-06T17:10:49.213-0400][587.804s][info][gc,metaspace] GC(330) Metaspace: 153680K(156352K)->153680K(156352K) NonClass: 131820K(133248K)->131820K(133248K) Class: 21860K(23104K)->21860K(23104K)
[2026-09-06T17:10:49.213-0400][587.804s][info][gc          ] GC(330) Pause Young (Normal) (G1 Evacuation Pause) 2172M->1831M(2452M) 4.509ms
[2026-09-06T17:10:49.213-0400][587.804s][info][gc,cpu      ] GC(330) User=0.00s Sys=0.02s Real=0.01s
[2026-09-06T17:10:49.253-0400][587.843s][info][gc,start    ] GC(331) Pause Young (Normal) (G1 Evacuation Pause)
[2026-09-06T17:10:49.253-0400][587.843s][info][gc,task     ] GC(331) Using 23 workers of 23 for evacuation
[2026-09-06T17:10:49.257-0400][587.847s][info][gc,phases   ] GC(331)   Pre Evacuate Collection Set: 0.21ms
[2026-09-06T17:10:49.257-0400][587.847s][info][gc,phases   ] GC(331)   Merge Heap Roots: 0.15ms
[2026-09-06T17:10:49.257-0400][587.847s][info][gc,phases   ] GC(331)   Evacuate Collection Set: 2.85ms
[2026-09-06T17:10:49.257-0400][587.847s][info][gc,phases   ] GC(331)   Post Evacuate Collection Set: 0.43ms
[2026-09-06T17:10:49.257-0400][587.847s][info][gc,phases   ] GC(331)   Other: 0.21ms
[2026-09-06T17:10:49.257-0400][587.847s][info][gc,heap     ] GC(331) Eden regions: 169->0(172)
[2026-09-06T17:10:49.257-0400][587.847s][info][gc,heap     ] GC(331) Survivor regions: 17->13(24)
[2026-09-06T17:10:49.257-0400][587.847s][info][gc,heap     ] GC(331) Old regions: 871->875
[2026-09-06T17:10:49.257-0400][587.847s][info][gc,heap     ] GC(331) Archive regions: 0->0
[2026-09-06T17:10:49.257-0400][587.847s][info][gc,heap     ] GC(331) Humongous regions: 29->29
[2026-09-06T17:10:49.257-0400][587.847s][info][gc,metaspace] GC(331) Metaspace: 153683K(156352K)->153683K(156352K) NonClass: 131823K(133248K)->131823K(133248K) Class: 21860K(23104K)->21860K(23104K)
[2026-09-06T17:10:49.257-0400][587.847s][info][gc          ] GC(331) Pause Young (Normal) (G1 Evacuation Pause) 2169M->1832M(2452M) 4.072ms
[2026-09-06T17:10:49.257-0400][587.847s][info][gc,cpu      ] GC(331) User=0.34s Sys=0.00s Real=0.00s
[2026-09-06T17:10:49.311-0400][587.902s][info][gc,start    ] GC(332) Pause Young (Normal) (G1 Evacuation Pause)
[2026-09-06T17:10:49.311-0400][587.902s][info][gc,task     ] GC(332) Using 23 workers of 23 for evacuation
[2026-09-06T17:10:49.314-0400][587.905s][info][gc,phases   ] GC(332)   Pre Evacuate Collection Set: 0.12ms
[2026-09-06T17:10:49.314-0400][587.905s][info][gc,phases   ] GC(332)   Merge Heap Roots: 0.12ms
[2026-09-06T17:10:49.315-0400][587.905s][info][gc,phases   ] GC(332)   Evacuate Collection Set: 2.41ms
[2026-09-06T17:10:49.315-0400][587.905s][info][gc,phases   ] GC(332)   Post Evacuate Collection Set: 0.48ms
[2026-09-06T17:10:49.315-0400][587.905s][info][gc,phases   ] GC(332)   Other: 0.17ms
[2026-09-06T17:10:49.315-0400][587.905s][info][gc,heap     ] GC(332) Eden regions: 172->0(171)
[2026-09-06T17:10:49.315-0400][587.905s][info][gc,heap     ] GC(332) Survivor regions: 13->14(24)
[2026-09-06T17:10:49.315-0400][587.905s][info][gc,heap     ] GC(332) Old regions: 875->875
[2026-09-06T17:10:49.315-0400][587.905s][info][gc,heap     ] GC(332) Archive regions: 0->0
[2026-09-06T17:10:49.315-0400][587.905s][info][gc,heap     ] GC(332) Humongous regions: 29->29
[2026-09-06T17:10:49.315-0400][587.905s][info][gc,metaspace] GC(332) Metaspace: 153684K(156352K)->153684K(156352K) NonClass: 131824K(133248K)->131824K(133248K) Class: 21860K(23104K)->21860K(23104K)
[2026-09-06T17:10:49.315-0400][587.905s][info][gc          ] GC(332) Pause Young (Normal) (G1 Evacuation Pause) 2176M->1834M(2452M) 3.430ms
[2026-09-06T17:10:49.315-0400][587.905s][info][gc,cpu      ] GC(332) User=0.00s Sys=0.00s Real=0.00s
[2026-09-06T17:10:49.443-0400][588.034s][info][gc,start    ] GC(333) Pause Young (Normal) (G1 Evacuation Pause)
[2026-09-06T17:10:49.443-0400][588.034s][info][gc,task     ] GC(333) Using 23 workers of 23 for evacuation
[2026-09-06T17:10:49.446-0400][588.037s][info][gc,phases   ] GC(333)   Pre Evacuate Collection Set: 0.21ms
[2026-09-06T17:10:49.446-0400][588.037s][info][gc,phases   ] GC(333)   Merge Heap Roots: 0.13ms
[2026-09-06T17:10:49.446-0400][588.037s][info][gc,phases   ] GC(333)   Evacuate Collection Set: 2.33ms
[2026-09-06T17:10:49.446-0400][588.037s][info][gc,phases   ] GC(333)   Post Evacuate Collection Set: 0.48ms
[2026-09-06T17:10:49.446-0400][588.037s][info][gc,phases   ] GC(333)   Other: 0.16ms
[2026-09-06T17:10:49.446-0400][588.037s][info][gc,heap     ] GC(333) Eden regions: 171->0(173)
[2026-09-06T17:10:49.446-0400][588.037s][info][gc,heap     ] GC(333) Survivor regions: 14->12(24)
[2026-09-06T17:10:49.446-0400][588.037s][info][gc,heap     ] GC(333) Old regions: 875->877
[2026-09-06T17:10:49.446-0400][588.037s][info][gc,heap     ] GC(333) Archive regions: 0->0
[2026-09-06T17:10:49.446-0400][588.037s][info][gc,heap     ] GC(333) Humongous regions: 29->29
[2026-09-06T17:10:49.446-0400][588.037s][info][gc,metaspace] GC(333) Metaspace: 153684K(156352K)->153684K(156352K) NonClass: 131824K(133248K)->131824K(133248K) Class: 21860K(23104K)->21860K(23104K)
[2026-09-06T17:10:49.446-0400][588.037s][info][gc          ] GC(333) Pause Young (Normal) (G1 Evacuation Pause) 2176M->1833M(2452M) 3.435ms
[2026-09-06T17:10:49.447-0400][588.037s][info][gc,cpu      ] GC(333) User=0.02s Sys=0.00s Real=0.00s
[2026-09-06T17:10:49.731-0400][588.322s][info][gc,start    ] GC(334) Pause Young (Normal) (G1 Evacuation Pause)
[2026-09-06T17:10:49.731-0400][588.322s][info][gc,task     ] GC(334) Using 23 workers of 23 for evacuation
[2026-09-06T17:10:49.735-0400][588.326s][info][gc,phases   ] GC(334)   Pre Evacuate Collection Set: 0.21ms
[2026-09-06T17:10:49.735-0400][588.326s][info][gc,phases   ] GC(334)   Merge Heap Roots: 0.15ms
[2026-09-06T17:10:49.735-0400][588.326s][info][gc,phases   ] GC(334)   Evacuate Collection Set: 2.58ms
[2026-09-06T17:10:49.735-0400][588.326s][info][gc,phases   ] GC(334)   Post Evacuate Collection Set: 0.51ms
[2026-09-06T17:10:49.735-0400][588.326s][info][gc,phases   ] GC(334)   Other: 0.18ms
[2026-09-06T17:10:49.735-0400][588.326s][info][gc,heap     ] GC(334) Eden regions: 173->0(169)
[2026-09-06T17:10:49.735-0400][588.326s][info][gc,heap     ] GC(334) Survivor regions: 12->14(24)
[2026-09-06T17:10:49.735-0400][588.326s][info][gc,heap     ] GC(334) Old regions: 877->877
[2026-09-06T17:10:49.735-0400][588.326s][info][gc,heap     ] GC(334) Archive regions: 0->0
[2026-09-06T17:10:49.735-0400][588.326s][info][gc,heap     ] GC(334) Humongous regions: 29->29
[2026-09-06T17:10:49.735-0400][588.326s][info][gc,metaspace] GC(334) Metaspace: 153686K(156352K)->153686K(156352K) NonClass: 131826K(133248K)->131826K(133248K) Class: 21860K(23104K)->21860K(23104K)
[2026-09-06T17:10:49.735-0400][588.326s][info][gc          ] GC(334) Pause Young (Normal) (G1 Evacuation Pause) 2179M->1838M(2452M) 3.741ms
[2026-09-06T17:10:49.735-0400][588.326s][info][gc,cpu      ] GC(334) User=0.00s Sys=0.00s Real=0.00s
[2026-09-06T17:10:49.788-0400][588.378s][info][gc,start    ] GC(335) Pause Young (Normal) (GCLocker Initiated GC)
[2026-09-06T17:10:49.788-0400][588.378s][info][gc,task     ] GC(335) Using 23 workers of 23 for evacuation
[2026-09-06T17:10:49.791-0400][588.382s][info][gc,phases   ] GC(335)   Pre Evacuate Collection Set: 0.21ms
[2026-09-06T17:10:49.792-0400][588.382s][info][gc,phases   ] GC(335)   Merge Heap Roots: 0.14ms
[2026-09-06T17:10:49.792-0400][588.382s][info][gc,phases   ] GC(335)   Evacuate Collection Set: 2.39ms
[2026-09-06T17:10:49.792-0400][588.382s][info][gc,phases   ] GC(335)   Post Evacuate Collection Set: 0.52ms
[2026-09-06T17:10:49.792-0400][588.382s][info][gc,phases   ] GC(335)   Other: 0.15ms
[2026-09-06T17:10:49.792-0400][588.382s][info][gc,heap     ] GC(335) Eden regions: 169->0(170)
[2026-09-06T17:10:49.792-0400][588.382s][info][gc,heap     ] GC(335) Survivor regions: 14->13(23)
[2026-09-06T17:10:49.792-0400][588.382s][info][gc,heap     ] GC(335) Old regions: 877->878
[2026-09-06T17:10:49.792-0400][588.382s][info][gc,heap     ] GC(335) Archive regions: 0->0
[2026-09-06T17:10:49.792-0400][588.382s][info][gc,heap     ] GC(335) Humongous regions: 29->29
[2026-09-06T17:10:49.792-0400][588.382s][info][gc,metaspace] GC(335) Metaspace: 153686K(156352K)->153686K(156352K) NonClass: 131826K(133248K)->131826K(133248K) Class: 21860K(23104K)->21860K(23104K)
[2026-09-06T17:10:49.792-0400][588.382s][info][gc          ] GC(335) Pause Young (Normal) (GCLocker Initiated GC) 2176M->1839M(2452M) 3.542ms
[2026-09-06T17:10:49.792-0400][588.382s][info][gc,cpu      ] GC(335) User=0.00s Sys=0.00s Real=0.00s
[2026-09-06T17:10:49.847-0400][588.437s][info][gc,start    ] GC(336) Pause Young (Normal) (G1 Evacuation Pause)
[2026-09-06T17:10:49.847-0400][588.437s][info][gc,task     ] GC(336) Using 23 workers of 23 for evacuation
[2026-09-06T17:10:49.851-0400][588.441s][info][gc,phases   ] GC(336)   Pre Evacuate Collection Set: 0.16ms
[2026-09-06T17:10:49.851-0400][588.441s][info][gc,phases   ] GC(336)   Merge Heap Roots: 0.14ms
[2026-09-06T17:10:49.851-0400][588.441s][info][gc,phases   ] GC(336)   Evacuate Collection Set: 2.46ms
[2026-09-06T17:10:49.851-0400][588.441s][info][gc,phases   ] GC(336)   Post Evacuate Collection Set: 0.41ms
[2026-09-06T17:10:49.851-0400][588.441s][info][gc,phases   ] GC(336)   Other: 0.16ms
[2026-09-06T17:10:49.851-0400][588.441s][info][gc,heap     ] GC(336) Eden regions: 170->0(168)
[2026-09-06T17:10:49.851-0400][588.441s][info][gc,heap     ] GC(336) Survivor regions: 13->13(23)
[2026-09-06T17:10:49.851-0400][588.441s][info][gc,heap     ] GC(336) Old regions: 878->880
[2026-09-06T17:10:49.851-0400][588.441s][info][gc,heap     ] GC(336) Archive regions: 0->0
[2026-09-06T17:10:49.851-0400][588.441s][info][gc,heap     ] GC(336) Humongous regions: 29->29
[2026-09-06T17:10:49.851-0400][588.441s][info][gc,metaspace] GC(336) Metaspace: 153686K(156352K)->153686K(156352K) NonClass: 131826K(133248K)->131826K(133248K) Class: 21860K(23104K)->21860K(23104K)
[2026-09-06T17:10:49.851-0400][588.441s][info][gc          ] GC(336) Pause Young (Normal) (G1 Evacuation Pause) 2179M->1840M(2452M) 3.448ms
[2026-09-06T17:10:49.851-0400][588.441s][info][gc,cpu      ] GC(336) User=0.36s Sys=0.02s Real=0.00s
[2026-09-06T17:10:50.021-0400][588.611s][info][gc,start    ] GC(337) Pause Young (Normal) (G1 Evacuation Pause)
[2026-09-06T17:10:50.021-0400][588.611s][info][gc,task     ] GC(337) Using 23 workers of 23 for evacuation
[2026-09-06T17:10:50.023-0400][588.614s][info][gc,phases   ] GC(337)   Pre Evacuate Collection Set: 0.22ms
[2026-09-06T17:10:50.023-0400][588.614s][info][gc,phases   ] GC(337)   Merge Heap Roots: 0.11ms
[2026-09-06T17:10:50.023-0400][588.614s][info][gc,phases   ] GC(337)   Evacuate Collection Set: 1.89ms
[2026-09-06T17:10:50.023-0400][588.614s][info][gc,phases   ] GC(337)   Post Evacuate Collection Set: 0.45ms
[2026-09-06T17:10:50.023-0400][588.614s][info][gc,phases   ] GC(337)   Other: 0.14ms
[2026-09-06T17:10:50.023-0400][588.614s][info][gc,heap     ] GC(337) Eden regions: 168->0(168)
[2026-09-06T17:10:50.023-0400][588.614s][info][gc,heap     ] GC(337) Survivor regions: 13->13(23)
[2026-09-06T17:10:50.023-0400][588.614s][info][gc,heap     ] GC(337) Old regions: 880->880
[2026-09-06T17:10:50.023-0400][588.614s][info][gc,heap     ] GC(337) Archive regions: 0->0
[2026-09-06T17:10:50.023-0400][588.614s][info][gc,heap     ] GC(337) Humongous regions: 29->29
[2026-09-06T17:10:50.023-0400][588.614s][info][gc,metaspace] GC(337) Metaspace: 153687K(156352K)->153687K(156352K) NonClass: 131827K(133248K)->131827K(133248K) Class: 21860K(23104K)->21860K(23104K)
[2026-09-06T17:10:50.023-0400][588.614s][info][gc          ] GC(337) Pause Young (Normal) (G1 Evacuation Pause) 2176M->1841M(2452M) 2.930ms
[2026-09-06T17:10:50.023-0400][588.614s][info][gc,cpu      ] GC(337) User=0.06s Sys=0.00s Real=0.00s
[2026-09-06T17:10:50.283-0400][588.874s][info][gc,start    ] GC(338) Pause Young (Normal) (GCLocker Initiated GC)
[2026-09-06T17:10:50.283-0400][588.874s][info][gc,task     ] GC(338) Using 23 workers of 23 for evacuation
[2026-09-06T17:10:50.288-0400][588.878s][info][gc,phases   ] GC(338)   Pre Evacuate Collection Set: 0.41ms
[2026-09-06T17:10:50.288-0400][588.878s][info][gc,phases   ] GC(338)   Merge Heap Roots: 0.17ms
[2026-09-06T17:10:50.288-0400][588.878s][info][gc,phases   ] GC(338)   Evacuate Collection Set: 2.40ms
[2026-09-06T17:10:50.288-0400][588.878s][info][gc,phases   ] GC(338)   Post Evacuate Collection Set: 0.53ms
[2026-09-06T17:10:50.288-0400][588.878s][info][gc,phases   ] GC(338)   Other: 0.19ms
[2026-09-06T17:10:50.288-0400][588.878s][info][gc,heap     ] GC(338) Eden regions: 168->0(164)
[2026-09-06T17:10:50.288-0400][588.878s][info][gc,heap     ] GC(338) Survivor regions: 13->15(23)
[2026-09-06T17:10:50.288-0400][588.878s][info][gc,heap     ] GC(338) Old regions: 880->880
[2026-09-06T17:10:50.288-0400][588.878s][info][gc,heap     ] GC(338) Archive regions: 0->0
[2026-09-06T17:10:50.288-0400][588.878s][info][gc,heap     ] GC(338) Humongous regions: 29->29
[2026-09-06T17:10:50.288-0400][588.878s][info][gc,metaspace] GC(338) Metaspace: 153690K(156416K)->153690K(156416K) NonClass: 131830K(133312K)->131830K(133312K) Class: 21860K(23104K)->21860K(23104K)
[2026-09-06T17:10:50.288-0400][588.878s][info][gc          ] GC(338) Pause Young (Normal) (GCLocker Initiated GC) 2177M->1844M(2452M) 3.805ms
[2026-09-06T17:10:50.288-0400][588.878s][info][gc,cpu      ] GC(338) User=0.36s Sys=0.02s Real=0.01s
[2026-09-06T17:10:50.329-0400][588.920s][info][gc,start    ] GC(339) Pause Young (Normal) (G1 Evacuation Pause)
[2026-09-06T17:10:50.329-0400][588.920s][info][gc,task     ] GC(339) Using 23 workers of 23 for evacuation
[2026-09-06T17:10:50.334-0400][588.924s][info][gc,phases   ] GC(339)   Pre Evacuate Collection Set: 0.16ms
[2026-09-06T17:10:50.334-0400][588.924s][info][gc,phases   ] GC(339)   Merge Heap Roots: 0.15ms
[2026-09-06T17:10:50.334-0400][588.924s][info][gc,phases   ] GC(339)   Evacuate Collection Set: 3.02ms
[2026-09-06T17:10:50.334-0400][588.924s][info][gc,phases   ] GC(339)   Post Evacuate Collection Set: 0.73ms
[2026-09-06T17:10:50.334-0400][588.924s][info][gc,phases   ] GC(339)   Other: 0.16ms
[2026-09-06T17:10:50.334-0400][588.924s][info][gc,heap     ] GC(339) Eden regions: 164->0(166)
[2026-09-06T17:10:50.334-0400][588.924s][info][gc,heap     ] GC(339) Survivor regions: 15->13(23)
[2026-09-06T17:10:50.334-0400][588.924s][info][gc,heap     ] GC(339) Old regions: 880->882
[2026-09-06T17:10:50.334-0400][588.924s][info][gc,heap     ] GC(339) Archive regions: 0->0
[2026-09-06T17:10:50.334-0400][588.924s][info][gc,heap     ] GC(339) Humongous regions: 29->29
[2026-09-06T17:10:50.334-0400][588.924s][info][gc,metaspace] GC(339) Metaspace: 153690K(156416K)->153690K(156416K) NonClass: 131830K(133312K)->131830K(133312K) Class: 21860K(23104K)->21860K(23104K)
[2026-09-06T17:10:50.334-0400][588.924s][info][gc          ] GC(339) Pause Young (Normal) (G1 Evacuation Pause) 2172M->1846M(2452M) 4.332ms
[2026-09-06T17:10:50.334-0400][588.924s][info][gc,cpu      ] GC(339) User=0.02s Sys=0.00s Real=0.01s
[2026-09-06T17:10:50.436-0400][589.026s][info][gc,start    ] GC(340) Pause Young (Normal) (G1 Evacuation Pause)
[2026-09-06T17:10:50.436-0400][589.026s][info][gc,task     ] GC(340) Using 23 workers of 23 for evacuation
[2026-09-06T17:10:50.439-0400][589.029s][info][gc,phases   ] GC(340)   Pre Evacuate Collection Set: 0.18ms
[2026-09-06T17:10:50.439-0400][589.029s][info][gc,phases   ] GC(340)   Merge Heap Roots: 0.14ms
[2026-09-06T17:10:50.440-0400][589.029s][info][gc,phases   ] GC(340)   Evacuate Collection Set: 1.99ms
[2026-09-06T17:10:50.440-0400][589.029s][info][gc,phases   ] GC(340)   Post Evacuate Collection Set: 0.78ms
[2026-09-06T17:10:50.440-0400][589.029s][info][gc,phases   ] GC(340)   Other: 0.14ms
[2026-09-06T17:10:50.440-0400][589.029s][info][gc,heap     ] GC(340) Eden regions: 166->0(166)
[2026-09-06T17:10:50.440-0400][589.029s][info][gc,heap     ] GC(340) Survivor regions: 13->13(23)
[2026-09-06T17:10:50.440-0400][589.029s][info][gc,heap     ] GC(340) Old regions: 882->882
[2026-09-06T17:10:50.440-0400][589.029s][info][gc,heap     ] GC(340) Archive regions: 0->0
[2026-09-06T17:10:50.440-0400][589.029s][info][gc,heap     ] GC(340) Humongous regions: 29->29
[2026-09-06T17:10:50.440-0400][589.029s][info][gc,metaspace] GC(340) Metaspace: 153698K(156416K)->153698K(156416K) NonClass: 131838K(133312K)->131838K(133312K) Class: 21860K(23104K)->21860K(23104K)
[2026-09-06T17:10:50.440-0400][589.030s][info][gc          ] GC(340) Pause Young (Normal) (G1 Evacuation Pause) 2178M->1846M(2452M) 3.323ms
[2026-09-06T17:10:50.440-0400][589.030s][info][gc,cpu      ] GC(340) User=0.00s Sys=0.00s Real=0.00s
[2026-09-06T17:10:50.618-0400][589.208s][info][gc,start    ] GC(341) Pause Young (Normal) (G1 Evacuation Pause)
[2026-09-06T17:10:50.618-0400][589.208s][info][gc,task     ] GC(341) Using 23 workers of 23 for evacuation
[2026-09-06T17:10:50.621-0400][589.211s][info][gc,phases   ] GC(341)   Pre Evacuate Collection Set: 0.25ms
[2026-09-06T17:10:50.621-0400][589.211s][info][gc,phases   ] GC(341)   Merge Heap Roots: 0.15ms
[2026-09-06T17:10:50.621-0400][589.212s][info][gc,phases   ] GC(341)   Evacuate Collection Set: 2.47ms
[2026-09-06T17:10:50.621-0400][589.212s][info][gc,phases   ] GC(341)   Post Evacuate Collection Set: 0.67ms
[2026-09-06T17:10:50.621-0400][589.212s][info][gc,phases   ] GC(341)   Other: 0.21ms
[2026-09-06T17:10:50.621-0400][589.212s][info][gc,heap     ] GC(341) Eden regions: 166->0(162)
[2026-09-06T17:10:50.621-0400][589.212s][info][gc,heap     ] GC(341) Survivor regions: 13->15(23)
[2026-09-06T17:10:50.621-0400][589.212s][info][gc,heap     ] GC(341) Old regions: 882->882
[2026-09-06T17:10:50.621-0400][589.212s][info][gc,heap     ] GC(341) Archive regions: 0->0
[2026-09-06T17:10:50.621-0400][589.212s][info][gc,heap     ] GC(341) Humongous regions: 29->29
[2026-09-06T17:10:50.621-0400][589.212s][info][gc,metaspace] GC(341) Metaspace: 153700K(156416K)->153700K(156416K) NonClass: 131840K(133312K)->131840K(133312K) Class: 21860K(23104K)->21860K(23104K)
[2026-09-06T17:10:50.621-0400][589.212s][info][gc          ] GC(341) Pause Young (Normal) (G1 Evacuation Pause) 2178M->1849M(2452M) 3.843ms
[2026-09-06T17:10:50.621-0400][589.212s][info][gc,cpu      ] GC(341) User=0.00s Sys=0.00s Real=0.00s
[2026-09-06T17:10:50.775-0400][589.366s][info][gc,start    ] GC(342) Pause Young (Normal) (G1 Evacuation Pause)
[2026-09-06T17:10:50.775-0400][589.366s][info][gc,task     ] GC(342) Using 23 workers of 23 for evacuation
[2026-09-06T17:10:50.779-0400][589.370s][info][gc,phases   ] GC(342)   Pre Evacuate Collection Set: 0.21ms
[2026-09-06T17:10:50.779-0400][589.370s][info][gc,phases   ] GC(342)   Merge Heap Roots: 0.12ms
[2026-09-06T17:10:50.779-0400][589.370s][info][gc,phases   ] GC(342)   Evacuate Collection Set: 2.68ms
[2026-09-06T17:10:50.779-0400][589.370s][info][gc,phases   ] GC(342)   Post Evacuate Collection Set: 0.49ms
[2026-09-06T17:10:50.779-0400][589.370s][info][gc,phases   ] GC(342)   Other: 0.15ms
[2026-09-06T17:10:50.779-0400][589.370s][info][gc,heap     ] GC(342) Eden regions: 162->0(162)
[2026-09-06T17:10:50.779-0400][589.370s][info][gc,heap     ] GC(342) Survivor regions: 15->14(23)
[2026-09-06T17:10:50.779-0400][589.370s][info][gc,heap     ] GC(342) Old regions: 882->884
[2026-09-06T17:10:50.779-0400][589.370s][info][gc,heap     ] GC(342) Archive regions: 0->0
[2026-09-06T17:10:50.779-0400][589.370s][info][gc,heap     ] GC(342) Humongous regions: 29->29
[2026-09-06T17:10:50.779-0400][589.370s][info][gc,metaspace] GC(342) Metaspace: 153700K(156416K)->153700K(156416K) NonClass: 131840K(133312K)->131840K(133312K) Class: 21860K(23104K)->21860K(23104K)
[2026-09-06T17:10:50.779-0400][589.370s][info][gc          ] GC(342) Pause Young (Normal) (G1 Evacuation Pause) 2173M->1851M(2452M) 3.795ms
[2026-09-06T17:10:50.779-0400][589.370s][info][gc,cpu      ] GC(342) User=0.00s Sys=0.00s Real=0.00s
[2026-09-06T17:10:51.014-0400][589.604s][info][gc,start    ] GC(343) Pause Young (Normal) (G1 Evacuation Pause)
[2026-09-06T17:10:51.014-0400][589.604s][info][gc,task     ] GC(343) Using 23 workers of 23 for evacuation
[2026-09-06T17:10:51.017-0400][589.608s][info][gc,phases   ] GC(343)   Pre Evacuate Collection Set: 0.23ms
[2026-09-06T17:10:51.017-0400][589.608s][info][gc,phases   ] GC(343)   Merge Heap Roots: 0.13ms
[2026-09-06T17:10:51.017-0400][589.608s][info][gc,phases   ] GC(343)   Evacuate Collection Set: 2.20ms
[2026-09-06T17:10:51.017-0400][589.608s][info][gc,phases   ] GC(343)   Post Evacuate Collection Set: 0.57ms
[2026-09-06T17:10:51.017-0400][589.608s][info][gc,phases   ] GC(343)   Other: 0.14ms
[2026-09-06T17:10:51.017-0400][589.608s][info][gc,heap     ] GC(343) Eden regions: 162->0(164)
[2026-09-06T17:10:51.017-0400][589.608s][info][gc,heap     ] GC(343) Survivor regions: 14->12(22)
[2026-09-06T17:10:51.017-0400][589.608s][info][gc,heap     ] GC(343) Old regions: 884->886
[2026-09-06T17:10:51.017-0400][589.608s][info][gc,heap     ] GC(343) Archive regions: 0->0
[2026-09-06T17:10:51.017-0400][589.608s][info][gc,heap     ] GC(343) Humongous regions: 29->29
[2026-09-06T17:10:51.017-0400][589.608s][info][gc,metaspace] GC(343) Metaspace: 153701K(156416K)->153701K(156416K) NonClass: 131840K(133312K)->131840K(133312K) Class: 21860K(23104K)->21860K(23104K)
[2026-09-06T17:10:51.017-0400][589.608s][info][gc          ] GC(343) Pause Young (Normal) (G1 Evacuation Pause) 2175M->1852M(2452M) 3.383ms
[2026-09-06T17:10:51.017-0400][589.608s][info][gc,cpu      ] GC(343) User=0.00s Sys=0.00s Real=0.00s
[2026-09-06T17:10:51.172-0400][589.762s][info][gc,start    ] GC(344) Pause Young (Normal) (G1 Evacuation Pause)
[2026-09-06T17:10:51.172-0400][589.762s][info][gc,task     ] GC(344) Using 23 workers of 23 for evacuation
[2026-09-06T17:10:51.175-0400][589.765s][info][gc,phases   ] GC(344)   Pre Evacuate Collection Set: 0.23ms
[2026-09-06T17:10:51.175-0400][589.766s][info][gc,phases   ] GC(344)   Merge Heap Roots: 0.14ms
[2026-09-06T17:10:51.175-0400][589.766s][info][gc,phases   ] GC(344)   Evacuate Collection Set: 2.31ms
[2026-09-06T17:10:51.175-0400][589.766s][info][gc,phases   ] GC(344)   Post Evacuate Collection Set: 0.53ms
[2026-09-06T17:10:51.175-0400][589.766s][info][gc,phases   ] GC(344)   Other: 0.19ms
[2026-09-06T17:10:51.175-0400][589.766s][info][gc,heap     ] GC(344) Eden regions: 164->0(160)
[2026-09-06T17:10:51.175-0400][589.766s][info][gc,heap     ] GC(344) Survivor regions: 12->14(22)
[2026-09-06T17:10:51.175-0400][589.766s][info][gc,heap     ] GC(344) Old regions: 886->886
[2026-09-06T17:10:51.175-0400][589.766s][info][gc,heap     ] GC(344) Archive regions: 0->0
[2026-09-06T17:10:51.175-0400][589.766s][info][gc,heap     ] GC(344) Humongous regions: 29->29
[2026-09-06T17:10:51.175-0400][589.766s][info][gc,metaspace] GC(344) Metaspace: 153701K(156416K)->153701K(156416K) NonClass: 131841K(133312K)->131841K(133312K) Class: 21860K(23104K)->21860K(23104K)
[2026-09-06T17:10:51.175-0400][589.766s][info][gc          ] GC(344) Pause Young (Normal) (G1 Evacuation Pause) 2180M->1855M(2452M) 3.546ms
[2026-09-06T17:10:51.175-0400][589.766s][info][gc,cpu      ] GC(344) User=0.00s Sys=0.00s Real=0.00s
[2026-09-06T17:10:51.222-0400][589.812s][info][gc,start    ] GC(345) Pause Young (Normal) (G1 Evacuation Pause)
[2026-09-06T17:10:51.222-0400][589.812s][info][gc,task     ] GC(345) Using 23 workers of 23 for evacuation
[2026-09-06T17:10:51.225-0400][589.815s][info][gc,phases   ] GC(345)   Pre Evacuate Collection Set: 0.17ms
[2026-09-06T17:10:51.225-0400][589.815s][info][gc,phases   ] GC(345)   Merge Heap Roots: 0.16ms
[2026-09-06T17:10:51.225-0400][589.815s][info][gc,phases   ] GC(345)   Evacuate Collection Set: 2.23ms
[2026-09-06T17:10:51.225-0400][589.815s][info][gc,phases   ] GC(345)   Post Evacuate Collection Set: 0.56ms
[2026-09-06T17:10:51.225-0400][589.815s][info][gc,phases   ] GC(345)   Other: 0.17ms
[2026-09-06T17:10:51.225-0400][589.815s][info][gc,heap     ] GC(345) Eden regions: 160->0(160)
[2026-09-06T17:10:51.225-0400][589.815s][info][gc,heap     ] GC(345) Survivor regions: 14->13(22)
[2026-09-06T17:10:51.225-0400][589.815s][info][gc,heap     ] GC(345) Old regions: 886->888
[2026-09-06T17:10:51.225-0400][589.815s][info][gc,heap     ] GC(345) Archive regions: 0->0
[2026-09-06T17:10:51.225-0400][589.816s][info][gc,heap     ] GC(345) Humongous regions: 29->29
[2026-09-06T17:10:51.225-0400][589.816s][info][gc,metaspace] GC(345) Metaspace: 153702K(156416K)->153702K(156416K) NonClass: 131842K(133312K)->131842K(133312K) Class: 21860K(23104K)->21860K(23104K)
[2026-09-06T17:10:51.225-0400][589.816s][info][gc          ] GC(345) Pause Young (Normal) (G1 Evacuation Pause) 2175M->1857M(2452M) 3.421ms
[2026-09-06T17:10:51.225-0400][589.816s][info][gc,cpu      ] GC(345) User=0.05s Sys=0.00s Real=0.00s
[2026-09-06T17:10:51.462-0400][590.052s][info][gc,start    ] GC(346) Pause Young (Normal) (G1 Evacuation Pause)
[2026-09-06T17:10:51.462-0400][590.052s][info][gc,task     ] GC(346) Using 23 workers of 23 for evacuation
[2026-09-06T17:10:51.465-0400][590.055s][info][gc,phases   ] GC(346)   Pre Evacuate Collection Set: 0.22ms
[2026-09-06T17:10:51.465-0400][590.055s][info][gc,phases   ] GC(346)   Merge Heap Roots: 0.12ms
[2026-09-06T17:10:51.465-0400][590.055s][info][gc,phases   ] GC(346)   Evacuate Collection Set: 1.82ms
[2026-09-06T17:10:51.465-0400][590.055s][info][gc,phases   ] GC(346)   Post Evacuate Collection Set: 0.45ms
[2026-09-06T17:10:51.465-0400][590.055s][info][gc,phases   ] GC(346)   Other: 0.13ms
[2026-09-06T17:10:51.465-0400][590.055s][info][gc,heap     ] GC(346) Eden regions: 160->0(162)
[2026-09-06T17:10:51.465-0400][590.055s][info][gc,heap     ] GC(346) Survivor regions: 13->12(22)
[2026-09-06T17:10:51.465-0400][590.055s][info][gc,heap     ] GC(346) Old regions: 888->888
[2026-09-06T17:10:51.465-0400][590.055s][info][gc,heap     ] GC(346) Archive regions: 0->0
[2026-09-06T17:10:51.465-0400][590.055s][info][gc,heap     ] GC(346) Humongous regions: 29->29
[2026-09-06T17:10:51.465-0400][590.055s][info][gc,metaspace] GC(346) Metaspace: 153716K(156416K)->153716K(156416K) NonClass: 131852K(133312K)->131852K(133312K) Class: 21864K(23104K)->21864K(23104K)
[2026-09-06T17:10:51.465-0400][590.055s][info][gc          ] GC(346) Pause Young (Normal) (G1 Evacuation Pause) 2177M->1857M(2452M) 2.855ms
[2026-09-06T17:10:51.465-0400][590.055s][info][gc,cpu      ] GC(346) User=0.00s Sys=0.00s Real=0.00s
[2026-09-06T17:10:51.644-0400][590.235s][info][gc,start    ] GC(347) Pause Young (Normal) (G1 Evacuation Pause)
[2026-09-06T17:10:51.644-0400][590.235s][info][gc,task     ] GC(347) Using 23 workers of 23 for evacuation
[2026-09-06T17:10:51.647-0400][590.238s][info][gc,phases   ] GC(347)   Pre Evacuate Collection Set: 0.23ms
[2026-09-06T17:10:51.647-0400][590.238s][info][gc,phases   ] GC(347)   Merge Heap Roots: 0.15ms
[2026-09-06T17:10:51.647-0400][590.238s][info][gc,phases   ] GC(347)   Evacuate Collection Set: 1.90ms
[2026-09-06T17:10:51.647-0400][590.238s][info][gc,phases   ] GC(347)   Post Evacuate Collection Set: 0.67ms
[2026-09-06T17:10:51.647-0400][590.238s][info][gc,phases   ] GC(347)   Other: 0.13ms
[2026-09-06T17:10:51.647-0400][590.238s][info][gc,heap     ] GC(347) Eden regions: 162->0(159)
[2026-09-06T17:10:51.647-0400][590.238s][info][gc,heap     ] GC(347) Survivor regions: 12->13(22)
[2026-09-06T17:10:51.647-0400][590.238s][info][gc,heap     ] GC(347) Old regions: 888->889
[2026-09-06T17:10:51.647-0400][590.238s][info][gc,heap     ] GC(347) Archive regions: 0->0
[2026-09-06T17:10:51.647-0400][590.238s][info][gc,heap     ] GC(347) Humongous regions: 29->29
[2026-09-06T17:10:51.647-0400][590.238s][info][gc,metaspace] GC(347) Metaspace: 153717K(156416K)->153717K(156416K) NonClass: 131853K(133312K)->131853K(133312K) Class: 21864K(23104K)->21864K(23104K)
[2026-09-06T17:10:51.647-0400][590.238s][info][gc          ] GC(347) Pause Young (Normal) (G1 Evacuation Pause) 2180M->1859M(2452M) 3.218ms
[2026-09-06T17:10:51.647-0400][590.238s][info][gc,cpu      ] GC(347) User=0.33s Sys=0.03s Real=0.00s
[2026-09-06T17:10:51.808-0400][590.399s][info][gc,start    ] GC(348) Pause Young (Normal) (G1 Evacuation Pause)
[2026-09-06T17:10:51.808-0400][590.399s][info][gc,task     ] GC(348) Using 23 workers of 23 for evacuation
[2026-09-06T17:10:51.812-0400][590.402s][info][gc,phases   ] GC(348)   Pre Evacuate Collection Set: 0.22ms
[2026-09-06T17:10:51.812-0400][590.402s][info][gc,phases   ] GC(348)   Merge Heap Roots: 0.12ms
[2026-09-06T17:10:51.812-0400][590.402s][info][gc,phases   ] GC(348)   Evacuate Collection Set: 2.12ms
[2026-09-06T17:10:51.812-0400][590.402s][info][gc,phases   ] GC(348)   Post Evacuate Collection Set: 0.54ms
[2026-09-06T17:10:51.812-0400][590.402s][info][gc,phases   ] GC(348)   Other: 0.15ms
[2026-09-06T17:10:51.812-0400][590.402s][info][gc,heap     ] GC(348) Eden regions: 159->0(158)
[2026-09-06T17:10:51.812-0400][590.402s][info][gc,heap     ] GC(348) Survivor regions: 13->13(22)
[2026-09-06T17:10:51.812-0400][590.402s][info][gc,heap     ] GC(348) Old regions: 889->890
[2026-09-06T17:10:51.812-0400][590.402s][info][gc,heap     ] GC(348) Archive regions: 0->0
[2026-09-06T17:10:51.812-0400][590.402s][info][gc,heap     ] GC(348) Humongous regions: 29->29
[2026-09-06T17:10:51.812-0400][590.402s][info][gc,metaspace] GC(348) Metaspace: 153717K(156416K)->153717K(156416K) NonClass: 131853K(133312K)->131853K(133312K) Class: 21864K(23104K)->21864K(23104K)
[2026-09-06T17:10:51.812-0400][590.402s][info][gc          ] GC(348) Pause Young (Normal) (G1 Evacuation Pause) 2177M->1862M(2452M) 3.288ms
[2026-09-06T17:10:51.812-0400][590.402s][info][gc,cpu      ] GC(348) User=0.00s Sys=0.00s Real=0.00s
[2026-09-06T17:10:52.000-0400][590.591s][info][gc,start    ] GC(349) Pause Young (Normal) (G1 Evacuation Pause)
[2026-09-06T17:10:52.001-0400][590.591s][info][gc,task     ] GC(349) Using 23 workers of 23 for evacuation
[2026-09-06T17:10:52.003-0400][590.594s][info][gc,phases   ] GC(349)   Pre Evacuate Collection Set: 0.20ms
[2026-09-06T17:10:52.003-0400][590.594s][info][gc,phases   ] GC(349)   Merge Heap Roots: 0.13ms
[2026-09-06T17:10:52.003-0400][590.594s][info][gc,phases   ] GC(349)   Evacuate Collection Set: 2.17ms
[2026-09-06T17:10:52.003-0400][590.594s][info][gc,phases   ] GC(349)   Post Evacuate Collection Set: 0.54ms
[2026-09-06T17:10:52.003-0400][590.594s][info][gc,phases   ] GC(349)   Other: 0.16ms
[2026-09-06T17:10:52.003-0400][590.594s][info][gc,heap     ] GC(349) Eden regions: 158->0(157)
[2026-09-06T17:10:52.003-0400][590.594s][info][gc,heap     ] GC(349) Survivor regions: 13->13(22)
[2026-09-06T17:10:52.003-0400][590.594s][info][gc,heap     ] GC(349) Old regions: 890->891
[2026-09-06T17:10:52.003-0400][590.594s][info][gc,heap     ] GC(349) Archive regions: 0->0
[2026-09-06T17:10:52.003-0400][590.594s][info][gc,heap     ] GC(349) Humongous regions: 29->29
[2026-09-06T17:10:52.003-0400][590.594s][info][gc,metaspace] GC(349) Metaspace: 153722K(156416K)->153722K(156416K) NonClass: 131857K(133312K)->131857K(133312K) Class: 21864K(23104K)->21864K(23104K)
[2026-09-06T17:10:52.003-0400][590.594s][info][gc          ] GC(349) Pause Young (Normal) (G1 Evacuation Pause) 2178M->1864M(2452M) 3.340ms
[2026-09-06T17:10:52.003-0400][590.594s][info][gc,cpu      ] GC(349) User=0.00s Sys=0.00s Real=0.00s
[2026-09-06T17:10:52.111-0400][590.702s][info][gc,start    ] GC(350) Pause Young (Normal) (G1 Evacuation Pause)
[2026-09-06T17:10:52.111-0400][590.702s][info][gc,task     ] GC(350) Using 23 workers of 23 for evacuation
[2026-09-06T17:10:52.115-0400][590.705s][info][gc,phases   ] GC(350)   Pre Evacuate Collection Set: 0.22ms
[2026-09-06T17:10:52.115-0400][590.706s][info][gc,phases   ] GC(350)   Merge Heap Roots: 0.13ms
[2026-09-06T17:10:52.115-0400][590.706s][info][gc,phases   ] GC(350)   Evacuate Collection Set: 2.55ms
[2026-09-06T17:10:52.115-0400][590.706s][info][gc,phases   ] GC(350)   Post Evacuate Collection Set: 0.56ms
[2026-09-06T17:10:52.115-0400][590.706s][info][gc,phases   ] GC(350)   Other: 0.20ms
[2026-09-06T17:10:52.115-0400][590.706s][info][gc,heap     ] GC(350) Eden regions: 157->0(155)
[2026-09-06T17:10:52.115-0400][590.706s][info][gc,heap     ] GC(350) Survivor regions: 13->13(22)
[2026-09-06T17:10:52.115-0400][590.706s][info][gc,heap     ] GC(350) Old regions: 891->893
[2026-09-06T17:10:52.115-0400][590.706s][info][gc,heap     ] GC(350) Archive regions: 0->0
[2026-09-06T17:10:52.115-0400][590.706s][info][gc,heap     ] GC(350) Humongous regions: 29->29
[2026-09-06T17:10:52.115-0400][590.706s][info][gc,metaspace] GC(350) Metaspace: 153722K(156416K)->153722K(156416K) NonClass: 131858K(133312K)->131858K(133312K) Class: 21864K(23104K)->21864K(23104K)
[2026-09-06T17:10:52.115-0400][590.706s][info][gc          ] GC(350) Pause Young (Normal) (G1 Evacuation Pause) 2178M->1867M(2452M) 3.810ms
[2026-09-06T17:10:52.115-0400][590.706s][info][gc,cpu      ] GC(350) User=0.03s Sys=0.00s Real=0.00s
[2026-09-06T17:10:52.212-0400][590.803s][info][gc,start    ] GC(351) Pause Young (Normal) (G1 Evacuation Pause)
[2026-09-06T17:10:52.212-0400][590.803s][info][gc,task     ] GC(351) Using 23 workers of 23 for evacuation
[2026-09-06T17:10:52.216-0400][590.806s][info][gc,phases   ] GC(351)   Pre Evacuate Collection Set: 0.18ms
[2026-09-06T17:10:52.216-0400][590.806s][info][gc,phases   ] GC(351)   Merge Heap Roots: 0.13ms
[2026-09-06T17:10:52.216-0400][590.806s][info][gc,phases   ] GC(351)   Evacuate Collection Set: 2.40ms
[2026-09-06T17:10:52.216-0400][590.806s][info][gc,phases   ] GC(351)   Post Evacuate Collection Set: 0.49ms
[2026-09-06T17:10:52.216-0400][590.806s][info][gc,phases   ] GC(351)   Other: 0.14ms
[2026-09-06T17:10:52.216-0400][590.806s][info][gc,heap     ] GC(351) Eden regions: 155->0(153)
[2026-09-06T17:10:52.216-0400][590.806s][info][gc,heap     ] GC(351) Survivor regions: 13->13(21)
[2026-09-06T17:10:52.216-0400][590.806s][info][gc,heap     ] GC(351) Old regions: 893->895
[2026-09-06T17:10:52.216-0400][590.806s][info][gc,heap     ] GC(351) Archive regions: 0->0
[2026-09-06T17:10:52.216-0400][590.806s][info][gc,heap     ] GC(351) Humongous regions: 29->29
[2026-09-06T17:10:52.216-0400][590.806s][info][gc,metaspace] GC(351) Metaspace: 153728K(156416K)->153728K(156416K) NonClass: 131863K(133312K)->131863K(133312K) Class: 21864K(23104K)->21864K(23104K)
[2026-09-06T17:10:52.216-0400][590.806s][info][gc          ] GC(351) Pause Young (Normal) (G1 Evacuation Pause) 2177M->1871M(2452M) 3.476ms
[2026-09-06T17:10:52.216-0400][590.806s][info][gc,cpu      ] GC(351) User=0.00s Sys=0.00s Real=0.00s
[2026-09-06T17:10:52.464-0400][591.054s][info][gc,start    ] GC(352) Pause Young (Normal) (G1 Evacuation Pause)
[2026-09-06T17:10:52.464-0400][591.054s][info][gc,task     ] GC(352) Using 23 workers of 23 for evacuation
[2026-09-06T17:10:52.467-0400][591.058s][info][gc,phases   ] GC(352)   Pre Evacuate Collection Set: 0.22ms
[2026-09-06T17:10:52.467-0400][591.058s][info][gc,phases   ] GC(352)   Merge Heap Roots: 0.14ms
[2026-09-06T17:10:52.467-0400][591.058s][info][gc,phases   ] GC(352)   Evacuate Collection Set: 2.19ms
[2026-09-06T17:10:52.467-0400][591.058s][info][gc,phases   ] GC(352)   Post Evacuate Collection Set: 0.63ms
[2026-09-06T17:10:52.467-0400][591.058s][info][gc,phases   ] GC(352)   Other: 0.16ms
[2026-09-06T17:10:52.467-0400][591.058s][info][gc,heap     ] GC(352) Eden regions: 153->0(154)
[2026-09-06T17:10:52.467-0400][591.058s][info][gc,heap     ] GC(352) Survivor regions: 13->12(21)
[2026-09-06T17:10:52.467-0400][591.058s][info][gc,heap     ] GC(352) Old regions: 895->896
[2026-09-06T17:10:52.467-0400][591.058s][info][gc,heap     ] GC(352) Archive regions: 0->0
[2026-09-06T17:10:52.467-0400][591.058s][info][gc,heap     ] GC(352) Humongous regions: 29->29
[2026-09-06T17:10:52.467-0400][591.058s][info][gc,metaspace] GC(352) Metaspace: 153728K(156416K)->153728K(156416K) NonClass: 131863K(133312K)->131863K(133312K) Class: 21864K(23104K)->21864K(23104K)
[2026-09-06T17:10:52.467-0400][591.058s][info][gc          ] GC(352) Pause Young (Normal) (G1 Evacuation Pause) 2177M->1873M(2452M) 3.433ms
[2026-09-06T17:10:52.467-0400][591.058s][info][gc,cpu      ] GC(352) User=0.00s Sys=0.00s Real=0.00s
[2026-09-06T17:10:52.509-0400][591.100s][info][gc,start    ] GC(353) Pause Young (Normal) (G1 Evacuation Pause)
[2026-09-06T17:10:52.510-0400][591.100s][info][gc,task     ] GC(353) Using 23 workers of 23 for evacuation
[2026-09-06T17:10:52.513-0400][591.104s][info][gc,phases   ] GC(353)   Pre Evacuate Collection Set: 0.23ms
[2026-09-06T17:10:52.513-0400][591.104s][info][gc,phases   ] GC(353)   Merge Heap Roots: 0.15ms
[2026-09-06T17:10:52.513-0400][591.104s][info][gc,phases   ] GC(353)   Evacuate Collection Set: 2.66ms
[2026-09-06T17:10:52.513-0400][591.104s][info][gc,phases   ] GC(353)   Post Evacuate Collection Set: 0.53ms
[2026-09-06T17:10:52.513-0400][591.104s][info][gc,phases   ] GC(353)   Other: 0.21ms
[2026-09-06T17:10:52.513-0400][591.104s][info][gc,heap     ] GC(353) Eden regions: 154->0(151)
[2026-09-06T17:10:52.513-0400][591.104s][info][gc,heap     ] GC(353) Survivor regions: 12->13(21)
[2026-09-06T17:10:52.513-0400][591.104s][info][gc,heap     ] GC(353) Old regions: 896->897
[2026-09-06T17:10:52.513-0400][591.104s][info][gc,heap     ] GC(353) Archive regions: 0->0
[2026-09-06T17:10:52.513-0400][591.104s][info][gc,heap     ] GC(353) Humongous regions: 29->29
[2026-09-06T17:10:52.513-0400][591.104s][info][gc,metaspace] GC(353) Metaspace: 153728K(156416K)->153728K(156416K) NonClass: 131863K(133312K)->131863K(133312K) Class: 21864K(23104K)->21864K(23104K)
[2026-09-06T17:10:52.513-0400][591.104s][info][gc          ] GC(353) Pause Young (Normal) (G1 Evacuation Pause) 2181M->1876M(2452M) 3.901ms
[2026-09-06T17:10:52.513-0400][591.104s][info][gc,cpu      ] GC(353) User=0.00s Sys=0.00s Real=0.00s
[2026-09-06T17:10:52.549-0400][591.140s][info][gc,start    ] GC(354) Pause Young (Normal) (G1 Evacuation Pause)
[2026-09-06T17:10:52.549-0400][591.140s][info][gc,task     ] GC(354) Using 23 workers of 23 for evacuation
[2026-09-06T17:10:52.553-0400][591.143s][info][gc,phases   ] GC(354)   Pre Evacuate Collection Set: 0.20ms
[2026-09-06T17:10:52.553-0400][591.143s][info][gc,phases   ] GC(354)   Merge Heap Roots: 0.12ms
[2026-09-06T17:10:52.553-0400][591.143s][info][gc,phases   ] GC(354)   Evacuate Collection Set: 2.75ms
[2026-09-06T17:10:52.553-0400][591.143s][info][gc,phases   ] GC(354)   Post Evacuate Collection Set: 0.45ms
[2026-09-06T17:10:52.553-0400][591.143s][info][gc,phases   ] GC(354)   Other: 0.25ms
[2026-09-06T17:10:52.553-0400][591.143s][info][gc,heap     ] GC(354) Eden regions: 151->0(150)
[2026-09-06T17:10:52.553-0400][591.143s][info][gc,heap     ] GC(354) Survivor regions: 13->13(21)
[2026-09-06T17:10:52.553-0400][591.144s][info][gc,heap     ] GC(354) Old regions: 897->898
[2026-09-06T17:10:52.553-0400][591.144s][info][gc,heap     ] GC(354) Archive regions: 0->0
[2026-09-06T17:10:52.553-0400][591.144s][info][gc,heap     ] GC(354) Humongous regions: 29->29
[2026-09-06T17:10:52.553-0400][591.144s][info][gc,metaspace] GC(354) Metaspace: 153728K(156416K)->153728K(156416K) NonClass: 131864K(133312K)->131864K(133312K) Class: 21864K(23104K)->21864K(23104K)
[2026-09-06T17:10:52.553-0400][591.144s][info][gc          ] GC(354) Pause Young (Normal) (G1 Evacuation Pause) 2178M->1878M(2452M) 3.893ms
[2026-09-06T17:10:52.553-0400][591.144s][info][gc,cpu      ] GC(354) User=0.02s Sys=0.00s Real=0.00s
[2026-09-06T17:10:52.621-0400][591.212s][info][gc,start    ] GC(355) Pause Young (Normal) (G1 Evacuation Pause)
[2026-09-06T17:10:52.622-0400][591.212s][info][gc,task     ] GC(355) Using 23 workers of 23 for evacuation
[2026-09-06T17:10:52.624-0400][591.215s][info][gc,phases   ] GC(355)   Pre Evacuate Collection Set: 0.09ms
[2026-09-06T17:10:52.624-0400][591.215s][info][gc,phases   ] GC(355)   Merge Heap Roots: 0.14ms
[2026-09-06T17:10:52.624-0400][591.215s][info][gc,phases   ] GC(355)   Evacuate Collection Set: 2.06ms
[2026-09-06T17:10:52.624-0400][591.215s][info][gc,phases   ] GC(355)   Post Evacuate Collection Set: 0.45ms
[2026-09-06T17:10:52.624-0400][591.215s][info][gc,phases   ] GC(355)   Other: 0.15ms
[2026-09-06T17:10:52.624-0400][591.215s][info][gc,heap     ] GC(355) Eden regions: 150->0(151)
[2026-09-06T17:10:52.624-0400][591.215s][info][gc,heap     ] GC(355) Survivor regions: 13->12(21)
[2026-09-06T17:10:52.624-0400][591.215s][info][gc,heap     ] GC(355) Old regions: 898->899
[2026-09-06T17:10:52.624-0400][591.215s][info][gc,heap     ] GC(355) Archive regions: 0->0
[2026-09-06T17:10:52.624-0400][591.215s][info][gc,heap     ] GC(355) Humongous regions: 29->29
[2026-09-06T17:10:52.624-0400][591.215s][info][gc,metaspace] GC(355) Metaspace: 153728K(156416K)->153728K(156416K) NonClass: 131864K(133312K)->131864K(133312K) Class: 21864K(23104K)->21864K(23104K)
[2026-09-06T17:10:52.624-0400][591.215s][info][gc          ] GC(355) Pause Young (Normal) (G1 Evacuation Pause) 2178M->1879M(2452M) 3.021ms
[2026-09-06T17:10:52.625-0400][591.215s][info][gc,cpu      ] GC(355) User=0.00s Sys=0.00s Real=0.00s
[2026-09-06T17:10:52.870-0400][591.460s][info][gc,start    ] GC(356) Pause Young (Normal) (G1 Evacuation Pause)
[2026-09-06T17:10:52.870-0400][591.460s][info][gc,task     ] GC(356) Using 23 workers of 23 for evacuation
[2026-09-06T17:10:52.873-0400][591.463s][info][gc,phases   ] GC(356)   Pre Evacuate Collection Set: 0.17ms
[2026-09-06T17:10:52.873-0400][591.463s][info][gc,phases   ] GC(356)   Merge Heap Roots: 0.16ms
[2026-09-06T17:10:52.873-0400][591.463s][info][gc,phases   ] GC(356)   Evacuate Collection Set: 1.68ms
[2026-09-06T17:10:52.873-0400][591.463s][info][gc,phases   ] GC(356)   Post Evacuate Collection Set: 0.44ms
[2026-09-06T17:10:52.873-0400][591.463s][info][gc,phases   ] GC(356)   Other: 0.13ms
[2026-09-06T17:10:52.873-0400][591.463s][info][gc,heap     ] GC(356) Eden regions: 151->0(151)
[2026-09-06T17:10:52.873-0400][591.463s][info][gc,heap     ] GC(356) Survivor regions: 12->11(21)
[2026-09-06T17:10:52.873-0400][591.463s][info][gc,heap     ] GC(356) Old regions: 899->901
[2026-09-06T17:10:52.873-0400][591.463s][info][gc,heap     ] GC(356) Archive regions: 0->0
[2026-09-06T17:10:52.873-0400][591.463s][info][gc,heap     ] GC(356) Humongous regions: 29->29
[2026-09-06T17:10:52.873-0400][591.463s][info][gc,metaspace] GC(356) Metaspace: 153731K(156416K)->153731K(156416K) NonClass: 131867K(133312K)->131867K(133312K) Class: 21864K(23104K)->21864K(23104K)
[2026-09-06T17:10:52.873-0400][591.463s][info][gc          ] GC(356) Pause Young (Normal) (G1 Evacuation Pause) 2181M->1878M(2452M) 2.680ms
[2026-09-06T17:10:52.873-0400][591.463s][info][gc,cpu      ] GC(356) User=0.00s Sys=0.00s Real=0.00s
[2026-09-06T17:10:53.082-0400][591.672s][info][gc,start    ] GC(357) Pause Young (Normal) (G1 Evacuation Pause)
[2026-09-06T17:10:53.082-0400][591.672s][info][gc,task     ] GC(357) Using 23 workers of 23 for evacuation
[2026-09-06T17:10:53.086-0400][591.676s][info][gc,phases   ] GC(357)   Pre Evacuate Collection Set: 0.23ms
[2026-09-06T17:10:53.086-0400][591.677s][info][gc,phases   ] GC(357)   Merge Heap Roots: 0.15ms
[2026-09-06T17:10:53.086-0400][591.677s][info][gc,phases   ] GC(357)   Evacuate Collection Set: 2.90ms
[2026-09-06T17:10:53.086-0400][591.677s][info][gc,phases   ] GC(357)   Post Evacuate Collection Set: 0.70ms
[2026-09-06T17:10:53.086-0400][591.677s][info][gc,phases   ] GC(357)   Other: 0.16ms
[2026-09-06T17:10:53.086-0400][591.677s][info][gc,heap     ] GC(357) Eden regions: 151->0(143)
[2026-09-06T17:10:53.086-0400][591.677s][info][gc,heap     ] GC(357) Survivor regions: 11->15(21)
[2026-09-06T17:10:53.086-0400][591.677s][info][gc,heap     ] GC(357) Old regions: 901->901
[2026-09-06T17:10:53.086-0400][591.677s][info][gc,heap     ] GC(357) Archive regions: 0->0
[2026-09-06T17:10:53.086-0400][591.677s][info][gc,heap     ] GC(357) Humongous regions: 29->29
[2026-09-06T17:10:53.086-0400][591.677s][info][gc,metaspace] GC(357) Metaspace: 153732K(156416K)->153732K(156416K) NonClass: 131868K(133312K)->131868K(133312K) Class: 21864K(23104K)->21864K(23104K)
[2026-09-06T17:10:53.086-0400][591.677s][info][gc          ] GC(357) Pause Young (Normal) (G1 Evacuation Pause) 2180M->1887M(2452M) 4.429ms
[2026-09-06T17:10:53.086-0400][591.677s][info][gc,cpu      ] GC(357) User=0.25s Sys=0.03s Real=0.00s
[2026-09-06T17:10:53.126-0400][591.717s][info][gc,start    ] GC(358) Pause Young (Normal) (GCLocker Initiated GC)
[2026-09-06T17:10:53.126-0400][591.717s][info][gc,task     ] GC(358) Using 23 workers of 23 for evacuation
[2026-09-06T17:10:53.129-0400][591.720s][info][gc,phases   ] GC(358)   Pre Evacuate Collection Set: 0.18ms
[2026-09-06T17:10:53.129-0400][591.720s][info][gc,phases   ] GC(358)   Merge Heap Roots: 0.16ms
[2026-09-06T17:10:53.129-0400][591.720s][info][gc,phases   ] GC(358)   Evacuate Collection Set: 2.35ms
[2026-09-06T17:10:53.129-0400][591.720s][info][gc,phases   ] GC(358)   Post Evacuate Collection Set: 0.49ms
[2026-09-06T17:10:53.129-0400][591.720s][info][gc,phases   ] GC(358)   Other: 0.15ms
[2026-09-06T17:10:53.129-0400][591.720s][info][gc,heap     ] GC(358) Eden regions: 144->0(146)
[2026-09-06T17:10:53.129-0400][591.720s][info][gc,heap     ] GC(358) Survivor regions: 15->11(20)
[2026-09-06T17:10:53.129-0400][591.720s][info][gc,heap     ] GC(358) Old regions: 901->904
[2026-09-06T17:10:53.129-0400][591.720s][info][gc,heap     ] GC(358) Archive regions: 0->0
[2026-09-06T17:10:53.129-0400][591.720s][info][gc,heap     ] GC(358) Humongous regions: 29->29
[2026-09-06T17:10:53.129-0400][591.720s][info][gc,metaspace] GC(358) Metaspace: 153732K(156416K)->153732K(156416K) NonClass: 131868K(133312K)->131868K(133312K) Class: 21864K(23104K)->21864K(23104K)
[2026-09-06T17:10:53.129-0400][591.720s][info][gc          ] GC(358) Pause Young (Normal) (GCLocker Initiated GC) 2173M->1887M(2452M) 3.548ms
[2026-09-06T17:10:53.129-0400][591.721s][info][gc,cpu      ] GC(358) User=0.00s Sys=0.00s Real=0.00s
[2026-09-06T17:10:53.228-0400][591.818s][info][gc,start    ] GC(359) Pause Young (Normal) (G1 Evacuation Pause)
[2026-09-06T17:10:53.228-0400][591.819s][info][gc,task     ] GC(359) Using 23 workers of 23 for evacuation
[2026-09-06T17:10:53.232-0400][591.822s][info][gc,phases   ] GC(359)   Pre Evacuate Collection Set: 0.22ms
[2026-09-06T17:10:53.232-0400][591.822s][info][gc,phases   ] GC(359)   Merge Heap Roots: 0.15ms
[2026-09-06T17:10:53.232-0400][591.822s][info][gc,phases   ] GC(359)   Evacuate Collection Set: 2.27ms
[2026-09-06T17:10:53.232-0400][591.822s][info][gc,phases   ] GC(359)   Post Evacuate Collection Set: 0.49ms
[2026-09-06T17:10:53.232-0400][591.822s][info][gc,phases   ] GC(359)   Other: 0.18ms
[2026-09-06T17:10:53.232-0400][591.822s][info][gc,heap     ] GC(359) Eden regions: 146->0(146)
[2026-09-06T17:10:53.232-0400][591.822s][info][gc,heap     ] GC(359) Survivor regions: 11->12(20)
[2026-09-06T17:10:53.232-0400][591.822s][info][gc,heap     ] GC(359) Old regions: 904->904
[2026-09-06T17:10:53.232-0400][591.822s][info][gc,heap     ] GC(359) Archive regions: 0->0
[2026-09-06T17:10:53.232-0400][591.822s][info][gc,heap     ] GC(359) Humongous regions: 29->29
[2026-09-06T17:10:53.232-0400][591.822s][info][gc,metaspace] GC(359) Metaspace: 153732K(156416K)->153732K(156416K) NonClass: 131868K(133312K)->131868K(133312K) Class: 21864K(23104K)->21864K(23104K)
[2026-09-06T17:10:53.232-0400][591.822s][info][gc          ] GC(359) Pause Young (Normal) (G1 Evacuation Pause) 2179M->1889M(2452M) 3.400ms
[2026-09-06T17:10:53.232-0400][591.822s][info][gc,cpu      ] GC(359) User=0.00s Sys=0.00s Real=0.00s
[2026-09-06T17:10:53.273-0400][591.863s][info][gc,start    ] GC(360) Pause Young (Normal) (G1 Evacuation Pause)
[2026-09-06T17:10:53.273-0400][591.863s][info][gc,task     ] GC(360) Using 23 workers of 23 for evacuation
[2026-09-06T17:10:53.277-0400][591.867s][info][gc,phases   ] GC(360)   Pre Evacuate Collection Set: 0.21ms
[2026-09-06T17:10:53.277-0400][591.867s][info][gc,phases   ] GC(360)   Merge Heap Roots: 0.15ms
[2026-09-06T17:10:53.277-0400][591.867s][info][gc,phases   ] GC(360)   Evacuate Collection Set: 2.71ms
[2026-09-06T17:10:53.277-0400][591.867s][info][gc,phases   ] GC(360)   Post Evacuate Collection Set: 0.53ms
[2026-09-06T17:10:53.277-0400][591.867s][info][gc,phases   ] GC(360)   Other: 0.19ms
[2026-09-06T17:10:53.277-0400][591.867s][info][gc,heap     ] GC(360) Eden regions: 146->0(144)
[2026-09-06T17:10:53.277-0400][591.867s][info][gc,heap     ] GC(360) Survivor regions: 12->12(20)
[2026-09-06T17:10:53.277-0400][591.867s][info][gc,heap     ] GC(360) Old regions: 904->906
[2026-09-06T17:10:53.277-0400][591.867s][info][gc,heap     ] GC(360) Archive regions: 0->0
[2026-09-06T17:10:53.277-0400][591.867s][info][gc,heap     ] GC(360) Humongous regions: 29->29
[2026-09-06T17:10:53.277-0400][591.867s][info][gc,metaspace] GC(360) Metaspace: 153732K(156416K)->153732K(156416K) NonClass: 131868K(133312K)->131868K(133312K) Class: 21864K(23104K)->21864K(23104K)
[2026-09-06T17:10:53.277-0400][591.867s][info][gc          ] GC(360) Pause Young (Normal) (G1 Evacuation Pause) 2181M->1892M(2452M) 3.894ms
[2026-09-06T17:10:53.277-0400][591.867s][info][gc,cpu      ] GC(360) User=0.00s Sys=0.00s Real=0.00s
[2026-09-06T17:10:53.357-0400][591.948s][info][gc,start    ] GC(361) Pause Young (Normal) (G1 Evacuation Pause)
[2026-09-06T17:10:53.357-0400][591.948s][info][gc,task     ] GC(361) Using 23 workers of 23 for evacuation
[2026-09-06T17:10:53.361-0400][591.951s][info][gc,phases   ] GC(361)   Pre Evacuate Collection Set: 0.23ms
[2026-09-06T17:10:53.361-0400][591.951s][info][gc,phases   ] GC(361)   Merge Heap Roots: 0.14ms
[2026-09-06T17:10:53.361-0400][591.951s][info][gc,phases   ] GC(361)   Evacuate Collection Set: 2.12ms
[2026-09-06T17:10:53.361-0400][591.951s][info][gc,phases   ] GC(361)   Post Evacuate Collection Set: 0.42ms
[2026-09-06T17:10:53.361-0400][591.951s][info][gc,phases   ] GC(361)   Other: 0.30ms
[2026-09-06T17:10:53.361-0400][591.951s][info][gc,heap     ] GC(361) Eden regions: 144->0(147)
[2026-09-06T17:10:53.361-0400][591.951s][info][gc,heap     ] GC(361) Survivor regions: 12->10(20)
[2026-09-06T17:10:53.361-0400][591.951s][info][gc,heap     ] GC(361) Old regions: 906->907
[2026-09-06T17:10:53.361-0400][591.951s][info][gc,heap     ] GC(361) Archive regions: 0->0
[2026-09-06T17:10:53.361-0400][591.951s][info][gc,heap     ] GC(361) Humongous regions: 29->29
[2026-09-06T17:10:53.361-0400][591.951s][info][gc,metaspace] GC(361) Metaspace: 153733K(156416K)->153733K(156416K) NonClass: 131869K(133312K)->131869K(133312K) Class: 21864K(23104K)->21864K(23104K)
[2026-09-06T17:10:53.361-0400][591.951s][info][gc          ] GC(361) Pause Young (Normal) (G1 Evacuation Pause) 2180M->1891M(2452M) 3.313ms
[2026-09-06T17:10:53.361-0400][591.951s][info][gc,cpu      ] GC(361) User=0.00s Sys=0.00s Real=0.00s
[2026-09-06T17:10:53.476-0400][592.068s][info][gc,start    ] GC(362) Pause Young (Normal) (GCLocker Initiated GC)
[2026-09-06T17:10:53.476-0400][592.068s][info][gc,task     ] GC(362) Using 23 workers of 23 for evacuation
[2026-09-06T17:10:53.480-0400][592.070s][info][gc,phases   ] GC(362)   Pre Evacuate Collection Set: 0.22ms
[2026-09-06T17:10:53.480-0400][592.070s][info][gc,phases   ] GC(362)   Merge Heap Roots: 0.11ms
[2026-09-06T17:10:53.480-0400][592.070s][info][gc,phases   ] GC(362)   Evacuate Collection Set: 1.53ms
[2026-09-06T17:10:53.480-0400][592.070s][info][gc,phases   ] GC(362)   Post Evacuate Collection Set: 0.51ms
[2026-09-06T17:10:53.480-0400][592.070s][info][gc,phases   ] GC(362)   Other: 0.17ms
[2026-09-06T17:10:53.480-0400][592.070s][info][gc,heap     ] GC(362) Eden regions: 147->0(145)
[2026-09-06T17:10:53.480-0400][592.070s][info][gc,heap     ] GC(362) Survivor regions: 10->11(20)
[2026-09-06T17:10:53.480-0400][592.070s][info][gc,heap     ] GC(362) Old regions: 907->907
[2026-09-06T17:10:53.480-0400][592.070s][info][gc,heap     ] GC(362) Archive regions: 0->0
[2026-09-06T17:10:53.480-0400][592.070s][info][gc,heap     ] GC(362) Humongous regions: 29->29
[2026-09-06T17:10:53.480-0400][592.070s][info][gc,metaspace] GC(362) Metaspace: 153734K(156416K)->153734K(156416K) NonClass: 131869K(133312K)->131869K(133312K) Class: 21864K(23104K)->21864K(23104K)
[2026-09-06T17:10:53.480-0400][592.070s][info][gc          ] GC(362) Pause Young (Normal) (GCLocker Initiated GC) 2185M->1892M(2452M) 2.652ms
[2026-09-06T17:10:53.480-0400][592.070s][info][gc,cpu      ] GC(362) User=0.00s Sys=0.00s Real=0.00s
[2026-09-06T17:10:53.681-0400][592.271s][info][gc,start    ] GC(363) Pause Young (Normal) (G1 Evacuation Pause)
[2026-09-06T17:10:53.681-0400][592.271s][info][gc,task     ] GC(363) Using 23 workers of 23 for evacuation
[2026-09-06T17:10:53.684-0400][592.274s][info][gc,phases   ] GC(363)   Pre Evacuate Collection Set: 0.25ms
[2026-09-06T17:10:53.684-0400][592.274s][info][gc,phases   ] GC(363)   Merge Heap Roots: 0.16ms
[2026-09-06T17:10:53.684-0400][592.274s][info][gc,phases   ] GC(363)   Evacuate Collection Set: 1.84ms
[2026-09-06T17:10:53.684-0400][592.274s][info][gc,phases   ] GC(363)   Post Evacuate Collection Set: 0.62ms
[2026-09-06T17:10:53.684-0400][592.274s][info][gc,phases   ] GC(363)   Other: 0.17ms
[2026-09-06T17:10:53.684-0400][592.274s][info][gc,heap     ] GC(363) Eden regions: 145->0(145)
[2026-09-06T17:10:53.684-0400][592.274s][info][gc,heap     ] GC(363) Survivor regions: 11->11(20)
[2026-09-06T17:10:53.684-0400][592.274s][info][gc,heap     ] GC(363) Old regions: 907->907
[2026-09-06T17:10:53.684-0400][592.274s][info][gc,heap     ] GC(363) Archive regions: 0->0
[2026-09-06T17:10:53.684-0400][592.274s][info][gc,heap     ] GC(363) Humongous regions: 29->29
[2026-09-06T17:10:53.684-0400][592.274s][info][gc,metaspace] GC(363) Metaspace: 153734K(156416K)->153734K(156416K) NonClass: 131869K(133312K)->131869K(133312K) Class: 21864K(23104K)->21864K(23104K)
[2026-09-06T17:10:53.684-0400][592.274s][info][gc          ] GC(363) Pause Young (Normal) (G1 Evacuation Pause) 2182M->1892M(2452M) 3.148ms
[2026-09-06T17:10:53.684-0400][592.274s][info][gc,cpu      ] GC(363) User=0.00s Sys=0.00s Real=0.00s
[2026-09-06T17:10:53.789-0400][592.379s][info][gc,start    ] GC(364) Pause Young (Normal) (G1 Evacuation Pause)
[2026-09-06T17:10:53.789-0400][592.379s][info][gc,task     ] GC(364) Using 23 workers of 23 for evacuation
[2026-09-06T17:10:53.792-0400][592.382s][info][gc,phases   ] GC(364)   Pre Evacuate Collection Set: 0.21ms
[2026-09-06T17:10:53.792-0400][592.382s][info][gc,phases   ] GC(364)   Merge Heap Roots: 0.13ms
[2026-09-06T17:10:53.792-0400][592.382s][info][gc,phases   ] GC(364)   Evacuate Collection Set: 1.74ms
[2026-09-06T17:10:53.792-0400][592.382s][info][gc,phases   ] GC(364)   Post Evacuate Collection Set: 0.49ms
[2026-09-06T17:10:53.792-0400][592.382s][info][gc,phases   ] GC(364)   Other: 0.13ms
[2026-09-06T17:10:53.792-0400][592.382s][info][gc,heap     ] GC(364) Eden regions: 145->0(145)
[2026-09-06T17:10:53.792-0400][592.382s][info][gc,heap     ] GC(364) Survivor regions: 11->11(20)
[2026-09-06T17:10:53.792-0400][592.382s][info][gc,heap     ] GC(364) Old regions: 907->907
[2026-09-06T17:10:53.792-0400][592.382s][info][gc,heap     ] GC(364) Archive regions: 0->0
[2026-09-06T17:10:53.792-0400][592.382s][info][gc,heap     ] GC(364) Humongous regions: 29->29
[2026-09-06T17:10:53.792-0400][592.382s][info][gc,metaspace] GC(364) Metaspace: 153734K(156416K)->153734K(156416K) NonClass: 131870K(133312K)->131870K(133312K) Class: 21864K(23104K)->21864K(23104K)
[2026-09-06T17:10:53.792-0400][592.382s][info][gc          ] GC(364) Pause Young (Normal) (G1 Evacuation Pause) 2182M->1893M(2452M) 2.820ms
[2026-09-06T17:10:53.792-0400][592.382s][info][gc,cpu      ] GC(364) User=0.00s Sys=0.00s Real=0.00s
[2026-09-06T17:10:53.909-0400][592.500s][info][gc,start    ] GC(365) Pause Young (Normal) (G1 Evacuation Pause)
[2026-09-06T17:10:53.909-0400][592.500s][info][gc,task     ] GC(365) Using 23 workers of 23 for evacuation
[2026-09-06T17:10:53.914-0400][592.504s][info][gc,phases   ] GC(365)   Pre Evacuate Collection Set: 0.27ms
[2026-09-06T17:10:53.914-0400][592.504s][info][gc,phases   ] GC(365)   Merge Heap Roots: 0.18ms
[2026-09-06T17:10:53.914-0400][592.504s][info][gc,phases   ] GC(365)   Evacuate Collection Set: 3.22ms
[2026-09-06T17:10:53.914-0400][592.504s][info][gc,phases   ] GC(365)   Post Evacuate Collection Set: 0.62ms
[2026-09-06T17:10:53.914-0400][592.504s][info][gc,phases   ] GC(365)   Other: 0.19ms
[2026-09-06T17:10:53.914-0400][592.504s][info][gc,heap     ] GC(365) Eden regions: 145->0(137)
[2026-09-06T17:10:53.914-0400][592.504s][info][gc,heap     ] GC(365) Survivor regions: 11->15(20)
[2026-09-06T17:10:53.914-0400][592.504s][info][gc,heap     ] GC(365) Old regions: 907->907
[2026-09-06T17:10:53.914-0400][592.504s][info][gc,heap     ] GC(365) Archive regions: 0->0
[2026-09-06T17:10:53.914-0400][592.504s][info][gc,heap     ] GC(365) Humongous regions: 29->29
[2026-09-06T17:10:53.914-0400][592.504s][info][gc,metaspace] GC(365) Metaspace: 153735K(156416K)->153735K(156416K) NonClass: 131870K(133312K)->131870K(133312K) Class: 21864K(23104K)->21864K(23104K)
[2026-09-06T17:10:53.914-0400][592.505s][info][gc          ] GC(365) Pause Young (Normal) (G1 Evacuation Pause) 2183M->1900M(2452M) 4.610ms
[2026-09-06T17:10:53.914-0400][592.505s][info][gc,cpu      ] GC(365) User=0.33s Sys=0.02s Real=0.01s
[2026-09-06T17:10:53.945-0400][592.535s][info][gc,start    ] GC(366) Pause Young (Normal) (GCLocker Initiated GC)
[2026-09-06T17:10:53.945-0400][592.535s][info][gc,task     ] GC(366) Using 23 workers of 23 for evacuation
[2026-09-06T17:10:53.949-0400][592.539s][info][gc,phases   ] GC(366)   Pre Evacuate Collection Set: 0.19ms
[2026-09-06T17:10:53.949-0400][592.539s][info][gc,phases   ] GC(366)   Merge Heap Roots: 0.13ms
[2026-09-06T17:10:53.949-0400][592.539s][info][gc,phases   ] GC(366)   Evacuate Collection Set: 2.79ms
[2026-09-06T17:10:53.949-0400][592.539s][info][gc,phases   ] GC(366)   Post Evacuate Collection Set: 0.56ms
[2026-09-06T17:10:53.949-0400][592.539s][info][gc,phases   ] GC(366)   Other: 0.15ms
[2026-09-06T17:10:53.949-0400][592.539s][info][gc,heap     ] GC(366) Eden regions: 138->0(139)
[2026-09-06T17:10:53.949-0400][592.539s][info][gc,heap     ] GC(366) Survivor regions: 15->12(19)
[2026-09-06T17:10:53.949-0400][592.539s][info][gc,heap     ] GC(366) Old regions: 907->911
[2026-09-06T17:10:53.949-0400][592.539s][info][gc,heap     ] GC(366) Archive regions: 0->0
[2026-09-06T17:10:53.949-0400][592.539s][info][gc,heap     ] GC(366) Humongous regions: 29->29
[2026-09-06T17:10:53.949-0400][592.539s][info][gc,metaspace] GC(366) Metaspace: 153735K(156416K)->153735K(156416K) NonClass: 131870K(133312K)->131870K(133312K) Class: 21864K(23104K)->21864K(23104K)
[2026-09-06T17:10:53.949-0400][592.539s][info][gc          ] GC(366) Pause Young (Normal) (GCLocker Initiated GC) 2175M->1902M(2452M) 3.934ms
[2026-09-06T17:10:53.949-0400][592.539s][info][gc,cpu      ] GC(366) User=0.00s Sys=0.00s Real=0.00s
[2026-09-06T17:10:53.990-0400][592.580s][info][gc,start    ] GC(367) Pause Young (Normal) (G1 Evacuation Pause)
[2026-09-06T17:10:53.990-0400][592.580s][info][gc,task     ] GC(367) Using 23 workers of 23 for evacuation
[2026-09-06T17:10:53.993-0400][592.583s][info][gc,phases   ] GC(367)   Pre Evacuate Collection Set: 0.17ms
[2026-09-06T17:10:53.993-0400][592.583s][info][gc,phases   ] GC(367)   Merge Heap Roots: 0.15ms
[2026-09-06T17:10:53.993-0400][592.583s][info][gc,phases   ] GC(367)   Evacuate Collection Set: 2.22ms
[2026-09-06T17:10:53.993-0400][592.583s][info][gc,phases   ] GC(367)   Post Evacuate Collection Set: 0.48ms
[2026-09-06T17:10:53.993-0400][592.583s][info][gc,phases   ] GC(367)   Other: 0.17ms
[2026-09-06T17:10:53.993-0400][592.583s][info][gc,heap     ] GC(367) Eden regions: 139->0(140)
[2026-09-06T17:10:53.993-0400][592.583s][info][gc,heap     ] GC(367) Survivor regions: 12->11(19)
[2026-09-06T17:10:53.993-0400][592.583s][info][gc,heap     ] GC(367) Old regions: 911->912
[2026-09-06T17:10:53.993-0400][592.583s][info][gc,heap     ] GC(367) Archive regions: 0->0
[2026-09-06T17:10:53.993-0400][592.583s][info][gc,heap     ] GC(367) Humongous regions: 29->29
[2026-09-06T17:10:53.993-0400][592.583s][info][gc,metaspace] GC(367) Metaspace: 153735K(156416K)->153735K(156416K) NonClass: 131870K(133312K)->131870K(133312K) Class: 21864K(23104K)->21864K(23104K)
[2026-09-06T17:10:53.993-0400][592.583s][info][gc          ] GC(367) Pause Young (Normal) (G1 Evacuation Pause) 2180M->1902M(2452M) 3.319ms
[2026-09-06T17:10:53.993-0400][592.584s][info][gc,cpu      ] GC(367) User=0.06s Sys=0.03s Real=0.00s
[2026-09-06T17:10:54.114-0400][592.705s][info][gc,start    ] GC(368) Pause Young (Normal) (G1 Evacuation Pause)
[2026-09-06T17:10:54.114-0400][592.705s][info][gc,task     ] GC(368) Using 23 workers of 23 for evacuation
[2026-09-06T17:10:54.117-0400][592.707s][info][gc,phases   ] GC(368)   Pre Evacuate Collection Set: 0.17ms
[2026-09-06T17:10:54.117-0400][592.707s][info][gc,phases   ] GC(368)   Merge Heap Roots: 0.13ms
[2026-09-06T17:10:54.117-0400][592.707s][info][gc,phases   ] GC(368)   Evacuate Collection Set: 1.70ms
[2026-09-06T17:10:54.117-0400][592.707s][info][gc,phases   ] GC(368)   Post Evacuate Collection Set: 0.41ms
[2026-09-06T17:10:54.117-0400][592.707s][info][gc,phases   ] GC(368)   Other: 0.15ms
[2026-09-06T17:10:54.117-0400][592.707s][info][gc,heap     ] GC(368) Eden regions: 140->0(140)
[2026-09-06T17:10:54.117-0400][592.707s][info][gc,heap     ] GC(368) Survivor regions: 11->11(19)
[2026-09-06T17:10:54.117-0400][592.707s][info][gc,heap     ] GC(368) Old regions: 912->912
[2026-09-06T17:10:54.117-0400][592.707s][info][gc,heap     ] GC(368) Archive regions: 0->0
[2026-09-06T17:10:54.117-0400][592.707s][info][gc,heap     ] GC(368) Humongous regions: 29->29
[2026-09-06T17:10:54.117-0400][592.707s][info][gc,metaspace] GC(368) Metaspace: 153735K(156416K)->153735K(156416K) NonClass: 131870K(133312K)->131870K(133312K) Class: 21864K(23104K)->21864K(23104K)
[2026-09-06T17:10:54.117-0400][592.707s][info][gc          ] GC(368) Pause Young (Normal) (G1 Evacuation Pause) 2182M->1901M(2452M) 2.666ms
[2026-09-06T17:10:54.117-0400][592.707s][info][gc,cpu      ] GC(368) User=0.36s Sys=0.02s Real=0.00s
[2026-09-06T17:10:54.367-0400][592.957s][info][gc,start    ] GC(369) Pause Young (Normal) (G1 Evacuation Pause)
[2026-09-06T17:10:54.367-0400][592.957s][info][gc,task     ] GC(369) Using 23 workers of 23 for evacuation
[2026-09-06T17:10:54.369-0400][592.960s][info][gc,phases   ] GC(369)   Pre Evacuate Collection Set: 0.22ms
[2026-09-06T17:10:54.369-0400][592.960s][info][gc,phases   ] GC(369)   Merge Heap Roots: 0.13ms
[2026-09-06T17:10:54.369-0400][592.960s][info][gc,phases   ] GC(369)   Evacuate Collection Set: 1.66ms
[2026-09-06T17:10:54.369-0400][592.960s][info][gc,phases   ] GC(369)   Post Evacuate Collection Set: 0.60ms
[2026-09-06T17:10:54.369-0400][592.960s][info][gc,phases   ] GC(369)   Other: 0.19ms
[2026-09-06T17:10:54.369-0400][592.960s][info][gc,heap     ] GC(369) Eden regions: 140->0(140)
[2026-09-06T17:10:54.369-0400][592.960s][info][gc,heap     ] GC(369) Survivor regions: 11->11(19)
[2026-09-06T17:10:54.369-0400][592.960s][info][gc,heap     ] GC(369) Old regions: 912->912
[2026-09-06T17:10:54.369-0400][592.960s][info][gc,heap     ] GC(369) Archive regions: 0->0
[2026-09-06T17:10:54.369-0400][592.960s][info][gc,heap     ] GC(369) Humongous regions: 29->29
[2026-09-06T17:10:54.369-0400][592.960s][info][gc,metaspace] GC(369) Metaspace: 153737K(156416K)->153737K(156416K) NonClass: 131873K(133312K)->131873K(133312K) Class: 21864K(23104K)->21864K(23104K)
[2026-09-06T17:10:54.369-0400][592.960s][info][gc          ] GC(369) Pause Young (Normal) (G1 Evacuation Pause) 2181M->1902M(2452M) 2.909ms
[2026-09-06T17:10:54.369-0400][592.960s][info][gc,cpu      ] GC(369) User=0.00s Sys=0.00s Real=0.00s
[2026-09-06T17:10:54.489-0400][593.079s][info][gc,start    ] GC(370) Pause Young (Normal) (G1 Evacuation Pause)
[2026-09-06T17:10:54.489-0400][593.079s][info][gc,task     ] GC(370) Using 23 workers of 23 for evacuation
[2026-09-06T17:10:54.492-0400][593.082s][info][gc,phases   ] GC(370)   Pre Evacuate Collection Set: 0.27ms
[2026-09-06T17:10:54.492-0400][593.082s][info][gc,phases   ] GC(370)   Merge Heap Roots: 0.16ms
[2026-09-06T17:10:54.492-0400][593.082s][info][gc,phases   ] GC(370)   Evacuate Collection Set: 1.81ms
[2026-09-06T17:10:54.492-0400][593.082s][info][gc,phases   ] GC(370)   Post Evacuate Collection Set: 0.56ms
[2026-09-06T17:10:54.492-0400][593.082s][info][gc,phases   ] GC(370)   Other: 0.16ms
[2026-09-06T17:10:54.492-0400][593.082s][info][gc,heap     ] GC(370) Eden regions: 140->0(139)
[2026-09-06T17:10:54.492-0400][593.082s][info][gc,heap     ] GC(370) Survivor regions: 11->11(19)
[2026-09-06T17:10:54.492-0400][593.082s][info][gc,heap     ] GC(370) Old regions: 912->913
[2026-09-06T17:10:54.492-0400][593.082s][info][gc,heap     ] GC(370) Archive regions: 0->0
[2026-09-06T17:10:54.492-0400][593.082s][info][gc,heap     ] GC(370) Humongous regions: 29->29
[2026-09-06T17:10:54.492-0400][593.082s][info][gc,metaspace] GC(370) Metaspace: 153737K(156416K)->153737K(156416K) NonClass: 131873K(133312K)->131873K(133312K) Class: 21864K(23104K)->21864K(23104K)
[2026-09-06T17:10:54.492-0400][593.082s][info][gc          ] GC(370) Pause Young (Normal) (G1 Evacuation Pause) 2182M->1904M(2452M) 3.071ms
[2026-09-06T17:10:54.492-0400][593.082s][info][gc,cpu      ] GC(370) User=0.36s Sys=0.02s Real=0.00s
[2026-09-06T17:10:54.636-0400][593.226s][info][gc,start    ] GC(371) Pause Young (Normal) (G1 Evacuation Pause)
[2026-09-06T17:10:54.636-0400][593.226s][info][gc,task     ] GC(371) Using 23 workers of 23 for evacuation
[2026-09-06T17:10:54.639-0400][593.229s][info][gc,phases   ] GC(371)   Pre Evacuate Collection Set: 0.19ms
[2026-09-06T17:10:54.639-0400][593.229s][info][gc,phases   ] GC(371)   Merge Heap Roots: 0.15ms
[2026-09-06T17:10:54.639-0400][593.229s][info][gc,phases   ] GC(371)   Evacuate Collection Set: 2.09ms
[2026-09-06T17:10:54.639-0400][593.229s][info][gc,phases   ] GC(371)   Post Evacuate Collection Set: 0.51ms
[2026-09-06T17:10:54.639-0400][593.229s][info][gc,phases   ] GC(371)   Other: 0.14ms
[2026-09-06T17:10:54.639-0400][593.229s][info][gc,heap     ] GC(371) Eden regions: 139->0(137)
[2026-09-06T17:10:54.639-0400][593.229s][info][gc,heap     ] GC(371) Survivor regions: 11->12(19)
[2026-09-06T17:10:54.639-0400][593.229s][info][gc,heap     ] GC(371) Old regions: 913->913
[2026-09-06T17:10:54.639-0400][593.229s][info][gc,heap     ] GC(371) Archive regions: 0->0
[2026-09-06T17:10:54.639-0400][593.229s][info][gc,heap     ] GC(371) Humongous regions: 29->29
[2026-09-06T17:10:54.639-0400][593.229s][info][gc,metaspace] GC(371) Metaspace: 153738K(156416K)->153738K(156416K) NonClass: 131873K(133312K)->131873K(133312K) Class: 21864K(23104K)->21864K(23104K)
[2026-09-06T17:10:54.639-0400][593.229s][info][gc          ] GC(371) Pause Young (Normal) (G1 Evacuation Pause) 2182M->1906M(2452M) 3.308ms
[2026-09-06T17:10:54.639-0400][593.229s][info][gc,cpu      ] GC(371) User=0.00s Sys=0.00s Real=0.00s
[2026-09-06T17:10:54.801-0400][593.391s][info][gc,start    ] GC(372) Pause Young (Normal) (G1 Evacuation Pause)
[2026-09-06T17:10:54.801-0400][593.391s][info][gc,task     ] GC(372) Using 23 workers of 23 for evacuation
[2026-09-06T17:10:54.804-0400][593.394s][info][gc,phases   ] GC(372)   Pre Evacuate Collection Set: 0.24ms
[2026-09-06T17:10:54.804-0400][593.394s][info][gc,phases   ] GC(372)   Merge Heap Roots: 0.18ms
[2026-09-06T17:10:54.804-0400][593.394s][info][gc,phases   ] GC(372)   Evacuate Collection Set: 2.28ms
[2026-09-06T17:10:54.804-0400][593.394s][info][gc,phases   ] GC(372)   Post Evacuate Collection Set: 0.52ms
[2026-09-06T17:10:54.804-0400][593.394s][info][gc,phases   ] GC(372)   Other: 0.18ms
[2026-09-06T17:10:54.804-0400][593.394s][info][gc,heap     ] GC(372) Eden regions: 137->0(137)
[2026-09-06T17:10:54.804-0400][593.394s][info][gc,heap     ] GC(372) Survivor regions: 12->11(19)
[2026-09-06T17:10:54.804-0400][593.394s][info][gc,heap     ] GC(372) Old regions: 913->915
[2026-09-06T17:10:54.804-0400][593.394s][info][gc,heap     ] GC(372) Archive regions: 0->0
[2026-09-06T17:10:54.804-0400][593.394s][info][gc,heap     ] GC(372) Humongous regions: 29->29
[2026-09-06T17:10:54.804-0400][593.394s][info][gc,metaspace] GC(372) Metaspace: 153738K(156416K)->153738K(156416K) NonClass: 131873K(133312K)->131873K(133312K) Class: 21864K(23104K)->21864K(23104K)
[2026-09-06T17:10:54.804-0400][593.394s][info][gc          ] GC(372) Pause Young (Normal) (G1 Evacuation Pause) 2180M->1908M(2452M) 3.519ms
[2026-09-06T17:10:54.804-0400][593.394s][info][gc,cpu      ] GC(372) User=0.34s Sys=0.02s Real=0.00s
[2026-09-06T17:10:54.885-0400][593.476s][info][gc,start    ] GC(373) Pause Young (Normal) (G1 Evacuation Pause)
[2026-09-06T17:10:54.885-0400][593.476s][info][gc,task     ] GC(373) Using 23 workers of 23 for evacuation
[2026-09-06T17:10:54.888-0400][593.479s][info][gc,phases   ] GC(373)   Pre Evacuate Collection Set: 0.22ms
[2026-09-06T17:10:54.888-0400][593.479s][info][gc,phases   ] GC(373)   Merge Heap Roots: 0.16ms
[2026-09-06T17:10:54.888-0400][593.479s][info][gc,phases   ] GC(373)   Evacuate Collection Set: 2.00ms
[2026-09-06T17:10:54.888-0400][593.479s][info][gc,phases   ] GC(373)   Post Evacuate Collection Set: 0.45ms
[2026-09-06T17:10:54.888-0400][593.479s][info][gc,phases   ] GC(373)   Other: 0.20ms
[2026-09-06T17:10:54.888-0400][593.479s][info][gc,heap     ] GC(373) Eden regions: 137->0(137)
[2026-09-06T17:10:54.888-0400][593.479s][info][gc,heap     ] GC(373) Survivor regions: 11->11(19)
[2026-09-06T17:10:54.888-0400][593.479s][info][gc,heap     ] GC(373) Old regions: 915->915
[2026-09-06T17:10:54.888-0400][593.479s][info][gc,heap     ] GC(373) Archive regions: 0->0
[2026-09-06T17:10:54.888-0400][593.479s][info][gc,heap     ] GC(373) Humongous regions: 29->29
[2026-09-06T17:10:54.888-0400][593.479s][info][gc,metaspace] GC(373) Metaspace: 153738K(156416K)->153738K(156416K) NonClass: 131873K(133312K)->131873K(133312K) Class: 21864K(23104K)->21864K(23104K)
[2026-09-06T17:10:54.888-0400][593.479s][info][gc          ] GC(373) Pause Young (Normal) (G1 Evacuation Pause) 2182M->1909M(2452M) 3.156ms
[2026-09-06T17:10:54.888-0400][593.479s][info][gc,cpu      ] GC(373) User=0.00s Sys=0.00s Real=0.00s
[2026-09-06T17:10:55.067-0400][593.657s][info][gc,start    ] GC(374) Pause Young (Normal) (G1 Evacuation Pause)
[2026-09-06T17:10:55.067-0400][593.657s][info][gc,task     ] GC(374) Using 23 workers of 23 for evacuation
[2026-09-06T17:10:55.071-0400][593.661s][info][gc,phases   ] GC(374)   Pre Evacuate Collection Set: 0.20ms
[2026-09-06T17:10:55.071-0400][593.661s][info][gc,phases   ] GC(374)   Merge Heap Roots: 0.25ms
[2026-09-06T17:10:55.071-0400][593.661s][info][gc,phases   ] GC(374)   Evacuate Collection Set: 2.19ms
[2026-09-06T17:10:55.071-0400][593.661s][info][gc,phases   ] GC(374)   Post Evacuate Collection Set: 0.47ms
[2026-09-06T17:10:55.071-0400][593.661s][info][gc,phases   ] GC(374)   Other: 0.16ms
[2026-09-06T17:10:55.071-0400][593.661s][info][gc,heap     ] GC(374) Eden regions: 137->0(134)
[2026-09-06T17:10:55.071-0400][593.661s][info][gc,heap     ] GC(374) Survivor regions: 11->12(19)
[2026-09-06T17:10:55.071-0400][593.661s][info][gc,heap     ] GC(374) Old regions: 915->916
[2026-09-06T17:10:55.071-0400][593.661s][info][gc,heap     ] GC(374) Archive regions: 0->0
[2026-09-06T17:10:55.071-0400][593.661s][info][gc,heap     ] GC(374) Humongous regions: 29->29
[2026-09-06T17:10:55.071-0400][593.661s][info][gc,metaspace] GC(374) Metaspace: 153738K(156416K)->153738K(156416K) NonClass: 131873K(133312K)->131873K(133312K) Class: 21864K(23104K)->21864K(23104K)
[2026-09-06T17:10:55.071-0400][593.661s][info][gc          ] GC(374) Pause Young (Normal) (G1 Evacuation Pause) 2183M->1912M(2452M) 3.394ms
[2026-09-06T17:10:55.071-0400][593.661s][info][gc,cpu      ] GC(374) User=0.34s Sys=0.00s Real=0.00s
[2026-09-06T17:10:55.199-0400][593.790s][info][gc,start    ] GC(375) Pause Young (Normal) (G1 Evacuation Pause)
[2026-09-06T17:10:55.199-0400][593.790s][info][gc,task     ] GC(375) Using 23 workers of 23 for evacuation
[2026-09-06T17:10:55.202-0400][593.792s][info][gc,phases   ] GC(375)   Pre Evacuate Collection Set: 0.19ms
[2026-09-06T17:10:55.202-0400][593.792s][info][gc,phases   ] GC(375)   Merge Heap Roots: 0.12ms
[2026-09-06T17:10:55.202-0400][593.792s][info][gc,phases   ] GC(375)   Evacuate Collection Set: 1.85ms
[2026-09-06T17:10:55.202-0400][593.792s][info][gc,phases   ] GC(375)   Post Evacuate Collection Set: 0.42ms
[2026-09-06T17:10:55.202-0400][593.792s][info][gc,phases   ] GC(375)   Other: 0.12ms
[2026-09-06T17:10:55.202-0400][593.792s][info][gc,heap     ] GC(375) Eden regions: 134->0(134)
[2026-09-06T17:10:55.202-0400][593.792s][info][gc,heap     ] GC(375) Survivor regions: 12->11(19)
[2026-09-06T17:10:55.202-0400][593.792s][info][gc,heap     ] GC(375) Old regions: 916->918
[2026-09-06T17:10:55.202-0400][593.792s][info][gc,heap     ] GC(375) Archive regions: 0->0
[2026-09-06T17:10:55.202-0400][593.792s][info][gc,heap     ] GC(375) Humongous regions: 29->29
[2026-09-06T17:10:55.202-0400][593.792s][info][gc,metaspace] GC(375) Metaspace: 153759K(156416K)->153759K(156416K) NonClass: 131888K(133312K)->131888K(133312K) Class: 21870K(23104K)->21870K(23104K)
[2026-09-06T17:10:55.202-0400][593.792s][info][gc          ] GC(375) Pause Young (Normal) (G1 Evacuation Pause) 2180M->1913M(2452M) 2.811ms
[2026-09-06T17:10:55.202-0400][593.792s][info][gc,cpu      ] GC(375) User=0.00s Sys=0.00s Real=0.00s
[2026-09-06T17:10:55.351-0400][593.941s][info][gc,start    ] GC(376) Pause Young (Normal) (G1 Evacuation Pause)
[2026-09-06T17:10:55.351-0400][593.941s][info][gc,task     ] GC(376) Using 23 workers of 23 for evacuation
[2026-09-06T17:10:55.354-0400][593.945s][info][gc,phases   ] GC(376)   Pre Evacuate Collection Set: 0.22ms
[2026-09-06T17:10:55.355-0400][593.945s][info][gc,phases   ] GC(376)   Merge Heap Roots: 0.15ms
[2026-09-06T17:10:55.355-0400][593.945s][info][gc,phases   ] GC(376)   Evacuate Collection Set: 2.88ms
[2026-09-06T17:10:55.355-0400][593.945s][info][gc,phases   ] GC(376)   Post Evacuate Collection Set: 0.44ms
[2026-09-06T17:10:55.355-0400][593.945s][info][gc,phases   ] GC(376)   Other: 0.15ms
[2026-09-06T17:10:55.355-0400][593.945s][info][gc,heap     ] GC(376) Eden regions: 134->0(124)
[2026-09-06T17:10:55.355-0400][593.945s][info][gc,heap     ] GC(376) Survivor regions: 11->16(19)
[2026-09-06T17:10:55.355-0400][593.945s][info][gc,heap     ] GC(376) Old regions: 918->918
[2026-09-06T17:10:55.355-0400][593.945s][info][gc,heap     ] GC(376) Archive regions: 0->0
[2026-09-06T17:10:55.355-0400][593.945s][info][gc,heap     ] GC(376) Humongous regions: 29->29
[2026-09-06T17:10:55.355-0400][593.945s][info][gc,metaspace] GC(376) Metaspace: 153774K(156480K)->153774K(156480K) NonClass: 131900K(133376K)->131900K(133376K) Class: 21873K(23104K)->21873K(23104K)
[2026-09-06T17:10:55.355-0400][593.945s][info][gc          ] GC(376) Pause Young (Normal) (G1 Evacuation Pause) 2181M->1923M(2452M) 3.978ms
[2026-09-06T17:10:55.355-0400][593.945s][info][gc,cpu      ] GC(376) User=0.00s Sys=0.00s Real=0.00s
[2026-09-06T17:10:55.392-0400][593.982s][info][gc,start    ] GC(377) Pause Young (Normal) (G1 Evacuation Pause)
[2026-09-06T17:10:55.392-0400][593.982s][info][gc,task     ] GC(377) Using 23 workers of 23 for evacuation
[2026-09-06T17:10:55.395-0400][593.985s][info][gc,phases   ] GC(377)   Pre Evacuate Collection Set: 0.19ms
[2026-09-06T17:10:55.395-0400][593.985s][info][gc,phases   ] GC(377)   Merge Heap Roots: 0.14ms
[2026-09-06T17:10:55.395-0400][593.985s][info][gc,phases   ] GC(377)   Evacuate Collection Set: 2.45ms
[2026-09-06T17:10:55.395-0400][593.985s][info][gc,phases   ] GC(377)   Post Evacuate Collection Set: 0.54ms
[2026-09-06T17:10:55.395-0400][593.985s][info][gc,phases   ] GC(377)   Other: 0.14ms
[2026-09-06T17:10:55.395-0400][593.985s][info][gc,heap     ] GC(377) Eden regions: 124->0(128)
[2026-09-06T17:10:55.395-0400][593.985s][info][gc,heap     ] GC(377) Survivor regions: 16->11(18)
[2026-09-06T17:10:55.395-0400][593.985s][info][gc,heap     ] GC(377) Old regions: 918->923
[2026-09-06T17:10:55.395-0400][593.985s][info][gc,heap     ] GC(377) Archive regions: 0->0
[2026-09-06T17:10:55.395-0400][593.985s][info][gc,heap     ] GC(377) Humongous regions: 29->29
[2026-09-06T17:10:55.395-0400][593.985s][info][gc,metaspace] GC(377) Metaspace: 153779K(156480K)->153779K(156480K) NonClass: 131904K(133376K)->131904K(133376K) Class: 21875K(23104K)->21875K(23104K)
[2026-09-06T17:10:55.396-0400][593.985s][info][gc          ] GC(377) Pause Young (Normal) (G1 Evacuation Pause) 2171M->1923M(2452M) 3.603ms
[2026-09-06T17:10:55.396-0400][593.986s][info][gc,cpu      ] GC(377) User=0.00s Sys=0.00s Real=0.00s
[2026-09-06T17:10:55.584-0400][594.175s][info][gc,start    ] GC(378) Pause Young (Normal) (G1 Evacuation Pause)
[2026-09-06T17:10:55.584-0400][594.175s][info][gc,task     ] GC(378) Using 23 workers of 23 for evacuation
[2026-09-06T17:10:55.588-0400][594.178s][info][gc,phases   ] GC(378)   Pre Evacuate Collection Set: 0.26ms
[2026-09-06T17:10:55.588-0400][594.178s][info][gc,phases   ] GC(378)   Merge Heap Roots: 0.11ms
[2026-09-06T17:10:55.588-0400][594.178s][info][gc,phases   ] GC(378)   Evacuate Collection Set: 2.22ms
[2026-09-06T17:10:55.588-0400][594.178s][info][gc,phases   ] GC(378)   Post Evacuate Collection Set: 0.59ms
[2026-09-06T17:10:55.588-0400][594.178s][info][gc,phases   ] GC(378)   Other: 0.13ms
[2026-09-06T17:10:55.588-0400][594.178s][info][gc,heap     ] GC(378) Eden regions: 128->0(130)
[2026-09-06T17:10:55.588-0400][594.178s][info][gc,heap     ] GC(378) Survivor regions: 11->10(18)
[2026-09-06T17:10:55.588-0400][594.178s][info][gc,heap     ] GC(378) Old regions: 923->924
[2026-09-06T17:10:55.588-0400][594.178s][info][gc,heap     ] GC(378) Archive regions: 0->0
[2026-09-06T17:10:55.588-0400][594.178s][info][gc,heap     ] GC(378) Humongous regions: 29->29
[2026-09-06T17:10:55.588-0400][594.178s][info][gc,metaspace] GC(378) Metaspace: 153779K(156480K)->153779K(156480K) NonClass: 131904K(133376K)->131904K(133376K) Class: 21875K(23104K)->21875K(23104K)
[2026-09-06T17:10:55.588-0400][594.178s][info][gc          ] GC(378) Pause Young (Normal) (G1 Evacuation Pause) 2179M->1924M(2452M) 3.442ms
[2026-09-06T17:10:55.588-0400][594.178s][info][gc,cpu      ] GC(378) User=0.00s Sys=0.00s Real=0.00s
[2026-09-06T17:10:55.815-0400][594.405s][info][gc,start    ] GC(379) Pause Young (Normal) (G1 Evacuation Pause)
[2026-09-06T17:10:55.815-0400][594.405s][info][gc,task     ] GC(379) Using 23 workers of 23 for evacuation
[2026-09-06T17:10:55.818-0400][594.408s][info][gc,phases   ] GC(379)   Pre Evacuate Collection Set: 0.20ms
[2026-09-06T17:10:55.818-0400][594.408s][info][gc,phases   ] GC(379)   Merge Heap Roots: 0.15ms
[2026-09-06T17:10:55.818-0400][594.408s][info][gc,phases   ] GC(379)   Evacuate Collection Set: 1.83ms
[2026-09-06T17:10:55.818-0400][594.408s][info][gc,phases   ] GC(379)   Post Evacuate Collection Set: 0.48ms
[2026-09-06T17:10:55.818-0400][594.408s][info][gc,phases   ] GC(379)   Other: 0.14ms
[2026-09-06T17:10:55.818-0400][594.408s][info][gc,heap     ] GC(379) Eden regions: 130->0(128)
[2026-09-06T17:10:55.818-0400][594.408s][info][gc,heap     ] GC(379) Survivor regions: 10->11(18)
[2026-09-06T17:10:55.818-0400][594.408s][info][gc,heap     ] GC(379) Old regions: 924->924
[2026-09-06T17:10:55.818-0400][594.408s][info][gc,heap     ] GC(379) Archive regions: 0->0
[2026-09-06T17:10:55.818-0400][594.408s][info][gc,heap     ] GC(379) Humongous regions: 29->29
[2026-09-06T17:10:55.818-0400][594.408s][info][gc,metaspace] GC(379) Metaspace: 153780K(156480K)->153780K(156480K) NonClass: 131905K(133376K)->131905K(133376K) Class: 21875K(23104K)->21875K(23104K)
[2026-09-06T17:10:55.818-0400][594.408s][info][gc          ] GC(379) Pause Young (Normal) (G1 Evacuation Pause) 2184M->1925M(2452M) 3.008ms
[2026-09-06T17:10:55.818-0400][594.408s][info][gc,cpu      ] GC(379) User=0.00s Sys=0.00s Real=0.00s
[2026-09-06T17:10:56.046-0400][594.637s][info][gc,start    ] GC(380) Pause Young (Normal) (G1 Evacuation Pause)
[2026-09-06T17:10:56.046-0400][594.637s][info][gc,task     ] GC(380) Using 23 workers of 23 for evacuation
[2026-09-06T17:10:56.049-0400][594.640s][info][gc,phases   ] GC(380)   Pre Evacuate Collection Set: 0.27ms
[2026-09-06T17:10:56.049-0400][594.640s][info][gc,phases   ] GC(380)   Merge Heap Roots: 0.15ms
[2026-09-06T17:10:56.049-0400][594.640s][info][gc,phases   ] GC(380)   Evacuate Collection Set: 1.72ms
[2026-09-06T17:10:56.049-0400][594.640s][info][gc,phases   ] GC(380)   Post Evacuate Collection Set: 0.52ms
[2026-09-06T17:10:56.049-0400][594.640s][info][gc,phases   ] GC(380)   Other: 0.13ms
[2026-09-06T17:10:56.049-0400][594.640s][info][gc,heap     ] GC(380) Eden regions: 128->0(130)
[2026-09-06T17:10:56.049-0400][594.640s][info][gc,heap     ] GC(380) Survivor regions: 11->10(18)
[2026-09-06T17:10:56.049-0400][594.640s][info][gc,heap     ] GC(380) Old regions: 924->924
[2026-09-06T17:10:56.049-0400][594.640s][info][gc,heap     ] GC(380) Archive regions: 0->0
[2026-09-06T17:10:56.049-0400][594.640s][info][gc,heap     ] GC(380) Humongous regions: 29->29
[2026-09-06T17:10:56.049-0400][594.640s][info][gc,metaspace] GC(380) Metaspace: 153780K(156480K)->153780K(156480K) NonClass: 131905K(133376K)->131905K(133376K) Class: 21875K(23104K)->21875K(23104K)
[2026-09-06T17:10:56.049-0400][594.640s][info][gc          ] GC(380) Pause Young (Normal) (G1 Evacuation Pause) 2181M->1924M(2452M) 2.898ms
[2026-09-06T17:10:56.049-0400][594.640s][info][gc,cpu      ] GC(380) User=0.00s Sys=0.00s Real=0.00s
[2026-09-06T17:10:56.214-0400][594.805s][info][gc,start    ] GC(381) Pause Young (Normal) (G1 Evacuation Pause)
[2026-09-06T17:10:56.214-0400][594.805s][info][gc,task     ] GC(381) Using 23 workers of 23 for evacuation
[2026-09-06T17:10:56.217-0400][594.807s][info][gc,phases   ] GC(381)   Pre Evacuate Collection Set: 0.23ms
[2026-09-06T17:10:56.217-0400][594.807s][info][gc,phases   ] GC(381)   Merge Heap Roots: 0.17ms
[2026-09-06T17:10:56.217-0400][594.807s][info][gc,phases   ] GC(381)   Evacuate Collection Set: 1.77ms
[2026-09-06T17:10:56.217-0400][594.808s][info][gc,phases   ] GC(381)   Post Evacuate Collection Set: 0.59ms
[2026-09-06T17:10:56.217-0400][594.808s][info][gc,phases   ] GC(381)   Other: 0.15ms
[2026-09-06T17:10:56.217-0400][594.808s][info][gc,heap     ] GC(381) Eden regions: 130->0(131)
[2026-09-06T17:10:56.217-0400][594.808s][info][gc,heap     ] GC(381) Survivor regions: 10->9(18)
[2026-09-06T17:10:56.217-0400][594.808s][info][gc,heap     ] GC(381) Old regions: 924->925
[2026-09-06T17:10:56.217-0400][594.808s][info][gc,heap     ] GC(381) Archive regions: 0->0
[2026-09-06T17:10:56.217-0400][594.808s][info][gc,heap     ] GC(381) Humongous regions: 29->29
[2026-09-06T17:10:56.217-0400][594.808s][info][gc,metaspace] GC(381) Metaspace: 153780K(156480K)->153780K(156480K) NonClass: 131905K(133376K)->131905K(133376K) Class: 21875K(23104K)->21875K(23104K)
[2026-09-06T17:10:56.217-0400][594.808s][info][gc          ] GC(381) Pause Young (Normal) (G1 Evacuation Pause) 2184M->1925M(2452M) 3.038ms
[2026-09-06T17:10:56.218-0400][594.808s][info][gc,cpu      ] GC(381) User=0.00s Sys=0.00s Real=0.00s
[2026-09-06T17:10:56.382-0400][594.973s][info][gc,start    ] GC(382) Pause Young (Normal) (G1 Evacuation Pause)
[2026-09-06T17:10:56.382-0400][594.973s][info][gc,task     ] GC(382) Using 23 workers of 23 for evacuation
[2026-09-06T17:10:56.385-0400][594.976s][info][gc,phases   ] GC(382)   Pre Evacuate Collection Set: 0.25ms
[2026-09-06T17:10:56.385-0400][594.976s][info][gc,phases   ] GC(382)   Merge Heap Roots: 0.14ms
[2026-09-06T17:10:56.385-0400][594.976s][info][gc,phases   ] GC(382)   Evacuate Collection Set: 2.06ms
[2026-09-06T17:10:56.385-0400][594.976s][info][gc,phases   ] GC(382)   Post Evacuate Collection Set: 0.53ms
[2026-09-06T17:10:56.385-0400][594.976s][info][gc,phases   ] GC(382)   Other: 0.15ms
[2026-09-06T17:10:56.385-0400][594.976s][info][gc,heap     ] GC(382) Eden regions: 131->0(129)
[2026-09-06T17:10:56.385-0400][594.976s][info][gc,heap     ] GC(382) Survivor regions: 9->10(18)
[2026-09-06T17:10:56.385-0400][594.976s][info][gc,heap     ] GC(382) Old regions: 925->925
[2026-09-06T17:10:56.385-0400][594.976s][info][gc,heap     ] GC(382) Archive regions: 0->0
[2026-09-06T17:10:56.385-0400][594.976s][info][gc,heap     ] GC(382) Humongous regions: 29->29
[2026-09-06T17:10:56.385-0400][594.976s][info][gc,metaspace] GC(382) Metaspace: 153783K(156480K)->153783K(156480K) NonClass: 131907K(133376K)->131907K(133376K) Class: 21875K(23104K)->21875K(23104K)
[2026-09-06T17:10:56.385-0400][594.976s][info][gc          ] GC(382) Pause Young (Normal) (G1 Evacuation Pause) 2187M->1927M(2452M) 3.227ms
[2026-09-06T17:10:56.385-0400][594.976s][info][gc,cpu      ] GC(382) User=0.00s Sys=0.00s Real=0.00s
[2026-09-06T17:10:56.414-0400][595.004s][info][gc,start    ] GC(383) Pause Young (Normal) (G1 Evacuation Pause)
[2026-09-06T17:10:56.414-0400][595.004s][info][gc,task     ] GC(383) Using 23 workers of 23 for evacuation
[2026-09-06T17:10:56.417-0400][595.008s][info][gc,phases   ] GC(383)   Pre Evacuate Collection Set: 0.22ms
[2026-09-06T17:10:56.417-0400][595.008s][info][gc,phases   ] GC(383)   Merge Heap Roots: 0.14ms
[2026-09-06T17:10:56.417-0400][595.008s][info][gc,phases   ] GC(383)   Evacuate Collection Set: 2.58ms
[2026-09-06T17:10:56.417-0400][595.008s][info][gc,phases   ] GC(383)   Post Evacuate Collection Set: 0.55ms
[2026-09-06T17:10:56.417-0400][595.008s][info][gc,phases   ] GC(383)   Other: 0.20ms
[2026-09-06T17:10:56.417-0400][595.008s][info][gc,heap     ] GC(383) Eden regions: 129->0(124)
[2026-09-06T17:10:56.417-0400][595.008s][info][gc,heap     ] GC(383) Survivor regions: 10->12(18)
[2026-09-06T17:10:56.417-0400][595.008s][info][gc,heap     ] GC(383) Old regions: 925->926
[2026-09-06T17:10:56.417-0400][595.008s][info][gc,heap     ] GC(383) Archive regions: 0->0
[2026-09-06T17:10:56.417-0400][595.008s][info][gc,heap     ] GC(383) Humongous regions: 29->29
[2026-09-06T17:10:56.417-0400][595.008s][info][gc,metaspace] GC(383) Metaspace: 153783K(156480K)->153783K(156480K) NonClass: 131907K(133376K)->131907K(133376K) Class: 21875K(23104K)->21875K(23104K)
[2026-09-06T17:10:56.417-0400][595.008s][info][gc          ] GC(383) Pause Young (Normal) (G1 Evacuation Pause) 2185M->1931M(2452M) 3.812ms
[2026-09-06T17:10:56.417-0400][595.008s][info][gc,cpu      ] GC(383) User=0.00s Sys=0.00s Real=0.00s
[2026-09-06T17:10:56.445-0400][595.036s][info][gc,start    ] GC(384) Pause Young (Normal) (G1 Evacuation Pause)
[2026-09-06T17:10:56.445-0400][595.036s][info][gc,task     ] GC(384) Using 23 workers of 23 for evacuation
[2026-09-06T17:10:56.449-0400][595.040s][info][gc,phases   ] GC(384)   Pre Evacuate Collection Set: 0.27ms
[2026-09-06T17:10:56.449-0400][595.040s][info][gc,phases   ] GC(384)   Merge Heap Roots: 0.13ms
[2026-09-06T17:10:56.449-0400][595.040s][info][gc,phases   ] GC(384)   Evacuate Collection Set: 2.46ms
[2026-09-06T17:10:56.449-0400][595.040s][info][gc,phases   ] GC(384)   Post Evacuate Collection Set: 0.49ms
[2026-09-06T17:10:56.449-0400][595.040s][info][gc,phases   ] GC(384)   Other: 0.28ms
[2026-09-06T17:10:56.449-0400][595.040s][info][gc,heap     ] GC(384) Eden regions: 124->0(126)
[2026-09-06T17:10:56.449-0400][595.040s][info][gc,heap     ] GC(384) Survivor regions: 12->9(17)
[2026-09-06T17:10:56.449-0400][595.040s][info][gc,heap     ] GC(384) Old regions: 926->930
[2026-09-06T17:10:56.449-0400][595.040s][info][gc,heap     ] GC(384) Archive regions: 0->0
[2026-09-06T17:10:56.449-0400][595.040s][info][gc,heap     ] GC(384) Humongous regions: 29->29
[2026-09-06T17:10:56.449-0400][595.040s][info][gc,metaspace] GC(384) Metaspace: 153783K(156480K)->153783K(156480K) NonClass: 131907K(133376K)->131907K(133376K) Class: 21875K(23104K)->21875K(23104K)
[2026-09-06T17:10:56.449-0400][595.040s][info][gc          ] GC(384) Pause Young (Normal) (G1 Evacuation Pause) 2179M->1933M(2452M) 3.718ms
[2026-09-06T17:10:56.449-0400][595.040s][info][gc,cpu      ] GC(384) User=0.00s Sys=0.00s Real=0.00s
[2026-09-06T17:10:56.481-0400][595.071s][info][gc,start    ] GC(385) Pause Young (Normal) (GCLocker Initiated GC)
[2026-09-06T17:10:56.481-0400][595.071s][info][gc,task     ] GC(385) Using 23 workers of 23 for evacuation
[2026-09-06T17:10:56.483-0400][595.074s][info][gc,phases   ] GC(385)   Pre Evacuate Collection Set: 0.17ms
[2026-09-06T17:10:56.483-0400][595.074s][info][gc,phases   ] GC(385)   Merge Heap Roots: 0.12ms
[2026-09-06T17:10:56.483-0400][595.074s][info][gc,phases   ] GC(385)   Evacuate Collection Set: 1.93ms
[2026-09-06T17:10:56.483-0400][595.074s][info][gc,phases   ] GC(385)   Post Evacuate Collection Set: 0.43ms
[2026-09-06T17:10:56.483-0400][595.074s][info][gc,phases   ] GC(385)   Other: 0.21ms
[2026-09-06T17:10:56.483-0400][595.074s][info][gc,heap     ] GC(385) Eden regions: 126->0(126)
[2026-09-06T17:10:56.483-0400][595.074s][info][gc,heap     ] GC(385) Survivor regions: 9->9(17)
[2026-09-06T17:10:56.483-0400][595.074s][info][gc,heap     ] GC(385) Old regions: 930->930
[2026-09-06T17:10:56.483-0400][595.074s][info][gc,heap     ] GC(385) Archive regions: 0->0
[2026-09-06T17:10:56.483-0400][595.074s][info][gc,heap     ] GC(385) Humongous regions: 29->29
[2026-09-06T17:10:56.483-0400][595.074s][info][gc,metaspace] GC(385) Metaspace: 153783K(156480K)->153783K(156480K) NonClass: 131907K(133376K)->131907K(133376K) Class: 21875K(23104K)->21875K(23104K)
[2026-09-06T17:10:56.483-0400][595.074s][info][gc          ] GC(385) Pause Young (Normal) (GCLocker Initiated GC) 2185M->1933M(2452M) 2.946ms
[2026-09-06T17:10:56.483-0400][595.074s][info][gc,cpu      ] GC(385) User=0.00s Sys=0.00s Real=0.00s
[2026-09-06T17:10:56.539-0400][595.129s][info][gc,start    ] GC(386) Pause Young (Normal) (G1 Evacuation Pause)
[2026-09-06T17:10:56.539-0400][595.129s][info][gc,task     ] GC(386) Using 23 workers of 23 for evacuation
[2026-09-06T17:10:56.542-0400][595.132s][info][gc,phases   ] GC(386)   Pre Evacuate Collection Set: 0.12ms
[2026-09-06T17:10:56.542-0400][595.132s][info][gc,phases   ] GC(386)   Merge Heap Roots: 0.13ms
[2026-09-06T17:10:56.542-0400][595.132s][info][gc,phases   ] GC(386)   Evacuate Collection Set: 1.93ms
[2026-09-06T17:10:56.542-0400][595.132s][info][gc,phases   ] GC(386)   Post Evacuate Collection Set: 0.60ms
[2026-09-06T17:10:56.542-0400][595.132s][info][gc,phases   ] GC(386)   Other: 0.21ms
[2026-09-06T17:10:56.542-0400][595.132s][info][gc,heap     ] GC(386) Eden regions: 126->0(158)
[2026-09-06T17:10:56.542-0400][595.132s][info][gc,heap     ] GC(386) Survivor regions: 9->9(17)
[2026-09-06T17:10:56.542-0400][595.132s][info][gc,heap     ] GC(386) Old regions: 930->930
[2026-09-06T17:10:56.542-0400][595.132s][info][gc,heap     ] GC(386) Archive regions: 0->0
[2026-09-06T17:10:56.542-0400][595.132s][info][gc,heap     ] GC(386) Humongous regions: 29->29
[2026-09-06T17:10:56.542-0400][595.132s][info][gc,metaspace] GC(386) Metaspace: 153783K(156480K)->153783K(156480K) NonClass: 131907K(133376K)->131907K(133376K) Class: 21875K(23104K)->21875K(23104K)
[2026-09-06T17:10:56.542-0400][595.132s][info][gc          ] GC(386) Pause Young (Normal) (G1 Evacuation Pause) 2185M->1934M(2524M) 3.123ms
[2026-09-06T17:10:56.542-0400][595.132s][info][gc,cpu      ] GC(386) User=0.00s Sys=0.00s Real=0.00s
[2026-09-06T17:10:56.659-0400][595.249s][info][gc,start    ] GC(387) Pause Young (Normal) (G1 Evacuation Pause)
[2026-09-06T17:10:56.659-0400][595.249s][info][gc,task     ] GC(387) Using 23 workers of 23 for evacuation
[2026-09-06T17:10:56.661-0400][595.252s][info][gc,phases   ] GC(387)   Pre Evacuate Collection Set: 0.17ms
[2026-09-06T17:10:56.661-0400][595.252s][info][gc,phases   ] GC(387)   Merge Heap Roots: 0.13ms
[2026-09-06T17:10:56.661-0400][595.252s][info][gc,phases   ] GC(387)   Evacuate Collection Set: 1.54ms
[2026-09-06T17:10:56.661-0400][595.252s][info][gc,phases   ] GC(387)   Post Evacuate Collection Set: 0.41ms
[2026-09-06T17:10:56.661-0400][595.252s][info][gc,phases   ] GC(387)   Other: 0.13ms
[2026-09-06T17:10:56.661-0400][595.252s][info][gc,heap     ] GC(387) Eden regions: 158->0(156)
[2026-09-06T17:10:56.661-0400][595.252s][info][gc,heap     ] GC(387) Survivor regions: 9->10(21)
[2026-09-06T17:10:56.661-0400][595.252s][info][gc,heap     ] GC(387) Old regions: 930->930
[2026-09-06T17:10:56.661-0400][595.252s][info][gc,heap     ] GC(387) Archive regions: 0->0
[2026-09-06T17:10:56.661-0400][595.252s][info][gc,heap     ] GC(387) Humongous regions: 29->29
[2026-09-06T17:10:56.661-0400][595.252s][info][gc,metaspace] GC(387) Metaspace: 153786K(156480K)->153786K(156480K) NonClass: 131911K(133376K)->131911K(133376K) Class: 21875K(23104K)->21875K(23104K)
[2026-09-06T17:10:56.661-0400][595.252s][info][gc          ] GC(387) Pause Young (Normal) (G1 Evacuation Pause) 2250M->1934M(2524M) 2.498ms
[2026-09-06T17:10:56.661-0400][595.252s][info][gc,cpu      ] GC(387) User=0.00s Sys=0.00s Real=0.00s
[2026-09-06T17:10:56.973-0400][595.564s][info][gc,start    ] GC(388) Pause Young (Normal) (G1 Evacuation Pause)
[2026-09-06T17:10:56.973-0400][595.564s][info][gc,task     ] GC(388) Using 23 workers of 23 for evacuation
[2026-09-06T17:10:56.977-0400][595.567s][info][gc,phases   ] GC(388)   Pre Evacuate Collection Set: 0.23ms
[2026-09-06T17:10:56.977-0400][595.567s][info][gc,phases   ] GC(388)   Merge Heap Roots: 0.12ms
[2026-09-06T17:10:56.977-0400][595.567s][info][gc,phases   ] GC(388)   Evacuate Collection Set: 2.13ms
[2026-09-06T17:10:56.977-0400][595.567s][info][gc,phases   ] GC(388)   Post Evacuate Collection Set: 0.60ms
[2026-09-06T17:10:56.977-0400][595.567s][info][gc,phases   ] GC(388)   Other: 0.13ms
[2026-09-06T17:10:56.977-0400][595.567s][info][gc,heap     ] GC(388) Eden regions: 156->0(152)
[2026-09-06T17:10:56.977-0400][595.567s][info][gc,heap     ] GC(388) Survivor regions: 10->12(21)
[2026-09-06T17:10:56.977-0400][595.567s][info][gc,heap     ] GC(388) Old regions: 930->930
[2026-09-06T17:10:56.977-0400][595.567s][info][gc,heap     ] GC(388) Archive regions: 0->0
[2026-09-06T17:10:56.977-0400][595.567s][info][gc,heap     ] GC(388) Humongous regions: 29->29
[2026-09-06T17:10:56.977-0400][595.567s][info][gc,metaspace] GC(388) Metaspace: 153788K(156480K)->153788K(156480K) NonClass: 131912K(133376K)->131912K(133376K) Class: 21875K(23104K)->21875K(23104K)
[2026-09-06T17:10:56.977-0400][595.568s][info][gc          ] GC(388) Pause Young (Normal) (G1 Evacuation Pause) 2246M->1939M(2524M) 3.332ms
[2026-09-06T17:10:56.977-0400][595.568s][info][gc,cpu      ] GC(388) User=0.28s Sys=0.02s Real=0.00s
[2026-09-06T17:10:57.137-0400][595.727s][info][gc,start    ] GC(389) Pause Young (Normal) (G1 Evacuation Pause)
[2026-09-06T17:10:57.137-0400][595.727s][info][gc,task     ] GC(389) Using 23 workers of 23 for evacuation
[2026-09-06T17:10:57.140-0400][595.730s][info][gc,phases   ] GC(389)   Pre Evacuate Collection Set: 0.15ms
[2026-09-06T17:10:57.140-0400][595.730s][info][gc,phases   ] GC(389)   Merge Heap Roots: 0.15ms
[2026-09-06T17:10:57.140-0400][595.730s][info][gc,phases   ] GC(389)   Evacuate Collection Set: 2.64ms
[2026-09-06T17:10:57.141-0400][595.730s][info][gc,phases   ] GC(389)   Post Evacuate Collection Set: 0.52ms
[2026-09-06T17:10:57.141-0400][595.730s][info][gc,phases   ] GC(389)   Other: 0.22ms
[2026-09-06T17:10:57.141-0400][595.730s][info][gc,heap     ] GC(389) Eden regions: 152->0(152)
[2026-09-06T17:10:57.141-0400][595.730s][info][gc,heap     ] GC(389) Survivor regions: 12->12(21)
[2026-09-06T17:10:57.141-0400][595.730s][info][gc,heap     ] GC(389) Old regions: 930->930
[2026-09-06T17:10:57.141-0400][595.730s][info][gc,heap     ] GC(389) Archive regions: 0->0
[2026-09-06T17:10:57.141-0400][595.731s][info][gc,heap     ] GC(389) Humongous regions: 29->29
[2026-09-06T17:10:57.141-0400][595.731s][info][gc,metaspace] GC(389) Metaspace: 153788K(156480K)->153788K(156480K) NonClass: 131913K(133376K)->131913K(133376K) Class: 21875K(23104K)->21875K(23104K)
[2026-09-06T17:10:57.141-0400][595.731s][info][gc          ] GC(389) Pause Young (Normal) (G1 Evacuation Pause) 2243M->1940M(2524M) 3.780ms
[2026-09-06T17:10:57.141-0400][595.731s][info][gc,cpu      ] GC(389) User=0.00s Sys=0.00s Real=0.00s
[2026-09-06T17:10:57.174-0400][595.764s][info][gc,start    ] GC(390) Pause Young (Normal) (GCLocker Initiated GC)
[2026-09-06T17:10:57.174-0400][595.765s][info][gc,task     ] GC(390) Using 23 workers of 23 for evacuation
[2026-09-06T17:10:57.177-0400][595.768s][info][gc,phases   ] GC(390)   Pre Evacuate Collection Set: 0.22ms
[2026-09-06T17:10:57.177-0400][595.768s][info][gc,phases   ] GC(390)   Merge Heap Roots: 0.25ms
[2026-09-06T17:10:57.177-0400][595.768s][info][gc,phases   ] GC(390)   Evacuate Collection Set: 2.56ms
[2026-09-06T17:10:57.177-0400][595.768s][info][gc,phases   ] GC(390)   Post Evacuate Collection Set: 0.49ms
[2026-09-06T17:10:57.177-0400][595.768s][info][gc,phases   ] GC(390)   Other: 0.21ms
[2026-09-06T17:10:57.177-0400][595.768s][info][gc,heap     ] GC(390) Eden regions: 153->0(150)
[2026-09-06T17:10:57.177-0400][595.768s][info][gc,heap     ] GC(390) Survivor regions: 12->13(21)
[2026-09-06T17:10:57.177-0400][595.768s][info][gc,heap     ] GC(390) Old regions: 930->930
[2026-09-06T17:10:57.177-0400][595.768s][info][gc,heap     ] GC(390) Archive regions: 0->0
[2026-09-06T17:10:57.177-0400][595.768s][info][gc,heap     ] GC(390) Humongous regions: 29->29
[2026-09-06T17:10:57.177-0400][595.768s][info][gc,metaspace] GC(390) Metaspace: 153788K(156480K)->153788K(156480K) NonClass: 131913K(133376K)->131913K(133376K) Class: 21875K(23104K)->21875K(23104K)
[2026-09-06T17:10:57.177-0400][595.768s][info][gc          ] GC(390) Pause Young (Normal) (GCLocker Initiated GC) 2244M->1943M(2524M) 3.852ms
[2026-09-06T17:10:57.178-0400][595.768s][info][gc,cpu      ] GC(390) User=0.30s Sys=0.00s Real=0.00s
[2026-09-06T17:10:57.231-0400][595.821s][info][gc,start    ] GC(391) Pause Young (Normal) (G1 Evacuation Pause)
[2026-09-06T17:10:57.231-0400][595.821s][info][gc,task     ] GC(391) Using 23 workers of 23 for evacuation
[2026-09-06T17:10:57.235-0400][595.825s][info][gc,phases   ] GC(391)   Pre Evacuate Collection Set: 0.20ms
[2026-09-06T17:10:57.235-0400][595.825s][info][gc,phases   ] GC(391)   Merge Heap Roots: 0.15ms
[2026-09-06T17:10:57.235-0400][595.825s][info][gc,phases   ] GC(391)   Evacuate Collection Set: 2.44ms
[2026-09-06T17:10:57.235-0400][595.825s][info][gc,phases   ] GC(391)   Post Evacuate Collection Set: 0.48ms
[2026-09-06T17:10:57.235-0400][595.825s][info][gc,phases   ] GC(391)   Other: 0.20ms
[2026-09-06T17:10:57.235-0400][595.825s][info][gc,heap     ] GC(391) Eden regions: 150->0(152)
[2026-09-06T17:10:57.235-0400][595.825s][info][gc,heap     ] GC(391) Survivor regions: 13->11(21)
[2026-09-06T17:10:57.235-0400][595.825s][info][gc,heap     ] GC(391) Old regions: 930->932
[2026-09-06T17:10:57.235-0400][595.825s][info][gc,heap     ] GC(391) Archive regions: 0->0
[2026-09-06T17:10:57.235-0400][595.825s][info][gc,heap     ] GC(391) Humongous regions: 29->29
[2026-09-06T17:10:57.235-0400][595.825s][info][gc,metaspace] GC(391) Metaspace: 153788K(156480K)->153788K(156480K) NonClass: 131913K(133376K)->131913K(133376K) Class: 21875K(23104K)->21875K(23104K)
[2026-09-06T17:10:57.235-0400][595.825s][info][gc          ] GC(391) Pause Young (Normal) (G1 Evacuation Pause) 2243M->1943M(2524M) 3.603ms
[2026-09-06T17:10:57.235-0400][595.825s][info][gc,cpu      ] GC(391) User=0.00s Sys=0.00s Real=0.00s
[2026-09-06T17:10:57.407-0400][595.997s][info][gc,start    ] GC(392) Pause Young (Normal) (G1 Evacuation Pause)
[2026-09-06T17:10:57.407-0400][595.997s][info][gc,task     ] GC(392) Using 23 workers of 23 for evacuation
[2026-09-06T17:10:57.410-0400][596.000s][info][gc,phases   ] GC(392)   Pre Evacuate Collection Set: 0.30ms
[2026-09-06T17:10:57.410-0400][596.000s][info][gc,phases   ] GC(392)   Merge Heap Roots: 0.15ms
[2026-09-06T17:10:57.410-0400][596.000s][info][gc,phases   ] GC(392)   Evacuate Collection Set: 1.69ms
[2026-09-06T17:10:57.410-0400][596.000s][info][gc,phases   ] GC(392)   Post Evacuate Collection Set: 0.62ms
[2026-09-06T17:10:57.410-0400][596.000s][info][gc,phases   ] GC(392)   Other: 0.15ms
[2026-09-06T17:10:57.410-0400][596.000s][info][gc,heap     ] GC(392) Eden regions: 152->0(152)
[2026-09-06T17:10:57.410-0400][596.000s][info][gc,heap     ] GC(392) Survivor regions: 11->11(21)
[2026-09-06T17:10:57.410-0400][596.000s][info][gc,heap     ] GC(392) Old regions: 932->932
[2026-09-06T17:10:57.410-0400][596.000s][info][gc,heap     ] GC(392) Archive regions: 0->0
[2026-09-06T17:10:57.410-0400][596.000s][info][gc,heap     ] GC(392) Humongous regions: 29->29
[2026-09-06T17:10:57.410-0400][596.000s][info][gc,metaspace] GC(392) Metaspace: 153789K(156480K)->153789K(156480K) NonClass: 131913K(133376K)->131913K(133376K) Class: 21875K(23104K)->21875K(23104K)
[2026-09-06T17:10:57.410-0400][596.000s][info][gc          ] GC(392) Pause Young (Normal) (G1 Evacuation Pause) 2247M->1942M(2524M) 3.034ms
[2026-09-06T17:10:57.410-0400][596.000s][info][gc,cpu      ] GC(392) User=0.00s Sys=0.00s Real=0.00s
[2026-09-06T17:10:57.639-0400][596.229s][info][gc,start    ] GC(393) Pause Young (Normal) (G1 Evacuation Pause)
[2026-09-06T17:10:57.639-0400][596.229s][info][gc,task     ] GC(393) Using 23 workers of 23 for evacuation
[2026-09-06T17:10:57.642-0400][596.232s][info][gc,phases   ] GC(393)   Pre Evacuate Collection Set: 0.16ms
[2026-09-06T17:10:57.642-0400][596.232s][info][gc,phases   ] GC(393)   Merge Heap Roots: 0.15ms
[2026-09-06T17:10:57.642-0400][596.232s][info][gc,phases   ] GC(393)   Evacuate Collection Set: 2.37ms
[2026-09-06T17:10:57.642-0400][596.232s][info][gc,phases   ] GC(393)   Post Evacuate Collection Set: 0.45ms
[2026-09-06T17:10:57.642-0400][596.233s][info][gc,phases   ] GC(393)   Other: 0.17ms
[2026-09-06T17:10:57.642-0400][596.233s][info][gc,heap     ] GC(393) Eden regions: 152->0(148)
[2026-09-06T17:10:57.642-0400][596.233s][info][gc,heap     ] GC(393) Survivor regions: 11->13(21)
[2026-09-06T17:10:57.642-0400][596.233s][info][gc,heap     ] GC(393) Old regions: 932->932
[2026-09-06T17:10:57.642-0400][596.233s][info][gc,heap     ] GC(393) Archive regions: 0->0
[2026-09-06T17:10:57.642-0400][596.233s][info][gc,heap     ] GC(393) Humongous regions: 29->29
[2026-09-06T17:10:57.642-0400][596.233s][info][gc,metaspace] GC(393) Metaspace: 153789K(156480K)->153789K(156480K) NonClass: 131913K(133376K)->131913K(133376K) Class: 21875K(23104K)->21875K(23104K)
[2026-09-06T17:10:57.642-0400][596.233s][info][gc          ] GC(393) Pause Young (Normal) (G1 Evacuation Pause) 2246M->1946M(2524M) 3.409ms
[2026-09-06T17:10:57.642-0400][596.233s][info][gc,cpu      ] GC(393) User=0.00s Sys=0.00s Real=0.00s
[2026-09-06T17:10:57.701-0400][596.291s][info][gc,start    ] GC(394) Pause Young (Normal) (G1 Evacuation Pause)
[2026-09-06T17:10:57.701-0400][596.291s][info][gc,task     ] GC(394) Using 23 workers of 23 for evacuation
[2026-09-06T17:10:57.704-0400][596.295s][info][gc,phases   ] GC(394)   Pre Evacuate Collection Set: 0.17ms
[2026-09-06T17:10:57.704-0400][596.295s][info][gc,phases   ] GC(394)   Merge Heap Roots: 0.16ms
[2026-09-06T17:10:57.704-0400][596.295s][info][gc,phases   ] GC(394)   Evacuate Collection Set: 2.36ms
[2026-09-06T17:10:57.704-0400][596.295s][info][gc,phases   ] GC(394)   Post Evacuate Collection Set: 0.50ms
[2026-09-06T17:10:57.704-0400][596.295s][info][gc,phases   ] GC(394)   Other: 0.22ms
[2026-09-06T17:10:57.704-0400][596.295s][info][gc,heap     ] GC(394) Eden regions: 148->0(148)
[2026-09-06T17:10:57.704-0400][596.295s][info][gc,heap     ] GC(394) Survivor regions: 13->12(21)
[2026-09-06T17:10:57.704-0400][596.295s][info][gc,heap     ] GC(394) Old regions: 932->934
[2026-09-06T17:10:57.704-0400][596.295s][info][gc,heap     ] GC(394) Archive regions: 0->0
[2026-09-06T17:10:57.704-0400][596.295s][info][gc,heap     ] GC(394) Humongous regions: 29->29
[2026-09-06T17:10:57.704-0400][596.295s][info][gc,metaspace] GC(394) Metaspace: 153789K(156480K)->153789K(156480K) NonClass: 131913K(133376K)->131913K(133376K) Class: 21875K(23104K)->21875K(23104K)
[2026-09-06T17:10:57.704-0400][596.295s][info][gc          ] GC(394) Pause Young (Normal) (G1 Evacuation Pause) 2242M->1947M(2524M) 3.573ms
[2026-09-06T17:10:57.704-0400][596.295s][info][gc,cpu      ] GC(394) User=0.00s Sys=0.00s Real=0.00s
[2026-09-06T17:10:57.921-0400][596.511s][info][gc,start    ] GC(395) Pause Young (Normal) (G1 Evacuation Pause)
[2026-09-06T17:10:57.921-0400][596.512s][info][gc,task     ] GC(395) Using 23 workers of 23 for evacuation
[2026-09-06T17:10:57.924-0400][596.515s][info][gc,phases   ] GC(395)   Pre Evacuate Collection Set: 0.24ms
[2026-09-06T17:10:57.924-0400][596.515s][info][gc,phases   ] GC(395)   Merge Heap Roots: 0.15ms
[2026-09-06T17:10:57.924-0400][596.515s][info][gc,phases   ] GC(395)   Evacuate Collection Set: 1.99ms
[2026-09-06T17:10:57.924-0400][596.515s][info][gc,phases   ] GC(395)   Post Evacuate Collection Set: 0.53ms
[2026-09-06T17:10:57.924-0400][596.515s][info][gc,phases   ] GC(395)   Other: 0.22ms
[2026-09-06T17:10:57.924-0400][596.515s][info][gc,heap     ] GC(395) Eden regions: 148->0(145)
[2026-09-06T17:10:57.924-0400][596.515s][info][gc,heap     ] GC(395) Survivor regions: 12->13(20)
[2026-09-06T17:10:57.924-0400][596.515s][info][gc,heap     ] GC(395) Old regions: 934->935
[2026-09-06T17:10:57.924-0400][596.515s][info][gc,heap     ] GC(395) Archive regions: 0->0
[2026-09-06T17:10:57.924-0400][596.515s][info][gc,heap     ] GC(395) Humongous regions: 29->29
[2026-09-06T17:10:57.924-0400][596.515s][info][gc,metaspace] GC(395) Metaspace: 153791K(156480K)->153791K(156480K) NonClass: 131916K(133376K)->131916K(133376K) Class: 21875K(23104K)->21875K(23104K)
[2026-09-06T17:10:57.924-0400][596.515s][info][gc          ] GC(395) Pause Young (Normal) (G1 Evacuation Pause) 2243M->1950M(2524M) 3.246ms
[2026-09-06T17:10:57.924-0400][596.515s][info][gc,cpu      ] GC(395) User=0.00s Sys=0.00s Real=0.00s
[2026-09-06T17:10:58.070-0400][596.660s][info][gc,start    ] GC(396) Pause Young (Normal) (G1 Evacuation Pause)
[2026-09-06T17:10:58.070-0400][596.660s][info][gc,task     ] GC(396) Using 23 workers of 23 for evacuation
[2026-09-06T17:10:58.073-0400][596.664s][info][gc,phases   ] GC(396)   Pre Evacuate Collection Set: 0.21ms
[2026-09-06T17:10:58.074-0400][596.664s][info][gc,phases   ] GC(396)   Merge Heap Roots: 0.17ms
[2026-09-06T17:10:58.074-0400][596.664s][info][gc,phases   ] GC(396)   Evacuate Collection Set: 2.54ms
[2026-09-06T17:10:58.074-0400][596.664s][info][gc,phases   ] GC(396)   Post Evacuate Collection Set: 0.50ms
[2026-09-06T17:10:58.074-0400][596.664s][info][gc,phases   ] GC(396)   Other: 0.15ms
[2026-09-06T17:10:58.074-0400][596.664s][info][gc,heap     ] GC(396) Eden regions: 145->0(146)
[2026-09-06T17:10:58.074-0400][596.664s][info][gc,heap     ] GC(396) Survivor regions: 13->12(20)
[2026-09-06T17:10:58.074-0400][596.664s][info][gc,heap     ] GC(396) Old regions: 935->936
[2026-09-06T17:10:58.074-0400][596.664s][info][gc,heap     ] GC(396) Archive regions: 0->0
[2026-09-06T17:10:58.074-0400][596.664s][info][gc,heap     ] GC(396) Humongous regions: 29->29
[2026-09-06T17:10:58.074-0400][596.664s][info][gc,metaspace] GC(396) Metaspace: 153791K(156480K)->153791K(156480K) NonClass: 131916K(133376K)->131916K(133376K) Class: 21875K(23104K)->21875K(23104K)
[2026-09-06T17:10:58.074-0400][596.664s][info][gc          ] GC(396) Pause Young (Normal) (G1 Evacuation Pause) 2240M->1951M(2524M) 3.696ms
[2026-09-06T17:10:58.074-0400][596.664s][info][gc,cpu      ] GC(396) User=0.00s Sys=0.00s Real=0.00s
[2026-09-06T17:10:58.112-0400][596.702s][info][gc,start    ] GC(397) Pause Young (Normal) (G1 Evacuation Pause)
[2026-09-06T17:10:58.112-0400][596.702s][info][gc,task     ] GC(397) Using 23 workers of 23 for evacuation
[2026-09-06T17:10:58.115-0400][596.705s][info][gc,phases   ] GC(397)   Pre Evacuate Collection Set: 0.20ms
[2026-09-06T17:10:58.115-0400][596.705s][info][gc,phases   ] GC(397)   Merge Heap Roots: 0.16ms
[2026-09-06T17:10:58.115-0400][596.705s][info][gc,phases   ] GC(397)   Evacuate Collection Set: 2.55ms
[2026-09-06T17:10:58.115-0400][596.705s][info][gc,phases   ] GC(397)   Post Evacuate Collection Set: 0.52ms
[2026-09-06T17:10:58.115-0400][596.705s][info][gc,phases   ] GC(397)   Other: 0.20ms
[2026-09-06T17:10:58.115-0400][596.705s][info][gc,heap     ] GC(397) Eden regions: 146->0(147)
[2026-09-06T17:10:58.115-0400][596.705s][info][gc,heap     ] GC(397) Survivor regions: 12->11(20)
[2026-09-06T17:10:58.115-0400][596.705s][info][gc,heap     ] GC(397) Old regions: 936->937
[2026-09-06T17:10:58.115-0400][596.705s][info][gc,heap     ] GC(397) Archive regions: 0->0
[2026-09-06T17:10:58.115-0400][596.705s][info][gc,heap     ] GC(397) Humongous regions: 29->29
[2026-09-06T17:10:58.115-0400][596.705s][info][gc,metaspace] GC(397) Metaspace: 153791K(156480K)->153791K(156480K) NonClass: 131916K(133376K)->131916K(133376K) Class: 21875K(23104K)->21875K(23104K)
[2026-09-06T17:10:58.115-0400][596.705s][info][gc          ] GC(397) Pause Young (Normal) (G1 Evacuation Pause) 2243M->1952M(2524M) 3.710ms
[2026-09-06T17:10:58.115-0400][596.705s][info][gc,cpu      ] GC(397) User=0.00s Sys=0.00s Real=0.00s
[2026-09-06T17:10:58.234-0400][596.824s][info][gc,start    ] GC(398) Pause Young (Normal) (G1 Evacuation Pause)
[2026-09-06T17:10:58.234-0400][596.824s][info][gc,task     ] GC(398) Using 23 workers of 23 for evacuation
[2026-09-06T17:10:58.236-0400][596.826s][info][gc,phases   ] GC(398)   Pre Evacuate Collection Set: 0.17ms
[2026-09-06T17:10:58.236-0400][596.826s][info][gc,phases   ] GC(398)   Merge Heap Roots: 0.13ms
[2026-09-06T17:10:58.236-0400][596.826s][info][gc,phases   ] GC(398)   Evacuate Collection Set: 1.64ms
[2026-09-06T17:10:58.236-0400][596.826s][info][gc,phases   ] GC(398)   Post Evacuate Collection Set: 0.47ms
[2026-09-06T17:10:58.236-0400][596.826s][info][gc,phases   ] GC(398)   Other: 0.13ms
[2026-09-06T17:10:58.236-0400][596.826s][info][gc,heap     ] GC(398) Eden regions: 147->0(148)
[2026-09-06T17:10:58.236-0400][596.826s][info][gc,heap     ] GC(398) Survivor regions: 11->10(20)
[2026-09-06T17:10:58.236-0400][596.826s][info][gc,heap     ] GC(398) Old regions: 937->938
[2026-09-06T17:10:58.236-0400][596.826s][info][gc,heap     ] GC(398) Archive regions: 0->0
[2026-09-06T17:10:58.236-0400][596.826s][info][gc,heap     ] GC(398) Humongous regions: 29->29
[2026-09-06T17:10:58.236-0400][596.826s][info][gc,metaspace] GC(398) Metaspace: 153791K(156480K)->153791K(156480K) NonClass: 131916K(133376K)->131916K(133376K) Class: 21875K(23104K)->21875K(23104K)
[2026-09-06T17:10:58.236-0400][596.826s][info][gc          ] GC(398) Pause Young (Normal) (G1 Evacuation Pause) 2246M->1953M(2524M) 2.645ms
[2026-09-06T17:10:58.236-0400][596.826s][info][gc,cpu      ] GC(398) User=0.00s Sys=0.00s Real=0.00s
[2026-09-06T17:10:58.473-0400][597.063s][info][gc,start    ] GC(399) Pause Young (Normal) (G1 Evacuation Pause)
[2026-09-06T17:10:58.473-0400][597.063s][info][gc,task     ] GC(399) Using 23 workers of 23 for evacuation
[2026-09-06T17:10:58.476-0400][597.067s][info][gc,phases   ] GC(399)   Pre Evacuate Collection Set: 0.36ms
[2026-09-06T17:10:58.476-0400][597.067s][info][gc,phases   ] GC(399)   Merge Heap Roots: 0.15ms
[2026-09-06T17:10:58.476-0400][597.067s][info][gc,phases   ] GC(399)   Evacuate Collection Set: 1.88ms
[2026-09-06T17:10:58.476-0400][597.067s][info][gc,phases   ] GC(399)   Post Evacuate Collection Set: 0.68ms
[2026-09-06T17:10:58.476-0400][597.067s][info][gc,phases   ] GC(399)   Other: 0.14ms
[2026-09-06T17:10:58.476-0400][597.067s][info][gc,heap     ] GC(399) Eden regions: 148->0(144)
[2026-09-06T17:10:58.476-0400][597.067s][info][gc,heap     ] GC(399) Survivor regions: 10->12(20)
[2026-09-06T17:10:58.476-0400][597.067s][info][gc,heap     ] GC(399) Old regions: 938->938
[2026-09-06T17:10:58.476-0400][597.067s][info][gc,heap     ] GC(399) Archive regions: 0->0
[2026-09-06T17:10:58.476-0400][597.067s][info][gc,heap     ] GC(399) Humongous regions: 29->29
[2026-09-06T17:10:58.476-0400][597.067s][info][gc,metaspace] GC(399) Metaspace: 153791K(156480K)->153791K(156480K) NonClass: 131916K(133376K)->131916K(133376K) Class: 21875K(23104K)->21875K(23104K)
[2026-09-06T17:10:58.476-0400][597.067s][info][gc          ] GC(399) Pause Young (Normal) (G1 Evacuation Pause) 2249M->1956M(2524M) 3.368ms
[2026-09-06T17:10:58.476-0400][597.067s][info][gc,cpu      ] GC(399) User=0.38s Sys=0.00s Real=0.00s
[2026-09-06T17:10:58.530-0400][597.120s][info][gc,start    ] GC(400) Pause Young (Normal) (G1 Evacuation Pause)
[2026-09-06T17:10:58.530-0400][597.120s][info][gc,task     ] GC(400) Using 23 workers of 23 for evacuation
[2026-09-06T17:10:58.532-0400][597.123s][info][gc,phases   ] GC(400)   Pre Evacuate Collection Set: 0.20ms
[2026-09-06T17:10:58.532-0400][597.123s][info][gc,phases   ] GC(400)   Merge Heap Roots: 0.17ms
[2026-09-06T17:10:58.532-0400][597.123s][info][gc,phases   ] GC(400)   Evacuate Collection Set: 2.21ms
[2026-09-06T17:10:58.532-0400][597.123s][info][gc,phases   ] GC(400)   Post Evacuate Collection Set: 0.50ms
[2026-09-06T17:10:58.532-0400][597.123s][info][gc,phases   ] GC(400)   Other: 0.17ms
[2026-09-06T17:10:58.532-0400][597.123s][info][gc,heap     ] GC(400) Eden regions: 144->0(143)
[2026-09-06T17:10:58.532-0400][597.123s][info][gc,heap     ] GC(400) Survivor regions: 12->12(20)
[2026-09-06T17:10:58.532-0400][597.123s][info][gc,heap     ] GC(400) Old regions: 938->939
[2026-09-06T17:10:58.532-0400][597.123s][info][gc,heap     ] GC(400) Archive regions: 0->0
[2026-09-06T17:10:58.532-0400][597.123s][info][gc,heap     ] GC(400) Humongous regions: 29->29
[2026-09-06T17:10:58.533-0400][597.123s][info][gc,metaspace] GC(400) Metaspace: 153791K(156480K)->153791K(156480K) NonClass: 131916K(133376K)->131916K(133376K) Class: 21875K(23104K)->21875K(23104K)
[2026-09-06T17:10:58.533-0400][597.123s][info][gc          ] GC(400) Pause Young (Normal) (G1 Evacuation Pause) 2244M->1958M(2524M) 3.355ms
[2026-09-06T17:10:58.533-0400][597.123s][info][gc,cpu      ] GC(400) User=0.00s Sys=0.00s Real=0.00s
[2026-09-06T17:10:58.621-0400][597.212s][info][gc,start    ] GC(401) Pause Young (Normal) (G1 Evacuation Pause)
[2026-09-06T17:10:58.621-0400][597.212s][info][gc,task     ] GC(401) Using 23 workers of 23 for evacuation
[2026-09-06T17:10:58.624-0400][597.215s][info][gc,phases   ] GC(401)   Pre Evacuate Collection Set: 0.14ms
[2026-09-06T17:10:58.624-0400][597.215s][info][gc,phases   ] GC(401)   Merge Heap Roots: 0.13ms
[2026-09-06T17:10:58.624-0400][597.215s][info][gc,phases   ] GC(401)   Evacuate Collection Set: 1.85ms
[2026-09-06T17:10:58.624-0400][597.215s][info][gc,phases   ] GC(401)   Post Evacuate Collection Set: 0.43ms
[2026-09-06T17:10:58.624-0400][597.215s][info][gc,phases   ] GC(401)   Other: 0.15ms
[2026-09-06T17:10:58.624-0400][597.215s][info][gc,heap     ] GC(401) Eden regions: 143->0(142)
[2026-09-06T17:10:58.624-0400][597.215s][info][gc,heap     ] GC(401) Survivor regions: 12->12(20)
[2026-09-06T17:10:58.624-0400][597.215s][info][gc,heap     ] GC(401) Old regions: 939->940
[2026-09-06T17:10:58.624-0400][597.215s][info][gc,heap     ] GC(401) Archive regions: 0->0
[2026-09-06T17:10:58.624-0400][597.215s][info][gc,heap     ] GC(401) Humongous regions: 29->29
[2026-09-06T17:10:58.624-0400][597.215s][info][gc,metaspace] GC(401) Metaspace: 153791K(156480K)->153791K(156480K) NonClass: 131916K(133376K)->131916K(133376K) Class: 21875K(23104K)->21875K(23104K)
[2026-09-06T17:10:58.624-0400][597.215s][info][gc          ] GC(401) Pause Young (Normal) (G1 Evacuation Pause) 2244M->1959M(2524M) 2.826ms
[2026-09-06T17:10:58.624-0400][597.215s][info][gc,cpu      ] GC(401) User=0.00s Sys=0.00s Real=0.00s
[2026-09-06T17:10:58.898-0400][597.489s][info][gc,start    ] GC(402) Pause Young (Normal) (G1 Evacuation Pause)
[2026-09-06T17:10:58.898-0400][597.489s][info][gc,task     ] GC(402) Using 23 workers of 23 for evacuation
[2026-09-06T17:10:58.901-0400][597.491s][info][gc,phases   ] GC(402)   Pre Evacuate Collection Set: 0.24ms
[2026-09-06T17:10:58.901-0400][597.491s][info][gc,phases   ] GC(402)   Merge Heap Roots: 0.15ms
[2026-09-06T17:10:58.901-0400][597.491s][info][gc,phases   ] GC(402)   Evacuate Collection Set: 1.67ms
[2026-09-06T17:10:58.901-0400][597.491s][info][gc,phases   ] GC(402)   Post Evacuate Collection Set: 0.44ms
[2026-09-06T17:10:58.901-0400][597.491s][info][gc,phases   ] GC(402)   Other: 0.17ms
[2026-09-06T17:10:58.901-0400][597.491s][info][gc,heap     ] GC(402) Eden regions: 142->0(142)
[2026-09-06T17:10:58.901-0400][597.491s][info][gc,heap     ] GC(402) Survivor regions: 12->12(20)
[2026-09-06T17:10:58.901-0400][597.491s][info][gc,heap     ] GC(402) Old regions: 940->940
[2026-09-06T17:10:58.901-0400][597.491s][info][gc,heap     ] GC(402) Archive regions: 0->0
[2026-09-06T17:10:58.901-0400][597.491s][info][gc,heap     ] GC(402) Humongous regions: 29->29
[2026-09-06T17:10:58.901-0400][597.491s][info][gc,metaspace] GC(402) Metaspace: 153799K(156480K)->153799K(156480K) NonClass: 131924K(133376K)->131924K(133376K) Class: 21875K(23104K)->21875K(23104K)
[2026-09-06T17:10:58.901-0400][597.491s][info][gc          ] GC(402) Pause Young (Normal) (G1 Evacuation Pause) 2243M->1960M(2524M) 2.780ms
[2026-09-06T17:10:58.901-0400][597.491s][info][gc,cpu      ] GC(402) User=0.00s Sys=0.00s Real=0.00s
[2026-09-06T17:10:58.979-0400][597.569s][info][gc,start    ] GC(403) Pause Young (Normal) (G1 Evacuation Pause)
[2026-09-06T17:10:58.979-0400][597.569s][info][gc,task     ] GC(403) Using 23 workers of 23 for evacuation
[2026-09-06T17:10:58.982-0400][597.573s][info][gc,phases   ] GC(403)   Pre Evacuate Collection Set: 0.37ms
[2026-09-06T17:10:58.982-0400][597.573s][info][gc,phases   ] GC(403)   Merge Heap Roots: 0.15ms
[2026-09-06T17:10:58.982-0400][597.573s][info][gc,phases   ] GC(403)   Evacuate Collection Set: 2.04ms
[2026-09-06T17:10:58.982-0400][597.573s][info][gc,phases   ] GC(403)   Post Evacuate Collection Set: 0.52ms
[2026-09-06T17:10:58.982-0400][597.573s][info][gc,phases   ] GC(403)   Other: 0.15ms
[2026-09-06T17:10:58.982-0400][597.573s][info][gc,heap     ] GC(403) Eden regions: 142->0(142)
[2026-09-06T17:10:58.982-0400][597.573s][info][gc,heap     ] GC(403) Survivor regions: 12->11(20)
[2026-09-06T17:10:58.982-0400][597.573s][info][gc,heap     ] GC(403) Old regions: 940->942
[2026-09-06T17:10:58.982-0400][597.573s][info][gc,heap     ] GC(403) Archive regions: 0->0
[2026-09-06T17:10:58.982-0400][597.573s][info][gc,heap     ] GC(403) Humongous regions: 29->29
[2026-09-06T17:10:58.982-0400][597.573s][info][gc,metaspace] GC(403) Metaspace: 153799K(156480K)->153799K(156480K) NonClass: 131924K(133376K)->131924K(133376K) Class: 21875K(23104K)->21875K(23104K)
[2026-09-06T17:10:58.982-0400][597.573s][info][gc          ] GC(403) Pause Young (Normal) (G1 Evacuation Pause) 2244M->1962M(2524M) 3.349ms
[2026-09-06T17:10:58.982-0400][597.573s][info][gc,cpu      ] GC(403) User=0.00s Sys=0.00s Real=0.00s
[2026-09-06T17:10:59.172-0400][597.763s][info][gc,start    ] GC(404) Pause Young (Normal) (G1 Evacuation Pause)
[2026-09-06T17:10:59.172-0400][597.763s][info][gc,task     ] GC(404) Using 23 workers of 23 for evacuation
[2026-09-06T17:10:59.175-0400][597.766s][info][gc,phases   ] GC(404)   Pre Evacuate Collection Set: 0.18ms
[2026-09-06T17:10:59.175-0400][597.766s][info][gc,phases   ] GC(404)   Merge Heap Roots: 0.17ms
[2026-09-06T17:10:59.175-0400][597.766s][info][gc,phases   ] GC(404)   Evacuate Collection Set: 2.05ms
[2026-09-06T17:10:59.175-0400][597.766s][info][gc,phases   ] GC(404)   Post Evacuate Collection Set: 0.49ms
[2026-09-06T17:10:59.175-0400][597.766s][info][gc,phases   ] GC(404)   Other: 0.11ms
[2026-09-06T17:10:59.175-0400][597.766s][info][gc,heap     ] GC(404) Eden regions: 142->0(139)
[2026-09-06T17:10:59.175-0400][597.766s][info][gc,heap     ] GC(404) Survivor regions: 11->12(20)
[2026-09-06T17:10:59.176-0400][597.766s][info][gc,heap     ] GC(404) Old regions: 942->943
[2026-09-06T17:10:59.176-0400][597.766s][info][gc,heap     ] GC(404) Archive regions: 0->0
[2026-09-06T17:10:59.176-0400][597.766s][info][gc,heap     ] GC(404) Humongous regions: 29->29
[2026-09-06T17:10:59.176-0400][597.766s][info][gc,metaspace] GC(404) Metaspace: 153799K(156480K)->153799K(156480K) NonClass: 131924K(133376K)->131924K(133376K) Class: 21875K(23104K)->21875K(23104K)
[2026-09-06T17:10:59.176-0400][597.766s][info][gc          ] GC(404) Pause Young (Normal) (G1 Evacuation Pause) 2246M->1965M(2524M) 3.157ms
[2026-09-06T17:10:59.176-0400][597.766s][info][gc,cpu      ] GC(404) User=0.00s Sys=0.00s Real=0.00s
[2026-09-06T17:10:59.231-0400][597.821s][info][gc,start    ] GC(405) Pause Young (Normal) (GCLocker Initiated GC)
[2026-09-06T17:10:59.231-0400][597.821s][info][gc,task     ] GC(405) Using 23 workers of 23 for evacuation
[2026-09-06T17:10:59.233-0400][597.824s][info][gc,phases   ] GC(405)   Pre Evacuate Collection Set: 0.22ms
[2026-09-06T17:10:59.233-0400][597.824s][info][gc,phases   ] GC(405)   Merge Heap Roots: 0.15ms
[2026-09-06T17:10:59.233-0400][597.824s][info][gc,phases   ] GC(405)   Evacuate Collection Set: 2.04ms
[2026-09-06T17:10:59.233-0400][597.824s][info][gc,phases   ] GC(405)   Post Evacuate Collection Set: 0.47ms
[2026-09-06T17:10:59.233-0400][597.824s][info][gc,phases   ] GC(405)   Other: 0.14ms
[2026-09-06T17:10:59.233-0400][597.824s][info][gc,heap     ] GC(405) Eden regions: 139->0(139)
[2026-09-06T17:10:59.233-0400][597.824s][info][gc,heap     ] GC(405) Survivor regions: 12->11(19)
[2026-09-06T17:10:59.233-0400][597.824s][info][gc,heap     ] GC(405) Old regions: 943->944
[2026-09-06T17:10:59.233-0400][597.824s][info][gc,heap     ] GC(405) Archive regions: 0->0
[2026-09-06T17:10:59.233-0400][597.824s][info][gc,heap     ] GC(405) Humongous regions: 29->29
[2026-09-06T17:10:59.233-0400][597.824s][info][gc,metaspace] GC(405) Metaspace: 153799K(156480K)->153799K(156480K) NonClass: 131924K(133376K)->131924K(133376K) Class: 21875K(23104K)->21875K(23104K)
[2026-09-06T17:10:59.233-0400][597.824s][info][gc          ] GC(405) Pause Young (Normal) (GCLocker Initiated GC) 2243M->1966M(2524M) 3.142ms
[2026-09-06T17:10:59.233-0400][597.824s][info][gc,cpu      ] GC(405) User=0.00s Sys=0.00s Real=0.00s
[2026-09-06T17:10:59.313-0400][597.904s][info][gc,start    ] GC(406) Pause Young (Normal) (G1 Evacuation Pause)
[2026-09-06T17:10:59.313-0400][597.904s][info][gc,task     ] GC(406) Using 23 workers of 23 for evacuation
[2026-09-06T17:10:59.316-0400][597.906s][info][gc,phases   ] GC(406)   Pre Evacuate Collection Set: 0.20ms
[2026-09-06T17:10:59.316-0400][597.906s][info][gc,phases   ] GC(406)   Merge Heap Roots: 0.13ms
[2026-09-06T17:10:59.316-0400][597.906s][info][gc,phases   ] GC(406)   Evacuate Collection Set: 1.83ms
[2026-09-06T17:10:59.316-0400][597.906s][info][gc,phases   ] GC(406)   Post Evacuate Collection Set: 0.44ms
[2026-09-06T17:10:59.316-0400][597.906s][info][gc,phases   ] GC(406)   Other: 0.15ms
[2026-09-06T17:10:59.316-0400][597.906s][info][gc,heap     ] GC(406) Eden regions: 139->0(139)
[2026-09-06T17:10:59.316-0400][597.906s][info][gc,heap     ] GC(406) Survivor regions: 11->11(19)
[2026-09-06T17:10:59.316-0400][597.906s][info][gc,heap     ] GC(406) Old regions: 944->945
[2026-09-06T17:10:59.316-0400][597.906s][info][gc,heap     ] GC(406) Archive regions: 0->0
[2026-09-06T17:10:59.316-0400][597.906s][info][gc,heap     ] GC(406) Humongous regions: 29->29
[2026-09-06T17:10:59.316-0400][597.906s][info][gc,metaspace] GC(406) Metaspace: 153799K(156480K)->153799K(156480K) NonClass: 131924K(133376K)->131924K(133376K) Class: 21875K(23104K)->21875K(23104K)
[2026-09-06T17:10:59.316-0400][597.906s][info][gc          ] GC(406) Pause Young (Normal) (G1 Evacuation Pause) 2244M->1968M(2524M) 2.854ms
[2026-09-06T17:10:59.316-0400][597.906s][info][gc,cpu      ] GC(406) User=0.00s Sys=0.00s Real=0.00s
[2026-09-06T17:10:59.500-0400][598.090s][info][gc,start    ] GC(407) Pause Young (Normal) (G1 Evacuation Pause)
[2026-09-06T17:10:59.500-0400][598.090s][info][gc,task     ] GC(407) Using 23 workers of 23 for evacuation
[2026-09-06T17:10:59.502-0400][598.092s][info][gc,phases   ] GC(407)   Pre Evacuate Collection Set: 0.21ms
[2026-09-06T17:10:59.502-0400][598.092s][info][gc,phases   ] GC(407)   Merge Heap Roots: 0.12ms
[2026-09-06T17:10:59.502-0400][598.093s][info][gc,phases   ] GC(407)   Evacuate Collection Set: 1.62ms
[2026-09-06T17:10:59.502-0400][598.093s][info][gc,phases   ] GC(407)   Post Evacuate Collection Set: 0.48ms
[2026-09-06T17:10:59.502-0400][598.093s][info][gc,phases   ] GC(407)   Other: 0.16ms
[2026-09-06T17:10:59.502-0400][598.093s][info][gc,heap     ] GC(407) Eden regions: 139->0(138)
[2026-09-06T17:10:59.502-0400][598.093s][info][gc,heap     ] GC(407) Survivor regions: 11->11(19)
[2026-09-06T17:10:59.502-0400][598.093s][info][gc,heap     ] GC(407) Old regions: 945->946
[2026-09-06T17:10:59.502-0400][598.093s][info][gc,heap     ] GC(407) Archive regions: 0->0
[2026-09-06T17:10:59.502-0400][598.093s][info][gc,heap     ] GC(407) Humongous regions: 29->29
[2026-09-06T17:10:59.502-0400][598.093s][info][gc,metaspace] GC(407) Metaspace: 153801K(156480K)->153801K(156480K) NonClass: 131925K(133376K)->131925K(133376K) Class: 21875K(23104K)->21875K(23104K)
[2026-09-06T17:10:59.502-0400][598.093s][info][gc          ] GC(407) Pause Young (Normal) (G1 Evacuation Pause) 2246M->1968M(2524M) 2.699ms
[2026-09-06T17:10:59.502-0400][598.093s][info][gc,cpu      ] GC(407) User=0.00s Sys=0.00s Real=0.00s
[2026-09-06T17:11:00.278-0400][598.868s][info][gc,start    ] GC(408) Pause Young (Normal) (GCLocker Initiated GC)
[2026-09-06T17:11:00.278-0400][598.868s][info][gc,task     ] GC(408) Using 23 workers of 23 for evacuation
[2026-09-06T17:11:00.281-0400][598.872s][info][gc,phases   ] GC(408)   Pre Evacuate Collection Set: 0.35ms
[2026-09-06T17:11:00.282-0400][598.872s][info][gc,phases   ] GC(408)   Merge Heap Roots: 0.35ms
[2026-09-06T17:11:00.282-0400][598.872s][info][gc,phases   ] GC(408)   Evacuate Collection Set: 1.75ms
[2026-09-06T17:11:00.282-0400][598.872s][info][gc,phases   ] GC(408)   Post Evacuate Collection Set: 0.66ms
[2026-09-06T17:11:00.282-0400][598.872s][info][gc,phases   ] GC(408)   Other: 0.12ms
[2026-09-06T17:11:00.282-0400][598.872s][info][gc,heap     ] GC(408) Eden regions: 139->0(138)
[2026-09-06T17:11:00.282-0400][598.872s][info][gc,heap     ] GC(408) Survivor regions: 11->11(19)
[2026-09-06T17:11:00.282-0400][598.872s][info][gc,heap     ] GC(408) Old regions: 946->946
[2026-09-06T17:11:00.282-0400][598.872s][info][gc,heap     ] GC(408) Archive regions: 0->0
[2026-09-06T17:11:00.282-0400][598.872s][info][gc,heap     ] GC(408) Humongous regions: 29->29
[2026-09-06T17:11:00.282-0400][598.872s][info][gc,metaspace] GC(408) Metaspace: 153817K(156480K)->153817K(156480K) NonClass: 131940K(133376K)->131940K(133376K) Class: 21876K(23104K)->21876K(23104K)
[2026-09-06T17:11:00.282-0400][598.872s][info][gc          ] GC(408) Pause Young (Normal) (GCLocker Initiated GC) 2245M->1970M(2524M) 3.382ms
[2026-09-06T17:11:00.282-0400][598.872s][info][gc,cpu      ] GC(408) User=0.00s Sys=0.00s Real=0.00s
[2026-09-06T17:11:01.820-0400][600.411s][info][gc,start    ] GC(409) Pause Young (Normal) (G1 Evacuation Pause)
[2026-09-06T17:11:01.820-0400][600.411s][info][gc,task     ] GC(409) Using 23 workers of 23 for evacuation
[2026-09-06T17:11:01.823-0400][600.414s][info][gc,phases   ] GC(409)   Pre Evacuate Collection Set: 0.20ms
[2026-09-06T17:11:01.823-0400][600.414s][info][gc,phases   ] GC(409)   Merge Heap Roots: 0.14ms
[2026-09-06T17:11:01.823-0400][600.414s][info][gc,phases   ] GC(409)   Evacuate Collection Set: 1.88ms
[2026-09-06T17:11:01.823-0400][600.414s][info][gc,phases   ] GC(409)   Post Evacuate Collection Set: 0.59ms
[2026-09-06T17:11:01.823-0400][600.414s][info][gc,phases   ] GC(409)   Other: 0.13ms
[2026-09-06T17:11:01.823-0400][600.414s][info][gc,heap     ] GC(409) Eden regions: 138->0(138)
[2026-09-06T17:11:01.823-0400][600.414s][info][gc,heap     ] GC(409) Survivor regions: 11->10(19)
[2026-09-06T17:11:01.823-0400][600.414s][info][gc,heap     ] GC(409) Old regions: 946->947
[2026-09-06T17:11:01.823-0400][600.414s][info][gc,heap     ] GC(409) Archive regions: 0->0
[2026-09-06T17:11:01.823-0400][600.414s][info][gc,heap     ] GC(409) Humongous regions: 30->30
[2026-09-06T17:11:01.823-0400][600.414s][info][gc,metaspace] GC(409) Metaspace: 153882K(156544K)->153882K(156544K) NonClass: 132001K(133440K)->132001K(133440K) Class: 21880K(23104K)->21880K(23104K)
[2026-09-06T17:11:01.823-0400][600.414s][info][gc          ] GC(409) Pause Young (Normal) (G1 Evacuation Pause) 2248M->1972M(2524M) 3.105ms
[2026-09-06T17:11:01.823-0400][600.414s][info][gc,cpu      ] GC(409) User=0.00s Sys=0.00s Real=0.00s
[2026-09-06T17:11:03.624-0400][602.215s][info][gc,start    ] GC(410) Pause Young (Normal) (G1 Evacuation Pause)
[2026-09-06T17:11:03.625-0400][602.215s][info][gc,task     ] GC(410) Using 23 workers of 23 for evacuation
[2026-09-06T17:11:03.627-0400][602.217s][info][gc,phases   ] GC(410)   Pre Evacuate Collection Set: 0.24ms
[2026-09-06T17:11:03.627-0400][602.217s][info][gc,phases   ] GC(410)   Merge Heap Roots: 0.14ms
[2026-09-06T17:11:03.627-0400][602.217s][info][gc,phases   ] GC(410)   Evacuate Collection Set: 1.64ms
[2026-09-06T17:11:03.627-0400][602.217s][info][gc,phases   ] GC(410)   Post Evacuate Collection Set: 0.53ms
[2026-09-06T17:11:03.627-0400][602.217s][info][gc,phases   ] GC(410)   Other: 0.11ms
[2026-09-06T17:11:03.627-0400][602.217s][info][gc,heap     ] GC(410) Eden regions: 138->0(138)
[2026-09-06T17:11:03.627-0400][602.217s][info][gc,heap     ] GC(410) Survivor regions: 10->10(19)
[2026-09-06T17:11:03.627-0400][602.217s][info][gc,heap     ] GC(410) Old regions: 947->947
[2026-09-06T17:11:03.627-0400][602.217s][info][gc,heap     ] GC(410) Archive regions: 0->0
[2026-09-06T17:11:03.627-0400][602.217s][info][gc,heap     ] GC(410) Humongous regions: 30->30
[2026-09-06T17:11:03.627-0400][602.217s][info][gc,metaspace] GC(410) Metaspace: 153888K(156544K)->153888K(156544K) NonClass: 132007K(133440K)->132007K(133440K) Class: 21880K(23104K)->21880K(23104K)
[2026-09-06T17:11:03.627-0400][602.217s][info][gc          ] GC(410) Pause Young (Normal) (G1 Evacuation Pause) 2248M->1972M(2524M) 2.776ms
[2026-09-06T17:11:03.627-0400][602.217s][info][gc,cpu      ] GC(410) User=0.00s Sys=0.00s Real=0.00s
[2026-09-06T17:11:05.324-0400][603.914s][info][gc,start    ] GC(411) Pause Young (Normal) (G1 Evacuation Pause)
[2026-09-06T17:11:05.324-0400][603.914s][info][gc,task     ] GC(411) Using 23 workers of 23 for evacuation
[2026-09-06T17:11:05.327-0400][603.917s][info][gc,phases   ] GC(411)   Pre Evacuate Collection Set: 0.14ms
[2026-09-06T17:11:05.327-0400][603.917s][info][gc,phases   ] GC(411)   Merge Heap Roots: 0.23ms
[2026-09-06T17:11:05.327-0400][603.917s][info][gc,phases   ] GC(411)   Evacuate Collection Set: 1.58ms
[2026-09-06T17:11:05.327-0400][603.917s][info][gc,phases   ] GC(411)   Post Evacuate Collection Set: 0.77ms
[2026-09-06T17:11:05.327-0400][603.917s][info][gc,phases   ] GC(411)   Other: 0.14ms
[2026-09-06T17:11:05.327-0400][603.917s][info][gc,heap     ] GC(411) Eden regions: 138->0(136)
[2026-09-06T17:11:05.327-0400][603.917s][info][gc,heap     ] GC(411) Survivor regions: 10->11(19)
[2026-09-06T17:11:05.327-0400][603.917s][info][gc,heap     ] GC(411) Old regions: 947->947
[2026-09-06T17:11:05.327-0400][603.917s][info][gc,heap     ] GC(411) Archive regions: 0->0
[2026-09-06T17:11:05.327-0400][603.917s][info][gc,heap     ] GC(411) Humongous regions: 30->30
[2026-09-06T17:11:05.327-0400][603.917s][info][gc,metaspace] GC(411) Metaspace: 153904K(156544K)->153904K(156544K) NonClass: 132023K(133440K)->132023K(133440K) Class: 21880K(23104K)->21880K(23104K)
[2026-09-06T17:11:05.327-0400][603.917s][info][gc          ] GC(411) Pause Young (Normal) (G1 Evacuation Pause) 2248M->1972M(2524M) 2.995ms
[2026-09-06T17:11:05.327-0400][603.917s][info][gc,cpu      ] GC(411) User=0.00s Sys=0.00s Real=0.00s
[2026-09-06T17:11:07.270-0400][605.860s][info][gc,start    ] GC(412) Pause Young (Normal) (G1 Evacuation Pause)
[2026-09-06T17:11:07.270-0400][605.860s][info][gc,task     ] GC(412) Using 23 workers of 23 for evacuation
[2026-09-06T17:11:07.272-0400][605.863s][info][gc,phases   ] GC(412)   Pre Evacuate Collection Set: 0.21ms
[2026-09-06T17:11:07.272-0400][605.863s][info][gc,phases   ] GC(412)   Merge Heap Roots: 0.15ms
[2026-09-06T17:11:07.272-0400][605.863s][info][gc,phases   ] GC(412)   Evacuate Collection Set: 1.51ms
[2026-09-06T17:11:07.272-0400][605.863s][info][gc,phases   ] GC(412)   Post Evacuate Collection Set: 0.63ms
[2026-09-06T17:11:07.272-0400][605.863s][info][gc,phases   ] GC(412)   Other: 0.12ms
[2026-09-06T17:11:07.272-0400][605.863s][info][gc,heap     ] GC(412) Eden regions: 136->0(136)
[2026-09-06T17:11:07.272-0400][605.863s][info][gc,heap     ] GC(412) Survivor regions: 11->11(19)
[2026-09-06T17:11:07.272-0400][605.863s][info][gc,heap     ] GC(412) Old regions: 947->947
[2026-09-06T17:11:07.272-0400][605.863s][info][gc,heap     ] GC(412) Archive regions: 0->0
[2026-09-06T17:11:07.272-0400][605.863s][info][gc,heap     ] GC(412) Humongous regions: 30->30
[2026-09-06T17:11:07.272-0400][605.863s][info][gc,metaspace] GC(412) Metaspace: 153905K(156544K)->153905K(156544K) NonClass: 132024K(133440K)->132024K(133440K) Class: 21880K(23104K)->21880K(23104K)
[2026-09-06T17:11:07.273-0400][605.863s][info][gc          ] GC(412) Pause Young (Normal) (G1 Evacuation Pause) 2244M->1972M(2524M) 2.726ms
[2026-09-06T17:11:07.273-0400][605.863s][info][gc,cpu      ] GC(412) User=0.31s Sys=0.02s Real=0.00s
[2026-09-06T17:11:09.176-0400][607.766s][info][gc,start    ] GC(413) Pause Young (Normal) (G1 Evacuation Pause)
[2026-09-06T17:11:09.176-0400][607.766s][info][gc,task     ] GC(413) Using 23 workers of 23 for evacuation
[2026-09-06T17:11:09.178-0400][607.769s][info][gc,phases   ] GC(413)   Pre Evacuate Collection Set: 0.20ms
[2026-09-06T17:11:09.178-0400][607.769s][info][gc,phases   ] GC(413)   Merge Heap Roots: 0.14ms
[2026-09-06T17:11:09.178-0400][607.769s][info][gc,phases   ] GC(413)   Evacuate Collection Set: 1.65ms
[2026-09-06T17:11:09.178-0400][607.769s][info][gc,phases   ] GC(413)   Post Evacuate Collection Set: 0.51ms
[2026-09-06T17:11:09.178-0400][607.769s][info][gc,phases   ] GC(413)   Other: 0.13ms
[2026-09-06T17:11:09.178-0400][607.769s][info][gc,heap     ] GC(413) Eden regions: 136->0(136)
[2026-09-06T17:11:09.178-0400][607.769s][info][gc,heap     ] GC(413) Survivor regions: 11->11(19)
[2026-09-06T17:11:09.178-0400][607.769s][info][gc,heap     ] GC(413) Old regions: 947->947
[2026-09-06T17:11:09.178-0400][607.769s][info][gc,heap     ] GC(413) Archive regions: 0->0
[2026-09-06T17:11:09.178-0400][607.769s][info][gc,heap     ] GC(413) Humongous regions: 30->30
[2026-09-06T17:11:09.178-0400][607.769s][info][gc,metaspace] GC(413) Metaspace: 153917K(156608K)->153917K(156608K) NonClass: 132036K(133504K)->132036K(133504K) Class: 21880K(23104K)->21880K(23104K)
[2026-09-06T17:11:09.178-0400][607.769s][info][gc          ] GC(413) Pause Young (Normal) (G1 Evacuation Pause) 2244M->1972M(2524M) 2.742ms
[2026-09-06T17:11:09.179-0400][607.769s][info][gc,cpu      ] GC(413) User=0.36s Sys=0.00s Real=0.00s
[2026-09-06T17:11:11.224-0400][609.815s][info][gc,start    ] GC(414) Pause Young (Normal) (G1 Evacuation Pause)
[2026-09-06T17:11:11.224-0400][609.815s][info][gc,task     ] GC(414) Using 23 workers of 23 for evacuation
[2026-09-06T17:11:11.228-0400][609.818s][info][gc,phases   ] GC(414)   Pre Evacuate Collection Set: 0.29ms
[2026-09-06T17:11:11.228-0400][609.818s][info][gc,phases   ] GC(414)   Merge Heap Roots: 0.30ms
[2026-09-06T17:11:11.228-0400][609.818s][info][gc,phases   ] GC(414)   Evacuate Collection Set: 1.79ms
[2026-09-06T17:11:11.228-0400][609.818s][info][gc,phases   ] GC(414)   Post Evacuate Collection Set: 0.76ms
[2026-09-06T17:11:11.228-0400][609.818s][info][gc,phases   ] GC(414)   Other: 0.15ms
[2026-09-06T17:11:11.228-0400][609.818s][info][gc,heap     ] GC(414) Eden regions: 136->0(136)
[2026-09-06T17:11:11.228-0400][609.818s][info][gc,heap     ] GC(414) Survivor regions: 11->11(19)
[2026-09-06T17:11:11.228-0400][609.818s][info][gc,heap     ] GC(414) Old regions: 947->947
[2026-09-06T17:11:11.228-0400][609.818s][info][gc,heap     ] GC(414) Archive regions: 0->0
[2026-09-06T17:11:11.228-0400][609.818s][info][gc,heap     ] GC(414) Humongous regions: 30->30
[2026-09-06T17:11:11.228-0400][609.818s][info][gc,metaspace] GC(414) Metaspace: 153935K(156608K)->153935K(156608K) NonClass: 132053K(133504K)->132053K(133504K) Class: 21881K(23104K)->21881K(23104K)
[2026-09-06T17:11:11.228-0400][609.818s][info][gc          ] GC(414) Pause Young (Normal) (G1 Evacuation Pause) 2244M->1973M(2524M) 3.447ms
[2026-09-06T17:11:11.228-0400][609.818s][info][gc,cpu      ] GC(414) User=0.00s Sys=0.00s Real=0.00s
[2026-09-06T17:11:11.601-0400][610.191s][info][gc,start    ] GC(415) Pause Young (Normal) (G1 Evacuation Pause)
[2026-09-06T17:11:11.601-0400][610.191s][info][gc,task     ] GC(415) Using 23 workers of 23 for evacuation
[2026-09-06T17:11:11.623-0400][610.213s][info][gc,phases   ] GC(415)   Pre Evacuate Collection Set: 0.17ms
[2026-09-06T17:11:11.623-0400][610.213s][info][gc,phases   ] GC(415)   Merge Heap Roots: 0.16ms
[2026-09-06T17:11:11.623-0400][610.213s][info][gc,phases   ] GC(415)   Evacuate Collection Set: 21.08ms
[2026-09-06T17:11:11.623-0400][610.213s][info][gc,phases   ] GC(415)   Post Evacuate Collection Set: 1.00ms
[2026-09-06T17:11:11.623-0400][610.213s][info][gc,phases   ] GC(415)   Other: 0.13ms
[2026-09-06T17:11:11.623-0400][610.213s][info][gc,heap     ] GC(415) Eden regions: 136->0(83)
[2026-09-06T17:11:11.623-0400][610.213s][info][gc,heap     ] GC(415) Survivor regions: 11->19(19)
[2026-09-06T17:11:11.623-0400][610.213s][info][gc,heap     ] GC(415) Old regions: 947->972
[2026-09-06T17:11:11.623-0400][610.213s][info][gc,heap     ] GC(415) Archive regions: 0->0
[2026-09-06T17:11:11.623-0400][610.213s][info][gc,heap     ] GC(415) Humongous regions: 30->30
[2026-09-06T17:11:11.623-0400][610.214s][info][gc,metaspace] GC(415) Metaspace: 153963K(156608K)->153963K(156608K) NonClass: 132078K(133504K)->132078K(133504K) Class: 21884K(23104K)->21884K(23104K)
[2026-09-06T17:11:11.623-0400][610.214s][info][gc          ] GC(415) Pause Young (Normal) (G1 Evacuation Pause) 2245M->2041M(2524M) 22.654ms
[2026-09-06T17:11:11.623-0400][610.214s][info][gc,cpu      ] GC(415) User=0.31s Sys=0.03s Real=0.02s
[2026-09-06T17:11:11.698-0400][610.289s][info][gc,start    ] GC(416) Pause Young (Normal) (G1 Evacuation Pause)
[2026-09-06T17:11:11.698-0400][610.289s][info][gc,task     ] GC(416) Using 23 workers of 23 for evacuation
[2026-09-06T17:11:11.707-0400][610.298s][info][gc,phases   ] GC(416)   Pre Evacuate Collection Set: 0.19ms
[2026-09-06T17:11:11.707-0400][610.298s][info][gc,phases   ] GC(416)   Merge Heap Roots: 0.18ms
[2026-09-06T17:11:11.707-0400][610.298s][info][gc,phases   ] GC(416)   Evacuate Collection Set: 8.03ms
[2026-09-06T17:11:11.707-0400][610.298s][info][gc,phases   ] GC(416)   Post Evacuate Collection Set: 0.60ms
[2026-09-06T17:11:11.707-0400][610.298s][info][gc,phases   ] GC(416)   Other: 0.14ms
[2026-09-06T17:11:11.707-0400][610.298s][info][gc,heap     ] GC(416) Eden regions: 83->0(50)
[2026-09-06T17:11:11.707-0400][610.298s][info][gc,heap     ] GC(416) Survivor regions: 19->13(13)
[2026-09-06T17:11:11.707-0400][610.298s][info][gc,heap     ] GC(416) Old regions: 972->1011
[2026-09-06T17:11:11.707-0400][610.298s][info][gc,heap     ] GC(416) Archive regions: 0->0
[2026-09-06T17:11:11.707-0400][610.298s][info][gc,heap     ] GC(416) Humongous regions: 30->30
[2026-09-06T17:11:11.707-0400][610.298s][info][gc,metaspace] GC(416) Metaspace: 153963K(156608K)->153963K(156608K) NonClass: 132078K(133504K)->132078K(133504K) Class: 21884K(23104K)->21884K(23104K)
[2026-09-06T17:11:11.707-0400][610.298s][info][gc          ] GC(416) Pause Young (Normal) (G1 Evacuation Pause) 2207M->2106M(2524M) 9.269ms
[2026-09-06T17:11:11.707-0400][610.298s][info][gc,cpu      ] GC(416) User=0.00s Sys=0.00s Real=0.01s
[2026-09-06T17:11:11.765-0400][610.355s][info][gc,start    ] GC(417) Pause Young (Normal) (G1 Evacuation Pause)
[2026-09-06T17:11:11.765-0400][610.355s][info][gc,task     ] GC(417) Using 23 workers of 23 for evacuation
[2026-09-06T17:11:11.768-0400][610.358s][info][gc,phases   ] GC(417)   Pre Evacuate Collection Set: 0.13ms
[2026-09-06T17:11:11.768-0400][610.358s][info][gc,phases   ] GC(417)   Merge Heap Roots: 0.12ms
[2026-09-06T17:11:11.768-0400][610.358s][info][gc,phases   ] GC(417)   Evacuate Collection Set: 2.75ms
[2026-09-06T17:11:11.768-0400][610.358s][info][gc,phases   ] GC(417)   Post Evacuate Collection Set: 0.45ms
[2026-09-06T17:11:11.768-0400][610.358s][info][gc,phases   ] GC(417)   Other: 0.12ms
[2026-09-06T17:11:11.768-0400][610.358s][info][gc,heap     ] GC(417) Eden regions: 50->0(55)
[2026-09-06T17:11:11.768-0400][610.358s][info][gc,heap     ] GC(417) Survivor regions: 13->8(8)
[2026-09-06T17:11:11.768-0400][610.358s][info][gc,heap     ] GC(417) Old regions: 1011->1027
[2026-09-06T17:11:11.768-0400][610.358s][info][gc,heap     ] GC(417) Archive regions: 0->0
[2026-09-06T17:11:11.768-0400][610.358s][info][gc,heap     ] GC(417) Humongous regions: 30->30
[2026-09-06T17:11:11.768-0400][610.358s][info][gc,metaspace] GC(417) Metaspace: 153963K(156608K)->153963K(156608K) NonClass: 132078K(133504K)->132078K(133504K) Class: 21884K(23104K)->21884K(23104K)
[2026-09-06T17:11:11.768-0400][610.358s][info][gc          ] GC(417) Pause Young (Normal) (G1 Evacuation Pause) 2206M->2129M(2524M) 3.707ms
[2026-09-06T17:11:11.768-0400][610.358s][info][gc,cpu      ] GC(417) User=0.00s Sys=0.00s Real=0.00s
[2026-09-06T17:11:11.831-0400][610.421s][info][gc,start    ] GC(418) Pause Young (Concurrent Start) (G1 Evacuation Pause)
[2026-09-06T17:11:11.831-0400][610.422s][info][gc,task     ] GC(418) Using 23 workers of 23 for evacuation
[2026-09-06T17:11:11.834-0400][610.424s][info][gc,phases   ] GC(418)   Pre Evacuate Collection Set: 0.38ms
[2026-09-06T17:11:11.834-0400][610.424s][info][gc,phases   ] GC(418)   Merge Heap Roots: 0.08ms
[2026-09-06T17:11:11.834-0400][610.424s][info][gc,phases   ] GC(418)   Evacuate Collection Set: 1.91ms
[2026-09-06T17:11:11.834-0400][610.424s][info][gc,phases   ] GC(418)   Post Evacuate Collection Set: 0.36ms
[2026-09-06T17:11:11.834-0400][610.424s][info][gc,phases   ] GC(418)   Other: 0.17ms
[2026-09-06T17:11:11.834-0400][610.424s][info][gc,heap     ] GC(418) Eden regions: 55->0(58)
[2026-09-06T17:11:11.834-0400][610.424s][info][gc,heap     ] GC(418) Survivor regions: 8->5(8)
[2026-09-06T17:11:11.834-0400][610.424s][info][gc,heap     ] GC(418) Old regions: 1027->1036
[2026-09-06T17:11:11.834-0400][610.424s][info][gc,heap     ] GC(418) Archive regions: 0->0
[2026-09-06T17:11:11.834-0400][610.424s][info][gc,heap     ] GC(418) Humongous regions: 30->30
[2026-09-06T17:11:11.834-0400][610.424s][info][gc,metaspace] GC(418) Metaspace: 153963K(156608K)->153963K(156608K) NonClass: 132078K(133504K)->132078K(133504K) Class: 21884K(23104K)->21884K(23104K)
[2026-09-06T17:11:11.834-0400][610.425s][info][gc          ] GC(418) Pause Young (Concurrent Start) (G1 Evacuation Pause) 2239M->2141M(2524M) 3.025ms
[2026-09-06T17:11:11.834-0400][610.425s][info][gc,cpu      ] GC(418) User=0.16s Sys=0.00s Real=0.00s
[2026-09-06T17:11:11.834-0400][610.425s][info][gc          ] GC(419) Concurrent Mark Cycle
[2026-09-06T17:11:11.834-0400][610.425s][info][gc,marking  ] GC(419) Concurrent Clear Claimed Marks
[2026-09-06T17:11:11.834-0400][610.425s][info][gc,marking  ] GC(419) Concurrent Clear Claimed Marks 0.132ms
[2026-09-06T17:11:11.834-0400][610.425s][info][gc,marking  ] GC(419) Concurrent Scan Root Regions
[2026-09-06T17:11:11.835-0400][610.426s][info][gc,marking  ] GC(419) Concurrent Scan Root Regions 1.093ms
[2026-09-06T17:11:11.835-0400][610.426s][info][gc,marking  ] GC(419) Concurrent Mark
[2026-09-06T17:11:11.835-0400][610.426s][info][gc,marking  ] GC(419) Concurrent Mark From Roots
[2026-09-06T17:11:11.835-0400][610.426s][info][gc,task     ] GC(419) Using 6 workers of 6 for marking
[2026-09-06T17:11:11.940-0400][610.531s][info][gc,start    ] GC(420) Pause Young (Normal) (G1 Evacuation Pause)
[2026-09-06T17:11:11.941-0400][610.531s][info][gc,task     ] GC(420) Using 23 workers of 23 for evacuation
[2026-09-06T17:11:11.943-0400][610.533s][info][gc,phases   ] GC(420)   Pre Evacuate Collection Set: 0.17ms
[2026-09-06T17:11:11.943-0400][610.534s][info][gc,phases   ] GC(420)   Merge Heap Roots: 0.13ms
[2026-09-06T17:11:11.943-0400][610.534s][info][gc,phases   ] GC(420)   Evacuate Collection Set: 1.61ms
[2026-09-06T17:11:11.943-0400][610.534s][info][gc,phases   ] GC(420)   Post Evacuate Collection Set: 0.55ms
[2026-09-06T17:11:11.943-0400][610.534s][info][gc,phases   ] GC(420)   Other: 0.18ms
[2026-09-06T17:11:11.943-0400][610.534s][info][gc,heap     ] GC(420) Eden regions: 58->0(55)
[2026-09-06T17:11:11.943-0400][610.534s][info][gc,heap     ] GC(420) Survivor regions: 5->8(8)
[2026-09-06T17:11:11.943-0400][610.534s][info][gc,heap     ] GC(420) Old regions: 1036->1037
[2026-09-06T17:11:11.943-0400][610.534s][info][gc,heap     ] GC(420) Archive regions: 0->0
[2026-09-06T17:11:11.943-0400][610.534s][info][gc,heap     ] GC(420) Humongous regions: 30->30
[2026-09-06T17:11:11.943-0400][610.534s][info][gc,metaspace] GC(420) Metaspace: 153963K(156608K)->153963K(156608K) NonClass: 132078K(133504K)->132078K(133504K) Class: 21884K(23104K)->21884K(23104K)
[2026-09-06T17:11:11.943-0400][610.534s][info][gc          ] GC(420) Pause Young (Normal) (G1 Evacuation Pause) 2257M->2149M(2524M) 2.856ms
[2026-09-06T17:11:11.943-0400][610.534s][info][gc,cpu      ] GC(420) User=0.00s Sys=0.00s Real=0.00s
[2026-09-06T17:11:11.967-0400][610.557s][info][gc,marking  ] GC(419) Concurrent Mark From Roots 131.412ms
[2026-09-06T17:11:11.967-0400][610.557s][info][gc,marking  ] GC(419) Concurrent Preclean
[2026-09-06T17:11:11.967-0400][610.558s][info][gc,marking  ] GC(419) Concurrent Preclean 0.426ms
[2026-09-06T17:11:11.967-0400][610.558s][info][gc,start    ] GC(419) Pause Remark
[2026-09-06T17:11:11.978-0400][610.569s][info][gc          ] GC(419) Pause Remark 2177M->2097M(3498M) 10.748ms
[2026-09-06T17:11:11.978-0400][610.569s][info][gc,cpu      ] GC(419) User=0.11s Sys=0.00s Real=0.01s
[2026-09-06T17:11:11.978-0400][610.569s][info][gc,marking  ] GC(419) Concurrent Mark 142.844ms
[2026-09-06T17:11:11.978-0400][610.569s][info][gc,marking  ] GC(419) Concurrent Rebuild Remembered Sets
[2026-09-06T17:11:12.065-0400][610.655s][info][gc,marking  ] GC(419) Concurrent Rebuild Remembered Sets 86.456ms
[2026-09-06T17:11:12.065-0400][610.655s][info][gc,start    ] GC(419) Pause Cleanup
[2026-09-06T17:11:12.066-0400][610.656s][info][gc          ] GC(419) Pause Cleanup 2150M->2150M(3498M) 0.537ms
[2026-09-06T17:11:12.066-0400][610.656s][info][gc,cpu      ] GC(419) User=0.00s Sys=0.00s Real=0.00s
[2026-09-06T17:11:12.066-0400][610.656s][info][gc,marking  ] GC(419) Concurrent Cleanup for Next Mark
[2026-09-06T17:11:12.073-0400][610.663s][info][gc,marking  ] GC(419) Concurrent Cleanup for Next Mark 7.188ms
[2026-09-06T17:11:12.073-0400][610.663s][info][gc          ] GC(419) Concurrent Mark Cycle 238.725ms
[2026-09-06T17:11:12.123-0400][610.713s][info][gc,start    ] GC(421) Pause Young (Prepare Mixed) (G1 Evacuation Pause)
[2026-09-06T17:11:12.123-0400][610.713s][info][gc,task     ] GC(421) Using 23 workers of 23 for evacuation
[2026-09-06T17:11:12.128-0400][610.718s][info][gc,phases   ] GC(421)   Pre Evacuate Collection Set: 0.28ms
[2026-09-06T17:11:12.128-0400][610.718s][info][gc,phases   ] GC(421)   Merge Heap Roots: 0.18ms
[2026-09-06T17:11:12.128-0400][610.718s][info][gc,phases   ] GC(421)   Evacuate Collection Set: 3.98ms
[2026-09-06T17:11:12.128-0400][610.718s][info][gc,phases   ] GC(421)   Post Evacuate Collection Set: 0.42ms
[2026-09-06T17:11:12.128-0400][610.718s][info][gc,phases   ] GC(421)   Other: 0.11ms
[2026-09-06T17:11:12.128-0400][610.718s][info][gc,heap     ] GC(421) Eden regions: 55->0(79)
[2026-09-06T17:11:12.128-0400][610.718s][info][gc,heap     ] GC(421) Survivor regions: 8->8(8)
[2026-09-06T17:11:12.128-0400][610.718s][info][gc,heap     ] GC(421) Old regions: 1002->1007
[2026-09-06T17:11:12.128-0400][610.718s][info][gc,heap     ] GC(421) Archive regions: 0->0
[2026-09-06T17:11:12.128-0400][610.718s][info][gc,heap     ] GC(421) Humongous regions: 26->26
[2026-09-06T17:11:12.128-0400][610.718s][info][gc,metaspace] GC(421) Metaspace: 153985K(156608K)->153985K(156608K) NonClass: 132096K(133504K)->132096K(133504K) Class: 21888K(23104K)->21888K(23104K)
[2026-09-06T17:11:12.128-0400][610.718s][info][gc          ] GC(421) Pause Young (Prepare Mixed) (G1 Evacuation Pause) 2181M->2080M(3498M) 5.096ms
[2026-09-06T17:11:12.128-0400][610.718s][info][gc,cpu      ] GC(421) User=0.00s Sys=0.00s Real=0.01s
[2026-09-06T17:11:12.172-0400][610.762s][info][gc,start    ] GC(422) Pause Young (Mixed) (G1 Evacuation Pause)
[2026-09-06T17:11:12.172-0400][610.762s][info][gc,task     ] GC(422) Using 23 workers of 23 for evacuation
[2026-09-06T17:11:12.177-0400][610.767s][info][gc,phases   ] GC(422)   Pre Evacuate Collection Set: 0.29ms
[2026-09-06T17:11:12.177-0400][610.768s][info][gc,phases   ] GC(422)   Merge Heap Roots: 0.18ms
[2026-09-06T17:11:12.177-0400][610.768s][info][gc,phases   ] GC(422)   Evacuate Collection Set: 4.15ms
[2026-09-06T17:11:12.177-0400][610.768s][info][gc,phases   ] GC(422)   Post Evacuate Collection Set: 0.59ms
[2026-09-06T17:11:12.177-0400][610.768s][info][gc,phases   ] GC(422)   Other: 0.13ms
[2026-09-06T17:11:12.177-0400][610.768s][info][gc,heap     ] GC(422) Eden regions: 79->0(78)
[2026-09-06T17:11:12.177-0400][610.768s][info][gc,heap     ] GC(422) Survivor regions: 8->9(11)
[2026-09-06T17:11:12.177-0400][610.768s][info][gc,heap     ] GC(422) Old regions: 1007->839
[2026-09-06T17:11:12.177-0400][610.768s][info][gc,heap     ] GC(422) Archive regions: 0->0
[2026-09-06T17:11:12.177-0400][610.768s][info][gc,heap     ] GC(422) Humongous regions: 26->26
[2026-09-06T17:11:12.177-0400][610.768s][info][gc,metaspace] GC(422) Metaspace: 153985K(156608K)->153985K(156608K) NonClass: 132096K(133504K)->132096K(133504K) Class: 21888K(23104K)->21888K(23104K)
[2026-09-06T17:11:12.177-0400][610.768s][info][gc          ] GC(422) Pause Young (Mixed) (G1 Evacuation Pause) 2238M->1745M(3498M) 5.498ms
[2026-09-06T17:11:12.177-0400][610.768s][info][gc,cpu      ] GC(422) User=0.00s Sys=0.00s Real=0.01s
[2026-09-06T17:11:12.212-0400][610.802s][info][gc,start    ] GC(423) Pause Young (Mixed) (G1 Evacuation Pause)
[2026-09-06T17:11:12.212-0400][610.802s][info][gc,task     ] GC(423) Using 23 workers of 23 for evacuation
[2026-09-06T17:11:12.219-0400][610.809s][info][gc,phases   ] GC(423)   Pre Evacuate Collection Set: 0.27ms
[2026-09-06T17:11:12.219-0400][610.809s][info][gc,phases   ] GC(423)   Merge Heap Roots: 0.19ms
[2026-09-06T17:11:12.219-0400][610.809s][info][gc,phases   ] GC(423)   Evacuate Collection Set: 5.57ms
[2026-09-06T17:11:12.219-0400][610.809s][info][gc,phases   ] GC(423)   Post Evacuate Collection Set: 0.58ms
[2026-09-06T17:11:12.219-0400][610.809s][info][gc,phases   ] GC(423)   Other: 0.14ms
[2026-09-06T17:11:12.219-0400][610.809s][info][gc,heap     ] GC(423) Eden regions: 78->0(76)
[2026-09-06T17:11:12.219-0400][610.809s][info][gc,heap     ] GC(423) Survivor regions: 9->11(11)
[2026-09-06T17:11:12.219-0400][610.809s][info][gc,heap     ] GC(423) Old regions: 839->685
[2026-09-06T17:11:12.219-0400][610.809s][info][gc,heap     ] GC(423) Archive regions: 0->0
[2026-09-06T17:11:12.219-0400][610.809s][info][gc,heap     ] GC(423) Humongous regions: 26->26
[2026-09-06T17:11:12.219-0400][610.809s][info][gc,metaspace] GC(423) Metaspace: 153985K(156608K)->153985K(156608K) NonClass: 132096K(133504K)->132096K(133504K) Class: 21888K(23104K)->21888K(23104K)
[2026-09-06T17:11:12.219-0400][610.809s][info][gc          ] GC(423) Pause Young (Mixed) (G1 Evacuation Pause) 1900M->1441M(3498M) 6.841ms
[2026-09-06T17:11:12.219-0400][610.809s][info][gc,cpu      ] GC(423) User=0.00s Sys=0.00s Real=0.01s
[2026-09-06T17:11:12.255-0400][610.845s][info][gc,start    ] GC(424) Pause Young (Mixed) (GCLocker Initiated GC)
[2026-09-06T17:11:12.255-0400][610.845s][info][gc,task     ] GC(424) Using 23 workers of 23 for evacuation
[2026-09-06T17:11:12.269-0400][610.859s][info][gc,phases   ] GC(424)   Pre Evacuate Collection Set: 0.41ms
[2026-09-06T17:11:12.269-0400][610.859s][info][gc,phases   ] GC(424)   Merge Heap Roots: 0.29ms
[2026-09-06T17:11:12.269-0400][610.859s][info][gc,phases   ] GC(424)   Evacuate Collection Set: 11.71ms
[2026-09-06T17:11:12.269-0400][610.859s][info][gc,phases   ] GC(424)   Post Evacuate Collection Set: 1.29ms
[2026-09-06T17:11:12.269-0400][610.859s][info][gc,phases   ] GC(424)   Other: 0.12ms
[2026-09-06T17:11:12.269-0400][610.859s][info][gc,heap     ] GC(424) Eden regions: 77->0(696)
[2026-09-06T17:11:12.269-0400][610.859s][info][gc,heap     ] GC(424) Survivor regions: 11->7(11)
[2026-09-06T17:11:12.269-0400][610.859s][info][gc,heap     ] GC(424) Old regions: 685->577
[2026-09-06T17:11:12.269-0400][610.859s][info][gc,heap     ] GC(424) Archive regions: 0->0
[2026-09-06T17:11:12.269-0400][610.859s][info][gc,heap     ] GC(424) Humongous regions: 26->26
[2026-09-06T17:11:12.269-0400][610.859s][info][gc,metaspace] GC(424) Metaspace: 153985K(156608K)->153985K(156608K) NonClass: 132096K(133504K)->132096K(133504K) Class: 21888K(23104K)->21888K(23104K)
[2026-09-06T17:11:12.269-0400][610.859s][info][gc          ] GC(424) Pause Young (Mixed) (GCLocker Initiated GC) 1594M->1218M(3554M) 13.952ms
[2026-09-06T17:11:12.269-0400][610.859s][info][gc,cpu      ] GC(424) User=0.00s Sys=0.02s Real=0.01s
[2026-09-06T17:11:12.699-0400][611.290s][info][gc,start    ] GC(425) Pause Young (Normal) (GCLocker Initiated GC)
[2026-09-06T17:11:12.699-0400][611.290s][info][gc,task     ] GC(425) Using 23 workers of 23 for evacuation
[2026-09-06T17:11:12.710-0400][611.300s][info][gc,phases   ] GC(425)   Pre Evacuate Collection Set: 0.22ms
[2026-09-06T17:11:12.710-0400][611.300s][info][gc,phases   ] GC(425)   Merge Heap Roots: 0.24ms
[2026-09-06T17:11:12.710-0400][611.300s][info][gc,phases   ] GC(425)   Evacuate Collection Set: 9.68ms
[2026-09-06T17:11:12.710-0400][611.300s][info][gc,phases   ] GC(425)   Post Evacuate Collection Set: 0.60ms
[2026-09-06T17:11:12.710-0400][611.300s][info][gc,phases   ] GC(425)   Other: 0.15ms
[2026-09-06T17:11:12.710-0400][611.300s][info][gc,heap     ] GC(425) Eden regions: 696->0(723)
[2026-09-06T17:11:12.710-0400][611.300s][info][gc,heap     ] GC(425) Survivor regions: 7->36(88)
[2026-09-06T17:11:12.710-0400][611.300s][info][gc,heap     ] GC(425) Old regions: 577->577
[2026-09-06T17:11:12.710-0400][611.300s][info][gc,heap     ] GC(425) Archive regions: 0->0
[2026-09-06T17:11:12.710-0400][611.300s][info][gc,heap     ] GC(425) Humongous regions: 26->26
[2026-09-06T17:11:12.710-0400][611.301s][info][gc,metaspace] GC(425) Metaspace: 153994K(156672K)->153994K(156672K) NonClass: 132105K(133568K)->132105K(133568K) Class: 21888K(23104K)->21888K(23104K)
[2026-09-06T17:11:12.710-0400][611.301s][info][gc          ] GC(425) Pause Young (Normal) (GCLocker Initiated GC) 2610M->1276M(3554M) 11.000ms
[2026-09-06T17:11:12.710-0400][611.301s][info][gc,cpu      ] GC(425) User=0.33s Sys=0.03s Real=0.01s
[2026-09-06T17:11:13.311-0400][611.901s][info][gc,start    ] GC(426) Pause Young (Normal) (G1 Evacuation Pause)
[2026-09-06T17:11:13.311-0400][611.901s][info][gc,task     ] GC(426) Using 23 workers of 23 for evacuation
[2026-09-06T17:11:13.328-0400][611.918s][info][gc,phases   ] GC(426)   Pre Evacuate Collection Set: 0.27ms
[2026-09-06T17:11:13.328-0400][611.918s][info][gc,phases   ] GC(426)   Merge Heap Roots: 0.39ms
[2026-09-06T17:11:13.328-0400][611.918s][info][gc,phases   ] GC(426)   Evacuate Collection Set: 15.36ms
[2026-09-06T17:11:13.328-0400][611.918s][info][gc,phases   ] GC(426)   Post Evacuate Collection Set: 0.88ms
[2026-09-06T17:11:13.328-0400][611.918s][info][gc,phases   ] GC(426)   Other: 0.15ms
[2026-09-06T17:11:13.328-0400][611.918s][info][gc,heap     ] GC(426) Eden regions: 723->0(704)
[2026-09-06T17:11:13.328-0400][611.918s][info][gc,heap     ] GC(426) Survivor regions: 36->70(95)
[2026-09-06T17:11:13.328-0400][611.918s][info][gc,heap     ] GC(426) Old regions: 577->577
[2026-09-06T17:11:13.328-0400][611.918s][info][gc,heap     ] GC(426) Archive regions: 0->0
[2026-09-06T17:11:13.328-0400][611.919s][info][gc,heap     ] GC(426) Humongous regions: 29->28
[2026-09-06T17:11:13.328-0400][611.919s][info][gc,metaspace] GC(426) Metaspace: 154003K(156672K)->154003K(156672K) NonClass: 132114K(133568K)->132114K(133568K) Class: 21888K(23104K)->21888K(23104K)
[2026-09-06T17:11:13.328-0400][611.919s][info][gc          ] GC(426) Pause Young (Normal) (G1 Evacuation Pause) 2728M->1346M(3554M) 17.214ms
[2026-09-06T17:11:13.328-0400][611.919s][info][gc,cpu      ] GC(426) User=0.34s Sys=0.02s Real=0.02s
[2026-09-06T17:11:18.375-0400][616.964s][info][gc,start    ] GC(427) Pause Young (Normal) (G1 Evacuation Pause)
[2026-09-06T17:11:18.375-0400][616.964s][info][gc,task     ] GC(427) Using 23 workers of 23 for evacuation
[2026-09-06T17:11:18.382-0400][616.973s][info][gc,phases   ] GC(427)   Pre Evacuate Collection Set: 0.19ms
[2026-09-06T17:11:18.382-0400][616.973s][info][gc,phases   ] GC(427)   Merge Heap Roots: 0.26ms
[2026-09-06T17:11:18.382-0400][616.973s][info][gc,phases   ] GC(427)   Evacuate Collection Set: 7.01ms
[2026-09-06T17:11:18.382-0400][616.973s][info][gc,phases   ] GC(427)   Post Evacuate Collection Set: 0.95ms
[2026-09-06T17:11:18.382-0400][616.973s][info][gc,phases   ] GC(427)   Other: 0.15ms
[2026-09-06T17:11:18.382-0400][616.973s][info][gc,heap     ] GC(427) Eden regions: 704->0(740)
[2026-09-06T17:11:18.382-0400][616.973s][info][gc,heap     ] GC(427) Survivor regions: 70->23(97)
[2026-09-06T17:11:18.382-0400][616.973s][info][gc,heap     ] GC(427) Old regions: 577->614
[2026-09-06T17:11:18.382-0400][616.973s][info][gc,heap     ] GC(427) Archive regions: 0->0
[2026-09-06T17:11:18.382-0400][616.973s][info][gc,heap     ] GC(427) Humongous regions: 28->28
[2026-09-06T17:11:18.382-0400][616.973s][info][gc,metaspace] GC(427) Metaspace: 154037K(156736K)->154037K(156736K) NonClass: 132145K(133568K)->132145K(133568K) Class: 21891K(23168K)->21891K(23168K)
[2026-09-06T17:11:18.382-0400][616.973s][info][gc          ] GC(427) Pause Young (Normal) (G1 Evacuation Pause) 2754M->1328M(3554M) 8.678ms
[2026-09-06T17:11:18.382-0400][616.973s][info][gc,cpu      ] GC(427) User=0.33s Sys=0.03s Real=0.01s
[2026-09-06T17:11:19.006-0400][617.596s][info][gc,start    ] GC(428) Pause Young (Normal) (G1 Evacuation Pause)
[2026-09-06T17:11:19.006-0400][617.596s][info][gc,task     ] GC(428) Using 23 workers of 23 for evacuation
[2026-09-06T17:11:19.017-0400][617.606s][info][gc,phases   ] GC(428)   Pre Evacuate Collection Set: 0.19ms
[2026-09-06T17:11:19.017-0400][617.606s][info][gc,phases   ] GC(428)   Merge Heap Roots: 0.23ms
[2026-09-06T17:11:19.017-0400][617.606s][info][gc,phases   ] GC(428)   Evacuate Collection Set: 8.81ms
[2026-09-06T17:11:19.017-0400][617.606s][info][gc,phases   ] GC(428)   Post Evacuate Collection Set: 0.58ms
[2026-09-06T17:11:19.017-0400][617.606s][info][gc,phases   ] GC(428)   Other: 0.25ms
[2026-09-06T17:11:19.017-0400][617.606s][info][gc,heap     ] GC(428) Eden regions: 740->0(735)
[2026-09-06T17:11:19.017-0400][617.606s][info][gc,heap     ] GC(428) Survivor regions: 23->46(96)
[2026-09-06T17:11:19.017-0400][617.606s][info][gc,heap     ] GC(428) Old regions: 614->614
[2026-09-06T17:11:19.017-0400][617.606s][info][gc,heap     ] GC(428) Archive regions: 0->0
[2026-09-06T17:11:19.017-0400][617.606s][info][gc,heap     ] GC(428) Humongous regions: 29->29
[2026-09-06T17:11:19.017-0400][617.606s][info][gc,metaspace] GC(428) Metaspace: 154041K(156736K)->154041K(156736K) NonClass: 132149K(133568K)->132149K(133568K) Class: 21891K(23168K)->21891K(23168K)
[2026-09-06T17:11:19.017-0400][617.606s][info][gc          ] GC(428) Pause Young (Normal) (G1 Evacuation Pause) 2810M->1375M(3554M) 10.165ms
[2026-09-06T17:11:19.017-0400][617.606s][info][gc,cpu      ] GC(428) User=0.00s Sys=0.00s Real=0.01s
[2026-09-06T17:11:19.363-0400][617.953s][info][gc,start    ] GC(429) Pause Young (Normal) (G1 Evacuation Pause)
[2026-09-06T17:11:19.363-0400][617.953s][info][gc,task     ] GC(429) Using 23 workers of 23 for evacuation
[2026-09-06T17:11:19.375-0400][617.965s][info][gc,phases   ] GC(429)   Pre Evacuate Collection Set: 0.24ms
[2026-09-06T17:11:19.375-0400][617.965s][info][gc,phases   ] GC(429)   Merge Heap Roots: 0.26ms
[2026-09-06T17:11:19.375-0400][617.965s][info][gc,phases   ] GC(429)   Evacuate Collection Set: 10.48ms
[2026-09-06T17:11:19.375-0400][617.965s][info][gc,phases   ] GC(429)   Post Evacuate Collection Set: 0.79ms
[2026-09-06T17:11:19.375-0400][617.965s][info][gc,phases   ] GC(429)   Other: 0.17ms
[2026-09-06T17:11:19.375-0400][617.965s][info][gc,heap     ] GC(429) Eden regions: 735->0(740)
[2026-09-06T17:11:19.375-0400][617.965s][info][gc,heap     ] GC(429) Survivor regions: 46->61(98)
[2026-09-06T17:11:19.375-0400][617.965s][info][gc,heap     ] GC(429) Old regions: 614->614
[2026-09-06T17:11:19.375-0400][617.965s][info][gc,heap     ] GC(429) Archive regions: 0->0
[2026-09-06T17:11:19.375-0400][617.965s][info][gc,heap     ] GC(429) Humongous regions: 29->29
[2026-09-06T17:11:19.375-0400][617.965s][info][gc,metaspace] GC(429) Metaspace: 154045K(156736K)->154045K(156736K) NonClass: 132153K(133568K)->132153K(133568K) Class: 21891K(23168K)->21891K(23168K)
[2026-09-06T17:11:19.375-0400][617.965s][info][gc          ] GC(429) Pause Young (Normal) (G1 Evacuation Pause) 2845M->1407M(3554M) 12.058ms
[2026-09-06T17:11:19.375-0400][617.965s][info][gc,cpu      ] GC(429) User=0.34s Sys=0.00s Real=0.01s
[2026-09-06T17:11:20.147-0400][618.738s][info][gc,start    ] GC(430) Pause Young (Normal) (G1 Evacuation Pause)
[2026-09-06T17:11:20.147-0400][618.738s][info][gc,task     ] GC(430) Using 23 workers of 23 for evacuation
[2026-09-06T17:11:20.155-0400][618.745s][info][gc,phases   ] GC(430)   Pre Evacuate Collection Set: 0.30ms
[2026-09-06T17:11:20.155-0400][618.745s][info][gc,phases   ] GC(430)   Merge Heap Roots: 0.27ms
[2026-09-06T17:11:20.155-0400][618.745s][info][gc,phases   ] GC(430)   Evacuate Collection Set: 5.74ms
[2026-09-06T17:11:20.155-0400][618.745s][info][gc,phases   ] GC(430)   Post Evacuate Collection Set: 0.67ms
[2026-09-06T17:11:20.155-0400][618.745s][info][gc,phases   ] GC(430)   Other: 0.17ms
[2026-09-06T17:11:20.155-0400][618.745s][info][gc,heap     ] GC(430) Eden regions: 740->0(781)
[2026-09-06T17:11:20.155-0400][618.745s][info][gc,heap     ] GC(430) Survivor regions: 61->39(101)
[2026-09-06T17:11:20.155-0400][618.745s][info][gc,heap     ] GC(430) Old regions: 614->621
[2026-09-06T17:11:20.155-0400][618.745s][info][gc,heap     ] GC(430) Archive regions: 0->0
[2026-09-06T17:11:20.155-0400][618.745s][info][gc,heap     ] GC(430) Humongous regions: 29->29
[2026-09-06T17:11:20.155-0400][618.745s][info][gc,metaspace] GC(430) Metaspace: 154073K(156800K)->154073K(156800K) NonClass: 132180K(133632K)->132180K(133632K) Class: 21892K(23168K)->21892K(23168K)
[2026-09-06T17:11:20.155-0400][618.745s][info][gc          ] GC(430) Pause Young (Normal) (G1 Evacuation Pause) 2887M->1377M(3554M) 7.236ms
[2026-09-06T17:11:20.155-0400][618.745s][info][gc,cpu      ] GC(430) User=0.00s Sys=0.00s Real=0.01s
[2026-09-06T17:11:25.835-0400][624.425s][info][gc,start    ] GC(431) Pause Young (Normal) (G1 Evacuation Pause)
[2026-09-06T17:11:25.835-0400][624.425s][info][gc,task     ] GC(431) Using 23 workers of 23 for evacuation
[2026-09-06T17:11:25.841-0400][624.432s][info][gc,phases   ] GC(431)   Pre Evacuate Collection Set: 0.27ms
[2026-09-06T17:11:25.843-0400][624.432s][info][gc,phases   ] GC(431)   Merge Heap Roots: 0.25ms
[2026-09-06T17:11:25.843-0400][624.432s][info][gc,phases   ] GC(431)   Evacuate Collection Set: 5.53ms
[2026-09-06T17:11:25.843-0400][624.432s][info][gc,phases   ] GC(431)   Post Evacuate Collection Set: 0.85ms
[2026-09-06T17:11:25.843-0400][624.432s][info][gc,phases   ] GC(431)   Other: 0.25ms
[2026-09-06T17:11:25.843-0400][624.432s][info][gc,heap     ] GC(431) Eden regions: 781->0(800)
[2026-09-06T17:11:25.843-0400][624.432s][info][gc,heap     ] GC(431) Survivor regions: 39->41(103)
[2026-09-06T17:11:25.843-0400][624.432s][info][gc,heap     ] GC(431) Old regions: 621->621
[2026-09-06T17:11:25.843-0400][624.432s][info][gc,heap     ] GC(431) Archive regions: 0->0
[2026-09-06T17:11:25.843-0400][624.432s][info][gc,heap     ] GC(431) Humongous regions: 30->29
[2026-09-06T17:11:25.843-0400][624.432s][info][gc,metaspace] GC(431) Metaspace: 154099K(156800K)->154099K(156800K) NonClass: 132205K(133632K)->132205K(133632K) Class: 21894K(23168K)->21894K(23168K)
[2026-09-06T17:11:25.843-0400][624.432s][info][gc          ] GC(431) Pause Young (Normal) (G1 Evacuation Pause) 2941M->1380M(3554M) 7.278ms
[2026-09-06T17:11:25.843-0400][624.432s][info][gc,cpu      ] GC(431) User=0.00s Sys=0.00s Real=0.01s
[2026-09-06T17:11:26.444-0400][625.034s][info][gc,start    ] GC(432) Pause Young (Normal) (G1 Evacuation Pause)
[2026-09-06T17:11:26.444-0400][625.034s][info][gc,task     ] GC(432) Using 23 workers of 23 for evacuation
[2026-09-06T17:11:26.451-0400][625.041s][info][gc,phases   ] GC(432)   Pre Evacuate Collection Set: 0.25ms
[2026-09-06T17:11:26.451-0400][625.041s][info][gc,phases   ] GC(432)   Merge Heap Roots: 0.28ms
[2026-09-06T17:11:26.451-0400][625.041s][info][gc,phases   ] GC(432)   Evacuate Collection Set: 5.81ms
[2026-09-06T17:11:26.451-0400][625.041s][info][gc,phases   ] GC(432)   Post Evacuate Collection Set: 0.77ms
[2026-09-06T17:11:26.451-0400][625.041s][info][gc,phases   ] GC(432)   Other: 0.19ms
[2026-09-06T17:11:26.451-0400][625.041s][info][gc,heap     ] GC(432) Eden regions: 800->0(816)
[2026-09-06T17:11:26.451-0400][625.041s][info][gc,heap     ] GC(432) Survivor regions: 41->42(106)
[2026-09-06T17:11:26.451-0400][625.041s][info][gc,heap     ] GC(432) Old regions: 621->621
[2026-09-06T17:11:26.451-0400][625.041s][info][gc,heap     ] GC(432) Archive regions: 0->0
[2026-09-06T17:11:26.451-0400][625.041s][info][gc,heap     ] GC(432) Humongous regions: 29->29
[2026-09-06T17:11:26.451-0400][625.041s][info][gc,metaspace] GC(432) Metaspace: 154127K(156800K)->154127K(156800K) NonClass: 132230K(133632K)->132230K(133632K) Class: 21896K(23168K)->21896K(23168K)
[2026-09-06T17:11:26.451-0400][625.041s][info][gc          ] GC(432) Pause Young (Normal) (G1 Evacuation Pause) 2980M->1383M(3554M) 7.427ms
[2026-09-06T17:11:26.451-0400][625.041s][info][gc,cpu      ] GC(432) User=0.00s Sys=0.00s Real=0.01s
[2026-09-06T17:11:27.069-0400][625.659s][info][gc,start    ] GC(433) Pause Young (Normal) (G1 Evacuation Pause)
[2026-09-06T17:11:27.069-0400][625.659s][info][gc,task     ] GC(433) Using 23 workers of 23 for evacuation
[2026-09-06T17:11:27.078-0400][625.668s][info][gc,phases   ] GC(433)   Pre Evacuate Collection Set: 0.22ms
[2026-09-06T17:11:27.078-0400][625.668s][info][gc,phases   ] GC(433)   Merge Heap Roots: 0.25ms
[2026-09-06T17:11:27.078-0400][625.668s][info][gc,phases   ] GC(433)   Evacuate Collection Set: 7.30ms
[2026-09-06T17:11:27.078-0400][625.668s][info][gc,phases   ] GC(433)   Post Evacuate Collection Set: 0.76ms
[2026-09-06T17:11:27.078-0400][625.668s][info][gc,phases   ] GC(433)   Other: 0.18ms
[2026-09-06T17:11:27.078-0400][625.668s][info][gc,heap     ] GC(433) Eden regions: 816->0(822)
[2026-09-06T17:11:27.078-0400][625.668s][info][gc,heap     ] GC(433) Survivor regions: 42->49(108)
[2026-09-06T17:11:27.078-0400][625.668s][info][gc,heap     ] GC(433) Old regions: 621->621
[2026-09-06T17:11:27.078-0400][625.668s][info][gc,heap     ] GC(433) Archive regions: 0->0
[2026-09-06T17:11:27.078-0400][625.668s][info][gc,heap     ] GC(433) Humongous regions: 29->29
[2026-09-06T17:11:27.078-0400][625.668s][info][gc,metaspace] GC(433) Metaspace: 154134K(156800K)->154134K(156800K) NonClass: 132237K(133632K)->132237K(133632K) Class: 21896K(23168K)->21896K(23168K)
[2026-09-06T17:11:27.078-0400][625.668s][info][gc          ] GC(433) Pause Young (Normal) (G1 Evacuation Pause) 3015M->1397M(3554M) 8.849ms
[2026-09-06T17:11:27.078-0400][625.668s][info][gc,cpu      ] GC(433) User=0.00s Sys=0.00s Real=0.01s
[2026-09-06T17:11:27.729-0400][626.318s][info][gc,start    ] GC(434) Pause Young (Normal) (G1 Evacuation Pause)
[2026-09-06T17:11:27.729-0400][626.318s][info][gc,task     ] GC(434) Using 23 workers of 23 for evacuation
[2026-09-06T17:11:27.736-0400][626.327s][info][gc,phases   ] GC(434)   Pre Evacuate Collection Set: 0.22ms
[2026-09-06T17:11:27.737-0400][626.327s][info][gc,phases   ] GC(434)   Merge Heap Roots: 0.23ms
[2026-09-06T17:11:27.737-0400][626.327s][info][gc,phases   ] GC(434)   Evacuate Collection Set: 7.15ms
[2026-09-06T17:11:27.737-0400][626.327s][info][gc,phases   ] GC(434)   Post Evacuate Collection Set: 0.70ms
[2026-09-06T17:11:27.737-0400][626.327s][info][gc,phases   ] GC(434)   Other: 0.18ms
[2026-09-06T17:11:27.737-0400][626.327s][info][gc,heap     ] GC(434) Eden regions: 822->0(827)
[2026-09-06T17:11:27.737-0400][626.327s][info][gc,heap     ] GC(434) Survivor regions: 49->54(109)
[2026-09-06T17:11:27.737-0400][626.327s][info][gc,heap     ] GC(434) Old regions: 621->621
[2026-09-06T17:11:27.737-0400][626.327s][info][gc,heap     ] GC(434) Archive regions: 0->0
[2026-09-06T17:11:27.737-0400][626.327s][info][gc,heap     ] GC(434) Humongous regions: 29->29
[2026-09-06T17:11:27.737-0400][626.327s][info][gc,metaspace] GC(434) Metaspace: 154140K(156864K)->154140K(156864K) NonClass: 132243K(133696K)->132243K(133696K) Class: 21896K(23168K)->21896K(23168K)
[2026-09-06T17:11:27.737-0400][626.327s][info][gc          ] GC(434) Pause Young (Normal) (G1 Evacuation Pause) 3041M->1407M(3554M) 8.723ms
[2026-09-06T17:11:27.737-0400][626.327s][info][gc,cpu      ] GC(434) User=0.00s Sys=0.00s Real=0.01s
[2026-09-06T17:11:28.428-0400][627.018s][info][gc,start    ] GC(435) Pause Young (Normal) (G1 Evacuation Pause)
[2026-09-06T17:11:28.428-0400][627.018s][info][gc,task     ] GC(435) Using 23 workers of 23 for evacuation
[2026-09-06T17:11:28.437-0400][627.028s][info][gc,phases   ] GC(435)   Pre Evacuate Collection Set: 0.24ms
[2026-09-06T17:11:28.437-0400][627.028s][info][gc,phases   ] GC(435)   Merge Heap Roots: 0.27ms
[2026-09-06T17:11:28.437-0400][627.028s][info][gc,phases   ] GC(435)   Evacuate Collection Set: 7.90ms
[2026-09-06T17:11:28.437-0400][627.028s][info][gc,phases   ] GC(435)   Post Evacuate Collection Set: 0.78ms
[2026-09-06T17:11:28.437-0400][627.028s][info][gc,phases   ] GC(435)   Other: 0.19ms
[2026-09-06T17:11:28.437-0400][627.028s][info][gc,heap     ] GC(435) Eden regions: 827->0(829)
[2026-09-06T17:11:28.437-0400][627.028s][info][gc,heap     ] GC(435) Survivor regions: 54->60(111)
[2026-09-06T17:11:28.437-0400][627.028s][info][gc,heap     ] GC(435) Old regions: 621->621
[2026-09-06T17:11:28.437-0400][627.028s][info][gc,heap     ] GC(435) Archive regions: 0->0
[2026-09-06T17:11:28.437-0400][627.028s][info][gc,heap     ] GC(435) Humongous regions: 29->29
[2026-09-06T17:11:28.437-0400][627.028s][info][gc,metaspace] GC(435) Metaspace: 154144K(156864K)->154144K(156864K) NonClass: 132246K(133696K)->132246K(133696K) Class: 21897K(23168K)->21897K(23168K)
[2026-09-06T17:11:28.437-0400][627.028s][info][gc          ] GC(435) Pause Young (Normal) (G1 Evacuation Pause) 3061M->1418M(3554M) 9.504ms
[2026-09-06T17:11:28.437-0400][627.028s][info][gc,cpu      ] GC(435) User=0.00s Sys=0.00s Real=0.01s
[2026-09-06T17:11:29.223-0400][627.814s][info][gc,start    ] GC(436) Pause Young (Normal) (G1 Evacuation Pause)
[2026-09-06T17:11:29.223-0400][627.814s][info][gc,task     ] GC(436) Using 23 workers of 23 for evacuation
[2026-09-06T17:11:29.234-0400][627.824s][info][gc,phases   ] GC(436)   Pre Evacuate Collection Set: 0.21ms
[2026-09-06T17:11:29.234-0400][627.824s][info][gc,phases   ] GC(436)   Merge Heap Roots: 0.24ms
[2026-09-06T17:11:29.234-0400][627.824s][info][gc,phases   ] GC(436)   Evacuate Collection Set: 8.73ms
[2026-09-06T17:11:29.234-0400][627.824s][info][gc,phases   ] GC(436)   Post Evacuate Collection Set: 0.75ms
[2026-09-06T17:11:29.234-0400][627.824s][info][gc,phases   ] GC(436)   Other: 0.20ms
[2026-09-06T17:11:29.234-0400][627.824s][info][gc,heap     ] GC(436) Eden regions: 829->0(815)
[2026-09-06T17:11:29.234-0400][627.824s][info][gc,heap     ] GC(436) Survivor regions: 60->67(112)
[2026-09-06T17:11:29.234-0400][627.824s][info][gc,heap     ] GC(436) Old regions: 621->621
[2026-09-06T17:11:29.234-0400][627.824s][info][gc,heap     ] GC(436) Archive regions: 0->0
[2026-09-06T17:11:29.234-0400][627.824s][info][gc,heap     ] GC(436) Humongous regions: 29->29
[2026-09-06T17:11:29.234-0400][627.824s][info][gc,metaspace] GC(436) Metaspace: 154150K(156864K)->154150K(156864K) NonClass: 132251K(133696K)->132251K(133696K) Class: 21899K(23168K)->21899K(23168K)
[2026-09-06T17:11:29.234-0400][627.824s][info][gc          ] GC(436) Pause Young (Normal) (G1 Evacuation Pause) 3076M->1433M(3554M) 10.241ms
[2026-09-06T17:11:29.234-0400][627.824s][info][gc,cpu      ] GC(436) User=0.33s Sys=0.03s Real=0.01s
[2026-09-06T17:11:29.878-0400][628.468s][info][gc,start    ] GC(437) Pause Young (Normal) (GCLocker Initiated GC)
[2026-09-06T17:11:29.878-0400][628.468s][info][gc,task     ] GC(437) Using 23 workers of 23 for evacuation
[2026-09-06T17:11:29.891-0400][628.481s][info][gc,phases   ] GC(437)   Pre Evacuate Collection Set: 0.26ms
[2026-09-06T17:11:29.891-0400][628.481s][info][gc,phases   ] GC(437)   Merge Heap Roots: 0.26ms
[2026-09-06T17:11:29.891-0400][628.481s][info][gc,phases   ] GC(437)   Evacuate Collection Set: 11.60ms
[2026-09-06T17:11:29.891-0400][628.481s][info][gc,phases   ] GC(437)   Post Evacuate Collection Set: 0.63ms
[2026-09-06T17:11:29.891-0400][628.481s][info][gc,phases   ] GC(437)   Other: 0.20ms
[2026-09-06T17:11:29.891-0400][628.481s][info][gc,heap     ] GC(437) Eden regions: 816->0(823)
[2026-09-06T17:11:29.891-0400][628.481s][info][gc,heap     ] GC(437) Survivor regions: 67->54(111)
[2026-09-06T17:11:29.891-0400][628.481s][info][gc,heap     ] GC(437) Old regions: 621->639
[2026-09-06T17:11:29.891-0400][628.481s][info][gc,heap     ] GC(437) Archive regions: 0->0
[2026-09-06T17:11:29.891-0400][628.481s][info][gc,heap     ] GC(437) Humongous regions: 29->29
[2026-09-06T17:11:29.891-0400][628.481s][info][gc,metaspace] GC(437) Metaspace: 154151K(156864K)->154151K(156864K) NonClass: 132252K(133696K)->132252K(133696K) Class: 21899K(23168K)->21899K(23168K)
[2026-09-06T17:11:29.891-0400][628.481s][info][gc          ] GC(437) Pause Young (Normal) (GCLocker Initiated GC) 3064M->1441M(3554M) 13.168ms
[2026-09-06T17:11:29.891-0400][628.481s][info][gc,cpu      ] GC(437) User=0.34s Sys=0.03s Real=0.01s
