[2026-09-05T11:11:04.502-0400][0.009s][info][gc] Using G1
[2026-09-05T11:11:04.505-0400][0.011s][info][gc,init] Version: 17.0.18+8 (release)
[2026-09-05T11:11:04.505-0400][0.011s][info][gc,init] CPUs: 32 total, 32 available
[2026-09-05T11:11:04.505-0400][0.011s][info][gc,init] Memory: 32456M
[2026-09-05T11:11:04.505-0400][0.011s][info][gc,init] Large Page Support: Disabled
[2026-09-05T11:11:04.505-0400][0.011s][info][gc,init] NUMA Support: Disabled
[2026-09-05T11:11:04.505-0400][0.012s][info][gc,init] Compressed Oops: Enabled (Zero based)
[2026-09-05T11:11:04.505-0400][0.012s][info][gc,init] Heap Region Size: 2M
[2026-09-05T11:11:04.505-0400][0.012s][info][gc,init] Heap Min Capacity: 1G
[2026-09-05T11:11:04.505-0400][0.012s][info][gc,init] Heap Initial Capacity: 1G
[2026-09-05T11:11:04.506-0400][0.012s][info][gc,init] Heap Max Capacity: 4G
[2026-09-05T11:11:04.506-0400][0.012s][info][gc,init] Pre-touch: Disabled
[2026-09-05T11:11:04.506-0400][0.012s][info][gc,init] Parallel Workers: 23
[2026-09-05T11:11:04.506-0400][0.012s][info][gc,init] Concurrent Workers: 6
[2026-09-05T11:11:04.506-0400][0.012s][info][gc,init] Concurrent Refinement Workers: 23
[2026-09-05T11:11:04.506-0400][0.012s][info][gc,init] Periodic GC: Disabled
[2026-09-05T11:11:04.512-0400][0.019s][info][gc,metaspace] CDS archive(s) mapped at: [0x00000181d2000000-0x00000181d2bb0000-0x00000181d2bb0000), size 12255232, SharedBaseAddress: 0x00000181d2000000, ArchiveRelocationMode: 1.
[2026-09-05T11:11:04.512-0400][0.019s][info][gc,metaspace] Compressed class space mapped at: 0x00000181d3000000-0x0000018213000000, reserved size: 1073741824
[2026-09-05T11:11:04.512-0400][0.019s][info][gc,metaspace] Narrow klass base: 0x00000181d2000000, Narrow klass shift: 0, Narrow klass range: 0x100000000
[2026-09-05T11:11:05.316-0400][0.824s][info][gc,start    ] GC(0) Pause Young (Normal) (G1 Evacuation Pause)
[2026-09-05T11:11:05.319-0400][0.826s][info][gc,task     ] GC(0) Using 23 workers of 23 for evacuation
[2026-09-05T11:11:05.322-0400][0.830s][info][gc,phases   ] GC(0)   Pre Evacuate Collection Set: 0.10ms
[2026-09-05T11:11:05.322-0400][0.830s][info][gc,phases   ] GC(0)   Merge Heap Roots: 0.10ms
[2026-09-05T11:11:05.322-0400][0.830s][info][gc,phases   ] GC(0)   Evacuate Collection Set: 2.89ms
[2026-09-05T11:11:05.322-0400][0.830s][info][gc,phases   ] GC(0)   Post Evacuate Collection Set: 0.51ms
[2026-09-05T11:11:05.322-0400][0.830s][info][gc,phases   ] GC(0)   Other: 2.22ms
[2026-09-05T11:11:05.322-0400][0.830s][info][gc,heap     ] GC(0) Eden regions: 25->0(21)
[2026-09-05T11:11:05.322-0400][0.830s][info][gc,heap     ] GC(0) Survivor regions: 0->4(4)
[2026-09-05T11:11:05.322-0400][0.830s][info][gc,heap     ] GC(0) Old regions: 0->1
[2026-09-05T11:11:05.322-0400][0.830s][info][gc,heap     ] GC(0) Archive regions: 0->0
[2026-09-05T11:11:05.322-0400][0.830s][info][gc,heap     ] GC(0) Humongous regions: 4->2
[2026-09-05T11:11:05.322-0400][0.830s][info][gc,metaspace] GC(0) Metaspace: 4949K(5184K)->4949K(5184K) NonClass: 4469K(4608K)->4469K(4608K) Class: 479K(576K)->479K(576K)
[2026-09-05T11:11:05.322-0400][0.830s][info][gc          ] GC(0) Pause Young (Normal) (G1 Evacuation Pause) 58M->13M(1024M) 5.967ms
[2026-09-05T11:11:05.322-0400][0.830s][info][gc,cpu      ] GC(0) User=0.00s Sys=0.00s Real=0.01s
[2026-09-05T11:11:05.506-0400][1.013s][info][gc,start    ] GC(1) Pause Young (Normal) (G1 Evacuation Pause)
[2026-09-05T11:11:05.507-0400][1.013s][info][gc,task     ] GC(1) Using 23 workers of 23 for evacuation
[2026-09-05T11:11:05.509-0400][1.016s][info][gc,phases   ] GC(1)   Pre Evacuate Collection Set: 0.10ms
[2026-09-05T11:11:05.509-0400][1.016s][info][gc,phases   ] GC(1)   Merge Heap Roots: 0.10ms
[2026-09-05T11:11:05.509-0400][1.016s][info][gc,phases   ] GC(1)   Evacuate Collection Set: 1.94ms
[2026-09-05T11:11:05.509-0400][1.016s][info][gc,phases   ] GC(1)   Post Evacuate Collection Set: 0.38ms
[2026-09-05T11:11:05.509-0400][1.016s][info][gc,phases   ] GC(1)   Other: 0.12ms
[2026-09-05T11:11:05.509-0400][1.016s][info][gc,heap     ] GC(1) Eden regions: 21->0(33)
[2026-09-05T11:11:05.509-0400][1.016s][info][gc,heap     ] GC(1) Survivor regions: 4->3(4)
[2026-09-05T11:11:05.509-0400][1.016s][info][gc,heap     ] GC(1) Old regions: 1->5
[2026-09-05T11:11:05.509-0400][1.016s][info][gc,heap     ] GC(1) Archive regions: 0->0
[2026-09-05T11:11:05.509-0400][1.016s][info][gc,heap     ] GC(1) Humongous regions: 3->3
[2026-09-05T11:11:05.509-0400][1.016s][info][gc,metaspace] GC(1) Metaspace: 4997K(5184K)->4997K(5184K) NonClass: 4517K(4608K)->4517K(4608K) Class: 479K(576K)->479K(576K)
[2026-09-05T11:11:05.509-0400][1.016s][info][gc          ] GC(1) Pause Young (Normal) (G1 Evacuation Pause) 57M->21M(1024M) 2.888ms
[2026-09-05T11:11:05.509-0400][1.016s][info][gc,cpu      ] GC(1) User=0.00s Sys=0.00s Real=0.00s
[2026-09-05T11:11:05.761-0400][1.268s][info][gc,start    ] GC(2) Pause Young (Normal) (G1 Evacuation Pause)
[2026-09-05T11:11:05.761-0400][1.268s][info][gc,task     ] GC(2) Using 23 workers of 23 for evacuation
[2026-09-05T11:11:05.764-0400][1.270s][info][gc,phases   ] GC(2)   Pre Evacuate Collection Set: 0.12ms
[2026-09-05T11:11:05.764-0400][1.270s][info][gc,phases   ] GC(2)   Merge Heap Roots: 0.07ms
[2026-09-05T11:11:05.764-0400][1.270s][info][gc,phases   ] GC(2)   Evacuate Collection Set: 1.70ms
[2026-09-05T11:11:05.764-0400][1.270s][info][gc,phases   ] GC(2)   Post Evacuate Collection Set: 0.24ms
[2026-09-05T11:11:05.764-0400][1.270s][info][gc,phases   ] GC(2)   Other: 0.09ms
[2026-09-05T11:11:05.764-0400][1.270s][info][gc,heap     ] GC(2) Eden regions: 33->0(306)
[2026-09-05T11:11:05.764-0400][1.270s][info][gc,heap     ] GC(2) Survivor regions: 3->1(5)
[2026-09-05T11:11:05.764-0400][1.270s][info][gc,heap     ] GC(2) Old regions: 5->8
[2026-09-05T11:11:05.764-0400][1.270s][info][gc,heap     ] GC(2) Archive regions: 0->0
[2026-09-05T11:11:05.764-0400][1.270s][info][gc,heap     ] GC(2) Humongous regions: 3->3
[2026-09-05T11:11:05.764-0400][1.270s][info][gc,metaspace] GC(2) Metaspace: 5055K(5248K)->5055K(5248K) NonClass: 4575K(4672K)->4575K(4672K) Class: 479K(576K)->479K(576K)
[2026-09-05T11:11:05.764-0400][1.270s][info][gc          ] GC(2) Pause Young (Normal) (G1 Evacuation Pause) 87M->21M(1024M) 2.340ms
[2026-09-05T11:11:05.764-0400][1.270s][info][gc,cpu      ] GC(2) User=0.27s Sys=0.09s Real=0.00s
[2026-09-05T11:11:08.241-0400][3.748s][info][gc,start    ] GC(3) Pause Young (Concurrent Start) (Metadata GC Threshold)
[2026-09-05T11:11:08.241-0400][3.748s][info][gc,task     ] GC(3) Using 23 workers of 23 for evacuation
[2026-09-05T11:11:08.253-0400][3.759s][info][gc,phases   ] GC(3)   Pre Evacuate Collection Set: 0.15ms
[2026-09-05T11:11:08.253-0400][3.759s][info][gc,phases   ] GC(3)   Merge Heap Roots: 0.09ms
[2026-09-05T11:11:08.253-0400][3.759s][info][gc,phases   ] GC(3)   Evacuate Collection Set: 10.19ms
[2026-09-05T11:11:08.253-0400][3.759s][info][gc,phases   ] GC(3)   Post Evacuate Collection Set: 0.82ms
[2026-09-05T11:11:08.253-0400][3.759s][info][gc,phases   ] GC(3)   Other: 0.25ms
[2026-09-05T11:11:08.253-0400][3.759s][info][gc,heap     ] GC(3) Eden regions: 215->0(118)
[2026-09-05T11:11:08.253-0400][3.759s][info][gc,heap     ] GC(3) Survivor regions: 1->19(39)
[2026-09-05T11:11:08.253-0400][3.759s][info][gc,heap     ] GC(3) Old regions: 8->8
[2026-09-05T11:11:08.253-0400][3.759s][info][gc,heap     ] GC(3) Archive regions: 0->0
[2026-09-05T11:11:08.253-0400][3.759s][info][gc,heap     ] GC(3) Humongous regions: 15->5
[2026-09-05T11:11:08.253-0400][3.759s][info][gc,metaspace] GC(3) Metaspace: 21152K(21504K)->21152K(21504K) NonClass: 18742K(18944K)->18742K(18944K) Class: 2410K(2560K)->2410K(2560K)
[2026-09-05T11:11:08.253-0400][3.759s][info][gc          ] GC(3) Pause Young (Concurrent Start) (Metadata GC Threshold) 475M->61M(1024M) 11.692ms
[2026-09-05T11:11:08.253-0400][3.759s][info][gc,cpu      ] GC(3) User=0.31s Sys=0.05s Real=0.01s
[2026-09-05T11:11:08.253-0400][3.759s][info][gc          ] GC(4) Concurrent Mark Cycle
[2026-09-05T11:11:08.253-0400][3.759s][info][gc,marking  ] GC(4) Concurrent Clear Claimed Marks
[2026-09-05T11:11:08.253-0400][3.759s][info][gc,marking  ] GC(4) Concurrent Clear Claimed Marks 0.081ms
[2026-09-05T11:11:08.253-0400][3.759s][info][gc,marking  ] GC(4) Concurrent Scan Root Regions
[2026-09-05T11:11:08.255-0400][3.762s][info][gc,marking  ] GC(4) Concurrent Scan Root Regions 2.460ms
[2026-09-05T11:11:08.255-0400][3.762s][info][gc,marking  ] GC(4) Concurrent Mark
[2026-09-05T11:11:08.255-0400][3.762s][info][gc,marking  ] GC(4) Concurrent Mark From Roots
[2026-09-05T11:11:08.255-0400][3.762s][info][gc,task     ] GC(4) Using 6 workers of 6 for marking
[2026-09-05T11:11:08.257-0400][3.764s][info][gc,marking  ] GC(4) Concurrent Mark From Roots 1.701ms
[2026-09-05T11:11:08.257-0400][3.764s][info][gc,marking  ] GC(4) Concurrent Preclean
[2026-09-05T11:11:08.257-0400][3.764s][info][gc,marking  ] GC(4) Concurrent Preclean 0.092ms
[2026-09-05T11:11:08.257-0400][3.764s][info][gc,start    ] GC(4) Pause Remark
[2026-09-05T11:11:08.259-0400][3.765s][info][gc          ] GC(4) Pause Remark 63M->63M(1024M) 1.444ms
[2026-09-05T11:11:08.259-0400][3.765s][info][gc,cpu      ] GC(4) User=0.00s Sys=0.00s Real=0.00s
[2026-09-05T11:11:08.259-0400][3.765s][info][gc,marking  ] GC(4) Concurrent Mark 3.402ms
[2026-09-05T11:11:08.259-0400][3.765s][info][gc,marking  ] GC(4) Concurrent Rebuild Remembered Sets
[2026-09-05T11:11:08.260-0400][3.766s][info][gc,marking  ] GC(4) Concurrent Rebuild Remembered Sets 0.847ms
[2026-09-05T11:11:08.260-0400][3.766s][info][gc,start    ] GC(4) Pause Cleanup
[2026-09-05T11:11:08.260-0400][3.766s][info][gc          ] GC(4) Pause Cleanup 63M->63M(1024M) 0.114ms
[2026-09-05T11:11:08.260-0400][3.766s][info][gc,cpu      ] GC(4) User=0.00s Sys=0.00s Real=0.00s
[2026-09-05T11:11:08.260-0400][3.766s][info][gc,marking  ] GC(4) Concurrent Cleanup for Next Mark
[2026-09-05T11:11:08.261-0400][3.767s][info][gc,marking  ] GC(4) Concurrent Cleanup for Next Mark 0.868ms
[2026-09-05T11:11:08.261-0400][3.767s][info][gc          ] GC(4) Concurrent Mark Cycle 8.058ms
[2026-09-05T11:11:09.534-0400][5.041s][info][gc,start    ] GC(5) Pause Young (Prepare Mixed) (G1 Evacuation Pause)
[2026-09-05T11:11:09.534-0400][5.041s][info][gc,task     ] GC(5) Using 23 workers of 23 for evacuation
[2026-09-05T11:11:09.545-0400][5.051s][info][gc,phases   ] GC(5)   Pre Evacuate Collection Set: 0.10ms
[2026-09-05T11:11:09.545-0400][5.051s][info][gc,phases   ] GC(5)   Merge Heap Roots: 0.09ms
[2026-09-05T11:11:09.545-0400][5.051s][info][gc,phases   ] GC(5)   Evacuate Collection Set: 9.23ms
[2026-09-05T11:11:09.545-0400][5.051s][info][gc,phases   ] GC(5)   Post Evacuate Collection Set: 0.73ms
[2026-09-05T11:11:09.545-0400][5.051s][info][gc,phases   ] GC(5)   Other: 0.12ms
[2026-09-05T11:11:09.545-0400][5.051s][info][gc,heap     ] GC(5) Eden regions: 163->0(15)
[2026-09-05T11:11:09.545-0400][5.051s][info][gc,heap     ] GC(5) Survivor regions: 19->10(23)
[2026-09-05T11:11:09.545-0400][5.051s][info][gc,heap     ] GC(5) Old regions: 8->26
[2026-09-05T11:11:09.545-0400][5.051s][info][gc,heap     ] GC(5) Archive regions: 0->0
[2026-09-05T11:11:09.545-0400][5.051s][info][gc,heap     ] GC(5) Humongous regions: 5->5
[2026-09-05T11:11:09.545-0400][5.051s][info][gc,metaspace] GC(5) Metaspace: 29555K(30272K)->29555K(30272K) NonClass: 26090K(26496K)->26090K(26496K) Class: 3465K(3776K)->3465K(3776K)
[2026-09-05T11:11:09.545-0400][5.051s][info][gc          ] GC(5) Pause Young (Prepare Mixed) (G1 Evacuation Pause) 387M->80M(1024M) 10.413ms
[2026-09-05T11:11:09.545-0400][5.051s][info][gc,cpu      ] GC(5) User=0.14s Sys=0.05s Real=0.01s
[2026-09-05T11:11:09.583-0400][5.090s][info][gc,start    ] GC(6) Pause Young (Mixed) (G1 Evacuation Pause)
[2026-09-05T11:11:09.583-0400][5.090s][info][gc,task     ] GC(6) Using 23 workers of 23 for evacuation
[2026-09-05T11:11:09.588-0400][5.095s][info][gc,phases   ] GC(6)   Pre Evacuate Collection Set: 0.12ms
[2026-09-05T11:11:09.588-0400][5.095s][info][gc,phases   ] GC(6)   Merge Heap Roots: 0.12ms
[2026-09-05T11:11:09.588-0400][5.095s][info][gc,phases   ] GC(6)   Evacuate Collection Set: 3.28ms
[2026-09-05T11:11:09.588-0400][5.095s][info][gc,phases   ] GC(6)   Post Evacuate Collection Set: 0.52ms
[2026-09-05T11:11:09.588-0400][5.095s][info][gc,phases   ] GC(6)   Other: 0.15ms
[2026-09-05T11:11:09.588-0400][5.095s][info][gc,heap     ] GC(6) Eden regions: 15->0(305)
[2026-09-05T11:11:09.588-0400][5.095s][info][gc,heap     ] GC(6) Survivor regions: 10->2(4)
[2026-09-05T11:11:09.588-0400][5.095s][info][gc,heap     ] GC(6) Old regions: 26->35
[2026-09-05T11:11:09.588-0400][5.095s][info][gc,heap     ] GC(6) Archive regions: 0->0
[2026-09-05T11:11:09.588-0400][5.095s][info][gc,heap     ] GC(6) Humongous regions: 5->5
[2026-09-05T11:11:09.588-0400][5.095s][info][gc,metaspace] GC(6) Metaspace: 29826K(30656K)->29826K(30656K) NonClass: 26332K(26816K)->26332K(26816K) Class: 3494K(3840K)->3494K(3840K)
[2026-09-05T11:11:09.588-0400][5.095s][info][gc          ] GC(6) Pause Young (Mixed) (G1 Evacuation Pause) 110M->82M(1024M) 4.322ms
[2026-09-05T11:11:09.588-0400][5.095s][info][gc,cpu      ] GC(6) User=0.00s Sys=0.00s Real=0.01s
[2026-09-05T11:11:10.373-0400][5.879s][info][gc,start    ] GC(7) Pause Young (Normal) (G1 Evacuation Pause)
[2026-09-05T11:11:10.373-0400][5.879s][info][gc,task     ] GC(7) Using 23 workers of 23 for evacuation
[2026-09-05T11:11:10.376-0400][5.883s][info][gc,phases   ] GC(7)   Pre Evacuate Collection Set: 0.09ms
[2026-09-05T11:11:10.376-0400][5.883s][info][gc,phases   ] GC(7)   Merge Heap Roots: 0.10ms
[2026-09-05T11:11:10.376-0400][5.883s][info][gc,phases   ] GC(7)   Evacuate Collection Set: 3.06ms
[2026-09-05T11:11:10.376-0400][5.883s][info][gc,phases   ] GC(7)   Post Evacuate Collection Set: 0.45ms
[2026-09-05T11:11:10.376-0400][5.883s][info][gc,phases   ] GC(7)   Other: 0.15ms
[2026-09-05T11:11:10.376-0400][5.883s][info][gc,heap     ] GC(7) Eden regions: 305->0(302)
[2026-09-05T11:11:10.376-0400][5.883s][info][gc,heap     ] GC(7) Survivor regions: 2->5(39)
[2026-09-05T11:11:10.377-0400][5.883s][info][gc,heap     ] GC(7) Old regions: 35->35
[2026-09-05T11:11:10.377-0400][5.883s][info][gc,heap     ] GC(7) Archive regions: 0->0
[2026-09-05T11:11:10.377-0400][5.883s][info][gc,heap     ] GC(7) Humongous regions: 5->5
[2026-09-05T11:11:10.377-0400][5.883s][info][gc,metaspace] GC(7) Metaspace: 31176K(32192K)->31176K(32192K) NonClass: 27491K(28096K)->27491K(28096K) Class: 3685K(4096K)->3685K(4096K)
[2026-09-05T11:11:10.377-0400][5.883s][info][gc          ] GC(7) Pause Young (Normal) (G1 Evacuation Pause) 692M->88M(1024M) 3.957ms
[2026-09-05T11:11:10.377-0400][5.883s][info][gc,cpu      ] GC(7) User=0.00s Sys=0.00s Real=0.00s
[2026-09-05T11:11:12.030-0400][7.537s][info][gc,start    ] GC(8) Pause Young (Concurrent Start) (Metadata GC Threshold)
[2026-09-05T11:11:12.030-0400][7.537s][info][gc,task     ] GC(8) Using 23 workers of 23 for evacuation
[2026-09-05T11:11:12.034-0400][7.541s][info][gc,phases   ] GC(8)   Pre Evacuate Collection Set: 0.16ms
[2026-09-05T11:11:12.034-0400][7.541s][info][gc,phases   ] GC(8)   Merge Heap Roots: 0.07ms
[2026-09-05T11:11:12.034-0400][7.541s][info][gc,phases   ] GC(8)   Evacuate Collection Set: 3.04ms
[2026-09-05T11:11:12.034-0400][7.541s][info][gc,phases   ] GC(8)   Post Evacuate Collection Set: 0.52ms
[2026-09-05T11:11:12.034-0400][7.541s][info][gc,phases   ] GC(8)   Other: 0.15ms
[2026-09-05T11:11:12.034-0400][7.541s][info][gc,heap     ] GC(8) Eden regions: 172->0(295)
[2026-09-05T11:11:12.034-0400][7.541s][info][gc,heap     ] GC(8) Survivor regions: 5->12(39)
[2026-09-05T11:11:12.034-0400][7.541s][info][gc,heap     ] GC(8) Old regions: 35->35
[2026-09-05T11:11:12.034-0400][7.541s][info][gc,heap     ] GC(8) Archive regions: 0->0
[2026-09-05T11:11:12.034-0400][7.541s][info][gc,heap     ] GC(8) Humongous regions: 5->5
[2026-09-05T11:11:12.034-0400][7.541s][info][gc,metaspace] GC(8) Metaspace: 35043K(36096K)->35043K(36096K) NonClass: 30875K(31488K)->30875K(31488K) Class: 4168K(4608K)->4168K(4608K)
[2026-09-05T11:11:12.034-0400][7.541s][info][gc          ] GC(8) Pause Young (Concurrent Start) (Metadata GC Threshold) 431M->101M(1024M) 4.089ms
[2026-09-05T11:11:12.034-0400][7.542s][info][gc,cpu      ] GC(8) User=0.00s Sys=0.00s Real=0.00s
[2026-09-05T11:11:12.034-0400][7.542s][info][gc          ] GC(9) Concurrent Mark Cycle
[2026-09-05T11:11:12.034-0400][7.542s][info][gc,marking  ] GC(9) Concurrent Clear Claimed Marks
[2026-09-05T11:11:12.034-0400][7.542s][info][gc,marking  ] GC(9) Concurrent Clear Claimed Marks 0.046ms
[2026-09-05T11:11:12.034-0400][7.542s][info][gc,marking  ] GC(9) Concurrent Scan Root Regions
[2026-09-05T11:11:12.036-0400][7.543s][info][gc,marking  ] GC(9) Concurrent Scan Root Regions 1.843ms
[2026-09-05T11:11:12.036-0400][7.544s][info][gc,marking  ] GC(9) Concurrent Mark
[2026-09-05T11:11:12.036-0400][7.544s][info][gc,marking  ] GC(9) Concurrent Mark From Roots
[2026-09-05T11:11:12.036-0400][7.544s][info][gc,task     ] GC(9) Using 6 workers of 6 for marking
[2026-09-05T11:11:12.045-0400][7.552s][info][gc,marking  ] GC(9) Concurrent Mark From Roots 8.346ms
[2026-09-05T11:11:12.045-0400][7.552s][info][gc,marking  ] GC(9) Concurrent Preclean
[2026-09-05T11:11:12.045-0400][7.552s][info][gc,marking  ] GC(9) Concurrent Preclean 0.211ms
[2026-09-05T11:11:12.045-0400][7.552s][info][gc,start    ] GC(9) Pause Remark
[2026-09-05T11:11:12.048-0400][7.555s][info][gc          ] GC(9) Pause Remark 104M->104M(1024M) 2.841ms
[2026-09-05T11:11:12.048-0400][7.555s][info][gc,cpu      ] GC(9) User=0.00s Sys=0.00s Real=0.00s
[2026-09-05T11:11:12.048-0400][7.555s][info][gc,marking  ] GC(9) Concurrent Mark 11.653ms
[2026-09-05T11:11:12.048-0400][7.555s][info][gc,marking  ] GC(9) Concurrent Rebuild Remembered Sets
[2026-09-05T11:11:12.053-0400][7.560s][info][gc,marking  ] GC(9) Concurrent Rebuild Remembered Sets 5.233ms
[2026-09-05T11:11:12.053-0400][7.561s][info][gc,start    ] GC(9) Pause Cleanup
[2026-09-05T11:11:12.054-0400][7.561s][info][gc          ] GC(9) Pause Cleanup 105M->105M(1024M) 0.139ms
[2026-09-05T11:11:12.054-0400][7.561s][info][gc,cpu      ] GC(9) User=0.00s Sys=0.00s Real=0.00s
[2026-09-05T11:11:12.054-0400][7.561s][info][gc,marking  ] GC(9) Concurrent Cleanup for Next Mark
[2026-09-05T11:11:12.054-0400][7.562s][info][gc,marking  ] GC(9) Concurrent Cleanup for Next Mark 0.855ms
[2026-09-05T11:11:12.054-0400][7.562s][info][gc          ] GC(9) Concurrent Mark Cycle 20.126ms
[2026-09-05T11:11:15.635-0400][11.142s][info][gc,start    ] GC(10) Pause Young (Normal) (G1 Evacuation Pause)
[2026-09-05T11:11:15.635-0400][11.142s][info][gc,task     ] GC(10) Using 23 workers of 23 for evacuation
[2026-09-05T11:11:15.645-0400][11.152s][info][gc,phases   ] GC(10)   Pre Evacuate Collection Set: 0.10ms
[2026-09-05T11:11:15.645-0400][11.152s][info][gc,phases   ] GC(10)   Merge Heap Roots: 0.08ms
[2026-09-05T11:11:15.645-0400][11.152s][info][gc,phases   ] GC(10)   Evacuate Collection Set: 8.89ms
[2026-09-05T11:11:15.645-0400][11.152s][info][gc,phases   ] GC(10)   Post Evacuate Collection Set: 0.96ms
[2026-09-05T11:11:15.645-0400][11.152s][info][gc,phases   ] GC(10)   Other: 0.12ms
[2026-09-05T11:11:15.645-0400][11.152s][info][gc,heap     ] GC(10) Eden regions: 295->0(278)
[2026-09-05T11:11:15.645-0400][11.152s][info][gc,heap     ] GC(10) Survivor regions: 12->29(39)
[2026-09-05T11:11:15.645-0400][11.152s][info][gc,heap     ] GC(10) Old regions: 35->35
[2026-09-05T11:11:15.645-0400][11.152s][info][gc,heap     ] GC(10) Archive regions: 0->0
[2026-09-05T11:11:15.645-0400][11.152s][info][gc,heap     ] GC(10) Humongous regions: 11->11
[2026-09-05T11:11:15.645-0400][11.152s][info][gc,metaspace] GC(10) Metaspace: 51046K(52480K)->51046K(52480K) NonClass: 44646K(45440K)->44646K(45440K) Class: 6399K(7040K)->6399K(7040K)
[2026-09-05T11:11:15.645-0400][11.152s][info][gc          ] GC(10) Pause Young (Normal) (G1 Evacuation Pause) 703M->148M(1024M) 10.315ms
[2026-09-05T11:11:15.645-0400][11.152s][info][gc,cpu      ] GC(10) User=0.23s Sys=0.14s Real=0.01s
[2026-09-05T11:11:16.843-0400][12.350s][info][gc,start    ] GC(11) Pause Young (Concurrent Start) (Metadata GC Threshold)
[2026-09-05T11:11:16.843-0400][12.350s][info][gc,task     ] GC(11) Using 23 workers of 23 for evacuation
[2026-09-05T11:11:16.858-0400][12.365s][info][gc,phases   ] GC(11)   Pre Evacuate Collection Set: 0.16ms
[2026-09-05T11:11:16.858-0400][12.365s][info][gc,phases   ] GC(11)   Merge Heap Roots: 0.09ms
[2026-09-05T11:11:16.858-0400][12.365s][info][gc,phases   ] GC(11)   Evacuate Collection Set: 13.41ms
[2026-09-05T11:11:16.858-0400][12.365s][info][gc,phases   ] GC(11)   Post Evacuate Collection Set: 1.28ms
[2026-09-05T11:11:16.858-0400][12.365s][info][gc,phases   ] GC(11)   Other: 0.26ms
[2026-09-05T11:11:16.858-0400][12.365s][info][gc,heap     ] GC(11) Eden regions: 174->0(268)
[2026-09-05T11:11:16.858-0400][12.365s][info][gc,heap     ] GC(11) Survivor regions: 29->39(39)
[2026-09-05T11:11:16.858-0400][12.365s][info][gc,heap     ] GC(11) Old regions: 35->46
[2026-09-05T11:11:16.858-0400][12.365s][info][gc,heap     ] GC(11) Archive regions: 0->0
[2026-09-05T11:11:16.858-0400][12.365s][info][gc,heap     ] GC(11) Humongous regions: 11->11
[2026-09-05T11:11:16.858-0400][12.365s][info][gc,metaspace] GC(11) Metaspace: 58976K(60288K)->58976K(60288K) NonClass: 51188K(51904K)->51188K(51904K) Class: 7787K(8384K)->7787K(8384K)
[2026-09-05T11:11:16.858-0400][12.365s][info][gc          ] GC(11) Pause Young (Concurrent Start) (Metadata GC Threshold) 496M->191M(1024M) 15.343ms
[2026-09-05T11:11:16.858-0400][12.365s][info][gc,cpu      ] GC(11) User=0.16s Sys=0.19s Real=0.02s
[2026-09-05T11:11:16.858-0400][12.365s][info][gc          ] GC(12) Concurrent Mark Cycle
[2026-09-05T11:11:16.858-0400][12.365s][info][gc,marking  ] GC(12) Concurrent Clear Claimed Marks
[2026-09-05T11:11:16.858-0400][12.365s][info][gc,marking  ] GC(12) Concurrent Clear Claimed Marks 0.088ms
[2026-09-05T11:11:16.858-0400][12.365s][info][gc,marking  ] GC(12) Concurrent Scan Root Regions
[2026-09-05T11:11:16.866-0400][12.373s][info][gc,marking  ] GC(12) Concurrent Scan Root Regions 7.799ms
[2026-09-05T11:11:16.866-0400][12.373s][info][gc,marking  ] GC(12) Concurrent Mark
[2026-09-05T11:11:16.866-0400][12.373s][info][gc,marking  ] GC(12) Concurrent Mark From Roots
[2026-09-05T11:11:16.866-0400][12.373s][info][gc,task     ] GC(12) Using 6 workers of 6 for marking
[2026-09-05T11:11:16.875-0400][12.382s][info][gc,marking  ] GC(12) Concurrent Mark From Roots 9.068ms
[2026-09-05T11:11:16.875-0400][12.382s][info][gc,marking  ] GC(12) Concurrent Preclean
[2026-09-05T11:11:16.876-0400][12.382s][info][gc,marking  ] GC(12) Concurrent Preclean 0.210ms
[2026-09-05T11:11:16.876-0400][12.382s][info][gc,start    ] GC(12) Pause Remark
[2026-09-05T11:11:16.879-0400][12.386s][info][gc          ] GC(12) Pause Remark 195M->195M(1024M) 3.587ms
[2026-09-05T11:11:16.879-0400][12.386s][info][gc,cpu      ] GC(12) User=0.00s Sys=0.00s Real=0.00s
[2026-09-05T11:11:16.879-0400][12.386s][info][gc,marking  ] GC(12) Concurrent Mark 13.124ms
[2026-09-05T11:11:16.879-0400][12.386s][info][gc,marking  ] GC(12) Concurrent Rebuild Remembered Sets
[2026-09-05T11:11:16.886-0400][12.393s][info][gc,marking  ] GC(12) Concurrent Rebuild Remembered Sets 7.130ms
[2026-09-05T11:11:16.887-0400][12.393s][info][gc,start    ] GC(12) Pause Cleanup
[2026-09-05T11:11:16.887-0400][12.393s][info][gc          ] GC(12) Pause Cleanup 196M->196M(1024M) 0.132ms
[2026-09-05T11:11:16.887-0400][12.394s][info][gc,cpu      ] GC(12) User=0.00s Sys=0.00s Real=0.00s
[2026-09-05T11:11:16.887-0400][12.394s][info][gc,marking  ] GC(12) Concurrent Cleanup for Next Mark
[2026-09-05T11:11:16.887-0400][12.394s][info][gc,marking  ] GC(12) Concurrent Cleanup for Next Mark 0.347ms
[2026-09-05T11:11:16.887-0400][12.394s][info][gc          ] GC(12) Concurrent Mark Cycle 28.958ms
[2026-09-05T11:11:19.008-0400][14.515s][info][gc,start    ] GC(13) Pause Young (Normal) (G1 Evacuation Pause)
[2026-09-05T11:11:19.008-0400][14.515s][info][gc,task     ] GC(13) Using 23 workers of 23 for evacuation
[2026-09-05T11:11:19.029-0400][14.536s][info][gc,phases   ] GC(13)   Pre Evacuate Collection Set: 0.11ms
[2026-09-05T11:11:19.029-0400][14.536s][info][gc,phases   ] GC(13)   Merge Heap Roots: 0.10ms
[2026-09-05T11:11:19.029-0400][14.536s][info][gc,phases   ] GC(13)   Evacuate Collection Set: 19.97ms
[2026-09-05T11:11:19.029-0400][14.536s][info][gc,phases   ] GC(13)   Post Evacuate Collection Set: 1.03ms
[2026-09-05T11:11:19.029-0400][14.536s][info][gc,phases   ] GC(13)   Other: 0.13ms
[2026-09-05T11:11:19.029-0400][14.536s][info][gc,heap     ] GC(13) Eden regions: 268->0(291)
[2026-09-05T11:11:19.029-0400][14.536s][info][gc,heap     ] GC(13) Survivor regions: 39->16(39)
[2026-09-05T11:11:19.029-0400][14.536s][info][gc,heap     ] GC(13) Old regions: 46->84
[2026-09-05T11:11:19.029-0400][14.536s][info][gc,heap     ] GC(13) Archive regions: 0->0
[2026-09-05T11:11:19.029-0400][14.536s][info][gc,heap     ] GC(13) Humongous regions: 11->11
[2026-09-05T11:11:19.029-0400][14.536s][info][gc,metaspace] GC(13) Metaspace: 87379K(88960K)->87379K(88960K) NonClass: 74764K(75648K)->74764K(75648K) Class: 12614K(13312K)->12614K(13312K)
[2026-09-05T11:11:19.029-0400][14.536s][info][gc          ] GC(13) Pause Young (Normal) (G1 Evacuation Pause) 727M->220M(1024M) 21.484ms
[2026-09-05T11:11:19.029-0400][14.536s][info][gc,cpu      ] GC(13) User=0.27s Sys=0.22s Real=0.02s
[2026-09-05T11:11:20.612-0400][16.119s][info][gc,start    ] GC(14) Pause Young (Concurrent Start) (Metadata GC Threshold)
[2026-09-05T11:11:20.612-0400][16.119s][info][gc,task     ] GC(14) Using 23 workers of 23 for evacuation
[2026-09-05T11:11:20.622-0400][16.129s][info][gc,phases   ] GC(14)   Pre Evacuate Collection Set: 0.17ms
[2026-09-05T11:11:20.622-0400][16.129s][info][gc,phases   ] GC(14)   Merge Heap Roots: 0.10ms
[2026-09-05T11:11:20.622-0400][16.129s][info][gc,phases   ] GC(14)   Evacuate Collection Set: 8.81ms
[2026-09-05T11:11:20.622-0400][16.129s][info][gc,phases   ] GC(14)   Post Evacuate Collection Set: 0.99ms
[2026-09-05T11:11:20.622-0400][16.129s][info][gc,phases   ] GC(14)   Other: 0.16ms
[2026-09-05T11:11:20.622-0400][16.129s][info][gc,heap     ] GC(14) Eden regions: 239->0(282)
[2026-09-05T11:11:20.622-0400][16.129s][info][gc,heap     ] GC(14) Survivor regions: 16->25(39)
[2026-09-05T11:11:20.622-0400][16.129s][info][gc,heap     ] GC(14) Old regions: 84->84
[2026-09-05T11:11:20.622-0400][16.129s][info][gc,heap     ] GC(14) Archive regions: 0->0
[2026-09-05T11:11:20.622-0400][16.129s][info][gc,heap     ] GC(14) Humongous regions: 17->15
[2026-09-05T11:11:20.622-0400][16.129s][info][gc,metaspace] GC(14) Metaspace: 99095K(100736K)->99095K(100736K) NonClass: 84500K(85376K)->84500K(85376K) Class: 14595K(15360K)->14595K(15360K)
[2026-09-05T11:11:20.622-0400][16.129s][info][gc          ] GC(14) Pause Young (Concurrent Start) (Metadata GC Threshold) 709M->246M(1024M) 10.351ms
[2026-09-05T11:11:20.622-0400][16.129s][info][gc,cpu      ] GC(14) User=0.02s Sys=0.02s Real=0.01s
[2026-09-05T11:11:20.622-0400][16.129s][info][gc          ] GC(15) Concurrent Mark Cycle
[2026-09-05T11:11:20.622-0400][16.129s][info][gc,marking  ] GC(15) Concurrent Clear Claimed Marks
[2026-09-05T11:11:20.623-0400][16.130s][info][gc,marking  ] GC(15) Concurrent Clear Claimed Marks 0.096ms
[2026-09-05T11:11:20.623-0400][16.130s][info][gc,marking  ] GC(15) Concurrent Scan Root Regions
[2026-09-05T11:11:20.627-0400][16.134s][info][gc,marking  ] GC(15) Concurrent Scan Root Regions 4.309ms
[2026-09-05T11:11:20.627-0400][16.134s][info][gc,marking  ] GC(15) Concurrent Mark
[2026-09-05T11:11:20.627-0400][16.134s][info][gc,marking  ] GC(15) Concurrent Mark From Roots
[2026-09-05T11:11:20.627-0400][16.134s][info][gc,task     ] GC(15) Using 6 workers of 6 for marking
[2026-09-05T11:11:20.669-0400][16.176s][info][gc,marking  ] GC(15) Concurrent Mark From Roots 42.155ms
[2026-09-05T11:11:20.669-0400][16.176s][info][gc,marking  ] GC(15) Concurrent Preclean
[2026-09-05T11:11:20.670-0400][16.176s][info][gc,marking  ] GC(15) Concurrent Preclean 0.326ms
[2026-09-05T11:11:20.675-0400][16.181s][info][gc,start    ] GC(15) Pause Remark
[2026-09-05T11:11:20.679-0400][16.186s][info][gc          ] GC(15) Pause Remark 296M->296M(1024M) 4.796ms
[2026-09-05T11:11:20.679-0400][16.186s][info][gc,cpu      ] GC(15) User=0.00s Sys=0.00s Real=0.00s
[2026-09-05T11:11:20.679-0400][16.186s][info][gc,marking  ] GC(15) Concurrent Mark 52.452ms
[2026-09-05T11:11:20.680-0400][16.186s][info][gc,marking  ] GC(15) Concurrent Rebuild Remembered Sets
[2026-09-05T11:11:20.697-0400][16.204s][info][gc,marking  ] GC(15) Concurrent Rebuild Remembered Sets 17.691ms
[2026-09-05T11:11:20.702-0400][16.208s][info][gc,start    ] GC(15) Pause Cleanup
[2026-09-05T11:11:20.702-0400][16.209s][info][gc          ] GC(15) Pause Cleanup 307M->307M(1024M) 0.196ms
[2026-09-05T11:11:20.702-0400][16.209s][info][gc,cpu      ] GC(15) User=0.00s Sys=0.00s Real=0.00s
[2026-09-05T11:11:20.702-0400][16.209s][info][gc,marking  ] GC(15) Concurrent Cleanup for Next Mark
[2026-09-05T11:11:20.702-0400][16.209s][info][gc,marking  ] GC(15) Concurrent Cleanup for Next Mark 0.417ms
[2026-09-05T11:11:20.702-0400][16.209s][info][gc          ] GC(15) Concurrent Mark Cycle 79.851ms
[2026-09-05T11:11:21.274-0400][16.781s][info][gc,start    ] GC(16) Pause Young (Concurrent Start) (G1 Evacuation Pause)
[2026-09-05T11:11:21.274-0400][16.781s][info][gc,task     ] GC(16) Using 23 workers of 23 for evacuation
[2026-09-05T11:11:21.286-0400][16.792s][info][gc,phases   ] GC(16)   Pre Evacuate Collection Set: 0.18ms
[2026-09-05T11:11:21.286-0400][16.792s][info][gc,phases   ] GC(16)   Merge Heap Roots: 0.09ms
[2026-09-05T11:11:21.286-0400][16.792s][info][gc,phases   ] GC(16)   Evacuate Collection Set: 10.66ms
[2026-09-05T11:11:21.286-0400][16.792s][info][gc,phases   ] GC(16)   Post Evacuate Collection Set: 0.74ms
[2026-09-05T11:11:21.286-0400][16.793s][info][gc,phases   ] GC(16)   Other: 0.16ms
[2026-09-05T11:11:21.286-0400][16.793s][info][gc,heap     ] GC(16) Eden regions: 282->0(253)
[2026-09-05T11:11:21.286-0400][16.793s][info][gc,heap     ] GC(16) Survivor regions: 25->38(39)
[2026-09-05T11:11:21.286-0400][16.793s][info][gc,heap     ] GC(16) Old regions: 84->97
[2026-09-05T11:11:21.286-0400][16.793s][info][gc,heap     ] GC(16) Archive regions: 0->0
[2026-09-05T11:11:21.286-0400][16.793s][info][gc,heap     ] GC(16) Humongous regions: 21->15
[2026-09-05T11:11:21.286-0400][16.793s][info][gc,metaspace] GC(16) Metaspace: 102664K(104384K)->102664K(104384K) NonClass: 87507K(88448K)->87507K(88448K) Class: 15157K(15936K)->15157K(15936K)
[2026-09-05T11:11:21.286-0400][16.793s][info][gc          ] GC(16) Pause Young (Concurrent Start) (G1 Evacuation Pause) 822M->298M(1024M) 11.955ms
[2026-09-05T11:11:21.286-0400][16.793s][info][gc,cpu      ] GC(16) User=0.33s Sys=0.06s Real=0.01s
[2026-09-05T11:11:21.286-0400][16.793s][info][gc          ] GC(17) Concurrent Mark Cycle
[2026-09-05T11:11:21.286-0400][16.793s][info][gc,marking  ] GC(17) Concurrent Clear Claimed Marks
[2026-09-05T11:11:21.286-0400][16.793s][info][gc,marking  ] GC(17) Concurrent Clear Claimed Marks 0.103ms
[2026-09-05T11:11:21.286-0400][16.793s][info][gc,marking  ] GC(17) Concurrent Scan Root Regions
[2026-09-05T11:11:21.291-0400][16.797s][info][gc,marking  ] GC(17) Concurrent Scan Root Regions 4.718ms
[2026-09-05T11:11:21.291-0400][16.798s][info][gc,marking  ] GC(17) Concurrent Mark
[2026-09-05T11:11:21.291-0400][16.798s][info][gc,marking  ] GC(17) Concurrent Mark From Roots
[2026-09-05T11:11:21.291-0400][16.798s][info][gc,task     ] GC(17) Using 6 workers of 6 for marking
[2026-09-05T11:11:21.325-0400][16.832s][info][gc,marking  ] GC(17) Concurrent Mark From Roots 34.297ms
[2026-09-05T11:11:21.325-0400][16.832s][info][gc,marking  ] GC(17) Concurrent Preclean
[2026-09-05T11:11:21.326-0400][16.832s][info][gc,marking  ] GC(17) Concurrent Preclean 0.314ms
[2026-09-05T11:11:21.326-0400][16.833s][info][gc,start    ] GC(17) Pause Remark
[2026-09-05T11:11:21.331-0400][16.837s][info][gc          ] GC(17) Pause Remark 324M->324M(1024M) 4.439ms
[2026-09-05T11:11:21.331-0400][16.837s][info][gc,cpu      ] GC(17) User=0.00s Sys=0.00s Real=0.01s
[2026-09-05T11:11:21.331-0400][16.837s][info][gc,marking  ] GC(17) Concurrent Mark 39.950ms
[2026-09-05T11:11:21.331-0400][16.838s][info][gc,marking  ] GC(17) Concurrent Rebuild Remembered Sets
[2026-09-05T11:11:21.351-0400][16.858s][info][gc,marking  ] GC(17) Concurrent Rebuild Remembered Sets 20.268ms
[2026-09-05T11:11:21.354-0400][16.860s][info][gc,start    ] GC(17) Pause Cleanup
[2026-09-05T11:11:21.354-0400][16.860s][info][gc          ] GC(17) Pause Cleanup 336M->336M(1024M) 0.245ms
[2026-09-05T11:11:21.354-0400][16.860s][info][gc,cpu      ] GC(17) User=0.00s Sys=0.00s Real=0.00s
[2026-09-05T11:11:21.354-0400][16.861s][info][gc,marking  ] GC(17) Concurrent Cleanup for Next Mark
[2026-09-05T11:11:21.354-0400][16.861s][info][gc,marking  ] GC(17) Concurrent Cleanup for Next Mark 0.371ms
[2026-09-05T11:11:21.354-0400][16.861s][info][gc          ] GC(17) Concurrent Mark Cycle 68.329ms
[2026-09-05T11:11:22.302-0400][17.809s][info][gc,start    ] GC(18) Pause Young (Normal) (G1 Evacuation Pause)
[2026-09-05T11:11:22.302-0400][17.809s][info][gc,task     ] GC(18) Using 23 workers of 23 for evacuation
[2026-09-05T11:11:22.317-0400][17.824s][info][gc,phases   ] GC(18)   Pre Evacuate Collection Set: 0.17ms
[2026-09-05T11:11:22.317-0400][17.824s][info][gc,phases   ] GC(18)   Merge Heap Roots: 0.12ms
[2026-09-05T11:11:22.317-0400][17.824s][info][gc,phases   ] GC(18)   Evacuate Collection Set: 14.23ms
[2026-09-05T11:11:22.317-0400][17.824s][info][gc,phases   ] GC(18)   Post Evacuate Collection Set: 0.66ms
[2026-09-05T11:11:22.318-0400][17.824s][info][gc,phases   ] GC(18)   Other: 0.14ms
[2026-09-05T11:11:22.318-0400][17.824s][info][gc,heap     ] GC(18) Eden regions: 253->0(219)
[2026-09-05T11:11:22.318-0400][17.824s][info][gc,heap     ] GC(18) Survivor regions: 38->30(37)
[2026-09-05T11:11:22.318-0400][17.824s][info][gc,heap     ] GC(18) Old regions: 97->134
[2026-09-05T11:11:22.318-0400][17.824s][info][gc,heap     ] GC(18) Archive regions: 0->0
[2026-09-05T11:11:22.318-0400][17.824s][info][gc,heap     ] GC(18) Humongous regions: 15->15
[2026-09-05T11:11:22.318-0400][17.824s][info][gc,metaspace] GC(18) Metaspace: 104479K(106112K)->104479K(106112K) NonClass: 89064K(89984K)->89064K(89984K) Class: 15414K(16128K)->15414K(16128K)
[2026-09-05T11:11:22.318-0400][17.824s][info][gc          ] GC(18) Pause Young (Normal) (G1 Evacuation Pause) 804M->355M(1024M) 15.468ms
[2026-09-05T11:11:22.318-0400][17.824s][info][gc,cpu      ] GC(18) User=0.33s Sys=0.05s Real=0.02s
[2026-09-05T11:11:25.150-0400][20.657s][info][gc,start    ] GC(19) Pause Young (Normal) (G1 Evacuation Pause)
[2026-09-05T11:11:25.150-0400][20.657s][info][gc,task     ] GC(19) Using 23 workers of 23 for evacuation
[2026-09-05T11:11:25.161-0400][20.668s][info][gc,phases   ] GC(19)   Pre Evacuate Collection Set: 0.15ms
[2026-09-05T11:11:25.161-0400][20.668s][info][gc,phases   ] GC(19)   Merge Heap Roots: 0.14ms
[2026-09-05T11:11:25.161-0400][20.668s][info][gc,phases   ] GC(19)   Evacuate Collection Set: 9.33ms
[2026-09-05T11:11:25.161-0400][20.668s][info][gc,phases   ] GC(19)   Post Evacuate Collection Set: 0.72ms
[2026-09-05T11:11:25.161-0400][20.668s][info][gc,phases   ] GC(19)   Other: 0.12ms
[2026-09-05T11:11:25.161-0400][20.668s][info][gc,heap     ] GC(19) Eden regions: 219->0(213)
[2026-09-05T11:11:25.161-0400][20.668s][info][gc,heap     ] GC(19) Survivor regions: 30->14(32)
[2026-09-05T11:11:25.161-0400][20.668s][info][gc,heap     ] GC(19) Old regions: 134->163
[2026-09-05T11:11:25.161-0400][20.668s][info][gc,heap     ] GC(19) Archive regions: 0->0
[2026-09-05T11:11:25.161-0400][20.668s][info][gc,heap     ] GC(19) Humongous regions: 21->15
[2026-09-05T11:11:25.161-0400][20.668s][info][gc,metaspace] GC(19) Metaspace: 108327K(110080K)->108327K(110080K) NonClass: 92337K(93312K)->92337K(93312K) Class: 15990K(16768K)->15990K(16768K)
[2026-09-05T11:11:25.161-0400][20.668s][info][gc          ] GC(19) Pause Young (Normal) (G1 Evacuation Pause) 805M->381M(1024M) 10.581ms
[2026-09-05T11:11:25.161-0400][20.668s][info][gc,cpu      ] GC(19) User=0.33s Sys=0.05s Real=0.01s
[2026-09-05T11:11:47.879-0400][43.386s][info][gc,start    ] GC(20) Pause Young (Normal) (G1 Evacuation Pause)
[2026-09-05T11:11:47.879-0400][43.386s][info][gc,task     ] GC(20) Using 23 workers of 23 for evacuation
[2026-09-05T11:11:47.885-0400][43.391s][info][gc,phases   ] GC(20)   Pre Evacuate Collection Set: 0.09ms
[2026-09-05T11:11:47.885-0400][43.391s][info][gc,phases   ] GC(20)   Merge Heap Roots: 0.10ms
[2026-09-05T11:11:47.885-0400][43.391s][info][gc,phases   ] GC(20)   Evacuate Collection Set: 4.37ms
[2026-09-05T11:11:47.885-0400][43.391s][info][gc,phases   ] GC(20)   Post Evacuate Collection Set: 0.76ms
[2026-09-05T11:11:47.885-0400][43.391s][info][gc,phases   ] GC(20)   Other: 0.13ms
[2026-09-05T11:11:47.885-0400][43.391s][info][gc,heap     ] GC(20) Eden regions: 213->0(218)
[2026-09-05T11:11:47.885-0400][43.391s][info][gc,heap     ] GC(20) Survivor regions: 14->17(29)
[2026-09-05T11:11:47.885-0400][43.391s][info][gc,heap     ] GC(20) Old regions: 163->163
[2026-09-05T11:11:47.885-0400][43.391s][info][gc,heap     ] GC(20) Archive regions: 0->0
[2026-09-05T11:11:47.885-0400][43.391s][info][gc,heap     ] GC(20) Humongous regions: 15->15
[2026-09-05T11:11:47.885-0400][43.391s][info][gc,metaspace] GC(20) Metaspace: 114391K(116160K)->114391K(116160K) NonClass: 97343K(98304K)->97343K(98304K) Class: 17048K(17856K)->17048K(17856K)
[2026-09-05T11:11:47.885-0400][43.391s][info][gc          ] GC(20) Pause Young (Normal) (G1 Evacuation Pause) 807M->388M(1024M) 5.579ms
[2026-09-05T11:11:47.885-0400][43.391s][info][gc,cpu      ] GC(20) User=0.00s Sys=0.00s Real=0.01s
[2026-09-05T11:11:48.592-0400][44.098s][info][gc,start    ] GC(21) Pause Young (Normal) (G1 Evacuation Pause)
[2026-09-05T11:11:48.592-0400][44.098s][info][gc,task     ] GC(21) Using 23 workers of 23 for evacuation
[2026-09-05T11:11:48.598-0400][44.104s][info][gc,phases   ] GC(21)   Pre Evacuate Collection Set: 0.11ms
[2026-09-05T11:11:48.598-0400][44.104s][info][gc,phases   ] GC(21)   Merge Heap Roots: 0.16ms
[2026-09-05T11:11:48.598-0400][44.104s][info][gc,phases   ] GC(21)   Evacuate Collection Set: 4.47ms
[2026-09-05T11:11:48.598-0400][44.104s][info][gc,phases   ] GC(21)   Post Evacuate Collection Set: 0.75ms
[2026-09-05T11:11:48.598-0400][44.104s][info][gc,phases   ] GC(21)   Other: 0.13ms
[2026-09-05T11:11:48.598-0400][44.104s][info][gc,heap     ] GC(21) Eden regions: 218->0(222)
[2026-09-05T11:11:48.598-0400][44.104s][info][gc,heap     ] GC(21) Survivor regions: 17->11(30)
[2026-09-05T11:11:48.598-0400][44.104s][info][gc,heap     ] GC(21) Old regions: 163->172
[2026-09-05T11:11:48.598-0400][44.104s][info][gc,heap     ] GC(21) Archive regions: 0->0
[2026-09-05T11:11:48.598-0400][44.104s][info][gc,heap     ] GC(21) Humongous regions: 15->15
[2026-09-05T11:11:48.598-0400][44.104s][info][gc,metaspace] GC(21) Metaspace: 116187K(117888K)->116187K(117888K) NonClass: 98890K(99840K)->98890K(99840K) Class: 17297K(18048K)->17297K(18048K)
[2026-09-05T11:11:48.598-0400][44.104s][info][gc          ] GC(21) Pause Young (Normal) (G1 Evacuation Pause) 824M->393M(1024M) 5.749ms
[2026-09-05T11:11:48.598-0400][44.104s][info][gc,cpu      ] GC(21) User=0.00s Sys=0.00s Real=0.01s
[2026-09-05T11:11:50.389-0400][45.896s][info][gc,start    ] GC(22) Pause Young (Normal) (G1 Evacuation Pause)
[2026-09-05T11:11:50.390-0400][45.896s][info][gc,task     ] GC(22) Using 23 workers of 23 for evacuation
[2026-09-05T11:11:50.398-0400][45.905s][info][gc,phases   ] GC(22)   Pre Evacuate Collection Set: 0.14ms
[2026-09-05T11:11:50.398-0400][45.905s][info][gc,phases   ] GC(22)   Merge Heap Roots: 0.12ms
[2026-09-05T11:11:50.398-0400][45.905s][info][gc,phases   ] GC(22)   Evacuate Collection Set: 7.46ms
[2026-09-05T11:11:50.398-0400][45.905s][info][gc,phases   ] GC(22)   Post Evacuate Collection Set: 0.82ms
[2026-09-05T11:11:50.398-0400][45.905s][info][gc,phases   ] GC(22)   Other: 0.19ms
[2026-09-05T11:11:50.398-0400][45.905s][info][gc,heap     ] GC(22) Eden regions: 222->0(207)
[2026-09-05T11:11:50.398-0400][45.905s][info][gc,heap     ] GC(22) Survivor regions: 11->24(30)
[2026-09-05T11:11:50.398-0400][45.905s][info][gc,heap     ] GC(22) Old regions: 172->172
[2026-09-05T11:11:50.398-0400][45.905s][info][gc,heap     ] GC(22) Archive regions: 0->0
[2026-09-05T11:11:50.398-0400][45.905s][info][gc,heap     ] GC(22) Humongous regions: 15->15
[2026-09-05T11:11:50.398-0400][45.905s][info][gc,metaspace] GC(22) Metaspace: 121729K(123584K)->121729K(123584K) NonClass: 103728K(104768K)->103728K(104768K) Class: 18001K(18816K)->18001K(18816K)
[2026-09-05T11:11:50.398-0400][45.905s][info][gc          ] GC(22) Pause Young (Normal) (G1 Evacuation Pause) 837M->418M(1024M) 8.876ms
[2026-09-05T11:11:50.398-0400][45.905s][info][gc,cpu      ] GC(22) User=0.00s Sys=0.00s Real=0.01s
[2026-09-05T11:11:51.132-0400][46.639s][info][gc,start    ] GC(23) Pause Young (Normal) (G1 Evacuation Pause)
[2026-09-05T11:11:51.132-0400][46.639s][info][gc,task     ] GC(23) Using 23 workers of 23 for evacuation
[2026-09-05T11:11:51.139-0400][46.645s][info][gc,phases   ] GC(23)   Pre Evacuate Collection Set: 0.14ms
[2026-09-05T11:11:51.139-0400][46.645s][info][gc,phases   ] GC(23)   Merge Heap Roots: 0.10ms
[2026-09-05T11:11:51.139-0400][46.645s][info][gc,phases   ] GC(23)   Evacuate Collection Set: 5.13ms
[2026-09-05T11:11:51.139-0400][46.645s][info][gc,phases   ] GC(23)   Post Evacuate Collection Set: 0.68ms
[2026-09-05T11:11:51.139-0400][46.645s][info][gc,phases   ] GC(23)   Other: 0.13ms
[2026-09-05T11:11:51.139-0400][46.645s][info][gc,heap     ] GC(23) Eden regions: 207->0(215)
[2026-09-05T11:11:51.139-0400][46.645s][info][gc,heap     ] GC(23) Survivor regions: 24->15(29)
[2026-09-05T11:11:51.139-0400][46.645s][info][gc,heap     ] GC(23) Old regions: 172->181
[2026-09-05T11:11:51.139-0400][46.646s][info][gc,heap     ] GC(23) Archive regions: 0->0
[2026-09-05T11:11:51.139-0400][46.646s][info][gc,heap     ] GC(23) Humongous regions: 15->15
[2026-09-05T11:11:51.139-0400][46.646s][info][gc,metaspace] GC(23) Metaspace: 122511K(124416K)->122511K(124416K) NonClass: 104418K(105472K)->104418K(105472K) Class: 18093K(18944K)->18093K(18944K)
[2026-09-05T11:11:51.139-0400][46.646s][info][gc          ] GC(23) Pause Young (Normal) (G1 Evacuation Pause) 832M->419M(1024M) 6.321ms
[2026-09-05T11:11:51.139-0400][46.646s][info][gc,cpu      ] GC(23) User=0.28s Sys=0.08s Real=0.01s
[2026-09-05T11:11:51.244-0400][46.751s][info][gc,start    ] GC(24) Pause Young (Normal) (G1 Evacuation Pause)
[2026-09-05T11:11:51.244-0400][46.751s][info][gc,task     ] GC(24) Using 23 workers of 23 for evacuation
[2026-09-05T11:11:51.248-0400][46.755s][info][gc,phases   ] GC(24)   Pre Evacuate Collection Set: 0.14ms
[2026-09-05T11:11:51.248-0400][46.755s][info][gc,phases   ] GC(24)   Merge Heap Roots: 0.13ms
[2026-09-05T11:11:51.248-0400][46.755s][info][gc,phases   ] GC(24)   Evacuate Collection Set: 3.19ms
[2026-09-05T11:11:51.248-0400][46.755s][info][gc,phases   ] GC(24)   Post Evacuate Collection Set: 0.70ms
[2026-09-05T11:11:51.248-0400][46.756s][info][gc,phases   ] GC(24)   Other: 0.17ms
[2026-09-05T11:11:51.248-0400][46.756s][info][gc,heap     ] GC(24) Eden regions: 215->0(221)
[2026-09-05T11:11:51.248-0400][46.756s][info][gc,heap     ] GC(24) Survivor regions: 15->15(29)
[2026-09-05T11:11:51.248-0400][46.756s][info][gc,heap     ] GC(24) Old regions: 181->181
[2026-09-05T11:11:51.248-0400][46.756s][info][gc,heap     ] GC(24) Archive regions: 0->0
[2026-09-05T11:11:51.248-0400][46.756s][info][gc,heap     ] GC(24) Humongous regions: 15->15
[2026-09-05T11:11:51.248-0400][46.756s][info][gc,metaspace] GC(24) Metaspace: 122622K(124544K)->122622K(124544K) NonClass: 104524K(105600K)->104524K(105600K) Class: 18098K(18944K)->18098K(18944K)
[2026-09-05T11:11:51.248-0400][46.756s][info][gc          ] GC(24) Pause Young (Normal) (G1 Evacuation Pause) 849M->418M(1024M) 4.439ms
[2026-09-05T11:11:51.248-0400][46.756s][info][gc,cpu      ] GC(24) User=0.30s Sys=0.08s Real=0.00s
[2026-09-05T11:11:51.490-0400][46.997s][info][gc,start    ] GC(25) Pause Young (Normal) (G1 Evacuation Pause)
[2026-09-05T11:11:51.490-0400][46.997s][info][gc,task     ] GC(25) Using 23 workers of 23 for evacuation
[2026-09-05T11:11:51.494-0400][47.002s][info][gc,phases   ] GC(25)   Pre Evacuate Collection Set: 0.13ms
[2026-09-05T11:11:51.494-0400][47.002s][info][gc,phases   ] GC(25)   Merge Heap Roots: 0.22ms
[2026-09-05T11:11:51.494-0400][47.002s][info][gc,phases   ] GC(25)   Evacuate Collection Set: 3.21ms
[2026-09-05T11:11:51.494-0400][47.002s][info][gc,phases   ] GC(25)   Post Evacuate Collection Set: 0.55ms
[2026-09-05T11:11:51.494-0400][47.002s][info][gc,phases   ] GC(25)   Other: 0.12ms
[2026-09-05T11:11:51.494-0400][47.002s][info][gc,heap     ] GC(25) Eden regions: 221->0(224)
[2026-09-05T11:11:51.494-0400][47.002s][info][gc,heap     ] GC(25) Survivor regions: 15->16(30)
[2026-09-05T11:11:51.494-0400][47.002s][info][gc,heap     ] GC(25) Old regions: 181->181
[2026-09-05T11:11:51.494-0400][47.002s][info][gc,heap     ] GC(25) Archive regions: 0->0
[2026-09-05T11:11:51.494-0400][47.002s][info][gc,heap     ] GC(25) Humongous regions: 15->15
[2026-09-05T11:11:51.495-0400][47.002s][info][gc,metaspace] GC(25) Metaspace: 122837K(124736K)->122837K(124736K) NonClass: 104717K(105792K)->104717K(105792K) Class: 18120K(18944K)->18120K(18944K)
[2026-09-05T11:11:51.495-0400][47.002s][info][gc          ] GC(25) Pause Young (Normal) (G1 Evacuation Pause) 860M->422M(1024M) 4.415ms
[2026-09-05T11:11:51.495-0400][47.002s][info][gc,cpu      ] GC(25) User=0.00s Sys=0.00s Real=0.00s
[2026-09-05T11:11:52.012-0400][47.519s][info][gc,start    ] GC(26) Pause Young (Normal) (G1 Evacuation Pause)
[2026-09-05T11:11:52.012-0400][47.519s][info][gc,task     ] GC(26) Using 23 workers of 23 for evacuation
[2026-09-05T11:11:52.016-0400][47.524s][info][gc,phases   ] GC(26)   Pre Evacuate Collection Set: 0.17ms
[2026-09-05T11:11:52.016-0400][47.524s][info][gc,phases   ] GC(26)   Merge Heap Roots: 0.11ms
[2026-09-05T11:11:52.016-0400][47.524s][info][gc,phases   ] GC(26)   Evacuate Collection Set: 3.61ms
[2026-09-05T11:11:52.016-0400][47.524s][info][gc,phases   ] GC(26)   Post Evacuate Collection Set: 0.59ms
[2026-09-05T11:11:52.016-0400][47.524s][info][gc,phases   ] GC(26)   Other: 0.14ms
[2026-09-05T11:11:52.016-0400][47.524s][info][gc,heap     ] GC(26) Eden regions: 224->0(227)
[2026-09-05T11:11:52.016-0400][47.524s][info][gc,heap     ] GC(26) Survivor regions: 16->16(30)
[2026-09-05T11:11:52.016-0400][47.524s][info][gc,heap     ] GC(26) Old regions: 181->181
[2026-09-05T11:11:52.016-0400][47.524s][info][gc,heap     ] GC(26) Archive regions: 0->0
[2026-09-05T11:11:52.016-0400][47.524s][info][gc,heap     ] GC(26) Humongous regions: 15->15
[2026-09-05T11:11:52.018-0400][47.524s][info][gc,metaspace] GC(26) Metaspace: 123415K(125312K)->123415K(125312K) NonClass: 105217K(106240K)->105217K(106240K) Class: 18198K(19072K)->18198K(19072K)
[2026-09-05T11:11:52.018-0400][47.524s][info][gc          ] GC(26) Pause Young (Normal) (G1 Evacuation Pause) 870M->420M(1024M) 4.780ms
[2026-09-05T11:11:52.018-0400][47.524s][info][gc,cpu      ] GC(26) User=0.00s Sys=0.00s Real=0.01s
[2026-09-05T11:11:52.069-0400][47.576s][info][gc,start    ] GC(27) Pause Young (Normal) (G1 Evacuation Pause)
[2026-09-05T11:11:52.069-0400][47.576s][info][gc,task     ] GC(27) Using 23 workers of 23 for evacuation
[2026-09-05T11:11:52.073-0400][47.580s][info][gc,phases   ] GC(27)   Pre Evacuate Collection Set: 0.12ms
[2026-09-05T11:11:52.073-0400][47.580s][info][gc,phases   ] GC(27)   Merge Heap Roots: 0.11ms
[2026-09-05T11:11:52.074-0400][47.580s][info][gc,phases   ] GC(27)   Evacuate Collection Set: 3.54ms
[2026-09-05T11:11:52.074-0400][47.580s][info][gc,phases   ] GC(27)   Post Evacuate Collection Set: 0.51ms
[2026-09-05T11:11:52.074-0400][47.580s][info][gc,phases   ] GC(27)   Other: 0.15ms
[2026-09-05T11:11:52.074-0400][47.580s][info][gc,heap     ] GC(27) Eden regions: 227->0(229)
[2026-09-05T11:11:52.074-0400][47.580s][info][gc,heap     ] GC(27) Survivor regions: 16->17(31)
[2026-09-05T11:11:52.074-0400][47.580s][info][gc,heap     ] GC(27) Old regions: 181->181
[2026-09-05T11:11:52.074-0400][47.580s][info][gc,heap     ] GC(27) Archive regions: 0->0
[2026-09-05T11:11:52.074-0400][47.580s][info][gc,heap     ] GC(27) Humongous regions: 15->15
[2026-09-05T11:11:52.074-0400][47.580s][info][gc,metaspace] GC(27) Metaspace: 123443K(125376K)->123443K(125376K) NonClass: 105242K(106304K)->105242K(106304K) Class: 18201K(19072K)->18201K(19072K)
[2026-09-05T11:11:52.074-0400][47.580s][info][gc          ] GC(27) Pause Young (Normal) (G1 Evacuation Pause) 874M->423M(1024M) 4.630ms
[2026-09-05T11:11:52.074-0400][47.580s][info][gc,cpu      ] GC(27) User=0.00s Sys=0.00s Real=0.00s
[2026-09-05T11:11:52.772-0400][48.279s][info][gc,start    ] GC(28) Pause Young (Normal) (G1 Evacuation Pause)
[2026-09-05T11:11:52.772-0400][48.279s][info][gc,task     ] GC(28) Using 23 workers of 23 for evacuation
[2026-09-05T11:11:52.796-0400][48.304s][info][gc,phases   ] GC(28)   Pre Evacuate Collection Set: 0.12ms
[2026-09-05T11:11:52.796-0400][48.304s][info][gc,phases   ] GC(28)   Merge Heap Roots: 0.12ms
[2026-09-05T11:11:52.796-0400][48.304s][info][gc,phases   ] GC(28)   Evacuate Collection Set: 23.65ms
[2026-09-05T11:11:52.796-0400][48.304s][info][gc,phases   ] GC(28)   Post Evacuate Collection Set: 0.79ms
[2026-09-05T11:11:52.796-0400][48.304s][info][gc,phases   ] GC(28)   Other: 0.20ms
[2026-09-05T11:11:52.796-0400][48.304s][info][gc,heap     ] GC(28) Eden regions: 229->0(159)
[2026-09-05T11:11:52.796-0400][48.304s][info][gc,heap     ] GC(28) Survivor regions: 17->31(31)
[2026-09-05T11:11:52.796-0400][48.304s][info][gc,heap     ] GC(28) Old regions: 181->203
[2026-09-05T11:11:52.796-0400][48.304s][info][gc,heap     ] GC(28) Archive regions: 0->0
[2026-09-05T11:11:52.796-0400][48.304s][info][gc,heap     ] GC(28) Humongous regions: 15->15
[2026-09-05T11:11:52.796-0400][48.304s][info][gc,metaspace] GC(28) Metaspace: 124054K(125952K)->124054K(125952K) NonClass: 105771K(106816K)->105771K(106816K) Class: 18282K(19136K)->18282K(19136K)
[2026-09-05T11:11:52.796-0400][48.304s][info][gc          ] GC(28) Pause Young (Normal) (G1 Evacuation Pause) 881M->496M(1024M) 24.990ms
[2026-09-05T11:11:52.796-0400][48.304s][info][gc,cpu      ] GC(28) User=0.67s Sys=0.08s Real=0.02s
[2026-09-05T11:11:53.079-0400][48.586s][info][gc,start    ] GC(29) Pause Young (Normal) (G1 Evacuation Pause)
[2026-09-05T11:11:53.079-0400][48.586s][info][gc,task     ] GC(29) Using 23 workers of 23 for evacuation
[2026-09-05T11:11:53.116-0400][48.623s][info][gc,phases   ] GC(29)   Pre Evacuate Collection Set: 0.15ms
[2026-09-05T11:11:53.116-0400][48.623s][info][gc,phases   ] GC(29)   Merge Heap Roots: 0.54ms
[2026-09-05T11:11:53.116-0400][48.623s][info][gc,phases   ] GC(29)   Evacuate Collection Set: 35.70ms
[2026-09-05T11:11:53.116-0400][48.623s][info][gc,phases   ] GC(29)   Post Evacuate Collection Set: 0.69ms
[2026-09-05T11:11:53.116-0400][48.623s][info][gc,phases   ] GC(29)   Other: 0.23ms
[2026-09-05T11:11:53.116-0400][48.623s][info][gc,heap     ] GC(29) Eden regions: 159->0(74)
[2026-09-05T11:11:53.116-0400][48.623s][info][gc,heap     ] GC(29) Survivor regions: 31->24(24)
[2026-09-05T11:11:53.116-0400][48.623s][info][gc,heap     ] GC(29) Old regions: 203->285
[2026-09-05T11:11:53.116-0400][48.623s][info][gc,heap     ] GC(29) Archive regions: 0->0
[2026-09-05T11:11:53.116-0400][48.623s][info][gc,heap     ] GC(29) Humongous regions: 15->15
[2026-09-05T11:11:53.116-0400][48.623s][info][gc,metaspace] GC(29) Metaspace: 124079K(125952K)->124079K(125952K) NonClass: 105795K(106816K)->105795K(106816K) Class: 18283K(19136K)->18283K(19136K)
[2026-09-05T11:11:53.116-0400][48.623s][info][gc          ] GC(29) Pause Young (Normal) (G1 Evacuation Pause) 814M->647M(1028M) 37.527ms
[2026-09-05T11:11:53.116-0400][48.623s][info][gc,cpu      ] GC(29) User=0.70s Sys=0.03s Real=0.04s
[2026-09-05T11:11:53.159-0400][48.666s][info][gc,start    ] GC(30) Pause Young (Concurrent Start) (G1 Evacuation Pause)
[2026-09-05T11:11:53.159-0400][48.666s][info][gc,task     ] GC(30) Using 23 workers of 23 for evacuation
[2026-09-05T11:11:53.170-0400][48.676s][info][gc,phases   ] GC(30)   Pre Evacuate Collection Set: 0.30ms
[2026-09-05T11:11:53.170-0400][48.676s][info][gc,phases   ] GC(30)   Merge Heap Roots: 0.24ms
[2026-09-05T11:11:53.170-0400][48.676s][info][gc,phases   ] GC(30)   Evacuate Collection Set: 8.85ms
[2026-09-05T11:11:53.170-0400][48.676s][info][gc,phases   ] GC(30)   Post Evacuate Collection Set: 0.43ms
[2026-09-05T11:11:53.170-0400][48.676s][info][gc,phases   ] GC(30)   Other: 0.33ms
[2026-09-05T11:11:53.170-0400][48.676s][info][gc,heap     ] GC(30) Eden regions: 74->0(74)
[2026-09-05T11:11:53.170-0400][48.676s][info][gc,heap     ] GC(30) Survivor regions: 24->5(13)
[2026-09-05T11:11:53.170-0400][48.677s][info][gc,heap     ] GC(30) Old regions: 285->318
[2026-09-05T11:11:53.170-0400][48.677s][info][gc,heap     ] GC(30) Archive regions: 0->0
[2026-09-05T11:11:53.170-0400][48.677s][info][gc,heap     ] GC(30) Humongous regions: 15->15
[2026-09-05T11:11:53.170-0400][48.677s][info][gc,metaspace] GC(30) Metaspace: 124079K(125952K)->124079K(125952K) NonClass: 105795K(106816K)->105795K(106816K) Class: 18283K(19136K)->18283K(19136K)
[2026-09-05T11:11:53.170-0400][48.677s][info][gc          ] GC(30) Pause Young (Concurrent Start) (G1 Evacuation Pause) 795M->674M(1028M) 10.395ms
[2026-09-05T11:11:53.170-0400][48.677s][info][gc,cpu      ] GC(30) User=0.38s Sys=0.00s Real=0.01s
[2026-09-05T11:11:53.170-0400][48.677s][info][gc          ] GC(31) Concurrent Mark Cycle
[2026-09-05T11:11:53.170-0400][48.677s][info][gc,marking  ] GC(31) Concurrent Clear Claimed Marks
[2026-09-05T11:11:53.170-0400][48.677s][info][gc,marking  ] GC(31) Concurrent Clear Claimed Marks 0.136ms
[2026-09-05T11:11:53.170-0400][48.677s][info][gc,marking  ] GC(31) Concurrent Scan Root Regions
[2026-09-05T11:11:53.179-0400][48.685s][info][gc,marking  ] GC(31) Concurrent Scan Root Regions 8.497ms
[2026-09-05T11:11:53.179-0400][48.685s][info][gc,marking  ] GC(31) Concurrent Mark
[2026-09-05T11:11:53.179-0400][48.685s][info][gc,marking  ] GC(31) Concurrent Mark From Roots
[2026-09-05T11:11:53.179-0400][48.685s][info][gc,task     ] GC(31) Using 6 workers of 6 for marking
[2026-09-05T11:11:53.246-0400][48.753s][info][gc,start    ] GC(32) Pause Young (Normal) (G1 Evacuation Pause)
[2026-09-05T11:11:53.246-0400][48.753s][info][gc,task     ] GC(32) Using 23 workers of 23 for evacuation
[2026-09-05T11:11:53.249-0400][48.756s][info][gc,phases   ] GC(32)   Pre Evacuate Collection Set: 0.13ms
[2026-09-05T11:11:53.249-0400][48.756s][info][gc,phases   ] GC(32)   Merge Heap Roots: 0.14ms
[2026-09-05T11:11:53.249-0400][48.756s][info][gc,phases   ] GC(32)   Evacuate Collection Set: 1.83ms
[2026-09-05T11:11:53.249-0400][48.756s][info][gc,phases   ] GC(32)   Post Evacuate Collection Set: 0.40ms
[2026-09-05T11:11:53.249-0400][48.756s][info][gc,phases   ] GC(32)   Other: 0.21ms
[2026-09-05T11:11:53.249-0400][48.756s][info][gc,heap     ] GC(32) Eden regions: 74->0(82)
[2026-09-05T11:11:53.249-0400][48.756s][info][gc,heap     ] GC(32) Survivor regions: 5->2(10)
[2026-09-05T11:11:53.249-0400][48.756s][info][gc,heap     ] GC(32) Old regions: 318->318
[2026-09-05T11:11:53.249-0400][48.756s][info][gc,heap     ] GC(32) Archive regions: 0->0
[2026-09-05T11:11:53.249-0400][48.756s][info][gc,heap     ] GC(32) Humongous regions: 15->15
[2026-09-05T11:11:53.249-0400][48.756s][info][gc,metaspace] GC(32) Metaspace: 124081K(125952K)->124081K(125952K) NonClass: 105798K(106816K)->105798K(106816K) Class: 18283K(19136K)->18283K(19136K)
[2026-09-05T11:11:53.249-0400][48.756s][info][gc          ] GC(32) Pause Young (Normal) (G1 Evacuation Pause) 822M->668M(1028M) 2.932ms
[2026-09-05T11:11:53.249-0400][48.756s][info][gc,cpu      ] GC(32) User=0.33s Sys=0.05s Real=0.00s
[2026-09-05T11:11:53.280-0400][48.787s][info][gc,start    ] GC(33) Pause Young (Normal) (G1 Evacuation Pause)
[2026-09-05T11:11:53.280-0400][48.787s][info][gc,task     ] GC(33) Using 23 workers of 23 for evacuation
[2026-09-05T11:11:53.282-0400][48.789s][info][gc,phases   ] GC(33)   Pre Evacuate Collection Set: 0.11ms
[2026-09-05T11:11:53.282-0400][48.789s][info][gc,phases   ] GC(33)   Merge Heap Roots: 0.09ms
[2026-09-05T11:11:53.282-0400][48.789s][info][gc,phases   ] GC(33)   Evacuate Collection Set: 1.40ms
[2026-09-05T11:11:53.282-0400][48.789s][info][gc,phases   ] GC(33)   Post Evacuate Collection Set: 0.34ms
[2026-09-05T11:11:53.282-0400][48.789s][info][gc,phases   ] GC(33)   Other: 0.21ms
[2026-09-05T11:11:53.282-0400][48.789s][info][gc,heap     ] GC(33) Eden regions: 82->0(88)
[2026-09-05T11:11:53.282-0400][48.789s][info][gc,heap     ] GC(33) Survivor regions: 2->3(11)
[2026-09-05T11:11:53.282-0400][48.789s][info][gc,heap     ] GC(33) Old regions: 318->318
[2026-09-05T11:11:53.282-0400][48.789s][info][gc,heap     ] GC(33) Archive regions: 0->0
[2026-09-05T11:11:53.282-0400][48.789s][info][gc,heap     ] GC(33) Humongous regions: 15->15
[2026-09-05T11:11:53.282-0400][48.789s][info][gc,metaspace] GC(33) Metaspace: 124081K(125952K)->124081K(125952K) NonClass: 105798K(106816K)->105798K(106816K) Class: 18283K(19136K)->18283K(19136K)
[2026-09-05T11:11:53.282-0400][48.789s][info][gc          ] GC(33) Pause Young (Normal) (G1 Evacuation Pause) 832M->669M(1028M) 2.386ms
[2026-09-05T11:11:53.282-0400][48.789s][info][gc,cpu      ] GC(33) User=0.00s Sys=0.00s Real=0.00s
[2026-09-05T11:11:53.318-0400][48.825s][info][gc,start    ] GC(34) Pause Young (Normal) (G1 Evacuation Pause)
[2026-09-05T11:11:53.318-0400][48.825s][info][gc,task     ] GC(34) Using 23 workers of 23 for evacuation
[2026-09-05T11:11:53.322-0400][48.829s][info][gc,phases   ] GC(34)   Pre Evacuate Collection Set: 0.10ms
[2026-09-05T11:11:53.322-0400][48.829s][info][gc,phases   ] GC(34)   Merge Heap Roots: 0.11ms
[2026-09-05T11:11:53.322-0400][48.829s][info][gc,phases   ] GC(34)   Evacuate Collection Set: 1.24ms
[2026-09-05T11:11:53.322-0400][48.829s][info][gc,phases   ] GC(34)   Post Evacuate Collection Set: 2.18ms
[2026-09-05T11:11:53.322-0400][48.829s][info][gc,phases   ] GC(34)   Other: 0.22ms
[2026-09-05T11:11:53.322-0400][48.829s][info][gc,heap     ] GC(34) Eden regions: 88->0(283)
[2026-09-05T11:11:53.322-0400][48.829s][info][gc,heap     ] GC(34) Survivor regions: 3->3(12)
[2026-09-05T11:11:53.322-0400][48.829s][info][gc,heap     ] GC(34) Old regions: 318->318
[2026-09-05T11:11:53.322-0400][48.829s][info][gc,heap     ] GC(34) Archive regions: 0->0
[2026-09-05T11:11:53.322-0400][48.829s][info][gc,heap     ] GC(34) Humongous regions: 15->15
[2026-09-05T11:11:53.322-0400][48.829s][info][gc,metaspace] GC(34) Metaspace: 124085K(125952K)->124085K(125952K) NonClass: 105801K(106816K)->105801K(106816K) Class: 18283K(19136K)->18283K(19136K)
[2026-09-05T11:11:53.322-0400][48.829s][info][gc          ] GC(34) Pause Young (Normal) (G1 Evacuation Pause) 845M->669M(1594M) 4.098ms
[2026-09-05T11:11:53.322-0400][48.829s][info][gc,cpu      ] GC(34) User=0.00s Sys=0.00s Real=0.00s
[2026-09-05T11:11:53.424-0400][48.930s][info][gc,marking  ] GC(31) Concurrent Mark From Roots 244.416ms
[2026-09-05T11:11:53.424-0400][48.930s][info][gc,marking  ] GC(31) Concurrent Preclean
[2026-09-05T11:11:53.424-0400][48.930s][info][gc,marking  ] GC(31) Concurrent Preclean 0.300ms
[2026-09-05T11:11:53.427-0400][48.933s][info][gc,start    ] GC(31) Pause Remark
[2026-09-05T11:11:53.446-0400][48.953s][info][gc          ] GC(31) Pause Remark 940M->934M(1594M) 19.704ms
[2026-09-05T11:11:53.446-0400][48.953s][info][gc,cpu      ] GC(31) User=0.12s Sys=0.02s Real=0.02s
[2026-09-05T11:11:53.446-0400][48.953s][info][gc,marking  ] GC(31) Concurrent Mark 267.331ms
[2026-09-05T11:11:53.446-0400][48.953s][info][gc,marking  ] GC(31) Concurrent Rebuild Remembered Sets
[2026-09-05T11:11:53.682-0400][49.189s][info][gc,marking  ] GC(31) Concurrent Rebuild Remembered Sets 236.220ms
[2026-09-05T11:11:53.682-0400][49.189s][info][gc,start    ] GC(31) Pause Cleanup
[2026-09-05T11:11:53.682-0400][49.190s][info][gc          ] GC(31) Pause Cleanup 1023M->1023M(1594M) 0.312ms
[2026-09-05T11:11:53.682-0400][49.190s][info][gc,cpu      ] GC(31) User=0.00s Sys=0.00s Real=0.00s
[2026-09-05T11:11:53.682-0400][49.190s][info][gc,marking  ] GC(31) Concurrent Cleanup for Next Mark
[2026-09-05T11:11:53.685-0400][49.192s][info][gc,marking  ] GC(31) Concurrent Cleanup for Next Mark 2.286ms
[2026-09-05T11:11:53.685-0400][49.192s][info][gc          ] GC(31) Concurrent Mark Cycle 515.359ms
[2026-09-05T11:11:53.788-0400][49.295s][info][gc,start    ] GC(35) Pause Young (Prepare Mixed) (G1 Evacuation Pause)
[2026-09-05T11:11:53.788-0400][49.295s][info][gc,task     ] GC(35) Using 23 workers of 23 for evacuation
[2026-09-05T11:11:53.790-0400][49.297s][info][gc,phases   ] GC(35)   Pre Evacuate Collection Set: 0.14ms
[2026-09-05T11:11:53.790-0400][49.297s][info][gc,phases   ] GC(35)   Merge Heap Roots: 0.17ms
[2026-09-05T11:11:53.790-0400][49.297s][info][gc,phases   ] GC(35)   Evacuate Collection Set: 1.27ms
[2026-09-05T11:11:53.790-0400][49.297s][info][gc,phases   ] GC(35)   Post Evacuate Collection Set: 0.56ms
[2026-09-05T11:11:53.790-0400][49.297s][info][gc,phases   ] GC(35)   Other: 0.23ms
[2026-09-05T11:11:53.790-0400][49.297s][info][gc,heap     ] GC(35) Eden regions: 283->0(35)
[2026-09-05T11:11:53.790-0400][49.297s][info][gc,heap     ] GC(35) Survivor regions: 3->4(36)
[2026-09-05T11:11:53.790-0400][49.297s][info][gc,heap     ] GC(35) Old regions: 315->315
[2026-09-05T11:11:53.790-0400][49.297s][info][gc,heap     ] GC(35) Archive regions: 0->0
[2026-09-05T11:11:53.790-0400][49.297s][info][gc,heap     ] GC(35) Humongous regions: 15->15
[2026-09-05T11:11:53.791-0400][49.297s][info][gc,metaspace] GC(35) Metaspace: 123995K(125952K)->123995K(125952K) NonClass: 105744K(106816K)->105744K(106816K) Class: 18251K(19136K)->18251K(19136K)
[2026-09-05T11:11:53.791-0400][49.297s][info][gc          ] GC(35) Pause Young (Prepare Mixed) (G1 Evacuation Pause) 1229M->665M(1594M) 2.595ms
[2026-09-05T11:11:53.791-0400][49.297s][info][gc,cpu      ] GC(35) User=0.00s Sys=0.00s Real=0.00s
[2026-09-05T11:11:53.869-0400][49.376s][info][gc,start    ] GC(36) Pause Young (Mixed) (G1 Evacuation Pause)
[2026-09-05T11:11:53.869-0400][49.376s][info][gc,task     ] GC(36) Using 23 workers of 23 for evacuation
[2026-09-05T11:11:53.872-0400][49.378s][info][gc,phases   ] GC(36)   Pre Evacuate Collection Set: 0.13ms
[2026-09-05T11:11:53.872-0400][49.378s][info][gc,phases   ] GC(36)   Merge Heap Roots: 0.12ms
[2026-09-05T11:11:53.872-0400][49.378s][info][gc,phases   ] GC(36)   Evacuate Collection Set: 1.53ms
[2026-09-05T11:11:53.872-0400][49.378s][info][gc,phases   ] GC(36)   Post Evacuate Collection Set: 0.35ms
[2026-09-05T11:11:53.872-0400][49.378s][info][gc,phases   ] GC(36)   Other: 0.20ms
[2026-09-05T11:11:53.872-0400][49.378s][info][gc,heap     ] GC(36) Eden regions: 35->0(307)
[2026-09-05T11:11:53.872-0400][49.378s][info][gc,heap     ] GC(36) Survivor regions: 4->3(5)
[2026-09-05T11:11:53.872-0400][49.378s][info][gc,heap     ] GC(36) Old regions: 315->310
[2026-09-05T11:11:53.872-0400][49.378s][info][gc,heap     ] GC(36) Archive regions: 0->0
[2026-09-05T11:11:53.872-0400][49.378s][info][gc,heap     ] GC(36) Humongous regions: 15->15
[2026-09-05T11:11:53.872-0400][49.378s][info][gc,metaspace] GC(36) Metaspace: 123995K(125952K)->123995K(125952K) NonClass: 105744K(106816K)->105744K(106816K) Class: 18251K(19136K)->18251K(19136K)
[2026-09-05T11:11:53.872-0400][49.378s][info][gc          ] GC(36) Pause Young (Mixed) (G1 Evacuation Pause) 735M->655M(1594M) 2.457ms
[2026-09-05T11:11:53.872-0400][49.378s][info][gc,cpu      ] GC(36) User=0.03s Sys=0.00s Real=0.00s
[2026-09-05T11:11:54.429-0400][49.936s][info][gc,start    ] GC(37) Pause Young (Normal) (G1 Evacuation Pause)
[2026-09-05T11:11:54.429-0400][49.936s][info][gc,task     ] GC(37) Using 23 workers of 23 for evacuation
[2026-09-05T11:11:54.433-0400][49.940s][info][gc,phases   ] GC(37)   Pre Evacuate Collection Set: 0.15ms
[2026-09-05T11:11:54.433-0400][49.940s][info][gc,phases   ] GC(37)   Merge Heap Roots: 0.13ms
[2026-09-05T11:11:54.433-0400][49.940s][info][gc,phases   ] GC(37)   Evacuate Collection Set: 2.35ms
[2026-09-05T11:11:54.433-0400][49.940s][info][gc,phases   ] GC(37)   Post Evacuate Collection Set: 0.52ms
[2026-09-05T11:11:54.433-0400][49.940s][info][gc,phases   ] GC(37)   Other: 0.15ms
[2026-09-05T11:11:54.433-0400][49.940s][info][gc,heap     ] GC(37) Eden regions: 307->0(318)
[2026-09-05T11:11:54.433-0400][49.940s][info][gc,heap     ] GC(37) Survivor regions: 3->6(39)
[2026-09-05T11:11:54.433-0400][49.940s][info][gc,heap     ] GC(37) Old regions: 310->310
[2026-09-05T11:11:54.433-0400][49.940s][info][gc,heap     ] GC(37) Archive regions: 0->0
[2026-09-05T11:11:54.433-0400][49.940s][info][gc,heap     ] GC(37) Humongous regions: 15->15
[2026-09-05T11:11:54.433-0400][49.940s][info][gc,metaspace] GC(37) Metaspace: 124637K(126464K)->124637K(126464K) NonClass: 106301K(107328K)->106301K(107328K) Class: 18335K(19136K)->18335K(19136K)
[2026-09-05T11:11:54.433-0400][49.940s][info][gc          ] GC(37) Pause Young (Normal) (G1 Evacuation Pause) 1269M->661M(1594M) 3.487ms
[2026-09-05T11:11:54.433-0400][49.940s][info][gc,cpu      ] GC(37) User=0.00s Sys=0.00s Real=0.00s
[2026-09-05T11:11:54.542-0400][50.049s][info][gc,start    ] GC(38) Pause Young (Normal) (G1 Evacuation Pause)
[2026-09-05T11:11:54.542-0400][50.049s][info][gc,task     ] GC(38) Using 23 workers of 23 for evacuation
[2026-09-05T11:11:54.546-0400][50.052s][info][gc,phases   ] GC(38)   Pre Evacuate Collection Set: 0.13ms
[2026-09-05T11:11:54.546-0400][50.052s][info][gc,phases   ] GC(38)   Merge Heap Roots: 0.19ms
[2026-09-05T11:11:54.546-0400][50.052s][info][gc,phases   ] GC(38)   Evacuate Collection Set: 2.07ms
[2026-09-05T11:11:54.546-0400][50.052s][info][gc,phases   ] GC(38)   Post Evacuate Collection Set: 0.46ms
[2026-09-05T11:11:54.546-0400][50.052s][info][gc,phases   ] GC(38)   Other: 0.24ms
[2026-09-05T11:11:54.546-0400][50.052s][info][gc,heap     ] GC(38) Eden regions: 318->0(331)
[2026-09-05T11:11:54.546-0400][50.052s][info][gc,heap     ] GC(38) Survivor regions: 6->8(41)
[2026-09-05T11:11:54.546-0400][50.053s][info][gc,heap     ] GC(38) Old regions: 310->310
[2026-09-05T11:11:54.546-0400][50.053s][info][gc,heap     ] GC(38) Archive regions: 0->0
[2026-09-05T11:11:54.546-0400][50.053s][info][gc,heap     ] GC(38) Humongous regions: 15->15
[2026-09-05T11:11:54.546-0400][50.053s][info][gc,metaspace] GC(38) Metaspace: 124647K(126464K)->124647K(126464K) NonClass: 106312K(107328K)->106312K(107328K) Class: 18335K(19136K)->18335K(19136K)
[2026-09-05T11:11:54.546-0400][50.053s][info][gc          ] GC(38) Pause Young (Normal) (G1 Evacuation Pause) 1297M->665M(1594M) 3.198ms
[2026-09-05T11:11:54.546-0400][50.053s][info][gc,cpu      ] GC(38) User=0.31s Sys=0.00s Real=0.00s
[2026-09-05T11:11:55.096-0400][50.603s][info][gc,start    ] GC(39) Pause Young (Normal) (G1 Evacuation Pause)
[2026-09-05T11:11:55.096-0400][50.603s][info][gc,task     ] GC(39) Using 23 workers of 23 for evacuation
[2026-09-05T11:11:55.100-0400][50.606s][info][gc,phases   ] GC(39)   Pre Evacuate Collection Set: 0.13ms
[2026-09-05T11:11:55.100-0400][50.606s][info][gc,phases   ] GC(39)   Merge Heap Roots: 0.16ms
[2026-09-05T11:11:55.100-0400][50.606s][info][gc,phases   ] GC(39)   Evacuate Collection Set: 2.59ms
[2026-09-05T11:11:55.100-0400][50.606s][info][gc,phases   ] GC(39)   Post Evacuate Collection Set: 0.54ms
[2026-09-05T11:11:55.100-0400][50.606s][info][gc,phases   ] GC(39)   Other: 0.16ms
[2026-09-05T11:11:55.100-0400][50.606s][info][gc,heap     ] GC(39) Eden regions: 331->0(337)
[2026-09-05T11:11:55.100-0400][50.606s][info][gc,heap     ] GC(39) Survivor regions: 8->11(43)
[2026-09-05T11:11:55.100-0400][50.606s][info][gc,heap     ] GC(39) Old regions: 310->310
[2026-09-05T11:11:55.100-0400][50.606s][info][gc,heap     ] GC(39) Archive regions: 0->0
[2026-09-05T11:11:55.100-0400][50.606s][info][gc,heap     ] GC(39) Humongous regions: 15->15
[2026-09-05T11:11:55.100-0400][50.606s][info][gc,metaspace] GC(39) Metaspace: 124932K(126784K)->124932K(126784K) NonClass: 106568K(107584K)->106568K(107584K) Class: 18363K(19200K)->18363K(19200K)
[2026-09-05T11:11:55.100-0400][50.606s][info][gc          ] GC(39) Pause Young (Normal) (G1 Evacuation Pause) 1327M->670M(1594M) 3.697ms
[2026-09-05T11:11:55.100-0400][50.606s][info][gc,cpu      ] GC(39) User=0.00s Sys=0.00s Real=0.00s
[2026-09-05T11:11:55.243-0400][50.750s][info][gc,start    ] GC(40) Pause Young (Normal) (G1 Evacuation Pause)
[2026-09-05T11:11:55.243-0400][50.750s][info][gc,task     ] GC(40) Using 23 workers of 23 for evacuation
[2026-09-05T11:11:55.246-0400][50.753s][info][gc,phases   ] GC(40)   Pre Evacuate Collection Set: 0.12ms
[2026-09-05T11:11:55.246-0400][50.753s][info][gc,phases   ] GC(40)   Merge Heap Roots: 0.15ms
[2026-09-05T11:11:55.246-0400][50.753s][info][gc,phases   ] GC(40)   Evacuate Collection Set: 2.54ms
[2026-09-05T11:11:55.246-0400][50.753s][info][gc,phases   ] GC(40)   Post Evacuate Collection Set: 0.43ms
[2026-09-05T11:11:55.246-0400][50.753s][info][gc,phases   ] GC(40)   Other: 0.15ms
[2026-09-05T11:11:55.246-0400][50.753s][info][gc,heap     ] GC(40) Eden regions: 337->0(343)
[2026-09-05T11:11:55.246-0400][50.753s][info][gc,heap     ] GC(40) Survivor regions: 11->13(44)
[2026-09-05T11:11:55.246-0400][50.753s][info][gc,heap     ] GC(40) Old regions: 310->310
[2026-09-05T11:11:55.246-0400][50.753s][info][gc,heap     ] GC(40) Archive regions: 0->0
[2026-09-05T11:11:55.246-0400][50.753s][info][gc,heap     ] GC(40) Humongous regions: 15->15
[2026-09-05T11:11:55.246-0400][50.753s][info][gc,metaspace] GC(40) Metaspace: 124996K(126848K)->124996K(126848K) NonClass: 106616K(107648K)->106616K(107648K) Class: 18380K(19200K)->18380K(19200K)
[2026-09-05T11:11:55.246-0400][50.753s][info][gc          ] GC(40) Pause Young (Normal) (G1 Evacuation Pause) 1344M->674M(1594M) 3.531ms
[2026-09-05T11:11:55.246-0400][50.753s][info][gc,cpu      ] GC(40) User=0.00s Sys=0.00s Real=0.00s
[2026-09-05T11:11:55.618-0400][51.124s][info][gc,start    ] GC(41) Pause Young (Normal) (G1 Evacuation Pause)
[2026-09-05T11:11:55.618-0400][51.124s][info][gc,task     ] GC(41) Using 23 workers of 23 for evacuation
[2026-09-05T11:11:55.622-0400][51.129s][info][gc,phases   ] GC(41)   Pre Evacuate Collection Set: 0.13ms
[2026-09-05T11:11:55.622-0400][51.129s][info][gc,phases   ] GC(41)   Merge Heap Roots: 0.15ms
[2026-09-05T11:11:55.622-0400][51.129s][info][gc,phases   ] GC(41)   Evacuate Collection Set: 3.58ms
[2026-09-05T11:11:55.622-0400][51.129s][info][gc,phases   ] GC(41)   Post Evacuate Collection Set: 0.53ms
[2026-09-05T11:11:55.622-0400][51.129s][info][gc,phases   ] GC(41)   Other: 0.23ms
[2026-09-05T11:11:55.622-0400][51.129s][info][gc,heap     ] GC(41) Eden regions: 343->0(344)
[2026-09-05T11:11:55.622-0400][51.129s][info][gc,heap     ] GC(41) Survivor regions: 13->16(45)
[2026-09-05T11:11:55.622-0400][51.129s][info][gc,heap     ] GC(41) Old regions: 310->310
[2026-09-05T11:11:55.622-0400][51.129s][info][gc,heap     ] GC(41) Archive regions: 0->0
[2026-09-05T11:11:55.622-0400][51.129s][info][gc,heap     ] GC(41) Humongous regions: 15->15
[2026-09-05T11:11:55.622-0400][51.129s][info][gc,metaspace] GC(41) Metaspace: 125117K(126912K)->125117K(126912K) NonClass: 106727K(107712K)->106727K(107712K) Class: 18389K(19200K)->18389K(19200K)
[2026-09-05T11:11:55.622-0400][51.129s][info][gc          ] GC(41) Pause Young (Normal) (G1 Evacuation Pause) 1360M->681M(1594M) 4.713ms
[2026-09-05T11:11:55.622-0400][51.129s][info][gc,cpu      ] GC(41) User=0.05s Sys=0.00s Real=0.01s
[2026-09-05T11:11:55.809-0400][51.315s][info][gc,start    ] GC(42) Pause Young (Normal) (G1 Evacuation Pause)
[2026-09-05T11:11:55.809-0400][51.315s][info][gc,task     ] GC(42) Using 23 workers of 23 for evacuation
[2026-09-05T11:11:55.812-0400][51.319s][info][gc,phases   ] GC(42)   Pre Evacuate Collection Set: 0.13ms
[2026-09-05T11:11:55.812-0400][51.319s][info][gc,phases   ] GC(42)   Merge Heap Roots: 0.18ms
[2026-09-05T11:11:55.812-0400][51.319s][info][gc,phases   ] GC(42)   Evacuate Collection Set: 2.76ms
[2026-09-05T11:11:55.812-0400][51.319s][info][gc,phases   ] GC(42)   Post Evacuate Collection Set: 0.48ms
[2026-09-05T11:11:55.812-0400][51.319s][info][gc,phases   ] GC(42)   Other: 0.13ms
[2026-09-05T11:11:55.812-0400][51.319s][info][gc,heap     ] GC(42) Eden regions: 344->0(349)
[2026-09-05T11:11:55.812-0400][51.319s][info][gc,heap     ] GC(42) Survivor regions: 16->17(45)
[2026-09-05T11:11:55.812-0400][51.319s][info][gc,heap     ] GC(42) Old regions: 310->310
[2026-09-05T11:11:55.812-0400][51.319s][info][gc,heap     ] GC(42) Archive regions: 0->0
[2026-09-05T11:11:55.813-0400][51.319s][info][gc,heap     ] GC(42) Humongous regions: 15->15
[2026-09-05T11:11:55.813-0400][51.319s][info][gc,metaspace] GC(42) Metaspace: 125121K(126912K)->125121K(126912K) NonClass: 106731K(107712K)->106731K(107712K) Class: 18389K(19200K)->18389K(19200K)
[2026-09-05T11:11:55.813-0400][51.319s][info][gc          ] GC(42) Pause Young (Normal) (G1 Evacuation Pause) 1369M->683M(1594M) 3.883ms
[2026-09-05T11:11:55.813-0400][51.319s][info][gc,cpu      ] GC(42) User=0.20s Sys=0.02s Real=0.00s
[2026-09-05T11:11:56.164-0400][51.671s][info][gc,start    ] GC(43) Pause Young (Normal) (G1 Evacuation Pause)
[2026-09-05T11:11:56.164-0400][51.671s][info][gc,task     ] GC(43) Using 23 workers of 23 for evacuation
[2026-09-05T11:11:56.170-0400][51.677s][info][gc,phases   ] GC(43)   Pre Evacuate Collection Set: 0.15ms
[2026-09-05T11:11:56.170-0400][51.677s][info][gc,phases   ] GC(43)   Merge Heap Roots: 0.18ms
[2026-09-05T11:11:56.170-0400][51.677s][info][gc,phases   ] GC(43)   Evacuate Collection Set: 4.40ms
[2026-09-05T11:11:56.170-0400][51.677s][info][gc,phases   ] GC(43)   Post Evacuate Collection Set: 0.73ms
[2026-09-05T11:11:56.170-0400][51.677s][info][gc,phases   ] GC(43)   Other: 0.21ms
[2026-09-05T11:11:56.170-0400][51.677s][info][gc,heap     ] GC(43) Eden regions: 349->0(347)
[2026-09-05T11:11:56.170-0400][51.677s][info][gc,heap     ] GC(43) Survivor regions: 17->21(46)
[2026-09-05T11:11:56.170-0400][51.677s][info][gc,heap     ] GC(43) Old regions: 310->310
[2026-09-05T11:11:56.170-0400][51.677s][info][gc,heap     ] GC(43) Archive regions: 0->0
[2026-09-05T11:11:56.170-0400][51.677s][info][gc,heap     ] GC(43) Humongous regions: 15->15
[2026-09-05T11:11:56.170-0400][51.677s][info][gc,metaspace] GC(43) Metaspace: 125182K(126976K)->125182K(126976K) NonClass: 106792K(107776K)->106792K(107776K) Class: 18389K(19200K)->18389K(19200K)
[2026-09-05T11:11:56.170-0400][51.677s][info][gc          ] GC(43) Pause Young (Normal) (G1 Evacuation Pause) 1381M->691M(1594M) 5.783ms
[2026-09-05T11:11:56.170-0400][51.677s][info][gc,cpu      ] GC(43) User=0.36s Sys=0.00s Real=0.01s
[2026-09-05T11:11:56.313-0400][51.819s][info][gc,start    ] GC(44) Pause Young (Normal) (G1 Evacuation Pause)
[2026-09-05T11:11:56.313-0400][51.819s][info][gc,task     ] GC(44) Using 23 workers of 23 for evacuation
[2026-09-05T11:11:56.317-0400][51.824s][info][gc,phases   ] GC(44)   Pre Evacuate Collection Set: 0.15ms
[2026-09-05T11:11:56.317-0400][51.824s][info][gc,phases   ] GC(44)   Merge Heap Roots: 0.15ms
[2026-09-05T11:11:56.317-0400][51.824s][info][gc,phases   ] GC(44)   Evacuate Collection Set: 3.68ms
[2026-09-05T11:11:56.317-0400][51.824s][info][gc,phases   ] GC(44)   Post Evacuate Collection Set: 0.47ms
[2026-09-05T11:11:56.317-0400][51.824s][info][gc,phases   ] GC(44)   Other: 0.23ms
[2026-09-05T11:11:56.317-0400][51.824s][info][gc,heap     ] GC(44) Eden regions: 347->0(348)
[2026-09-05T11:11:56.317-0400][51.824s][info][gc,heap     ] GC(44) Survivor regions: 21->22(46)
[2026-09-05T11:11:56.317-0400][51.824s][info][gc,heap     ] GC(44) Old regions: 310->310
[2026-09-05T11:11:56.318-0400][51.824s][info][gc,heap     ] GC(44) Archive regions: 0->0
[2026-09-05T11:11:56.318-0400][51.824s][info][gc,heap     ] GC(44) Humongous regions: 15->15
[2026-09-05T11:11:56.318-0400][51.824s][info][gc,metaspace] GC(44) Metaspace: 125186K(126976K)->125186K(126976K) NonClass: 106796K(107776K)->106796K(107776K) Class: 18389K(19200K)->18389K(19200K)
[2026-09-05T11:11:56.318-0400][51.824s][info][gc          ] GC(44) Pause Young (Normal) (G1 Evacuation Pause) 1385M->693M(1594M) 4.819ms
[2026-09-05T11:11:56.318-0400][51.824s][info][gc,cpu      ] GC(44) User=0.00s Sys=0.00s Real=0.01s
[2026-09-05T11:11:56.868-0400][52.374s][info][gc,start    ] GC(45) Pause Young (Normal) (G1 Evacuation Pause)
[2026-09-05T11:11:56.868-0400][52.374s][info][gc,task     ] GC(45) Using 23 workers of 23 for evacuation
[2026-09-05T11:11:56.873-0400][52.380s][info][gc,phases   ] GC(45)   Pre Evacuate Collection Set: 0.13ms
[2026-09-05T11:11:56.873-0400][52.380s][info][gc,phases   ] GC(45)   Merge Heap Roots: 0.19ms
[2026-09-05T11:11:56.873-0400][52.380s][info][gc,phases   ] GC(45)   Evacuate Collection Set: 4.57ms
[2026-09-05T11:11:56.873-0400][52.380s][info][gc,phases   ] GC(45)   Post Evacuate Collection Set: 0.71ms
[2026-09-05T11:11:56.873-0400][52.380s][info][gc,phases   ] GC(45)   Other: 0.21ms
[2026-09-05T11:11:56.873-0400][52.380s][info][gc,heap     ] GC(45) Eden regions: 348->0(340)
[2026-09-05T11:11:56.873-0400][52.380s][info][gc,heap     ] GC(45) Survivor regions: 22->26(47)
[2026-09-05T11:11:56.873-0400][52.380s][info][gc,heap     ] GC(45) Old regions: 310->310
[2026-09-05T11:11:56.873-0400][52.380s][info][gc,heap     ] GC(45) Archive regions: 0->0
[2026-09-05T11:11:56.873-0400][52.380s][info][gc,heap     ] GC(45) Humongous regions: 15->15
[2026-09-05T11:11:56.873-0400][52.380s][info][gc,metaspace] GC(45) Metaspace: 125304K(127104K)->125304K(127104K) NonClass: 106898K(107904K)->106898K(107904K) Class: 18405K(19200K)->18405K(19200K)
[2026-09-05T11:11:56.873-0400][52.380s][info][gc          ] GC(45) Pause Young (Normal) (G1 Evacuation Pause) 1389M->701M(1594M) 5.952ms
[2026-09-05T11:11:56.873-0400][52.380s][info][gc,cpu      ] GC(45) User=0.36s Sys=0.00s Real=0.00s
[2026-09-05T11:11:57.457-0400][52.965s][info][gc,start    ] GC(46) Pause Young (Normal) (G1 Evacuation Pause)
[2026-09-05T11:11:57.458-0400][52.965s][info][gc,task     ] GC(46) Using 23 workers of 23 for evacuation
[2026-09-05T11:11:57.463-0400][52.970s][info][gc,phases   ] GC(46)   Pre Evacuate Collection Set: 0.15ms
[2026-09-05T11:11:57.463-0400][52.970s][info][gc,phases   ] GC(46)   Merge Heap Roots: 0.17ms
[2026-09-05T11:11:57.463-0400][52.970s][info][gc,phases   ] GC(46)   Evacuate Collection Set: 3.86ms
[2026-09-05T11:11:57.463-0400][52.970s][info][gc,phases   ] GC(46)   Post Evacuate Collection Set: 0.61ms
[2026-09-05T11:11:57.463-0400][52.970s][info][gc,phases   ] GC(46)   Other: 0.15ms
[2026-09-05T11:11:57.463-0400][52.970s][info][gc,heap     ] GC(46) Eden regions: 340->0(337)
[2026-09-05T11:11:57.463-0400][52.970s][info][gc,heap     ] GC(46) Survivor regions: 26->27(46)
[2026-09-05T11:11:57.463-0400][52.970s][info][gc,heap     ] GC(46) Old regions: 310->311
[2026-09-05T11:11:57.463-0400][52.970s][info][gc,heap     ] GC(46) Archive regions: 0->0
[2026-09-05T11:11:57.463-0400][52.970s][info][gc,heap     ] GC(46) Humongous regions: 15->15
[2026-09-05T11:11:57.463-0400][52.970s][info][gc,metaspace] GC(46) Metaspace: 125401K(127168K)->125401K(127168K) NonClass: 106987K(107968K)->106987K(107968K) Class: 18414K(19200K)->18414K(19200K)
[2026-09-05T11:11:57.463-0400][52.970s][info][gc          ] GC(46) Pause Young (Normal) (G1 Evacuation Pause) 1381M->703M(1594M) 5.092ms
[2026-09-05T11:11:57.463-0400][52.970s][info][gc,cpu      ] GC(46) User=0.00s Sys=0.00s Real=0.01s
[2026-09-05T11:11:58.141-0400][53.648s][info][gc,start    ] GC(47) Pause Young (Normal) (G1 Evacuation Pause)
[2026-09-05T11:11:58.141-0400][53.648s][info][gc,task     ] GC(47) Using 23 workers of 23 for evacuation
[2026-09-05T11:11:58.146-0400][53.653s][info][gc,phases   ] GC(47)   Pre Evacuate Collection Set: 0.16ms
[2026-09-05T11:11:58.146-0400][53.653s][info][gc,phases   ] GC(47)   Merge Heap Roots: 0.32ms
[2026-09-05T11:11:58.146-0400][53.653s][info][gc,phases   ] GC(47)   Evacuate Collection Set: 3.86ms
[2026-09-05T11:11:58.146-0400][53.653s][info][gc,phases   ] GC(47)   Post Evacuate Collection Set: 0.62ms
[2026-09-05T11:11:58.146-0400][53.653s][info][gc,phases   ] GC(47)   Other: 0.16ms
[2026-09-05T11:11:58.146-0400][53.653s][info][gc,heap     ] GC(47) Eden regions: 337->0(339)
[2026-09-05T11:11:58.146-0400][53.653s][info][gc,heap     ] GC(47) Survivor regions: 27->25(46)
[2026-09-05T11:11:58.146-0400][53.653s][info][gc,heap     ] GC(47) Old regions: 311->313
[2026-09-05T11:11:58.146-0400][53.653s][info][gc,heap     ] GC(47) Archive regions: 0->0
[2026-09-05T11:11:58.146-0400][53.653s][info][gc,heap     ] GC(47) Humongous regions: 15->15
[2026-09-05T11:11:58.146-0400][53.653s][info][gc,metaspace] GC(47) Metaspace: 125414K(127168K)->125414K(127168K) NonClass: 107000K(107968K)->107000K(107968K) Class: 18414K(19200K)->18414K(19200K)
[2026-09-05T11:11:58.146-0400][53.653s][info][gc          ] GC(47) Pause Young (Normal) (G1 Evacuation Pause) 1377M->703M(1594M) 5.361ms
[2026-09-05T11:11:58.146-0400][53.653s][info][gc,cpu      ] GC(47) User=0.00s Sys=0.00s Real=0.00s
[2026-09-05T11:11:58.866-0400][54.374s][info][gc,start    ] GC(48) Pause Young (Normal) (G1 Evacuation Pause)
[2026-09-05T11:11:58.866-0400][54.374s][info][gc,task     ] GC(48) Using 23 workers of 23 for evacuation
[2026-09-05T11:11:58.872-0400][54.378s][info][gc,phases   ] GC(48)   Pre Evacuate Collection Set: 0.11ms
[2026-09-05T11:11:58.872-0400][54.379s][info][gc,phases   ] GC(48)   Merge Heap Roots: 0.18ms
[2026-09-05T11:11:58.872-0400][54.379s][info][gc,phases   ] GC(48)   Evacuate Collection Set: 3.62ms
[2026-09-05T11:11:58.872-0400][54.379s][info][gc,phases   ] GC(48)   Post Evacuate Collection Set: 0.53ms
[2026-09-05T11:11:58.872-0400][54.379s][info][gc,phases   ] GC(48)   Other: 0.14ms
[2026-09-05T11:11:58.872-0400][54.379s][info][gc,heap     ] GC(48) Eden regions: 339->0(339)
[2026-09-05T11:11:58.872-0400][54.379s][info][gc,heap     ] GC(48) Survivor regions: 25->25(46)
[2026-09-05T11:11:58.872-0400][54.379s][info][gc,heap     ] GC(48) Old regions: 313->313
[2026-09-05T11:11:58.872-0400][54.379s][info][gc,heap     ] GC(48) Archive regions: 0->0
[2026-09-05T11:11:58.872-0400][54.379s][info][gc,heap     ] GC(48) Humongous regions: 15->15
[2026-09-05T11:11:58.872-0400][54.379s][info][gc,metaspace] GC(48) Metaspace: 125423K(127168K)->125423K(127168K) NonClass: 107007K(107968K)->107007K(107968K) Class: 18415K(19200K)->18415K(19200K)
[2026-09-05T11:11:58.872-0400][54.379s][info][gc          ] GC(48) Pause Young (Normal) (G1 Evacuation Pause) 1381M->703M(1594M) 4.719ms
[2026-09-05T11:11:58.872-0400][54.379s][info][gc,cpu      ] GC(48) User=0.03s Sys=0.00s Real=0.01s
[2026-09-05T11:11:59.570-0400][55.077s][info][gc,start    ] GC(49) Pause Young (Normal) (G1 Evacuation Pause)
[2026-09-05T11:11:59.570-0400][55.077s][info][gc,task     ] GC(49) Using 23 workers of 23 for evacuation
[2026-09-05T11:11:59.575-0400][55.082s][info][gc,phases   ] GC(49)   Pre Evacuate Collection Set: 0.15ms
[2026-09-05T11:11:59.575-0400][55.082s][info][gc,phases   ] GC(49)   Merge Heap Roots: 0.31ms
[2026-09-05T11:11:59.575-0400][55.082s][info][gc,phases   ] GC(49)   Evacuate Collection Set: 3.33ms
[2026-09-05T11:11:59.575-0400][55.082s][info][gc,phases   ] GC(49)   Post Evacuate Collection Set: 0.48ms
[2026-09-05T11:11:59.575-0400][55.082s][info][gc,phases   ] GC(49)   Other: 0.14ms
[2026-09-05T11:11:59.575-0400][55.082s][info][gc,heap     ] GC(49) Eden regions: 339->0(339)
[2026-09-05T11:11:59.575-0400][55.082s][info][gc,heap     ] GC(49) Survivor regions: 25->25(46)
[2026-09-05T11:11:59.575-0400][55.082s][info][gc,heap     ] GC(49) Old regions: 313->313
[2026-09-05T11:11:59.575-0400][55.082s][info][gc,heap     ] GC(49) Archive regions: 0->0
[2026-09-05T11:11:59.575-0400][55.082s][info][gc,heap     ] GC(49) Humongous regions: 15->15
[2026-09-05T11:11:59.575-0400][55.082s][info][gc,metaspace] GC(49) Metaspace: 125433K(127168K)->125433K(127168K) NonClass: 107017K(107968K)->107017K(107968K) Class: 18415K(19200K)->18415K(19200K)
[2026-09-05T11:11:59.575-0400][55.082s][info][gc          ] GC(49) Pause Young (Normal) (G1 Evacuation Pause) 1381M->703M(1594M) 4.524ms
[2026-09-05T11:11:59.575-0400][55.082s][info][gc,cpu      ] GC(49) User=0.17s Sys=0.00s Real=0.01s
[2026-09-05T11:12:00.261-0400][55.768s][info][gc,start    ] GC(50) Pause Young (Normal) (G1 Evacuation Pause)
[2026-09-05T11:12:00.261-0400][55.768s][info][gc,task     ] GC(50) Using 23 workers of 23 for evacuation
[2026-09-05T11:12:00.265-0400][55.772s][info][gc,phases   ] GC(50)   Pre Evacuate Collection Set: 0.12ms
[2026-09-05T11:12:00.265-0400][55.772s][info][gc,phases   ] GC(50)   Merge Heap Roots: 0.15ms
[2026-09-05T11:12:00.265-0400][55.772s][info][gc,phases   ] GC(50)   Evacuate Collection Set: 3.66ms
[2026-09-05T11:12:00.265-0400][55.772s][info][gc,phases   ] GC(50)   Post Evacuate Collection Set: 0.53ms
[2026-09-05T11:12:00.265-0400][55.772s][info][gc,phases   ] GC(50)   Other: 0.13ms
[2026-09-05T11:12:00.265-0400][55.772s][info][gc,heap     ] GC(50) Eden regions: 339->0(339)
[2026-09-05T11:12:00.265-0400][55.772s][info][gc,heap     ] GC(50) Survivor regions: 25->25(46)
[2026-09-05T11:12:00.265-0400][55.772s][info][gc,heap     ] GC(50) Old regions: 313->313
[2026-09-05T11:12:00.265-0400][55.772s][info][gc,heap     ] GC(50) Archive regions: 0->0
[2026-09-05T11:12:00.265-0400][55.772s][info][gc,heap     ] GC(50) Humongous regions: 15->15
[2026-09-05T11:12:00.265-0400][55.772s][info][gc,metaspace] GC(50) Metaspace: 125488K(127232K)->125488K(127232K) NonClass: 107062K(108032K)->107062K(108032K) Class: 18425K(19200K)->18425K(19200K)
[2026-09-05T11:12:00.265-0400][55.772s][info][gc          ] GC(50) Pause Young (Normal) (G1 Evacuation Pause) 1381M->703M(1594M) 4.783ms
[2026-09-05T11:12:00.265-0400][55.773s][info][gc,cpu      ] GC(50) User=0.36s Sys=0.00s Real=0.00s
[2026-09-05T11:12:00.966-0400][56.472s][info][gc,start    ] GC(51) Pause Young (Normal) (G1 Evacuation Pause)
[2026-09-05T11:12:00.966-0400][56.472s][info][gc,task     ] GC(51) Using 23 workers of 23 for evacuation
[2026-09-05T11:12:00.969-0400][56.476s][info][gc,phases   ] GC(51)   Pre Evacuate Collection Set: 0.13ms
[2026-09-05T11:12:00.969-0400][56.476s][info][gc,phases   ] GC(51)   Merge Heap Roots: 0.17ms
[2026-09-05T11:12:00.970-0400][56.476s][info][gc,phases   ] GC(51)   Evacuate Collection Set: 3.34ms
[2026-09-05T11:12:00.970-0400][56.476s][info][gc,phases   ] GC(51)   Post Evacuate Collection Set: 0.47ms
[2026-09-05T11:12:00.970-0400][56.476s][info][gc,phases   ] GC(51)   Other: 0.14ms
[2026-09-05T11:12:00.970-0400][56.476s][info][gc,heap     ] GC(51) Eden regions: 339->0(341)
[2026-09-05T11:12:00.970-0400][56.476s][info][gc,heap     ] GC(51) Survivor regions: 25->24(46)
[2026-09-05T11:12:00.970-0400][56.476s][info][gc,heap     ] GC(51) Old regions: 313->313
[2026-09-05T11:12:00.970-0400][56.476s][info][gc,heap     ] GC(51) Archive regions: 0->0
[2026-09-05T11:12:00.970-0400][56.476s][info][gc,heap     ] GC(51) Humongous regions: 15->15
[2026-09-05T11:12:00.970-0400][56.476s][info][gc,metaspace] GC(51) Metaspace: 125488K(127232K)->125488K(127232K) NonClass: 107062K(108032K)->107062K(108032K) Class: 18425K(19200K)->18425K(19200K)
[2026-09-05T11:12:00.970-0400][56.476s][info][gc          ] GC(51) Pause Young (Normal) (G1 Evacuation Pause) 1381M->702M(1594M) 4.380ms
[2026-09-05T11:12:00.970-0400][56.477s][info][gc,cpu      ] GC(51) User=0.00s Sys=0.00s Real=0.00s
[2026-09-05T11:12:01.678-0400][57.184s][info][gc,start    ] GC(52) Pause Young (Normal) (G1 Evacuation Pause)
[2026-09-05T11:12:01.678-0400][57.184s][info][gc,task     ] GC(52) Using 23 workers of 23 for evacuation
[2026-09-05T11:12:01.682-0400][57.189s][info][gc,phases   ] GC(52)   Pre Evacuate Collection Set: 0.15ms
[2026-09-05T11:12:01.682-0400][57.189s][info][gc,phases   ] GC(52)   Merge Heap Roots: 0.16ms
[2026-09-05T11:12:01.682-0400][57.189s][info][gc,phases   ] GC(52)   Evacuate Collection Set: 3.46ms
[2026-09-05T11:12:01.682-0400][57.189s][info][gc,phases   ] GC(52)   Post Evacuate Collection Set: 0.49ms
[2026-09-05T11:12:01.682-0400][57.189s][info][gc,phases   ] GC(52)   Other: 0.13ms
[2026-09-05T11:12:01.682-0400][57.189s][info][gc,heap     ] GC(52) Eden regions: 341->0(342)
[2026-09-05T11:12:01.682-0400][57.189s][info][gc,heap     ] GC(52) Survivor regions: 24->22(46)
[2026-09-05T11:12:01.682-0400][57.189s][info][gc,heap     ] GC(52) Old regions: 313->316
[2026-09-05T11:12:01.682-0400][57.189s][info][gc,heap     ] GC(52) Archive regions: 0->0
[2026-09-05T11:12:01.682-0400][57.189s][info][gc,heap     ] GC(52) Humongous regions: 15->15
[2026-09-05T11:12:01.682-0400][57.189s][info][gc,metaspace] GC(52) Metaspace: 125492K(127232K)->125492K(127232K) NonClass: 107066K(108032K)->107066K(108032K) Class: 18425K(19200K)->18425K(19200K)
[2026-09-05T11:12:01.682-0400][57.189s][info][gc          ] GC(52) Pause Young (Normal) (G1 Evacuation Pause) 1384M->703M(1594M) 4.583ms
[2026-09-05T11:12:01.682-0400][57.189s][info][gc,cpu      ] GC(52) User=0.00s Sys=0.00s Real=0.00s
[2026-09-05T11:12:02.280-0400][57.786s][info][gc,start    ] GC(53) Pause Young (Normal) (G1 Evacuation Pause)
[2026-09-05T11:12:02.280-0400][57.786s][info][gc,task     ] GC(53) Using 23 workers of 23 for evacuation
[2026-09-05T11:12:02.284-0400][57.791s][info][gc,phases   ] GC(53)   Pre Evacuate Collection Set: 0.15ms
[2026-09-05T11:12:02.284-0400][57.791s][info][gc,phases   ] GC(53)   Merge Heap Roots: 0.24ms
[2026-09-05T11:12:02.284-0400][57.791s][info][gc,phases   ] GC(53)   Evacuate Collection Set: 3.44ms
[2026-09-05T11:12:02.284-0400][57.791s][info][gc,phases   ] GC(53)   Post Evacuate Collection Set: 0.64ms
[2026-09-05T11:12:02.284-0400][57.791s][info][gc,phases   ] GC(53)   Other: 0.15ms
[2026-09-05T11:12:02.284-0400][57.791s][info][gc,heap     ] GC(53) Eden regions: 342->0(344)
[2026-09-05T11:12:02.284-0400][57.791s][info][gc,heap     ] GC(53) Survivor regions: 22->20(46)
[2026-09-05T11:12:02.284-0400][57.791s][info][gc,heap     ] GC(53) Old regions: 316->318
[2026-09-05T11:12:02.284-0400][57.791s][info][gc,heap     ] GC(53) Archive regions: 0->0
[2026-09-05T11:12:02.284-0400][57.791s][info][gc,heap     ] GC(53) Humongous regions: 15->15
[2026-09-05T11:12:02.284-0400][57.791s][info][gc,metaspace] GC(53) Metaspace: 125500K(127232K)->125500K(127232K) NonClass: 107074K(108032K)->107074K(108032K) Class: 18426K(19200K)->18426K(19200K)
[2026-09-05T11:12:02.284-0400][57.791s][info][gc          ] GC(53) Pause Young (Normal) (G1 Evacuation Pause) 1387M->703M(1594M) 4.759ms
[2026-09-05T11:12:02.284-0400][57.791s][info][gc,cpu      ] GC(53) User=0.00s Sys=0.00s Real=0.00s
[2026-09-05T11:12:02.600-0400][58.107s][info][gc,start    ] GC(54) Pause Young (Normal) (G1 Evacuation Pause)
[2026-09-05T11:12:02.600-0400][58.107s][info][gc,task     ] GC(54) Using 23 workers of 23 for evacuation
[2026-09-05T11:12:02.606-0400][58.113s][info][gc,phases   ] GC(54)   Pre Evacuate Collection Set: 0.20ms
[2026-09-05T11:12:02.606-0400][58.113s][info][gc,phases   ] GC(54)   Merge Heap Roots: 0.19ms
[2026-09-05T11:12:02.606-0400][58.113s][info][gc,phases   ] GC(54)   Evacuate Collection Set: 4.42ms
[2026-09-05T11:12:02.606-0400][58.113s][info][gc,phases   ] GC(54)   Post Evacuate Collection Set: 0.75ms
[2026-09-05T11:12:02.606-0400][58.113s][info][gc,phases   ] GC(54)   Other: 0.24ms
[2026-09-05T11:12:02.606-0400][58.113s][info][gc,heap     ] GC(54) Eden regions: 344->0(342)
[2026-09-05T11:12:02.606-0400][58.113s][info][gc,heap     ] GC(54) Survivor regions: 20->20(46)
[2026-09-05T11:12:02.606-0400][58.113s][info][gc,heap     ] GC(54) Old regions: 318->320
[2026-09-05T11:12:02.606-0400][58.113s][info][gc,heap     ] GC(54) Archive regions: 0->0
[2026-09-05T11:12:02.606-0400][58.113s][info][gc,heap     ] GC(54) Humongous regions: 15->15
[2026-09-05T11:12:02.606-0400][58.113s][info][gc,metaspace] GC(54) Metaspace: 125511K(127232K)->125511K(127232K) NonClass: 107084K(108032K)->107084K(108032K) Class: 18426K(19200K)->18426K(19200K)
[2026-09-05T11:12:02.606-0400][58.113s][info][gc          ] GC(54) Pause Young (Normal) (G1 Evacuation Pause) 1391M->708M(1594M) 5.879ms
[2026-09-05T11:12:02.606-0400][58.113s][info][gc,cpu      ] GC(54) User=0.02s Sys=0.00s Real=0.01s
[2026-09-05T11:12:02.715-0400][58.222s][info][gc,start    ] GC(55) Pause Young (Normal) (G1 Evacuation Pause)
[2026-09-05T11:12:02.715-0400][58.222s][info][gc,task     ] GC(55) Using 23 workers of 23 for evacuation
[2026-09-05T11:12:02.720-0400][58.227s][info][gc,phases   ] GC(55)   Pre Evacuate Collection Set: 0.14ms
[2026-09-05T11:12:02.720-0400][58.227s][info][gc,phases   ] GC(55)   Merge Heap Roots: 0.17ms
[2026-09-05T11:12:02.721-0400][58.227s][info][gc,phases   ] GC(55)   Evacuate Collection Set: 3.79ms
[2026-09-05T11:12:02.721-0400][58.227s][info][gc,phases   ] GC(55)   Post Evacuate Collection Set: 0.52ms
[2026-09-05T11:12:02.721-0400][58.227s][info][gc,phases   ] GC(55)   Other: 0.21ms
[2026-09-05T11:12:02.721-0400][58.227s][info][gc,heap     ] GC(55) Eden regions: 342->0(340)
[2026-09-05T11:12:02.721-0400][58.227s][info][gc,heap     ] GC(55) Survivor regions: 20->20(46)
[2026-09-05T11:12:02.721-0400][58.227s][info][gc,heap     ] GC(55) Old regions: 320->322
[2026-09-05T11:12:02.721-0400][58.227s][info][gc,heap     ] GC(55) Archive regions: 0->0
[2026-09-05T11:12:02.721-0400][58.227s][info][gc,heap     ] GC(55) Humongous regions: 15->15
[2026-09-05T11:12:02.721-0400][58.227s][info][gc,metaspace] GC(55) Metaspace: 125515K(127232K)->125515K(127232K) NonClass: 107088K(108032K)->107088K(108032K) Class: 18426K(19200K)->18426K(19200K)
[2026-09-05T11:12:02.721-0400][58.227s][info][gc          ] GC(55) Pause Young (Normal) (G1 Evacuation Pause) 1392M->712M(1594M) 5.051ms
[2026-09-05T11:12:02.721-0400][58.227s][info][gc,cpu      ] GC(55) User=0.00s Sys=0.00s Real=0.01s
[2026-09-05T11:12:03.319-0400][58.826s][info][gc,start    ] GC(56) Pause Young (Normal) (G1 Evacuation Pause)
[2026-09-05T11:12:03.319-0400][58.826s][info][gc,task     ] GC(56) Using 23 workers of 23 for evacuation
[2026-09-05T11:12:03.324-0400][58.831s][info][gc,phases   ] GC(56)   Pre Evacuate Collection Set: 0.13ms
[2026-09-05T11:12:03.324-0400][58.831s][info][gc,phases   ] GC(56)   Merge Heap Roots: 0.15ms
[2026-09-05T11:12:03.324-0400][58.831s][info][gc,phases   ] GC(56)   Evacuate Collection Set: 4.46ms
[2026-09-05T11:12:03.324-0400][58.831s][info][gc,phases   ] GC(56)   Post Evacuate Collection Set: 0.72ms
[2026-09-05T11:12:03.324-0400][58.831s][info][gc,phases   ] GC(56)   Other: 0.16ms
[2026-09-05T11:12:03.324-0400][58.831s][info][gc,heap     ] GC(56) Eden regions: 340->0(337)
[2026-09-05T11:12:03.324-0400][58.832s][info][gc,heap     ] GC(56) Survivor regions: 20->20(45)
[2026-09-05T11:12:03.324-0400][58.832s][info][gc,heap     ] GC(56) Old regions: 322->325
[2026-09-05T11:12:03.324-0400][58.832s][info][gc,heap     ] GC(56) Archive regions: 0->0
[2026-09-05T11:12:03.324-0400][58.832s][info][gc,heap     ] GC(56) Humongous regions: 15->15
[2026-09-05T11:12:03.324-0400][58.832s][info][gc,metaspace] GC(56) Metaspace: 125579K(127360K)->125579K(127360K) NonClass: 107148K(108096K)->107148K(108096K) Class: 18431K(19264K)->18431K(19264K)
[2026-09-05T11:12:03.325-0400][58.832s][info][gc          ] GC(56) Pause Young (Normal) (G1 Evacuation Pause) 1392M->719M(1594M) 5.743ms
[2026-09-05T11:12:03.325-0400][58.832s][info][gc,cpu      ] GC(56) User=0.02s Sys=0.00s Real=0.01s
[2026-09-05T11:12:03.472-0400][58.979s][info][gc,start    ] GC(57) Pause Young (Normal) (G1 Evacuation Pause)
[2026-09-05T11:12:03.472-0400][58.979s][info][gc,task     ] GC(57) Using 23 workers of 23 for evacuation
[2026-09-05T11:12:03.476-0400][58.983s][info][gc,phases   ] GC(57)   Pre Evacuate Collection Set: 0.10ms
[2026-09-05T11:12:03.476-0400][58.983s][info][gc,phases   ] GC(57)   Merge Heap Roots: 0.15ms
[2026-09-05T11:12:03.476-0400][58.983s][info][gc,phases   ] GC(57)   Evacuate Collection Set: 3.50ms
[2026-09-05T11:12:03.476-0400][58.983s][info][gc,phases   ] GC(57)   Post Evacuate Collection Set: 0.46ms
[2026-09-05T11:12:03.476-0400][58.983s][info][gc,phases   ] GC(57)   Other: 0.17ms
[2026-09-05T11:12:03.476-0400][58.983s][info][gc,heap     ] GC(57) Eden regions: 337->0(333)
[2026-09-05T11:12:03.476-0400][58.983s][info][gc,heap     ] GC(57) Survivor regions: 20->21(45)
[2026-09-05T11:12:03.476-0400][58.983s][info][gc,heap     ] GC(57) Old regions: 325->327
[2026-09-05T11:12:03.476-0400][58.983s][info][gc,heap     ] GC(57) Archive regions: 0->0
[2026-09-05T11:12:03.476-0400][58.983s][info][gc,heap     ] GC(57) Humongous regions: 15->15
[2026-09-05T11:12:03.476-0400][58.983s][info][gc,metaspace] GC(57) Metaspace: 125579K(127360K)->125579K(127360K) NonClass: 107148K(108096K)->107148K(108096K) Class: 18431K(19264K)->18431K(19264K)
[2026-09-05T11:12:03.476-0400][58.983s][info][gc          ] GC(57) Pause Young (Normal) (G1 Evacuation Pause) 1393M->723M(1594M) 4.545ms
[2026-09-05T11:12:03.476-0400][58.983s][info][gc,cpu      ] GC(57) User=0.00s Sys=0.00s Real=0.00s
[2026-09-05T11:12:03.980-0400][59.486s][info][gc,start    ] GC(58) Pause Young (Normal) (G1 Evacuation Pause)
[2026-09-05T11:12:03.980-0400][59.486s][info][gc,task     ] GC(58) Using 23 workers of 23 for evacuation
[2026-09-05T11:12:03.985-0400][59.492s][info][gc,phases   ] GC(58)   Pre Evacuate Collection Set: 0.22ms
[2026-09-05T11:12:03.985-0400][59.492s][info][gc,phases   ] GC(58)   Merge Heap Roots: 0.23ms
[2026-09-05T11:12:03.985-0400][59.492s][info][gc,phases   ] GC(58)   Evacuate Collection Set: 4.32ms
[2026-09-05T11:12:03.985-0400][59.492s][info][gc,phases   ] GC(58)   Post Evacuate Collection Set: 0.60ms
[2026-09-05T11:12:03.986-0400][59.492s][info][gc,phases   ] GC(58)   Other: 0.31ms
[2026-09-05T11:12:03.986-0400][59.492s][info][gc,heap     ] GC(58) Eden regions: 333->0(334)
[2026-09-05T11:12:03.986-0400][59.492s][info][gc,heap     ] GC(58) Survivor regions: 21->19(45)
[2026-09-05T11:12:03.986-0400][59.492s][info][gc,heap     ] GC(58) Old regions: 327->330
[2026-09-05T11:12:03.986-0400][59.492s][info][gc,heap     ] GC(58) Archive regions: 0->0
[2026-09-05T11:12:03.986-0400][59.492s][info][gc,heap     ] GC(58) Humongous regions: 15->15
[2026-09-05T11:12:03.986-0400][59.492s][info][gc,metaspace] GC(58) Metaspace: 125597K(127360K)->125597K(127360K) NonClass: 107166K(108096K)->107166K(108096K) Class: 18431K(19264K)->18431K(19264K)
[2026-09-05T11:12:03.986-0400][59.492s][info][gc          ] GC(58) Pause Young (Normal) (G1 Evacuation Pause) 1389M->727M(1594M) 5.748ms
[2026-09-05T11:12:03.986-0400][59.492s][info][gc,cpu      ] GC(58) User=0.34s Sys=0.00s Real=0.01s
[2026-09-05T11:12:04.057-0400][59.564s][info][gc,start    ] GC(59) Pause Young (Normal) (G1 Evacuation Pause)
[2026-09-05T11:12:04.057-0400][59.564s][info][gc,task     ] GC(59) Using 23 workers of 23 for evacuation
[2026-09-05T11:12:04.062-0400][59.569s][info][gc,phases   ] GC(59)   Pre Evacuate Collection Set: 0.12ms
[2026-09-05T11:12:04.062-0400][59.569s][info][gc,phases   ] GC(59)   Merge Heap Roots: 0.14ms
[2026-09-05T11:12:04.062-0400][59.569s][info][gc,phases   ] GC(59)   Evacuate Collection Set: 3.92ms
[2026-09-05T11:12:04.062-0400][59.569s][info][gc,phases   ] GC(59)   Post Evacuate Collection Set: 0.76ms
[2026-09-05T11:12:04.062-0400][59.569s][info][gc,phases   ] GC(59)   Other: 0.24ms
[2026-09-05T11:12:04.062-0400][59.569s][info][gc,heap     ] GC(59) Eden regions: 334->0(330)
[2026-09-05T11:12:04.062-0400][59.569s][info][gc,heap     ] GC(59) Survivor regions: 19->20(45)
[2026-09-05T11:12:04.062-0400][59.569s][info][gc,heap     ] GC(59) Old regions: 330->332
[2026-09-05T11:12:04.062-0400][59.569s][info][gc,heap     ] GC(59) Archive regions: 0->0
[2026-09-05T11:12:04.062-0400][59.569s][info][gc,heap     ] GC(59) Humongous regions: 15->15
[2026-09-05T11:12:04.062-0400][59.569s][info][gc,metaspace] GC(59) Metaspace: 125597K(127360K)->125597K(127360K) NonClass: 107166K(108096K)->107166K(108096K) Class: 18431K(19264K)->18431K(19264K)
[2026-09-05T11:12:04.062-0400][59.569s][info][gc          ] GC(59) Pause Young (Normal) (G1 Evacuation Pause) 1395M->731M(1594M) 5.285ms
[2026-09-05T11:12:04.062-0400][59.569s][info][gc,cpu      ] GC(59) User=0.36s Sys=0.00s Real=0.01s
[2026-09-05T11:12:04.262-0400][59.768s][info][gc,start    ] GC(60) Pause Young (Normal) (G1 Evacuation Pause)
[2026-09-05T11:12:04.262-0400][59.768s][info][gc,task     ] GC(60) Using 23 workers of 23 for evacuation
[2026-09-05T11:12:04.266-0400][59.772s][info][gc,phases   ] GC(60)   Pre Evacuate Collection Set: 0.15ms
[2026-09-05T11:12:04.266-0400][59.772s][info][gc,phases   ] GC(60)   Merge Heap Roots: 0.16ms
[2026-09-05T11:12:04.266-0400][59.772s][info][gc,phases   ] GC(60)   Evacuate Collection Set: 3.41ms
[2026-09-05T11:12:04.266-0400][59.772s][info][gc,phases   ] GC(60)   Post Evacuate Collection Set: 0.50ms
[2026-09-05T11:12:04.266-0400][59.773s][info][gc,phases   ] GC(60)   Other: 0.20ms
[2026-09-05T11:12:04.266-0400][59.773s][info][gc,heap     ] GC(60) Eden regions: 330->0(329)
[2026-09-05T11:12:04.266-0400][59.773s][info][gc,heap     ] GC(60) Survivor regions: 20->19(44)
[2026-09-05T11:12:04.266-0400][59.773s][info][gc,heap     ] GC(60) Old regions: 332->335
[2026-09-05T11:12:04.266-0400][59.773s][info][gc,heap     ] GC(60) Archive regions: 0->0
[2026-09-05T11:12:04.266-0400][59.773s][info][gc,heap     ] GC(60) Humongous regions: 15->15
[2026-09-05T11:12:04.266-0400][59.773s][info][gc,metaspace] GC(60) Metaspace: 125604K(127360K)->125604K(127360K) NonClass: 107173K(108096K)->107173K(108096K) Class: 18431K(19264K)->18431K(19264K)
[2026-09-05T11:12:04.266-0400][59.773s][info][gc          ] GC(60) Pause Young (Normal) (G1 Evacuation Pause) 1391M->735M(1594M) 4.625ms
[2026-09-05T11:12:04.266-0400][59.773s][info][gc,cpu      ] GC(60) User=0.38s Sys=0.00s Real=0.00s
[2026-09-05T11:12:04.839-0400][60.346s][info][gc,start    ] GC(61) Pause Young (Normal) (G1 Evacuation Pause)
[2026-09-05T11:12:04.839-0400][60.346s][info][gc,task     ] GC(61) Using 23 workers of 23 for evacuation
[2026-09-05T11:12:04.844-0400][60.351s][info][gc,phases   ] GC(61)   Pre Evacuate Collection Set: 0.13ms
[2026-09-05T11:12:04.844-0400][60.351s][info][gc,phases   ] GC(61)   Merge Heap Roots: 0.25ms
[2026-09-05T11:12:04.844-0400][60.351s][info][gc,phases   ] GC(61)   Evacuate Collection Set: 3.70ms
[2026-09-05T11:12:04.844-0400][60.351s][info][gc,phases   ] GC(61)   Post Evacuate Collection Set: 0.60ms
[2026-09-05T11:12:04.844-0400][60.351s][info][gc,phases   ] GC(61)   Other: 0.21ms
[2026-09-05T11:12:04.844-0400][60.351s][info][gc,heap     ] GC(61) Eden regions: 329->0(324)
[2026-09-05T11:12:04.844-0400][60.351s][info][gc,heap     ] GC(61) Survivor regions: 19->21(44)
[2026-09-05T11:12:04.844-0400][60.351s][info][gc,heap     ] GC(61) Old regions: 335->336
[2026-09-05T11:12:04.844-0400][60.351s][info][gc,heap     ] GC(61) Archive regions: 0->0
[2026-09-05T11:12:04.844-0400][60.351s][info][gc,heap     ] GC(61) Humongous regions: 15->15
[2026-09-05T11:12:04.844-0400][60.351s][info][gc,metaspace] GC(61) Metaspace: 125670K(127488K)->125670K(127488K) NonClass: 107236K(108224K)->107236K(108224K) Class: 18433K(19264K)->18433K(19264K)
[2026-09-05T11:12:04.844-0400][60.351s][info][gc          ] GC(61) Pause Young (Normal) (G1 Evacuation Pause) 1393M->742M(1594M) 5.012ms
[2026-09-05T11:12:04.844-0400][60.351s][info][gc,cpu      ] GC(61) User=0.27s Sys=0.00s Real=0.01s
[2026-09-05T11:12:05.179-0400][60.687s][info][gc,start    ] GC(62) Pause Young (Normal) (G1 Evacuation Pause)
[2026-09-05T11:12:05.180-0400][60.687s][info][gc,task     ] GC(62) Using 23 workers of 23 for evacuation
[2026-09-05T11:12:05.184-0400][60.691s][info][gc,phases   ] GC(62)   Pre Evacuate Collection Set: 0.14ms
[2026-09-05T11:12:05.184-0400][60.691s][info][gc,phases   ] GC(62)   Merge Heap Roots: 0.15ms
[2026-09-05T11:12:05.184-0400][60.691s][info][gc,phases   ] GC(62)   Evacuate Collection Set: 3.34ms
[2026-09-05T11:12:05.184-0400][60.691s][info][gc,phases   ] GC(62)   Post Evacuate Collection Set: 0.53ms
[2026-09-05T11:12:05.184-0400][60.691s][info][gc,phases   ] GC(62)   Other: 0.13ms
[2026-09-05T11:12:05.184-0400][60.691s][info][gc,heap     ] GC(62) Eden regions: 324->0(322)
[2026-09-05T11:12:05.184-0400][60.691s][info][gc,heap     ] GC(62) Survivor regions: 21->22(44)
[2026-09-05T11:12:05.184-0400][60.691s][info][gc,heap     ] GC(62) Old regions: 336->336
[2026-09-05T11:12:05.184-0400][60.691s][info][gc,heap     ] GC(62) Archive regions: 0->0
[2026-09-05T11:12:05.184-0400][60.691s][info][gc,heap     ] GC(62) Humongous regions: 15->15
[2026-09-05T11:12:05.184-0400][60.691s][info][gc,metaspace] GC(62) Metaspace: 125690K(127552K)->125690K(127552K) NonClass: 107256K(108288K)->107256K(108288K) Class: 18433K(19264K)->18433K(19264K)
[2026-09-05T11:12:05.184-0400][60.691s][info][gc          ] GC(62) Pause Young (Normal) (G1 Evacuation Pause) 1390M->745M(1594M) 4.419ms
[2026-09-05T11:12:05.184-0400][60.691s][info][gc,cpu      ] GC(62) User=0.05s Sys=0.00s Real=0.01s
[2026-09-05T11:12:05.280-0400][60.787s][info][gc,start    ] GC(63) Pause Young (Normal) (G1 Evacuation Pause)
[2026-09-05T11:12:05.281-0400][60.787s][info][gc,task     ] GC(63) Using 23 workers of 23 for evacuation
[2026-09-05T11:12:05.286-0400][60.794s][info][gc,phases   ] GC(63)   Pre Evacuate Collection Set: 0.20ms
[2026-09-05T11:12:05.286-0400][60.794s][info][gc,phases   ] GC(63)   Merge Heap Roots: 0.22ms
[2026-09-05T11:12:05.286-0400][60.794s][info][gc,phases   ] GC(63)   Evacuate Collection Set: 5.05ms
[2026-09-05T11:12:05.286-0400][60.794s][info][gc,phases   ] GC(63)   Post Evacuate Collection Set: 0.57ms
[2026-09-05T11:12:05.286-0400][60.794s][info][gc,phases   ] GC(63)   Other: 0.44ms
[2026-09-05T11:12:05.286-0400][60.794s][info][gc,heap     ] GC(63) Eden regions: 322->0(316)
[2026-09-05T11:12:05.286-0400][60.794s][info][gc,heap     ] GC(63) Survivor regions: 22->25(43)
[2026-09-05T11:12:05.286-0400][60.794s][info][gc,heap     ] GC(63) Old regions: 336->336
[2026-09-05T11:12:05.286-0400][60.794s][info][gc,heap     ] GC(63) Archive regions: 0->0
[2026-09-05T11:12:05.286-0400][60.794s][info][gc,heap     ] GC(63) Humongous regions: 15->15
[2026-09-05T11:12:05.286-0400][60.794s][info][gc,metaspace] GC(63) Metaspace: 125703K(127552K)->125703K(127552K) NonClass: 107269K(108288K)->107269K(108288K) Class: 18433K(19264K)->18433K(19264K)
[2026-09-05T11:12:05.286-0400][60.794s][info][gc          ] GC(63) Pause Young (Normal) (G1 Evacuation Pause) 1389M->751M(1594M) 6.542ms
[2026-09-05T11:12:05.286-0400][60.794s][info][gc,cpu      ] GC(63) User=0.00s Sys=0.00s Real=0.01s
[2026-09-05T11:12:05.413-0400][60.920s][info][gc,start    ] GC(64) Pause Young (Normal) (G1 Evacuation Pause)
[2026-09-05T11:12:05.413-0400][60.920s][info][gc,task     ] GC(64) Using 23 workers of 23 for evacuation
[2026-09-05T11:12:05.418-0400][60.926s][info][gc,phases   ] GC(64)   Pre Evacuate Collection Set: 0.14ms
[2026-09-05T11:12:05.418-0400][60.926s][info][gc,phases   ] GC(64)   Merge Heap Roots: 0.17ms
[2026-09-05T11:12:05.418-0400][60.926s][info][gc,phases   ] GC(64)   Evacuate Collection Set: 4.90ms
[2026-09-05T11:12:05.418-0400][60.926s][info][gc,phases   ] GC(64)   Post Evacuate Collection Set: 0.52ms
[2026-09-05T11:12:05.418-0400][60.926s][info][gc,phases   ] GC(64)   Other: 0.21ms
[2026-09-05T11:12:05.418-0400][60.926s][info][gc,heap     ] GC(64) Eden regions: 316->0(315)
[2026-09-05T11:12:05.418-0400][60.926s][info][gc,heap     ] GC(64) Survivor regions: 25->24(43)
[2026-09-05T11:12:05.418-0400][60.926s][info][gc,heap     ] GC(64) Old regions: 336->339
[2026-09-05T11:12:05.418-0400][60.926s][info][gc,heap     ] GC(64) Archive regions: 0->0
[2026-09-05T11:12:05.418-0400][60.926s][info][gc,heap     ] GC(64) Humongous regions: 15->15
[2026-09-05T11:12:05.418-0400][60.926s][info][gc,metaspace] GC(64) Metaspace: 125703K(127552K)->125703K(127552K) NonClass: 107269K(108288K)->107269K(108288K) Class: 18433K(19264K)->18433K(19264K)
[2026-09-05T11:12:05.418-0400][60.926s][info][gc          ] GC(64) Pause Young (Normal) (G1 Evacuation Pause) 1383M->755M(1594M) 6.058ms
[2026-09-05T11:12:05.418-0400][60.926s][info][gc,cpu      ] GC(64) User=0.02s Sys=0.00s Real=0.00s
[2026-09-05T11:12:05.877-0400][61.385s][info][gc,start    ] GC(65) Pause Young (Normal) (G1 Evacuation Pause)
[2026-09-05T11:12:05.877-0400][61.385s][info][gc,task     ] GC(65) Using 23 workers of 23 for evacuation
[2026-09-05T11:12:05.883-0400][61.390s][info][gc,phases   ] GC(65)   Pre Evacuate Collection Set: 0.24ms
[2026-09-05T11:12:05.883-0400][61.390s][info][gc,phases   ] GC(65)   Merge Heap Roots: 0.16ms
[2026-09-05T11:12:05.883-0400][61.390s][info][gc,phases   ] GC(65)   Evacuate Collection Set: 4.22ms
[2026-09-05T11:12:05.883-0400][61.390s][info][gc,phases   ] GC(65)   Post Evacuate Collection Set: 0.62ms
[2026-09-05T11:12:05.883-0400][61.390s][info][gc,phases   ] GC(65)   Other: 0.19ms
[2026-09-05T11:12:05.883-0400][61.390s][info][gc,heap     ] GC(65) Eden regions: 315->0(309)
[2026-09-05T11:12:05.883-0400][61.390s][info][gc,heap     ] GC(65) Survivor regions: 24->27(43)
[2026-09-05T11:12:05.883-0400][61.390s][info][gc,heap     ] GC(65) Old regions: 339->339
[2026-09-05T11:12:05.883-0400][61.390s][info][gc,heap     ] GC(65) Archive regions: 0->0
[2026-09-05T11:12:05.883-0400][61.390s][info][gc,heap     ] GC(65) Humongous regions: 15->15
[2026-09-05T11:12:05.883-0400][61.390s][info][gc,metaspace] GC(65) Metaspace: 125746K(127552K)->125746K(127552K) NonClass: 107311K(108288K)->107311K(108288K) Class: 18434K(19264K)->18434K(19264K)
[2026-09-05T11:12:05.883-0400][61.390s][info][gc          ] GC(65) Pause Young (Normal) (G1 Evacuation Pause) 1385M->759M(1594M) 5.667ms
[2026-09-05T11:12:05.883-0400][61.390s][info][gc,cpu      ] GC(65) User=0.00s Sys=0.00s Real=0.01s
[2026-09-05T11:12:05.973-0400][61.480s][info][gc,start    ] GC(66) Pause Young (Normal) (G1 Evacuation Pause)
[2026-09-05T11:12:05.973-0400][61.481s][info][gc,task     ] GC(66) Using 23 workers of 23 for evacuation
[2026-09-05T11:12:05.980-0400][61.486s][info][gc,phases   ] GC(66)   Pre Evacuate Collection Set: 0.15ms
[2026-09-05T11:12:05.980-0400][61.486s][info][gc,phases   ] GC(66)   Merge Heap Roots: 0.17ms
[2026-09-05T11:12:05.980-0400][61.486s][info][gc,phases   ] GC(66)   Evacuate Collection Set: 4.58ms
[2026-09-05T11:12:05.980-0400][61.486s][info][gc,phases   ] GC(66)   Post Evacuate Collection Set: 0.49ms
[2026-09-05T11:12:05.980-0400][61.486s][info][gc,phases   ] GC(66)   Other: 0.20ms
[2026-09-05T11:12:05.980-0400][61.486s][info][gc,heap     ] GC(66) Eden regions: 309->0(310)
[2026-09-05T11:12:05.980-0400][61.486s][info][gc,heap     ] GC(66) Survivor regions: 27->24(42)
[2026-09-05T11:12:05.980-0400][61.486s][info][gc,heap     ] GC(66) Old regions: 339->344
[2026-09-05T11:12:05.980-0400][61.486s][info][gc,heap     ] GC(66) Archive regions: 0->0
[2026-09-05T11:12:05.980-0400][61.486s][info][gc,heap     ] GC(66) Humongous regions: 15->15
[2026-09-05T11:12:05.980-0400][61.486s][info][gc,metaspace] GC(66) Metaspace: 125746K(127552K)->125746K(127552K) NonClass: 107311K(108288K)->107311K(108288K) Class: 18434K(19264K)->18434K(19264K)
[2026-09-05T11:12:05.980-0400][61.486s][info][gc          ] GC(66) Pause Young (Normal) (G1 Evacuation Pause) 1377M->764M(1594M) 5.707ms
[2026-09-05T11:12:05.980-0400][61.486s][info][gc,cpu      ] GC(66) User=0.00s Sys=0.00s Real=0.01s
[2026-09-05T11:12:06.438-0400][61.944s][info][gc,start    ] GC(67) Pause Young (Concurrent Start) (G1 Evacuation Pause)
[2026-09-05T11:12:06.438-0400][61.944s][info][gc,task     ] GC(67) Using 23 workers of 23 for evacuation
[2026-09-05T11:12:06.443-0400][61.950s][info][gc,phases   ] GC(67)   Pre Evacuate Collection Set: 0.27ms
[2026-09-05T11:12:06.443-0400][61.950s][info][gc,phases   ] GC(67)   Merge Heap Roots: 0.19ms
[2026-09-05T11:12:06.443-0400][61.950s][info][gc,phases   ] GC(67)   Evacuate Collection Set: 4.28ms
[2026-09-05T11:12:06.443-0400][61.950s][info][gc,phases   ] GC(67)   Post Evacuate Collection Set: 0.65ms
[2026-09-05T11:12:06.443-0400][61.950s][info][gc,phases   ] GC(67)   Other: 0.26ms
[2026-09-05T11:12:06.443-0400][61.950s][info][gc,heap     ] GC(67) Eden regions: 310->0(306)
[2026-09-05T11:12:06.443-0400][61.950s][info][gc,heap     ] GC(67) Survivor regions: 24->26(42)
[2026-09-05T11:12:06.443-0400][61.950s][info][gc,heap     ] GC(67) Old regions: 344->344
[2026-09-05T11:12:06.443-0400][61.950s][info][gc,heap     ] GC(67) Archive regions: 0->0
[2026-09-05T11:12:06.443-0400][61.950s][info][gc,heap     ] GC(67) Humongous regions: 15->15
[2026-09-05T11:12:06.443-0400][61.950s][info][gc,metaspace] GC(67) Metaspace: 125891K(127744K)->125891K(127744K) NonClass: 107449K(108480K)->107449K(108480K) Class: 18442K(19264K)->18442K(19264K)
[2026-09-05T11:12:06.443-0400][61.950s][info][gc          ] GC(67) Pause Young (Concurrent Start) (G1 Evacuation Pause) 1384M->769M(1594M) 5.777ms
[2026-09-05T11:12:06.443-0400][61.950s][info][gc,cpu      ] GC(67) User=0.00s Sys=0.00s Real=0.01s
[2026-09-05T11:12:06.443-0400][61.950s][info][gc          ] GC(68) Concurrent Mark Cycle
[2026-09-05T11:12:06.443-0400][61.950s][info][gc,marking  ] GC(68) Concurrent Clear Claimed Marks
[2026-09-05T11:12:06.443-0400][61.951s][info][gc,marking  ] GC(68) Concurrent Clear Claimed Marks 0.127ms
[2026-09-05T11:12:06.443-0400][61.951s][info][gc,marking  ] GC(68) Concurrent Scan Root Regions
[2026-09-05T11:12:06.448-0400][61.955s][info][gc,marking  ] GC(68) Concurrent Scan Root Regions 4.283ms
[2026-09-05T11:12:06.448-0400][61.955s][info][gc,marking  ] GC(68) Concurrent Mark
[2026-09-05T11:12:06.448-0400][61.955s][info][gc,marking  ] GC(68) Concurrent Mark From Roots
[2026-09-05T11:12:06.448-0400][61.955s][info][gc,task     ] GC(68) Using 6 workers of 6 for marking
[2026-09-05T11:12:06.592-0400][62.099s][info][gc,marking  ] GC(68) Concurrent Mark From Roots 144.330ms
[2026-09-05T11:12:06.592-0400][62.099s][info][gc,marking  ] GC(68) Concurrent Preclean
[2026-09-05T11:12:06.592-0400][62.100s][info][gc,marking  ] GC(68) Concurrent Preclean 0.243ms
[2026-09-05T11:12:06.592-0400][62.100s][info][gc,start    ] GC(68) Pause Remark
[2026-09-05T11:12:06.600-0400][62.106s][info][gc          ] GC(68) Pause Remark 1119M->1119M(1870M) 6.638ms
[2026-09-05T11:12:06.600-0400][62.106s][info][gc,cpu      ] GC(68) User=0.00s Sys=0.00s Real=0.01s
[2026-09-05T11:12:06.600-0400][62.106s][info][gc,marking  ] GC(68) Concurrent Mark 151.528ms
[2026-09-05T11:12:06.600-0400][62.107s][info][gc,marking  ] GC(68) Concurrent Rebuild Remembered Sets
[2026-09-05T11:12:06.672-0400][62.179s][info][gc,marking  ] GC(68) Concurrent Rebuild Remembered Sets 72.436ms
[2026-09-05T11:12:06.672-0400][62.179s][info][gc,start    ] GC(68) Pause Cleanup
[2026-09-05T11:12:06.672-0400][62.179s][info][gc          ] GC(68) Pause Cleanup 1148M->1148M(1870M) 0.273ms
[2026-09-05T11:12:06.672-0400][62.179s][info][gc,cpu      ] GC(68) User=0.00s Sys=0.00s Real=0.00s
[2026-09-05T11:12:06.672-0400][62.179s][info][gc,marking  ] GC(68) Concurrent Cleanup for Next Mark
[2026-09-05T11:12:06.674-0400][62.181s][info][gc,marking  ] GC(68) Concurrent Cleanup for Next Mark 1.962ms
[2026-09-05T11:12:06.674-0400][62.181s][info][gc          ] GC(68) Concurrent Mark Cycle 231.058ms
[2026-09-05T11:12:06.720-0400][62.227s][info][gc,start    ] GC(69) Pause Young (Prepare Mixed) (G1 Evacuation Pause)
[2026-09-05T11:12:06.720-0400][62.227s][info][gc,task     ] GC(69) Using 23 workers of 23 for evacuation
[2026-09-05T11:12:06.727-0400][62.233s][info][gc,phases   ] GC(69)   Pre Evacuate Collection Set: 0.14ms
[2026-09-05T11:12:06.727-0400][62.233s][info][gc,phases   ] GC(69)   Merge Heap Roots: 0.19ms
[2026-09-05T11:12:06.727-0400][62.233s][info][gc,phases   ] GC(69)   Evacuate Collection Set: 5.33ms
[2026-09-05T11:12:06.727-0400][62.233s][info][gc,phases   ] GC(69)   Post Evacuate Collection Set: 0.64ms
[2026-09-05T11:12:06.727-0400][62.233s][info][gc,phases   ] GC(69)   Other: 0.24ms
[2026-09-05T11:12:06.727-0400][62.233s][info][gc,heap     ] GC(69) Eden regions: 306->0(22)
[2026-09-05T11:12:06.727-0400][62.233s][info][gc,heap     ] GC(69) Survivor regions: 26->24(42)
[2026-09-05T11:12:06.727-0400][62.233s][info][gc,heap     ] GC(69) Old regions: 344->348
[2026-09-05T11:12:06.727-0400][62.233s][info][gc,heap     ] GC(69) Archive regions: 0->0
[2026-09-05T11:12:06.727-0400][62.233s][info][gc,heap     ] GC(69) Humongous regions: 15->15
[2026-09-05T11:12:06.727-0400][62.233s][info][gc,metaspace] GC(69) Metaspace: 125891K(127744K)->125891K(127744K) NonClass: 107449K(108480K)->107449K(108480K) Class: 18442K(19264K)->18442K(19264K)
[2026-09-05T11:12:06.727-0400][62.233s][info][gc          ] GC(69) Pause Young (Prepare Mixed) (G1 Evacuation Pause) 1381M->772M(1870M) 6.634ms
[2026-09-05T11:12:06.727-0400][62.233s][info][gc,cpu      ] GC(69) User=0.00s Sys=0.00s Real=0.01s
[2026-09-05T11:12:06.731-0400][62.238s][info][gc,start    ] GC(70) Pause Young (Mixed) (G1 Evacuation Pause)
[2026-09-05T11:12:06.731-0400][62.238s][info][gc,task     ] GC(70) Using 23 workers of 23 for evacuation
[2026-09-05T11:12:06.736-0400][62.244s][info][gc,phases   ] GC(70)   Pre Evacuate Collection Set: 0.11ms
[2026-09-05T11:12:06.736-0400][62.244s][info][gc,phases   ] GC(70)   Merge Heap Roots: 0.14ms
[2026-09-05T11:12:06.736-0400][62.244s][info][gc,phases   ] GC(70)   Evacuate Collection Set: 5.02ms
[2026-09-05T11:12:06.736-0400][62.244s][info][gc,phases   ] GC(70)   Post Evacuate Collection Set: 0.48ms
[2026-09-05T11:12:06.736-0400][62.244s][info][gc,phases   ] GC(70)   Other: 0.16ms
[2026-09-05T11:12:06.736-0400][62.244s][info][gc,heap     ] GC(70) Eden regions: 22->0(457)
[2026-09-05T11:12:06.736-0400][62.244s][info][gc,heap     ] GC(70) Survivor regions: 24->5(6)
[2026-09-05T11:12:06.736-0400][62.244s][info][gc,heap     ] GC(70) Old regions: 348->346
[2026-09-05T11:12:06.736-0400][62.244s][info][gc,heap     ] GC(70) Archive regions: 0->0
[2026-09-05T11:12:06.736-0400][62.244s][info][gc,heap     ] GC(70) Humongous regions: 15->15
[2026-09-05T11:12:06.736-0400][62.244s][info][gc,metaspace] GC(70) Metaspace: 125891K(127744K)->125891K(127744K) NonClass: 107449K(108480K)->107449K(108480K) Class: 18442K(19264K)->18442K(19264K)
[2026-09-05T11:12:06.736-0400][62.244s][info][gc          ] GC(70) Pause Young (Mixed) (G1 Evacuation Pause) 816M->730M(1870M) 6.057ms
[2026-09-05T11:12:06.736-0400][62.244s][info][gc,cpu      ] GC(70) User=0.02s Sys=0.00s Real=0.01s
[2026-09-05T11:12:06.881-0400][62.389s][info][gc,start    ] GC(71) Pause Young (Normal) (G1 Evacuation Pause)
[2026-09-05T11:12:06.881-0400][62.389s][info][gc,task     ] GC(71) Using 23 workers of 23 for evacuation
[2026-09-05T11:12:06.884-0400][62.391s][info][gc,phases   ] GC(71)   Pre Evacuate Collection Set: 0.11ms
[2026-09-05T11:12:06.884-0400][62.391s][info][gc,phases   ] GC(71)   Merge Heap Roots: 0.15ms
[2026-09-05T11:12:06.884-0400][62.391s][info][gc,phases   ] GC(71)   Evacuate Collection Set: 1.43ms
[2026-09-05T11:12:06.884-0400][62.391s][info][gc,phases   ] GC(71)   Post Evacuate Collection Set: 0.73ms
[2026-09-05T11:12:06.884-0400][62.391s][info][gc,phases   ] GC(71)   Other: 0.23ms
[2026-09-05T11:12:06.884-0400][62.391s][info][gc,heap     ] GC(71) Eden regions: 457->0(501)
[2026-09-05T11:12:06.884-0400][62.391s][info][gc,heap     ] GC(71) Survivor regions: 5->6(58)
[2026-09-05T11:12:06.884-0400][62.391s][info][gc,heap     ] GC(71) Old regions: 346->346
[2026-09-05T11:12:06.884-0400][62.391s][info][gc,heap     ] GC(71) Archive regions: 0->0
[2026-09-05T11:12:06.884-0400][62.391s][info][gc,heap     ] GC(71) Humongous regions: 15->15
[2026-09-05T11:12:06.884-0400][62.391s][info][gc,metaspace] GC(71) Metaspace: 125891K(127744K)->125891K(127744K) NonClass: 107449K(108480K)->107449K(108480K) Class: 18442K(19264K)->18442K(19264K)
[2026-09-05T11:12:06.884-0400][62.391s][info][gc          ] GC(71) Pause Young (Normal) (G1 Evacuation Pause) 1644M->731M(1960M) 2.769ms
[2026-09-05T11:12:06.884-0400][62.391s][info][gc,cpu      ] GC(71) User=0.00s Sys=0.00s Real=0.00s
[2026-09-05T11:12:07.476-0400][62.983s][info][gc,start    ] GC(72) Pause Young (Normal) (G1 Evacuation Pause)
[2026-09-05T11:12:07.476-0400][62.983s][info][gc,task     ] GC(72) Using 23 workers of 23 for evacuation
[2026-09-05T11:12:07.480-0400][62.987s][info][gc,phases   ] GC(72)   Pre Evacuate Collection Set: 0.10ms
[2026-09-05T11:12:07.480-0400][62.987s][info][gc,phases   ] GC(72)   Merge Heap Roots: 0.19ms
[2026-09-05T11:12:07.480-0400][62.987s][info][gc,phases   ] GC(72)   Evacuate Collection Set: 2.47ms
[2026-09-05T11:12:07.480-0400][62.987s][info][gc,phases   ] GC(72)   Post Evacuate Collection Set: 0.58ms
[2026-09-05T11:12:07.480-0400][62.987s][info][gc,phases   ] GC(72)   Other: 0.18ms
[2026-09-05T11:12:07.480-0400][62.987s][info][gc,heap     ] GC(72) Eden regions: 501->0(497)
[2026-09-05T11:12:07.480-0400][62.987s][info][gc,heap     ] GC(72) Survivor regions: 6->10(64)
[2026-09-05T11:12:07.480-0400][62.987s][info][gc,heap     ] GC(72) Old regions: 346->346
[2026-09-05T11:12:07.480-0400][62.987s][info][gc,heap     ] GC(72) Archive regions: 0->0
[2026-09-05T11:12:07.480-0400][62.987s][info][gc,heap     ] GC(72) Humongous regions: 15->15
[2026-09-05T11:12:07.480-0400][62.987s][info][gc,metaspace] GC(72) Metaspace: 125946K(127744K)->125946K(127744K) NonClass: 107504K(108480K)->107504K(108480K) Class: 18442K(19264K)->18442K(19264K)
[2026-09-05T11:12:07.480-0400][62.987s][info][gc          ] GC(72) Pause Young (Normal) (G1 Evacuation Pause) 1733M->738M(1960M) 3.714ms
[2026-09-05T11:12:07.480-0400][62.987s][info][gc,cpu      ] GC(72) User=0.00s Sys=0.00s Real=0.00s
[2026-09-05T11:12:08.258-0400][63.765s][info][gc,start    ] GC(73) Pause Young (Concurrent Start) (G1 Evacuation Pause)
[2026-09-05T11:12:08.259-0400][63.765s][info][gc,task     ] GC(73) Using 23 workers of 23 for evacuation
[2026-09-05T11:12:08.264-0400][63.770s][info][gc,phases   ] GC(73)   Pre Evacuate Collection Set: 0.67ms
[2026-09-05T11:12:08.264-0400][63.770s][info][gc,phases   ] GC(73)   Merge Heap Roots: 0.22ms
[2026-09-05T11:12:08.264-0400][63.770s][info][gc,phases   ] GC(73)   Evacuate Collection Set: 3.19ms
[2026-09-05T11:12:08.264-0400][63.770s][info][gc,phases   ] GC(73)   Post Evacuate Collection Set: 0.53ms
[2026-09-05T11:12:08.264-0400][63.770s][info][gc,phases   ] GC(73)   Other: 0.95ms
[2026-09-05T11:12:08.264-0400][63.770s][info][gc,heap     ] GC(73) Eden regions: 497->0(492)
[2026-09-05T11:12:08.264-0400][63.770s][info][gc,heap     ] GC(73) Survivor regions: 10->14(64)
[2026-09-05T11:12:08.264-0400][63.770s][info][gc,heap     ] GC(73) Old regions: 346->346
[2026-09-05T11:12:08.264-0400][63.771s][info][gc,heap     ] GC(73) Archive regions: 0->0
[2026-09-05T11:12:08.264-0400][63.771s][info][gc,heap     ] GC(73) Humongous regions: 15->15
[2026-09-05T11:12:08.264-0400][63.771s][info][gc,metaspace] GC(73) Metaspace: 125959K(127808K)->125959K(127808K) NonClass: 107516K(108544K)->107516K(108544K) Class: 18442K(19264K)->18442K(19264K)
[2026-09-05T11:12:08.264-0400][63.771s][info][gc          ] GC(73) Pause Young (Concurrent Start) (G1 Evacuation Pause) 1732M->747M(1960M) 5.675ms
[2026-09-05T11:12:08.264-0400][63.771s][info][gc,cpu      ] GC(73) User=0.36s Sys=0.00s Real=0.01s
[2026-09-05T11:12:08.264-0400][63.771s][info][gc          ] GC(74) Concurrent Mark Cycle
[2026-09-05T11:12:08.264-0400][63.771s][info][gc,marking  ] GC(74) Concurrent Clear Claimed Marks
[2026-09-05T11:12:08.264-0400][63.771s][info][gc,marking  ] GC(74) Concurrent Clear Claimed Marks 0.246ms
[2026-09-05T11:12:08.264-0400][63.771s][info][gc,marking  ] GC(74) Concurrent Scan Root Regions
[2026-09-05T11:12:08.268-0400][63.775s][info][gc,marking  ] GC(74) Concurrent Scan Root Regions 3.950ms
[2026-09-05T11:12:08.268-0400][63.775s][info][gc,marking  ] GC(74) Concurrent Mark
[2026-09-05T11:12:08.268-0400][63.775s][info][gc,marking  ] GC(74) Concurrent Mark From Roots
[2026-09-05T11:12:08.268-0400][63.775s][info][gc,task     ] GC(74) Using 6 workers of 6 for marking
[2026-09-05T11:12:08.450-0400][63.957s][info][gc,marking  ] GC(74) Concurrent Mark From Roots 181.565ms
[2026-09-05T11:12:08.450-0400][63.957s][info][gc,marking  ] GC(74) Concurrent Preclean
[2026-09-05T11:12:08.450-0400][63.957s][info][gc,marking  ] GC(74) Concurrent Preclean 0.398ms
[2026-09-05T11:12:08.454-0400][63.960s][info][gc,start    ] GC(74) Pause Remark
[2026-09-05T11:12:08.461-0400][63.968s][info][gc          ] GC(74) Pause Remark 1393M->1393M(2330M) 8.236ms
[2026-09-05T11:12:08.462-0400][63.968s][info][gc,cpu      ] GC(74) User=0.00s Sys=0.00s Real=0.01s
[2026-09-05T11:12:08.462-0400][63.969s][info][gc,marking  ] GC(74) Concurrent Mark 193.554ms
[2026-09-05T11:12:08.462-0400][63.969s][info][gc,marking  ] GC(74) Concurrent Rebuild Remembered Sets
[2026-09-05T11:12:08.568-0400][64.075s][info][gc,marking  ] GC(74) Concurrent Rebuild Remembered Sets 106.127ms
[2026-09-05T11:12:08.568-0400][64.075s][info][gc,start    ] GC(74) Pause Cleanup
[2026-09-05T11:12:08.568-0400][64.075s][info][gc          ] GC(74) Pause Cleanup 1514M->1514M(2330M) 0.426ms
[2026-09-05T11:12:08.568-0400][64.075s][info][gc,cpu      ] GC(74) User=0.00s Sys=0.00s Real=0.00s
[2026-09-05T11:12:08.568-0400][64.075s][info][gc,marking  ] GC(74) Concurrent Cleanup for Next Mark
[2026-09-05T11:12:08.572-0400][64.079s][info][gc,marking  ] GC(74) Concurrent Cleanup for Next Mark 3.338ms
[2026-09-05T11:12:08.572-0400][64.079s][info][gc          ] GC(74) Concurrent Mark Cycle 308.133ms
[2026-09-05T11:12:08.815-0400][64.322s][info][gc,start    ] GC(75) Pause Young (Prepare Mixed) (G1 Evacuation Pause)
[2026-09-05T11:12:08.815-0400][64.322s][info][gc,task     ] GC(75) Using 23 workers of 23 for evacuation
[2026-09-05T11:12:08.821-0400][64.328s][info][gc,phases   ] GC(75)   Pre Evacuate Collection Set: 0.12ms
[2026-09-05T11:12:08.821-0400][64.328s][info][gc,phases   ] GC(75)   Merge Heap Roots: 0.37ms
[2026-09-05T11:12:08.821-0400][64.328s][info][gc,phases   ] GC(75)   Evacuate Collection Set: 4.30ms
[2026-09-05T11:12:08.821-0400][64.328s][info][gc,phases   ] GC(75)   Post Evacuate Collection Set: 0.53ms
[2026-09-05T11:12:08.821-0400][64.328s][info][gc,phases   ] GC(75)   Other: 0.18ms
[2026-09-05T11:12:08.821-0400][64.328s][info][gc,heap     ] GC(75) Eden regions: 474->0(41)
[2026-09-05T11:12:08.821-0400][64.328s][info][gc,heap     ] GC(75) Survivor regions: 14->17(61)
[2026-09-05T11:12:08.821-0400][64.328s][info][gc,heap     ] GC(75) Old regions: 346->346
[2026-09-05T11:12:08.821-0400][64.328s][info][gc,heap     ] GC(75) Archive regions: 0->0
[2026-09-05T11:12:08.821-0400][64.328s][info][gc,heap     ] GC(75) Humongous regions: 15->15
[2026-09-05T11:12:08.821-0400][64.328s][info][gc,metaspace] GC(75) Metaspace: 125978K(127808K)->125978K(127808K) NonClass: 107534K(108544K)->107534K(108544K) Class: 18443K(19264K)->18443K(19264K)
[2026-09-05T11:12:08.821-0400][64.328s][info][gc          ] GC(75) Pause Young (Prepare Mixed) (G1 Evacuation Pause) 1695M->753M(2330M) 5.620ms
[2026-09-05T11:12:08.821-0400][64.328s][info][gc,cpu      ] GC(75) User=0.00s Sys=0.00s Real=0.01s
[2026-09-05T11:12:08.833-0400][64.340s][info][gc,start    ] GC(76) Pause Young (Mixed) (G1 Evacuation Pause)
[2026-09-05T11:12:08.833-0400][64.340s][info][gc,task     ] GC(76) Using 23 workers of 23 for evacuation
[2026-09-05T11:12:08.851-0400][64.358s][info][gc,phases   ] GC(76)   Pre Evacuate Collection Set: 0.14ms
[2026-09-05T11:12:08.851-0400][64.358s][info][gc,phases   ] GC(76)   Merge Heap Roots: 0.15ms
[2026-09-05T11:12:08.851-0400][64.358s][info][gc,phases   ] GC(76)   Evacuate Collection Set: 17.26ms
[2026-09-05T11:12:08.851-0400][64.358s][info][gc,phases   ] GC(76)   Post Evacuate Collection Set: 0.42ms
[2026-09-05T11:12:08.851-0400][64.358s][info][gc,phases   ] GC(76)   Other: 0.21ms
[2026-09-05T11:12:08.851-0400][64.358s][info][gc,heap     ] GC(76) Eden regions: 41->0(668)
[2026-09-05T11:12:08.851-0400][64.359s][info][gc,heap     ] GC(76) Survivor regions: 17->5(8)
[2026-09-05T11:12:08.851-0400][64.359s][info][gc,heap     ] GC(76) Old regions: 346->344
[2026-09-05T11:12:08.851-0400][64.359s][info][gc,heap     ] GC(76) Archive regions: 0->0
[2026-09-05T11:12:08.851-0400][64.359s][info][gc,heap     ] GC(76) Humongous regions: 15->15
[2026-09-05T11:12:08.851-0400][64.359s][info][gc,metaspace] GC(76) Metaspace: 125978K(127808K)->125978K(127808K) NonClass: 107534K(108544K)->107534K(108544K) Class: 18443K(19264K)->18443K(19264K)
[2026-09-05T11:12:08.851-0400][64.359s][info][gc          ] GC(76) Pause Young (Mixed) (G1 Evacuation Pause) 835M->726M(2330M) 18.281ms
[2026-09-05T11:12:08.851-0400][64.359s][info][gc,cpu      ] GC(76) User=0.38s Sys=0.00s Real=0.02s
[2026-09-05T11:12:09.301-0400][64.808s][info][gc,start    ] GC(77) Pause Young (Normal) (G1 Evacuation Pause)
[2026-09-05T11:12:09.301-0400][64.809s][info][gc,task     ] GC(77) Using 23 workers of 23 for evacuation
[2026-09-05T11:12:09.305-0400][64.812s][info][gc,phases   ] GC(77)   Pre Evacuate Collection Set: 0.18ms
[2026-09-05T11:12:09.305-0400][64.812s][info][gc,phases   ] GC(77)   Merge Heap Roots: 0.18ms
[2026-09-05T11:12:09.305-0400][64.812s][info][gc,phases   ] GC(77)   Evacuate Collection Set: 2.38ms
[2026-09-05T11:12:09.305-0400][64.812s][info][gc,phases   ] GC(77)   Post Evacuate Collection Set: 0.57ms
[2026-09-05T11:12:09.305-0400][64.812s][info][gc,phases   ] GC(77)   Other: 0.21ms
[2026-09-05T11:12:09.305-0400][64.812s][info][gc,heap     ] GC(77) Eden regions: 668->0(661)
[2026-09-05T11:12:09.305-0400][64.812s][info][gc,heap     ] GC(77) Survivor regions: 5->9(85)
[2026-09-05T11:12:09.305-0400][64.812s][info][gc,heap     ] GC(77) Old regions: 344->344
[2026-09-05T11:12:09.305-0400][64.812s][info][gc,heap     ] GC(77) Archive regions: 0->0
[2026-09-05T11:12:09.305-0400][64.812s][info][gc,heap     ] GC(77) Humongous regions: 15->15
[2026-09-05T11:12:09.305-0400][64.812s][info][gc,metaspace] GC(77) Metaspace: 126000K(127808K)->126000K(127808K) NonClass: 107555K(108544K)->107555K(108544K) Class: 18445K(19264K)->18445K(19264K)
[2026-09-05T11:12:09.305-0400][64.812s][info][gc          ] GC(77) Pause Young (Normal) (G1 Evacuation Pause) 2062M->734M(2330M) 3.656ms
[2026-09-05T11:12:09.305-0400][64.812s][info][gc,cpu      ] GC(77) User=0.00s Sys=0.00s Real=0.00s
[2026-09-05T11:12:09.969-0400][65.476s][info][gc,start    ] GC(78) Pause Young (Normal) (G1 Evacuation Pause)
[2026-09-05T11:12:09.969-0400][65.476s][info][gc,task     ] GC(78) Using 23 workers of 23 for evacuation
[2026-09-05T11:12:09.972-0400][65.480s][info][gc,phases   ] GC(78)   Pre Evacuate Collection Set: 0.14ms
[2026-09-05T11:12:09.973-0400][65.480s][info][gc,phases   ] GC(78)   Merge Heap Roots: 0.18ms
[2026-09-05T11:12:09.973-0400][65.480s][info][gc,phases   ] GC(78)   Evacuate Collection Set: 2.58ms
[2026-09-05T11:12:09.973-0400][65.480s][info][gc,phases   ] GC(78)   Post Evacuate Collection Set: 0.65ms
[2026-09-05T11:12:09.973-0400][65.480s][info][gc,phases   ] GC(78)   Other: 0.18ms
[2026-09-05T11:12:09.973-0400][65.480s][info][gc,heap     ] GC(78) Eden regions: 661->0(657)
[2026-09-05T11:12:09.973-0400][65.480s][info][gc,heap     ] GC(78) Survivor regions: 9->14(84)
[2026-09-05T11:12:09.973-0400][65.480s][info][gc,heap     ] GC(78) Old regions: 344->344
[2026-09-05T11:12:09.973-0400][65.480s][info][gc,heap     ] GC(78) Archive regions: 0->0
[2026-09-05T11:12:09.973-0400][65.480s][info][gc,heap     ] GC(78) Humongous regions: 15->15
[2026-09-05T11:12:09.973-0400][65.480s][info][gc,metaspace] GC(78) Metaspace: 126038K(127872K)->126038K(127872K) NonClass: 107588K(108608K)->107588K(108608K) Class: 18450K(19264K)->18450K(19264K)
[2026-09-05T11:12:09.973-0400][65.480s][info][gc          ] GC(78) Pause Young (Normal) (G1 Evacuation Pause) 2056M->744M(2330M) 3.839ms
[2026-09-05T11:12:09.973-0400][65.480s][info][gc,cpu      ] GC(78) User=0.00s Sys=0.00s Real=0.00s
[2026-09-05T11:12:10.544-0400][66.050s][info][gc,start    ] GC(79) Pause Young (Normal) (G1 Evacuation Pause)
[2026-09-05T11:12:10.544-0400][66.050s][info][gc,task     ] GC(79) Using 23 workers of 23 for evacuation
[2026-09-05T11:12:10.548-0400][66.055s][info][gc,phases   ] GC(79)   Pre Evacuate Collection Set: 0.17ms
[2026-09-05T11:12:10.548-0400][66.055s][info][gc,phases   ] GC(79)   Merge Heap Roots: 0.23ms
[2026-09-05T11:12:10.548-0400][66.055s][info][gc,phases   ] GC(79)   Evacuate Collection Set: 3.27ms
[2026-09-05T11:12:10.548-0400][66.055s][info][gc,phases   ] GC(79)   Post Evacuate Collection Set: 0.69ms
[2026-09-05T11:12:10.548-0400][66.055s][info][gc,phases   ] GC(79)   Other: 0.18ms
[2026-09-05T11:12:10.548-0400][66.055s][info][gc,heap     ] GC(79) Eden regions: 657->0(655)
[2026-09-05T11:12:10.548-0400][66.055s][info][gc,heap     ] GC(79) Survivor regions: 14->17(84)
[2026-09-05T11:12:10.548-0400][66.055s][info][gc,heap     ] GC(79) Old regions: 344->344
[2026-09-05T11:12:10.548-0400][66.055s][info][gc,heap     ] GC(79) Archive regions: 0->0
[2026-09-05T11:12:10.548-0400][66.055s][info][gc,heap     ] GC(79) Humongous regions: 15->15
[2026-09-05T11:12:10.548-0400][66.055s][info][gc,metaspace] GC(79) Metaspace: 126059K(127872K)->126059K(127872K) NonClass: 107604K(108608K)->107604K(108608K) Class: 18455K(19264K)->18455K(19264K)
[2026-09-05T11:12:10.548-0400][66.055s][info][gc          ] GC(79) Pause Young (Normal) (G1 Evacuation Pause) 2058M->749M(2330M) 4.677ms
[2026-09-05T11:12:10.548-0400][66.055s][info][gc,cpu      ] GC(79) User=0.00s Sys=0.00s Real=0.00s
[2026-09-05T11:12:11.092-0400][66.599s][info][gc,start    ] GC(80) Pause Young (Normal) (G1 Evacuation Pause)
[2026-09-05T11:12:11.093-0400][66.599s][info][gc,task     ] GC(80) Using 23 workers of 23 for evacuation
[2026-09-05T11:12:11.098-0400][66.605s][info][gc,phases   ] GC(80)   Pre Evacuate Collection Set: 0.23ms
[2026-09-05T11:12:11.098-0400][66.605s][info][gc,phases   ] GC(80)   Merge Heap Roots: 0.23ms
[2026-09-05T11:12:11.098-0400][66.605s][info][gc,phases   ] GC(80)   Evacuate Collection Set: 4.40ms
[2026-09-05T11:12:11.098-0400][66.605s][info][gc,phases   ] GC(80)   Post Evacuate Collection Set: 0.66ms
[2026-09-05T11:12:11.098-0400][66.605s][info][gc,phases   ] GC(80)   Other: 0.18ms
[2026-09-05T11:12:11.098-0400][66.605s][info][gc,heap     ] GC(80) Eden regions: 655->0(645)
[2026-09-05T11:12:11.098-0400][66.605s][info][gc,heap     ] GC(80) Survivor regions: 17->22(84)
[2026-09-05T11:12:11.098-0400][66.605s][info][gc,heap     ] GC(80) Old regions: 344->344
[2026-09-05T11:12:11.098-0400][66.605s][info][gc,heap     ] GC(80) Archive regions: 0->0
[2026-09-05T11:12:11.098-0400][66.605s][info][gc,heap     ] GC(80) Humongous regions: 15->15
[2026-09-05T11:12:11.098-0400][66.605s][info][gc,metaspace] GC(80) Metaspace: 126078K(127872K)->126078K(127872K) NonClass: 107622K(108608K)->107622K(108608K) Class: 18455K(19264K)->18455K(19264K)
[2026-09-05T11:12:11.098-0400][66.605s][info][gc          ] GC(80) Pause Young (Normal) (G1 Evacuation Pause) 2059M->759M(2330M) 5.829ms
[2026-09-05T11:12:11.099-0400][66.605s][info][gc,cpu      ] GC(80) User=0.00s Sys=0.00s Real=0.01s
[2026-09-05T11:12:11.650-0400][67.157s][info][gc,start    ] GC(81) Pause Young (Normal) (G1 Evacuation Pause)
[2026-09-05T11:12:11.650-0400][67.157s][info][gc,task     ] GC(81) Using 23 workers of 23 for evacuation
[2026-09-05T11:12:11.656-0400][67.164s][info][gc,phases   ] GC(81)   Pre Evacuate Collection Set: 0.26ms
[2026-09-05T11:12:11.656-0400][67.164s][info][gc,phases   ] GC(81)   Merge Heap Roots: 0.25ms
[2026-09-05T11:12:11.656-0400][67.164s][info][gc,phases   ] GC(81)   Evacuate Collection Set: 5.21ms
[2026-09-05T11:12:11.656-0400][67.164s][info][gc,phases   ] GC(81)   Post Evacuate Collection Set: 0.67ms
[2026-09-05T11:12:11.656-0400][67.164s][info][gc,phases   ] GC(81)   Other: 0.27ms
[2026-09-05T11:12:11.656-0400][67.164s][info][gc,heap     ] GC(81) Eden regions: 645->0(637)
[2026-09-05T11:12:11.656-0400][67.164s][info][gc,heap     ] GC(81) Survivor regions: 22->26(84)
[2026-09-05T11:12:11.656-0400][67.164s][info][gc,heap     ] GC(81) Old regions: 344->344
[2026-09-05T11:12:11.656-0400][67.164s][info][gc,heap     ] GC(81) Archive regions: 0->0
[2026-09-05T11:12:11.656-0400][67.164s][info][gc,heap     ] GC(81) Humongous regions: 15->15
[2026-09-05T11:12:11.656-0400][67.164s][info][gc,metaspace] GC(81) Metaspace: 126099K(127936K)->126099K(127936K) NonClass: 107643K(108672K)->107643K(108672K) Class: 18455K(19264K)->18455K(19264K)
[2026-09-05T11:12:11.656-0400][67.164s][info][gc          ] GC(81) Pause Young (Normal) (G1 Evacuation Pause) 2049M->769M(2330M) 6.792ms
[2026-09-05T11:12:11.656-0400][67.164s][info][gc,cpu      ] GC(81) User=0.34s Sys=0.03s Real=0.01s
[2026-09-05T11:12:12.288-0400][67.795s][info][gc,start    ] GC(82) Pause Young (Normal) (G1 Evacuation Pause)
[2026-09-05T11:12:12.288-0400][67.795s][info][gc,task     ] GC(82) Using 23 workers of 23 for evacuation
[2026-09-05T11:12:12.294-0400][67.801s][info][gc,phases   ] GC(82)   Pre Evacuate Collection Set: 0.20ms
[2026-09-05T11:12:12.294-0400][67.801s][info][gc,phases   ] GC(82)   Merge Heap Roots: 0.35ms
[2026-09-05T11:12:12.294-0400][67.801s][info][gc,phases   ] GC(82)   Evacuate Collection Set: 4.75ms
[2026-09-05T11:12:12.294-0400][67.801s][info][gc,phases   ] GC(82)   Post Evacuate Collection Set: 0.80ms
[2026-09-05T11:12:12.294-0400][67.801s][info][gc,phases   ] GC(82)   Other: 0.22ms
[2026-09-05T11:12:12.294-0400][67.801s][info][gc,heap     ] GC(82) Eden regions: 637->0(627)
[2026-09-05T11:12:12.294-0400][67.802s][info][gc,heap     ] GC(82) Survivor regions: 26->31(83)
[2026-09-05T11:12:12.294-0400][67.802s][info][gc,heap     ] GC(82) Old regions: 344->344
[2026-09-05T11:12:12.294-0400][67.802s][info][gc,heap     ] GC(82) Archive regions: 0->0
[2026-09-05T11:12:12.294-0400][67.802s][info][gc,heap     ] GC(82) Humongous regions: 15->15
[2026-09-05T11:12:12.294-0400][67.802s][info][gc,metaspace] GC(82) Metaspace: 126131K(127936K)->126131K(127936K) NonClass: 107676K(108672K)->107676K(108672K) Class: 18455K(19264K)->18455K(19264K)
[2026-09-05T11:12:12.294-0400][67.802s][info][gc          ] GC(82) Pause Young (Normal) (G1 Evacuation Pause) 2043M->778M(2330M) 6.467ms
[2026-09-05T11:12:12.294-0400][67.802s][info][gc,cpu      ] GC(82) User=0.30s Sys=0.06s Real=0.01s
[2026-09-05T11:12:12.540-0400][68.046s][info][gc,start    ] GC(83) Pause Young (Normal) (G1 Evacuation Pause)
[2026-09-05T11:12:12.540-0400][68.046s][info][gc,task     ] GC(83) Using 23 workers of 23 for evacuation
[2026-09-05T11:12:12.546-0400][68.053s][info][gc,phases   ] GC(83)   Pre Evacuate Collection Set: 0.15ms
[2026-09-05T11:12:12.546-0400][68.053s][info][gc,phases   ] GC(83)   Merge Heap Roots: 0.18ms
[2026-09-05T11:12:12.546-0400][68.053s][info][gc,phases   ] GC(83)   Evacuate Collection Set: 5.27ms
[2026-09-05T11:12:12.546-0400][68.053s][info][gc,phases   ] GC(83)   Post Evacuate Collection Set: 0.50ms
[2026-09-05T11:12:12.546-0400][68.053s][info][gc,phases   ] GC(83)   Other: 0.21ms
[2026-09-05T11:12:12.546-0400][68.053s][info][gc,heap     ] GC(83) Eden regions: 627->0(619)
[2026-09-05T11:12:12.546-0400][68.053s][info][gc,heap     ] GC(83) Survivor regions: 31->35(83)
[2026-09-05T11:12:12.546-0400][68.053s][info][gc,heap     ] GC(83) Old regions: 344->344
[2026-09-05T11:12:12.546-0400][68.053s][info][gc,heap     ] GC(83) Archive regions: 0->0
[2026-09-05T11:12:12.546-0400][68.053s][info][gc,heap     ] GC(83) Humongous regions: 15->15
[2026-09-05T11:12:12.546-0400][68.053s][info][gc,metaspace] GC(83) Metaspace: 126134K(127936K)->126134K(127936K) NonClass: 107678K(108672K)->107678K(108672K) Class: 18455K(19264K)->18455K(19264K)
[2026-09-05T11:12:12.546-0400][68.053s][info][gc          ] GC(83) Pause Young (Normal) (G1 Evacuation Pause) 2032M->786M(2330M) 6.421ms
[2026-09-05T11:12:12.546-0400][68.053s][info][gc,cpu      ] GC(83) User=0.30s Sys=0.05s Real=0.01s
[2026-09-05T11:12:13.557-0400][69.064s][info][gc,start    ] GC(84) Pause Young (Normal) (G1 Evacuation Pause)
[2026-09-05T11:12:13.557-0400][69.064s][info][gc,task     ] GC(84) Using 23 workers of 23 for evacuation
[2026-09-05T11:12:13.564-0400][69.071s][info][gc,phases   ] GC(84)   Pre Evacuate Collection Set: 0.19ms
[2026-09-05T11:12:13.564-0400][69.071s][info][gc,phases   ] GC(84)   Merge Heap Roots: 0.19ms
[2026-09-05T11:12:13.564-0400][69.071s][info][gc,phases   ] GC(84)   Evacuate Collection Set: 5.28ms
[2026-09-05T11:12:13.564-0400][69.071s][info][gc,phases   ] GC(84)   Post Evacuate Collection Set: 0.78ms
[2026-09-05T11:12:13.564-0400][69.071s][info][gc,phases   ] GC(84)   Other: 0.13ms
[2026-09-05T11:12:13.564-0400][69.071s][info][gc,heap     ] GC(84) Eden regions: 619->0(613)
[2026-09-05T11:12:13.564-0400][69.071s][info][gc,heap     ] GC(84) Survivor regions: 35->38(82)
[2026-09-05T11:12:13.564-0400][69.071s][info][gc,heap     ] GC(84) Old regions: 344->344
[2026-09-05T11:12:13.564-0400][69.071s][info][gc,heap     ] GC(84) Archive regions: 0->0
[2026-09-05T11:12:13.564-0400][69.071s][info][gc,heap     ] GC(84) Humongous regions: 15->15
[2026-09-05T11:12:13.564-0400][69.071s][info][gc,metaspace] GC(84) Metaspace: 126138K(127936K)->126138K(127936K) NonClass: 107682K(108672K)->107682K(108672K) Class: 18455K(19264K)->18455K(19264K)
[2026-09-05T11:12:13.564-0400][69.071s][info][gc          ] GC(84) Pause Young (Normal) (G1 Evacuation Pause) 2024M->791M(2330M) 6.702ms
[2026-09-05T11:12:13.564-0400][69.071s][info][gc,cpu      ] GC(84) User=0.33s Sys=0.03s Real=0.01s
[2026-09-05T11:12:14.103-0400][69.610s][info][gc,start    ] GC(85) Pause Young (Normal) (G1 Evacuation Pause)
[2026-09-05T11:12:14.103-0400][69.610s][info][gc,task     ] GC(85) Using 23 workers of 23 for evacuation
[2026-09-05T11:12:14.112-0400][69.618s][info][gc,phases   ] GC(85)   Pre Evacuate Collection Set: 0.31ms
[2026-09-05T11:12:14.112-0400][69.618s][info][gc,phases   ] GC(85)   Merge Heap Roots: 0.22ms
[2026-09-05T11:12:14.112-0400][69.618s][info][gc,phases   ] GC(85)   Evacuate Collection Set: 6.86ms
[2026-09-05T11:12:14.112-0400][69.618s][info][gc,phases   ] GC(85)   Post Evacuate Collection Set: 0.85ms
[2026-09-05T11:12:14.112-0400][69.618s][info][gc,phases   ] GC(85)   Other: 0.25ms
[2026-09-05T11:12:14.112-0400][69.618s][info][gc,heap     ] GC(85) Eden regions: 613->0(605)
[2026-09-05T11:12:14.112-0400][69.618s][info][gc,heap     ] GC(85) Survivor regions: 38->42(82)
[2026-09-05T11:12:14.112-0400][69.618s][info][gc,heap     ] GC(85) Old regions: 344->344
[2026-09-05T11:12:14.112-0400][69.618s][info][gc,heap     ] GC(85) Archive regions: 0->0
[2026-09-05T11:12:14.112-0400][69.618s][info][gc,heap     ] GC(85) Humongous regions: 15->15
[2026-09-05T11:12:14.112-0400][69.618s][info][gc,metaspace] GC(85) Metaspace: 126157K(127936K)->126157K(127936K) NonClass: 107701K(108672K)->107701K(108672K) Class: 18456K(19264K)->18456K(19264K)
[2026-09-05T11:12:14.112-0400][69.619s][info][gc          ] GC(85) Pause Young (Normal) (G1 Evacuation Pause) 2017M->799M(2330M) 8.580ms
[2026-09-05T11:12:14.112-0400][69.619s][info][gc,cpu      ] GC(85) User=0.36s Sys=0.02s Real=0.01s
[2026-09-05T11:12:14.694-0400][70.201s][info][gc,start    ] GC(86) Pause Young (Normal) (G1 Evacuation Pause)
[2026-09-05T11:12:14.694-0400][70.201s][info][gc,task     ] GC(86) Using 23 workers of 23 for evacuation
[2026-09-05T11:12:14.703-0400][70.210s][info][gc,phases   ] GC(86)   Pre Evacuate Collection Set: 0.17ms
[2026-09-05T11:12:14.703-0400][70.210s][info][gc,phases   ] GC(86)   Merge Heap Roots: 0.21ms
[2026-09-05T11:12:14.703-0400][70.210s][info][gc,phases   ] GC(86)   Evacuate Collection Set: 6.89ms
[2026-09-05T11:12:14.703-0400][70.210s][info][gc,phases   ] GC(86)   Post Evacuate Collection Set: 0.77ms
[2026-09-05T11:12:14.703-0400][70.210s][info][gc,phases   ] GC(86)   Other: 0.16ms
[2026-09-05T11:12:14.703-0400][70.210s][info][gc,heap     ] GC(86) Eden regions: 605->0(597)
[2026-09-05T11:12:14.703-0400][70.210s][info][gc,heap     ] GC(86) Survivor regions: 42->46(81)
[2026-09-05T11:12:14.703-0400][70.210s][info][gc,heap     ] GC(86) Old regions: 344->344
[2026-09-05T11:12:14.703-0400][70.210s][info][gc,heap     ] GC(86) Archive regions: 0->0
[2026-09-05T11:12:14.703-0400][70.210s][info][gc,heap     ] GC(86) Humongous regions: 15->15
[2026-09-05T11:12:14.703-0400][70.210s][info][gc,metaspace] GC(86) Metaspace: 126207K(128000K)->126207K(128000K) NonClass: 107748K(108736K)->107748K(108736K) Class: 18458K(19264K)->18458K(19264K)
[2026-09-05T11:12:14.703-0400][70.210s][info][gc          ] GC(86) Pause Young (Normal) (G1 Evacuation Pause) 2009M->808M(2330M) 8.397ms
[2026-09-05T11:12:14.703-0400][70.210s][info][gc,cpu      ] GC(86) User=0.34s Sys=0.02s Real=0.01s
[2026-09-05T11:12:20.660-0400][76.167s][info][gc,start    ] GC(87) Pause Young (Normal) (G1 Evacuation Pause)
[2026-09-05T11:12:20.660-0400][76.167s][info][gc,task     ] GC(87) Using 23 workers of 23 for evacuation
[2026-09-05T11:12:20.673-0400][76.180s][info][gc,phases   ] GC(87)   Pre Evacuate Collection Set: 0.13ms
[2026-09-05T11:12:20.673-0400][76.180s][info][gc,phases   ] GC(87)   Merge Heap Roots: 0.22ms
[2026-09-05T11:12:20.673-0400][76.180s][info][gc,phases   ] GC(87)   Evacuate Collection Set: 10.93ms
[2026-09-05T11:12:20.673-0400][76.180s][info][gc,phases   ] GC(87)   Post Evacuate Collection Set: 0.92ms
[2026-09-05T11:12:20.673-0400][76.180s][info][gc,phases   ] GC(87)   Other: 0.16ms
[2026-09-05T11:12:20.673-0400][76.180s][info][gc,heap     ] GC(87) Eden regions: 597->0(550)
[2026-09-05T11:12:20.673-0400][76.180s][info][gc,heap     ] GC(87) Survivor regions: 46->68(81)
[2026-09-05T11:12:20.673-0400][76.180s][info][gc,heap     ] GC(87) Old regions: 344->347
[2026-09-05T11:12:20.673-0400][76.180s][info][gc,heap     ] GC(87) Archive regions: 0->0
[2026-09-05T11:12:20.673-0400][76.180s][info][gc,heap     ] GC(87) Humongous regions: 15->15
[2026-09-05T11:12:20.673-0400][76.180s][info][gc,metaspace] GC(87) Metaspace: 136682K(138432K)->136682K(138432K) NonClass: 116725K(117696K)->116725K(117696K) Class: 19957K(20736K)->19957K(20736K)
[2026-09-05T11:12:20.673-0400][76.180s][info][gc          ] GC(87) Pause Young (Normal) (G1 Evacuation Pause) 2002M->857M(2330M) 12.517ms
[2026-09-05T11:12:20.673-0400][76.180s][info][gc,cpu      ] GC(87) User=0.33s Sys=0.05s Real=0.01s
[2026-09-05T11:12:21.376-0400][76.882s][info][gc,start    ] GC(88) Pause Young (Normal) (G1 Evacuation Pause)
[2026-09-05T11:12:21.376-0400][76.882s][info][gc,task     ] GC(88) Using 23 workers of 23 for evacuation
[2026-09-05T11:12:21.387-0400][76.894s][info][gc,phases   ] GC(88)   Pre Evacuate Collection Set: 0.16ms
[2026-09-05T11:12:21.387-0400][76.895s][info][gc,phases   ] GC(88)   Merge Heap Roots: 0.18ms
[2026-09-05T11:12:21.387-0400][76.895s][info][gc,phases   ] GC(88)   Evacuate Collection Set: 11.31ms
[2026-09-05T11:12:21.387-0400][76.895s][info][gc,phases   ] GC(88)   Post Evacuate Collection Set: 0.75ms
[2026-09-05T11:12:21.387-0400][76.895s][info][gc,phases   ] GC(88)   Other: 0.16ms
[2026-09-05T11:12:21.387-0400][76.895s][info][gc,heap     ] GC(88) Eden regions: 550->0(569)
[2026-09-05T11:12:21.387-0400][76.895s][info][gc,heap     ] GC(88) Survivor regions: 68->45(78)
[2026-09-05T11:12:21.387-0400][76.895s][info][gc,heap     ] GC(88) Old regions: 347->374
[2026-09-05T11:12:21.387-0400][76.895s][info][gc,heap     ] GC(88) Archive regions: 0->0
[2026-09-05T11:12:21.387-0400][76.895s][info][gc,heap     ] GC(88) Humongous regions: 15->15
[2026-09-05T11:12:21.387-0400][76.895s][info][gc,metaspace] GC(88) Metaspace: 139016K(140928K)->139016K(140928K) NonClass: 118722K(119744K)->118722K(119744K) Class: 20294K(21184K)->20294K(21184K)
[2026-09-05T11:12:21.387-0400][76.895s][info][gc          ] GC(88) Pause Young (Normal) (G1 Evacuation Pause) 1957M->867M(2330M) 12.699ms
[2026-09-05T11:12:21.387-0400][76.895s][info][gc,cpu      ] GC(88) User=0.09s Sys=0.00s Real=0.01s
[2026-09-05T11:12:21.914-0400][77.421s][info][gc,start    ] GC(89) Pause Young (Normal) (G1 Evacuation Pause)
[2026-09-05T11:12:21.914-0400][77.421s][info][gc,task     ] GC(89) Using 23 workers of 23 for evacuation
[2026-09-05T11:12:21.924-0400][77.431s][info][gc,phases   ] GC(89)   Pre Evacuate Collection Set: 0.19ms
[2026-09-05T11:12:21.924-0400][77.431s][info][gc,phases   ] GC(89)   Merge Heap Roots: 0.19ms
[2026-09-05T11:12:21.924-0400][77.431s][info][gc,phases   ] GC(89)   Evacuate Collection Set: 8.25ms
[2026-09-05T11:12:21.924-0400][77.431s][info][gc,phases   ] GC(89)   Post Evacuate Collection Set: 0.68ms
[2026-09-05T11:12:21.924-0400][77.431s][info][gc,phases   ] GC(89)   Other: 0.22ms
[2026-09-05T11:12:21.924-0400][77.431s][info][gc,heap     ] GC(89) Eden regions: 569->0(553)
[2026-09-05T11:12:21.924-0400][77.431s][info][gc,heap     ] GC(89) Survivor regions: 45->51(77)
[2026-09-05T11:12:21.924-0400][77.431s][info][gc,heap     ] GC(89) Old regions: 374->378
[2026-09-05T11:12:21.924-0400][77.431s][info][gc,heap     ] GC(89) Archive regions: 0->0
[2026-09-05T11:12:21.924-0400][77.431s][info][gc,heap     ] GC(89) Humongous regions: 15->15
[2026-09-05T11:12:21.924-0400][77.431s][info][gc,metaspace] GC(89) Metaspace: 139951K(141888K)->139951K(141888K) NonClass: 119519K(120576K)->119519K(120576K) Class: 20432K(21312K)->20432K(21312K)
[2026-09-05T11:12:21.924-0400][77.431s][info][gc          ] GC(89) Pause Young (Normal) (G1 Evacuation Pause) 2005M->886M(2330M) 9.645ms
[2026-09-05T11:12:21.924-0400][77.431s][info][gc,cpu      ] GC(89) User=0.39s Sys=0.02s Real=0.01s
[2026-09-05T11:12:23.144-0400][78.651s][info][gc,start    ] GC(90) Pause Young (Normal) (G1 Evacuation Pause)
[2026-09-05T11:12:23.144-0400][78.651s][info][gc,task     ] GC(90) Using 23 workers of 23 for evacuation
[2026-09-05T11:12:23.160-0400][78.667s][info][gc,phases   ] GC(90)   Pre Evacuate Collection Set: 0.15ms
[2026-09-05T11:12:23.160-0400][78.667s][info][gc,phases   ] GC(90)   Merge Heap Roots: 0.24ms
[2026-09-05T11:12:23.160-0400][78.667s][info][gc,phases   ] GC(90)   Evacuate Collection Set: 14.83ms
[2026-09-05T11:12:23.160-0400][78.667s][info][gc,phases   ] GC(90)   Post Evacuate Collection Set: 0.82ms
[2026-09-05T11:12:23.160-0400][78.667s][info][gc,phases   ] GC(90)   Other: 0.27ms
[2026-09-05T11:12:23.160-0400][78.667s][info][gc,heap     ] GC(90) Eden regions: 553->0(519)
[2026-09-05T11:12:23.161-0400][78.667s][info][gc,heap     ] GC(90) Survivor regions: 51->53(76)
[2026-09-05T11:12:23.161-0400][78.667s][info][gc,heap     ] GC(90) Old regions: 378->401
[2026-09-05T11:12:23.161-0400][78.667s][info][gc,heap     ] GC(90) Archive regions: 0->0
[2026-09-05T11:12:23.161-0400][78.667s][info][gc,heap     ] GC(90) Humongous regions: 15->15
[2026-09-05T11:12:23.161-0400][78.667s][info][gc,metaspace] GC(90) Metaspace: 141367K(143296K)->141367K(143296K) NonClass: 120782K(121856K)->120782K(121856K) Class: 20584K(21440K)->20584K(21440K)
[2026-09-05T11:12:23.161-0400][78.667s][info][gc          ] GC(90) Pause Young (Normal) (G1 Evacuation Pause) 1992M->936M(2330M) 16.431ms
[2026-09-05T11:12:23.161-0400][78.667s][info][gc,cpu      ] GC(90) User=0.36s Sys=0.00s Real=0.02s
[2026-09-05T11:12:24.458-0400][79.965s][info][gc,start    ] GC(91) Pause Young (Normal) (G1 Evacuation Pause)
[2026-09-05T11:12:24.458-0400][79.965s][info][gc,task     ] GC(91) Using 23 workers of 23 for evacuation
[2026-09-05T11:12:24.483-0400][79.990s][info][gc,phases   ] GC(91)   Pre Evacuate Collection Set: 0.18ms
[2026-09-05T11:12:24.483-0400][79.990s][info][gc,phases   ] GC(91)   Merge Heap Roots: 0.23ms
[2026-09-05T11:12:24.483-0400][79.990s][info][gc,phases   ] GC(91)   Evacuate Collection Set: 24.14ms
[2026-09-05T11:12:24.483-0400][79.990s][info][gc,phases   ] GC(91)   Post Evacuate Collection Set: 0.91ms
[2026-09-05T11:12:24.483-0400][79.990s][info][gc,phases   ] GC(91)   Other: 0.17ms
[2026-09-05T11:12:24.483-0400][79.990s][info][gc,heap     ] GC(91) Eden regions: 519->0(438)
[2026-09-05T11:12:24.483-0400][79.991s][info][gc,heap     ] GC(91) Survivor regions: 53->72(72)
[2026-09-05T11:12:24.483-0400][79.991s][info][gc,heap     ] GC(91) Old regions: 401->423
[2026-09-05T11:12:24.484-0400][79.991s][info][gc,heap     ] GC(91) Archive regions: 0->0
[2026-09-05T11:12:24.484-0400][79.991s][info][gc,heap     ] GC(91) Humongous regions: 15->15
[2026-09-05T11:12:24.484-0400][79.991s][info][gc,metaspace] GC(91) Metaspace: 141651K(143552K)->141651K(143552K) NonClass: 121027K(122048K)->121027K(122048K) Class: 20624K(21504K)->20624K(21504K)
[2026-09-05T11:12:24.484-0400][79.991s][info][gc          ] GC(91) Pause Young (Normal) (G1 Evacuation Pause) 1974M->1019M(2330M) 25.765ms
[2026-09-05T11:12:24.484-0400][79.991s][info][gc,cpu      ] GC(91) User=0.70s Sys=0.03s Real=0.03s
[2026-09-05T11:12:25.979-0400][81.485s][info][gc,start    ] GC(92) Pause Young (Normal) (G1 Evacuation Pause)
[2026-09-05T11:12:25.979-0400][81.485s][info][gc,task     ] GC(92) Using 23 workers of 23 for evacuation
[2026-09-05T11:12:25.982-0400][81.488s][info][gc,phases   ] GC(92)   Pre Evacuate Collection Set: 0.15ms
[2026-09-05T11:12:25.982-0400][81.488s][info][gc,phases   ] GC(92)   Merge Heap Roots: 0.16ms
[2026-09-05T11:12:25.982-0400][81.489s][info][gc,phases   ] GC(92)   Evacuate Collection Set: 2.20ms
[2026-09-05T11:12:25.982-0400][81.489s][info][gc,phases   ] GC(92)   Post Evacuate Collection Set: 0.63ms
[2026-09-05T11:12:25.982-0400][81.489s][info][gc,phases   ] GC(92)   Other: 0.16ms
[2026-09-05T11:12:25.982-0400][81.489s][info][gc,heap     ] GC(92) Eden regions: 438->0(505)
[2026-09-05T11:12:25.982-0400][81.489s][info][gc,heap     ] GC(92) Survivor regions: 72->12(64)
[2026-09-05T11:12:25.982-0400][81.489s][info][gc,heap     ] GC(92) Old regions: 423->432
[2026-09-05T11:12:25.982-0400][81.489s][info][gc,heap     ] GC(92) Archive regions: 0->0
[2026-09-05T11:12:25.982-0400][81.489s][info][gc,heap     ] GC(92) Humongous regions: 15->15
[2026-09-05T11:12:25.982-0400][81.489s][info][gc,metaspace] GC(92) Metaspace: 141805K(143744K)->141805K(143744K) NonClass: 121157K(122240K)->121157K(122240K) Class: 20648K(21504K)->20648K(21504K)
[2026-09-05T11:12:25.982-0400][81.489s][info][gc          ] GC(92) Pause Young (Normal) (G1 Evacuation Pause) 1895M->915M(2330M) 3.426ms
[2026-09-05T11:12:25.982-0400][81.489s][info][gc,cpu      ] GC(92) User=0.38s Sys=0.00s Real=0.00s
[2026-09-05T11:12:27.379-0400][82.885s][info][gc,start    ] GC(93) Pause Young (Normal) (G1 Evacuation Pause)
[2026-09-05T11:12:27.379-0400][82.885s][info][gc,task     ] GC(93) Using 23 workers of 23 for evacuation
[2026-09-05T11:12:27.384-0400][82.891s][info][gc,phases   ] GC(93)   Pre Evacuate Collection Set: 0.13ms
[2026-09-05T11:12:27.384-0400][82.891s][info][gc,phases   ] GC(93)   Merge Heap Roots: 0.17ms
[2026-09-05T11:12:27.384-0400][82.891s][info][gc,phases   ] GC(93)   Evacuate Collection Set: 4.49ms
[2026-09-05T11:12:27.384-0400][82.891s][info][gc,phases   ] GC(93)   Post Evacuate Collection Set: 0.61ms
[2026-09-05T11:12:27.384-0400][82.891s][info][gc,phases   ] GC(93)   Other: 0.17ms
[2026-09-05T11:12:27.384-0400][82.891s][info][gc,heap     ] GC(93) Eden regions: 505->0(517)
[2026-09-05T11:12:27.384-0400][82.891s][info][gc,heap     ] GC(93) Survivor regions: 12->11(65)
[2026-09-05T11:12:27.384-0400][82.891s][info][gc,heap     ] GC(93) Old regions: 432->432
[2026-09-05T11:12:27.384-0400][82.891s][info][gc,heap     ] GC(93) Archive regions: 0->0
[2026-09-05T11:12:27.384-0400][82.891s][info][gc,heap     ] GC(93) Humongous regions: 15->15
[2026-09-05T11:12:27.384-0400][82.891s][info][gc,metaspace] GC(93) Metaspace: 142351K(144320K)->142351K(144320K) NonClass: 121610K(122688K)->121610K(122688K) Class: 20740K(21632K)->20740K(21632K)
[2026-09-05T11:12:27.384-0400][82.891s][info][gc          ] GC(93) Pause Young (Normal) (G1 Evacuation Pause) 1925M->914M(2330M) 5.701ms
[2026-09-05T11:12:27.384-0400][82.891s][info][gc,cpu      ] GC(93) User=0.00s Sys=0.00s Real=0.01s
[2026-09-05T11:12:28.697-0400][84.204s][info][gc,start    ] GC(94) Pause Young (Normal) (G1 Evacuation Pause)
[2026-09-05T11:12:28.697-0400][84.204s][info][gc,task     ] GC(94) Using 23 workers of 23 for evacuation
[2026-09-05T11:12:28.703-0400][84.209s][info][gc,phases   ] GC(94)   Pre Evacuate Collection Set: 0.12ms
[2026-09-05T11:12:28.703-0400][84.209s][info][gc,phases   ] GC(94)   Merge Heap Roots: 0.21ms
[2026-09-05T11:12:28.703-0400][84.209s][info][gc,phases   ] GC(94)   Evacuate Collection Set: 4.52ms
[2026-09-05T11:12:28.703-0400][84.209s][info][gc,phases   ] GC(94)   Post Evacuate Collection Set: 0.52ms
[2026-09-05T11:12:28.703-0400][84.209s][info][gc,phases   ] GC(94)   Other: 0.21ms
[2026-09-05T11:12:28.703-0400][84.209s][info][gc,heap     ] GC(94) Eden regions: 517->0(523)
[2026-09-05T11:12:28.703-0400][84.209s][info][gc,heap     ] GC(94) Survivor regions: 11->13(66)
[2026-09-05T11:12:28.703-0400][84.209s][info][gc,heap     ] GC(94) Old regions: 432->432
[2026-09-05T11:12:28.703-0400][84.209s][info][gc,heap     ] GC(94) Archive regions: 0->0
[2026-09-05T11:12:28.703-0400][84.209s][info][gc,heap     ] GC(94) Humongous regions: 15->15
[2026-09-05T11:12:28.703-0400][84.209s][info][gc,metaspace] GC(94) Metaspace: 142504K(144448K)->142504K(144448K) NonClass: 121758K(122816K)->121758K(122816K) Class: 20745K(21632K)->20745K(21632K)
[2026-09-05T11:12:28.703-0400][84.209s][info][gc          ] GC(94) Pause Young (Normal) (G1 Evacuation Pause) 1948M->916M(2330M) 5.706ms
[2026-09-05T11:12:28.703-0400][84.209s][info][gc,cpu      ] GC(94) User=0.36s Sys=0.00s Real=0.01s
[2026-09-05T11:12:29.554-0400][85.061s][info][gc,start    ] GC(95) Pause Young (Normal) (G1 Evacuation Pause)
[2026-09-05T11:12:29.554-0400][85.061s][info][gc,task     ] GC(95) Using 23 workers of 23 for evacuation
[2026-09-05T11:12:29.630-0400][85.137s][info][gc,phases   ] GC(95)   Pre Evacuate Collection Set: 0.29ms
[2026-09-05T11:12:29.630-0400][85.137s][info][gc,phases   ] GC(95)   Merge Heap Roots: 0.20ms
[2026-09-05T11:12:29.630-0400][85.137s][info][gc,phases   ] GC(95)   Evacuate Collection Set: 74.81ms
[2026-09-05T11:12:29.630-0400][85.137s][info][gc,phases   ] GC(95)   Post Evacuate Collection Set: 0.70ms
[2026-09-05T11:12:29.630-0400][85.137s][info][gc,phases   ] GC(95)   Other: 0.17ms
[2026-09-05T11:12:29.630-0400][85.137s][info][gc,heap     ] GC(95) Eden regions: 523->0(271)
[2026-09-05T11:12:29.630-0400][85.137s][info][gc,heap     ] GC(95) Survivor regions: 13->67(67)
[2026-09-05T11:12:29.630-0400][85.137s][info][gc,heap     ] GC(95) Old regions: 432->576
[2026-09-05T11:12:29.630-0400][85.137s][info][gc,heap     ] GC(95) Archive regions: 0->0
[2026-09-05T11:12:29.630-0400][85.137s][info][gc,heap     ] GC(95) Humongous regions: 15->15
[2026-09-05T11:12:29.630-0400][85.137s][info][gc,metaspace] GC(95) Metaspace: 142551K(144448K)->142551K(144448K) NonClass: 121797K(122816K)->121797K(122816K) Class: 20753K(21632K)->20753K(21632K)
[2026-09-05T11:12:29.630-0400][85.137s][info][gc          ] GC(95) Pause Young (Normal) (G1 Evacuation Pause) 1962M->1315M(2388M) 76.272ms
[2026-09-05T11:12:29.630-0400][85.137s][info][gc,cpu      ] GC(95) User=1.80s Sys=0.03s Real=0.08s
[2026-09-05T11:12:30.194-0400][85.701s][info][gc,start    ] GC(96) Pause Young (Concurrent Start) (G1 Evacuation Pause)
[2026-09-05T11:12:30.194-0400][85.701s][info][gc,task     ] GC(96) Using 23 workers of 23 for evacuation
[2026-09-05T11:12:30.214-0400][85.721s][info][gc,phases   ] GC(96)   Pre Evacuate Collection Set: 0.24ms
[2026-09-05T11:12:30.214-0400][85.721s][info][gc,phases   ] GC(96)   Merge Heap Roots: 0.71ms
[2026-09-05T11:12:30.214-0400][85.721s][info][gc,phases   ] GC(96)   Evacuate Collection Set: 18.43ms
[2026-09-05T11:12:30.214-0400][85.721s][info][gc,phases   ] GC(96)   Post Evacuate Collection Set: 0.73ms
[2026-09-05T11:12:30.214-0400][85.721s][info][gc,phases   ] GC(96)   Other: 0.19ms
[2026-09-05T11:12:30.214-0400][85.721s][info][gc,heap     ] GC(96) Eden regions: 271->0(276)
[2026-09-05T11:12:30.214-0400][85.721s][info][gc,heap     ] GC(96) Survivor regions: 67->30(43)
[2026-09-05T11:12:30.214-0400][85.721s][info][gc,heap     ] GC(96) Old regions: 576->624
[2026-09-05T11:12:30.214-0400][85.721s][info][gc,heap     ] GC(96) Archive regions: 0->0
[2026-09-05T11:12:30.214-0400][85.721s][info][gc,heap     ] GC(96) Humongous regions: 15->15
[2026-09-05T11:12:30.214-0400][85.721s][info][gc,metaspace] GC(96) Metaspace: 142605K(144512K)->142605K(144512K) NonClass: 121848K(122880K)->121848K(122880K) Class: 20756K(21632K)->20756K(21632K)
[2026-09-05T11:12:30.214-0400][85.721s][info][gc          ] GC(96) Pause Young (Concurrent Start) (G1 Evacuation Pause) 1857M->1336M(2388M) 20.439ms
[2026-09-05T11:12:30.214-0400][85.721s][info][gc,cpu      ] GC(96) User=0.33s Sys=0.03s Real=0.02s
[2026-09-05T11:12:30.214-0400][85.721s][info][gc          ] GC(97) Concurrent Mark Cycle
[2026-09-05T11:12:30.214-0400][85.721s][info][gc,marking  ] GC(97) Concurrent Clear Claimed Marks
[2026-09-05T11:12:30.215-0400][85.721s][info][gc,marking  ] GC(97) Concurrent Clear Claimed Marks 0.115ms
[2026-09-05T11:12:30.215-0400][85.721s][info][gc,marking  ] GC(97) Concurrent Scan Root Regions
[2026-09-05T11:12:30.223-0400][85.730s][info][gc,marking  ] GC(97) Concurrent Scan Root Regions 8.714ms
[2026-09-05T11:12:30.223-0400][85.730s][info][gc,marking  ] GC(97) Concurrent Mark
[2026-09-05T11:12:30.223-0400][85.730s][info][gc,marking  ] GC(97) Concurrent Mark From Roots
[2026-09-05T11:12:30.223-0400][85.730s][info][gc,task     ] GC(97) Using 6 workers of 6 for marking
[2026-09-05T11:12:30.291-0400][85.798s][info][gc,marking  ] GC(97) Concurrent Mark From Roots 67.961ms
[2026-09-05T11:12:30.291-0400][85.798s][info][gc,marking  ] GC(97) Concurrent Preclean
[2026-09-05T11:12:30.291-0400][85.798s][info][gc,marking  ] GC(97) Concurrent Preclean 0.255ms
[2026-09-05T11:12:30.291-0400][85.798s][info][gc,start    ] GC(97) Pause Remark
[2026-09-05T11:12:30.298-0400][85.805s][info][gc          ] GC(97) Pause Remark 1382M->1296M(2388M) 6.530ms
[2026-09-05T11:12:30.299-0400][85.805s][info][gc,cpu      ] GC(97) User=0.11s Sys=0.00s Real=0.01s
[2026-09-05T11:12:30.299-0400][85.805s][info][gc,marking  ] GC(97) Concurrent Mark 75.094ms
[2026-09-05T11:12:30.299-0400][85.805s][info][gc,marking  ] GC(97) Concurrent Rebuild Remembered Sets
[2026-09-05T11:12:30.351-0400][85.857s][info][gc,marking  ] GC(97) Concurrent Rebuild Remembered Sets 51.984ms
[2026-09-05T11:12:30.351-0400][85.857s][info][gc,start    ] GC(97) Pause Cleanup
[2026-09-05T11:12:30.351-0400][85.858s][info][gc          ] GC(97) Pause Cleanup 1323M->1323M(2388M) 0.423ms
[2026-09-05T11:12:30.351-0400][85.858s][info][gc,cpu      ] GC(97) User=0.00s Sys=0.00s Real=0.00s
[2026-09-05T11:12:30.351-0400][85.858s][info][gc,marking  ] GC(97) Concurrent Cleanup for Next Mark
[2026-09-05T11:12:30.353-0400][85.859s][info][gc,marking  ] GC(97) Concurrent Cleanup for Next Mark 1.413ms
[2026-09-05T11:12:30.353-0400][85.859s][info][gc          ] GC(97) Concurrent Mark Cycle 138.122ms
[2026-09-05T11:12:30.993-0400][86.499s][info][gc,start    ] GC(98) Pause Young (Prepare Mixed) (G1 Evacuation Pause)
[2026-09-05T11:12:30.993-0400][86.499s][info][gc,task     ] GC(98) Using 23 workers of 23 for evacuation
[2026-09-05T11:12:31.003-0400][86.510s][info][gc,phases   ] GC(98)   Pre Evacuate Collection Set: 0.15ms
[2026-09-05T11:12:31.003-0400][86.510s][info][gc,phases   ] GC(98)   Merge Heap Roots: 0.27ms
[2026-09-05T11:12:31.003-0400][86.510s][info][gc,phases   ] GC(98)   Evacuate Collection Set: 9.94ms
[2026-09-05T11:12:31.003-0400][86.510s][info][gc,phases   ] GC(98)   Post Evacuate Collection Set: 0.64ms
[2026-09-05T11:12:31.003-0400][86.510s][info][gc,phases   ] GC(98)   Other: 0.16ms
[2026-09-05T11:12:31.003-0400][86.510s][info][gc,heap     ] GC(98) Eden regions: 276->0(32)
[2026-09-05T11:12:31.003-0400][86.510s][info][gc,heap     ] GC(98) Survivor regions: 30->27(39)
[2026-09-05T11:12:31.003-0400][86.510s][info][gc,heap     ] GC(98) Old regions: 581->609
[2026-09-05T11:12:31.003-0400][86.510s][info][gc,heap     ] GC(98) Archive regions: 0->0
[2026-09-05T11:12:31.003-0400][86.510s][info][gc,heap     ] GC(98) Humongous regions: 15->15
[2026-09-05T11:12:31.003-0400][86.510s][info][gc,metaspace] GC(98) Metaspace: 142829K(144704K)->142829K(144704K) NonClass: 122048K(123072K)->122048K(123072K) Class: 20780K(21632K)->20780K(21632K)
[2026-09-05T11:12:31.003-0400][86.510s][info][gc          ] GC(98) Pause Young (Prepare Mixed) (G1 Evacuation Pause) 1803M->1300M(2388M) 11.297ms
[2026-09-05T11:12:31.003-0400][86.510s][info][gc,cpu      ] GC(98) User=0.34s Sys=0.03s Real=0.01s
[2026-09-05T11:12:31.018-0400][86.524s][info][gc,start    ] GC(99) Pause Young (Mixed) (G1 Evacuation Pause)
[2026-09-05T11:12:31.018-0400][86.524s][info][gc,task     ] GC(99) Using 23 workers of 23 for evacuation
[2026-09-05T11:12:31.026-0400][86.533s][info][gc,phases   ] GC(99)   Pre Evacuate Collection Set: 0.18ms
[2026-09-05T11:12:31.026-0400][86.533s][info][gc,phases   ] GC(99)   Merge Heap Roots: 0.16ms
[2026-09-05T11:12:31.026-0400][86.533s][info][gc,phases   ] GC(99)   Evacuate Collection Set: 7.35ms
[2026-09-05T11:12:31.026-0400][86.533s][info][gc,phases   ] GC(99)   Post Evacuate Collection Set: 0.44ms
[2026-09-05T11:12:31.026-0400][86.533s][info][gc,phases   ] GC(99)   Other: 0.25ms
[2026-09-05T11:12:31.026-0400][86.533s][info][gc,heap     ] GC(99) Eden regions: 32->0(53)
[2026-09-05T11:12:31.026-0400][86.533s][info][gc,heap     ] GC(99) Survivor regions: 27->6(8)
[2026-09-05T11:12:31.026-0400][86.533s][info][gc,heap     ] GC(99) Old regions: 609->514
[2026-09-05T11:12:31.026-0400][86.533s][info][gc,heap     ] GC(99) Archive regions: 0->0
[2026-09-05T11:12:31.026-0400][86.533s][info][gc,heap     ] GC(99) Humongous regions: 15->15
[2026-09-05T11:12:31.026-0400][86.533s][info][gc,metaspace] GC(99) Metaspace: 142829K(144704K)->142829K(144704K) NonClass: 122048K(123072K)->122048K(123072K) Class: 20780K(21632K)->20780K(21632K)
[2026-09-05T11:12:31.026-0400][86.533s][info][gc          ] GC(99) Pause Young (Mixed) (G1 Evacuation Pause) 1364M->1069M(2388M) 8.470ms
[2026-09-05T11:12:31.026-0400][86.533s][info][gc,cpu      ] GC(99) User=0.00s Sys=0.00s Real=0.01s
[2026-09-05T11:12:31.066-0400][86.573s][info][gc,start    ] GC(100) Pause Young (Mixed) (G1 Evacuation Pause)
[2026-09-05T11:12:31.066-0400][86.573s][info][gc,task     ] GC(100) Using 23 workers of 23 for evacuation
[2026-09-05T11:12:31.072-0400][86.579s][info][gc,phases   ] GC(100)   Pre Evacuate Collection Set: 0.11ms
[2026-09-05T11:12:31.072-0400][86.579s][info][gc,phases   ] GC(100)   Merge Heap Roots: 0.15ms
[2026-09-05T11:12:31.072-0400][86.579s][info][gc,phases   ] GC(100)   Evacuate Collection Set: 5.05ms
[2026-09-05T11:12:31.072-0400][86.579s][info][gc,phases   ] GC(100)   Post Evacuate Collection Set: 0.65ms
[2026-09-05T11:12:31.072-0400][86.579s][info][gc,phases   ] GC(100)   Other: 0.16ms
[2026-09-05T11:12:31.072-0400][86.579s][info][gc,heap     ] GC(100) Eden regions: 53->0(51)
[2026-09-05T11:12:31.072-0400][86.579s][info][gc,heap     ] GC(100) Survivor regions: 6->8(8)
[2026-09-05T11:12:31.072-0400][86.579s][info][gc,heap     ] GC(100) Old regions: 514->409
[2026-09-05T11:12:31.072-0400][86.579s][info][gc,heap     ] GC(100) Archive regions: 0->0
[2026-09-05T11:12:31.072-0400][86.579s][info][gc,heap     ] GC(100) Humongous regions: 15->15
[2026-09-05T11:12:31.072-0400][86.579s][info][gc,metaspace] GC(100) Metaspace: 142829K(144704K)->142829K(144704K) NonClass: 122049K(123072K)->122049K(123072K) Class: 20780K(21632K)->20780K(21632K)
[2026-09-05T11:12:31.072-0400][86.579s][info][gc          ] GC(100) Pause Young (Mixed) (G1 Evacuation Pause) 1175M->862M(2388M) 6.274ms
[2026-09-05T11:12:31.072-0400][86.579s][info][gc,cpu      ] GC(100) User=0.00s Sys=0.00s Real=0.01s
[2026-09-05T11:12:31.331-0400][86.837s][info][gc,start    ] GC(101) Pause Young (Mixed) (G1 Evacuation Pause)
[2026-09-05T11:12:31.331-0400][86.837s][info][gc,task     ] GC(101) Using 23 workers of 23 for evacuation
[2026-09-05T11:12:31.336-0400][86.843s][info][gc,phases   ] GC(101)   Pre Evacuate Collection Set: 0.17ms
[2026-09-05T11:12:31.336-0400][86.843s][info][gc,phases   ] GC(101)   Merge Heap Roots: 0.15ms
[2026-09-05T11:12:31.336-0400][86.843s][info][gc,phases   ] GC(101)   Evacuate Collection Set: 4.46ms
[2026-09-05T11:12:31.336-0400][86.843s][info][gc,phases   ] GC(101)   Post Evacuate Collection Set: 0.49ms
[2026-09-05T11:12:31.336-0400][86.843s][info][gc,phases   ] GC(101)   Other: 0.16ms
[2026-09-05T11:12:31.336-0400][86.843s][info][gc,heap     ] GC(101) Eden regions: 51->0(455)
[2026-09-05T11:12:31.336-0400][86.843s][info][gc,heap     ] GC(101) Survivor regions: 8->4(8)
[2026-09-05T11:12:31.336-0400][86.843s][info][gc,heap     ] GC(101) Old regions: 409->374
[2026-09-05T11:12:31.336-0400][86.843s][info][gc,heap     ] GC(101) Archive regions: 0->0
[2026-09-05T11:12:31.336-0400][86.843s][info][gc,heap     ] GC(101) Humongous regions: 15->15
[2026-09-05T11:12:31.336-0400][86.843s][info][gc,metaspace] GC(101) Metaspace: 143406K(145280K)->143406K(145280K) NonClass: 122570K(123584K)->122570K(123584K) Class: 20836K(21696K)->20836K(21696K)
[2026-09-05T11:12:31.336-0400][86.843s][info][gc          ] GC(101) Pause Young (Mixed) (G1 Evacuation Pause) 964M->785M(2388M) 5.549ms
[2026-09-05T11:12:31.336-0400][86.843s][info][gc,cpu      ] GC(101) User=0.00s Sys=0.00s Real=0.00s
[2026-09-05T11:12:32.328-0400][87.835s][info][gc,start    ] GC(102) Pause Young (Normal) (G1 Evacuation Pause)
[2026-09-05T11:12:32.328-0400][87.835s][info][gc,task     ] GC(102) Using 23 workers of 23 for evacuation
[2026-09-05T11:12:32.333-0400][87.840s][info][gc,phases   ] GC(102)   Pre Evacuate Collection Set: 0.11ms
[2026-09-05T11:12:32.334-0400][87.840s][info][gc,phases   ] GC(102)   Merge Heap Roots: 0.17ms
[2026-09-05T11:12:32.334-0400][87.840s][info][gc,phases   ] GC(102)   Evacuate Collection Set: 4.07ms
[2026-09-05T11:12:32.334-0400][87.840s][info][gc,phases   ] GC(102)   Post Evacuate Collection Set: 0.53ms
[2026-09-05T11:12:32.334-0400][87.840s][info][gc,phases   ] GC(102)   Other: 0.25ms
[2026-09-05T11:12:32.334-0400][87.840s][info][gc,heap     ] GC(102) Eden regions: 455->0(478)
[2026-09-05T11:12:32.334-0400][87.840s][info][gc,heap     ] GC(102) Survivor regions: 4->15(58)
[2026-09-05T11:12:32.334-0400][87.840s][info][gc,heap     ] GC(102) Old regions: 374->374
[2026-09-05T11:12:32.334-0400][87.840s][info][gc,heap     ] GC(102) Archive regions: 0->0
[2026-09-05T11:12:32.334-0400][87.840s][info][gc,heap     ] GC(102) Humongous regions: 16->16
[2026-09-05T11:12:32.334-0400][87.840s][info][gc,metaspace] GC(102) Metaspace: 144971K(146944K)->144971K(146944K) NonClass: 124048K(125120K)->124048K(125120K) Class: 20922K(21824K)->20922K(21824K)
[2026-09-05T11:12:32.334-0400][87.840s][info][gc          ] GC(102) Pause Young (Normal) (G1 Evacuation Pause) 1697M->808M(2388M) 5.251ms
[2026-09-05T11:12:32.334-0400][87.840s][info][gc,cpu      ] GC(102) User=0.00s Sys=0.00s Real=0.01s
[2026-09-05T11:12:32.566-0400][88.073s][info][gc,start    ] GC(103) Pause Young (Normal) (G1 Evacuation Pause)
[2026-09-05T11:12:32.566-0400][88.073s][info][gc,task     ] GC(103) Using 23 workers of 23 for evacuation
[2026-09-05T11:12:32.571-0400][88.077s][info][gc,phases   ] GC(103)   Pre Evacuate Collection Set: 0.23ms
[2026-09-05T11:12:32.571-0400][88.077s][info][gc,phases   ] GC(103)   Merge Heap Roots: 0.16ms
[2026-09-05T11:12:32.571-0400][88.077s][info][gc,phases   ] GC(103)   Evacuate Collection Set: 3.77ms
[2026-09-05T11:12:32.571-0400][88.077s][info][gc,phases   ] GC(103)   Post Evacuate Collection Set: 0.52ms
[2026-09-05T11:12:32.571-0400][88.078s][info][gc,phases   ] GC(103)   Other: 0.17ms
[2026-09-05T11:12:32.571-0400][88.078s][info][gc,heap     ] GC(103) Eden regions: 478->0(508)
[2026-09-05T11:12:32.571-0400][88.078s][info][gc,heap     ] GC(103) Survivor regions: 15->17(62)
[2026-09-05T11:12:32.571-0400][88.078s][info][gc,heap     ] GC(103) Old regions: 374->374
[2026-09-05T11:12:32.571-0400][88.078s][info][gc,heap     ] GC(103) Archive regions: 0->0
[2026-09-05T11:12:32.571-0400][88.078s][info][gc,heap     ] GC(103) Humongous regions: 16->16
[2026-09-05T11:12:32.571-0400][88.078s][info][gc,metaspace] GC(103) Metaspace: 145046K(146944K)->145046K(146944K) NonClass: 124117K(125120K)->124117K(125120K) Class: 20929K(21824K)->20929K(21824K)
[2026-09-05T11:12:32.571-0400][88.078s][info][gc          ] GC(103) Pause Young (Normal) (G1 Evacuation Pause) 1764M->813M(2388M) 4.982ms
[2026-09-05T11:12:32.571-0400][88.078s][info][gc,cpu      ] GC(103) User=0.00s Sys=0.00s Real=0.01s
[2026-09-05T11:12:33.030-0400][88.538s][info][gc,start    ] GC(104) Pause Young (Normal) (GCLocker Initiated GC)
[2026-09-05T11:12:33.030-0400][88.538s][info][gc,task     ] GC(104) Using 23 workers of 23 for evacuation
[2026-09-05T11:12:33.036-0400][88.544s][info][gc,phases   ] GC(104)   Pre Evacuate Collection Set: 0.17ms
[2026-09-05T11:12:33.036-0400][88.544s][info][gc,phases   ] GC(104)   Merge Heap Roots: 0.16ms
[2026-09-05T11:12:33.036-0400][88.544s][info][gc,phases   ] GC(104)   Evacuate Collection Set: 4.88ms
[2026-09-05T11:12:33.036-0400][88.544s][info][gc,phases   ] GC(104)   Post Evacuate Collection Set: 0.54ms
[2026-09-05T11:12:33.036-0400][88.544s][info][gc,phases   ] GC(104)   Other: 0.21ms
[2026-09-05T11:12:33.036-0400][88.544s][info][gc,heap     ] GC(104) Eden regions: 508->0(529)
[2026-09-05T11:12:33.036-0400][88.544s][info][gc,heap     ] GC(104) Survivor regions: 17->22(66)
[2026-09-05T11:12:33.036-0400][88.544s][info][gc,heap     ] GC(104) Old regions: 374->374
[2026-09-05T11:12:33.036-0400][88.544s][info][gc,heap     ] GC(104) Archive regions: 0->0
[2026-09-05T11:12:33.036-0400][88.544s][info][gc,heap     ] GC(104) Humongous regions: 16->16
[2026-09-05T11:12:33.036-0400][88.544s][info][gc,metaspace] GC(104) Metaspace: 145325K(147264K)->145325K(147264K) NonClass: 124388K(125440K)->124388K(125440K) Class: 20936K(21824K)->20936K(21824K)
[2026-09-05T11:12:33.036-0400][88.544s][info][gc          ] GC(104) Pause Young (Normal) (GCLocker Initiated GC) 1829M->822M(2388M) 6.078ms
[2026-09-05T11:12:33.036-0400][88.544s][info][gc,cpu      ] GC(104) User=0.00s Sys=0.00s Real=0.01s
[2026-09-05T11:12:33.755-0400][89.262s][info][gc,start    ] GC(105) Pause Young (Normal) (G1 Evacuation Pause)
[2026-09-05T11:12:33.755-0400][89.262s][info][gc,task     ] GC(105) Using 23 workers of 23 for evacuation
[2026-09-05T11:12:33.762-0400][89.268s][info][gc,phases   ] GC(105)   Pre Evacuate Collection Set: 0.14ms
[2026-09-05T11:12:33.762-0400][89.268s][info][gc,phases   ] GC(105)   Merge Heap Roots: 0.18ms
[2026-09-05T11:12:33.762-0400][89.268s][info][gc,phases   ] GC(105)   Evacuate Collection Set: 5.28ms
[2026-09-05T11:12:33.762-0400][89.268s][info][gc,phases   ] GC(105)   Post Evacuate Collection Set: 0.67ms
[2026-09-05T11:12:33.762-0400][89.268s][info][gc,phases   ] GC(105)   Other: 0.21ms
[2026-09-05T11:12:33.762-0400][89.268s][info][gc,heap     ] GC(105) Eden regions: 529->0(548)
[2026-09-05T11:12:33.762-0400][89.268s][info][gc,heap     ] GC(105) Survivor regions: 22->25(69)
[2026-09-05T11:12:33.762-0400][89.268s][info][gc,heap     ] GC(105) Old regions: 374->374
[2026-09-05T11:12:33.762-0400][89.268s][info][gc,heap     ] GC(105) Archive regions: 0->0
[2026-09-05T11:12:33.762-0400][89.268s][info][gc,heap     ] GC(105) Humongous regions: 16->16
[2026-09-05T11:12:33.762-0400][89.268s][info][gc,metaspace] GC(105) Metaspace: 145484K(147392K)->145484K(147392K) NonClass: 124542K(125568K)->124542K(125568K) Class: 20942K(21824K)->20942K(21824K)
[2026-09-05T11:12:33.762-0400][89.268s][info][gc          ] GC(105) Pause Young (Normal) (G1 Evacuation Pause) 1880M->828M(2388M) 6.598ms
[2026-09-05T11:12:33.762-0400][89.269s][info][gc,cpu      ] GC(105) User=0.00s Sys=0.00s Real=0.01s
[2026-09-05T11:12:34.282-0400][89.788s][info][gc,start    ] GC(106) Pause Young (Normal) (G1 Evacuation Pause)
[2026-09-05T11:12:34.282-0400][89.788s][info][gc,task     ] GC(106) Using 23 workers of 23 for evacuation
[2026-09-05T11:12:34.288-0400][89.795s][info][gc,phases   ] GC(106)   Pre Evacuate Collection Set: 0.12ms
[2026-09-05T11:12:34.288-0400][89.795s][info][gc,phases   ] GC(106)   Merge Heap Roots: 0.19ms
[2026-09-05T11:12:34.288-0400][89.795s][info][gc,phases   ] GC(106)   Evacuate Collection Set: 5.02ms
[2026-09-05T11:12:34.288-0400][89.795s][info][gc,phases   ] GC(106)   Post Evacuate Collection Set: 0.62ms
[2026-09-05T11:12:34.288-0400][89.795s][info][gc,phases   ] GC(106)   Other: 0.20ms
[2026-09-05T11:12:34.288-0400][89.795s][info][gc,heap     ] GC(106) Eden regions: 548->0(560)
[2026-09-05T11:12:34.288-0400][89.795s][info][gc,heap     ] GC(106) Survivor regions: 25->30(72)
[2026-09-05T11:12:34.288-0400][89.795s][info][gc,heap     ] GC(106) Old regions: 374->374
[2026-09-05T11:12:34.288-0400][89.795s][info][gc,heap     ] GC(106) Archive regions: 0->0
[2026-09-05T11:12:34.288-0400][89.795s][info][gc,heap     ] GC(106) Humongous regions: 16->16
[2026-09-05T11:12:34.288-0400][89.795s][info][gc,metaspace] GC(106) Metaspace: 145551K(147456K)->145551K(147456K) NonClass: 124607K(125632K)->124607K(125632K) Class: 20943K(21824K)->20943K(21824K)
[2026-09-05T11:12:34.288-0400][89.795s][info][gc          ] GC(106) Pause Young (Normal) (G1 Evacuation Pause) 1924M->839M(2388M) 6.261ms
[2026-09-05T11:12:34.288-0400][89.795s][info][gc,cpu      ] GC(106) User=0.00s Sys=0.00s Real=0.01s
[2026-09-05T11:12:34.776-0400][90.284s][info][gc,start    ] GC(107) Pause Young (Normal) (G1 Evacuation Pause)
[2026-09-05T11:12:34.776-0400][90.284s][info][gc,task     ] GC(107) Using 23 workers of 23 for evacuation
[2026-09-05T11:12:34.785-0400][90.292s][info][gc,phases   ] GC(107)   Pre Evacuate Collection Set: 0.22ms
[2026-09-05T11:12:34.785-0400][90.292s][info][gc,phases   ] GC(107)   Merge Heap Roots: 0.18ms
[2026-09-05T11:12:34.785-0400][90.292s][info][gc,phases   ] GC(107)   Evacuate Collection Set: 6.93ms
[2026-09-05T11:12:34.785-0400][90.292s][info][gc,phases   ] GC(107)   Post Evacuate Collection Set: 0.60ms
[2026-09-05T11:12:34.785-0400][90.292s][info][gc,phases   ] GC(107)   Other: 0.35ms
[2026-09-05T11:12:34.785-0400][90.292s][info][gc,heap     ] GC(107) Eden regions: 560->0(566)
[2026-09-05T11:12:34.785-0400][90.292s][info][gc,heap     ] GC(107) Survivor regions: 30->37(74)
[2026-09-05T11:12:34.785-0400][90.292s][info][gc,heap     ] GC(107) Old regions: 374->374
[2026-09-05T11:12:34.785-0400][90.292s][info][gc,heap     ] GC(107) Archive regions: 0->0
[2026-09-05T11:12:34.785-0400][90.292s][info][gc,heap     ] GC(107) Humongous regions: 16->16
[2026-09-05T11:12:34.785-0400][90.292s][info][gc,metaspace] GC(107) Metaspace: 145647K(147520K)->145647K(147520K) NonClass: 124701K(125696K)->124701K(125696K) Class: 20946K(21824K)->20946K(21824K)
[2026-09-05T11:12:34.785-0400][90.292s][info][gc          ] GC(107) Pause Young (Normal) (G1 Evacuation Pause) 1959M->853M(2388M) 8.381ms
[2026-09-05T11:12:34.785-0400][90.292s][info][gc,cpu      ] GC(107) User=0.16s Sys=0.02s Real=0.01s
[2026-09-05T11:12:34.925-0400][90.432s][info][gc,start    ] GC(108) Pause Young (Normal) (G1 Evacuation Pause)
[2026-09-05T11:12:34.925-0400][90.432s][info][gc,task     ] GC(108) Using 23 workers of 23 for evacuation
[2026-09-05T11:12:34.934-0400][90.441s][info][gc,phases   ] GC(108)   Pre Evacuate Collection Set: 0.12ms
[2026-09-05T11:12:34.934-0400][90.441s][info][gc,phases   ] GC(108)   Merge Heap Roots: 0.22ms
[2026-09-05T11:12:34.934-0400][90.441s][info][gc,phases   ] GC(108)   Evacuate Collection Set: 7.13ms
[2026-09-05T11:12:34.934-0400][90.441s][info][gc,phases   ] GC(108)   Post Evacuate Collection Set: 0.66ms
[2026-09-05T11:12:34.934-0400][90.441s][info][gc,phases   ] GC(108)   Other: 0.27ms
[2026-09-05T11:12:34.934-0400][90.441s][info][gc,heap     ] GC(108) Eden regions: 566->0(576)
[2026-09-05T11:12:34.934-0400][90.441s][info][gc,heap     ] GC(108) Survivor regions: 37->41(76)
[2026-09-05T11:12:34.934-0400][90.441s][info][gc,heap     ] GC(108) Old regions: 374->374
[2026-09-05T11:12:34.934-0400][90.441s][info][gc,heap     ] GC(108) Archive regions: 0->0
[2026-09-05T11:12:34.934-0400][90.441s][info][gc,heap     ] GC(108) Humongous regions: 16->16
[2026-09-05T11:12:34.934-0400][90.441s][info][gc,metaspace] GC(108) Metaspace: 145677K(147584K)->145677K(147584K) NonClass: 124727K(125760K)->124727K(125760K) Class: 20949K(21824K)->20949K(21824K)
[2026-09-05T11:12:34.934-0400][90.441s][info][gc          ] GC(108) Pause Young (Normal) (G1 Evacuation Pause) 1985M->861M(2388M) 8.508ms
[2026-09-05T11:12:34.934-0400][90.441s][info][gc,cpu      ] GC(108) User=0.02s Sys=0.00s Real=0.01s
[2026-09-05T11:12:35.507-0400][91.014s][info][gc,start    ] GC(109) Pause Young (Normal) (G1 Evacuation Pause)
[2026-09-05T11:12:35.507-0400][91.014s][info][gc,task     ] GC(109) Using 23 workers of 23 for evacuation
[2026-09-05T11:12:35.514-0400][91.021s][info][gc,phases   ] GC(109)   Pre Evacuate Collection Set: 0.14ms
[2026-09-05T11:12:35.514-0400][91.021s][info][gc,phases   ] GC(109)   Merge Heap Roots: 0.18ms
[2026-09-05T11:12:35.514-0400][91.021s][info][gc,phases   ] GC(109)   Evacuate Collection Set: 6.01ms
[2026-09-05T11:12:35.514-0400][91.021s][info][gc,phases   ] GC(109)   Post Evacuate Collection Set: 0.67ms
[2026-09-05T11:12:35.514-0400][91.021s][info][gc,phases   ] GC(109)   Other: 0.17ms
[2026-09-05T11:12:35.514-0400][91.021s][info][gc,heap     ] GC(109) Eden regions: 576->0(584)
[2026-09-05T11:12:35.514-0400][91.021s][info][gc,heap     ] GC(109) Survivor regions: 41->43(78)
[2026-09-05T11:12:35.515-0400][91.021s][info][gc,heap     ] GC(109) Old regions: 374->374
[2026-09-05T11:12:35.515-0400][91.021s][info][gc,heap     ] GC(109) Archive regions: 0->0
[2026-09-05T11:12:35.515-0400][91.021s][info][gc,heap     ] GC(109) Humongous regions: 16->16
[2026-09-05T11:12:35.515-0400][91.021s][info][gc,metaspace] GC(109) Metaspace: 145850K(147776K)->145850K(147776K) NonClass: 124877K(125952K)->124877K(125952K) Class: 20972K(21824K)->20972K(21824K)
[2026-09-05T11:12:35.515-0400][91.021s][info][gc          ] GC(109) Pause Young (Normal) (G1 Evacuation Pause) 2013M->865M(2388M) 7.325ms
[2026-09-05T11:12:35.515-0400][91.021s][info][gc,cpu      ] GC(109) User=0.39s Sys=0.00s Real=0.01s
[2026-09-05T11:12:35.833-0400][91.340s][info][gc,start    ] GC(110) Pause Young (Normal) (G1 Evacuation Pause)
[2026-09-05T11:12:35.833-0400][91.340s][info][gc,task     ] GC(110) Using 23 workers of 23 for evacuation
[2026-09-05T11:12:35.842-0400][91.348s][info][gc,phases   ] GC(110)   Pre Evacuate Collection Set: 0.13ms
[2026-09-05T11:12:35.842-0400][91.348s][info][gc,phases   ] GC(110)   Merge Heap Roots: 0.19ms
[2026-09-05T11:12:35.842-0400][91.348s][info][gc,phases   ] GC(110)   Evacuate Collection Set: 7.34ms
[2026-09-05T11:12:35.842-0400][91.348s][info][gc,phases   ] GC(110)   Post Evacuate Collection Set: 0.70ms
[2026-09-05T11:12:35.842-0400][91.348s][info][gc,phases   ] GC(110)   Other: 0.23ms
[2026-09-05T11:12:35.842-0400][91.348s][info][gc,heap     ] GC(110) Eden regions: 584->0(586)
[2026-09-05T11:12:35.842-0400][91.348s][info][gc,heap     ] GC(110) Survivor regions: 43->47(79)
[2026-09-05T11:12:35.842-0400][91.348s][info][gc,heap     ] GC(110) Old regions: 374->374
[2026-09-05T11:12:35.842-0400][91.348s][info][gc,heap     ] GC(110) Archive regions: 0->0
[2026-09-05T11:12:35.842-0400][91.348s][info][gc,heap     ] GC(110) Humongous regions: 16->16
[2026-09-05T11:12:35.842-0400][91.348s][info][gc,metaspace] GC(110) Metaspace: 145854K(147776K)->145854K(147776K) NonClass: 124882K(125952K)->124882K(125952K) Class: 20972K(21824K)->20972K(21824K)
[2026-09-05T11:12:35.842-0400][91.348s][info][gc          ] GC(110) Pause Young (Normal) (G1 Evacuation Pause) 2033M->873M(2388M) 8.724ms
[2026-09-05T11:12:35.842-0400][91.348s][info][gc,cpu      ] GC(110) User=0.42s Sys=0.00s Real=0.01s
[2026-09-05T11:12:36.444-0400][91.950s][info][gc,start    ] GC(111) Pause Young (Normal) (G1 Evacuation Pause)
[2026-09-05T11:12:36.444-0400][91.950s][info][gc,task     ] GC(111) Using 23 workers of 23 for evacuation
[2026-09-05T11:12:36.452-0400][91.960s][info][gc,phases   ] GC(111)   Pre Evacuate Collection Set: 0.11ms
[2026-09-05T11:12:36.452-0400][91.960s][info][gc,phases   ] GC(111)   Merge Heap Roots: 0.14ms
[2026-09-05T11:12:36.452-0400][91.960s][info][gc,phases   ] GC(111)   Evacuate Collection Set: 8.20ms
[2026-09-05T11:12:36.452-0400][91.960s][info][gc,phases   ] GC(111)   Post Evacuate Collection Set: 0.74ms
[2026-09-05T11:12:36.452-0400][91.960s][info][gc,phases   ] GC(111)   Other: 0.18ms
[2026-09-05T11:12:36.452-0400][91.960s][info][gc,heap     ] GC(111) Eden regions: 586->0(588)
[2026-09-05T11:12:36.452-0400][91.960s][info][gc,heap     ] GC(111) Survivor regions: 47->41(80)
[2026-09-05T11:12:36.452-0400][91.960s][info][gc,heap     ] GC(111) Old regions: 374->384
[2026-09-05T11:12:36.452-0400][91.960s][info][gc,heap     ] GC(111) Archive regions: 0->0
[2026-09-05T11:12:36.452-0400][91.960s][info][gc,heap     ] GC(111) Humongous regions: 16->16
[2026-09-05T11:12:36.452-0400][91.960s][info][gc,metaspace] GC(111) Metaspace: 145918K(147840K)->145918K(147840K) NonClass: 124946K(126016K)->124946K(126016K) Class: 20972K(21824K)->20972K(21824K)
[2026-09-05T11:12:36.452-0400][91.960s][info][gc          ] GC(111) Pause Young (Normal) (G1 Evacuation Pause) 2045M->881M(2388M) 9.492ms
[2026-09-05T11:12:36.453-0400][91.960s][info][gc,cpu      ] GC(111) User=0.41s Sys=0.02s Real=0.01s
[2026-09-05T11:12:37.226-0400][92.733s][info][gc,start    ] GC(112) Pause Young (Normal) (G1 Evacuation Pause)
[2026-09-05T11:12:37.226-0400][92.734s][info][gc,task     ] GC(112) Using 23 workers of 23 for evacuation
[2026-09-05T11:12:37.234-0400][92.741s][info][gc,phases   ] GC(112)   Pre Evacuate Collection Set: 0.12ms
[2026-09-05T11:12:37.234-0400][92.741s][info][gc,phases   ] GC(112)   Merge Heap Roots: 0.19ms
[2026-09-05T11:12:37.234-0400][92.741s][info][gc,phases   ] GC(112)   Evacuate Collection Set: 6.29ms
[2026-09-05T11:12:37.234-0400][92.741s][info][gc,phases   ] GC(112)   Post Evacuate Collection Set: 0.63ms
[2026-09-05T11:12:37.235-0400][92.741s][info][gc,phases   ] GC(112)   Other: 0.18ms
[2026-09-05T11:12:37.235-0400][92.741s][info][gc,heap     ] GC(112) Eden regions: 588->0(582)
[2026-09-05T11:12:37.235-0400][92.741s][info][gc,heap     ] GC(112) Survivor regions: 41->46(79)
[2026-09-05T11:12:37.235-0400][92.741s][info][gc,heap     ] GC(112) Old regions: 384->384
[2026-09-05T11:12:37.235-0400][92.741s][info][gc,heap     ] GC(112) Archive regions: 0->0
[2026-09-05T11:12:37.235-0400][92.741s][info][gc,heap     ] GC(112) Humongous regions: 16->16
[2026-09-05T11:12:37.235-0400][92.741s][info][gc,metaspace] GC(112) Metaspace: 146026K(147968K)->146026K(147968K) NonClass: 125054K(126144K)->125054K(126144K) Class: 20972K(21824K)->20972K(21824K)
[2026-09-05T11:12:37.235-0400][92.741s][info][gc          ] GC(112) Pause Young (Normal) (G1 Evacuation Pause) 2057M->891M(2388M) 7.553ms
[2026-09-05T11:12:37.235-0400][92.741s][info][gc,cpu      ] GC(112) User=0.39s Sys=0.00s Real=0.01s
[2026-09-05T11:12:37.811-0400][93.317s][info][gc,start    ] GC(113) Pause Young (Normal) (G1 Evacuation Pause)
[2026-09-05T11:12:37.811-0400][93.317s][info][gc,task     ] GC(113) Using 23 workers of 23 for evacuation
[2026-09-05T11:12:37.819-0400][93.326s][info][gc,phases   ] GC(113)   Pre Evacuate Collection Set: 0.14ms
[2026-09-05T11:12:37.819-0400][93.326s][info][gc,phases   ] GC(113)   Merge Heap Roots: 0.19ms
[2026-09-05T11:12:37.819-0400][93.326s][info][gc,phases   ] GC(113)   Evacuate Collection Set: 7.39ms
[2026-09-05T11:12:37.819-0400][93.326s][info][gc,phases   ] GC(113)   Post Evacuate Collection Set: 0.72ms
[2026-09-05T11:12:37.819-0400][93.326s][info][gc,phases   ] GC(113)   Other: 0.17ms
[2026-09-05T11:12:37.819-0400][93.326s][info][gc,heap     ] GC(113) Eden regions: 582->0(575)
[2026-09-05T11:12:37.819-0400][93.326s][info][gc,heap     ] GC(113) Survivor regions: 46->46(79)
[2026-09-05T11:12:37.819-0400][93.326s][info][gc,heap     ] GC(113) Old regions: 384->391
[2026-09-05T11:12:37.819-0400][93.326s][info][gc,heap     ] GC(113) Archive regions: 0->0
[2026-09-05T11:12:37.819-0400][93.326s][info][gc,heap     ] GC(113) Humongous regions: 16->16
[2026-09-05T11:12:37.819-0400][93.326s][info][gc,metaspace] GC(113) Metaspace: 146049K(147968K)->146049K(147968K) NonClass: 125075K(126144K)->125075K(126144K) Class: 20973K(21824K)->20973K(21824K)
[2026-09-05T11:12:37.819-0400][93.326s][info][gc          ] GC(113) Pause Young (Normal) (G1 Evacuation Pause) 2055M->903M(2388M) 8.773ms
[2026-09-05T11:12:37.819-0400][93.326s][info][gc,cpu      ] GC(113) User=0.00s Sys=0.00s Real=0.01s
[2026-09-05T11:12:38.126-0400][93.633s][info][gc,start    ] GC(114) Pause Young (Normal) (G1 Evacuation Pause)
[2026-09-05T11:12:38.126-0400][93.633s][info][gc,task     ] GC(114) Using 23 workers of 23 for evacuation
[2026-09-05T11:12:38.135-0400][93.641s][info][gc,phases   ] GC(114)   Pre Evacuate Collection Set: 0.12ms
[2026-09-05T11:12:38.135-0400][93.641s][info][gc,phases   ] GC(114)   Merge Heap Roots: 0.17ms
[2026-09-05T11:12:38.135-0400][93.641s][info][gc,phases   ] GC(114)   Evacuate Collection Set: 7.22ms
[2026-09-05T11:12:38.135-0400][93.641s][info][gc,phases   ] GC(114)   Post Evacuate Collection Set: 0.58ms
[2026-09-05T11:12:38.135-0400][93.641s][info][gc,phases   ] GC(114)   Other: 0.19ms
[2026-09-05T11:12:38.135-0400][93.641s][info][gc,heap     ] GC(114) Eden regions: 575->0(573)
[2026-09-05T11:12:38.135-0400][93.641s][info][gc,heap     ] GC(114) Survivor regions: 46->45(78)
[2026-09-05T11:12:38.135-0400][93.641s][info][gc,heap     ] GC(114) Old regions: 391->395
[2026-09-05T11:12:38.135-0400][93.641s][info][gc,heap     ] GC(114) Archive regions: 0->0
[2026-09-05T11:12:38.135-0400][93.641s][info][gc,heap     ] GC(114) Humongous regions: 16->16
[2026-09-05T11:12:38.135-0400][93.641s][info][gc,metaspace] GC(114) Metaspace: 146072K(147968K)->146072K(147968K) NonClass: 125098K(126144K)->125098K(126144K) Class: 20973K(21824K)->20973K(21824K)
[2026-09-05T11:12:38.135-0400][93.641s][info][gc          ] GC(114) Pause Young (Normal) (G1 Evacuation Pause) 2053M->910M(2388M) 8.417ms
[2026-09-05T11:12:38.135-0400][93.641s][info][gc,cpu      ] GC(114) User=0.00s Sys=0.00s Real=0.01s
[2026-09-05T11:12:38.838-0400][94.345s][info][gc,start    ] GC(115) Pause Young (Normal) (GCLocker Initiated GC)
[2026-09-05T11:12:38.838-0400][94.345s][info][gc,task     ] GC(115) Using 23 workers of 23 for evacuation
[2026-09-05T11:12:38.846-0400][94.354s][info][gc,phases   ] GC(115)   Pre Evacuate Collection Set: 0.14ms
[2026-09-05T11:12:38.846-0400][94.354s][info][gc,phases   ] GC(115)   Merge Heap Roots: 0.20ms
[2026-09-05T11:12:38.846-0400][94.354s][info][gc,phases   ] GC(115)   Evacuate Collection Set: 7.95ms
[2026-09-05T11:12:38.846-0400][94.354s][info][gc,phases   ] GC(115)   Post Evacuate Collection Set: 0.76ms
[2026-09-05T11:12:38.846-0400][94.354s][info][gc,phases   ] GC(115)   Other: 0.23ms
[2026-09-05T11:12:38.848-0400][94.354s][info][gc,heap     ] GC(115) Eden regions: 573->0(566)
[2026-09-05T11:12:38.848-0400][94.354s][info][gc,heap     ] GC(115) Survivor regions: 45->46(78)
[2026-09-05T11:12:38.848-0400][94.354s][info][gc,heap     ] GC(115) Old regions: 395->400
[2026-09-05T11:12:38.848-0400][94.354s][info][gc,heap     ] GC(115) Archive regions: 0->0
[2026-09-05T11:12:38.848-0400][94.354s][info][gc,heap     ] GC(115) Humongous regions: 16->16
[2026-09-05T11:12:38.848-0400][94.354s][info][gc,metaspace] GC(115) Metaspace: 146148K(148032K)->146148K(148032K) NonClass: 125166K(126208K)->125166K(126208K) Class: 20982K(21824K)->20982K(21824K)
[2026-09-05T11:12:38.848-0400][94.354s][info][gc          ] GC(115) Pause Young (Normal) (GCLocker Initiated GC) 2056M->921M(2388M) 9.496ms
[2026-09-05T11:12:38.848-0400][94.354s][info][gc,cpu      ] GC(115) User=0.36s Sys=0.00s Real=0.01s
[2026-09-05T11:12:39.475-0400][94.981s][info][gc,start    ] GC(116) Pause Young (Normal) (G1 Evacuation Pause)
[2026-09-05T11:12:39.475-0400][94.981s][info][gc,task     ] GC(116) Using 23 workers of 23 for evacuation
[2026-09-05T11:12:39.483-0400][94.990s][info][gc,phases   ] GC(116)   Pre Evacuate Collection Set: 0.13ms
[2026-09-05T11:12:39.483-0400][94.990s][info][gc,phases   ] GC(116)   Merge Heap Roots: 0.15ms
[2026-09-05T11:12:39.483-0400][94.990s][info][gc,phases   ] GC(116)   Evacuate Collection Set: 7.48ms
[2026-09-05T11:12:39.483-0400][94.990s][info][gc,phases   ] GC(116)   Post Evacuate Collection Set: 0.67ms
[2026-09-05T11:12:39.483-0400][94.990s][info][gc,phases   ] GC(116)   Other: 0.16ms
[2026-09-05T11:12:39.483-0400][94.990s][info][gc,heap     ] GC(116) Eden regions: 566->0(565)
[2026-09-05T11:12:39.483-0400][94.990s][info][gc,heap     ] GC(116) Survivor regions: 46->44(77)
[2026-09-05T11:12:39.483-0400][94.990s][info][gc,heap     ] GC(116) Old regions: 400->405
[2026-09-05T11:12:39.483-0400][94.990s][info][gc,heap     ] GC(116) Archive regions: 0->0
[2026-09-05T11:12:39.483-0400][94.990s][info][gc,heap     ] GC(116) Humongous regions: 16->16
[2026-09-05T11:12:39.483-0400][94.990s][info][gc,metaspace] GC(116) Metaspace: 146170K(148096K)->146170K(148096K) NonClass: 125188K(126272K)->125188K(126272K) Class: 20982K(21824K)->20982K(21824K)
[2026-09-05T11:12:39.483-0400][94.990s][info][gc          ] GC(116) Pause Young (Normal) (G1 Evacuation Pause) 2053M->927M(2388M) 8.737ms
[2026-09-05T11:12:39.483-0400][94.990s][info][gc,cpu      ] GC(116) User=0.36s Sys=0.02s Real=0.01s
[2026-09-05T11:12:40.074-0400][95.581s][info][gc,start    ] GC(117) Pause Young (Normal) (G1 Evacuation Pause)
[2026-09-05T11:12:40.074-0400][95.581s][info][gc,task     ] GC(117) Using 23 workers of 23 for evacuation
[2026-09-05T11:12:40.082-0400][95.589s][info][gc,phases   ] GC(117)   Pre Evacuate Collection Set: 0.18ms
[2026-09-05T11:12:40.082-0400][95.589s][info][gc,phases   ] GC(117)   Merge Heap Roots: 0.21ms
[2026-09-05T11:12:40.082-0400][95.589s][info][gc,phases   ] GC(117)   Evacuate Collection Set: 6.93ms
[2026-09-05T11:12:40.082-0400][95.589s][info][gc,phases   ] GC(117)   Post Evacuate Collection Set: 0.81ms
[2026-09-05T11:12:40.082-0400][95.589s][info][gc,phases   ] GC(117)   Other: 0.21ms
[2026-09-05T11:12:40.082-0400][95.589s][info][gc,heap     ] GC(117) Eden regions: 565->0(566)
[2026-09-05T11:12:40.082-0400][95.589s][info][gc,heap     ] GC(117) Survivor regions: 44->42(77)
[2026-09-05T11:12:40.082-0400][95.589s][info][gc,heap     ] GC(117) Old regions: 405->408
[2026-09-05T11:12:40.082-0400][95.589s][info][gc,heap     ] GC(117) Archive regions: 0->0
[2026-09-05T11:12:40.082-0400][95.589s][info][gc,heap     ] GC(117) Humongous regions: 16->16
[2026-09-05T11:12:40.082-0400][95.589s][info][gc,metaspace] GC(117) Metaspace: 146213K(148160K)->146213K(148160K) NonClass: 125230K(126336K)->125230K(126336K) Class: 20982K(21824K)->20982K(21824K)
[2026-09-05T11:12:40.082-0400][95.589s][info][gc          ] GC(117) Pause Young (Normal) (G1 Evacuation Pause) 2057M->930M(2388M) 8.513ms
[2026-09-05T11:12:40.082-0400][95.589s][info][gc,cpu      ] GC(117) User=0.36s Sys=0.00s Real=0.01s
[2026-09-05T11:12:41.454-0400][96.961s][info][gc,start    ] GC(118) Pause Young (Normal) (G1 Evacuation Pause)
[2026-09-05T11:12:41.454-0400][96.961s][info][gc,task     ] GC(118) Using 23 workers of 23 for evacuation
[2026-09-05T11:12:41.463-0400][96.969s][info][gc,phases   ] GC(118)   Pre Evacuate Collection Set: 0.15ms
[2026-09-05T11:12:41.463-0400][96.970s][info][gc,phases   ] GC(118)   Merge Heap Roots: 0.22ms
[2026-09-05T11:12:41.463-0400][96.970s][info][gc,phases   ] GC(118)   Evacuate Collection Set: 6.53ms
[2026-09-05T11:12:41.463-0400][96.970s][info][gc,phases   ] GC(118)   Post Evacuate Collection Set: 0.99ms
[2026-09-05T11:12:41.463-0400][96.970s][info][gc,phases   ] GC(118)   Other: 0.28ms
[2026-09-05T11:12:41.463-0400][96.970s][info][gc,heap     ] GC(118) Eden regions: 566->0(560)
[2026-09-05T11:12:41.463-0400][96.970s][info][gc,heap     ] GC(118) Survivor regions: 42->43(76)
[2026-09-05T11:12:41.463-0400][96.970s][info][gc,heap     ] GC(118) Old regions: 408->412
[2026-09-05T11:12:41.463-0400][96.970s][info][gc,heap     ] GC(118) Archive regions: 0->0
[2026-09-05T11:12:41.463-0400][96.970s][info][gc,heap     ] GC(118) Humongous regions: 16->16
[2026-09-05T11:12:41.463-0400][96.970s][info][gc,metaspace] GC(118) Metaspace: 146318K(148224K)->146318K(148224K) NonClass: 125334K(126400K)->125334K(126400K) Class: 20983K(21824K)->20983K(21824K)
[2026-09-05T11:12:41.463-0400][96.970s][info][gc          ] GC(118) Pause Young (Normal) (G1 Evacuation Pause) 2062M->939M(2388M) 8.294ms
[2026-09-05T11:12:41.463-0400][96.970s][info][gc,cpu      ] GC(118) User=0.00s Sys=0.00s Real=0.01s
[2026-09-05T11:12:46.979-0400][102.485s][info][gc,start    ] GC(119) Pause Young (Normal) (G1 Evacuation Pause)
[2026-09-05T11:12:46.979-0400][102.485s][info][gc,task     ] GC(119) Using 23 workers of 23 for evacuation
[2026-09-05T11:12:46.987-0400][102.493s][info][gc,phases   ] GC(119)   Pre Evacuate Collection Set: 0.16ms
[2026-09-05T11:12:46.987-0400][102.493s][info][gc,phases   ] GC(119)   Merge Heap Roots: 0.21ms
[2026-09-05T11:12:46.987-0400][102.493s][info][gc,phases   ] GC(119)   Evacuate Collection Set: 6.51ms
[2026-09-05T11:12:46.987-0400][102.493s][info][gc,phases   ] GC(119)   Post Evacuate Collection Set: 0.82ms
[2026-09-05T11:12:46.987-0400][102.493s][info][gc,phases   ] GC(119)   Other: 0.14ms
[2026-09-05T11:12:46.987-0400][102.493s][info][gc,heap     ] GC(119) Eden regions: 560->0(564)
[2026-09-05T11:12:46.987-0400][102.493s][info][gc,heap     ] GC(119) Survivor regions: 43->41(76)
[2026-09-05T11:12:46.987-0400][102.493s][info][gc,heap     ] GC(119) Old regions: 412->412
[2026-09-05T11:12:46.987-0400][102.493s][info][gc,heap     ] GC(119) Archive regions: 0->0
[2026-09-05T11:12:46.987-0400][102.493s][info][gc,heap     ] GC(119) Humongous regions: 16->16
[2026-09-05T11:12:46.987-0400][102.493s][info][gc,metaspace] GC(119) Metaspace: 146790K(148736K)->146790K(148736K) NonClass: 125802K(126848K)->125802K(126848K) Class: 20988K(21888K)->20988K(21888K)
[2026-09-05T11:12:46.987-0400][102.493s][info][gc          ] GC(119) Pause Young (Normal) (G1 Evacuation Pause) 2059M->936M(2388M) 7.940ms
[2026-09-05T11:12:46.987-0400][102.493s][info][gc,cpu      ] GC(119) User=0.34s Sys=0.00s Real=0.01s
[2026-09-05T11:12:54.288-0400][109.795s][info][gc,start    ] GC(120) Pause Young (Normal) (G1 Evacuation Pause)
[2026-09-05T11:12:54.288-0400][109.795s][info][gc,task     ] GC(120) Using 23 workers of 23 for evacuation
[2026-09-05T11:12:54.296-0400][109.802s][info][gc,phases   ] GC(120)   Pre Evacuate Collection Set: 0.23ms
[2026-09-05T11:12:54.296-0400][109.802s][info][gc,phases   ] GC(120)   Merge Heap Roots: 0.37ms
[2026-09-05T11:12:54.296-0400][109.802s][info][gc,phases   ] GC(120)   Evacuate Collection Set: 5.41ms
[2026-09-05T11:12:54.296-0400][109.802s][info][gc,phases   ] GC(120)   Post Evacuate Collection Set: 1.05ms
[2026-09-05T11:12:54.296-0400][109.802s][info][gc,phases   ] GC(120)   Other: 0.14ms
[2026-09-05T11:12:54.296-0400][109.802s][info][gc,heap     ] GC(120) Eden regions: 564->0(556)
[2026-09-05T11:12:54.296-0400][109.802s][info][gc,heap     ] GC(120) Survivor regions: 41->39(76)
[2026-09-05T11:12:54.296-0400][109.802s][info][gc,heap     ] GC(120) Old regions: 412->416
[2026-09-05T11:12:54.296-0400][109.802s][info][gc,heap     ] GC(120) Archive regions: 0->0
[2026-09-05T11:12:54.296-0400][109.802s][info][gc,heap     ] GC(120) Humongous regions: 37->24
[2026-09-05T11:12:54.296-0400][109.802s][info][gc,metaspace] GC(120) Metaspace: 148909K(151104K)->148909K(151104K) NonClass: 127710K(128896K)->127710K(128896K) Class: 21199K(22208K)->21199K(22208K)
[2026-09-05T11:12:54.296-0400][109.802s][info][gc          ] GC(120) Pause Young (Normal) (G1 Evacuation Pause) 2106M->956M(2388M) 7.321ms
[2026-09-05T11:12:54.296-0400][109.802s][info][gc,cpu      ] GC(120) User=0.36s Sys=0.00s Real=0.01s
[2026-09-05T11:13:02.348-0400][117.855s][info][gc,start    ] GC(121) Pause Young (Concurrent Start) (G1 Humongous Allocation)
[2026-09-05T11:13:02.348-0400][117.855s][info][gc,task     ] GC(121) Using 23 workers of 23 for evacuation
[2026-09-05T11:13:02.354-0400][117.861s][info][gc,phases   ] GC(121)   Pre Evacuate Collection Set: 0.37ms
[2026-09-05T11:13:02.354-0400][117.861s][info][gc,phases   ] GC(121)   Merge Heap Roots: 0.18ms
[2026-09-05T11:13:02.354-0400][117.861s][info][gc,phases   ] GC(121)   Evacuate Collection Set: 4.94ms
[2026-09-05T11:13:02.354-0400][117.861s][info][gc,phases   ] GC(121)   Post Evacuate Collection Set: 0.71ms
[2026-09-05T11:13:02.354-0400][117.861s][info][gc,phases   ] GC(121)   Other: 0.18ms
[2026-09-05T11:13:02.354-0400][117.861s][info][gc,heap     ] GC(121) Eden regions: 355->0(558)
[2026-09-05T11:13:02.354-0400][117.861s][info][gc,heap     ] GC(121) Survivor regions: 39->38(75)
[2026-09-05T11:13:02.354-0400][117.861s][info][gc,heap     ] GC(121) Old regions: 416->416
[2026-09-05T11:13:02.354-0400][117.861s][info][gc,heap     ] GC(121) Archive regions: 0->0
[2026-09-05T11:13:02.354-0400][117.861s][info][gc,heap     ] GC(121) Humongous regions: 70->24
[2026-09-05T11:13:02.354-0400][117.861s][info][gc,metaspace] GC(121) Metaspace: 149130K(151296K)->149130K(151296K) NonClass: 127929K(129088K)->127929K(129088K) Class: 21201K(22208K)->21201K(22208K)
[2026-09-05T11:13:02.354-0400][117.861s][info][gc          ] GC(121) Pause Young (Concurrent Start) (G1 Humongous Allocation) 1757M->955M(2388M) 6.525ms
[2026-09-05T11:13:02.354-0400][117.861s][info][gc,cpu      ] GC(121) User=0.00s Sys=0.00s Real=0.01s
[2026-09-05T11:13:02.354-0400][117.861s][info][gc          ] GC(122) Concurrent Undo Cycle
[2026-09-05T11:13:02.354-0400][117.861s][info][gc,marking  ] GC(122) Concurrent Cleanup for Next Mark
[2026-09-05T11:13:02.355-0400][117.862s][info][gc,marking  ] GC(122) Concurrent Cleanup for Next Mark 1.121ms
[2026-09-05T11:13:02.355-0400][117.862s][info][gc          ] GC(122) Concurrent Undo Cycle 1.185ms
[2026-09-05T11:13:11.357-0400][126.863s][info][gc,start    ] GC(123) Pause Young (Concurrent Start) (G1 Humongous Allocation)
[2026-09-05T11:13:11.357-0400][126.863s][info][gc,task     ] GC(123) Using 23 workers of 23 for evacuation
[2026-09-05T11:13:11.363-0400][126.869s][info][gc,phases   ] GC(123)   Pre Evacuate Collection Set: 0.40ms
[2026-09-05T11:13:11.363-0400][126.870s][info][gc,phases   ] GC(123)   Merge Heap Roots: 0.19ms
[2026-09-05T11:13:11.363-0400][126.870s][info][gc,phases   ] GC(123)   Evacuate Collection Set: 4.88ms
[2026-09-05T11:13:11.363-0400][126.870s][info][gc,phases   ] GC(123)   Post Evacuate Collection Set: 0.78ms
[2026-09-05T11:13:11.363-0400][126.870s][info][gc,phases   ] GC(123)   Other: 0.20ms
[2026-09-05T11:13:11.363-0400][126.870s][info][gc,heap     ] GC(123) Eden regions: 362->0(558)
[2026-09-05T11:13:11.363-0400][126.870s][info][gc,heap     ] GC(123) Survivor regions: 38->38(75)
[2026-09-05T11:13:11.363-0400][126.870s][info][gc,heap     ] GC(123) Old regions: 416->416
[2026-09-05T11:13:11.363-0400][126.870s][info][gc,heap     ] GC(123) Archive regions: 0->0
[2026-09-05T11:13:11.363-0400][126.870s][info][gc,heap     ] GC(123) Humongous regions: 69->24
[2026-09-05T11:13:11.363-0400][126.870s][info][gc,metaspace] GC(123) Metaspace: 149277K(151424K)->149277K(151424K) NonClass: 128074K(129216K)->128074K(129216K) Class: 21202K(22208K)->21202K(22208K)
[2026-09-05T11:13:11.363-0400][126.870s][info][gc          ] GC(123) Pause Young (Concurrent Start) (G1 Humongous Allocation) 1768M->954M(2388M) 6.579ms
[2026-09-05T11:13:11.363-0400][126.870s][info][gc,cpu      ] GC(123) User=0.00s Sys=0.00s Real=0.01s
[2026-09-05T11:13:11.363-0400][126.870s][info][gc          ] GC(124) Concurrent Undo Cycle
[2026-09-05T11:13:11.363-0400][126.870s][info][gc,marking  ] GC(124) Concurrent Cleanup for Next Mark
[2026-09-05T11:13:11.364-0400][126.871s][info][gc,marking  ] GC(124) Concurrent Cleanup for Next Mark 1.086ms
[2026-09-05T11:13:11.364-0400][126.871s][info][gc          ] GC(124) Concurrent Undo Cycle 1.194ms
[2026-09-05T11:13:19.494-0400][135.000s][info][gc,start    ] GC(125) Pause Young (Concurrent Start) (G1 Humongous Allocation)
[2026-09-05T11:13:19.494-0400][135.000s][info][gc,task     ] GC(125) Using 23 workers of 23 for evacuation
[2026-09-05T11:13:19.499-0400][135.007s][info][gc,phases   ] GC(125)   Pre Evacuate Collection Set: 0.43ms
[2026-09-05T11:13:19.499-0400][135.007s][info][gc,phases   ] GC(125)   Merge Heap Roots: 0.39ms
[2026-09-05T11:13:19.499-0400][135.007s][info][gc,phases   ] GC(125)   Evacuate Collection Set: 4.77ms
[2026-09-05T11:13:19.499-0400][135.007s][info][gc,phases   ] GC(125)   Post Evacuate Collection Set: 0.91ms
[2026-09-05T11:13:19.499-0400][135.007s][info][gc,phases   ] GC(125)   Other: 0.21ms
[2026-09-05T11:13:19.499-0400][135.007s][info][gc,heap     ] GC(125) Eden regions: 317->0(558)
[2026-09-05T11:13:19.500-0400][135.007s][info][gc,heap     ] GC(125) Survivor regions: 38->38(75)
[2026-09-05T11:13:19.500-0400][135.007s][info][gc,heap     ] GC(125) Old regions: 416->416
[2026-09-05T11:13:19.500-0400][135.007s][info][gc,heap     ] GC(125) Archive regions: 0->0
[2026-09-05T11:13:19.500-0400][135.007s][info][gc,heap     ] GC(125) Humongous regions: 68->24
[2026-09-05T11:13:19.500-0400][135.007s][info][gc,metaspace] GC(125) Metaspace: 149353K(151488K)->149353K(151488K) NonClass: 128149K(129280K)->128149K(129280K) Class: 21203K(22208K)->21203K(22208K)
[2026-09-05T11:13:19.500-0400][135.007s][info][gc          ] GC(125) Pause Young (Concurrent Start) (G1 Humongous Allocation) 1676M->955M(2388M) 6.839ms
[2026-09-05T11:13:19.500-0400][135.007s][info][gc,cpu      ] GC(125) User=0.34s Sys=0.00s Real=0.01s
[2026-09-05T11:13:19.500-0400][135.007s][info][gc          ] GC(126) Concurrent Undo Cycle
[2026-09-05T11:13:19.500-0400][135.007s][info][gc,marking  ] GC(126) Concurrent Cleanup for Next Mark
[2026-09-05T11:13:19.502-0400][135.008s][info][gc,marking  ] GC(126) Concurrent Cleanup for Next Mark 0.942ms
[2026-09-05T11:13:19.502-0400][135.008s][info][gc          ] GC(126) Concurrent Undo Cycle 1.014ms
[2026-09-05T11:13:34.756-0400][150.262s][info][gc,start    ] GC(127) Pause Young (Normal) (G1 Evacuation Pause)
[2026-09-05T11:13:34.756-0400][150.262s][info][gc,task     ] GC(127) Using 23 workers of 23 for evacuation
[2026-09-05T11:13:34.761-0400][150.269s][info][gc,phases   ] GC(127)   Pre Evacuate Collection Set: 0.20ms
[2026-09-05T11:13:34.761-0400][150.269s][info][gc,phases   ] GC(127)   Merge Heap Roots: 0.22ms
[2026-09-05T11:13:34.761-0400][150.269s][info][gc,phases   ] GC(127)   Evacuate Collection Set: 4.88ms
[2026-09-05T11:13:34.761-0400][150.269s][info][gc,phases   ] GC(127)   Post Evacuate Collection Set: 0.98ms
[2026-09-05T11:13:34.761-0400][150.269s][info][gc,phases   ] GC(127)   Other: 0.15ms
[2026-09-05T11:13:34.761-0400][150.269s][info][gc,heap     ] GC(127) Eden regions: 558->0(556)
[2026-09-05T11:13:34.761-0400][150.269s][info][gc,heap     ] GC(127) Survivor regions: 38->39(75)
[2026-09-05T11:13:34.761-0400][150.269s][info][gc,heap     ] GC(127) Old regions: 416->416
[2026-09-05T11:13:34.761-0400][150.269s][info][gc,heap     ] GC(127) Archive regions: 0->0
[2026-09-05T11:13:34.761-0400][150.269s][info][gc,heap     ] GC(127) Humongous regions: 36->24
[2026-09-05T11:13:34.761-0400][150.269s][info][gc,metaspace] GC(127) Metaspace: 149428K(151616K)->149428K(151616K) NonClass: 128220K(129408K)->128220K(129408K) Class: 21207K(22208K)->21207K(22208K)
[2026-09-05T11:13:34.761-0400][150.269s][info][gc          ] GC(127) Pause Young (Normal) (G1 Evacuation Pause) 2095M->956M(2388M) 6.608ms
[2026-09-05T11:13:34.761-0400][150.269s][info][gc,cpu      ] GC(127) User=0.00s Sys=0.00s Real=0.00s
[2026-09-05T11:13:51.454-0400][166.961s][info][gc,start    ] GC(128) Pause Young (Normal) (G1 Evacuation Pause)
[2026-09-05T11:13:51.454-0400][166.961s][info][gc,task     ] GC(128) Using 23 workers of 23 for evacuation
[2026-09-05T11:13:51.461-0400][166.968s][info][gc,phases   ] GC(128)   Pre Evacuate Collection Set: 0.17ms
[2026-09-05T11:13:51.461-0400][166.968s][info][gc,phases   ] GC(128)   Merge Heap Roots: 0.18ms
[2026-09-05T11:13:51.461-0400][166.968s][info][gc,phases   ] GC(128)   Evacuate Collection Set: 4.73ms
[2026-09-05T11:13:51.461-0400][166.968s][info][gc,phases   ] GC(128)   Post Evacuate Collection Set: 1.09ms
[2026-09-05T11:13:51.461-0400][166.968s][info][gc,phases   ] GC(128)   Other: 0.15ms
[2026-09-05T11:13:51.461-0400][166.968s][info][gc,heap     ] GC(128) Eden regions: 556->0(558)
[2026-09-05T11:13:51.461-0400][166.968s][info][gc,heap     ] GC(128) Survivor regions: 39->38(75)
[2026-09-05T11:13:51.461-0400][166.968s][info][gc,heap     ] GC(128) Old regions: 416->416
[2026-09-05T11:13:51.461-0400][166.968s][info][gc,heap     ] GC(128) Archive regions: 0->0
[2026-09-05T11:13:51.461-0400][166.968s][info][gc,heap     ] GC(128) Humongous regions: 24->24
[2026-09-05T11:13:51.461-0400][166.968s][info][gc,metaspace] GC(128) Metaspace: 149524K(151744K)->149524K(151744K) NonClass: 128316K(129536K)->128316K(129536K) Class: 21207K(22208K)->21207K(22208K)
[2026-09-05T11:13:51.461-0400][166.968s][info][gc          ] GC(128) Pause Young (Normal) (G1 Evacuation Pause) 2068M->955M(2388M) 6.461ms
[2026-09-05T11:13:51.461-0400][166.968s][info][gc,cpu      ] GC(128) User=0.00s Sys=0.00s Real=0.01s
[2026-09-05T11:14:08.358-0400][183.866s][info][gc,start    ] GC(129) Pause Young (Normal) (G1 Evacuation Pause)
[2026-09-05T11:14:08.360-0400][183.866s][info][gc,task     ] GC(129) Using 23 workers of 23 for evacuation
[2026-09-05T11:14:08.367-0400][183.873s][info][gc,phases   ] GC(129)   Pre Evacuate Collection Set: 0.15ms
[2026-09-05T11:14:08.367-0400][183.873s][info][gc,phases   ] GC(129)   Merge Heap Roots: 0.20ms
[2026-09-05T11:14:08.367-0400][183.873s][info][gc,phases   ] GC(129)   Evacuate Collection Set: 5.69ms
[2026-09-05T11:14:08.367-0400][183.873s][info][gc,phases   ] GC(129)   Post Evacuate Collection Set: 0.85ms
[2026-09-05T11:14:08.367-0400][183.873s][info][gc,phases   ] GC(129)   Other: 0.24ms
[2026-09-05T11:14:08.367-0400][183.873s][info][gc,heap     ] GC(129) Eden regions: 558->0(561)
[2026-09-05T11:14:08.367-0400][183.873s][info][gc,heap     ] GC(129) Survivor regions: 38->34(75)
[2026-09-05T11:14:08.367-0400][183.873s][info][gc,heap     ] GC(129) Old regions: 416->420
[2026-09-05T11:14:08.367-0400][183.873s][info][gc,heap     ] GC(129) Archive regions: 0->0
[2026-09-05T11:14:08.367-0400][183.873s][info][gc,heap     ] GC(129) Humongous regions: 39->25
[2026-09-05T11:14:08.367-0400][183.873s][info][gc,metaspace] GC(129) Metaspace: 149813K(152064K)->149813K(152064K) NonClass: 128557K(129792K)->128557K(129792K) Class: 21255K(22272K)->21255K(22272K)
[2026-09-05T11:14:08.367-0400][183.873s][info][gc          ] GC(129) Pause Young (Normal) (G1 Evacuation Pause) 2101M->957M(2388M) 7.413ms
[2026-09-05T11:14:08.367-0400][183.873s][info][gc,cpu      ] GC(129) User=0.00s Sys=0.00s Real=0.01s
[2026-09-05T11:14:12.945-0400][188.452s][info][gc,start    ] GC(130) Pause Young (Concurrent Start) (G1 Humongous Allocation)
[2026-09-05T11:14:12.945-0400][188.452s][info][gc,task     ] GC(130) Using 23 workers of 23 for evacuation
[2026-09-05T11:14:12.950-0400][188.457s][info][gc,phases   ] GC(130)   Pre Evacuate Collection Set: 0.29ms
[2026-09-05T11:14:12.950-0400][188.457s][info][gc,phases   ] GC(130)   Merge Heap Roots: 0.18ms
[2026-09-05T11:14:12.950-0400][188.457s][info][gc,phases   ] GC(130)   Evacuate Collection Set: 4.10ms
[2026-09-05T11:14:12.950-0400][188.457s][info][gc,phases   ] GC(130)   Post Evacuate Collection Set: 0.69ms
[2026-09-05T11:14:12.950-0400][188.457s][info][gc,phases   ] GC(130)   Other: 0.19ms
[2026-09-05T11:14:12.950-0400][188.457s][info][gc,heap     ] GC(130) Eden regions: 145->0(566)
[2026-09-05T11:14:12.950-0400][188.457s][info][gc,heap     ] GC(130) Survivor regions: 34->29(75)
[2026-09-05T11:14:12.950-0400][188.457s][info][gc,heap     ] GC(130) Old regions: 420->426
[2026-09-05T11:14:12.950-0400][188.457s][info][gc,heap     ] GC(130) Archive regions: 0->0
[2026-09-05T11:14:12.950-0400][188.457s][info][gc,heap     ] GC(130) Humongous regions: 66->24
[2026-09-05T11:14:12.950-0400][188.457s][info][gc,metaspace] GC(130) Metaspace: 149838K(152064K)->149838K(152064K) NonClass: 128582K(129792K)->128582K(129792K) Class: 21255K(22272K)->21255K(22272K)
[2026-09-05T11:14:12.950-0400][188.458s][info][gc          ] GC(130) Pause Young (Concurrent Start) (G1 Humongous Allocation) 1328M->955M(2388M) 5.586ms
[2026-09-05T11:14:12.950-0400][188.458s][info][gc,cpu      ] GC(130) User=0.30s Sys=0.02s Real=0.01s
[2026-09-05T11:14:12.950-0400][188.458s][info][gc          ] GC(131) Concurrent Undo Cycle
[2026-09-05T11:14:12.950-0400][188.458s][info][gc,marking  ] GC(131) Concurrent Cleanup for Next Mark
[2026-09-05T11:14:12.951-0400][188.459s][info][gc,marking  ] GC(131) Concurrent Cleanup for Next Mark 0.936ms
[2026-09-05T11:14:12.951-0400][188.459s][info][gc          ] GC(131) Concurrent Undo Cycle 1.067ms
[2026-09-05T11:14:18.371-0400][193.878s][info][gc,start    ] GC(132) Pause Young (Normal) (G1 Evacuation Pause)
[2026-09-05T11:14:18.371-0400][193.878s][info][gc,task     ] GC(132) Using 23 workers of 23 for evacuation
[2026-09-05T11:14:18.381-0400][193.888s][info][gc,phases   ] GC(132)   Pre Evacuate Collection Set: 0.21ms
[2026-09-05T11:14:18.381-0400][193.888s][info][gc,phases   ] GC(132)   Merge Heap Roots: 0.16ms
[2026-09-05T11:14:18.381-0400][193.888s][info][gc,phases   ] GC(132)   Evacuate Collection Set: 7.89ms
[2026-09-05T11:14:18.381-0400][193.888s][info][gc,phases   ] GC(132)   Post Evacuate Collection Set: 0.90ms
[2026-09-05T11:14:18.381-0400][193.888s][info][gc,phases   ] GC(132)   Other: 0.14ms
[2026-09-05T11:14:18.381-0400][193.888s][info][gc,heap     ] GC(132) Eden regions: 566->0(544)
[2026-09-05T11:14:18.381-0400][193.888s][info][gc,heap     ] GC(132) Survivor regions: 29->38(75)
[2026-09-05T11:14:18.381-0400][193.888s][info][gc,heap     ] GC(132) Old regions: 426->430
[2026-09-05T11:14:18.381-0400][193.888s][info][gc,heap     ] GC(132) Archive regions: 0->0
[2026-09-05T11:14:18.381-0400][193.888s][info][gc,heap     ] GC(132) Humongous regions: 47->24
[2026-09-05T11:14:18.381-0400][193.888s][info][gc,metaspace] GC(132) Metaspace: 149924K(152128K)->149924K(152128K) NonClass: 128656K(129856K)->128656K(129856K) Class: 21268K(22272K)->21268K(22272K)
[2026-09-05T11:14:18.381-0400][193.888s][info][gc          ] GC(132) Pause Young (Normal) (G1 Evacuation Pause) 2133M->981M(2388M) 9.418ms
[2026-09-05T11:14:18.381-0400][193.888s][info][gc,cpu      ] GC(132) User=0.00s Sys=0.00s Real=0.01s
[2026-09-05T11:14:19.445-0400][194.952s][info][gc,start    ] GC(133) Pause Young (Normal) (G1 Evacuation Pause)
[2026-09-05T11:14:19.445-0400][194.952s][info][gc,task     ] GC(133) Using 23 workers of 23 for evacuation
[2026-09-05T11:14:19.454-0400][194.961s][info][gc,phases   ] GC(133)   Pre Evacuate Collection Set: 0.21ms
[2026-09-05T11:14:19.454-0400][194.961s][info][gc,phases   ] GC(133)   Merge Heap Roots: 0.20ms
[2026-09-05T11:14:19.454-0400][194.961s][info][gc,phases   ] GC(133)   Evacuate Collection Set: 7.00ms
[2026-09-05T11:14:19.454-0400][194.961s][info][gc,phases   ] GC(133)   Post Evacuate Collection Set: 0.93ms
[2026-09-05T11:14:19.454-0400][194.961s][info][gc,phases   ] GC(133)   Other: 0.15ms
[2026-09-05T11:14:19.454-0400][194.961s][info][gc,heap     ] GC(133) Eden regions: 544->0(546)
[2026-09-05T11:14:19.454-0400][194.961s][info][gc,heap     ] GC(133) Survivor regions: 38->35(73)
[2026-09-05T11:14:19.454-0400][194.961s][info][gc,heap     ] GC(133) Old regions: 430->434
[2026-09-05T11:14:19.454-0400][194.961s][info][gc,heap     ] GC(133) Archive regions: 0->0
[2026-09-05T11:14:19.454-0400][194.961s][info][gc,heap     ] GC(133) Humongous regions: 24->24
[2026-09-05T11:14:19.454-0400][194.961s][info][gc,metaspace] GC(133) Metaspace: 149924K(152128K)->149924K(152128K) NonClass: 128656K(129856K)->128656K(129856K) Class: 21268K(22272K)->21268K(22272K)
[2026-09-05T11:14:19.454-0400][194.961s][info][gc          ] GC(133) Pause Young (Normal) (G1 Evacuation Pause) 2069M->984M(2388M) 8.638ms
[2026-09-05T11:14:19.454-0400][194.961s][info][gc,cpu      ] GC(133) User=0.36s Sys=0.02s Real=0.01s
[2026-09-05T11:14:20.506-0400][196.014s][info][gc,start    ] GC(134) Pause Young (Normal) (G1 Evacuation Pause)
[2026-09-05T11:14:20.506-0400][196.014s][info][gc,task     ] GC(134) Using 23 workers of 23 for evacuation
[2026-09-05T11:14:20.515-0400][196.022s][info][gc,phases   ] GC(134)   Pre Evacuate Collection Set: 0.24ms
[2026-09-05T11:14:20.515-0400][196.022s][info][gc,phases   ] GC(134)   Merge Heap Roots: 0.19ms
[2026-09-05T11:14:20.515-0400][196.022s][info][gc,phases   ] GC(134)   Evacuate Collection Set: 7.12ms
[2026-09-05T11:14:20.515-0400][196.022s][info][gc,phases   ] GC(134)   Post Evacuate Collection Set: 0.79ms
[2026-09-05T11:14:20.515-0400][196.022s][info][gc,phases   ] GC(134)   Other: 0.15ms
[2026-09-05T11:14:20.515-0400][196.022s][info][gc,heap     ] GC(134) Eden regions: 546->0(550)
[2026-09-05T11:14:20.515-0400][196.022s][info][gc,heap     ] GC(134) Survivor regions: 35->31(73)
[2026-09-05T11:14:20.515-0400][196.022s][info][gc,heap     ] GC(134) Old regions: 434->438
[2026-09-05T11:14:20.515-0400][196.022s][info][gc,heap     ] GC(134) Archive regions: 0->0
[2026-09-05T11:14:20.515-0400][196.022s][info][gc,heap     ] GC(134) Humongous regions: 24->24
[2026-09-05T11:14:20.515-0400][196.022s][info][gc,metaspace] GC(134) Metaspace: 149924K(152128K)->149924K(152128K) NonClass: 128656K(129856K)->128656K(129856K) Class: 21268K(22272K)->21268K(22272K)
[2026-09-05T11:14:20.515-0400][196.022s][info][gc          ] GC(134) Pause Young (Normal) (G1 Evacuation Pause) 2076M->985M(2388M) 8.612ms
[2026-09-05T11:14:20.515-0400][196.022s][info][gc,cpu      ] GC(134) User=0.34s Sys=0.00s Real=0.01s
[2026-09-05T11:14:21.565-0400][197.072s][info][gc,start    ] GC(135) Pause Young (Normal) (G1 Evacuation Pause)
[2026-09-05T11:14:21.565-0400][197.072s][info][gc,task     ] GC(135) Using 23 workers of 23 for evacuation
[2026-09-05T11:14:21.572-0400][197.079s][info][gc,phases   ] GC(135)   Pre Evacuate Collection Set: 0.22ms
[2026-09-05T11:14:21.572-0400][197.079s][info][gc,phases   ] GC(135)   Merge Heap Roots: 0.18ms
[2026-09-05T11:14:21.572-0400][197.079s][info][gc,phases   ] GC(135)   Evacuate Collection Set: 6.44ms
[2026-09-05T11:14:21.572-0400][197.079s][info][gc,phases   ] GC(135)   Post Evacuate Collection Set: 0.77ms
[2026-09-05T11:14:21.573-0400][197.079s][info][gc,phases   ] GC(135)   Other: 0.14ms
[2026-09-05T11:14:21.573-0400][197.079s][info][gc,heap     ] GC(135) Eden regions: 550->0(554)
[2026-09-05T11:14:21.573-0400][197.079s][info][gc,heap     ] GC(135) Survivor regions: 31->27(73)
[2026-09-05T11:14:21.573-0400][197.079s][info][gc,heap     ] GC(135) Old regions: 438->442
[2026-09-05T11:14:21.573-0400][197.079s][info][gc,heap     ] GC(135) Archive regions: 0->0
[2026-09-05T11:14:21.573-0400][197.079s][info][gc,heap     ] GC(135) Humongous regions: 24->24
[2026-09-05T11:14:21.573-0400][197.079s][info][gc,metaspace] GC(135) Metaspace: 149924K(152128K)->149924K(152128K) NonClass: 128656K(129856K)->128656K(129856K) Class: 21268K(22272K)->21268K(22272K)
[2026-09-05T11:14:21.573-0400][197.079s][info][gc          ] GC(135) Pause Young (Normal) (G1 Evacuation Pause) 2085M->984M(2388M) 7.869ms
[2026-09-05T11:14:21.573-0400][197.079s][info][gc,cpu      ] GC(135) User=0.00s Sys=0.00s Real=0.01s
[2026-09-05T11:14:22.626-0400][198.133s][info][gc,start    ] GC(136) Pause Young (Normal) (G1 Evacuation Pause)
[2026-09-05T11:14:22.626-0400][198.133s][info][gc,task     ] GC(136) Using 23 workers of 23 for evacuation
[2026-09-05T11:14:22.633-0400][198.140s][info][gc,phases   ] GC(136)   Pre Evacuate Collection Set: 0.16ms
[2026-09-05T11:14:22.634-0400][198.140s][info][gc,phases   ] GC(136)   Merge Heap Roots: 0.19ms
[2026-09-05T11:14:22.634-0400][198.140s][info][gc,phases   ] GC(136)   Evacuate Collection Set: 5.10ms
[2026-09-05T11:14:22.634-0400][198.140s][info][gc,phases   ] GC(136)   Post Evacuate Collection Set: 0.92ms
[2026-09-05T11:14:22.634-0400][198.140s][info][gc,phases   ] GC(136)   Other: 0.16ms
[2026-09-05T11:14:22.634-0400][198.140s][info][gc,heap     ] GC(136) Eden regions: 554->0(558)
[2026-09-05T11:14:22.634-0400][198.140s][info][gc,heap     ] GC(136) Survivor regions: 27->23(73)
[2026-09-05T11:14:22.634-0400][198.140s][info][gc,heap     ] GC(136) Old regions: 442->446
[2026-09-05T11:14:22.634-0400][198.140s][info][gc,heap     ] GC(136) Archive regions: 0->0
[2026-09-05T11:14:22.634-0400][198.140s][info][gc,heap     ] GC(136) Humongous regions: 24->24
[2026-09-05T11:14:22.634-0400][198.140s][info][gc,metaspace] GC(136) Metaspace: 149926K(152128K)->149926K(152128K) NonClass: 128658K(129856K)->128658K(129856K) Class: 21268K(22272K)->21268K(22272K)
[2026-09-05T11:14:22.634-0400][198.140s][info][gc          ] GC(136) Pause Young (Normal) (G1 Evacuation Pause) 2092M->983M(2388M) 6.645ms
[2026-09-05T11:14:22.634-0400][198.140s][info][gc,cpu      ] GC(136) User=0.00s Sys=0.00s Real=0.01s
[2026-09-05T11:14:24.193-0400][199.700s][info][gc,start    ] GC(137) Pause Young (Normal) (G1 Evacuation Pause)
[2026-09-05T11:14:24.193-0400][199.700s][info][gc,task     ] GC(137) Using 23 workers of 23 for evacuation
[2026-09-05T11:14:24.199-0400][199.706s][info][gc,phases   ] GC(137)   Pre Evacuate Collection Set: 0.16ms
[2026-09-05T11:14:24.199-0400][199.706s][info][gc,phases   ] GC(137)   Merge Heap Roots: 0.17ms
[2026-09-05T11:14:24.199-0400][199.706s][info][gc,phases   ] GC(137)   Evacuate Collection Set: 4.83ms
[2026-09-05T11:14:24.199-0400][199.706s][info][gc,phases   ] GC(137)   Post Evacuate Collection Set: 0.60ms
[2026-09-05T11:14:24.199-0400][199.706s][info][gc,phases   ] GC(137)   Other: 0.15ms
[2026-09-05T11:14:24.199-0400][199.706s][info][gc,heap     ] GC(137) Eden regions: 558->0(562)
[2026-09-05T11:14:24.199-0400][199.706s][info][gc,heap     ] GC(137) Survivor regions: 23->19(73)
[2026-09-05T11:14:24.199-0400][199.706s][info][gc,heap     ] GC(137) Old regions: 446->450
[2026-09-05T11:14:24.199-0400][199.706s][info][gc,heap     ] GC(137) Archive regions: 0->0
[2026-09-05T11:14:24.199-0400][199.706s][info][gc,heap     ] GC(137) Humongous regions: 24->24
[2026-09-05T11:14:24.199-0400][199.706s][info][gc,metaspace] GC(137) Metaspace: 149926K(152128K)->149926K(152128K) NonClass: 128658K(129856K)->128658K(129856K) Class: 21268K(22272K)->21268K(22272K)
[2026-09-05T11:14:24.199-0400][199.706s][info][gc          ] GC(137) Pause Young (Normal) (G1 Evacuation Pause) 2099M->983M(2388M) 6.020ms
[2026-09-05T11:14:24.199-0400][199.706s][info][gc,cpu      ] GC(137) User=0.00s Sys=0.00s Real=0.01s
[2026-09-05T11:14:25.350-0400][200.857s][info][gc,start    ] GC(138) Pause Young (Normal) (G1 Evacuation Pause)
[2026-09-05T11:14:25.350-0400][200.857s][info][gc,task     ] GC(138) Using 23 workers of 23 for evacuation
[2026-09-05T11:14:25.355-0400][200.861s][info][gc,phases   ] GC(138)   Pre Evacuate Collection Set: 0.16ms
[2026-09-05T11:14:25.355-0400][200.861s][info][gc,phases   ] GC(138)   Merge Heap Roots: 0.15ms
[2026-09-05T11:14:25.355-0400][200.861s][info][gc,phases   ] GC(138)   Evacuate Collection Set: 3.46ms
[2026-09-05T11:14:25.355-0400][200.861s][info][gc,phases   ] GC(138)   Post Evacuate Collection Set: 0.69ms
[2026-09-05T11:14:25.355-0400][200.861s][info][gc,phases   ] GC(138)   Other: 0.16ms
[2026-09-05T11:14:25.355-0400][200.861s][info][gc,heap     ] GC(138) Eden regions: 562->0(563)
[2026-09-05T11:14:25.355-0400][200.861s][info][gc,heap     ] GC(138) Survivor regions: 19->18(73)
[2026-09-05T11:14:25.355-0400][200.861s][info][gc,heap     ] GC(138) Old regions: 450->451
[2026-09-05T11:14:25.355-0400][200.861s][info][gc,heap     ] GC(138) Archive regions: 0->0
[2026-09-05T11:14:25.355-0400][200.861s][info][gc,heap     ] GC(138) Humongous regions: 24->24
[2026-09-05T11:14:25.355-0400][200.861s][info][gc,metaspace] GC(138) Metaspace: 149926K(152128K)->149926K(152128K) NonClass: 128658K(129856K)->128658K(129856K) Class: 21268K(22272K)->21268K(22272K)
[2026-09-05T11:14:25.355-0400][200.861s][info][gc          ] GC(138) Pause Young (Normal) (G1 Evacuation Pause) 2107M->984M(2388M) 4.731ms
[2026-09-05T11:14:25.355-0400][200.862s][info][gc,cpu      ] GC(138) User=0.00s Sys=0.00s Real=0.01s
[2026-09-05T11:14:26.009-0400][201.516s][info][gc,start    ] GC(139) Pause Young (Normal) (G1 Evacuation Pause)
[2026-09-05T11:14:26.009-0400][201.516s][info][gc,task     ] GC(139) Using 23 workers of 23 for evacuation
[2026-09-05T11:14:26.014-0400][201.522s][info][gc,phases   ] GC(139)   Pre Evacuate Collection Set: 0.25ms
[2026-09-05T11:14:26.014-0400][201.522s][info][gc,phases   ] GC(139)   Merge Heap Roots: 0.16ms
[2026-09-05T11:14:26.014-0400][201.522s][info][gc,phases   ] GC(139)   Evacuate Collection Set: 3.84ms
[2026-09-05T11:14:26.014-0400][201.522s][info][gc,phases   ] GC(139)   Post Evacuate Collection Set: 0.79ms
[2026-09-05T11:14:26.014-0400][201.522s][info][gc,phases   ] GC(139)   Other: 0.17ms
[2026-09-05T11:14:26.014-0400][201.522s][info][gc,heap     ] GC(139) Eden regions: 563->0(564)
[2026-09-05T11:14:26.014-0400][201.522s][info][gc,heap     ] GC(139) Survivor regions: 18->17(73)
[2026-09-05T11:14:26.014-0400][201.522s][info][gc,heap     ] GC(139) Old regions: 451->452
[2026-09-05T11:14:26.014-0400][201.522s][info][gc,heap     ] GC(139) Archive regions: 0->0
[2026-09-05T11:14:26.014-0400][201.522s][info][gc,heap     ] GC(139) Humongous regions: 24->24
[2026-09-05T11:14:26.014-0400][201.522s][info][gc,metaspace] GC(139) Metaspace: 149927K(152128K)->149927K(152128K) NonClass: 128659K(129856K)->128659K(129856K) Class: 21268K(22272K)->21268K(22272K)
[2026-09-05T11:14:26.014-0400][201.522s][info][gc          ] GC(139) Pause Young (Normal) (G1 Evacuation Pause) 2110M->984M(2388M) 5.459ms
[2026-09-05T11:14:26.016-0400][201.522s][info][gc,cpu      ] GC(139) User=0.28s Sys=0.02s Real=0.01s
[2026-09-05T11:14:26.391-0400][201.898s][info][gc,start    ] GC(140) Pause Young (Normal) (G1 Evacuation Pause)
[2026-09-05T11:14:26.391-0400][201.898s][info][gc,task     ] GC(140) Using 23 workers of 23 for evacuation
[2026-09-05T11:14:26.395-0400][201.903s][info][gc,phases   ] GC(140)   Pre Evacuate Collection Set: 0.16ms
[2026-09-05T11:14:26.395-0400][201.903s][info][gc,phases   ] GC(140)   Merge Heap Roots: 0.17ms
[2026-09-05T11:14:26.395-0400][201.903s][info][gc,phases   ] GC(140)   Evacuate Collection Set: 3.58ms
[2026-09-05T11:14:26.395-0400][201.903s][info][gc,phases   ] GC(140)   Post Evacuate Collection Set: 0.65ms
[2026-09-05T11:14:26.395-0400][201.903s][info][gc,phases   ] GC(140)   Other: 0.17ms
[2026-09-05T11:14:26.395-0400][201.903s][info][gc,heap     ] GC(140) Eden regions: 564->0(562)
[2026-09-05T11:14:26.395-0400][201.903s][info][gc,heap     ] GC(140) Survivor regions: 17->18(73)
[2026-09-05T11:14:26.395-0400][201.903s][info][gc,heap     ] GC(140) Old regions: 452->452
[2026-09-05T11:14:26.395-0400][201.903s][info][gc,heap     ] GC(140) Archive regions: 0->0
[2026-09-05T11:14:26.395-0400][201.903s][info][gc,heap     ] GC(140) Humongous regions: 24->24
[2026-09-05T11:14:26.395-0400][201.903s][info][gc,metaspace] GC(140) Metaspace: 149927K(152128K)->149927K(152128K) NonClass: 128659K(129856K)->128659K(129856K) Class: 21268K(22272K)->21268K(22272K)
[2026-09-05T11:14:26.396-0400][201.903s][info][gc          ] GC(140) Pause Young (Normal) (G1 Evacuation Pause) 2112M->987M(2388M) 4.878ms
[2026-09-05T11:14:26.396-0400][201.903s][info][gc,cpu      ] GC(140) User=0.00s Sys=0.00s Real=0.00s
[2026-09-05T11:14:26.613-0400][202.119s][info][gc,start    ] GC(141) Pause Young (Normal) (G1 Evacuation Pause)
[2026-09-05T11:14:26.613-0400][202.120s][info][gc,task     ] GC(141) Using 23 workers of 23 for evacuation
[2026-09-05T11:14:26.619-0400][202.125s][info][gc,phases   ] GC(141)   Pre Evacuate Collection Set: 0.16ms
[2026-09-05T11:14:26.619-0400][202.125s][info][gc,phases   ] GC(141)   Merge Heap Roots: 0.17ms
[2026-09-05T11:14:26.619-0400][202.125s][info][gc,phases   ] GC(141)   Evacuate Collection Set: 4.46ms
[2026-09-05T11:14:26.619-0400][202.125s][info][gc,phases   ] GC(141)   Post Evacuate Collection Set: 0.68ms
[2026-09-05T11:14:26.619-0400][202.125s][info][gc,phases   ] GC(141)   Other: 0.18ms
[2026-09-05T11:14:26.619-0400][202.125s][info][gc,heap     ] GC(141) Eden regions: 562->0(557)
[2026-09-05T11:14:26.619-0400][202.125s][info][gc,heap     ] GC(141) Survivor regions: 18->20(73)
[2026-09-05T11:14:26.619-0400][202.125s][info][gc,heap     ] GC(141) Old regions: 452->453
[2026-09-05T11:14:26.619-0400][202.125s][info][gc,heap     ] GC(141) Archive regions: 0->0
[2026-09-05T11:14:26.619-0400][202.125s][info][gc,heap     ] GC(141) Humongous regions: 25->24
[2026-09-05T11:14:26.619-0400][202.125s][info][gc,metaspace] GC(141) Metaspace: 149955K(152192K)->149955K(152192K) NonClass: 128684K(129920K)->128684K(129920K) Class: 21270K(22272K)->21270K(22272K)
[2026-09-05T11:14:26.619-0400][202.125s][info][gc          ] GC(141) Pause Young (Normal) (G1 Evacuation Pause) 2113M->992M(2388M) 5.792ms
[2026-09-05T11:14:26.619-0400][202.125s][info][gc,cpu      ] GC(141) User=0.00s Sys=0.00s Real=0.01s
[2026-09-05T11:14:27.097-0400][202.604s][info][gc,start    ] GC(142) Pause Young (Normal) (G1 Evacuation Pause)
[2026-09-05T11:14:27.097-0400][202.604s][info][gc,task     ] GC(142) Using 23 workers of 23 for evacuation
[2026-09-05T11:14:27.105-0400][202.612s][info][gc,phases   ] GC(142)   Pre Evacuate Collection Set: 0.17ms
[2026-09-05T11:14:27.105-0400][202.612s][info][gc,phases   ] GC(142)   Merge Heap Roots: 0.19ms
[2026-09-05T11:14:27.105-0400][202.612s][info][gc,phases   ] GC(142)   Evacuate Collection Set: 6.52ms
[2026-09-05T11:14:27.105-0400][202.612s][info][gc,phases   ] GC(142)   Post Evacuate Collection Set: 0.58ms
[2026-09-05T11:14:27.105-0400][202.612s][info][gc,phases   ] GC(142)   Other: 0.22ms
[2026-09-05T11:14:27.105-0400][202.612s][info][gc,heap     ] GC(142) Eden regions: 557->0(543)
[2026-09-05T11:14:27.105-0400][202.612s][info][gc,heap     ] GC(142) Survivor regions: 20->27(73)
[2026-09-05T11:14:27.105-0400][202.612s][info][gc,heap     ] GC(142) Old regions: 453->453
[2026-09-05T11:14:27.105-0400][202.612s][info][gc,heap     ] GC(142) Archive regions: 0->0
[2026-09-05T11:14:27.105-0400][202.612s][info][gc,heap     ] GC(142) Humongous regions: 25->24
[2026-09-05T11:14:27.105-0400][202.612s][info][gc,metaspace] GC(142) Metaspace: 150398K(152768K)->150398K(152768K) NonClass: 129046K(130304K)->129046K(130304K) Class: 21351K(22464K)->21351K(22464K)
[2026-09-05T11:14:27.105-0400][202.612s][info][gc          ] GC(142) Pause Young (Normal) (G1 Evacuation Pause) 2108M->1005M(2388M) 7.818ms
[2026-09-05T11:14:27.105-0400][202.612s][info][gc,cpu      ] GC(142) User=0.00s Sys=0.00s Real=0.01s
[2026-09-05T11:14:28.024-0400][203.531s][info][gc,start    ] GC(143) Pause Young (Normal) (G1 Evacuation Pause)
[2026-09-05T11:14:28.024-0400][203.531s][info][gc,task     ] GC(143) Using 23 workers of 23 for evacuation
[2026-09-05T11:14:28.030-0400][203.537s][info][gc,phases   ] GC(143)   Pre Evacuate Collection Set: 0.19ms
[2026-09-05T11:14:28.030-0400][203.537s][info][gc,phases   ] GC(143)   Merge Heap Roots: 0.19ms
[2026-09-05T11:14:28.030-0400][203.537s][info][gc,phases   ] GC(143)   Evacuate Collection Set: 4.65ms
[2026-09-05T11:14:28.030-0400][203.537s][info][gc,phases   ] GC(143)   Post Evacuate Collection Set: 0.96ms
[2026-09-05T11:14:28.030-0400][203.537s][info][gc,phases   ] GC(143)   Other: 0.17ms
[2026-09-05T11:14:28.030-0400][203.537s][info][gc,heap     ] GC(143) Eden regions: 543->0(539)
[2026-09-05T11:14:28.030-0400][203.537s][info][gc,heap     ] GC(143) Survivor regions: 27->29(72)
[2026-09-05T11:14:28.030-0400][203.537s][info][gc,heap     ] GC(143) Old regions: 453->453
[2026-09-05T11:14:28.030-0400][203.537s][info][gc,heap     ] GC(143) Archive regions: 0->0
[2026-09-05T11:14:28.030-0400][203.537s][info][gc,heap     ] GC(143) Humongous regions: 27->24
[2026-09-05T11:14:28.030-0400][203.537s][info][gc,metaspace] GC(143) Metaspace: 150406K(152768K)->150406K(152768K) NonClass: 129054K(130304K)->129054K(130304K) Class: 21351K(22464K)->21351K(22464K)
[2026-09-05T11:14:28.030-0400][203.537s][info][gc          ] GC(143) Pause Young (Normal) (G1 Evacuation Pause) 2097M->1009M(2388M) 6.314ms
[2026-09-05T11:14:28.030-0400][203.537s][info][gc,cpu      ] GC(143) User=0.36s Sys=0.00s Real=0.01s
[2026-09-05T11:14:28.468-0400][203.975s][info][gc,start    ] GC(144) Pause Young (Normal) (G1 Evacuation Pause)
[2026-09-05T11:14:28.468-0400][203.975s][info][gc,task     ] GC(144) Using 23 workers of 23 for evacuation
[2026-09-05T11:14:28.474-0400][203.981s][info][gc,phases   ] GC(144)   Pre Evacuate Collection Set: 0.20ms
[2026-09-05T11:14:28.474-0400][203.981s][info][gc,phases   ] GC(144)   Merge Heap Roots: 0.18ms
[2026-09-05T11:14:28.474-0400][203.981s][info][gc,phases   ] GC(144)   Evacuate Collection Set: 4.82ms
[2026-09-05T11:14:28.474-0400][203.981s][info][gc,phases   ] GC(144)   Post Evacuate Collection Set: 0.71ms
[2026-09-05T11:14:28.474-0400][203.981s][info][gc,phases   ] GC(144)   Other: 0.22ms
[2026-09-05T11:14:28.474-0400][203.981s][info][gc,heap     ] GC(144) Eden regions: 539->0(535)
[2026-09-05T11:14:28.474-0400][203.981s][info][gc,heap     ] GC(144) Survivor regions: 29->31(71)
[2026-09-05T11:14:28.474-0400][203.981s][info][gc,heap     ] GC(144) Old regions: 453->453
[2026-09-05T11:14:28.474-0400][203.981s][info][gc,heap     ] GC(144) Archive regions: 0->0
[2026-09-05T11:14:28.474-0400][203.981s][info][gc,heap     ] GC(144) Humongous regions: 25->24
[2026-09-05T11:14:28.474-0400][203.981s][info][gc,metaspace] GC(144) Metaspace: 150434K(152832K)->150434K(152832K) NonClass: 129080K(130368K)->129080K(130368K) Class: 21354K(22464K)->21354K(22464K)
[2026-09-05T11:14:28.474-0400][203.981s][info][gc          ] GC(144) Pause Young (Normal) (G1 Evacuation Pause) 2089M->1014M(2388M) 6.253ms
[2026-09-05T11:14:28.474-0400][203.981s][info][gc,cpu      ] GC(144) User=0.00s Sys=0.00s Real=0.01s
[2026-09-05T11:14:28.790-0400][204.297s][info][gc,start    ] GC(145) Pause Young (Normal) (G1 Evacuation Pause)
[2026-09-05T11:14:28.790-0400][204.297s][info][gc,task     ] GC(145) Using 23 workers of 23 for evacuation
[2026-09-05T11:14:28.796-0400][204.303s][info][gc,phases   ] GC(145)   Pre Evacuate Collection Set: 0.17ms
[2026-09-05T11:14:28.796-0400][204.303s][info][gc,phases   ] GC(145)   Merge Heap Roots: 0.17ms
[2026-09-05T11:14:28.796-0400][204.303s][info][gc,phases   ] GC(145)   Evacuate Collection Set: 5.03ms
[2026-09-05T11:14:28.796-0400][204.303s][info][gc,phases   ] GC(145)   Post Evacuate Collection Set: 0.59ms
[2026-09-05T11:14:28.796-0400][204.303s][info][gc,phases   ] GC(145)   Other: 0.21ms
[2026-09-05T11:14:28.796-0400][204.303s][info][gc,heap     ] GC(145) Eden regions: 535->0(531)
[2026-09-05T11:14:28.796-0400][204.303s][info][gc,heap     ] GC(145) Survivor regions: 31->33(71)
[2026-09-05T11:14:28.796-0400][204.303s][info][gc,heap     ] GC(145) Old regions: 453->453
[2026-09-05T11:14:28.796-0400][204.303s][info][gc,heap     ] GC(145) Archive regions: 0->0
[2026-09-05T11:14:28.796-0400][204.303s][info][gc,heap     ] GC(145) Humongous regions: 26->24
[2026-09-05T11:14:28.796-0400][204.303s][info][gc,metaspace] GC(145) Metaspace: 150442K(152832K)->150442K(152832K) NonClass: 129088K(130368K)->129088K(130368K) Class: 21354K(22464K)->21354K(22464K)
[2026-09-05T11:14:28.796-0400][204.303s][info][gc          ] GC(145) Pause Young (Normal) (G1 Evacuation Pause) 2088M->1018M(2388M) 6.298ms
[2026-09-05T11:14:28.796-0400][204.303s][info][gc,cpu      ] GC(145) User=0.33s Sys=0.02s Real=0.01s
[2026-09-05T11:14:29.235-0400][204.742s][info][gc,start    ] GC(146) Pause Young (Normal) (G1 Evacuation Pause)
[2026-09-05T11:14:29.235-0400][204.742s][info][gc,task     ] GC(146) Using 23 workers of 23 for evacuation
[2026-09-05T11:14:29.242-0400][204.749s][info][gc,phases   ] GC(146)   Pre Evacuate Collection Set: 0.12ms
[2026-09-05T11:14:29.242-0400][204.749s][info][gc,phases   ] GC(146)   Merge Heap Roots: 0.14ms
[2026-09-05T11:14:29.242-0400][204.749s][info][gc,phases   ] GC(146)   Evacuate Collection Set: 6.17ms
[2026-09-05T11:14:29.242-0400][204.749s][info][gc,phases   ] GC(146)   Post Evacuate Collection Set: 0.59ms
[2026-09-05T11:14:29.242-0400][204.749s][info][gc,phases   ] GC(146)   Other: 0.18ms
[2026-09-05T11:14:29.242-0400][204.749s][info][gc,heap     ] GC(146) Eden regions: 531->0(521)
[2026-09-05T11:14:29.242-0400][204.749s][info][gc,heap     ] GC(146) Survivor regions: 33->38(71)
[2026-09-05T11:14:29.242-0400][204.749s][info][gc,heap     ] GC(146) Old regions: 453->453
[2026-09-05T11:14:29.242-0400][204.749s][info][gc,heap     ] GC(146) Archive regions: 0->0
[2026-09-05T11:14:29.242-0400][204.749s][info][gc,heap     ] GC(146) Humongous regions: 24->24
[2026-09-05T11:14:29.242-0400][204.749s][info][gc,metaspace] GC(146) Metaspace: 150471K(152832K)->150471K(152832K) NonClass: 129116K(130368K)->129116K(130368K) Class: 21354K(22464K)->21354K(22464K)
[2026-09-05T11:14:29.242-0400][204.749s][info][gc          ] GC(146) Pause Young (Normal) (G1 Evacuation Pause) 2080M->1028M(2388M) 7.334ms
[2026-09-05T11:14:29.242-0400][204.749s][info][gc,cpu      ] GC(146) User=0.00s Sys=0.00s Real=0.01s
[2026-09-05T11:14:29.700-0400][205.207s][info][gc,start    ] GC(147) Pause Young (Normal) (G1 Evacuation Pause)
[2026-09-05T11:14:29.700-0400][205.207s][info][gc,task     ] GC(147) Using 23 workers of 23 for evacuation
[2026-09-05T11:14:29.707-0400][205.214s][info][gc,phases   ] GC(147)   Pre Evacuate Collection Set: 0.21ms
[2026-09-05T11:14:29.707-0400][205.214s][info][gc,phases   ] GC(147)   Merge Heap Roots: 0.19ms
[2026-09-05T11:14:29.707-0400][205.214s][info][gc,phases   ] GC(147)   Evacuate Collection Set: 5.74ms
[2026-09-05T11:14:29.707-0400][205.214s][info][gc,phases   ] GC(147)   Post Evacuate Collection Set: 0.63ms
[2026-09-05T11:14:29.707-0400][205.214s][info][gc,phases   ] GC(147)   Other: 0.23ms
[2026-09-05T11:14:29.707-0400][205.214s][info][gc,heap     ] GC(147) Eden regions: 521->0(521)
[2026-09-05T11:14:29.707-0400][205.214s][info][gc,heap     ] GC(147) Survivor regions: 38->35(70)
[2026-09-05T11:14:29.707-0400][205.214s][info][gc,heap     ] GC(147) Old regions: 453->459
[2026-09-05T11:14:29.707-0400][205.214s][info][gc,heap     ] GC(147) Archive regions: 0->0
[2026-09-05T11:14:29.707-0400][205.214s][info][gc,heap     ] GC(147) Humongous regions: 26->24
[2026-09-05T11:14:29.707-0400][205.214s][info][gc,metaspace] GC(147) Metaspace: 150577K(152960K)->150577K(152960K) NonClass: 129209K(130496K)->129209K(130496K) Class: 21367K(22464K)->21367K(22464K)
[2026-09-05T11:14:29.707-0400][205.214s][info][gc          ] GC(147) Pause Young (Normal) (G1 Evacuation Pause) 2074M->1033M(2388M) 7.135ms
[2026-09-05T11:14:29.707-0400][205.214s][info][gc,cpu      ] GC(147) User=0.00s Sys=0.00s Real=0.01s
[2026-09-05T11:14:30.213-0400][205.720s][info][gc,start    ] GC(148) Pause Young (Normal) (G1 Evacuation Pause)
[2026-09-05T11:14:30.213-0400][205.720s][info][gc,task     ] GC(148) Using 23 workers of 23 for evacuation
[2026-09-05T11:14:30.221-0400][205.728s][info][gc,phases   ] GC(148)   Pre Evacuate Collection Set: 0.27ms
[2026-09-05T11:14:30.221-0400][205.728s][info][gc,phases   ] GC(148)   Merge Heap Roots: 0.17ms
[2026-09-05T11:14:30.221-0400][205.728s][info][gc,phases   ] GC(148)   Evacuate Collection Set: 6.74ms
[2026-09-05T11:14:30.221-0400][205.728s][info][gc,phases   ] GC(148)   Post Evacuate Collection Set: 0.69ms
[2026-09-05T11:14:30.221-0400][205.728s][info][gc,phases   ] GC(148)   Other: 0.34ms
[2026-09-05T11:14:30.221-0400][205.728s][info][gc,heap     ] GC(148) Eden regions: 521->0(513)
[2026-09-05T11:14:30.221-0400][205.728s][info][gc,heap     ] GC(148) Survivor regions: 35->39(70)
[2026-09-05T11:14:30.221-0400][205.728s][info][gc,heap     ] GC(148) Old regions: 459->459
[2026-09-05T11:14:30.221-0400][205.728s][info][gc,heap     ] GC(148) Archive regions: 0->0
[2026-09-05T11:14:30.221-0400][205.728s][info][gc,heap     ] GC(148) Humongous regions: 25->24
[2026-09-05T11:14:30.221-0400][205.728s][info][gc,metaspace] GC(148) Metaspace: 150588K(152960K)->150588K(152960K) NonClass: 129220K(130496K)->129220K(130496K) Class: 21367K(22464K)->21367K(22464K)
[2026-09-05T11:14:30.221-0400][205.728s][info][gc          ] GC(148) Pause Young (Normal) (G1 Evacuation Pause) 2077M->1043M(2388M) 8.221ms
[2026-09-05T11:14:30.221-0400][205.728s][info][gc,cpu      ] GC(148) User=0.31s Sys=0.03s Real=0.01s
[2026-09-05T11:14:30.627-0400][206.134s][info][gc,start    ] GC(149) Pause Young (Normal) (G1 Evacuation Pause)
[2026-09-05T11:14:30.627-0400][206.134s][info][gc,task     ] GC(149) Using 23 workers of 23 for evacuation
[2026-09-05T11:14:30.635-0400][206.142s][info][gc,phases   ] GC(149)   Pre Evacuate Collection Set: 0.27ms
[2026-09-05T11:14:30.635-0400][206.142s][info][gc,phases   ] GC(149)   Merge Heap Roots: 0.19ms
[2026-09-05T11:14:30.635-0400][206.142s][info][gc,phases   ] GC(149)   Evacuate Collection Set: 6.48ms
[2026-09-05T11:14:30.635-0400][206.142s][info][gc,phases   ] GC(149)   Post Evacuate Collection Set: 1.05ms
[2026-09-05T11:14:30.635-0400][206.142s][info][gc,phases   ] GC(149)   Other: 0.20ms
[2026-09-05T11:14:30.635-0400][206.142s][info][gc,heap     ] GC(149) Eden regions: 513->0(504)
[2026-09-05T11:14:30.635-0400][206.142s][info][gc,heap     ] GC(149) Survivor regions: 39->42(69)
[2026-09-05T11:14:30.635-0400][206.142s][info][gc,heap     ] GC(149) Old regions: 459->461
[2026-09-05T11:14:30.635-0400][206.142s][info][gc,heap     ] GC(149) Archive regions: 0->0
[2026-09-05T11:14:30.635-0400][206.142s][info][gc,heap     ] GC(149) Humongous regions: 26->25
[2026-09-05T11:14:30.635-0400][206.142s][info][gc,metaspace] GC(149) Metaspace: 150604K(152960K)->150604K(152960K) NonClass: 129236K(130496K)->129236K(130496K) Class: 21367K(22464K)->21367K(22464K)
[2026-09-05T11:14:30.635-0400][206.142s][info][gc          ] GC(149) Pause Young (Normal) (G1 Evacuation Pause) 2073M->1054M(2388M) 8.318ms
[2026-09-05T11:14:30.635-0400][206.142s][info][gc,cpu      ] GC(149) User=0.00s Sys=0.00s Real=0.01s
[2026-09-05T11:14:31.076-0400][206.583s][info][gc,start    ] GC(150) Pause Young (Normal) (G1 Evacuation Pause)
[2026-09-05T11:14:31.076-0400][206.583s][info][gc,task     ] GC(150) Using 23 workers of 23 for evacuation
[2026-09-05T11:14:31.083-0400][206.590s][info][gc,phases   ] GC(150)   Pre Evacuate Collection Set: 0.18ms
[2026-09-05T11:14:31.083-0400][206.590s][info][gc,phases   ] GC(150)   Merge Heap Roots: 0.15ms
[2026-09-05T11:14:31.083-0400][206.590s][info][gc,phases   ] GC(150)   Evacuate Collection Set: 5.21ms
[2026-09-05T11:14:31.083-0400][206.590s][info][gc,phases   ] GC(150)   Post Evacuate Collection Set: 0.70ms
[2026-09-05T11:14:31.084-0400][206.590s][info][gc,phases   ] GC(150)   Other: 0.13ms
[2026-09-05T11:14:31.084-0400][206.590s][info][gc,heap     ] GC(150) Eden regions: 504->0(509)
[2026-09-05T11:14:31.084-0400][206.590s][info][gc,heap     ] GC(150) Survivor regions: 42->37(69)
[2026-09-05T11:14:31.084-0400][206.590s][info][gc,heap     ] GC(150) Old regions: 461->467
[2026-09-05T11:14:31.084-0400][206.590s][info][gc,heap     ] GC(150) Archive regions: 0->0
[2026-09-05T11:14:31.084-0400][206.590s][info][gc,heap     ] GC(150) Humongous regions: 26->24
[2026-09-05T11:14:31.084-0400][206.590s][info][gc,metaspace] GC(150) Metaspace: 150622K(152960K)->150622K(152960K) NonClass: 129254K(130496K)->129254K(130496K) Class: 21367K(22464K)->21367K(22464K)
[2026-09-05T11:14:31.084-0400][206.590s][info][gc          ] GC(150) Pause Young (Normal) (G1 Evacuation Pause) 2064M->1055M(2388M) 6.489ms
[2026-09-05T11:14:31.084-0400][206.590s][info][gc,cpu      ] GC(150) User=0.00s Sys=0.00s Real=0.01s
[2026-09-05T11:14:31.743-0400][207.251s][info][gc,start    ] GC(151) Pause Young (Normal) (G1 Evacuation Pause)
[2026-09-05T11:14:31.745-0400][207.251s][info][gc,task     ] GC(151) Using 23 workers of 23 for evacuation
[2026-09-05T11:14:31.753-0400][207.260s][info][gc,phases   ] GC(151)   Pre Evacuate Collection Set: 0.29ms
[2026-09-05T11:14:31.753-0400][207.260s][info][gc,phases   ] GC(151)   Merge Heap Roots: 0.19ms
[2026-09-05T11:14:31.753-0400][207.260s][info][gc,phases   ] GC(151)   Evacuate Collection Set: 7.41ms
[2026-09-05T11:14:31.753-0400][207.260s][info][gc,phases   ] GC(151)   Post Evacuate Collection Set: 0.82ms
[2026-09-05T11:14:31.753-0400][207.260s][info][gc,phases   ] GC(151)   Other: 0.35ms
[2026-09-05T11:14:31.753-0400][207.260s][info][gc,heap     ] GC(151) Eden regions: 509->0(497)
[2026-09-05T11:14:31.753-0400][207.260s][info][gc,heap     ] GC(151) Survivor regions: 37->43(69)
[2026-09-05T11:14:31.753-0400][207.260s][info][gc,heap     ] GC(151) Old regions: 467->467
[2026-09-05T11:14:31.753-0400][207.260s][info][gc,heap     ] GC(151) Archive regions: 0->0
[2026-09-05T11:14:31.753-0400][207.260s][info][gc,heap     ] GC(151) Humongous regions: 26->24
[2026-09-05T11:14:31.753-0400][207.260s][info][gc,metaspace] GC(151) Metaspace: 151536K(153984K)->151536K(153984K) NonClass: 130000K(131328K)->130000K(131328K) Class: 21536K(22656K)->21536K(22656K)
[2026-09-05T11:14:31.753-0400][207.260s][info][gc          ] GC(151) Pause Young (Normal) (G1 Evacuation Pause) 2077M->1065M(2388M) 9.154ms
[2026-09-05T11:14:31.753-0400][207.260s][info][gc,cpu      ] GC(151) User=0.23s Sys=0.00s Real=0.01s
[2026-09-05T11:14:31.914-0400][207.421s][info][gc,start    ] GC(152) Pause Young (Normal) (G1 Evacuation Pause)
[2026-09-05T11:14:31.914-0400][207.421s][info][gc,task     ] GC(152) Using 23 workers of 23 for evacuation
[2026-09-05T11:14:31.922-0400][207.429s][info][gc,phases   ] GC(152)   Pre Evacuate Collection Set: 0.13ms
[2026-09-05T11:14:31.922-0400][207.429s][info][gc,phases   ] GC(152)   Merge Heap Roots: 0.16ms
[2026-09-05T11:14:31.922-0400][207.429s][info][gc,phases   ] GC(152)   Evacuate Collection Set: 6.43ms
[2026-09-05T11:14:31.922-0400][207.429s][info][gc,phases   ] GC(152)   Post Evacuate Collection Set: 0.53ms
[2026-09-05T11:14:31.922-0400][207.429s][info][gc,phases   ] GC(152)   Other: 0.24ms
[2026-09-05T11:14:31.922-0400][207.429s][info][gc,heap     ] GC(152) Eden regions: 497->0(498)
[2026-09-05T11:14:31.922-0400][207.429s][info][gc,heap     ] GC(152) Survivor regions: 43->39(68)
[2026-09-05T11:14:31.922-0400][207.429s][info][gc,heap     ] GC(152) Old regions: 467->474
[2026-09-05T11:14:31.922-0400][207.429s][info][gc,heap     ] GC(152) Archive regions: 0->0
[2026-09-05T11:14:31.922-0400][207.429s][info][gc,heap     ] GC(152) Humongous regions: 25->24
[2026-09-05T11:14:31.922-0400][207.429s][info][gc,metaspace] GC(152) Metaspace: 151536K(153984K)->151536K(153984K) NonClass: 130000K(131328K)->130000K(131328K) Class: 21536K(22656K)->21536K(22656K)
[2026-09-05T11:14:31.922-0400][207.429s][info][gc          ] GC(152) Pause Young (Normal) (G1 Evacuation Pause) 2061M->1073M(2388M) 7.624ms
[2026-09-05T11:14:31.922-0400][207.429s][info][gc,cpu      ] GC(152) User=0.36s Sys=0.00s Real=0.01s
[2026-09-05T11:14:32.624-0400][208.131s][info][gc,start    ] GC(153) Pause Young (Normal) (G1 Evacuation Pause)
[2026-09-05T11:14:32.624-0400][208.131s][info][gc,task     ] GC(153) Using 23 workers of 23 for evacuation
[2026-09-05T11:14:32.633-0400][208.140s][info][gc,phases   ] GC(153)   Pre Evacuate Collection Set: 0.26ms
[2026-09-05T11:14:32.633-0400][208.140s][info][gc,phases   ] GC(153)   Merge Heap Roots: 0.17ms
[2026-09-05T11:14:32.633-0400][208.140s][info][gc,phases   ] GC(153)   Evacuate Collection Set: 7.59ms
[2026-09-05T11:14:32.633-0400][208.140s][info][gc,phases   ] GC(153)   Post Evacuate Collection Set: 0.72ms
[2026-09-05T11:14:32.633-0400][208.140s][info][gc,phases   ] GC(153)   Other: 0.26ms
[2026-09-05T11:14:32.633-0400][208.140s][info][gc,heap     ] GC(153) Eden regions: 498->0(499)
[2026-09-05T11:14:32.633-0400][208.140s][info][gc,heap     ] GC(153) Survivor regions: 39->36(68)
[2026-09-05T11:14:32.633-0400][208.140s][info][gc,heap     ] GC(153) Old regions: 474->479
[2026-09-05T11:14:32.633-0400][208.140s][info][gc,heap     ] GC(153) Archive regions: 0->0
[2026-09-05T11:14:32.633-0400][208.140s][info][gc,heap     ] GC(153) Humongous regions: 25->24
[2026-09-05T11:14:32.633-0400][208.140s][info][gc,metaspace] GC(153) Metaspace: 151738K(154176K)->151738K(154176K) NonClass: 130171K(131456K)->130171K(131456K) Class: 21567K(22720K)->21567K(22720K)
[2026-09-05T11:14:32.633-0400][208.140s][info][gc          ] GC(153) Pause Young (Normal) (G1 Evacuation Pause) 2071M->1077M(2388M) 9.120ms
[2026-09-05T11:14:32.633-0400][208.140s][info][gc,cpu      ] GC(153) User=0.00s Sys=0.00s Real=0.01s
[2026-09-05T11:14:33.024-0400][208.531s][info][gc,start    ] GC(154) Pause Young (Normal) (G1 Evacuation Pause)
[2026-09-05T11:14:33.024-0400][208.531s][info][gc,task     ] GC(154) Using 23 workers of 23 for evacuation
[2026-09-05T11:14:33.030-0400][208.537s][info][gc,phases   ] GC(154)   Pre Evacuate Collection Set: 0.17ms
[2026-09-05T11:14:33.030-0400][208.537s][info][gc,phases   ] GC(154)   Merge Heap Roots: 0.17ms
[2026-09-05T11:14:33.030-0400][208.537s][info][gc,phases   ] GC(154)   Evacuate Collection Set: 5.26ms
[2026-09-05T11:14:33.030-0400][208.537s][info][gc,phases   ] GC(154)   Post Evacuate Collection Set: 0.70ms
[2026-09-05T11:14:33.030-0400][208.537s][info][gc,phases   ] GC(154)   Other: 0.20ms
[2026-09-05T11:14:33.030-0400][208.537s][info][gc,heap     ] GC(154) Eden regions: 499->0(495)
[2026-09-05T11:14:33.030-0400][208.537s][info][gc,heap     ] GC(154) Survivor regions: 36->38(67)
[2026-09-05T11:14:33.030-0400][208.537s][info][gc,heap     ] GC(154) Old regions: 479->479
[2026-09-05T11:14:33.030-0400][208.537s][info][gc,heap     ] GC(154) Archive regions: 0->0
[2026-09-05T11:14:33.030-0400][208.537s][info][gc,heap     ] GC(154) Humongous regions: 26->24
[2026-09-05T11:14:33.030-0400][208.537s][info][gc,metaspace] GC(154) Metaspace: 151755K(154240K)->151755K(154240K) NonClass: 130187K(131520K)->130187K(131520K) Class: 21567K(22720K)->21567K(22720K)
[2026-09-05T11:14:33.030-0400][208.537s][info][gc          ] GC(154) Pause Young (Normal) (G1 Evacuation Pause) 2079M->1081M(2388M) 6.633ms
[2026-09-05T11:14:33.030-0400][208.537s][info][gc,cpu      ] GC(154) User=0.38s Sys=0.00s Real=0.01s
[2026-09-05T11:14:33.307-0400][208.814s][info][gc,start    ] GC(155) Pause Young (Normal) (G1 Evacuation Pause)
[2026-09-05T11:14:33.307-0400][208.814s][info][gc,task     ] GC(155) Using 23 workers of 23 for evacuation
[2026-09-05T11:14:33.314-0400][208.821s][info][gc,phases   ] GC(155)   Pre Evacuate Collection Set: 0.11ms
[2026-09-05T11:14:33.314-0400][208.821s][info][gc,phases   ] GC(155)   Merge Heap Roots: 0.16ms
[2026-09-05T11:14:33.314-0400][208.821s][info][gc,phases   ] GC(155)   Evacuate Collection Set: 5.76ms
[2026-09-05T11:14:33.314-0400][208.821s][info][gc,phases   ] GC(155)   Post Evacuate Collection Set: 0.53ms
[2026-09-05T11:14:33.314-0400][208.821s][info][gc,phases   ] GC(155)   Other: 0.17ms
[2026-09-05T11:14:33.314-0400][208.821s][info][gc,heap     ] GC(155) Eden regions: 495->0(490)
[2026-09-05T11:14:33.314-0400][208.821s][info][gc,heap     ] GC(155) Survivor regions: 38->39(67)
[2026-09-05T11:14:33.314-0400][208.821s][info][gc,heap     ] GC(155) Old regions: 479->482
[2026-09-05T11:14:33.314-0400][208.821s][info][gc,heap     ] GC(155) Archive regions: 0->0
[2026-09-05T11:14:33.314-0400][208.821s][info][gc,heap     ] GC(155) Humongous regions: 24->24
[2026-09-05T11:14:33.314-0400][208.821s][info][gc,metaspace] GC(155) Metaspace: 151774K(154240K)->151774K(154240K) NonClass: 130205K(131520K)->130205K(131520K) Class: 21568K(22720K)->21568K(22720K)
[2026-09-05T11:14:33.314-0400][208.821s][info][gc          ] GC(155) Pause Young (Normal) (G1 Evacuation Pause) 2071M->1087M(2388M) 6.888ms
[2026-09-05T11:14:33.314-0400][208.821s][info][gc,cpu      ] GC(155) User=0.36s Sys=0.00s Real=0.01s
[2026-09-05T11:14:33.709-0400][209.216s][info][gc,start    ] GC(156) Pause Young (Normal) (G1 Evacuation Pause)
[2026-09-05T11:14:33.709-0400][209.216s][info][gc,task     ] GC(156) Using 23 workers of 23 for evacuation
[2026-09-05T11:14:33.717-0400][209.224s][info][gc,phases   ] GC(156)   Pre Evacuate Collection Set: 0.14ms
[2026-09-05T11:14:33.717-0400][209.224s][info][gc,phases   ] GC(156)   Merge Heap Roots: 0.19ms
[2026-09-05T11:14:33.717-0400][209.224s][info][gc,phases   ] GC(156)   Evacuate Collection Set: 6.17ms
[2026-09-05T11:14:33.717-0400][209.224s][info][gc,phases   ] GC(156)   Post Evacuate Collection Set: 0.79ms
[2026-09-05T11:14:33.717-0400][209.224s][info][gc,phases   ] GC(156)   Other: 0.17ms
[2026-09-05T11:14:33.717-0400][209.224s][info][gc,heap     ] GC(156) Eden regions: 490->0(484)
[2026-09-05T11:14:33.717-0400][209.224s][info][gc,heap     ] GC(156) Survivor regions: 39->40(67)
[2026-09-05T11:14:33.717-0400][209.224s][info][gc,heap     ] GC(156) Old regions: 482->486
[2026-09-05T11:14:33.717-0400][209.224s][info][gc,heap     ] GC(156) Archive regions: 0->0
[2026-09-05T11:14:33.717-0400][209.224s][info][gc,heap     ] GC(156) Humongous regions: 26->24
[2026-09-05T11:14:33.717-0400][209.224s][info][gc,metaspace] GC(156) Metaspace: 151835K(154304K)->151835K(154304K) NonClass: 130263K(131584K)->130263K(131584K) Class: 21572K(22720K)->21572K(22720K)
[2026-09-05T11:14:33.717-0400][209.224s][info][gc          ] GC(156) Pause Young (Normal) (G1 Evacuation Pause) 2071M->1099M(2388M) 7.598ms
[2026-09-05T11:14:33.717-0400][209.224s][info][gc,cpu      ] GC(156) User=0.36s Sys=0.00s Real=0.01s
[2026-09-05T11:14:34.115-0400][209.622s][info][gc,start    ] GC(157) Pause Young (Normal) (G1 Evacuation Pause)
[2026-09-05T11:14:34.115-0400][209.622s][info][gc,task     ] GC(157) Using 23 workers of 23 for evacuation
[2026-09-05T11:14:34.122-0400][209.629s][info][gc,phases   ] GC(157)   Pre Evacuate Collection Set: 0.21ms
[2026-09-05T11:14:34.122-0400][209.629s][info][gc,phases   ] GC(157)   Merge Heap Roots: 0.17ms
[2026-09-05T11:14:34.122-0400][209.629s][info][gc,phases   ] GC(157)   Evacuate Collection Set: 5.47ms
[2026-09-05T11:14:34.122-0400][209.629s][info][gc,phases   ] GC(157)   Post Evacuate Collection Set: 0.74ms
[2026-09-05T11:14:34.122-0400][209.629s][info][gc,phases   ] GC(157)   Other: 0.12ms
[2026-09-05T11:14:34.122-0400][209.629s][info][gc,heap     ] GC(157) Eden regions: 484->0(486)
[2026-09-05T11:14:34.122-0400][209.629s][info][gc,heap     ] GC(157) Survivor regions: 40->35(66)
[2026-09-05T11:14:34.122-0400][209.629s][info][gc,heap     ] GC(157) Old regions: 486->494
[2026-09-05T11:14:34.122-0400][209.629s][info][gc,heap     ] GC(157) Archive regions: 0->0
[2026-09-05T11:14:34.122-0400][209.629s][info][gc,heap     ] GC(157) Humongous regions: 25->24
[2026-09-05T11:14:34.122-0400][209.629s][info][gc,metaspace] GC(157) Metaspace: 151838K(154304K)->151838K(154304K) NonClass: 130266K(131584K)->130266K(131584K) Class: 21572K(22720K)->21572K(22720K)
[2026-09-05T11:14:34.122-0400][209.629s][info][gc          ] GC(157) Pause Young (Normal) (G1 Evacuation Pause) 2069M->1103M(2388M) 6.826ms
[2026-09-05T11:14:34.122-0400][209.629s][info][gc,cpu      ] GC(157) User=0.03s Sys=0.00s Real=0.01s
[2026-09-05T11:14:34.671-0400][210.178s][info][gc,start    ] GC(158) Pause Young (Normal) (G1 Evacuation Pause)
[2026-09-05T11:14:34.672-0400][210.178s][info][gc,task     ] GC(158) Using 23 workers of 23 for evacuation
[2026-09-05T11:14:34.678-0400][210.184s][info][gc,phases   ] GC(158)   Pre Evacuate Collection Set: 0.16ms
[2026-09-05T11:14:34.678-0400][210.184s][info][gc,phases   ] GC(158)   Merge Heap Roots: 0.17ms
[2026-09-05T11:14:34.678-0400][210.184s][info][gc,phases   ] GC(158)   Evacuate Collection Set: 5.14ms
[2026-09-05T11:14:34.678-0400][210.184s][info][gc,phases   ] GC(158)   Post Evacuate Collection Set: 0.67ms
[2026-09-05T11:14:34.678-0400][210.184s][info][gc,phases   ] GC(158)   Other: 0.16ms
[2026-09-05T11:14:34.678-0400][210.184s][info][gc,heap     ] GC(158) Eden regions: 486->0(482)
[2026-09-05T11:14:34.678-0400][210.184s][info][gc,heap     ] GC(158) Survivor regions: 35->37(66)
[2026-09-05T11:14:34.678-0400][210.184s][info][gc,heap     ] GC(158) Old regions: 494->494
[2026-09-05T11:14:34.678-0400][210.184s][info][gc,heap     ] GC(158) Archive regions: 0->0
[2026-09-05T11:14:34.678-0400][210.184s][info][gc,heap     ] GC(158) Humongous regions: 25->24
[2026-09-05T11:14:34.678-0400][210.184s][info][gc,metaspace] GC(158) Metaspace: 151883K(154304K)->151883K(154304K) NonClass: 130306K(131584K)->130306K(131584K) Class: 21577K(22720K)->21577K(22720K)
[2026-09-05T11:14:34.678-0400][210.184s][info][gc          ] GC(158) Pause Young (Normal) (G1 Evacuation Pause) 2077M->1107M(2388M) 6.425ms
[2026-09-05T11:14:34.678-0400][210.185s][info][gc,cpu      ] GC(158) User=0.00s Sys=0.00s Real=0.01s
[2026-09-05T11:14:35.022-0400][210.529s][info][gc,start    ] GC(159) Pause Young (Normal) (G1 Evacuation Pause)
[2026-09-05T11:14:35.022-0400][210.529s][info][gc,task     ] GC(159) Using 23 workers of 23 for evacuation
[2026-09-05T11:14:35.030-0400][210.537s][info][gc,phases   ] GC(159)   Pre Evacuate Collection Set: 0.21ms
[2026-09-05T11:14:35.030-0400][210.537s][info][gc,phases   ] GC(159)   Merge Heap Roots: 0.17ms
[2026-09-05T11:14:35.030-0400][210.537s][info][gc,phases   ] GC(159)   Evacuate Collection Set: 6.33ms
[2026-09-05T11:14:35.030-0400][210.537s][info][gc,phases   ] GC(159)   Post Evacuate Collection Set: 0.70ms
[2026-09-05T11:14:35.030-0400][210.537s][info][gc,phases   ] GC(159)   Other: 0.17ms
[2026-09-05T11:14:35.030-0400][210.537s][info][gc,heap     ] GC(159) Eden regions: 482->0(477)
[2026-09-05T11:14:35.030-0400][210.537s][info][gc,heap     ] GC(159) Survivor regions: 37->38(65)
[2026-09-05T11:14:35.030-0400][210.537s][info][gc,heap     ] GC(159) Old regions: 494->497
[2026-09-05T11:14:35.030-0400][210.537s][info][gc,heap     ] GC(159) Archive regions: 0->0
[2026-09-05T11:14:35.030-0400][210.537s][info][gc,heap     ] GC(159) Humongous regions: 27->24
[2026-09-05T11:14:35.031-0400][210.537s][info][gc,metaspace] GC(159) Metaspace: 151886K(154304K)->151886K(154304K) NonClass: 130308K(131584K)->130308K(131584K) Class: 21578K(22720K)->21578K(22720K)
[2026-09-05T11:14:35.031-0400][210.537s][info][gc          ] GC(159) Pause Young (Normal) (G1 Evacuation Pause) 2077M->1117M(2388M) 7.736ms
[2026-09-05T11:14:35.031-0400][210.537s][info][gc,cpu      ] GC(159) User=0.36s Sys=0.00s Real=0.01s
[2026-09-05T11:14:35.343-0400][210.850s][info][gc,start    ] GC(160) Pause Young (Normal) (G1 Evacuation Pause)
[2026-09-05T11:14:35.344-0400][210.850s][info][gc,task     ] GC(160) Using 23 workers of 23 for evacuation
[2026-09-05T11:14:35.351-0400][210.858s][info][gc,phases   ] GC(160)   Pre Evacuate Collection Set: 0.24ms
[2026-09-05T11:14:35.351-0400][210.858s][info][gc,phases   ] GC(160)   Merge Heap Roots: 0.22ms
[2026-09-05T11:14:35.351-0400][210.858s][info][gc,phases   ] GC(160)   Evacuate Collection Set: 6.59ms
[2026-09-05T11:14:35.351-0400][210.858s][info][gc,phases   ] GC(160)   Post Evacuate Collection Set: 0.78ms
[2026-09-05T11:14:35.351-0400][210.858s][info][gc,phases   ] GC(160)   Other: 0.25ms
[2026-09-05T11:14:35.351-0400][210.858s][info][gc,heap     ] GC(160) Eden regions: 477->0(472)
[2026-09-05T11:14:35.351-0400][210.858s][info][gc,heap     ] GC(160) Survivor regions: 38->39(65)
[2026-09-05T11:14:35.351-0400][210.858s][info][gc,heap     ] GC(160) Old regions: 497->500
[2026-09-05T11:14:35.351-0400][210.858s][info][gc,heap     ] GC(160) Archive regions: 0->0
[2026-09-05T11:14:35.351-0400][210.858s][info][gc,heap     ] GC(160) Humongous regions: 24->24
[2026-09-05T11:14:35.351-0400][210.858s][info][gc,metaspace] GC(160) Metaspace: 151891K(154304K)->151891K(154304K) NonClass: 130311K(131584K)->130311K(131584K) Class: 21580K(22720K)->21580K(22720K)
[2026-09-05T11:14:35.351-0400][210.858s][info][gc          ] GC(160) Pause Young (Normal) (G1 Evacuation Pause) 2071M->1124M(2388M) 8.313ms
[2026-09-05T11:14:35.351-0400][210.858s][info][gc,cpu      ] GC(160) User=0.00s Sys=0.00s Real=0.01s
[2026-09-05T11:14:35.752-0400][211.259s][info][gc,start    ] GC(161) Pause Young (Normal) (G1 Evacuation Pause)
[2026-09-05T11:14:35.752-0400][211.259s][info][gc,task     ] GC(161) Using 23 workers of 23 for evacuation
[2026-09-05T11:14:35.759-0400][211.266s][info][gc,phases   ] GC(161)   Pre Evacuate Collection Set: 0.21ms
[2026-09-05T11:14:35.759-0400][211.266s][info][gc,phases   ] GC(161)   Merge Heap Roots: 0.18ms
[2026-09-05T11:14:35.759-0400][211.266s][info][gc,phases   ] GC(161)   Evacuate Collection Set: 5.78ms
[2026-09-05T11:14:35.759-0400][211.266s][info][gc,phases   ] GC(161)   Post Evacuate Collection Set: 0.73ms
[2026-09-05T11:14:35.759-0400][211.266s][info][gc,phases   ] GC(161)   Other: 0.22ms
[2026-09-05T11:14:35.759-0400][211.266s][info][gc,heap     ] GC(161) Eden regions: 472->0(472)
[2026-09-05T11:14:35.759-0400][211.266s][info][gc,heap     ] GC(161) Survivor regions: 39->37(64)
[2026-09-05T11:14:35.759-0400][211.266s][info][gc,heap     ] GC(161) Old regions: 500->504
[2026-09-05T11:14:35.759-0400][211.266s][info][gc,heap     ] GC(161) Archive regions: 0->0
[2026-09-05T11:14:35.759-0400][211.266s][info][gc,heap     ] GC(161) Humongous regions: 26->24
[2026-09-05T11:14:35.759-0400][211.266s][info][gc,metaspace] GC(161) Metaspace: 152047K(154496K)->152047K(154496K) NonClass: 130432K(131776K)->130432K(131776K) Class: 21615K(22720K)->21615K(22720K)
[2026-09-05T11:14:35.759-0400][211.266s][info][gc          ] GC(161) Pause Young (Normal) (G1 Evacuation Pause) 2072M->1129M(2388M) 7.195ms
[2026-09-05T11:14:35.759-0400][211.266s][info][gc,cpu      ] GC(161) User=0.00s Sys=0.00s Real=0.01s
[2026-09-05T11:14:36.234-0400][211.741s][info][gc,start    ] GC(162) Pause Young (Normal) (G1 Evacuation Pause)
[2026-09-05T11:14:36.234-0400][211.741s][info][gc,task     ] GC(162) Using 23 workers of 23 for evacuation
[2026-09-05T11:14:36.241-0400][211.748s][info][gc,phases   ] GC(162)   Pre Evacuate Collection Set: 0.18ms
[2026-09-05T11:14:36.241-0400][211.748s][info][gc,phases   ] GC(162)   Merge Heap Roots: 0.17ms
[2026-09-05T11:14:36.241-0400][211.748s][info][gc,phases   ] GC(162)   Evacuate Collection Set: 5.36ms
[2026-09-05T11:14:36.241-0400][211.748s][info][gc,phases   ] GC(162)   Post Evacuate Collection Set: 0.75ms
[2026-09-05T11:14:36.241-0400][211.748s][info][gc,phases   ] GC(162)   Other: 0.16ms
[2026-09-05T11:14:36.241-0400][211.748s][info][gc,heap     ] GC(162) Eden regions: 472->0(467)
[2026-09-05T11:14:36.241-0400][211.748s][info][gc,heap     ] GC(162) Survivor regions: 37->38(64)
[2026-09-05T11:14:36.241-0400][211.748s][info][gc,heap     ] GC(162) Old regions: 504->507
[2026-09-05T11:14:36.241-0400][211.748s][info][gc,heap     ] GC(162) Archive regions: 0->0
[2026-09-05T11:14:36.241-0400][211.748s][info][gc,heap     ] GC(162) Humongous regions: 25->24
[2026-09-05T11:14:36.241-0400][211.748s][info][gc,metaspace] GC(162) Metaspace: 152138K(154688K)->152138K(154688K) NonClass: 130499K(131904K)->130499K(131904K) Class: 21638K(22784K)->21638K(22784K)
[2026-09-05T11:14:36.241-0400][211.748s][info][gc          ] GC(162) Pause Young (Normal) (G1 Evacuation Pause) 2075M->1135M(2388M) 6.780ms
[2026-09-05T11:14:36.241-0400][211.748s][info][gc,cpu      ] GC(162) User=0.00s Sys=0.00s Real=0.01s
[2026-09-05T11:14:36.601-0400][212.107s][info][gc,start    ] GC(163) Pause Young (Normal) (G1 Evacuation Pause)
[2026-09-05T11:14:36.601-0400][212.107s][info][gc,task     ] GC(163) Using 23 workers of 23 for evacuation
[2026-09-05T11:14:36.608-0400][212.114s][info][gc,phases   ] GC(163)   Pre Evacuate Collection Set: 0.23ms
[2026-09-05T11:14:36.608-0400][212.114s][info][gc,phases   ] GC(163)   Merge Heap Roots: 0.18ms
[2026-09-05T11:14:36.608-0400][212.114s][info][gc,phases   ] GC(163)   Evacuate Collection Set: 5.78ms
[2026-09-05T11:14:36.608-0400][212.114s][info][gc,phases   ] GC(163)   Post Evacuate Collection Set: 0.71ms
[2026-09-05T11:14:36.608-0400][212.114s][info][gc,phases   ] GC(163)   Other: 0.21ms
[2026-09-05T11:14:36.608-0400][212.114s][info][gc,heap     ] GC(163) Eden regions: 467->0(465)
[2026-09-05T11:14:36.608-0400][212.114s][info][gc,heap     ] GC(163) Survivor regions: 38->37(64)
[2026-09-05T11:14:36.608-0400][212.114s][info][gc,heap     ] GC(163) Old regions: 507->511
[2026-09-05T11:14:36.608-0400][212.114s][info][gc,heap     ] GC(163) Archive regions: 0->0
[2026-09-05T11:14:36.608-0400][212.114s][info][gc,heap     ] GC(163) Humongous regions: 25->24
[2026-09-05T11:14:36.608-0400][212.114s][info][gc,metaspace] GC(163) Metaspace: 152185K(154688K)->152185K(154688K) NonClass: 130539K(131904K)->130539K(131904K) Class: 21646K(22784K)->21646K(22784K)
[2026-09-05T11:14:36.608-0400][212.114s][info][gc          ] GC(163) Pause Young (Normal) (G1 Evacuation Pause) 2071M->1142M(2388M) 7.250ms
[2026-09-05T11:14:36.608-0400][212.114s][info][gc,cpu      ] GC(163) User=0.34s Sys=0.00s Real=0.01s
[2026-09-05T11:14:36.897-0400][212.403s][info][gc,start    ] GC(164) Pause Young (Normal) (G1 Evacuation Pause)
[2026-09-05T11:14:36.897-0400][212.403s][info][gc,task     ] GC(164) Using 23 workers of 23 for evacuation
[2026-09-05T11:14:36.905-0400][212.411s][info][gc,phases   ] GC(164)   Pre Evacuate Collection Set: 0.17ms
[2026-09-05T11:14:36.905-0400][212.412s][info][gc,phases   ] GC(164)   Merge Heap Roots: 0.22ms
[2026-09-05T11:14:36.905-0400][212.412s][info][gc,phases   ] GC(164)   Evacuate Collection Set: 7.12ms
[2026-09-05T11:14:36.905-0400][212.412s][info][gc,phases   ] GC(164)   Post Evacuate Collection Set: 0.69ms
[2026-09-05T11:14:36.905-0400][212.412s][info][gc,phases   ] GC(164)   Other: 0.28ms
[2026-09-05T11:14:36.905-0400][212.412s][info][gc,heap     ] GC(164) Eden regions: 465->0(459)
[2026-09-05T11:14:36.905-0400][212.412s][info][gc,heap     ] GC(164) Survivor regions: 37->37(63)
[2026-09-05T11:14:36.905-0400][212.412s][info][gc,heap     ] GC(164) Old regions: 511->517
[2026-09-05T11:14:36.905-0400][212.412s][info][gc,heap     ] GC(164) Archive regions: 0->0
[2026-09-05T11:14:36.905-0400][212.412s][info][gc,heap     ] GC(164) Humongous regions: 26->24
[2026-09-05T11:14:36.905-0400][212.412s][info][gc,metaspace] GC(164) Metaspace: 152191K(154688K)->152191K(154688K) NonClass: 130545K(131904K)->130545K(131904K) Class: 21646K(22784K)->21646K(22784K)
[2026-09-05T11:14:36.905-0400][212.412s][info][gc          ] GC(164) Pause Young (Normal) (G1 Evacuation Pause) 2076M->1154M(2388M) 8.584ms
[2026-09-05T11:14:36.905-0400][212.412s][info][gc,cpu      ] GC(164) User=0.34s Sys=0.00s Real=0.01s
[2026-09-05T11:14:37.314-0400][212.821s][info][gc,start    ] GC(165) Pause Young (Normal) (G1 Evacuation Pause)
[2026-09-05T11:14:37.314-0400][212.821s][info][gc,task     ] GC(165) Using 23 workers of 23 for evacuation
[2026-09-05T11:14:37.320-0400][212.827s][info][gc,phases   ] GC(165)   Pre Evacuate Collection Set: 0.26ms
[2026-09-05T11:14:37.320-0400][212.827s][info][gc,phases   ] GC(165)   Merge Heap Roots: 0.19ms
[2026-09-05T11:14:37.320-0400][212.827s][info][gc,phases   ] GC(165)   Evacuate Collection Set: 4.90ms
[2026-09-05T11:14:37.320-0400][212.827s][info][gc,phases   ] GC(165)   Post Evacuate Collection Set: 0.74ms
[2026-09-05T11:14:37.320-0400][212.827s][info][gc,phases   ] GC(165)   Other: 0.20ms
[2026-09-05T11:14:37.320-0400][212.827s][info][gc,heap     ] GC(165) Eden regions: 459->0(461)
[2026-09-05T11:14:37.320-0400][212.827s][info][gc,heap     ] GC(165) Survivor regions: 37->34(62)
[2026-09-05T11:14:37.320-0400][212.827s][info][gc,heap     ] GC(165) Old regions: 517->521
[2026-09-05T11:14:37.320-0400][212.827s][info][gc,heap     ] GC(165) Archive regions: 0->0
[2026-09-05T11:14:37.320-0400][212.827s][info][gc,heap     ] GC(165) Humongous regions: 25->24
[2026-09-05T11:14:37.320-0400][212.827s][info][gc,metaspace] GC(165) Metaspace: 152197K(154688K)->152197K(154688K) NonClass: 130551K(131904K)->130551K(131904K) Class: 21646K(22784K)->21646K(22784K)
[2026-09-05T11:14:37.320-0400][212.827s][info][gc          ] GC(165) Pause Young (Normal) (G1 Evacuation Pause) 2074M->1156M(2388M) 6.410ms
[2026-09-05T11:14:37.320-0400][212.827s][info][gc,cpu      ] GC(165) User=0.00s Sys=0.00s Real=0.01s
[2026-09-05T11:14:37.716-0400][213.223s][info][gc,start    ] GC(166) Pause Young (Normal) (G1 Evacuation Pause)
[2026-09-05T11:14:37.716-0400][213.224s][info][gc,task     ] GC(166) Using 23 workers of 23 for evacuation
[2026-09-05T11:14:37.723-0400][213.229s][info][gc,phases   ] GC(166)   Pre Evacuate Collection Set: 0.22ms
[2026-09-05T11:14:37.723-0400][213.229s][info][gc,phases   ] GC(166)   Merge Heap Roots: 0.16ms
[2026-09-05T11:14:37.723-0400][213.229s][info][gc,phases   ] GC(166)   Evacuate Collection Set: 4.63ms
[2026-09-05T11:14:37.723-0400][213.229s][info][gc,phases   ] GC(166)   Post Evacuate Collection Set: 0.64ms
[2026-09-05T11:14:37.723-0400][213.229s][info][gc,phases   ] GC(166)   Other: 0.16ms
[2026-09-05T11:14:37.723-0400][213.229s][info][gc,heap     ] GC(166) Eden regions: 461->0(457)
[2026-09-05T11:14:37.723-0400][213.229s][info][gc,heap     ] GC(166) Survivor regions: 34->36(62)
[2026-09-05T11:14:37.723-0400][213.229s][info][gc,heap     ] GC(166) Old regions: 521->521
[2026-09-05T11:14:37.723-0400][213.229s][info][gc,heap     ] GC(166) Archive regions: 0->0
[2026-09-05T11:14:37.723-0400][213.229s][info][gc,heap     ] GC(166) Humongous regions: 27->24
[2026-09-05T11:14:37.723-0400][213.229s][info][gc,metaspace] GC(166) Metaspace: 152215K(154752K)->152215K(154752K) NonClass: 130566K(131968K)->130566K(131968K) Class: 21648K(22784K)->21648K(22784K)
[2026-09-05T11:14:37.723-0400][213.229s][info][gc          ] GC(166) Pause Young (Normal) (G1 Evacuation Pause) 2084M->1160M(2388M) 5.962ms
[2026-09-05T11:14:37.723-0400][213.229s][info][gc,cpu      ] GC(166) User=0.00s Sys=0.00s Real=0.01s
[2026-09-05T11:14:37.965-0400][213.472s][info][gc,start    ] GC(167) Pause Young (Normal) (G1 Evacuation Pause)
[2026-09-05T11:14:37.965-0400][213.472s][info][gc,task     ] GC(167) Using 23 workers of 23 for evacuation
[2026-09-05T11:14:37.972-0400][213.479s][info][gc,phases   ] GC(167)   Pre Evacuate Collection Set: 0.16ms
[2026-09-05T11:14:37.972-0400][213.479s][info][gc,phases   ] GC(167)   Merge Heap Roots: 0.22ms
[2026-09-05T11:14:37.972-0400][213.480s][info][gc,phases   ] GC(167)   Evacuate Collection Set: 6.55ms
[2026-09-05T11:14:37.972-0400][213.480s][info][gc,phases   ] GC(167)   Post Evacuate Collection Set: 0.69ms
[2026-09-05T11:14:37.972-0400][213.480s][info][gc,phases   ] GC(167)   Other: 0.24ms
[2026-09-05T11:14:37.972-0400][213.480s][info][gc,heap     ] GC(167) Eden regions: 457->0(450)
[2026-09-05T11:14:37.972-0400][213.480s][info][gc,heap     ] GC(167) Survivor regions: 36->38(62)
[2026-09-05T11:14:37.972-0400][213.480s][info][gc,heap     ] GC(167) Old regions: 521->524
[2026-09-05T11:14:37.972-0400][213.480s][info][gc,heap     ] GC(167) Archive regions: 0->0
[2026-09-05T11:14:37.972-0400][213.480s][info][gc,heap     ] GC(167) Humongous regions: 25->24
[2026-09-05T11:14:37.972-0400][213.480s][info][gc,metaspace] GC(167) Metaspace: 152222K(154752K)->152222K(154752K) NonClass: 130571K(131968K)->130571K(131968K) Class: 21650K(22784K)->21650K(22784K)
[2026-09-05T11:14:37.972-0400][213.480s][info][gc          ] GC(167) Pause Young (Normal) (G1 Evacuation Pause) 2076M->1169M(2388M) 7.999ms
[2026-09-05T11:14:37.972-0400][213.480s][info][gc,cpu      ] GC(167) User=0.02s Sys=0.00s Real=0.01s
[2026-09-05T11:14:38.793-0400][214.300s][info][gc,start    ] GC(168) Pause Young (Normal) (G1 Evacuation Pause)
[2026-09-05T11:14:38.793-0400][214.300s][info][gc,task     ] GC(168) Using 23 workers of 23 for evacuation
[2026-09-05T11:14:38.803-0400][214.309s][info][gc,phases   ] GC(168)   Pre Evacuate Collection Set: 0.14ms
[2026-09-05T11:14:38.803-0400][214.309s][info][gc,phases   ] GC(168)   Merge Heap Roots: 0.17ms
[2026-09-05T11:14:38.803-0400][214.309s][info][gc,phases   ] GC(168)   Evacuate Collection Set: 7.26ms
[2026-09-05T11:14:38.803-0400][214.309s][info][gc,phases   ] GC(168)   Post Evacuate Collection Set: 0.86ms
[2026-09-05T11:14:38.803-0400][214.309s][info][gc,phases   ] GC(168)   Other: 0.26ms
[2026-09-05T11:14:38.803-0400][214.309s][info][gc,heap     ] GC(168) Eden regions: 450->0(447)
[2026-09-05T11:14:38.803-0400][214.309s][info][gc,heap     ] GC(168) Survivor regions: 38->36(61)
[2026-09-05T11:14:38.803-0400][214.309s][info][gc,heap     ] GC(168) Old regions: 524->531
[2026-09-05T11:14:38.803-0400][214.309s][info][gc,heap     ] GC(168) Archive regions: 0->0
[2026-09-05T11:14:38.803-0400][214.309s][info][gc,heap     ] GC(168) Humongous regions: 26->24
[2026-09-05T11:14:38.803-0400][214.309s][info][gc,metaspace] GC(168) Metaspace: 152270K(154752K)->152270K(154752K) NonClass: 130616K(131968K)->130616K(131968K) Class: 21653K(22784K)->21653K(22784K)
[2026-09-05T11:14:38.803-0400][214.309s][info][gc          ] GC(168) Pause Young (Normal) (G1 Evacuation Pause) 2073M->1180M(2388M) 8.946ms
[2026-09-05T11:14:38.803-0400][214.309s][info][gc,cpu      ] GC(168) User=0.00s Sys=0.00s Real=0.01s
[2026-09-05T11:14:39.655-0400][215.162s][info][gc,start    ] GC(169) Pause Young (Normal) (G1 Evacuation Pause)
[2026-09-05T11:14:39.655-0400][215.162s][info][gc,task     ] GC(169) Using 23 workers of 23 for evacuation
[2026-09-05T11:14:39.662-0400][215.168s][info][gc,phases   ] GC(169)   Pre Evacuate Collection Set: 0.21ms
[2026-09-05T11:14:39.662-0400][215.168s][info][gc,phases   ] GC(169)   Merge Heap Roots: 0.19ms
[2026-09-05T11:14:39.662-0400][215.168s][info][gc,phases   ] GC(169)   Evacuate Collection Set: 4.94ms
[2026-09-05T11:14:39.662-0400][215.168s][info][gc,phases   ] GC(169)   Post Evacuate Collection Set: 0.66ms
[2026-09-05T11:14:39.662-0400][215.168s][info][gc,phases   ] GC(169)   Other: 0.14ms
[2026-09-05T11:14:39.662-0400][215.168s][info][gc,heap     ] GC(169) Eden regions: 447->0(449)
[2026-09-05T11:14:39.662-0400][215.168s][info][gc,heap     ] GC(169) Survivor regions: 36->33(61)
[2026-09-05T11:14:39.662-0400][215.168s][info][gc,heap     ] GC(169) Old regions: 531->535
[2026-09-05T11:14:39.662-0400][215.168s][info][gc,heap     ] GC(169) Archive regions: 0->0
[2026-09-05T11:14:39.662-0400][215.168s][info][gc,heap     ] GC(169) Humongous regions: 26->24
[2026-09-05T11:14:39.662-0400][215.168s][info][gc,metaspace] GC(169) Metaspace: 152311K(154816K)->152311K(154816K) NonClass: 130653K(132032K)->130653K(132032K) Class: 21657K(22784K)->21657K(22784K)
[2026-09-05T11:14:39.662-0400][215.168s][info][gc          ] GC(169) Pause Young (Normal) (G1 Evacuation Pause) 2078M->1183M(2388M) 6.228ms
[2026-09-05T11:14:39.662-0400][215.168s][info][gc,cpu      ] GC(169) User=0.00s Sys=0.00s Real=0.01s
[2026-09-05T11:14:39.932-0400][215.438s][info][gc,start    ] GC(170) Pause Young (Normal) (G1 Evacuation Pause)
[2026-09-05T11:14:39.932-0400][215.438s][info][gc,task     ] GC(170) Using 23 workers of 23 for evacuation
[2026-09-05T11:14:39.939-0400][215.445s][info][gc,phases   ] GC(170)   Pre Evacuate Collection Set: 0.23ms
[2026-09-05T11:14:39.939-0400][215.445s][info][gc,phases   ] GC(170)   Merge Heap Roots: 0.17ms
[2026-09-05T11:14:39.939-0400][215.445s][info][gc,phases   ] GC(170)   Evacuate Collection Set: 5.61ms
[2026-09-05T11:14:39.939-0400][215.445s][info][gc,phases   ] GC(170)   Post Evacuate Collection Set: 0.82ms
[2026-09-05T11:14:39.939-0400][215.445s][info][gc,phases   ] GC(170)   Other: 0.24ms
[2026-09-05T11:14:39.939-0400][215.445s][info][gc,heap     ] GC(170) Eden regions: 449->0(445)
[2026-09-05T11:14:39.939-0400][215.445s][info][gc,heap     ] GC(170) Survivor regions: 33->35(61)
[2026-09-05T11:14:39.939-0400][215.445s][info][gc,heap     ] GC(170) Old regions: 535->535
[2026-09-05T11:14:39.939-0400][215.445s][info][gc,heap     ] GC(170) Archive regions: 0->0
[2026-09-05T11:14:39.939-0400][215.445s][info][gc,heap     ] GC(170) Humongous regions: 26->24
[2026-09-05T11:14:39.939-0400][215.445s][info][gc,metaspace] GC(170) Metaspace: 152345K(154816K)->152345K(154816K) NonClass: 130687K(132032K)->130687K(132032K) Class: 21658K(22784K)->21658K(22784K)
[2026-09-05T11:14:39.939-0400][215.445s][info][gc          ] GC(170) Pause Young (Normal) (G1 Evacuation Pause) 2085M->1186M(2388M) 7.135ms
[2026-09-05T11:14:39.939-0400][215.445s][info][gc,cpu      ] GC(170) User=0.34s Sys=0.02s Real=0.01s
[2026-09-05T11:14:40.432-0400][215.938s][info][gc,start    ] GC(171) Pause Young (Normal) (G1 Evacuation Pause)
[2026-09-05T11:14:40.432-0400][215.938s][info][gc,task     ] GC(171) Using 23 workers of 23 for evacuation
[2026-09-05T11:14:40.438-0400][215.945s][info][gc,phases   ] GC(171)   Pre Evacuate Collection Set: 0.24ms
[2026-09-05T11:14:40.438-0400][215.945s][info][gc,phases   ] GC(171)   Merge Heap Roots: 0.21ms
[2026-09-05T11:14:40.438-0400][215.945s][info][gc,phases   ] GC(171)   Evacuate Collection Set: 4.94ms
[2026-09-05T11:14:40.438-0400][215.945s][info][gc,phases   ] GC(171)   Post Evacuate Collection Set: 0.88ms
[2026-09-05T11:14:40.438-0400][215.945s][info][gc,phases   ] GC(171)   Other: 0.25ms
[2026-09-05T11:14:40.438-0400][215.945s][info][gc,heap     ] GC(171) Eden regions: 445->0(446)
[2026-09-05T11:14:40.438-0400][215.945s][info][gc,heap     ] GC(171) Survivor regions: 35->33(60)
[2026-09-05T11:14:40.438-0400][215.945s][info][gc,heap     ] GC(171) Old regions: 535->538
[2026-09-05T11:14:40.438-0400][215.945s][info][gc,heap     ] GC(171) Archive regions: 0->0
[2026-09-05T11:14:40.438-0400][215.945s][info][gc,heap     ] GC(171) Humongous regions: 24->24
[2026-09-05T11:14:40.438-0400][215.945s][info][gc,metaspace] GC(171) Metaspace: 152368K(154880K)->152368K(154880K) NonClass: 130710K(132096K)->130710K(132096K) Class: 21658K(22784K)->21658K(22784K)
[2026-09-05T11:14:40.438-0400][215.945s][info][gc          ] GC(171) Pause Young (Normal) (G1 Evacuation Pause) 2076M->1189M(2388M) 6.619ms
[2026-09-05T11:14:40.438-0400][215.945s][info][gc,cpu      ] GC(171) User=0.33s Sys=0.02s Real=0.01s
[2026-09-05T11:14:40.937-0400][216.445s][info][gc,start    ] GC(172) Pause Young (Normal) (G1 Evacuation Pause)
[2026-09-05T11:14:40.937-0400][216.445s][info][gc,task     ] GC(172) Using 23 workers of 23 for evacuation
[2026-09-05T11:14:40.943-0400][216.451s][info][gc,phases   ] GC(172)   Pre Evacuate Collection Set: 0.18ms
[2026-09-05T11:14:40.943-0400][216.451s][info][gc,phases   ] GC(172)   Merge Heap Roots: 0.17ms
[2026-09-05T11:14:40.943-0400][216.451s][info][gc,phases   ] GC(172)   Evacuate Collection Set: 4.74ms
[2026-09-05T11:14:40.943-0400][216.451s][info][gc,phases   ] GC(172)   Post Evacuate Collection Set: 0.71ms
[2026-09-05T11:14:40.943-0400][216.451s][info][gc,phases   ] GC(172)   Other: 0.16ms
[2026-09-05T11:14:40.943-0400][216.451s][info][gc,heap     ] GC(172) Eden regions: 446->0(442)
[2026-09-05T11:14:40.943-0400][216.451s][info][gc,heap     ] GC(172) Survivor regions: 33->33(60)
[2026-09-05T11:14:40.943-0400][216.451s][info][gc,heap     ] GC(172) Old regions: 538->542
[2026-09-05T11:14:40.943-0400][216.451s][info][gc,heap     ] GC(172) Archive regions: 0->0
[2026-09-05T11:14:40.943-0400][216.451s][info][gc,heap     ] GC(172) Humongous regions: 27->24
[2026-09-05T11:14:40.943-0400][216.451s][info][gc,metaspace] GC(172) Metaspace: 152417K(154880K)->152417K(154880K) NonClass: 130752K(132096K)->130752K(132096K) Class: 21664K(22784K)->21664K(22784K)
[2026-09-05T11:14:40.943-0400][216.451s][info][gc          ] GC(172) Pause Young (Normal) (G1 Evacuation Pause) 2087M->1194M(2388M) 6.082ms
[2026-09-05T11:14:40.943-0400][216.451s][info][gc,cpu      ] GC(172) User=0.00s Sys=0.00s Real=0.01s
[2026-09-05T11:14:41.309-0400][216.816s][info][gc,start    ] GC(173) Pause Young (Normal) (GCLocker Initiated GC)
[2026-09-05T11:14:41.309-0400][216.816s][info][gc,task     ] GC(173) Using 23 workers of 23 for evacuation
[2026-09-05T11:14:41.316-0400][216.823s][info][gc,phases   ] GC(173)   Pre Evacuate Collection Set: 0.25ms
[2026-09-05T11:14:41.316-0400][216.823s][info][gc,phases   ] GC(173)   Merge Heap Roots: 0.23ms
[2026-09-05T11:14:41.316-0400][216.823s][info][gc,phases   ] GC(173)   Evacuate Collection Set: 5.53ms
[2026-09-05T11:14:41.316-0400][216.823s][info][gc,phases   ] GC(173)   Post Evacuate Collection Set: 0.62ms
[2026-09-05T11:14:41.316-0400][216.823s][info][gc,phases   ] GC(173)   Other: 0.24ms
[2026-09-05T11:14:41.316-0400][216.823s][info][gc,heap     ] GC(173) Eden regions: 443->0(436)
[2026-09-05T11:14:41.316-0400][216.823s][info][gc,heap     ] GC(173) Survivor regions: 33->36(60)
[2026-09-05T11:14:41.316-0400][216.823s][info][gc,heap     ] GC(173) Old regions: 542->542
[2026-09-05T11:14:41.316-0400][216.823s][info][gc,heap     ] GC(173) Archive regions: 0->0
[2026-09-05T11:14:41.316-0400][216.823s][info][gc,heap     ] GC(173) Humongous regions: 24->24
[2026-09-05T11:14:41.316-0400][216.823s][info][gc,metaspace] GC(173) Metaspace: 152425K(154880K)->152425K(154880K) NonClass: 130760K(132096K)->130760K(132096K) Class: 21664K(22784K)->21664K(22784K)
[2026-09-05T11:14:41.316-0400][216.823s][info][gc          ] GC(173) Pause Young (Normal) (GCLocker Initiated GC) 2079M->1201M(2388M) 7.000ms
[2026-09-05T11:14:41.316-0400][216.823s][info][gc,cpu      ] GC(173) User=0.00s Sys=0.00s Real=0.01s
[2026-09-05T11:14:41.746-0400][217.254s][info][gc,start    ] GC(174) Pause Young (Normal) (G1 Evacuation Pause)
[2026-09-05T11:14:41.746-0400][217.254s][info][gc,task     ] GC(174) Using 23 workers of 23 for evacuation
[2026-09-05T11:14:41.754-0400][217.260s][info][gc,phases   ] GC(174)   Pre Evacuate Collection Set: 0.22ms
[2026-09-05T11:14:41.754-0400][217.260s][info][gc,phases   ] GC(174)   Merge Heap Roots: 0.20ms
[2026-09-05T11:14:41.754-0400][217.260s][info][gc,phases   ] GC(174)   Evacuate Collection Set: 5.20ms
[2026-09-05T11:14:41.754-0400][217.260s][info][gc,phases   ] GC(174)   Post Evacuate Collection Set: 0.77ms
[2026-09-05T11:14:41.754-0400][217.260s][info][gc,phases   ] GC(174)   Other: 0.16ms
[2026-09-05T11:14:41.754-0400][217.260s][info][gc,heap     ] GC(174) Eden regions: 436->0(439)
[2026-09-05T11:14:41.754-0400][217.260s][info][gc,heap     ] GC(174) Survivor regions: 36->31(59)
[2026-09-05T11:14:41.754-0400][217.260s][info][gc,heap     ] GC(174) Old regions: 542->548
[2026-09-05T11:14:41.754-0400][217.260s][info][gc,heap     ] GC(174) Archive regions: 0->0
[2026-09-05T11:14:41.754-0400][217.260s][info][gc,heap     ] GC(174) Humongous regions: 26->25
[2026-09-05T11:14:41.754-0400][217.260s][info][gc,metaspace] GC(174) Metaspace: 152446K(154944K)->152446K(154944K) NonClass: 130781K(132160K)->130781K(132160K) Class: 21665K(22784K)->21665K(22784K)
[2026-09-05T11:14:41.754-0400][217.260s][info][gc          ] GC(174) Pause Young (Normal) (G1 Evacuation Pause) 2077M->1207M(2388M) 6.705ms
[2026-09-05T11:14:41.754-0400][217.260s][info][gc,cpu      ] GC(174) User=0.00s Sys=0.00s Real=0.01s
[2026-09-05T11:14:42.146-0400][217.652s][info][gc,start    ] GC(175) Pause Young (Normal) (G1 Evacuation Pause)
[2026-09-05T11:14:42.146-0400][217.652s][info][gc,task     ] GC(175) Using 23 workers of 23 for evacuation
[2026-09-05T11:14:42.152-0400][217.659s][info][gc,phases   ] GC(175)   Pre Evacuate Collection Set: 0.25ms
[2026-09-05T11:14:42.152-0400][217.659s][info][gc,phases   ] GC(175)   Merge Heap Roots: 0.21ms
[2026-09-05T11:14:42.152-0400][217.659s][info][gc,phases   ] GC(175)   Evacuate Collection Set: 5.81ms
[2026-09-05T11:14:42.152-0400][217.659s][info][gc,phases   ] GC(175)   Post Evacuate Collection Set: 0.63ms
[2026-09-05T11:14:42.152-0400][217.659s][info][gc,phases   ] GC(175)   Other: 0.36ms
[2026-09-05T11:14:42.152-0400][217.659s][info][gc,heap     ] GC(175) Eden regions: 439->0(430)
[2026-09-05T11:14:42.152-0400][217.659s][info][gc,heap     ] GC(175) Survivor regions: 31->36(59)
[2026-09-05T11:14:42.152-0400][217.659s][info][gc,heap     ] GC(175) Old regions: 548->548
[2026-09-05T11:14:42.152-0400][217.659s][info][gc,heap     ] GC(175) Archive regions: 0->0
[2026-09-05T11:14:42.152-0400][217.659s][info][gc,heap     ] GC(175) Humongous regions: 26->24
[2026-09-05T11:14:42.152-0400][217.659s][info][gc,metaspace] GC(175) Metaspace: 152450K(154944K)->152450K(154944K) NonClass: 130785K(132160K)->130785K(132160K) Class: 21665K(22784K)->21665K(22784K)
[2026-09-05T11:14:42.152-0400][217.659s][info][gc          ] GC(175) Pause Young (Normal) (G1 Evacuation Pause) 2087M->1214M(2388M) 7.250ms
[2026-09-05T11:14:42.152-0400][217.659s][info][gc,cpu      ] GC(175) User=0.00s Sys=0.00s Real=0.01s
[2026-09-05T11:14:42.540-0400][218.046s][info][gc,start    ] GC(176) Pause Young (Normal) (G1 Evacuation Pause)
[2026-09-05T11:14:42.540-0400][218.046s][info][gc,task     ] GC(176) Using 23 workers of 23 for evacuation
[2026-09-05T11:14:42.547-0400][218.053s][info][gc,phases   ] GC(176)   Pre Evacuate Collection Set: 0.18ms
[2026-09-05T11:14:42.547-0400][218.053s][info][gc,phases   ] GC(176)   Merge Heap Roots: 0.19ms
[2026-09-05T11:14:42.547-0400][218.053s][info][gc,phases   ] GC(176)   Evacuate Collection Set: 5.69ms
[2026-09-05T11:14:42.547-0400][218.053s][info][gc,phases   ] GC(176)   Post Evacuate Collection Set: 0.69ms
[2026-09-05T11:14:42.547-0400][218.053s][info][gc,phases   ] GC(176)   Other: 0.17ms
[2026-09-05T11:14:42.547-0400][218.053s][info][gc,heap     ] GC(176) Eden regions: 430->0(429)
[2026-09-05T11:14:42.547-0400][218.053s][info][gc,heap     ] GC(176) Survivor regions: 36->34(59)
[2026-09-05T11:14:42.547-0400][218.053s][info][gc,heap     ] GC(176) Old regions: 548->553
[2026-09-05T11:14:42.547-0400][218.053s][info][gc,heap     ] GC(176) Archive regions: 0->0
[2026-09-05T11:14:42.547-0400][218.053s][info][gc,heap     ] GC(176) Humongous regions: 24->24
[2026-09-05T11:14:42.547-0400][218.053s][info][gc,metaspace] GC(176) Metaspace: 152459K(154944K)->152459K(154944K) NonClass: 130794K(132160K)->130794K(132160K) Class: 21665K(22784K)->21665K(22784K)
[2026-09-05T11:14:42.547-0400][218.053s][info][gc          ] GC(176) Pause Young (Normal) (G1 Evacuation Pause) 2074M->1220M(2388M) 7.039ms
[2026-09-05T11:14:42.547-0400][218.053s][info][gc,cpu      ] GC(176) User=0.36s Sys=0.00s Real=0.01s
[2026-09-05T11:14:42.690-0400][218.198s][info][gc,start    ] GC(177) Pause Young (Normal) (G1 Evacuation Pause)
[2026-09-05T11:14:42.691-0400][218.198s][info][gc,task     ] GC(177) Using 23 workers of 23 for evacuation
[2026-09-05T11:14:42.696-0400][218.204s][info][gc,phases   ] GC(177)   Pre Evacuate Collection Set: 0.18ms
[2026-09-05T11:14:42.697-0400][218.204s][info][gc,phases   ] GC(177)   Merge Heap Roots: 0.16ms
[2026-09-05T11:14:42.697-0400][218.204s][info][gc,phases   ] GC(177)   Evacuate Collection Set: 4.99ms
[2026-09-05T11:14:42.697-0400][218.204s][info][gc,phases   ] GC(177)   Post Evacuate Collection Set: 0.56ms
[2026-09-05T11:14:42.697-0400][218.204s][info][gc,phases   ] GC(177)   Other: 0.16ms
[2026-09-05T11:14:42.697-0400][218.204s][info][gc,heap     ] GC(177) Eden regions: 429->0(427)
[2026-09-05T11:14:42.697-0400][218.204s][info][gc,heap     ] GC(177) Survivor regions: 34->33(58)
[2026-09-05T11:14:42.697-0400][218.204s][info][gc,heap     ] GC(177) Old regions: 553->557
[2026-09-05T11:14:42.697-0400][218.204s][info][gc,heap     ] GC(177) Archive regions: 0->0
[2026-09-05T11:14:42.697-0400][218.204s][info][gc,heap     ] GC(177) Humongous regions: 25->24
[2026-09-05T11:14:42.697-0400][218.204s][info][gc,metaspace] GC(177) Metaspace: 152466K(154944K)->152466K(154944K) NonClass: 130801K(132160K)->130801K(132160K) Class: 21665K(22784K)->21665K(22784K)
[2026-09-05T11:14:42.697-0400][218.204s][info][gc          ] GC(177) Pause Young (Normal) (G1 Evacuation Pause) 2080M->1225M(2388M) 6.190ms
[2026-09-05T11:14:42.697-0400][218.204s][info][gc,cpu      ] GC(177) User=0.00s Sys=0.00s Real=0.01s
[2026-09-05T11:14:43.132-0400][218.639s][info][gc,start    ] GC(178) Pause Young (Normal) (G1 Evacuation Pause)
[2026-09-05T11:14:43.132-0400][218.639s][info][gc,task     ] GC(178) Using 23 workers of 23 for evacuation
[2026-09-05T11:14:43.138-0400][218.645s][info][gc,phases   ] GC(178)   Pre Evacuate Collection Set: 0.16ms
[2026-09-05T11:14:43.139-0400][218.645s][info][gc,phases   ] GC(178)   Merge Heap Roots: 0.22ms
[2026-09-05T11:14:43.139-0400][218.645s][info][gc,phases   ] GC(178)   Evacuate Collection Set: 4.50ms
[2026-09-05T11:14:43.139-0400][218.645s][info][gc,phases   ] GC(178)   Post Evacuate Collection Set: 0.61ms
[2026-09-05T11:14:43.139-0400][218.645s][info][gc,phases   ] GC(178)   Other: 0.15ms
[2026-09-05T11:14:43.139-0400][218.645s][info][gc,heap     ] GC(178) Eden regions: 427->0(429)
[2026-09-05T11:14:43.139-0400][218.645s][info][gc,heap     ] GC(178) Survivor regions: 33->30(58)
[2026-09-05T11:14:43.139-0400][218.645s][info][gc,heap     ] GC(178) Old regions: 557->561
[2026-09-05T11:14:43.139-0400][218.645s][info][gc,heap     ] GC(178) Archive regions: 0->0
[2026-09-05T11:14:43.139-0400][218.645s][info][gc,heap     ] GC(178) Humongous regions: 26->24
[2026-09-05T11:14:43.139-0400][218.645s][info][gc,metaspace] GC(178) Metaspace: 152478K(154944K)->152478K(154944K) NonClass: 130812K(132160K)->130812K(132160K) Class: 21665K(22784K)->21665K(22784K)
[2026-09-05T11:14:43.139-0400][218.645s][info][gc          ] GC(178) Pause Young (Normal) (G1 Evacuation Pause) 2083M->1228M(2388M) 5.795ms
[2026-09-05T11:14:43.139-0400][218.645s][info][gc,cpu      ] GC(178) User=0.34s Sys=0.00s Real=0.01s
[2026-09-05T11:14:43.510-0400][219.017s][info][gc,start    ] GC(179) Pause Young (Normal) (G1 Evacuation Pause)
[2026-09-05T11:14:43.510-0400][219.017s][info][gc,task     ] GC(179) Using 23 workers of 23 for evacuation
[2026-09-05T11:14:43.516-0400][219.022s][info][gc,phases   ] GC(179)   Pre Evacuate Collection Set: 0.21ms
[2026-09-05T11:14:43.516-0400][219.022s][info][gc,phases   ] GC(179)   Merge Heap Roots: 0.18ms
[2026-09-05T11:14:43.516-0400][219.022s][info][gc,phases   ] GC(179)   Evacuate Collection Set: 4.73ms
[2026-09-05T11:14:43.516-0400][219.022s][info][gc,phases   ] GC(179)   Post Evacuate Collection Set: 0.61ms
[2026-09-05T11:14:43.516-0400][219.022s][info][gc,phases   ] GC(179)   Other: 0.15ms
[2026-09-05T11:14:43.516-0400][219.022s][info][gc,heap     ] GC(179) Eden regions: 429->0(421)
[2026-09-05T11:14:43.516-0400][219.022s][info][gc,heap     ] GC(179) Survivor regions: 30->34(58)
[2026-09-05T11:14:43.516-0400][219.022s][info][gc,heap     ] GC(179) Old regions: 561->561
[2026-09-05T11:14:43.516-0400][219.022s][info][gc,heap     ] GC(179) Archive regions: 0->0
[2026-09-05T11:14:43.516-0400][219.022s][info][gc,heap     ] GC(179) Humongous regions: 24->24
[2026-09-05T11:14:43.516-0400][219.022s][info][gc,metaspace] GC(179) Metaspace: 152485K(154944K)->152485K(154944K) NonClass: 130819K(132160K)->130819K(132160K) Class: 21665K(22784K)->21665K(22784K)
[2026-09-05T11:14:43.516-0400][219.023s][info][gc          ] GC(179) Pause Young (Normal) (G1 Evacuation Pause) 2086M->1237M(2388M) 6.009ms
[2026-09-05T11:14:43.516-0400][219.023s][info][gc,cpu      ] GC(179) User=0.33s Sys=0.00s Real=0.01s
[2026-09-05T11:14:43.930-0400][219.438s][info][gc,start    ] GC(180) Pause Young (Normal) (G1 Evacuation Pause)
[2026-09-05T11:14:43.930-0400][219.438s][info][gc,task     ] GC(180) Using 23 workers of 23 for evacuation
[2026-09-05T11:14:43.937-0400][219.444s][info][gc,phases   ] GC(180)   Pre Evacuate Collection Set: 0.19ms
[2026-09-05T11:14:43.937-0400][219.444s][info][gc,phases   ] GC(180)   Merge Heap Roots: 0.19ms
[2026-09-05T11:14:43.937-0400][219.444s][info][gc,phases   ] GC(180)   Evacuate Collection Set: 4.89ms
[2026-09-05T11:14:43.937-0400][219.444s][info][gc,phases   ] GC(180)   Post Evacuate Collection Set: 1.00ms
[2026-09-05T11:14:43.937-0400][219.444s][info][gc,phases   ] GC(180)   Other: 0.17ms
[2026-09-05T11:14:43.937-0400][219.444s][info][gc,heap     ] GC(180) Eden regions: 421->0(419)
[2026-09-05T11:14:43.937-0400][219.444s][info][gc,heap     ] GC(180) Survivor regions: 34->33(57)
[2026-09-05T11:14:43.937-0400][219.444s][info][gc,heap     ] GC(180) Old regions: 561->565
[2026-09-05T11:14:43.937-0400][219.444s][info][gc,heap     ] GC(180) Archive regions: 0->0
[2026-09-05T11:14:43.937-0400][219.444s][info][gc,heap     ] GC(180) Humongous regions: 24->24
[2026-09-05T11:14:43.937-0400][219.444s][info][gc,metaspace] GC(180) Metaspace: 152492K(154944K)->152492K(154944K) NonClass: 130826K(132160K)->130826K(132160K) Class: 21665K(22784K)->21665K(22784K)
[2026-09-05T11:14:43.937-0400][219.444s][info][gc          ] GC(180) Pause Young (Normal) (G1 Evacuation Pause) 2079M->1243M(2388M) 6.575ms
[2026-09-05T11:14:43.937-0400][219.444s][info][gc,cpu      ] GC(180) User=0.36s Sys=0.00s Real=0.01s
[2026-09-05T11:14:44.565-0400][220.072s][info][gc,start    ] GC(181) Pause Young (Normal) (G1 Evacuation Pause)
[2026-09-05T11:14:44.565-0400][220.072s][info][gc,task     ] GC(181) Using 23 workers of 23 for evacuation
[2026-09-05T11:14:44.570-0400][220.077s][info][gc,phases   ] GC(181)   Pre Evacuate Collection Set: 0.18ms
[2026-09-05T11:14:44.570-0400][220.077s][info][gc,phases   ] GC(181)   Merge Heap Roots: 0.15ms
[2026-09-05T11:14:44.570-0400][220.077s][info][gc,phases   ] GC(181)   Evacuate Collection Set: 4.28ms
[2026-09-05T11:14:44.571-0400][220.077s][info][gc,phases   ] GC(181)   Post Evacuate Collection Set: 0.72ms
[2026-09-05T11:14:44.571-0400][220.077s][info][gc,phases   ] GC(181)   Other: 0.12ms
[2026-09-05T11:14:44.571-0400][220.077s][info][gc,heap     ] GC(181) Eden regions: 419->0(417)
[2026-09-05T11:14:44.571-0400][220.077s][info][gc,heap     ] GC(181) Survivor regions: 33->32(57)
[2026-09-05T11:14:44.571-0400][220.077s][info][gc,heap     ] GC(181) Old regions: 565->568
[2026-09-05T11:14:44.571-0400][220.077s][info][gc,heap     ] GC(181) Archive regions: 0->0
[2026-09-05T11:14:44.571-0400][220.077s][info][gc,heap     ] GC(181) Humongous regions: 25->25
[2026-09-05T11:14:44.571-0400][220.077s][info][gc,metaspace] GC(181) Metaspace: 152675K(155200K)->152675K(155200K) NonClass: 130975K(132352K)->130975K(132352K) Class: 21700K(22848K)->21700K(22848K)
[2026-09-05T11:14:44.571-0400][220.077s][info][gc          ] GC(181) Pause Young (Normal) (G1 Evacuation Pause) 2083M->1246M(2388M) 5.676ms
[2026-09-05T11:14:44.571-0400][220.077s][info][gc,cpu      ] GC(181) User=0.00s Sys=0.00s Real=0.01s
[2026-09-05T11:14:45.321-0400][220.828s][info][gc,start    ] GC(182) Pause Young (Normal) (G1 Evacuation Pause)
[2026-09-05T11:14:45.321-0400][220.828s][info][gc,task     ] GC(182) Using 23 workers of 23 for evacuation
[2026-09-05T11:14:45.326-0400][220.833s][info][gc,phases   ] GC(182)   Pre Evacuate Collection Set: 0.21ms
[2026-09-05T11:14:45.326-0400][220.833s][info][gc,phases   ] GC(182)   Merge Heap Roots: 0.12ms
[2026-09-05T11:14:45.326-0400][220.833s][info][gc,phases   ] GC(182)   Evacuate Collection Set: 3.82ms
[2026-09-05T11:14:45.326-0400][220.833s][info][gc,phases   ] GC(182)   Post Evacuate Collection Set: 0.69ms
[2026-09-05T11:14:45.326-0400][220.833s][info][gc,phases   ] GC(182)   Other: 0.14ms
[2026-09-05T11:14:45.326-0400][220.833s][info][gc,heap     ] GC(182) Eden regions: 417->0(419)
[2026-09-05T11:14:45.326-0400][220.833s][info][gc,heap     ] GC(182) Survivor regions: 32->31(57)
[2026-09-05T11:14:45.326-0400][220.833s][info][gc,heap     ] GC(182) Old regions: 568->568
[2026-09-05T11:14:45.326-0400][220.833s][info][gc,heap     ] GC(182) Archive regions: 0->0
[2026-09-05T11:14:45.326-0400][220.833s][info][gc,heap     ] GC(182) Humongous regions: 31->25
[2026-09-05T11:14:45.326-0400][220.833s][info][gc,metaspace] GC(182) Metaspace: 152779K(155392K)->152779K(155392K) NonClass: 131063K(132480K)->131063K(132480K) Class: 21715K(22912K)->21715K(22912K)
[2026-09-05T11:14:45.326-0400][220.833s][info][gc          ] GC(182) Pause Young (Normal) (G1 Evacuation Pause) 2092M->1246M(2388M) 5.099ms
[2026-09-05T11:14:45.326-0400][220.833s][info][gc,cpu      ] GC(182) User=0.33s Sys=0.00s Real=0.00s
[2026-09-05T11:14:46.105-0400][221.612s][info][gc,start    ] GC(183) Pause Young (Normal) (GCLocker Initiated GC)
[2026-09-05T11:14:46.105-0400][221.612s][info][gc,task     ] GC(183) Using 23 workers of 23 for evacuation
[2026-09-05T11:14:46.109-0400][221.616s][info][gc,phases   ] GC(183)   Pre Evacuate Collection Set: 0.20ms
[2026-09-05T11:14:46.109-0400][221.617s][info][gc,phases   ] GC(183)   Merge Heap Roots: 0.13ms
[2026-09-05T11:14:46.109-0400][221.617s][info][gc,phases   ] GC(183)   Evacuate Collection Set: 3.64ms
[2026-09-05T11:14:46.109-0400][221.617s][info][gc,phases   ] GC(183)   Post Evacuate Collection Set: 0.61ms
[2026-09-05T11:14:46.109-0400][221.617s][info][gc,phases   ] GC(183)   Other: 0.14ms
[2026-09-05T11:14:46.109-0400][221.617s][info][gc,heap     ] GC(183) Eden regions: 419->0(416)
[2026-09-05T11:14:46.109-0400][221.617s][info][gc,heap     ] GC(183) Survivor regions: 31->32(57)
[2026-09-05T11:14:46.109-0400][221.617s][info][gc,heap     ] GC(183) Old regions: 568->568
[2026-09-05T11:14:46.109-0400][221.617s][info][gc,heap     ] GC(183) Archive regions: 0->0
[2026-09-05T11:14:46.109-0400][221.617s][info][gc,heap     ] GC(183) Humongous regions: 30->26
[2026-09-05T11:14:46.109-0400][221.617s][info][gc,metaspace] GC(183) Metaspace: 152812K(155392K)->152812K(155392K) NonClass: 131097K(132480K)->131097K(132480K) Class: 21715K(22912K)->21715K(22912K)
[2026-09-05T11:14:46.109-0400][221.617s][info][gc          ] GC(183) Pause Young (Normal) (GCLocker Initiated GC) 2094M->1249M(2388M) 4.861ms
[2026-09-05T11:14:46.109-0400][221.617s][info][gc,cpu      ] GC(183) User=0.33s Sys=0.02s Real=0.00s
[2026-09-05T11:14:46.873-0400][222.380s][info][gc,start    ] GC(184) Pause Young (Normal) (G1 Evacuation Pause)
[2026-09-05T11:14:46.873-0400][222.380s][info][gc,task     ] GC(184) Using 23 workers of 23 for evacuation
[2026-09-05T11:14:46.878-0400][222.385s][info][gc,phases   ] GC(184)   Pre Evacuate Collection Set: 0.18ms
[2026-09-05T11:14:46.878-0400][222.385s][info][gc,phases   ] GC(184)   Merge Heap Roots: 0.16ms
[2026-09-05T11:14:46.878-0400][222.385s][info][gc,phases   ] GC(184)   Evacuate Collection Set: 3.65ms
[2026-09-05T11:14:46.878-0400][222.385s][info][gc,phases   ] GC(184)   Post Evacuate Collection Set: 0.94ms
[2026-09-05T11:14:46.879-0400][222.385s][info][gc,phases   ] GC(184)   Other: 0.14ms
[2026-09-05T11:14:46.879-0400][222.385s][info][gc,heap     ] GC(184) Eden regions: 416->0(418)
[2026-09-05T11:14:46.879-0400][222.385s][info][gc,heap     ] GC(184) Survivor regions: 32->30(56)
[2026-09-05T11:14:46.879-0400][222.385s][info][gc,heap     ] GC(184) Old regions: 568->570
[2026-09-05T11:14:46.879-0400][222.385s][info][gc,heap     ] GC(184) Archive regions: 0->0
[2026-09-05T11:14:46.879-0400][222.385s][info][gc,heap     ] GC(184) Humongous regions: 26->26
[2026-09-05T11:14:46.879-0400][222.385s][info][gc,metaspace] GC(184) Metaspace: 152835K(155456K)->152835K(155456K) NonClass: 131118K(132544K)->131118K(132544K) Class: 21717K(22912K)->21717K(22912K)
[2026-09-05T11:14:46.879-0400][222.385s][info][gc          ] GC(184) Pause Young (Normal) (G1 Evacuation Pause) 2081M->1249M(2388M) 5.191ms
[2026-09-05T11:14:46.879-0400][222.385s][info][gc,cpu      ] GC(184) User=0.00s Sys=0.00s Real=0.01s
[2026-09-05T11:14:47.672-0400][223.179s][info][gc,start    ] GC(185) Pause Young (Normal) (G1 Evacuation Pause)
[2026-09-05T11:14:47.672-0400][223.179s][info][gc,task     ] GC(185) Using 23 workers of 23 for evacuation
[2026-09-05T11:14:47.676-0400][223.184s][info][gc,phases   ] GC(185)   Pre Evacuate Collection Set: 0.21ms
[2026-09-05T11:14:47.676-0400][223.184s][info][gc,phases   ] GC(185)   Merge Heap Roots: 0.14ms
[2026-09-05T11:14:47.676-0400][223.184s][info][gc,phases   ] GC(185)   Evacuate Collection Set: 3.46ms
[2026-09-05T11:14:47.676-0400][223.184s][info][gc,phases   ] GC(185)   Post Evacuate Collection Set: 0.68ms
[2026-09-05T11:14:47.676-0400][223.184s][info][gc,phases   ] GC(185)   Other: 0.14ms
[2026-09-05T11:14:47.676-0400][223.184s][info][gc,heap     ] GC(185) Eden regions: 418->0(418)
[2026-09-05T11:14:47.676-0400][223.184s][info][gc,heap     ] GC(185) Survivor regions: 30->30(56)
[2026-09-05T11:14:47.676-0400][223.184s][info][gc,heap     ] GC(185) Old regions: 570->570
[2026-09-05T11:14:47.676-0400][223.184s][info][gc,heap     ] GC(185) Archive regions: 0->0
[2026-09-05T11:14:47.676-0400][223.184s][info][gc,heap     ] GC(185) Humongous regions: 26->26
[2026-09-05T11:14:47.676-0400][223.184s][info][gc,metaspace] GC(185) Metaspace: 152857K(155456K)->152857K(155456K) NonClass: 131139K(132544K)->131139K(132544K) Class: 21717K(22912K)->21717K(22912K)
[2026-09-05T11:14:47.676-0400][223.184s][info][gc          ] GC(185) Pause Young (Normal) (G1 Evacuation Pause) 2085M->1249M(2388M) 4.745ms
[2026-09-05T11:14:47.676-0400][223.184s][info][gc,cpu      ] GC(185) User=0.00s Sys=0.00s Real=0.00s
[2026-09-05T11:14:48.454-0400][223.961s][info][gc,start    ] GC(186) Pause Young (Normal) (G1 Evacuation Pause)
[2026-09-05T11:14:48.454-0400][223.961s][info][gc,task     ] GC(186) Using 23 workers of 23 for evacuation
[2026-09-05T11:14:48.459-0400][223.966s][info][gc,phases   ] GC(186)   Pre Evacuate Collection Set: 0.20ms
[2026-09-05T11:14:48.459-0400][223.966s][info][gc,phases   ] GC(186)   Merge Heap Roots: 0.14ms
[2026-09-05T11:14:48.459-0400][223.966s][info][gc,phases   ] GC(186)   Evacuate Collection Set: 3.84ms
[2026-09-05T11:14:48.459-0400][223.966s][info][gc,phases   ] GC(186)   Post Evacuate Collection Set: 0.64ms
[2026-09-05T11:14:48.459-0400][223.966s][info][gc,phases   ] GC(186)   Other: 0.16ms
[2026-09-05T11:14:48.460-0400][223.966s][info][gc,heap     ] GC(186) Eden regions: 418->0(420)
[2026-09-05T11:14:48.460-0400][223.966s][info][gc,heap     ] GC(186) Survivor regions: 30->29(56)
[2026-09-05T11:14:48.460-0400][223.966s][info][gc,heap     ] GC(186) Old regions: 570->570
[2026-09-05T11:14:48.460-0400][223.966s][info][gc,heap     ] GC(186) Archive regions: 0->0
[2026-09-05T11:14:48.460-0400][223.966s][info][gc,heap     ] GC(186) Humongous regions: 26->26
[2026-09-05T11:14:48.460-0400][223.966s][info][gc,metaspace] GC(186) Metaspace: 152860K(155456K)->152860K(155456K) NonClass: 131142K(132544K)->131142K(132544K) Class: 21717K(22912K)->21717K(22912K)
[2026-09-05T11:14:48.460-0400][223.966s][info][gc          ] GC(186) Pause Young (Normal) (G1 Evacuation Pause) 2085M->1248M(2388M) 5.113ms
[2026-09-05T11:14:48.460-0400][223.966s][info][gc,cpu      ] GC(186) User=0.00s Sys=0.00s Real=0.01s
[2026-09-05T11:14:49.220-0400][224.727s][info][gc,start    ] GC(187) Pause Young (Normal) (G1 Evacuation Pause)
[2026-09-05T11:14:49.220-0400][224.727s][info][gc,task     ] GC(187) Using 23 workers of 23 for evacuation
[2026-09-05T11:14:49.225-0400][224.731s][info][gc,phases   ] GC(187)   Pre Evacuate Collection Set: 0.17ms
[2026-09-05T11:14:49.225-0400][224.731s][info][gc,phases   ] GC(187)   Merge Heap Roots: 0.14ms
[2026-09-05T11:14:49.225-0400][224.731s][info][gc,phases   ] GC(187)   Evacuate Collection Set: 3.53ms
[2026-09-05T11:14:49.225-0400][224.731s][info][gc,phases   ] GC(187)   Post Evacuate Collection Set: 0.63ms
[2026-09-05T11:14:49.225-0400][224.731s][info][gc,phases   ] GC(187)   Other: 0.12ms
[2026-09-05T11:14:49.225-0400][224.731s][info][gc,heap     ] GC(187) Eden regions: 420->0(420)
[2026-09-05T11:14:49.225-0400][224.731s][info][gc,heap     ] GC(187) Survivor regions: 29->29(57)
[2026-09-05T11:14:49.225-0400][224.731s][info][gc,heap     ] GC(187) Old regions: 570->570
[2026-09-05T11:14:49.225-0400][224.731s][info][gc,heap     ] GC(187) Archive regions: 0->0
[2026-09-05T11:14:49.225-0400][224.731s][info][gc,heap     ] GC(187) Humongous regions: 26->26
[2026-09-05T11:14:49.225-0400][224.731s][info][gc,metaspace] GC(187) Metaspace: 152876K(155456K)->152876K(155456K) NonClass: 131158K(132544K)->131158K(132544K) Class: 21717K(22912K)->21717K(22912K)
[2026-09-05T11:14:49.225-0400][224.731s][info][gc          ] GC(187) Pause Young (Normal) (G1 Evacuation Pause) 2088M->1247M(2388M) 4.724ms
[2026-09-05T11:14:49.225-0400][224.731s][info][gc,cpu      ] GC(187) User=0.00s Sys=0.00s Real=0.00s
[2026-09-05T11:14:50.051-0400][225.558s][info][gc,start    ] GC(188) Pause Young (Normal) (G1 Evacuation Pause)
[2026-09-05T11:14:50.051-0400][225.558s][info][gc,task     ] GC(188) Using 23 workers of 23 for evacuation
[2026-09-05T11:14:50.056-0400][225.563s][info][gc,phases   ] GC(188)   Pre Evacuate Collection Set: 0.37ms
[2026-09-05T11:14:50.056-0400][225.563s][info][gc,phases   ] GC(188)   Merge Heap Roots: 0.23ms
[2026-09-05T11:14:50.056-0400][225.563s][info][gc,phases   ] GC(188)   Evacuate Collection Set: 3.94ms
[2026-09-05T11:14:50.056-0400][225.563s][info][gc,phases   ] GC(188)   Post Evacuate Collection Set: 0.63ms
[2026-09-05T11:14:50.056-0400][225.563s][info][gc,phases   ] GC(188)   Other: 0.22ms
[2026-09-05T11:14:50.056-0400][225.563s][info][gc,heap     ] GC(188) Eden regions: 420->0(421)
[2026-09-05T11:14:50.056-0400][225.563s][info][gc,heap     ] GC(188) Survivor regions: 29->27(57)
[2026-09-05T11:14:50.056-0400][225.563s][info][gc,heap     ] GC(188) Old regions: 570->573
[2026-09-05T11:14:50.056-0400][225.563s][info][gc,heap     ] GC(188) Archive regions: 0->0
[2026-09-05T11:14:50.056-0400][225.563s][info][gc,heap     ] GC(188) Humongous regions: 26->26
[2026-09-05T11:14:50.056-0400][225.563s][info][gc,metaspace] GC(188) Metaspace: 152877K(155456K)->152877K(155456K) NonClass: 131159K(132544K)->131159K(132544K) Class: 21717K(22912K)->21717K(22912K)
[2026-09-05T11:14:50.056-0400][225.563s][info][gc          ] GC(188) Pause Young (Normal) (G1 Evacuation Pause) 2087M->1248M(2388M) 5.495ms
[2026-09-05T11:14:50.056-0400][225.563s][info][gc,cpu      ] GC(188) User=0.00s Sys=0.00s Real=0.00s
[2026-09-05T11:14:50.845-0400][226.351s][info][gc,start    ] GC(189) Pause Young (Normal) (G1 Evacuation Pause)
[2026-09-05T11:14:50.845-0400][226.351s][info][gc,task     ] GC(189) Using 23 workers of 23 for evacuation
[2026-09-05T11:14:50.849-0400][226.356s][info][gc,phases   ] GC(189)   Pre Evacuate Collection Set: 0.24ms
[2026-09-05T11:14:50.849-0400][226.356s][info][gc,phases   ] GC(189)   Merge Heap Roots: 0.17ms
[2026-09-05T11:14:50.849-0400][226.356s][info][gc,phases   ] GC(189)   Evacuate Collection Set: 3.33ms
[2026-09-05T11:14:50.849-0400][226.356s][info][gc,phases   ] GC(189)   Post Evacuate Collection Set: 0.62ms
[2026-09-05T11:14:50.849-0400][226.356s][info][gc,phases   ] GC(189)   Other: 0.14ms
[2026-09-05T11:14:50.849-0400][226.356s][info][gc,heap     ] GC(189) Eden regions: 421->0(424)
[2026-09-05T11:14:50.849-0400][226.356s][info][gc,heap     ] GC(189) Survivor regions: 27->24(56)
[2026-09-05T11:14:50.849-0400][226.356s][info][gc,heap     ] GC(189) Old regions: 573->576
[2026-09-05T11:14:50.849-0400][226.356s][info][gc,heap     ] GC(189) Archive regions: 0->0
[2026-09-05T11:14:50.849-0400][226.356s][info][gc,heap     ] GC(189) Humongous regions: 26->26
[2026-09-05T11:14:50.849-0400][226.356s][info][gc,metaspace] GC(189) Metaspace: 152878K(155456K)->152878K(155456K) NonClass: 131160K(132544K)->131160K(132544K) Class: 21717K(22912K)->21717K(22912K)
[2026-09-05T11:14:50.849-0400][226.356s][info][gc          ] GC(189) Pause Young (Normal) (G1 Evacuation Pause) 2090M->1249M(2388M) 4.628ms
[2026-09-05T11:14:50.849-0400][226.356s][info][gc,cpu      ] GC(189) User=0.00s Sys=0.00s Real=0.00s
[2026-09-05T11:14:51.657-0400][227.163s][info][gc,start    ] GC(190) Pause Young (Normal) (G1 Evacuation Pause)
[2026-09-05T11:14:51.657-0400][227.163s][info][gc,task     ] GC(190) Using 23 workers of 23 for evacuation
[2026-09-05T11:14:51.660-0400][227.167s][info][gc,phases   ] GC(190)   Pre Evacuate Collection Set: 0.17ms
[2026-09-05T11:14:51.661-0400][227.168s][info][gc,phases   ] GC(190)   Merge Heap Roots: 0.16ms
[2026-09-05T11:14:51.661-0400][227.168s][info][gc,phases   ] GC(190)   Evacuate Collection Set: 3.06ms
[2026-09-05T11:14:51.661-0400][227.168s][info][gc,phases   ] GC(190)   Post Evacuate Collection Set: 0.70ms
[2026-09-05T11:14:51.661-0400][227.168s][info][gc,phases   ] GC(190)   Other: 0.14ms
[2026-09-05T11:14:51.661-0400][227.168s][info][gc,heap     ] GC(190) Eden regions: 424->0(429)
[2026-09-05T11:14:51.661-0400][227.168s][info][gc,heap     ] GC(190) Survivor regions: 24->20(56)
[2026-09-05T11:14:51.661-0400][227.168s][info][gc,heap     ] GC(190) Old regions: 576->579
[2026-09-05T11:14:51.661-0400][227.168s][info][gc,heap     ] GC(190) Archive regions: 0->0
[2026-09-05T11:14:51.661-0400][227.168s][info][gc,heap     ] GC(190) Humongous regions: 26->26
[2026-09-05T11:14:51.661-0400][227.168s][info][gc,metaspace] GC(190) Metaspace: 152884K(155456K)->152884K(155456K) NonClass: 131166K(132544K)->131166K(132544K) Class: 21717K(22912K)->21717K(22912K)
[2026-09-05T11:14:51.661-0400][227.168s][info][gc          ] GC(190) Pause Young (Normal) (G1 Evacuation Pause) 2097M->1248M(2388M) 4.345ms
[2026-09-05T11:14:51.661-0400][227.168s][info][gc,cpu      ] GC(190) User=0.00s Sys=0.00s Real=0.00s
[2026-09-05T11:14:52.442-0400][227.948s][info][gc,start    ] GC(191) Pause Young (Normal) (G1 Evacuation Pause)
[2026-09-05T11:14:52.442-0400][227.948s][info][gc,task     ] GC(191) Using 23 workers of 23 for evacuation
[2026-09-05T11:14:52.445-0400][227.952s][info][gc,phases   ] GC(191)   Pre Evacuate Collection Set: 0.27ms
[2026-09-05T11:14:52.445-0400][227.952s][info][gc,phases   ] GC(191)   Merge Heap Roots: 0.16ms
[2026-09-05T11:14:52.445-0400][227.952s][info][gc,phases   ] GC(191)   Evacuate Collection Set: 2.46ms
[2026-09-05T11:14:52.445-0400][227.952s][info][gc,phases   ] GC(191)   Post Evacuate Collection Set: 0.78ms
[2026-09-05T11:14:52.445-0400][227.952s][info][gc,phases   ] GC(191)   Other: 0.25ms
[2026-09-05T11:14:52.445-0400][227.952s][info][gc,heap     ] GC(191) Eden regions: 429->0(432)
[2026-09-05T11:14:52.446-0400][227.952s][info][gc,heap     ] GC(191) Survivor regions: 20->17(57)
[2026-09-05T11:14:52.446-0400][227.952s][info][gc,heap     ] GC(191) Old regions: 579->582
[2026-09-05T11:14:52.446-0400][227.952s][info][gc,heap     ] GC(191) Archive regions: 0->0
[2026-09-05T11:14:52.446-0400][227.952s][info][gc,heap     ] GC(191) Humongous regions: 26->26
[2026-09-05T11:14:52.446-0400][227.952s][info][gc,metaspace] GC(191) Metaspace: 152885K(155456K)->152885K(155456K) NonClass: 131167K(132544K)->131167K(132544K) Class: 21717K(22912K)->21717K(22912K)
[2026-09-05T11:14:52.446-0400][227.952s][info][gc          ] GC(191) Pause Young (Normal) (G1 Evacuation Pause) 2106M->1248M(2388M) 4.050ms
[2026-09-05T11:14:52.446-0400][227.952s][info][gc,cpu      ] GC(191) User=0.00s Sys=0.00s Real=0.01s
[2026-09-05T11:14:53.489-0400][228.995s][info][gc,start    ] GC(192) Pause Young (Normal) (G1 Evacuation Pause)
[2026-09-05T11:14:53.489-0400][228.995s][info][gc,task     ] GC(192) Using 23 workers of 23 for evacuation
[2026-09-05T11:14:53.492-0400][228.999s][info][gc,phases   ] GC(192)   Pre Evacuate Collection Set: 0.15ms
[2026-09-05T11:14:53.492-0400][228.999s][info][gc,phases   ] GC(192)   Merge Heap Roots: 0.19ms
[2026-09-05T11:14:53.492-0400][228.999s][info][gc,phases   ] GC(192)   Evacuate Collection Set: 2.59ms
[2026-09-05T11:14:53.492-0400][228.999s][info][gc,phases   ] GC(192)   Post Evacuate Collection Set: 0.66ms
[2026-09-05T11:14:53.492-0400][228.999s][info][gc,phases   ] GC(192)   Other: 0.23ms
[2026-09-05T11:14:53.492-0400][228.999s][info][gc,heap     ] GC(192) Eden regions: 432->0(433)
[2026-09-05T11:14:53.492-0400][228.999s][info][gc,heap     ] GC(192) Survivor regions: 17->15(57)
[2026-09-05T11:14:53.492-0400][228.999s][info][gc,heap     ] GC(192) Old regions: 582->585
[2026-09-05T11:14:53.492-0400][228.999s][info][gc,heap     ] GC(192) Archive regions: 0->0
[2026-09-05T11:14:53.492-0400][228.999s][info][gc,heap     ] GC(192) Humongous regions: 26->26
[2026-09-05T11:14:53.492-0400][228.999s][info][gc,metaspace] GC(192) Metaspace: 152886K(155456K)->152886K(155456K) NonClass: 131168K(132544K)->131168K(132544K) Class: 21717K(22912K)->21717K(22912K)
[2026-09-05T11:14:53.492-0400][228.999s][info][gc          ] GC(192) Pause Young (Normal) (G1 Evacuation Pause) 2112M->1248M(2388M) 4.084ms
[2026-09-05T11:14:53.492-0400][228.999s][info][gc,cpu      ] GC(192) User=0.00s Sys=0.00s Real=0.00s
[2026-09-05T11:14:54.454-0400][229.961s][info][gc,start    ] GC(193) Pause Young (Normal) (G1 Evacuation Pause)
[2026-09-05T11:14:54.454-0400][229.961s][info][gc,task     ] GC(193) Using 23 workers of 23 for evacuation
[2026-09-05T11:14:54.457-0400][229.964s][info][gc,phases   ] GC(193)   Pre Evacuate Collection Set: 0.19ms
[2026-09-05T11:14:54.457-0400][229.964s][info][gc,phases   ] GC(193)   Merge Heap Roots: 0.16ms
[2026-09-05T11:14:54.457-0400][229.964s][info][gc,phases   ] GC(193)   Evacuate Collection Set: 1.96ms
[2026-09-05T11:14:54.457-0400][229.964s][info][gc,phases   ] GC(193)   Post Evacuate Collection Set: 0.72ms
[2026-09-05T11:14:54.457-0400][229.964s][info][gc,phases   ] GC(193)   Other: 0.14ms
[2026-09-05T11:14:54.458-0400][229.964s][info][gc,heap     ] GC(193) Eden regions: 433->0(438)
[2026-09-05T11:14:54.458-0400][229.964s][info][gc,heap     ] GC(193) Survivor regions: 15->11(56)
[2026-09-05T11:14:54.458-0400][229.964s][info][gc,heap     ] GC(193) Old regions: 585->588
[2026-09-05T11:14:54.458-0400][229.964s][info][gc,heap     ] GC(193) Archive regions: 0->0
[2026-09-05T11:14:54.458-0400][229.964s][info][gc,heap     ] GC(193) Humongous regions: 26->26
[2026-09-05T11:14:54.458-0400][229.964s][info][gc,metaspace] GC(193) Metaspace: 152886K(155456K)->152886K(155456K) NonClass: 131168K(132544K)->131168K(132544K) Class: 21717K(22912K)->21717K(22912K)
[2026-09-05T11:14:54.458-0400][229.964s][info][gc          ] GC(193) Pause Young (Normal) (G1 Evacuation Pause) 2114M->1248M(2388M) 3.291ms
[2026-09-05T11:14:54.458-0400][229.964s][info][gc,cpu      ] GC(193) User=0.00s Sys=0.00s Real=0.00s
[2026-09-05T11:14:55.282-0400][230.789s][info][gc,start    ] GC(194) Pause Young (Normal) (G1 Evacuation Pause)
[2026-09-05T11:14:55.282-0400][230.789s][info][gc,task     ] GC(194) Using 23 workers of 23 for evacuation
[2026-09-05T11:14:55.285-0400][230.791s][info][gc,phases   ] GC(194)   Pre Evacuate Collection Set: 0.18ms
[2026-09-05T11:14:55.285-0400][230.791s][info][gc,phases   ] GC(194)   Merge Heap Roots: 0.14ms
[2026-09-05T11:14:55.285-0400][230.791s][info][gc,phases   ] GC(194)   Evacuate Collection Set: 1.66ms
[2026-09-05T11:14:55.285-0400][230.791s][info][gc,phases   ] GC(194)   Post Evacuate Collection Set: 0.61ms
[2026-09-05T11:14:55.285-0400][230.791s][info][gc,phases   ] GC(194)   Other: 0.14ms
[2026-09-05T11:14:55.285-0400][230.791s][info][gc,heap     ] GC(194) Eden regions: 438->0(440)
[2026-09-05T11:14:55.285-0400][230.791s][info][gc,heap     ] GC(194) Survivor regions: 11->8(57)
[2026-09-05T11:14:55.285-0400][230.791s][info][gc,heap     ] GC(194) Old regions: 588->592
[2026-09-05T11:14:55.285-0400][230.791s][info][gc,heap     ] GC(194) Archive regions: 0->0
[2026-09-05T11:14:55.285-0400][230.791s][info][gc,heap     ] GC(194) Humongous regions: 26->26
[2026-09-05T11:14:55.285-0400][230.791s][info][gc,metaspace] GC(194) Metaspace: 152886K(155456K)->152886K(155456K) NonClass: 131168K(132544K)->131168K(132544K) Class: 21717K(22912K)->21717K(22912K)
[2026-09-05T11:14:55.285-0400][230.791s][info][gc          ] GC(194) Pause Young (Normal) (G1 Evacuation Pause) 2124M->1248M(2388M) 2.862ms
[2026-09-05T11:14:55.285-0400][230.791s][info][gc,cpu      ] GC(194) User=0.00s Sys=0.00s Real=0.00s
[2026-09-05T11:14:56.135-0400][231.642s][info][gc,start    ] GC(195) Pause Young (Normal) (G1 Evacuation Pause)
[2026-09-05T11:14:56.135-0400][231.642s][info][gc,task     ] GC(195) Using 23 workers of 23 for evacuation
[2026-09-05T11:14:56.138-0400][231.644s][info][gc,phases   ] GC(195)   Pre Evacuate Collection Set: 0.21ms
[2026-09-05T11:14:56.138-0400][231.644s][info][gc,phases   ] GC(195)   Merge Heap Roots: 0.14ms
[2026-09-05T11:14:56.138-0400][231.644s][info][gc,phases   ] GC(195)   Evacuate Collection Set: 1.17ms
[2026-09-05T11:14:56.138-0400][231.644s][info][gc,phases   ] GC(195)   Post Evacuate Collection Set: 0.65ms
[2026-09-05T11:14:56.138-0400][231.644s][info][gc,phases   ] GC(195)   Other: 0.13ms
[2026-09-05T11:14:56.138-0400][231.644s][info][gc,heap     ] GC(195) Eden regions: 440->0(443)
[2026-09-05T11:14:56.138-0400][231.644s][info][gc,heap     ] GC(195) Survivor regions: 8->5(56)
[2026-09-05T11:14:56.138-0400][231.644s][info][gc,heap     ] GC(195) Old regions: 592->595
[2026-09-05T11:14:56.138-0400][231.644s][info][gc,heap     ] GC(195) Archive regions: 0->0
[2026-09-05T11:14:56.138-0400][231.644s][info][gc,heap     ] GC(195) Humongous regions: 26->26
[2026-09-05T11:14:56.138-0400][231.644s][info][gc,metaspace] GC(195) Metaspace: 152887K(155456K)->152887K(155456K) NonClass: 131170K(132544K)->131170K(132544K) Class: 21717K(22912K)->21717K(22912K)
[2026-09-05T11:14:56.138-0400][231.644s][info][gc          ] GC(195) Pause Young (Normal) (G1 Evacuation Pause) 2128M->1248M(2388M) 2.426ms
[2026-09-05T11:14:56.138-0400][231.644s][info][gc,cpu      ] GC(195) User=0.00s Sys=0.00s Real=0.00s
[2026-09-05T11:14:56.980-0400][232.487s][info][gc,start    ] GC(196) Pause Young (Normal) (G1 Evacuation Pause)
[2026-09-05T11:14:56.980-0400][232.487s][info][gc,task     ] GC(196) Using 23 workers of 23 for evacuation
[2026-09-05T11:14:56.982-0400][232.489s][info][gc,phases   ] GC(196)   Pre Evacuate Collection Set: 0.21ms
[2026-09-05T11:14:56.982-0400][232.489s][info][gc,phases   ] GC(196)   Merge Heap Roots: 0.16ms
[2026-09-05T11:14:56.982-0400][232.489s][info][gc,phases   ] GC(196)   Evacuate Collection Set: 0.98ms
[2026-09-05T11:14:56.982-0400][232.489s][info][gc,phases   ] GC(196)   Post Evacuate Collection Set: 0.69ms
[2026-09-05T11:14:56.982-0400][232.489s][info][gc,phases   ] GC(196)   Other: 0.14ms
[2026-09-05T11:14:56.982-0400][232.489s][info][gc,heap     ] GC(196) Eden regions: 443->0(443)
[2026-09-05T11:14:56.982-0400][232.489s][info][gc,heap     ] GC(196) Survivor regions: 5->3(56)
[2026-09-05T11:14:56.982-0400][232.489s][info][gc,heap     ] GC(196) Old regions: 595->597
[2026-09-05T11:14:56.982-0400][232.489s][info][gc,heap     ] GC(196) Archive regions: 0->0
[2026-09-05T11:14:56.982-0400][232.489s][info][gc,heap     ] GC(196) Humongous regions: 26->26
[2026-09-05T11:14:56.982-0400][232.489s][info][gc,metaspace] GC(196) Metaspace: 152887K(155456K)->152887K(155456K) NonClass: 131170K(132544K)->131170K(132544K) Class: 21717K(22912K)->21717K(22912K)
[2026-09-05T11:14:56.982-0400][232.489s][info][gc          ] GC(196) Pause Young (Normal) (G1 Evacuation Pause) 2134M->1248M(2388M) 2.303ms
[2026-09-05T11:14:56.982-0400][232.489s][info][gc,cpu      ] GC(196) User=0.38s Sys=0.00s Real=0.00s
[2026-09-05T11:14:57.859-0400][233.366s][info][gc,start    ] GC(197) Pause Young (Normal) (G1 Evacuation Pause)
[2026-09-05T11:14:57.859-0400][233.366s][info][gc,task     ] GC(197) Using 23 workers of 23 for evacuation
[2026-09-05T11:14:57.861-0400][233.368s][info][gc,phases   ] GC(197)   Pre Evacuate Collection Set: 0.29ms
[2026-09-05T11:14:57.861-0400][233.368s][info][gc,phases   ] GC(197)   Merge Heap Roots: 0.22ms
[2026-09-05T11:14:57.861-0400][233.368s][info][gc,phases   ] GC(197)   Evacuate Collection Set: 0.82ms
[2026-09-05T11:14:57.861-0400][233.368s][info][gc,phases   ] GC(197)   Post Evacuate Collection Set: 0.58ms
[2026-09-05T11:14:57.861-0400][233.368s][info][gc,phases   ] GC(197)   Other: 0.15ms
[2026-09-05T11:14:57.861-0400][233.368s][info][gc,heap     ] GC(197) Eden regions: 443->0(444)
[2026-09-05T11:14:57.861-0400][233.368s][info][gc,heap     ] GC(197) Survivor regions: 3->2(56)
[2026-09-05T11:14:57.861-0400][233.368s][info][gc,heap     ] GC(197) Old regions: 597->597
[2026-09-05T11:14:57.861-0400][233.368s][info][gc,heap     ] GC(197) Archive regions: 0->0
[2026-09-05T11:14:57.861-0400][233.368s][info][gc,heap     ] GC(197) Humongous regions: 26->26
[2026-09-05T11:14:57.861-0400][233.368s][info][gc,metaspace] GC(197) Metaspace: 152887K(155456K)->152887K(155456K) NonClass: 131170K(132544K)->131170K(132544K) Class: 21717K(22912K)->21717K(22912K)
[2026-09-05T11:14:57.861-0400][233.368s][info][gc          ] GC(197) Pause Young (Normal) (G1 Evacuation Pause) 2134M->1248M(2388M) 2.239ms
[2026-09-05T11:14:57.861-0400][233.368s][info][gc,cpu      ] GC(197) User=0.00s Sys=0.00s Real=0.00s
[2026-09-05T11:14:58.484-0400][233.991s][info][gc,start    ] GC(198) Pause Young (Normal) (G1 Evacuation Pause)
[2026-09-05T11:14:58.484-0400][233.991s][info][gc,task     ] GC(198) Using 23 workers of 23 for evacuation
[2026-09-05T11:14:58.486-0400][233.993s][info][gc,phases   ] GC(198)   Pre Evacuate Collection Set: 0.18ms
[2026-09-05T11:14:58.486-0400][233.993s][info][gc,phases   ] GC(198)   Merge Heap Roots: 0.18ms
[2026-09-05T11:14:58.486-0400][233.993s][info][gc,phases   ] GC(198)   Evacuate Collection Set: 1.07ms
[2026-09-05T11:14:58.486-0400][233.993s][info][gc,phases   ] GC(198)   Post Evacuate Collection Set: 0.62ms
[2026-09-05T11:14:58.486-0400][233.993s][info][gc,phases   ] GC(198)   Other: 0.17ms
[2026-09-05T11:14:58.486-0400][233.993s][info][gc,heap     ] GC(198) Eden regions: 444->0(442)
[2026-09-05T11:14:58.486-0400][233.993s][info][gc,heap     ] GC(198) Survivor regions: 2->3(56)
[2026-09-05T11:14:58.486-0400][233.993s][info][gc,heap     ] GC(198) Old regions: 597->597
[2026-09-05T11:14:58.486-0400][233.993s][info][gc,heap     ] GC(198) Archive regions: 0->0
[2026-09-05T11:14:58.486-0400][233.993s][info][gc,heap     ] GC(198) Humongous regions: 26->26
[2026-09-05T11:14:58.486-0400][233.993s][info][gc,metaspace] GC(198) Metaspace: 152887K(155456K)->152887K(155456K) NonClass: 131170K(132544K)->131170K(132544K) Class: 21717K(22912K)->21717K(22912K)
[2026-09-05T11:14:58.486-0400][233.993s][info][gc          ] GC(198) Pause Young (Normal) (G1 Evacuation Pause) 2136M->1251M(2388M) 2.348ms
[2026-09-05T11:14:58.486-0400][233.993s][info][gc,cpu      ] GC(198) User=0.00s Sys=0.00s Real=0.00s
[2026-09-05T11:14:58.921-0400][234.427s][info][gc,start    ] GC(199) Pause Young (Normal) (GCLocker Initiated GC)
[2026-09-05T11:14:58.921-0400][234.427s][info][gc,task     ] GC(199) Using 23 workers of 23 for evacuation
[2026-09-05T11:14:58.925-0400][234.431s][info][gc,phases   ] GC(199)   Pre Evacuate Collection Set: 0.20ms
[2026-09-05T11:14:58.925-0400][234.431s][info][gc,phases   ] GC(199)   Merge Heap Roots: 0.20ms
[2026-09-05T11:14:58.925-0400][234.431s][info][gc,phases   ] GC(199)   Evacuate Collection Set: 2.56ms
[2026-09-05T11:14:58.925-0400][234.431s][info][gc,phases   ] GC(199)   Post Evacuate Collection Set: 0.66ms
[2026-09-05T11:14:58.925-0400][234.431s][info][gc,phases   ] GC(199)   Other: 0.21ms
[2026-09-05T11:14:58.925-0400][234.431s][info][gc,heap     ] GC(199) Eden regions: 443->0(430)
[2026-09-05T11:14:58.925-0400][234.431s][info][gc,heap     ] GC(199) Survivor regions: 3->9(56)
[2026-09-05T11:14:58.925-0400][234.431s][info][gc,heap     ] GC(199) Old regions: 597->597
[2026-09-05T11:14:58.925-0400][234.431s][info][gc,heap     ] GC(199) Archive regions: 0->0
[2026-09-05T11:14:58.925-0400][234.431s][info][gc,heap     ] GC(199) Humongous regions: 26->26
[2026-09-05T11:14:58.925-0400][234.431s][info][gc,metaspace] GC(199) Metaspace: 152889K(155520K)->152889K(155520K) NonClass: 131171K(132608K)->131171K(132608K) Class: 21717K(22912K)->21717K(22912K)
[2026-09-05T11:14:58.925-0400][234.431s][info][gc          ] GC(199) Pause Young (Normal) (GCLocker Initiated GC) 2135M->1263M(2388M) 3.953ms
[2026-09-05T11:14:58.925-0400][234.431s][info][gc,cpu      ] GC(199) User=0.00s Sys=0.00s Real=0.00s
[2026-09-05T11:14:59.057-0400][234.564s][info][gc,start    ] GC(200) Pause Young (Normal) (G1 Evacuation Pause)
[2026-09-05T11:14:59.057-0400][234.564s][info][gc,task     ] GC(200) Using 23 workers of 23 for evacuation
[2026-09-05T11:14:59.059-0400][234.567s][info][gc,phases   ] GC(200)   Pre Evacuate Collection Set: 0.09ms
[2026-09-05T11:14:59.060-0400][234.567s][info][gc,phases   ] GC(200)   Merge Heap Roots: 0.13ms
[2026-09-05T11:14:59.060-0400][234.567s][info][gc,phases   ] GC(200)   Evacuate Collection Set: 2.25ms
[2026-09-05T11:14:59.060-0400][234.567s][info][gc,phases   ] GC(200)   Post Evacuate Collection Set: 0.47ms
[2026-09-05T11:14:59.060-0400][234.567s][info][gc,phases   ] GC(200)   Other: 0.15ms
[2026-09-05T11:14:59.060-0400][234.567s][info][gc,heap     ] GC(200) Eden regions: 430->0(426)
[2026-09-05T11:14:59.060-0400][234.567s][info][gc,heap     ] GC(200) Survivor regions: 9->12(55)
[2026-09-05T11:14:59.060-0400][234.567s][info][gc,heap     ] GC(200) Old regions: 597->597
[2026-09-05T11:14:59.060-0400][234.567s][info][gc,heap     ] GC(200) Archive regions: 0->0
[2026-09-05T11:14:59.060-0400][234.567s][info][gc,heap     ] GC(200) Humongous regions: 26->26
[2026-09-05T11:14:59.060-0400][234.567s][info][gc,metaspace] GC(200) Metaspace: 152889K(155520K)->152889K(155520K) NonClass: 131171K(132608K)->131171K(132608K) Class: 21717K(22912K)->21717K(22912K)
[2026-09-05T11:14:59.060-0400][234.567s][info][gc          ] GC(200) Pause Young (Normal) (G1 Evacuation Pause) 2123M->1268M(2388M) 3.286ms
[2026-09-05T11:14:59.060-0400][234.567s][info][gc,cpu      ] GC(200) User=0.38s Sys=0.02s Real=0.00s
[2026-09-05T11:14:59.623-0400][235.130s][info][gc,start    ] GC(201) Pause Young (Normal) (G1 Evacuation Pause)
[2026-09-05T11:14:59.623-0400][235.131s][info][gc,task     ] GC(201) Using 23 workers of 23 for evacuation
[2026-09-05T11:14:59.629-0400][235.135s][info][gc,phases   ] GC(201)   Pre Evacuate Collection Set: 0.22ms
[2026-09-05T11:14:59.629-0400][235.135s][info][gc,phases   ] GC(201)   Merge Heap Roots: 0.22ms
[2026-09-05T11:14:59.629-0400][235.135s][info][gc,phases   ] GC(201)   Evacuate Collection Set: 3.38ms
[2026-09-05T11:14:59.629-0400][235.135s][info][gc,phases   ] GC(201)   Post Evacuate Collection Set: 0.73ms
[2026-09-05T11:14:59.629-0400][235.135s][info][gc,phases   ] GC(201)   Other: 0.29ms
[2026-09-05T11:14:59.629-0400][235.135s][info][gc,heap     ] GC(201) Eden regions: 426->0(416)
[2026-09-05T11:14:59.629-0400][235.135s][info][gc,heap     ] GC(201) Survivor regions: 12->17(55)
[2026-09-05T11:14:59.629-0400][235.135s][info][gc,heap     ] GC(201) Old regions: 597->597
[2026-09-05T11:14:59.629-0400][235.135s][info][gc,heap     ] GC(201) Archive regions: 0->0
[2026-09-05T11:14:59.629-0400][235.135s][info][gc,heap     ] GC(201) Humongous regions: 26->26
[2026-09-05T11:14:59.629-0400][235.135s][info][gc,metaspace] GC(201) Metaspace: 152946K(155520K)->152946K(155520K) NonClass: 131214K(132608K)->131214K(132608K) Class: 21731K(22912K)->21731K(22912K)
[2026-09-05T11:14:59.629-0400][235.135s][info][gc          ] GC(201) Pause Young (Normal) (G1 Evacuation Pause) 2120M->1278M(2388M) 4.940ms
[2026-09-05T11:14:59.629-0400][235.135s][info][gc,cpu      ] GC(201) User=0.00s Sys=0.00s Real=0.01s
[2026-09-05T11:14:59.863-0400][235.370s][info][gc,start    ] GC(202) Pause Young (Normal) (G1 Evacuation Pause)
[2026-09-05T11:14:59.863-0400][235.370s][info][gc,task     ] GC(202) Using 23 workers of 23 for evacuation
[2026-09-05T11:14:59.867-0400][235.374s][info][gc,phases   ] GC(202)   Pre Evacuate Collection Set: 0.18ms
[2026-09-05T11:14:59.867-0400][235.374s][info][gc,phases   ] GC(202)   Merge Heap Roots: 0.14ms
[2026-09-05T11:14:59.867-0400][235.374s][info][gc,phases   ] GC(202)   Evacuate Collection Set: 2.67ms
[2026-09-05T11:14:59.867-0400][235.374s][info][gc,phases   ] GC(202)   Post Evacuate Collection Set: 0.80ms
[2026-09-05T11:14:59.867-0400][235.374s][info][gc,phases   ] GC(202)   Other: 0.14ms
[2026-09-05T11:14:59.867-0400][235.374s][info][gc,heap     ] GC(202) Eden regions: 416->0(412)
[2026-09-05T11:14:59.867-0400][235.374s][info][gc,heap     ] GC(202) Survivor regions: 17->19(55)
[2026-09-05T11:14:59.867-0400][235.374s][info][gc,heap     ] GC(202) Old regions: 597->598
[2026-09-05T11:14:59.867-0400][235.374s][info][gc,heap     ] GC(202) Archive regions: 0->0
[2026-09-05T11:14:59.867-0400][235.374s][info][gc,heap     ] GC(202) Humongous regions: 26->26
[2026-09-05T11:14:59.867-0400][235.374s][info][gc,metaspace] GC(202) Metaspace: 152955K(155520K)->152955K(155520K) NonClass: 131220K(132608K)->131220K(132608K) Class: 21734K(22912K)->21734K(22912K)
[2026-09-05T11:14:59.867-0400][235.374s][info][gc          ] GC(202) Pause Young (Normal) (G1 Evacuation Pause) 2110M->1283M(2388M) 4.039ms
[2026-09-05T11:14:59.867-0400][235.374s][info][gc,cpu      ] GC(202) User=0.00s Sys=0.00s Real=0.00s
[2026-09-05T11:15:00.176-0400][235.683s][info][gc,start    ] GC(203) Pause Young (Normal) (G1 Evacuation Pause)
[2026-09-05T11:15:00.176-0400][235.683s][info][gc,task     ] GC(203) Using 23 workers of 23 for evacuation
[2026-09-05T11:15:00.181-0400][235.689s][info][gc,phases   ] GC(203)   Pre Evacuate Collection Set: 0.20ms
[2026-09-05T11:15:00.181-0400][235.689s][info][gc,phases   ] GC(203)   Merge Heap Roots: 0.17ms
[2026-09-05T11:15:00.181-0400][235.689s][info][gc,phases   ] GC(203)   Evacuate Collection Set: 4.16ms
[2026-09-05T11:15:00.181-0400][235.689s][info][gc,phases   ] GC(203)   Post Evacuate Collection Set: 0.61ms
[2026-09-05T11:15:00.181-0400][235.689s][info][gc,phases   ] GC(203)   Other: 0.22ms
[2026-09-05T11:15:00.181-0400][235.689s][info][gc,heap     ] GC(203) Eden regions: 412->0(404)
[2026-09-05T11:15:00.181-0400][235.689s][info][gc,heap     ] GC(203) Survivor regions: 19->23(54)
[2026-09-05T11:15:00.181-0400][235.689s][info][gc,heap     ] GC(203) Old regions: 598->598
[2026-09-05T11:15:00.181-0400][235.689s][info][gc,heap     ] GC(203) Archive regions: 0->0
[2026-09-05T11:15:00.181-0400][235.689s][info][gc,heap     ] GC(203) Humongous regions: 26->26
[2026-09-05T11:15:00.181-0400][235.689s][info][gc,metaspace] GC(203) Metaspace: 152956K(155520K)->152956K(155520K) NonClass: 131221K(132608K)->131221K(132608K) Class: 21734K(22912K)->21734K(22912K)
[2026-09-05T11:15:00.181-0400][235.689s][info][gc          ] GC(203) Pause Young (Normal) (G1 Evacuation Pause) 2107M->1290M(2388M) 5.470ms
[2026-09-05T11:15:00.181-0400][235.689s][info][gc,cpu      ] GC(203) User=0.00s Sys=0.00s Real=0.00s
[2026-09-05T11:15:00.568-0400][236.075s][info][gc,start    ] GC(204) Pause Young (Normal) (GCLocker Initiated GC)
[2026-09-05T11:15:00.568-0400][236.075s][info][gc,task     ] GC(204) Using 23 workers of 23 for evacuation
[2026-09-05T11:15:00.572-0400][236.079s][info][gc,phases   ] GC(204)   Pre Evacuate Collection Set: 0.23ms
[2026-09-05T11:15:00.572-0400][236.079s][info][gc,phases   ] GC(204)   Merge Heap Roots: 0.17ms
[2026-09-05T11:15:00.572-0400][236.079s][info][gc,phases   ] GC(204)   Evacuate Collection Set: 3.04ms
[2026-09-05T11:15:00.572-0400][236.079s][info][gc,phases   ] GC(204)   Post Evacuate Collection Set: 0.58ms
[2026-09-05T11:15:00.572-0400][236.079s][info][gc,phases   ] GC(204)   Other: 0.13ms
[2026-09-05T11:15:00.572-0400][236.079s][info][gc,heap     ] GC(204) Eden regions: 404->0(404)
[2026-09-05T11:15:00.572-0400][236.079s][info][gc,heap     ] GC(204) Survivor regions: 23->23(54)
[2026-09-05T11:15:00.572-0400][236.079s][info][gc,heap     ] GC(204) Old regions: 598->598
[2026-09-05T11:15:00.572-0400][236.079s][info][gc,heap     ] GC(204) Archive regions: 0->0
[2026-09-05T11:15:00.572-0400][236.079s][info][gc,heap     ] GC(204) Humongous regions: 26->26
[2026-09-05T11:15:00.572-0400][236.079s][info][gc,metaspace] GC(204) Metaspace: 152956K(155520K)->152956K(155520K) NonClass: 131221K(132608K)->131221K(132608K) Class: 21734K(22912K)->21734K(22912K)
[2026-09-05T11:15:00.572-0400][236.079s][info][gc          ] GC(204) Pause Young (Normal) (GCLocker Initiated GC) 2098M->1292M(2388M) 4.270ms
[2026-09-05T11:15:00.572-0400][236.079s][info][gc,cpu      ] GC(204) User=0.00s Sys=0.00s Real=0.00s
[2026-09-05T11:15:01.015-0400][236.522s][info][gc,start    ] GC(205) Pause Young (Normal) (GCLocker Initiated GC)
[2026-09-05T11:15:01.015-0400][236.522s][info][gc,task     ] GC(205) Using 23 workers of 23 for evacuation
[2026-09-05T11:15:01.021-0400][236.527s][info][gc,phases   ] GC(205)   Pre Evacuate Collection Set: 0.26ms
[2026-09-05T11:15:01.021-0400][236.528s][info][gc,phases   ] GC(205)   Merge Heap Roots: 0.20ms
[2026-09-05T11:15:01.021-0400][236.528s][info][gc,phases   ] GC(205)   Evacuate Collection Set: 3.95ms
[2026-09-05T11:15:01.021-0400][236.528s][info][gc,phases   ] GC(205)   Post Evacuate Collection Set: 0.72ms
[2026-09-05T11:15:01.021-0400][236.528s][info][gc,phases   ] GC(205)   Other: 0.26ms
[2026-09-05T11:15:01.021-0400][236.528s][info][gc,heap     ] GC(205) Eden regions: 404->0(396)
[2026-09-05T11:15:01.021-0400][236.528s][info][gc,heap     ] GC(205) Survivor regions: 23->27(54)
[2026-09-05T11:15:01.021-0400][236.528s][info][gc,heap     ] GC(205) Old regions: 598->598
[2026-09-05T11:15:01.021-0400][236.528s][info][gc,heap     ] GC(205) Archive regions: 0->0
[2026-09-05T11:15:01.021-0400][236.528s][info][gc,heap     ] GC(205) Humongous regions: 26->26
[2026-09-05T11:15:01.021-0400][236.528s][info][gc,metaspace] GC(205) Metaspace: 152960K(155520K)->152960K(155520K) NonClass: 131225K(132608K)->131225K(132608K) Class: 21735K(22912K)->21735K(22912K)
[2026-09-05T11:15:01.021-0400][236.528s][info][gc          ] GC(205) Pause Young (Normal) (GCLocker Initiated GC) 2100M->1300M(2388M) 5.480ms
[2026-09-05T11:15:01.021-0400][236.528s][info][gc,cpu      ] GC(205) User=0.00s Sys=0.00s Real=0.01s
[2026-09-05T11:15:01.450-0400][236.957s][info][gc,start    ] GC(206) Pause Young (Normal) (G1 Evacuation Pause)
[2026-09-05T11:15:01.450-0400][236.957s][info][gc,task     ] GC(206) Using 23 workers of 23 for evacuation
[2026-09-05T11:15:01.456-0400][236.963s][info][gc,phases   ] GC(206)   Pre Evacuate Collection Set: 0.29ms
[2026-09-05T11:15:01.456-0400][236.963s][info][gc,phases   ] GC(206)   Merge Heap Roots: 0.19ms
[2026-09-05T11:15:01.456-0400][236.963s][info][gc,phases   ] GC(206)   Evacuate Collection Set: 4.14ms
[2026-09-05T11:15:01.456-0400][236.963s][info][gc,phases   ] GC(206)   Post Evacuate Collection Set: 0.74ms
[2026-09-05T11:15:01.456-0400][236.963s][info][gc,phases   ] GC(206)   Other: 0.22ms
[2026-09-05T11:15:01.456-0400][236.963s][info][gc,heap     ] GC(206) Eden regions: 396->0(390)
[2026-09-05T11:15:01.456-0400][236.963s][info][gc,heap     ] GC(206) Survivor regions: 27->30(53)
[2026-09-05T11:15:01.456-0400][236.963s][info][gc,heap     ] GC(206) Old regions: 598->598
[2026-09-05T11:15:01.456-0400][236.963s][info][gc,heap     ] GC(206) Archive regions: 0->0
[2026-09-05T11:15:01.456-0400][236.963s][info][gc,heap     ] GC(206) Humongous regions: 26->26
[2026-09-05T11:15:01.456-0400][236.963s][info][gc,metaspace] GC(206) Metaspace: 152962K(155520K)->152962K(155520K) NonClass: 131227K(132608K)->131227K(132608K) Class: 21735K(22912K)->21735K(22912K)
[2026-09-05T11:15:01.456-0400][236.963s][info][gc          ] GC(206) Pause Young (Normal) (G1 Evacuation Pause) 2092M->1305M(2388M) 5.681ms
[2026-09-05T11:15:01.456-0400][236.963s][info][gc,cpu      ] GC(206) User=0.00s Sys=0.00s Real=0.01s
[2026-09-05T11:15:01.762-0400][237.268s][info][gc,start    ] GC(207) Pause Young (Normal) (G1 Evacuation Pause)
[2026-09-05T11:15:01.762-0400][237.268s][info][gc,task     ] GC(207) Using 23 workers of 23 for evacuation
[2026-09-05T11:15:01.769-0400][237.276s][info][gc,phases   ] GC(207)   Pre Evacuate Collection Set: 0.23ms
[2026-09-05T11:15:01.769-0400][237.276s][info][gc,phases   ] GC(207)   Merge Heap Roots: 0.20ms
[2026-09-05T11:15:01.769-0400][237.276s][info][gc,phases   ] GC(207)   Evacuate Collection Set: 6.13ms
[2026-09-05T11:15:01.770-0400][237.276s][info][gc,phases   ] GC(207)   Post Evacuate Collection Set: 0.70ms
[2026-09-05T11:15:01.770-0400][237.276s][info][gc,phases   ] GC(207)   Other: 0.20ms
[2026-09-05T11:15:01.770-0400][237.276s][info][gc,heap     ] GC(207) Eden regions: 390->0(379)
[2026-09-05T11:15:01.770-0400][237.276s][info][gc,heap     ] GC(207) Survivor regions: 30->35(53)
[2026-09-05T11:15:01.770-0400][237.276s][info][gc,heap     ] GC(207) Old regions: 598->599
[2026-09-05T11:15:01.770-0400][237.276s][info][gc,heap     ] GC(207) Archive regions: 0->0
[2026-09-05T11:15:01.770-0400][237.276s][info][gc,heap     ] GC(207) Humongous regions: 26->26
[2026-09-05T11:15:01.770-0400][237.276s][info][gc,metaspace] GC(207) Metaspace: 153153K(155776K)->153153K(155776K) NonClass: 131388K(132800K)->131388K(132800K) Class: 21764K(22976K)->21764K(22976K)
[2026-09-05T11:15:01.770-0400][237.276s][info][gc          ] GC(207) Pause Young (Normal) (G1 Evacuation Pause) 2085M->1318M(2388M) 7.582ms
[2026-09-05T11:15:01.770-0400][237.276s][info][gc,cpu      ] GC(207) User=0.09s Sys=0.00s Real=0.01s
[2026-09-05T11:15:01.862-0400][237.369s][info][gc,start    ] GC(208) Pause Young (Normal) (G1 Evacuation Pause)
[2026-09-05T11:15:01.862-0400][237.369s][info][gc,task     ] GC(208) Using 23 workers of 23 for evacuation
[2026-09-05T11:15:01.869-0400][237.376s][info][gc,phases   ] GC(208)   Pre Evacuate Collection Set: 0.13ms
[2026-09-05T11:15:01.869-0400][237.376s][info][gc,phases   ] GC(208)   Merge Heap Roots: 0.17ms
[2026-09-05T11:15:01.869-0400][237.376s][info][gc,phases   ] GC(208)   Evacuate Collection Set: 5.76ms
[2026-09-05T11:15:01.869-0400][237.376s][info][gc,phases   ] GC(208)   Post Evacuate Collection Set: 0.55ms
[2026-09-05T11:15:01.869-0400][237.376s][info][gc,phases   ] GC(208)   Other: 0.17ms
[2026-09-05T11:15:01.869-0400][237.376s][info][gc,heap     ] GC(208) Eden regions: 379->0(383)
[2026-09-05T11:15:01.869-0400][237.376s][info][gc,heap     ] GC(208) Survivor regions: 35->30(52)
[2026-09-05T11:15:01.869-0400][237.376s][info][gc,heap     ] GC(208) Old regions: 599->605
[2026-09-05T11:15:01.869-0400][237.376s][info][gc,heap     ] GC(208) Archive regions: 0->0
[2026-09-05T11:15:01.869-0400][237.376s][info][gc,heap     ] GC(208) Humongous regions: 26->26
[2026-09-05T11:15:01.869-0400][237.376s][info][gc,metaspace] GC(208) Metaspace: 153153K(155776K)->153153K(155776K) NonClass: 131388K(132800K)->131388K(132800K) Class: 21764K(22976K)->21764K(22976K)
[2026-09-05T11:15:01.869-0400][237.376s][info][gc          ] GC(208) Pause Young (Normal) (G1 Evacuation Pause) 2076M->1320M(2388M) 6.907ms
[2026-09-05T11:15:01.869-0400][237.376s][info][gc,cpu      ] GC(208) User=0.00s Sys=0.00s Real=0.01s
[2026-09-05T11:15:02.267-0400][237.774s][info][gc,start    ] GC(209) Pause Young (Normal) (G1 Evacuation Pause)
[2026-09-05T11:15:02.267-0400][237.774s][info][gc,task     ] GC(209) Using 23 workers of 23 for evacuation
[2026-09-05T11:15:02.272-0400][237.779s][info][gc,phases   ] GC(209)   Pre Evacuate Collection Set: 0.22ms
[2026-09-05T11:15:02.272-0400][237.779s][info][gc,phases   ] GC(209)   Merge Heap Roots: 0.13ms
[2026-09-05T11:15:02.272-0400][237.779s][info][gc,phases   ] GC(209)   Evacuate Collection Set: 3.57ms
[2026-09-05T11:15:02.272-0400][237.779s][info][gc,phases   ] GC(209)   Post Evacuate Collection Set: 0.60ms
[2026-09-05T11:15:02.272-0400][237.779s][info][gc,phases   ] GC(209)   Other: 0.12ms
[2026-09-05T11:15:02.272-0400][237.779s][info][gc,heap     ] GC(209) Eden regions: 383->0(386)
[2026-09-05T11:15:02.272-0400][237.779s][info][gc,heap     ] GC(209) Survivor regions: 30->26(52)
[2026-09-05T11:15:02.272-0400][237.779s][info][gc,heap     ] GC(209) Old regions: 605->610
[2026-09-05T11:15:02.272-0400][237.779s][info][gc,heap     ] GC(209) Archive regions: 0->0
[2026-09-05T11:15:02.272-0400][237.779s][info][gc,heap     ] GC(209) Humongous regions: 26->26
[2026-09-05T11:15:02.272-0400][237.779s][info][gc,metaspace] GC(209) Metaspace: 153157K(155776K)->153157K(155776K) NonClass: 131392K(132800K)->131392K(132800K) Class: 21764K(22976K)->21764K(22976K)
[2026-09-05T11:15:02.272-0400][237.779s][info][gc          ] GC(209) Pause Young (Normal) (G1 Evacuation Pause) 2086M->1322M(2388M) 4.767ms
[2026-09-05T11:15:02.272-0400][237.779s][info][gc,cpu      ] GC(209) User=0.00s Sys=0.00s Real=0.01s
[2026-09-05T11:15:02.705-0400][238.212s][info][gc,start    ] GC(210) Pause Young (Normal) (G1 Evacuation Pause)
[2026-09-05T11:15:02.705-0400][238.212s][info][gc,task     ] GC(210) Using 23 workers of 23 for evacuation
[2026-09-05T11:15:02.710-0400][238.217s][info][gc,phases   ] GC(210)   Pre Evacuate Collection Set: 0.23ms
[2026-09-05T11:15:02.710-0400][238.217s][info][gc,phases   ] GC(210)   Merge Heap Roots: 0.20ms
[2026-09-05T11:15:02.710-0400][238.217s][info][gc,phases   ] GC(210)   Evacuate Collection Set: 3.60ms
[2026-09-05T11:15:02.710-0400][238.217s][info][gc,phases   ] GC(210)   Post Evacuate Collection Set: 0.74ms
[2026-09-05T11:15:02.710-0400][238.217s][info][gc,phases   ] GC(210)   Other: 0.16ms
[2026-09-05T11:15:02.710-0400][238.217s][info][gc,heap     ] GC(210) Eden regions: 386->0(384)
[2026-09-05T11:15:02.710-0400][238.217s][info][gc,heap     ] GC(210) Survivor regions: 26->27(52)
[2026-09-05T11:15:02.710-0400][238.217s][info][gc,heap     ] GC(210) Old regions: 610->610
[2026-09-05T11:15:02.710-0400][238.217s][info][gc,heap     ] GC(210) Archive regions: 0->0
[2026-09-05T11:15:02.710-0400][238.217s][info][gc,heap     ] GC(210) Humongous regions: 26->26
[2026-09-05T11:15:02.710-0400][238.217s][info][gc,metaspace] GC(210) Metaspace: 153182K(155776K)->153182K(155776K) NonClass: 131412K(132800K)->131412K(132800K) Class: 21770K(22976K)->21770K(22976K)
[2026-09-05T11:15:02.710-0400][238.217s][info][gc          ] GC(210) Pause Young (Normal) (G1 Evacuation Pause) 2094M->1324M(2388M) 5.079ms
[2026-09-05T11:15:02.710-0400][238.217s][info][gc,cpu      ] GC(210) User=0.00s Sys=0.00s Real=0.01s
[2026-09-05T11:15:02.960-0400][238.467s][info][gc,start    ] GC(211) Pause Young (Normal) (G1 Evacuation Pause)
[2026-09-05T11:15:02.960-0400][238.467s][info][gc,task     ] GC(211) Using 23 workers of 23 for evacuation
[2026-09-05T11:15:02.965-0400][238.472s][info][gc,phases   ] GC(211)   Pre Evacuate Collection Set: 0.18ms
[2026-09-05T11:15:02.965-0400][238.472s][info][gc,phases   ] GC(211)   Merge Heap Roots: 0.20ms
[2026-09-05T11:15:02.965-0400][238.472s][info][gc,phases   ] GC(211)   Evacuate Collection Set: 4.12ms
[2026-09-05T11:15:02.965-0400][238.472s][info][gc,phases   ] GC(211)   Post Evacuate Collection Set: 0.57ms
[2026-09-05T11:15:02.965-0400][238.472s][info][gc,phases   ] GC(211)   Other: 0.22ms
[2026-09-05T11:15:02.965-0400][238.472s][info][gc,heap     ] GC(211) Eden regions: 384->0(378)
[2026-09-05T11:15:02.965-0400][238.472s][info][gc,heap     ] GC(211) Survivor regions: 27->30(52)
[2026-09-05T11:15:02.965-0400][238.472s][info][gc,heap     ] GC(211) Old regions: 610->610
[2026-09-05T11:15:02.965-0400][238.472s][info][gc,heap     ] GC(211) Archive regions: 0->0
[2026-09-05T11:15:02.965-0400][238.472s][info][gc,heap     ] GC(211) Humongous regions: 26->26
[2026-09-05T11:15:02.965-0400][238.472s][info][gc,metaspace] GC(211) Metaspace: 153186K(155776K)->153186K(155776K) NonClass: 131415K(132800K)->131415K(132800K) Class: 21770K(22976K)->21770K(22976K)
[2026-09-05T11:15:02.965-0400][238.472s][info][gc          ] GC(211) Pause Young (Normal) (G1 Evacuation Pause) 2092M->1329M(2388M) 5.407ms
[2026-09-05T11:15:02.965-0400][238.472s][info][gc,cpu      ] GC(211) User=0.11s Sys=0.02s Real=0.00s
[2026-09-05T11:15:03.445-0400][238.952s][info][gc,start    ] GC(212) Pause Young (Normal) (G1 Evacuation Pause)
[2026-09-05T11:15:03.445-0400][238.952s][info][gc,task     ] GC(212) Using 23 workers of 23 for evacuation
[2026-09-05T11:15:03.451-0400][238.958s][info][gc,phases   ] GC(212)   Pre Evacuate Collection Set: 0.22ms
[2026-09-05T11:15:03.451-0400][238.958s][info][gc,phases   ] GC(212)   Merge Heap Roots: 0.17ms
[2026-09-05T11:15:03.451-0400][238.958s][info][gc,phases   ] GC(212)   Evacuate Collection Set: 4.51ms
[2026-09-05T11:15:03.451-0400][238.958s][info][gc,phases   ] GC(212)   Post Evacuate Collection Set: 0.64ms
[2026-09-05T11:15:03.451-0400][238.958s][info][gc,phases   ] GC(212)   Other: 0.19ms
[2026-09-05T11:15:03.451-0400][238.958s][info][gc,heap     ] GC(212) Eden regions: 378->0(374)
[2026-09-05T11:15:03.451-0400][238.958s][info][gc,heap     ] GC(212) Survivor regions: 30->31(51)
[2026-09-05T11:15:03.451-0400][238.958s][info][gc,heap     ] GC(212) Old regions: 610->612
[2026-09-05T11:15:03.451-0400][238.958s][info][gc,heap     ] GC(212) Archive regions: 0->0
[2026-09-05T11:15:03.451-0400][238.958s][info][gc,heap     ] GC(212) Humongous regions: 26->26
[2026-09-05T11:15:03.451-0400][238.958s][info][gc,metaspace] GC(212) Metaspace: 153187K(155776K)->153187K(155776K) NonClass: 131417K(132800K)->131417K(132800K) Class: 21770K(22976K)->21770K(22976K)
[2026-09-05T11:15:03.451-0400][238.958s][info][gc          ] GC(212) Pause Young (Normal) (G1 Evacuation Pause) 2085M->1335M(2388M) 5.859ms
[2026-09-05T11:15:03.451-0400][238.958s][info][gc,cpu      ] GC(212) User=0.36s Sys=0.03s Real=0.01s
[2026-09-05T11:15:03.565-0400][239.072s][info][gc,start    ] GC(213) Pause Young (Normal) (G1 Evacuation Pause)
[2026-09-05T11:15:03.565-0400][239.072s][info][gc,task     ] GC(213) Using 23 workers of 23 for evacuation
[2026-09-05T11:15:03.571-0400][239.078s][info][gc,phases   ] GC(213)   Pre Evacuate Collection Set: 0.12ms
[2026-09-05T11:15:03.571-0400][239.078s][info][gc,phases   ] GC(213)   Merge Heap Roots: 0.15ms
[2026-09-05T11:15:03.571-0400][239.078s][info][gc,phases   ] GC(213)   Evacuate Collection Set: 4.60ms
[2026-09-05T11:15:03.571-0400][239.078s][info][gc,phases   ] GC(213)   Post Evacuate Collection Set: 0.54ms
[2026-09-05T11:15:03.571-0400][239.078s][info][gc,phases   ] GC(213)   Other: 0.15ms
[2026-09-05T11:15:03.571-0400][239.078s][info][gc,heap     ] GC(213) Eden regions: 374->0(373)
[2026-09-05T11:15:03.571-0400][239.078s][info][gc,heap     ] GC(213) Survivor regions: 31->30(51)
[2026-09-05T11:15:03.571-0400][239.078s][info][gc,heap     ] GC(213) Old regions: 612->615
[2026-09-05T11:15:03.571-0400][239.078s][info][gc,heap     ] GC(213) Archive regions: 0->0
[2026-09-05T11:15:03.571-0400][239.078s][info][gc,heap     ] GC(213) Humongous regions: 26->26
[2026-09-05T11:15:03.571-0400][239.078s][info][gc,metaspace] GC(213) Metaspace: 153187K(155776K)->153187K(155776K) NonClass: 131417K(132800K)->131417K(132800K) Class: 21770K(22976K)->21770K(22976K)
[2026-09-05T11:15:03.571-0400][239.078s][info][gc          ] GC(213) Pause Young (Normal) (G1 Evacuation Pause) 2083M->1340M(2388M) 5.679ms
[2026-09-05T11:15:03.571-0400][239.078s][info][gc,cpu      ] GC(213) User=0.00s Sys=0.00s Real=0.01s
[2026-09-05T11:15:03.968-0400][239.474s][info][gc,start    ] GC(214) Pause Young (Normal) (G1 Evacuation Pause)
[2026-09-05T11:15:03.968-0400][239.474s][info][gc,task     ] GC(214) Using 23 workers of 23 for evacuation
[2026-09-05T11:15:03.973-0400][239.479s][info][gc,phases   ] GC(214)   Pre Evacuate Collection Set: 0.19ms
[2026-09-05T11:15:03.973-0400][239.479s][info][gc,phases   ] GC(214)   Merge Heap Roots: 0.20ms
[2026-09-05T11:15:03.973-0400][239.479s][info][gc,phases   ] GC(214)   Evacuate Collection Set: 4.09ms
[2026-09-05T11:15:03.973-0400][239.479s][info][gc,phases   ] GC(214)   Post Evacuate Collection Set: 0.66ms
[2026-09-05T11:15:03.973-0400][239.479s][info][gc,phases   ] GC(214)   Other: 0.15ms
[2026-09-05T11:15:03.973-0400][239.479s][info][gc,heap     ] GC(214) Eden regions: 373->0(376)
[2026-09-05T11:15:03.973-0400][239.479s][info][gc,heap     ] GC(214) Survivor regions: 30->26(51)
[2026-09-05T11:15:03.973-0400][239.479s][info][gc,heap     ] GC(214) Old regions: 615->620
[2026-09-05T11:15:03.973-0400][239.479s][info][gc,heap     ] GC(214) Archive regions: 0->0
[2026-09-05T11:15:03.973-0400][239.479s][info][gc,heap     ] GC(214) Humongous regions: 26->26
[2026-09-05T11:15:03.973-0400][239.479s][info][gc,metaspace] GC(214) Metaspace: 153188K(155840K)->153188K(155840K) NonClass: 131417K(132864K)->131417K(132864K) Class: 21770K(22976K)->21770K(22976K)
[2026-09-05T11:15:03.973-0400][239.479s][info][gc          ] GC(214) Pause Young (Normal) (G1 Evacuation Pause) 2086M->1342M(2388M) 5.400ms
[2026-09-05T11:15:03.973-0400][239.479s][info][gc,cpu      ] GC(214) User=0.00s Sys=0.00s Real=0.01s
[2026-09-05T11:15:04.335-0400][239.842s][info][gc,start    ] GC(215) Pause Young (Normal) (G1 Evacuation Pause)
[2026-09-05T11:15:04.335-0400][239.842s][info][gc,task     ] GC(215) Using 23 workers of 23 for evacuation
[2026-09-05T11:15:04.341-0400][239.848s][info][gc,phases   ] GC(215)   Pre Evacuate Collection Set: 0.20ms
[2026-09-05T11:15:04.341-0400][239.848s][info][gc,phases   ] GC(215)   Merge Heap Roots: 0.18ms
[2026-09-05T11:15:04.341-0400][239.848s][info][gc,phases   ] GC(215)   Evacuate Collection Set: 4.23ms
[2026-09-05T11:15:04.341-0400][239.848s][info][gc,phases   ] GC(215)   Post Evacuate Collection Set: 0.76ms
[2026-09-05T11:15:04.341-0400][239.848s][info][gc,phases   ] GC(215)   Other: 0.18ms
[2026-09-05T11:15:04.341-0400][239.848s][info][gc,heap     ] GC(215) Eden regions: 376->0(370)
[2026-09-05T11:15:04.341-0400][239.848s][info][gc,heap     ] GC(215) Survivor regions: 26->29(51)
[2026-09-05T11:15:04.341-0400][239.848s][info][gc,heap     ] GC(215) Old regions: 620->620
[2026-09-05T11:15:04.341-0400][239.848s][info][gc,heap     ] GC(215) Archive regions: 0->0
[2026-09-05T11:15:04.341-0400][239.848s][info][gc,heap     ] GC(215) Humongous regions: 26->26
[2026-09-05T11:15:04.341-0400][239.848s][info][gc,metaspace] GC(215) Metaspace: 153195K(155840K)->153195K(155840K) NonClass: 131425K(132864K)->131425K(132864K) Class: 21770K(22976K)->21770K(22976K)
[2026-09-05T11:15:04.341-0400][239.848s][info][gc          ] GC(215) Pause Young (Normal) (G1 Evacuation Pause) 2094M->1347M(2388M) 5.678ms
[2026-09-05T11:15:04.341-0400][239.848s][info][gc,cpu      ] GC(215) User=0.00s Sys=0.02s Real=0.01s
[2026-09-05T11:15:04.653-0400][240.160s][info][gc,start    ] GC(216) Pause Young (Normal) (G1 Evacuation Pause)
[2026-09-05T11:15:04.653-0400][240.160s][info][gc,task     ] GC(216) Using 23 workers of 23 for evacuation
[2026-09-05T11:15:04.660-0400][240.166s][info][gc,phases   ] GC(216)   Pre Evacuate Collection Set: 0.16ms
[2026-09-05T11:15:04.660-0400][240.166s][info][gc,phases   ] GC(216)   Merge Heap Roots: 0.20ms
[2026-09-05T11:15:04.660-0400][240.167s][info][gc,phases   ] GC(216)   Evacuate Collection Set: 5.65ms
[2026-09-05T11:15:04.660-0400][240.167s][info][gc,phases   ] GC(216)   Post Evacuate Collection Set: 0.60ms
[2026-09-05T11:15:04.660-0400][240.167s][info][gc,phases   ] GC(216)   Other: 0.17ms
[2026-09-05T11:15:04.660-0400][240.167s][info][gc,heap     ] GC(216) Eden regions: 370->0(363)
[2026-09-05T11:15:04.660-0400][240.167s][info][gc,heap     ] GC(216) Survivor regions: 29->31(50)
[2026-09-05T11:15:04.660-0400][240.167s][info][gc,heap     ] GC(216) Old regions: 620->623
[2026-09-05T11:15:04.660-0400][240.167s][info][gc,heap     ] GC(216) Archive regions: 0->0
[2026-09-05T11:15:04.660-0400][240.167s][info][gc,heap     ] GC(216) Humongous regions: 26->26
[2026-09-05T11:15:04.660-0400][240.167s][info][gc,metaspace] GC(216) Metaspace: 153195K(155840K)->153195K(155840K) NonClass: 131425K(132864K)->131425K(132864K) Class: 21770K(22976K)->21770K(22976K)
[2026-09-05T11:15:04.660-0400][240.167s][info][gc          ] GC(216) Pause Young (Normal) (G1 Evacuation Pause) 2087M->1357M(2388M) 6.915ms
[2026-09-05T11:15:04.660-0400][240.167s][info][gc,cpu      ] GC(216) User=0.00s Sys=0.00s Real=0.01s
[2026-09-05T11:15:05.010-0400][240.517s][info][gc,start    ] GC(217) Pause Young (Normal) (G1 Evacuation Pause)
[2026-09-05T11:15:05.010-0400][240.517s][info][gc,task     ] GC(217) Using 23 workers of 23 for evacuation
[2026-09-05T11:15:05.015-0400][240.522s][info][gc,phases   ] GC(217)   Pre Evacuate Collection Set: 0.17ms
[2026-09-05T11:15:05.016-0400][240.522s][info][gc,phases   ] GC(217)   Merge Heap Roots: 0.27ms
[2026-09-05T11:15:05.016-0400][240.522s][info][gc,phases   ] GC(217)   Evacuate Collection Set: 3.94ms
[2026-09-05T11:15:05.016-0400][240.522s][info][gc,phases   ] GC(217)   Post Evacuate Collection Set: 0.80ms
[2026-09-05T11:15:05.016-0400][240.522s][info][gc,phases   ] GC(217)   Other: 0.16ms
[2026-09-05T11:15:05.016-0400][240.522s][info][gc,heap     ] GC(217) Eden regions: 363->0(366)
[2026-09-05T11:15:05.016-0400][240.522s][info][gc,heap     ] GC(217) Survivor regions: 31->28(50)
[2026-09-05T11:15:05.016-0400][240.522s][info][gc,heap     ] GC(217) Old regions: 623->626
[2026-09-05T11:15:05.016-0400][240.522s][info][gc,heap     ] GC(217) Archive regions: 0->0
[2026-09-05T11:15:05.016-0400][240.522s][info][gc,heap     ] GC(217) Humongous regions: 26->26
[2026-09-05T11:15:05.016-0400][240.522s][info][gc,metaspace] GC(217) Metaspace: 153196K(155840K)->153196K(155840K) NonClass: 131425K(132864K)->131425K(132864K) Class: 21770K(22976K)->21770K(22976K)
[2026-09-05T11:15:05.016-0400][240.522s][info][gc          ] GC(217) Pause Young (Normal) (G1 Evacuation Pause) 2083M->1359M(2388M) 5.454ms
[2026-09-05T11:15:05.016-0400][240.522s][info][gc,cpu      ] GC(217) User=0.31s Sys=0.02s Real=0.01s
[2026-09-05T11:15:05.182-0400][240.689s][info][gc,start    ] GC(218) Pause Young (Normal) (G1 Evacuation Pause)
[2026-09-05T11:15:05.182-0400][240.689s][info][gc,task     ] GC(218) Using 23 workers of 23 for evacuation
[2026-09-05T11:15:05.189-0400][240.695s][info][gc,phases   ] GC(218)   Pre Evacuate Collection Set: 0.20ms
[2026-09-05T11:15:05.189-0400][240.696s][info][gc,phases   ] GC(218)   Merge Heap Roots: 0.19ms
[2026-09-05T11:15:05.189-0400][240.696s][info][gc,phases   ] GC(218)   Evacuate Collection Set: 4.89ms
[2026-09-05T11:15:05.189-0400][240.696s][info][gc,phases   ] GC(218)   Post Evacuate Collection Set: 0.71ms
[2026-09-05T11:15:05.189-0400][240.696s][info][gc,phases   ] GC(218)   Other: 0.17ms
[2026-09-05T11:15:05.189-0400][240.696s][info][gc,heap     ] GC(218) Eden regions: 366->0(362)
[2026-09-05T11:15:05.189-0400][240.696s][info][gc,heap     ] GC(218) Survivor regions: 28->30(50)
[2026-09-05T11:15:05.189-0400][240.696s][info][gc,heap     ] GC(218) Old regions: 626->626
[2026-09-05T11:15:05.189-0400][240.696s][info][gc,heap     ] GC(218) Archive regions: 0->0
[2026-09-05T11:15:05.189-0400][240.696s][info][gc,heap     ] GC(218) Humongous regions: 26->26
[2026-09-05T11:15:05.189-0400][240.696s][info][gc,metaspace] GC(218) Metaspace: 153213K(155840K)->153213K(155840K) NonClass: 131439K(132864K)->131439K(132864K) Class: 21774K(22976K)->21774K(22976K)
[2026-09-05T11:15:05.189-0400][240.696s][info][gc          ] GC(218) Pause Young (Normal) (G1 Evacuation Pause) 2091M->1363M(2388M) 6.298ms
[2026-09-05T11:15:05.189-0400][240.696s][info][gc,cpu      ] GC(218) User=0.36s Sys=0.00s Real=0.01s
[2026-09-05T11:15:05.603-0400][241.110s][info][gc,start    ] GC(219) Pause Young (Normal) (G1 Evacuation Pause)
[2026-09-05T11:15:05.603-0400][241.110s][info][gc,task     ] GC(219) Using 23 workers of 23 for evacuation
[2026-09-05T11:15:05.609-0400][241.116s][info][gc,phases   ] GC(219)   Pre Evacuate Collection Set: 0.20ms
[2026-09-05T11:15:05.609-0400][241.116s][info][gc,phases   ] GC(219)   Merge Heap Roots: 0.21ms
[2026-09-05T11:15:05.609-0400][241.116s][info][gc,phases   ] GC(219)   Evacuate Collection Set: 4.51ms
[2026-09-05T11:15:05.609-0400][241.116s][info][gc,phases   ] GC(219)   Post Evacuate Collection Set: 0.68ms
[2026-09-05T11:15:05.609-0400][241.116s][info][gc,phases   ] GC(219)   Other: 0.14ms
[2026-09-05T11:15:05.609-0400][241.116s][info][gc,heap     ] GC(219) Eden regions: 362->0(360)
[2026-09-05T11:15:05.609-0400][241.116s][info][gc,heap     ] GC(219) Survivor regions: 30->28(49)
[2026-09-05T11:15:05.609-0400][241.116s][info][gc,heap     ] GC(219) Old regions: 626->632
[2026-09-05T11:15:05.609-0400][241.116s][info][gc,heap     ] GC(219) Archive regions: 0->0
[2026-09-05T11:15:05.609-0400][241.116s][info][gc,heap     ] GC(219) Humongous regions: 26->26
[2026-09-05T11:15:05.609-0400][241.116s][info][gc,metaspace] GC(219) Metaspace: 153234K(155840K)->153234K(155840K) NonClass: 131453K(132864K)->131453K(132864K) Class: 21780K(22976K)->21780K(22976K)
[2026-09-05T11:15:05.609-0400][241.116s][info][gc          ] GC(219) Pause Young (Normal) (G1 Evacuation Pause) 2087M->1370M(2388M) 5.862ms
[2026-09-05T11:15:05.609-0400][241.116s][info][gc,cpu      ] GC(219) User=0.34s Sys=0.00s Real=0.01s
[2026-09-05T11:15:05.860-0400][241.367s][info][gc,start    ] GC(220) Pause Young (Normal) (G1 Evacuation Pause)
[2026-09-05T11:15:05.860-0400][241.367s][info][gc,task     ] GC(220) Using 23 workers of 23 for evacuation
[2026-09-05T11:15:05.866-0400][241.373s][info][gc,phases   ] GC(220)   Pre Evacuate Collection Set: 0.28ms
[2026-09-05T11:15:05.866-0400][241.373s][info][gc,phases   ] GC(220)   Merge Heap Roots: 0.23ms
[2026-09-05T11:15:05.866-0400][241.373s][info][gc,phases   ] GC(220)   Evacuate Collection Set: 4.27ms
[2026-09-05T11:15:05.866-0400][241.373s][info][gc,phases   ] GC(220)   Post Evacuate Collection Set: 0.78ms
[2026-09-05T11:15:05.866-0400][241.373s][info][gc,phases   ] GC(220)   Other: 0.23ms
[2026-09-05T11:15:05.866-0400][241.373s][info][gc,heap     ] GC(220) Eden regions: 360->0(359)
[2026-09-05T11:15:05.866-0400][241.373s][info][gc,heap     ] GC(220) Survivor regions: 28->27(49)
[2026-09-05T11:15:05.866-0400][241.373s][info][gc,heap     ] GC(220) Old regions: 632->635
[2026-09-05T11:15:05.866-0400][241.373s][info][gc,heap     ] GC(220) Archive regions: 0->0
[2026-09-05T11:15:05.866-0400][241.373s][info][gc,heap     ] GC(220) Humongous regions: 26->26
[2026-09-05T11:15:05.866-0400][241.373s][info][gc,metaspace] GC(220) Metaspace: 153241K(155840K)->153241K(155840K) NonClass: 131459K(132864K)->131459K(132864K) Class: 21781K(22976K)->21781K(22976K)
[2026-09-05T11:15:05.866-0400][241.373s][info][gc          ] GC(220) Pause Young (Normal) (G1 Evacuation Pause) 2090M->1374M(2388M) 5.877ms
[2026-09-05T11:15:05.866-0400][241.373s][info][gc,cpu      ] GC(220) User=0.00s Sys=0.00s Real=0.01s
[2026-09-05T11:15:06.042-0400][241.548s][info][gc,start    ] GC(221) Pause Young (Normal) (G1 Evacuation Pause)
[2026-09-05T11:15:06.042-0400][241.548s][info][gc,task     ] GC(221) Using 23 workers of 23 for evacuation
[2026-09-05T11:15:06.046-0400][241.553s][info][gc,phases   ] GC(221)   Pre Evacuate Collection Set: 0.13ms
[2026-09-05T11:15:06.046-0400][241.553s][info][gc,phases   ] GC(221)   Merge Heap Roots: 0.16ms
[2026-09-05T11:15:06.046-0400][241.553s][info][gc,phases   ] GC(221)   Evacuate Collection Set: 3.97ms
[2026-09-05T11:15:06.046-0400][241.553s][info][gc,phases   ] GC(221)   Post Evacuate Collection Set: 0.52ms
[2026-09-05T11:15:06.046-0400][241.553s][info][gc,phases   ] GC(221)   Other: 0.15ms
[2026-09-05T11:15:06.046-0400][241.553s][info][gc,heap     ] GC(221) Eden regions: 359->0(357)
[2026-09-05T11:15:06.046-0400][241.553s][info][gc,heap     ] GC(221) Survivor regions: 27->28(49)
[2026-09-05T11:15:06.046-0400][241.553s][info][gc,heap     ] GC(221) Old regions: 635->635
[2026-09-05T11:15:06.046-0400][241.553s][info][gc,heap     ] GC(221) Archive regions: 0->0
[2026-09-05T11:15:06.046-0400][241.553s][info][gc,heap     ] GC(221) Humongous regions: 26->26
[2026-09-05T11:15:06.046-0400][241.553s][info][gc,metaspace] GC(221) Metaspace: 153243K(155840K)->153243K(155840K) NonClass: 131461K(132864K)->131461K(132864K) Class: 21781K(22976K)->21781K(22976K)
[2026-09-05T11:15:06.046-0400][241.553s][info][gc          ] GC(221) Pause Young (Normal) (G1 Evacuation Pause) 2092M->1375M(2388M) 5.045ms
[2026-09-05T11:15:06.046-0400][241.554s][info][gc,cpu      ] GC(221) User=0.34s Sys=0.02s Real=0.00s
[2026-09-05T11:15:06.507-0400][242.014s][info][gc,start    ] GC(222) Pause Young (Normal) (G1 Evacuation Pause)
[2026-09-05T11:15:06.507-0400][242.014s][info][gc,task     ] GC(222) Using 23 workers of 23 for evacuation
[2026-09-05T11:15:06.512-0400][242.019s][info][gc,phases   ] GC(222)   Pre Evacuate Collection Set: 0.22ms
[2026-09-05T11:15:06.512-0400][242.019s][info][gc,phases   ] GC(222)   Merge Heap Roots: 0.18ms
[2026-09-05T11:15:06.512-0400][242.019s][info][gc,phases   ] GC(222)   Evacuate Collection Set: 4.16ms
[2026-09-05T11:15:06.512-0400][242.019s][info][gc,phases   ] GC(222)   Post Evacuate Collection Set: 0.68ms
[2026-09-05T11:15:06.512-0400][242.019s][info][gc,phases   ] GC(222)   Other: 0.18ms
[2026-09-05T11:15:06.512-0400][242.019s][info][gc,heap     ] GC(222) Eden regions: 357->0(355)
[2026-09-05T11:15:06.512-0400][242.019s][info][gc,heap     ] GC(222) Survivor regions: 28->28(49)
[2026-09-05T11:15:06.512-0400][242.019s][info][gc,heap     ] GC(222) Old regions: 635->637
[2026-09-05T11:15:06.512-0400][242.019s][info][gc,heap     ] GC(222) Archive regions: 0->0
[2026-09-05T11:15:06.513-0400][242.019s][info][gc,heap     ] GC(222) Humongous regions: 26->26
[2026-09-05T11:15:06.513-0400][242.019s][info][gc,metaspace] GC(222) Metaspace: 153257K(155840K)->153257K(155840K) NonClass: 131474K(132864K)->131474K(132864K) Class: 21783K(22976K)->21783K(22976K)
[2026-09-05T11:15:06.513-0400][242.019s][info][gc          ] GC(222) Pause Young (Normal) (G1 Evacuation Pause) 2089M->1380M(2388M) 5.546ms
[2026-09-05T11:15:06.513-0400][242.019s][info][gc,cpu      ] GC(222) User=0.03s Sys=0.02s Real=0.01s
[2026-09-05T11:15:06.818-0400][242.325s][info][gc,start    ] GC(223) Pause Young (Normal) (G1 Evacuation Pause)
[2026-09-05T11:15:06.818-0400][242.325s][info][gc,task     ] GC(223) Using 23 workers of 23 for evacuation
[2026-09-05T11:15:06.823-0400][242.330s][info][gc,phases   ] GC(223)   Pre Evacuate Collection Set: 0.24ms
[2026-09-05T11:15:06.823-0400][242.330s][info][gc,phases   ] GC(223)   Merge Heap Roots: 0.17ms
[2026-09-05T11:15:06.823-0400][242.330s][info][gc,phases   ] GC(223)   Evacuate Collection Set: 4.50ms
[2026-09-05T11:15:06.823-0400][242.330s][info][gc,phases   ] GC(223)   Post Evacuate Collection Set: 0.64ms
[2026-09-05T11:15:06.823-0400][242.330s][info][gc,phases   ] GC(223)   Other: 0.18ms
[2026-09-05T11:15:06.823-0400][242.330s][info][gc,heap     ] GC(223) Eden regions: 355->0(352)
[2026-09-05T11:15:06.823-0400][242.330s][info][gc,heap     ] GC(223) Survivor regions: 28->28(48)
[2026-09-05T11:15:06.823-0400][242.330s][info][gc,heap     ] GC(223) Old regions: 637->640
[2026-09-05T11:15:06.823-0400][242.330s][info][gc,heap     ] GC(223) Archive regions: 0->0
[2026-09-05T11:15:06.823-0400][242.330s][info][gc,heap     ] GC(223) Humongous regions: 26->26
[2026-09-05T11:15:06.823-0400][242.330s][info][gc,metaspace] GC(223) Metaspace: 153259K(155840K)->153259K(155840K) NonClass: 131476K(132864K)->131476K(132864K) Class: 21783K(22976K)->21783K(22976K)
[2026-09-05T11:15:06.824-0400][242.330s][info][gc          ] GC(223) Pause Young (Normal) (G1 Evacuation Pause) 2090M->1385M(2388M) 5.853ms
[2026-09-05T11:15:06.824-0400][242.331s][info][gc,cpu      ] GC(223) User=0.00s Sys=0.00s Real=0.01s
[2026-09-05T11:15:07.188-0400][242.695s][info][gc,start    ] GC(224) Pause Young (Normal) (G1 Evacuation Pause)
[2026-09-05T11:15:07.188-0400][242.695s][info][gc,task     ] GC(224) Using 23 workers of 23 for evacuation
[2026-09-05T11:15:07.193-0400][242.699s][info][gc,phases   ] GC(224)   Pre Evacuate Collection Set: 0.17ms
[2026-09-05T11:15:07.193-0400][242.700s][info][gc,phases   ] GC(224)   Merge Heap Roots: 0.22ms
[2026-09-05T11:15:07.193-0400][242.700s][info][gc,phases   ] GC(224)   Evacuate Collection Set: 3.73ms
[2026-09-05T11:15:07.193-0400][242.700s][info][gc,phases   ] GC(224)   Post Evacuate Collection Set: 0.61ms
[2026-09-05T11:15:07.193-0400][242.700s][info][gc,phases   ] GC(224)   Other: 0.14ms
[2026-09-05T11:15:07.193-0400][242.700s][info][gc,heap     ] GC(224) Eden regions: 352->0(354)
[2026-09-05T11:15:07.193-0400][242.700s][info][gc,heap     ] GC(224) Survivor regions: 28->26(48)
[2026-09-05T11:15:07.193-0400][242.700s][info][gc,heap     ] GC(224) Old regions: 640->642
[2026-09-05T11:15:07.193-0400][242.700s][info][gc,heap     ] GC(224) Archive regions: 0->0
[2026-09-05T11:15:07.193-0400][242.700s][info][gc,heap     ] GC(224) Humongous regions: 26->26
[2026-09-05T11:15:07.193-0400][242.700s][info][gc,metaspace] GC(224) Metaspace: 153259K(155840K)->153259K(155840K) NonClass: 131476K(132864K)->131476K(132864K) Class: 21783K(22976K)->21783K(22976K)
[2026-09-05T11:15:07.193-0400][242.700s][info][gc          ] GC(224) Pause Young (Normal) (G1 Evacuation Pause) 2089M->1385M(2388M) 4.976ms
[2026-09-05T11:15:07.193-0400][242.700s][info][gc,cpu      ] GC(224) User=0.00s Sys=0.00s Real=0.01s
[2026-09-05T11:15:07.591-0400][243.097s][info][gc,start    ] GC(225) Pause Young (Normal) (G1 Evacuation Pause)
[2026-09-05T11:15:07.591-0400][243.097s][info][gc,task     ] GC(225) Using 23 workers of 23 for evacuation
[2026-09-05T11:15:07.595-0400][243.102s][info][gc,phases   ] GC(225)   Pre Evacuate Collection Set: 0.18ms
[2026-09-05T11:15:07.595-0400][243.102s][info][gc,phases   ] GC(225)   Merge Heap Roots: 0.17ms
[2026-09-05T11:15:07.595-0400][243.102s][info][gc,phases   ] GC(225)   Evacuate Collection Set: 3.60ms
[2026-09-05T11:15:07.595-0400][243.102s][info][gc,phases   ] GC(225)   Post Evacuate Collection Set: 0.58ms
[2026-09-05T11:15:07.595-0400][243.102s][info][gc,phases   ] GC(225)   Other: 0.15ms
[2026-09-05T11:15:07.595-0400][243.102s][info][gc,heap     ] GC(225) Eden regions: 354->0(348)
[2026-09-05T11:15:07.595-0400][243.102s][info][gc,heap     ] GC(225) Survivor regions: 26->29(48)
[2026-09-05T11:15:07.595-0400][243.102s][info][gc,heap     ] GC(225) Old regions: 642->642
[2026-09-05T11:15:07.595-0400][243.102s][info][gc,heap     ] GC(225) Archive regions: 0->0
[2026-09-05T11:15:07.595-0400][243.102s][info][gc,heap     ] GC(225) Humongous regions: 26->26
[2026-09-05T11:15:07.595-0400][243.102s][info][gc,metaspace] GC(225) Metaspace: 153260K(155840K)->153260K(155840K) NonClass: 131477K(132864K)->131477K(132864K) Class: 21783K(22976K)->21783K(22976K)
[2026-09-05T11:15:07.595-0400][243.102s][info][gc          ] GC(225) Pause Young (Normal) (G1 Evacuation Pause) 2093M->1391M(2388M) 4.780ms
[2026-09-05T11:15:07.595-0400][243.102s][info][gc,cpu      ] GC(225) User=0.02s Sys=0.00s Real=0.00s
[2026-09-05T11:15:07.998-0400][243.504s][info][gc,start    ] GC(226) Pause Young (Normal) (G1 Evacuation Pause)
[2026-09-05T11:15:07.998-0400][243.505s][info][gc,task     ] GC(226) Using 23 workers of 23 for evacuation
[2026-09-05T11:15:08.003-0400][243.510s][info][gc,phases   ] GC(226)   Pre Evacuate Collection Set: 0.18ms
[2026-09-05T11:15:08.003-0400][243.510s][info][gc,phases   ] GC(226)   Merge Heap Roots: 0.21ms
[2026-09-05T11:15:08.003-0400][243.510s][info][gc,phases   ] GC(226)   Evacuate Collection Set: 4.39ms
[2026-09-05T11:15:08.003-0400][243.510s][info][gc,phases   ] GC(226)   Post Evacuate Collection Set: 0.58ms
[2026-09-05T11:15:08.003-0400][243.510s][info][gc,phases   ] GC(226)   Other: 0.16ms
[2026-09-05T11:15:08.003-0400][243.510s][info][gc,heap     ] GC(226) Eden regions: 348->0(349)
[2026-09-05T11:15:08.003-0400][243.510s][info][gc,heap     ] GC(226) Survivor regions: 29->27(48)
[2026-09-05T11:15:08.003-0400][243.510s][info][gc,heap     ] GC(226) Old regions: 642->645
[2026-09-05T11:15:08.003-0400][243.510s][info][gc,heap     ] GC(226) Archive regions: 0->0
[2026-09-05T11:15:08.003-0400][243.510s][info][gc,heap     ] GC(226) Humongous regions: 26->26
[2026-09-05T11:15:08.003-0400][243.510s][info][gc,metaspace] GC(226) Metaspace: 153263K(155904K)->153263K(155904K) NonClass: 131480K(132928K)->131480K(132928K) Class: 21783K(22976K)->21783K(22976K)
[2026-09-05T11:15:08.003-0400][243.510s][info][gc          ] GC(226) Pause Young (Normal) (G1 Evacuation Pause) 2087M->1394M(2388M) 5.627ms
[2026-09-05T11:15:08.003-0400][243.510s][info][gc,cpu      ] GC(226) User=0.00s Sys=0.00s Real=0.01s
[2026-09-05T11:15:11.856-0400][247.364s][info][gc,start    ] GC(227) Pause Young (Normal) (G1 Evacuation Pause)
[2026-09-05T11:15:11.856-0400][247.364s][info][gc,task     ] GC(227) Using 23 workers of 23 for evacuation
[2026-09-05T11:15:11.862-0400][247.369s][info][gc,phases   ] GC(227)   Pre Evacuate Collection Set: 0.29ms
[2026-09-05T11:15:11.862-0400][247.369s][info][gc,phases   ] GC(227)   Merge Heap Roots: 0.32ms
[2026-09-05T11:15:11.862-0400][247.369s][info][gc,phases   ] GC(227)   Evacuate Collection Set: 4.13ms
[2026-09-05T11:15:11.862-0400][247.369s][info][gc,phases   ] GC(227)   Post Evacuate Collection Set: 0.79ms
[2026-09-05T11:15:11.862-0400][247.369s][info][gc,phases   ] GC(227)   Other: 0.24ms
[2026-09-05T11:15:11.862-0400][247.369s][info][gc,heap     ] GC(227) Eden regions: 349->0(350)
[2026-09-05T11:15:11.862-0400][247.369s][info][gc,heap     ] GC(227) Survivor regions: 27->25(47)
[2026-09-05T11:15:11.862-0400][247.369s][info][gc,heap     ] GC(227) Old regions: 645->648
[2026-09-05T11:15:11.862-0400][247.369s][info][gc,heap     ] GC(227) Archive regions: 0->0
[2026-09-05T11:15:11.862-0400][247.369s][info][gc,heap     ] GC(227) Humongous regions: 26->26
[2026-09-05T11:15:11.862-0400][247.369s][info][gc,metaspace] GC(227) Metaspace: 153284K(155904K)->153284K(155904K) NonClass: 131500K(132928K)->131500K(132928K) Class: 21783K(22976K)->21783K(22976K)
[2026-09-05T11:15:11.862-0400][247.369s][info][gc          ] GC(227) Pause Young (Normal) (G1 Evacuation Pause) 2092M->1396M(2388M) 5.885ms
[2026-09-05T11:15:11.862-0400][247.369s][info][gc,cpu      ] GC(227) User=0.00s Sys=0.00s Real=0.01s
[2026-09-05T11:15:16.460-0400][251.967s][info][gc,start    ] GC(228) Pause Young (Normal) (G1 Evacuation Pause)
[2026-09-05T11:15:16.460-0400][251.967s][info][gc,task     ] GC(228) Using 23 workers of 23 for evacuation
[2026-09-05T11:15:16.465-0400][251.972s][info][gc,phases   ] GC(228)   Pre Evacuate Collection Set: 0.19ms
[2026-09-05T11:15:16.465-0400][251.972s][info][gc,phases   ] GC(228)   Merge Heap Roots: 0.18ms
[2026-09-05T11:15:16.465-0400][251.972s][info][gc,phases   ] GC(228)   Evacuate Collection Set: 3.79ms
[2026-09-05T11:15:16.465-0400][251.972s][info][gc,phases   ] GC(228)   Post Evacuate Collection Set: 0.64ms
[2026-09-05T11:15:16.465-0400][251.972s][info][gc,phases   ] GC(228)   Other: 0.12ms
[2026-09-05T11:15:16.465-0400][251.972s][info][gc,heap     ] GC(228) Eden regions: 350->0(350)
[2026-09-05T11:15:16.465-0400][251.972s][info][gc,heap     ] GC(228) Survivor regions: 25->25(47)
[2026-09-05T11:15:16.465-0400][251.972s][info][gc,heap     ] GC(228) Old regions: 648->648
[2026-09-05T11:15:16.465-0400][251.972s][info][gc,heap     ] GC(228) Archive regions: 0->0
[2026-09-05T11:15:16.465-0400][251.972s][info][gc,heap     ] GC(228) Humongous regions: 26->26
[2026-09-05T11:15:16.465-0400][251.972s][info][gc,metaspace] GC(228) Metaspace: 153324K(155904K)->153324K(155904K) NonClass: 131540K(132928K)->131540K(132928K) Class: 21783K(22976K)->21783K(22976K)
[2026-09-05T11:15:16.465-0400][251.972s][info][gc          ] GC(228) Pause Young (Normal) (G1 Evacuation Pause) 2096M->1397M(2388M) 5.067ms
[2026-09-05T11:15:16.465-0400][251.972s][info][gc,cpu      ] GC(228) User=0.00s Sys=0.00s Real=0.00s
[2026-09-05T11:15:20.446-0400][255.954s][info][gc,start    ] GC(229) Pause Young (Normal) (G1 Evacuation Pause)
[2026-09-05T11:15:20.446-0400][255.954s][info][gc,task     ] GC(229) Using 23 workers of 23 for evacuation
[2026-09-05T11:15:20.457-0400][255.963s][info][gc,phases   ] GC(229)   Pre Evacuate Collection Set: 0.21ms
[2026-09-05T11:15:20.457-0400][255.963s][info][gc,phases   ] GC(229)   Merge Heap Roots: 0.15ms
[2026-09-05T11:15:20.457-0400][255.963s][info][gc,phases   ] GC(229)   Evacuate Collection Set: 8.12ms
[2026-09-05T11:15:20.457-0400][255.963s][info][gc,phases   ] GC(229)   Post Evacuate Collection Set: 0.68ms
[2026-09-05T11:15:20.457-0400][255.963s][info][gc,phases   ] GC(229)   Other: 0.16ms
[2026-09-05T11:15:20.457-0400][255.963s][info][gc,heap     ] GC(229) Eden regions: 350->0(324)
[2026-09-05T11:15:20.457-0400][255.963s][info][gc,heap     ] GC(229) Survivor regions: 25->38(47)
[2026-09-05T11:15:20.457-0400][255.963s][info][gc,heap     ] GC(229) Old regions: 648->648
[2026-09-05T11:15:20.457-0400][255.963s][info][gc,heap     ] GC(229) Archive regions: 0->0
[2026-09-05T11:15:20.457-0400][255.963s][info][gc,heap     ] GC(229) Humongous regions: 26->26
[2026-09-05T11:15:20.457-0400][255.963s][info][gc,metaspace] GC(229) Metaspace: 153350K(155968K)->153350K(155968K) NonClass: 131566K(132992K)->131566K(132992K) Class: 21783K(22976K)->21783K(22976K)
[2026-09-05T11:15:20.457-0400][255.963s][info][gc          ] GC(229) Pause Young (Normal) (G1 Evacuation Pause) 2097M->1423M(2388M) 9.436ms
[2026-09-05T11:15:20.457-0400][255.963s][info][gc,cpu      ] GC(229) User=0.36s Sys=0.02s Real=0.01s
[2026-09-05T11:15:20.838-0400][256.345s][info][gc,start    ] GC(230) Pause Young (Normal) (G1 Evacuation Pause)
[2026-09-05T11:15:20.839-0400][256.346s][info][gc,task     ] GC(230) Using 23 workers of 23 for evacuation
[2026-09-05T11:15:20.849-0400][256.355s][info][gc,phases   ] GC(230)   Pre Evacuate Collection Set: 0.18ms
[2026-09-05T11:15:20.849-0400][256.355s][info][gc,phases   ] GC(230)   Merge Heap Roots: 0.14ms
[2026-09-05T11:15:20.849-0400][256.355s][info][gc,phases   ] GC(230)   Evacuate Collection Set: 8.71ms
[2026-09-05T11:15:20.849-0400][256.355s][info][gc,phases   ] GC(230)   Post Evacuate Collection Set: 0.78ms
[2026-09-05T11:15:20.849-0400][256.356s][info][gc,phases   ] GC(230)   Other: 0.17ms
[2026-09-05T11:15:20.849-0400][256.356s][info][gc,heap     ] GC(230) Eden regions: 324->0(340)
[2026-09-05T11:15:20.849-0400][256.356s][info][gc,heap     ] GC(230) Survivor regions: 38->23(46)
[2026-09-05T11:15:20.849-0400][256.356s][info][gc,heap     ] GC(230) Old regions: 648->662
[2026-09-05T11:15:20.849-0400][256.356s][info][gc,heap     ] GC(230) Archive regions: 0->0
[2026-09-05T11:15:20.849-0400][256.356s][info][gc,heap     ] GC(230) Humongous regions: 26->26
[2026-09-05T11:15:20.849-0400][256.356s][info][gc,metaspace] GC(230) Metaspace: 153350K(155968K)->153350K(155968K) NonClass: 131566K(132992K)->131566K(132992K) Class: 21783K(22976K)->21783K(22976K)
[2026-09-05T11:15:20.849-0400][256.356s][info][gc          ] GC(230) Pause Young (Normal) (G1 Evacuation Pause) 2071M->1420M(2388M) 10.110ms
[2026-09-05T11:15:20.849-0400][256.356s][info][gc,cpu      ] GC(230) User=0.34s Sys=0.00s Real=0.01s
[2026-09-05T11:15:20.933-0400][256.440s][info][gc,start    ] GC(231) Pause Young (Normal) (G1 Evacuation Pause)
[2026-09-05T11:15:20.933-0400][256.440s][info][gc,task     ] GC(231) Using 23 workers of 23 for evacuation
[2026-09-05T11:15:20.939-0400][256.446s][info][gc,phases   ] GC(231)   Pre Evacuate Collection Set: 0.17ms
[2026-09-05T11:15:20.939-0400][256.446s][info][gc,phases   ] GC(231)   Merge Heap Roots: 0.19ms
[2026-09-05T11:15:20.939-0400][256.446s][info][gc,phases   ] GC(231)   Evacuate Collection Set: 4.80ms
[2026-09-05T11:15:20.939-0400][256.446s][info][gc,phases   ] GC(231)   Post Evacuate Collection Set: 0.59ms
[2026-09-05T11:15:20.939-0400][256.446s][info][gc,phases   ] GC(231)   Other: 0.22ms
[2026-09-05T11:15:20.939-0400][256.446s][info][gc,heap     ] GC(231) Eden regions: 340->0(338)
[2026-09-05T11:15:20.939-0400][256.446s][info][gc,heap     ] GC(231) Survivor regions: 23->24(46)
[2026-09-05T11:15:20.939-0400][256.446s][info][gc,heap     ] GC(231) Old regions: 662->662
[2026-09-05T11:15:20.939-0400][256.446s][info][gc,heap     ] GC(231) Archive regions: 0->0
[2026-09-05T11:15:20.939-0400][256.446s][info][gc,heap     ] GC(231) Humongous regions: 26->26
[2026-09-05T11:15:20.939-0400][256.446s][info][gc,metaspace] GC(231) Metaspace: 153350K(155968K)->153350K(155968K) NonClass: 131566K(132992K)->131566K(132992K) Class: 21783K(22976K)->21783K(22976K)
[2026-09-05T11:15:20.939-0400][256.446s][info][gc          ] GC(231) Pause Young (Normal) (G1 Evacuation Pause) 2100M->1422M(2388M) 6.081ms
[2026-09-05T11:15:20.939-0400][256.446s][info][gc,cpu      ] GC(231) User=0.36s Sys=0.00s Real=0.01s
[2026-09-05T11:15:21.075-0400][256.581s][info][gc,start    ] GC(232) Pause Young (Normal) (G1 Evacuation Pause)
[2026-09-05T11:15:21.075-0400][256.581s][info][gc,task     ] GC(232) Using 23 workers of 23 for evacuation
[2026-09-05T11:15:21.079-0400][256.587s][info][gc,phases   ] GC(232)   Pre Evacuate Collection Set: 0.12ms
[2026-09-05T11:15:21.079-0400][256.587s][info][gc,phases   ] GC(232)   Merge Heap Roots: 0.14ms
[2026-09-05T11:15:21.079-0400][256.587s][info][gc,phases   ] GC(232)   Evacuate Collection Set: 4.23ms
[2026-09-05T11:15:21.079-0400][256.587s][info][gc,phases   ] GC(232)   Post Evacuate Collection Set: 0.51ms
[2026-09-05T11:15:21.079-0400][256.587s][info][gc,phases   ] GC(232)   Other: 0.15ms
[2026-09-05T11:15:21.079-0400][256.587s][info][gc,heap     ] GC(232) Eden regions: 338->0(336)
[2026-09-05T11:15:21.079-0400][256.587s][info][gc,heap     ] GC(232) Survivor regions: 24->25(46)
[2026-09-05T11:15:21.079-0400][256.587s][info][gc,heap     ] GC(232) Old regions: 662->662
[2026-09-05T11:15:21.080-0400][256.587s][info][gc,heap     ] GC(232) Archive regions: 0->0
[2026-09-05T11:15:21.080-0400][256.587s][info][gc,heap     ] GC(232) Humongous regions: 26->26
[2026-09-05T11:15:21.080-0400][256.587s][info][gc,metaspace] GC(232) Metaspace: 153350K(155968K)->153350K(155968K) NonClass: 131566K(132992K)->131566K(132992K) Class: 21783K(22976K)->21783K(22976K)
[2026-09-05T11:15:21.080-0400][256.587s][info][gc          ] GC(232) Pause Young (Normal) (G1 Evacuation Pause) 2098M->1424M(2388M) 5.306ms
[2026-09-05T11:15:21.080-0400][256.587s][info][gc,cpu      ] GC(232) User=0.00s Sys=0.02s Real=0.00s
[2026-09-05T11:15:21.486-0400][256.994s][info][gc,start    ] GC(233) Pause Young (Normal) (G1 Evacuation Pause)
[2026-09-05T11:15:21.488-0400][256.994s][info][gc,task     ] GC(233) Using 23 workers of 23 for evacuation
[2026-09-05T11:15:21.493-0400][256.999s][info][gc,phases   ] GC(233)   Pre Evacuate Collection Set: 0.17ms
[2026-09-05T11:15:21.493-0400][256.999s][info][gc,phases   ] GC(233)   Merge Heap Roots: 0.19ms
[2026-09-05T11:15:21.493-0400][256.999s][info][gc,phases   ] GC(233)   Evacuate Collection Set: 3.97ms
[2026-09-05T11:15:21.493-0400][256.999s][info][gc,phases   ] GC(233)   Post Evacuate Collection Set: 0.69ms
[2026-09-05T11:15:21.493-0400][256.999s][info][gc,phases   ] GC(233)   Other: 0.20ms
[2026-09-05T11:15:21.493-0400][256.999s][info][gc,heap     ] GC(233) Eden regions: 336->0(336)
[2026-09-05T11:15:21.493-0400][256.999s][info][gc,heap     ] GC(233) Survivor regions: 25->25(46)
[2026-09-05T11:15:21.493-0400][256.999s][info][gc,heap     ] GC(233) Old regions: 662->662
[2026-09-05T11:15:21.493-0400][256.999s][info][gc,heap     ] GC(233) Archive regions: 0->0
[2026-09-05T11:15:21.493-0400][256.999s][info][gc,heap     ] GC(233) Humongous regions: 26->26
[2026-09-05T11:15:21.493-0400][256.999s][info][gc,metaspace] GC(233) Metaspace: 153350K(155968K)->153350K(155968K) NonClass: 131566K(132992K)->131566K(132992K) Class: 21783K(22976K)->21783K(22976K)
[2026-09-05T11:15:21.493-0400][256.999s][info][gc          ] GC(233) Pause Young (Normal) (G1 Evacuation Pause) 2096M->1423M(2388M) 5.382ms
[2026-09-05T11:15:21.493-0400][256.999s][info][gc,cpu      ] GC(233) User=0.00s Sys=0.00s Real=0.01s
[2026-09-05T11:15:21.750-0400][257.257s][info][gc,start    ] GC(234) Pause Young (Normal) (G1 Evacuation Pause)
[2026-09-05T11:15:21.750-0400][257.257s][info][gc,task     ] GC(234) Using 23 workers of 23 for evacuation
[2026-09-05T11:15:21.758-0400][257.266s][info][gc,phases   ] GC(234)   Pre Evacuate Collection Set: 0.17ms
[2026-09-05T11:15:21.758-0400][257.266s][info][gc,phases   ] GC(234)   Merge Heap Roots: 0.18ms
[2026-09-05T11:15:21.758-0400][257.266s][info][gc,phases   ] GC(234)   Evacuate Collection Set: 7.48ms
[2026-09-05T11:15:21.758-0400][257.266s][info][gc,phases   ] GC(234)   Post Evacuate Collection Set: 0.60ms
[2026-09-05T11:15:21.758-0400][257.266s][info][gc,phases   ] GC(234)   Other: 0.15ms
[2026-09-05T11:15:21.758-0400][257.266s][info][gc,heap     ] GC(234) Eden regions: 336->0(307)
[2026-09-05T11:15:21.758-0400][257.266s][info][gc,heap     ] GC(234) Survivor regions: 25->39(46)
[2026-09-05T11:15:21.759-0400][257.266s][info][gc,heap     ] GC(234) Old regions: 662->662
[2026-09-05T11:15:21.759-0400][257.266s][info][gc,heap     ] GC(234) Archive regions: 0->0
[2026-09-05T11:15:21.759-0400][257.266s][info][gc,heap     ] GC(234) Humongous regions: 27->27
[2026-09-05T11:15:21.759-0400][257.266s][info][gc,metaspace] GC(234) Metaspace: 153379K(155968K)->153379K(155968K) NonClass: 131596K(132992K)->131596K(132992K) Class: 21783K(22976K)->21783K(22976K)
[2026-09-05T11:15:21.759-0400][257.266s][info][gc          ] GC(234) Pause Young (Normal) (G1 Evacuation Pause) 2097M->1454M(2388M) 8.693ms
[2026-09-05T11:15:21.759-0400][257.266s][info][gc,cpu      ] GC(234) User=0.00s Sys=0.00s Real=0.01s
[2026-09-05T11:15:21.859-0400][257.366s][info][gc,start    ] GC(235) Pause Young (Normal) (G1 Evacuation Pause)
[2026-09-05T11:15:21.859-0400][257.366s][info][gc,task     ] GC(235) Using 23 workers of 23 for evacuation
[2026-09-05T11:15:21.876-0400][257.383s][info][gc,phases   ] GC(235)   Pre Evacuate Collection Set: 0.15ms
[2026-09-05T11:15:21.876-0400][257.383s][info][gc,phases   ] GC(235)   Merge Heap Roots: 0.14ms
[2026-09-05T11:15:21.876-0400][257.383s][info][gc,phases   ] GC(235)   Evacuate Collection Set: 16.04ms
[2026-09-05T11:15:21.876-0400][257.383s][info][gc,phases   ] GC(235)   Post Evacuate Collection Set: 0.63ms
[2026-09-05T11:15:21.876-0400][257.383s][info][gc,phases   ] GC(235)   Other: 0.12ms
[2026-09-05T11:15:21.876-0400][257.383s][info][gc,heap     ] GC(235) Eden regions: 307->0(309)
[2026-09-05T11:15:21.876-0400][257.383s][info][gc,heap     ] GC(235) Survivor regions: 39->29(44)
[2026-09-05T11:15:21.876-0400][257.383s][info][gc,heap     ] GC(235) Old regions: 662->678
[2026-09-05T11:15:21.876-0400][257.383s][info][gc,heap     ] GC(235) Archive regions: 0->0
[2026-09-05T11:15:21.876-0400][257.383s][info][gc,heap     ] GC(235) Humongous regions: 27->27
[2026-09-05T11:15:21.876-0400][257.383s][info][gc,metaspace] GC(235) Metaspace: 153379K(155968K)->153379K(155968K) NonClass: 131596K(132992K)->131596K(132992K) Class: 21783K(22976K)->21783K(22976K)
[2026-09-05T11:15:21.876-0400][257.383s][info][gc          ] GC(235) Pause Young (Normal) (G1 Evacuation Pause) 2068M->1467M(2388M) 17.235ms
[2026-09-05T11:15:21.876-0400][257.383s][info][gc,cpu      ] GC(235) User=0.22s Sys=0.00s Real=0.02s
[2026-09-05T11:15:21.971-0400][257.478s][info][gc,start    ] GC(236) Pause Young (Normal) (G1 Evacuation Pause)
[2026-09-05T11:15:21.971-0400][257.478s][info][gc,task     ] GC(236) Using 23 workers of 23 for evacuation
[2026-09-05T11:15:21.981-0400][257.487s][info][gc,phases   ] GC(236)   Pre Evacuate Collection Set: 0.15ms
[2026-09-05T11:15:21.981-0400][257.487s][info][gc,phases   ] GC(236)   Merge Heap Roots: 0.18ms
[2026-09-05T11:15:21.981-0400][257.487s][info][gc,phases   ] GC(236)   Evacuate Collection Set: 8.58ms
[2026-09-05T11:15:21.981-0400][257.487s][info][gc,phases   ] GC(236)   Post Evacuate Collection Set: 0.87ms
[2026-09-05T11:15:21.981-0400][257.488s][info][gc,phases   ] GC(236)   Other: 0.13ms
[2026-09-05T11:15:21.981-0400][257.488s][info][gc,heap     ] GC(236) Eden regions: 309->0(294)
[2026-09-05T11:15:21.981-0400][257.488s][info][gc,heap     ] GC(236) Survivor regions: 29->26(43)
[2026-09-05T11:15:21.981-0400][257.488s][info][gc,heap     ] GC(236) Old regions: 678->693
[2026-09-05T11:15:21.981-0400][257.488s][info][gc,heap     ] GC(236) Archive regions: 0->0
[2026-09-05T11:15:21.981-0400][257.488s][info][gc,heap     ] GC(236) Humongous regions: 27->27
[2026-09-05T11:15:21.981-0400][257.488s][info][gc,metaspace] GC(236) Metaspace: 153379K(155968K)->153379K(155968K) NonClass: 131596K(132992K)->131596K(132992K) Class: 21783K(22976K)->21783K(22976K)
[2026-09-05T11:15:21.981-0400][257.488s][info][gc          ] GC(236) Pause Young (Normal) (G1 Evacuation Pause) 2085M->1490M(2388M) 10.074ms
[2026-09-05T11:15:21.981-0400][257.488s][info][gc,cpu      ] GC(236) User=0.00s Sys=0.00s Real=0.01s
[2026-09-05T11:15:22.060-0400][257.567s][info][gc,start    ] GC(237) Pause Young (Normal) (GCLocker Initiated GC)
[2026-09-05T11:15:22.061-0400][257.567s][info][gc,task     ] GC(237) Using 23 workers of 23 for evacuation
[2026-09-05T11:15:22.068-0400][257.575s][info][gc,phases   ] GC(237)   Pre Evacuate Collection Set: 0.11ms
[2026-09-05T11:15:22.068-0400][257.575s][info][gc,phases   ] GC(237)   Merge Heap Roots: 0.17ms
[2026-09-05T11:15:22.068-0400][257.575s][info][gc,phases   ] GC(237)   Evacuate Collection Set: 6.68ms
[2026-09-05T11:15:22.068-0400][257.575s][info][gc,phases   ] GC(237)   Post Evacuate Collection Set: 0.62ms
[2026-09-05T11:15:22.068-0400][257.575s][info][gc,phases   ] GC(237)   Other: 0.13ms
[2026-09-05T11:15:22.068-0400][257.575s][info][gc,heap     ] GC(237) Eden regions: 294->0(284)
[2026-09-05T11:15:22.068-0400][257.575s][info][gc,heap     ] GC(237) Survivor regions: 26->27(40)
[2026-09-05T11:15:22.068-0400][257.575s][info][gc,heap     ] GC(237) Old regions: 693->703
[2026-09-05T11:15:22.068-0400][257.575s][info][gc,heap     ] GC(237) Archive regions: 0->0
[2026-09-05T11:15:22.068-0400][257.575s][info][gc,heap     ] GC(237) Humongous regions: 27->27
[2026-09-05T11:15:22.068-0400][257.575s][info][gc,metaspace] GC(237) Metaspace: 153380K(155968K)->153380K(155968K) NonClass: 131597K(132992K)->131597K(132992K) Class: 21783K(22976K)->21783K(22976K)
[2026-09-05T11:15:22.068-0400][257.575s][info][gc          ] GC(237) Pause Young (Normal) (GCLocker Initiated GC) 2078M->1511M(2388M) 7.865ms
[2026-09-05T11:15:22.068-0400][257.575s][info][gc,cpu      ] GC(237) User=0.00s Sys=0.00s Real=0.01s
[2026-09-05T11:15:22.286-0400][257.793s][info][gc,start    ] GC(238) Pause Young (Normal) (G1 Evacuation Pause)
[2026-09-05T11:15:22.286-0400][257.793s][info][gc,task     ] GC(238) Using 23 workers of 23 for evacuation
[2026-09-05T11:15:22.292-0400][257.799s][info][gc,phases   ] GC(238)   Pre Evacuate Collection Set: 0.22ms
[2026-09-05T11:15:22.292-0400][257.799s][info][gc,phases   ] GC(238)   Merge Heap Roots: 0.21ms
[2026-09-05T11:15:22.292-0400][257.799s][info][gc,phases   ] GC(238)   Evacuate Collection Set: 5.21ms
[2026-09-05T11:15:22.292-0400][257.799s][info][gc,phases   ] GC(238)   Post Evacuate Collection Set: 0.65ms
[2026-09-05T11:15:22.292-0400][257.799s][info][gc,phases   ] GC(238)   Other: 0.20ms
[2026-09-05T11:15:22.292-0400][257.800s][info][gc,heap     ] GC(238) Eden regions: 284->0(286)
[2026-09-05T11:15:22.292-0400][257.800s][info][gc,heap     ] GC(238) Survivor regions: 27->15(39)
[2026-09-05T11:15:22.292-0400][257.800s][info][gc,heap     ] GC(238) Old regions: 703->717
[2026-09-05T11:15:22.292-0400][257.800s][info][gc,heap     ] GC(238) Archive regions: 0->0
[2026-09-05T11:15:22.292-0400][257.800s][info][gc,heap     ] GC(238) Humongous regions: 27->27
[2026-09-05T11:15:22.292-0400][257.800s][info][gc,metaspace] GC(238) Metaspace: 153382K(155968K)->153382K(155968K) NonClass: 131598K(132992K)->131598K(132992K) Class: 21783K(22976K)->21783K(22976K)
[2026-09-05T11:15:22.292-0400][257.800s][info][gc          ] GC(238) Pause Young (Normal) (G1 Evacuation Pause) 2079M->1515M(2388M) 6.603ms
[2026-09-05T11:15:22.292-0400][257.800s][info][gc,cpu      ] GC(238) User=0.00s Sys=0.00s Real=0.01s
[2026-09-05T11:15:22.423-0400][257.929s][info][gc,start    ] GC(239) Pause Young (Normal) (G1 Evacuation Pause)
[2026-09-05T11:15:22.423-0400][257.929s][info][gc,task     ] GC(239) Using 23 workers of 23 for evacuation
[2026-09-05T11:15:22.427-0400][257.934s][info][gc,phases   ] GC(239)   Pre Evacuate Collection Set: 0.20ms
[2026-09-05T11:15:22.427-0400][257.934s][info][gc,phases   ] GC(239)   Merge Heap Roots: 0.21ms
[2026-09-05T11:15:22.427-0400][257.934s][info][gc,phases   ] GC(239)   Evacuate Collection Set: 3.43ms
[2026-09-05T11:15:22.427-0400][257.934s][info][gc,phases   ] GC(239)   Post Evacuate Collection Set: 0.62ms
[2026-09-05T11:15:22.427-0400][257.934s][info][gc,phases   ] GC(239)   Other: 0.18ms
[2026-09-05T11:15:22.427-0400][257.934s][info][gc,heap     ] GC(239) Eden regions: 286->0(289)
[2026-09-05T11:15:22.427-0400][257.934s][info][gc,heap     ] GC(239) Survivor regions: 15->17(38)
[2026-09-05T11:15:22.427-0400][257.934s][info][gc,heap     ] GC(239) Old regions: 717->717
[2026-09-05T11:15:22.427-0400][257.934s][info][gc,heap     ] GC(239) Archive regions: 0->0
[2026-09-05T11:15:22.427-0400][257.934s][info][gc,heap     ] GC(239) Humongous regions: 27->27
[2026-09-05T11:15:22.427-0400][257.934s][info][gc,metaspace] GC(239) Metaspace: 153382K(155968K)->153382K(155968K) NonClass: 131598K(132992K)->131598K(132992K) Class: 21783K(22976K)->21783K(22976K)
[2026-09-05T11:15:22.427-0400][257.934s][info][gc          ] GC(239) Pause Young (Normal) (G1 Evacuation Pause) 2087M->1518M(2388M) 4.783ms
[2026-09-05T11:15:22.427-0400][257.934s][info][gc,cpu      ] GC(239) User=0.00s Sys=0.00s Real=0.00s
[2026-09-05T11:15:23.125-0400][258.632s][info][gc,start    ] GC(240) Pause Young (Normal) (G1 Evacuation Pause)
[2026-09-05T11:15:23.125-0400][258.632s][info][gc,task     ] GC(240) Using 23 workers of 23 for evacuation
[2026-09-05T11:15:23.130-0400][258.637s][info][gc,phases   ] GC(240)   Pre Evacuate Collection Set: 0.13ms
[2026-09-05T11:15:23.131-0400][258.637s][info][gc,phases   ] GC(240)   Merge Heap Roots: 0.22ms
[2026-09-05T11:15:23.131-0400][258.637s][info][gc,phases   ] GC(240)   Evacuate Collection Set: 3.88ms
[2026-09-05T11:15:23.131-0400][258.637s][info][gc,phases   ] GC(240)   Post Evacuate Collection Set: 0.59ms
[2026-09-05T11:15:23.131-0400][258.637s][info][gc,phases   ] GC(240)   Other: 0.19ms
[2026-09-05T11:15:23.131-0400][258.637s][info][gc,heap     ] GC(240) Eden regions: 289->0(299)
[2026-09-05T11:15:23.131-0400][258.637s][info][gc,heap     ] GC(240) Survivor regions: 17->9(39)
[2026-09-05T11:15:23.131-0400][258.637s][info][gc,heap     ] GC(240) Old regions: 717->717
[2026-09-05T11:15:23.131-0400][258.637s][info][gc,heap     ] GC(240) Archive regions: 0->0
[2026-09-05T11:15:23.131-0400][258.637s][info][gc,heap     ] GC(240) Humongous regions: 27->27
[2026-09-05T11:15:23.131-0400][258.637s][info][gc,metaspace] GC(240) Metaspace: 153382K(155968K)->153382K(155968K) NonClass: 131598K(132992K)->131598K(132992K) Class: 21783K(22976K)->21783K(22976K)
[2026-09-05T11:15:23.131-0400][258.637s][info][gc          ] GC(240) Pause Young (Normal) (G1 Evacuation Pause) 2096M->1503M(2388M) 5.157ms
[2026-09-05T11:15:23.131-0400][258.637s][info][gc,cpu      ] GC(240) User=0.00s Sys=0.00s Real=0.01s
[2026-09-05T11:15:23.306-0400][258.813s][info][gc,start    ] GC(241) Pause Young (Normal) (G1 Evacuation Pause)
[2026-09-05T11:15:23.306-0400][258.813s][info][gc,task     ] GC(241) Using 23 workers of 23 for evacuation
[2026-09-05T11:15:23.311-0400][258.818s][info][gc,phases   ] GC(241)   Pre Evacuate Collection Set: 0.13ms
[2026-09-05T11:15:23.311-0400][258.818s][info][gc,phases   ] GC(241)   Merge Heap Roots: 0.22ms
[2026-09-05T11:15:23.311-0400][258.818s][info][gc,phases   ] GC(241)   Evacuate Collection Set: 3.75ms
[2026-09-05T11:15:23.311-0400][258.818s][info][gc,phases   ] GC(241)   Post Evacuate Collection Set: 0.71ms
[2026-09-05T11:15:23.311-0400][258.818s][info][gc,phases   ] GC(241)   Other: 0.26ms
[2026-09-05T11:15:23.311-0400][258.818s][info][gc,heap     ] GC(241) Eden regions: 299->0(302)
[2026-09-05T11:15:23.311-0400][258.818s][info][gc,heap     ] GC(241) Survivor regions: 9->10(39)
[2026-09-05T11:15:23.311-0400][258.818s][info][gc,heap     ] GC(241) Old regions: 717->717
[2026-09-05T11:15:23.311-0400][258.818s][info][gc,heap     ] GC(241) Archive regions: 0->0
[2026-09-05T11:15:23.311-0400][258.818s][info][gc,heap     ] GC(241) Humongous regions: 27->27
[2026-09-05T11:15:23.311-0400][258.818s][info][gc,metaspace] GC(241) Metaspace: 153382K(155968K)->153382K(155968K) NonClass: 131598K(132992K)->131598K(132992K) Class: 21783K(22976K)->21783K(22976K)
[2026-09-05T11:15:23.311-0400][258.818s][info][gc          ] GC(241) Pause Young (Normal) (G1 Evacuation Pause) 2101M->1505M(2388M) 5.321ms
[2026-09-05T11:15:23.311-0400][258.818s][info][gc,cpu      ] GC(241) User=0.34s Sys=0.02s Real=0.01s
[2026-09-05T11:15:24.128-0400][259.635s][info][gc,start    ] GC(242) Pause Young (Normal) (G1 Evacuation Pause)
[2026-09-05T11:15:24.128-0400][259.635s][info][gc,task     ] GC(242) Using 23 workers of 23 for evacuation
[2026-09-05T11:15:24.132-0400][259.639s][info][gc,phases   ] GC(242)   Pre Evacuate Collection Set: 0.13ms
[2026-09-05T11:15:24.132-0400][259.639s][info][gc,phases   ] GC(242)   Merge Heap Roots: 0.24ms
[2026-09-05T11:15:24.132-0400][259.639s][info][gc,phases   ] GC(242)   Evacuate Collection Set: 3.35ms
[2026-09-05T11:15:24.132-0400][259.639s][info][gc,phases   ] GC(242)   Post Evacuate Collection Set: 0.56ms
[2026-09-05T11:15:24.132-0400][259.639s][info][gc,phases   ] GC(242)   Other: 0.14ms
[2026-09-05T11:15:24.132-0400][259.639s][info][gc,heap     ] GC(242) Eden regions: 302->0(302)
[2026-09-05T11:15:24.132-0400][259.639s][info][gc,heap     ] GC(242) Survivor regions: 10->12(39)
[2026-09-05T11:15:24.132-0400][259.639s][info][gc,heap     ] GC(242) Old regions: 717->717
[2026-09-05T11:15:24.132-0400][259.639s][info][gc,heap     ] GC(242) Archive regions: 0->0
[2026-09-05T11:15:24.132-0400][259.639s][info][gc,heap     ] GC(242) Humongous regions: 27->27
[2026-09-05T11:15:24.132-0400][259.639s][info][gc,metaspace] GC(242) Metaspace: 153382K(155968K)->153382K(155968K) NonClass: 131598K(132992K)->131598K(132992K) Class: 21783K(22976K)->21783K(22976K)
[2026-09-05T11:15:24.132-0400][259.639s][info][gc          ] GC(242) Pause Young (Normal) (G1 Evacuation Pause) 2109M->1508M(2388M) 4.532ms
[2026-09-05T11:15:24.132-0400][259.639s][info][gc,cpu      ] GC(242) User=0.00s Sys=0.00s Real=0.00s
[2026-09-05T11:15:24.324-0400][259.831s][info][gc,start    ] GC(243) Pause Young (Normal) (G1 Evacuation Pause)
[2026-09-05T11:15:24.324-0400][259.831s][info][gc,task     ] GC(243) Using 23 workers of 23 for evacuation
[2026-09-05T11:15:24.330-0400][259.837s][info][gc,phases   ] GC(243)   Pre Evacuate Collection Set: 0.15ms
[2026-09-05T11:15:24.330-0400][259.837s][info][gc,phases   ] GC(243)   Merge Heap Roots: 0.25ms
[2026-09-05T11:15:24.330-0400][259.837s][info][gc,phases   ] GC(243)   Evacuate Collection Set: 4.25ms
[2026-09-05T11:15:24.330-0400][259.837s][info][gc,phases   ] GC(243)   Post Evacuate Collection Set: 0.68ms
[2026-09-05T11:15:24.330-0400][259.837s][info][gc,phases   ] GC(243)   Other: 0.21ms
[2026-09-05T11:15:24.330-0400][259.837s][info][gc,heap     ] GC(243) Eden regions: 302->0(301)
[2026-09-05T11:15:24.330-0400][259.837s][info][gc,heap     ] GC(243) Survivor regions: 12->14(40)
[2026-09-05T11:15:24.330-0400][259.837s][info][gc,heap     ] GC(243) Old regions: 717->717
[2026-09-05T11:15:24.330-0400][259.837s][info][gc,heap     ] GC(243) Archive regions: 0->0
[2026-09-05T11:15:24.330-0400][259.837s][info][gc,heap     ] GC(243) Humongous regions: 27->27
[2026-09-05T11:15:24.330-0400][259.837s][info][gc,metaspace] GC(243) Metaspace: 153382K(155968K)->153382K(155968K) NonClass: 131598K(132992K)->131598K(132992K) Class: 21783K(22976K)->21783K(22976K)
[2026-09-05T11:15:24.330-0400][259.837s][info][gc          ] GC(243) Pause Young (Normal) (G1 Evacuation Pause) 2112M->1514M(2388M) 5.620ms
[2026-09-05T11:15:24.330-0400][259.837s][info][gc,cpu      ] GC(243) User=0.00s Sys=0.02s Real=0.01s
[2026-09-05T11:15:24.591-0400][260.098s][info][gc,start    ] GC(244) Pause Young (Normal) (G1 Evacuation Pause)
[2026-09-05T11:15:24.591-0400][260.098s][info][gc,task     ] GC(244) Using 23 workers of 23 for evacuation
[2026-09-05T11:15:24.596-0400][260.102s][info][gc,phases   ] GC(244)   Pre Evacuate Collection Set: 0.22ms
[2026-09-05T11:15:24.596-0400][260.102s][info][gc,phases   ] GC(244)   Merge Heap Roots: 0.24ms
[2026-09-05T11:15:24.596-0400][260.102s][info][gc,phases   ] GC(244)   Evacuate Collection Set: 3.48ms
[2026-09-05T11:15:24.596-0400][260.102s][info][gc,phases   ] GC(244)   Post Evacuate Collection Set: 0.65ms
[2026-09-05T11:15:24.596-0400][260.102s][info][gc,phases   ] GC(244)   Other: 0.13ms
[2026-09-05T11:15:24.596-0400][260.103s][info][gc,heap     ] GC(244) Eden regions: 301->0(300)
[2026-09-05T11:15:24.596-0400][260.103s][info][gc,heap     ] GC(244) Survivor regions: 14->15(40)
[2026-09-05T11:15:24.596-0400][260.103s][info][gc,heap     ] GC(244) Old regions: 717->717
[2026-09-05T11:15:24.596-0400][260.103s][info][gc,heap     ] GC(244) Archive regions: 0->0
[2026-09-05T11:15:24.596-0400][260.103s][info][gc,heap     ] GC(244) Humongous regions: 27->27
[2026-09-05T11:15:24.596-0400][260.103s][info][gc,metaspace] GC(244) Metaspace: 153383K(155968K)->153383K(155968K) NonClass: 131599K(132992K)->131599K(132992K) Class: 21783K(22976K)->21783K(22976K)
[2026-09-05T11:15:24.596-0400][260.103s][info][gc          ] GC(244) Pause Young (Normal) (G1 Evacuation Pause) 2116M->1516M(2388M) 4.849ms
[2026-09-05T11:15:24.596-0400][260.103s][info][gc,cpu      ] GC(244) User=0.00s Sys=0.00s Real=0.00s
[2026-09-05T11:15:24.987-0400][260.493s][info][gc,start    ] GC(245) Pause Young (Normal) (G1 Evacuation Pause)
[2026-09-05T11:15:24.987-0400][260.493s][info][gc,task     ] GC(245) Using 23 workers of 23 for evacuation
[2026-09-05T11:15:24.992-0400][260.499s][info][gc,phases   ] GC(245)   Pre Evacuate Collection Set: 0.19ms
[2026-09-05T11:15:24.992-0400][260.499s][info][gc,phases   ] GC(245)   Merge Heap Roots: 0.25ms
[2026-09-05T11:15:24.992-0400][260.499s][info][gc,phases   ] GC(245)   Evacuate Collection Set: 4.48ms
[2026-09-05T11:15:24.992-0400][260.499s][info][gc,phases   ] GC(245)   Post Evacuate Collection Set: 0.75ms
[2026-09-05T11:15:24.992-0400][260.499s][info][gc,phases   ] GC(245)   Other: 0.17ms
[2026-09-05T11:15:24.992-0400][260.499s][info][gc,heap     ] GC(245) Eden regions: 300->0(292)
[2026-09-05T11:15:24.992-0400][260.499s][info][gc,heap     ] GC(245) Survivor regions: 15->19(40)
[2026-09-05T11:15:24.992-0400][260.499s][info][gc,heap     ] GC(245) Old regions: 717->717
[2026-09-05T11:15:24.992-0400][260.499s][info][gc,heap     ] GC(245) Archive regions: 0->0
[2026-09-05T11:15:24.992-0400][260.499s][info][gc,heap     ] GC(245) Humongous regions: 27->27
[2026-09-05T11:15:24.992-0400][260.499s][info][gc,metaspace] GC(245) Metaspace: 153384K(155968K)->153384K(155968K) NonClass: 131601K(132992K)->131601K(132992K) Class: 21783K(22976K)->21783K(22976K)
[2026-09-05T11:15:24.992-0400][260.499s][info][gc          ] GC(245) Pause Young (Normal) (G1 Evacuation Pause) 2116M->1522M(2388M) 5.990ms
[2026-09-05T11:15:24.992-0400][260.499s][info][gc,cpu      ] GC(245) User=0.00s Sys=0.00s Real=0.01s
[2026-09-05T11:15:25.336-0400][260.843s][info][gc,start    ] GC(246) Pause Young (Normal) (G1 Evacuation Pause)
[2026-09-05T11:15:25.336-0400][260.844s][info][gc,task     ] GC(246) Using 23 workers of 23 for evacuation
[2026-09-05T11:15:25.343-0400][260.850s][info][gc,phases   ] GC(246)   Pre Evacuate Collection Set: 0.23ms
[2026-09-05T11:15:25.343-0400][260.850s][info][gc,phases   ] GC(246)   Merge Heap Roots: 0.25ms
[2026-09-05T11:15:25.343-0400][260.850s][info][gc,phases   ] GC(246)   Evacuate Collection Set: 5.28ms
[2026-09-05T11:15:25.343-0400][260.850s][info][gc,phases   ] GC(246)   Post Evacuate Collection Set: 0.69ms
[2026-09-05T11:15:25.343-0400][260.850s][info][gc,phases   ] GC(246)   Other: 0.16ms
[2026-09-05T11:15:25.344-0400][260.850s][info][gc,heap     ] GC(246) Eden regions: 292->0(280)
[2026-09-05T11:15:25.344-0400][260.850s][info][gc,heap     ] GC(246) Survivor regions: 19->25(39)
[2026-09-05T11:15:25.344-0400][260.850s][info][gc,heap     ] GC(246) Old regions: 717->717
[2026-09-05T11:15:25.344-0400][260.850s][info][gc,heap     ] GC(246) Archive regions: 0->0
[2026-09-05T11:15:25.344-0400][260.850s][info][gc,heap     ] GC(246) Humongous regions: 27->27
[2026-09-05T11:15:25.344-0400][260.850s][info][gc,metaspace] GC(246) Metaspace: 153386K(155968K)->153386K(155968K) NonClass: 131603K(132992K)->131603K(132992K) Class: 21783K(22976K)->21783K(22976K)
[2026-09-05T11:15:25.344-0400][260.850s][info][gc          ] GC(246) Pause Young (Normal) (G1 Evacuation Pause) 2106M->1534M(2388M) 6.869ms
[2026-09-05T11:15:25.344-0400][260.850s][info][gc,cpu      ] GC(246) User=0.36s Sys=0.00s Real=0.01s
[2026-09-05T11:15:25.411-0400][260.917s][info][gc,start    ] GC(247) Pause Young (Normal) (G1 Evacuation Pause)
[2026-09-05T11:15:25.411-0400][260.917s][info][gc,task     ] GC(247) Using 23 workers of 23 for evacuation
[2026-09-05T11:15:25.418-0400][260.924s][info][gc,phases   ] GC(247)   Pre Evacuate Collection Set: 0.16ms
[2026-09-05T11:15:25.418-0400][260.925s][info][gc,phases   ] GC(247)   Merge Heap Roots: 0.25ms
[2026-09-05T11:15:25.418-0400][260.925s][info][gc,phases   ] GC(247)   Evacuate Collection Set: 6.02ms
[2026-09-05T11:15:25.418-0400][260.925s][info][gc,phases   ] GC(247)   Post Evacuate Collection Set: 0.57ms
[2026-09-05T11:15:25.418-0400][260.925s][info][gc,phases   ] GC(247)   Other: 0.19ms
[2026-09-05T11:15:25.418-0400][260.925s][info][gc,heap     ] GC(247) Eden regions: 280->0(281)
[2026-09-05T11:15:25.418-0400][260.925s][info][gc,heap     ] GC(247) Survivor regions: 25->23(39)
[2026-09-05T11:15:25.418-0400][260.925s][info][gc,heap     ] GC(247) Old regions: 717->720
[2026-09-05T11:15:25.418-0400][260.925s][info][gc,heap     ] GC(247) Archive regions: 0->0
[2026-09-05T11:15:25.418-0400][260.925s][info][gc,heap     ] GC(247) Humongous regions: 27->27
[2026-09-05T11:15:25.418-0400][260.925s][info][gc,metaspace] GC(247) Metaspace: 153386K(155968K)->153386K(155968K) NonClass: 131603K(132992K)->131603K(132992K) Class: 21783K(22976K)->21783K(22976K)
[2026-09-05T11:15:25.418-0400][260.925s][info][gc          ] GC(247) Pause Young (Normal) (G1 Evacuation Pause) 2094M->1538M(2388M) 7.325ms
[2026-09-05T11:15:25.418-0400][260.925s][info][gc,cpu      ] GC(247) User=0.00s Sys=0.00s Real=0.01s
[2026-09-05T11:15:25.536-0400][261.043s][info][gc,start    ] GC(248) Pause Young (Normal) (G1 Evacuation Pause)
[2026-09-05T11:15:25.536-0400][261.044s][info][gc,task     ] GC(248) Using 23 workers of 23 for evacuation
[2026-09-05T11:15:25.542-0400][261.048s][info][gc,phases   ] GC(248)   Pre Evacuate Collection Set: 0.13ms
[2026-09-05T11:15:25.542-0400][261.048s][info][gc,phases   ] GC(248)   Merge Heap Roots: 0.16ms
[2026-09-05T11:15:25.542-0400][261.048s][info][gc,phases   ] GC(248)   Evacuate Collection Set: 3.76ms
[2026-09-05T11:15:25.542-0400][261.048s][info][gc,phases   ] GC(248)   Post Evacuate Collection Set: 0.45ms
[2026-09-05T11:15:25.542-0400][261.048s][info][gc,phases   ] GC(248)   Other: 0.15ms
[2026-09-05T11:15:25.542-0400][261.048s][info][gc,heap     ] GC(248) Eden regions: 281->0(282)
[2026-09-05T11:15:25.542-0400][261.048s][info][gc,heap     ] GC(248) Survivor regions: 23->21(38)
[2026-09-05T11:15:25.542-0400][261.048s][info][gc,heap     ] GC(248) Old regions: 720->723
[2026-09-05T11:15:25.542-0400][261.048s][info][gc,heap     ] GC(248) Archive regions: 0->0
[2026-09-05T11:15:25.542-0400][261.048s][info][gc,heap     ] GC(248) Humongous regions: 27->27
[2026-09-05T11:15:25.542-0400][261.048s][info][gc,metaspace] GC(248) Metaspace: 153386K(155968K)->153386K(155968K) NonClass: 131603K(132992K)->131603K(132992K) Class: 21783K(22976K)->21783K(22976K)
[2026-09-05T11:15:25.542-0400][261.048s][info][gc          ] GC(248) Pause Young (Normal) (G1 Evacuation Pause) 2100M->1539M(2388M) 4.781ms
[2026-09-05T11:15:25.542-0400][261.048s][info][gc,cpu      ] GC(248) User=0.00s Sys=0.00s Real=0.01s
[2026-09-05T11:15:26.090-0400][261.596s][info][gc,start    ] GC(249) Pause Young (Normal) (G1 Evacuation Pause)
[2026-09-05T11:15:26.090-0400][261.596s][info][gc,task     ] GC(249) Using 23 workers of 23 for evacuation
[2026-09-05T11:15:26.094-0400][261.600s][info][gc,phases   ] GC(249)   Pre Evacuate Collection Set: 0.18ms
[2026-09-05T11:15:26.094-0400][261.600s][info][gc,phases   ] GC(249)   Merge Heap Roots: 0.14ms
[2026-09-05T11:15:26.094-0400][261.600s][info][gc,phases   ] GC(249)   Evacuate Collection Set: 3.09ms
[2026-09-05T11:15:26.094-0400][261.600s][info][gc,phases   ] GC(249)   Post Evacuate Collection Set: 0.62ms
[2026-09-05T11:15:26.094-0400][261.600s][info][gc,phases   ] GC(249)   Other: 0.18ms
[2026-09-05T11:15:26.094-0400][261.601s][info][gc,heap     ] GC(249) Eden regions: 282->0(282)
[2026-09-05T11:15:26.094-0400][261.601s][info][gc,heap     ] GC(249) Survivor regions: 21->21(38)
[2026-09-05T11:15:26.094-0400][261.601s][info][gc,heap     ] GC(249) Old regions: 723->723
[2026-09-05T11:15:26.094-0400][261.601s][info][gc,heap     ] GC(249) Archive regions: 0->0
[2026-09-05T11:15:26.094-0400][261.601s][info][gc,heap     ] GC(249) Humongous regions: 27->27
[2026-09-05T11:15:26.094-0400][261.601s][info][gc,metaspace] GC(249) Metaspace: 153387K(155968K)->153387K(155968K) NonClass: 131603K(132992K)->131603K(132992K) Class: 21783K(22976K)->21783K(22976K)
[2026-09-05T11:15:26.094-0400][261.601s][info][gc          ] GC(249) Pause Young (Normal) (G1 Evacuation Pause) 2103M->1539M(2388M) 4.319ms
[2026-09-05T11:15:26.094-0400][261.601s][info][gc,cpu      ] GC(249) User=0.25s Sys=0.00s Real=0.00s
[2026-09-05T11:15:26.345-0400][261.852s][info][gc,start    ] GC(250) Pause Young (Normal) (G1 Evacuation Pause)
[2026-09-05T11:15:26.346-0400][261.852s][info][gc,task     ] GC(250) Using 23 workers of 23 for evacuation
[2026-09-05T11:15:26.349-0400][261.856s][info][gc,phases   ] GC(250)   Pre Evacuate Collection Set: 0.22ms
[2026-09-05T11:15:26.349-0400][261.856s][info][gc,phases   ] GC(250)   Merge Heap Roots: 0.17ms
[2026-09-05T11:15:26.349-0400][261.856s][info][gc,phases   ] GC(250)   Evacuate Collection Set: 2.84ms
[2026-09-05T11:15:26.349-0400][261.856s][info][gc,phases   ] GC(250)   Post Evacuate Collection Set: 0.69ms
[2026-09-05T11:15:26.349-0400][261.856s][info][gc,phases   ] GC(250)   Other: 0.14ms
[2026-09-05T11:15:26.349-0400][261.856s][info][gc,heap     ] GC(250) Eden regions: 282->0(282)
[2026-09-05T11:15:26.349-0400][261.856s][info][gc,heap     ] GC(250) Survivor regions: 21->21(38)
[2026-09-05T11:15:26.349-0400][261.856s][info][gc,heap     ] GC(250) Old regions: 723->723
[2026-09-05T11:15:26.349-0400][261.856s][info][gc,heap     ] GC(250) Archive regions: 0->0
[2026-09-05T11:15:26.349-0400][261.856s][info][gc,heap     ] GC(250) Humongous regions: 27->27
[2026-09-05T11:15:26.349-0400][261.856s][info][gc,metaspace] GC(250) Metaspace: 153387K(155968K)->153387K(155968K) NonClass: 131603K(132992K)->131603K(132992K) Class: 21783K(22976K)->21783K(22976K)
[2026-09-05T11:15:26.349-0400][261.856s][info][gc          ] GC(250) Pause Young (Normal) (G1 Evacuation Pause) 2103M->1540M(2388M) 4.178ms
[2026-09-05T11:15:26.349-0400][261.856s][info][gc,cpu      ] GC(250) User=0.00s Sys=0.00s Real=0.00s
[2026-09-05T11:15:26.732-0400][262.238s][info][gc,start    ] GC(251) Pause Young (Normal) (G1 Evacuation Pause)
[2026-09-05T11:15:26.732-0400][262.238s][info][gc,task     ] GC(251) Using 23 workers of 23 for evacuation
[2026-09-05T11:15:26.736-0400][262.244s][info][gc,phases   ] GC(251)   Pre Evacuate Collection Set: 0.22ms
[2026-09-05T11:15:26.737-0400][262.244s][info][gc,phases   ] GC(251)   Merge Heap Roots: 0.17ms
[2026-09-05T11:15:26.737-0400][262.244s][info][gc,phases   ] GC(251)   Evacuate Collection Set: 4.18ms
[2026-09-05T11:15:26.737-0400][262.244s][info][gc,phases   ] GC(251)   Post Evacuate Collection Set: 0.59ms
[2026-09-05T11:15:26.737-0400][262.244s][info][gc,phases   ] GC(251)   Other: 0.20ms
[2026-09-05T11:15:26.737-0400][262.244s][info][gc,heap     ] GC(251) Eden regions: 282->0(274)
[2026-09-05T11:15:26.737-0400][262.244s][info][gc,heap     ] GC(251) Survivor regions: 21->25(38)
[2026-09-05T11:15:26.737-0400][262.244s][info][gc,heap     ] GC(251) Old regions: 723->723
[2026-09-05T11:15:26.737-0400][262.244s][info][gc,heap     ] GC(251) Archive regions: 0->0
[2026-09-05T11:15:26.737-0400][262.244s][info][gc,heap     ] GC(251) Humongous regions: 27->27
[2026-09-05T11:15:26.737-0400][262.244s][info][gc,metaspace] GC(251) Metaspace: 153392K(155968K)->153392K(155968K) NonClass: 131608K(132992K)->131608K(132992K) Class: 21783K(22976K)->21783K(22976K)
[2026-09-05T11:15:26.737-0400][262.244s][info][gc          ] GC(251) Pause Young (Normal) (G1 Evacuation Pause) 2104M->1547M(2388M) 5.516ms
[2026-09-05T11:15:26.737-0400][262.244s][info][gc,cpu      ] GC(251) User=0.00s Sys=0.00s Real=0.00s
[2026-09-05T11:15:26.803-0400][262.310s][info][gc,start    ] GC(252) Pause Young (Normal) (G1 Evacuation Pause)
[2026-09-05T11:15:26.803-0400][262.310s][info][gc,task     ] GC(252) Using 23 workers of 23 for evacuation
[2026-09-05T11:15:26.809-0400][262.315s][info][gc,phases   ] GC(252)   Pre Evacuate Collection Set: 0.14ms
[2026-09-05T11:15:26.809-0400][262.316s][info][gc,phases   ] GC(252)   Merge Heap Roots: 0.16ms
[2026-09-05T11:15:26.809-0400][262.316s][info][gc,phases   ] GC(252)   Evacuate Collection Set: 4.63ms
[2026-09-05T11:15:26.809-0400][262.316s][info][gc,phases   ] GC(252)   Post Evacuate Collection Set: 0.55ms
[2026-09-05T11:15:26.809-0400][262.316s][info][gc,phases   ] GC(252)   Other: 0.15ms
[2026-09-05T11:15:26.809-0400][262.316s][info][gc,heap     ] GC(252) Eden regions: 274->0(277)
[2026-09-05T11:15:26.809-0400][262.316s][info][gc,heap     ] GC(252) Survivor regions: 25->21(38)
[2026-09-05T11:15:26.809-0400][262.316s][info][gc,heap     ] GC(252) Old regions: 723->728
[2026-09-05T11:15:26.809-0400][262.316s][info][gc,heap     ] GC(252) Archive regions: 0->0
[2026-09-05T11:15:26.809-0400][262.316s][info][gc,heap     ] GC(252) Humongous regions: 27->27
[2026-09-05T11:15:26.809-0400][262.316s][info][gc,metaspace] GC(252) Metaspace: 153392K(155968K)->153392K(155968K) NonClass: 131608K(132992K)->131608K(132992K) Class: 21783K(22976K)->21783K(22976K)
[2026-09-05T11:15:26.809-0400][262.316s][info][gc          ] GC(252) Pause Young (Normal) (G1 Evacuation Pause) 2095M->1550M(2388M) 5.787ms
[2026-09-05T11:15:26.809-0400][262.316s][info][gc,cpu      ] GC(252) User=0.00s Sys=0.00s Real=0.01s
[2026-09-05T11:15:27.313-0400][262.819s][info][gc,start    ] GC(253) Pause Young (Normal) (G1 Evacuation Pause)
[2026-09-05T11:15:27.313-0400][262.819s][info][gc,task     ] GC(253) Using 23 workers of 23 for evacuation
[2026-09-05T11:15:27.317-0400][262.824s][info][gc,phases   ] GC(253)   Pre Evacuate Collection Set: 0.25ms
[2026-09-05T11:15:27.317-0400][262.824s][info][gc,phases   ] GC(253)   Merge Heap Roots: 0.17ms
[2026-09-05T11:15:27.317-0400][262.824s][info][gc,phases   ] GC(253)   Evacuate Collection Set: 3.06ms
[2026-09-05T11:15:27.317-0400][262.824s][info][gc,phases   ] GC(253)   Post Evacuate Collection Set: 0.71ms
[2026-09-05T11:15:27.317-0400][262.824s][info][gc,phases   ] GC(253)   Other: 0.15ms
[2026-09-05T11:15:27.317-0400][262.824s][info][gc,heap     ] GC(253) Eden regions: 277->0(270)
[2026-09-05T11:15:27.317-0400][262.824s][info][gc,heap     ] GC(253) Survivor regions: 21->24(38)
[2026-09-05T11:15:27.317-0400][262.824s][info][gc,heap     ] GC(253) Old regions: 728->728
[2026-09-05T11:15:27.317-0400][262.824s][info][gc,heap     ] GC(253) Archive regions: 0->0
[2026-09-05T11:15:27.317-0400][262.824s][info][gc,heap     ] GC(253) Humongous regions: 30->28
[2026-09-05T11:15:27.317-0400][262.824s][info][gc,metaspace] GC(253) Metaspace: 153392K(155968K)->153392K(155968K) NonClass: 131608K(132992K)->131608K(132992K) Class: 21783K(22976K)->21783K(22976K)
[2026-09-05T11:15:27.317-0400][262.824s][info][gc          ] GC(253) Pause Young (Normal) (G1 Evacuation Pause) 2110M->1557M(2388M) 4.465ms
[2026-09-05T11:15:27.317-0400][262.824s][info][gc,cpu      ] GC(253) User=0.00s Sys=0.00s Real=0.00s
[2026-09-05T11:15:27.805-0400][263.312s][info][gc,start    ] GC(254) Pause Young (Normal) (G1 Evacuation Pause)
[2026-09-05T11:15:27.805-0400][263.312s][info][gc,task     ] GC(254) Using 23 workers of 23 for evacuation
[2026-09-05T11:15:27.810-0400][263.316s][info][gc,phases   ] GC(254)   Pre Evacuate Collection Set: 0.19ms
[2026-09-05T11:15:27.810-0400][263.316s][info][gc,phases   ] GC(254)   Merge Heap Roots: 0.12ms
[2026-09-05T11:15:27.810-0400][263.316s][info][gc,phases   ] GC(254)   Evacuate Collection Set: 3.07ms
[2026-09-05T11:15:27.810-0400][263.316s][info][gc,phases   ] GC(254)   Post Evacuate Collection Set: 0.58ms
[2026-09-05T11:15:27.810-0400][263.316s][info][gc,phases   ] GC(254)   Other: 0.13ms
[2026-09-05T11:15:27.810-0400][263.316s][info][gc,heap     ] GC(254) Eden regions: 270->0(275)
[2026-09-05T11:15:27.810-0400][263.316s][info][gc,heap     ] GC(254) Survivor regions: 24->20(37)
[2026-09-05T11:15:27.810-0400][263.316s][info][gc,heap     ] GC(254) Old regions: 728->731
[2026-09-05T11:15:27.810-0400][263.316s][info][gc,heap     ] GC(254) Archive regions: 0->0
[2026-09-05T11:15:27.810-0400][263.316s][info][gc,heap     ] GC(254) Humongous regions: 31->28
[2026-09-05T11:15:27.810-0400][263.316s][info][gc,metaspace] GC(254) Metaspace: 153392K(155968K)->153392K(155968K) NonClass: 131608K(132992K)->131608K(132992K) Class: 21783K(22976K)->21783K(22976K)
[2026-09-05T11:15:27.810-0400][263.316s][info][gc          ] GC(254) Pause Young (Normal) (G1 Evacuation Pause) 2103M->1557M(2388M) 4.235ms
[2026-09-05T11:15:27.810-0400][263.316s][info][gc,cpu      ] GC(254) User=0.02s Sys=0.00s Real=0.00s
[2026-09-05T11:15:28.324-0400][263.831s][info][gc,start    ] GC(255) Pause Young (Normal) (G1 Evacuation Pause)
[2026-09-05T11:15:28.324-0400][263.831s][info][gc,task     ] GC(255) Using 23 workers of 23 for evacuation
[2026-09-05T11:15:28.328-0400][263.835s][info][gc,phases   ] GC(255)   Pre Evacuate Collection Set: 0.15ms
[2026-09-05T11:15:28.328-0400][263.835s][info][gc,phases   ] GC(255)   Merge Heap Roots: 0.19ms
[2026-09-05T11:15:28.328-0400][263.835s][info][gc,phases   ] GC(255)   Evacuate Collection Set: 2.61ms
[2026-09-05T11:15:28.328-0400][263.835s][info][gc,phases   ] GC(255)   Post Evacuate Collection Set: 0.62ms
[2026-09-05T11:15:28.328-0400][263.835s][info][gc,phases   ] GC(255)   Other: 0.15ms
[2026-09-05T11:15:28.328-0400][263.835s][info][gc,heap     ] GC(255) Eden regions: 275->0(274)
[2026-09-05T11:15:28.328-0400][263.835s][info][gc,heap     ] GC(255) Survivor regions: 20->20(37)
[2026-09-05T11:15:28.328-0400][263.835s][info][gc,heap     ] GC(255) Old regions: 731->731
[2026-09-05T11:15:28.328-0400][263.835s][info][gc,heap     ] GC(255) Archive regions: 0->0
[2026-09-05T11:15:28.328-0400][263.835s][info][gc,heap     ] GC(255) Humongous regions: 32->29
[2026-09-05T11:15:28.328-0400][263.835s][info][gc,metaspace] GC(255) Metaspace: 153392K(155968K)->153392K(155968K) NonClass: 131608K(132992K)->131608K(132992K) Class: 21783K(22976K)->21783K(22976K)
[2026-09-05T11:15:28.328-0400][263.835s][info][gc          ] GC(255) Pause Young (Normal) (G1 Evacuation Pause) 2115M->1559M(2388M) 3.830ms
[2026-09-05T11:15:28.328-0400][263.835s][info][gc,cpu      ] GC(255) User=0.08s Sys=0.00s Real=0.00s
[2026-09-05T11:15:28.845-0400][264.352s][info][gc,start    ] GC(256) Pause Young (Normal) (G1 Evacuation Pause)
[2026-09-05T11:15:28.845-0400][264.353s][info][gc,task     ] GC(256) Using 23 workers of 23 for evacuation
[2026-09-05T11:15:28.850-0400][264.356s][info][gc,phases   ] GC(256)   Pre Evacuate Collection Set: 0.28ms
[2026-09-05T11:15:28.850-0400][264.356s][info][gc,phases   ] GC(256)   Merge Heap Roots: 0.19ms
[2026-09-05T11:15:28.850-0400][264.356s][info][gc,phases   ] GC(256)   Evacuate Collection Set: 2.71ms
[2026-09-05T11:15:28.850-0400][264.356s][info][gc,phases   ] GC(256)   Post Evacuate Collection Set: 0.55ms
[2026-09-05T11:15:28.850-0400][264.356s][info][gc,phases   ] GC(256)   Other: 0.13ms
[2026-09-05T11:15:28.850-0400][264.356s][info][gc,heap     ] GC(256) Eden regions: 274->0(274)
[2026-09-05T11:15:28.850-0400][264.356s][info][gc,heap     ] GC(256) Survivor regions: 20->20(37)
[2026-09-05T11:15:28.850-0400][264.356s][info][gc,heap     ] GC(256) Old regions: 731->731
[2026-09-05T11:15:28.850-0400][264.356s][info][gc,heap     ] GC(256) Archive regions: 0->0
[2026-09-05T11:15:28.850-0400][264.356s][info][gc,heap     ] GC(256) Humongous regions: 31->29
[2026-09-05T11:15:28.850-0400][264.356s][info][gc,metaspace] GC(256) Metaspace: 153394K(155968K)->153394K(155968K) NonClass: 131609K(132992K)->131609K(132992K) Class: 21784K(22976K)->21784K(22976K)
[2026-09-05T11:15:28.850-0400][264.356s][info][gc          ] GC(256) Pause Young (Normal) (G1 Evacuation Pause) 2111M->1559M(2388M) 3.983ms
[2026-09-05T11:15:28.850-0400][264.356s][info][gc,cpu      ] GC(256) User=0.00s Sys=0.00s Real=0.00s
[2026-09-05T11:15:29.364-0400][264.871s][info][gc,start    ] GC(257) Pause Young (Normal) (G1 Evacuation Pause)
[2026-09-05T11:15:29.364-0400][264.871s][info][gc,task     ] GC(257) Using 23 workers of 23 for evacuation
[2026-09-05T11:15:29.368-0400][264.874s][info][gc,phases   ] GC(257)   Pre Evacuate Collection Set: 0.24ms
[2026-09-05T11:15:29.368-0400][264.875s][info][gc,phases   ] GC(257)   Merge Heap Roots: 0.15ms
[2026-09-05T11:15:29.368-0400][264.875s][info][gc,phases   ] GC(257)   Evacuate Collection Set: 2.80ms
[2026-09-05T11:15:29.368-0400][264.875s][info][gc,phases   ] GC(257)   Post Evacuate Collection Set: 0.60ms
[2026-09-05T11:15:29.368-0400][264.875s][info][gc,phases   ] GC(257)   Other: 0.13ms
[2026-09-05T11:15:29.368-0400][264.875s][info][gc,heap     ] GC(257) Eden regions: 274->0(274)
[2026-09-05T11:15:29.368-0400][264.875s][info][gc,heap     ] GC(257) Survivor regions: 20->20(37)
[2026-09-05T11:15:29.368-0400][264.875s][info][gc,heap     ] GC(257) Old regions: 731->731
[2026-09-05T11:15:29.368-0400][264.875s][info][gc,heap     ] GC(257) Archive regions: 0->0
[2026-09-05T11:15:29.368-0400][264.875s][info][gc,heap     ] GC(257) Humongous regions: 29->29
[2026-09-05T11:15:29.368-0400][264.875s][info][gc,metaspace] GC(257) Metaspace: 153394K(155968K)->153394K(155968K) NonClass: 131609K(132992K)->131609K(132992K) Class: 21784K(22976K)->21784K(22976K)
[2026-09-05T11:15:29.368-0400][264.875s][info][gc          ] GC(257) Pause Young (Normal) (G1 Evacuation Pause) 2107M->1559M(2388M) 4.075ms
[2026-09-05T11:15:29.368-0400][264.875s][info][gc,cpu      ] GC(257) User=0.00s Sys=0.00s Real=0.00s
[2026-09-05T11:15:29.888-0400][265.395s][info][gc,start    ] GC(258) Pause Young (Normal) (G1 Evacuation Pause)
[2026-09-05T11:15:29.888-0400][265.395s][info][gc,task     ] GC(258) Using 23 workers of 23 for evacuation
[2026-09-05T11:15:29.891-0400][265.399s][info][gc,phases   ] GC(258)   Pre Evacuate Collection Set: 0.21ms
[2026-09-05T11:15:29.891-0400][265.399s][info][gc,phases   ] GC(258)   Merge Heap Roots: 0.13ms
[2026-09-05T11:15:29.891-0400][265.399s][info][gc,phases   ] GC(258)   Evacuate Collection Set: 2.51ms
[2026-09-05T11:15:29.891-0400][265.399s][info][gc,phases   ] GC(258)   Post Evacuate Collection Set: 0.53ms
[2026-09-05T11:15:29.891-0400][265.399s][info][gc,phases   ] GC(258)   Other: 0.14ms
[2026-09-05T11:15:29.891-0400][265.399s][info][gc,heap     ] GC(258) Eden regions: 274->0(274)
[2026-09-05T11:15:29.891-0400][265.399s][info][gc,heap     ] GC(258) Survivor regions: 20->20(37)
[2026-09-05T11:15:29.891-0400][265.399s][info][gc,heap     ] GC(258) Old regions: 731->731
[2026-09-05T11:15:29.891-0400][265.399s][info][gc,heap     ] GC(258) Archive regions: 0->0
[2026-09-05T11:15:29.891-0400][265.399s][info][gc,heap     ] GC(258) Humongous regions: 29->29
[2026-09-05T11:15:29.891-0400][265.399s][info][gc,metaspace] GC(258) Metaspace: 153394K(155968K)->153394K(155968K) NonClass: 131609K(132992K)->131609K(132992K) Class: 21784K(22976K)->21784K(22976K)
[2026-09-05T11:15:29.891-0400][265.399s][info][gc          ] GC(258) Pause Young (Normal) (G1 Evacuation Pause) 2107M->1558M(2388M) 3.625ms
[2026-09-05T11:15:29.891-0400][265.399s][info][gc,cpu      ] GC(258) User=0.00s Sys=0.00s Real=0.00s
[2026-09-05T11:15:30.416-0400][265.923s][info][gc,start    ] GC(259) Pause Young (Normal) (G1 Evacuation Pause)
[2026-09-05T11:15:30.416-0400][265.923s][info][gc,task     ] GC(259) Using 23 workers of 23 for evacuation
[2026-09-05T11:15:30.420-0400][265.927s][info][gc,phases   ] GC(259)   Pre Evacuate Collection Set: 0.22ms
[2026-09-05T11:15:30.420-0400][265.927s][info][gc,phases   ] GC(259)   Merge Heap Roots: 0.12ms
[2026-09-05T11:15:30.420-0400][265.927s][info][gc,phases   ] GC(259)   Evacuate Collection Set: 2.62ms
[2026-09-05T11:15:30.420-0400][265.927s][info][gc,phases   ] GC(259)   Post Evacuate Collection Set: 0.54ms
[2026-09-05T11:15:30.420-0400][265.927s][info][gc,phases   ] GC(259)   Other: 0.30ms
[2026-09-05T11:15:30.420-0400][265.927s][info][gc,heap     ] GC(259) Eden regions: 274->0(274)
[2026-09-05T11:15:30.420-0400][265.927s][info][gc,heap     ] GC(259) Survivor regions: 20->20(37)
[2026-09-05T11:15:30.420-0400][265.927s][info][gc,heap     ] GC(259) Old regions: 731->731
[2026-09-05T11:15:30.420-0400][265.927s][info][gc,heap     ] GC(259) Archive regions: 0->0
[2026-09-05T11:15:30.420-0400][265.927s][info][gc,heap     ] GC(259) Humongous regions: 29->29
[2026-09-05T11:15:30.420-0400][265.927s][info][gc,metaspace] GC(259) Metaspace: 153394K(155968K)->153394K(155968K) NonClass: 131609K(132992K)->131609K(132992K) Class: 21784K(22976K)->21784K(22976K)
[2026-09-05T11:15:30.420-0400][265.927s][info][gc          ] GC(259) Pause Young (Normal) (G1 Evacuation Pause) 2106M->1558M(2388M) 3.816ms
[2026-09-05T11:15:30.420-0400][265.927s][info][gc,cpu      ] GC(259) User=0.30s Sys=0.05s Real=0.00s
[2026-09-05T11:15:30.948-0400][266.455s][info][gc,start    ] GC(260) Pause Young (Normal) (G1 Evacuation Pause)
[2026-09-05T11:15:30.948-0400][266.455s][info][gc,task     ] GC(260) Using 23 workers of 23 for evacuation
[2026-09-05T11:15:30.952-0400][266.459s][info][gc,phases   ] GC(260)   Pre Evacuate Collection Set: 0.15ms
[2026-09-05T11:15:30.952-0400][266.459s][info][gc,phases   ] GC(260)   Merge Heap Roots: 0.10ms
[2026-09-05T11:15:30.952-0400][266.459s][info][gc,phases   ] GC(260)   Evacuate Collection Set: 2.55ms
[2026-09-05T11:15:30.952-0400][266.459s][info][gc,phases   ] GC(260)   Post Evacuate Collection Set: 0.48ms
[2026-09-05T11:15:30.952-0400][266.459s][info][gc,phases   ] GC(260)   Other: 0.14ms
[2026-09-05T11:15:30.952-0400][266.459s][info][gc,heap     ] GC(260) Eden regions: 274->0(274)
[2026-09-05T11:15:30.952-0400][266.459s][info][gc,heap     ] GC(260) Survivor regions: 20->20(37)
[2026-09-05T11:15:30.952-0400][266.459s][info][gc,heap     ] GC(260) Old regions: 731->731
[2026-09-05T11:15:30.952-0400][266.459s][info][gc,heap     ] GC(260) Archive regions: 0->0
[2026-09-05T11:15:30.952-0400][266.459s][info][gc,heap     ] GC(260) Humongous regions: 29->29
[2026-09-05T11:15:30.952-0400][266.459s][info][gc,metaspace] GC(260) Metaspace: 153394K(155968K)->153394K(155968K) NonClass: 131609K(132992K)->131609K(132992K) Class: 21784K(22976K)->21784K(22976K)
[2026-09-05T11:15:30.952-0400][266.459s][info][gc          ] GC(260) Pause Young (Normal) (G1 Evacuation Pause) 2106M->1559M(2388M) 3.572ms
[2026-09-05T11:15:30.952-0400][266.459s][info][gc,cpu      ] GC(260) User=0.38s Sys=0.00s Real=0.00s
[2026-09-05T11:15:31.493-0400][267.000s][info][gc,start    ] GC(261) Pause Young (Normal) (G1 Evacuation Pause)
[2026-09-05T11:15:31.493-0400][267.001s][info][gc,task     ] GC(261) Using 23 workers of 23 for evacuation
[2026-09-05T11:15:31.498-0400][267.004s][info][gc,phases   ] GC(261)   Pre Evacuate Collection Set: 0.21ms
[2026-09-05T11:15:31.498-0400][267.004s][info][gc,phases   ] GC(261)   Merge Heap Roots: 0.16ms
[2026-09-05T11:15:31.498-0400][267.004s][info][gc,phases   ] GC(261)   Evacuate Collection Set: 2.78ms
[2026-09-05T11:15:31.498-0400][267.004s][info][gc,phases   ] GC(261)   Post Evacuate Collection Set: 0.61ms
[2026-09-05T11:15:31.498-0400][267.004s][info][gc,phases   ] GC(261)   Other: 0.22ms
[2026-09-05T11:15:31.498-0400][267.004s][info][gc,heap     ] GC(261) Eden regions: 274->0(275)
[2026-09-05T11:15:31.498-0400][267.004s][info][gc,heap     ] GC(261) Survivor regions: 20->18(37)
[2026-09-05T11:15:31.498-0400][267.004s][info][gc,heap     ] GC(261) Old regions: 731->734
[2026-09-05T11:15:31.498-0400][267.004s][info][gc,heap     ] GC(261) Archive regions: 0->0
[2026-09-05T11:15:31.498-0400][267.005s][info][gc,heap     ] GC(261) Humongous regions: 29->29
[2026-09-05T11:15:31.498-0400][267.005s][info][gc,metaspace] GC(261) Metaspace: 153394K(155968K)->153394K(155968K) NonClass: 131609K(132992K)->131609K(132992K) Class: 21784K(22976K)->21784K(22976K)
[2026-09-05T11:15:31.498-0400][267.005s][info][gc          ] GC(261) Pause Young (Normal) (G1 Evacuation Pause) 2107M->1559M(2388M) 4.092ms
[2026-09-05T11:15:31.498-0400][267.005s][info][gc,cpu      ] GC(261) User=0.38s Sys=0.00s Real=0.00s
[2026-09-05T11:15:32.033-0400][267.540s][info][gc,start    ] GC(262) Pause Young (Normal) (G1 Evacuation Pause)
[2026-09-05T11:15:32.033-0400][267.540s][info][gc,task     ] GC(262) Using 23 workers of 23 for evacuation
[2026-09-05T11:15:32.037-0400][267.543s][info][gc,phases   ] GC(262)   Pre Evacuate Collection Set: 0.19ms
[2026-09-05T11:15:32.037-0400][267.543s][info][gc,phases   ] GC(262)   Merge Heap Roots: 0.13ms
[2026-09-05T11:15:32.037-0400][267.543s][info][gc,phases   ] GC(262)   Evacuate Collection Set: 2.41ms
[2026-09-05T11:15:32.037-0400][267.543s][info][gc,phases   ] GC(262)   Post Evacuate Collection Set: 0.50ms
[2026-09-05T11:15:32.037-0400][267.543s][info][gc,phases   ] GC(262)   Other: 0.12ms
[2026-09-05T11:15:32.037-0400][267.543s][info][gc,heap     ] GC(262) Eden regions: 275->0(277)
[2026-09-05T11:15:32.037-0400][267.543s][info][gc,heap     ] GC(262) Survivor regions: 18->16(37)
[2026-09-05T11:15:32.037-0400][267.543s][info][gc,heap     ] GC(262) Old regions: 734->736
[2026-09-05T11:15:32.037-0400][267.543s][info][gc,heap     ] GC(262) Archive regions: 0->0
[2026-09-05T11:15:32.037-0400][267.543s][info][gc,heap     ] GC(262) Humongous regions: 29->29
[2026-09-05T11:15:32.037-0400][267.543s][info][gc,metaspace] GC(262) Metaspace: 153394K(155968K)->153394K(155968K) NonClass: 131610K(132992K)->131610K(132992K) Class: 21784K(22976K)->21784K(22976K)
[2026-09-05T11:15:32.037-0400][267.543s][info][gc          ] GC(262) Pause Young (Normal) (G1 Evacuation Pause) 2109M->1559M(2388M) 3.485ms
[2026-09-05T11:15:32.037-0400][267.543s][info][gc,cpu      ] GC(262) User=0.00s Sys=0.00s Real=0.00s
[2026-09-05T11:15:32.568-0400][268.075s][info][gc,start    ] GC(263) Pause Young (Normal) (G1 Evacuation Pause)
[2026-09-05T11:15:32.568-0400][268.075s][info][gc,task     ] GC(263) Using 23 workers of 23 for evacuation
[2026-09-05T11:15:32.571-0400][268.079s][info][gc,phases   ] GC(263)   Pre Evacuate Collection Set: 0.19ms
[2026-09-05T11:15:32.571-0400][268.079s][info][gc,phases   ] GC(263)   Merge Heap Roots: 0.22ms
[2026-09-05T11:15:32.571-0400][268.079s][info][gc,phases   ] GC(263)   Evacuate Collection Set: 2.13ms
[2026-09-05T11:15:32.571-0400][268.079s][info][gc,phases   ] GC(263)   Post Evacuate Collection Set: 0.61ms
[2026-09-05T11:15:32.571-0400][268.079s][info][gc,phases   ] GC(263)   Other: 0.15ms
[2026-09-05T11:15:32.571-0400][268.079s][info][gc,heap     ] GC(263) Eden regions: 277->0(280)
[2026-09-05T11:15:32.571-0400][268.079s][info][gc,heap     ] GC(263) Survivor regions: 16->14(37)
[2026-09-05T11:15:32.571-0400][268.079s][info][gc,heap     ] GC(263) Old regions: 736->737
[2026-09-05T11:15:32.571-0400][268.079s][info][gc,heap     ] GC(263) Archive regions: 0->0
[2026-09-05T11:15:32.571-0400][268.079s][info][gc,heap     ] GC(263) Humongous regions: 29->29
[2026-09-05T11:15:32.571-0400][268.079s][info][gc,metaspace] GC(263) Metaspace: 153394K(155968K)->153394K(155968K) NonClass: 131610K(132992K)->131610K(132992K) Class: 21784K(22976K)->21784K(22976K)
[2026-09-05T11:15:32.571-0400][268.079s][info][gc          ] GC(263) Pause Young (Normal) (G1 Evacuation Pause) 2113M->1559M(2388M) 3.428ms
[2026-09-05T11:15:32.571-0400][268.079s][info][gc,cpu      ] GC(263) User=0.00s Sys=0.00s Real=0.00s
[2026-09-05T11:15:33.094-0400][268.600s][info][gc,start    ] GC(264) Pause Young (Normal) (G1 Evacuation Pause)
[2026-09-05T11:15:33.094-0400][268.600s][info][gc,task     ] GC(264) Using 23 workers of 23 for evacuation
[2026-09-05T11:15:33.097-0400][268.603s][info][gc,phases   ] GC(264)   Pre Evacuate Collection Set: 0.23ms
[2026-09-05T11:15:33.097-0400][268.603s][info][gc,phases   ] GC(264)   Merge Heap Roots: 0.14ms
[2026-09-05T11:15:33.097-0400][268.603s][info][gc,phases   ] GC(264)   Evacuate Collection Set: 1.96ms
[2026-09-05T11:15:33.097-0400][268.603s][info][gc,phases   ] GC(264)   Post Evacuate Collection Set: 0.55ms
[2026-09-05T11:15:33.097-0400][268.603s][info][gc,phases   ] GC(264)   Other: 0.13ms
[2026-09-05T11:15:33.097-0400][268.603s][info][gc,heap     ] GC(264) Eden regions: 280->0(280)
[2026-09-05T11:15:33.097-0400][268.603s][info][gc,heap     ] GC(264) Survivor regions: 14->13(37)
[2026-09-05T11:15:33.097-0400][268.603s][info][gc,heap     ] GC(264) Old regions: 737->739
[2026-09-05T11:15:33.097-0400][268.603s][info][gc,heap     ] GC(264) Archive regions: 0->0
[2026-09-05T11:15:33.097-0400][268.603s][info][gc,heap     ] GC(264) Humongous regions: 29->29
[2026-09-05T11:15:33.097-0400][268.603s][info][gc,metaspace] GC(264) Metaspace: 153394K(155968K)->153394K(155968K) NonClass: 131610K(132992K)->131610K(132992K) Class: 21784K(22976K)->21784K(22976K)
[2026-09-05T11:15:33.097-0400][268.603s][info][gc          ] GC(264) Pause Young (Normal) (G1 Evacuation Pause) 2119M->1559M(2388M) 3.132ms
[2026-09-05T11:15:33.097-0400][268.603s][info][gc,cpu      ] GC(264) User=0.00s Sys=0.00s Real=0.00s
[2026-09-05T11:15:33.615-0400][269.122s][info][gc,start    ] GC(265) Pause Young (Normal) (G1 Evacuation Pause)
[2026-09-05T11:15:33.615-0400][269.122s][info][gc,task     ] GC(265) Using 23 workers of 23 for evacuation
[2026-09-05T11:15:33.618-0400][269.125s][info][gc,phases   ] GC(265)   Pre Evacuate Collection Set: 0.19ms
[2026-09-05T11:15:33.618-0400][269.125s][info][gc,phases   ] GC(265)   Merge Heap Roots: 0.13ms
[2026-09-05T11:15:33.618-0400][269.125s][info][gc,phases   ] GC(265)   Evacuate Collection Set: 1.88ms
[2026-09-05T11:15:33.618-0400][269.125s][info][gc,phases   ] GC(265)   Post Evacuate Collection Set: 0.64ms
[2026-09-05T11:15:33.618-0400][269.125s][info][gc,phases   ] GC(265)   Other: 0.15ms
[2026-09-05T11:15:33.618-0400][269.125s][info][gc,heap     ] GC(265) Eden regions: 280->0(282)
[2026-09-05T11:15:33.618-0400][269.125s][info][gc,heap     ] GC(265) Survivor regions: 13->11(37)
[2026-09-05T11:15:33.618-0400][269.125s][info][gc,heap     ] GC(265) Old regions: 739->741
[2026-09-05T11:15:33.618-0400][269.125s][info][gc,heap     ] GC(265) Archive regions: 0->0
[2026-09-05T11:15:33.618-0400][269.125s][info][gc,heap     ] GC(265) Humongous regions: 29->29
[2026-09-05T11:15:33.618-0400][269.125s][info][gc,metaspace] GC(265) Metaspace: 153394K(155968K)->153394K(155968K) NonClass: 131610K(132992K)->131610K(132992K) Class: 21784K(22976K)->21784K(22976K)
[2026-09-05T11:15:33.618-0400][269.125s][info][gc          ] GC(265) Pause Young (Normal) (G1 Evacuation Pause) 2119M->1559M(2388M) 3.071ms
[2026-09-05T11:15:33.618-0400][269.125s][info][gc,cpu      ] GC(265) User=0.00s Sys=0.00s Real=0.00s
[2026-09-05T11:15:34.150-0400][269.657s][info][gc,start    ] GC(266) Pause Young (Normal) (G1 Evacuation Pause)
[2026-09-05T11:15:34.150-0400][269.657s][info][gc,task     ] GC(266) Using 23 workers of 23 for evacuation
[2026-09-05T11:15:34.153-0400][269.660s][info][gc,phases   ] GC(266)   Pre Evacuate Collection Set: 0.18ms
[2026-09-05T11:15:34.153-0400][269.660s][info][gc,phases   ] GC(266)   Merge Heap Roots: 0.12ms
[2026-09-05T11:15:34.153-0400][269.660s][info][gc,phases   ] GC(266)   Evacuate Collection Set: 1.71ms
[2026-09-05T11:15:34.153-0400][269.660s][info][gc,phases   ] GC(266)   Post Evacuate Collection Set: 0.50ms
[2026-09-05T11:15:34.153-0400][269.660s][info][gc,phases   ] GC(266)   Other: 0.13ms
[2026-09-05T11:15:34.153-0400][269.660s][info][gc,heap     ] GC(266) Eden regions: 282->0(285)
[2026-09-05T11:15:34.153-0400][269.660s][info][gc,heap     ] GC(266) Survivor regions: 11->8(37)
[2026-09-05T11:15:34.153-0400][269.660s][info][gc,heap     ] GC(266) Old regions: 741->744
[2026-09-05T11:15:34.153-0400][269.660s][info][gc,heap     ] GC(266) Archive regions: 0->0
[2026-09-05T11:15:34.153-0400][269.660s][info][gc,heap     ] GC(266) Humongous regions: 29->29
[2026-09-05T11:15:34.153-0400][269.660s][info][gc,metaspace] GC(266) Metaspace: 153394K(155968K)->153394K(155968K) NonClass: 131610K(132992K)->131610K(132992K) Class: 21784K(22976K)->21784K(22976K)
[2026-09-05T11:15:34.153-0400][269.660s][info][gc          ] GC(266) Pause Young (Normal) (G1 Evacuation Pause) 2123M->1559M(2388M) 2.731ms
[2026-09-05T11:15:34.153-0400][269.660s][info][gc,cpu      ] GC(266) User=0.03s Sys=0.00s Real=0.00s
[2026-09-05T11:15:34.683-0400][270.190s][info][gc,start    ] GC(267) Pause Young (Normal) (G1 Evacuation Pause)
[2026-09-05T11:15:34.683-0400][270.190s][info][gc,task     ] GC(267) Using 23 workers of 23 for evacuation
[2026-09-05T11:15:34.685-0400][270.192s][info][gc,phases   ] GC(267)   Pre Evacuate Collection Set: 0.18ms
[2026-09-05T11:15:34.685-0400][270.192s][info][gc,phases   ] GC(267)   Merge Heap Roots: 0.16ms
[2026-09-05T11:15:34.685-0400][270.192s][info][gc,phases   ] GC(267)   Evacuate Collection Set: 1.50ms
[2026-09-05T11:15:34.685-0400][270.192s][info][gc,phases   ] GC(267)   Post Evacuate Collection Set: 0.50ms
[2026-09-05T11:15:34.685-0400][270.192s][info][gc,phases   ] GC(267)   Other: 0.14ms
[2026-09-05T11:15:34.685-0400][270.192s][info][gc,heap     ] GC(267) Eden regions: 285->0(288)
[2026-09-05T11:15:34.685-0400][270.192s][info][gc,heap     ] GC(267) Survivor regions: 8->6(37)
[2026-09-05T11:15:34.685-0400][270.193s][info][gc,heap     ] GC(267) Old regions: 744->745
[2026-09-05T11:15:34.685-0400][270.193s][info][gc,heap     ] GC(267) Archive regions: 0->0
[2026-09-05T11:15:34.685-0400][270.193s][info][gc,heap     ] GC(267) Humongous regions: 29->29
[2026-09-05T11:15:34.685-0400][270.193s][info][gc,metaspace] GC(267) Metaspace: 153394K(155968K)->153394K(155968K) NonClass: 131610K(132992K)->131610K(132992K) Class: 21784K(22976K)->21784K(22976K)
[2026-09-05T11:15:34.685-0400][270.193s][info][gc          ] GC(267) Pause Young (Normal) (G1 Evacuation Pause) 2129M->1559M(2388M) 2.585ms
[2026-09-05T11:15:34.686-0400][270.193s][info][gc,cpu      ] GC(267) User=0.33s Sys=0.05s Real=0.00s
[2026-09-05T11:15:35.211-0400][270.717s][info][gc,start    ] GC(268) Pause Young (Normal) (G1 Evacuation Pause)
[2026-09-05T11:15:35.211-0400][270.718s][info][gc,task     ] GC(268) Using 23 workers of 23 for evacuation
[2026-09-05T11:15:35.213-0400][270.720s][info][gc,phases   ] GC(268)   Pre Evacuate Collection Set: 0.20ms
[2026-09-05T11:15:35.213-0400][270.720s][info][gc,phases   ] GC(268)   Merge Heap Roots: 0.15ms
[2026-09-05T11:15:35.213-0400][270.720s][info][gc,phases   ] GC(268)   Evacuate Collection Set: 1.20ms
[2026-09-05T11:15:35.213-0400][270.720s][info][gc,phases   ] GC(268)   Post Evacuate Collection Set: 0.50ms
[2026-09-05T11:15:35.213-0400][270.720s][info][gc,phases   ] GC(268)   Other: 0.11ms
[2026-09-05T11:15:35.213-0400][270.720s][info][gc,heap     ] GC(268) Eden regions: 288->0(291)
[2026-09-05T11:15:35.213-0400][270.720s][info][gc,heap     ] GC(268) Survivor regions: 6->2(37)
[2026-09-05T11:15:35.213-0400][270.720s][info][gc,heap     ] GC(268) Old regions: 745->750
[2026-09-05T11:15:35.213-0400][270.720s][info][gc,heap     ] GC(268) Archive regions: 0->0
[2026-09-05T11:15:35.213-0400][270.720s][info][gc,heap     ] GC(268) Humongous regions: 29->29
[2026-09-05T11:15:35.213-0400][270.720s][info][gc,metaspace] GC(268) Metaspace: 153394K(155968K)->153394K(155968K) NonClass: 131610K(132992K)->131610K(132992K) Class: 21784K(22976K)->21784K(22976K)
[2026-09-05T11:15:35.213-0400][270.720s][info][gc          ] GC(268) Pause Young (Normal) (G1 Evacuation Pause) 2135M->1559M(2388M) 2.259ms
[2026-09-05T11:15:35.213-0400][270.720s][info][gc,cpu      ] GC(268) User=0.00s Sys=0.00s Real=0.00s
[2026-09-05T11:15:35.744-0400][271.250s][info][gc,start    ] GC(269) Pause Young (Normal) (G1 Evacuation Pause)
[2026-09-05T11:15:35.744-0400][271.250s][info][gc,task     ] GC(269) Using 23 workers of 23 for evacuation
[2026-09-05T11:15:35.745-0400][271.252s][info][gc,phases   ] GC(269)   Pre Evacuate Collection Set: 0.16ms
[2026-09-05T11:15:35.745-0400][271.252s][info][gc,phases   ] GC(269)   Merge Heap Roots: 0.19ms
[2026-09-05T11:15:35.745-0400][271.252s][info][gc,phases   ] GC(269)   Evacuate Collection Set: 0.66ms
[2026-09-05T11:15:35.745-0400][271.252s][info][gc,phases   ] GC(269)   Post Evacuate Collection Set: 0.70ms
[2026-09-05T11:15:35.745-0400][271.252s][info][gc,phases   ] GC(269)   Other: 0.12ms
[2026-09-05T11:15:35.745-0400][271.252s][info][gc,heap     ] GC(269) Eden regions: 291->0(292)
[2026-09-05T11:15:35.745-0400][271.252s][info][gc,heap     ] GC(269) Survivor regions: 2->1(37)
[2026-09-05T11:15:35.745-0400][271.252s][info][gc,heap     ] GC(269) Old regions: 750->750
[2026-09-05T11:15:35.745-0400][271.252s][info][gc,heap     ] GC(269) Archive regions: 0->0
[2026-09-05T11:15:35.745-0400][271.252s][info][gc,heap     ] GC(269) Humongous regions: 29->29
[2026-09-05T11:15:35.745-0400][271.252s][info][gc,metaspace] GC(269) Metaspace: 153394K(155968K)->153394K(155968K) NonClass: 131610K(132992K)->131610K(132992K) Class: 21784K(22976K)->21784K(22976K)
[2026-09-05T11:15:35.745-0400][271.252s][info][gc          ] GC(269) Pause Young (Normal) (G1 Evacuation Pause) 2141M->1559M(2388M) 1.973ms
[2026-09-05T11:15:35.745-0400][271.252s][info][gc,cpu      ] GC(269) User=0.00s Sys=0.00s Real=0.00s
[2026-09-05T11:15:36.303-0400][271.809s][info][gc,start    ] GC(270) Pause Young (Normal) (G1 Evacuation Pause)
[2026-09-05T11:15:36.303-0400][271.809s][info][gc,task     ] GC(270) Using 23 workers of 23 for evacuation
[2026-09-05T11:15:36.305-0400][271.811s][info][gc,phases   ] GC(270)   Pre Evacuate Collection Set: 0.19ms
[2026-09-05T11:15:36.305-0400][271.811s][info][gc,phases   ] GC(270)   Merge Heap Roots: 0.15ms
[2026-09-05T11:15:36.305-0400][271.811s][info][gc,phases   ] GC(270)   Evacuate Collection Set: 0.69ms
[2026-09-05T11:15:36.305-0400][271.811s][info][gc,phases   ] GC(270)   Post Evacuate Collection Set: 0.76ms
[2026-09-05T11:15:36.305-0400][271.811s][info][gc,phases   ] GC(270)   Other: 0.13ms
[2026-09-05T11:15:36.305-0400][271.811s][info][gc,heap     ] GC(270) Eden regions: 292->0(291)
[2026-09-05T11:15:36.305-0400][271.811s][info][gc,heap     ] GC(270) Survivor regions: 1->1(37)
[2026-09-05T11:15:36.305-0400][271.811s][info][gc,heap     ] GC(270) Old regions: 750->751
[2026-09-05T11:15:36.305-0400][271.811s][info][gc,heap     ] GC(270) Archive regions: 0->0
[2026-09-05T11:15:36.305-0400][271.811s][info][gc,heap     ] GC(270) Humongous regions: 29->29
[2026-09-05T11:15:36.305-0400][271.811s][info][gc,metaspace] GC(270) Metaspace: 153394K(155968K)->153394K(155968K) NonClass: 131610K(132992K)->131610K(132992K) Class: 21784K(22976K)->21784K(22976K)
[2026-09-05T11:15:36.305-0400][271.811s][info][gc          ] GC(270) Pause Young (Normal) (G1 Evacuation Pause) 2143M->1559M(2388M) 2.009ms
[2026-09-05T11:15:36.305-0400][271.811s][info][gc,cpu      ] GC(270) User=0.00s Sys=0.00s Real=0.00s
[2026-09-05T11:15:36.874-0400][272.380s][info][gc,start    ] GC(271) Pause Young (Normal) (G1 Evacuation Pause)
[2026-09-05T11:15:36.874-0400][272.380s][info][gc,task     ] GC(271) Using 23 workers of 23 for evacuation
[2026-09-05T11:15:36.874-0400][272.382s][info][gc,phases   ] GC(271)   Pre Evacuate Collection Set: 0.19ms
[2026-09-05T11:15:36.875-0400][272.382s][info][gc,phases   ] GC(271)   Merge Heap Roots: 0.09ms
[2026-09-05T11:15:36.875-0400][272.382s][info][gc,phases   ] GC(271)   Evacuate Collection Set: 0.60ms
[2026-09-05T11:15:36.875-0400][272.382s][info][gc,phases   ] GC(271)   Post Evacuate Collection Set: 0.44ms
[2026-09-05T11:15:36.875-0400][272.382s][info][gc,phases   ] GC(271)   Other: 0.13ms
[2026-09-05T11:15:36.875-0400][272.382s][info][gc,heap     ] GC(271) Eden regions: 291->0(291)
[2026-09-05T11:15:36.875-0400][272.382s][info][gc,heap     ] GC(271) Survivor regions: 1->1(37)
[2026-09-05T11:15:36.875-0400][272.382s][info][gc,heap     ] GC(271) Old regions: 751->751
[2026-09-05T11:15:36.875-0400][272.382s][info][gc,heap     ] GC(271) Archive regions: 0->0
[2026-09-05T11:15:36.875-0400][272.382s][info][gc,heap     ] GC(271) Humongous regions: 29->29
[2026-09-05T11:15:36.875-0400][272.382s][info][gc,metaspace] GC(271) Metaspace: 153395K(155968K)->153395K(155968K) NonClass: 131610K(132992K)->131610K(132992K) Class: 21784K(22976K)->21784K(22976K)
[2026-09-05T11:15:36.875-0400][272.382s][info][gc          ] GC(271) Pause Young (Normal) (G1 Evacuation Pause) 2141M->1559M(2388M) 1.742ms
[2026-09-05T11:15:36.875-0400][272.382s][info][gc,cpu      ] GC(271) User=0.00s Sys=0.00s Real=0.00s
[2026-09-05T11:15:37.071-0400][272.578s][info][gc,start    ] GC(272) Pause Young (Normal) (G1 Evacuation Pause)
[2026-09-05T11:15:37.071-0400][272.578s][info][gc,task     ] GC(272) Using 23 workers of 23 for evacuation
[2026-09-05T11:15:37.074-0400][272.580s][info][gc,phases   ] GC(272)   Pre Evacuate Collection Set: 0.22ms
[2026-09-05T11:15:37.074-0400][272.580s][info][gc,phases   ] GC(272)   Merge Heap Roots: 0.13ms
[2026-09-05T11:15:37.074-0400][272.580s][info][gc,phases   ] GC(272)   Evacuate Collection Set: 1.46ms
[2026-09-05T11:15:37.074-0400][272.580s][info][gc,phases   ] GC(272)   Post Evacuate Collection Set: 0.64ms
[2026-09-05T11:15:37.074-0400][272.580s][info][gc,phases   ] GC(272)   Other: 0.21ms
[2026-09-05T11:15:37.074-0400][272.580s][info][gc,heap     ] GC(272) Eden regions: 291->0(287)
[2026-09-05T11:15:37.074-0400][272.580s][info][gc,heap     ] GC(272) Survivor regions: 1->3(37)
[2026-09-05T11:15:37.074-0400][272.580s][info][gc,heap     ] GC(272) Old regions: 751->751
[2026-09-05T11:15:37.074-0400][272.580s][info][gc,heap     ] GC(272) Archive regions: 0->0
[2026-09-05T11:15:37.074-0400][272.580s][info][gc,heap     ] GC(272) Humongous regions: 29->29
[2026-09-05T11:15:37.074-0400][272.580s][info][gc,metaspace] GC(272) Metaspace: 153395K(155968K)->153395K(155968K) NonClass: 131610K(132992K)->131610K(132992K) Class: 21784K(22976K)->21784K(22976K)
[2026-09-05T11:15:37.074-0400][272.580s][info][gc          ] GC(272) Pause Young (Normal) (G1 Evacuation Pause) 2141M->1563M(2388M) 2.760ms
[2026-09-05T11:15:37.074-0400][272.580s][info][gc,cpu      ] GC(272) User=0.00s Sys=0.00s Real=0.00s
[2026-09-05T11:15:37.200-0400][272.706s][info][gc,start    ] GC(273) Pause Young (Normal) (G1 Evacuation Pause)
[2026-09-05T11:15:37.200-0400][272.706s][info][gc,task     ] GC(273) Using 23 workers of 23 for evacuation
[2026-09-05T11:15:37.202-0400][272.709s][info][gc,phases   ] GC(273)   Pre Evacuate Collection Set: 0.14ms
[2026-09-05T11:15:37.202-0400][272.709s][info][gc,phases   ] GC(273)   Merge Heap Roots: 0.13ms
[2026-09-05T11:15:37.202-0400][272.709s][info][gc,phases   ] GC(273)   Evacuate Collection Set: 1.35ms
[2026-09-05T11:15:37.202-0400][272.709s][info][gc,phases   ] GC(273)   Post Evacuate Collection Set: 0.42ms
[2026-09-05T11:15:37.202-0400][272.709s][info][gc,phases   ] GC(273)   Other: 0.20ms
[2026-09-05T11:15:37.202-0400][272.709s][info][gc,heap     ] GC(273) Eden regions: 287->0(284)
[2026-09-05T11:15:37.202-0400][272.709s][info][gc,heap     ] GC(273) Survivor regions: 3->5(37)
[2026-09-05T11:15:37.202-0400][272.709s][info][gc,heap     ] GC(273) Old regions: 751->751
[2026-09-05T11:15:37.202-0400][272.709s][info][gc,heap     ] GC(273) Archive regions: 0->0
[2026-09-05T11:15:37.202-0400][272.709s][info][gc,heap     ] GC(273) Humongous regions: 29->29
[2026-09-05T11:15:37.202-0400][272.709s][info][gc,metaspace] GC(273) Metaspace: 153395K(155968K)->153395K(155968K) NonClass: 131610K(132992K)->131610K(132992K) Class: 21784K(22976K)->21784K(22976K)
[2026-09-05T11:15:37.202-0400][272.709s][info][gc          ] GC(273) Pause Young (Normal) (G1 Evacuation Pause) 2137M->1566M(2388M) 2.349ms
[2026-09-05T11:15:37.202-0400][272.709s][info][gc,cpu      ] GC(273) User=0.02s Sys=0.00s Real=0.00s
[2026-09-05T11:15:37.680-0400][273.186s][info][gc,start    ] GC(274) Pause Young (Normal) (G1 Evacuation Pause)
[2026-09-05T11:15:37.680-0400][273.186s][info][gc,task     ] GC(274) Using 23 workers of 23 for evacuation
[2026-09-05T11:15:37.683-0400][273.189s][info][gc,phases   ] GC(274)   Pre Evacuate Collection Set: 0.26ms
[2026-09-05T11:15:37.683-0400][273.189s][info][gc,phases   ] GC(274)   Merge Heap Roots: 0.16ms
[2026-09-05T11:15:37.683-0400][273.189s][info][gc,phases   ] GC(274)   Evacuate Collection Set: 1.50ms
[2026-09-05T11:15:37.683-0400][273.189s][info][gc,phases   ] GC(274)   Post Evacuate Collection Set: 0.51ms
[2026-09-05T11:15:37.683-0400][273.189s][info][gc,phases   ] GC(274)   Other: 0.30ms
[2026-09-05T11:15:37.683-0400][273.189s][info][gc,heap     ] GC(274) Eden regions: 284->0(278)
[2026-09-05T11:15:37.683-0400][273.189s][info][gc,heap     ] GC(274) Survivor regions: 5->8(37)
[2026-09-05T11:15:37.683-0400][273.189s][info][gc,heap     ] GC(274) Old regions: 751->751
[2026-09-05T11:15:37.683-0400][273.189s][info][gc,heap     ] GC(274) Archive regions: 0->0
[2026-09-05T11:15:37.683-0400][273.189s][info][gc,heap     ] GC(274) Humongous regions: 29->29
[2026-09-05T11:15:37.683-0400][273.189s][info][gc,metaspace] GC(274) Metaspace: 153399K(155968K)->153399K(155968K) NonClass: 131614K(132992K)->131614K(132992K) Class: 21784K(22976K)->21784K(22976K)
[2026-09-05T11:15:37.683-0400][273.189s][info][gc          ] GC(274) Pause Young (Normal) (G1 Evacuation Pause) 2134M->1573M(2388M) 2.834ms
[2026-09-05T11:15:37.683-0400][273.189s][info][gc,cpu      ] GC(274) User=0.00s Sys=0.00s Real=0.00s
[2026-09-05T11:15:37.990-0400][273.497s][info][gc,start    ] GC(275) Pause Young (Normal) (G1 Evacuation Pause)
[2026-09-05T11:15:37.990-0400][273.497s][info][gc,task     ] GC(275) Using 23 workers of 23 for evacuation
[2026-09-05T11:15:37.993-0400][273.500s][info][gc,phases   ] GC(275)   Pre Evacuate Collection Set: 0.19ms
[2026-09-05T11:15:37.993-0400][273.500s][info][gc,phases   ] GC(275)   Merge Heap Roots: 0.15ms
[2026-09-05T11:15:37.993-0400][273.500s][info][gc,phases   ] GC(275)   Evacuate Collection Set: 2.02ms
[2026-09-05T11:15:37.993-0400][273.500s][info][gc,phases   ] GC(275)   Post Evacuate Collection Set: 0.73ms
[2026-09-05T11:15:37.993-0400][273.500s][info][gc,phases   ] GC(275)   Other: 0.23ms
[2026-09-05T11:15:37.993-0400][273.500s][info][gc,heap     ] GC(275) Eden regions: 278->0(274)
[2026-09-05T11:15:37.993-0400][273.500s][info][gc,heap     ] GC(275) Survivor regions: 8->10(36)
[2026-09-05T11:15:37.993-0400][273.500s][info][gc,heap     ] GC(275) Old regions: 751->751
[2026-09-05T11:15:37.993-0400][273.500s][info][gc,heap     ] GC(275) Archive regions: 0->0
[2026-09-05T11:15:37.993-0400][273.500s][info][gc,heap     ] GC(275) Humongous regions: 29->29
[2026-09-05T11:15:37.993-0400][273.500s][info][gc,metaspace] GC(275) Metaspace: 153399K(155968K)->153399K(155968K) NonClass: 131614K(132992K)->131614K(132992K) Class: 21784K(22976K)->21784K(22976K)
[2026-09-05T11:15:37.993-0400][273.500s][info][gc          ] GC(275) Pause Young (Normal) (G1 Evacuation Pause) 2129M->1577M(2388M) 3.425ms
[2026-09-05T11:15:37.993-0400][273.500s][info][gc,cpu      ] GC(275) User=0.00s Sys=0.00s Real=0.00s
[2026-09-05T11:15:38.456-0400][273.963s][info][gc,start    ] GC(276) Pause Young (Normal) (G1 Evacuation Pause)
[2026-09-05T11:15:38.456-0400][273.963s][info][gc,task     ] GC(276) Using 23 workers of 23 for evacuation
[2026-09-05T11:15:38.461-0400][273.968s][info][gc,phases   ] GC(276)   Pre Evacuate Collection Set: 0.15ms
[2026-09-05T11:15:38.461-0400][273.968s][info][gc,phases   ] GC(276)   Merge Heap Roots: 0.18ms
[2026-09-05T11:15:38.461-0400][273.968s][info][gc,phases   ] GC(276)   Evacuate Collection Set: 4.04ms
[2026-09-05T11:15:38.461-0400][273.968s][info][gc,phases   ] GC(276)   Post Evacuate Collection Set: 0.60ms
[2026-09-05T11:15:38.461-0400][273.968s][info][gc,phases   ] GC(276)   Other: 0.27ms
[2026-09-05T11:15:38.461-0400][273.968s][info][gc,heap     ] GC(276) Eden regions: 274->0(262)
[2026-09-05T11:15:38.461-0400][273.968s][info][gc,heap     ] GC(276) Survivor regions: 10->16(36)
[2026-09-05T11:15:38.461-0400][273.968s][info][gc,heap     ] GC(276) Old regions: 751->751
[2026-09-05T11:15:38.461-0400][273.968s][info][gc,heap     ] GC(276) Archive regions: 0->0
[2026-09-05T11:15:38.461-0400][273.968s][info][gc,heap     ] GC(276) Humongous regions: 29->29
[2026-09-05T11:15:38.461-0400][273.968s][info][gc,metaspace] GC(276) Metaspace: 153399K(155968K)->153399K(155968K) NonClass: 131614K(132992K)->131614K(132992K) Class: 21784K(22976K)->21784K(22976K)
[2026-09-05T11:15:38.461-0400][273.968s][info][gc          ] GC(276) Pause Young (Normal) (G1 Evacuation Pause) 2125M->1589M(2388M) 5.476ms
[2026-09-05T11:15:38.461-0400][273.968s][info][gc,cpu      ] GC(276) User=0.00s Sys=0.00s Real=0.00s
[2026-09-05T11:15:38.523-0400][274.030s][info][gc,start    ] GC(277) Pause Young (Normal) (G1 Evacuation Pause)
[2026-09-05T11:15:38.523-0400][274.030s][info][gc,task     ] GC(277) Using 23 workers of 23 for evacuation
[2026-09-05T11:15:38.528-0400][274.035s][info][gc,phases   ] GC(277)   Pre Evacuate Collection Set: 0.10ms
[2026-09-05T11:15:38.528-0400][274.035s][info][gc,phases   ] GC(277)   Merge Heap Roots: 0.12ms
[2026-09-05T11:15:38.528-0400][274.035s][info][gc,phases   ] GC(277)   Evacuate Collection Set: 3.36ms
[2026-09-05T11:15:38.528-0400][274.035s][info][gc,phases   ] GC(277)   Post Evacuate Collection Set: 0.69ms
[2026-09-05T11:15:38.528-0400][274.035s][info][gc,phases   ] GC(277)   Other: 0.25ms
[2026-09-05T11:15:38.528-0400][274.035s][info][gc,heap     ] GC(277) Eden regions: 262->0(260)
[2026-09-05T11:15:38.528-0400][274.035s][info][gc,heap     ] GC(277) Survivor regions: 16->17(35)
[2026-09-05T11:15:38.528-0400][274.035s][info][gc,heap     ] GC(277) Old regions: 751->751
[2026-09-05T11:15:38.528-0400][274.035s][info][gc,heap     ] GC(277) Archive regions: 0->0
[2026-09-05T11:15:38.528-0400][274.035s][info][gc,heap     ] GC(277) Humongous regions: 29->29
[2026-09-05T11:15:38.528-0400][274.035s][info][gc,metaspace] GC(277) Metaspace: 153399K(155968K)->153399K(155968K) NonClass: 131614K(132992K)->131614K(132992K) Class: 21784K(22976K)->21784K(22976K)
[2026-09-05T11:15:38.528-0400][274.035s][info][gc          ] GC(277) Pause Young (Normal) (G1 Evacuation Pause) 2113M->1592M(2388M) 4.741ms
[2026-09-05T11:15:38.528-0400][274.035s][info][gc,cpu      ] GC(277) User=0.00s Sys=0.02s Real=0.01s
[2026-09-05T11:15:38.640-0400][274.147s][info][gc,start    ] GC(278) Pause Young (Normal) (G1 Evacuation Pause)
[2026-09-05T11:15:38.640-0400][274.147s][info][gc,task     ] GC(278) Using 23 workers of 23 for evacuation
[2026-09-05T11:15:38.645-0400][274.151s][info][gc,phases   ] GC(278)   Pre Evacuate Collection Set: 0.20ms
[2026-09-05T11:15:38.645-0400][274.151s][info][gc,phases   ] GC(278)   Merge Heap Roots: 0.14ms
[2026-09-05T11:15:38.645-0400][274.151s][info][gc,phases   ] GC(278)   Evacuate Collection Set: 3.41ms
[2026-09-05T11:15:38.645-0400][274.151s][info][gc,phases   ] GC(278)   Post Evacuate Collection Set: 0.67ms
[2026-09-05T11:15:38.645-0400][274.151s][info][gc,phases   ] GC(278)   Other: 0.25ms
[2026-09-05T11:15:38.645-0400][274.151s][info][gc,heap     ] GC(278) Eden regions: 260->0(258)
[2026-09-05T11:15:38.645-0400][274.151s][info][gc,heap     ] GC(278) Survivor regions: 17->18(35)
[2026-09-05T11:15:38.645-0400][274.151s][info][gc,heap     ] GC(278) Old regions: 751->751
[2026-09-05T11:15:38.645-0400][274.151s][info][gc,heap     ] GC(278) Archive regions: 0->0
[2026-09-05T11:15:38.645-0400][274.151s][info][gc,heap     ] GC(278) Humongous regions: 29->29
[2026-09-05T11:15:38.645-0400][274.151s][info][gc,metaspace] GC(278) Metaspace: 153399K(155968K)->153399K(155968K) NonClass: 131614K(132992K)->131614K(132992K) Class: 21784K(22976K)->21784K(22976K)
[2026-09-05T11:15:38.645-0400][274.151s][info][gc          ] GC(278) Pause Young (Normal) (G1 Evacuation Pause) 2112M->1594M(2388M) 4.786ms
[2026-09-05T11:15:38.645-0400][274.151s][info][gc,cpu      ] GC(278) User=0.00s Sys=0.00s Real=0.00s
[2026-09-05T11:15:39.203-0400][274.709s][info][gc,start    ] GC(279) Pause Young (Normal) (G1 Evacuation Pause)
[2026-09-05T11:15:39.203-0400][274.709s][info][gc,task     ] GC(279) Using 23 workers of 23 for evacuation
[2026-09-05T11:15:39.206-0400][274.713s][info][gc,phases   ] GC(279)   Pre Evacuate Collection Set: 0.14ms
[2026-09-05T11:15:39.206-0400][274.713s][info][gc,phases   ] GC(279)   Merge Heap Roots: 0.13ms
[2026-09-05T11:15:39.206-0400][274.713s][info][gc,phases   ] GC(279)   Evacuate Collection Set: 2.72ms
[2026-09-05T11:15:39.206-0400][274.713s][info][gc,phases   ] GC(279)   Post Evacuate Collection Set: 0.52ms
[2026-09-05T11:15:39.206-0400][274.713s][info][gc,phases   ] GC(279)   Other: 0.14ms
[2026-09-05T11:15:39.206-0400][274.713s][info][gc,heap     ] GC(279) Eden regions: 258->0(256)
[2026-09-05T11:15:39.206-0400][274.713s][info][gc,heap     ] GC(279) Survivor regions: 18->19(35)
[2026-09-05T11:15:39.206-0400][274.713s][info][gc,heap     ] GC(279) Old regions: 751->751
[2026-09-05T11:15:39.206-0400][274.713s][info][gc,heap     ] GC(279) Archive regions: 0->0
[2026-09-05T11:15:39.206-0400][274.713s][info][gc,heap     ] GC(279) Humongous regions: 29->29
[2026-09-05T11:15:39.206-0400][274.713s][info][gc,metaspace] GC(279) Metaspace: 153399K(155968K)->153399K(155968K) NonClass: 131615K(132992K)->131615K(132992K) Class: 21784K(22976K)->21784K(22976K)
[2026-09-05T11:15:39.206-0400][274.713s][info][gc          ] GC(279) Pause Young (Normal) (G1 Evacuation Pause) 2110M->1596M(2388M) 3.768ms
[2026-09-05T11:15:39.206-0400][274.713s][info][gc,cpu      ] GC(279) User=0.00s Sys=0.00s Real=0.00s
[2026-09-05T11:15:39.566-0400][275.073s][info][gc,start    ] GC(280) Pause Young (Normal) (G1 Evacuation Pause)
[2026-09-05T11:15:39.566-0400][275.073s][info][gc,task     ] GC(280) Using 23 workers of 23 for evacuation
[2026-09-05T11:15:39.570-0400][275.077s][info][gc,phases   ] GC(280)   Pre Evacuate Collection Set: 0.20ms
[2026-09-05T11:15:39.570-0400][275.077s][info][gc,phases   ] GC(280)   Merge Heap Roots: 0.16ms
[2026-09-05T11:15:39.570-0400][275.077s][info][gc,phases   ] GC(280)   Evacuate Collection Set: 3.13ms
[2026-09-05T11:15:39.570-0400][275.077s][info][gc,phases   ] GC(280)   Post Evacuate Collection Set: 0.80ms
[2026-09-05T11:15:39.570-0400][275.077s][info][gc,phases   ] GC(280)   Other: 0.21ms
[2026-09-05T11:15:39.570-0400][275.077s][info][gc,heap     ] GC(280) Eden regions: 256->0(256)
[2026-09-05T11:15:39.570-0400][275.077s][info][gc,heap     ] GC(280) Survivor regions: 19->19(35)
[2026-09-05T11:15:39.570-0400][275.077s][info][gc,heap     ] GC(280) Old regions: 751->751
[2026-09-05T11:15:39.570-0400][275.077s][info][gc,heap     ] GC(280) Archive regions: 0->0
[2026-09-05T11:15:39.570-0400][275.077s][info][gc,heap     ] GC(280) Humongous regions: 29->29
[2026-09-05T11:15:39.570-0400][275.077s][info][gc,metaspace] GC(280) Metaspace: 153399K(155968K)->153399K(155968K) NonClass: 131615K(132992K)->131615K(132992K) Class: 21784K(22976K)->21784K(22976K)
[2026-09-05T11:15:39.570-0400][275.077s][info][gc          ] GC(280) Pause Young (Normal) (G1 Evacuation Pause) 2108M->1596M(2388M) 4.646ms
[2026-09-05T11:15:39.570-0400][275.077s][info][gc,cpu      ] GC(280) User=0.00s Sys=0.00s Real=0.00s
[2026-09-05T11:15:39.901-0400][275.408s][info][gc,start    ] GC(281) Pause Young (Normal) (G1 Evacuation Pause)
[2026-09-05T11:15:39.901-0400][275.408s][info][gc,task     ] GC(281) Using 23 workers of 23 for evacuation
[2026-09-05T11:15:39.905-0400][275.412s][info][gc,phases   ] GC(281)   Pre Evacuate Collection Set: 0.22ms
[2026-09-05T11:15:39.905-0400][275.412s][info][gc,phases   ] GC(281)   Merge Heap Roots: 0.16ms
[2026-09-05T11:15:39.905-0400][275.412s][info][gc,phases   ] GC(281)   Evacuate Collection Set: 2.98ms
[2026-09-05T11:15:39.905-0400][275.412s][info][gc,phases   ] GC(281)   Post Evacuate Collection Set: 0.62ms
[2026-09-05T11:15:39.905-0400][275.412s][info][gc,phases   ] GC(281)   Other: 0.20ms
[2026-09-05T11:15:39.905-0400][275.412s][info][gc,heap     ] GC(281) Eden regions: 256->0(252)
[2026-09-05T11:15:39.905-0400][275.412s][info][gc,heap     ] GC(281) Survivor regions: 19->21(35)
[2026-09-05T11:15:39.905-0400][275.412s][info][gc,heap     ] GC(281) Old regions: 751->751
[2026-09-05T11:15:39.905-0400][275.412s][info][gc,heap     ] GC(281) Archive regions: 0->0
[2026-09-05T11:15:39.905-0400][275.412s][info][gc,heap     ] GC(281) Humongous regions: 29->29
[2026-09-05T11:15:39.905-0400][275.412s][info][gc,metaspace] GC(281) Metaspace: 153400K(155968K)->153400K(155968K) NonClass: 131616K(132992K)->131616K(132992K) Class: 21784K(22976K)->21784K(22976K)
[2026-09-05T11:15:39.905-0400][275.412s][info][gc          ] GC(281) Pause Young (Normal) (G1 Evacuation Pause) 2108M->1599M(2388M) 4.292ms
[2026-09-05T11:15:39.905-0400][275.412s][info][gc,cpu      ] GC(281) User=0.36s Sys=0.02s Real=0.00s
[2026-09-05T11:15:40.105-0400][275.613s][info][gc,start    ] GC(282) Pause Young (Normal) (G1 Evacuation Pause)
[2026-09-05T11:15:40.105-0400][275.613s][info][gc,task     ] GC(282) Using 23 workers of 23 for evacuation
[2026-09-05T11:15:40.110-0400][275.617s][info][gc,phases   ] GC(282)   Pre Evacuate Collection Set: 0.28ms
[2026-09-05T11:15:40.110-0400][275.617s][info][gc,phases   ] GC(282)   Merge Heap Roots: 0.15ms
[2026-09-05T11:15:40.110-0400][275.617s][info][gc,phases   ] GC(282)   Evacuate Collection Set: 2.98ms
[2026-09-05T11:15:40.110-0400][275.617s][info][gc,phases   ] GC(282)   Post Evacuate Collection Set: 0.55ms
[2026-09-05T11:15:40.110-0400][275.617s][info][gc,phases   ] GC(282)   Other: 0.24ms
[2026-09-05T11:15:40.110-0400][275.617s][info][gc,heap     ] GC(282) Eden regions: 252->0(248)
[2026-09-05T11:15:40.110-0400][275.617s][info][gc,heap     ] GC(282) Survivor regions: 21->22(35)
[2026-09-05T11:15:40.110-0400][275.617s][info][gc,heap     ] GC(282) Old regions: 751->753
[2026-09-05T11:15:40.110-0400][275.617s][info][gc,heap     ] GC(282) Archive regions: 0->0
[2026-09-05T11:15:40.110-0400][275.617s][info][gc,heap     ] GC(282) Humongous regions: 29->29
[2026-09-05T11:15:40.110-0400][275.617s][info][gc,metaspace] GC(282) Metaspace: 153400K(155968K)->153400K(155968K) NonClass: 131616K(132992K)->131616K(132992K) Class: 21784K(22976K)->21784K(22976K)
[2026-09-05T11:15:40.110-0400][275.617s][info][gc          ] GC(282) Pause Young (Normal) (G1 Evacuation Pause) 2103M->1604M(2388M) 4.318ms
[2026-09-05T11:15:40.110-0400][275.617s][info][gc,cpu      ] GC(282) User=0.00s Sys=0.02s Real=0.00s
[2026-09-05T11:15:40.408-0400][275.915s][info][gc,start    ] GC(283) Pause Young (Normal) (G1 Evacuation Pause)
[2026-09-05T11:15:40.408-0400][275.915s][info][gc,task     ] GC(283) Using 23 workers of 23 for evacuation
[2026-09-05T11:15:40.412-0400][275.919s][info][gc,phases   ] GC(283)   Pre Evacuate Collection Set: 0.23ms
[2026-09-05T11:15:40.412-0400][275.919s][info][gc,phases   ] GC(283)   Merge Heap Roots: 0.17ms
[2026-09-05T11:15:40.412-0400][275.919s][info][gc,phases   ] GC(283)   Evacuate Collection Set: 3.28ms
[2026-09-05T11:15:40.412-0400][275.919s][info][gc,phases   ] GC(283)   Post Evacuate Collection Set: 0.69ms
[2026-09-05T11:15:40.412-0400][275.919s][info][gc,phases   ] GC(283)   Other: 0.18ms
[2026-09-05T11:15:40.412-0400][275.919s][info][gc,heap     ] GC(283) Eden regions: 248->0(249)
[2026-09-05T11:15:40.412-0400][275.919s][info][gc,heap     ] GC(283) Survivor regions: 22->20(34)
[2026-09-05T11:15:40.412-0400][275.919s][info][gc,heap     ] GC(283) Old regions: 753->756
[2026-09-05T11:15:40.412-0400][275.919s][info][gc,heap     ] GC(283) Archive regions: 0->0
[2026-09-05T11:15:40.412-0400][275.919s][info][gc,heap     ] GC(283) Humongous regions: 29->29
[2026-09-05T11:15:40.412-0400][275.919s][info][gc,metaspace] GC(283) Metaspace: 153416K(156032K)->153416K(156032K) NonClass: 131630K(133056K)->131630K(133056K) Class: 21785K(22976K)->21785K(22976K)
[2026-09-05T11:15:40.412-0400][275.919s][info][gc          ] GC(283) Pause Young (Normal) (G1 Evacuation Pause) 2100M->1608M(2388M) 4.683ms
[2026-09-05T11:15:40.412-0400][275.919s][info][gc,cpu      ] GC(283) User=0.00s Sys=0.00s Real=0.00s
[2026-09-05T11:15:40.618-0400][276.125s][info][gc,start    ] GC(284) Pause Young (Normal) (G1 Evacuation Pause)
[2026-09-05T11:15:40.619-0400][276.125s][info][gc,task     ] GC(284) Using 23 workers of 23 for evacuation
[2026-09-05T11:15:40.624-0400][276.131s][info][gc,phases   ] GC(284)   Pre Evacuate Collection Set: 0.19ms
[2026-09-05T11:15:40.624-0400][276.131s][info][gc,phases   ] GC(284)   Merge Heap Roots: 0.15ms
[2026-09-05T11:15:40.624-0400][276.131s][info][gc,phases   ] GC(284)   Evacuate Collection Set: 4.46ms
[2026-09-05T11:15:40.624-0400][276.131s][info][gc,phases   ] GC(284)   Post Evacuate Collection Set: 0.60ms
[2026-09-05T11:15:40.624-0400][276.131s][info][gc,phases   ] GC(284)   Other: 0.22ms
[2026-09-05T11:15:40.624-0400][276.131s][info][gc,heap     ] GC(284) Eden regions: 249->0(241)
[2026-09-05T11:15:40.624-0400][276.131s][info][gc,heap     ] GC(284) Survivor regions: 20->23(34)
[2026-09-05T11:15:40.624-0400][276.131s][info][gc,heap     ] GC(284) Old regions: 756->758
[2026-09-05T11:15:40.624-0400][276.131s][info][gc,heap     ] GC(284) Archive regions: 0->0
[2026-09-05T11:15:40.624-0400][276.131s][info][gc,heap     ] GC(284) Humongous regions: 29->29
[2026-09-05T11:15:40.624-0400][276.131s][info][gc,metaspace] GC(284) Metaspace: 153417K(156032K)->153417K(156032K) NonClass: 131631K(133056K)->131631K(133056K) Class: 21785K(22976K)->21785K(22976K)
[2026-09-05T11:15:40.624-0400][276.131s][info][gc          ] GC(284) Pause Young (Normal) (G1 Evacuation Pause) 2106M->1618M(2388M) 5.754ms
[2026-09-05T11:15:40.624-0400][276.131s][info][gc,cpu      ] GC(284) User=0.33s Sys=0.03s Real=0.01s
[2026-09-05T11:15:40.677-0400][276.184s][info][gc,start    ] GC(285) Pause Young (Normal) (G1 Evacuation Pause)
[2026-09-05T11:15:40.677-0400][276.184s][info][gc,task     ] GC(285) Using 23 workers of 23 for evacuation
[2026-09-05T11:15:40.682-0400][276.189s][info][gc,phases   ] GC(285)   Pre Evacuate Collection Set: 0.13ms
[2026-09-05T11:15:40.682-0400][276.189s][info][gc,phases   ] GC(285)   Merge Heap Roots: 0.12ms
[2026-09-05T11:15:40.682-0400][276.189s][info][gc,phases   ] GC(285)   Evacuate Collection Set: 4.03ms
[2026-09-05T11:15:40.682-0400][276.189s][info][gc,phases   ] GC(285)   Post Evacuate Collection Set: 0.52ms
[2026-09-05T11:15:40.682-0400][276.189s][info][gc,phases   ] GC(285)   Other: 0.19ms
[2026-09-05T11:15:40.682-0400][276.189s][info][gc,heap     ] GC(285) Eden regions: 241->0(243)
[2026-09-05T11:15:40.682-0400][276.189s][info][gc,heap     ] GC(285) Survivor regions: 23->19(33)
[2026-09-05T11:15:40.682-0400][276.189s][info][gc,heap     ] GC(285) Old regions: 758->764
[2026-09-05T11:15:40.682-0400][276.189s][info][gc,heap     ] GC(285) Archive regions: 0->0
[2026-09-05T11:15:40.682-0400][276.189s][info][gc,heap     ] GC(285) Humongous regions: 29->29
[2026-09-05T11:15:40.682-0400][276.189s][info][gc,metaspace] GC(285) Metaspace: 153417K(156032K)->153417K(156032K) NonClass: 131631K(133056K)->131631K(133056K) Class: 21785K(22976K)->21785K(22976K)
[2026-09-05T11:15:40.682-0400][276.189s][info][gc          ] GC(285) Pause Young (Normal) (G1 Evacuation Pause) 2100M->1621M(2388M) 5.109ms
[2026-09-05T11:15:40.682-0400][276.189s][info][gc,cpu      ] GC(285) User=0.00s Sys=0.00s Real=0.00s
[2026-09-05T11:15:40.754-0400][276.261s][info][gc,start    ] GC(286) Pause Young (Normal) (G1 Evacuation Pause)
[2026-09-05T11:15:40.754-0400][276.261s][info][gc,task     ] GC(286) Using 23 workers of 23 for evacuation
[2026-09-05T11:15:40.758-0400][276.265s][info][gc,phases   ] GC(286)   Pre Evacuate Collection Set: 0.11ms
[2026-09-05T11:15:40.758-0400][276.265s][info][gc,phases   ] GC(286)   Merge Heap Roots: 0.12ms
[2026-09-05T11:15:40.758-0400][276.265s][info][gc,phases   ] GC(286)   Evacuate Collection Set: 2.85ms
[2026-09-05T11:15:40.758-0400][276.265s][info][gc,phases   ] GC(286)   Post Evacuate Collection Set: 0.58ms
[2026-09-05T11:15:40.758-0400][276.265s][info][gc,phases   ] GC(286)   Other: 0.14ms
[2026-09-05T11:15:40.758-0400][276.265s][info][gc,heap     ] GC(286) Eden regions: 243->0(244)
[2026-09-05T11:15:40.758-0400][276.265s][info][gc,heap     ] GC(286) Survivor regions: 19->18(33)
[2026-09-05T11:15:40.758-0400][276.265s][info][gc,heap     ] GC(286) Old regions: 764->765
[2026-09-05T11:15:40.758-0400][276.265s][info][gc,heap     ] GC(286) Archive regions: 0->0
[2026-09-05T11:15:40.758-0400][276.265s][info][gc,heap     ] GC(286) Humongous regions: 29->29
[2026-09-05T11:15:40.758-0400][276.265s][info][gc,metaspace] GC(286) Metaspace: 153417K(156032K)->153417K(156032K) NonClass: 131631K(133056K)->131631K(133056K) Class: 21785K(22976K)->21785K(22976K)
[2026-09-05T11:15:40.758-0400][276.265s][info][gc          ] GC(286) Pause Young (Normal) (G1 Evacuation Pause) 2107M->1623M(2388M) 3.934ms
[2026-09-05T11:15:40.758-0400][276.265s][info][gc,cpu      ] GC(286) User=0.00s Sys=0.00s Real=0.00s
[2026-09-05T11:15:41.103-0400][276.610s][info][gc,start    ] GC(287) Pause Young (Normal) (G1 Evacuation Pause)
[2026-09-05T11:15:41.103-0400][276.610s][info][gc,task     ] GC(287) Using 23 workers of 23 for evacuation
[2026-09-05T11:15:41.106-0400][276.614s][info][gc,phases   ] GC(287)   Pre Evacuate Collection Set: 0.25ms
[2026-09-05T11:15:41.106-0400][276.614s][info][gc,phases   ] GC(287)   Merge Heap Roots: 0.16ms
[2026-09-05T11:15:41.106-0400][276.614s][info][gc,phases   ] GC(287)   Evacuate Collection Set: 2.57ms
[2026-09-05T11:15:41.106-0400][276.614s][info][gc,phases   ] GC(287)   Post Evacuate Collection Set: 0.59ms
[2026-09-05T11:15:41.106-0400][276.614s][info][gc,phases   ] GC(287)   Other: 0.12ms
[2026-09-05T11:15:41.106-0400][276.614s][info][gc,heap     ] GC(287) Eden regions: 244->0(242)
[2026-09-05T11:15:41.106-0400][276.614s][info][gc,heap     ] GC(287) Survivor regions: 18->19(33)
[2026-09-05T11:15:41.106-0400][276.614s][info][gc,heap     ] GC(287) Old regions: 765->765
[2026-09-05T11:15:41.106-0400][276.614s][info][gc,heap     ] GC(287) Archive regions: 0->0
[2026-09-05T11:15:41.106-0400][276.614s][info][gc,heap     ] GC(287) Humongous regions: 29->29
[2026-09-05T11:15:41.106-0400][276.614s][info][gc,metaspace] GC(287) Metaspace: 153417K(156032K)->153417K(156032K) NonClass: 131631K(133056K)->131631K(133056K) Class: 21785K(22976K)->21785K(22976K)
[2026-09-05T11:15:41.106-0400][276.614s][info][gc          ] GC(287) Pause Young (Normal) (G1 Evacuation Pause) 2111M->1623M(2388M) 3.809ms
[2026-09-05T11:15:41.106-0400][276.614s][info][gc,cpu      ] GC(287) User=0.34s Sys=0.00s Real=0.00s
[2026-09-05T11:15:41.650-0400][277.157s][info][gc,start    ] GC(288) Pause Young (Normal) (G1 Evacuation Pause)
[2026-09-05T11:15:41.650-0400][277.158s][info][gc,task     ] GC(288) Using 23 workers of 23 for evacuation
[2026-09-05T11:15:41.654-0400][277.161s][info][gc,phases   ] GC(288)   Pre Evacuate Collection Set: 0.15ms
[2026-09-05T11:15:41.654-0400][277.161s][info][gc,phases   ] GC(288)   Merge Heap Roots: 0.12ms
[2026-09-05T11:15:41.654-0400][277.161s][info][gc,phases   ] GC(288)   Evacuate Collection Set: 2.60ms
[2026-09-05T11:15:41.654-0400][277.161s][info][gc,phases   ] GC(288)   Post Evacuate Collection Set: 0.51ms
[2026-09-05T11:15:41.654-0400][277.161s][info][gc,phases   ] GC(288)   Other: 0.12ms
[2026-09-05T11:15:41.654-0400][277.161s][info][gc,heap     ] GC(288) Eden regions: 242->0(242)
[2026-09-05T11:15:41.654-0400][277.161s][info][gc,heap     ] GC(288) Survivor regions: 19->19(33)
[2026-09-05T11:15:41.654-0400][277.161s][info][gc,heap     ] GC(288) Old regions: 765->765
[2026-09-05T11:15:41.654-0400][277.161s][info][gc,heap     ] GC(288) Archive regions: 0->0
[2026-09-05T11:15:41.654-0400][277.161s][info][gc,heap     ] GC(288) Humongous regions: 29->29
[2026-09-05T11:15:41.654-0400][277.161s][info][gc,metaspace] GC(288) Metaspace: 153424K(156032K)->153424K(156032K) NonClass: 131639K(133056K)->131639K(133056K) Class: 21785K(22976K)->21785K(22976K)
[2026-09-05T11:15:41.654-0400][277.161s][info][gc          ] GC(288) Pause Young (Normal) (G1 Evacuation Pause) 2107M->1624M(2388M) 3.628ms
[2026-09-05T11:15:41.654-0400][277.161s][info][gc,cpu      ] GC(288) User=0.36s Sys=0.02s Real=0.00s
[2026-09-05T11:15:41.741-0400][277.247s][info][gc,start    ] GC(289) Pause Young (Normal) (G1 Evacuation Pause)
[2026-09-05T11:15:41.741-0400][277.248s][info][gc,task     ] GC(289) Using 23 workers of 23 for evacuation
[2026-09-05T11:15:41.745-0400][277.251s][info][gc,phases   ] GC(289)   Pre Evacuate Collection Set: 0.15ms
[2026-09-05T11:15:41.745-0400][277.252s][info][gc,phases   ] GC(289)   Merge Heap Roots: 0.13ms
[2026-09-05T11:15:41.745-0400][277.252s][info][gc,phases   ] GC(289)   Evacuate Collection Set: 3.00ms
[2026-09-05T11:15:41.745-0400][277.252s][info][gc,phases   ] GC(289)   Post Evacuate Collection Set: 0.57ms
[2026-09-05T11:15:41.745-0400][277.252s][info][gc,phases   ] GC(289)   Other: 0.18ms
[2026-09-05T11:15:41.745-0400][277.252s][info][gc,heap     ] GC(289) Eden regions: 242->0(242)
[2026-09-05T11:15:41.745-0400][277.252s][info][gc,heap     ] GC(289) Survivor regions: 19->18(33)
[2026-09-05T11:15:41.745-0400][277.252s][info][gc,heap     ] GC(289) Old regions: 765->767
[2026-09-05T11:15:41.745-0400][277.252s][info][gc,heap     ] GC(289) Archive regions: 0->0
[2026-09-05T11:15:41.745-0400][277.252s][info][gc,heap     ] GC(289) Humongous regions: 29->29
[2026-09-05T11:15:41.745-0400][277.252s][info][gc,metaspace] GC(289) Metaspace: 153424K(156032K)->153424K(156032K) NonClass: 131639K(133056K)->131639K(133056K) Class: 21785K(22976K)->21785K(22976K)
[2026-09-05T11:15:41.745-0400][277.252s][info][gc          ] GC(289) Pause Young (Normal) (G1 Evacuation Pause) 2108M->1626M(2388M) 4.168ms
[2026-09-05T11:15:41.745-0400][277.252s][info][gc,cpu      ] GC(289) User=0.00s Sys=0.00s Real=0.00s
[2026-09-05T11:15:42.208-0400][277.715s][info][gc,start    ] GC(290) Pause Young (Normal) (G1 Evacuation Pause)
[2026-09-05T11:15:42.208-0400][277.715s][info][gc,task     ] GC(290) Using 23 workers of 23 for evacuation
[2026-09-05T11:15:42.212-0400][277.719s][info][gc,phases   ] GC(290)   Pre Evacuate Collection Set: 0.19ms
[2026-09-05T11:15:42.212-0400][277.719s][info][gc,phases   ] GC(290)   Merge Heap Roots: 0.24ms
[2026-09-05T11:15:42.212-0400][277.719s][info][gc,phases   ] GC(290)   Evacuate Collection Set: 2.29ms
[2026-09-05T11:15:42.212-0400][277.719s][info][gc,phases   ] GC(290)   Post Evacuate Collection Set: 0.92ms
[2026-09-05T11:15:42.212-0400][277.719s][info][gc,phases   ] GC(290)   Other: 0.14ms
[2026-09-05T11:15:42.212-0400][277.719s][info][gc,heap     ] GC(290) Eden regions: 242->0(242)
[2026-09-05T11:15:42.212-0400][277.719s][info][gc,heap     ] GC(290) Survivor regions: 18->17(33)
[2026-09-05T11:15:42.212-0400][277.719s][info][gc,heap     ] GC(290) Old regions: 767->769
[2026-09-05T11:15:42.212-0400][277.719s][info][gc,heap     ] GC(290) Archive regions: 0->0
[2026-09-05T11:15:42.212-0400][277.719s][info][gc,heap     ] GC(290) Humongous regions: 29->29
[2026-09-05T11:15:42.212-0400][277.719s][info][gc,metaspace] GC(290) Metaspace: 153429K(156032K)->153429K(156032K) NonClass: 131643K(133056K)->131643K(133056K) Class: 21785K(22976K)->21785K(22976K)
[2026-09-05T11:15:42.212-0400][277.719s][info][gc          ] GC(290) Pause Young (Normal) (G1 Evacuation Pause) 2110M->1627M(2388M) 3.903ms
[2026-09-05T11:15:42.212-0400][277.719s][info][gc,cpu      ] GC(290) User=0.00s Sys=0.00s Real=0.00s
[2026-09-05T11:15:42.420-0400][277.927s][info][gc,start    ] GC(291) Pause Young (Normal) (G1 Evacuation Pause)
[2026-09-05T11:15:42.421-0400][277.927s][info][gc,task     ] GC(291) Using 23 workers of 23 for evacuation
[2026-09-05T11:15:42.424-0400][277.931s][info][gc,phases   ] GC(291)   Pre Evacuate Collection Set: 0.18ms
[2026-09-05T11:15:42.424-0400][277.931s][info][gc,phases   ] GC(291)   Merge Heap Roots: 0.15ms
[2026-09-05T11:15:42.424-0400][277.931s][info][gc,phases   ] GC(291)   Evacuate Collection Set: 2.64ms
[2026-09-05T11:15:42.424-0400][277.931s][info][gc,phases   ] GC(291)   Post Evacuate Collection Set: 0.54ms
[2026-09-05T11:15:42.424-0400][277.931s][info][gc,phases   ] GC(291)   Other: 0.14ms
[2026-09-05T11:15:42.424-0400][277.931s][info][gc,heap     ] GC(291) Eden regions: 242->0(238)
[2026-09-05T11:15:42.424-0400][277.931s][info][gc,heap     ] GC(291) Survivor regions: 17->19(33)
[2026-09-05T11:15:42.424-0400][277.931s][info][gc,heap     ] GC(291) Old regions: 769->769
[2026-09-05T11:15:42.424-0400][277.931s][info][gc,heap     ] GC(291) Archive regions: 0->0
[2026-09-05T11:15:42.424-0400][277.931s][info][gc,heap     ] GC(291) Humongous regions: 29->29
[2026-09-05T11:15:42.424-0400][277.931s][info][gc,metaspace] GC(291) Metaspace: 153429K(156032K)->153429K(156032K) NonClass: 131643K(133056K)->131643K(133056K) Class: 21785K(22976K)->21785K(22976K)
[2026-09-05T11:15:42.424-0400][277.931s][info][gc          ] GC(291) Pause Young (Normal) (G1 Evacuation Pause) 2111M->1632M(2388M) 3.781ms
[2026-09-05T11:15:42.424-0400][277.931s][info][gc,cpu      ] GC(291) User=0.00s Sys=0.00s Real=0.00s
[2026-09-05T11:15:42.782-0400][278.288s][info][gc,start    ] GC(292) Pause Young (Normal) (G1 Evacuation Pause)
[2026-09-05T11:15:42.782-0400][278.288s][info][gc,task     ] GC(292) Using 23 workers of 23 for evacuation
[2026-09-05T11:15:42.785-0400][278.292s][info][gc,phases   ] GC(292)   Pre Evacuate Collection Set: 0.15ms
[2026-09-05T11:15:42.785-0400][278.292s][info][gc,phases   ] GC(292)   Merge Heap Roots: 0.13ms
[2026-09-05T11:15:42.785-0400][278.292s][info][gc,phases   ] GC(292)   Evacuate Collection Set: 2.71ms
[2026-09-05T11:15:42.785-0400][278.292s][info][gc,phases   ] GC(292)   Post Evacuate Collection Set: 0.59ms
[2026-09-05T11:15:42.785-0400][278.292s][info][gc,phases   ] GC(292)   Other: 0.12ms
[2026-09-05T11:15:42.785-0400][278.292s][info][gc,heap     ] GC(292) Eden regions: 238->0(237)
[2026-09-05T11:15:42.785-0400][278.292s][info][gc,heap     ] GC(292) Survivor regions: 19->19(33)
[2026-09-05T11:15:42.785-0400][278.292s][info][gc,heap     ] GC(292) Old regions: 769->770
[2026-09-05T11:15:42.785-0400][278.292s][info][gc,heap     ] GC(292) Archive regions: 0->0
[2026-09-05T11:15:42.785-0400][278.292s][info][gc,heap     ] GC(292) Humongous regions: 29->29
[2026-09-05T11:15:42.785-0400][278.292s][info][gc,metaspace] GC(292) Metaspace: 153431K(156032K)->153431K(156032K) NonClass: 131645K(133056K)->131645K(133056K) Class: 21785K(22976K)->21785K(22976K)
[2026-09-05T11:15:42.785-0400][278.292s][info][gc          ] GC(292) Pause Young (Normal) (G1 Evacuation Pause) 2108M->1633M(2388M) 3.837ms
[2026-09-05T11:15:42.786-0400][278.292s][info][gc,cpu      ] GC(292) User=0.00s Sys=0.00s Real=0.00s
[2026-09-05T11:15:43.043-0400][278.550s][info][gc,start    ] GC(293) Pause Young (Normal) (G1 Evacuation Pause)
[2026-09-05T11:15:43.043-0400][278.550s][info][gc,task     ] GC(293) Using 23 workers of 23 for evacuation
[2026-09-05T11:15:43.047-0400][278.554s][info][gc,phases   ] GC(293)   Pre Evacuate Collection Set: 0.18ms
[2026-09-05T11:15:43.047-0400][278.554s][info][gc,phases   ] GC(293)   Merge Heap Roots: 0.17ms
[2026-09-05T11:15:43.047-0400][278.554s][info][gc,phases   ] GC(293)   Evacuate Collection Set: 2.84ms
[2026-09-05T11:15:43.047-0400][278.554s][info][gc,phases   ] GC(293)   Post Evacuate Collection Set: 0.60ms
[2026-09-05T11:15:43.047-0400][278.554s][info][gc,phases   ] GC(293)   Other: 0.16ms
[2026-09-05T11:15:43.047-0400][278.554s][info][gc,heap     ] GC(293) Eden regions: 237->0(235)
[2026-09-05T11:15:43.047-0400][278.554s][info][gc,heap     ] GC(293) Survivor regions: 19->19(32)
[2026-09-05T11:15:43.047-0400][278.554s][info][gc,heap     ] GC(293) Old regions: 770->772
[2026-09-05T11:15:43.047-0400][278.554s][info][gc,heap     ] GC(293) Archive regions: 0->0
[2026-09-05T11:15:43.047-0400][278.554s][info][gc,heap     ] GC(293) Humongous regions: 29->29
[2026-09-05T11:15:43.047-0400][278.554s][info][gc,metaspace] GC(293) Metaspace: 153433K(156032K)->153433K(156032K) NonClass: 131647K(133056K)->131647K(133056K) Class: 21785K(22976K)->21785K(22976K)
[2026-09-05T11:15:43.047-0400][278.554s][info][gc          ] GC(293) Pause Young (Normal) (G1 Evacuation Pause) 2107M->1638M(2388M) 4.065ms
[2026-09-05T11:15:43.047-0400][278.554s][info][gc,cpu      ] GC(293) User=0.00s Sys=0.00s Real=0.00s
[2026-09-05T11:15:43.195-0400][278.701s][info][gc,start    ] GC(294) Pause Young (Normal) (G1 Evacuation Pause)
[2026-09-05T11:15:43.195-0400][278.702s][info][gc,task     ] GC(294) Using 23 workers of 23 for evacuation
[2026-09-05T11:15:43.200-0400][278.707s][info][gc,phases   ] GC(294)   Pre Evacuate Collection Set: 0.23ms
[2026-09-05T11:15:43.200-0400][278.707s][info][gc,phases   ] GC(294)   Merge Heap Roots: 0.16ms
[2026-09-05T11:15:43.200-0400][278.707s][info][gc,phases   ] GC(294)   Evacuate Collection Set: 4.48ms
[2026-09-05T11:15:43.200-0400][278.707s][info][gc,phases   ] GC(294)   Post Evacuate Collection Set: 0.67ms
[2026-09-05T11:15:43.200-0400][278.707s][info][gc,phases   ] GC(294)   Other: 0.17ms
[2026-09-05T11:15:43.200-0400][278.707s][info][gc,heap     ] GC(294) Eden regions: 235->0(228)
[2026-09-05T11:15:43.200-0400][278.707s][info][gc,heap     ] GC(294) Survivor regions: 19->21(32)
[2026-09-05T11:15:43.200-0400][278.707s][info][gc,heap     ] GC(294) Old regions: 772->775
[2026-09-05T11:15:43.200-0400][278.707s][info][gc,heap     ] GC(294) Archive regions: 0->0
[2026-09-05T11:15:43.200-0400][278.707s][info][gc,heap     ] GC(294) Humongous regions: 29->29
[2026-09-05T11:15:43.200-0400][278.707s][info][gc,metaspace] GC(294) Metaspace: 153435K(156032K)->153435K(156032K) NonClass: 131649K(133056K)->131649K(133056K) Class: 21785K(22976K)->21785K(22976K)
[2026-09-05T11:15:43.200-0400][278.707s][info][gc          ] GC(294) Pause Young (Normal) (G1 Evacuation Pause) 2108M->1649M(2388M) 5.890ms
[2026-09-05T11:15:43.200-0400][278.707s][info][gc,cpu      ] GC(294) User=0.02s Sys=0.02s Real=0.01s
[2026-09-05T11:15:43.265-0400][278.772s][info][gc,start    ] GC(295) Pause Young (Normal) (G1 Evacuation Pause)
[2026-09-05T11:15:43.265-0400][278.772s][info][gc,task     ] GC(295) Using 23 workers of 23 for evacuation
[2026-09-05T11:15:43.270-0400][278.777s][info][gc,phases   ] GC(295)   Pre Evacuate Collection Set: 0.27ms
[2026-09-05T11:15:43.270-0400][278.777s][info][gc,phases   ] GC(295)   Merge Heap Roots: 0.15ms
[2026-09-05T11:15:43.270-0400][278.777s][info][gc,phases   ] GC(295)   Evacuate Collection Set: 3.79ms
[2026-09-05T11:15:43.270-0400][278.777s][info][gc,phases   ] GC(295)   Post Evacuate Collection Set: 0.54ms
[2026-09-05T11:15:43.270-0400][278.777s][info][gc,phases   ] GC(295)   Other: 0.26ms
[2026-09-05T11:15:43.270-0400][278.777s][info][gc,heap     ] GC(295) Eden regions: 228->0(229)
[2026-09-05T11:15:43.270-0400][278.777s][info][gc,heap     ] GC(295) Survivor regions: 21->18(32)
[2026-09-05T11:15:43.270-0400][278.777s][info][gc,heap     ] GC(295) Old regions: 775->780
[2026-09-05T11:15:43.270-0400][278.777s][info][gc,heap     ] GC(295) Archive regions: 0->0
[2026-09-05T11:15:43.270-0400][278.777s][info][gc,heap     ] GC(295) Humongous regions: 29->29
[2026-09-05T11:15:43.270-0400][278.777s][info][gc,metaspace] GC(295) Metaspace: 153435K(156032K)->153435K(156032K) NonClass: 131649K(133056K)->131649K(133056K) Class: 21785K(22976K)->21785K(22976K)
[2026-09-05T11:15:43.270-0400][278.777s][info][gc          ] GC(295) Pause Young (Normal) (G1 Evacuation Pause) 2105M->1652M(2388M) 5.102ms
[2026-09-05T11:15:43.270-0400][278.777s][info][gc,cpu      ] GC(295) User=0.00s Sys=0.00s Real=0.00s
[2026-09-05T11:15:43.359-0400][278.866s][info][gc,start    ] GC(296) Pause Young (Normal) (G1 Evacuation Pause)
[2026-09-05T11:15:43.359-0400][278.866s][info][gc,task     ] GC(296) Using 23 workers of 23 for evacuation
[2026-09-05T11:15:43.363-0400][278.870s][info][gc,phases   ] GC(296)   Pre Evacuate Collection Set: 0.14ms
[2026-09-05T11:15:43.363-0400][278.870s][info][gc,phases   ] GC(296)   Merge Heap Roots: 0.13ms
[2026-09-05T11:15:43.363-0400][278.870s][info][gc,phases   ] GC(296)   Evacuate Collection Set: 2.61ms
[2026-09-05T11:15:43.363-0400][278.870s][info][gc,phases   ] GC(296)   Post Evacuate Collection Set: 0.47ms
[2026-09-05T11:15:43.363-0400][278.870s][info][gc,phases   ] GC(296)   Other: 0.14ms
[2026-09-05T11:15:43.363-0400][278.870s][info][gc,heap     ] GC(296) Eden regions: 229->0(229)
[2026-09-05T11:15:43.363-0400][278.870s][info][gc,heap     ] GC(296) Survivor regions: 18->18(31)
[2026-09-05T11:15:43.363-0400][278.870s][info][gc,heap     ] GC(296) Old regions: 780->780
[2026-09-05T11:15:43.363-0400][278.870s][info][gc,heap     ] GC(296) Archive regions: 0->0
[2026-09-05T11:15:43.363-0400][278.870s][info][gc,heap     ] GC(296) Humongous regions: 29->29
[2026-09-05T11:15:43.363-0400][278.870s][info][gc,metaspace] GC(296) Metaspace: 153435K(156032K)->153435K(156032K) NonClass: 131649K(133056K)->131649K(133056K) Class: 21785K(22976K)->21785K(22976K)
[2026-09-05T11:15:43.363-0400][278.870s][info][gc          ] GC(296) Pause Young (Normal) (G1 Evacuation Pause) 2110M->1653M(2388M) 3.622ms
[2026-09-05T11:15:43.363-0400][278.870s][info][gc,cpu      ] GC(296) User=0.00s Sys=0.00s Real=0.00s
[2026-09-05T11:15:43.796-0400][279.303s][info][gc,start    ] GC(297) Pause Young (Normal) (G1 Evacuation Pause)
[2026-09-05T11:15:43.796-0400][279.303s][info][gc,task     ] GC(297) Using 23 workers of 23 for evacuation
[2026-09-05T11:15:43.799-0400][279.306s][info][gc,phases   ] GC(297)   Pre Evacuate Collection Set: 0.29ms
[2026-09-05T11:15:43.800-0400][279.307s][info][gc,phases   ] GC(297)   Merge Heap Roots: 0.15ms
[2026-09-05T11:15:43.800-0400][279.307s][info][gc,phases   ] GC(297)   Evacuate Collection Set: 2.47ms
[2026-09-05T11:15:43.800-0400][279.307s][info][gc,phases   ] GC(297)   Post Evacuate Collection Set: 0.56ms
[2026-09-05T11:15:43.800-0400][279.307s][info][gc,phases   ] GC(297)   Other: 0.15ms
[2026-09-05T11:15:43.800-0400][279.307s][info][gc,heap     ] GC(297) Eden regions: 229->0(231)
[2026-09-05T11:15:43.800-0400][279.307s][info][gc,heap     ] GC(297) Survivor regions: 18->16(31)
[2026-09-05T11:15:43.800-0400][279.307s][info][gc,heap     ] GC(297) Old regions: 780->782
[2026-09-05T11:15:43.800-0400][279.307s][info][gc,heap     ] GC(297) Archive regions: 0->0
[2026-09-05T11:15:43.800-0400][279.307s][info][gc,heap     ] GC(297) Humongous regions: 29->29
[2026-09-05T11:15:43.800-0400][279.307s][info][gc,metaspace] GC(297) Metaspace: 153436K(156032K)->153436K(156032K) NonClass: 131650K(133056K)->131650K(133056K) Class: 21785K(22976K)->21785K(22976K)
[2026-09-05T11:15:43.800-0400][279.307s][info][gc          ] GC(297) Pause Young (Normal) (G1 Evacuation Pause) 2111M->1652M(2388M) 3.750ms
[2026-09-05T11:15:43.800-0400][279.307s][info][gc,cpu      ] GC(297) User=0.00s Sys=0.00s Real=0.00s
[2026-09-05T11:15:44.225-0400][279.732s][info][gc,start    ] GC(298) Pause Young (Normal) (G1 Evacuation Pause)
[2026-09-05T11:15:44.225-0400][279.732s][info][gc,task     ] GC(298) Using 23 workers of 23 for evacuation
[2026-09-05T11:15:44.229-0400][279.736s][info][gc,phases   ] GC(298)   Pre Evacuate Collection Set: 0.19ms
[2026-09-05T11:15:44.229-0400][279.736s][info][gc,phases   ] GC(298)   Merge Heap Roots: 0.15ms
[2026-09-05T11:15:44.229-0400][279.736s][info][gc,phases   ] GC(298)   Evacuate Collection Set: 3.03ms
[2026-09-05T11:15:44.229-0400][279.736s][info][gc,phases   ] GC(298)   Post Evacuate Collection Set: 0.52ms
[2026-09-05T11:15:44.229-0400][279.736s][info][gc,phases   ] GC(298)   Other: 0.20ms
[2026-09-05T11:15:44.229-0400][279.736s][info][gc,heap     ] GC(298) Eden regions: 231->0(227)
[2026-09-05T11:15:44.229-0400][279.736s][info][gc,heap     ] GC(298) Survivor regions: 16->18(31)
[2026-09-05T11:15:44.229-0400][279.736s][info][gc,heap     ] GC(298) Old regions: 782->782
[2026-09-05T11:15:44.229-0400][279.736s][info][gc,heap     ] GC(298) Archive regions: 0->0
[2026-09-05T11:15:44.229-0400][279.736s][info][gc,heap     ] GC(298) Humongous regions: 29->29
[2026-09-05T11:15:44.229-0400][279.736s][info][gc,metaspace] GC(298) Metaspace: 153436K(156032K)->153436K(156032K) NonClass: 131650K(133056K)->131650K(133056K) Class: 21785K(22976K)->21785K(22976K)
[2026-09-05T11:15:44.229-0400][279.736s][info][gc          ] GC(298) Pause Young (Normal) (G1 Evacuation Pause) 2114M->1656M(2388M) 4.160ms
[2026-09-05T11:15:44.229-0400][279.736s][info][gc,cpu      ] GC(298) User=0.00s Sys=0.00s Real=0.00s
[2026-09-05T11:15:44.298-0400][279.805s][info][gc,start    ] GC(299) Pause Young (Normal) (G1 Evacuation Pause)
[2026-09-05T11:15:44.298-0400][279.805s][info][gc,task     ] GC(299) Using 23 workers of 23 for evacuation
[2026-09-05T11:15:44.302-0400][279.809s][info][gc,phases   ] GC(299)   Pre Evacuate Collection Set: 0.21ms
[2026-09-05T11:15:44.302-0400][279.809s][info][gc,phases   ] GC(299)   Merge Heap Roots: 0.16ms
[2026-09-05T11:15:44.302-0400][279.809s][info][gc,phases   ] GC(299)   Evacuate Collection Set: 3.11ms
[2026-09-05T11:15:44.302-0400][279.809s][info][gc,phases   ] GC(299)   Post Evacuate Collection Set: 0.58ms
[2026-09-05T11:15:44.302-0400][279.809s][info][gc,phases   ] GC(299)   Other: 0.16ms
[2026-09-05T11:15:44.302-0400][279.809s][info][gc,heap     ] GC(299) Eden regions: 227->0(224)
[2026-09-05T11:15:44.302-0400][279.809s][info][gc,heap     ] GC(299) Survivor regions: 18->19(31)
[2026-09-05T11:15:44.302-0400][279.809s][info][gc,heap     ] GC(299) Old regions: 782->783
[2026-09-05T11:15:44.302-0400][279.809s][info][gc,heap     ] GC(299) Archive regions: 0->0
[2026-09-05T11:15:44.302-0400][279.809s][info][gc,heap     ] GC(299) Humongous regions: 29->29
[2026-09-05T11:15:44.302-0400][279.809s][info][gc,metaspace] GC(299) Metaspace: 153436K(156032K)->153436K(156032K) NonClass: 131650K(133056K)->131650K(133056K) Class: 21785K(22976K)->21785K(22976K)
[2026-09-05T11:15:44.302-0400][279.809s][info][gc          ] GC(299) Pause Young (Normal) (G1 Evacuation Pause) 2110M->1659M(2388M) 4.356ms
[2026-09-05T11:15:44.302-0400][279.809s][info][gc,cpu      ] GC(299) User=0.00s Sys=0.00s Real=0.00s
[2026-09-05T11:15:44.469-0400][279.976s][info][gc,start    ] GC(300) Pause Young (Normal) (G1 Evacuation Pause)
[2026-09-05T11:15:44.469-0400][279.976s][info][gc,task     ] GC(300) Using 23 workers of 23 for evacuation
[2026-09-05T11:15:44.473-0400][279.980s][info][gc,phases   ] GC(300)   Pre Evacuate Collection Set: 0.19ms
[2026-09-05T11:15:44.473-0400][279.980s][info][gc,phases   ] GC(300)   Merge Heap Roots: 0.12ms
[2026-09-05T11:15:44.473-0400][279.980s][info][gc,phases   ] GC(300)   Evacuate Collection Set: 2.52ms
[2026-09-05T11:15:44.473-0400][279.980s][info][gc,phases   ] GC(300)   Post Evacuate Collection Set: 0.56ms
[2026-09-05T11:15:44.473-0400][279.980s][info][gc,phases   ] GC(300)   Other: 0.13ms
[2026-09-05T11:15:44.473-0400][279.980s][info][gc,heap     ] GC(300) Eden regions: 224->0(226)
[2026-09-05T11:15:44.473-0400][279.980s][info][gc,heap     ] GC(300) Survivor regions: 19->17(31)
[2026-09-05T11:15:44.473-0400][279.980s][info][gc,heap     ] GC(300) Old regions: 783->785
[2026-09-05T11:15:44.473-0400][279.980s][info][gc,heap     ] GC(300) Archive regions: 0->0
[2026-09-05T11:15:44.473-0400][279.980s][info][gc,heap     ] GC(300) Humongous regions: 29->29
[2026-09-05T11:15:44.473-0400][279.980s][info][gc,metaspace] GC(300) Metaspace: 153436K(156032K)->153436K(156032K) NonClass: 131650K(133056K)->131650K(133056K) Class: 21785K(22976K)->21785K(22976K)
[2026-09-05T11:15:44.473-0400][279.980s][info][gc          ] GC(300) Pause Young (Normal) (G1 Evacuation Pause) 2106M->1660M(2388M) 3.660ms
[2026-09-05T11:15:44.473-0400][279.980s][info][gc,cpu      ] GC(300) User=0.00s Sys=0.00s Real=0.00s
[2026-09-05T11:15:44.799-0400][280.307s][info][gc,start    ] GC(301) Pause Young (Normal) (G1 Evacuation Pause)
[2026-09-05T11:15:44.799-0400][280.307s][info][gc,task     ] GC(301) Using 23 workers of 23 for evacuation
[2026-09-05T11:15:44.803-0400][280.310s][info][gc,phases   ] GC(301)   Pre Evacuate Collection Set: 0.22ms
[2026-09-05T11:15:44.803-0400][280.310s][info][gc,phases   ] GC(301)   Merge Heap Roots: 0.23ms
[2026-09-05T11:15:44.803-0400][280.310s][info][gc,phases   ] GC(301)   Evacuate Collection Set: 2.45ms
[2026-09-05T11:15:44.803-0400][280.310s][info][gc,phases   ] GC(301)   Post Evacuate Collection Set: 0.55ms
[2026-09-05T11:15:44.803-0400][280.310s][info][gc,phases   ] GC(301)   Other: 0.15ms
[2026-09-05T11:15:44.803-0400][280.310s][info][gc,heap     ] GC(301) Eden regions: 226->0(224)
[2026-09-05T11:15:44.803-0400][280.310s][info][gc,heap     ] GC(301) Survivor regions: 17->18(31)
[2026-09-05T11:15:44.803-0400][280.310s][info][gc,heap     ] GC(301) Old regions: 785->785
[2026-09-05T11:15:44.803-0400][280.310s][info][gc,heap     ] GC(301) Archive regions: 0->0
[2026-09-05T11:15:44.803-0400][280.310s][info][gc,heap     ] GC(301) Humongous regions: 29->29
[2026-09-05T11:15:44.803-0400][280.310s][info][gc,metaspace] GC(301) Metaspace: 153436K(156032K)->153436K(156032K) NonClass: 131651K(133056K)->131651K(133056K) Class: 21785K(22976K)->21785K(22976K)
[2026-09-05T11:15:44.803-0400][280.310s][info][gc          ] GC(301) Pause Young (Normal) (G1 Evacuation Pause) 2112M->1662M(2388M) 3.727ms
[2026-09-05T11:15:44.803-0400][280.310s][info][gc,cpu      ] GC(301) User=0.00s Sys=0.00s Real=0.00s
[2026-09-05T11:15:45.230-0400][280.736s][info][gc,start    ] GC(302) Pause Young (Normal) (G1 Evacuation Pause)
[2026-09-05T11:15:45.230-0400][280.737s][info][gc,task     ] GC(302) Using 23 workers of 23 for evacuation
[2026-09-05T11:15:45.234-0400][280.740s][info][gc,phases   ] GC(302)   Pre Evacuate Collection Set: 0.22ms
[2026-09-05T11:15:45.234-0400][280.740s][info][gc,phases   ] GC(302)   Merge Heap Roots: 0.15ms
[2026-09-05T11:15:45.234-0400][280.740s][info][gc,phases   ] GC(302)   Evacuate Collection Set: 2.85ms
[2026-09-05T11:15:45.234-0400][280.740s][info][gc,phases   ] GC(302)   Post Evacuate Collection Set: 0.54ms
[2026-09-05T11:15:45.234-0400][280.740s][info][gc,phases   ] GC(302)   Other: 0.20ms
[2026-09-05T11:15:45.234-0400][280.740s][info][gc,heap     ] GC(302) Eden regions: 224->0(220)
[2026-09-05T11:15:45.234-0400][280.740s][info][gc,heap     ] GC(302) Survivor regions: 18->19(31)
[2026-09-05T11:15:45.234-0400][280.740s][info][gc,heap     ] GC(302) Old regions: 785->787
[2026-09-05T11:15:45.234-0400][280.740s][info][gc,heap     ] GC(302) Archive regions: 0->0
[2026-09-05T11:15:45.234-0400][280.741s][info][gc,heap     ] GC(302) Humongous regions: 29->29
[2026-09-05T11:15:45.234-0400][280.741s][info][gc,metaspace] GC(302) Metaspace: 153437K(156032K)->153437K(156032K) NonClass: 131651K(133056K)->131651K(133056K) Class: 21785K(22976K)->21785K(22976K)
[2026-09-05T11:15:45.234-0400][280.741s][info][gc          ] GC(302) Pause Young (Normal) (G1 Evacuation Pause) 2110M->1667M(2388M) 4.082ms
[2026-09-05T11:15:45.234-0400][280.741s][info][gc,cpu      ] GC(302) User=0.36s Sys=0.02s Real=0.00s
[2026-09-05T11:15:45.462-0400][280.968s][info][gc,start    ] GC(303) Pause Young (Normal) (G1 Evacuation Pause)
[2026-09-05T11:15:45.462-0400][280.968s][info][gc,task     ] GC(303) Using 23 workers of 23 for evacuation
[2026-09-05T11:15:45.465-0400][280.972s][info][gc,phases   ] GC(303)   Pre Evacuate Collection Set: 0.20ms
[2026-09-05T11:15:45.465-0400][280.972s][info][gc,phases   ] GC(303)   Merge Heap Roots: 0.14ms
[2026-09-05T11:15:45.465-0400][280.972s][info][gc,phases   ] GC(303)   Evacuate Collection Set: 2.50ms
[2026-09-05T11:15:45.465-0400][280.972s][info][gc,phases   ] GC(303)   Post Evacuate Collection Set: 0.58ms
[2026-09-05T11:15:45.465-0400][280.972s][info][gc,phases   ] GC(303)   Other: 0.14ms
[2026-09-05T11:15:45.465-0400][280.972s][info][gc,heap     ] GC(303) Eden regions: 220->0(224)
[2026-09-05T11:15:45.465-0400][280.972s][info][gc,heap     ] GC(303) Survivor regions: 19->15(30)
[2026-09-05T11:15:45.465-0400][280.972s][info][gc,heap     ] GC(303) Old regions: 787->791
[2026-09-05T11:15:45.465-0400][280.972s][info][gc,heap     ] GC(303) Archive regions: 0->0
[2026-09-05T11:15:45.465-0400][280.972s][info][gc,heap     ] GC(303) Humongous regions: 29->29
[2026-09-05T11:15:45.465-0400][280.972s][info][gc,metaspace] GC(303) Metaspace: 153437K(156032K)->153437K(156032K) NonClass: 131651K(133056K)->131651K(133056K) Class: 21785K(22976K)->21785K(22976K)
[2026-09-05T11:15:45.465-0400][280.972s][info][gc          ] GC(303) Pause Young (Normal) (G1 Evacuation Pause) 2107M->1668M(2388M) 3.635ms
[2026-09-05T11:15:45.465-0400][280.972s][info][gc,cpu      ] GC(303) User=0.00s Sys=0.00s Real=0.00s
[2026-09-05T11:15:45.684-0400][281.191s][info][gc,start    ] GC(304) Pause Young (Normal) (G1 Evacuation Pause)
[2026-09-05T11:15:45.684-0400][281.191s][info][gc,task     ] GC(304) Using 23 workers of 23 for evacuation
[2026-09-05T11:15:45.688-0400][281.194s][info][gc,phases   ] GC(304)   Pre Evacuate Collection Set: 0.19ms
[2026-09-05T11:15:45.688-0400][281.194s][info][gc,phases   ] GC(304)   Merge Heap Roots: 0.14ms
[2026-09-05T11:15:45.688-0400][281.194s][info][gc,phases   ] GC(304)   Evacuate Collection Set: 2.35ms
[2026-09-05T11:15:45.688-0400][281.194s][info][gc,phases   ] GC(304)   Post Evacuate Collection Set: 0.56ms
[2026-09-05T11:15:45.688-0400][281.194s][info][gc,phases   ] GC(304)   Other: 0.15ms
[2026-09-05T11:15:45.688-0400][281.194s][info][gc,heap     ] GC(304) Eden regions: 224->0(220)
[2026-09-05T11:15:45.688-0400][281.194s][info][gc,heap     ] GC(304) Survivor regions: 15->17(30)
[2026-09-05T11:15:45.688-0400][281.194s][info][gc,heap     ] GC(304) Old regions: 791->791
[2026-09-05T11:15:45.688-0400][281.194s][info][gc,heap     ] GC(304) Archive regions: 0->0
[2026-09-05T11:15:45.688-0400][281.194s][info][gc,heap     ] GC(304) Humongous regions: 29->29
[2026-09-05T11:15:45.688-0400][281.194s][info][gc,metaspace] GC(304) Metaspace: 153437K(156032K)->153437K(156032K) NonClass: 131652K(133056K)->131652K(133056K) Class: 21785K(22976K)->21785K(22976K)
[2026-09-05T11:15:45.688-0400][281.195s][info][gc          ] GC(304) Pause Young (Normal) (G1 Evacuation Pause) 2116M->1671M(2388M) 3.508ms
[2026-09-05T11:15:45.688-0400][281.195s][info][gc,cpu      ] GC(304) User=0.00s Sys=0.00s Real=0.00s
[2026-09-05T11:15:45.882-0400][281.389s][info][gc,start    ] GC(305) Pause Young (Normal) (G1 Evacuation Pause)
[2026-09-05T11:15:45.882-0400][281.389s][info][gc,task     ] GC(305) Using 23 workers of 23 for evacuation
[2026-09-05T11:15:45.888-0400][281.394s][info][gc,phases   ] GC(305)   Pre Evacuate Collection Set: 0.21ms
[2026-09-05T11:15:45.888-0400][281.394s][info][gc,phases   ] GC(305)   Merge Heap Roots: 0.16ms
[2026-09-05T11:15:45.888-0400][281.394s][info][gc,phases   ] GC(305)   Evacuate Collection Set: 4.17ms
[2026-09-05T11:15:45.888-0400][281.394s][info][gc,phases   ] GC(305)   Post Evacuate Collection Set: 0.57ms
[2026-09-05T11:15:45.888-0400][281.394s][info][gc,phases   ] GC(305)   Other: 0.19ms
[2026-09-05T11:15:45.888-0400][281.394s][info][gc,heap     ] GC(305) Eden regions: 220->0(211)
[2026-09-05T11:15:45.888-0400][281.394s][info][gc,heap     ] GC(305) Survivor regions: 17->21(30)
[2026-09-05T11:15:45.888-0400][281.394s][info][gc,heap     ] GC(305) Old regions: 791->792
[2026-09-05T11:15:45.888-0400][281.394s][info][gc,heap     ] GC(305) Archive regions: 0->0
[2026-09-05T11:15:45.888-0400][281.394s][info][gc,heap     ] GC(305) Humongous regions: 29->29
[2026-09-05T11:15:45.888-0400][281.394s][info][gc,metaspace] GC(305) Metaspace: 153438K(156032K)->153438K(156032K) NonClass: 131652K(133056K)->131652K(133056K) Class: 21785K(22976K)->21785K(22976K)
[2026-09-05T11:15:45.888-0400][281.394s][info][gc          ] GC(305) Pause Young (Normal) (G1 Evacuation Pause) 2111M->1683M(2388M) 5.416ms
[2026-09-05T11:15:45.888-0400][281.394s][info][gc,cpu      ] GC(305) User=0.03s Sys=0.00s Real=0.01s
[2026-09-05T11:15:45.940-0400][281.446s][info][gc,start    ] GC(306) Pause Young (Normal) (G1 Evacuation Pause)
[2026-09-05T11:15:45.940-0400][281.446s][info][gc,task     ] GC(306) Using 23 workers of 23 for evacuation
[2026-09-05T11:15:45.945-0400][281.451s][info][gc,phases   ] GC(306)   Pre Evacuate Collection Set: 0.20ms
[2026-09-05T11:15:45.945-0400][281.451s][info][gc,phases   ] GC(306)   Merge Heap Roots: 0.15ms
[2026-09-05T11:15:45.945-0400][281.451s][info][gc,phases   ] GC(306)   Evacuate Collection Set: 3.68ms
[2026-09-05T11:15:45.945-0400][281.451s][info][gc,phases   ] GC(306)   Post Evacuate Collection Set: 0.71ms
[2026-09-05T11:15:45.945-0400][281.451s][info][gc,phases   ] GC(306)   Other: 0.21ms
[2026-09-05T11:15:45.945-0400][281.451s][info][gc,heap     ] GC(306) Eden regions: 211->0(213)
[2026-09-05T11:15:45.945-0400][281.451s][info][gc,heap     ] GC(306) Survivor regions: 21->17(29)
[2026-09-05T11:15:45.945-0400][281.451s][info][gc,heap     ] GC(306) Old regions: 792->798
[2026-09-05T11:15:45.945-0400][281.451s][info][gc,heap     ] GC(306) Archive regions: 0->0
[2026-09-05T11:15:45.945-0400][281.451s][info][gc,heap     ] GC(306) Humongous regions: 29->29
[2026-09-05T11:15:45.945-0400][281.451s][info][gc,metaspace] GC(306) Metaspace: 153438K(156032K)->153438K(156032K) NonClass: 131652K(133056K)->131652K(133056K) Class: 21785K(22976K)->21785K(22976K)
[2026-09-05T11:15:45.945-0400][281.451s][info][gc          ] GC(306) Pause Young (Normal) (G1 Evacuation Pause) 2105M->1686M(2388M) 5.036ms
[2026-09-05T11:15:45.945-0400][281.451s][info][gc,cpu      ] GC(306) User=0.00s Sys=0.00s Real=0.00s
[2026-09-05T11:15:46.022-0400][281.529s][info][gc,start    ] GC(307) Pause Young (Normal) (G1 Evacuation Pause)
[2026-09-05T11:15:46.022-0400][281.529s][info][gc,task     ] GC(307) Using 23 workers of 23 for evacuation
[2026-09-05T11:15:46.026-0400][281.533s][info][gc,phases   ] GC(307)   Pre Evacuate Collection Set: 0.13ms
[2026-09-05T11:15:46.026-0400][281.533s][info][gc,phases   ] GC(307)   Merge Heap Roots: 0.14ms
[2026-09-05T11:15:46.026-0400][281.533s][info][gc,phases   ] GC(307)   Evacuate Collection Set: 2.73ms
[2026-09-05T11:15:46.026-0400][281.533s][info][gc,phases   ] GC(307)   Post Evacuate Collection Set: 0.45ms
[2026-09-05T11:15:46.026-0400][281.533s][info][gc,phases   ] GC(307)   Other: 0.16ms
[2026-09-05T11:15:46.026-0400][281.533s][info][gc,heap     ] GC(307) Eden regions: 213->0(215)
[2026-09-05T11:15:46.026-0400][281.533s][info][gc,heap     ] GC(307) Survivor regions: 17->15(29)
[2026-09-05T11:15:46.026-0400][281.533s][info][gc,heap     ] GC(307) Old regions: 798->800
[2026-09-05T11:15:46.026-0400][281.533s][info][gc,heap     ] GC(307) Archive regions: 0->0
[2026-09-05T11:15:46.026-0400][281.533s][info][gc,heap     ] GC(307) Humongous regions: 29->29
[2026-09-05T11:15:46.026-0400][281.533s][info][gc,metaspace] GC(307) Metaspace: 153438K(156032K)->153438K(156032K) NonClass: 131652K(133056K)->131652K(133056K) Class: 21785K(22976K)->21785K(22976K)
[2026-09-05T11:15:46.026-0400][281.533s][info][gc          ] GC(307) Pause Young (Normal) (G1 Evacuation Pause) 2112M->1687M(2388M) 3.740ms
[2026-09-05T11:15:46.026-0400][281.533s][info][gc,cpu      ] GC(307) User=0.00s Sys=0.00s Real=0.00s
[2026-09-05T11:15:46.283-0400][281.789s][info][gc,start    ] GC(308) Pause Young (Normal) (G1 Evacuation Pause)
[2026-09-05T11:15:46.283-0400][281.790s][info][gc,task     ] GC(308) Using 23 workers of 23 for evacuation
[2026-09-05T11:15:46.287-0400][281.793s][info][gc,phases   ] GC(308)   Pre Evacuate Collection Set: 0.14ms
[2026-09-05T11:15:46.287-0400][281.793s][info][gc,phases   ] GC(308)   Merge Heap Roots: 0.34ms
[2026-09-05T11:15:46.287-0400][281.793s][info][gc,phases   ] GC(308)   Evacuate Collection Set: 2.17ms
[2026-09-05T11:15:46.287-0400][281.793s][info][gc,phases   ] GC(308)   Post Evacuate Collection Set: 0.73ms
[2026-09-05T11:15:46.287-0400][281.793s][info][gc,phases   ] GC(308)   Other: 0.12ms
[2026-09-05T11:15:46.287-0400][281.793s][info][gc,heap     ] GC(308) Eden regions: 215->0(215)
[2026-09-05T11:15:46.287-0400][281.793s][info][gc,heap     ] GC(308) Survivor regions: 15->15(29)
[2026-09-05T11:15:46.287-0400][281.793s][info][gc,heap     ] GC(308) Old regions: 800->800
[2026-09-05T11:15:46.287-0400][281.793s][info][gc,heap     ] GC(308) Archive regions: 0->0
[2026-09-05T11:15:46.287-0400][281.793s][info][gc,heap     ] GC(308) Humongous regions: 29->29
[2026-09-05T11:15:46.287-0400][281.793s][info][gc,metaspace] GC(308) Metaspace: 153438K(156032K)->153438K(156032K) NonClass: 131652K(133056K)->131652K(133056K) Class: 21785K(22976K)->21785K(22976K)
[2026-09-05T11:15:46.287-0400][281.793s][info][gc          ] GC(308) Pause Young (Normal) (G1 Evacuation Pause) 2117M->1686M(2388M) 3.627ms
[2026-09-05T11:15:46.287-0400][281.793s][info][gc,cpu      ] GC(308) User=0.00s Sys=0.00s Real=0.00s
[2026-09-05T11:15:46.626-0400][282.132s][info][gc,start    ] GC(309) Pause Young (Normal) (G1 Evacuation Pause)
[2026-09-05T11:15:46.626-0400][282.132s][info][gc,task     ] GC(309) Using 23 workers of 23 for evacuation
[2026-09-05T11:15:46.629-0400][282.136s][info][gc,phases   ] GC(309)   Pre Evacuate Collection Set: 0.21ms
[2026-09-05T11:15:46.629-0400][282.136s][info][gc,phases   ] GC(309)   Merge Heap Roots: 0.14ms
[2026-09-05T11:15:46.629-0400][282.136s][info][gc,phases   ] GC(309)   Evacuate Collection Set: 2.79ms
[2026-09-05T11:15:46.629-0400][282.136s][info][gc,phases   ] GC(309)   Post Evacuate Collection Set: 0.61ms
[2026-09-05T11:15:46.629-0400][282.136s][info][gc,phases   ] GC(309)   Other: 0.16ms
[2026-09-05T11:15:46.629-0400][282.136s][info][gc,heap     ] GC(309) Eden regions: 215->0(211)
[2026-09-05T11:15:46.629-0400][282.136s][info][gc,heap     ] GC(309) Survivor regions: 15->17(29)
[2026-09-05T11:15:46.629-0400][282.136s][info][gc,heap     ] GC(309) Old regions: 800->800
[2026-09-05T11:15:46.629-0400][282.136s][info][gc,heap     ] GC(309) Archive regions: 0->0
[2026-09-05T11:15:46.629-0400][282.136s][info][gc,heap     ] GC(309) Humongous regions: 29->29
[2026-09-05T11:15:46.629-0400][282.136s][info][gc,metaspace] GC(309) Metaspace: 153438K(156032K)->153438K(156032K) NonClass: 131652K(133056K)->131652K(133056K) Class: 21785K(22976K)->21785K(22976K)
[2026-09-05T11:15:46.629-0400][282.136s][info][gc          ] GC(309) Pause Young (Normal) (G1 Evacuation Pause) 2116M->1690M(2388M) 4.007ms
[2026-09-05T11:15:46.629-0400][282.137s][info][gc,cpu      ] GC(309) User=0.00s Sys=0.00s Real=0.00s
[2026-09-05T11:15:46.695-0400][282.202s][info][gc,start    ] GC(310) Pause Young (Normal) (G1 Evacuation Pause)
[2026-09-05T11:15:46.695-0400][282.202s][info][gc,task     ] GC(310) Using 23 workers of 23 for evacuation
[2026-09-05T11:15:46.699-0400][282.206s][info][gc,phases   ] GC(310)   Pre Evacuate Collection Set: 0.23ms
[2026-09-05T11:15:46.699-0400][282.206s][info][gc,phases   ] GC(310)   Merge Heap Roots: 0.17ms
[2026-09-05T11:15:46.699-0400][282.206s][info][gc,phases   ] GC(310)   Evacuate Collection Set: 2.84ms
[2026-09-05T11:15:46.699-0400][282.206s][info][gc,phases   ] GC(310)   Post Evacuate Collection Set: 0.60ms
[2026-09-05T11:15:46.699-0400][282.206s][info][gc,phases   ] GC(310)   Other: 0.23ms
[2026-09-05T11:15:46.699-0400][282.206s][info][gc,heap     ] GC(310) Eden regions: 211->0(209)
[2026-09-05T11:15:46.699-0400][282.206s][info][gc,heap     ] GC(310) Survivor regions: 17->17(29)
[2026-09-05T11:15:46.699-0400][282.206s][info][gc,heap     ] GC(310) Old regions: 800->802
[2026-09-05T11:15:46.699-0400][282.206s][info][gc,heap     ] GC(310) Archive regions: 0->0
[2026-09-05T11:15:46.699-0400][282.206s][info][gc,heap     ] GC(310) Humongous regions: 29->29
[2026-09-05T11:15:46.699-0400][282.206s][info][gc,metaspace] GC(310) Metaspace: 153438K(156032K)->153438K(156032K) NonClass: 131652K(133056K)->131652K(133056K) Class: 21785K(22976K)->21785K(22976K)
[2026-09-05T11:15:46.699-0400][282.206s][info][gc          ] GC(310) Pause Young (Normal) (G1 Evacuation Pause) 2112M->1693M(2388M) 4.176ms
[2026-09-05T11:15:46.699-0400][282.206s][info][gc,cpu      ] GC(310) User=0.00s Sys=0.00s Real=0.00s
[2026-09-05T11:15:46.926-0400][282.434s][info][gc,start    ] GC(311) Pause Young (Normal) (G1 Evacuation Pause)
[2026-09-05T11:15:46.926-0400][282.434s][info][gc,task     ] GC(311) Using 23 workers of 23 for evacuation
[2026-09-05T11:15:46.930-0400][282.437s][info][gc,phases   ] GC(311)   Pre Evacuate Collection Set: 0.15ms
[2026-09-05T11:15:46.930-0400][282.437s][info][gc,phases   ] GC(311)   Merge Heap Roots: 0.15ms
[2026-09-05T11:15:46.930-0400][282.437s][info][gc,phases   ] GC(311)   Evacuate Collection Set: 2.21ms
[2026-09-05T11:15:46.930-0400][282.437s][info][gc,phases   ] GC(311)   Post Evacuate Collection Set: 0.51ms
[2026-09-05T11:15:46.930-0400][282.437s][info][gc,phases   ] GC(311)   Other: 0.13ms
[2026-09-05T11:15:46.930-0400][282.437s][info][gc,heap     ] GC(311) Eden regions: 209->0(212)
[2026-09-05T11:15:46.930-0400][282.437s][info][gc,heap     ] GC(311) Survivor regions: 17->15(29)
[2026-09-05T11:15:46.930-0400][282.437s][info][gc,heap     ] GC(311) Old regions: 802->803
[2026-09-05T11:15:46.930-0400][282.437s][info][gc,heap     ] GC(311) Archive regions: 0->0
[2026-09-05T11:15:46.930-0400][282.437s][info][gc,heap     ] GC(311) Humongous regions: 29->29
[2026-09-05T11:15:46.930-0400][282.437s][info][gc,metaspace] GC(311) Metaspace: 153438K(156032K)->153438K(156032K) NonClass: 131652K(133056K)->131652K(133056K) Class: 21785K(22976K)->21785K(22976K)
[2026-09-05T11:15:46.930-0400][282.437s][info][gc          ] GC(311) Pause Young (Normal) (G1 Evacuation Pause) 2111M->1693M(2388M) 3.266ms
[2026-09-05T11:15:46.930-0400][282.437s][info][gc,cpu      ] GC(311) User=0.00s Sys=0.00s Real=0.00s
[2026-09-05T11:15:47.258-0400][282.765s][info][gc,start    ] GC(312) Pause Young (Normal) (GCLocker Initiated GC)
[2026-09-05T11:15:47.258-0400][282.765s][info][gc,task     ] GC(312) Using 23 workers of 23 for evacuation
[2026-09-05T11:15:47.262-0400][282.769s][info][gc,phases   ] GC(312)   Pre Evacuate Collection Set: 0.25ms
[2026-09-05T11:15:47.262-0400][282.769s][info][gc,phases   ] GC(312)   Merge Heap Roots: 0.17ms
[2026-09-05T11:15:47.262-0400][282.769s][info][gc,phases   ] GC(312)   Evacuate Collection Set: 2.72ms
[2026-09-05T11:15:47.262-0400][282.769s][info][gc,phases   ] GC(312)   Post Evacuate Collection Set: 0.74ms
[2026-09-05T11:15:47.262-0400][282.769s][info][gc,phases   ] GC(312)   Other: 0.13ms
[2026-09-05T11:15:47.262-0400][282.769s][info][gc,heap     ] GC(312) Eden regions: 212->0(206)
[2026-09-05T11:15:47.262-0400][282.769s][info][gc,heap     ] GC(312) Survivor regions: 15->18(29)
[2026-09-05T11:15:47.262-0400][282.769s][info][gc,heap     ] GC(312) Old regions: 803->803
[2026-09-05T11:15:47.262-0400][282.769s][info][gc,heap     ] GC(312) Archive regions: 0->0
[2026-09-05T11:15:47.262-0400][282.769s][info][gc,heap     ] GC(312) Humongous regions: 29->29
[2026-09-05T11:15:47.262-0400][282.769s][info][gc,metaspace] GC(312) Metaspace: 153441K(156032K)->153441K(156032K) NonClass: 131655K(133056K)->131655K(133056K) Class: 21786K(22976K)->21786K(22976K)
[2026-09-05T11:15:47.262-0400][282.769s][info][gc          ] GC(312) Pause Young (Normal) (GCLocker Initiated GC) 2117M->1697M(2388M) 4.136ms
[2026-09-05T11:15:47.263-0400][282.769s][info][gc,cpu      ] GC(312) User=0.00s Sys=0.00s Real=0.01s
[2026-09-05T11:15:47.451-0400][282.958s][info][gc,start    ] GC(313) Pause Young (Normal) (G1 Evacuation Pause)
[2026-09-05T11:15:47.451-0400][282.958s][info][gc,task     ] GC(313) Using 23 workers of 23 for evacuation
[2026-09-05T11:15:47.455-0400][282.962s][info][gc,phases   ] GC(313)   Pre Evacuate Collection Set: 0.25ms
[2026-09-05T11:15:47.455-0400][282.962s][info][gc,phases   ] GC(313)   Merge Heap Roots: 0.15ms
[2026-09-05T11:15:47.455-0400][282.962s][info][gc,phases   ] GC(313)   Evacuate Collection Set: 2.77ms
[2026-09-05T11:15:47.455-0400][282.962s][info][gc,phases   ] GC(313)   Post Evacuate Collection Set: 0.66ms
[2026-09-05T11:15:47.455-0400][282.962s][info][gc,phases   ] GC(313)   Other: 0.20ms
[2026-09-05T11:15:47.455-0400][282.962s][info][gc,heap     ] GC(313) Eden regions: 206->0(208)
[2026-09-05T11:15:47.455-0400][282.962s][info][gc,heap     ] GC(313) Survivor regions: 18->16(28)
[2026-09-05T11:15:47.455-0400][282.962s][info][gc,heap     ] GC(313) Old regions: 803->805
[2026-09-05T11:15:47.455-0400][282.962s][info][gc,heap     ] GC(313) Archive regions: 0->0
[2026-09-05T11:15:47.455-0400][282.962s][info][gc,heap     ] GC(313) Humongous regions: 29->29
[2026-09-05T11:15:47.455-0400][282.962s][info][gc,metaspace] GC(313) Metaspace: 153441K(156032K)->153441K(156032K) NonClass: 131655K(133056K)->131655K(133056K) Class: 21786K(22976K)->21786K(22976K)
[2026-09-05T11:15:47.455-0400][282.962s][info][gc          ] GC(313) Pause Young (Normal) (G1 Evacuation Pause) 2109M->1699M(2388M) 4.158ms
[2026-09-05T11:15:47.455-0400][282.962s][info][gc,cpu      ] GC(313) User=0.00s Sys=0.00s Real=0.00s
[2026-09-05T11:15:47.676-0400][283.183s][info][gc,start    ] GC(314) Pause Young (Normal) (G1 Evacuation Pause)
[2026-09-05T11:15:47.676-0400][283.183s][info][gc,task     ] GC(314) Using 23 workers of 23 for evacuation
[2026-09-05T11:15:47.679-0400][283.187s][info][gc,phases   ] GC(314)   Pre Evacuate Collection Set: 0.19ms
[2026-09-05T11:15:47.680-0400][283.187s][info][gc,phases   ] GC(314)   Merge Heap Roots: 0.14ms
[2026-09-05T11:15:47.680-0400][283.187s][info][gc,phases   ] GC(314)   Evacuate Collection Set: 2.92ms
[2026-09-05T11:15:47.680-0400][283.187s][info][gc,phases   ] GC(314)   Post Evacuate Collection Set: 0.60ms
[2026-09-05T11:15:47.680-0400][283.187s][info][gc,phases   ] GC(314)   Other: 0.22ms
[2026-09-05T11:15:47.680-0400][283.187s][info][gc,heap     ] GC(314) Eden regions: 208->0(207)
[2026-09-05T11:15:47.680-0400][283.187s][info][gc,heap     ] GC(314) Survivor regions: 16->15(28)
[2026-09-05T11:15:47.680-0400][283.187s][info][gc,heap     ] GC(314) Old regions: 805->808
[2026-09-05T11:15:47.680-0400][283.187s][info][gc,heap     ] GC(314) Archive regions: 0->0
[2026-09-05T11:15:47.680-0400][283.187s][info][gc,heap     ] GC(314) Humongous regions: 29->29
[2026-09-05T11:15:47.680-0400][283.187s][info][gc,metaspace] GC(314) Metaspace: 153442K(156032K)->153442K(156032K) NonClass: 131656K(133056K)->131656K(133056K) Class: 21786K(22976K)->21786K(22976K)
[2026-09-05T11:15:47.680-0400][283.187s][info][gc          ] GC(314) Pause Young (Normal) (G1 Evacuation Pause) 2115M->1702M(2388M) 4.188ms
[2026-09-05T11:15:47.680-0400][283.187s][info][gc,cpu      ] GC(314) User=0.00s Sys=0.00s Real=0.00s
[2026-09-05T11:15:47.920-0400][283.427s][info][gc,start    ] GC(315) Pause Young (Normal) (G1 Evacuation Pause)
[2026-09-05T11:15:47.920-0400][283.427s][info][gc,task     ] GC(315) Using 23 workers of 23 for evacuation
[2026-09-05T11:15:47.924-0400][283.431s][info][gc,phases   ] GC(315)   Pre Evacuate Collection Set: 0.19ms
[2026-09-05T11:15:47.924-0400][283.431s][info][gc,phases   ] GC(315)   Merge Heap Roots: 0.13ms
[2026-09-05T11:15:47.924-0400][283.431s][info][gc,phases   ] GC(315)   Evacuate Collection Set: 2.66ms
[2026-09-05T11:15:47.924-0400][283.431s][info][gc,phases   ] GC(315)   Post Evacuate Collection Set: 0.50ms
[2026-09-05T11:15:47.924-0400][283.431s][info][gc,phases   ] GC(315)   Other: 0.19ms
[2026-09-05T11:15:47.924-0400][283.431s][info][gc,heap     ] GC(315) Eden regions: 207->0(201)
[2026-09-05T11:15:47.924-0400][283.431s][info][gc,heap     ] GC(315) Survivor regions: 15->18(28)
[2026-09-05T11:15:47.924-0400][283.431s][info][gc,heap     ] GC(315) Old regions: 808->808
[2026-09-05T11:15:47.924-0400][283.431s][info][gc,heap     ] GC(315) Archive regions: 0->0
[2026-09-05T11:15:47.924-0400][283.431s][info][gc,heap     ] GC(315) Humongous regions: 29->29
[2026-09-05T11:15:47.924-0400][283.431s][info][gc,metaspace] GC(315) Metaspace: 153455K(156032K)->153455K(156032K) NonClass: 131666K(133056K)->131666K(133056K) Class: 21789K(22976K)->21789K(22976K)
[2026-09-05T11:15:47.924-0400][283.431s][info][gc          ] GC(315) Pause Young (Normal) (G1 Evacuation Pause) 2116M->1707M(2388M) 3.778ms
[2026-09-05T11:15:47.924-0400][283.431s][info][gc,cpu      ] GC(315) User=0.00s Sys=0.00s Real=0.00s
[2026-09-05T11:15:48.097-0400][283.604s][info][gc,start    ] GC(316) Pause Young (Normal) (G1 Evacuation Pause)
[2026-09-05T11:15:48.097-0400][283.604s][info][gc,task     ] GC(316) Using 23 workers of 23 for evacuation
[2026-09-05T11:15:48.101-0400][283.608s][info][gc,phases   ] GC(316)   Pre Evacuate Collection Set: 0.24ms
[2026-09-05T11:15:48.101-0400][283.608s][info][gc,phases   ] GC(316)   Merge Heap Roots: 0.34ms
[2026-09-05T11:15:48.101-0400][283.608s][info][gc,phases   ] GC(316)   Evacuate Collection Set: 2.59ms
[2026-09-05T11:15:48.101-0400][283.608s][info][gc,phases   ] GC(316)   Post Evacuate Collection Set: 0.76ms
[2026-09-05T11:15:48.101-0400][283.608s][info][gc,phases   ] GC(316)   Other: 0.18ms
[2026-09-05T11:15:48.101-0400][283.608s][info][gc,heap     ] GC(316) Eden regions: 201->0(203)
[2026-09-05T11:15:48.101-0400][283.608s][info][gc,heap     ] GC(316) Survivor regions: 18->16(28)
[2026-09-05T11:15:48.101-0400][283.608s][info][gc,heap     ] GC(316) Old regions: 808->810
[2026-09-05T11:15:48.101-0400][283.608s][info][gc,heap     ] GC(316) Archive regions: 0->0
[2026-09-05T11:15:48.101-0400][283.608s][info][gc,heap     ] GC(316) Humongous regions: 29->29
[2026-09-05T11:15:48.101-0400][283.608s][info][gc,metaspace] GC(316) Metaspace: 153456K(156032K)->153456K(156032K) NonClass: 131667K(133056K)->131667K(133056K) Class: 21789K(22976K)->21789K(22976K)
[2026-09-05T11:15:48.101-0400][283.608s][info][gc          ] GC(316) Pause Young (Normal) (G1 Evacuation Pause) 2109M->1708M(2388M) 4.291ms
[2026-09-05T11:15:48.101-0400][283.608s][info][gc,cpu      ] GC(316) User=0.00s Sys=0.00s Real=0.00s
[2026-09-05T11:15:48.362-0400][283.868s][info][gc,start    ] GC(317) Pause Young (Normal) (GCLocker Initiated GC)
[2026-09-05T11:15:48.362-0400][283.868s][info][gc,task     ] GC(317) Using 23 workers of 23 for evacuation
[2026-09-05T11:15:48.365-0400][283.872s][info][gc,phases   ] GC(317)   Pre Evacuate Collection Set: 0.16ms
[2026-09-05T11:15:48.365-0400][283.872s][info][gc,phases   ] GC(317)   Merge Heap Roots: 0.12ms
[2026-09-05T11:15:48.365-0400][283.872s][info][gc,phases   ] GC(317)   Evacuate Collection Set: 2.45ms
[2026-09-05T11:15:48.365-0400][283.872s][info][gc,phases   ] GC(317)   Post Evacuate Collection Set: 0.57ms
[2026-09-05T11:15:48.365-0400][283.872s][info][gc,phases   ] GC(317)   Other: 0.12ms
[2026-09-05T11:15:48.365-0400][283.872s][info][gc,heap     ] GC(317) Eden regions: 203->0(197)
[2026-09-05T11:15:48.365-0400][283.872s][info][gc,heap     ] GC(317) Survivor regions: 16->19(28)
[2026-09-05T11:15:48.365-0400][283.872s][info][gc,heap     ] GC(317) Old regions: 810->810
[2026-09-05T11:15:48.365-0400][283.872s][info][gc,heap     ] GC(317) Archive regions: 0->0
[2026-09-05T11:15:48.365-0400][283.872s][info][gc,heap     ] GC(317) Humongous regions: 29->29
[2026-09-05T11:15:48.365-0400][283.872s][info][gc,metaspace] GC(317) Metaspace: 153456K(156032K)->153456K(156032K) NonClass: 131667K(133056K)->131667K(133056K) Class: 21789K(22976K)->21789K(22976K)
[2026-09-05T11:15:48.365-0400][283.872s][info][gc          ] GC(317) Pause Young (Normal) (GCLocker Initiated GC) 2114M->1713M(2388M) 3.527ms
[2026-09-05T11:15:48.365-0400][283.872s][info][gc,cpu      ] GC(317) User=0.00s Sys=0.00s Real=0.00s
[2026-09-05T11:15:48.534-0400][284.041s][info][gc,start    ] GC(318) Pause Young (Normal) (G1 Evacuation Pause)
[2026-09-05T11:15:48.534-0400][284.041s][info][gc,task     ] GC(318) Using 23 workers of 23 for evacuation
[2026-09-05T11:15:48.539-0400][284.046s][info][gc,phases   ] GC(318)   Pre Evacuate Collection Set: 0.22ms
[2026-09-05T11:15:48.539-0400][284.046s][info][gc,phases   ] GC(318)   Merge Heap Roots: 0.22ms
[2026-09-05T11:15:48.539-0400][284.046s][info][gc,phases   ] GC(318)   Evacuate Collection Set: 3.74ms
[2026-09-05T11:15:48.539-0400][284.046s][info][gc,phases   ] GC(318)   Post Evacuate Collection Set: 0.73ms
[2026-09-05T11:15:48.539-0400][284.046s][info][gc,phases   ] GC(318)   Other: 0.26ms
[2026-09-05T11:15:48.539-0400][284.046s][info][gc,heap     ] GC(318) Eden regions: 197->0(195)
[2026-09-05T11:15:48.539-0400][284.046s][info][gc,heap     ] GC(318) Survivor regions: 19->18(27)
[2026-09-05T11:15:48.539-0400][284.046s][info][gc,heap     ] GC(318) Old regions: 810->814
[2026-09-05T11:15:48.539-0400][284.046s][info][gc,heap     ] GC(318) Archive regions: 0->0
[2026-09-05T11:15:48.539-0400][284.046s][info][gc,heap     ] GC(318) Humongous regions: 29->29
[2026-09-05T11:15:48.539-0400][284.046s][info][gc,metaspace] GC(318) Metaspace: 153456K(156032K)->153456K(156032K) NonClass: 131667K(133056K)->131667K(133056K) Class: 21789K(22976K)->21789K(22976K)
[2026-09-05T11:15:48.539-0400][284.046s][info][gc          ] GC(318) Pause Young (Normal) (G1 Evacuation Pause) 2107M->1719M(2388M) 5.182ms
[2026-09-05T11:15:48.539-0400][284.046s][info][gc,cpu      ] GC(318) User=0.00s Sys=0.00s Real=0.01s
[2026-09-05T11:15:48.592-0400][284.098s][info][gc,start    ] GC(319) Pause Young (Normal) (G1 Evacuation Pause)
[2026-09-05T11:15:48.592-0400][284.098s][info][gc,task     ] GC(319) Using 23 workers of 23 for evacuation
[2026-09-05T11:15:48.596-0400][284.102s][info][gc,phases   ] GC(319)   Pre Evacuate Collection Set: 0.17ms
[2026-09-05T11:15:48.596-0400][284.102s][info][gc,phases   ] GC(319)   Merge Heap Roots: 0.12ms
[2026-09-05T11:15:48.596-0400][284.102s][info][gc,phases   ] GC(319)   Evacuate Collection Set: 2.62ms
[2026-09-05T11:15:48.596-0400][284.102s][info][gc,phases   ] GC(319)   Post Evacuate Collection Set: 0.70ms
[2026-09-05T11:15:48.596-0400][284.102s][info][gc,phases   ] GC(319)   Other: 0.15ms
[2026-09-05T11:15:48.596-0400][284.102s][info][gc,heap     ] GC(319) Eden regions: 195->0(196)
[2026-09-05T11:15:48.596-0400][284.102s][info][gc,heap     ] GC(319) Survivor regions: 18->16(27)
[2026-09-05T11:15:48.596-0400][284.102s][info][gc,heap     ] GC(319) Old regions: 814->817
[2026-09-05T11:15:48.596-0400][284.102s][info][gc,heap     ] GC(319) Archive regions: 0->0
[2026-09-05T11:15:48.596-0400][284.102s][info][gc,heap     ] GC(319) Humongous regions: 29->29
[2026-09-05T11:15:48.596-0400][284.102s][info][gc,metaspace] GC(319) Metaspace: 153456K(156032K)->153456K(156032K) NonClass: 131667K(133056K)->131667K(133056K) Class: 21789K(22976K)->21789K(22976K)
[2026-09-05T11:15:48.596-0400][284.102s][info][gc          ] GC(319) Pause Young (Normal) (G1 Evacuation Pause) 2109M->1721M(2388M) 3.881ms
[2026-09-05T11:15:48.596-0400][284.102s][info][gc,cpu      ] GC(319) User=0.00s Sys=0.00s Real=0.00s
[2026-09-05T11:15:48.749-0400][284.256s][info][gc,start    ] GC(320) Pause Young (Normal) (G1 Evacuation Pause)
[2026-09-05T11:15:48.749-0400][284.256s][info][gc,task     ] GC(320) Using 23 workers of 23 for evacuation
[2026-09-05T11:15:48.753-0400][284.260s][info][gc,phases   ] GC(320)   Pre Evacuate Collection Set: 0.22ms
[2026-09-05T11:15:48.754-0400][284.261s][info][gc,phases   ] GC(320)   Merge Heap Roots: 0.17ms
[2026-09-05T11:15:48.754-0400][284.261s][info][gc,phases   ] GC(320)   Evacuate Collection Set: 3.05ms
[2026-09-05T11:15:48.754-0400][284.261s][info][gc,phases   ] GC(320)   Post Evacuate Collection Set: 0.52ms
[2026-09-05T11:15:48.754-0400][284.261s][info][gc,phases   ] GC(320)   Other: 0.19ms
[2026-09-05T11:15:48.754-0400][284.261s][info][gc,heap     ] GC(320) Eden regions: 196->0(196)
[2026-09-05T11:15:48.754-0400][284.261s][info][gc,heap     ] GC(320) Survivor regions: 16->15(27)
[2026-09-05T11:15:48.754-0400][284.261s][info][gc,heap     ] GC(320) Old regions: 817->819
[2026-09-05T11:15:48.754-0400][284.261s][info][gc,heap     ] GC(320) Archive regions: 0->0
[2026-09-05T11:15:48.754-0400][284.261s][info][gc,heap     ] GC(320) Humongous regions: 29->29
[2026-09-05T11:15:48.754-0400][284.261s][info][gc,metaspace] GC(320) Metaspace: 153456K(156032K)->153456K(156032K) NonClass: 131667K(133056K)->131667K(133056K) Class: 21789K(22976K)->21789K(22976K)
[2026-09-05T11:15:48.754-0400][284.261s][info][gc          ] GC(320) Pause Young (Normal) (G1 Evacuation Pause) 2113M->1723M(2388M) 4.256ms
[2026-09-05T11:15:48.754-0400][284.261s][info][gc,cpu      ] GC(320) User=0.00s Sys=0.00s Real=0.00s
[2026-09-05T11:15:48.991-0400][284.497s][info][gc,start    ] GC(321) Pause Young (Normal) (G1 Evacuation Pause)
[2026-09-05T11:15:48.991-0400][284.497s][info][gc,task     ] GC(321) Using 23 workers of 23 for evacuation
[2026-09-05T11:15:48.993-0400][284.500s][info][gc,phases   ] GC(321)   Pre Evacuate Collection Set: 0.17ms
[2026-09-05T11:15:48.993-0400][284.500s][info][gc,phases   ] GC(321)   Merge Heap Roots: 0.12ms
[2026-09-05T11:15:48.993-0400][284.500s][info][gc,phases   ] GC(321)   Evacuate Collection Set: 1.87ms
[2026-09-05T11:15:48.993-0400][284.500s][info][gc,phases   ] GC(321)   Post Evacuate Collection Set: 0.49ms
[2026-09-05T11:15:48.993-0400][284.500s][info][gc,phases   ] GC(321)   Other: 0.11ms
[2026-09-05T11:15:48.993-0400][284.500s][info][gc,heap     ] GC(321) Eden regions: 196->0(198)
[2026-09-05T11:15:48.993-0400][284.500s][info][gc,heap     ] GC(321) Survivor regions: 15->14(27)
[2026-09-05T11:15:48.993-0400][284.500s][info][gc,heap     ] GC(321) Old regions: 819->819
[2026-09-05T11:15:48.993-0400][284.500s][info][gc,heap     ] GC(321) Archive regions: 0->0
[2026-09-05T11:15:48.993-0400][284.500s][info][gc,heap     ] GC(321) Humongous regions: 29->29
[2026-09-05T11:15:48.993-0400][284.500s][info][gc,metaspace] GC(321) Metaspace: 153456K(156032K)->153456K(156032K) NonClass: 131667K(133056K)->131667K(133056K) Class: 21789K(22976K)->21789K(22976K)
[2026-09-05T11:15:48.993-0400][284.500s][info][gc          ] GC(321) Pause Young (Normal) (G1 Evacuation Pause) 2115M->1722M(2388M) 2.884ms
[2026-09-05T11:15:48.993-0400][284.500s][info][gc,cpu      ] GC(321) User=0.00s Sys=0.00s Real=0.00s
[2026-09-05T11:15:49.348-0400][284.855s][info][gc,start    ] GC(322) Pause Young (Normal) (G1 Evacuation Pause)
[2026-09-05T11:15:49.348-0400][284.855s][info][gc,task     ] GC(322) Using 23 workers of 23 for evacuation
[2026-09-05T11:15:49.352-0400][284.859s][info][gc,phases   ] GC(322)   Pre Evacuate Collection Set: 0.18ms
[2026-09-05T11:15:49.352-0400][284.859s][info][gc,phases   ] GC(322)   Merge Heap Roots: 0.16ms
[2026-09-05T11:15:49.352-0400][284.859s][info][gc,phases   ] GC(322)   Evacuate Collection Set: 2.57ms
[2026-09-05T11:15:49.352-0400][284.859s][info][gc,phases   ] GC(322)   Post Evacuate Collection Set: 0.62ms
[2026-09-05T11:15:49.352-0400][284.859s][info][gc,phases   ] GC(322)   Other: 0.14ms
[2026-09-05T11:15:49.352-0400][284.859s][info][gc,heap     ] GC(322) Eden regions: 198->0(194)
[2026-09-05T11:15:49.352-0400][284.859s][info][gc,heap     ] GC(322) Survivor regions: 14->16(27)
[2026-09-05T11:15:49.352-0400][284.859s][info][gc,heap     ] GC(322) Old regions: 819->819
[2026-09-05T11:15:49.352-0400][284.859s][info][gc,heap     ] GC(322) Archive regions: 0->0
[2026-09-05T11:15:49.352-0400][284.859s][info][gc,heap     ] GC(322) Humongous regions: 29->29
[2026-09-05T11:15:49.352-0400][284.859s][info][gc,metaspace] GC(322) Metaspace: 153459K(156032K)->153459K(156032K) NonClass: 131670K(133056K)->131670K(133056K) Class: 21789K(22976K)->21789K(22976K)
[2026-09-05T11:15:49.352-0400][284.859s][info][gc          ] GC(322) Pause Young (Normal) (G1 Evacuation Pause) 2118M->1725M(2388M) 3.834ms
[2026-09-05T11:15:49.352-0400][284.859s][info][gc,cpu      ] GC(322) User=0.00s Sys=0.00s Real=0.00s
[2026-09-05T11:15:49.399-0400][284.905s][info][gc,start    ] GC(323) Pause Young (Normal) (G1 Evacuation Pause)
[2026-09-05T11:15:49.399-0400][284.905s][info][gc,task     ] GC(323) Using 23 workers of 23 for evacuation
[2026-09-05T11:15:49.403-0400][284.909s][info][gc,phases   ] GC(323)   Pre Evacuate Collection Set: 0.21ms
[2026-09-05T11:15:49.403-0400][284.909s][info][gc,phases   ] GC(323)   Merge Heap Roots: 0.15ms
[2026-09-05T11:15:49.403-0400][284.909s][info][gc,phases   ] GC(323)   Evacuate Collection Set: 2.63ms
[2026-09-05T11:15:49.403-0400][284.909s][info][gc,phases   ] GC(323)   Post Evacuate Collection Set: 0.52ms
[2026-09-05T11:15:49.403-0400][284.909s][info][gc,phases   ] GC(323)   Other: 0.15ms
[2026-09-05T11:15:49.403-0400][284.909s][info][gc,heap     ] GC(323) Eden regions: 194->0(193)
[2026-09-05T11:15:49.403-0400][284.909s][info][gc,heap     ] GC(323) Survivor regions: 16->16(27)
[2026-09-05T11:15:49.403-0400][284.909s][info][gc,heap     ] GC(323) Old regions: 819->820
[2026-09-05T11:15:49.403-0400][284.909s][info][gc,heap     ] GC(323) Archive regions: 0->0
[2026-09-05T11:15:49.403-0400][284.909s][info][gc,heap     ] GC(323) Humongous regions: 29->29
[2026-09-05T11:15:49.403-0400][284.909s][info][gc,metaspace] GC(323) Metaspace: 153459K(156032K)->153459K(156032K) NonClass: 131670K(133056K)->131670K(133056K) Class: 21789K(22976K)->21789K(22976K)
[2026-09-05T11:15:49.403-0400][284.909s][info][gc          ] GC(323) Pause Young (Normal) (G1 Evacuation Pause) 2113M->1728M(2388M) 3.841ms
[2026-09-05T11:15:49.403-0400][284.909s][info][gc,cpu      ] GC(323) User=0.00s Sys=0.00s Real=0.00s
[2026-09-05T11:15:49.623-0400][285.130s][info][gc,start    ] GC(324) Pause Young (Normal) (G1 Evacuation Pause)
[2026-09-05T11:15:49.623-0400][285.130s][info][gc,task     ] GC(324) Using 23 workers of 23 for evacuation
[2026-09-05T11:15:49.626-0400][285.133s][info][gc,phases   ] GC(324)   Pre Evacuate Collection Set: 0.19ms
[2026-09-05T11:15:49.626-0400][285.133s][info][gc,phases   ] GC(324)   Merge Heap Roots: 0.16ms
[2026-09-05T11:15:49.626-0400][285.133s][info][gc,phases   ] GC(324)   Evacuate Collection Set: 2.47ms
[2026-09-05T11:15:49.626-0400][285.133s][info][gc,phases   ] GC(324)   Post Evacuate Collection Set: 0.64ms
[2026-09-05T11:15:49.626-0400][285.133s][info][gc,phases   ] GC(324)   Other: 0.13ms
[2026-09-05T11:15:49.626-0400][285.133s][info][gc,heap     ] GC(324) Eden regions: 193->0(193)
[2026-09-05T11:15:49.626-0400][285.133s][info][gc,heap     ] GC(324) Survivor regions: 16->15(27)
[2026-09-05T11:15:49.626-0400][285.133s][info][gc,heap     ] GC(324) Old regions: 820->822
[2026-09-05T11:15:49.626-0400][285.133s][info][gc,heap     ] GC(324) Archive regions: 0->0
[2026-09-05T11:15:49.626-0400][285.133s][info][gc,heap     ] GC(324) Humongous regions: 29->29
[2026-09-05T11:15:49.626-0400][285.133s][info][gc,metaspace] GC(324) Metaspace: 153459K(156032K)->153459K(156032K) NonClass: 131670K(133056K)->131670K(133056K) Class: 21789K(22976K)->21789K(22976K)
[2026-09-05T11:15:49.626-0400][285.133s][info][gc          ] GC(324) Pause Young (Normal) (G1 Evacuation Pause) 2114M->1731M(2388M) 3.696ms
[2026-09-05T11:15:49.626-0400][285.133s][info][gc,cpu      ] GC(324) User=0.00s Sys=0.00s Real=0.00s
[2026-09-05T11:15:49.920-0400][285.426s][info][gc,start    ] GC(325) Pause Young (Normal) (G1 Evacuation Pause)
[2026-09-05T11:15:49.920-0400][285.426s][info][gc,task     ] GC(325) Using 23 workers of 23 for evacuation
[2026-09-05T11:15:49.923-0400][285.430s][info][gc,phases   ] GC(325)   Pre Evacuate Collection Set: 0.15ms
[2026-09-05T11:15:49.923-0400][285.430s][info][gc,phases   ] GC(325)   Merge Heap Roots: 0.16ms
[2026-09-05T11:15:49.923-0400][285.430s][info][gc,phases   ] GC(325)   Evacuate Collection Set: 2.67ms
[2026-09-05T11:15:49.923-0400][285.430s][info][gc,phases   ] GC(325)   Post Evacuate Collection Set: 0.53ms
[2026-09-05T11:15:49.923-0400][285.430s][info][gc,phases   ] GC(325)   Other: 0.15ms
[2026-09-05T11:15:49.923-0400][285.430s][info][gc,heap     ] GC(325) Eden regions: 193->0(192)
[2026-09-05T11:15:49.923-0400][285.430s][info][gc,heap     ] GC(325) Survivor regions: 15->15(26)
[2026-09-05T11:15:49.923-0400][285.430s][info][gc,heap     ] GC(325) Old regions: 822->823
[2026-09-05T11:15:49.923-0400][285.430s][info][gc,heap     ] GC(325) Archive regions: 0->0
[2026-09-05T11:15:49.923-0400][285.430s][info][gc,heap     ] GC(325) Humongous regions: 29->29
[2026-09-05T11:15:49.923-0400][285.430s][info][gc,metaspace] GC(325) Metaspace: 153460K(156032K)->153460K(156032K) NonClass: 131671K(133056K)->131671K(133056K) Class: 21789K(22976K)->21789K(22976K)
[2026-09-05T11:15:49.923-0400][285.430s][info][gc          ] GC(325) Pause Young (Normal) (G1 Evacuation Pause) 2117M->1732M(2388M) 3.791ms
[2026-09-05T11:15:49.923-0400][285.430s][info][gc,cpu      ] GC(325) User=0.00s Sys=0.00s Real=0.00s
[2026-09-05T11:15:49.972-0400][285.479s][info][gc,start    ] GC(326) Pause Young (Normal) (GCLocker Initiated GC)
[2026-09-05T11:15:49.972-0400][285.479s][info][gc,task     ] GC(326) Using 23 workers of 23 for evacuation
[2026-09-05T11:15:49.976-0400][285.483s][info][gc,phases   ] GC(326)   Pre Evacuate Collection Set: 0.16ms
[2026-09-05T11:15:49.976-0400][285.483s][info][gc,phases   ] GC(326)   Merge Heap Roots: 0.17ms
[2026-09-05T11:15:49.976-0400][285.483s][info][gc,phases   ] GC(326)   Evacuate Collection Set: 2.92ms
[2026-09-05T11:15:49.976-0400][285.483s][info][gc,phases   ] GC(326)   Post Evacuate Collection Set: 0.55ms
[2026-09-05T11:15:49.976-0400][285.483s][info][gc,phases   ] GC(326)   Other: 0.15ms
[2026-09-05T11:15:49.976-0400][285.483s][info][gc,heap     ] GC(326) Eden regions: 192->0(188)
[2026-09-05T11:15:49.976-0400][285.483s][info][gc,heap     ] GC(326) Survivor regions: 15->16(26)
[2026-09-05T11:15:49.976-0400][285.483s][info][gc,heap     ] GC(326) Old regions: 823->825
[2026-09-05T11:15:49.976-0400][285.483s][info][gc,heap     ] GC(326) Archive regions: 0->0
[2026-09-05T11:15:49.976-0400][285.483s][info][gc,heap     ] GC(326) Humongous regions: 29->29
[2026-09-05T11:15:49.976-0400][285.483s][info][gc,metaspace] GC(326) Metaspace: 153460K(156032K)->153460K(156032K) NonClass: 131671K(133056K)->131671K(133056K) Class: 21789K(22976K)->21789K(22976K)
[2026-09-05T11:15:49.976-0400][285.483s][info][gc          ] GC(326) Pause Young (Normal) (GCLocker Initiated GC) 2116M->1738M(2388M) 4.096ms
[2026-09-05T11:15:49.976-0400][285.483s][info][gc,cpu      ] GC(326) User=0.00s Sys=0.00s Real=0.00s
[2026-09-05T11:15:50.206-0400][285.712s][info][gc,start    ] GC(327) Pause Young (Normal) (G1 Evacuation Pause)
[2026-09-05T11:15:50.206-0400][285.712s][info][gc,task     ] GC(327) Using 23 workers of 23 for evacuation
[2026-09-05T11:15:50.208-0400][285.715s][info][gc,phases   ] GC(327)   Pre Evacuate Collection Set: 0.16ms
[2026-09-05T11:15:50.208-0400][285.715s][info][gc,phases   ] GC(327)   Merge Heap Roots: 0.10ms
[2026-09-05T11:15:50.208-0400][285.715s][info][gc,phases   ] GC(327)   Evacuate Collection Set: 2.43ms
[2026-09-05T11:15:50.208-0400][285.715s][info][gc,phases   ] GC(327)   Post Evacuate Collection Set: 0.54ms
[2026-09-05T11:15:50.209-0400][285.715s][info][gc,phases   ] GC(327)   Other: 0.13ms
[2026-09-05T11:15:50.209-0400][285.715s][info][gc,heap     ] GC(327) Eden regions: 188->0(190)
[2026-09-05T11:15:50.209-0400][285.715s][info][gc,heap     ] GC(327) Survivor regions: 16->14(26)
[2026-09-05T11:15:50.209-0400][285.715s][info][gc,heap     ] GC(327) Old regions: 825->827
[2026-09-05T11:15:50.209-0400][285.715s][info][gc,heap     ] GC(327) Archive regions: 0->0
[2026-09-05T11:15:50.209-0400][285.715s][info][gc,heap     ] GC(327) Humongous regions: 29->29
[2026-09-05T11:15:50.209-0400][285.715s][info][gc,metaspace] GC(327) Metaspace: 153460K(156032K)->153460K(156032K) NonClass: 131671K(133056K)->131671K(133056K) Class: 21789K(22976K)->21789K(22976K)
[2026-09-05T11:15:50.209-0400][285.716s][info][gc          ] GC(327) Pause Young (Normal) (G1 Evacuation Pause) 2114M->1737M(2388M) 3.578ms
[2026-09-05T11:15:50.209-0400][285.716s][info][gc,cpu      ] GC(327) User=0.00s Sys=0.00s Real=0.00s
[2026-09-05T11:15:50.522-0400][286.029s][info][gc,start    ] GC(328) Pause Young (Normal) (G1 Evacuation Pause)
[2026-09-05T11:15:50.522-0400][286.029s][info][gc,task     ] GC(328) Using 23 workers of 23 for evacuation
[2026-09-05T11:15:50.525-0400][286.032s][info][gc,phases   ] GC(328)   Pre Evacuate Collection Set: 0.23ms
[2026-09-05T11:15:50.525-0400][286.032s][info][gc,phases   ] GC(328)   Merge Heap Roots: 0.15ms
[2026-09-05T11:15:50.525-0400][286.032s][info][gc,phases   ] GC(328)   Evacuate Collection Set: 2.11ms
[2026-09-05T11:15:50.525-0400][286.032s][info][gc,phases   ] GC(328)   Post Evacuate Collection Set: 0.74ms
[2026-09-05T11:15:50.525-0400][286.032s][info][gc,phases   ] GC(328)   Other: 0.20ms
[2026-09-05T11:15:50.525-0400][286.032s][info][gc,heap     ] GC(328) Eden regions: 190->0(190)
[2026-09-05T11:15:50.525-0400][286.032s][info][gc,heap     ] GC(328) Survivor regions: 14->14(26)
[2026-09-05T11:15:50.525-0400][286.033s][info][gc,heap     ] GC(328) Old regions: 827->827
[2026-09-05T11:15:50.525-0400][286.033s][info][gc,heap     ] GC(328) Archive regions: 0->0
[2026-09-05T11:15:50.525-0400][286.033s][info][gc,heap     ] GC(328) Humongous regions: 29->29
[2026-09-05T11:15:50.525-0400][286.033s][info][gc,metaspace] GC(328) Metaspace: 153461K(156032K)->153461K(156032K) NonClass: 131671K(133056K)->131671K(133056K) Class: 21789K(22976K)->21789K(22976K)
[2026-09-05T11:15:50.525-0400][286.033s][info][gc          ] GC(328) Pause Young (Normal) (G1 Evacuation Pause) 2117M->1738M(2388M) 3.554ms
[2026-09-05T11:15:50.525-0400][286.033s][info][gc,cpu      ] GC(328) User=0.00s Sys=0.00s Real=0.00s
[2026-09-05T11:15:50.769-0400][286.275s][info][gc,start    ] GC(329) Pause Young (Normal) (G1 Evacuation Pause)
[2026-09-05T11:15:50.769-0400][286.275s][info][gc,task     ] GC(329) Using 23 workers of 23 for evacuation
[2026-09-05T11:15:50.772-0400][286.278s][info][gc,phases   ] GC(329)   Pre Evacuate Collection Set: 0.16ms
[2026-09-05T11:15:50.772-0400][286.278s][info][gc,phases   ] GC(329)   Merge Heap Roots: 0.12ms
[2026-09-05T11:15:50.772-0400][286.278s][info][gc,phases   ] GC(329)   Evacuate Collection Set: 1.98ms
[2026-09-05T11:15:50.772-0400][286.278s][info][gc,phases   ] GC(329)   Post Evacuate Collection Set: 0.57ms
[2026-09-05T11:15:50.772-0400][286.278s][info][gc,phases   ] GC(329)   Other: 0.13ms
[2026-09-05T11:15:50.772-0400][286.278s][info][gc,heap     ] GC(329) Eden regions: 190->0(188)
[2026-09-05T11:15:50.772-0400][286.278s][info][gc,heap     ] GC(329) Survivor regions: 14->15(26)
[2026-09-05T11:15:50.772-0400][286.278s][info][gc,heap     ] GC(329) Old regions: 827->827
[2026-09-05T11:15:50.772-0400][286.278s][info][gc,heap     ] GC(329) Archive regions: 0->0
[2026-09-05T11:15:50.772-0400][286.278s][info][gc,heap     ] GC(329) Humongous regions: 29->29
[2026-09-05T11:15:50.772-0400][286.278s][info][gc,metaspace] GC(329) Metaspace: 153461K(156032K)->153461K(156032K) NonClass: 131671K(133056K)->131671K(133056K) Class: 21789K(22976K)->21789K(22976K)
[2026-09-05T11:15:50.772-0400][286.278s][info][gc          ] GC(329) Pause Young (Normal) (G1 Evacuation Pause) 2118M->1739M(2388M) 3.073ms
[2026-09-05T11:15:50.772-0400][286.279s][info][gc,cpu      ] GC(329) User=0.00s Sys=0.00s Real=0.00s
[2026-09-05T11:15:50.841-0400][286.348s][info][gc,start    ] GC(330) Pause Young (Normal) (G1 Evacuation Pause)
[2026-09-05T11:15:50.841-0400][286.348s][info][gc,task     ] GC(330) Using 23 workers of 23 for evacuation
[2026-09-05T11:15:50.845-0400][286.352s][info][gc,phases   ] GC(330)   Pre Evacuate Collection Set: 0.20ms
[2026-09-05T11:15:50.845-0400][286.352s][info][gc,phases   ] GC(330)   Merge Heap Roots: 0.18ms
[2026-09-05T11:15:50.845-0400][286.352s][info][gc,phases   ] GC(330)   Evacuate Collection Set: 2.98ms
[2026-09-05T11:15:50.845-0400][286.352s][info][gc,phases   ] GC(330)   Post Evacuate Collection Set: 0.57ms
[2026-09-05T11:15:50.845-0400][286.352s][info][gc,phases   ] GC(330)   Other: 0.20ms
[2026-09-05T11:15:50.845-0400][286.352s][info][gc,heap     ] GC(330) Eden regions: 188->0(183)
[2026-09-05T11:15:50.845-0400][286.352s][info][gc,heap     ] GC(330) Survivor regions: 15->17(26)
[2026-09-05T11:15:50.845-0400][286.352s][info][gc,heap     ] GC(330) Old regions: 827->828
[2026-09-05T11:15:50.845-0400][286.352s][info][gc,heap     ] GC(330) Archive regions: 0->0
[2026-09-05T11:15:50.845-0400][286.352s][info][gc,heap     ] GC(330) Humongous regions: 29->29
[2026-09-05T11:15:50.845-0400][286.352s][info][gc,metaspace] GC(330) Metaspace: 153461K(156032K)->153461K(156032K) NonClass: 131671K(133056K)->131671K(133056K) Class: 21789K(22976K)->21789K(22976K)
[2026-09-05T11:15:50.845-0400][286.352s][info][gc          ] GC(330) Pause Young (Normal) (G1 Evacuation Pause) 2115M->1744M(2388M) 4.283ms
[2026-09-05T11:15:50.845-0400][286.352s][info][gc,cpu      ] GC(330) User=0.00s Sys=0.00s Real=0.00s
[2026-09-05T11:15:51.116-0400][286.623s][info][gc,start    ] GC(331) Pause Young (Normal) (G1 Evacuation Pause)
[2026-09-05T11:15:51.116-0400][286.623s][info][gc,task     ] GC(331) Using 23 workers of 23 for evacuation
[2026-09-05T11:15:51.120-0400][286.626s][info][gc,phases   ] GC(331)   Pre Evacuate Collection Set: 0.20ms
[2026-09-05T11:15:51.120-0400][286.626s][info][gc,phases   ] GC(331)   Merge Heap Roots: 0.15ms
[2026-09-05T11:15:51.120-0400][286.626s][info][gc,phases   ] GC(331)   Evacuate Collection Set: 2.45ms
[2026-09-05T11:15:51.120-0400][286.626s][info][gc,phases   ] GC(331)   Post Evacuate Collection Set: 0.51ms
[2026-09-05T11:15:51.120-0400][286.626s][info][gc,phases   ] GC(331)   Other: 0.18ms
[2026-09-05T11:15:51.120-0400][286.626s][info][gc,heap     ] GC(331) Eden regions: 183->0(184)
[2026-09-05T11:15:51.120-0400][286.626s][info][gc,heap     ] GC(331) Survivor regions: 17->15(25)
[2026-09-05T11:15:51.120-0400][286.626s][info][gc,heap     ] GC(331) Old regions: 828->831
[2026-09-05T11:15:51.120-0400][286.626s][info][gc,heap     ] GC(331) Archive regions: 0->0
[2026-09-05T11:15:51.120-0400][286.626s][info][gc,heap     ] GC(331) Humongous regions: 29->29
[2026-09-05T11:15:51.120-0400][286.626s][info][gc,metaspace] GC(331) Metaspace: 153461K(156032K)->153461K(156032K) NonClass: 131671K(133056K)->131671K(133056K) Class: 21789K(22976K)->21789K(22976K)
[2026-09-05T11:15:51.120-0400][286.626s][info][gc          ] GC(331) Pause Young (Normal) (G1 Evacuation Pause) 2110M->1747M(2388M) 3.610ms
[2026-09-05T11:15:51.120-0400][286.626s][info][gc,cpu      ] GC(331) User=0.00s Sys=0.00s Real=0.00s
[2026-09-05T11:15:51.294-0400][286.802s][info][gc,start    ] GC(332) Pause Young (Normal) (G1 Evacuation Pause)
[2026-09-05T11:15:51.294-0400][286.802s][info][gc,task     ] GC(332) Using 23 workers of 23 for evacuation
[2026-09-05T11:15:51.298-0400][286.805s][info][gc,phases   ] GC(332)   Pre Evacuate Collection Set: 0.23ms
[2026-09-05T11:15:51.298-0400][286.805s][info][gc,phases   ] GC(332)   Merge Heap Roots: 0.13ms
[2026-09-05T11:15:51.298-0400][286.805s][info][gc,phases   ] GC(332)   Evacuate Collection Set: 2.45ms
[2026-09-05T11:15:51.298-0400][286.805s][info][gc,phases   ] GC(332)   Post Evacuate Collection Set: 0.49ms
[2026-09-05T11:15:51.298-0400][286.805s][info][gc,phases   ] GC(332)   Other: 0.17ms
[2026-09-05T11:15:51.298-0400][286.805s][info][gc,heap     ] GC(332) Eden regions: 184->0(183)
[2026-09-05T11:15:51.298-0400][286.805s][info][gc,heap     ] GC(332) Survivor regions: 15->15(25)
[2026-09-05T11:15:51.298-0400][286.805s][info][gc,heap     ] GC(332) Old regions: 831->832
[2026-09-05T11:15:51.298-0400][286.805s][info][gc,heap     ] GC(332) Archive regions: 0->0
[2026-09-05T11:15:51.298-0400][286.805s][info][gc,heap     ] GC(332) Humongous regions: 29->29
[2026-09-05T11:15:51.298-0400][286.805s][info][gc,metaspace] GC(332) Metaspace: 153461K(156032K)->153461K(156032K) NonClass: 131671K(133056K)->131671K(133056K) Class: 21789K(22976K)->21789K(22976K)
[2026-09-05T11:15:51.299-0400][286.805s][info][gc          ] GC(332) Pause Young (Normal) (G1 Evacuation Pause) 2115M->1750M(2388M) 3.638ms
[2026-09-05T11:15:51.299-0400][286.805s][info][gc,cpu      ] GC(332) User=0.00s Sys=0.00s Real=0.01s
[2026-09-05T11:15:51.504-0400][287.010s][info][gc,start    ] GC(333) Pause Young (Normal) (G1 Evacuation Pause)
[2026-09-05T11:15:51.504-0400][287.010s][info][gc,task     ] GC(333) Using 23 workers of 23 for evacuation
[2026-09-05T11:15:51.508-0400][287.015s][info][gc,phases   ] GC(333)   Pre Evacuate Collection Set: 0.22ms
[2026-09-05T11:15:51.508-0400][287.015s][info][gc,phases   ] GC(333)   Merge Heap Roots: 0.13ms
[2026-09-05T11:15:51.508-0400][287.015s][info][gc,phases   ] GC(333)   Evacuate Collection Set: 3.60ms
[2026-09-05T11:15:51.508-0400][287.015s][info][gc,phases   ] GC(333)   Post Evacuate Collection Set: 0.55ms
[2026-09-05T11:15:51.508-0400][287.015s][info][gc,phases   ] GC(333)   Other: 0.20ms
[2026-09-05T11:15:51.508-0400][287.015s][info][gc,heap     ] GC(333) Eden regions: 183->0(176)
[2026-09-05T11:15:51.508-0400][287.015s][info][gc,heap     ] GC(333) Survivor regions: 15->18(25)
[2026-09-05T11:15:51.508-0400][287.015s][info][gc,heap     ] GC(333) Old regions: 832->833
[2026-09-05T11:15:51.508-0400][287.015s][info][gc,heap     ] GC(333) Archive regions: 0->0
[2026-09-05T11:15:51.508-0400][287.015s][info][gc,heap     ] GC(333) Humongous regions: 29->29
[2026-09-05T11:15:51.508-0400][287.015s][info][gc,metaspace] GC(333) Metaspace: 153461K(156032K)->153461K(156032K) NonClass: 131671K(133056K)->131671K(133056K) Class: 21789K(22976K)->21789K(22976K)
[2026-09-05T11:15:51.508-0400][287.015s][info][gc          ] GC(333) Pause Young (Normal) (G1 Evacuation Pause) 2116M->1758M(2388M) 4.797ms
[2026-09-05T11:15:51.508-0400][287.015s][info][gc,cpu      ] GC(333) User=0.00s Sys=0.00s Real=0.00s
[2026-09-05T11:15:51.544-0400][287.051s][info][gc,start    ] GC(334) Pause Young (Normal) (G1 Evacuation Pause)
[2026-09-05T11:15:51.544-0400][287.051s][info][gc,task     ] GC(334) Using 23 workers of 23 for evacuation
[2026-09-05T11:15:51.549-0400][287.055s][info][gc,phases   ] GC(334)   Pre Evacuate Collection Set: 0.24ms
[2026-09-05T11:15:51.549-0400][287.056s][info][gc,phases   ] GC(334)   Merge Heap Roots: 0.13ms
[2026-09-05T11:15:51.549-0400][287.056s][info][gc,phases   ] GC(334)   Evacuate Collection Set: 3.51ms
[2026-09-05T11:15:51.549-0400][287.056s][info][gc,phases   ] GC(334)   Post Evacuate Collection Set: 0.52ms
[2026-09-05T11:15:51.549-0400][287.056s][info][gc,phases   ] GC(334)   Other: 0.26ms
[2026-09-05T11:15:51.549-0400][287.056s][info][gc,heap     ] GC(334) Eden regions: 176->0(176)
[2026-09-05T11:15:51.549-0400][287.056s][info][gc,heap     ] GC(334) Survivor regions: 18->16(25)
[2026-09-05T11:15:51.549-0400][287.056s][info][gc,heap     ] GC(334) Old regions: 833->837
[2026-09-05T11:15:51.549-0400][287.056s][info][gc,heap     ] GC(334) Archive regions: 0->0
[2026-09-05T11:15:51.549-0400][287.056s][info][gc,heap     ] GC(334) Humongous regions: 29->29
[2026-09-05T11:15:51.549-0400][287.056s][info][gc,metaspace] GC(334) Metaspace: 153461K(156032K)->153461K(156032K) NonClass: 131671K(133056K)->131671K(133056K) Class: 21789K(22976K)->21789K(22976K)
[2026-09-05T11:15:51.549-0400][287.056s][info][gc          ] GC(334) Pause Young (Normal) (G1 Evacuation Pause) 2110M->1761M(2388M) 4.736ms
[2026-09-05T11:15:51.549-0400][287.056s][info][gc,cpu      ] GC(334) User=0.02s Sys=0.00s Real=0.01s
[2026-09-05T11:15:51.589-0400][287.096s][info][gc,start    ] GC(335) Pause Young (Normal) (G1 Evacuation Pause)
[2026-09-05T11:15:51.589-0400][287.096s][info][gc,task     ] GC(335) Using 23 workers of 23 for evacuation
[2026-09-05T11:15:51.593-0400][287.100s][info][gc,phases   ] GC(335)   Pre Evacuate Collection Set: 0.21ms
[2026-09-05T11:15:51.593-0400][287.100s][info][gc,phases   ] GC(335)   Merge Heap Roots: 0.13ms
[2026-09-05T11:15:51.593-0400][287.100s][info][gc,phases   ] GC(335)   Evacuate Collection Set: 2.80ms
[2026-09-05T11:15:51.593-0400][287.100s][info][gc,phases   ] GC(335)   Post Evacuate Collection Set: 0.43ms
[2026-09-05T11:15:51.593-0400][287.100s][info][gc,phases   ] GC(335)   Other: 0.18ms
[2026-09-05T11:15:51.593-0400][287.100s][info][gc,heap     ] GC(335) Eden regions: 176->0(178)
[2026-09-05T11:15:51.593-0400][287.100s][info][gc,heap     ] GC(335) Survivor regions: 16->14(24)
[2026-09-05T11:15:51.593-0400][287.100s][info][gc,heap     ] GC(335) Old regions: 837->839
[2026-09-05T11:15:51.593-0400][287.100s][info][gc,heap     ] GC(335) Archive regions: 0->0
[2026-09-05T11:15:51.593-0400][287.100s][info][gc,heap     ] GC(335) Humongous regions: 29->29
[2026-09-05T11:15:51.593-0400][287.100s][info][gc,metaspace] GC(335) Metaspace: 153461K(156032K)->153461K(156032K) NonClass: 131671K(133056K)->131671K(133056K) Class: 21789K(22976K)->21789K(22976K)
[2026-09-05T11:15:51.593-0400][287.100s][info][gc          ] GC(335) Pause Young (Normal) (G1 Evacuation Pause) 2113M->1763M(2388M) 3.878ms
[2026-09-05T11:15:51.593-0400][287.100s][info][gc,cpu      ] GC(335) User=0.33s Sys=0.00s Real=0.00s
[2026-09-05T11:15:51.680-0400][287.186s][info][gc,start    ] GC(336) Pause Young (Normal) (G1 Evacuation Pause)
[2026-09-05T11:15:51.680-0400][287.186s][info][gc,task     ] GC(336) Using 23 workers of 23 for evacuation
[2026-09-05T11:15:51.683-0400][287.189s][info][gc,phases   ] GC(336)   Pre Evacuate Collection Set: 0.09ms
[2026-09-05T11:15:51.683-0400][287.189s][info][gc,phases   ] GC(336)   Merge Heap Roots: 0.12ms
[2026-09-05T11:15:51.683-0400][287.189s][info][gc,phases   ] GC(336)   Evacuate Collection Set: 2.28ms
[2026-09-05T11:15:51.683-0400][287.189s][info][gc,phases   ] GC(336)   Post Evacuate Collection Set: 0.40ms
[2026-09-05T11:15:51.683-0400][287.189s][info][gc,phases   ] GC(336)   Other: 0.15ms
[2026-09-05T11:15:51.683-0400][287.189s][info][gc,heap     ] GC(336) Eden regions: 178->0(177)
[2026-09-05T11:15:51.683-0400][287.189s][info][gc,heap     ] GC(336) Survivor regions: 14->13(24)
[2026-09-05T11:15:51.683-0400][287.189s][info][gc,heap     ] GC(336) Old regions: 839->842
[2026-09-05T11:15:51.683-0400][287.189s][info][gc,heap     ] GC(336) Archive regions: 0->0
[2026-09-05T11:15:51.683-0400][287.189s][info][gc,heap     ] GC(336) Humongous regions: 29->29
[2026-09-05T11:15:51.683-0400][287.189s][info][gc,metaspace] GC(336) Metaspace: 153461K(156032K)->153461K(156032K) NonClass: 131671K(133056K)->131671K(133056K) Class: 21789K(22976K)->21789K(22976K)
[2026-09-05T11:15:51.683-0400][287.189s][info][gc          ] GC(336) Pause Young (Normal) (G1 Evacuation Pause) 2119M->1764M(2388M) 3.155ms
[2026-09-05T11:15:51.683-0400][287.189s][info][gc,cpu      ] GC(336) User=0.00s Sys=0.00s Real=0.00s
[2026-09-05T11:15:51.977-0400][287.484s][info][gc,start    ] GC(337) Pause Young (Normal) (G1 Evacuation Pause)
[2026-09-05T11:15:51.977-0400][287.484s][info][gc,task     ] GC(337) Using 23 workers of 23 for evacuation
[2026-09-05T11:15:51.980-0400][287.487s][info][gc,phases   ] GC(337)   Pre Evacuate Collection Set: 0.18ms
[2026-09-05T11:15:51.980-0400][287.487s][info][gc,phases   ] GC(337)   Merge Heap Roots: 0.16ms
[2026-09-05T11:15:51.980-0400][287.487s][info][gc,phases   ] GC(337)   Evacuate Collection Set: 1.91ms
[2026-09-05T11:15:51.980-0400][287.487s][info][gc,phases   ] GC(337)   Post Evacuate Collection Set: 0.46ms
[2026-09-05T11:15:51.980-0400][287.487s][info][gc,phases   ] GC(337)   Other: 0.12ms
[2026-09-05T11:15:51.980-0400][287.487s][info][gc,heap     ] GC(337) Eden regions: 177->0(179)
[2026-09-05T11:15:51.980-0400][287.487s][info][gc,heap     ] GC(337) Survivor regions: 13->12(24)
[2026-09-05T11:15:51.980-0400][287.487s][info][gc,heap     ] GC(337) Old regions: 842->842
[2026-09-05T11:15:51.980-0400][287.487s][info][gc,heap     ] GC(337) Archive regions: 0->0
[2026-09-05T11:15:51.980-0400][287.487s][info][gc,heap     ] GC(337) Humongous regions: 29->29
[2026-09-05T11:15:51.980-0400][287.487s][info][gc,metaspace] GC(337) Metaspace: 153461K(156032K)->153461K(156032K) NonClass: 131671K(133056K)->131671K(133056K) Class: 21789K(22976K)->21789K(22976K)
[2026-09-05T11:15:51.980-0400][287.487s][info][gc          ] GC(337) Pause Young (Normal) (G1 Evacuation Pause) 2118M->1763M(2388M) 2.952ms
[2026-09-05T11:15:51.980-0400][287.487s][info][gc,cpu      ] GC(337) User=0.00s Sys=0.00s Real=0.00s
[2026-09-05T11:15:52.163-0400][287.670s][info][gc,start    ] GC(338) Pause Young (Normal) (GCLocker Initiated GC)
[2026-09-05T11:15:52.163-0400][287.670s][info][gc,task     ] GC(338) Using 23 workers of 23 for evacuation
[2026-09-05T11:15:52.167-0400][287.674s][info][gc,phases   ] GC(338)   Pre Evacuate Collection Set: 0.17ms
[2026-09-05T11:15:52.168-0400][287.674s][info][gc,phases   ] GC(338)   Merge Heap Roots: 0.16ms
[2026-09-05T11:15:52.168-0400][287.674s][info][gc,phases   ] GC(338)   Evacuate Collection Set: 3.28ms
[2026-09-05T11:15:52.168-0400][287.674s][info][gc,phases   ] GC(338)   Post Evacuate Collection Set: 0.67ms
[2026-09-05T11:15:52.168-0400][287.674s][info][gc,phases   ] GC(338)   Other: 0.16ms
[2026-09-05T11:15:52.168-0400][287.674s][info][gc,heap     ] GC(338) Eden regions: 179->0(171)
[2026-09-05T11:15:52.168-0400][287.674s][info][gc,heap     ] GC(338) Survivor regions: 12->16(24)
[2026-09-05T11:15:52.168-0400][287.674s][info][gc,heap     ] GC(338) Old regions: 842->842
[2026-09-05T11:15:52.168-0400][287.674s][info][gc,heap     ] GC(338) Archive regions: 0->0
[2026-09-05T11:15:52.168-0400][287.674s][info][gc,heap     ] GC(338) Humongous regions: 29->29
[2026-09-05T11:15:52.168-0400][287.674s][info][gc,metaspace] GC(338) Metaspace: 153469K(156032K)->153469K(156032K) NonClass: 131680K(133056K)->131680K(133056K) Class: 21789K(22976K)->21789K(22976K)
[2026-09-05T11:15:52.168-0400][287.674s][info][gc          ] GC(338) Pause Young (Normal) (GCLocker Initiated GC) 2121M->1771M(2388M) 4.568ms
[2026-09-05T11:15:52.168-0400][287.674s][info][gc,cpu      ] GC(338) User=0.00s Sys=0.00s Real=0.00s
[2026-09-05T11:15:52.202-0400][287.709s][info][gc,start    ] GC(339) Pause Young (Normal) (G1 Evacuation Pause)
[2026-09-05T11:15:52.202-0400][287.709s][info][gc,task     ] GC(339) Using 23 workers of 23 for evacuation
[2026-09-05T11:15:52.206-0400][287.713s][info][gc,phases   ] GC(339)   Pre Evacuate Collection Set: 0.22ms
[2026-09-05T11:15:52.206-0400][287.713s][info][gc,phases   ] GC(339)   Merge Heap Roots: 0.15ms
[2026-09-05T11:15:52.206-0400][287.713s][info][gc,phases   ] GC(339)   Evacuate Collection Set: 3.08ms
[2026-09-05T11:15:52.206-0400][287.713s][info][gc,phases   ] GC(339)   Post Evacuate Collection Set: 0.55ms
[2026-09-05T11:15:52.206-0400][287.713s][info][gc,phases   ] GC(339)   Other: 0.22ms
[2026-09-05T11:15:52.206-0400][287.713s][info][gc,heap     ] GC(339) Eden regions: 171->0(173)
[2026-09-05T11:15:52.206-0400][287.713s][info][gc,heap     ] GC(339) Survivor regions: 16->14(24)
[2026-09-05T11:15:52.206-0400][287.713s][info][gc,heap     ] GC(339) Old regions: 842->844
[2026-09-05T11:15:52.206-0400][287.713s][info][gc,heap     ] GC(339) Archive regions: 0->0
[2026-09-05T11:15:52.206-0400][287.713s][info][gc,heap     ] GC(339) Humongous regions: 29->29
[2026-09-05T11:15:52.206-0400][287.713s][info][gc,metaspace] GC(339) Metaspace: 153469K(156032K)->153469K(156032K) NonClass: 131680K(133056K)->131680K(133056K) Class: 21789K(22976K)->21789K(22976K)
[2026-09-05T11:15:52.206-0400][287.713s][info][gc          ] GC(339) Pause Young (Normal) (G1 Evacuation Pause) 2113M->1773M(2388M) 4.311ms
[2026-09-05T11:15:52.206-0400][287.713s][info][gc,cpu      ] GC(339) User=0.00s Sys=0.00s Real=0.00s
[2026-09-05T11:15:52.246-0400][287.754s][info][gc,start    ] GC(340) Pause Young (Normal) (G1 Evacuation Pause)
[2026-09-05T11:15:52.246-0400][287.754s][info][gc,task     ] GC(340) Using 23 workers of 23 for evacuation
[2026-09-05T11:15:52.251-0400][287.758s][info][gc,phases   ] GC(340)   Pre Evacuate Collection Set: 0.23ms
[2026-09-05T11:15:52.251-0400][287.758s][info][gc,phases   ] GC(340)   Merge Heap Roots: 0.14ms
[2026-09-05T11:15:52.251-0400][287.758s][info][gc,phases   ] GC(340)   Evacuate Collection Set: 2.57ms
[2026-09-05T11:15:52.251-0400][287.758s][info][gc,phases   ] GC(340)   Post Evacuate Collection Set: 0.65ms
[2026-09-05T11:15:52.251-0400][287.758s][info][gc,phases   ] GC(340)   Other: 0.26ms
[2026-09-05T11:15:52.251-0400][287.758s][info][gc,heap     ] GC(340) Eden regions: 173->0(173)
[2026-09-05T11:15:52.251-0400][287.758s][info][gc,heap     ] GC(340) Survivor regions: 14->13(24)
[2026-09-05T11:15:52.251-0400][287.758s][info][gc,heap     ] GC(340) Old regions: 844->846
[2026-09-05T11:15:52.251-0400][287.758s][info][gc,heap     ] GC(340) Archive regions: 0->0
[2026-09-05T11:15:52.251-0400][287.758s][info][gc,heap     ] GC(340) Humongous regions: 29->29
[2026-09-05T11:15:52.251-0400][287.758s][info][gc,metaspace] GC(340) Metaspace: 153469K(156032K)->153469K(156032K) NonClass: 131680K(133056K)->131680K(133056K) Class: 21789K(22976K)->21789K(22976K)
[2026-09-05T11:15:52.251-0400][287.758s][info][gc          ] GC(340) Pause Young (Normal) (G1 Evacuation Pause) 2119M->1774M(2388M) 3.922ms
[2026-09-05T11:15:52.251-0400][287.758s][info][gc,cpu      ] GC(340) User=0.02s Sys=0.00s Real=0.00s
[2026-09-05T11:15:52.385-0400][287.892s][info][gc,start    ] GC(341) Pause Young (Normal) (G1 Evacuation Pause)
[2026-09-05T11:15:52.385-0400][287.892s][info][gc,task     ] GC(341) Using 23 workers of 23 for evacuation
[2026-09-05T11:15:52.389-0400][287.895s][info][gc,phases   ] GC(341)   Pre Evacuate Collection Set: 0.14ms
[2026-09-05T11:15:52.389-0400][287.895s][info][gc,phases   ] GC(341)   Merge Heap Roots: 0.12ms
[2026-09-05T11:15:52.389-0400][287.895s][info][gc,phases   ] GC(341)   Evacuate Collection Set: 2.12ms
[2026-09-05T11:15:52.389-0400][287.895s][info][gc,phases   ] GC(341)   Post Evacuate Collection Set: 0.61ms
[2026-09-05T11:15:52.389-0400][287.895s][info][gc,phases   ] GC(341)   Other: 0.16ms
[2026-09-05T11:15:52.389-0400][287.895s][info][gc,heap     ] GC(341) Eden regions: 173->0(206)
[2026-09-05T11:15:52.389-0400][287.895s][info][gc,heap     ] GC(341) Survivor regions: 13->13(24)
[2026-09-05T11:15:52.389-0400][287.895s][info][gc,heap     ] GC(341) Old regions: 846->846
[2026-09-05T11:15:52.389-0400][287.895s][info][gc,heap     ] GC(341) Archive regions: 0->0
[2026-09-05T11:15:52.389-0400][287.895s][info][gc,heap     ] GC(341) Humongous regions: 29->29
[2026-09-05T11:15:52.389-0400][287.895s][info][gc,metaspace] GC(341) Metaspace: 153469K(156032K)->153469K(156032K) NonClass: 131680K(133056K)->131680K(133056K) Class: 21789K(22976K)->21789K(22976K)
[2026-09-05T11:15:52.389-0400][287.895s][info][gc          ] GC(341) Pause Young (Normal) (G1 Evacuation Pause) 2120M->1774M(2462M) 3.250ms
[2026-09-05T11:15:52.389-0400][287.895s][info][gc,cpu      ] GC(341) User=0.34s Sys=0.02s Real=0.00s
[2026-09-05T11:15:52.870-0400][288.377s][info][gc,start    ] GC(342) Pause Young (Normal) (G1 Evacuation Pause)
[2026-09-05T11:15:52.870-0400][288.377s][info][gc,task     ] GC(342) Using 23 workers of 23 for evacuation
[2026-09-05T11:15:52.873-0400][288.380s][info][gc,phases   ] GC(342)   Pre Evacuate Collection Set: 0.19ms
[2026-09-05T11:15:52.873-0400][288.380s][info][gc,phases   ] GC(342)   Merge Heap Roots: 0.16ms
[2026-09-05T11:15:52.873-0400][288.380s][info][gc,phases   ] GC(342)   Evacuate Collection Set: 1.75ms
[2026-09-05T11:15:52.873-0400][288.380s][info][gc,phases   ] GC(342)   Post Evacuate Collection Set: 0.54ms
[2026-09-05T11:15:52.873-0400][288.380s][info][gc,phases   ] GC(342)   Other: 0.12ms
[2026-09-05T11:15:52.873-0400][288.380s][info][gc,heap     ] GC(342) Eden regions: 206->0(206)
[2026-09-05T11:15:52.873-0400][288.380s][info][gc,heap     ] GC(342) Survivor regions: 13->13(28)
[2026-09-05T11:15:52.873-0400][288.380s][info][gc,heap     ] GC(342) Old regions: 846->846
[2026-09-05T11:15:52.873-0400][288.380s][info][gc,heap     ] GC(342) Archive regions: 0->0
[2026-09-05T11:15:52.873-0400][288.380s][info][gc,heap     ] GC(342) Humongous regions: 29->29
[2026-09-05T11:15:52.873-0400][288.380s][info][gc,metaspace] GC(342) Metaspace: 153472K(156032K)->153472K(156032K) NonClass: 131682K(133056K)->131682K(133056K) Class: 21789K(22976K)->21789K(22976K)
[2026-09-05T11:15:52.873-0400][288.380s][info][gc          ] GC(342) Pause Young (Normal) (G1 Evacuation Pause) 2186M->1774M(2462M) 2.892ms
[2026-09-05T11:15:52.873-0400][288.380s][info][gc,cpu      ] GC(342) User=0.31s Sys=0.05s Real=0.00s
[2026-09-05T11:15:53.145-0400][288.652s][info][gc,start    ] GC(343) Pause Young (Normal) (G1 Evacuation Pause)
[2026-09-05T11:15:53.145-0400][288.652s][info][gc,task     ] GC(343) Using 23 workers of 23 for evacuation
[2026-09-05T11:15:53.149-0400][288.656s][info][gc,phases   ] GC(343)   Pre Evacuate Collection Set: 0.25ms
[2026-09-05T11:15:53.149-0400][288.656s][info][gc,phases   ] GC(343)   Merge Heap Roots: 0.18ms
[2026-09-05T11:15:53.149-0400][288.656s][info][gc,phases   ] GC(343)   Evacuate Collection Set: 2.74ms
[2026-09-05T11:15:53.149-0400][288.656s][info][gc,phases   ] GC(343)   Post Evacuate Collection Set: 0.64ms
[2026-09-05T11:15:53.149-0400][288.656s][info][gc,phases   ] GC(343)   Other: 0.24ms
[2026-09-05T11:15:53.149-0400][288.656s][info][gc,heap     ] GC(343) Eden regions: 206->0(202)
[2026-09-05T11:15:53.149-0400][288.656s][info][gc,heap     ] GC(343) Survivor regions: 13->15(28)
[2026-09-05T11:15:53.149-0400][288.656s][info][gc,heap     ] GC(343) Old regions: 846->846
[2026-09-05T11:15:53.149-0400][288.656s][info][gc,heap     ] GC(343) Archive regions: 0->0
[2026-09-05T11:15:53.149-0400][288.656s][info][gc,heap     ] GC(343) Humongous regions: 29->29
[2026-09-05T11:15:53.149-0400][288.656s][info][gc,metaspace] GC(343) Metaspace: 153473K(156032K)->153473K(156032K) NonClass: 131683K(133056K)->131683K(133056K) Class: 21789K(22976K)->21789K(22976K)
[2026-09-05T11:15:53.149-0400][288.656s][info][gc          ] GC(343) Pause Young (Normal) (G1 Evacuation Pause) 2186M->1778M(2462M) 4.130ms
[2026-09-05T11:15:53.149-0400][288.656s][info][gc,cpu      ] GC(343) User=0.00s Sys=0.00s Real=0.00s
[2026-09-05T11:15:53.238-0400][288.745s][info][gc,start    ] GC(344) Pause Young (Normal) (G1 Evacuation Pause)
[2026-09-05T11:15:53.238-0400][288.745s][info][gc,task     ] GC(344) Using 23 workers of 23 for evacuation
[2026-09-05T11:15:53.241-0400][288.749s][info][gc,phases   ] GC(344)   Pre Evacuate Collection Set: 0.13ms
[2026-09-05T11:15:53.241-0400][288.749s][info][gc,phases   ] GC(344)   Merge Heap Roots: 0.15ms
[2026-09-05T11:15:53.241-0400][288.749s][info][gc,phases   ] GC(344)   Evacuate Collection Set: 2.88ms
[2026-09-05T11:15:53.241-0400][288.749s][info][gc,phases   ] GC(344)   Post Evacuate Collection Set: 0.51ms
[2026-09-05T11:15:53.241-0400][288.749s][info][gc,phases   ] GC(344)   Other: 0.14ms
[2026-09-05T11:15:53.241-0400][288.749s][info][gc,heap     ] GC(344) Eden regions: 202->0(198)
[2026-09-05T11:15:53.241-0400][288.749s][info][gc,heap     ] GC(344) Survivor regions: 15->17(28)
[2026-09-05T11:15:53.241-0400][288.749s][info][gc,heap     ] GC(344) Old regions: 846->846
[2026-09-05T11:15:53.241-0400][288.749s][info][gc,heap     ] GC(344) Archive regions: 0->0
[2026-09-05T11:15:53.241-0400][288.749s][info][gc,heap     ] GC(344) Humongous regions: 29->29
[2026-09-05T11:15:53.241-0400][288.749s][info][gc,metaspace] GC(344) Metaspace: 153473K(156032K)->153473K(156032K) NonClass: 131683K(133056K)->131683K(133056K) Class: 21789K(22976K)->21789K(22976K)
[2026-09-05T11:15:53.242-0400][288.749s][info][gc          ] GC(344) Pause Young (Normal) (G1 Evacuation Pause) 2182M->1782M(2462M) 3.939ms
[2026-09-05T11:15:53.242-0400][288.749s][info][gc,cpu      ] GC(344) User=0.00s Sys=0.00s Real=0.00s
[2026-09-05T11:15:53.492-0400][288.999s][info][gc,start    ] GC(345) Pause Young (Normal) (G1 Evacuation Pause)
[2026-09-05T11:15:53.492-0400][288.999s][info][gc,task     ] GC(345) Using 23 workers of 23 for evacuation
[2026-09-05T11:15:53.496-0400][289.003s][info][gc,phases   ] GC(345)   Pre Evacuate Collection Set: 0.14ms
[2026-09-05T11:15:53.496-0400][289.003s][info][gc,phases   ] GC(345)   Merge Heap Roots: 0.13ms
[2026-09-05T11:15:53.496-0400][289.003s][info][gc,phases   ] GC(345)   Evacuate Collection Set: 2.98ms
[2026-09-05T11:15:53.496-0400][289.003s][info][gc,phases   ] GC(345)   Post Evacuate Collection Set: 0.51ms
[2026-09-05T11:15:53.496-0400][289.003s][info][gc,phases   ] GC(345)   Other: 0.14ms
[2026-09-05T11:15:53.496-0400][289.003s][info][gc,heap     ] GC(345) Eden regions: 198->0(199)
[2026-09-05T11:15:53.496-0400][289.003s][info][gc,heap     ] GC(345) Survivor regions: 17->15(27)
[2026-09-05T11:15:53.496-0400][289.003s][info][gc,heap     ] GC(345) Old regions: 846->849
[2026-09-05T11:15:53.496-0400][289.003s][info][gc,heap     ] GC(345) Archive regions: 0->0
[2026-09-05T11:15:53.496-0400][289.003s][info][gc,heap     ] GC(345) Humongous regions: 29->29
[2026-09-05T11:15:53.496-0400][289.003s][info][gc,metaspace] GC(345) Metaspace: 153475K(156096K)->153475K(156096K) NonClass: 131685K(133120K)->131685K(133120K) Class: 21789K(22976K)->21789K(22976K)
[2026-09-05T11:15:53.496-0400][289.003s][info][gc          ] GC(345) Pause Young (Normal) (G1 Evacuation Pause) 2178M->1783M(2462M) 4.033ms
[2026-09-05T11:15:53.496-0400][289.003s][info][gc,cpu      ] GC(345) User=0.00s Sys=0.00s Real=0.00s
[2026-09-05T11:15:53.959-0400][289.465s][info][gc,start    ] GC(346) Pause Young (Normal) (G1 Evacuation Pause)
[2026-09-05T11:15:53.959-0400][289.465s][info][gc,task     ] GC(346) Using 23 workers of 23 for evacuation
[2026-09-05T11:15:53.962-0400][289.469s][info][gc,phases   ] GC(346)   Pre Evacuate Collection Set: 0.15ms
[2026-09-05T11:15:53.963-0400][289.469s][info][gc,phases   ] GC(346)   Merge Heap Roots: 0.13ms
[2026-09-05T11:15:53.963-0400][289.469s][info][gc,phases   ] GC(346)   Evacuate Collection Set: 2.72ms
[2026-09-05T11:15:53.963-0400][289.469s][info][gc,phases   ] GC(346)   Post Evacuate Collection Set: 0.61ms
[2026-09-05T11:15:53.963-0400][289.469s][info][gc,phases   ] GC(346)   Other: 0.24ms
[2026-09-05T11:15:53.963-0400][289.469s][info][gc,heap     ] GC(346) Eden regions: 199->0(195)
[2026-09-05T11:15:53.963-0400][289.469s][info][gc,heap     ] GC(346) Survivor regions: 15->17(27)
[2026-09-05T11:15:53.963-0400][289.469s][info][gc,heap     ] GC(346) Old regions: 849->849
[2026-09-05T11:15:53.963-0400][289.469s][info][gc,heap     ] GC(346) Archive regions: 0->0
[2026-09-05T11:15:53.963-0400][289.469s][info][gc,heap     ] GC(346) Humongous regions: 29->29
[2026-09-05T11:15:53.963-0400][289.469s][info][gc,metaspace] GC(346) Metaspace: 153475K(156096K)->153475K(156096K) NonClass: 131685K(133120K)->131685K(133120K) Class: 21789K(22976K)->21789K(22976K)
[2026-09-05T11:15:53.963-0400][289.469s][info][gc          ] GC(346) Pause Young (Normal) (G1 Evacuation Pause) 2181M->1786M(2462M) 4.108ms
[2026-09-05T11:15:53.963-0400][289.469s][info][gc,cpu      ] GC(346) User=0.00s Sys=0.00s Real=0.00s
[2026-09-05T11:15:54.224-0400][289.730s][info][gc,start    ] GC(347) Pause Young (Normal) (G1 Evacuation Pause)
[2026-09-05T11:15:54.224-0400][289.730s][info][gc,task     ] GC(347) Using 23 workers of 23 for evacuation
[2026-09-05T11:15:54.227-0400][289.733s][info][gc,phases   ] GC(347)   Pre Evacuate Collection Set: 0.10ms
[2026-09-05T11:15:54.227-0400][289.733s][info][gc,phases   ] GC(347)   Merge Heap Roots: 0.11ms
[2026-09-05T11:15:54.227-0400][289.734s][info][gc,phases   ] GC(347)   Evacuate Collection Set: 2.58ms
[2026-09-05T11:15:54.227-0400][289.734s][info][gc,phases   ] GC(347)   Post Evacuate Collection Set: 0.54ms
[2026-09-05T11:15:54.227-0400][289.734s][info][gc,phases   ] GC(347)   Other: 0.16ms
[2026-09-05T11:15:54.227-0400][289.734s][info][gc,heap     ] GC(347) Eden regions: 195->0(198)
[2026-09-05T11:15:54.227-0400][289.734s][info][gc,heap     ] GC(347) Survivor regions: 17->15(27)
[2026-09-05T11:15:54.227-0400][289.734s][info][gc,heap     ] GC(347) Old regions: 849->850
[2026-09-05T11:15:54.227-0400][289.734s][info][gc,heap     ] GC(347) Archive regions: 0->0
[2026-09-05T11:15:54.227-0400][289.734s][info][gc,heap     ] GC(347) Humongous regions: 29->29
[2026-09-05T11:15:54.227-0400][289.734s][info][gc,metaspace] GC(347) Metaspace: 153475K(156096K)->153475K(156096K) NonClass: 131685K(133120K)->131685K(133120K) Class: 21789K(22976K)->21789K(22976K)
[2026-09-05T11:15:54.227-0400][289.734s][info][gc          ] GC(347) Pause Young (Normal) (G1 Evacuation Pause) 2176M->1786M(2462M) 3.611ms
[2026-09-05T11:15:54.227-0400][289.734s][info][gc,cpu      ] GC(347) User=0.00s Sys=0.00s Real=0.00s
[2026-09-05T11:15:54.467-0400][289.974s][info][gc,start    ] GC(348) Pause Young (Normal) (GCLocker Initiated GC)
[2026-09-05T11:15:54.467-0400][289.974s][info][gc,task     ] GC(348) Using 23 workers of 23 for evacuation
[2026-09-05T11:15:54.471-0400][289.978s][info][gc,phases   ] GC(348)   Pre Evacuate Collection Set: 0.14ms
[2026-09-05T11:15:54.471-0400][289.978s][info][gc,phases   ] GC(348)   Merge Heap Roots: 0.16ms
[2026-09-05T11:15:54.471-0400][289.978s][info][gc,phases   ] GC(348)   Evacuate Collection Set: 3.05ms
[2026-09-05T11:15:54.471-0400][289.978s][info][gc,phases   ] GC(348)   Post Evacuate Collection Set: 0.59ms
[2026-09-05T11:15:54.471-0400][289.978s][info][gc,phases   ] GC(348)   Other: 0.20ms
[2026-09-05T11:15:54.471-0400][289.978s][info][gc,heap     ] GC(348) Eden regions: 199->0(194)
[2026-09-05T11:15:54.471-0400][289.978s][info][gc,heap     ] GC(348) Survivor regions: 15->16(27)
[2026-09-05T11:15:54.471-0400][289.978s][info][gc,heap     ] GC(348) Old regions: 850->852
[2026-09-05T11:15:54.471-0400][289.978s][info][gc,heap     ] GC(348) Archive regions: 0->0
[2026-09-05T11:15:54.471-0400][289.978s][info][gc,heap     ] GC(348) Humongous regions: 29->29
[2026-09-05T11:15:54.471-0400][289.978s][info][gc,metaspace] GC(348) Metaspace: 153475K(156096K)->153475K(156096K) NonClass: 131685K(133120K)->131685K(133120K) Class: 21789K(22976K)->21789K(22976K)
[2026-09-05T11:15:54.471-0400][289.978s][info][gc          ] GC(348) Pause Young (Normal) (GCLocker Initiated GC) 2184M->1793M(2462M) 4.266ms
[2026-09-05T11:15:54.471-0400][289.978s][info][gc,cpu      ] GC(348) User=0.00s Sys=0.00s Real=0.00s
[2026-09-05T11:15:54.732-0400][290.238s][info][gc,start    ] GC(349) Pause Young (Normal) (G1 Evacuation Pause)
[2026-09-05T11:15:54.732-0400][290.238s][info][gc,task     ] GC(349) Using 23 workers of 23 for evacuation
[2026-09-05T11:15:54.735-0400][290.241s][info][gc,phases   ] GC(349)   Pre Evacuate Collection Set: 0.17ms
[2026-09-05T11:15:54.735-0400][290.242s][info][gc,phases   ] GC(349)   Merge Heap Roots: 0.13ms
[2026-09-05T11:15:54.735-0400][290.242s][info][gc,phases   ] GC(349)   Evacuate Collection Set: 2.19ms
[2026-09-05T11:15:54.735-0400][290.242s][info][gc,phases   ] GC(349)   Post Evacuate Collection Set: 0.57ms
[2026-09-05T11:15:54.735-0400][290.242s][info][gc,phases   ] GC(349)   Other: 0.14ms
[2026-09-05T11:15:54.735-0400][290.242s][info][gc,heap     ] GC(349) Eden regions: 194->0(194)
[2026-09-05T11:15:54.735-0400][290.242s][info][gc,heap     ] GC(349) Survivor regions: 16->15(27)
[2026-09-05T11:15:54.735-0400][290.242s][info][gc,heap     ] GC(349) Old regions: 852->854
[2026-09-05T11:15:54.735-0400][290.242s][info][gc,heap     ] GC(349) Archive regions: 0->0
[2026-09-05T11:15:54.735-0400][290.242s][info][gc,heap     ] GC(349) Humongous regions: 29->29
[2026-09-05T11:15:54.735-0400][290.242s][info][gc,metaspace] GC(349) Metaspace: 153475K(156096K)->153475K(156096K) NonClass: 131685K(133120K)->131685K(133120K) Class: 21789K(22976K)->21789K(22976K)
[2026-09-05T11:15:54.735-0400][290.242s][info][gc          ] GC(349) Pause Young (Normal) (G1 Evacuation Pause) 2181M->1792M(2462M) 3.325ms
[2026-09-05T11:15:54.735-0400][290.242s][info][gc,cpu      ] GC(349) User=0.00s Sys=0.00s Real=0.00s
[2026-09-05T11:15:54.934-0400][290.441s][info][gc,start    ] GC(350) Pause Young (Normal) (G1 Evacuation Pause)
[2026-09-05T11:15:54.934-0400][290.441s][info][gc,task     ] GC(350) Using 23 workers of 23 for evacuation
[2026-09-05T11:15:54.939-0400][290.446s][info][gc,phases   ] GC(350)   Pre Evacuate Collection Set: 0.29ms
[2026-09-05T11:15:54.939-0400][290.446s][info][gc,phases   ] GC(350)   Merge Heap Roots: 0.19ms
[2026-09-05T11:15:54.939-0400][290.446s][info][gc,phases   ] GC(350)   Evacuate Collection Set: 3.75ms
[2026-09-05T11:15:54.939-0400][290.446s][info][gc,phases   ] GC(350)   Post Evacuate Collection Set: 0.67ms
[2026-09-05T11:15:54.939-0400][290.446s][info][gc,phases   ] GC(350)   Other: 0.19ms
[2026-09-05T11:15:54.939-0400][290.446s][info][gc,heap     ] GC(350) Eden regions: 194->0(182)
[2026-09-05T11:15:54.939-0400][290.446s][info][gc,heap     ] GC(350) Survivor regions: 15->21(27)
[2026-09-05T11:15:54.939-0400][290.446s][info][gc,heap     ] GC(350) Old regions: 854->854
[2026-09-05T11:15:54.939-0400][290.446s][info][gc,heap     ] GC(350) Archive regions: 0->0
[2026-09-05T11:15:54.939-0400][290.446s][info][gc,heap     ] GC(350) Humongous regions: 29->29
[2026-09-05T11:15:54.939-0400][290.446s][info][gc,metaspace] GC(350) Metaspace: 153475K(156096K)->153475K(156096K) NonClass: 131685K(133120K)->131685K(133120K) Class: 21789K(22976K)->21789K(22976K)
[2026-09-05T11:15:54.939-0400][290.446s][info][gc          ] GC(350) Pause Young (Normal) (G1 Evacuation Pause) 2180M->1805M(2462M) 5.204ms
[2026-09-05T11:15:54.939-0400][290.446s][info][gc,cpu      ] GC(350) User=0.00s Sys=0.00s Real=0.00s
[2026-09-05T11:15:54.976-0400][290.482s][info][gc,start    ] GC(351) Pause Young (Normal) (G1 Evacuation Pause)
[2026-09-05T11:15:54.976-0400][290.482s][info][gc,task     ] GC(351) Using 23 workers of 23 for evacuation
[2026-09-05T11:15:54.980-0400][290.488s][info][gc,phases   ] GC(351)   Pre Evacuate Collection Set: 0.20ms
[2026-09-05T11:15:54.981-0400][290.488s][info][gc,phases   ] GC(351)   Merge Heap Roots: 0.16ms
[2026-09-05T11:15:54.981-0400][290.488s][info][gc,phases   ] GC(351)   Evacuate Collection Set: 3.99ms
[2026-09-05T11:15:54.981-0400][290.488s][info][gc,phases   ] GC(351)   Post Evacuate Collection Set: 0.66ms
[2026-09-05T11:15:54.981-0400][290.488s][info][gc,phases   ] GC(351)   Other: 0.29ms
[2026-09-05T11:15:54.981-0400][290.488s][info][gc,heap     ] GC(351) Eden regions: 182->0(184)
[2026-09-05T11:15:54.981-0400][290.488s][info][gc,heap     ] GC(351) Survivor regions: 21->17(26)
[2026-09-05T11:15:54.981-0400][290.488s][info][gc,heap     ] GC(351) Old regions: 854->860
[2026-09-05T11:15:54.981-0400][290.488s][info][gc,heap     ] GC(351) Archive regions: 0->0
[2026-09-05T11:15:54.981-0400][290.488s][info][gc,heap     ] GC(351) Humongous regions: 29->29
[2026-09-05T11:15:54.981-0400][290.488s][info][gc,metaspace] GC(351) Metaspace: 153475K(156096K)->153475K(156096K) NonClass: 131685K(133120K)->131685K(133120K) Class: 21789K(22976K)->21789K(22976K)
[2026-09-05T11:15:54.981-0400][290.488s][info][gc          ] GC(351) Pause Young (Normal) (G1 Evacuation Pause) 2169M->1809M(2462M) 5.339ms
[2026-09-05T11:15:54.981-0400][290.488s][info][gc,cpu      ] GC(351) User=0.00s Sys=0.00s Real=0.00s
[2026-09-05T11:15:55.023-0400][290.531s][info][gc,start    ] GC(352) Pause Young (Normal) (G1 Evacuation Pause)
[2026-09-05T11:15:55.024-0400][290.531s][info][gc,task     ] GC(352) Using 23 workers of 23 for evacuation
[2026-09-05T11:15:55.028-0400][290.535s][info][gc,phases   ] GC(352)   Pre Evacuate Collection Set: 0.20ms
[2026-09-05T11:15:55.028-0400][290.535s][info][gc,phases   ] GC(352)   Merge Heap Roots: 0.16ms
[2026-09-05T11:15:55.028-0400][290.535s][info][gc,phases   ] GC(352)   Evacuate Collection Set: 3.08ms
[2026-09-05T11:15:55.028-0400][290.535s][info][gc,phases   ] GC(352)   Post Evacuate Collection Set: 0.45ms
[2026-09-05T11:15:55.028-0400][290.535s][info][gc,phases   ] GC(352)   Other: 0.27ms
[2026-09-05T11:15:55.028-0400][290.535s][info][gc,heap     ] GC(352) Eden regions: 184->0(187)
[2026-09-05T11:15:55.028-0400][290.535s][info][gc,heap     ] GC(352) Survivor regions: 17->14(26)
[2026-09-05T11:15:55.028-0400][290.535s][info][gc,heap     ] GC(352) Old regions: 860->863
[2026-09-05T11:15:55.028-0400][290.535s][info][gc,heap     ] GC(352) Archive regions: 0->0
[2026-09-05T11:15:55.028-0400][290.535s][info][gc,heap     ] GC(352) Humongous regions: 29->29
[2026-09-05T11:15:55.028-0400][290.535s][info][gc,metaspace] GC(352) Metaspace: 153475K(156096K)->153475K(156096K) NonClass: 131685K(133120K)->131685K(133120K) Class: 21789K(22976K)->21789K(22976K)
[2026-09-05T11:15:55.028-0400][290.535s][info][gc          ] GC(352) Pause Young (Normal) (G1 Evacuation Pause) 2177M->1810M(2462M) 4.277ms
[2026-09-05T11:15:55.028-0400][290.535s][info][gc,cpu      ] GC(352) User=0.02s Sys=0.02s Real=0.01s
[2026-09-05T11:15:55.112-0400][290.619s][info][gc,start    ] GC(353) Pause Young (Normal) (G1 Evacuation Pause)
[2026-09-05T11:15:55.112-0400][290.619s][info][gc,task     ] GC(353) Using 23 workers of 23 for evacuation
[2026-09-05T11:15:55.116-0400][290.622s][info][gc,phases   ] GC(353)   Pre Evacuate Collection Set: 0.12ms
[2026-09-05T11:15:55.116-0400][290.622s][info][gc,phases   ] GC(353)   Merge Heap Roots: 0.13ms
[2026-09-05T11:15:55.116-0400][290.622s][info][gc,phases   ] GC(353)   Evacuate Collection Set: 2.64ms
[2026-09-05T11:15:55.116-0400][290.622s][info][gc,phases   ] GC(353)   Post Evacuate Collection Set: 0.51ms
[2026-09-05T11:15:55.116-0400][290.622s][info][gc,phases   ] GC(353)   Other: 0.16ms
[2026-09-05T11:15:55.116-0400][290.622s][info][gc,heap     ] GC(353) Eden regions: 187->0(185)
[2026-09-05T11:15:55.116-0400][290.623s][info][gc,heap     ] GC(353) Survivor regions: 14->15(26)
[2026-09-05T11:15:55.116-0400][290.623s][info][gc,heap     ] GC(353) Old regions: 863->863
[2026-09-05T11:15:55.116-0400][290.623s][info][gc,heap     ] GC(353) Archive regions: 0->0
[2026-09-05T11:15:55.116-0400][290.623s][info][gc,heap     ] GC(353) Humongous regions: 29->29
[2026-09-05T11:15:55.116-0400][290.623s][info][gc,metaspace] GC(353) Metaspace: 153475K(156096K)->153475K(156096K) NonClass: 131685K(133120K)->131685K(133120K) Class: 21789K(22976K)->21789K(22976K)
[2026-09-05T11:15:55.116-0400][290.623s][info][gc          ] GC(353) Pause Young (Normal) (G1 Evacuation Pause) 2184M->1812M(2462M) 3.697ms
[2026-09-05T11:15:55.116-0400][290.623s][info][gc,cpu      ] GC(353) User=0.00s Sys=0.00s Real=0.00s
[2026-09-05T11:15:55.353-0400][290.860s][info][gc,start    ] GC(354) Pause Young (Normal) (G1 Evacuation Pause)
[2026-09-05T11:15:55.353-0400][290.860s][info][gc,task     ] GC(354) Using 23 workers of 23 for evacuation
[2026-09-05T11:15:55.356-0400][290.863s][info][gc,phases   ] GC(354)   Pre Evacuate Collection Set: 0.29ms
[2026-09-05T11:15:55.356-0400][290.863s][info][gc,phases   ] GC(354)   Merge Heap Roots: 0.12ms
[2026-09-05T11:15:55.356-0400][290.863s][info][gc,phases   ] GC(354)   Evacuate Collection Set: 1.91ms
[2026-09-05T11:15:55.356-0400][290.863s][info][gc,phases   ] GC(354)   Post Evacuate Collection Set: 0.86ms
[2026-09-05T11:15:55.356-0400][290.863s][info][gc,phases   ] GC(354)   Other: 0.15ms
[2026-09-05T11:15:55.356-0400][290.863s][info][gc,heap     ] GC(354) Eden regions: 185->0(189)
[2026-09-05T11:15:55.356-0400][290.863s][info][gc,heap     ] GC(354) Survivor regions: 15->12(25)
[2026-09-05T11:15:55.356-0400][290.863s][info][gc,heap     ] GC(354) Old regions: 863->865
[2026-09-05T11:15:55.356-0400][290.863s][info][gc,heap     ] GC(354) Archive regions: 0->0
[2026-09-05T11:15:55.356-0400][290.863s][info][gc,heap     ] GC(354) Humongous regions: 29->29
[2026-09-05T11:15:55.356-0400][290.863s][info][gc,metaspace] GC(354) Metaspace: 153475K(156096K)->153475K(156096K) NonClass: 131685K(133120K)->131685K(133120K) Class: 21789K(22976K)->21789K(22976K)
[2026-09-05T11:15:55.356-0400][290.863s][info][gc          ] GC(354) Pause Young (Normal) (G1 Evacuation Pause) 2182M->1810M(2462M) 3.459ms
[2026-09-05T11:15:55.356-0400][290.863s][info][gc,cpu      ] GC(354) User=0.00s Sys=0.02s Real=0.00s
[2026-09-05T11:15:55.719-0400][291.226s][info][gc,start    ] GC(355) Pause Young (Normal) (G1 Evacuation Pause)
[2026-09-05T11:15:55.719-0400][291.226s][info][gc,task     ] GC(355) Using 23 workers of 23 for evacuation
[2026-09-05T11:15:55.722-0400][291.229s][info][gc,phases   ] GC(355)   Pre Evacuate Collection Set: 0.23ms
[2026-09-05T11:15:55.722-0400][291.229s][info][gc,phases   ] GC(355)   Merge Heap Roots: 0.17ms
[2026-09-05T11:15:55.722-0400][291.229s][info][gc,phases   ] GC(355)   Evacuate Collection Set: 1.98ms
[2026-09-05T11:15:55.722-0400][291.229s][info][gc,phases   ] GC(355)   Post Evacuate Collection Set: 0.52ms
[2026-09-05T11:15:55.722-0400][291.229s][info][gc,phases   ] GC(355)   Other: 0.16ms
[2026-09-05T11:15:55.722-0400][291.229s][info][gc,heap     ] GC(355) Eden regions: 189->0(187)
[2026-09-05T11:15:55.722-0400][291.229s][info][gc,heap     ] GC(355) Survivor regions: 12->13(26)
[2026-09-05T11:15:55.722-0400][291.229s][info][gc,heap     ] GC(355) Old regions: 865->865
[2026-09-05T11:15:55.722-0400][291.229s][info][gc,heap     ] GC(355) Archive regions: 0->0
[2026-09-05T11:15:55.722-0400][291.229s][info][gc,heap     ] GC(355) Humongous regions: 29->29
[2026-09-05T11:15:55.722-0400][291.229s][info][gc,metaspace] GC(355) Metaspace: 153475K(156096K)->153475K(156096K) NonClass: 131685K(133120K)->131685K(133120K) Class: 21789K(22976K)->21789K(22976K)
[2026-09-05T11:15:55.722-0400][291.229s][info][gc          ] GC(355) Pause Young (Normal) (G1 Evacuation Pause) 2188M->1811M(2462M) 3.197ms
[2026-09-05T11:15:55.722-0400][291.229s][info][gc,cpu      ] GC(355) User=0.00s Sys=0.00s Real=0.00s
[2026-09-05T11:15:55.770-0400][291.276s][info][gc,start    ] GC(356) Pause Young (Normal) (G1 Evacuation Pause)
[2026-09-05T11:15:55.770-0400][291.276s][info][gc,task     ] GC(356) Using 23 workers of 23 for evacuation
[2026-09-05T11:15:55.773-0400][291.280s][info][gc,phases   ] GC(356)   Pre Evacuate Collection Set: 0.20ms
[2026-09-05T11:15:55.773-0400][291.280s][info][gc,phases   ] GC(356)   Merge Heap Roots: 0.17ms
[2026-09-05T11:15:55.773-0400][291.280s][info][gc,phases   ] GC(356)   Evacuate Collection Set: 2.29ms
[2026-09-05T11:15:55.773-0400][291.280s][info][gc,phases   ] GC(356)   Post Evacuate Collection Set: 0.64ms
[2026-09-05T11:15:55.773-0400][291.280s][info][gc,phases   ] GC(356)   Other: 0.16ms
[2026-09-05T11:15:55.773-0400][291.280s][info][gc,heap     ] GC(356) Eden regions: 187->0(183)
[2026-09-05T11:15:55.773-0400][291.280s][info][gc,heap     ] GC(356) Survivor regions: 13->15(25)
[2026-09-05T11:15:55.773-0400][291.280s][info][gc,heap     ] GC(356) Old regions: 865->865
[2026-09-05T11:15:55.773-0400][291.280s][info][gc,heap     ] GC(356) Archive regions: 0->0
[2026-09-05T11:15:55.773-0400][291.280s][info][gc,heap     ] GC(356) Humongous regions: 29->29
[2026-09-05T11:15:55.773-0400][291.280s][info][gc,metaspace] GC(356) Metaspace: 153475K(156096K)->153475K(156096K) NonClass: 131685K(133120K)->131685K(133120K) Class: 21789K(22976K)->21789K(22976K)
[2026-09-05T11:15:55.773-0400][291.280s][info][gc          ] GC(356) Pause Young (Normal) (G1 Evacuation Pause) 2185M->1815M(2462M) 3.583ms
[2026-09-05T11:15:55.773-0400][291.280s][info][gc,cpu      ] GC(356) User=0.00s Sys=0.00s Real=0.00s
[2026-09-05T11:15:55.882-0400][291.388s][info][gc,start    ] GC(357) Pause Young (Normal) (G1 Evacuation Pause)
[2026-09-05T11:15:55.882-0400][291.388s][info][gc,task     ] GC(357) Using 23 workers of 23 for evacuation
[2026-09-05T11:15:55.885-0400][291.392s][info][gc,phases   ] GC(357)   Pre Evacuate Collection Set: 0.14ms
[2026-09-05T11:15:55.885-0400][291.392s][info][gc,phases   ] GC(357)   Merge Heap Roots: 0.14ms
[2026-09-05T11:15:55.885-0400][291.392s][info][gc,phases   ] GC(357)   Evacuate Collection Set: 2.36ms
[2026-09-05T11:15:55.885-0400][291.392s][info][gc,phases   ] GC(357)   Post Evacuate Collection Set: 0.50ms
[2026-09-05T11:15:55.885-0400][291.392s][info][gc,phases   ] GC(357)   Other: 0.16ms
[2026-09-05T11:15:55.885-0400][291.392s][info][gc,heap     ] GC(357) Eden regions: 183->0(184)
[2026-09-05T11:15:55.885-0400][291.392s][info][gc,heap     ] GC(357) Survivor regions: 15->14(25)
[2026-09-05T11:15:55.885-0400][291.392s][info][gc,heap     ] GC(357) Old regions: 865->866
[2026-09-05T11:15:55.885-0400][291.392s][info][gc,heap     ] GC(357) Archive regions: 0->0
[2026-09-05T11:15:55.885-0400][291.392s][info][gc,heap     ] GC(357) Humongous regions: 29->29
[2026-09-05T11:15:55.885-0400][291.392s][info][gc,metaspace] GC(357) Metaspace: 153475K(156096K)->153475K(156096K) NonClass: 131685K(133120K)->131685K(133120K) Class: 21789K(22976K)->21789K(22976K)
[2026-09-05T11:15:55.885-0400][291.392s][info][gc          ] GC(357) Pause Young (Normal) (G1 Evacuation Pause) 2181M->1816M(2462M) 3.433ms
[2026-09-05T11:15:55.885-0400][291.392s][info][gc,cpu      ] GC(357) User=0.00s Sys=0.00s Real=0.00s
[2026-09-05T11:15:56.256-0400][291.762s][info][gc,start    ] GC(358) Pause Young (Normal) (GCLocker Initiated GC)
[2026-09-05T11:15:56.256-0400][291.762s][info][gc,task     ] GC(358) Using 23 workers of 23 for evacuation
[2026-09-05T11:15:56.259-0400][291.766s][info][gc,phases   ] GC(358)   Pre Evacuate Collection Set: 0.18ms
[2026-09-05T11:15:56.259-0400][291.766s][info][gc,phases   ] GC(358)   Merge Heap Roots: 0.15ms
[2026-09-05T11:15:56.259-0400][291.766s][info][gc,phases   ] GC(358)   Evacuate Collection Set: 2.53ms
[2026-09-05T11:15:56.259-0400][291.766s][info][gc,phases   ] GC(358)   Post Evacuate Collection Set: 0.85ms
[2026-09-05T11:15:56.259-0400][291.766s][info][gc,phases   ] GC(358)   Other: 0.15ms
[2026-09-05T11:15:56.259-0400][291.766s][info][gc,heap     ] GC(358) Eden regions: 185->0(185)
[2026-09-05T11:15:56.259-0400][291.766s][info][gc,heap     ] GC(358) Survivor regions: 14->12(25)
[2026-09-05T11:15:56.259-0400][291.766s][info][gc,heap     ] GC(358) Old regions: 866->869
[2026-09-05T11:15:56.259-0400][291.766s][info][gc,heap     ] GC(358) Archive regions: 0->0
[2026-09-05T11:15:56.259-0400][291.766s][info][gc,heap     ] GC(358) Humongous regions: 29->29
[2026-09-05T11:15:56.259-0400][291.766s][info][gc,metaspace] GC(358) Metaspace: 153477K(156096K)->153477K(156096K) NonClass: 131687K(133120K)->131687K(133120K) Class: 21789K(22976K)->21789K(22976K)
[2026-09-05T11:15:56.259-0400][291.766s][info][gc          ] GC(358) Pause Young (Normal) (GCLocker Initiated GC) 2185M->1818M(2462M) 4.001ms
[2026-09-05T11:15:56.259-0400][291.766s][info][gc,cpu      ] GC(358) User=0.00s Sys=0.00s Real=0.00s
[2026-09-05T11:15:56.382-0400][291.888s][info][gc,start    ] GC(359) Pause Young (Normal) (GCLocker Initiated GC)
[2026-09-05T11:15:56.382-0400][291.888s][info][gc,task     ] GC(359) Using 23 workers of 23 for evacuation
[2026-09-05T11:15:56.386-0400][291.892s][info][gc,phases   ] GC(359)   Pre Evacuate Collection Set: 0.20ms
[2026-09-05T11:15:56.386-0400][291.892s][info][gc,phases   ] GC(359)   Merge Heap Roots: 0.18ms
[2026-09-05T11:15:56.386-0400][291.892s][info][gc,phases   ] GC(359)   Evacuate Collection Set: 2.71ms
[2026-09-05T11:15:56.386-0400][291.892s][info][gc,phases   ] GC(359)   Post Evacuate Collection Set: 0.51ms
[2026-09-05T11:15:56.386-0400][291.892s][info][gc,phases   ] GC(359)   Other: 0.17ms
[2026-09-05T11:15:56.386-0400][291.892s][info][gc,heap     ] GC(359) Eden regions: 185->0(183)
[2026-09-05T11:15:56.386-0400][291.892s][info][gc,heap     ] GC(359) Survivor regions: 12->13(25)
[2026-09-05T11:15:56.386-0400][291.892s][info][gc,heap     ] GC(359) Old regions: 869->869
[2026-09-05T11:15:56.386-0400][291.892s][info][gc,heap     ] GC(359) Archive regions: 0->0
[2026-09-05T11:15:56.386-0400][291.892s][info][gc,heap     ] GC(359) Humongous regions: 29->29
[2026-09-05T11:15:56.386-0400][291.892s][info][gc,metaspace] GC(359) Metaspace: 153479K(156096K)->153479K(156096K) NonClass: 131689K(133120K)->131689K(133120K) Class: 21789K(22976K)->21789K(22976K)
[2026-09-05T11:15:56.386-0400][291.892s][info][gc          ] GC(359) Pause Young (Normal) (GCLocker Initiated GC) 2188M->1820M(2462M) 3.898ms
[2026-09-05T11:15:56.386-0400][291.892s][info][gc,cpu      ] GC(359) User=0.00s Sys=0.00s Real=0.00s
[2026-09-05T11:15:56.643-0400][292.150s][info][gc,start    ] GC(360) Pause Young (Normal) (G1 Evacuation Pause)
[2026-09-05T11:15:56.643-0400][292.150s][info][gc,task     ] GC(360) Using 23 workers of 23 for evacuation
[2026-09-05T11:15:56.648-0400][292.154s][info][gc,phases   ] GC(360)   Pre Evacuate Collection Set: 0.26ms
[2026-09-05T11:15:56.648-0400][292.154s][info][gc,phases   ] GC(360)   Merge Heap Roots: 0.14ms
[2026-09-05T11:15:56.648-0400][292.154s][info][gc,phases   ] GC(360)   Evacuate Collection Set: 3.18ms
[2026-09-05T11:15:56.648-0400][292.154s][info][gc,phases   ] GC(360)   Post Evacuate Collection Set: 0.60ms
[2026-09-05T11:15:56.648-0400][292.154s][info][gc,phases   ] GC(360)   Other: 0.20ms
[2026-09-05T11:15:56.648-0400][292.154s][info][gc,heap     ] GC(360) Eden regions: 183->0(177)
[2026-09-05T11:15:56.648-0400][292.154s][info][gc,heap     ] GC(360) Survivor regions: 13->16(25)
[2026-09-05T11:15:56.648-0400][292.154s][info][gc,heap     ] GC(360) Old regions: 869->869
[2026-09-05T11:15:56.648-0400][292.154s][info][gc,heap     ] GC(360) Archive regions: 0->0
[2026-09-05T11:15:56.648-0400][292.154s][info][gc,heap     ] GC(360) Humongous regions: 29->29
[2026-09-05T11:15:56.648-0400][292.154s][info][gc,metaspace] GC(360) Metaspace: 153480K(156096K)->153480K(156096K) NonClass: 131690K(133120K)->131690K(133120K) Class: 21789K(22976K)->21789K(22976K)
[2026-09-05T11:15:56.648-0400][292.154s][info][gc          ] GC(360) Pause Young (Normal) (G1 Evacuation Pause) 2186M->1827M(2462M) 4.462ms
[2026-09-05T11:15:56.648-0400][292.154s][info][gc,cpu      ] GC(360) User=0.00s Sys=0.00s Real=0.01s
[2026-09-05T11:15:56.681-0400][292.189s][info][gc,start    ] GC(361) Pause Young (Normal) (GCLocker Initiated GC)
[2026-09-05T11:15:56.681-0400][292.189s][info][gc,task     ] GC(361) Using 23 workers of 23 for evacuation
[2026-09-05T11:15:56.686-0400][292.193s][info][gc,phases   ] GC(361)   Pre Evacuate Collection Set: 0.19ms
[2026-09-05T11:15:56.686-0400][292.193s][info][gc,phases   ] GC(361)   Merge Heap Roots: 0.15ms
[2026-09-05T11:15:56.686-0400][292.194s][info][gc,phases   ] GC(361)   Evacuate Collection Set: 3.69ms
[2026-09-05T11:15:56.686-0400][292.194s][info][gc,phases   ] GC(361)   Post Evacuate Collection Set: 0.67ms
[2026-09-05T11:15:56.686-0400][292.194s][info][gc,phases   ] GC(361)   Other: 0.16ms
[2026-09-05T11:15:56.686-0400][292.194s][info][gc,heap     ] GC(361) Eden regions: 178->0(175)
[2026-09-05T11:15:56.686-0400][292.194s][info][gc,heap     ] GC(361) Survivor regions: 16->16(25)
[2026-09-05T11:15:56.686-0400][292.194s][info][gc,heap     ] GC(361) Old regions: 869->871
[2026-09-05T11:15:56.686-0400][292.194s][info][gc,heap     ] GC(361) Archive regions: 0->0
[2026-09-05T11:15:56.686-0400][292.194s][info][gc,heap     ] GC(361) Humongous regions: 29->29
[2026-09-05T11:15:56.686-0400][292.194s][info][gc,metaspace] GC(361) Metaspace: 153480K(156096K)->153480K(156096K) NonClass: 131690K(133120K)->131690K(133120K) Class: 21789K(22976K)->21789K(22976K)
[2026-09-05T11:15:56.686-0400][292.194s][info][gc          ] GC(361) Pause Young (Normal) (GCLocker Initiated GC) 2181M->1830M(2462M) 5.078ms
[2026-09-05T11:15:56.686-0400][292.194s][info][gc,cpu      ] GC(361) User=0.34s Sys=0.03s Real=0.01s
[2026-09-05T11:15:56.729-0400][292.235s][info][gc,start    ] GC(362) Pause Young (Normal) (G1 Evacuation Pause)
[2026-09-05T11:15:56.729-0400][292.236s][info][gc,task     ] GC(362) Using 23 workers of 23 for evacuation
[2026-09-05T11:15:56.732-0400][292.239s][info][gc,phases   ] GC(362)   Pre Evacuate Collection Set: 0.18ms
[2026-09-05T11:15:56.732-0400][292.239s][info][gc,phases   ] GC(362)   Merge Heap Roots: 0.16ms
[2026-09-05T11:15:56.732-0400][292.239s][info][gc,phases   ] GC(362)   Evacuate Collection Set: 2.68ms
[2026-09-05T11:15:56.732-0400][292.239s][info][gc,phases   ] GC(362)   Post Evacuate Collection Set: 0.48ms
[2026-09-05T11:15:56.732-0400][292.239s][info][gc,phases   ] GC(362)   Other: 0.18ms
[2026-09-05T11:15:56.732-0400][292.239s][info][gc,heap     ] GC(362) Eden regions: 175->0(178)
[2026-09-05T11:15:56.732-0400][292.239s][info][gc,heap     ] GC(362) Survivor regions: 16->13(24)
[2026-09-05T11:15:56.732-0400][292.239s][info][gc,heap     ] GC(362) Old regions: 871->874
[2026-09-05T11:15:56.732-0400][292.239s][info][gc,heap     ] GC(362) Archive regions: 0->0
[2026-09-05T11:15:56.732-0400][292.239s][info][gc,heap     ] GC(362) Humongous regions: 29->29
[2026-09-05T11:15:56.732-0400][292.239s][info][gc,metaspace] GC(362) Metaspace: 153480K(156096K)->153480K(156096K) NonClass: 131690K(133120K)->131690K(133120K) Class: 21789K(22976K)->21789K(22976K)
[2026-09-05T11:15:56.732-0400][292.239s][info][gc          ] GC(362) Pause Young (Normal) (G1 Evacuation Pause) 2180M->1830M(2462M) 3.796ms
[2026-09-05T11:15:56.732-0400][292.239s][info][gc,cpu      ] GC(362) User=0.36s Sys=0.02s Real=0.00s
[2026-09-05T11:15:56.959-0400][292.466s][info][gc,start    ] GC(363) Pause Young (Normal) (GCLocker Initiated GC)
[2026-09-05T11:15:56.959-0400][292.466s][info][gc,task     ] GC(363) Using 23 workers of 23 for evacuation
[2026-09-05T11:15:56.961-0400][292.468s][info][gc,phases   ] GC(363)   Pre Evacuate Collection Set: 0.17ms
[2026-09-05T11:15:56.961-0400][292.468s][info][gc,phases   ] GC(363)   Merge Heap Roots: 0.13ms
[2026-09-05T11:15:56.961-0400][292.468s][info][gc,phases   ] GC(363)   Evacuate Collection Set: 1.89ms
[2026-09-05T11:15:56.961-0400][292.468s][info][gc,phases   ] GC(363)   Post Evacuate Collection Set: 0.48ms
[2026-09-05T11:15:56.961-0400][292.468s][info][gc,phases   ] GC(363)   Other: 0.11ms
[2026-09-05T11:15:56.961-0400][292.468s][info][gc,heap     ] GC(363) Eden regions: 178->0(178)
[2026-09-05T11:15:56.961-0400][292.468s][info][gc,heap     ] GC(363) Survivor regions: 13->13(24)
[2026-09-05T11:15:56.961-0400][292.468s][info][gc,heap     ] GC(363) Old regions: 874->874
[2026-09-05T11:15:56.961-0400][292.468s][info][gc,heap     ] GC(363) Archive regions: 0->0
[2026-09-05T11:15:56.961-0400][292.468s][info][gc,heap     ] GC(363) Humongous regions: 29->29
[2026-09-05T11:15:56.961-0400][292.468s][info][gc,metaspace] GC(363) Metaspace: 153480K(156096K)->153480K(156096K) NonClass: 131690K(133120K)->131690K(133120K) Class: 21789K(22976K)->21789K(22976K)
[2026-09-05T11:15:56.962-0400][292.469s][info][gc          ] GC(363) Pause Young (Normal) (GCLocker Initiated GC) 2186M->1830M(2462M) 2.945ms
[2026-09-05T11:15:56.962-0400][292.469s][info][gc,cpu      ] GC(363) User=0.00s Sys=0.00s Real=0.00s
[2026-09-05T11:15:57.332-0400][292.838s][info][gc,start    ] GC(364) Pause Young (Normal) (G1 Evacuation Pause)
[2026-09-05T11:15:57.332-0400][292.838s][info][gc,task     ] GC(364) Using 23 workers of 23 for evacuation
[2026-09-05T11:15:57.335-0400][292.841s][info][gc,phases   ] GC(364)   Pre Evacuate Collection Set: 0.22ms
[2026-09-05T11:15:57.335-0400][292.841s][info][gc,phases   ] GC(364)   Merge Heap Roots: 0.19ms
[2026-09-05T11:15:57.335-0400][292.841s][info][gc,phases   ] GC(364)   Evacuate Collection Set: 1.86ms
[2026-09-05T11:15:57.335-0400][292.841s][info][gc,phases   ] GC(364)   Post Evacuate Collection Set: 0.58ms
[2026-09-05T11:15:57.335-0400][292.841s][info][gc,phases   ] GC(364)   Other: 0.12ms
[2026-09-05T11:15:57.335-0400][292.841s][info][gc,heap     ] GC(364) Eden regions: 178->0(178)
[2026-09-05T11:15:57.335-0400][292.841s][info][gc,heap     ] GC(364) Survivor regions: 13->13(24)
[2026-09-05T11:15:57.335-0400][292.841s][info][gc,heap     ] GC(364) Old regions: 874->874
[2026-09-05T11:15:57.335-0400][292.841s][info][gc,heap     ] GC(364) Archive regions: 0->0
[2026-09-05T11:15:57.335-0400][292.841s][info][gc,heap     ] GC(364) Humongous regions: 29->29
[2026-09-05T11:15:57.335-0400][292.841s][info][gc,metaspace] GC(364) Metaspace: 153480K(156096K)->153480K(156096K) NonClass: 131690K(133120K)->131690K(133120K) Class: 21789K(22976K)->21789K(22976K)
[2026-09-05T11:15:57.335-0400][292.841s][info][gc          ] GC(364) Pause Young (Normal) (G1 Evacuation Pause) 2186M->1829M(2462M) 3.099ms
[2026-09-05T11:15:57.335-0400][292.841s][info][gc,cpu      ] GC(364) User=0.00s Sys=0.00s Real=0.00s
[2026-09-05T11:15:57.666-0400][293.174s][info][gc,start    ] GC(365) Pause Young (Normal) (G1 Evacuation Pause)
[2026-09-05T11:15:57.666-0400][293.174s][info][gc,task     ] GC(365) Using 23 workers of 23 for evacuation
[2026-09-05T11:15:57.670-0400][293.177s][info][gc,phases   ] GC(365)   Pre Evacuate Collection Set: 0.20ms
[2026-09-05T11:15:57.670-0400][293.177s][info][gc,phases   ] GC(365)   Merge Heap Roots: 0.19ms
[2026-09-05T11:15:57.670-0400][293.177s][info][gc,phases   ] GC(365)   Evacuate Collection Set: 2.34ms
[2026-09-05T11:15:57.670-0400][293.177s][info][gc,phases   ] GC(365)   Post Evacuate Collection Set: 0.52ms
[2026-09-05T11:15:57.670-0400][293.177s][info][gc,phases   ] GC(365)   Other: 0.15ms
[2026-09-05T11:15:57.670-0400][293.177s][info][gc,heap     ] GC(365) Eden regions: 178->0(174)
[2026-09-05T11:15:57.670-0400][293.177s][info][gc,heap     ] GC(365) Survivor regions: 13->15(24)
[2026-09-05T11:15:57.670-0400][293.177s][info][gc,heap     ] GC(365) Old regions: 874->874
[2026-09-05T11:15:57.670-0400][293.177s][info][gc,heap     ] GC(365) Archive regions: 0->0
[2026-09-05T11:15:57.670-0400][293.177s][info][gc,heap     ] GC(365) Humongous regions: 29->29
[2026-09-05T11:15:57.670-0400][293.177s][info][gc,metaspace] GC(365) Metaspace: 153480K(156096K)->153480K(156096K) NonClass: 131690K(133120K)->131690K(133120K) Class: 21789K(22976K)->21789K(22976K)
[2026-09-05T11:15:57.670-0400][293.177s][info][gc          ] GC(365) Pause Young (Normal) (G1 Evacuation Pause) 2185M->1834M(2462M) 3.527ms
[2026-09-05T11:15:57.670-0400][293.177s][info][gc,cpu      ] GC(365) User=0.33s Sys=0.00s Real=0.00s
[2026-09-05T11:15:57.740-0400][293.247s][info][gc,start    ] GC(366) Pause Young (Normal) (G1 Evacuation Pause)
[2026-09-05T11:15:57.740-0400][293.247s][info][gc,task     ] GC(366) Using 23 workers of 23 for evacuation
[2026-09-05T11:15:57.744-0400][293.251s][info][gc,phases   ] GC(366)   Pre Evacuate Collection Set: 0.18ms
[2026-09-05T11:15:57.744-0400][293.251s][info][gc,phases   ] GC(366)   Merge Heap Roots: 0.14ms
[2026-09-05T11:15:57.744-0400][293.251s][info][gc,phases   ] GC(366)   Evacuate Collection Set: 2.31ms
[2026-09-05T11:15:57.744-0400][293.251s][info][gc,phases   ] GC(366)   Post Evacuate Collection Set: 0.51ms
[2026-09-05T11:15:57.744-0400][293.251s][info][gc,phases   ] GC(366)   Other: 0.18ms
[2026-09-05T11:15:57.744-0400][293.251s][info][gc,heap     ] GC(366) Eden regions: 174->0(176)
[2026-09-05T11:15:57.744-0400][293.251s][info][gc,heap     ] GC(366) Survivor regions: 15->13(24)
[2026-09-05T11:15:57.744-0400][293.251s][info][gc,heap     ] GC(366) Old regions: 874->876
[2026-09-05T11:15:57.744-0400][293.251s][info][gc,heap     ] GC(366) Archive regions: 0->0
[2026-09-05T11:15:57.744-0400][293.251s][info][gc,heap     ] GC(366) Humongous regions: 29->29
[2026-09-05T11:15:57.744-0400][293.251s][info][gc,metaspace] GC(366) Metaspace: 153480K(156096K)->153480K(156096K) NonClass: 131690K(133120K)->131690K(133120K) Class: 21789K(22976K)->21789K(22976K)
[2026-09-05T11:15:57.744-0400][293.251s][info][gc          ] GC(366) Pause Young (Normal) (G1 Evacuation Pause) 2182M->1835M(2462M) 3.457ms
[2026-09-05T11:15:57.744-0400][293.251s][info][gc,cpu      ] GC(366) User=0.00s Sys=0.00s Real=0.00s
[2026-09-05T11:15:57.959-0400][293.466s][info][gc,start    ] GC(367) Pause Young (Normal) (GCLocker Initiated GC)
[2026-09-05T11:15:57.959-0400][293.466s][info][gc,task     ] GC(367) Using 23 workers of 23 for evacuation
[2026-09-05T11:15:57.962-0400][293.469s][info][gc,phases   ] GC(367)   Pre Evacuate Collection Set: 0.19ms
[2026-09-05T11:15:57.962-0400][293.469s][info][gc,phases   ] GC(367)   Merge Heap Roots: 0.14ms
[2026-09-05T11:15:57.962-0400][293.469s][info][gc,phases   ] GC(367)   Evacuate Collection Set: 1.95ms
[2026-09-05T11:15:57.962-0400][293.469s][info][gc,phases   ] GC(367)   Post Evacuate Collection Set: 0.48ms
[2026-09-05T11:15:57.962-0400][293.469s][info][gc,phases   ] GC(367)   Other: 0.13ms
[2026-09-05T11:15:57.962-0400][293.469s][info][gc,heap     ] GC(367) Eden regions: 177->0(172)
[2026-09-05T11:15:57.962-0400][293.469s][info][gc,heap     ] GC(367) Survivor regions: 13->15(24)
[2026-09-05T11:15:57.962-0400][293.469s][info][gc,heap     ] GC(367) Old regions: 876->876
[2026-09-05T11:15:57.962-0400][293.469s][info][gc,heap     ] GC(367) Archive regions: 0->0
[2026-09-05T11:15:57.962-0400][293.469s][info][gc,heap     ] GC(367) Humongous regions: 29->29
[2026-09-05T11:15:57.962-0400][293.469s][info][gc,metaspace] GC(367) Metaspace: 153481K(156096K)->153481K(156096K) NonClass: 131691K(133120K)->131691K(133120K) Class: 21789K(22976K)->21789K(22976K)
[2026-09-05T11:15:57.962-0400][293.469s][info][gc          ] GC(367) Pause Young (Normal) (GCLocker Initiated GC) 2188M->1838M(2462M) 3.030ms
[2026-09-05T11:15:57.962-0400][293.469s][info][gc,cpu      ] GC(367) User=0.00s Sys=0.00s Real=0.00s
[2026-09-05T11:15:58.185-0400][293.692s][info][gc,start    ] GC(368) Pause Young (Normal) (G1 Evacuation Pause)
[2026-09-05T11:15:58.185-0400][293.692s][info][gc,task     ] GC(368) Using 23 workers of 23 for evacuation
[2026-09-05T11:15:58.188-0400][293.695s][info][gc,phases   ] GC(368)   Pre Evacuate Collection Set: 0.18ms
[2026-09-05T11:15:58.188-0400][293.695s][info][gc,phases   ] GC(368)   Merge Heap Roots: 0.15ms
[2026-09-05T11:15:58.188-0400][293.695s][info][gc,phases   ] GC(368)   Evacuate Collection Set: 2.05ms
[2026-09-05T11:15:58.188-0400][293.695s][info][gc,phases   ] GC(368)   Post Evacuate Collection Set: 0.54ms
[2026-09-05T11:15:58.188-0400][293.695s][info][gc,phases   ] GC(368)   Other: 0.13ms
[2026-09-05T11:15:58.188-0400][293.695s][info][gc,heap     ] GC(368) Eden regions: 172->0(170)
[2026-09-05T11:15:58.188-0400][293.695s][info][gc,heap     ] GC(368) Survivor regions: 15->15(24)
[2026-09-05T11:15:58.188-0400][293.695s][info][gc,heap     ] GC(368) Old regions: 876->878
[2026-09-05T11:15:58.188-0400][293.695s][info][gc,heap     ] GC(368) Archive regions: 0->0
[2026-09-05T11:15:58.188-0400][293.695s][info][gc,heap     ] GC(368) Humongous regions: 29->29
[2026-09-05T11:15:58.188-0400][293.695s][info][gc,metaspace] GC(368) Metaspace: 153481K(156096K)->153481K(156096K) NonClass: 131691K(133120K)->131691K(133120K) Class: 21789K(22976K)->21789K(22976K)
[2026-09-05T11:15:58.188-0400][293.695s][info][gc          ] GC(368) Pause Young (Normal) (G1 Evacuation Pause) 2182M->1840M(2462M) 3.209ms
[2026-09-05T11:15:58.188-0400][293.695s][info][gc,cpu      ] GC(368) User=0.00s Sys=0.00s Real=0.00s
[2026-09-05T11:15:58.316-0400][293.823s][info][gc,start    ] GC(369) Pause Young (Normal) (G1 Evacuation Pause)
[2026-09-05T11:15:58.316-0400][293.824s][info][gc,task     ] GC(369) Using 23 workers of 23 for evacuation
[2026-09-05T11:15:58.322-0400][293.828s][info][gc,phases   ] GC(369)   Pre Evacuate Collection Set: 0.21ms
[2026-09-05T11:15:58.322-0400][293.828s][info][gc,phases   ] GC(369)   Merge Heap Roots: 0.15ms
[2026-09-05T11:15:58.322-0400][293.828s][info][gc,phases   ] GC(369)   Evacuate Collection Set: 3.64ms
[2026-09-05T11:15:58.322-0400][293.828s][info][gc,phases   ] GC(369)   Post Evacuate Collection Set: 0.68ms
[2026-09-05T11:15:58.322-0400][293.828s][info][gc,phases   ] GC(369)   Other: 0.26ms
[2026-09-05T11:15:58.322-0400][293.828s][info][gc,heap     ] GC(369) Eden regions: 170->0(159)
[2026-09-05T11:15:58.322-0400][293.828s][info][gc,heap     ] GC(369) Survivor regions: 15->20(24)
[2026-09-05T11:15:58.322-0400][293.828s][info][gc,heap     ] GC(369) Old regions: 878->879
[2026-09-05T11:15:58.322-0400][293.828s][info][gc,heap     ] GC(369) Archive regions: 0->0
[2026-09-05T11:15:58.322-0400][293.828s][info][gc,heap     ] GC(369) Humongous regions: 29->29
[2026-09-05T11:15:58.322-0400][293.828s][info][gc,metaspace] GC(369) Metaspace: 153481K(156096K)->153481K(156096K) NonClass: 131691K(133120K)->131691K(133120K) Class: 21789K(22976K)->21789K(22976K)
[2026-09-05T11:15:58.322-0400][293.828s][info][gc          ] GC(369) Pause Young (Normal) (G1 Evacuation Pause) 2180M->1852M(2462M) 5.011ms
[2026-09-05T11:15:58.322-0400][293.829s][info][gc,cpu      ] GC(369) User=0.00s Sys=0.00s Real=0.01s
[2026-09-05T11:15:58.353-0400][293.859s][info][gc,start    ] GC(370) Pause Young (Normal) (G1 Evacuation Pause)
[2026-09-05T11:15:58.353-0400][293.860s][info][gc,task     ] GC(370) Using 23 workers of 23 for evacuation
[2026-09-05T11:15:58.358-0400][293.864s][info][gc,phases   ] GC(370)   Pre Evacuate Collection Set: 0.22ms
[2026-09-05T11:15:58.358-0400][293.864s][info][gc,phases   ] GC(370)   Merge Heap Roots: 0.16ms
[2026-09-05T11:15:58.358-0400][293.864s][info][gc,phases   ] GC(370)   Evacuate Collection Set: 3.62ms
[2026-09-05T11:15:58.358-0400][293.864s][info][gc,phases   ] GC(370)   Post Evacuate Collection Set: 0.53ms
[2026-09-05T11:15:58.358-0400][293.864s][info][gc,phases   ] GC(370)   Other: 0.17ms
[2026-09-05T11:15:58.358-0400][293.864s][info][gc,heap     ] GC(370) Eden regions: 159->0(163)
[2026-09-05T11:15:58.358-0400][293.864s][info][gc,heap     ] GC(370) Survivor regions: 20->15(23)
[2026-09-05T11:15:58.358-0400][293.864s][info][gc,heap     ] GC(370) Old regions: 879->885
[2026-09-05T11:15:58.358-0400][293.864s][info][gc,heap     ] GC(370) Archive regions: 0->0
[2026-09-05T11:15:58.358-0400][293.864s][info][gc,heap     ] GC(370) Humongous regions: 29->29
[2026-09-05T11:15:58.358-0400][293.864s][info][gc,metaspace] GC(370) Metaspace: 153481K(156096K)->153481K(156096K) NonClass: 131691K(133120K)->131691K(133120K) Class: 21789K(22976K)->21789K(22976K)
[2026-09-05T11:15:58.358-0400][293.864s][info][gc          ] GC(370) Pause Young (Normal) (G1 Evacuation Pause) 2170M->1856M(2462M) 4.822ms
[2026-09-05T11:15:58.358-0400][293.864s][info][gc,cpu      ] GC(370) User=0.34s Sys=0.00s Real=0.01s
[2026-09-05T11:15:58.395-0400][293.902s][info][gc,start    ] GC(371) Pause Young (Normal) (G1 Evacuation Pause)
[2026-09-05T11:15:58.395-0400][293.902s][info][gc,task     ] GC(371) Using 23 workers of 23 for evacuation
[2026-09-05T11:15:58.398-0400][293.905s][info][gc,phases   ] GC(371)   Pre Evacuate Collection Set: 0.20ms
[2026-09-05T11:15:58.399-0400][293.906s][info][gc,phases   ] GC(371)   Merge Heap Roots: 0.12ms
[2026-09-05T11:15:58.399-0400][293.906s][info][gc,phases   ] GC(371)   Evacuate Collection Set: 2.62ms
[2026-09-05T11:15:58.399-0400][293.906s][info][gc,phases   ] GC(371)   Post Evacuate Collection Set: 0.54ms
[2026-09-05T11:15:58.399-0400][293.906s][info][gc,phases   ] GC(371)   Other: 0.20ms
[2026-09-05T11:15:58.399-0400][293.906s][info][gc,heap     ] GC(371) Eden regions: 163->0(164)
[2026-09-05T11:15:58.399-0400][293.906s][info][gc,heap     ] GC(371) Survivor regions: 15->13(23)
[2026-09-05T11:15:58.399-0400][293.906s][info][gc,heap     ] GC(371) Old regions: 885->888
[2026-09-05T11:15:58.399-0400][293.906s][info][gc,heap     ] GC(371) Archive regions: 0->0
[2026-09-05T11:15:58.399-0400][293.906s][info][gc,heap     ] GC(371) Humongous regions: 29->29
[2026-09-05T11:15:58.399-0400][293.906s][info][gc,metaspace] GC(371) Metaspace: 153481K(156096K)->153481K(156096K) NonClass: 131691K(133120K)->131691K(133120K) Class: 21789K(22976K)->21789K(22976K)
[2026-09-05T11:15:58.399-0400][293.906s][info][gc          ] GC(371) Pause Young (Normal) (G1 Evacuation Pause) 2182M->1857M(2462M) 3.819ms
[2026-09-05T11:15:58.399-0400][293.906s][info][gc,cpu      ] GC(371) User=0.00s Sys=0.00s Real=0.00s
[2026-09-05T11:15:58.471-0400][293.978s][info][gc,start    ] GC(372) Pause Young (Normal) (G1 Evacuation Pause)
[2026-09-05T11:15:58.471-0400][293.978s][info][gc,task     ] GC(372) Using 23 workers of 23 for evacuation
[2026-09-05T11:15:58.474-0400][293.981s][info][gc,phases   ] GC(372)   Pre Evacuate Collection Set: 0.16ms
[2026-09-05T11:15:58.474-0400][293.981s][info][gc,phases   ] GC(372)   Merge Heap Roots: 0.13ms
[2026-09-05T11:15:58.474-0400][293.981s][info][gc,phases   ] GC(372)   Evacuate Collection Set: 2.41ms
[2026-09-05T11:15:58.474-0400][293.981s][info][gc,phases   ] GC(372)   Post Evacuate Collection Set: 0.42ms
[2026-09-05T11:15:58.474-0400][293.981s][info][gc,phases   ] GC(372)   Other: 0.16ms
[2026-09-05T11:15:58.474-0400][293.981s][info][gc,heap     ] GC(372) Eden regions: 164->0(164)
[2026-09-05T11:15:58.474-0400][293.981s][info][gc,heap     ] GC(372) Survivor regions: 13->13(23)
[2026-09-05T11:15:58.474-0400][293.981s][info][gc,heap     ] GC(372) Old regions: 888->888
[2026-09-05T11:15:58.474-0400][293.981s][info][gc,heap     ] GC(372) Archive regions: 0->0
[2026-09-05T11:15:58.474-0400][293.981s][info][gc,heap     ] GC(372) Humongous regions: 29->29
[2026-09-05T11:15:58.474-0400][293.981s][info][gc,metaspace] GC(372) Metaspace: 153481K(156096K)->153481K(156096K) NonClass: 131691K(133120K)->131691K(133120K) Class: 21789K(22976K)->21789K(22976K)
[2026-09-05T11:15:58.474-0400][293.981s][info][gc          ] GC(372) Pause Young (Normal) (G1 Evacuation Pause) 2185M->1858M(2462M) 3.416ms
[2026-09-05T11:15:58.474-0400][293.981s][info][gc,cpu      ] GC(372) User=0.00s Sys=0.00s Real=0.00s
[2026-09-05T11:15:58.637-0400][294.143s][info][gc,start    ] GC(373) Pause Young (Normal) (G1 Evacuation Pause)
[2026-09-05T11:15:58.637-0400][294.143s][info][gc,task     ] GC(373) Using 23 workers of 23 for evacuation
[2026-09-05T11:15:58.639-0400][294.146s][info][gc,phases   ] GC(373)   Pre Evacuate Collection Set: 0.23ms
[2026-09-05T11:15:58.639-0400][294.146s][info][gc,phases   ] GC(373)   Merge Heap Roots: 0.13ms
[2026-09-05T11:15:58.639-0400][294.146s][info][gc,phases   ] GC(373)   Evacuate Collection Set: 1.73ms
[2026-09-05T11:15:58.639-0400][294.146s][info][gc,phases   ] GC(373)   Post Evacuate Collection Set: 0.46ms
[2026-09-05T11:15:58.639-0400][294.146s][info][gc,phases   ] GC(373)   Other: 0.12ms
[2026-09-05T11:15:58.639-0400][294.146s][info][gc,heap     ] GC(373) Eden regions: 164->0(164)
[2026-09-05T11:15:58.639-0400][294.146s][info][gc,heap     ] GC(373) Survivor regions: 13->13(23)
[2026-09-05T11:15:58.639-0400][294.146s][info][gc,heap     ] GC(373) Old regions: 888->888
[2026-09-05T11:15:58.639-0400][294.146s][info][gc,heap     ] GC(373) Archive regions: 0->0
[2026-09-05T11:15:58.639-0400][294.146s][info][gc,heap     ] GC(373) Humongous regions: 29->29
[2026-09-05T11:15:58.639-0400][294.146s][info][gc,metaspace] GC(373) Metaspace: 153481K(156096K)->153481K(156096K) NonClass: 131691K(133120K)->131691K(133120K) Class: 21789K(22976K)->21789K(22976K)
[2026-09-05T11:15:58.639-0400][294.146s][info][gc          ] GC(373) Pause Young (Normal) (G1 Evacuation Pause) 2186M->1857M(2462M) 2.778ms
[2026-09-05T11:15:58.639-0400][294.146s][info][gc,cpu      ] GC(373) User=0.36s Sys=0.00s Real=0.00s
[2026-09-05T11:15:58.993-0400][294.500s][info][gc,start    ] GC(374) Pause Young (Normal) (G1 Evacuation Pause)
[2026-09-05T11:15:58.993-0400][294.500s][info][gc,task     ] GC(374) Using 23 workers of 23 for evacuation
[2026-09-05T11:15:58.996-0400][294.503s][info][gc,phases   ] GC(374)   Pre Evacuate Collection Set: 0.17ms
[2026-09-05T11:15:58.996-0400][294.503s][info][gc,phases   ] GC(374)   Merge Heap Roots: 0.20ms
[2026-09-05T11:15:58.996-0400][294.503s][info][gc,phases   ] GC(374)   Evacuate Collection Set: 1.82ms
[2026-09-05T11:15:58.996-0400][294.503s][info][gc,phases   ] GC(374)   Post Evacuate Collection Set: 0.54ms
[2026-09-05T11:15:58.996-0400][294.503s][info][gc,phases   ] GC(374)   Other: 0.13ms
[2026-09-05T11:15:58.996-0400][294.503s][info][gc,heap     ] GC(374) Eden regions: 164->0(166)
[2026-09-05T11:15:58.996-0400][294.503s][info][gc,heap     ] GC(374) Survivor regions: 13->12(23)
[2026-09-05T11:15:58.996-0400][294.503s][info][gc,heap     ] GC(374) Old regions: 888->888
[2026-09-05T11:15:58.996-0400][294.503s][info][gc,heap     ] GC(374) Archive regions: 0->0
[2026-09-05T11:15:58.996-0400][294.503s][info][gc,heap     ] GC(374) Humongous regions: 29->29
[2026-09-05T11:15:58.996-0400][294.503s][info][gc,metaspace] GC(374) Metaspace: 153488K(156096K)->153488K(156096K) NonClass: 131698K(133120K)->131698K(133120K) Class: 21789K(22976K)->21789K(22976K)
[2026-09-05T11:15:58.996-0400][294.503s][info][gc          ] GC(374) Pause Young (Normal) (G1 Evacuation Pause) 2185M->1857M(2462M) 2.968ms
[2026-09-05T11:15:58.996-0400][294.503s][info][gc,cpu      ] GC(374) User=0.00s Sys=0.00s Real=0.00s
[2026-09-05T11:15:59.141-0400][294.647s][info][gc,start    ] GC(375) Pause Young (Normal) (G1 Evacuation Pause)
[2026-09-05T11:15:59.141-0400][294.647s][info][gc,task     ] GC(375) Using 23 workers of 23 for evacuation
[2026-09-05T11:15:59.144-0400][294.651s][info][gc,phases   ] GC(375)   Pre Evacuate Collection Set: 0.24ms
[2026-09-05T11:15:59.145-0400][294.651s][info][gc,phases   ] GC(375)   Merge Heap Roots: 0.15ms
[2026-09-05T11:15:59.145-0400][294.651s][info][gc,phases   ] GC(375)   Evacuate Collection Set: 2.31ms
[2026-09-05T11:15:59.145-0400][294.651s][info][gc,phases   ] GC(375)   Post Evacuate Collection Set: 0.69ms
[2026-09-05T11:15:59.145-0400][294.651s][info][gc,phases   ] GC(375)   Other: 0.24ms
[2026-09-05T11:15:59.145-0400][294.651s][info][gc,heap     ] GC(375) Eden regions: 166->0(162)
[2026-09-05T11:15:59.145-0400][294.651s][info][gc,heap     ] GC(375) Survivor regions: 12->14(23)
[2026-09-05T11:15:59.145-0400][294.651s][info][gc,heap     ] GC(375) Old regions: 888->888
[2026-09-05T11:15:59.145-0400][294.651s][info][gc,heap     ] GC(375) Archive regions: 0->0
[2026-09-05T11:15:59.145-0400][294.651s][info][gc,heap     ] GC(375) Humongous regions: 29->29
[2026-09-05T11:15:59.145-0400][294.651s][info][gc,metaspace] GC(375) Metaspace: 153489K(156096K)->153489K(156096K) NonClass: 131699K(133120K)->131699K(133120K) Class: 21789K(22976K)->21789K(22976K)
[2026-09-05T11:15:59.145-0400][294.651s][info][gc          ] GC(375) Pause Young (Normal) (G1 Evacuation Pause) 2189M->1860M(2462M) 3.739ms
[2026-09-05T11:15:59.145-0400][294.651s][info][gc,cpu      ] GC(375) User=0.00s Sys=0.00s Real=0.00s
[2026-09-05T11:15:59.220-0400][294.727s][info][gc,start    ] GC(376) Pause Young (Normal) (G1 Evacuation Pause)
[2026-09-05T11:15:59.220-0400][294.727s][info][gc,task     ] GC(376) Using 23 workers of 23 for evacuation
[2026-09-05T11:15:59.226-0400][294.734s][info][gc,phases   ] GC(376)   Pre Evacuate Collection Set: 0.17ms
[2026-09-05T11:15:59.226-0400][294.734s][info][gc,phases   ] GC(376)   Merge Heap Roots: 0.14ms
[2026-09-05T11:15:59.226-0400][294.734s][info][gc,phases   ] GC(376)   Evacuate Collection Set: 5.78ms
[2026-09-05T11:15:59.226-0400][294.734s][info][gc,phases   ] GC(376)   Post Evacuate Collection Set: 0.50ms
[2026-09-05T11:15:59.226-0400][294.734s][info][gc,phases   ] GC(376)   Other: 0.15ms
[2026-09-05T11:15:59.226-0400][294.734s][info][gc,heap     ] GC(376) Eden regions: 162->0(165)
[2026-09-05T11:15:59.226-0400][294.734s][info][gc,heap     ] GC(376) Survivor regions: 14->10(22)
[2026-09-05T11:15:59.226-0400][294.734s][info][gc,heap     ] GC(376) Old regions: 888->893
[2026-09-05T11:15:59.226-0400][294.734s][info][gc,heap     ] GC(376) Archive regions: 0->0
[2026-09-05T11:15:59.226-0400][294.734s][info][gc,heap     ] GC(376) Humongous regions: 29->29
[2026-09-05T11:15:59.226-0400][294.734s][info][gc,metaspace] GC(376) Metaspace: 153489K(156096K)->153489K(156096K) NonClass: 131699K(133120K)->131699K(133120K) Class: 21789K(22976K)->21789K(22976K)
[2026-09-05T11:15:59.226-0400][294.734s][info][gc          ] GC(376) Pause Young (Normal) (G1 Evacuation Pause) 2184M->1861M(2462M) 6.881ms
[2026-09-05T11:15:59.226-0400][294.734s][info][gc,cpu      ] GC(376) User=0.00s Sys=0.00s Real=0.01s
[2026-09-05T11:15:59.481-0400][294.988s][info][gc,start    ] GC(377) Pause Young (Normal) (G1 Evacuation Pause)
[2026-09-05T11:15:59.481-0400][294.988s][info][gc,task     ] GC(377) Using 23 workers of 23 for evacuation
[2026-09-05T11:15:59.484-0400][294.991s][info][gc,phases   ] GC(377)   Pre Evacuate Collection Set: 0.33ms
[2026-09-05T11:15:59.484-0400][294.991s][info][gc,phases   ] GC(377)   Merge Heap Roots: 0.18ms
[2026-09-05T11:15:59.484-0400][294.991s][info][gc,phases   ] GC(377)   Evacuate Collection Set: 2.12ms
[2026-09-05T11:15:59.484-0400][294.991s][info][gc,phases   ] GC(377)   Post Evacuate Collection Set: 0.51ms
[2026-09-05T11:15:59.484-0400][294.991s][info][gc,phases   ] GC(377)   Other: 0.18ms
[2026-09-05T11:15:59.484-0400][294.991s][info][gc,heap     ] GC(377) Eden regions: 165->0(161)
[2026-09-05T11:15:59.484-0400][294.991s][info][gc,heap     ] GC(377) Survivor regions: 10->12(22)
[2026-09-05T11:15:59.484-0400][294.991s][info][gc,heap     ] GC(377) Old regions: 893->893
[2026-09-05T11:15:59.484-0400][294.991s][info][gc,heap     ] GC(377) Archive regions: 0->0
[2026-09-05T11:15:59.484-0400][294.991s][info][gc,heap     ] GC(377) Humongous regions: 29->29
[2026-09-05T11:15:59.484-0400][294.991s][info][gc,metaspace] GC(377) Metaspace: 153489K(156096K)->153489K(156096K) NonClass: 131699K(133120K)->131699K(133120K) Class: 21789K(22976K)->21789K(22976K)
[2026-09-05T11:15:59.484-0400][294.991s][info][gc          ] GC(377) Pause Young (Normal) (G1 Evacuation Pause) 2191M->1865M(2462M) 3.447ms
[2026-09-05T11:15:59.484-0400][294.991s][info][gc,cpu      ] GC(377) User=0.03s Sys=0.00s Real=0.00s
[2026-09-05T11:15:59.522-0400][295.029s][info][gc,start    ] GC(378) Pause Young (Normal) (G1 Evacuation Pause)
[2026-09-05T11:15:59.522-0400][295.029s][info][gc,task     ] GC(378) Using 23 workers of 23 for evacuation
[2026-09-05T11:15:59.525-0400][295.032s][info][gc,phases   ] GC(378)   Pre Evacuate Collection Set: 0.25ms
[2026-09-05T11:15:59.525-0400][295.033s][info][gc,phases   ] GC(378)   Merge Heap Roots: 0.18ms
[2026-09-05T11:15:59.525-0400][295.033s][info][gc,phases   ] GC(378)   Evacuate Collection Set: 2.62ms
[2026-09-05T11:15:59.525-0400][295.033s][info][gc,phases   ] GC(378)   Post Evacuate Collection Set: 0.53ms
[2026-09-05T11:15:59.525-0400][295.033s][info][gc,phases   ] GC(378)   Other: 0.35ms
[2026-09-05T11:15:59.525-0400][295.033s][info][gc,heap     ] GC(378) Eden regions: 161->0(159)
[2026-09-05T11:15:59.525-0400][295.033s][info][gc,heap     ] GC(378) Survivor regions: 12->13(22)
[2026-09-05T11:15:59.525-0400][295.033s][info][gc,heap     ] GC(378) Old regions: 893->893
[2026-09-05T11:15:59.525-0400][295.033s][info][gc,heap     ] GC(378) Archive regions: 0->0
[2026-09-05T11:15:59.525-0400][295.033s][info][gc,heap     ] GC(378) Humongous regions: 29->29
[2026-09-05T11:15:59.525-0400][295.033s][info][gc,metaspace] GC(378) Metaspace: 153489K(156096K)->153489K(156096K) NonClass: 131699K(133120K)->131699K(133120K) Class: 21789K(22976K)->21789K(22976K)
[2026-09-05T11:15:59.525-0400][295.033s][info][gc          ] GC(378) Pause Young (Normal) (G1 Evacuation Pause) 2187M->1868M(2462M) 3.890ms
[2026-09-05T11:15:59.525-0400][295.033s][info][gc,cpu      ] GC(378) User=0.00s Sys=0.00s Real=0.00s
[2026-09-05T11:15:59.704-0400][295.211s][info][gc,start    ] GC(379) Pause Young (Normal) (G1 Evacuation Pause)
[2026-09-05T11:15:59.704-0400][295.211s][info][gc,task     ] GC(379) Using 23 workers of 23 for evacuation
[2026-09-05T11:15:59.706-0400][295.214s][info][gc,phases   ] GC(379)   Pre Evacuate Collection Set: 0.33ms
[2026-09-05T11:15:59.708-0400][295.214s][info][gc,phases   ] GC(379)   Merge Heap Roots: 0.13ms
[2026-09-05T11:15:59.708-0400][295.214s][info][gc,phases   ] GC(379)   Evacuate Collection Set: 1.97ms
[2026-09-05T11:15:59.708-0400][295.214s][info][gc,phases   ] GC(379)   Post Evacuate Collection Set: 0.69ms
[2026-09-05T11:15:59.708-0400][295.214s][info][gc,phases   ] GC(379)   Other: 0.14ms
[2026-09-05T11:15:59.708-0400][295.214s][info][gc,heap     ] GC(379) Eden regions: 159->0(192)
[2026-09-05T11:15:59.708-0400][295.214s][info][gc,heap     ] GC(379) Survivor regions: 13->13(22)
[2026-09-05T11:15:59.708-0400][295.214s][info][gc,heap     ] GC(379) Old regions: 893->894
[2026-09-05T11:15:59.708-0400][295.214s][info][gc,heap     ] GC(379) Archive regions: 0->0
[2026-09-05T11:15:59.708-0400][295.214s][info][gc,heap     ] GC(379) Humongous regions: 29->29
[2026-09-05T11:15:59.708-0400][295.214s][info][gc,metaspace] GC(379) Metaspace: 153491K(156096K)->153491K(156096K) NonClass: 131701K(133120K)->131701K(133120K) Class: 21789K(22976K)->21789K(22976K)
[2026-09-05T11:15:59.708-0400][295.214s][info][gc          ] GC(379) Pause Young (Normal) (G1 Evacuation Pause) 2186M->1870M(2536M) 3.349ms
[2026-09-05T11:15:59.708-0400][295.214s][info][gc,cpu      ] GC(379) User=0.00s Sys=0.00s Real=0.00s
[2026-09-05T11:15:59.905-0400][295.412s][info][gc,start    ] GC(380) Pause Young (Normal) (G1 Evacuation Pause)
[2026-09-05T11:15:59.905-0400][295.412s][info][gc,task     ] GC(380) Using 23 workers of 23 for evacuation
[2026-09-05T11:15:59.909-0400][295.415s][info][gc,phases   ] GC(380)   Pre Evacuate Collection Set: 0.25ms
[2026-09-05T11:15:59.909-0400][295.415s][info][gc,phases   ] GC(380)   Merge Heap Roots: 0.16ms
[2026-09-05T11:15:59.909-0400][295.415s][info][gc,phases   ] GC(380)   Evacuate Collection Set: 2.51ms
[2026-09-05T11:15:59.909-0400][295.415s][info][gc,phases   ] GC(380)   Post Evacuate Collection Set: 0.54ms
[2026-09-05T11:15:59.909-0400][295.415s][info][gc,phases   ] GC(380)   Other: 0.21ms
[2026-09-05T11:15:59.909-0400][295.415s][info][gc,heap     ] GC(380) Eden regions: 192->0(190)
[2026-09-05T11:15:59.909-0400][295.415s][info][gc,heap     ] GC(380) Survivor regions: 13->14(26)
[2026-09-05T11:15:59.909-0400][295.415s][info][gc,heap     ] GC(380) Old regions: 894->894
[2026-09-05T11:15:59.909-0400][295.415s][info][gc,heap     ] GC(380) Archive regions: 0->0
[2026-09-05T11:15:59.909-0400][295.415s][info][gc,heap     ] GC(380) Humongous regions: 29->29
[2026-09-05T11:15:59.909-0400][295.415s][info][gc,metaspace] GC(380) Metaspace: 153491K(156096K)->153491K(156096K) NonClass: 131701K(133120K)->131701K(133120K) Class: 21789K(22976K)->21789K(22976K)
[2026-09-05T11:15:59.909-0400][295.415s][info][gc          ] GC(380) Pause Young (Normal) (G1 Evacuation Pause) 2254M->1873M(2536M) 3.780ms
[2026-09-05T11:15:59.909-0400][295.415s][info][gc,cpu      ] GC(380) User=0.00s Sys=0.00s Real=0.00s
[2026-09-05T11:15:59.984-0400][295.491s][info][gc,start    ] GC(381) Pause Young (Normal) (G1 Evacuation Pause)
[2026-09-05T11:15:59.984-0400][295.491s][info][gc,task     ] GC(381) Using 23 workers of 23 for evacuation
[2026-09-05T11:15:59.988-0400][295.495s][info][gc,phases   ] GC(381)   Pre Evacuate Collection Set: 0.25ms
[2026-09-05T11:15:59.988-0400][295.495s][info][gc,phases   ] GC(381)   Merge Heap Roots: 0.13ms
[2026-09-05T11:15:59.988-0400][295.495s][info][gc,phases   ] GC(381)   Evacuate Collection Set: 2.39ms
[2026-09-05T11:15:59.988-0400][295.495s][info][gc,phases   ] GC(381)   Post Evacuate Collection Set: 0.61ms
[2026-09-05T11:15:59.988-0400][295.495s][info][gc,phases   ] GC(381)   Other: 0.16ms
[2026-09-05T11:15:59.988-0400][295.495s][info][gc,heap     ] GC(381) Eden regions: 190->0(188)
[2026-09-05T11:15:59.988-0400][295.495s][info][gc,heap     ] GC(381) Survivor regions: 14->15(26)
[2026-09-05T11:15:59.988-0400][295.495s][info][gc,heap     ] GC(381) Old regions: 894->894
[2026-09-05T11:15:59.988-0400][295.495s][info][gc,heap     ] GC(381) Archive regions: 0->0
[2026-09-05T11:15:59.988-0400][295.495s][info][gc,heap     ] GC(381) Humongous regions: 29->29
[2026-09-05T11:15:59.988-0400][295.495s][info][gc,metaspace] GC(381) Metaspace: 153491K(156096K)->153491K(156096K) NonClass: 131701K(133120K)->131701K(133120K) Class: 21789K(22976K)->21789K(22976K)
[2026-09-05T11:15:59.988-0400][295.495s][info][gc          ] GC(381) Pause Young (Normal) (G1 Evacuation Pause) 2253M->1874M(2536M) 3.668ms
[2026-09-05T11:15:59.988-0400][295.495s][info][gc,cpu      ] GC(381) User=0.00s Sys=0.00s Real=0.00s
[2026-09-05T11:16:00.292-0400][295.799s][info][gc,start    ] GC(382) Pause Young (Normal) (G1 Evacuation Pause)
[2026-09-05T11:16:00.292-0400][295.799s][info][gc,task     ] GC(382) Using 23 workers of 23 for evacuation
[2026-09-05T11:16:00.295-0400][295.802s][info][gc,phases   ] GC(382)   Pre Evacuate Collection Set: 0.19ms
[2026-09-05T11:16:00.295-0400][295.802s][info][gc,phases   ] GC(382)   Merge Heap Roots: 0.11ms
[2026-09-05T11:16:00.295-0400][295.802s][info][gc,phases   ] GC(382)   Evacuate Collection Set: 2.28ms
[2026-09-05T11:16:00.295-0400][295.802s][info][gc,phases   ] GC(382)   Post Evacuate Collection Set: 0.53ms
[2026-09-05T11:16:00.295-0400][295.802s][info][gc,phases   ] GC(382)   Other: 0.15ms
[2026-09-05T11:16:00.295-0400][295.802s][info][gc,heap     ] GC(382) Eden regions: 188->0(185)
[2026-09-05T11:16:00.295-0400][295.802s][info][gc,heap     ] GC(382) Survivor regions: 15->16(26)
[2026-09-05T11:16:00.295-0400][295.802s][info][gc,heap     ] GC(382) Old regions: 894->895
[2026-09-05T11:16:00.295-0400][295.802s][info][gc,heap     ] GC(382) Archive regions: 0->0
[2026-09-05T11:16:00.295-0400][295.802s][info][gc,heap     ] GC(382) Humongous regions: 29->29
[2026-09-05T11:16:00.295-0400][295.803s][info][gc,metaspace] GC(382) Metaspace: 153497K(156160K)->153497K(156160K) NonClass: 131707K(133184K)->131707K(133184K) Class: 21789K(22976K)->21789K(22976K)
[2026-09-05T11:16:00.295-0400][295.803s][info][gc          ] GC(382) Pause Young (Normal) (G1 Evacuation Pause) 2250M->1877M(2536M) 3.377ms
[2026-09-05T11:16:00.295-0400][295.803s][info][gc,cpu      ] GC(382) User=0.34s Sys=0.03s Real=0.00s
[2026-09-05T11:16:00.377-0400][295.884s][info][gc,start    ] GC(383) Pause Young (Normal) (G1 Evacuation Pause)
[2026-09-05T11:16:00.378-0400][295.884s][info][gc,task     ] GC(383) Using 23 workers of 23 for evacuation
[2026-09-05T11:16:00.381-0400][295.888s][info][gc,phases   ] GC(383)   Pre Evacuate Collection Set: 0.21ms
[2026-09-05T11:16:00.381-0400][295.888s][info][gc,phases   ] GC(383)   Merge Heap Roots: 0.14ms
[2026-09-05T11:16:00.381-0400][295.888s][info][gc,phases   ] GC(383)   Evacuate Collection Set: 2.67ms
[2026-09-05T11:16:00.381-0400][295.888s][info][gc,phases   ] GC(383)   Post Evacuate Collection Set: 0.54ms
[2026-09-05T11:16:00.381-0400][295.888s][info][gc,phases   ] GC(383)   Other: 0.17ms
[2026-09-05T11:16:00.381-0400][295.888s][info][gc,heap     ] GC(383) Eden regions: 185->0(186)
[2026-09-05T11:16:00.381-0400][295.888s][info][gc,heap     ] GC(383) Survivor regions: 16->15(26)
[2026-09-05T11:16:00.381-0400][295.888s][info][gc,heap     ] GC(383) Old regions: 895->896
[2026-09-05T11:16:00.381-0400][295.888s][info][gc,heap     ] GC(383) Archive regions: 0->0
[2026-09-05T11:16:00.381-0400][295.888s][info][gc,heap     ] GC(383) Humongous regions: 29->29
[2026-09-05T11:16:00.381-0400][295.888s][info][gc,metaspace] GC(383) Metaspace: 153497K(156160K)->153497K(156160K) NonClass: 131707K(133184K)->131707K(133184K) Class: 21789K(22976K)->21789K(22976K)
[2026-09-05T11:16:00.381-0400][295.888s][info][gc          ] GC(383) Pause Young (Normal) (G1 Evacuation Pause) 2247M->1879M(2536M) 3.837ms
[2026-09-05T11:16:00.381-0400][295.888s][info][gc,cpu      ] GC(383) User=0.00s Sys=0.00s Real=0.00s
[2026-09-05T11:16:00.727-0400][296.234s][info][gc,start    ] GC(384) Pause Young (Normal) (G1 Evacuation Pause)
[2026-09-05T11:16:00.727-0400][296.234s][info][gc,task     ] GC(384) Using 23 workers of 23 for evacuation
[2026-09-05T11:16:00.731-0400][296.237s][info][gc,phases   ] GC(384)   Pre Evacuate Collection Set: 0.22ms
[2026-09-05T11:16:00.731-0400][296.237s][info][gc,phases   ] GC(384)   Merge Heap Roots: 0.18ms
[2026-09-05T11:16:00.731-0400][296.237s][info][gc,phases   ] GC(384)   Evacuate Collection Set: 1.96ms
[2026-09-05T11:16:00.731-0400][296.237s][info][gc,phases   ] GC(384)   Post Evacuate Collection Set: 0.74ms
[2026-09-05T11:16:00.731-0400][296.237s][info][gc,phases   ] GC(384)   Other: 0.13ms
[2026-09-05T11:16:00.731-0400][296.237s][info][gc,heap     ] GC(384) Eden regions: 186->0(185)
[2026-09-05T11:16:00.731-0400][296.237s][info][gc,heap     ] GC(384) Survivor regions: 15->15(26)
[2026-09-05T11:16:00.731-0400][296.237s][info][gc,heap     ] GC(384) Old regions: 896->897
[2026-09-05T11:16:00.731-0400][296.237s][info][gc,heap     ] GC(384) Archive regions: 0->0
[2026-09-05T11:16:00.731-0400][296.237s][info][gc,heap     ] GC(384) Humongous regions: 29->29
[2026-09-05T11:16:00.731-0400][296.237s][info][gc,metaspace] GC(384) Metaspace: 153498K(156160K)->153498K(156160K) NonClass: 131708K(133184K)->131708K(133184K) Class: 21789K(22976K)->21789K(22976K)
[2026-09-05T11:16:00.731-0400][296.238s][info][gc          ] GC(384) Pause Young (Normal) (G1 Evacuation Pause) 2250M->1881M(2536M) 3.525ms
[2026-09-05T11:16:00.731-0400][296.238s][info][gc,cpu      ] GC(384) User=0.00s Sys=0.00s Real=0.00s
[2026-09-05T11:16:00.773-0400][296.279s][info][gc,start    ] GC(385) Pause Young (Normal) (G1 Evacuation Pause)
[2026-09-05T11:16:00.773-0400][296.279s][info][gc,task     ] GC(385) Using 23 workers of 23 for evacuation
[2026-09-05T11:16:00.776-0400][296.284s][info][gc,phases   ] GC(385)   Pre Evacuate Collection Set: 0.36ms
[2026-09-05T11:16:00.776-0400][296.284s][info][gc,phases   ] GC(385)   Merge Heap Roots: 0.17ms
[2026-09-05T11:16:00.776-0400][296.284s][info][gc,phases   ] GC(385)   Evacuate Collection Set: 3.11ms
[2026-09-05T11:16:00.776-0400][296.284s][info][gc,phases   ] GC(385)   Post Evacuate Collection Set: 0.57ms
[2026-09-05T11:16:00.776-0400][296.284s][info][gc,phases   ] GC(385)   Other: 0.33ms
[2026-09-05T11:16:00.776-0400][296.284s][info][gc,heap     ] GC(385) Eden regions: 185->0(177)
[2026-09-05T11:16:00.776-0400][296.284s][info][gc,heap     ] GC(385) Survivor regions: 15->18(25)
[2026-09-05T11:16:00.776-0400][296.284s][info][gc,heap     ] GC(385) Old regions: 897->899
[2026-09-05T11:16:00.776-0400][296.284s][info][gc,heap     ] GC(385) Archive regions: 0->0
[2026-09-05T11:16:00.776-0400][296.284s][info][gc,heap     ] GC(385) Humongous regions: 29->29
[2026-09-05T11:16:00.776-0400][296.284s][info][gc,metaspace] GC(385) Metaspace: 153498K(156160K)->153498K(156160K) NonClass: 131708K(133184K)->131708K(133184K) Class: 21789K(22976K)->21789K(22976K)
[2026-09-05T11:16:00.776-0400][296.284s][info][gc          ] GC(385) Pause Young (Normal) (G1 Evacuation Pause) 2251M->1889M(2536M) 4.605ms
[2026-09-05T11:16:00.776-0400][296.284s][info][gc,cpu      ] GC(385) User=0.00s Sys=0.00s Real=0.00s
[2026-09-05T11:16:00.863-0400][296.370s][info][gc,start    ] GC(386) Pause Young (Normal) (GCLocker Initiated GC)
[2026-09-05T11:16:00.863-0400][296.370s][info][gc,task     ] GC(386) Using 23 workers of 23 for evacuation
[2026-09-05T11:16:00.866-0400][296.373s][info][gc,phases   ] GC(386)   Pre Evacuate Collection Set: 0.10ms
[2026-09-05T11:16:00.866-0400][296.374s][info][gc,phases   ] GC(386)   Merge Heap Roots: 0.14ms
[2026-09-05T11:16:00.866-0400][296.374s][info][gc,phases   ] GC(386)   Evacuate Collection Set: 2.55ms
[2026-09-05T11:16:00.866-0400][296.374s][info][gc,phases   ] GC(386)   Post Evacuate Collection Set: 0.41ms
[2026-09-05T11:16:00.866-0400][296.374s][info][gc,phases   ] GC(386)   Other: 0.14ms
[2026-09-05T11:16:00.866-0400][296.374s][info][gc,heap     ] GC(386) Eden regions: 178->0(183)
[2026-09-05T11:16:00.866-0400][296.374s][info][gc,heap     ] GC(386) Survivor regions: 18->13(25)
[2026-09-05T11:16:00.866-0400][296.374s][info][gc,heap     ] GC(386) Old regions: 899->903
[2026-09-05T11:16:00.866-0400][296.374s][info][gc,heap     ] GC(386) Archive regions: 0->0
[2026-09-05T11:16:00.866-0400][296.374s][info][gc,heap     ] GC(386) Humongous regions: 29->29
[2026-09-05T11:16:00.866-0400][296.374s][info][gc,metaspace] GC(386) Metaspace: 153498K(156160K)->153498K(156160K) NonClass: 131708K(133184K)->131708K(133184K) Class: 21789K(22976K)->21789K(22976K)
[2026-09-05T11:16:00.866-0400][296.374s][info][gc          ] GC(386) Pause Young (Normal) (GCLocker Initiated GC) 2243M->1888M(2536M) 3.466ms
[2026-09-05T11:16:00.866-0400][296.374s][info][gc,cpu      ] GC(386) User=0.00s Sys=0.00s Real=0.00s
[2026-09-05T11:16:01.130-0400][296.637s][info][gc,start    ] GC(387) Pause Young (Normal) (G1 Evacuation Pause)
[2026-09-05T11:16:01.130-0400][296.637s][info][gc,task     ] GC(387) Using 23 workers of 23 for evacuation
[2026-09-05T11:16:01.134-0400][296.641s][info][gc,phases   ] GC(387)   Pre Evacuate Collection Set: 0.19ms
[2026-09-05T11:16:01.134-0400][296.641s][info][gc,phases   ] GC(387)   Merge Heap Roots: 0.19ms
[2026-09-05T11:16:01.134-0400][296.641s][info][gc,phases   ] GC(387)   Evacuate Collection Set: 2.39ms
[2026-09-05T11:16:01.134-0400][296.641s][info][gc,phases   ] GC(387)   Post Evacuate Collection Set: 0.55ms
[2026-09-05T11:16:01.134-0400][296.641s][info][gc,phases   ] GC(387)   Other: 0.15ms
[2026-09-05T11:16:01.134-0400][296.641s][info][gc,heap     ] GC(387) Eden regions: 183->0(181)
[2026-09-05T11:16:01.134-0400][296.641s][info][gc,heap     ] GC(387) Survivor regions: 13->14(25)
[2026-09-05T11:16:01.134-0400][296.641s][info][gc,heap     ] GC(387) Old regions: 903->903
[2026-09-05T11:16:01.134-0400][296.641s][info][gc,heap     ] GC(387) Archive regions: 0->0
[2026-09-05T11:16:01.134-0400][296.641s][info][gc,heap     ] GC(387) Humongous regions: 29->29
[2026-09-05T11:16:01.134-0400][296.641s][info][gc,metaspace] GC(387) Metaspace: 153505K(156160K)->153505K(156160K) NonClass: 131714K(133184K)->131714K(133184K) Class: 21791K(22976K)->21791K(22976K)
[2026-09-05T11:16:01.134-0400][296.641s][info][gc          ] GC(387) Pause Young (Normal) (G1 Evacuation Pause) 2254M->1890M(2536M) 3.609ms
[2026-09-05T11:16:01.134-0400][296.641s][info][gc,cpu      ] GC(387) User=0.00s Sys=0.00s Real=0.00s
[2026-09-05T11:16:01.249-0400][296.756s][info][gc,start    ] GC(388) Pause Young (Normal) (G1 Evacuation Pause)
[2026-09-05T11:16:01.249-0400][296.756s][info][gc,task     ] GC(388) Using 23 workers of 23 for evacuation
[2026-09-05T11:16:01.252-0400][296.759s][info][gc,phases   ] GC(388)   Pre Evacuate Collection Set: 0.20ms
[2026-09-05T11:16:01.252-0400][296.759s][info][gc,phases   ] GC(388)   Merge Heap Roots: 0.12ms
[2026-09-05T11:16:01.252-0400][296.759s][info][gc,phases   ] GC(388)   Evacuate Collection Set: 2.05ms
[2026-09-05T11:16:01.252-0400][296.759s][info][gc,phases   ] GC(388)   Post Evacuate Collection Set: 0.42ms
[2026-09-05T11:16:01.252-0400][296.759s][info][gc,phases   ] GC(388)   Other: 0.12ms
[2026-09-05T11:16:01.252-0400][296.759s][info][gc,heap     ] GC(388) Eden regions: 181->0(181)
[2026-09-05T11:16:01.252-0400][296.759s][info][gc,heap     ] GC(388) Survivor regions: 14->13(25)
[2026-09-05T11:16:01.252-0400][296.759s][info][gc,heap     ] GC(388) Old regions: 903->905
[2026-09-05T11:16:01.252-0400][296.759s][info][gc,heap     ] GC(388) Archive regions: 0->0
[2026-09-05T11:16:01.252-0400][296.759s][info][gc,heap     ] GC(388) Humongous regions: 29->29
[2026-09-05T11:16:01.252-0400][296.759s][info][gc,metaspace] GC(388) Metaspace: 153506K(156160K)->153506K(156160K) NonClass: 131715K(133184K)->131715K(133184K) Class: 21791K(22976K)->21791K(22976K)
[2026-09-05T11:16:01.252-0400][296.759s][info][gc          ] GC(388) Pause Young (Normal) (G1 Evacuation Pause) 2252M->1892M(2536M) 3.028ms
[2026-09-05T11:16:01.252-0400][296.759s][info][gc,cpu      ] GC(388) User=0.00s Sys=0.00s Real=0.00s
[2026-09-05T11:16:01.569-0400][297.076s][info][gc,start    ] GC(389) Pause Young (Normal) (G1 Evacuation Pause)
[2026-09-05T11:16:01.569-0400][297.076s][info][gc,task     ] GC(389) Using 23 workers of 23 for evacuation
[2026-09-05T11:16:01.573-0400][297.079s][info][gc,phases   ] GC(389)   Pre Evacuate Collection Set: 0.19ms
[2026-09-05T11:16:01.573-0400][297.080s][info][gc,phases   ] GC(389)   Merge Heap Roots: 0.16ms
[2026-09-05T11:16:01.573-0400][297.080s][info][gc,phases   ] GC(389)   Evacuate Collection Set: 2.39ms
[2026-09-05T11:16:01.573-0400][297.080s][info][gc,phases   ] GC(389)   Post Evacuate Collection Set: 0.51ms
[2026-09-05T11:16:01.573-0400][297.080s][info][gc,phases   ] GC(389)   Other: 0.12ms
[2026-09-05T11:16:01.573-0400][297.080s][info][gc,heap     ] GC(389) Eden regions: 181->0(175)
[2026-09-05T11:16:01.573-0400][297.080s][info][gc,heap     ] GC(389) Survivor regions: 13->16(25)
[2026-09-05T11:16:01.573-0400][297.080s][info][gc,heap     ] GC(389) Old regions: 905->905
[2026-09-05T11:16:01.573-0400][297.080s][info][gc,heap     ] GC(389) Archive regions: 0->0
[2026-09-05T11:16:01.573-0400][297.080s][info][gc,heap     ] GC(389) Humongous regions: 29->29
[2026-09-05T11:16:01.573-0400][297.080s][info][gc,metaspace] GC(389) Metaspace: 153506K(156160K)->153506K(156160K) NonClass: 131715K(133184K)->131715K(133184K) Class: 21791K(22976K)->21791K(22976K)
[2026-09-05T11:16:01.573-0400][297.080s][info][gc          ] GC(389) Pause Young (Normal) (G1 Evacuation Pause) 2254M->1896M(2536M) 3.508ms
[2026-09-05T11:16:01.573-0400][297.080s][info][gc,cpu      ] GC(389) User=0.00s Sys=0.00s Real=0.00s
[2026-09-05T11:16:01.611-0400][297.118s][info][gc,start    ] GC(390) Pause Young (Normal) (G1 Evacuation Pause)
[2026-09-05T11:16:01.611-0400][297.118s][info][gc,task     ] GC(390) Using 23 workers of 23 for evacuation
[2026-09-05T11:16:01.616-0400][297.122s][info][gc,phases   ] GC(390)   Pre Evacuate Collection Set: 0.24ms
[2026-09-05T11:16:01.616-0400][297.122s][info][gc,phases   ] GC(390)   Merge Heap Roots: 0.18ms
[2026-09-05T11:16:01.616-0400][297.122s][info][gc,phases   ] GC(390)   Evacuate Collection Set: 3.51ms
[2026-09-05T11:16:01.616-0400][297.122s][info][gc,phases   ] GC(390)   Post Evacuate Collection Set: 0.61ms
[2026-09-05T11:16:01.616-0400][297.122s][info][gc,phases   ] GC(390)   Other: 0.20ms
[2026-09-05T11:16:01.616-0400][297.122s][info][gc,heap     ] GC(390) Eden regions: 175->0(171)
[2026-09-05T11:16:01.616-0400][297.122s][info][gc,heap     ] GC(390) Survivor regions: 16->17(24)
[2026-09-05T11:16:01.616-0400][297.122s][info][gc,heap     ] GC(390) Old regions: 905->907
[2026-09-05T11:16:01.616-0400][297.122s][info][gc,heap     ] GC(390) Archive regions: 0->0
[2026-09-05T11:16:01.616-0400][297.122s][info][gc,heap     ] GC(390) Humongous regions: 29->29
[2026-09-05T11:16:01.616-0400][297.122s][info][gc,metaspace] GC(390) Metaspace: 153506K(156160K)->153506K(156160K) NonClass: 131715K(133184K)->131715K(133184K) Class: 21791K(22976K)->21791K(22976K)
[2026-09-05T11:16:01.616-0400][297.123s][info][gc          ] GC(390) Pause Young (Normal) (G1 Evacuation Pause) 2246M->1905M(2536M) 4.853ms
[2026-09-05T11:16:01.616-0400][297.123s][info][gc,cpu      ] GC(390) User=0.00s Sys=0.00s Real=0.00s
[2026-09-05T11:16:01.670-0400][297.177s][info][gc,start    ] GC(391) Pause Young (Normal) (G1 Evacuation Pause)
[2026-09-05T11:16:01.670-0400][297.177s][info][gc,task     ] GC(391) Using 23 workers of 23 for evacuation
[2026-09-05T11:16:01.673-0400][297.180s][info][gc,phases   ] GC(391)   Pre Evacuate Collection Set: 0.22ms
[2026-09-05T11:16:01.673-0400][297.180s][info][gc,phases   ] GC(391)   Merge Heap Roots: 0.16ms
[2026-09-05T11:16:01.673-0400][297.180s][info][gc,phases   ] GC(391)   Evacuate Collection Set: 2.52ms
[2026-09-05T11:16:01.673-0400][297.180s][info][gc,phases   ] GC(391)   Post Evacuate Collection Set: 0.61ms
[2026-09-05T11:16:01.673-0400][297.180s][info][gc,phases   ] GC(391)   Other: 0.12ms
[2026-09-05T11:16:01.673-0400][297.180s][info][gc,heap     ] GC(391) Eden regions: 171->0(173)
[2026-09-05T11:16:01.673-0400][297.180s][info][gc,heap     ] GC(391) Survivor regions: 17->13(24)
[2026-09-05T11:16:01.673-0400][297.180s][info][gc,heap     ] GC(391) Old regions: 907->912
[2026-09-05T11:16:01.673-0400][297.180s][info][gc,heap     ] GC(391) Archive regions: 0->0
[2026-09-05T11:16:01.673-0400][297.180s][info][gc,heap     ] GC(391) Humongous regions: 29->29
[2026-09-05T11:16:01.673-0400][297.180s][info][gc,metaspace] GC(391) Metaspace: 153506K(156160K)->153506K(156160K) NonClass: 131715K(133184K)->131715K(133184K) Class: 21791K(22976K)->21791K(22976K)
[2026-09-05T11:16:01.673-0400][297.180s][info][gc          ] GC(391) Pause Young (Normal) (G1 Evacuation Pause) 2247M->1904M(2536M) 3.766ms
[2026-09-05T11:16:01.673-0400][297.181s][info][gc,cpu      ] GC(391) User=0.00s Sys=0.00s Real=0.00s
[2026-09-05T11:16:01.994-0400][297.501s][info][gc,start    ] GC(392) Pause Young (Normal) (G1 Evacuation Pause)
[2026-09-05T11:16:01.994-0400][297.501s][info][gc,task     ] GC(392) Using 23 workers of 23 for evacuation
[2026-09-05T11:16:01.997-0400][297.504s][info][gc,phases   ] GC(392)   Pre Evacuate Collection Set: 0.18ms
[2026-09-05T11:16:01.997-0400][297.504s][info][gc,phases   ] GC(392)   Merge Heap Roots: 0.12ms
[2026-09-05T11:16:01.997-0400][297.504s][info][gc,phases   ] GC(392)   Evacuate Collection Set: 2.20ms
[2026-09-05T11:16:01.997-0400][297.504s][info][gc,phases   ] GC(392)   Post Evacuate Collection Set: 0.38ms
[2026-09-05T11:16:01.997-0400][297.504s][info][gc,phases   ] GC(392)   Other: 0.13ms
[2026-09-05T11:16:01.997-0400][297.504s][info][gc,heap     ] GC(392) Eden regions: 173->0(176)
[2026-09-05T11:16:01.997-0400][297.504s][info][gc,heap     ] GC(392) Survivor regions: 13->12(24)
[2026-09-05T11:16:01.997-0400][297.504s][info][gc,heap     ] GC(392) Old regions: 912->912
[2026-09-05T11:16:01.997-0400][297.504s][info][gc,heap     ] GC(392) Archive regions: 0->0
[2026-09-05T11:16:01.997-0400][297.504s][info][gc,heap     ] GC(392) Humongous regions: 29->29
[2026-09-05T11:16:01.997-0400][297.504s][info][gc,metaspace] GC(392) Metaspace: 153508K(156160K)->153508K(156160K) NonClass: 131717K(133184K)->131717K(133184K) Class: 21791K(22976K)->21791K(22976K)
[2026-09-05T11:16:01.997-0400][297.504s][info][gc          ] GC(392) Pause Young (Normal) (G1 Evacuation Pause) 2250M->1904M(2536M) 3.128ms
[2026-09-05T11:16:01.997-0400][297.504s][info][gc,cpu      ] GC(392) User=0.03s Sys=0.00s Real=0.00s
[2026-09-05T11:16:02.316-0400][297.823s][info][gc,start    ] GC(393) Pause Young (Normal) (G1 Evacuation Pause)
[2026-09-05T11:16:02.316-0400][297.823s][info][gc,task     ] GC(393) Using 23 workers of 23 for evacuation
[2026-09-05T11:16:02.319-0400][297.826s][info][gc,phases   ] GC(393)   Pre Evacuate Collection Set: 0.19ms
[2026-09-05T11:16:02.319-0400][297.826s][info][gc,phases   ] GC(393)   Merge Heap Roots: 0.13ms
[2026-09-05T11:16:02.319-0400][297.826s][info][gc,phases   ] GC(393)   Evacuate Collection Set: 2.07ms
[2026-09-05T11:16:02.319-0400][297.826s][info][gc,phases   ] GC(393)   Post Evacuate Collection Set: 0.51ms
[2026-09-05T11:16:02.319-0400][297.826s][info][gc,phases   ] GC(393)   Other: 0.12ms
[2026-09-05T11:16:02.319-0400][297.826s][info][gc,heap     ] GC(393) Eden regions: 176->0(176)
[2026-09-05T11:16:02.319-0400][297.826s][info][gc,heap     ] GC(393) Survivor regions: 12->12(24)
[2026-09-05T11:16:02.319-0400][297.826s][info][gc,heap     ] GC(393) Old regions: 912->912
[2026-09-05T11:16:02.319-0400][297.826s][info][gc,heap     ] GC(393) Archive regions: 0->0
[2026-09-05T11:16:02.319-0400][297.826s][info][gc,heap     ] GC(393) Humongous regions: 29->29
[2026-09-05T11:16:02.319-0400][297.826s][info][gc,metaspace] GC(393) Metaspace: 153509K(156160K)->153509K(156160K) NonClass: 131718K(133184K)->131718K(133184K) Class: 21791K(22976K)->21791K(22976K)
[2026-09-05T11:16:02.319-0400][297.826s][info][gc          ] GC(393) Pause Young (Normal) (G1 Evacuation Pause) 2256M->1904M(2536M) 3.140ms
[2026-09-05T11:16:02.319-0400][297.826s][info][gc,cpu      ] GC(393) User=0.00s Sys=0.00s Real=0.00s
[2026-09-05T11:16:02.640-0400][298.146s][info][gc,start    ] GC(394) Pause Young (Normal) (G1 Evacuation Pause)
[2026-09-05T11:16:02.640-0400][298.146s][info][gc,task     ] GC(394) Using 23 workers of 23 for evacuation
[2026-09-05T11:16:02.644-0400][298.150s][info][gc,phases   ] GC(394)   Pre Evacuate Collection Set: 0.19ms
[2026-09-05T11:16:02.644-0400][298.150s][info][gc,phases   ] GC(394)   Merge Heap Roots: 0.14ms
[2026-09-05T11:16:02.644-0400][298.150s][info][gc,phases   ] GC(394)   Evacuate Collection Set: 2.80ms
[2026-09-05T11:16:02.644-0400][298.150s][info][gc,phases   ] GC(394)   Post Evacuate Collection Set: 0.61ms
[2026-09-05T11:16:02.644-0400][298.150s][info][gc,phases   ] GC(394)   Other: 0.12ms
[2026-09-05T11:16:02.644-0400][298.150s][info][gc,heap     ] GC(394) Eden regions: 176->0(176)
[2026-09-05T11:16:02.644-0400][298.150s][info][gc,heap     ] GC(394) Survivor regions: 12->12(24)
[2026-09-05T11:16:02.644-0400][298.150s][info][gc,heap     ] GC(394) Old regions: 912->912
[2026-09-05T11:16:02.644-0400][298.150s][info][gc,heap     ] GC(394) Archive regions: 0->0
[2026-09-05T11:16:02.644-0400][298.150s][info][gc,heap     ] GC(394) Humongous regions: 29->29
[2026-09-05T11:16:02.644-0400][298.150s][info][gc,metaspace] GC(394) Metaspace: 153509K(156160K)->153509K(156160K) NonClass: 131718K(133184K)->131718K(133184K) Class: 21791K(22976K)->21791K(22976K)
[2026-09-05T11:16:02.644-0400][298.150s][info][gc          ] GC(394) Pause Young (Normal) (G1 Evacuation Pause) 2256M->1904M(2536M) 3.967ms
[2026-09-05T11:16:02.644-0400][298.150s][info][gc,cpu      ] GC(394) User=0.00s Sys=0.00s Real=0.00s
[2026-09-05T11:16:02.959-0400][298.466s][info][gc,start    ] GC(395) Pause Young (Normal) (G1 Evacuation Pause)
[2026-09-05T11:16:02.959-0400][298.466s][info][gc,task     ] GC(395) Using 23 workers of 23 for evacuation
[2026-09-05T11:16:02.962-0400][298.469s][info][gc,phases   ] GC(395)   Pre Evacuate Collection Set: 0.28ms
[2026-09-05T11:16:02.962-0400][298.469s][info][gc,phases   ] GC(395)   Merge Heap Roots: 0.11ms
[2026-09-05T11:16:02.962-0400][298.469s][info][gc,phases   ] GC(395)   Evacuate Collection Set: 2.11ms
[2026-09-05T11:16:02.962-0400][298.469s][info][gc,phases   ] GC(395)   Post Evacuate Collection Set: 0.58ms
[2026-09-05T11:16:02.962-0400][298.469s][info][gc,phases   ] GC(395)   Other: 0.12ms
[2026-09-05T11:16:02.962-0400][298.469s][info][gc,heap     ] GC(395) Eden regions: 176->0(176)
[2026-09-05T11:16:02.962-0400][298.469s][info][gc,heap     ] GC(395) Survivor regions: 12->12(24)
[2026-09-05T11:16:02.962-0400][298.469s][info][gc,heap     ] GC(395) Old regions: 912->912
[2026-09-05T11:16:02.962-0400][298.469s][info][gc,heap     ] GC(395) Archive regions: 0->0
[2026-09-05T11:16:02.962-0400][298.469s][info][gc,heap     ] GC(395) Humongous regions: 29->29
[2026-09-05T11:16:02.962-0400][298.469s][info][gc,metaspace] GC(395) Metaspace: 153509K(156160K)->153509K(156160K) NonClass: 131718K(133184K)->131718K(133184K) Class: 21791K(22976K)->21791K(22976K)
[2026-09-05T11:16:02.962-0400][298.469s][info][gc          ] GC(395) Pause Young (Normal) (G1 Evacuation Pause) 2256M->1903M(2536M) 3.325ms
[2026-09-05T11:16:02.962-0400][298.469s][info][gc,cpu      ] GC(395) User=0.00s Sys=0.00s Real=0.00s
[2026-09-05T11:16:03.273-0400][298.779s][info][gc,start    ] GC(396) Pause Young (Normal) (G1 Evacuation Pause)
[2026-09-05T11:16:03.273-0400][298.779s][info][gc,task     ] GC(396) Using 23 workers of 23 for evacuation
[2026-09-05T11:16:03.276-0400][298.782s][info][gc,phases   ] GC(396)   Pre Evacuate Collection Set: 0.27ms
[2026-09-05T11:16:03.276-0400][298.782s][info][gc,phases   ] GC(396)   Merge Heap Roots: 0.14ms
[2026-09-05T11:16:03.276-0400][298.782s][info][gc,phases   ] GC(396)   Evacuate Collection Set: 2.07ms
[2026-09-05T11:16:03.276-0400][298.782s][info][gc,phases   ] GC(396)   Post Evacuate Collection Set: 0.52ms
[2026-09-05T11:16:03.276-0400][298.782s][info][gc,phases   ] GC(396)   Other: 0.13ms
[2026-09-05T11:16:03.276-0400][298.782s][info][gc,heap     ] GC(396) Eden regions: 176->0(176)
[2026-09-05T11:16:03.276-0400][298.782s][info][gc,heap     ] GC(396) Survivor regions: 12->12(24)
[2026-09-05T11:16:03.276-0400][298.782s][info][gc,heap     ] GC(396) Old regions: 912->912
[2026-09-05T11:16:03.276-0400][298.782s][info][gc,heap     ] GC(396) Archive regions: 0->0
[2026-09-05T11:16:03.276-0400][298.782s][info][gc,heap     ] GC(396) Humongous regions: 29->29
[2026-09-05T11:16:03.276-0400][298.782s][info][gc,metaspace] GC(396) Metaspace: 153510K(156160K)->153510K(156160K) NonClass: 131719K(133184K)->131719K(133184K) Class: 21791K(22976K)->21791K(22976K)
[2026-09-05T11:16:03.276-0400][298.783s][info][gc          ] GC(396) Pause Young (Normal) (G1 Evacuation Pause) 2255M->1903M(2536M) 3.239ms
[2026-09-05T11:16:03.276-0400][298.783s][info][gc,cpu      ] GC(396) User=0.00s Sys=0.00s Real=0.00s
[2026-09-05T11:16:03.591-0400][299.098s][info][gc,start    ] GC(397) Pause Young (Normal) (G1 Evacuation Pause)
[2026-09-05T11:16:03.591-0400][299.098s][info][gc,task     ] GC(397) Using 23 workers of 23 for evacuation
[2026-09-05T11:16:03.594-0400][299.101s][info][gc,phases   ] GC(397)   Pre Evacuate Collection Set: 0.26ms
[2026-09-05T11:16:03.594-0400][299.101s][info][gc,phases   ] GC(397)   Merge Heap Roots: 0.18ms
[2026-09-05T11:16:03.594-0400][299.101s][info][gc,phases   ] GC(397)   Evacuate Collection Set: 1.86ms
[2026-09-05T11:16:03.594-0400][299.101s][info][gc,phases   ] GC(397)   Post Evacuate Collection Set: 0.57ms
[2026-09-05T11:16:03.594-0400][299.101s][info][gc,phases   ] GC(397)   Other: 0.14ms
[2026-09-05T11:16:03.594-0400][299.101s][info][gc,heap     ] GC(397) Eden regions: 176->0(174)
[2026-09-05T11:16:03.594-0400][299.101s][info][gc,heap     ] GC(397) Survivor regions: 12->13(24)
[2026-09-05T11:16:03.594-0400][299.101s][info][gc,heap     ] GC(397) Old regions: 912->912
[2026-09-05T11:16:03.594-0400][299.101s][info][gc,heap     ] GC(397) Archive regions: 0->0
[2026-09-05T11:16:03.594-0400][299.101s][info][gc,heap     ] GC(397) Humongous regions: 29->29
[2026-09-05T11:16:03.594-0400][299.101s][info][gc,metaspace] GC(397) Metaspace: 153510K(156160K)->153510K(156160K) NonClass: 131719K(133184K)->131719K(133184K) Class: 21791K(22976K)->21791K(22976K)
[2026-09-05T11:16:03.594-0400][299.101s][info][gc          ] GC(397) Pause Young (Normal) (G1 Evacuation Pause) 2255M->1904M(2536M) 3.142ms
[2026-09-05T11:16:03.594-0400][299.101s][info][gc,cpu      ] GC(397) User=0.00s Sys=0.00s Real=0.00s
[2026-09-05T11:16:03.912-0400][299.419s][info][gc,start    ] GC(398) Pause Young (Normal) (G1 Evacuation Pause)
[2026-09-05T11:16:03.912-0400][299.419s][info][gc,task     ] GC(398) Using 23 workers of 23 for evacuation
[2026-09-05T11:16:03.915-0400][299.422s][info][gc,phases   ] GC(398)   Pre Evacuate Collection Set: 0.14ms
[2026-09-05T11:16:03.915-0400][299.422s][info][gc,phases   ] GC(398)   Merge Heap Roots: 0.16ms
[2026-09-05T11:16:03.915-0400][299.422s][info][gc,phases   ] GC(398)   Evacuate Collection Set: 1.96ms
[2026-09-05T11:16:03.915-0400][299.422s][info][gc,phases   ] GC(398)   Post Evacuate Collection Set: 0.52ms
[2026-09-05T11:16:03.915-0400][299.422s][info][gc,phases   ] GC(398)   Other: 0.13ms
[2026-09-05T11:16:03.915-0400][299.422s][info][gc,heap     ] GC(398) Eden regions: 174->0(176)
[2026-09-05T11:16:03.915-0400][299.422s][info][gc,heap     ] GC(398) Survivor regions: 13->12(24)
[2026-09-05T11:16:03.915-0400][299.422s][info][gc,heap     ] GC(398) Old regions: 912->912
[2026-09-05T11:16:03.915-0400][299.422s][info][gc,heap     ] GC(398) Archive regions: 0->0
[2026-09-05T11:16:03.915-0400][299.422s][info][gc,heap     ] GC(398) Humongous regions: 29->29
[2026-09-05T11:16:03.915-0400][299.422s][info][gc,metaspace] GC(398) Metaspace: 153510K(156160K)->153510K(156160K) NonClass: 131719K(133184K)->131719K(133184K) Class: 21791K(22976K)->21791K(22976K)
[2026-09-05T11:16:03.915-0400][299.422s][info][gc          ] GC(398) Pause Young (Normal) (G1 Evacuation Pause) 2252M->1904M(2536M) 3.021ms
[2026-09-05T11:16:03.915-0400][299.422s][info][gc,cpu      ] GC(398) User=0.00s Sys=0.00s Real=0.00s
[2026-09-05T11:16:04.238-0400][299.744s][info][gc,start    ] GC(399) Pause Young (Normal) (G1 Evacuation Pause)
[2026-09-05T11:16:04.238-0400][299.744s][info][gc,task     ] GC(399) Using 23 workers of 23 for evacuation
[2026-09-05T11:16:04.240-0400][299.747s][info][gc,phases   ] GC(399)   Pre Evacuate Collection Set: 0.19ms
[2026-09-05T11:16:04.240-0400][299.747s][info][gc,phases   ] GC(399)   Merge Heap Roots: 0.11ms
[2026-09-05T11:16:04.240-0400][299.747s][info][gc,phases   ] GC(399)   Evacuate Collection Set: 2.08ms
[2026-09-05T11:16:04.241-0400][299.747s][info][gc,phases   ] GC(399)   Post Evacuate Collection Set: 0.58ms
[2026-09-05T11:16:04.241-0400][299.747s][info][gc,phases   ] GC(399)   Other: 0.13ms
[2026-09-05T11:16:04.241-0400][299.747s][info][gc,heap     ] GC(399) Eden regions: 176->0(176)
[2026-09-05T11:16:04.241-0400][299.747s][info][gc,heap     ] GC(399) Survivor regions: 12->12(24)
[2026-09-05T11:16:04.241-0400][299.747s][info][gc,heap     ] GC(399) Old regions: 912->912
[2026-09-05T11:16:04.241-0400][299.747s][info][gc,heap     ] GC(399) Archive regions: 0->0
[2026-09-05T11:16:04.241-0400][299.747s][info][gc,heap     ] GC(399) Humongous regions: 29->29
[2026-09-05T11:16:04.241-0400][299.747s][info][gc,metaspace] GC(399) Metaspace: 153510K(156160K)->153510K(156160K) NonClass: 131719K(133184K)->131719K(133184K) Class: 21791K(22976K)->21791K(22976K)
[2026-09-05T11:16:04.241-0400][299.748s][info][gc          ] GC(399) Pause Young (Normal) (G1 Evacuation Pause) 2256M->1904M(2536M) 3.250ms
[2026-09-05T11:16:04.241-0400][299.748s][info][gc,cpu      ] GC(399) User=0.00s Sys=0.00s Real=0.00s
[2026-09-05T11:16:04.551-0400][300.058s][info][gc,start    ] GC(400) Pause Young (Normal) (G1 Evacuation Pause)
[2026-09-05T11:16:04.551-0400][300.058s][info][gc,task     ] GC(400) Using 23 workers of 23 for evacuation
[2026-09-05T11:16:04.554-0400][300.061s][info][gc,phases   ] GC(400)   Pre Evacuate Collection Set: 0.23ms
[2026-09-05T11:16:04.554-0400][300.061s][info][gc,phases   ] GC(400)   Merge Heap Roots: 0.19ms
[2026-09-05T11:16:04.554-0400][300.061s][info][gc,phases   ] GC(400)   Evacuate Collection Set: 2.24ms
[2026-09-05T11:16:04.554-0400][300.061s][info][gc,phases   ] GC(400)   Post Evacuate Collection Set: 0.58ms
[2026-09-05T11:16:04.554-0400][300.061s][info][gc,phases   ] GC(400)   Other: 0.12ms
[2026-09-05T11:16:04.554-0400][300.061s][info][gc,heap     ] GC(400) Eden regions: 176->0(174)
[2026-09-05T11:16:04.554-0400][300.061s][info][gc,heap     ] GC(400) Survivor regions: 12->13(24)
[2026-09-05T11:16:04.554-0400][300.061s][info][gc,heap     ] GC(400) Old regions: 912->912
[2026-09-05T11:16:04.554-0400][300.061s][info][gc,heap     ] GC(400) Archive regions: 0->0
[2026-09-05T11:16:04.554-0400][300.061s][info][gc,heap     ] GC(400) Humongous regions: 29->29
[2026-09-05T11:16:04.554-0400][300.061s][info][gc,metaspace] GC(400) Metaspace: 153510K(156160K)->153510K(156160K) NonClass: 131719K(133184K)->131719K(133184K) Class: 21791K(22976K)->21791K(22976K)
[2026-09-05T11:16:04.554-0400][300.061s][info][gc          ] GC(400) Pause Young (Normal) (G1 Evacuation Pause) 2256M->1904M(2536M) 3.460ms
[2026-09-05T11:16:04.554-0400][300.061s][info][gc,cpu      ] GC(400) User=0.00s Sys=0.00s Real=0.00s
[2026-09-05T11:16:04.858-0400][300.364s][info][gc,start    ] GC(401) Pause Young (Normal) (G1 Evacuation Pause)
[2026-09-05T11:16:04.858-0400][300.364s][info][gc,task     ] GC(401) Using 23 workers of 23 for evacuation
[2026-09-05T11:16:04.861-0400][300.367s][info][gc,phases   ] GC(401)   Pre Evacuate Collection Set: 0.34ms
[2026-09-05T11:16:04.861-0400][300.368s][info][gc,phases   ] GC(401)   Merge Heap Roots: 0.16ms
[2026-09-05T11:16:04.861-0400][300.368s][info][gc,phases   ] GC(401)   Evacuate Collection Set: 2.16ms
[2026-09-05T11:16:04.861-0400][300.368s][info][gc,phases   ] GC(401)   Post Evacuate Collection Set: 0.50ms
[2026-09-05T11:16:04.861-0400][300.368s][info][gc,phases   ] GC(401)   Other: 0.14ms
[2026-09-05T11:16:04.861-0400][300.368s][info][gc,heap     ] GC(401) Eden regions: 174->0(176)
[2026-09-05T11:16:04.861-0400][300.368s][info][gc,heap     ] GC(401) Survivor regions: 13->12(24)
[2026-09-05T11:16:04.861-0400][300.368s][info][gc,heap     ] GC(401) Old regions: 912->912
[2026-09-05T11:16:04.861-0400][300.368s][info][gc,heap     ] GC(401) Archive regions: 0->0
[2026-09-05T11:16:04.861-0400][300.368s][info][gc,heap     ] GC(401) Humongous regions: 29->29
[2026-09-05T11:16:04.861-0400][300.368s][info][gc,metaspace] GC(401) Metaspace: 153510K(156160K)->153510K(156160K) NonClass: 131719K(133184K)->131719K(133184K) Class: 21791K(22976K)->21791K(22976K)
[2026-09-05T11:16:04.861-0400][300.368s][info][gc          ] GC(401) Pause Young (Normal) (G1 Evacuation Pause) 2252M->1904M(2536M) 3.422ms
[2026-09-05T11:16:04.861-0400][300.368s][info][gc,cpu      ] GC(401) User=0.00s Sys=0.00s Real=0.00s
[2026-09-05T11:16:05.186-0400][300.692s][info][gc,start    ] GC(402) Pause Young (Normal) (G1 Evacuation Pause)
[2026-09-05T11:16:05.186-0400][300.692s][info][gc,task     ] GC(402) Using 23 workers of 23 for evacuation
[2026-09-05T11:16:05.188-0400][300.695s][info][gc,phases   ] GC(402)   Pre Evacuate Collection Set: 0.24ms
[2026-09-05T11:16:05.188-0400][300.695s][info][gc,phases   ] GC(402)   Merge Heap Roots: 0.13ms
[2026-09-05T11:16:05.188-0400][300.695s][info][gc,phases   ] GC(402)   Evacuate Collection Set: 1.95ms
[2026-09-05T11:16:05.188-0400][300.695s][info][gc,phases   ] GC(402)   Post Evacuate Collection Set: 0.55ms
[2026-09-05T11:16:05.188-0400][300.695s][info][gc,phases   ] GC(402)   Other: 0.13ms
[2026-09-05T11:16:05.188-0400][300.695s][info][gc,heap     ] GC(402) Eden regions: 176->0(178)
[2026-09-05T11:16:05.188-0400][300.695s][info][gc,heap     ] GC(402) Survivor regions: 12->10(24)
[2026-09-05T11:16:05.188-0400][300.695s][info][gc,heap     ] GC(402) Old regions: 912->914
[2026-09-05T11:16:05.188-0400][300.695s][info][gc,heap     ] GC(402) Archive regions: 0->0
[2026-09-05T11:16:05.188-0400][300.695s][info][gc,heap     ] GC(402) Humongous regions: 29->29
[2026-09-05T11:16:05.189-0400][300.695s][info][gc,metaspace] GC(402) Metaspace: 153510K(156160K)->153510K(156160K) NonClass: 131719K(133184K)->131719K(133184K) Class: 21791K(22976K)->21791K(22976K)
[2026-09-05T11:16:05.189-0400][300.696s][info][gc          ] GC(402) Pause Young (Normal) (G1 Evacuation Pause) 2256M->1904M(2536M) 3.292ms
[2026-09-05T11:16:05.189-0400][300.696s][info][gc,cpu      ] GC(402) User=0.00s Sys=0.00s Real=0.00s
[2026-09-05T11:16:05.538-0400][301.045s][info][gc,start    ] GC(403) Pause Young (Normal) (G1 Evacuation Pause)
[2026-09-05T11:16:05.538-0400][301.045s][info][gc,task     ] GC(403) Using 23 workers of 23 for evacuation
[2026-09-05T11:16:05.541-0400][301.048s][info][gc,phases   ] GC(403)   Pre Evacuate Collection Set: 0.25ms
[2026-09-05T11:16:05.541-0400][301.048s][info][gc,phases   ] GC(403)   Merge Heap Roots: 0.14ms
[2026-09-05T11:16:05.541-0400][301.048s][info][gc,phases   ] GC(403)   Evacuate Collection Set: 1.78ms
[2026-09-05T11:16:05.541-0400][301.048s][info][gc,phases   ] GC(403)   Post Evacuate Collection Set: 0.54ms
[2026-09-05T11:16:05.541-0400][301.048s][info][gc,phases   ] GC(403)   Other: 0.14ms
[2026-09-05T11:16:05.541-0400][301.048s][info][gc,heap     ] GC(403) Eden regions: 178->0(179)
[2026-09-05T11:16:05.541-0400][301.048s][info][gc,heap     ] GC(403) Survivor regions: 10->9(24)
[2026-09-05T11:16:05.541-0400][301.048s][info][gc,heap     ] GC(403) Old regions: 914->915
[2026-09-05T11:16:05.541-0400][301.048s][info][gc,heap     ] GC(403) Archive regions: 0->0
[2026-09-05T11:16:05.541-0400][301.048s][info][gc,heap     ] GC(403) Humongous regions: 29->29
[2026-09-05T11:16:05.541-0400][301.048s][info][gc,metaspace] GC(403) Metaspace: 153510K(156160K)->153510K(156160K) NonClass: 131719K(133184K)->131719K(133184K) Class: 21791K(22976K)->21791K(22976K)
[2026-09-05T11:16:05.541-0400][301.048s][info][gc          ] GC(403) Pause Young (Normal) (G1 Evacuation Pause) 2260M->1904M(2536M) 2.976ms
[2026-09-05T11:16:05.541-0400][301.048s][info][gc,cpu      ] GC(403) User=0.00s Sys=0.00s Real=0.00s
[2026-09-05T11:16:05.885-0400][301.392s][info][gc,start    ] GC(404) Pause Young (Normal) (G1 Evacuation Pause)
[2026-09-05T11:16:05.885-0400][301.392s][info][gc,task     ] GC(404) Using 23 workers of 23 for evacuation
[2026-09-05T11:16:05.888-0400][301.395s][info][gc,phases   ] GC(404)   Pre Evacuate Collection Set: 0.22ms
[2026-09-05T11:16:05.888-0400][301.395s][info][gc,phases   ] GC(404)   Merge Heap Roots: 0.12ms
[2026-09-05T11:16:05.888-0400][301.395s][info][gc,phases   ] GC(404)   Evacuate Collection Set: 1.56ms
[2026-09-05T11:16:05.888-0400][301.395s][info][gc,phases   ] GC(404)   Post Evacuate Collection Set: 0.56ms
[2026-09-05T11:16:05.888-0400][301.395s][info][gc,phases   ] GC(404)   Other: 0.12ms
[2026-09-05T11:16:05.888-0400][301.395s][info][gc,heap     ] GC(404) Eden regions: 179->0(181)
[2026-09-05T11:16:05.888-0400][301.395s][info][gc,heap     ] GC(404) Survivor regions: 9->7(24)
[2026-09-05T11:16:05.888-0400][301.395s][info][gc,heap     ] GC(404) Old regions: 915->917
[2026-09-05T11:16:05.888-0400][301.395s][info][gc,heap     ] GC(404) Archive regions: 0->0
[2026-09-05T11:16:05.888-0400][301.395s][info][gc,heap     ] GC(404) Humongous regions: 29->29
[2026-09-05T11:16:05.888-0400][301.395s][info][gc,metaspace] GC(404) Metaspace: 153510K(156160K)->153510K(156160K) NonClass: 131719K(133184K)->131719K(133184K) Class: 21791K(22976K)->21791K(22976K)
[2026-09-05T11:16:05.888-0400][301.395s][info][gc          ] GC(404) Pause Young (Normal) (G1 Evacuation Pause) 2262M->1904M(2536M) 2.895ms
[2026-09-05T11:16:05.888-0400][301.395s][info][gc,cpu      ] GC(404) User=0.31s Sys=0.06s Real=0.00s
[2026-09-05T11:16:06.239-0400][301.746s][info][gc,start    ] GC(405) Pause Young (Normal) (G1 Evacuation Pause)
[2026-09-05T11:16:06.239-0400][301.746s][info][gc,task     ] GC(405) Using 23 workers of 23 for evacuation
[2026-09-05T11:16:06.241-0400][301.748s][info][gc,phases   ] GC(405)   Pre Evacuate Collection Set: 0.18ms
[2026-09-05T11:16:06.241-0400][301.748s][info][gc,phases   ] GC(405)   Merge Heap Roots: 0.10ms
[2026-09-05T11:16:06.241-0400][301.748s][info][gc,phases   ] GC(405)   Evacuate Collection Set: 1.25ms
[2026-09-05T11:16:06.241-0400][301.748s][info][gc,phases   ] GC(405)   Post Evacuate Collection Set: 0.55ms
[2026-09-05T11:16:06.241-0400][301.748s][info][gc,phases   ] GC(405)   Other: 0.12ms
[2026-09-05T11:16:06.241-0400][301.748s][info][gc,heap     ] GC(405) Eden regions: 181->0(183)
[2026-09-05T11:16:06.241-0400][301.748s][info][gc,heap     ] GC(405) Survivor regions: 7->3(24)
[2026-09-05T11:16:06.241-0400][301.748s][info][gc,heap     ] GC(405) Old regions: 917->921
[2026-09-05T11:16:06.241-0400][301.748s][info][gc,heap     ] GC(405) Archive regions: 0->0
[2026-09-05T11:16:06.241-0400][301.748s][info][gc,heap     ] GC(405) Humongous regions: 29->29
[2026-09-05T11:16:06.241-0400][301.748s][info][gc,metaspace] GC(405) Metaspace: 153510K(156160K)->153510K(156160K) NonClass: 131719K(133184K)->131719K(133184K) Class: 21791K(22976K)->21791K(22976K)
[2026-09-05T11:16:06.241-0400][301.748s][info][gc          ] GC(405) Pause Young (Normal) (G1 Evacuation Pause) 2266M->1904M(2536M) 2.287ms
[2026-09-05T11:16:06.241-0400][301.748s][info][gc,cpu      ] GC(405) User=0.00s Sys=0.00s Real=0.00s
[2026-09-05T11:16:06.568-0400][302.075s][info][gc,start    ] GC(406) Pause Young (Normal) (G1 Evacuation Pause)
[2026-09-05T11:16:06.569-0400][302.075s][info][gc,task     ] GC(406) Using 23 workers of 23 for evacuation
[2026-09-05T11:16:06.570-0400][302.077s][info][gc,phases   ] GC(406)   Pre Evacuate Collection Set: 0.24ms
[2026-09-05T11:16:06.570-0400][302.077s][info][gc,phases   ] GC(406)   Merge Heap Roots: 0.12ms
[2026-09-05T11:16:06.570-0400][302.077s][info][gc,phases   ] GC(406)   Evacuate Collection Set: 0.82ms
[2026-09-05T11:16:06.570-0400][302.077s][info][gc,phases   ] GC(406)   Post Evacuate Collection Set: 0.41ms
[2026-09-05T11:16:06.570-0400][302.077s][info][gc,phases   ] GC(406)   Other: 0.12ms
[2026-09-05T11:16:06.570-0400][302.077s][info][gc,heap     ] GC(406) Eden regions: 183->0(183)
[2026-09-05T11:16:06.570-0400][302.077s][info][gc,heap     ] GC(406) Survivor regions: 3->2(24)
[2026-09-05T11:16:06.570-0400][302.077s][info][gc,heap     ] GC(406) Old regions: 921->922
[2026-09-05T11:16:06.570-0400][302.077s][info][gc,heap     ] GC(406) Archive regions: 0->0
[2026-09-05T11:16:06.570-0400][302.077s][info][gc,heap     ] GC(406) Humongous regions: 29->29
[2026-09-05T11:16:06.570-0400][302.077s][info][gc,metaspace] GC(406) Metaspace: 153510K(156160K)->153510K(156160K) NonClass: 131719K(133184K)->131719K(133184K) Class: 21791K(22976K)->21791K(22976K)
[2026-09-05T11:16:06.570-0400][302.077s][info][gc          ] GC(406) Pause Young (Normal) (G1 Evacuation Pause) 2270M->1904M(2536M) 1.811ms
[2026-09-05T11:16:06.570-0400][302.077s][info][gc,cpu      ] GC(406) User=0.00s Sys=0.00s Real=0.00s
[2026-09-05T11:16:06.904-0400][302.411s][info][gc,start    ] GC(407) Pause Young (Normal) (G1 Evacuation Pause)
[2026-09-05T11:16:06.904-0400][302.411s][info][gc,task     ] GC(407) Using 23 workers of 23 for evacuation
[2026-09-05T11:16:06.905-0400][302.413s][info][gc,phases   ] GC(407)   Pre Evacuate Collection Set: 0.21ms
[2026-09-05T11:16:06.905-0400][302.413s][info][gc,phases   ] GC(407)   Merge Heap Roots: 0.12ms
[2026-09-05T11:16:06.905-0400][302.413s][info][gc,phases   ] GC(407)   Evacuate Collection Set: 0.68ms
[2026-09-05T11:16:06.905-0400][302.413s][info][gc,phases   ] GC(407)   Post Evacuate Collection Set: 0.44ms
[2026-09-05T11:16:06.905-0400][302.413s][info][gc,phases   ] GC(407)   Other: 0.11ms
[2026-09-05T11:16:06.905-0400][302.413s][info][gc,heap     ] GC(407) Eden regions: 183->0(183)
[2026-09-05T11:16:06.905-0400][302.413s][info][gc,heap     ] GC(407) Survivor regions: 2->2(24)
[2026-09-05T11:16:06.905-0400][302.413s][info][gc,heap     ] GC(407) Old regions: 922->922
[2026-09-05T11:16:06.905-0400][302.413s][info][gc,heap     ] GC(407) Archive regions: 0->0
[2026-09-05T11:16:06.905-0400][302.413s][info][gc,heap     ] GC(407) Humongous regions: 29->29
[2026-09-05T11:16:06.905-0400][302.413s][info][gc,metaspace] GC(407) Metaspace: 153510K(156160K)->153510K(156160K) NonClass: 131719K(133184K)->131719K(133184K) Class: 21791K(22976K)->21791K(22976K)
[2026-09-05T11:16:06.905-0400][302.413s][info][gc          ] GC(407) Pause Young (Normal) (G1 Evacuation Pause) 2270M->1904M(2536M) 1.753ms
[2026-09-05T11:16:06.905-0400][302.413s][info][gc,cpu      ] GC(407) User=0.00s Sys=0.00s Real=0.00s
[2026-09-05T11:16:07.228-0400][302.735s][info][gc,start    ] GC(408) Pause Young (Normal) (G1 Evacuation Pause)
[2026-09-05T11:16:07.228-0400][302.735s][info][gc,task     ] GC(408) Using 23 workers of 23 for evacuation
[2026-09-05T11:16:07.230-0400][302.736s][info][gc,phases   ] GC(408)   Pre Evacuate Collection Set: 0.18ms
[2026-09-05T11:16:07.230-0400][302.736s][info][gc,phases   ] GC(408)   Merge Heap Roots: 0.12ms
[2026-09-05T11:16:07.230-0400][302.736s][info][gc,phases   ] GC(408)   Evacuate Collection Set: 0.67ms
[2026-09-05T11:16:07.230-0400][302.736s][info][gc,phases   ] GC(408)   Post Evacuate Collection Set: 0.35ms
[2026-09-05T11:16:07.230-0400][302.736s][info][gc,phases   ] GC(408)   Other: 0.13ms
[2026-09-05T11:16:07.230-0400][302.736s][info][gc,heap     ] GC(408) Eden regions: 183->0(183)
[2026-09-05T11:16:07.230-0400][302.736s][info][gc,heap     ] GC(408) Survivor regions: 2->2(24)
[2026-09-05T11:16:07.230-0400][302.736s][info][gc,heap     ] GC(408) Old regions: 922->922
[2026-09-05T11:16:07.230-0400][302.736s][info][gc,heap     ] GC(408) Archive regions: 0->0
[2026-09-05T11:16:07.230-0400][302.736s][info][gc,heap     ] GC(408) Humongous regions: 29->29
[2026-09-05T11:16:07.230-0400][302.736s][info][gc,metaspace] GC(408) Metaspace: 153511K(156160K)->153511K(156160K) NonClass: 131720K(133184K)->131720K(133184K) Class: 21791K(22976K)->21791K(22976K)
[2026-09-05T11:16:07.230-0400][302.736s][info][gc          ] GC(408) Pause Young (Normal) (G1 Evacuation Pause) 2270M->1904M(2536M) 1.521ms
[2026-09-05T11:16:07.230-0400][302.736s][info][gc,cpu      ] GC(408) User=0.00s Sys=0.00s Real=0.00s
[2026-09-05T11:16:07.554-0400][303.061s][info][gc,start    ] GC(409) Pause Young (Normal) (G1 Evacuation Pause)
[2026-09-05T11:16:07.555-0400][303.061s][info][gc,task     ] GC(409) Using 23 workers of 23 for evacuation
[2026-09-05T11:16:07.556-0400][303.063s][info][gc,phases   ] GC(409)   Pre Evacuate Collection Set: 0.20ms
[2026-09-05T11:16:07.556-0400][303.063s][info][gc,phases   ] GC(409)   Merge Heap Roots: 0.12ms
[2026-09-05T11:16:07.556-0400][303.063s][info][gc,phases   ] GC(409)   Evacuate Collection Set: 0.66ms
[2026-09-05T11:16:07.556-0400][303.063s][info][gc,phases   ] GC(409)   Post Evacuate Collection Set: 0.53ms
[2026-09-05T11:16:07.556-0400][303.063s][info][gc,phases   ] GC(409)   Other: 0.12ms
[2026-09-05T11:16:07.556-0400][303.063s][info][gc,heap     ] GC(409) Eden regions: 183->0(183)
[2026-09-05T11:16:07.556-0400][303.063s][info][gc,heap     ] GC(409) Survivor regions: 2->2(24)
[2026-09-05T11:16:07.556-0400][303.063s][info][gc,heap     ] GC(409) Old regions: 922->922
[2026-09-05T11:16:07.556-0400][303.063s][info][gc,heap     ] GC(409) Archive regions: 0->0
[2026-09-05T11:16:07.556-0400][303.063s][info][gc,heap     ] GC(409) Humongous regions: 29->29
[2026-09-05T11:16:07.556-0400][303.063s][info][gc,metaspace] GC(409) Metaspace: 153511K(156160K)->153511K(156160K) NonClass: 131720K(133184K)->131720K(133184K) Class: 21791K(22976K)->21791K(22976K)
[2026-09-05T11:16:07.556-0400][303.063s][info][gc          ] GC(409) Pause Young (Normal) (G1 Evacuation Pause) 2270M->1904M(2536M) 1.772ms
[2026-09-05T11:16:07.556-0400][303.063s][info][gc,cpu      ] GC(409) User=0.00s Sys=0.00s Real=0.00s
[2026-09-05T11:16:07.876-0400][303.382s][info][gc,start    ] GC(410) Pause Young (Normal) (G1 Evacuation Pause)
[2026-09-05T11:16:07.876-0400][303.382s][info][gc,task     ] GC(410) Using 23 workers of 23 for evacuation
[2026-09-05T11:16:07.877-0400][303.384s][info][gc,phases   ] GC(410)   Pre Evacuate Collection Set: 0.20ms
[2026-09-05T11:16:07.877-0400][303.384s][info][gc,phases   ] GC(410)   Merge Heap Roots: 0.14ms
[2026-09-05T11:16:07.877-0400][303.384s][info][gc,phases   ] GC(410)   Evacuate Collection Set: 0.63ms
[2026-09-05T11:16:07.877-0400][303.384s][info][gc,phases   ] GC(410)   Post Evacuate Collection Set: 0.46ms
[2026-09-05T11:16:07.877-0400][303.384s][info][gc,phases   ] GC(410)   Other: 0.12ms
[2026-09-05T11:16:07.877-0400][303.384s][info][gc,heap     ] GC(410) Eden regions: 183->0(183)
[2026-09-05T11:16:07.877-0400][303.384s][info][gc,heap     ] GC(410) Survivor regions: 2->2(24)
[2026-09-05T11:16:07.877-0400][303.384s][info][gc,heap     ] GC(410) Old regions: 922->922
[2026-09-05T11:16:07.877-0400][303.384s][info][gc,heap     ] GC(410) Archive regions: 0->0
[2026-09-05T11:16:07.877-0400][303.384s][info][gc,heap     ] GC(410) Humongous regions: 29->29
[2026-09-05T11:16:07.877-0400][303.384s][info][gc,metaspace] GC(410) Metaspace: 153512K(156160K)->153512K(156160K) NonClass: 131721K(133184K)->131721K(133184K) Class: 21791K(22976K)->21791K(22976K)
[2026-09-05T11:16:07.877-0400][303.384s][info][gc          ] GC(410) Pause Young (Normal) (G1 Evacuation Pause) 2270M->1904M(2536M) 1.619ms
[2026-09-05T11:16:07.877-0400][303.384s][info][gc,cpu      ] GC(410) User=0.00s Sys=0.00s Real=0.00s
[2026-09-05T11:16:08.084-0400][303.590s][info][gc,start    ] GC(411) Pause Young (Normal) (G1 Evacuation Pause)
[2026-09-05T11:16:08.084-0400][303.590s][info][gc,task     ] GC(411) Using 23 workers of 23 for evacuation
[2026-09-05T11:16:08.086-0400][303.592s][info][gc,phases   ] GC(411)   Pre Evacuate Collection Set: 0.18ms
[2026-09-05T11:16:08.086-0400][303.592s][info][gc,phases   ] GC(411)   Merge Heap Roots: 0.12ms
[2026-09-05T11:16:08.086-0400][303.592s][info][gc,phases   ] GC(411)   Evacuate Collection Set: 0.98ms
[2026-09-05T11:16:08.086-0400][303.592s][info][gc,phases   ] GC(411)   Post Evacuate Collection Set: 0.51ms
[2026-09-05T11:16:08.086-0400][303.592s][info][gc,phases   ] GC(411)   Other: 0.30ms
[2026-09-05T11:16:08.086-0400][303.592s][info][gc,heap     ] GC(411) Eden regions: 183->0(181)
[2026-09-05T11:16:08.086-0400][303.592s][info][gc,heap     ] GC(411) Survivor regions: 2->3(24)
[2026-09-05T11:16:08.086-0400][303.592s][info][gc,heap     ] GC(411) Old regions: 922->922
[2026-09-05T11:16:08.086-0400][303.592s][info][gc,heap     ] GC(411) Archive regions: 0->0
[2026-09-05T11:16:08.086-0400][303.592s][info][gc,heap     ] GC(411) Humongous regions: 29->29
[2026-09-05T11:16:08.086-0400][303.592s][info][gc,metaspace] GC(411) Metaspace: 153512K(156160K)->153512K(156160K) NonClass: 131721K(133184K)->131721K(133184K) Class: 21791K(22976K)->21791K(22976K)
[2026-09-05T11:16:08.086-0400][303.592s][info][gc          ] GC(411) Pause Young (Normal) (G1 Evacuation Pause) 2270M->1905M(2536M) 2.143ms
[2026-09-05T11:16:08.086-0400][303.592s][info][gc,cpu      ] GC(411) User=0.00s Sys=0.00s Real=0.00s
[2026-09-05T11:16:08.156-0400][303.663s][info][gc,start    ] GC(412) Pause Young (Normal) (G1 Evacuation Pause)
[2026-09-05T11:16:08.156-0400][303.664s][info][gc,task     ] GC(412) Using 23 workers of 23 for evacuation
[2026-09-05T11:16:08.159-0400][303.666s][info][gc,phases   ] GC(412)   Pre Evacuate Collection Set: 0.13ms
[2026-09-05T11:16:08.159-0400][303.666s][info][gc,phases   ] GC(412)   Merge Heap Roots: 0.14ms
[2026-09-05T11:16:08.159-0400][303.666s][info][gc,phases   ] GC(412)   Evacuate Collection Set: 1.25ms
[2026-09-05T11:16:08.159-0400][303.666s][info][gc,phases   ] GC(412)   Post Evacuate Collection Set: 0.45ms
[2026-09-05T11:16:08.159-0400][303.666s][info][gc,phases   ] GC(412)   Other: 0.19ms
[2026-09-05T11:16:08.159-0400][303.666s][info][gc,heap     ] GC(412) Eden regions: 181->0(181)
[2026-09-05T11:16:08.159-0400][303.666s][info][gc,heap     ] GC(412) Survivor regions: 3->3(23)
[2026-09-05T11:16:08.159-0400][303.666s][info][gc,heap     ] GC(412) Old regions: 922->922
[2026-09-05T11:16:08.159-0400][303.666s][info][gc,heap     ] GC(412) Archive regions: 0->0
[2026-09-05T11:16:08.159-0400][303.666s][info][gc,heap     ] GC(412) Humongous regions: 29->29
[2026-09-05T11:16:08.159-0400][303.666s][info][gc,metaspace] GC(412) Metaspace: 153512K(156160K)->153512K(156160K) NonClass: 131721K(133184K)->131721K(133184K) Class: 21791K(22976K)->21791K(22976K)
[2026-09-05T11:16:08.159-0400][303.666s][info][gc          ] GC(412) Pause Young (Normal) (G1 Evacuation Pause) 2267M->1907M(2536M) 2.295ms
[2026-09-05T11:16:08.159-0400][303.666s][info][gc,cpu      ] GC(412) User=0.00s Sys=0.00s Real=0.00s
[2026-09-05T11:16:08.471-0400][303.979s][info][gc,start    ] GC(413) Pause Young (Normal) (G1 Evacuation Pause)
[2026-09-05T11:16:08.471-0400][303.979s][info][gc,task     ] GC(413) Using 23 workers of 23 for evacuation
[2026-09-05T11:16:08.474-0400][303.981s][info][gc,phases   ] GC(413)   Pre Evacuate Collection Set: 0.20ms
[2026-09-05T11:16:08.474-0400][303.981s][info][gc,phases   ] GC(413)   Merge Heap Roots: 0.15ms
[2026-09-05T11:16:08.474-0400][303.981s][info][gc,phases   ] GC(413)   Evacuate Collection Set: 1.67ms
[2026-09-05T11:16:08.474-0400][303.981s][info][gc,phases   ] GC(413)   Post Evacuate Collection Set: 0.49ms
[2026-09-05T11:16:08.474-0400][303.981s][info][gc,phases   ] GC(413)   Other: 0.17ms
[2026-09-05T11:16:08.474-0400][303.981s][info][gc,heap     ] GC(413) Eden regions: 181->0(176)
[2026-09-05T11:16:08.474-0400][303.981s][info][gc,heap     ] GC(413) Survivor regions: 3->6(23)
[2026-09-05T11:16:08.474-0400][303.981s][info][gc,heap     ] GC(413) Old regions: 922->922
[2026-09-05T11:16:08.474-0400][303.981s][info][gc,heap     ] GC(413) Archive regions: 0->0
[2026-09-05T11:16:08.474-0400][303.981s][info][gc,heap     ] GC(413) Humongous regions: 29->29
[2026-09-05T11:16:08.474-0400][303.981s][info][gc,metaspace] GC(413) Metaspace: 153512K(156160K)->153512K(156160K) NonClass: 131721K(133184K)->131721K(133184K) Class: 21791K(22976K)->21791K(22976K)
[2026-09-05T11:16:08.474-0400][303.981s][info][gc          ] GC(413) Pause Young (Normal) (G1 Evacuation Pause) 2269M->1913M(2536M) 2.789ms
[2026-09-05T11:16:08.474-0400][303.981s][info][gc,cpu      ] GC(413) User=0.00s Sys=0.00s Real=0.00s
[2026-09-05T11:16:08.517-0400][304.024s][info][gc,start    ] GC(414) Pause Young (Normal) (G1 Evacuation Pause)
[2026-09-05T11:16:08.517-0400][304.025s][info][gc,task     ] GC(414) Using 23 workers of 23 for evacuation
[2026-09-05T11:16:08.520-0400][304.027s][info][gc,phases   ] GC(414)   Pre Evacuate Collection Set: 0.18ms
[2026-09-05T11:16:08.520-0400][304.027s][info][gc,phases   ] GC(414)   Merge Heap Roots: 0.13ms
[2026-09-05T11:16:08.520-0400][304.027s][info][gc,phases   ] GC(414)   Evacuate Collection Set: 1.43ms
[2026-09-05T11:16:08.520-0400][304.027s][info][gc,phases   ] GC(414)   Post Evacuate Collection Set: 0.43ms
[2026-09-05T11:16:08.520-0400][304.027s][info][gc,phases   ] GC(414)   Other: 0.17ms
[2026-09-05T11:16:08.520-0400][304.027s][info][gc,heap     ] GC(414) Eden regions: 176->0(175)
[2026-09-05T11:16:08.520-0400][304.027s][info][gc,heap     ] GC(414) Survivor regions: 6->7(23)
[2026-09-05T11:16:08.520-0400][304.027s][info][gc,heap     ] GC(414) Old regions: 922->922
[2026-09-05T11:16:08.520-0400][304.027s][info][gc,heap     ] GC(414) Archive regions: 0->0
[2026-09-05T11:16:08.520-0400][304.027s][info][gc,heap     ] GC(414) Humongous regions: 29->29
[2026-09-05T11:16:08.520-0400][304.027s][info][gc,metaspace] GC(414) Metaspace: 153512K(156160K)->153512K(156160K) NonClass: 131721K(133184K)->131721K(133184K) Class: 21791K(22976K)->21791K(22976K)
[2026-09-05T11:16:08.520-0400][304.027s][info][gc          ] GC(414) Pause Young (Normal) (G1 Evacuation Pause) 2265M->1914M(2536M) 2.470ms
[2026-09-05T11:16:08.520-0400][304.027s][info][gc,cpu      ] GC(414) User=0.00s Sys=0.00s Real=0.00s
[2026-09-05T11:16:08.830-0400][304.336s][info][gc,start    ] GC(415) Pause Young (Normal) (G1 Evacuation Pause)
[2026-09-05T11:16:08.830-0400][304.336s][info][gc,task     ] GC(415) Using 23 workers of 23 for evacuation
[2026-09-05T11:16:08.833-0400][304.339s][info][gc,phases   ] GC(415)   Pre Evacuate Collection Set: 0.15ms
[2026-09-05T11:16:08.833-0400][304.340s][info][gc,phases   ] GC(415)   Merge Heap Roots: 0.15ms
[2026-09-05T11:16:08.833-0400][304.340s][info][gc,phases   ] GC(415)   Evacuate Collection Set: 2.37ms
[2026-09-05T11:16:08.833-0400][304.340s][info][gc,phases   ] GC(415)   Post Evacuate Collection Set: 0.53ms
[2026-09-05T11:16:08.833-0400][304.340s][info][gc,phases   ] GC(415)   Other: 0.23ms
[2026-09-05T11:16:08.833-0400][304.340s][info][gc,heap     ] GC(415) Eden regions: 175->0(171)
[2026-09-05T11:16:08.833-0400][304.340s][info][gc,heap     ] GC(415) Survivor regions: 7->9(23)
[2026-09-05T11:16:08.833-0400][304.340s][info][gc,heap     ] GC(415) Old regions: 922->922
[2026-09-05T11:16:08.833-0400][304.340s][info][gc,heap     ] GC(415) Archive regions: 0->0
[2026-09-05T11:16:08.833-0400][304.340s][info][gc,heap     ] GC(415) Humongous regions: 29->29
[2026-09-05T11:16:08.833-0400][304.340s][info][gc,metaspace] GC(415) Metaspace: 153513K(156160K)->153513K(156160K) NonClass: 131722K(133184K)->131722K(133184K) Class: 21791K(22976K)->21791K(22976K)
[2026-09-05T11:16:08.833-0400][304.340s][info][gc          ] GC(415) Pause Young (Normal) (G1 Evacuation Pause) 2263M->1918M(2536M) 3.655ms
[2026-09-05T11:16:08.833-0400][304.340s][info][gc,cpu      ] GC(415) User=0.00s Sys=0.00s Real=0.00s
[2026-09-05T11:16:09.143-0400][304.649s][info][gc,start    ] GC(416) Pause Young (Normal) (G1 Evacuation Pause)
[2026-09-05T11:16:09.143-0400][304.649s][info][gc,task     ] GC(416) Using 23 workers of 23 for evacuation
[2026-09-05T11:16:09.146-0400][304.654s][info][gc,phases   ] GC(416)   Pre Evacuate Collection Set: 0.13ms
[2026-09-05T11:16:09.146-0400][304.654s][info][gc,phases   ] GC(416)   Merge Heap Roots: 0.19ms
[2026-09-05T11:16:09.146-0400][304.654s][info][gc,phases   ] GC(416)   Evacuate Collection Set: 3.08ms
[2026-09-05T11:16:09.146-0400][304.654s][info][gc,phases   ] GC(416)   Post Evacuate Collection Set: 0.60ms
[2026-09-05T11:16:09.146-0400][304.654s][info][gc,phases   ] GC(416)   Other: 0.25ms
[2026-09-05T11:16:09.147-0400][304.654s][info][gc,heap     ] GC(416) Eden regions: 171->0(164)
[2026-09-05T11:16:09.147-0400][304.654s][info][gc,heap     ] GC(416) Survivor regions: 9->12(23)
[2026-09-05T11:16:09.147-0400][304.654s][info][gc,heap     ] GC(416) Old regions: 922->923
[2026-09-05T11:16:09.147-0400][304.654s][info][gc,heap     ] GC(416) Archive regions: 0->0
[2026-09-05T11:16:09.147-0400][304.654s][info][gc,heap     ] GC(416) Humongous regions: 29->29
[2026-09-05T11:16:09.147-0400][304.654s][info][gc,metaspace] GC(416) Metaspace: 153513K(156160K)->153513K(156160K) NonClass: 131722K(133184K)->131722K(133184K) Class: 21791K(22976K)->21791K(22976K)
[2026-09-05T11:16:09.147-0400][304.654s][info][gc          ] GC(416) Pause Young (Normal) (G1 Evacuation Pause) 2260M->1925M(2536M) 4.482ms
[2026-09-05T11:16:09.147-0400][304.654s][info][gc,cpu      ] GC(416) User=0.00s Sys=0.00s Real=0.00s
[2026-09-05T11:16:09.193-0400][304.700s][info][gc,start    ] GC(417) Pause Young (Normal) (GCLocker Initiated GC)
[2026-09-05T11:16:09.193-0400][304.700s][info][gc,task     ] GC(417) Using 23 workers of 23 for evacuation
[2026-09-05T11:16:09.196-0400][304.703s][info][gc,phases   ] GC(417)   Pre Evacuate Collection Set: 0.13ms
[2026-09-05T11:16:09.196-0400][304.703s][info][gc,phases   ] GC(417)   Merge Heap Roots: 0.16ms
[2026-09-05T11:16:09.196-0400][304.703s][info][gc,phases   ] GC(417)   Evacuate Collection Set: 2.77ms
[2026-09-05T11:16:09.196-0400][304.704s][info][gc,phases   ] GC(417)   Post Evacuate Collection Set: 0.54ms
[2026-09-05T11:16:09.196-0400][304.704s][info][gc,phases   ] GC(417)   Other: 0.24ms
[2026-09-05T11:16:09.196-0400][304.704s][info][gc,heap     ] GC(417) Eden regions: 164->0(163)
[2026-09-05T11:16:09.196-0400][304.704s][info][gc,heap     ] GC(417) Survivor regions: 12->13(22)
[2026-09-05T11:16:09.196-0400][304.704s][info][gc,heap     ] GC(417) Old regions: 923->923
[2026-09-05T11:16:09.196-0400][304.704s][info][gc,heap     ] GC(417) Archive regions: 0->0
[2026-09-05T11:16:09.196-0400][304.704s][info][gc,heap     ] GC(417) Humongous regions: 29->29
[2026-09-05T11:16:09.196-0400][304.704s][info][gc,metaspace] GC(417) Metaspace: 153513K(156160K)->153513K(156160K) NonClass: 131722K(133184K)->131722K(133184K) Class: 21791K(22976K)->21791K(22976K)
[2026-09-05T11:16:09.196-0400][304.704s][info][gc          ] GC(417) Pause Young (Normal) (GCLocker Initiated GC) 2253M->1926M(2536M) 4.112ms
[2026-09-05T11:16:09.196-0400][304.704s][info][gc,cpu      ] GC(417) User=0.00s Sys=0.00s Real=0.00s
[2026-09-05T11:16:09.242-0400][304.749s][info][gc,start    ] GC(418) Pause Young (Normal) (G1 Evacuation Pause)
[2026-09-05T11:16:09.242-0400][304.749s][info][gc,task     ] GC(418) Using 23 workers of 23 for evacuation
[2026-09-05T11:16:09.246-0400][304.752s][info][gc,phases   ] GC(418)   Pre Evacuate Collection Set: 0.16ms
[2026-09-05T11:16:09.246-0400][304.752s][info][gc,phases   ] GC(418)   Merge Heap Roots: 0.15ms
[2026-09-05T11:16:09.246-0400][304.753s][info][gc,phases   ] GC(418)   Evacuate Collection Set: 2.55ms
[2026-09-05T11:16:09.246-0400][304.753s][info][gc,phases   ] GC(418)   Post Evacuate Collection Set: 0.56ms
[2026-09-05T11:16:09.246-0400][304.753s][info][gc,phases   ] GC(418)   Other: 0.26ms
[2026-09-05T11:16:09.246-0400][304.753s][info][gc,heap     ] GC(418) Eden regions: 163->0(165)
[2026-09-05T11:16:09.246-0400][304.753s][info][gc,heap     ] GC(418) Survivor regions: 13->12(22)
[2026-09-05T11:16:09.246-0400][304.753s][info][gc,heap     ] GC(418) Old regions: 923->923
[2026-09-05T11:16:09.246-0400][304.753s][info][gc,heap     ] GC(418) Archive regions: 0->0
[2026-09-05T11:16:09.246-0400][304.753s][info][gc,heap     ] GC(418) Humongous regions: 29->29
[2026-09-05T11:16:09.246-0400][304.753s][info][gc,metaspace] GC(418) Metaspace: 153513K(156160K)->153513K(156160K) NonClass: 131722K(133184K)->131722K(133184K) Class: 21791K(22976K)->21791K(22976K)
[2026-09-05T11:16:09.246-0400][304.753s][info][gc          ] GC(418) Pause Young (Normal) (G1 Evacuation Pause) 2252M->1927M(2536M) 3.907ms
[2026-09-05T11:16:09.246-0400][304.753s][info][gc,cpu      ] GC(418) User=0.00s Sys=0.00s Real=0.00s
[2026-09-05T11:16:09.503-0400][305.009s][info][gc,start    ] GC(419) Pause Young (Normal) (G1 Evacuation Pause)
[2026-09-05T11:16:09.503-0400][305.009s][info][gc,task     ] GC(419) Using 23 workers of 23 for evacuation
[2026-09-05T11:16:09.505-0400][305.012s][info][gc,phases   ] GC(419)   Pre Evacuate Collection Set: 0.18ms
[2026-09-05T11:16:09.505-0400][305.012s][info][gc,phases   ] GC(419)   Merge Heap Roots: 0.14ms
[2026-09-05T11:16:09.505-0400][305.012s][info][gc,phases   ] GC(419)   Evacuate Collection Set: 1.83ms
[2026-09-05T11:16:09.505-0400][305.012s][info][gc,phases   ] GC(419)   Post Evacuate Collection Set: 0.45ms
[2026-09-05T11:16:09.505-0400][305.012s][info][gc,phases   ] GC(419)   Other: 0.17ms
[2026-09-05T11:16:09.506-0400][305.012s][info][gc,heap     ] GC(419) Eden regions: 165->0(165)
[2026-09-05T11:16:09.506-0400][305.012s][info][gc,heap     ] GC(419) Survivor regions: 12->12(23)
[2026-09-05T11:16:09.506-0400][305.012s][info][gc,heap     ] GC(419) Old regions: 923->923
[2026-09-05T11:16:09.506-0400][305.012s][info][gc,heap     ] GC(419) Archive regions: 0->0
[2026-09-05T11:16:09.506-0400][305.012s][info][gc,heap     ] GC(419) Humongous regions: 29->29
[2026-09-05T11:16:09.506-0400][305.012s][info][gc,metaspace] GC(419) Metaspace: 153513K(156160K)->153513K(156160K) NonClass: 131722K(133184K)->131722K(133184K) Class: 21791K(22976K)->21791K(22976K)
[2026-09-05T11:16:09.506-0400][305.012s][info][gc          ] GC(419) Pause Young (Normal) (G1 Evacuation Pause) 2257M->1926M(2536M) 2.884ms
[2026-09-05T11:16:09.506-0400][305.012s][info][gc,cpu      ] GC(419) User=0.00s Sys=0.00s Real=0.00s
[2026-09-05T11:16:09.839-0400][305.346s][info][gc,start    ] GC(420) Pause Young (Normal) (GCLocker Initiated GC)
[2026-09-05T11:16:09.839-0400][305.346s][info][gc,task     ] GC(420) Using 23 workers of 23 for evacuation
[2026-09-05T11:16:09.843-0400][305.349s][info][gc,phases   ] GC(420)   Pre Evacuate Collection Set: 0.14ms
[2026-09-05T11:16:09.843-0400][305.349s][info][gc,phases   ] GC(420)   Merge Heap Roots: 0.12ms
[2026-09-05T11:16:09.843-0400][305.349s][info][gc,phases   ] GC(420)   Evacuate Collection Set: 2.29ms
[2026-09-05T11:16:09.843-0400][305.349s][info][gc,phases   ] GC(420)   Post Evacuate Collection Set: 0.58ms
[2026-09-05T11:16:09.843-0400][305.349s][info][gc,phases   ] GC(420)   Other: 0.12ms
[2026-09-05T11:16:09.843-0400][305.349s][info][gc,heap     ] GC(420) Eden regions: 165->0(161)
[2026-09-05T11:16:09.843-0400][305.349s][info][gc,heap     ] GC(420) Survivor regions: 12->14(23)
[2026-09-05T11:16:09.843-0400][305.349s][info][gc,heap     ] GC(420) Old regions: 923->923
[2026-09-05T11:16:09.843-0400][305.349s][info][gc,heap     ] GC(420) Archive regions: 0->0
[2026-09-05T11:16:09.843-0400][305.349s][info][gc,heap     ] GC(420) Humongous regions: 29->29
[2026-09-05T11:16:09.843-0400][305.349s][info][gc,metaspace] GC(420) Metaspace: 153513K(156160K)->153513K(156160K) NonClass: 131722K(133184K)->131722K(133184K) Class: 21791K(22976K)->21791K(22976K)
[2026-09-05T11:16:09.843-0400][305.349s][info][gc          ] GC(420) Pause Young (Normal) (GCLocker Initiated GC) 2256M->1930M(2536M) 3.380ms
[2026-09-05T11:16:09.843-0400][305.349s][info][gc,cpu      ] GC(420) User=0.27s Sys=0.09s Real=0.00s
[2026-09-05T11:16:09.900-0400][305.406s][info][gc,start    ] GC(421) Pause Young (Normal) (G1 Evacuation Pause)
[2026-09-05T11:16:09.900-0400][305.407s][info][gc,task     ] GC(421) Using 23 workers of 23 for evacuation
[2026-09-05T11:16:09.904-0400][305.411s][info][gc,phases   ] GC(421)   Pre Evacuate Collection Set: 0.14ms
[2026-09-05T11:16:09.904-0400][305.411s][info][gc,phases   ] GC(421)   Merge Heap Roots: 0.15ms
[2026-09-05T11:16:09.904-0400][305.411s][info][gc,phases   ] GC(421)   Evacuate Collection Set: 3.43ms
[2026-09-05T11:16:09.904-0400][305.411s][info][gc,phases   ] GC(421)   Post Evacuate Collection Set: 0.52ms
[2026-09-05T11:16:09.904-0400][305.411s][info][gc,phases   ] GC(421)   Other: 0.19ms
[2026-09-05T11:16:09.904-0400][305.411s][info][gc,heap     ] GC(421) Eden regions: 161->0(159)
[2026-09-05T11:16:09.904-0400][305.411s][info][gc,heap     ] GC(421) Survivor regions: 14->14(22)
[2026-09-05T11:16:09.904-0400][305.411s][info][gc,heap     ] GC(421) Old regions: 923->925
[2026-09-05T11:16:09.904-0400][305.411s][info][gc,heap     ] GC(421) Archive regions: 0->0
[2026-09-05T11:16:09.904-0400][305.411s][info][gc,heap     ] GC(421) Humongous regions: 29->29
[2026-09-05T11:16:09.904-0400][305.411s][info][gc,metaspace] GC(421) Metaspace: 153516K(156160K)->153516K(156160K) NonClass: 131725K(133184K)->131725K(133184K) Class: 21791K(22976K)->21791K(22976K)
[2026-09-05T11:16:09.904-0400][305.411s][info][gc          ] GC(421) Pause Young (Normal) (G1 Evacuation Pause) 2252M->1935M(2536M) 4.555ms
[2026-09-05T11:16:09.904-0400][305.411s][info][gc,cpu      ] GC(421) User=0.34s Sys=0.02s Real=0.00s
[2026-09-05T11:16:09.940-0400][305.447s][info][gc,start    ] GC(422) Pause Young (Normal) (G1 Evacuation Pause)
[2026-09-05T11:16:09.940-0400][305.447s][info][gc,task     ] GC(422) Using 23 workers of 23 for evacuation
[2026-09-05T11:16:09.944-0400][305.450s][info][gc,phases   ] GC(422)   Pre Evacuate Collection Set: 0.15ms
[2026-09-05T11:16:09.944-0400][305.450s][info][gc,phases   ] GC(422)   Merge Heap Roots: 0.20ms
[2026-09-05T11:16:09.944-0400][305.450s][info][gc,phases   ] GC(422)   Evacuate Collection Set: 2.67ms
[2026-09-05T11:16:09.944-0400][305.450s][info][gc,phases   ] GC(422)   Post Evacuate Collection Set: 0.43ms
[2026-09-05T11:16:09.944-0400][305.450s][info][gc,phases   ] GC(422)   Other: 0.21ms
[2026-09-05T11:16:09.944-0400][305.450s][info][gc,heap     ] GC(422) Eden regions: 159->0(157)
[2026-09-05T11:16:09.944-0400][305.450s][info][gc,heap     ] GC(422) Survivor regions: 14->14(22)
[2026-09-05T11:16:09.944-0400][305.450s][info][gc,heap     ] GC(422) Old regions: 925->927
[2026-09-05T11:16:09.944-0400][305.450s][info][gc,heap     ] GC(422) Archive regions: 0->0
[2026-09-05T11:16:09.944-0400][305.450s][info][gc,heap     ] GC(422) Humongous regions: 29->29
[2026-09-05T11:16:09.944-0400][305.450s][info][gc,metaspace] GC(422) Metaspace: 153516K(156160K)->153516K(156160K) NonClass: 131725K(133184K)->131725K(133184K) Class: 21791K(22976K)->21791K(22976K)
[2026-09-05T11:16:09.944-0400][305.451s][info][gc          ] GC(422) Pause Young (Normal) (G1 Evacuation Pause) 2253M->1937M(2536M) 3.795ms
[2026-09-05T11:16:09.944-0400][305.451s][info][gc,cpu      ] GC(422) User=0.00s Sys=0.00s Real=0.00s
[2026-09-05T11:16:10.001-0400][305.508s][info][gc,start    ] GC(423) Pause Young (Normal) (G1 Evacuation Pause)
[2026-09-05T11:16:10.001-0400][305.508s][info][gc,task     ] GC(423) Using 23 workers of 23 for evacuation
[2026-09-05T11:16:10.004-0400][305.511s][info][gc,phases   ] GC(423)   Pre Evacuate Collection Set: 0.11ms
[2026-09-05T11:16:10.004-0400][305.511s][info][gc,phases   ] GC(423)   Merge Heap Roots: 0.14ms
[2026-09-05T11:16:10.004-0400][305.511s][info][gc,phases   ] GC(423)   Evacuate Collection Set: 2.43ms
[2026-09-05T11:16:10.004-0400][305.511s][info][gc,phases   ] GC(423)   Post Evacuate Collection Set: 0.44ms
[2026-09-05T11:16:10.004-0400][305.511s][info][gc,phases   ] GC(423)   Other: 0.15ms
[2026-09-05T11:16:10.004-0400][305.511s][info][gc,heap     ] GC(423) Eden regions: 157->0(158)
[2026-09-05T11:16:10.004-0400][305.511s][info][gc,heap     ] GC(423) Survivor regions: 14->12(22)
[2026-09-05T11:16:10.004-0400][305.511s][info][gc,heap     ] GC(423) Old regions: 927->930
[2026-09-05T11:16:10.004-0400][305.511s][info][gc,heap     ] GC(423) Archive regions: 0->0
[2026-09-05T11:16:10.004-0400][305.511s][info][gc,heap     ] GC(423) Humongous regions: 29->29
[2026-09-05T11:16:10.004-0400][305.511s][info][gc,metaspace] GC(423) Metaspace: 153516K(156160K)->153516K(156160K) NonClass: 131725K(133184K)->131725K(133184K) Class: 21791K(22976K)->21791K(22976K)
[2026-09-05T11:16:10.004-0400][305.511s][info][gc          ] GC(423) Pause Young (Normal) (G1 Evacuation Pause) 2251M->1938M(2536M) 3.398ms
[2026-09-05T11:16:10.004-0400][305.511s][info][gc,cpu      ] GC(423) User=0.00s Sys=0.00s Real=0.00s
[2026-09-05T11:16:10.208-0400][305.715s][info][gc,start    ] GC(424) Pause Young (Normal) (G1 Evacuation Pause)
[2026-09-05T11:16:10.208-0400][305.715s][info][gc,task     ] GC(424) Using 23 workers of 23 for evacuation
[2026-09-05T11:16:10.211-0400][305.718s][info][gc,phases   ] GC(424)   Pre Evacuate Collection Set: 0.27ms
[2026-09-05T11:16:10.211-0400][305.718s][info][gc,phases   ] GC(424)   Merge Heap Roots: 0.14ms
[2026-09-05T11:16:10.211-0400][305.718s][info][gc,phases   ] GC(424)   Evacuate Collection Set: 1.75ms
[2026-09-05T11:16:10.211-0400][305.718s][info][gc,phases   ] GC(424)   Post Evacuate Collection Set: 0.57ms
[2026-09-05T11:16:10.211-0400][305.718s][info][gc,phases   ] GC(424)   Other: 0.21ms
[2026-09-05T11:16:10.211-0400][305.718s][info][gc,heap     ] GC(424) Eden regions: 158->0(160)
[2026-09-05T11:16:10.211-0400][305.718s][info][gc,heap     ] GC(424) Survivor regions: 12->11(22)
[2026-09-05T11:16:10.211-0400][305.718s][info][gc,heap     ] GC(424) Old regions: 930->930
[2026-09-05T11:16:10.211-0400][305.718s][info][gc,heap     ] GC(424) Archive regions: 0->0
[2026-09-05T11:16:10.211-0400][305.718s][info][gc,heap     ] GC(424) Humongous regions: 29->29
[2026-09-05T11:16:10.211-0400][305.718s][info][gc,metaspace] GC(424) Metaspace: 153516K(156160K)->153516K(156160K) NonClass: 131725K(133184K)->131725K(133184K) Class: 21791K(22976K)->21791K(22976K)
[2026-09-05T11:16:10.211-0400][305.718s][info][gc          ] GC(424) Pause Young (Normal) (G1 Evacuation Pause) 2254M->1938M(2536M) 3.050ms
[2026-09-05T11:16:10.211-0400][305.718s][info][gc,cpu      ] GC(424) User=0.00s Sys=0.00s Real=0.00s
[2026-09-05T11:16:10.488-0400][305.995s][info][gc,start    ] GC(425) Pause Young (Normal) (G1 Evacuation Pause)
[2026-09-05T11:16:10.488-0400][305.995s][info][gc,task     ] GC(425) Using 23 workers of 23 for evacuation
[2026-09-05T11:16:10.491-0400][305.997s][info][gc,phases   ] GC(425)   Pre Evacuate Collection Set: 0.17ms
[2026-09-05T11:16:10.491-0400][305.997s][info][gc,phases   ] GC(425)   Merge Heap Roots: 0.14ms
[2026-09-05T11:16:10.491-0400][305.997s][info][gc,phases   ] GC(425)   Evacuate Collection Set: 1.74ms
[2026-09-05T11:16:10.491-0400][305.997s][info][gc,phases   ] GC(425)   Post Evacuate Collection Set: 0.40ms
[2026-09-05T11:16:10.491-0400][305.997s][info][gc,phases   ] GC(425)   Other: 0.10ms
[2026-09-05T11:16:10.491-0400][305.997s][info][gc,heap     ] GC(425) Eden regions: 160->0(160)
[2026-09-05T11:16:10.491-0400][305.997s][info][gc,heap     ] GC(425) Survivor regions: 11->11(22)
[2026-09-05T11:16:10.491-0400][305.997s][info][gc,heap     ] GC(425) Old regions: 930->930
[2026-09-05T11:16:10.491-0400][305.997s][info][gc,heap     ] GC(425) Archive regions: 0->0
[2026-09-05T11:16:10.491-0400][305.997s][info][gc,heap     ] GC(425) Humongous regions: 29->29
[2026-09-05T11:16:10.491-0400][305.997s][info][gc,metaspace] GC(425) Metaspace: 153516K(156160K)->153516K(156160K) NonClass: 131725K(133184K)->131725K(133184K) Class: 21791K(22976K)->21791K(22976K)
[2026-09-05T11:16:10.491-0400][305.997s][info][gc          ] GC(425) Pause Young (Normal) (G1 Evacuation Pause) 2258M->1938M(2536M) 2.674ms
[2026-09-05T11:16:10.491-0400][305.997s][info][gc,cpu      ] GC(425) User=0.00s Sys=0.00s Real=0.00s
[2026-09-05T11:16:10.720-0400][306.227s][info][gc,start    ] GC(426) Pause Young (Normal) (G1 Evacuation Pause)
[2026-09-05T11:16:10.720-0400][306.227s][info][gc,task     ] GC(426) Using 23 workers of 23 for evacuation
[2026-09-05T11:16:10.723-0400][306.229s][info][gc,phases   ] GC(426)   Pre Evacuate Collection Set: 0.19ms
[2026-09-05T11:16:10.723-0400][306.229s][info][gc,phases   ] GC(426)   Merge Heap Roots: 0.15ms
[2026-09-05T11:16:10.723-0400][306.229s][info][gc,phases   ] GC(426)   Evacuate Collection Set: 1.82ms
[2026-09-05T11:16:10.723-0400][306.229s][info][gc,phases   ] GC(426)   Post Evacuate Collection Set: 0.47ms
[2026-09-05T11:16:10.723-0400][306.229s][info][gc,phases   ] GC(426)   Other: 0.14ms
[2026-09-05T11:16:10.723-0400][306.229s][info][gc,heap     ] GC(426) Eden regions: 160->0(158)
[2026-09-05T11:16:10.723-0400][306.229s][info][gc,heap     ] GC(426) Survivor regions: 11->12(22)
[2026-09-05T11:16:10.723-0400][306.229s][info][gc,heap     ] GC(426) Old regions: 930->930
[2026-09-05T11:16:10.723-0400][306.229s][info][gc,heap     ] GC(426) Archive regions: 0->0
[2026-09-05T11:16:10.723-0400][306.229s][info][gc,heap     ] GC(426) Humongous regions: 29->29
[2026-09-05T11:16:10.723-0400][306.229s][info][gc,metaspace] GC(426) Metaspace: 153516K(156160K)->153516K(156160K) NonClass: 131725K(133184K)->131725K(133184K) Class: 21791K(22976K)->21791K(22976K)
[2026-09-05T11:16:10.723-0400][306.230s][info][gc          ] GC(426) Pause Young (Normal) (G1 Evacuation Pause) 2258M->1939M(2536M) 2.869ms
[2026-09-05T11:16:10.723-0400][306.230s][info][gc,cpu      ] GC(426) User=0.00s Sys=0.00s Real=0.00s
[2026-09-05T11:16:10.918-0400][306.425s][info][gc,start    ] GC(427) Pause Young (Normal) (GCLocker Initiated GC)
[2026-09-05T11:16:10.918-0400][306.425s][info][gc,task     ] GC(427) Using 23 workers of 23 for evacuation
[2026-09-05T11:16:10.921-0400][306.428s][info][gc,phases   ] GC(427)   Pre Evacuate Collection Set: 0.16ms
[2026-09-05T11:16:10.921-0400][306.428s][info][gc,phases   ] GC(427)   Merge Heap Roots: 0.16ms
[2026-09-05T11:16:10.921-0400][306.428s][info][gc,phases   ] GC(427)   Evacuate Collection Set: 1.85ms
[2026-09-05T11:16:10.921-0400][306.428s][info][gc,phases   ] GC(427)   Post Evacuate Collection Set: 0.55ms
[2026-09-05T11:16:10.921-0400][306.428s][info][gc,phases   ] GC(427)   Other: 0.13ms
[2026-09-05T11:16:10.921-0400][306.428s][info][gc,heap     ] GC(427) Eden regions: 159->0(156)
[2026-09-05T11:16:10.921-0400][306.428s][info][gc,heap     ] GC(427) Survivor regions: 12->13(22)
[2026-09-05T11:16:10.921-0400][306.428s][info][gc,heap     ] GC(427) Old regions: 930->930
[2026-09-05T11:16:10.921-0400][306.428s][info][gc,heap     ] GC(427) Archive regions: 0->0
[2026-09-05T11:16:10.921-0400][306.428s][info][gc,heap     ] GC(427) Humongous regions: 29->29
[2026-09-05T11:16:10.921-0400][306.428s][info][gc,metaspace] GC(427) Metaspace: 153516K(156160K)->153516K(156160K) NonClass: 131725K(133184K)->131725K(133184K) Class: 21791K(22976K)->21791K(22976K)
[2026-09-05T11:16:10.921-0400][306.428s][info][gc          ] GC(427) Pause Young (Normal) (GCLocker Initiated GC) 2256M->1941M(2536M) 2.984ms
[2026-09-05T11:16:10.921-0400][306.428s][info][gc,cpu      ] GC(427) User=0.00s Sys=0.00s Real=0.00s
[2026-09-05T11:16:11.087-0400][306.593s][info][gc,start    ] GC(428) Pause Young (Normal) (G1 Evacuation Pause)
[2026-09-05T11:16:11.087-0400][306.594s][info][gc,task     ] GC(428) Using 23 workers of 23 for evacuation
[2026-09-05T11:16:11.091-0400][306.598s][info][gc,phases   ] GC(428)   Pre Evacuate Collection Set: 0.37ms
[2026-09-05T11:16:11.091-0400][306.598s][info][gc,phases   ] GC(428)   Merge Heap Roots: 0.19ms
[2026-09-05T11:16:11.091-0400][306.598s][info][gc,phases   ] GC(428)   Evacuate Collection Set: 2.78ms
[2026-09-05T11:16:11.091-0400][306.598s][info][gc,phases   ] GC(428)   Post Evacuate Collection Set: 0.60ms
[2026-09-05T11:16:11.091-0400][306.598s][info][gc,phases   ] GC(428)   Other: 0.16ms
[2026-09-05T11:16:11.091-0400][306.598s][info][gc,heap     ] GC(428) Eden regions: 156->0(153)
[2026-09-05T11:16:11.091-0400][306.598s][info][gc,heap     ] GC(428) Survivor regions: 13->14(22)
[2026-09-05T11:16:11.091-0400][306.598s][info][gc,heap     ] GC(428) Old regions: 930->931
[2026-09-05T11:16:11.091-0400][306.598s][info][gc,heap     ] GC(428) Archive regions: 0->0
[2026-09-05T11:16:11.091-0400][306.598s][info][gc,heap     ] GC(428) Humongous regions: 29->29
[2026-09-05T11:16:11.091-0400][306.598s][info][gc,metaspace] GC(428) Metaspace: 153519K(156160K)->153519K(156160K) NonClass: 131728K(133184K)->131728K(133184K) Class: 21791K(22976K)->21791K(22976K)
[2026-09-05T11:16:11.091-0400][306.598s][info][gc          ] GC(428) Pause Young (Normal) (G1 Evacuation Pause) 2253M->1945M(2536M) 4.242ms
[2026-09-05T11:16:11.091-0400][306.598s][info][gc,cpu      ] GC(428) User=0.02s Sys=0.02s Real=0.00s
[2026-09-05T11:16:11.163-0400][306.670s][info][gc,start    ] GC(429) Pause Young (Normal) (G1 Evacuation Pause)
[2026-09-05T11:16:11.163-0400][306.671s][info][gc,task     ] GC(429) Using 23 workers of 23 for evacuation
[2026-09-05T11:16:11.167-0400][306.674s][info][gc,phases   ] GC(429)   Pre Evacuate Collection Set: 0.18ms
[2026-09-05T11:16:11.167-0400][306.674s][info][gc,phases   ] GC(429)   Merge Heap Roots: 0.18ms
[2026-09-05T11:16:11.167-0400][306.674s][info][gc,phases   ] GC(429)   Evacuate Collection Set: 2.36ms
[2026-09-05T11:16:11.167-0400][306.674s][info][gc,phases   ] GC(429)   Post Evacuate Collection Set: 0.53ms
[2026-09-05T11:16:11.167-0400][306.674s][info][gc,phases   ] GC(429)   Other: 0.15ms
[2026-09-05T11:16:11.167-0400][306.674s][info][gc,heap     ] GC(429) Eden regions: 153->0(155)
[2026-09-05T11:16:11.167-0400][306.674s][info][gc,heap     ] GC(429) Survivor regions: 14->12(21)
[2026-09-05T11:16:11.167-0400][306.674s][info][gc,heap     ] GC(429) Old regions: 931->933
[2026-09-05T11:16:11.167-0400][306.674s][info][gc,heap     ] GC(429) Archive regions: 0->0
[2026-09-05T11:16:11.167-0400][306.674s][info][gc,heap     ] GC(429) Humongous regions: 29->29
[2026-09-05T11:16:11.167-0400][306.674s][info][gc,metaspace] GC(429) Metaspace: 153519K(156160K)->153519K(156160K) NonClass: 131728K(133184K)->131728K(133184K) Class: 21791K(22976K)->21791K(22976K)
[2026-09-05T11:16:11.167-0400][306.674s][info][gc          ] GC(429) Pause Young (Normal) (G1 Evacuation Pause) 2251M->1946M(2536M) 3.548ms
[2026-09-05T11:16:11.167-0400][306.674s][info][gc,cpu      ] GC(429) User=0.00s Sys=0.00s Real=0.00s
[2026-09-05T11:16:11.400-0400][306.907s][info][gc,start    ] GC(430) Pause Young (Normal) (G1 Evacuation Pause)
[2026-09-05T11:16:11.400-0400][306.907s][info][gc,task     ] GC(430) Using 23 workers of 23 for evacuation
[2026-09-05T11:16:11.403-0400][306.910s][info][gc,phases   ] GC(430)   Pre Evacuate Collection Set: 0.19ms
[2026-09-05T11:16:11.403-0400][306.910s][info][gc,phases   ] GC(430)   Merge Heap Roots: 0.14ms
[2026-09-05T11:16:11.403-0400][306.910s][info][gc,phases   ] GC(430)   Evacuate Collection Set: 2.01ms
[2026-09-05T11:16:11.403-0400][306.910s][info][gc,phases   ] GC(430)   Post Evacuate Collection Set: 0.55ms
[2026-09-05T11:16:11.403-0400][306.910s][info][gc,phases   ] GC(430)   Other: 0.15ms
[2026-09-05T11:16:11.403-0400][306.910s][info][gc,heap     ] GC(430) Eden regions: 155->0(154)
[2026-09-05T11:16:11.403-0400][306.910s][info][gc,heap     ] GC(430) Survivor regions: 12->11(21)
[2026-09-05T11:16:11.403-0400][306.910s][info][gc,heap     ] GC(430) Old regions: 933->935
[2026-09-05T11:16:11.403-0400][306.910s][info][gc,heap     ] GC(430) Archive regions: 0->0
[2026-09-05T11:16:11.403-0400][306.910s][info][gc,heap     ] GC(430) Humongous regions: 29->29
[2026-09-05T11:16:11.403-0400][306.910s][info][gc,metaspace] GC(430) Metaspace: 153520K(156160K)->153520K(156160K) NonClass: 131729K(133184K)->131729K(133184K) Class: 21791K(22976K)->21791K(22976K)
[2026-09-05T11:16:11.403-0400][306.910s][info][gc          ] GC(430) Pause Young (Normal) (G1 Evacuation Pause) 2256M->1947M(2536M) 3.159ms
[2026-09-05T11:16:11.403-0400][306.910s][info][gc,cpu      ] GC(430) User=0.08s Sys=0.17s Real=0.00s
[2026-09-05T11:16:11.551-0400][307.058s][info][gc,start    ] GC(431) Pause Young (Normal) (G1 Evacuation Pause)
[2026-09-05T11:16:11.551-0400][307.058s][info][gc,task     ] GC(431) Using 23 workers of 23 for evacuation
[2026-09-05T11:16:11.555-0400][307.061s][info][gc,phases   ] GC(431)   Pre Evacuate Collection Set: 0.31ms
[2026-09-05T11:16:11.555-0400][307.061s][info][gc,phases   ] GC(431)   Merge Heap Roots: 0.17ms
[2026-09-05T11:16:11.555-0400][307.061s][info][gc,phases   ] GC(431)   Evacuate Collection Set: 2.25ms
[2026-09-05T11:16:11.555-0400][307.061s][info][gc,phases   ] GC(431)   Post Evacuate Collection Set: 0.54ms
[2026-09-05T11:16:11.555-0400][307.061s][info][gc,phases   ] GC(431)   Other: 0.14ms
[2026-09-05T11:16:11.555-0400][307.061s][info][gc,heap     ] GC(431) Eden regions: 154->0(153)
[2026-09-05T11:16:11.555-0400][307.061s][info][gc,heap     ] GC(431) Survivor regions: 11->12(21)
[2026-09-05T11:16:11.555-0400][307.061s][info][gc,heap     ] GC(431) Old regions: 935->935
[2026-09-05T11:16:11.555-0400][307.061s][info][gc,heap     ] GC(431) Archive regions: 0->0
[2026-09-05T11:16:11.555-0400][307.061s][info][gc,heap     ] GC(431) Humongous regions: 29->29
[2026-09-05T11:16:11.555-0400][307.061s][info][gc,metaspace] GC(431) Metaspace: 153520K(156160K)->153520K(156160K) NonClass: 131729K(133184K)->131729K(133184K) Class: 21791K(22976K)->21791K(22976K)
[2026-09-05T11:16:11.555-0400][307.061s][info][gc          ] GC(431) Pause Young (Normal) (G1 Evacuation Pause) 2255M->1949M(2536M) 3.536ms
[2026-09-05T11:16:11.555-0400][307.061s][info][gc,cpu      ] GC(431) User=0.00s Sys=0.00s Real=0.00s
[2026-09-05T11:16:11.761-0400][307.268s][info][gc,start    ] GC(432) Pause Young (Normal) (G1 Evacuation Pause)
[2026-09-05T11:16:11.761-0400][307.268s][info][gc,task     ] GC(432) Using 23 workers of 23 for evacuation
[2026-09-05T11:16:11.764-0400][307.271s][info][gc,phases   ] GC(432)   Pre Evacuate Collection Set: 0.19ms
[2026-09-05T11:16:11.764-0400][307.271s][info][gc,phases   ] GC(432)   Merge Heap Roots: 0.14ms
[2026-09-05T11:16:11.764-0400][307.271s][info][gc,phases   ] GC(432)   Evacuate Collection Set: 2.14ms
[2026-09-05T11:16:11.764-0400][307.271s][info][gc,phases   ] GC(432)   Post Evacuate Collection Set: 0.47ms
[2026-09-05T11:16:11.764-0400][307.271s][info][gc,phases   ] GC(432)   Other: 0.11ms
[2026-09-05T11:16:11.764-0400][307.271s][info][gc,heap     ] GC(432) Eden regions: 153->0(148)
[2026-09-05T11:16:11.764-0400][307.271s][info][gc,heap     ] GC(432) Survivor regions: 12->14(21)
[2026-09-05T11:16:11.764-0400][307.271s][info][gc,heap     ] GC(432) Old regions: 935->936
[2026-09-05T11:16:11.764-0400][307.271s][info][gc,heap     ] GC(432) Archive regions: 0->0
[2026-09-05T11:16:11.764-0400][307.271s][info][gc,heap     ] GC(432) Humongous regions: 29->29
[2026-09-05T11:16:11.764-0400][307.271s][info][gc,metaspace] GC(432) Metaspace: 153524K(156160K)->153524K(156160K) NonClass: 131733K(133184K)->131733K(133184K) Class: 21791K(22976K)->21791K(22976K)
[2026-09-05T11:16:11.764-0400][307.271s][info][gc          ] GC(432) Pause Young (Normal) (G1 Evacuation Pause) 2255M->1954M(2536M) 3.180ms
[2026-09-05T11:16:11.764-0400][307.271s][info][gc,cpu      ] GC(432) User=0.34s Sys=0.03s Real=0.00s
[2026-09-05T11:16:13.754-0400][309.260s][info][gc,start    ] GC(433) Pause Young (Normal) (G1 Evacuation Pause)
[2026-09-05T11:16:13.754-0400][309.260s][info][gc,task     ] GC(433) Using 23 workers of 23 for evacuation
[2026-09-05T11:16:13.757-0400][309.263s][info][gc,phases   ] GC(433)   Pre Evacuate Collection Set: 0.20ms
[2026-09-05T11:16:13.757-0400][309.263s][info][gc,phases   ] GC(433)   Merge Heap Roots: 0.13ms
[2026-09-05T11:16:13.757-0400][309.263s][info][gc,phases   ] GC(433)   Evacuate Collection Set: 1.75ms
[2026-09-05T11:16:13.757-0400][309.263s][info][gc,phases   ] GC(433)   Post Evacuate Collection Set: 0.55ms
[2026-09-05T11:16:13.757-0400][309.263s][info][gc,phases   ] GC(433)   Other: 0.19ms
[2026-09-05T11:16:13.757-0400][309.263s][info][gc,heap     ] GC(433) Eden regions: 148->0(151)
[2026-09-05T11:16:13.757-0400][309.263s][info][gc,heap     ] GC(433) Survivor regions: 14->11(21)
[2026-09-05T11:16:13.757-0400][309.263s][info][gc,heap     ] GC(433) Old regions: 936->938
[2026-09-05T11:16:13.757-0400][309.263s][info][gc,heap     ] GC(433) Archive regions: 0->0
[2026-09-05T11:16:13.757-0400][309.263s][info][gc,heap     ] GC(433) Humongous regions: 29->29
[2026-09-05T11:16:13.757-0400][309.263s][info][gc,metaspace] GC(433) Metaspace: 153526K(156160K)->153526K(156160K) NonClass: 131735K(133184K)->131735K(133184K) Class: 21791K(22976K)->21791K(22976K)
[2026-09-05T11:16:13.757-0400][309.263s][info][gc          ] GC(433) Pause Young (Normal) (G1 Evacuation Pause) 2250M->1953M(2536M) 3.252ms
[2026-09-05T11:16:13.757-0400][309.264s][info][gc,cpu      ] GC(433) User=0.00s Sys=0.00s Real=0.00s
[2026-09-05T11:16:16.955-0400][312.462s][info][gc,start    ] GC(434) Pause Young (Normal) (G1 Evacuation Pause)
[2026-09-05T11:16:16.955-0400][312.462s][info][gc,task     ] GC(434) Using 23 workers of 23 for evacuation
[2026-09-05T11:16:16.958-0400][312.464s][info][gc,phases   ] GC(434)   Pre Evacuate Collection Set: 0.17ms
[2026-09-05T11:16:16.958-0400][312.464s][info][gc,phases   ] GC(434)   Merge Heap Roots: 0.11ms
[2026-09-05T11:16:16.958-0400][312.464s][info][gc,phases   ] GC(434)   Evacuate Collection Set: 1.55ms
[2026-09-05T11:16:16.958-0400][312.464s][info][gc,phases   ] GC(434)   Post Evacuate Collection Set: 0.62ms
[2026-09-05T11:16:16.958-0400][312.464s][info][gc,phases   ] GC(434)   Other: 0.12ms
[2026-09-05T11:16:16.958-0400][312.464s][info][gc,heap     ] GC(434) Eden regions: 151->0(153)
[2026-09-05T11:16:16.958-0400][312.464s][info][gc,heap     ] GC(434) Survivor regions: 11->10(21)
[2026-09-05T11:16:16.958-0400][312.464s][info][gc,heap     ] GC(434) Old regions: 938->938
[2026-09-05T11:16:16.958-0400][312.464s][info][gc,heap     ] GC(434) Archive regions: 0->0
[2026-09-05T11:16:16.958-0400][312.464s][info][gc,heap     ] GC(434) Humongous regions: 29->29
[2026-09-05T11:16:16.958-0400][312.464s][info][gc,metaspace] GC(434) Metaspace: 153527K(156160K)->153527K(156160K) NonClass: 131736K(133184K)->131736K(133184K) Class: 21791K(22976K)->21791K(22976K)
[2026-09-05T11:16:16.958-0400][312.464s][info][gc          ] GC(434) Pause Young (Normal) (G1 Evacuation Pause) 2255M->1952M(2536M) 2.692ms
[2026-09-05T11:16:16.958-0400][312.464s][info][gc,cpu      ] GC(434) User=0.00s Sys=0.00s Real=0.00s
[2026-09-05T11:16:19.606-0400][315.113s][info][gc,start    ] GC(435) Pause Young (Normal) (G1 Evacuation Pause)
[2026-09-05T11:16:19.607-0400][315.113s][info][gc,task     ] GC(435) Using 23 workers of 23 for evacuation
[2026-09-05T11:16:19.608-0400][315.116s][info][gc,phases   ] GC(435)   Pre Evacuate Collection Set: 0.18ms
[2026-09-05T11:16:19.608-0400][315.116s][info][gc,phases   ] GC(435)   Merge Heap Roots: 0.14ms
[2026-09-05T11:16:19.608-0400][315.116s][info][gc,phases   ] GC(435)   Evacuate Collection Set: 1.54ms
[2026-09-05T11:16:19.608-0400][315.116s][info][gc,phases   ] GC(435)   Post Evacuate Collection Set: 0.46ms
[2026-09-05T11:16:19.608-0400][315.116s][info][gc,phases   ] GC(435)   Other: 0.18ms
[2026-09-05T11:16:19.609-0400][315.116s][info][gc,heap     ] GC(435) Eden regions: 153->0(152)
[2026-09-05T11:16:19.609-0400][315.116s][info][gc,heap     ] GC(435) Survivor regions: 10->11(21)
[2026-09-05T11:16:19.609-0400][315.116s][info][gc,heap     ] GC(435) Old regions: 938->938
[2026-09-05T11:16:19.609-0400][315.116s][info][gc,heap     ] GC(435) Archive regions: 0->0
[2026-09-05T11:16:19.609-0400][315.116s][info][gc,heap     ] GC(435) Humongous regions: 29->29
[2026-09-05T11:16:19.609-0400][315.116s][info][gc,metaspace] GC(435) Metaspace: 153527K(156160K)->153527K(156160K) NonClass: 131736K(133184K)->131736K(133184K) Class: 21791K(22976K)->21791K(22976K)
[2026-09-05T11:16:19.609-0400][315.116s][info][gc          ] GC(435) Pause Young (Normal) (G1 Evacuation Pause) 2258M->1952M(2536M) 2.599ms
[2026-09-05T11:16:19.609-0400][315.116s][info][gc,cpu      ] GC(435) User=0.00s Sys=0.00s Real=0.00s
[2026-09-05T11:16:21.805-0400][317.312s][info][gc,start    ] GC(436) Pause Young (Normal) (G1 Evacuation Pause)
[2026-09-05T11:16:21.805-0400][317.312s][info][gc,task     ] GC(436) Using 23 workers of 23 for evacuation
[2026-09-05T11:16:21.809-0400][317.315s][info][gc,phases   ] GC(436)   Pre Evacuate Collection Set: 0.20ms
[2026-09-05T11:16:21.809-0400][317.315s][info][gc,phases   ] GC(436)   Merge Heap Roots: 0.15ms
[2026-09-05T11:16:21.809-0400][317.315s][info][gc,phases   ] GC(436)   Evacuate Collection Set: 1.69ms
[2026-09-05T11:16:21.809-0400][317.315s][info][gc,phases   ] GC(436)   Post Evacuate Collection Set: 0.96ms
[2026-09-05T11:16:21.809-0400][317.315s][info][gc,phases   ] GC(436)   Other: 0.13ms
[2026-09-05T11:16:21.809-0400][317.315s][info][gc,heap     ] GC(436) Eden regions: 152->0(151)
[2026-09-05T11:16:21.809-0400][317.316s][info][gc,heap     ] GC(436) Survivor regions: 11->11(21)
[2026-09-05T11:16:21.809-0400][317.316s][info][gc,heap     ] GC(436) Old regions: 938->938
[2026-09-05T11:16:21.809-0400][317.316s][info][gc,heap     ] GC(436) Archive regions: 0->0
[2026-09-05T11:16:21.809-0400][317.316s][info][gc,heap     ] GC(436) Humongous regions: 30->30
[2026-09-05T11:16:21.809-0400][317.316s][info][gc,metaspace] GC(436) Metaspace: 153579K(156224K)->153579K(156224K) NonClass: 131785K(133248K)->131785K(133248K) Class: 21794K(22976K)->21794K(22976K)
[2026-09-05T11:16:21.809-0400][317.316s][info][gc          ] GC(436) Pause Young (Normal) (G1 Evacuation Pause) 2258M->1956M(2536M) 3.230ms
[2026-09-05T11:16:21.809-0400][317.316s][info][gc,cpu      ] GC(436) User=0.00s Sys=0.00s Real=0.00s
[2026-09-05T11:16:23.787-0400][319.294s][info][gc,start    ] GC(437) Pause Young (Normal) (G1 Evacuation Pause)
[2026-09-05T11:16:23.787-0400][319.294s][info][gc,task     ] GC(437) Using 23 workers of 23 for evacuation
[2026-09-05T11:16:23.805-0400][319.312s][info][gc,phases   ] GC(437)   Pre Evacuate Collection Set: 0.12ms
[2026-09-05T11:16:23.805-0400][319.312s][info][gc,phases   ] GC(437)   Merge Heap Roots: 0.15ms
[2026-09-05T11:16:23.805-0400][319.312s][info][gc,phases   ] GC(437)   Evacuate Collection Set: 17.23ms
[2026-09-05T11:16:23.805-0400][319.312s][info][gc,phases   ] GC(437)   Post Evacuate Collection Set: 0.58ms
[2026-09-05T11:16:23.805-0400][319.312s][info][gc,phases   ] GC(437)   Other: 0.19ms
[2026-09-05T11:16:23.805-0400][319.312s][info][gc,heap     ] GC(437) Eden regions: 151->0(112)
[2026-09-05T11:16:23.805-0400][319.312s][info][gc,heap     ] GC(437) Survivor regions: 11->21(21)
[2026-09-05T11:16:23.805-0400][319.312s][info][gc,heap     ] GC(437) Old regions: 938->948
[2026-09-05T11:16:23.805-0400][319.312s][info][gc,heap     ] GC(437) Archive regions: 0->0
[2026-09-05T11:16:23.805-0400][319.312s][info][gc,heap     ] GC(437) Humongous regions: 30->30
[2026-09-05T11:16:23.805-0400][319.312s][info][gc,metaspace] GC(437) Metaspace: 153584K(156224K)->153584K(156224K) NonClass: 131790K(133248K)->131790K(133248K) Class: 21794K(22976K)->21794K(22976K)
[2026-09-05T11:16:23.805-0400][319.312s][info][gc          ] GC(437) Pause Young (Normal) (G1 Evacuation Pause) 2258M->1996M(2536M) 18.589ms
[2026-09-05T11:16:23.805-0400][319.312s][info][gc,cpu      ] GC(437) User=0.33s Sys=0.00s Real=0.02s
[2026-09-05T11:16:24.024-0400][319.531s][info][gc,start    ] GC(438) Pause Young (Normal) (G1 Evacuation Pause)
[2026-09-05T11:16:24.024-0400][319.531s][info][gc,task     ] GC(438) Using 23 workers of 23 for evacuation
[2026-09-05T11:16:24.034-0400][319.541s][info][gc,phases   ] GC(438)   Pre Evacuate Collection Set: 0.11ms
[2026-09-05T11:16:24.034-0400][319.541s][info][gc,phases   ] GC(438)   Merge Heap Roots: 0.16ms
[2026-09-05T11:16:24.034-0400][319.541s][info][gc,phases   ] GC(438)   Evacuate Collection Set: 8.85ms
[2026-09-05T11:16:24.034-0400][319.541s][info][gc,phases   ] GC(438)   Post Evacuate Collection Set: 0.67ms
[2026-09-05T11:16:24.034-0400][319.541s][info][gc,phases   ] GC(438)   Other: 0.27ms
[2026-09-05T11:16:24.034-0400][319.541s][info][gc,heap     ] GC(438) Eden regions: 112->0(71)
[2026-09-05T11:16:24.034-0400][319.541s][info][gc,heap     ] GC(438) Survivor regions: 21->17(17)
[2026-09-05T11:16:24.034-0400][319.541s][info][gc,heap     ] GC(438) Old regions: 948->983
[2026-09-05T11:16:24.034-0400][319.541s][info][gc,heap     ] GC(438) Archive regions: 0->0
[2026-09-05T11:16:24.034-0400][319.541s][info][gc,heap     ] GC(438) Humongous regions: 30->30
[2026-09-05T11:16:24.034-0400][319.541s][info][gc,metaspace] GC(438) Metaspace: 153587K(156224K)->153587K(156224K) NonClass: 131793K(133248K)->131793K(133248K) Class: 21794K(22976K)->21794K(22976K)
[2026-09-05T11:16:24.035-0400][319.541s][info][gc          ] GC(438) Pause Young (Normal) (G1 Evacuation Pause) 2220M->2058M(2536M) 10.305ms
[2026-09-05T11:16:24.035-0400][319.541s][info][gc,cpu      ] GC(438) User=0.36s Sys=0.00s Real=0.01s
[2026-09-05T11:16:24.158-0400][319.665s][info][gc,start    ] GC(439) Pause Young (Normal) (G1 Evacuation Pause)
[2026-09-05T11:16:24.158-0400][319.665s][info][gc,task     ] GC(439) Using 23 workers of 23 for evacuation
[2026-09-05T11:16:24.163-0400][319.669s][info][gc,phases   ] GC(439)   Pre Evacuate Collection Set: 0.19ms
[2026-09-05T11:16:24.163-0400][319.669s][info][gc,phases   ] GC(439)   Merge Heap Roots: 0.21ms
[2026-09-05T11:16:24.163-0400][319.669s][info][gc,phases   ] GC(439)   Evacuate Collection Set: 3.75ms
[2026-09-05T11:16:24.163-0400][319.669s][info][gc,phases   ] GC(439)   Post Evacuate Collection Set: 0.48ms
[2026-09-05T11:16:24.163-0400][319.669s][info][gc,phases   ] GC(439)   Other: 0.15ms
[2026-09-05T11:16:24.163-0400][319.670s][info][gc,heap     ] GC(439) Eden regions: 71->0(68)
[2026-09-05T11:16:24.163-0400][319.670s][info][gc,heap     ] GC(439) Survivor regions: 17->8(11)
[2026-09-05T11:16:24.163-0400][319.670s][info][gc,heap     ] GC(439) Old regions: 983->1002
[2026-09-05T11:16:24.163-0400][319.670s][info][gc,heap     ] GC(439) Archive regions: 0->0
[2026-09-05T11:16:24.163-0400][319.670s][info][gc,heap     ] GC(439) Humongous regions: 30->30
[2026-09-05T11:16:24.163-0400][319.670s][info][gc,metaspace] GC(439) Metaspace: 153587K(156224K)->153587K(156224K) NonClass: 131793K(133248K)->131793K(133248K) Class: 21794K(22976K)->21794K(22976K)
[2026-09-05T11:16:24.163-0400][319.670s][info][gc          ] GC(439) Pause Young (Normal) (G1 Evacuation Pause) 2200M->2078M(2536M) 4.919ms
[2026-09-05T11:16:24.163-0400][319.670s][info][gc,cpu      ] GC(439) User=0.00s Sys=0.00s Real=0.01s
[2026-09-05T11:16:24.392-0400][319.899s][info][gc,start    ] GC(440) Pause Young (Normal) (G1 Evacuation Pause)
[2026-09-05T11:16:24.392-0400][319.899s][info][gc,task     ] GC(440) Using 23 workers of 23 for evacuation
[2026-09-05T11:16:24.396-0400][319.903s][info][gc,phases   ] GC(440)   Pre Evacuate Collection Set: 0.10ms
[2026-09-05T11:16:24.396-0400][319.903s][info][gc,phases   ] GC(440)   Merge Heap Roots: 0.17ms
[2026-09-05T11:16:24.396-0400][319.903s][info][gc,phases   ] GC(440)   Evacuate Collection Set: 2.99ms
[2026-09-05T11:16:24.396-0400][319.903s][info][gc,phases   ] GC(440)   Post Evacuate Collection Set: 0.43ms
[2026-09-05T11:16:24.396-0400][319.903s][info][gc,phases   ] GC(440)   Other: 0.14ms
[2026-09-05T11:16:24.396-0400][319.903s][info][gc,heap     ] GC(440) Eden regions: 68->0(67)
[2026-09-05T11:16:24.396-0400][319.903s][info][gc,heap     ] GC(440) Survivor regions: 8->5(10)
[2026-09-05T11:16:24.396-0400][319.903s][info][gc,heap     ] GC(440) Old regions: 1002->1010
[2026-09-05T11:16:24.396-0400][319.903s][info][gc,heap     ] GC(440) Archive regions: 0->0
[2026-09-05T11:16:24.396-0400][319.903s][info][gc,heap     ] GC(440) Humongous regions: 31->31
[2026-09-05T11:16:24.396-0400][319.903s][info][gc,metaspace] GC(440) Metaspace: 153588K(156224K)->153588K(156224K) NonClass: 131793K(133248K)->131793K(133248K) Class: 21794K(22976K)->21794K(22976K)
[2026-09-05T11:16:24.396-0400][319.903s][info][gc          ] GC(440) Pause Young (Normal) (G1 Evacuation Pause) 2216M->2089M(2536M) 3.979ms
[2026-09-05T11:16:24.396-0400][319.903s][info][gc,cpu      ] GC(440) User=0.00s Sys=0.00s Real=0.00s
[2026-09-05T11:16:24.437-0400][319.944s][info][gc,start    ] GC(441) Pause Young (Normal) (G1 Evacuation Pause)
[2026-09-05T11:16:24.437-0400][319.944s][info][gc,task     ] GC(441) Using 23 workers of 23 for evacuation
[2026-09-05T11:16:24.441-0400][319.948s][info][gc,phases   ] GC(441)   Pre Evacuate Collection Set: 0.21ms
[2026-09-05T11:16:24.441-0400][319.948s][info][gc,phases   ] GC(441)   Merge Heap Roots: 0.15ms
[2026-09-05T11:16:24.441-0400][319.948s][info][gc,phases   ] GC(441)   Evacuate Collection Set: 2.55ms
[2026-09-05T11:16:24.441-0400][319.948s][info][gc,phases   ] GC(441)   Post Evacuate Collection Set: 0.46ms
[2026-09-05T11:16:24.441-0400][319.948s][info][gc,phases   ] GC(441)   Other: 0.21ms
[2026-09-05T11:16:24.441-0400][319.948s][info][gc,heap     ] GC(441) Eden regions: 67->0(66)
[2026-09-05T11:16:24.441-0400][319.948s][info][gc,heap     ] GC(441) Survivor regions: 5->9(9)
[2026-09-05T11:16:24.441-0400][319.948s][info][gc,heap     ] GC(441) Old regions: 1010->1010
[2026-09-05T11:16:24.441-0400][319.948s][info][gc,heap     ] GC(441) Archive regions: 0->0
[2026-09-05T11:16:24.441-0400][319.948s][info][gc,heap     ] GC(441) Humongous regions: 31->31
[2026-09-05T11:16:24.441-0400][319.948s][info][gc,metaspace] GC(441) Metaspace: 153588K(156224K)->153588K(156224K) NonClass: 131793K(133248K)->131793K(133248K) Class: 21794K(22976K)->21794K(22976K)
[2026-09-05T11:16:24.442-0400][319.948s][info][gc          ] GC(441) Pause Young (Normal) (G1 Evacuation Pause) 2223M->2097M(2536M) 4.207ms
[2026-09-05T11:16:24.442-0400][319.948s][info][gc,cpu      ] GC(441) User=0.00s Sys=0.00s Real=0.00s
[2026-09-05T11:16:24.471-0400][319.979s][info][gc,start    ] GC(442) Pause Young (Normal) (G1 Evacuation Pause)
[2026-09-05T11:16:24.472-0400][319.979s][info][gc,task     ] GC(442) Using 23 workers of 23 for evacuation
[2026-09-05T11:16:24.475-0400][319.982s][info][gc,phases   ] GC(442)   Pre Evacuate Collection Set: 0.10ms
[2026-09-05T11:16:24.475-0400][319.982s][info][gc,phases   ] GC(442)   Merge Heap Roots: 0.15ms
[2026-09-05T11:16:24.475-0400][319.982s][info][gc,phases   ] GC(442)   Evacuate Collection Set: 2.75ms
[2026-09-05T11:16:24.475-0400][319.982s][info][gc,phases   ] GC(442)   Post Evacuate Collection Set: 0.44ms
[2026-09-05T11:16:24.475-0400][319.982s][info][gc,phases   ] GC(442)   Other: 0.15ms
[2026-09-05T11:16:24.475-0400][319.982s][info][gc,heap     ] GC(442) Eden regions: 66->0(64)
[2026-09-05T11:16:24.475-0400][319.982s][info][gc,heap     ] GC(442) Survivor regions: 9->7(10)
[2026-09-05T11:16:24.475-0400][319.982s][info][gc,heap     ] GC(442) Old regions: 1010->1016
[2026-09-05T11:16:24.475-0400][319.982s][info][gc,heap     ] GC(442) Archive regions: 0->0
[2026-09-05T11:16:24.475-0400][319.982s][info][gc,heap     ] GC(442) Humongous regions: 31->31
[2026-09-05T11:16:24.475-0400][319.982s][info][gc,metaspace] GC(442) Metaspace: 153590K(156224K)->153590K(156224K) NonClass: 131796K(133248K)->131796K(133248K) Class: 21794K(22976K)->21794K(22976K)
[2026-09-05T11:16:24.475-0400][319.982s][info][gc          ] GC(442) Pause Young (Normal) (G1 Evacuation Pause) 2229M->2104M(2536M) 3.736ms
[2026-09-05T11:16:24.475-0400][319.983s][info][gc,cpu      ] GC(442) User=0.00s Sys=0.00s Real=0.00s
[2026-09-05T11:16:24.510-0400][320.017s][info][gc,start    ] GC(443) Pause Young (Normal) (G1 Evacuation Pause)
[2026-09-05T11:16:24.510-0400][320.017s][info][gc,task     ] GC(443) Using 23 workers of 23 for evacuation
[2026-09-05T11:16:24.513-0400][320.020s][info][gc,phases   ] GC(443)   Pre Evacuate Collection Set: 0.12ms
[2026-09-05T11:16:24.513-0400][320.020s][info][gc,phases   ] GC(443)   Merge Heap Roots: 0.12ms
[2026-09-05T11:16:24.513-0400][320.020s][info][gc,phases   ] GC(443)   Evacuate Collection Set: 2.20ms
[2026-09-05T11:16:24.513-0400][320.020s][info][gc,phases   ] GC(443)   Post Evacuate Collection Set: 0.35ms
[2026-09-05T11:16:24.513-0400][320.020s][info][gc,phases   ] GC(443)   Other: 0.13ms
[2026-09-05T11:16:24.513-0400][320.020s][info][gc,heap     ] GC(443) Eden regions: 64->0(63)
[2026-09-05T11:16:24.513-0400][320.020s][info][gc,heap     ] GC(443) Survivor regions: 7->6(9)
[2026-09-05T11:16:24.513-0400][320.020s][info][gc,heap     ] GC(443) Old regions: 1016->1021
[2026-09-05T11:16:24.513-0400][320.020s][info][gc,heap     ] GC(443) Archive regions: 0->0
[2026-09-05T11:16:24.513-0400][320.020s][info][gc,heap     ] GC(443) Humongous regions: 31->31
[2026-09-05T11:16:24.513-0400][320.020s][info][gc,metaspace] GC(443) Metaspace: 153595K(156224K)->153595K(156224K) NonClass: 131801K(133248K)->131801K(133248K) Class: 21794K(22976K)->21794K(22976K)
[2026-09-05T11:16:24.513-0400][320.020s][info][gc          ] GC(443) Pause Young (Normal) (G1 Evacuation Pause) 2232M->2114M(2536M) 3.044ms
[2026-09-05T11:16:24.513-0400][320.020s][info][gc,cpu      ] GC(443) User=0.36s Sys=0.02s Real=0.00s
[2026-09-05T11:16:24.544-0400][320.051s][info][gc,start    ] GC(444) Pause Young (Normal) (G1 Evacuation Pause)
[2026-09-05T11:16:24.544-0400][320.051s][info][gc,task     ] GC(444) Using 23 workers of 23 for evacuation
[2026-09-05T11:16:24.547-0400][320.054s][info][gc,phases   ] GC(444)   Pre Evacuate Collection Set: 0.13ms
[2026-09-05T11:16:24.547-0400][320.054s][info][gc,phases   ] GC(444)   Merge Heap Roots: 0.12ms
[2026-09-05T11:16:24.547-0400][320.054s][info][gc,phases   ] GC(444)   Evacuate Collection Set: 2.48ms
[2026-09-05T11:16:24.547-0400][320.054s][info][gc,phases   ] GC(444)   Post Evacuate Collection Set: 0.57ms
[2026-09-05T11:16:24.547-0400][320.054s][info][gc,phases   ] GC(444)   Other: 0.16ms
[2026-09-05T11:16:24.547-0400][320.054s][info][gc,heap     ] GC(444) Eden regions: 63->0(62)
[2026-09-05T11:16:24.547-0400][320.054s][info][gc,heap     ] GC(444) Survivor regions: 6->5(9)
[2026-09-05T11:16:24.547-0400][320.054s][info][gc,heap     ] GC(444) Old regions: 1021->1025
[2026-09-05T11:16:24.547-0400][320.054s][info][gc,heap     ] GC(444) Archive regions: 0->0
[2026-09-05T11:16:24.547-0400][320.054s][info][gc,heap     ] GC(444) Humongous regions: 31->31
[2026-09-05T11:16:24.547-0400][320.054s][info][gc,metaspace] GC(444) Metaspace: 153595K(156224K)->153595K(156224K) NonClass: 131801K(133248K)->131801K(133248K) Class: 21794K(22976K)->21794K(22976K)
[2026-09-05T11:16:24.547-0400][320.054s][info][gc          ] GC(444) Pause Young (Normal) (G1 Evacuation Pause) 2240M->2121M(2536M) 3.613ms
[2026-09-05T11:16:24.547-0400][320.055s][info][gc,cpu      ] GC(444) User=0.00s Sys=0.00s Real=0.00s
[2026-09-05T11:16:24.576-0400][320.082s][info][gc,start    ] GC(445) Pause Young (Concurrent Start) (G1 Evacuation Pause)
[2026-09-05T11:16:24.576-0400][320.082s][info][gc,task     ] GC(445) Using 23 workers of 23 for evacuation
[2026-09-05T11:16:24.578-0400][320.085s][info][gc,phases   ] GC(445)   Pre Evacuate Collection Set: 0.26ms
[2026-09-05T11:16:24.578-0400][320.085s][info][gc,phases   ] GC(445)   Merge Heap Roots: 0.12ms
[2026-09-05T11:16:24.578-0400][320.085s][info][gc,phases   ] GC(445)   Evacuate Collection Set: 2.03ms
[2026-09-05T11:16:24.578-0400][320.085s][info][gc,phases   ] GC(445)   Post Evacuate Collection Set: 0.36ms
[2026-09-05T11:16:24.578-0400][320.085s][info][gc,phases   ] GC(445)   Other: 0.18ms
[2026-09-05T11:16:24.578-0400][320.085s][info][gc,heap     ] GC(445) Eden regions: 62->0(60)
[2026-09-05T11:16:24.578-0400][320.085s][info][gc,heap     ] GC(445) Survivor regions: 5->9(9)
[2026-09-05T11:16:24.578-0400][320.085s][info][gc,heap     ] GC(445) Old regions: 1025->1025
[2026-09-05T11:16:24.578-0400][320.085s][info][gc,heap     ] GC(445) Archive regions: 0->0
[2026-09-05T11:16:24.578-0400][320.085s][info][gc,heap     ] GC(445) Humongous regions: 31->31
[2026-09-05T11:16:24.578-0400][320.085s][info][gc,metaspace] GC(445) Metaspace: 153596K(156224K)->153596K(156224K) NonClass: 131801K(133248K)->131801K(133248K) Class: 21794K(22976K)->21794K(22976K)
[2026-09-05T11:16:24.578-0400][320.085s][info][gc          ] GC(445) Pause Young (Concurrent Start) (G1 Evacuation Pause) 2245M->2128M(2536M) 3.067ms
[2026-09-05T11:16:24.578-0400][320.085s][info][gc,cpu      ] GC(445) User=0.00s Sys=0.00s Real=0.00s
[2026-09-05T11:16:24.578-0400][320.085s][info][gc          ] GC(446) Concurrent Mark Cycle
[2026-09-05T11:16:24.578-0400][320.086s][info][gc,marking  ] GC(446) Concurrent Clear Claimed Marks
[2026-09-05T11:16:24.578-0400][320.086s][info][gc,marking  ] GC(446) Concurrent Clear Claimed Marks 0.085ms
[2026-09-05T11:16:24.578-0400][320.086s][info][gc,marking  ] GC(446) Concurrent Scan Root Regions
[2026-09-05T11:16:24.582-0400][320.089s][info][gc,marking  ] GC(446) Concurrent Scan Root Regions 3.701ms
[2026-09-05T11:16:24.582-0400][320.089s][info][gc,marking  ] GC(446) Concurrent Mark
[2026-09-05T11:16:24.582-0400][320.089s][info][gc,marking  ] GC(446) Concurrent Mark From Roots
[2026-09-05T11:16:24.582-0400][320.089s][info][gc,task     ] GC(446) Using 6 workers of 6 for marking
[2026-09-05T11:16:24.610-0400][320.118s][info][gc,start    ] GC(447) Pause Young (Normal) (G1 Evacuation Pause)
[2026-09-05T11:16:24.610-0400][320.118s][info][gc,task     ] GC(447) Using 23 workers of 23 for evacuation
[2026-09-05T11:16:24.614-0400][320.121s][info][gc,phases   ] GC(447)   Pre Evacuate Collection Set: 0.12ms
[2026-09-05T11:16:24.614-0400][320.121s][info][gc,phases   ] GC(447)   Merge Heap Roots: 0.10ms
[2026-09-05T11:16:24.614-0400][320.121s][info][gc,phases   ] GC(447)   Evacuate Collection Set: 2.45ms
[2026-09-05T11:16:24.614-0400][320.121s][info][gc,phases   ] GC(447)   Post Evacuate Collection Set: 0.36ms
[2026-09-05T11:16:24.614-0400][320.121s][info][gc,phases   ] GC(447)   Other: 0.14ms
[2026-09-05T11:16:24.614-0400][320.121s][info][gc,heap     ] GC(447) Eden regions: 60->0(57)
[2026-09-05T11:16:24.614-0400][320.121s][info][gc,heap     ] GC(447) Survivor regions: 9->6(9)
[2026-09-05T11:16:24.614-0400][320.121s][info][gc,heap     ] GC(447) Old regions: 1025->1033
[2026-09-05T11:16:24.614-0400][320.121s][info][gc,heap     ] GC(447) Archive regions: 0->0
[2026-09-05T11:16:24.614-0400][320.121s][info][gc,heap     ] GC(447) Humongous regions: 31->31
[2026-09-05T11:16:24.614-0400][320.121s][info][gc,metaspace] GC(447) Metaspace: 153596K(156224K)->153596K(156224K) NonClass: 131801K(133248K)->131801K(133248K) Class: 21794K(22976K)->21794K(22976K)
[2026-09-05T11:16:24.614-0400][320.121s][info][gc          ] GC(447) Pause Young (Normal) (G1 Evacuation Pause) 2248M->2137M(2536M) 3.311ms
[2026-09-05T11:16:24.614-0400][320.121s][info][gc,cpu      ] GC(447) User=0.00s Sys=0.00s Real=0.00s
[2026-09-05T11:16:24.639-0400][320.146s][info][gc,start    ] GC(448) Pause Young (Normal) (GCLocker Initiated GC)
[2026-09-05T11:16:24.639-0400][320.146s][info][gc,task     ] GC(448) Using 23 workers of 23 for evacuation
[2026-09-05T11:16:24.642-0400][320.149s][info][gc,phases   ] GC(448)   Pre Evacuate Collection Set: 0.10ms
[2026-09-05T11:16:24.642-0400][320.149s][info][gc,phases   ] GC(448)   Merge Heap Roots: 0.12ms
[2026-09-05T11:16:24.642-0400][320.149s][info][gc,phases   ] GC(448)   Evacuate Collection Set: 1.97ms
[2026-09-05T11:16:24.642-0400][320.149s][info][gc,phases   ] GC(448)   Post Evacuate Collection Set: 0.68ms
[2026-09-05T11:16:24.642-0400][320.149s][info][gc,phases   ] GC(448)   Other: 0.13ms
[2026-09-05T11:16:24.642-0400][320.149s][info][gc,heap     ] GC(448) Eden regions: 57->0(76)
[2026-09-05T11:16:24.642-0400][320.149s][info][gc,heap     ] GC(448) Survivor regions: 6->6(8)
[2026-09-05T11:16:24.642-0400][320.149s][info][gc,heap     ] GC(448) Old regions: 1033->1037
[2026-09-05T11:16:24.642-0400][320.149s][info][gc,heap     ] GC(448) Archive regions: 0->0
[2026-09-05T11:16:24.642-0400][320.149s][info][gc,heap     ] GC(448) Humongous regions: 31->31
[2026-09-05T11:16:24.642-0400][320.149s][info][gc,metaspace] GC(448) Metaspace: 153596K(156224K)->153596K(156224K) NonClass: 131801K(133248K)->131801K(133248K) Class: 21794K(22976K)->21794K(22976K)
[2026-09-05T11:16:24.642-0400][320.149s][info][gc          ] GC(448) Pause Young (Normal) (GCLocker Initiated GC) 2250M->2145M(2602M) 3.139ms
[2026-09-05T11:16:24.642-0400][320.149s][info][gc,cpu      ] GC(448) User=0.00s Sys=0.00s Real=0.00s
[2026-09-05T11:16:24.684-0400][320.190s][info][gc,start    ] GC(449) Pause Young (Normal) (G1 Evacuation Pause)
[2026-09-05T11:16:24.684-0400][320.190s][info][gc,task     ] GC(449) Using 23 workers of 23 for evacuation
[2026-09-05T11:16:24.686-0400][320.193s][info][gc,phases   ] GC(449)   Pre Evacuate Collection Set: 0.09ms
[2026-09-05T11:16:24.686-0400][320.193s][info][gc,phases   ] GC(449)   Merge Heap Roots: 0.11ms
[2026-09-05T11:16:24.686-0400][320.193s][info][gc,phases   ] GC(449)   Evacuate Collection Set: 2.04ms
[2026-09-05T11:16:24.686-0400][320.193s][info][gc,phases   ] GC(449)   Post Evacuate Collection Set: 0.36ms
[2026-09-05T11:16:24.686-0400][320.193s][info][gc,phases   ] GC(449)   Other: 0.13ms
[2026-09-05T11:16:24.686-0400][320.193s][info][gc,heap     ] GC(449) Eden regions: 76->0(75)
[2026-09-05T11:16:24.686-0400][320.193s][info][gc,heap     ] GC(449) Survivor regions: 6->9(11)
[2026-09-05T11:16:24.686-0400][320.193s][info][gc,heap     ] GC(449) Old regions: 1037->1037
[2026-09-05T11:16:24.686-0400][320.193s][info][gc,heap     ] GC(449) Archive regions: 0->0
[2026-09-05T11:16:24.686-0400][320.193s][info][gc,heap     ] GC(449) Humongous regions: 31->31
[2026-09-05T11:16:24.686-0400][320.193s][info][gc,metaspace] GC(449) Metaspace: 153596K(156224K)->153596K(156224K) NonClass: 131801K(133248K)->131801K(133248K) Class: 21794K(22976K)->21794K(22976K)
[2026-09-05T11:16:24.686-0400][320.193s][info][gc          ] GC(449) Pause Young (Normal) (G1 Evacuation Pause) 2297M->2152M(2602M) 2.838ms
[2026-09-05T11:16:24.686-0400][320.193s][info][gc,cpu      ] GC(449) User=0.33s Sys=0.00s Real=0.00s
[2026-09-05T11:16:24.714-0400][320.221s][info][gc,marking  ] GC(446) Concurrent Mark From Roots 131.715ms
[2026-09-05T11:16:24.714-0400][320.221s][info][gc,marking  ] GC(446) Concurrent Preclean
[2026-09-05T11:16:24.715-0400][320.222s][info][gc,marking  ] GC(446) Concurrent Preclean 0.446ms
[2026-09-05T11:16:24.715-0400][320.222s][info][gc,start    ] GC(446) Pause Remark
[2026-09-05T11:16:24.727-0400][320.233s][info][gc          ] GC(446) Pause Remark 2274M->2202M(3674M) 11.564ms
[2026-09-05T11:16:24.727-0400][320.233s][info][gc,cpu      ] GC(446) User=0.36s Sys=0.00s Real=0.01s
[2026-09-05T11:16:24.727-0400][320.233s][info][gc,marking  ] GC(446) Concurrent Mark 143.997ms
[2026-09-05T11:16:24.727-0400][320.233s][info][gc,marking  ] GC(446) Concurrent Rebuild Remembered Sets
[2026-09-05T11:16:24.736-0400][320.243s][info][gc,start    ] GC(450) Pause Young (Normal) (G1 Evacuation Pause)
[2026-09-05T11:16:24.736-0400][320.243s][info][gc,task     ] GC(450) Using 23 workers of 23 for evacuation
[2026-09-05T11:16:24.741-0400][320.248s][info][gc,phases   ] GC(450)   Pre Evacuate Collection Set: 0.08ms
[2026-09-05T11:16:24.741-0400][320.248s][info][gc,phases   ] GC(450)   Merge Heap Roots: 0.13ms
[2026-09-05T11:16:24.741-0400][320.248s][info][gc,phases   ] GC(450)   Evacuate Collection Set: 3.57ms
[2026-09-05T11:16:24.741-0400][320.248s][info][gc,phases   ] GC(450)   Post Evacuate Collection Set: 0.46ms
[2026-09-05T11:16:24.741-0400][320.248s][info][gc,phases   ] GC(450)   Other: 0.13ms
[2026-09-05T11:16:24.741-0400][320.248s][info][gc,heap     ] GC(450) Eden regions: 75->0(493)
[2026-09-05T11:16:24.741-0400][320.248s][info][gc,heap     ] GC(450) Survivor regions: 9->10(11)
[2026-09-05T11:16:24.741-0400][320.248s][info][gc,heap     ] GC(450) Old regions: 1007->1010
[2026-09-05T11:16:24.741-0400][320.248s][info][gc,heap     ] GC(450) Archive regions: 0->0
[2026-09-05T11:16:24.741-0400][320.248s][info][gc,heap     ] GC(450) Humongous regions: 25->25
[2026-09-05T11:16:24.741-0400][320.248s][info][gc,metaspace] GC(450) Metaspace: 153596K(156224K)->153596K(156224K) NonClass: 131801K(133248K)->131801K(133248K) Class: 21794K(22976K)->21794K(22976K)
[2026-09-05T11:16:24.741-0400][320.248s][info][gc          ] GC(450) Pause Young (Normal) (G1 Evacuation Pause) 2230M->2089M(3674M) 4.485ms
[2026-09-05T11:16:24.741-0400][320.248s][info][gc,cpu      ] GC(450) User=0.00s Sys=0.00s Real=0.00s
[2026-09-05T11:16:24.821-0400][320.328s][info][gc,marking  ] GC(446) Concurrent Rebuild Remembered Sets 94.239ms
[2026-09-05T11:16:24.821-0400][320.328s][info][gc,start    ] GC(446) Pause Cleanup
[2026-09-05T11:16:24.821-0400][320.328s][info][gc          ] GC(446) Pause Cleanup 2396M->2396M(3674M) 0.558ms
[2026-09-05T11:16:24.821-0400][320.328s][info][gc,cpu      ] GC(446) User=0.00s Sys=0.00s Real=0.00s
[2026-09-05T11:16:24.821-0400][320.328s][info][gc,marking  ] GC(446) Concurrent Cleanup for Next Mark
[2026-09-05T11:16:24.824-0400][320.331s][info][gc,marking  ] GC(446) Concurrent Cleanup for Next Mark 2.833ms
[2026-09-05T11:16:24.824-0400][320.331s][info][gc          ] GC(446) Concurrent Mark Cycle 245.876ms
[2026-09-05T11:16:25.125-0400][320.632s][info][gc,start    ] GC(451) Pause Young (Prepare Mixed) (G1 Evacuation Pause)
[2026-09-05T11:16:25.125-0400][320.632s][info][gc,task     ] GC(451) Using 23 workers of 23 for evacuation
[2026-09-05T11:16:25.144-0400][320.651s][info][gc,phases   ] GC(451)   Pre Evacuate Collection Set: 0.26ms
[2026-09-05T11:16:25.144-0400][320.651s][info][gc,phases   ] GC(451)   Merge Heap Roots: 0.26ms
[2026-09-05T11:16:25.144-0400][320.651s][info][gc,phases   ] GC(451)   Evacuate Collection Set: 18.08ms
[2026-09-05T11:16:25.144-0400][320.651s][info][gc,phases   ] GC(451)   Post Evacuate Collection Set: 0.81ms
[2026-09-05T11:16:25.144-0400][320.651s][info][gc,phases   ] GC(451)   Other: 0.14ms
[2026-09-05T11:16:25.144-0400][320.651s][info][gc,heap     ] GC(451) Eden regions: 493->0(33)
[2026-09-05T11:16:25.144-0400][320.651s][info][gc,heap     ] GC(451) Survivor regions: 10->58(63)
[2026-09-05T11:16:25.144-0400][320.651s][info][gc,heap     ] GC(451) Old regions: 1010->1010
[2026-09-05T11:16:25.144-0400][320.651s][info][gc,heap     ] GC(451) Archive regions: 0->0
[2026-09-05T11:16:25.144-0400][320.651s][info][gc,heap     ] GC(451) Humongous regions: 25->25
[2026-09-05T11:16:25.144-0400][320.651s][info][gc,metaspace] GC(451) Metaspace: 153618K(156224K)->153618K(156224K) NonClass: 131820K(133248K)->131820K(133248K) Class: 21798K(22976K)->21798K(22976K)
[2026-09-05T11:16:25.144-0400][320.651s][info][gc          ] GC(451) Pause Young (Prepare Mixed) (G1 Evacuation Pause) 3075M->2184M(3674M) 19.675ms
[2026-09-05T11:16:25.144-0400][320.651s][info][gc,cpu      ] GC(451) User=0.33s Sys=0.03s Real=0.02s
[2026-09-05T11:16:25.165-0400][320.672s][info][gc,start    ] GC(452) Pause Young (Mixed) (G1 Evacuation Pause)
[2026-09-05T11:16:25.165-0400][320.672s][info][gc,task     ] GC(452) Using 23 workers of 23 for evacuation
[2026-09-05T11:16:25.176-0400][320.683s][info][gc,phases   ] GC(452)   Pre Evacuate Collection Set: 0.26ms
[2026-09-05T11:16:25.176-0400][320.683s][info][gc,phases   ] GC(452)   Merge Heap Roots: 0.21ms
[2026-09-05T11:16:25.176-0400][320.683s][info][gc,phases   ] GC(452)   Evacuate Collection Set: 9.59ms
[2026-09-05T11:16:25.176-0400][320.683s][info][gc,phases   ] GC(452)   Post Evacuate Collection Set: 0.78ms
[2026-09-05T11:16:25.176-0400][320.683s][info][gc,phases   ] GC(452)   Other: 0.13ms
[2026-09-05T11:16:25.176-0400][320.683s][info][gc,heap     ] GC(452) Eden regions: 33->0(79)
[2026-09-05T11:16:25.176-0400][320.683s][info][gc,heap     ] GC(452) Survivor regions: 58->12(12)
[2026-09-05T11:16:25.176-0400][320.683s][info][gc,heap     ] GC(452) Old regions: 1010->881
[2026-09-05T11:16:25.176-0400][320.683s][info][gc,heap     ] GC(452) Archive regions: 0->0
[2026-09-05T11:16:25.176-0400][320.683s][info][gc,heap     ] GC(452) Humongous regions: 25->25
[2026-09-05T11:16:25.176-0400][320.683s][info][gc,metaspace] GC(452) Metaspace: 153618K(156224K)->153618K(156224K) NonClass: 131820K(133248K)->131820K(133248K) Class: 21798K(22976K)->21798K(22976K)
[2026-09-05T11:16:25.176-0400][320.683s][info][gc          ] GC(452) Pause Young (Mixed) (G1 Evacuation Pause) 2250M->1835M(3674M) 11.110ms
[2026-09-05T11:16:25.176-0400][320.683s][info][gc,cpu      ] GC(452) User=0.34s Sys=0.02s Real=0.01s
[2026-09-05T11:16:25.237-0400][320.744s][info][gc,start    ] GC(453) Pause Young (Mixed) (G1 Evacuation Pause)
[2026-09-05T11:16:25.237-0400][320.744s][info][gc,task     ] GC(453) Using 23 workers of 23 for evacuation
[2026-09-05T11:16:25.248-0400][320.755s][info][gc,phases   ] GC(453)   Pre Evacuate Collection Set: 0.21ms
[2026-09-05T11:16:25.248-0400][320.755s][info][gc,phases   ] GC(453)   Merge Heap Roots: 0.26ms
[2026-09-05T11:16:25.248-0400][320.755s][info][gc,phases   ] GC(453)   Evacuate Collection Set: 8.99ms
[2026-09-05T11:16:25.248-0400][320.755s][info][gc,phases   ] GC(453)   Post Evacuate Collection Set: 0.89ms
[2026-09-05T11:16:25.248-0400][320.755s][info][gc,phases   ] GC(453)   Other: 0.14ms
[2026-09-05T11:16:25.248-0400][320.755s][info][gc,heap     ] GC(453) Eden regions: 79->0(79)
[2026-09-05T11:16:25.248-0400][320.755s][info][gc,heap     ] GC(453) Survivor regions: 12->12(12)
[2026-09-05T11:16:25.248-0400][320.755s][info][gc,heap     ] GC(453) Old regions: 881->736
[2026-09-05T11:16:25.248-0400][320.755s][info][gc,heap     ] GC(453) Archive regions: 0->0
[2026-09-05T11:16:25.248-0400][320.755s][info][gc,heap     ] GC(453) Humongous regions: 25->25
[2026-09-05T11:16:25.248-0400][320.755s][info][gc,metaspace] GC(453) Metaspace: 153620K(156224K)->153620K(156224K) NonClass: 131822K(133248K)->131822K(133248K) Class: 21798K(22976K)->21798K(22976K)
[2026-09-05T11:16:25.248-0400][320.755s][info][gc          ] GC(453) Pause Young (Mixed) (G1 Evacuation Pause) 1993M->1545M(3674M) 10.650ms
[2026-09-05T11:16:25.249-0400][320.755s][info][gc,cpu      ] GC(453) User=0.36s Sys=0.00s Real=0.01s
[2026-09-05T11:16:25.319-0400][320.827s][info][gc,start    ] GC(454) Pause Young (Mixed) (G1 Evacuation Pause)
[2026-09-05T11:16:25.319-0400][320.827s][info][gc,task     ] GC(454) Using 23 workers of 23 for evacuation
[2026-09-05T11:16:25.336-0400][320.843s][info][gc,phases   ] GC(454)   Pre Evacuate Collection Set: 0.28ms
[2026-09-05T11:16:25.336-0400][320.843s][info][gc,phases   ] GC(454)   Merge Heap Roots: 0.25ms
[2026-09-05T11:16:25.336-0400][320.843s][info][gc,phases   ] GC(454)   Evacuate Collection Set: 14.18ms
[2026-09-05T11:16:25.336-0400][320.843s][info][gc,phases   ] GC(454)   Post Evacuate Collection Set: 1.40ms
[2026-09-05T11:16:25.336-0400][320.843s][info][gc,phases   ] GC(454)   Other: 0.11ms
[2026-09-05T11:16:25.336-0400][320.843s][info][gc,heap     ] GC(454) Eden regions: 79->0(86)
[2026-09-05T11:16:25.336-0400][320.843s][info][gc,heap     ] GC(454) Survivor regions: 12->8(12)
[2026-09-05T11:16:25.336-0400][320.843s][info][gc,heap     ] GC(454) Old regions: 736->618
[2026-09-05T11:16:25.336-0400][320.843s][info][gc,heap     ] GC(454) Archive regions: 0->0
[2026-09-05T11:16:25.336-0400][320.843s][info][gc,heap     ] GC(454) Humongous regions: 25->25
[2026-09-05T11:16:25.336-0400][320.843s][info][gc,metaspace] GC(454) Metaspace: 153623K(156224K)->153623K(156224K) NonClass: 131825K(133248K)->131825K(133248K) Class: 21798K(22976K)->21798K(22976K)
[2026-09-05T11:16:25.336-0400][320.843s][info][gc          ] GC(454) Pause Young (Mixed) (G1 Evacuation Pause) 1703M->1299M(3774M) 16.363ms
[2026-09-05T11:16:25.336-0400][320.843s][info][gc,cpu      ] GC(454) User=0.06s Sys=0.30s Real=0.02s
[2026-09-05T11:16:25.438-0400][320.945s][info][gc,start    ] GC(455) Pause Young (Mixed) (GCLocker Initiated GC)
[2026-09-05T11:16:25.438-0400][320.945s][info][gc,task     ] GC(455) Using 23 workers of 23 for evacuation
[2026-09-05T11:16:25.449-0400][320.955s][info][gc,phases   ] GC(455)   Pre Evacuate Collection Set: 0.29ms
[2026-09-05T11:16:25.449-0400][320.955s][info][gc,phases   ] GC(455)   Merge Heap Roots: 0.22ms
[2026-09-05T11:16:25.449-0400][320.955s][info][gc,phases   ] GC(455)   Evacuate Collection Set: 9.26ms
[2026-09-05T11:16:25.449-0400][320.955s][info][gc,phases   ] GC(455)   Post Evacuate Collection Set: 0.79ms
[2026-09-05T11:16:25.449-0400][320.955s][info][gc,phases   ] GC(455)   Other: 0.12ms
[2026-09-05T11:16:25.449-0400][320.955s][info][gc,heap     ] GC(455) Eden regions: 87->0(841)
[2026-09-05T11:16:25.449-0400][320.955s][info][gc,heap     ] GC(455) Survivor regions: 8->12(12)
[2026-09-05T11:16:25.449-0400][320.955s][info][gc,heap     ] GC(455) Old regions: 618->619
[2026-09-05T11:16:25.449-0400][320.955s][info][gc,heap     ] GC(455) Archive regions: 0->0
[2026-09-05T11:16:25.449-0400][320.955s][info][gc,heap     ] GC(455) Humongous regions: 28->27
[2026-09-05T11:16:25.449-0400][320.955s][info][gc,metaspace] GC(455) Metaspace: 153628K(156288K)->153628K(156288K) NonClass: 131830K(133312K)->131830K(133312K) Class: 21798K(22976K)->21798K(22976K)
[2026-09-05T11:16:25.449-0400][320.955s][info][gc          ] GC(455) Pause Young (Mixed) (GCLocker Initiated GC) 1478M->1315M(3774M) 10.826ms
[2026-09-05T11:16:25.449-0400][320.955s][info][gc,cpu      ] GC(455) User=0.00s Sys=0.00s Real=0.01s
[2026-09-05T11:16:31.033-0400][326.540s][info][gc,start    ] GC(456) Pause Young (Normal) (G1 Evacuation Pause)
[2026-09-05T11:16:31.033-0400][326.540s][info][gc,task     ] GC(456) Using 23 workers of 23 for evacuation
[2026-09-05T11:16:31.046-0400][326.553s][info][gc,phases   ] GC(456)   Pre Evacuate Collection Set: 0.24ms
[2026-09-05T11:16:31.046-0400][326.553s][info][gc,phases   ] GC(456)   Merge Heap Roots: 0.30ms
[2026-09-05T11:16:31.046-0400][326.553s][info][gc,phases   ] GC(456)   Evacuate Collection Set: 10.80ms
[2026-09-05T11:16:31.046-0400][326.553s][info][gc,phases   ] GC(456)   Post Evacuate Collection Set: 0.89ms
[2026-09-05T11:16:31.046-0400][326.553s][info][gc,phases   ] GC(456)   Other: 0.16ms
[2026-09-05T11:16:31.046-0400][326.553s][info][gc,heap     ] GC(456) Eden regions: 841->0(829)
[2026-09-05T11:16:31.046-0400][326.553s][info][gc,heap     ] GC(456) Survivor regions: 12->46(107)
[2026-09-05T11:16:31.046-0400][326.553s][info][gc,heap     ] GC(456) Old regions: 619->619
[2026-09-05T11:16:31.046-0400][326.553s][info][gc,heap     ] GC(456) Archive regions: 0->0
[2026-09-05T11:16:31.046-0400][326.553s][info][gc,heap     ] GC(456) Humongous regions: 27->27
[2026-09-05T11:16:31.046-0400][326.553s][info][gc,metaspace] GC(456) Metaspace: 153670K(156288K)->153670K(156288K) NonClass: 131868K(133312K)->131868K(133312K) Class: 21801K(22976K)->21801K(22976K)
[2026-09-05T11:16:31.046-0400][326.553s][info][gc          ] GC(456) Pause Young (Normal) (G1 Evacuation Pause) 2997M->1383M(3774M) 12.497ms
[2026-09-05T11:16:31.046-0400][326.553s][info][gc,cpu      ] GC(456) User=0.31s Sys=0.05s Real=0.01s
[2026-09-05T11:16:31.666-0400][327.173s][info][gc,start    ] GC(457) Pause Young (Normal) (G1 Evacuation Pause)
[2026-09-05T11:16:31.666-0400][327.173s][info][gc,task     ] GC(457) Using 23 workers of 23 for evacuation
[2026-09-05T11:16:31.680-0400][327.187s][info][gc,phases   ] GC(457)   Pre Evacuate Collection Set: 0.28ms
[2026-09-05T11:16:31.680-0400][327.187s][info][gc,phases   ] GC(457)   Merge Heap Roots: 0.29ms
[2026-09-05T11:16:31.680-0400][327.187s][info][gc,phases   ] GC(457)   Evacuate Collection Set: 12.63ms
[2026-09-05T11:16:31.680-0400][327.188s][info][gc,phases   ] GC(457)   Post Evacuate Collection Set: 0.69ms
[2026-09-05T11:16:31.680-0400][327.188s][info][gc,phases   ] GC(457)   Other: 0.14ms
[2026-09-05T11:16:31.680-0400][327.188s][info][gc,heap     ] GC(457) Eden regions: 829->0(811)
[2026-09-05T11:16:31.680-0400][327.188s][info][gc,heap     ] GC(457) Survivor regions: 46->71(110)
[2026-09-05T11:16:31.680-0400][327.188s][info][gc,heap     ] GC(457) Old regions: 619->619
[2026-09-05T11:16:31.680-0400][327.188s][info][gc,heap     ] GC(457) Archive regions: 0->0
[2026-09-05T11:16:31.680-0400][327.188s][info][gc,heap     ] GC(457) Humongous regions: 28->28
[2026-09-05T11:16:31.680-0400][327.188s][info][gc,metaspace] GC(457) Metaspace: 153676K(156288K)->153676K(156288K) NonClass: 131875K(133312K)->131875K(133312K) Class: 21801K(22976K)->21801K(22976K)
[2026-09-05T11:16:31.680-0400][327.188s][info][gc          ] GC(457) Pause Young (Normal) (G1 Evacuation Pause) 3043M->1435M(3774M) 14.151ms
[2026-09-05T11:16:31.680-0400][327.188s][info][gc,cpu      ] GC(457) User=0.30s Sys=0.06s Real=0.01s
[2026-09-05T11:16:32.269-0400][327.776s][info][gc,start    ] GC(458) Pause Young (Normal) (G1 Evacuation Pause)
[2026-09-05T11:16:32.269-0400][327.776s][info][gc,task     ] GC(458) Using 23 workers of 23 for evacuation
[2026-09-05T11:16:32.286-0400][327.793s][info][gc,phases   ] GC(458)   Pre Evacuate Collection Set: 0.28ms
[2026-09-05T11:16:32.286-0400][327.793s][info][gc,phases   ] GC(458)   Merge Heap Roots: 0.30ms
[2026-09-05T11:16:32.286-0400][327.793s][info][gc,phases   ] GC(458)   Evacuate Collection Set: 16.07ms
[2026-09-05T11:16:32.286-0400][327.793s][info][gc,phases   ] GC(458)   Post Evacuate Collection Set: 0.66ms
[2026-09-05T11:16:32.286-0400][327.793s][info][gc,phases   ] GC(458)   Other: 0.15ms
[2026-09-05T11:16:32.286-0400][327.793s][info][gc,heap     ] GC(458) Eden regions: 811->0(781)
[2026-09-05T11:16:32.286-0400][327.793s][info][gc,heap     ] GC(458) Survivor regions: 71->89(111)
[2026-09-05T11:16:32.286-0400][327.793s][info][gc,heap     ] GC(458) Old regions: 619->635
[2026-09-05T11:16:32.286-0400][327.793s][info][gc,heap     ] GC(458) Archive regions: 0->0
[2026-09-05T11:16:32.286-0400][327.793s][info][gc,heap     ] GC(458) Humongous regions: 28->28
[2026-09-05T11:16:32.286-0400][327.793s][info][gc,metaspace] GC(458) Metaspace: 153685K(156288K)->153685K(156288K) NonClass: 131883K(133312K)->131883K(133312K) Class: 21801K(22976K)->21801K(22976K)
[2026-09-05T11:16:32.286-0400][327.793s][info][gc          ] GC(458) Pause Young (Normal) (G1 Evacuation Pause) 3057M->1502M(3774M) 17.581ms
[2026-09-05T11:16:32.286-0400][327.793s][info][gc,cpu      ] GC(458) User=0.36s Sys=0.00s Real=0.02s
[2026-09-05T11:16:37.055-0400][332.561s][info][gc,start    ] GC(459) Pause Young (Normal) (G1 Evacuation Pause)
[2026-09-05T11:16:37.055-0400][332.561s][info][gc,task     ] GC(459) Using 23 workers of 23 for evacuation
[2026-09-05T11:16:37.065-0400][332.572s][info][gc,phases   ] GC(459)   Pre Evacuate Collection Set: 0.32ms
[2026-09-05T11:16:37.065-0400][332.572s][info][gc,phases   ] GC(459)   Merge Heap Roots: 0.23ms
[2026-09-05T11:16:37.065-0400][332.572s][info][gc,phases   ] GC(459)   Evacuate Collection Set: 9.19ms
[2026-09-05T11:16:37.065-0400][332.572s][info][gc,phases   ] GC(459)   Post Evacuate Collection Set: 0.94ms
[2026-09-05T11:16:37.065-0400][332.572s][info][gc,phases   ] GC(459)   Other: 0.14ms
[2026-09-05T11:16:37.066-0400][332.572s][info][gc,heap     ] GC(459) Eden regions: 781->0(805)
[2026-09-05T11:16:37.066-0400][332.572s][info][gc,heap     ] GC(459) Survivor regions: 89->25(109)
[2026-09-05T11:16:37.066-0400][332.572s][info][gc,heap     ] GC(459) Old regions: 635->693
[2026-09-05T11:16:37.066-0400][332.572s][info][gc,heap     ] GC(459) Archive regions: 0->0
[2026-09-05T11:16:37.066-0400][332.572s][info][gc,heap     ] GC(459) Humongous regions: 28->28
[2026-09-05T11:16:37.066-0400][332.572s][info][gc,metaspace] GC(459) Metaspace: 153707K(156352K)->153707K(156352K) NonClass: 131906K(133376K)->131906K(133376K) Class: 21801K(22976K)->21801K(22976K)
[2026-09-05T11:16:37.066-0400][332.572s][info][gc          ] GC(459) Pause Young (Normal) (G1 Evacuation Pause) 3064M->1491M(3774M) 10.944ms
[2026-09-05T11:16:37.066-0400][332.572s][info][gc,cpu      ] GC(459) User=0.36s Sys=0.00s Real=0.01s
[2026-09-05T11:16:38.932-0400][334.439s][info][gc,start    ] GC(460) Pause Young (Normal) (G1 Evacuation Pause)
[2026-09-05T11:16:38.932-0400][334.439s][info][gc,task     ] GC(460) Using 23 workers of 23 for evacuation
[2026-09-05T11:16:38.946-0400][334.452s][info][gc,phases   ] GC(460)   Pre Evacuate Collection Set: 0.13ms
[2026-09-05T11:16:38.946-0400][334.452s][info][gc,phases   ] GC(460)   Merge Heap Roots: 0.32ms
[2026-09-05T11:16:38.946-0400][334.452s][info][gc,phases   ] GC(460)   Evacuate Collection Set: 11.40ms
[2026-09-05T11:16:38.946-0400][334.452s][info][gc,phases   ] GC(460)   Post Evacuate Collection Set: 0.92ms
[2026-09-05T11:16:38.946-0400][334.452s][info][gc,phases   ] GC(460)   Other: 0.20ms
[2026-09-05T11:16:38.946-0400][334.452s][info][gc,heap     ] GC(460) Eden regions: 805->0(782)
[2026-09-05T11:16:38.946-0400][334.452s][info][gc,heap     ] GC(460) Survivor regions: 25->50(104)
[2026-09-05T11:16:38.946-0400][334.452s][info][gc,heap     ] GC(460) Old regions: 693->693
[2026-09-05T11:16:38.946-0400][334.452s][info][gc,heap     ] GC(460) Archive regions: 0->0
[2026-09-05T11:16:38.946-0400][334.452s][info][gc,heap     ] GC(460) Humongous regions: 29->29
[2026-09-05T11:16:38.946-0400][334.452s][info][gc,metaspace] GC(460) Metaspace: 153907K(156544K)->153907K(156544K) NonClass: 132084K(133504K)->132084K(133504K) Class: 21823K(23040K)->21823K(23040K)
[2026-09-05T11:16:38.946-0400][334.452s][info][gc          ] GC(460) Pause Young (Normal) (G1 Evacuation Pause) 3103M->1543M(3774M) 13.159ms
[2026-09-05T11:16:38.946-0400][334.453s][info][gc,cpu      ] GC(460) User=0.38s Sys=0.00s Real=0.01s
[2026-09-05T11:16:39.685-0400][335.191s][info][gc,start    ] GC(461) Pause Young (Normal) (G1 Evacuation Pause)
[2026-09-05T11:16:39.685-0400][335.191s][info][gc,task     ] GC(461) Using 23 workers of 23 for evacuation
[2026-09-05T11:16:39.693-0400][335.200s][info][gc,phases   ] GC(461)   Pre Evacuate Collection Set: 0.26ms
[2026-09-05T11:16:39.693-0400][335.200s][info][gc,phases   ] GC(461)   Merge Heap Roots: 0.26ms
[2026-09-05T11:16:39.693-0400][335.200s][info][gc,phases   ] GC(461)   Evacuate Collection Set: 7.52ms
[2026-09-05T11:16:39.693-0400][335.200s][info][gc,phases   ] GC(461)   Post Evacuate Collection Set: 0.64ms
[2026-09-05T11:16:39.693-0400][335.200s][info][gc,phases   ] GC(461)   Other: 0.22ms
[2026-09-05T11:16:39.693-0400][335.200s][info][gc,heap     ] GC(461) Eden regions: 782->0(805)
[2026-09-05T11:16:39.693-0400][335.200s][info][gc,heap     ] GC(461) Survivor regions: 50->46(104)
[2026-09-05T11:16:39.693-0400][335.200s][info][gc,heap     ] GC(461) Old regions: 693->693
[2026-09-05T11:16:39.693-0400][335.200s][info][gc,heap     ] GC(461) Archive regions: 0->0
[2026-09-05T11:16:39.693-0400][335.200s][info][gc,heap     ] GC(461) Humongous regions: 29->29
[2026-09-05T11:16:39.693-0400][335.200s][info][gc,metaspace] GC(461) Metaspace: 153908K(156544K)->153908K(156544K) NonClass: 132085K(133504K)->132085K(133504K) Class: 21823K(23040K)->21823K(23040K)
[2026-09-05T11:16:39.693-0400][335.200s][info][gc          ] GC(461) Pause Young (Normal) (G1 Evacuation Pause) 3107M->1535M(3774M) 9.002ms
[2026-09-05T11:16:39.693-0400][335.200s][info][gc,cpu      ] GC(461) User=0.00s Sys=0.00s Real=0.01s
[2026-09-05T11:16:40.435-0400][335.941s][info][gc,start    ] GC(462) Pause Young (Normal) (G1 Evacuation Pause)
[2026-09-05T11:16:40.435-0400][335.941s][info][gc,task     ] GC(462) Using 23 workers of 23 for evacuation
[2026-09-05T11:16:40.442-0400][335.949s][info][gc,phases   ] GC(462)   Pre Evacuate Collection Set: 0.27ms
[2026-09-05T11:16:40.442-0400][335.949s][info][gc,phases   ] GC(462)   Merge Heap Roots: 0.24ms
[2026-09-05T11:16:40.442-0400][335.949s][info][gc,phases   ] GC(462)   Evacuate Collection Set: 6.49ms
[2026-09-05T11:16:40.442-0400][335.949s][info][gc,phases   ] GC(462)   Post Evacuate Collection Set: 0.62ms
[2026-09-05T11:16:40.442-0400][335.949s][info][gc,phases   ] GC(462)   Other: 0.18ms
[2026-09-05T11:16:40.442-0400][335.949s][info][gc,heap     ] GC(462) Eden regions: 805->0(825)
[2026-09-05T11:16:40.442-0400][335.949s][info][gc,heap     ] GC(462) Survivor regions: 46->46(107)
[2026-09-05T11:16:40.442-0400][335.949s][info][gc,heap     ] GC(462) Old regions: 693->693
[2026-09-05T11:16:40.442-0400][335.949s][info][gc,heap     ] GC(462) Archive regions: 0->0
[2026-09-05T11:16:40.442-0400][335.949s][info][gc,heap     ] GC(462) Humongous regions: 29->29
[2026-09-05T11:16:40.442-0400][335.949s][info][gc,metaspace] GC(462) Metaspace: 153924K(156608K)->153924K(156608K) NonClass: 132100K(133568K)->132100K(133568K) Class: 21824K(23040K)->21824K(23040K)
[2026-09-05T11:16:40.442-0400][335.949s][info][gc          ] GC(462) Pause Young (Normal) (G1 Evacuation Pause) 3145M->1534M(3774M) 7.923ms
[2026-09-05T11:16:40.442-0400][335.949s][info][gc,cpu      ] GC(462) User=0.00s Sys=0.00s Real=0.01s
[2026-09-05T11:16:41.131-0400][336.638s][info][gc,start    ] GC(463) Pause Young (Normal) (G1 Evacuation Pause)
[2026-09-05T11:16:41.131-0400][336.638s][info][gc,task     ] GC(463) Using 23 workers of 23 for evacuation
[2026-09-05T11:16:41.139-0400][336.646s][info][gc,phases   ] GC(463)   Pre Evacuate Collection Set: 0.28ms
[2026-09-05T11:16:41.139-0400][336.646s][info][gc,phases   ] GC(463)   Merge Heap Roots: 0.25ms
[2026-09-05T11:16:41.139-0400][336.646s][info][gc,phases   ] GC(463)   Evacuate Collection Set: 6.33ms
[2026-09-05T11:16:41.139-0400][336.646s][info][gc,phases   ] GC(463)   Post Evacuate Collection Set: 0.77ms
[2026-09-05T11:16:41.139-0400][336.646s][info][gc,phases   ] GC(463)   Other: 0.16ms
[2026-09-05T11:16:41.139-0400][336.646s][info][gc,heap     ] GC(463) Eden regions: 825->0(837)
[2026-09-05T11:16:41.139-0400][336.646s][info][gc,heap     ] GC(463) Survivor regions: 46->50(109)
[2026-09-05T11:16:41.139-0400][336.646s][info][gc,heap     ] GC(463) Old regions: 693->693
[2026-09-05T11:16:41.139-0400][336.646s][info][gc,heap     ] GC(463) Archive regions: 0->0
[2026-09-05T11:16:41.139-0400][336.646s][info][gc,heap     ] GC(463) Humongous regions: 29->29
[2026-09-05T11:16:41.139-0400][336.646s][info][gc,metaspace] GC(463) Metaspace: 153941K(156608K)->153941K(156608K) NonClass: 132115K(133568K)->132115K(133568K) Class: 21826K(23040K)->21826K(23040K)
[2026-09-05T11:16:41.139-0400][336.646s][info][gc          ] GC(463) Pause Young (Normal) (G1 Evacuation Pause) 3184M->1543M(3774M) 7.911ms
[2026-09-05T11:16:41.139-0400][336.646s][info][gc,cpu      ] GC(463) User=0.36s Sys=0.00s Real=0.01s
[2026-09-05T11:16:45.577-0400][341.083s][info][gc,start    ] GC(464) Pause Young (Normal) (G1 Evacuation Pause)
[2026-09-05T11:16:45.577-0400][341.083s][info][gc,task     ] GC(464) Using 23 workers of 23 for evacuation
[2026-09-05T11:16:45.585-0400][341.092s][info][gc,phases   ] GC(464)   Pre Evacuate Collection Set: 0.26ms
[2026-09-05T11:16:45.585-0400][341.092s][info][gc,phases   ] GC(464)   Merge Heap Roots: 0.25ms
[2026-09-05T11:16:45.585-0400][341.092s][info][gc,phases   ] GC(464)   Evacuate Collection Set: 7.20ms
[2026-09-05T11:16:45.585-0400][341.092s][info][gc,phases   ] GC(464)   Post Evacuate Collection Set: 0.77ms
[2026-09-05T11:16:45.585-0400][341.092s][info][gc,phases   ] GC(464)   Other: 0.25ms
[2026-09-05T11:16:45.585-0400][341.092s][info][gc,heap     ] GC(464) Eden regions: 837->0(845)
[2026-09-05T11:16:45.585-0400][341.092s][info][gc,heap     ] GC(464) Survivor regions: 50->53(111)
[2026-09-05T11:16:45.585-0400][341.092s][info][gc,heap     ] GC(464) Old regions: 693->693
[2026-09-05T11:16:45.585-0400][341.092s][info][gc,heap     ] GC(464) Archive regions: 0->0
[2026-09-05T11:16:45.585-0400][341.092s][info][gc,heap     ] GC(464) Humongous regions: 30->29
[2026-09-05T11:16:45.585-0400][341.092s][info][gc,metaspace] GC(464) Metaspace: 153982K(156672K)->153982K(156672K) NonClass: 132155K(133632K)->132155K(133632K) Class: 21827K(23040K)->21827K(23040K)
[2026-09-05T11:16:45.585-0400][341.092s][info][gc          ] GC(464) Pause Young (Normal) (G1 Evacuation Pause) 3219M->1548M(3774M) 8.839ms
[2026-09-05T11:16:45.585-0400][341.092s][info][gc,cpu      ] GC(464) User=0.00s Sys=0.00s Real=0.01s
[2026-09-05T11:16:46.303-0400][341.810s][info][gc,start    ] GC(465) Pause Young (Normal) (GCLocker Initiated GC)
[2026-09-05T11:16:46.303-0400][341.810s][info][gc,task     ] GC(465) Using 23 workers of 23 for evacuation
[2026-09-05T11:16:46.311-0400][341.819s][info][gc,phases   ] GC(465)   Pre Evacuate Collection Set: 0.24ms
[2026-09-05T11:16:46.311-0400][341.819s][info][gc,phases   ] GC(465)   Merge Heap Roots: 0.22ms
[2026-09-05T11:16:46.311-0400][341.819s][info][gc,phases   ] GC(465)   Evacuate Collection Set: 7.28ms
[2026-09-05T11:16:46.311-0400][341.819s][info][gc,phases   ] GC(465)   Post Evacuate Collection Set: 0.91ms
[2026-09-05T11:16:46.311-0400][341.819s][info][gc,phases   ] GC(465)   Other: 0.16ms
[2026-09-05T11:16:46.311-0400][341.819s][info][gc,heap     ] GC(465) Eden regions: 846->0(852)
[2026-09-05T11:16:46.311-0400][341.819s][info][gc,heap     ] GC(465) Survivor regions: 53->57(113)
[2026-09-05T11:16:46.311-0400][341.819s][info][gc,heap     ] GC(465) Old regions: 693->693
[2026-09-05T11:16:46.311-0400][341.819s][info][gc,heap     ] GC(465) Archive regions: 0->0
[2026-09-05T11:16:46.311-0400][341.819s][info][gc,heap     ] GC(465) Humongous regions: 29->29
[2026-09-05T11:16:46.311-0400][341.819s][info][gc,metaspace] GC(465) Metaspace: 153985K(156672K)->153985K(156672K) NonClass: 132157K(133632K)->132157K(133632K) Class: 21827K(23040K)->21827K(23040K)
[2026-09-05T11:16:46.311-0400][341.819s][info][gc          ] GC(465) Pause Young (Normal) (GCLocker Initiated GC) 3239M->1557M(3774M) 8.921ms
[2026-09-05T11:16:46.311-0400][341.819s][info][gc,cpu      ] GC(465) User=0.34s Sys=0.00s Real=0.01s
[2026-09-05T11:16:46.947-0400][342.454s][info][gc,start    ] GC(466) Pause Young (Normal) (G1 Evacuation Pause)
[2026-09-05T11:16:46.947-0400][342.454s][info][gc,task     ] GC(466) Using 23 workers of 23 for evacuation
[2026-09-05T11:16:46.958-0400][342.464s][info][gc,phases   ] GC(466)   Pre Evacuate Collection Set: 0.33ms
[2026-09-05T11:16:46.958-0400][342.464s][info][gc,phases   ] GC(466)   Merge Heap Roots: 0.20ms
[2026-09-05T11:16:46.958-0400][342.464s][info][gc,phases   ] GC(466)   Evacuate Collection Set: 8.53ms
[2026-09-05T11:16:46.958-0400][342.464s][info][gc,phases   ] GC(466)   Post Evacuate Collection Set: 0.92ms
[2026-09-05T11:16:46.958-0400][342.464s][info][gc,phases   ] GC(466)   Other: 0.24ms
[2026-09-05T11:16:46.958-0400][342.464s][info][gc,heap     ] GC(466) Eden regions: 852->0(844)
[2026-09-05T11:16:46.958-0400][342.464s][info][gc,heap     ] GC(466) Survivor regions: 57->66(114)
[2026-09-05T11:16:46.958-0400][342.464s][info][gc,heap     ] GC(466) Old regions: 693->693
[2026-09-05T11:16:46.958-0400][342.464s][info][gc,heap     ] GC(466) Archive regions: 0->0
[2026-09-05T11:16:46.958-0400][342.464s][info][gc,heap     ] GC(466) Humongous regions: 29->29
[2026-09-05T11:16:46.958-0400][342.464s][info][gc,metaspace] GC(466) Metaspace: 153987K(156672K)->153987K(156672K) NonClass: 132160K(133632K)->132160K(133632K) Class: 21827K(23040K)->21827K(23040K)
[2026-09-05T11:16:46.958-0400][342.464s][info][gc          ] GC(466) Pause Young (Normal) (G1 Evacuation Pause) 3261M->1575M(3774M) 10.311ms
[2026-09-05T11:16:46.958-0400][342.464s][info][gc,cpu      ] GC(466) User=0.33s Sys=0.02s Real=0.01s
[2026-09-05T11:16:47.651-0400][343.159s][info][gc,start    ] GC(467) Pause Young (Normal) (G1 Evacuation Pause)
[2026-09-05T11:16:47.652-0400][343.159s][info][gc,task     ] GC(467) Using 23 workers of 23 for evacuation
[2026-09-05T11:16:47.663-0400][343.169s][info][gc,phases   ] GC(467)   Pre Evacuate Collection Set: 0.29ms
[2026-09-05T11:16:47.663-0400][343.169s][info][gc,phases   ] GC(467)   Merge Heap Roots: 0.25ms
[2026-09-05T11:16:47.663-0400][343.169s][info][gc,phases   ] GC(467)   Evacuate Collection Set: 9.16ms
[2026-09-05T11:16:47.663-0400][343.169s][info][gc,phases   ] GC(467)   Post Evacuate Collection Set: 0.72ms
[2026-09-05T11:16:47.663-0400][343.169s][info][gc,phases   ] GC(467)   Other: 0.24ms
[2026-09-05T11:16:47.663-0400][343.169s][info][gc,heap     ] GC(467) Eden regions: 844->0(837)
[2026-09-05T11:16:47.663-0400][343.169s][info][gc,heap     ] GC(467) Survivor regions: 66->66(114)
[2026-09-05T11:16:47.663-0400][343.169s][info][gc,heap     ] GC(467) Old regions: 693->700
[2026-09-05T11:16:47.663-0400][343.169s][info][gc,heap     ] GC(467) Archive regions: 0->0
[2026-09-05T11:16:47.663-0400][343.169s][info][gc,heap     ] GC(467) Humongous regions: 29->29
[2026-09-05T11:16:47.663-0400][343.169s][info][gc,metaspace] GC(467) Metaspace: 154006K(156672K)->154006K(156672K) NonClass: 132177K(133632K)->132177K(133632K) Class: 21828K(23040K)->21828K(23040K)
[2026-09-05T11:16:47.663-0400][343.170s][info][gc          ] GC(467) Pause Young (Normal) (G1 Evacuation Pause) 3263M->1587M(3774M) 10.880ms
[2026-09-05T11:16:47.663-0400][343.170s][info][gc,cpu      ] GC(467) User=0.11s Sys=0.00s Real=0.01s
[2026-09-05T11:16:48.288-0400][343.795s][info][gc,start    ] GC(468) Pause Young (Normal) (G1 Evacuation Pause)
[2026-09-05T11:16:48.288-0400][343.795s][info][gc,task     ] GC(468) Using 23 workers of 23 for evacuation
[2026-09-05T11:16:48.299-0400][343.806s][info][gc,phases   ] GC(468)   Pre Evacuate Collection Set: 0.27ms
[2026-09-05T11:16:48.299-0400][343.806s][info][gc,phases   ] GC(468)   Merge Heap Roots: 0.21ms
[2026-09-05T11:16:48.299-0400][343.806s][info][gc,phases   ] GC(468)   Evacuate Collection Set: 9.09ms
[2026-09-05T11:16:48.299-0400][343.806s][info][gc,phases   ] GC(468)   Post Evacuate Collection Set: 0.90ms
[2026-09-05T11:16:48.299-0400][343.806s][info][gc,phases   ] GC(468)   Other: 0.18ms
[2026-09-05T11:16:48.299-0400][343.806s][info][gc,heap     ] GC(468) Eden regions: 837->0(843)
[2026-09-05T11:16:48.299-0400][343.806s][info][gc,heap     ] GC(468) Survivor regions: 66->55(113)
[2026-09-05T11:16:48.299-0400][343.806s][info][gc,heap     ] GC(468) Old regions: 700->716
[2026-09-05T11:16:48.299-0400][343.806s][info][gc,heap     ] GC(468) Archive regions: 0->0
[2026-09-05T11:16:48.299-0400][343.806s][info][gc,heap     ] GC(468) Humongous regions: 29->29
[2026-09-05T11:16:48.299-0400][343.806s][info][gc,metaspace] GC(468) Metaspace: 154007K(156672K)->154007K(156672K) NonClass: 132179K(133632K)->132179K(133632K) Class: 21828K(23040K)->21828K(23040K)
[2026-09-05T11:16:48.299-0400][343.806s][info][gc          ] GC(468) Pause Young (Normal) (G1 Evacuation Pause) 3261M->1599M(3774M) 10.763ms
[2026-09-05T11:16:48.299-0400][343.806s][info][gc,cpu      ] GC(468) User=0.36s Sys=0.00s Real=0.01s
[2026-09-05T11:16:49.003-0400][344.510s][info][gc,start    ] GC(469) Pause Young (Normal) (G1 Evacuation Pause)
[2026-09-05T11:16:49.003-0400][344.510s][info][gc,task     ] GC(469) Using 23 workers of 23 for evacuation
[2026-09-05T11:16:49.012-0400][344.519s][info][gc,phases   ] GC(469)   Pre Evacuate Collection Set: 0.28ms
[2026-09-05T11:16:49.012-0400][344.520s][info][gc,phases   ] GC(469)   Merge Heap Roots: 0.23ms
[2026-09-05T11:16:49.012-0400][344.520s][info][gc,phases   ] GC(469)   Evacuate Collection Set: 7.84ms
[2026-09-05T11:16:49.012-0400][344.520s][info][gc,phases   ] GC(469)   Post Evacuate Collection Set: 0.85ms
[2026-09-05T11:16:49.012-0400][344.520s][info][gc,phases   ] GC(469)   Other: 0.15ms
[2026-09-05T11:16:49.012-0400][344.520s][info][gc,heap     ] GC(469) Eden regions: 843->0(833)
[2026-09-05T11:16:49.012-0400][344.520s][info][gc,heap     ] GC(469) Survivor regions: 55->60(113)
[2026-09-05T11:16:49.012-0400][344.520s][info][gc,heap     ] GC(469) Old regions: 716->716
[2026-09-05T11:16:49.012-0400][344.520s][info][gc,heap     ] GC(469) Archive regions: 0->0
[2026-09-05T11:16:49.012-0400][344.520s][info][gc,heap     ] GC(469) Humongous regions: 29->29
[2026-09-05T11:16:49.012-0400][344.520s][info][gc,metaspace] GC(469) Metaspace: 154013K(156672K)->154013K(156672K) NonClass: 132183K(133632K)->132183K(133632K) Class: 21830K(23040K)->21830K(23040K)
[2026-09-05T11:16:49.012-0400][344.520s][info][gc          ] GC(469) Pause Young (Normal) (G1 Evacuation Pause) 3285M->1609M(3774M) 9.512ms
[2026-09-05T11:16:49.012-0400][344.520s][info][gc,cpu      ] GC(469) User=0.14s Sys=0.06s Real=0.01s
[2026-09-05T11:16:49.715-0400][345.222s][info][gc,start    ] GC(470) Pause Young (Normal) (GCLocker Initiated GC)
[2026-09-05T11:16:49.715-0400][345.222s][info][gc,task     ] GC(470) Using 23 workers of 23 for evacuation
[2026-09-05T11:16:49.724-0400][345.231s][info][gc,phases   ] GC(470)   Pre Evacuate Collection Set: 0.32ms
[2026-09-05T11:16:49.724-0400][345.231s][info][gc,phases   ] GC(470)   Merge Heap Roots: 0.23ms
[2026-09-05T11:16:49.725-0400][345.231s][info][gc,phases   ] GC(470)   Evacuate Collection Set: 7.76ms
[2026-09-05T11:16:49.725-0400][345.231s][info][gc,phases   ] GC(470)   Post Evacuate Collection Set: 1.01ms
[2026-09-05T11:16:49.725-0400][345.231s][info][gc,phases   ] GC(470)   Other: 0.14ms
[2026-09-05T11:16:49.725-0400][345.231s][info][gc,heap     ] GC(470) Eden regions: 833->0(823)
[2026-09-05T11:16:49.725-0400][345.231s][info][gc,heap     ] GC(470) Survivor regions: 60->65(112)
[2026-09-05T11:16:49.725-0400][345.231s][info][gc,heap     ] GC(470) Old regions: 716->716
[2026-09-05T11:16:49.725-0400][345.231s][info][gc,heap     ] GC(470) Archive regions: 0->0
[2026-09-05T11:16:49.725-0400][345.231s][info][gc,heap     ] GC(470) Humongous regions: 29->29
[2026-09-05T11:16:49.725-0400][345.231s][info][gc,metaspace] GC(470) Metaspace: 154014K(156672K)->154014K(156672K) NonClass: 132184K(133632K)->132184K(133632K) Class: 21830K(23040K)->21830K(23040K)
[2026-09-05T11:16:49.725-0400][345.231s][info][gc          ] GC(470) Pause Young (Normal) (GCLocker Initiated GC) 3275M->1618M(3774M) 9.582ms
[2026-09-05T11:16:49.725-0400][345.231s][info][gc,cpu      ] GC(470) User=0.14s Sys=0.00s Real=0.01s
[2026-09-05T11:16:50.333-0400][345.840s][info][gc,start    ] GC(471) Pause Young (Normal) (G1 Evacuation Pause)
[2026-09-05T11:16:50.333-0400][345.840s][info][gc,task     ] GC(471) Using 23 workers of 23 for evacuation
[2026-09-05T11:16:50.343-0400][345.850s][info][gc,phases   ] GC(471)   Pre Evacuate Collection Set: 0.23ms
[2026-09-05T11:16:50.343-0400][345.850s][info][gc,phases   ] GC(471)   Merge Heap Roots: 0.27ms
[2026-09-05T11:16:50.343-0400][345.850s][info][gc,phases   ] GC(471)   Evacuate Collection Set: 8.57ms
[2026-09-05T11:16:50.343-0400][345.850s][info][gc,phases   ] GC(471)   Post Evacuate Collection Set: 0.92ms
[2026-09-05T11:16:50.343-0400][345.850s][info][gc,phases   ] GC(471)   Other: 0.20ms
[2026-09-05T11:16:50.343-0400][345.850s][info][gc,heap     ] GC(471) Eden regions: 823->0(820)
[2026-09-05T11:16:50.343-0400][345.850s][info][gc,heap     ] GC(471) Survivor regions: 65->64(111)
[2026-09-05T11:16:50.343-0400][345.850s][info][gc,heap     ] GC(471) Old regions: 716->721
[2026-09-05T11:16:50.343-0400][345.850s][info][gc,heap     ] GC(471) Archive regions: 0->0
[2026-09-05T11:16:50.343-0400][345.850s][info][gc,heap     ] GC(471) Humongous regions: 29->29
[2026-09-05T11:16:50.343-0400][345.850s][info][gc,metaspace] GC(471) Metaspace: 154014K(156672K)->154014K(156672K) NonClass: 132184K(133632K)->132184K(133632K) Class: 21830K(23040K)->21830K(23040K)
[2026-09-05T11:16:50.343-0400][345.850s][info][gc          ] GC(471) Pause Young (Normal) (G1 Evacuation Pause) 3264M->1627M(3774M) 10.305ms
[2026-09-05T11:16:50.343-0400][345.850s][info][gc,cpu      ] GC(471) User=0.36s Sys=0.00s Real=0.01s
[2026-09-05T11:16:50.956-0400][346.462s][info][gc,start    ] GC(472) Pause Young (Normal) (G1 Evacuation Pause)
[2026-09-05T11:16:50.956-0400][346.462s][info][gc,task     ] GC(472) Using 23 workers of 23 for evacuation
[2026-09-05T11:16:50.967-0400][346.474s][info][gc,phases   ] GC(472)   Pre Evacuate Collection Set: 0.24ms
[2026-09-05T11:16:50.967-0400][346.474s][info][gc,phases   ] GC(472)   Merge Heap Roots: 0.26ms
[2026-09-05T11:16:50.967-0400][346.474s][info][gc,phases   ] GC(472)   Evacuate Collection Set: 10.22ms
[2026-09-05T11:16:50.967-0400][346.474s][info][gc,phases   ] GC(472)   Post Evacuate Collection Set: 0.79ms
[2026-09-05T11:16:50.967-0400][346.474s][info][gc,phases   ] GC(472)   Other: 0.24ms
[2026-09-05T11:16:50.967-0400][346.474s][info][gc,heap     ] GC(472) Eden regions: 820->0(810)
[2026-09-05T11:16:50.967-0400][346.474s][info][gc,heap     ] GC(472) Survivor regions: 64->66(111)
[2026-09-05T11:16:50.967-0400][346.474s][info][gc,heap     ] GC(472) Old regions: 721->727
[2026-09-05T11:16:50.967-0400][346.474s][info][gc,heap     ] GC(472) Archive regions: 0->0
[2026-09-05T11:16:50.967-0400][346.474s][info][gc,heap     ] GC(472) Humongous regions: 29->29
[2026-09-05T11:16:50.967-0400][346.474s][info][gc,metaspace] GC(472) Metaspace: 154018K(156672K)->154018K(156672K) NonClass: 132188K(133632K)->132188K(133632K) Class: 21830K(23040K)->21830K(23040K)
[2026-09-05T11:16:50.967-0400][346.474s][info][gc          ] GC(472) Pause Young (Normal) (G1 Evacuation Pause) 3267M->1642M(3774M) 11.849ms
[2026-09-05T11:16:50.967-0400][346.474s][info][gc,cpu      ] GC(472) User=0.38s Sys=0.00s Real=0.01s
[2026-09-05T11:16:51.628-0400][347.135s][info][gc,start    ] GC(473) Pause Young (Normal) (G1 Evacuation Pause)
[2026-09-05T11:16:51.628-0400][347.135s][info][gc,task     ] GC(473) Using 23 workers of 23 for evacuation
[2026-09-05T11:16:51.639-0400][347.145s][info][gc,phases   ] GC(473)   Pre Evacuate Collection Set: 0.32ms
[2026-09-05T11:16:51.639-0400][347.145s][info][gc,phases   ] GC(473)   Merge Heap Roots: 0.25ms
[2026-09-05T11:16:51.639-0400][347.145s][info][gc,phases   ] GC(473)   Evacuate Collection Set: 8.51ms
[2026-09-05T11:16:51.639-0400][347.145s][info][gc,phases   ] GC(473)   Post Evacuate Collection Set: 0.98ms
[2026-09-05T11:16:51.639-0400][347.145s][info][gc,phases   ] GC(473)   Other: 0.20ms
[2026-09-05T11:16:51.639-0400][347.145s][info][gc,heap     ] GC(473) Eden regions: 810->0(811)
[2026-09-05T11:16:51.639-0400][347.145s][info][gc,heap     ] GC(473) Survivor regions: 66->63(110)
[2026-09-05T11:16:51.639-0400][347.145s][info][gc,heap     ] GC(473) Old regions: 727->732
[2026-09-05T11:16:51.639-0400][347.145s][info][gc,heap     ] GC(473) Archive regions: 0->0
[2026-09-05T11:16:51.639-0400][347.145s][info][gc,heap     ] GC(473) Humongous regions: 29->29
[2026-09-05T11:16:51.639-0400][347.145s][info][gc,metaspace] GC(473) Metaspace: 154029K(156672K)->154029K(156672K) NonClass: 132198K(133632K)->132198K(133632K) Class: 21830K(23040K)->21830K(23040K)
[2026-09-05T11:16:51.639-0400][347.145s][info][gc          ] GC(473) Pause Young (Normal) (G1 Evacuation Pause) 3262M->1646M(3774M) 10.381ms
[2026-09-05T11:16:51.639-0400][347.145s][info][gc,cpu      ] GC(473) User=0.06s Sys=0.00s Real=0.01s
[2026-09-05T11:16:52.473-0400][347.979s][info][gc,start    ] GC(474) Pause Young (Normal) (G1 Evacuation Pause)
[2026-09-05T11:16:52.473-0400][347.980s][info][gc,task     ] GC(474) Using 23 workers of 23 for evacuation
[2026-09-05T11:16:52.484-0400][347.991s][info][gc,phases   ] GC(474)   Pre Evacuate Collection Set: 0.33ms
[2026-09-05T11:16:52.484-0400][347.991s][info][gc,phases   ] GC(474)   Merge Heap Roots: 0.26ms
[2026-09-05T11:16:52.484-0400][347.991s][info][gc,phases   ] GC(474)   Evacuate Collection Set: 9.82ms
[2026-09-05T11:16:52.484-0400][347.991s][info][gc,phases   ] GC(474)   Post Evacuate Collection Set: 0.93ms
[2026-09-05T11:16:52.484-0400][347.991s][info][gc,phases   ] GC(474)   Other: 0.29ms
[2026-09-05T11:16:52.484-0400][347.991s][info][gc,heap     ] GC(474) Eden regions: 811->0(800)
[2026-09-05T11:16:52.484-0400][347.991s][info][gc,heap     ] GC(474) Survivor regions: 63->65(110)
[2026-09-05T11:16:52.484-0400][347.991s][info][gc,heap     ] GC(474) Old regions: 732->739
[2026-09-05T11:16:52.484-0400][347.991s][info][gc,heap     ] GC(474) Archive regions: 0->0
[2026-09-05T11:16:52.484-0400][347.991s][info][gc,heap     ] GC(474) Humongous regions: 30->29
[2026-09-05T11:16:52.484-0400][347.991s][info][gc,metaspace] GC(474) Metaspace: 154029K(156672K)->154029K(156672K) NonClass: 132198K(133632K)->132198K(133632K) Class: 21830K(23040K)->21830K(23040K)
[2026-09-05T11:16:52.484-0400][347.991s][info][gc          ] GC(474) Pause Young (Normal) (G1 Evacuation Pause) 3270M->1664M(3774M) 11.722ms
[2026-09-05T11:16:52.484-0400][347.991s][info][gc,cpu      ] GC(474) User=0.36s Sys=0.00s Real=0.01s
[2026-09-05T11:16:53.122-0400][348.629s][info][gc,start    ] GC(475) Pause Young (Normal) (G1 Evacuation Pause)
[2026-09-05T11:16:53.122-0400][348.629s][info][gc,task     ] GC(475) Using 23 workers of 23 for evacuation
[2026-09-05T11:16:53.132-0400][348.639s][info][gc,phases   ] GC(475)   Pre Evacuate Collection Set: 0.22ms
[2026-09-05T11:16:53.132-0400][348.639s][info][gc,phases   ] GC(475)   Merge Heap Roots: 0.17ms
[2026-09-05T11:16:53.132-0400][348.639s][info][gc,phases   ] GC(475)   Evacuate Collection Set: 8.86ms
[2026-09-05T11:16:53.132-0400][348.639s][info][gc,phases   ] GC(475)   Post Evacuate Collection Set: 0.51ms
[2026-09-05T11:16:53.132-0400][348.639s][info][gc,phases   ] GC(475)   Other: 0.16ms
[2026-09-05T11:16:53.132-0400][348.639s][info][gc,heap     ] GC(475) Eden regions: 800->0(802)
[2026-09-05T11:16:53.132-0400][348.639s][info][gc,heap     ] GC(475) Survivor regions: 65->61(109)
[2026-09-05T11:16:53.132-0400][348.639s][info][gc,heap     ] GC(475) Old regions: 739->745
[2026-09-05T11:16:53.132-0400][348.639s][info][gc,heap     ] GC(475) Archive regions: 0->0
[2026-09-05T11:16:53.132-0400][348.639s][info][gc,heap     ] GC(475) Humongous regions: 29->29
[2026-09-05T11:16:53.133-0400][348.639s][info][gc,metaspace] GC(475) Metaspace: 154029K(156672K)->154029K(156672K) NonClass: 132198K(133632K)->132198K(133632K) Class: 21830K(23040K)->21830K(23040K)
[2026-09-05T11:16:53.133-0400][348.639s][info][gc          ] GC(475) Pause Young (Normal) (G1 Evacuation Pause) 3264M->1669M(3774M) 10.043ms
[2026-09-05T11:16:53.133-0400][348.639s][info][gc,cpu      ] GC(475) User=0.00s Sys=0.00s Real=0.01s
[2026-09-05T11:16:54.196-0400][349.704s][info][gc,start    ] GC(476) Pause Young (Normal) (G1 Evacuation Pause)
[2026-09-05T11:16:54.196-0400][349.704s][info][gc,task     ] GC(476) Using 23 workers of 23 for evacuation
[2026-09-05T11:16:54.208-0400][349.715s][info][gc,phases   ] GC(476)   Pre Evacuate Collection Set: 0.18ms
[2026-09-05T11:16:54.208-0400][349.715s][info][gc,phases   ] GC(476)   Merge Heap Roots: 0.21ms
[2026-09-05T11:16:54.208-0400][349.715s][info][gc,phases   ] GC(476)   Evacuate Collection Set: 9.99ms
[2026-09-05T11:16:54.208-0400][349.715s][info][gc,phases   ] GC(476)   Post Evacuate Collection Set: 0.83ms
[2026-09-05T11:16:54.208-0400][349.715s][info][gc,phases   ] GC(476)   Other: 0.18ms
[2026-09-05T11:16:54.208-0400][349.715s][info][gc,heap     ] GC(476) Eden regions: 802->0(797)
[2026-09-05T11:16:54.208-0400][349.715s][info][gc,heap     ] GC(476) Survivor regions: 61->60(108)
[2026-09-05T11:16:54.208-0400][349.715s][info][gc,heap     ] GC(476) Old regions: 745->752
[2026-09-05T11:16:54.208-0400][349.715s][info][gc,heap     ] GC(476) Archive regions: 0->0
[2026-09-05T11:16:54.208-0400][349.715s][info][gc,heap     ] GC(476) Humongous regions: 29->29
[2026-09-05T11:16:54.208-0400][349.715s][info][gc,metaspace] GC(476) Metaspace: 154039K(156736K)->154039K(156736K) NonClass: 132208K(133696K)->132208K(133696K) Class: 21830K(23040K)->21830K(23040K)
[2026-09-05T11:16:54.208-0400][349.715s][info][gc          ] GC(476) Pause Young (Normal) (G1 Evacuation Pause) 3273M->1680M(3774M) 11.539ms
[2026-09-05T11:16:54.208-0400][349.715s][info][gc,cpu      ] GC(476) User=0.34s Sys=0.02s Real=0.01s
[2026-09-05T11:16:55.804-0400][351.310s][info][gc,start    ] GC(477) Pause Young (Normal) (G1 Evacuation Pause)
[2026-09-05T11:16:55.804-0400][351.310s][info][gc,task     ] GC(477) Using 23 workers of 23 for evacuation
[2026-09-05T11:16:55.812-0400][351.319s][info][gc,phases   ] GC(477)   Pre Evacuate Collection Set: 0.29ms
[2026-09-05T11:16:55.812-0400][351.319s][info][gc,phases   ] GC(477)   Merge Heap Roots: 0.21ms
[2026-09-05T11:16:55.812-0400][351.319s][info][gc,phases   ] GC(477)   Evacuate Collection Set: 7.22ms
[2026-09-05T11:16:55.812-0400][351.319s][info][gc,phases   ] GC(477)   Post Evacuate Collection Set: 1.01ms
[2026-09-05T11:16:55.812-0400][351.319s][info][gc,phases   ] GC(477)   Other: 0.14ms
[2026-09-05T11:16:55.812-0400][351.319s][info][gc,heap     ] GC(477) Eden regions: 797->0(797)
[2026-09-05T11:16:55.812-0400][351.319s][info][gc,heap     ] GC(477) Survivor regions: 60->60(108)
[2026-09-05T11:16:55.812-0400][351.319s][info][gc,heap     ] GC(477) Old regions: 752->752
[2026-09-05T11:16:55.812-0400][351.319s][info][gc,heap     ] GC(477) Archive regions: 0->0
[2026-09-05T11:16:55.812-0400][351.319s][info][gc,heap     ] GC(477) Humongous regions: 29->29
[2026-09-05T11:16:55.812-0400][351.319s][info][gc,metaspace] GC(477) Metaspace: 154052K(156736K)->154052K(156736K) NonClass: 132219K(133696K)->132219K(133696K) Class: 21832K(23040K)->21832K(23040K)
[2026-09-05T11:16:55.812-0400][351.319s][info][gc          ] GC(477) Pause Young (Normal) (G1 Evacuation Pause) 3274M->1680M(3774M) 8.999ms
[2026-09-05T11:16:55.812-0400][351.319s][info][gc,cpu      ] GC(477) User=0.36s Sys=0.00s Real=0.01s
[2026-09-05T11:16:57.230-0400][352.737s][info][gc,start    ] GC(478) Pause Young (Normal) (G1 Evacuation Pause)
[2026-09-05T11:16:57.230-0400][352.737s][info][gc,task     ] GC(478) Using 23 workers of 23 for evacuation
[2026-09-05T11:16:57.239-0400][352.746s][info][gc,phases   ] GC(478)   Pre Evacuate Collection Set: 0.32ms
[2026-09-05T11:16:57.239-0400][352.746s][info][gc,phases   ] GC(478)   Merge Heap Roots: 0.20ms
[2026-09-05T11:16:57.239-0400][352.746s][info][gc,phases   ] GC(478)   Evacuate Collection Set: 7.01ms
[2026-09-05T11:16:57.239-0400][352.746s][info][gc,phases   ] GC(478)   Post Evacuate Collection Set: 0.86ms
[2026-09-05T11:16:57.239-0400][352.746s][info][gc,phases   ] GC(478)   Other: 0.13ms
[2026-09-05T11:16:57.239-0400][352.746s][info][gc,heap     ] GC(478) Eden regions: 797->0(803)
[2026-09-05T11:16:57.239-0400][352.746s][info][gc,heap     ] GC(478) Survivor regions: 60->54(108)
[2026-09-05T11:16:57.239-0400][352.746s][info][gc,heap     ] GC(478) Old regions: 752->758
[2026-09-05T11:16:57.239-0400][352.746s][info][gc,heap     ] GC(478) Archive regions: 0->0
[2026-09-05T11:16:57.239-0400][352.746s][info][gc,heap     ] GC(478) Humongous regions: 29->29
[2026-09-05T11:16:57.239-0400][352.746s][info][gc,metaspace] GC(478) Metaspace: 154054K(156736K)->154054K(156736K) NonClass: 132221K(133696K)->132221K(133696K) Class: 21832K(23040K)->21832K(23040K)
[2026-09-05T11:16:57.239-0400][352.746s][info][gc          ] GC(478) Pause Young (Normal) (G1 Evacuation Pause) 3274M->1681M(3774M) 8.642ms
[2026-09-05T11:16:57.239-0400][352.746s][info][gc,cpu      ] GC(478) User=0.22s Sys=0.03s Real=0.01s
[2026-09-05T11:16:58.648-0400][354.154s][info][gc,start    ] GC(479) Pause Young (Normal) (G1 Evacuation Pause)
[2026-09-05T11:16:58.648-0400][354.154s][info][gc,task     ] GC(479) Using 23 workers of 23 for evacuation
[2026-09-05T11:16:58.656-0400][354.162s][info][gc,phases   ] GC(479)   Pre Evacuate Collection Set: 0.32ms
[2026-09-05T11:16:58.656-0400][354.162s][info][gc,phases   ] GC(479)   Merge Heap Roots: 0.25ms
[2026-09-05T11:16:58.656-0400][354.162s][info][gc,phases   ] GC(479)   Evacuate Collection Set: 5.96ms
[2026-09-05T11:16:58.656-0400][354.162s][info][gc,phases   ] GC(479)   Post Evacuate Collection Set: 0.95ms
[2026-09-05T11:16:58.656-0400][354.162s][info][gc,phases   ] GC(479)   Other: 0.26ms
[2026-09-05T11:16:58.656-0400][354.162s][info][gc,heap     ] GC(479) Eden regions: 803->0(805)
[2026-09-05T11:16:58.656-0400][354.162s][info][gc,heap     ] GC(479) Survivor regions: 54->53(108)
[2026-09-05T11:16:58.656-0400][354.162s][info][gc,heap     ] GC(479) Old regions: 758->758
[2026-09-05T11:16:58.656-0400][354.162s][info][gc,heap     ] GC(479) Archive regions: 0->0
[2026-09-05T11:16:58.656-0400][354.162s][info][gc,heap     ] GC(479) Humongous regions: 29->29
[2026-09-05T11:16:58.656-0400][354.162s][info][gc,metaspace] GC(479) Metaspace: 154075K(156736K)->154075K(156736K) NonClass: 132241K(133696K)->132241K(133696K) Class: 21834K(23040K)->21834K(23040K)
[2026-09-05T11:16:58.656-0400][354.162s][info][gc          ] GC(479) Pause Young (Normal) (G1 Evacuation Pause) 3287M->1679M(3774M) 7.854ms
[2026-09-05T11:16:58.656-0400][354.162s][info][gc,cpu      ] GC(479) User=0.36s Sys=0.00s Real=0.01s
[2026-09-05T11:16:59.484-0400][354.990s][info][gc,start    ] GC(480) Pause Young (Normal) (G1 Evacuation Pause)
[2026-09-05T11:16:59.484-0400][354.990s][info][gc,task     ] GC(480) Using 23 workers of 23 for evacuation
[2026-09-05T11:16:59.492-0400][354.999s][info][gc,phases   ] GC(480)   Pre Evacuate Collection Set: 0.25ms
[2026-09-05T11:16:59.492-0400][354.999s][info][gc,phases   ] GC(480)   Merge Heap Roots: 0.21ms
[2026-09-05T11:16:59.492-0400][354.999s][info][gc,phases   ] GC(480)   Evacuate Collection Set: 7.17ms
[2026-09-05T11:16:59.492-0400][354.999s][info][gc,phases   ] GC(480)   Post Evacuate Collection Set: 0.70ms
[2026-09-05T11:16:59.492-0400][354.999s][info][gc,phases   ] GC(480)   Other: 0.22ms
[2026-09-05T11:16:59.492-0400][354.999s][info][gc,heap     ] GC(480) Eden regions: 805->0(797)
[2026-09-05T11:16:59.492-0400][354.999s][info][gc,heap     ] GC(480) Survivor regions: 53->57(108)
[2026-09-05T11:16:59.492-0400][354.999s][info][gc,heap     ] GC(480) Old regions: 758->758
[2026-09-05T11:16:59.492-0400][354.999s][info][gc,heap     ] GC(480) Archive regions: 0->0
[2026-09-05T11:16:59.492-0400][354.999s][info][gc,heap     ] GC(480) Humongous regions: 29->29
[2026-09-05T11:16:59.492-0400][354.999s][info][gc,metaspace] GC(480) Metaspace: 154084K(156736K)->154084K(156736K) NonClass: 132250K(133696K)->132250K(133696K) Class: 21834K(23040K)->21834K(23040K)
[2026-09-05T11:16:59.492-0400][354.999s][info][gc          ] GC(480) Pause Young (Normal) (G1 Evacuation Pause) 3289M->1687M(3774M) 8.667ms
[2026-09-05T11:16:59.492-0400][354.999s][info][gc,cpu      ] GC(480) User=0.00s Sys=0.00s Real=0.01s
[2026-09-05T11:17:00.100-0400][355.607s][info][gc,start    ] GC(481) Pause Young (Normal) (G1 Evacuation Pause)
[2026-09-05T11:17:00.100-0400][355.607s][info][gc,task     ] GC(481) Using 23 workers of 23 for evacuation
[2026-09-05T11:17:00.113-0400][355.619s][info][gc,phases   ] GC(481)   Pre Evacuate Collection Set: 0.27ms
[2026-09-05T11:17:00.113-0400][355.620s][info][gc,phases   ] GC(481)   Merge Heap Roots: 0.25ms
[2026-09-05T11:17:00.113-0400][355.620s][info][gc,phases   ] GC(481)   Evacuate Collection Set: 11.48ms
[2026-09-05T11:17:00.113-0400][355.620s][info][gc,phases   ] GC(481)   Post Evacuate Collection Set: 0.74ms
[2026-09-05T11:17:00.113-0400][355.620s][info][gc,phases   ] GC(481)   Other: 0.20ms
[2026-09-05T11:17:00.113-0400][355.620s][info][gc,heap     ] GC(481) Eden regions: 797->0(739)
[2026-09-05T11:17:00.113-0400][355.620s][info][gc,heap     ] GC(481) Survivor regions: 57->86(107)
[2026-09-05T11:17:00.113-0400][355.620s][info][gc,heap     ] GC(481) Old regions: 758->758
[2026-09-05T11:17:00.113-0400][355.620s][info][gc,heap     ] GC(481) Archive regions: 0->0
[2026-09-05T11:17:00.113-0400][355.620s][info][gc,heap     ] GC(481) Humongous regions: 29->29
[2026-09-05T11:17:00.113-0400][355.620s][info][gc,metaspace] GC(481) Metaspace: 154089K(156736K)->154089K(156736K) NonClass: 132255K(133696K)->132255K(133696K) Class: 21834K(23040K)->21834K(23040K)
[2026-09-05T11:17:00.113-0400][355.620s][info][gc          ] GC(481) Pause Young (Normal) (G1 Evacuation Pause) 3281M->1744M(3774M) 13.136ms
[2026-09-05T11:17:00.113-0400][355.620s][info][gc,cpu      ] GC(481) User=0.33s Sys=0.00s Real=0.01s
[2026-09-05T11:17:00.543-0400][356.050s][info][gc,start    ] GC(482) Pause Young (Normal) (GCLocker Initiated GC)
[2026-09-05T11:17:00.543-0400][356.050s][info][gc,task     ] GC(482) Using 23 workers of 23 for evacuation
[2026-09-05T11:17:00.565-0400][356.071s][info][gc,phases   ] GC(482)   Pre Evacuate Collection Set: 0.27ms
[2026-09-05T11:17:00.565-0400][356.071s][info][gc,phases   ] GC(482)   Merge Heap Roots: 0.20ms
[2026-09-05T11:17:00.565-0400][356.071s][info][gc,phases   ] GC(482)   Evacuate Collection Set: 20.05ms
[2026-09-05T11:17:00.565-0400][356.071s][info][gc,phases   ] GC(482)   Post Evacuate Collection Set: 0.62ms
[2026-09-05T11:17:00.565-0400][356.071s][info][gc,phases   ] GC(482)   Other: 0.21ms
[2026-09-05T11:17:00.565-0400][356.071s][info][gc,heap     ] GC(482) Eden regions: 740->0(730)
[2026-09-05T11:17:00.565-0400][356.071s][info][gc,heap     ] GC(482) Survivor regions: 86->77(104)
[2026-09-05T11:17:00.565-0400][356.071s][info][gc,heap     ] GC(482) Old regions: 758->785
[2026-09-05T11:17:00.565-0400][356.071s][info][gc,heap     ] GC(482) Archive regions: 0->0
[2026-09-05T11:17:00.565-0400][356.071s][info][gc,heap     ] GC(482) Humongous regions: 30->29
[2026-09-05T11:17:00.565-0400][356.071s][info][gc,metaspace] GC(482) Metaspace: 154091K(156736K)->154091K(156736K) NonClass: 132257K(133696K)->132257K(133696K) Class: 21834K(23040K)->21834K(23040K)
[2026-09-05T11:17:00.565-0400][356.071s][info][gc          ] GC(482) Pause Young (Normal) (GCLocker Initiated GC) 3224M->1781M(3774M) 21.470ms
[2026-09-05T11:17:00.565-0400][356.071s][info][gc,cpu      ] GC(482) User=0.53s Sys=0.00s Real=0.02s
[2026-09-05T11:17:01.194-0400][356.701s][info][gc,start    ] GC(483) Pause Young (Normal) (G1 Evacuation Pause)
[2026-09-05T11:17:01.194-0400][356.701s][info][gc,task     ] GC(483) Using 23 workers of 23 for evacuation
[2026-09-05T11:17:01.203-0400][356.710s][info][gc,phases   ] GC(483)   Pre Evacuate Collection Set: 0.27ms
[2026-09-05T11:17:01.203-0400][356.710s][info][gc,phases   ] GC(483)   Merge Heap Roots: 0.20ms
[2026-09-05T11:17:01.203-0400][356.710s][info][gc,phases   ] GC(483)   Evacuate Collection Set: 7.93ms
[2026-09-05T11:17:01.203-0400][356.710s][info][gc,phases   ] GC(483)   Post Evacuate Collection Set: 0.75ms
[2026-09-05T11:17:01.203-0400][356.710s][info][gc,phases   ] GC(483)   Other: 0.14ms
[2026-09-05T11:17:01.203-0400][356.710s][info][gc,heap     ] GC(483) Eden regions: 730->0(753)
[2026-09-05T11:17:01.203-0400][356.710s][info][gc,heap     ] GC(483) Survivor regions: 77->32(101)
[2026-09-05T11:17:01.203-0400][356.710s][info][gc,heap     ] GC(483) Old regions: 785->826
[2026-09-05T11:17:01.203-0400][356.710s][info][gc,heap     ] GC(483) Archive regions: 0->0
[2026-09-05T11:17:01.203-0400][356.710s][info][gc,heap     ] GC(483) Humongous regions: 29->29
[2026-09-05T11:17:01.203-0400][356.710s][info][gc,metaspace] GC(483) Metaspace: 154091K(156736K)->154091K(156736K) NonClass: 132257K(133696K)->132257K(133696K) Class: 21834K(23040K)->21834K(23040K)
[2026-09-05T11:17:01.203-0400][356.710s][info][gc          ] GC(483) Pause Young (Normal) (G1 Evacuation Pause) 3241M->1772M(3774M) 9.419ms
[2026-09-05T11:17:01.203-0400][356.711s][info][gc,cpu      ] GC(483) User=0.36s Sys=0.00s Real=0.01s
[2026-09-05T11:17:01.911-0400][357.417s][info][gc,start    ] GC(484) Pause Young (Normal) (G1 Evacuation Pause)
[2026-09-05T11:17:01.911-0400][357.417s][info][gc,task     ] GC(484) Using 23 workers of 23 for evacuation
[2026-09-05T11:17:01.917-0400][357.424s][info][gc,phases   ] GC(484)   Pre Evacuate Collection Set: 0.28ms
[2026-09-05T11:17:01.917-0400][357.424s][info][gc,phases   ] GC(484)   Merge Heap Roots: 0.20ms
[2026-09-05T11:17:01.917-0400][357.424s][info][gc,phases   ] GC(484)   Evacuate Collection Set: 5.08ms
[2026-09-05T11:17:01.917-0400][357.424s][info][gc,phases   ] GC(484)   Post Evacuate Collection Set: 0.65ms
[2026-09-05T11:17:01.917-0400][357.424s][info][gc,phases   ] GC(484)   Other: 0.18ms
[2026-09-05T11:17:01.917-0400][357.424s][info][gc,heap     ] GC(484) Eden regions: 753->0(756)
[2026-09-05T11:17:01.917-0400][357.424s][info][gc,heap     ] GC(484) Survivor regions: 32->33(99)
[2026-09-05T11:17:01.917-0400][357.424s][info][gc,heap     ] GC(484) Old regions: 826->826
[2026-09-05T11:17:01.917-0400][357.424s][info][gc,heap     ] GC(484) Archive regions: 0->0
[2026-09-05T11:17:01.917-0400][357.424s][info][gc,heap     ] GC(484) Humongous regions: 29->29
[2026-09-05T11:17:01.917-0400][357.424s][info][gc,metaspace] GC(484) Metaspace: 154093K(156736K)->154093K(156736K) NonClass: 132259K(133696K)->132259K(133696K) Class: 21834K(23040K)->21834K(23040K)
[2026-09-05T11:17:01.917-0400][357.424s][info][gc          ] GC(484) Pause Young (Normal) (G1 Evacuation Pause) 3278M->1775M(3774M) 6.499ms
[2026-09-05T11:17:01.917-0400][357.424s][info][gc,cpu      ] GC(484) User=0.00s Sys=0.00s Real=0.01s
[2026-09-05T11:17:02.637-0400][358.143s][info][gc,start    ] GC(485) Pause Young (Normal) (G1 Evacuation Pause)
[2026-09-05T11:17:02.637-0400][358.143s][info][gc,task     ] GC(485) Using 23 workers of 23 for evacuation
[2026-09-05T11:17:02.642-0400][358.149s][info][gc,phases   ] GC(485)   Pre Evacuate Collection Set: 0.28ms
[2026-09-05T11:17:02.642-0400][358.149s][info][gc,phases   ] GC(485)   Merge Heap Roots: 0.18ms
[2026-09-05T11:17:02.642-0400][358.149s][info][gc,phases   ] GC(485)   Evacuate Collection Set: 4.78ms
[2026-09-05T11:17:02.642-0400][358.149s][info][gc,phases   ] GC(485)   Post Evacuate Collection Set: 0.74ms
[2026-09-05T11:17:02.642-0400][358.149s][info][gc,phases   ] GC(485)   Other: 0.13ms
[2026-09-05T11:17:02.642-0400][358.149s][info][gc,heap     ] GC(485) Eden regions: 756->0(755)
[2026-09-05T11:17:02.642-0400][358.149s][info][gc,heap     ] GC(485) Survivor regions: 33->38(99)
[2026-09-05T11:17:02.642-0400][358.149s][info][gc,heap     ] GC(485) Old regions: 826->826
[2026-09-05T11:17:02.642-0400][358.149s][info][gc,heap     ] GC(485) Archive regions: 0->0
[2026-09-05T11:17:02.642-0400][358.149s][info][gc,heap     ] GC(485) Humongous regions: 29->29
[2026-09-05T11:17:02.642-0400][358.149s][info][gc,metaspace] GC(485) Metaspace: 154094K(156736K)->154094K(156736K) NonClass: 132260K(133696K)->132260K(133696K) Class: 21834K(23040K)->21834K(23040K)
[2026-09-05T11:17:02.642-0400][358.149s][info][gc          ] GC(485) Pause Young (Normal) (G1 Evacuation Pause) 3287M->1784M(3774M) 6.236ms
[2026-09-05T11:17:02.643-0400][358.150s][info][gc,cpu      ] GC(485) User=0.06s Sys=0.00s Real=0.01s
[2026-09-05T11:17:03.260-0400][358.767s][info][gc,start    ] GC(486) Pause Young (Normal) (GCLocker Initiated GC)
[2026-09-05T11:17:03.260-0400][358.767s][info][gc,task     ] GC(486) Using 23 workers of 23 for evacuation
[2026-09-05T11:17:03.268-0400][358.776s][info][gc,phases   ] GC(486)   Pre Evacuate Collection Set: 0.26ms
[2026-09-05T11:17:03.269-0400][358.776s][info][gc,phases   ] GC(486)   Merge Heap Roots: 0.19ms
[2026-09-05T11:17:03.269-0400][358.776s][info][gc,phases   ] GC(486)   Evacuate Collection Set: 7.09ms
[2026-09-05T11:17:03.269-0400][358.776s][info][gc,phases   ] GC(486)   Post Evacuate Collection Set: 0.98ms
[2026-09-05T11:17:03.269-0400][358.776s][info][gc,phases   ] GC(486)   Other: 0.18ms
[2026-09-05T11:17:03.269-0400][358.776s][info][gc,heap     ] GC(486) Eden regions: 756->0(746)
[2026-09-05T11:17:03.269-0400][358.776s][info][gc,heap     ] GC(486) Survivor regions: 38->48(100)
[2026-09-05T11:17:03.269-0400][358.776s][info][gc,heap     ] GC(486) Old regions: 826->826
[2026-09-05T11:17:03.269-0400][358.776s][info][gc,heap     ] GC(486) Archive regions: 0->0
[2026-09-05T11:17:03.269-0400][358.776s][info][gc,heap     ] GC(486) Humongous regions: 29->29
[2026-09-05T11:17:03.269-0400][358.776s][info][gc,metaspace] GC(486) Metaspace: 154095K(156736K)->154095K(156736K) NonClass: 132261K(133696K)->132261K(133696K) Class: 21834K(23040K)->21834K(23040K)
[2026-09-05T11:17:03.269-0400][358.776s][info][gc          ] GC(486) Pause Young (Normal) (GCLocker Initiated GC) 3295M->1804M(3774M) 8.899ms
[2026-09-05T11:17:03.269-0400][358.776s][info][gc,cpu      ] GC(486) User=0.36s Sys=0.00s Real=0.01s
[2026-09-05T11:17:04.154-0400][359.661s][info][gc,start    ] GC(487) Pause Young (Normal) (G1 Evacuation Pause)
[2026-09-05T11:17:04.154-0400][359.661s][info][gc,task     ] GC(487) Using 23 workers of 23 for evacuation
[2026-09-05T11:17:04.163-0400][359.669s][info][gc,phases   ] GC(487)   Pre Evacuate Collection Set: 0.26ms
[2026-09-05T11:17:04.163-0400][359.669s][info][gc,phases   ] GC(487)   Merge Heap Roots: 0.21ms
[2026-09-05T11:17:04.163-0400][359.669s][info][gc,phases   ] GC(487)   Evacuate Collection Set: 6.98ms
[2026-09-05T11:17:04.163-0400][359.669s][info][gc,phases   ] GC(487)   Post Evacuate Collection Set: 0.72ms
[2026-09-05T11:17:04.163-0400][359.669s][info][gc,phases   ] GC(487)   Other: 0.17ms
[2026-09-05T11:17:04.163-0400][359.669s][info][gc,heap     ] GC(487) Eden regions: 746->0(731)
[2026-09-05T11:17:04.163-0400][359.669s][info][gc,heap     ] GC(487) Survivor regions: 48->56(100)
[2026-09-05T11:17:04.163-0400][359.669s][info][gc,heap     ] GC(487) Old regions: 826->826
[2026-09-05T11:17:04.163-0400][359.669s][info][gc,heap     ] GC(487) Archive regions: 0->0
[2026-09-05T11:17:04.163-0400][359.669s][info][gc,heap     ] GC(487) Humongous regions: 29->29
[2026-09-05T11:17:04.163-0400][359.669s][info][gc,metaspace] GC(487) Metaspace: 154095K(156736K)->154095K(156736K) NonClass: 132261K(133696K)->132261K(133696K) Class: 21834K(23040K)->21834K(23040K)
[2026-09-05T11:17:04.163-0400][359.669s][info][gc          ] GC(487) Pause Young (Normal) (G1 Evacuation Pause) 3296M->1821M(3774M) 8.474ms
[2026-09-05T11:17:04.163-0400][359.669s][info][gc,cpu      ] GC(487) User=0.00s Sys=0.00s Real=0.01s
[2026-09-05T11:17:04.923-0400][360.429s][info][gc,start    ] GC(488) Pause Young (Normal) (G1 Evacuation Pause)
[2026-09-05T11:17:04.923-0400][360.429s][info][gc,task     ] GC(488) Using 23 workers of 23 for evacuation
[2026-09-05T11:17:04.932-0400][360.439s][info][gc,phases   ] GC(488)   Pre Evacuate Collection Set: 0.30ms
[2026-09-05T11:17:04.932-0400][360.439s][info][gc,phases   ] GC(488)   Merge Heap Roots: 0.20ms
[2026-09-05T11:17:04.932-0400][360.439s][info][gc,phases   ] GC(488)   Evacuate Collection Set: 7.96ms
[2026-09-05T11:17:04.932-0400][360.439s][info][gc,phases   ] GC(488)   Post Evacuate Collection Set: 0.63ms
[2026-09-05T11:17:04.932-0400][360.439s][info][gc,phases   ] GC(488)   Other: 0.13ms
[2026-09-05T11:17:04.932-0400][360.439s][info][gc,heap     ] GC(488) Eden regions: 731->0(731)
[2026-09-05T11:17:04.932-0400][360.439s][info][gc,heap     ] GC(488) Survivor regions: 56->50(99)
[2026-09-05T11:17:04.932-0400][360.439s][info][gc,heap     ] GC(488) Old regions: 826->838
[2026-09-05T11:17:04.932-0400][360.439s][info][gc,heap     ] GC(488) Archive regions: 0->0
[2026-09-05T11:17:04.932-0400][360.439s][info][gc,heap     ] GC(488) Humongous regions: 29->29
[2026-09-05T11:17:04.932-0400][360.439s][info][gc,metaspace] GC(488) Metaspace: 154095K(156736K)->154095K(156736K) NonClass: 132261K(133696K)->132261K(133696K) Class: 21834K(23040K)->21834K(23040K)
[2026-09-05T11:17:04.932-0400][360.439s][info][gc          ] GC(488) Pause Young (Normal) (G1 Evacuation Pause) 3283M->1832M(3774M) 9.351ms
[2026-09-05T11:17:04.932-0400][360.439s][info][gc,cpu      ] GC(488) User=0.00s Sys=0.00s Real=0.01s
[2026-09-05T11:17:05.708-0400][361.214s][info][gc,start    ] GC(489) Pause Young (Normal) (G1 Evacuation Pause)
[2026-09-05T11:17:05.708-0400][361.214s][info][gc,task     ] GC(489) Using 23 workers of 23 for evacuation
[2026-09-05T11:17:05.718-0400][361.224s][info][gc,phases   ] GC(489)   Pre Evacuate Collection Set: 0.26ms
[2026-09-05T11:17:05.718-0400][361.224s][info][gc,phases   ] GC(489)   Merge Heap Roots: 0.20ms
[2026-09-05T11:17:05.718-0400][361.224s][info][gc,phases   ] GC(489)   Evacuate Collection Set: 8.48ms
[2026-09-05T11:17:05.718-0400][361.224s][info][gc,phases   ] GC(489)   Post Evacuate Collection Set: 0.75ms
[2026-09-05T11:17:05.718-0400][361.224s][info][gc,phases   ] GC(489)   Other: 0.15ms
[2026-09-05T11:17:05.718-0400][361.224s][info][gc,heap     ] GC(489) Eden regions: 731->0(701)
[2026-09-05T11:17:05.718-0400][361.224s][info][gc,heap     ] GC(489) Survivor regions: 50->65(98)
[2026-09-05T11:17:05.718-0400][361.224s][info][gc,heap     ] GC(489) Old regions: 838->838
[2026-09-05T11:17:05.718-0400][361.224s][info][gc,heap     ] GC(489) Archive regions: 0->0
[2026-09-05T11:17:05.718-0400][361.224s][info][gc,heap     ] GC(489) Humongous regions: 29->29
[2026-09-05T11:17:05.718-0400][361.224s][info][gc,metaspace] GC(489) Metaspace: 154099K(156736K)->154099K(156736K) NonClass: 132265K(133696K)->132265K(133696K) Class: 21834K(23040K)->21834K(23040K)
[2026-09-05T11:17:05.718-0400][361.224s][info][gc          ] GC(489) Pause Young (Normal) (G1 Evacuation Pause) 3294M->1862M(3774M) 9.993ms
[2026-09-05T11:17:05.718-0400][361.224s][info][gc,cpu      ] GC(489) User=0.36s Sys=0.00s Real=0.01s
[2026-09-05T11:17:06.400-0400][361.907s][info][gc,start    ] GC(490) Pause Young (Normal) (GCLocker Initiated GC)
[2026-09-05T11:17:06.401-0400][361.907s][info][gc,task     ] GC(490) Using 23 workers of 23 for evacuation
[2026-09-05T11:17:06.411-0400][361.918s][info][gc,phases   ] GC(490)   Pre Evacuate Collection Set: 0.25ms
[2026-09-05T11:17:06.411-0400][361.918s][info][gc,phases   ] GC(490)   Merge Heap Roots: 0.21ms
[2026-09-05T11:17:06.411-0400][361.918s][info][gc,phases   ] GC(490)   Evacuate Collection Set: 9.51ms
[2026-09-05T11:17:06.411-0400][361.918s][info][gc,phases   ] GC(490)   Post Evacuate Collection Set: 0.77ms
[2026-09-05T11:17:06.411-0400][361.918s][info][gc,phases   ] GC(490)   Other: 0.16ms
[2026-09-05T11:17:06.411-0400][361.918s][info][gc,heap     ] GC(490) Eden regions: 702->0(682)
[2026-09-05T11:17:06.411-0400][361.918s][info][gc,heap     ] GC(490) Survivor regions: 65->68(96)
[2026-09-05T11:17:06.411-0400][361.918s][info][gc,heap     ] GC(490) Old regions: 838->851
[2026-09-05T11:17:06.411-0400][361.918s][info][gc,heap     ] GC(490) Archive regions: 0->0
[2026-09-05T11:17:06.411-0400][361.918s][info][gc,heap     ] GC(490) Humongous regions: 29->29
[2026-09-05T11:17:06.411-0400][361.918s][info][gc,metaspace] GC(490) Metaspace: 154101K(156736K)->154101K(156736K) NonClass: 132267K(133696K)->132267K(133696K) Class: 21834K(23040K)->21834K(23040K)
[2026-09-05T11:17:06.411-0400][361.918s][info][gc          ] GC(490) Pause Young (Normal) (GCLocker Initiated GC) 3265M->1894M(3774M) 11.033ms
[2026-09-05T11:17:06.411-0400][361.918s][info][gc,cpu      ] GC(490) User=0.34s Sys=0.02s Real=0.01s
[2026-09-05T11:17:07.172-0400][362.679s][info][gc,start    ] GC(491) Pause Young (Normal) (G1 Evacuation Pause)
[2026-09-05T11:17:07.172-0400][362.679s][info][gc,task     ] GC(491) Using 23 workers of 23 for evacuation
[2026-09-05T11:17:07.184-0400][362.691s][info][gc,phases   ] GC(491)   Pre Evacuate Collection Set: 0.27ms
[2026-09-05T11:17:07.184-0400][362.691s][info][gc,phases   ] GC(491)   Merge Heap Roots: 0.20ms
[2026-09-05T11:17:07.184-0400][362.691s][info][gc,phases   ] GC(491)   Evacuate Collection Set: 10.85ms
[2026-09-05T11:17:07.184-0400][362.691s][info][gc,phases   ] GC(491)   Post Evacuate Collection Set: 0.80ms
[2026-09-05T11:17:07.184-0400][362.691s][info][gc,phases   ] GC(491)   Other: 0.17ms
[2026-09-05T11:17:07.184-0400][362.691s][info][gc,heap     ] GC(491) Eden regions: 682->0(669)
[2026-09-05T11:17:07.184-0400][362.691s][info][gc,heap     ] GC(491) Survivor regions: 68->63(94)
[2026-09-05T11:17:07.184-0400][362.691s][info][gc,heap     ] GC(491) Old regions: 851->874
[2026-09-05T11:17:07.184-0400][362.691s][info][gc,heap     ] GC(491) Archive regions: 0->0
[2026-09-05T11:17:07.184-0400][362.691s][info][gc,heap     ] GC(491) Humongous regions: 29->29
[2026-09-05T11:17:07.184-0400][362.691s][info][gc,metaspace] GC(491) Metaspace: 154101K(156736K)->154101K(156736K) NonClass: 132267K(133696K)->132267K(133696K) Class: 21834K(23040K)->21834K(23040K)
[2026-09-05T11:17:07.184-0400][362.691s][info][gc          ] GC(491) Pause Young (Normal) (G1 Evacuation Pause) 3258M->1931M(3774M) 12.439ms
[2026-09-05T11:17:07.184-0400][362.691s][info][gc,cpu      ] GC(491) User=0.03s Sys=0.00s Real=0.01s
[2026-09-05T11:17:07.692-0400][363.200s][info][gc,start    ] GC(492) Pause Young (Normal) (G1 Evacuation Pause)
[2026-09-05T11:17:07.693-0400][363.200s][info][gc,task     ] GC(492) Using 23 workers of 23 for evacuation
[2026-09-05T11:17:07.702-0400][363.209s][info][gc,phases   ] GC(492)   Pre Evacuate Collection Set: 0.26ms
[2026-09-05T11:17:07.702-0400][363.209s][info][gc,phases   ] GC(492)   Merge Heap Roots: 0.18ms
[2026-09-05T11:17:07.702-0400][363.209s][info][gc,phases   ] GC(492)   Evacuate Collection Set: 8.16ms
[2026-09-05T11:17:07.702-0400][363.209s][info][gc,phases   ] GC(492)   Post Evacuate Collection Set: 0.68ms
[2026-09-05T11:17:07.702-0400][363.209s][info][gc,phases   ] GC(492)   Other: 0.33ms
[2026-09-05T11:17:07.702-0400][363.209s][info][gc,heap     ] GC(492) Eden regions: 669->0(675)
[2026-09-05T11:17:07.703-0400][363.209s][info][gc,heap     ] GC(492) Survivor regions: 63->47(92)
[2026-09-05T11:17:07.703-0400][363.209s][info][gc,heap     ] GC(492) Old regions: 874->893
[2026-09-05T11:17:07.703-0400][363.209s][info][gc,heap     ] GC(492) Archive regions: 0->0
[2026-09-05T11:17:07.703-0400][363.209s][info][gc,heap     ] GC(492) Humongous regions: 29->29
[2026-09-05T11:17:07.703-0400][363.209s][info][gc,metaspace] GC(492) Metaspace: 154102K(156736K)->154102K(156736K) NonClass: 132268K(133696K)->132268K(133696K) Class: 21834K(23040K)->21834K(23040K)
[2026-09-05T11:17:07.703-0400][363.209s][info][gc          ] GC(492) Pause Young (Normal) (G1 Evacuation Pause) 3269M->1936M(3774M) 9.639ms
[2026-09-05T11:17:07.703-0400][363.209s][info][gc,cpu      ] GC(492) User=0.36s Sys=0.00s Real=0.01s
[2026-09-05T11:17:08.034-0400][363.541s][info][gc,start    ] GC(493) Pause Young (Normal) (G1 Evacuation Pause)
[2026-09-05T11:17:08.034-0400][363.541s][info][gc,task     ] GC(493) Using 23 workers of 23 for evacuation
[2026-09-05T11:17:08.042-0400][363.549s][info][gc,phases   ] GC(493)   Pre Evacuate Collection Set: 0.26ms
[2026-09-05T11:17:08.042-0400][363.549s][info][gc,phases   ] GC(493)   Merge Heap Roots: 0.20ms
[2026-09-05T11:17:08.042-0400][363.549s][info][gc,phases   ] GC(493)   Evacuate Collection Set: 6.65ms
[2026-09-05T11:17:08.042-0400][363.549s][info][gc,phases   ] GC(493)   Post Evacuate Collection Set: 0.84ms
[2026-09-05T11:17:08.042-0400][363.549s][info][gc,phases   ] GC(493)   Other: 0.26ms
[2026-09-05T11:17:08.042-0400][363.549s][info][gc,heap     ] GC(493) Eden regions: 675->0(680)
[2026-09-05T11:17:08.042-0400][363.549s][info][gc,heap     ] GC(493) Survivor regions: 47->48(91)
[2026-09-05T11:17:08.042-0400][363.549s][info][gc,heap     ] GC(493) Old regions: 893->893
[2026-09-05T11:17:08.042-0400][363.549s][info][gc,heap     ] GC(493) Archive regions: 0->0
[2026-09-05T11:17:08.042-0400][363.549s][info][gc,heap     ] GC(493) Humongous regions: 29->29
[2026-09-05T11:17:08.042-0400][363.549s][info][gc,metaspace] GC(493) Metaspace: 154104K(156736K)->154104K(156736K) NonClass: 132270K(133696K)->132270K(133696K) Class: 21834K(23040K)->21834K(23040K)
[2026-09-05T11:17:08.042-0400][363.549s][info][gc          ] GC(493) Pause Young (Normal) (G1 Evacuation Pause) 3286M->1938M(3774M) 8.279ms
[2026-09-05T11:17:08.042-0400][363.549s][info][gc,cpu      ] GC(493) User=0.00s Sys=0.00s Real=0.01s
[2026-09-05T11:17:08.996-0400][364.503s][info][gc,start    ] GC(494) Pause Young (Normal) (G1 Evacuation Pause)
[2026-09-05T11:17:08.996-0400][364.503s][info][gc,task     ] GC(494) Using 23 workers of 23 for evacuation
[2026-09-05T11:17:09.009-0400][364.515s][info][gc,phases   ] GC(494)   Pre Evacuate Collection Set: 0.13ms
[2026-09-05T11:17:09.009-0400][364.516s][info][gc,phases   ] GC(494)   Merge Heap Roots: 0.21ms
[2026-09-05T11:17:09.009-0400][364.516s][info][gc,phases   ] GC(494)   Evacuate Collection Set: 11.47ms
[2026-09-05T11:17:09.009-0400][364.516s][info][gc,phases   ] GC(494)   Post Evacuate Collection Set: 0.81ms
[2026-09-05T11:17:09.009-0400][364.516s][info][gc,phases   ] GC(494)   Other: 0.18ms
[2026-09-05T11:17:09.009-0400][364.516s][info][gc,heap     ] GC(494) Eden regions: 680->0(651)
[2026-09-05T11:17:09.009-0400][364.516s][info][gc,heap     ] GC(494) Survivor regions: 48->62(91)
[2026-09-05T11:17:09.009-0400][364.516s][info][gc,heap     ] GC(494) Old regions: 893->893
[2026-09-05T11:17:09.009-0400][364.516s][info][gc,heap     ] GC(494) Archive regions: 0->0
[2026-09-05T11:17:09.009-0400][364.516s][info][gc,heap     ] GC(494) Humongous regions: 30->30
[2026-09-05T11:17:09.009-0400][364.516s][info][gc,metaspace] GC(494) Metaspace: 154104K(156736K)->154104K(156736K) NonClass: 132270K(133696K)->132270K(133696K) Class: 21834K(23040K)->21834K(23040K)
[2026-09-05T11:17:09.009-0400][364.516s][info][gc          ] GC(494) Pause Young (Normal) (G1 Evacuation Pause) 3300M->1968M(3774M) 12.948ms
[2026-09-05T11:17:09.009-0400][364.516s][info][gc,cpu      ] GC(494) User=0.36s Sys=0.02s Real=0.01s
[2026-09-05T11:17:10.475-0400][365.982s][info][gc,start    ] GC(495) Pause Young (Normal) (G1 Evacuation Pause)
[2026-09-05T11:17:10.475-0400][365.982s][info][gc,task     ] GC(495) Using 23 workers of 23 for evacuation
[2026-09-05T11:17:10.486-0400][365.992s][info][gc,phases   ] GC(495)   Pre Evacuate Collection Set: 0.14ms
[2026-09-05T11:17:10.486-0400][365.993s][info][gc,phases   ] GC(495)   Merge Heap Roots: 0.18ms
[2026-09-05T11:17:10.486-0400][365.993s][info][gc,phases   ] GC(495)   Evacuate Collection Set: 9.26ms
[2026-09-05T11:17:10.486-0400][365.993s][info][gc,phases   ] GC(495)   Post Evacuate Collection Set: 0.65ms
[2026-09-05T11:17:10.486-0400][365.993s][info][gc,phases   ] GC(495)   Other: 0.22ms
[2026-09-05T11:17:10.486-0400][365.993s][info][gc,heap     ] GC(495) Eden regions: 651->0(675)
[2026-09-05T11:17:10.486-0400][365.993s][info][gc,heap     ] GC(495) Survivor regions: 62->35(90)
[2026-09-05T11:17:10.486-0400][365.993s][info][gc,heap     ] GC(495) Old regions: 893->911
[2026-09-05T11:17:10.486-0400][365.993s][info][gc,heap     ] GC(495) Archive regions: 0->0
[2026-09-05T11:17:10.486-0400][365.993s][info][gc,heap     ] GC(495) Humongous regions: 30->30
[2026-09-05T11:17:10.486-0400][365.993s][info][gc,metaspace] GC(495) Metaspace: 154104K(156736K)->154104K(156736K) NonClass: 132270K(133696K)->132270K(133696K) Class: 21834K(23040K)->21834K(23040K)
[2026-09-05T11:17:10.486-0400][365.993s][info][gc          ] GC(495) Pause Young (Normal) (G1 Evacuation Pause) 3270M->1950M(3774M) 10.698ms
[2026-09-05T11:17:10.486-0400][365.993s][info][gc,cpu      ] GC(495) User=0.34s Sys=0.02s Real=0.01s
[2026-09-05T11:17:13.204-0400][368.710s][info][gc,start    ] GC(496) Pause Young (Normal) (G1 Evacuation Pause)
[2026-09-05T11:17:13.204-0400][368.710s][info][gc,task     ] GC(496) Using 23 workers of 23 for evacuation
[2026-09-05T11:17:13.211-0400][368.718s][info][gc,phases   ] GC(496)   Pre Evacuate Collection Set: 0.12ms
[2026-09-05T11:17:13.211-0400][368.718s][info][gc,phases   ] GC(496)   Merge Heap Roots: 0.18ms
[2026-09-05T11:17:13.211-0400][368.718s][info][gc,phases   ] GC(496)   Evacuate Collection Set: 6.05ms
[2026-09-05T11:17:13.211-0400][368.718s][info][gc,phases   ] GC(496)   Post Evacuate Collection Set: 0.70ms
[2026-09-05T11:17:13.211-0400][368.718s][info][gc,phases   ] GC(496)   Other: 0.21ms
[2026-09-05T11:17:13.211-0400][368.718s][info][gc,heap     ] GC(496) Eden regions: 675->0(687)
[2026-09-05T11:17:13.211-0400][368.718s][info][gc,heap     ] GC(496) Survivor regions: 35->32(89)
[2026-09-05T11:17:13.211-0400][368.718s][info][gc,heap     ] GC(496) Old regions: 911->911
[2026-09-05T11:17:13.211-0400][368.718s][info][gc,heap     ] GC(496) Archive regions: 0->0
[2026-09-05T11:17:13.211-0400][368.718s][info][gc,heap     ] GC(496) Humongous regions: 30->30
[2026-09-05T11:17:13.211-0400][368.718s][info][gc,metaspace] GC(496) Metaspace: 154104K(156736K)->154104K(156736K) NonClass: 132270K(133696K)->132270K(133696K) Class: 21834K(23040K)->21834K(23040K)
[2026-09-05T11:17:13.211-0400][368.718s][info][gc          ] GC(496) Pause Young (Normal) (G1 Evacuation Pause) 3300M->1945M(3774M) 7.489ms
[2026-09-05T11:17:13.211-0400][368.718s][info][gc,cpu      ] GC(496) User=0.00s Sys=0.00s Real=0.01s
[2026-09-05T11:17:15.614-0400][371.121s][info][gc,start    ] GC(497) Pause Young (Normal) (G1 Evacuation Pause)
[2026-09-05T11:17:15.614-0400][371.121s][info][gc,task     ] GC(497) Using 23 workers of 23 for evacuation
[2026-09-05T11:17:15.629-0400][371.136s][info][gc,phases   ] GC(497)   Pre Evacuate Collection Set: 0.15ms
[2026-09-05T11:17:15.629-0400][371.136s][info][gc,phases   ] GC(497)   Merge Heap Roots: 0.21ms
[2026-09-05T11:17:15.629-0400][371.136s][info][gc,phases   ] GC(497)   Evacuate Collection Set: 13.20ms
[2026-09-05T11:17:15.629-0400][371.136s][info][gc,phases   ] GC(497)   Post Evacuate Collection Set: 0.61ms
[2026-09-05T11:17:15.629-0400][371.136s][info][gc,phases   ] GC(497)   Other: 0.29ms
[2026-09-05T11:17:15.629-0400][371.136s][info][gc,heap     ] GC(497) Eden regions: 687->0(655)
[2026-09-05T11:17:15.629-0400][371.136s][info][gc,heap     ] GC(497) Survivor regions: 32->51(90)
[2026-09-05T11:17:15.629-0400][371.136s][info][gc,heap     ] GC(497) Old regions: 911->911
[2026-09-05T11:17:15.629-0400][371.136s][info][gc,heap     ] GC(497) Archive regions: 0->0
[2026-09-05T11:17:15.629-0400][371.136s][info][gc,heap     ] GC(497) Humongous regions: 30->30
[2026-09-05T11:17:15.629-0400][371.136s][info][gc,metaspace] GC(497) Metaspace: 154104K(156736K)->154104K(156736K) NonClass: 132270K(133696K)->132270K(133696K) Class: 21834K(23040K)->21834K(23040K)
[2026-09-05T11:17:15.629-0400][371.136s][info][gc          ] GC(497) Pause Young (Normal) (G1 Evacuation Pause) 3319M->1983M(3774M) 14.671ms
[2026-09-05T11:17:15.629-0400][371.136s][info][gc,cpu      ] GC(497) User=0.33s Sys=0.03s Real=0.01s
[2026-09-05T11:17:16.838-0400][372.345s][info][gc,start    ] GC(498) Pause Young (Normal) (G1 Evacuation Pause)
[2026-09-05T11:17:16.838-0400][372.345s][info][gc,task     ] GC(498) Using 23 workers of 23 for evacuation
[2026-09-05T11:17:16.848-0400][372.355s][info][gc,phases   ] GC(498)   Pre Evacuate Collection Set: 0.25ms
[2026-09-05T11:17:16.848-0400][372.355s][info][gc,phases   ] GC(498)   Merge Heap Roots: 0.18ms
[2026-09-05T11:17:16.848-0400][372.355s][info][gc,phases   ] GC(498)   Evacuate Collection Set: 8.72ms
[2026-09-05T11:17:16.848-0400][372.355s][info][gc,phases   ] GC(498)   Post Evacuate Collection Set: 0.76ms
[2026-09-05T11:17:16.848-0400][372.355s][info][gc,phases   ] GC(498)   Other: 0.26ms
[2026-09-05T11:17:16.848-0400][372.355s][info][gc,heap     ] GC(498) Eden regions: 655->0(666)
[2026-09-05T11:17:16.848-0400][372.355s][info][gc,heap     ] GC(498) Survivor regions: 51->41(89)
[2026-09-05T11:17:16.848-0400][372.355s][info][gc,heap     ] GC(498) Old regions: 911->920
[2026-09-05T11:17:16.848-0400][372.355s][info][gc,heap     ] GC(498) Archive regions: 0->0
[2026-09-05T11:17:16.848-0400][372.355s][info][gc,heap     ] GC(498) Humongous regions: 30->30
[2026-09-05T11:17:16.848-0400][372.355s][info][gc,metaspace] GC(498) Metaspace: 154104K(156736K)->154104K(156736K) NonClass: 132270K(133696K)->132270K(133696K) Class: 21834K(23040K)->21834K(23040K)
[2026-09-05T11:17:16.848-0400][372.355s][info][gc          ] GC(498) Pause Young (Normal) (G1 Evacuation Pause) 3293M->1979M(3774M) 10.250ms
[2026-09-05T11:17:16.848-0400][372.355s][info][gc,cpu      ] GC(498) User=0.36s Sys=0.00s Real=0.01s
[2026-09-05T11:17:17.232-0400][372.739s][info][gc,start    ] GC(499) Pause Young (Normal) (G1 Evacuation Pause)
[2026-09-05T11:17:17.233-0400][372.739s][info][gc,task     ] GC(499) Using 23 workers of 23 for evacuation
[2026-09-05T11:17:17.240-0400][372.747s][info][gc,phases   ] GC(499)   Pre Evacuate Collection Set: 0.25ms
[2026-09-05T11:17:17.240-0400][372.747s][info][gc,phases   ] GC(499)   Merge Heap Roots: 0.24ms
[2026-09-05T11:17:17.240-0400][372.747s][info][gc,phases   ] GC(499)   Evacuate Collection Set: 6.57ms
[2026-09-05T11:17:17.240-0400][372.747s][info][gc,phases   ] GC(499)   Post Evacuate Collection Set: 0.81ms
[2026-09-05T11:17:17.241-0400][372.747s][info][gc,phases   ] GC(499)   Other: 0.14ms
[2026-09-05T11:17:17.241-0400][372.747s][info][gc,heap     ] GC(499) Eden regions: 666->0(664)
[2026-09-05T11:17:17.241-0400][372.747s][info][gc,heap     ] GC(499) Survivor regions: 41->42(89)
[2026-09-05T11:17:17.241-0400][372.747s][info][gc,heap     ] GC(499) Old regions: 920->920
[2026-09-05T11:17:17.241-0400][372.747s][info][gc,heap     ] GC(499) Archive regions: 0->0
[2026-09-05T11:17:17.241-0400][372.747s][info][gc,heap     ] GC(499) Humongous regions: 30->30
[2026-09-05T11:17:17.241-0400][372.747s][info][gc,metaspace] GC(499) Metaspace: 154104K(156736K)->154104K(156736K) NonClass: 132270K(133696K)->132270K(133696K) Class: 21834K(23040K)->21834K(23040K)
[2026-09-05T11:17:17.241-0400][372.747s][info][gc          ] GC(499) Pause Young (Normal) (G1 Evacuation Pause) 3311M->1981M(3774M) 8.140ms
[2026-09-05T11:17:17.241-0400][372.747s][info][gc,cpu      ] GC(499) User=0.00s Sys=0.00s Real=0.01s
[2026-09-05T11:17:17.469-0400][372.975s][info][gc,start    ] GC(500) Pause Young (Normal) (G1 Evacuation Pause)
[2026-09-05T11:17:17.469-0400][372.975s][info][gc,task     ] GC(500) Using 23 workers of 23 for evacuation
[2026-09-05T11:17:17.478-0400][372.984s][info][gc,phases   ] GC(500)   Pre Evacuate Collection Set: 0.13ms
[2026-09-05T11:17:17.478-0400][372.984s][info][gc,phases   ] GC(500)   Merge Heap Roots: 0.24ms
[2026-09-05T11:17:17.478-0400][372.984s][info][gc,phases   ] GC(500)   Evacuate Collection Set: 7.60ms
[2026-09-05T11:17:17.478-0400][372.984s][info][gc,phases   ] GC(500)   Post Evacuate Collection Set: 0.51ms
[2026-09-05T11:17:17.478-0400][372.984s][info][gc,phases   ] GC(500)   Other: 0.16ms
[2026-09-05T11:17:17.478-0400][372.984s][info][gc,heap     ] GC(500) Eden regions: 664->0(658)
[2026-09-05T11:17:17.478-0400][372.984s][info][gc,heap     ] GC(500) Survivor regions: 42->45(89)
[2026-09-05T11:17:17.478-0400][372.984s][info][gc,heap     ] GC(500) Old regions: 920->920
[2026-09-05T11:17:17.478-0400][372.984s][info][gc,heap     ] GC(500) Archive regions: 0->0
[2026-09-05T11:17:17.478-0400][372.984s][info][gc,heap     ] GC(500) Humongous regions: 30->30
[2026-09-05T11:17:17.478-0400][372.984s][info][gc,metaspace] GC(500) Metaspace: 154104K(156736K)->154104K(156736K) NonClass: 132270K(133696K)->132270K(133696K) Class: 21834K(23040K)->21834K(23040K)
[2026-09-05T11:17:17.478-0400][372.984s][info][gc          ] GC(500) Pause Young (Normal) (G1 Evacuation Pause) 3309M->1987M(3774M) 8.857ms
[2026-09-05T11:17:17.478-0400][372.984s][info][gc,cpu      ] GC(500) User=0.00s Sys=0.00s Real=0.01s
[2026-09-05T11:17:17.965-0400][373.472s][info][gc,start    ] GC(501) Pause Young (Normal) (GCLocker Initiated GC)
[2026-09-05T11:17:17.965-0400][373.472s][info][gc,task     ] GC(501) Using 23 workers of 23 for evacuation
[2026-09-05T11:17:17.978-0400][373.484s][info][gc,phases   ] GC(501)   Pre Evacuate Collection Set: 0.25ms
[2026-09-05T11:17:17.978-0400][373.484s][info][gc,phases   ] GC(501)   Merge Heap Roots: 0.20ms
[2026-09-05T11:17:17.978-0400][373.484s][info][gc,phases   ] GC(501)   Evacuate Collection Set: 10.87ms
[2026-09-05T11:17:17.978-0400][373.484s][info][gc,phases   ] GC(501)   Post Evacuate Collection Set: 0.81ms
[2026-09-05T11:17:17.978-0400][373.484s][info][gc,phases   ] GC(501)   Other: 0.18ms
[2026-09-05T11:17:17.978-0400][373.484s][info][gc,heap     ] GC(501) Eden regions: 658->0(620)
[2026-09-05T11:17:17.978-0400][373.484s][info][gc,heap     ] GC(501) Survivor regions: 45->64(88)
[2026-09-05T11:17:17.978-0400][373.484s][info][gc,heap     ] GC(501) Old regions: 920->920
[2026-09-05T11:17:17.978-0400][373.484s][info][gc,heap     ] GC(501) Archive regions: 0->0
[2026-09-05T11:17:17.978-0400][373.484s][info][gc,heap     ] GC(501) Humongous regions: 31->30
[2026-09-05T11:17:17.978-0400][373.484s][info][gc,metaspace] GC(501) Metaspace: 154108K(156736K)->154108K(156736K) NonClass: 132274K(133696K)->132274K(133696K) Class: 21834K(23040K)->21834K(23040K)
[2026-09-05T11:17:17.978-0400][373.484s][info][gc          ] GC(501) Pause Young (Normal) (GCLocker Initiated GC) 3305M->2025M(3774M) 12.429ms
[2026-09-05T11:17:17.978-0400][373.484s][info][gc,cpu      ] GC(501) User=0.00s Sys=0.02s Real=0.01s
[2026-09-05T11:17:18.168-0400][373.675s][info][gc,start    ] GC(502) Pause Young (Normal) (GCLocker Initiated GC)
[2026-09-05T11:17:18.168-0400][373.675s][info][gc,task     ] GC(502) Using 23 workers of 23 for evacuation
[2026-09-05T11:17:18.191-0400][373.699s][info][gc,phases   ] GC(502)   Pre Evacuate Collection Set: 0.16ms
[2026-09-05T11:17:18.191-0400][373.699s][info][gc,phases   ] GC(502)   Merge Heap Roots: 0.18ms
[2026-09-05T11:17:18.191-0400][373.699s][info][gc,phases   ] GC(502)   Evacuate Collection Set: 22.93ms
[2026-09-05T11:17:18.191-0400][373.699s][info][gc,phases   ] GC(502)   Post Evacuate Collection Set: 0.42ms
[2026-09-05T11:17:18.191-0400][373.699s][info][gc,phases   ] GC(502)   Other: 0.20ms
[2026-09-05T11:17:18.191-0400][373.699s][info][gc,heap     ] GC(502) Eden regions: 620->0(646)
[2026-09-05T11:17:18.191-0400][373.699s][info][gc,heap     ] GC(502) Survivor regions: 64->34(86)
[2026-09-05T11:17:18.191-0400][373.699s][info][gc,heap     ] GC(502) Old regions: 920->947
[2026-09-05T11:17:18.191-0400][373.699s][info][gc,heap     ] GC(502) Archive regions: 0->0
[2026-09-05T11:17:18.191-0400][373.699s][info][gc,heap     ] GC(502) Humongous regions: 30->30
[2026-09-05T11:17:18.191-0400][373.699s][info][gc,metaspace] GC(502) Metaspace: 154108K(156736K)->154108K(156736K) NonClass: 132274K(133696K)->132274K(133696K) Class: 21834K(23040K)->21834K(23040K)
[2026-09-05T11:17:18.191-0400][373.699s][info][gc          ] GC(502) Pause Young (Normal) (GCLocker Initiated GC) 3265M->2020M(3774M) 23.998ms
[2026-09-05T11:17:18.191-0400][373.699s][info][gc,cpu      ] GC(502) User=0.72s Sys=0.00s Real=0.02s
[2026-09-05T11:17:18.706-0400][374.214s][info][gc,start    ] GC(503) Pause Young (Normal) (G1 Evacuation Pause)
[2026-09-05T11:17:18.706-0400][374.214s][info][gc,task     ] GC(503) Using 23 workers of 23 for evacuation
[2026-09-05T11:17:18.712-0400][374.219s][info][gc,phases   ] GC(503)   Pre Evacuate Collection Set: 0.22ms
[2026-09-05T11:17:18.713-0400][374.220s][info][gc,phases   ] GC(503)   Merge Heap Roots: 0.19ms
[2026-09-05T11:17:18.713-0400][374.220s][info][gc,phases   ] GC(503)   Evacuate Collection Set: 4.63ms
[2026-09-05T11:17:18.713-0400][374.220s][info][gc,phases   ] GC(503)   Post Evacuate Collection Set: 0.53ms
[2026-09-05T11:17:18.713-0400][374.220s][info][gc,phases   ] GC(503)   Other: 0.15ms
[2026-09-05T11:17:18.713-0400][374.220s][info][gc,heap     ] GC(503) Eden regions: 646->0(654)
[2026-09-05T11:17:18.713-0400][374.220s][info][gc,heap     ] GC(503) Survivor regions: 34->30(85)
[2026-09-05T11:17:18.713-0400][374.220s][info][gc,heap     ] GC(503) Old regions: 947->947
[2026-09-05T11:17:18.713-0400][374.220s][info][gc,heap     ] GC(503) Archive regions: 0->0
[2026-09-05T11:17:18.713-0400][374.220s][info][gc,heap     ] GC(503) Humongous regions: 30->30
[2026-09-05T11:17:18.713-0400][374.220s][info][gc,metaspace] GC(503) Metaspace: 154109K(156736K)->154109K(156736K) NonClass: 132275K(133696K)->132275K(133696K) Class: 21834K(23040K)->21834K(23040K)
[2026-09-05T11:17:18.713-0400][374.220s][info][gc          ] GC(503) Pause Young (Normal) (G1 Evacuation Pause) 3312M->2012M(3774M) 5.953ms
[2026-09-05T11:17:18.713-0400][374.220s][info][gc,cpu      ] GC(503) User=0.00s Sys=0.00s Real=0.01s
[2026-09-05T11:17:19.149-0400][374.656s][info][gc,start    ] GC(504) Pause Young (Normal) (G1 Evacuation Pause)
[2026-09-05T11:17:19.149-0400][374.656s][info][gc,task     ] GC(504) Using 23 workers of 23 for evacuation
[2026-09-05T11:17:19.156-0400][374.662s][info][gc,phases   ] GC(504)   Pre Evacuate Collection Set: 0.19ms
[2026-09-05T11:17:19.156-0400][374.662s][info][gc,phases   ] GC(504)   Merge Heap Roots: 0.20ms
[2026-09-05T11:17:19.156-0400][374.662s][info][gc,phases   ] GC(504)   Evacuate Collection Set: 5.28ms
[2026-09-05T11:17:19.156-0400][374.662s][info][gc,phases   ] GC(504)   Post Evacuate Collection Set: 0.64ms
[2026-09-05T11:17:19.156-0400][374.662s][info][gc,phases   ] GC(504)   Other: 0.21ms
[2026-09-05T11:17:19.156-0400][374.662s][info][gc,heap     ] GC(504) Eden regions: 654->0(656)
[2026-09-05T11:17:19.156-0400][374.662s][info][gc,heap     ] GC(504) Survivor regions: 30->32(86)
[2026-09-05T11:17:19.156-0400][374.662s][info][gc,heap     ] GC(504) Old regions: 947->947
[2026-09-05T11:17:19.156-0400][374.662s][info][gc,heap     ] GC(504) Archive regions: 0->0
[2026-09-05T11:17:19.156-0400][374.662s][info][gc,heap     ] GC(504) Humongous regions: 30->30
[2026-09-05T11:17:19.156-0400][374.662s][info][gc,metaspace] GC(504) Metaspace: 154109K(156736K)->154109K(156736K) NonClass: 132275K(133696K)->132275K(133696K) Class: 21834K(23040K)->21834K(23040K)
[2026-09-05T11:17:19.156-0400][374.662s][info][gc          ] GC(504) Pause Young (Normal) (G1 Evacuation Pause) 3320M->2016M(3774M) 6.613ms
[2026-09-05T11:17:19.156-0400][374.662s][info][gc,cpu      ] GC(504) User=0.34s Sys=0.00s Real=0.01s
[2026-09-05T11:17:19.726-0400][375.233s][info][gc,start    ] GC(505) Pause Young (Normal) (G1 Evacuation Pause)
[2026-09-05T11:17:19.726-0400][375.233s][info][gc,task     ] GC(505) Using 23 workers of 23 for evacuation
[2026-09-05T11:17:19.734-0400][375.241s][info][gc,phases   ] GC(505)   Pre Evacuate Collection Set: 0.26ms
[2026-09-05T11:17:19.734-0400][375.241s][info][gc,phases   ] GC(505)   Merge Heap Roots: 0.19ms
[2026-09-05T11:17:19.734-0400][375.241s][info][gc,phases   ] GC(505)   Evacuate Collection Set: 6.32ms
[2026-09-05T11:17:19.734-0400][375.241s][info][gc,phases   ] GC(505)   Post Evacuate Collection Set: 0.73ms
[2026-09-05T11:17:19.734-0400][375.241s][info][gc,phases   ] GC(505)   Other: 0.16ms
[2026-09-05T11:17:19.734-0400][375.241s][info][gc,heap     ] GC(505) Eden regions: 656->0(645)
[2026-09-05T11:17:19.734-0400][375.241s][info][gc,heap     ] GC(505) Survivor regions: 32->38(86)
[2026-09-05T11:17:19.734-0400][375.241s][info][gc,heap     ] GC(505) Old regions: 947->947
[2026-09-05T11:17:19.734-0400][375.241s][info][gc,heap     ] GC(505) Archive regions: 0->0
[2026-09-05T11:17:19.734-0400][375.241s][info][gc,heap     ] GC(505) Humongous regions: 30->30
[2026-09-05T11:17:19.734-0400][375.241s][info][gc,metaspace] GC(505) Metaspace: 154109K(156736K)->154109K(156736K) NonClass: 132275K(133696K)->132275K(133696K) Class: 21834K(23040K)->21834K(23040K)
[2026-09-05T11:17:19.734-0400][375.241s][info][gc          ] GC(505) Pause Young (Normal) (G1 Evacuation Pause) 3328M->2028M(3774M) 7.812ms
[2026-09-05T11:17:19.734-0400][375.241s][info][gc,cpu      ] GC(505) User=0.34s Sys=0.00s Real=0.01s
[2026-09-05T11:17:20.025-0400][375.532s][info][gc,start    ] GC(506) Pause Young (Normal) (GCLocker Initiated GC)
[2026-09-05T11:17:20.025-0400][375.532s][info][gc,task     ] GC(506) Using 23 workers of 23 for evacuation
[2026-09-05T11:17:20.034-0400][375.541s][info][gc,phases   ] GC(506)   Pre Evacuate Collection Set: 0.19ms
[2026-09-05T11:17:20.034-0400][375.541s][info][gc,phases   ] GC(506)   Merge Heap Roots: 0.22ms
[2026-09-05T11:17:20.034-0400][375.541s][info][gc,phases   ] GC(506)   Evacuate Collection Set: 7.16ms
[2026-09-05T11:17:20.034-0400][375.541s][info][gc,phases   ] GC(506)   Post Evacuate Collection Set: 0.78ms
[2026-09-05T11:17:20.034-0400][375.541s][info][gc,phases   ] GC(506)   Other: 0.17ms
[2026-09-05T11:17:20.034-0400][375.541s][info][gc,heap     ] GC(506) Eden regions: 646->0(629)
[2026-09-05T11:17:20.034-0400][375.541s][info][gc,heap     ] GC(506) Survivor regions: 38->46(86)
[2026-09-05T11:17:20.034-0400][375.541s][info][gc,heap     ] GC(506) Old regions: 947->947
[2026-09-05T11:17:20.034-0400][375.541s][info][gc,heap     ] GC(506) Archive regions: 0->0
[2026-09-05T11:17:20.034-0400][375.541s][info][gc,heap     ] GC(506) Humongous regions: 30->30
[2026-09-05T11:17:20.034-0400][375.541s][info][gc,metaspace] GC(506) Metaspace: 154109K(156736K)->154109K(156736K) NonClass: 132275K(133696K)->132275K(133696K) Class: 21834K(23040K)->21834K(23040K)
[2026-09-05T11:17:20.034-0400][375.541s][info][gc          ] GC(506) Pause Young (Normal) (GCLocker Initiated GC) 3320M->2044M(3774M) 8.644ms
[2026-09-05T11:17:20.034-0400][375.541s][info][gc,cpu      ] GC(506) User=0.36s Sys=0.00s Real=0.01s
[2026-09-05T11:17:20.416-0400][375.923s][info][gc,start    ] GC(507) Pause Young (Normal) (G1 Evacuation Pause)
[2026-09-05T11:17:20.416-0400][375.923s][info][gc,task     ] GC(507) Using 23 workers of 23 for evacuation
[2026-09-05T11:17:20.424-0400][375.931s][info][gc,phases   ] GC(507)   Pre Evacuate Collection Set: 0.13ms
[2026-09-05T11:17:20.424-0400][375.931s][info][gc,phases   ] GC(507)   Merge Heap Roots: 0.18ms
[2026-09-05T11:17:20.424-0400][375.931s][info][gc,phases   ] GC(507)   Evacuate Collection Set: 6.44ms
[2026-09-05T11:17:20.424-0400][375.931s][info][gc,phases   ] GC(507)   Post Evacuate Collection Set: 0.68ms
[2026-09-05T11:17:20.424-0400][375.931s][info][gc,phases   ] GC(507)   Other: 0.16ms
[2026-09-05T11:17:20.424-0400][375.931s][info][gc,heap     ] GC(507) Eden regions: 629->0(636)
[2026-09-05T11:17:20.424-0400][375.931s][info][gc,heap     ] GC(507) Survivor regions: 46->42(85)
[2026-09-05T11:17:20.424-0400][375.931s][info][gc,heap     ] GC(507) Old regions: 947->948
[2026-09-05T11:17:20.424-0400][375.931s][info][gc,heap     ] GC(507) Archive regions: 0->0
[2026-09-05T11:17:20.424-0400][375.931s][info][gc,heap     ] GC(507) Humongous regions: 30->30
[2026-09-05T11:17:20.424-0400][375.931s][info][gc,metaspace] GC(507) Metaspace: 154109K(156736K)->154109K(156736K) NonClass: 132275K(133696K)->132275K(133696K) Class: 21834K(23040K)->21834K(23040K)
[2026-09-05T11:17:20.424-0400][375.931s][info][gc          ] GC(507) Pause Young (Normal) (G1 Evacuation Pause) 3302M->2039M(3774M) 7.741ms
[2026-09-05T11:17:20.424-0400][375.931s][info][gc,cpu      ] GC(507) User=0.36s Sys=0.00s Real=0.01s
[2026-09-05T11:17:21.025-0400][376.533s][info][gc,start    ] GC(508) Pause Young (Normal) (G1 Evacuation Pause)
[2026-09-05T11:17:21.025-0400][376.533s][info][gc,task     ] GC(508) Using 23 workers of 23 for evacuation
[2026-09-05T11:17:21.034-0400][376.541s][info][gc,phases   ] GC(508)   Pre Evacuate Collection Set: 0.21ms
[2026-09-05T11:17:21.034-0400][376.541s][info][gc,phases   ] GC(508)   Merge Heap Roots: 0.23ms
[2026-09-05T11:17:21.034-0400][376.541s][info][gc,phases   ] GC(508)   Evacuate Collection Set: 7.04ms
[2026-09-05T11:17:21.034-0400][376.541s][info][gc,phases   ] GC(508)   Post Evacuate Collection Set: 0.79ms
[2026-09-05T11:17:21.034-0400][376.541s][info][gc,phases   ] GC(508)   Other: 0.19ms
[2026-09-05T11:17:21.034-0400][376.541s][info][gc,heap     ] GC(508) Eden regions: 636->0(626)
[2026-09-05T11:17:21.034-0400][376.541s][info][gc,heap     ] GC(508) Survivor regions: 42->47(85)
[2026-09-05T11:17:21.034-0400][376.541s][info][gc,heap     ] GC(508) Old regions: 948->948
[2026-09-05T11:17:21.034-0400][376.541s][info][gc,heap     ] GC(508) Archive regions: 0->0
[2026-09-05T11:17:21.034-0400][376.541s][info][gc,heap     ] GC(508) Humongous regions: 30->30
[2026-09-05T11:17:21.034-0400][376.541s][info][gc,metaspace] GC(508) Metaspace: 154110K(156736K)->154110K(156736K) NonClass: 132276K(133696K)->132276K(133696K) Class: 21834K(23040K)->21834K(23040K)
[2026-09-05T11:17:21.034-0400][376.541s][info][gc          ] GC(508) Pause Young (Normal) (G1 Evacuation Pause) 3311M->2049M(3774M) 8.576ms
[2026-09-05T11:17:21.034-0400][376.541s][info][gc,cpu      ] GC(508) User=0.38s Sys=0.00s Real=0.01s
[2026-09-05T11:17:21.476-0400][376.983s][info][gc,start    ] GC(509) Pause Young (Normal) (G1 Evacuation Pause)
[2026-09-05T11:17:21.476-0400][376.983s][info][gc,task     ] GC(509) Using 23 workers of 23 for evacuation
[2026-09-05T11:17:21.485-0400][376.991s][info][gc,phases   ] GC(509)   Pre Evacuate Collection Set: 0.26ms
[2026-09-05T11:17:21.485-0400][376.991s][info][gc,phases   ] GC(509)   Merge Heap Roots: 0.20ms
[2026-09-05T11:17:21.485-0400][376.991s][info][gc,phases   ] GC(509)   Evacuate Collection Set: 7.25ms
[2026-09-05T11:17:21.485-0400][376.991s][info][gc,phases   ] GC(509)   Post Evacuate Collection Set: 0.71ms
[2026-09-05T11:17:21.485-0400][376.991s][info][gc,phases   ] GC(509)   Other: 0.19ms
[2026-09-05T11:17:21.485-0400][376.991s][info][gc,heap     ] GC(509) Eden regions: 626->0(617)
[2026-09-05T11:17:21.485-0400][376.991s][info][gc,heap     ] GC(509) Survivor regions: 47->50(85)
[2026-09-05T11:17:21.485-0400][376.991s][info][gc,heap     ] GC(509) Old regions: 948->951
[2026-09-05T11:17:21.485-0400][376.991s][info][gc,heap     ] GC(509) Archive regions: 0->0
[2026-09-05T11:17:21.485-0400][376.991s][info][gc,heap     ] GC(509) Humongous regions: 31->30
[2026-09-05T11:17:21.485-0400][376.991s][info][gc,metaspace] GC(509) Metaspace: 154116K(156736K)->154116K(156736K) NonClass: 132282K(133696K)->132282K(133696K) Class: 21834K(23040K)->21834K(23040K)
[2026-09-05T11:17:21.485-0400][376.991s][info][gc          ] GC(509) Pause Young (Normal) (G1 Evacuation Pause) 3303M->2061M(3774M) 8.747ms
[2026-09-05T11:17:21.485-0400][376.992s][info][gc,cpu      ] GC(509) User=0.36s Sys=0.02s Real=0.01s
[2026-09-05T11:17:21.873-0400][377.380s][info][gc,start    ] GC(510) Pause Young (Normal) (G1 Evacuation Pause)
[2026-09-05T11:17:21.873-0400][377.380s][info][gc,task     ] GC(510) Using 23 workers of 23 for evacuation
[2026-09-05T11:17:21.882-0400][377.389s][info][gc,phases   ] GC(510)   Pre Evacuate Collection Set: 0.16ms
[2026-09-05T11:17:21.882-0400][377.389s][info][gc,phases   ] GC(510)   Merge Heap Roots: 0.21ms
[2026-09-05T11:17:21.883-0400][377.389s][info][gc,phases   ] GC(510)   Evacuate Collection Set: 7.48ms
[2026-09-05T11:17:21.883-0400][377.389s][info][gc,phases   ] GC(510)   Post Evacuate Collection Set: 0.67ms
[2026-09-05T11:17:21.883-0400][377.389s][info][gc,phases   ] GC(510)   Other: 0.15ms
[2026-09-05T11:17:21.883-0400][377.389s][info][gc,heap     ] GC(510) Eden regions: 617->0(614)
[2026-09-05T11:17:21.883-0400][377.389s][info][gc,heap     ] GC(510) Survivor regions: 50->47(84)
[2026-09-05T11:17:21.883-0400][377.389s][info][gc,heap     ] GC(510) Old regions: 951->960
[2026-09-05T11:17:21.883-0400][377.389s][info][gc,heap     ] GC(510) Archive regions: 0->0
[2026-09-05T11:17:21.883-0400][377.389s][info][gc,heap     ] GC(510) Humongous regions: 30->30
[2026-09-05T11:17:21.883-0400][377.389s][info][gc,metaspace] GC(510) Metaspace: 154117K(156736K)->154117K(156736K) NonClass: 132283K(133696K)->132283K(133696K) Class: 21834K(23040K)->21834K(23040K)
[2026-09-05T11:17:21.883-0400][377.389s][info][gc          ] GC(510) Pause Young (Normal) (G1 Evacuation Pause) 3295M->2072M(3774M) 8.943ms
[2026-09-05T11:17:21.883-0400][377.389s][info][gc,cpu      ] GC(510) User=0.00s Sys=0.00s Real=0.01s
[2026-09-05T11:17:22.304-0400][377.811s][info][gc,start    ] GC(511) Pause Young (Normal) (G1 Evacuation Pause)
[2026-09-05T11:17:22.304-0400][377.811s][info][gc,task     ] GC(511) Using 23 workers of 23 for evacuation
[2026-09-05T11:17:22.312-0400][377.819s][info][gc,phases   ] GC(511)   Pre Evacuate Collection Set: 0.23ms
[2026-09-05T11:17:22.312-0400][377.819s][info][gc,phases   ] GC(511)   Merge Heap Roots: 0.23ms
[2026-09-05T11:17:22.312-0400][377.819s][info][gc,phases   ] GC(511)   Evacuate Collection Set: 7.03ms
[2026-09-05T11:17:22.312-0400][377.819s][info][gc,phases   ] GC(511)   Post Evacuate Collection Set: 0.75ms
[2026-09-05T11:17:22.312-0400][377.819s][info][gc,phases   ] GC(511)   Other: 0.17ms
[2026-09-05T11:17:22.312-0400][377.819s][info][gc,heap     ] GC(511) Eden regions: 614->0(610)
[2026-09-05T11:17:22.312-0400][377.819s][info][gc,heap     ] GC(511) Survivor regions: 47->47(83)
[2026-09-05T11:17:22.312-0400][377.819s][info][gc,heap     ] GC(511) Old regions: 960->964
[2026-09-05T11:17:22.312-0400][377.819s][info][gc,heap     ] GC(511) Archive regions: 0->0
[2026-09-05T11:17:22.312-0400][377.819s][info][gc,heap     ] GC(511) Humongous regions: 30->30
[2026-09-05T11:17:22.312-0400][377.819s][info][gc,metaspace] GC(511) Metaspace: 154117K(156736K)->154117K(156736K) NonClass: 132283K(133696K)->132283K(133696K) Class: 21834K(23040K)->21834K(23040K)
[2026-09-05T11:17:22.312-0400][377.819s][info][gc          ] GC(511) Pause Young (Normal) (G1 Evacuation Pause) 3300M->2081M(3774M) 8.560ms
[2026-09-05T11:17:22.312-0400][377.819s][info][gc,cpu      ] GC(511) User=0.36s Sys=0.00s Real=0.01s
[2026-09-05T11:17:22.785-0400][378.293s][info][gc,start    ] GC(512) Pause Young (Normal) (G1 Evacuation Pause)
[2026-09-05T11:17:22.786-0400][378.293s][info][gc,task     ] GC(512) Using 23 workers of 23 for evacuation
[2026-09-05T11:17:22.794-0400][378.301s][info][gc,phases   ] GC(512)   Pre Evacuate Collection Set: 0.23ms
[2026-09-05T11:17:22.794-0400][378.301s][info][gc,phases   ] GC(512)   Merge Heap Roots: 0.19ms
[2026-09-05T11:17:22.794-0400][378.301s][info][gc,phases   ] GC(512)   Evacuate Collection Set: 6.90ms
[2026-09-05T11:17:22.794-0400][378.301s][info][gc,phases   ] GC(512)   Post Evacuate Collection Set: 0.68ms
[2026-09-05T11:17:22.794-0400][378.301s][info][gc,phases   ] GC(512)   Other: 0.20ms
[2026-09-05T11:17:22.794-0400][378.301s][info][gc,heap     ] GC(512) Eden regions: 610->0(599)
[2026-09-05T11:17:22.794-0400][378.301s][info][gc,heap     ] GC(512) Survivor regions: 47->50(83)
[2026-09-05T11:17:22.794-0400][378.301s][info][gc,heap     ] GC(512) Old regions: 964->969
[2026-09-05T11:17:22.794-0400][378.301s][info][gc,heap     ] GC(512) Archive regions: 0->0
[2026-09-05T11:17:22.794-0400][378.301s][info][gc,heap     ] GC(512) Humongous regions: 30->30
[2026-09-05T11:17:22.794-0400][378.301s][info][gc,metaspace] GC(512) Metaspace: 154117K(156736K)->154117K(156736K) NonClass: 132283K(133696K)->132283K(133696K) Class: 21834K(23040K)->21834K(23040K)
[2026-09-05T11:17:22.794-0400][378.301s][info][gc          ] GC(512) Pause Young (Normal) (G1 Evacuation Pause) 3301M->2095M(3774M) 8.315ms
[2026-09-05T11:17:22.794-0400][378.301s][info][gc,cpu      ] GC(512) User=0.02s Sys=0.00s Real=0.01s
[2026-09-05T11:17:23.297-0400][378.803s][info][gc,start    ] GC(513) Pause Young (Normal) (G1 Evacuation Pause)
[2026-09-05T11:17:23.297-0400][378.804s][info][gc,task     ] GC(513) Using 23 workers of 23 for evacuation
[2026-09-05T11:17:23.308-0400][378.814s][info][gc,phases   ] GC(513)   Pre Evacuate Collection Set: 0.20ms
[2026-09-05T11:17:23.308-0400][378.814s][info][gc,phases   ] GC(513)   Merge Heap Roots: 0.34ms
[2026-09-05T11:17:23.308-0400][378.814s][info][gc,phases   ] GC(513)   Evacuate Collection Set: 9.34ms
[2026-09-05T11:17:23.308-0400][378.814s][info][gc,phases   ] GC(513)   Post Evacuate Collection Set: 0.73ms
[2026-09-05T11:17:23.308-0400][378.814s][info][gc,phases   ] GC(513)   Other: 0.21ms
[2026-09-05T11:17:23.308-0400][378.814s][info][gc,heap     ] GC(513) Eden regions: 599->0(588)
[2026-09-05T11:17:23.308-0400][378.814s][info][gc,heap     ] GC(513) Survivor regions: 50->52(82)
[2026-09-05T11:17:23.308-0400][378.814s][info][gc,heap     ] GC(513) Old regions: 969->976
[2026-09-05T11:17:23.308-0400][378.814s][info][gc,heap     ] GC(513) Archive regions: 0->0
[2026-09-05T11:17:23.308-0400][378.814s][info][gc,heap     ] GC(513) Humongous regions: 30->30
[2026-09-05T11:17:23.308-0400][378.815s][info][gc,metaspace] GC(513) Metaspace: 154117K(156736K)->154117K(156736K) NonClass: 132283K(133696K)->132283K(133696K) Class: 21834K(23040K)->21834K(23040K)
[2026-09-05T11:17:23.308-0400][378.815s][info][gc          ] GC(513) Pause Young (Normal) (G1 Evacuation Pause) 3293M->2115M(3774M) 11.083ms
[2026-09-05T11:17:23.308-0400][378.815s][info][gc,cpu      ] GC(513) User=0.00s Sys=0.00s Real=0.01s
[2026-09-05T11:17:24.257-0400][379.764s][info][gc,start    ] GC(514) Pause Young (Normal) (G1 Evacuation Pause)
[2026-09-05T11:17:24.257-0400][379.764s][info][gc,task     ] GC(514) Using 23 workers of 23 for evacuation
[2026-09-05T11:17:24.268-0400][379.775s][info][gc,phases   ] GC(514)   Pre Evacuate Collection Set: 0.20ms
[2026-09-05T11:17:24.268-0400][379.775s][info][gc,phases   ] GC(514)   Merge Heap Roots: 0.28ms
[2026-09-05T11:17:24.268-0400][379.775s][info][gc,phases   ] GC(514)   Evacuate Collection Set: 10.21ms
[2026-09-05T11:17:24.268-0400][379.775s][info][gc,phases   ] GC(514)   Post Evacuate Collection Set: 0.69ms
[2026-09-05T11:17:24.268-0400][379.775s][info][gc,phases   ] GC(514)   Other: 0.23ms
[2026-09-05T11:17:24.268-0400][379.775s][info][gc,heap     ] GC(514) Eden regions: 588->0(572)
[2026-09-05T11:17:24.268-0400][379.775s][info][gc,heap     ] GC(514) Survivor regions: 52->53(80)
[2026-09-05T11:17:24.268-0400][379.775s][info][gc,heap     ] GC(514) Old regions: 976->990
[2026-09-05T11:17:24.268-0400][379.775s][info][gc,heap     ] GC(514) Archive regions: 0->0
[2026-09-05T11:17:24.268-0400][379.775s][info][gc,heap     ] GC(514) Humongous regions: 30->30
[2026-09-05T11:17:24.268-0400][379.775s][info][gc,metaspace] GC(514) Metaspace: 154121K(156800K)->154121K(156800K) NonClass: 132286K(133760K)->132286K(133760K) Class: 21834K(23040K)->21834K(23040K)
[2026-09-05T11:17:24.268-0400][379.776s][info][gc          ] GC(514) Pause Young (Normal) (G1 Evacuation Pause) 3291M->2144M(3774M) 11.891ms
[2026-09-05T11:17:24.268-0400][379.776s][info][gc,cpu      ] GC(514) User=0.36s Sys=0.00s Real=0.01s
[2026-09-05T11:17:24.999-0400][380.506s][info][gc,start    ] GC(515) Pause Young (Normal) (G1 Evacuation Pause)
[2026-09-05T11:17:24.999-0400][380.506s][info][gc,task     ] GC(515) Using 23 workers of 23 for evacuation
[2026-09-05T11:17:25.007-0400][380.514s][info][gc,phases   ] GC(515)   Pre Evacuate Collection Set: 0.26ms
[2026-09-05T11:17:25.008-0400][380.514s][info][gc,phases   ] GC(515)   Merge Heap Roots: 0.21ms
[2026-09-05T11:17:25.008-0400][380.514s][info][gc,phases   ] GC(515)   Evacuate Collection Set: 6.81ms
[2026-09-05T11:17:25.008-0400][380.514s][info][gc,phases   ] GC(515)   Post Evacuate Collection Set: 0.80ms
[2026-09-05T11:17:25.008-0400][380.514s][info][gc,phases   ] GC(515)   Other: 0.18ms
[2026-09-05T11:17:25.008-0400][380.514s][info][gc,heap     ] GC(515) Eden regions: 572->0(577)
[2026-09-05T11:17:25.008-0400][380.514s][info][gc,heap     ] GC(515) Survivor regions: 53->45(79)
[2026-09-05T11:17:25.008-0400][380.514s][info][gc,heap     ] GC(515) Old regions: 990->1001
[2026-09-05T11:17:25.008-0400][380.514s][info][gc,heap     ] GC(515) Archive regions: 0->0
[2026-09-05T11:17:25.008-0400][380.514s][info][gc,heap     ] GC(515) Humongous regions: 30->30
[2026-09-05T11:17:25.008-0400][380.514s][info][gc,metaspace] GC(515) Metaspace: 154122K(156800K)->154122K(156800K) NonClass: 132287K(133760K)->132287K(133760K) Class: 21834K(23040K)->21834K(23040K)
[2026-09-05T11:17:25.008-0400][380.514s][info][gc          ] GC(515) Pause Young (Normal) (G1 Evacuation Pause) 3288M->2150M(3774M) 8.384ms
[2026-09-05T11:17:25.008-0400][380.514s][info][gc,cpu      ] GC(515) User=0.00s Sys=0.00s Real=0.01s
[2026-09-05T11:17:25.450-0400][380.957s][info][gc,start    ] GC(516) Pause Young (Normal) (G1 Evacuation Pause)
[2026-09-05T11:17:25.450-0400][380.957s][info][gc,task     ] GC(516) Using 23 workers of 23 for evacuation
[2026-09-05T11:17:25.458-0400][380.964s][info][gc,phases   ] GC(516)   Pre Evacuate Collection Set: 0.26ms
[2026-09-05T11:17:25.458-0400][380.964s][info][gc,phases   ] GC(516)   Merge Heap Roots: 0.17ms
[2026-09-05T11:17:25.458-0400][380.964s][info][gc,phases   ] GC(516)   Evacuate Collection Set: 6.05ms
[2026-09-05T11:17:25.458-0400][380.964s][info][gc,phases   ] GC(516)   Post Evacuate Collection Set: 0.61ms
[2026-09-05T11:17:25.458-0400][380.964s][info][gc,phases   ] GC(516)   Other: 0.14ms
[2026-09-05T11:17:25.458-0400][380.964s][info][gc,heap     ] GC(516) Eden regions: 577->0(567)
[2026-09-05T11:17:25.458-0400][380.965s][info][gc,heap     ] GC(516) Survivor regions: 45->47(78)
[2026-09-05T11:17:25.458-0400][380.965s][info][gc,heap     ] GC(516) Old regions: 1001->1007
[2026-09-05T11:17:25.458-0400][380.965s][info][gc,heap     ] GC(516) Archive regions: 0->0
[2026-09-05T11:17:25.458-0400][380.965s][info][gc,heap     ] GC(516) Humongous regions: 30->30
[2026-09-05T11:17:25.458-0400][380.965s][info][gc,metaspace] GC(516) Metaspace: 154128K(156800K)->154128K(156800K) NonClass: 132294K(133760K)->132294K(133760K) Class: 21834K(23040K)->21834K(23040K)
[2026-09-05T11:17:25.458-0400][380.965s][info][gc          ] GC(516) Pause Young (Normal) (G1 Evacuation Pause) 3304M->2166M(3774M) 7.381ms
[2026-09-05T11:17:25.458-0400][380.965s][info][gc,cpu      ] GC(516) User=0.00s Sys=0.00s Real=0.01s
[2026-09-05T11:17:25.854-0400][381.361s][info][gc,start    ] GC(517) Pause Young (Normal) (GCLocker Initiated GC)
[2026-09-05T11:17:25.854-0400][381.362s][info][gc,task     ] GC(517) Using 23 workers of 23 for evacuation
[2026-09-05T11:17:25.862-0400][381.369s][info][gc,phases   ] GC(517)   Pre Evacuate Collection Set: 0.31ms
[2026-09-05T11:17:25.862-0400][381.369s][info][gc,phases   ] GC(517)   Merge Heap Roots: 0.18ms
[2026-09-05T11:17:25.862-0400][381.369s][info][gc,phases   ] GC(517)   Evacuate Collection Set: 5.96ms
[2026-09-05T11:17:25.862-0400][381.369s][info][gc,phases   ] GC(517)   Post Evacuate Collection Set: 0.70ms
[2026-09-05T11:17:25.862-0400][381.369s][info][gc,phases   ] GC(517)   Other: 0.29ms
[2026-09-05T11:17:25.862-0400][381.369s][info][gc,heap     ] GC(517) Eden regions: 568->0(569)
[2026-09-05T11:17:25.862-0400][381.369s][info][gc,heap     ] GC(517) Survivor regions: 47->43(77)
[2026-09-05T11:17:25.862-0400][381.369s][info][gc,heap     ] GC(517) Old regions: 1007->1013
[2026-09-05T11:17:25.862-0400][381.369s][info][gc,heap     ] GC(517) Archive regions: 0->0
[2026-09-05T11:17:25.862-0400][381.369s][info][gc,heap     ] GC(517) Humongous regions: 30->30
[2026-09-05T11:17:25.862-0400][381.369s][info][gc,metaspace] GC(517) Metaspace: 154129K(156800K)->154129K(156800K) NonClass: 132295K(133760K)->132295K(133760K) Class: 21834K(23040K)->21834K(23040K)
[2026-09-05T11:17:25.862-0400][381.369s][info][gc          ] GC(517) Pause Young (Normal) (GCLocker Initiated GC) 3301M->2171M(3774M) 7.555ms
[2026-09-05T11:17:25.862-0400][381.369s][info][gc,cpu      ] GC(517) User=0.34s Sys=0.02s Real=0.01s
[2026-09-05T11:17:26.211-0400][381.717s][info][gc,start    ] GC(518) Pause Young (Normal) (G1 Evacuation Pause)
[2026-09-05T11:17:26.211-0400][381.717s][info][gc,task     ] GC(518) Using 23 workers of 23 for evacuation
[2026-09-05T11:17:26.218-0400][381.724s][info][gc,phases   ] GC(518)   Pre Evacuate Collection Set: 0.28ms
[2026-09-05T11:17:26.218-0400][381.724s][info][gc,phases   ] GC(518)   Merge Heap Roots: 0.22ms
[2026-09-05T11:17:26.218-0400][381.724s][info][gc,phases   ] GC(518)   Evacuate Collection Set: 5.61ms
[2026-09-05T11:17:26.218-0400][381.724s][info][gc,phases   ] GC(518)   Post Evacuate Collection Set: 0.82ms
[2026-09-05T11:17:26.218-0400][381.724s][info][gc,phases   ] GC(518)   Other: 0.14ms
[2026-09-05T11:17:26.218-0400][381.724s][info][gc,heap     ] GC(518) Eden regions: 569->0(564)
[2026-09-05T11:17:26.218-0400][381.724s][info][gc,heap     ] GC(518) Survivor regions: 43->43(77)
[2026-09-05T11:17:26.218-0400][381.724s][info][gc,heap     ] GC(518) Old regions: 1013->1018
[2026-09-05T11:17:26.218-0400][381.724s][info][gc,heap     ] GC(518) Archive regions: 0->0
[2026-09-05T11:17:26.218-0400][381.724s][info][gc,heap     ] GC(518) Humongous regions: 30->30
[2026-09-05T11:17:26.218-0400][381.724s][info][gc,metaspace] GC(518) Metaspace: 154129K(156800K)->154129K(156800K) NonClass: 132295K(133760K)->132295K(133760K) Class: 21834K(23040K)->21834K(23040K)
[2026-09-05T11:17:26.218-0400][381.724s][info][gc          ] GC(518) Pause Young (Normal) (G1 Evacuation Pause) 3309M->2181M(3774M) 7.206ms
[2026-09-05T11:17:26.218-0400][381.724s][info][gc,cpu      ] GC(518) User=0.34s Sys=0.00s Real=0.01s
[2026-09-05T11:17:26.602-0400][382.110s][info][gc,start    ] GC(519) Pause Young (Normal) (G1 Evacuation Pause)
[2026-09-05T11:17:26.602-0400][382.110s][info][gc,task     ] GC(519) Using 23 workers of 23 for evacuation
[2026-09-05T11:17:26.610-0400][382.117s][info][gc,phases   ] GC(519)   Pre Evacuate Collection Set: 0.22ms
[2026-09-05T11:17:26.610-0400][382.117s][info][gc,phases   ] GC(519)   Merge Heap Roots: 0.16ms
[2026-09-05T11:17:26.610-0400][382.117s][info][gc,phases   ] GC(519)   Evacuate Collection Set: 6.23ms
[2026-09-05T11:17:26.610-0400][382.117s][info][gc,phases   ] GC(519)   Post Evacuate Collection Set: 0.59ms
[2026-09-05T11:17:26.610-0400][382.117s][info][gc,phases   ] GC(519)   Other: 0.17ms
[2026-09-05T11:17:26.610-0400][382.117s][info][gc,heap     ] GC(519) Eden regions: 564->0(566)
[2026-09-05T11:17:26.610-0400][382.117s][info][gc,heap     ] GC(519) Survivor regions: 43->29(76)
[2026-09-05T11:17:26.610-0400][382.117s][info][gc,heap     ] GC(519) Old regions: 1018->1038
[2026-09-05T11:17:26.610-0400][382.117s][info][gc,heap     ] GC(519) Archive regions: 0->0
[2026-09-05T11:17:26.610-0400][382.117s][info][gc,heap     ] GC(519) Humongous regions: 30->30
[2026-09-05T11:17:26.610-0400][382.117s][info][gc,metaspace] GC(519) Metaspace: 154131K(156800K)->154131K(156800K) NonClass: 132297K(133760K)->132297K(133760K) Class: 21834K(23040K)->21834K(23040K)
[2026-09-05T11:17:26.610-0400][382.117s][info][gc          ] GC(519) Pause Young (Normal) (G1 Evacuation Pause) 3309M->2193M(3774M) 7.515ms
[2026-09-05T11:17:26.610-0400][382.117s][info][gc,cpu      ] GC(519) User=0.36s Sys=0.00s Real=0.01s
[2026-09-05T11:17:27.059-0400][382.566s][info][gc,start    ] GC(520) Pause Young (Normal) (GCLocker Initiated GC)
[2026-09-05T11:17:27.059-0400][382.566s][info][gc,task     ] GC(520) Using 23 workers of 23 for evacuation
[2026-09-05T11:17:27.066-0400][382.573s][info][gc,phases   ] GC(520)   Pre Evacuate Collection Set: 0.20ms
[2026-09-05T11:17:27.066-0400][382.573s][info][gc,phases   ] GC(520)   Merge Heap Roots: 0.22ms
[2026-09-05T11:17:27.066-0400][382.573s][info][gc,phases   ] GC(520)   Evacuate Collection Set: 5.39ms
[2026-09-05T11:17:27.066-0400][382.573s][info][gc,phases   ] GC(520)   Post Evacuate Collection Set: 0.71ms
[2026-09-05T11:17:27.066-0400][382.573s][info][gc,phases   ] GC(520)   Other: 0.18ms
[2026-09-05T11:17:27.066-0400][382.573s][info][gc,heap     ] GC(520) Eden regions: 566->0(562)
[2026-09-05T11:17:27.066-0400][382.573s][info][gc,heap     ] GC(520) Survivor regions: 29->33(75)
[2026-09-05T11:17:27.066-0400][382.573s][info][gc,heap     ] GC(520) Old regions: 1038->1038
[2026-09-05T11:17:27.066-0400][382.573s][info][gc,heap     ] GC(520) Archive regions: 0->0
[2026-09-05T11:17:27.066-0400][382.573s][info][gc,heap     ] GC(520) Humongous regions: 30->30
[2026-09-05T11:17:27.066-0400][382.573s][info][gc,metaspace] GC(520) Metaspace: 154132K(156800K)->154132K(156800K) NonClass: 132297K(133760K)->132297K(133760K) Class: 21834K(23040K)->21834K(23040K)
[2026-09-05T11:17:27.066-0400][382.573s][info][gc          ] GC(520) Pause Young (Normal) (GCLocker Initiated GC) 3325M->2201M(3774M) 6.834ms
[2026-09-05T11:17:27.066-0400][382.573s][info][gc,cpu      ] GC(520) User=0.00s Sys=0.00s Real=0.01s
[2026-09-05T11:17:27.569-0400][383.076s][info][gc,start    ] GC(521) Pause Young (Normal) (G1 Evacuation Pause)
[2026-09-05T11:17:27.569-0400][383.076s][info][gc,task     ] GC(521) Using 23 workers of 23 for evacuation
[2026-09-05T11:17:27.574-0400][383.081s][info][gc,phases   ] GC(521)   Pre Evacuate Collection Set: 0.24ms
[2026-09-05T11:17:27.575-0400][383.082s][info][gc,phases   ] GC(521)   Merge Heap Roots: 0.22ms
[2026-09-05T11:17:27.575-0400][383.082s][info][gc,phases   ] GC(521)   Evacuate Collection Set: 4.05ms
[2026-09-05T11:17:27.575-0400][383.082s][info][gc,phases   ] GC(521)   Post Evacuate Collection Set: 0.65ms
[2026-09-05T11:17:27.575-0400][383.082s][info][gc,phases   ] GC(521)   Other: 0.12ms
[2026-09-05T11:17:27.575-0400][383.082s][info][gc,heap     ] GC(521) Eden regions: 562->0(562)
[2026-09-05T11:17:27.575-0400][383.082s][info][gc,heap     ] GC(521) Survivor regions: 33->34(75)
[2026-09-05T11:17:27.575-0400][383.082s][info][gc,heap     ] GC(521) Old regions: 1038->1038
[2026-09-05T11:17:27.575-0400][383.082s][info][gc,heap     ] GC(521) Archive regions: 0->0
[2026-09-05T11:17:27.575-0400][383.082s][info][gc,heap     ] GC(521) Humongous regions: 30->30
[2026-09-05T11:17:27.575-0400][383.082s][info][gc,metaspace] GC(521) Metaspace: 154132K(156800K)->154132K(156800K) NonClass: 132298K(133760K)->132298K(133760K) Class: 21834K(23040K)->21834K(23040K)
[2026-09-05T11:17:27.575-0400][383.082s][info][gc          ] GC(521) Pause Young (Normal) (G1 Evacuation Pause) 3325M->2202M(3774M) 5.410ms
[2026-09-05T11:17:27.575-0400][383.082s][info][gc,cpu      ] GC(521) User=0.08s Sys=0.02s Real=0.01s
[2026-09-05T11:17:27.785-0400][383.292s][info][gc,start    ] GC(522) Pause Young (Normal) (G1 Evacuation Pause)
[2026-09-05T11:17:27.785-0400][383.292s][info][gc,task     ] GC(522) Using 23 workers of 23 for evacuation
[2026-09-05T11:17:27.792-0400][383.298s][info][gc,phases   ] GC(522)   Pre Evacuate Collection Set: 0.12ms
[2026-09-05T11:17:27.792-0400][383.298s][info][gc,phases   ] GC(522)   Merge Heap Roots: 0.18ms
[2026-09-05T11:17:27.792-0400][383.298s][info][gc,phases   ] GC(522)   Evacuate Collection Set: 5.65ms
[2026-09-05T11:17:27.792-0400][383.298s][info][gc,phases   ] GC(522)   Post Evacuate Collection Set: 0.50ms
[2026-09-05T11:17:27.792-0400][383.298s][info][gc,phases   ] GC(522)   Other: 0.17ms
[2026-09-05T11:17:27.792-0400][383.298s][info][gc,heap     ] GC(522) Eden regions: 562->0(548)
[2026-09-05T11:17:27.792-0400][383.298s][info][gc,heap     ] GC(522) Survivor regions: 34->41(75)
[2026-09-05T11:17:27.792-0400][383.298s][info][gc,heap     ] GC(522) Old regions: 1038->1038
[2026-09-05T11:17:27.792-0400][383.298s][info][gc,heap     ] GC(522) Archive regions: 0->0
[2026-09-05T11:17:27.792-0400][383.298s][info][gc,heap     ] GC(522) Humongous regions: 30->30
[2026-09-05T11:17:27.792-0400][383.298s][info][gc,metaspace] GC(522) Metaspace: 154132K(156800K)->154132K(156800K) NonClass: 132298K(133760K)->132298K(133760K) Class: 21834K(23040K)->21834K(23040K)
[2026-09-05T11:17:27.792-0400][383.298s][info][gc          ] GC(522) Pause Young (Normal) (G1 Evacuation Pause) 3326M->2215M(3774M) 6.736ms
[2026-09-05T11:17:27.792-0400][383.298s][info][gc,cpu      ] GC(522) User=0.00s Sys=0.00s Real=0.01s
[2026-09-05T11:17:28.316-0400][383.823s][info][gc,start    ] GC(523) Pause Young (Normal) (G1 Evacuation Pause)
[2026-09-05T11:17:28.316-0400][383.823s][info][gc,task     ] GC(523) Using 23 workers of 23 for evacuation
[2026-09-05T11:17:28.324-0400][383.831s][info][gc,phases   ] GC(523)   Pre Evacuate Collection Set: 0.25ms
[2026-09-05T11:17:28.324-0400][383.831s][info][gc,phases   ] GC(523)   Merge Heap Roots: 0.23ms
[2026-09-05T11:17:28.324-0400][383.831s][info][gc,phases   ] GC(523)   Evacuate Collection Set: 6.34ms
[2026-09-05T11:17:28.324-0400][383.831s][info][gc,phases   ] GC(523)   Post Evacuate Collection Set: 0.91ms
[2026-09-05T11:17:28.324-0400][383.831s][info][gc,phases   ] GC(523)   Other: 0.18ms
[2026-09-05T11:17:28.324-0400][383.831s][info][gc,heap     ] GC(523) Eden regions: 548->0(540)
[2026-09-05T11:17:28.324-0400][383.831s][info][gc,heap     ] GC(523) Survivor regions: 41->43(74)
[2026-09-05T11:17:28.324-0400][383.831s][info][gc,heap     ] GC(523) Old regions: 1038->1041
[2026-09-05T11:17:28.324-0400][383.831s][info][gc,heap     ] GC(523) Archive regions: 0->0
[2026-09-05T11:17:28.324-0400][383.831s][info][gc,heap     ] GC(523) Humongous regions: 31->31
[2026-09-05T11:17:28.324-0400][383.831s][info][gc,metaspace] GC(523) Metaspace: 154137K(156800K)->154137K(156800K) NonClass: 132302K(133760K)->132302K(133760K) Class: 21834K(23040K)->21834K(23040K)
[2026-09-05T11:17:28.324-0400][383.831s][info][gc          ] GC(523) Pause Young (Normal) (G1 Evacuation Pause) 3313M->2227M(3774M) 8.012ms
[2026-09-05T11:17:28.324-0400][383.831s][info][gc,cpu      ] GC(523) User=0.00s Sys=0.00s Real=0.01s
[2026-09-05T11:17:28.608-0400][384.114s][info][gc,start    ] GC(524) Pause Young (Normal) (GCLocker Initiated GC)
[2026-09-05T11:17:28.608-0400][384.114s][info][gc,task     ] GC(524) Using 23 workers of 23 for evacuation
[2026-09-05T11:17:28.616-0400][384.123s][info][gc,phases   ] GC(524)   Pre Evacuate Collection Set: 0.39ms
[2026-09-05T11:17:28.616-0400][384.123s][info][gc,phases   ] GC(524)   Merge Heap Roots: 0.20ms
[2026-09-05T11:17:28.616-0400][384.123s][info][gc,phases   ] GC(524)   Evacuate Collection Set: 7.15ms
[2026-09-05T11:17:28.616-0400][384.123s][info][gc,phases   ] GC(524)   Post Evacuate Collection Set: 0.68ms
[2026-09-05T11:17:28.616-0400][384.123s][info][gc,phases   ] GC(524)   Other: 0.25ms
[2026-09-05T11:17:28.616-0400][384.123s][info][gc,heap     ] GC(524) Eden regions: 540->0(534)
[2026-09-05T11:17:28.616-0400][384.123s][info][gc,heap     ] GC(524) Survivor regions: 43->44(73)
[2026-09-05T11:17:28.616-0400][384.123s][info][gc,heap     ] GC(524) Old regions: 1041->1045
[2026-09-05T11:17:28.616-0400][384.123s][info][gc,heap     ] GC(524) Archive regions: 0->0
[2026-09-05T11:17:28.616-0400][384.123s][info][gc,heap     ] GC(524) Humongous regions: 31->31
[2026-09-05T11:17:28.616-0400][384.123s][info][gc,metaspace] GC(524) Metaspace: 154137K(156800K)->154137K(156800K) NonClass: 132302K(133760K)->132302K(133760K) Class: 21834K(23040K)->21834K(23040K)
[2026-09-05T11:17:28.616-0400][384.123s][info][gc          ] GC(524) Pause Young (Normal) (GCLocker Initiated GC) 3307M->2239M(3774M) 8.783ms
[2026-09-05T11:17:28.616-0400][384.123s][info][gc,cpu      ] GC(524) User=0.00s Sys=0.00s Real=0.01s
[2026-09-05T11:17:28.970-0400][384.477s][info][gc,start    ] GC(525) Pause Young (Normal) (GCLocker Initiated GC)
[2026-09-05T11:17:28.970-0400][384.477s][info][gc,task     ] GC(525) Using 23 workers of 23 for evacuation
[2026-09-05T11:17:28.976-0400][384.483s][info][gc,phases   ] GC(525)   Pre Evacuate Collection Set: 0.29ms
[2026-09-05T11:17:28.976-0400][384.483s][info][gc,phases   ] GC(525)   Merge Heap Roots: 0.19ms
[2026-09-05T11:17:28.976-0400][384.483s][info][gc,phases   ] GC(525)   Evacuate Collection Set: 5.54ms
[2026-09-05T11:17:28.976-0400][384.483s][info][gc,phases   ] GC(525)   Post Evacuate Collection Set: 0.60ms
[2026-09-05T11:17:28.976-0400][384.483s][info][gc,phases   ] GC(525)   Other: 0.13ms
[2026-09-05T11:17:28.976-0400][384.483s][info][gc,heap     ] GC(525) Eden regions: 535->0(535)
[2026-09-05T11:17:28.976-0400][384.483s][info][gc,heap     ] GC(525) Survivor regions: 44->41(73)
[2026-09-05T11:17:28.976-0400][384.483s][info][gc,heap     ] GC(525) Old regions: 1045->1050
[2026-09-05T11:17:28.976-0400][384.483s][info][gc,heap     ] GC(525) Archive regions: 0->0
[2026-09-05T11:17:28.976-0400][384.484s][info][gc,heap     ] GC(525) Humongous regions: 31->31
[2026-09-05T11:17:28.976-0400][384.484s][info][gc,metaspace] GC(525) Metaspace: 154139K(156800K)->154139K(156800K) NonClass: 132304K(133760K)->132304K(133760K) Class: 21834K(23040K)->21834K(23040K)
[2026-09-05T11:17:28.976-0400][384.484s][info][gc          ] GC(525) Pause Young (Normal) (GCLocker Initiated GC) 3307M->2242M(3774M) 6.849ms
[2026-09-05T11:17:28.976-0400][384.484s][info][gc,cpu      ] GC(525) User=0.00s Sys=0.00s Real=0.01s
[2026-09-05T11:17:33.409-0400][388.916s][info][gc,start    ] GC(526) Pause Young (Normal) (GCLocker Initiated GC)
[2026-09-05T11:17:33.409-0400][388.916s][info][gc,task     ] GC(526) Using 23 workers of 23 for evacuation
[2026-09-05T11:17:33.416-0400][388.923s][info][gc,phases   ] GC(526)   Pre Evacuate Collection Set: 0.26ms
[2026-09-05T11:17:33.416-0400][388.923s][info][gc,phases   ] GC(526)   Merge Heap Roots: 0.21ms
[2026-09-05T11:17:33.416-0400][388.923s][info][gc,phases   ] GC(526)   Evacuate Collection Set: 5.45ms
[2026-09-05T11:17:33.416-0400][388.923s][info][gc,phases   ] GC(526)   Post Evacuate Collection Set: 0.79ms
[2026-09-05T11:17:33.416-0400][388.923s][info][gc,phases   ] GC(526)   Other: 0.13ms
[2026-09-05T11:17:33.416-0400][388.923s][info][gc,heap     ] GC(526) Eden regions: 536->0(535)
[2026-09-05T11:17:33.416-0400][388.923s][info][gc,heap     ] GC(526) Survivor regions: 41->39(72)
[2026-09-05T11:17:33.416-0400][388.923s][info][gc,heap     ] GC(526) Old regions: 1050->1054
[2026-09-05T11:17:33.416-0400][388.923s][info][gc,heap     ] GC(526) Archive regions: 0->0
[2026-09-05T11:17:33.416-0400][388.923s][info][gc,heap     ] GC(526) Humongous regions: 31->31
[2026-09-05T11:17:33.416-0400][388.923s][info][gc,metaspace] GC(526) Metaspace: 154145K(156800K)->154145K(156800K) NonClass: 132311K(133760K)->132311K(133760K) Class: 21834K(23040K)->21834K(23040K)
[2026-09-05T11:17:33.416-0400][388.923s][info][gc          ] GC(526) Pause Young (Normal) (GCLocker Initiated GC) 3312M->2247M(3774M) 6.983ms
[2026-09-05T11:17:33.416-0400][388.923s][info][gc,cpu      ] GC(526) User=0.00s Sys=0.00s Real=0.01s
[2026-09-05T11:17:35.772-0400][391.280s][info][gc,start    ] GC(527) Pause Young (Normal) (G1 Evacuation Pause)
[2026-09-05T11:17:35.772-0400][391.280s][info][gc,task     ] GC(527) Using 23 workers of 23 for evacuation
[2026-09-05T11:17:35.782-0400][391.289s][info][gc,phases   ] GC(527)   Pre Evacuate Collection Set: 0.19ms
[2026-09-05T11:17:35.782-0400][391.289s][info][gc,phases   ] GC(527)   Merge Heap Roots: 0.18ms
[2026-09-05T11:17:35.782-0400][391.289s][info][gc,phases   ] GC(527)   Evacuate Collection Set: 7.63ms
[2026-09-05T11:17:35.782-0400][391.289s][info][gc,phases   ] GC(527)   Post Evacuate Collection Set: 0.64ms
[2026-09-05T11:17:35.782-0400][391.289s][info][gc,phases   ] GC(527)   Other: 0.13ms
[2026-09-05T11:17:35.782-0400][391.289s][info][gc,heap     ] GC(527) Eden regions: 535->0(495)
[2026-09-05T11:17:35.782-0400][391.289s][info][gc,heap     ] GC(527) Survivor regions: 39->59(72)
[2026-09-05T11:17:35.782-0400][391.289s][info][gc,heap     ] GC(527) Old regions: 1054->1054
[2026-09-05T11:17:35.782-0400][391.289s][info][gc,heap     ] GC(527) Archive regions: 0->0
[2026-09-05T11:17:35.782-0400][391.289s][info][gc,heap     ] GC(527) Humongous regions: 32->31
[2026-09-05T11:17:35.782-0400][391.289s][info][gc,metaspace] GC(527) Metaspace: 154149K(156800K)->154149K(156800K) NonClass: 132315K(133760K)->132315K(133760K) Class: 21834K(23040K)->21834K(23040K)
[2026-09-05T11:17:35.782-0400][391.289s][info][gc          ] GC(527) Pause Young (Normal) (G1 Evacuation Pause) 3318M->2286M(3774M) 8.903ms
[2026-09-05T11:17:35.782-0400][391.289s][info][gc,cpu      ] GC(527) User=0.36s Sys=0.00s Real=0.01s
[2026-09-05T11:17:41.254-0400][396.760s][info][gc,start    ] GC(528) Pause Young (Normal) (G1 Evacuation Pause)
[2026-09-05T11:17:41.254-0400][396.760s][info][gc,task     ] GC(528) Using 23 workers of 23 for evacuation
[2026-09-05T11:17:41.262-0400][396.769s][info][gc,phases   ] GC(528)   Pre Evacuate Collection Set: 0.31ms
[2026-09-05T11:17:41.262-0400][396.769s][info][gc,phases   ] GC(528)   Merge Heap Roots: 0.26ms
[2026-09-05T11:17:41.262-0400][396.769s][info][gc,phases   ] GC(528)   Evacuate Collection Set: 7.25ms
[2026-09-05T11:17:41.262-0400][396.769s][info][gc,phases   ] GC(528)   Post Evacuate Collection Set: 1.10ms
[2026-09-05T11:17:41.262-0400][396.769s][info][gc,phases   ] GC(528)   Other: 0.12ms
[2026-09-05T11:17:41.262-0400][396.769s][info][gc,heap     ] GC(528) Eden regions: 495->0(513)
[2026-09-05T11:17:41.262-0400][396.769s][info][gc,heap     ] GC(528) Survivor regions: 59->36(70)
[2026-09-05T11:17:41.262-0400][396.769s][info][gc,heap     ] GC(528) Old regions: 1054->1079
[2026-09-05T11:17:41.262-0400][396.769s][info][gc,heap     ] GC(528) Archive regions: 0->0
[2026-09-05T11:17:41.262-0400][396.769s][info][gc,heap     ] GC(528) Humongous regions: 31->31
[2026-09-05T11:17:41.262-0400][396.769s][info][gc,metaspace] GC(528) Metaspace: 154161K(156800K)->154161K(156800K) NonClass: 132326K(133760K)->132326K(133760K) Class: 21834K(23040K)->21834K(23040K)
[2026-09-05T11:17:41.262-0400][396.769s][info][gc          ] GC(528) Pause Young (Normal) (G1 Evacuation Pause) 3276M->2291M(3774M) 9.190ms
[2026-09-05T11:17:41.262-0400][396.770s][info][gc,cpu      ] GC(528) User=0.02s Sys=0.00s Real=0.01s
[2026-09-05T11:17:46.005-0400][401.512s][info][gc,start    ] GC(529) Pause Young (Normal) (G1 Evacuation Pause)
[2026-09-05T11:17:46.005-0400][401.512s][info][gc,task     ] GC(529) Using 23 workers of 23 for evacuation
[2026-09-05T11:17:46.012-0400][401.519s][info][gc,phases   ] GC(529)   Pre Evacuate Collection Set: 0.35ms
[2026-09-05T11:17:46.012-0400][401.519s][info][gc,phases   ] GC(529)   Merge Heap Roots: 0.27ms
[2026-09-05T11:17:46.012-0400][401.519s][info][gc,phases   ] GC(529)   Evacuate Collection Set: 5.14ms
[2026-09-05T11:17:46.012-0400][401.519s][info][gc,phases   ] GC(529)   Post Evacuate Collection Set: 1.10ms
[2026-09-05T11:17:46.012-0400][401.519s][info][gc,phases   ] GC(529)   Other: 0.13ms
[2026-09-05T11:17:46.012-0400][401.519s][info][gc,heap     ] GC(529) Eden regions: 513->0(506)
[2026-09-05T11:17:46.012-0400][401.519s][info][gc,heap     ] GC(529) Survivor regions: 36->41(69)
[2026-09-05T11:17:46.012-0400][401.519s][info][gc,heap     ] GC(529) Old regions: 1079->1079
[2026-09-05T11:17:46.012-0400][401.519s][info][gc,heap     ] GC(529) Archive regions: 0->0
[2026-09-05T11:17:46.012-0400][401.519s][info][gc,heap     ] GC(529) Humongous regions: 32->31
[2026-09-05T11:17:46.012-0400][401.519s][info][gc,metaspace] GC(529) Metaspace: 154177K(156800K)->154177K(156800K) NonClass: 132340K(133760K)->132340K(133760K) Class: 21837K(23040K)->21837K(23040K)
[2026-09-05T11:17:46.012-0400][401.519s][info][gc          ] GC(529) Pause Young (Normal) (G1 Evacuation Pause) 3319M->2301M(3774M) 7.098ms
[2026-09-05T11:17:46.012-0400][401.519s][info][gc,cpu      ] GC(529) User=0.00s Sys=0.00s Real=0.01s
[2026-09-05T11:17:49.735-0400][405.241s][info][gc,start    ] GC(530) Pause Young (Normal) (G1 Evacuation Pause)
[2026-09-05T11:17:49.735-0400][405.241s][info][gc,task     ] GC(530) Using 23 workers of 23 for evacuation
[2026-09-05T11:17:49.744-0400][405.250s][info][gc,phases   ] GC(530)   Pre Evacuate Collection Set: 0.23ms
[2026-09-05T11:17:49.744-0400][405.250s][info][gc,phases   ] GC(530)   Merge Heap Roots: 0.20ms
[2026-09-05T11:17:49.744-0400][405.250s][info][gc,phases   ] GC(530)   Evacuate Collection Set: 6.80ms
[2026-09-05T11:17:49.744-0400][405.250s][info][gc,phases   ] GC(530)   Post Evacuate Collection Set: 1.50ms
[2026-09-05T11:17:49.744-0400][405.250s][info][gc,phases   ] GC(530)   Other: 0.14ms
[2026-09-05T11:17:49.744-0400][405.250s][info][gc,heap     ] GC(530) Eden regions: 506->0(477)
[2026-09-05T11:17:49.744-0400][405.250s][info][gc,heap     ] GC(530) Survivor regions: 41->54(69)
[2026-09-05T11:17:49.744-0400][405.250s][info][gc,heap     ] GC(530) Old regions: 1079->1082
[2026-09-05T11:17:49.744-0400][405.250s][info][gc,heap     ] GC(530) Archive regions: 0->0
[2026-09-05T11:17:49.744-0400][405.250s][info][gc,heap     ] GC(530) Humongous regions: 32->31
[2026-09-05T11:17:49.744-0400][405.250s][info][gc,metaspace] GC(530) Metaspace: 154179K(156800K)->154179K(156800K) NonClass: 132341K(133760K)->132341K(133760K) Class: 21837K(23040K)->21837K(23040K)
[2026-09-05T11:17:49.744-0400][405.250s][info][gc          ] GC(530) Pause Young (Normal) (G1 Evacuation Pause) 3315M->2333M(3774M) 8.979ms
[2026-09-05T11:17:49.744-0400][405.250s][info][gc,cpu      ] GC(530) User=0.00s Sys=0.00s Real=0.01s
[2026-09-05T11:17:50.040-0400][405.547s][info][gc,start    ] GC(531) Pause Young (Normal) (GCLocker Initiated GC)
[2026-09-05T11:17:50.040-0400][405.547s][info][gc,task     ] GC(531) Using 23 workers of 23 for evacuation
[2026-09-05T11:17:50.050-0400][405.557s][info][gc,phases   ] GC(531)   Pre Evacuate Collection Set: 0.30ms
[2026-09-05T11:17:50.050-0400][405.557s][info][gc,phases   ] GC(531)   Merge Heap Roots: 0.22ms
[2026-09-05T11:17:50.050-0400][405.557s][info][gc,phases   ] GC(531)   Evacuate Collection Set: 8.29ms
[2026-09-05T11:17:50.050-0400][405.557s][info][gc,phases   ] GC(531)   Post Evacuate Collection Set: 0.59ms
[2026-09-05T11:17:50.050-0400][405.557s][info][gc,phases   ] GC(531)   Other: 0.14ms
[2026-09-05T11:17:50.050-0400][405.557s][info][gc,heap     ] GC(531) Eden regions: 478->0(461)
[2026-09-05T11:17:50.050-0400][405.557s][info][gc,heap     ] GC(531) Survivor regions: 54->50(67)
[2026-09-05T11:17:50.050-0400][405.557s][info][gc,heap     ] GC(531) Old regions: 1082->1104
[2026-09-05T11:17:50.050-0400][405.557s][info][gc,heap     ] GC(531) Archive regions: 0->0
[2026-09-05T11:17:50.050-0400][405.557s][info][gc,heap     ] GC(531) Humongous regions: 31->31
[2026-09-05T11:17:50.050-0400][405.557s][info][gc,metaspace] GC(531) Metaspace: 154180K(156800K)->154180K(156800K) NonClass: 132342K(133760K)->132342K(133760K) Class: 21837K(23040K)->21837K(23040K)
[2026-09-05T11:17:50.050-0400][405.557s][info][gc          ] GC(531) Pause Young (Normal) (GCLocker Initiated GC) 3288M->2368M(3774M) 9.668ms
[2026-09-05T11:17:50.050-0400][405.557s][info][gc,cpu      ] GC(531) User=0.36s Sys=0.00s Real=0.01s
[2026-09-05T11:17:56.659-0400][412.165s][info][gc,start    ] GC(532) Pause Young (Normal) (G1 Evacuation Pause)
[2026-09-05T11:17:56.659-0400][412.165s][info][gc,task     ] GC(532) Using 23 workers of 23 for evacuation
[2026-09-05T11:17:56.665-0400][412.172s][info][gc,phases   ] GC(532)   Pre Evacuate Collection Set: 0.31ms
[2026-09-05T11:17:56.665-0400][412.172s][info][gc,phases   ] GC(532)   Merge Heap Roots: 0.23ms
[2026-09-05T11:17:56.665-0400][412.172s][info][gc,phases   ] GC(532)   Evacuate Collection Set: 5.21ms
[2026-09-05T11:17:56.665-0400][412.172s][info][gc,phases   ] GC(532)   Post Evacuate Collection Set: 0.77ms
[2026-09-05T11:17:56.665-0400][412.172s][info][gc,phases   ] GC(532)   Other: 0.13ms
[2026-09-05T11:17:56.665-0400][412.172s][info][gc,heap     ] GC(532) Eden regions: 461->0(466)
[2026-09-05T11:17:56.665-0400][412.172s][info][gc,heap     ] GC(532) Survivor regions: 50->21(64)
[2026-09-05T11:17:56.665-0400][412.172s][info][gc,heap     ] GC(532) Old regions: 1104->1131
[2026-09-05T11:17:56.665-0400][412.172s][info][gc,heap     ] GC(532) Archive regions: 0->0
[2026-09-05T11:17:56.665-0400][412.172s][info][gc,heap     ] GC(532) Humongous regions: 32->31
[2026-09-05T11:17:56.665-0400][412.172s][info][gc,metaspace] GC(532) Metaspace: 154183K(156800K)->154183K(156800K) NonClass: 132345K(133760K)->132345K(133760K) Class: 21837K(23040K)->21837K(23040K)
[2026-09-05T11:17:56.666-0400][412.172s][info][gc          ] GC(532) Pause Young (Normal) (G1 Evacuation Pause) 3292M->2365M(3774M) 6.921ms
[2026-09-05T11:17:56.666-0400][412.172s][info][gc,cpu      ] GC(532) User=0.00s Sys=0.00s Real=0.01s
[2026-09-05T11:18:08.054-0400][423.561s][info][gc,start    ] GC(533) Pause Young (Normal) (G1 Evacuation Pause)
[2026-09-05T11:18:08.054-0400][423.561s][info][gc,task     ] GC(533) Using 23 workers of 23 for evacuation
[2026-09-05T11:18:08.059-0400][423.565s][info][gc,phases   ] GC(533)   Pre Evacuate Collection Set: 0.30ms
[2026-09-05T11:18:08.059-0400][423.565s][info][gc,phases   ] GC(533)   Merge Heap Roots: 0.18ms
[2026-09-05T11:18:08.059-0400][423.565s][info][gc,phases   ] GC(533)   Evacuate Collection Set: 2.85ms
[2026-09-05T11:18:08.059-0400][423.565s][info][gc,phases   ] GC(533)   Post Evacuate Collection Set: 0.57ms
[2026-09-05T11:18:08.059-0400][423.565s][info][gc,phases   ] GC(533)   Other: 0.14ms
[2026-09-05T11:18:08.059-0400][423.565s][info][gc,heap     ] GC(533) Eden regions: 466->0(473)
[2026-09-05T11:18:08.059-0400][423.565s][info][gc,heap     ] GC(533) Survivor regions: 21->21(61)
[2026-09-05T11:18:08.059-0400][423.565s][info][gc,heap     ] GC(533) Old regions: 1131->1131
[2026-09-05T11:18:08.059-0400][423.565s][info][gc,heap     ] GC(533) Archive regions: 0->0
[2026-09-05T11:18:08.059-0400][423.565s][info][gc,heap     ] GC(533) Humongous regions: 31->31
[2026-09-05T11:18:08.059-0400][423.565s][info][gc,metaspace] GC(533) Metaspace: 154563K(157312K)->154563K(157312K) NonClass: 132657K(134144K)->132657K(134144K) Class: 21905K(23168K)->21905K(23168K)
[2026-09-05T11:18:08.059-0400][423.565s][info][gc          ] GC(533) Pause Young (Normal) (G1 Evacuation Pause) 3297M->2363M(3774M) 4.155ms
[2026-09-05T11:18:08.059-0400][423.565s][info][gc,cpu      ] GC(533) User=0.00s Sys=0.00s Real=0.01s
[2026-09-05T11:18:22.106-0400][437.612s][info][gc,start    ] GC(534) Pause Young (Normal) (G1 Evacuation Pause)
[2026-09-05T11:18:22.106-0400][437.612s][info][gc,task     ] GC(534) Using 23 workers of 23 for evacuation
[2026-09-05T11:18:22.109-0400][437.616s][info][gc,phases   ] GC(534)   Pre Evacuate Collection Set: 0.22ms
[2026-09-05T11:18:22.109-0400][437.616s][info][gc,phases   ] GC(534)   Merge Heap Roots: 0.17ms
[2026-09-05T11:18:22.109-0400][437.616s][info][gc,phases   ] GC(534)   Evacuate Collection Set: 2.30ms
[2026-09-05T11:18:22.109-0400][437.616s][info][gc,phases   ] GC(534)   Post Evacuate Collection Set: 0.95ms
[2026-09-05T11:18:22.109-0400][437.616s][info][gc,phases   ] GC(534)   Other: 0.16ms
[2026-09-05T11:18:22.109-0400][437.616s][info][gc,heap     ] GC(534) Eden regions: 473->0(482)
[2026-09-05T11:18:22.109-0400][437.616s][info][gc,heap     ] GC(534) Survivor regions: 21->19(62)
[2026-09-05T11:18:22.109-0400][437.616s][info][gc,heap     ] GC(534) Old regions: 1131->1131
[2026-09-05T11:18:22.109-0400][437.616s][info][gc,heap     ] GC(534) Archive regions: 0->0
[2026-09-05T11:18:22.109-0400][437.616s][info][gc,heap     ] GC(534) Humongous regions: 32->31
[2026-09-05T11:18:22.109-0400][437.616s][info][gc,metaspace] GC(534) Metaspace: 154582K(157312K)->154582K(157312K) NonClass: 132676K(134144K)->132676K(134144K) Class: 21905K(23168K)->21905K(23168K)
[2026-09-05T11:18:22.109-0400][437.616s][info][gc          ] GC(534) Pause Young (Normal) (G1 Evacuation Pause) 3311M->2361M(3774M) 4.006ms
[2026-09-05T11:18:22.109-0400][437.616s][info][gc,cpu      ] GC(534) User=0.11s Sys=0.00s Real=0.00s
[2026-09-05T11:18:36.391-0400][451.898s][info][gc,start    ] GC(535) Pause Young (Normal) (G1 Evacuation Pause)
[2026-09-05T11:18:36.391-0400][451.898s][info][gc,task     ] GC(535) Using 23 workers of 23 for evacuation
[2026-09-05T11:18:36.398-0400][451.904s][info][gc,phases   ] GC(535)   Pre Evacuate Collection Set: 0.25ms
[2026-09-05T11:18:36.398-0400][451.904s][info][gc,phases   ] GC(535)   Merge Heap Roots: 0.14ms
[2026-09-05T11:18:36.398-0400][451.904s][info][gc,phases   ] GC(535)   Evacuate Collection Set: 5.73ms
[2026-09-05T11:18:36.398-0400][451.905s][info][gc,phases   ] GC(535)   Post Evacuate Collection Set: 0.57ms
[2026-09-05T11:18:36.398-0400][451.905s][info][gc,phases   ] GC(535)   Other: 0.14ms
[2026-09-05T11:18:36.398-0400][451.905s][info][gc,heap     ] GC(535) Eden regions: 482->0(462)
[2026-09-05T11:18:36.398-0400][451.905s][info][gc,heap     ] GC(535) Survivor regions: 19->33(63)
[2026-09-05T11:18:36.398-0400][451.905s][info][gc,heap     ] GC(535) Old regions: 1131->1131
[2026-09-05T11:18:36.398-0400][451.905s][info][gc,heap     ] GC(535) Archive regions: 0->0
[2026-09-05T11:18:36.398-0400][451.905s][info][gc,heap     ] GC(535) Humongous regions: 31->31
[2026-09-05T11:18:36.398-0400][451.905s][info][gc,metaspace] GC(535) Metaspace: 154582K(157312K)->154582K(157312K) NonClass: 132676K(134144K)->132676K(134144K) Class: 21905K(23168K)->21905K(23168K)
[2026-09-05T11:18:36.398-0400][451.905s][info][gc          ] GC(535) Pause Young (Normal) (G1 Evacuation Pause) 3325M->2388M(3774M) 6.951ms
[2026-09-05T11:18:36.398-0400][451.905s][info][gc,cpu      ] GC(535) User=0.00s Sys=0.00s Real=0.01s
[2026-09-05T11:18:37.063-0400][452.569s][info][gc,start    ] GC(536) Pause Young (Normal) (G1 Evacuation Pause)
[2026-09-05T11:18:37.063-0400][452.569s][info][gc,task     ] GC(536) Using 23 workers of 23 for evacuation
[2026-09-05T11:18:37.071-0400][452.578s][info][gc,phases   ] GC(536)   Pre Evacuate Collection Set: 0.22ms
[2026-09-05T11:18:37.071-0400][452.578s][info][gc,phases   ] GC(536)   Merge Heap Roots: 0.18ms
[2026-09-05T11:18:37.071-0400][452.578s][info][gc,phases   ] GC(536)   Evacuate Collection Set: 7.50ms
[2026-09-05T11:18:37.071-0400][452.578s][info][gc,phases   ] GC(536)   Post Evacuate Collection Set: 0.54ms
[2026-09-05T11:18:37.071-0400][452.578s][info][gc,phases   ] GC(536)   Other: 0.11ms
[2026-09-05T11:18:37.071-0400][452.578s][info][gc,heap     ] GC(536) Eden regions: 462->0(427)
[2026-09-05T11:18:37.071-0400][452.578s][info][gc,heap     ] GC(536) Survivor regions: 33->51(62)
[2026-09-05T11:18:37.071-0400][452.578s][info][gc,heap     ] GC(536) Old regions: 1131->1131
[2026-09-05T11:18:37.071-0400][452.578s][info][gc,heap     ] GC(536) Archive regions: 0->0
[2026-09-05T11:18:37.071-0400][452.578s][info][gc,heap     ] GC(536) Humongous regions: 32->32
[2026-09-05T11:18:37.071-0400][452.578s][info][gc,metaspace] GC(536) Metaspace: 154584K(157312K)->154584K(157312K) NonClass: 132679K(134144K)->132679K(134144K) Class: 21905K(23168K)->21905K(23168K)
[2026-09-05T11:18:37.071-0400][452.578s][info][gc          ] GC(536) Pause Young (Normal) (G1 Evacuation Pause) 3314M->2426M(3774M) 8.697ms
[2026-09-05T11:18:37.071-0400][452.578s][info][gc,cpu      ] GC(536) User=0.00s Sys=0.00s Real=0.01s
[2026-09-05T11:18:37.270-0400][452.777s][info][gc,start    ] GC(537) Pause Young (Normal) (GCLocker Initiated GC)
[2026-09-05T11:18:37.270-0400][452.777s][info][gc,task     ] GC(537) Using 23 workers of 23 for evacuation
[2026-09-05T11:18:37.303-0400][452.809s][info][gc,phases   ] GC(537)   Pre Evacuate Collection Set: 0.22ms
[2026-09-05T11:18:37.303-0400][452.810s][info][gc,phases   ] GC(537)   Merge Heap Roots: 0.20ms
[2026-09-05T11:18:37.303-0400][452.810s][info][gc,phases   ] GC(537)   Evacuate Collection Set: 30.99ms
[2026-09-05T11:18:37.303-0400][452.810s][info][gc,phases   ] GC(537)   Post Evacuate Collection Set: 0.66ms
[2026-09-05T11:18:37.303-0400][452.810s][info][gc,phases   ] GC(537)   Other: 0.15ms
[2026-09-05T11:18:37.303-0400][452.810s][info][gc,heap     ] GC(537) Eden regions: 428->0(407)
[2026-09-05T11:18:37.303-0400][452.810s][info][gc,heap     ] GC(537) Survivor regions: 51->28(60)
[2026-09-05T11:18:37.303-0400][452.810s][info][gc,heap     ] GC(537) Old regions: 1131->1170
[2026-09-05T11:18:37.303-0400][452.810s][info][gc,heap     ] GC(537) Archive regions: 0->0
[2026-09-05T11:18:37.303-0400][452.810s][info][gc,heap     ] GC(537) Humongous regions: 32->32
[2026-09-05T11:18:37.303-0400][452.810s][info][gc,metaspace] GC(537) Metaspace: 154593K(157312K)->154593K(157312K) NonClass: 132687K(134144K)->132687K(134144K) Class: 21905K(23168K)->21905K(23168K)
[2026-09-05T11:18:37.303-0400][452.810s][info][gc          ] GC(537) Pause Young (Normal) (GCLocker Initiated GC) 3281M->2459M(3774M) 32.371ms
[2026-09-05T11:18:37.303-0400][452.810s][info][gc,cpu      ] GC(537) User=0.66s Sys=0.02s Real=0.03s
[2026-09-05T11:18:37.599-0400][453.105s][info][gc,start    ] GC(538) Pause Young (Normal) (G1 Evacuation Pause)
[2026-09-05T11:18:37.599-0400][453.105s][info][gc,task     ] GC(538) Using 23 workers of 23 for evacuation
[2026-09-05T11:18:37.610-0400][453.116s][info][gc,phases   ] GC(538)   Pre Evacuate Collection Set: 0.22ms
[2026-09-05T11:18:37.610-0400][453.116s][info][gc,phases   ] GC(538)   Merge Heap Roots: 0.17ms
[2026-09-05T11:18:37.610-0400][453.116s][info][gc,phases   ] GC(538)   Evacuate Collection Set: 9.97ms
[2026-09-05T11:18:37.610-0400][453.116s][info][gc,phases   ] GC(538)   Post Evacuate Collection Set: 0.53ms
[2026-09-05T11:18:37.610-0400][453.116s][info][gc,phases   ] GC(538)   Other: 0.15ms
[2026-09-05T11:18:37.610-0400][453.116s][info][gc,heap     ] GC(538) Eden regions: 407->0(360)
[2026-09-05T11:18:37.610-0400][453.116s][info][gc,heap     ] GC(538) Survivor regions: 28->55(55)
[2026-09-05T11:18:37.610-0400][453.116s][info][gc,heap     ] GC(538) Old regions: 1170->1171
[2026-09-05T11:18:37.610-0400][453.116s][info][gc,heap     ] GC(538) Archive regions: 0->0
[2026-09-05T11:18:37.610-0400][453.116s][info][gc,heap     ] GC(538) Humongous regions: 32->32
[2026-09-05T11:18:37.610-0400][453.116s][info][gc,metaspace] GC(538) Metaspace: 154597K(157312K)->154597K(157312K) NonClass: 132691K(134144K)->132691K(134144K) Class: 21905K(23168K)->21905K(23168K)
[2026-09-05T11:18:37.610-0400][453.116s][info][gc          ] GC(538) Pause Young (Normal) (G1 Evacuation Pause) 3273M->2514M(3774M) 11.180ms
[2026-09-05T11:18:37.610-0400][453.116s][info][gc,cpu      ] GC(538) User=0.33s Sys=0.03s Real=0.01s
[2026-09-05T11:18:38.207-0400][453.714s][info][gc,start    ] GC(539) Pause Young (Normal) (GCLocker Initiated GC)
[2026-09-05T11:18:38.207-0400][453.714s][info][gc,task     ] GC(539) Using 23 workers of 23 for evacuation
[2026-09-05T11:18:38.216-0400][453.723s][info][gc,phases   ] GC(539)   Pre Evacuate Collection Set: 0.28ms
[2026-09-05T11:18:38.216-0400][453.723s][info][gc,phases   ] GC(539)   Merge Heap Roots: 0.20ms
[2026-09-05T11:18:38.216-0400][453.723s][info][gc,phases   ] GC(539)   Evacuate Collection Set: 7.18ms
[2026-09-05T11:18:38.216-0400][453.723s][info][gc,phases   ] GC(539)   Post Evacuate Collection Set: 0.70ms
[2026-09-05T11:18:38.216-0400][453.723s][info][gc,phases   ] GC(539)   Other: 0.21ms
[2026-09-05T11:18:38.216-0400][453.723s][info][gc,heap     ] GC(539) Eden regions: 361->0(364)
[2026-09-05T11:18:38.216-0400][453.723s][info][gc,heap     ] GC(539) Survivor regions: 55->23(52)
[2026-09-05T11:18:38.216-0400][453.723s][info][gc,heap     ] GC(539) Old regions: 1171->1202
[2026-09-05T11:18:38.216-0400][453.723s][info][gc,heap     ] GC(539) Archive regions: 0->0
[2026-09-05T11:18:38.216-0400][453.723s][info][gc,heap     ] GC(539) Humongous regions: 32->32
[2026-09-05T11:18:38.216-0400][453.723s][info][gc,metaspace] GC(539) Metaspace: 154599K(157376K)->154599K(157376K) NonClass: 132693K(134208K)->132693K(134208K) Class: 21905K(23168K)->21905K(23168K)
[2026-09-05T11:18:38.216-0400][453.723s][info][gc          ] GC(539) Pause Young (Normal) (GCLocker Initiated GC) 3235M->2513M(3774M) 8.604ms
[2026-09-05T11:18:38.216-0400][453.723s][info][gc,cpu      ] GC(539) User=0.02s Sys=0.00s Real=0.01s
[2026-09-05T11:18:41.546-0400][457.053s][info][gc,start    ] GC(540) Pause Young (Normal) (G1 Evacuation Pause)
[2026-09-05T11:18:41.546-0400][457.053s][info][gc,task     ] GC(540) Using 23 workers of 23 for evacuation
[2026-09-05T11:18:41.550-0400][457.057s][info][gc,phases   ] GC(540)   Pre Evacuate Collection Set: 0.29ms
[2026-09-05T11:18:41.550-0400][457.057s][info][gc,phases   ] GC(540)   Merge Heap Roots: 0.22ms
[2026-09-05T11:18:41.550-0400][457.057s][info][gc,phases   ] GC(540)   Evacuate Collection Set: 2.79ms
[2026-09-05T11:18:41.550-0400][457.057s][info][gc,phases   ] GC(540)   Post Evacuate Collection Set: 0.73ms
[2026-09-05T11:18:41.550-0400][457.057s][info][gc,phases   ] GC(540)   Other: 0.13ms
[2026-09-05T11:18:41.550-0400][457.057s][info][gc,heap     ] GC(540) Eden regions: 364->0(382)
[2026-09-05T11:18:41.550-0400][457.057s][info][gc,heap     ] GC(540) Survivor regions: 23->18(49)
[2026-09-05T11:18:41.550-0400][457.057s][info][gc,heap     ] GC(540) Old regions: 1202->1202
[2026-09-05T11:18:41.550-0400][457.057s][info][gc,heap     ] GC(540) Archive regions: 0->0
[2026-09-05T11:18:41.550-0400][457.057s][info][gc,heap     ] GC(540) Humongous regions: 32->32
[2026-09-05T11:18:41.550-0400][457.057s][info][gc,metaspace] GC(540) Metaspace: 154602K(157376K)->154602K(157376K) NonClass: 132696K(134208K)->132696K(134208K) Class: 21905K(23168K)->21905K(23168K)
[2026-09-05T11:18:41.550-0400][457.057s][info][gc          ] GC(540) Pause Young (Normal) (G1 Evacuation Pause) 3241M->2502M(3774M) 4.267ms
[2026-09-05T11:18:41.550-0400][457.057s][info][gc,cpu      ] GC(540) User=0.00s Sys=0.00s Real=0.00s
[2026-09-05T11:18:43.840-0400][459.347s][info][gc,start    ] GC(541) Pause Young (Normal) (G1 Evacuation Pause)
[2026-09-05T11:18:43.840-0400][459.347s][info][gc,task     ] GC(541) Using 23 workers of 23 for evacuation
[2026-09-05T11:18:43.852-0400][459.358s][info][gc,phases   ] GC(541)   Pre Evacuate Collection Set: 0.26ms
[2026-09-05T11:18:43.852-0400][459.358s][info][gc,phases   ] GC(541)   Merge Heap Roots: 0.16ms
[2026-09-05T11:18:43.852-0400][459.358s][info][gc,phases   ] GC(541)   Evacuate Collection Set: 10.36ms
[2026-09-05T11:18:43.852-0400][459.358s][info][gc,phases   ] GC(541)   Post Evacuate Collection Set: 0.48ms
[2026-09-05T11:18:43.852-0400][459.358s][info][gc,phases   ] GC(541)   Other: 0.14ms
[2026-09-05T11:18:43.852-0400][459.358s][info][gc,heap     ] GC(541) Eden regions: 382->0(302)
[2026-09-05T11:18:43.852-0400][459.358s][info][gc,heap     ] GC(541) Survivor regions: 18->50(50)
[2026-09-05T11:18:43.852-0400][459.358s][info][gc,heap     ] GC(541) Old regions: 1202->1222
[2026-09-05T11:18:43.852-0400][459.358s][info][gc,heap     ] GC(541) Archive regions: 0->0
[2026-09-05T11:18:43.852-0400][459.358s][info][gc,heap     ] GC(541) Humongous regions: 32->32
[2026-09-05T11:18:43.852-0400][459.358s][info][gc,metaspace] GC(541) Metaspace: 154604K(157376K)->154604K(157376K) NonClass: 132698K(134208K)->132698K(134208K) Class: 21905K(23168K)->21905K(23168K)
[2026-09-05T11:18:43.852-0400][459.358s][info][gc          ] GC(541) Pause Young (Normal) (G1 Evacuation Pause) 3266M->2607M(3774M) 11.521ms
[2026-09-05T11:18:43.852-0400][459.358s][info][gc,cpu      ] GC(541) User=0.02s Sys=0.00s Real=0.01s
[2026-09-05T11:18:44.295-0400][459.802s][info][gc,start    ] GC(542) Pause Young (Normal) (GCLocker Initiated GC)
[2026-09-05T11:18:44.295-0400][459.802s][info][gc,task     ] GC(542) Using 23 workers of 23 for evacuation
[2026-09-05T11:18:44.304-0400][459.810s][info][gc,phases   ] GC(542)   Pre Evacuate Collection Set: 0.29ms
[2026-09-05T11:18:44.304-0400][459.810s][info][gc,phases   ] GC(542)   Merge Heap Roots: 0.17ms
[2026-09-05T11:18:44.304-0400][459.810s][info][gc,phases   ] GC(542)   Evacuate Collection Set: 6.47ms
[2026-09-05T11:18:44.304-0400][459.810s][info][gc,phases   ] GC(542)   Post Evacuate Collection Set: 0.92ms
[2026-09-05T11:18:44.304-0400][459.810s][info][gc,phases   ] GC(542)   Other: 0.11ms
[2026-09-05T11:18:44.304-0400][459.810s][info][gc,heap     ] GC(542) Eden regions: 302->0(309)
[2026-09-05T11:18:44.304-0400][459.810s][info][gc,heap     ] GC(542) Survivor regions: 50->21(44)
[2026-09-05T11:18:44.304-0400][459.810s][info][gc,heap     ] GC(542) Old regions: 1222->1251
[2026-09-05T11:18:44.304-0400][459.810s][info][gc,heap     ] GC(542) Archive regions: 0->0
[2026-09-05T11:18:44.304-0400][459.810s][info][gc,heap     ] GC(542) Humongous regions: 33->33
[2026-09-05T11:18:44.304-0400][459.810s][info][gc,metaspace] GC(542) Metaspace: 154604K(157376K)->154604K(157376K) NonClass: 132698K(134208K)->132698K(134208K) Class: 21905K(23168K)->21905K(23168K)
[2026-09-05T11:18:44.304-0400][459.810s][info][gc          ] GC(542) Pause Young (Normal) (GCLocker Initiated GC) 3213M->2609M(3774M) 8.071ms
[2026-09-05T11:18:44.304-0400][459.810s][info][gc,cpu      ] GC(542) User=0.00s Sys=0.00s Real=0.01s
[2026-09-05T11:18:44.419-0400][459.925s][info][gc,start    ] GC(543) Pause Young (Normal) (GCLocker Initiated GC)
[2026-09-05T11:18:44.419-0400][459.925s][info][gc,task     ] GC(543) Using 23 workers of 23 for evacuation
[2026-09-05T11:18:44.427-0400][459.933s][info][gc,phases   ] GC(543)   Pre Evacuate Collection Set: 0.28ms
[2026-09-05T11:18:44.427-0400][459.933s][info][gc,phases   ] GC(543)   Merge Heap Roots: 0.16ms
[2026-09-05T11:18:44.427-0400][459.933s][info][gc,phases   ] GC(543)   Evacuate Collection Set: 6.82ms
[2026-09-05T11:18:44.427-0400][459.933s][info][gc,phases   ] GC(543)   Post Evacuate Collection Set: 0.48ms
[2026-09-05T11:18:44.427-0400][459.933s][info][gc,phases   ] GC(543)   Other: 0.13ms
[2026-09-05T11:18:44.427-0400][459.933s][info][gc,heap     ] GC(543) Eden regions: 309->0(303)
[2026-09-05T11:18:44.427-0400][459.933s][info][gc,heap     ] GC(543) Survivor regions: 21->34(42)
[2026-09-05T11:18:44.427-0400][459.933s][info][gc,heap     ] GC(543) Old regions: 1251->1251
[2026-09-05T11:18:44.427-0400][459.933s][info][gc,heap     ] GC(543) Archive regions: 0->0
[2026-09-05T11:18:44.427-0400][459.933s][info][gc,heap     ] GC(543) Humongous regions: 33->33
[2026-09-05T11:18:44.427-0400][459.933s][info][gc,metaspace] GC(543) Metaspace: 154606K(157376K)->154606K(157376K) NonClass: 132701K(134208K)->132701K(134208K) Class: 21905K(23168K)->21905K(23168K)
[2026-09-05T11:18:44.427-0400][459.933s][info][gc          ] GC(543) Pause Young (Normal) (GCLocker Initiated GC) 3227M->2635M(3774M) 8.004ms
[2026-09-05T11:18:44.427-0400][459.933s][info][gc,cpu      ] GC(543) User=0.00s Sys=0.00s Real=0.01s
[2026-09-05T11:18:44.613-0400][460.120s][info][gc,start    ] GC(544) Pause Young (Normal) (G1 Evacuation Pause)
[2026-09-05T11:18:44.613-0400][460.120s][info][gc,task     ] GC(544) Using 23 workers of 23 for evacuation
[2026-09-05T11:18:44.622-0400][460.128s][info][gc,phases   ] GC(544)   Pre Evacuate Collection Set: 0.26ms
[2026-09-05T11:18:44.622-0400][460.128s][info][gc,phases   ] GC(544)   Merge Heap Roots: 0.16ms
[2026-09-05T11:18:44.622-0400][460.128s][info][gc,phases   ] GC(544)   Evacuate Collection Set: 6.94ms
[2026-09-05T11:18:44.622-0400][460.128s][info][gc,phases   ] GC(544)   Post Evacuate Collection Set: 0.57ms
[2026-09-05T11:18:44.622-0400][460.128s][info][gc,phases   ] GC(544)   Other: 0.12ms
[2026-09-05T11:18:44.622-0400][460.128s][info][gc,heap     ] GC(544) Eden regions: 303->0(288)
[2026-09-05T11:18:44.622-0400][460.128s][info][gc,heap     ] GC(544) Survivor regions: 34->40(43)
[2026-09-05T11:18:44.622-0400][460.128s][info][gc,heap     ] GC(544) Old regions: 1251->1262
[2026-09-05T11:18:44.622-0400][460.128s][info][gc,heap     ] GC(544) Archive regions: 0->0
[2026-09-05T11:18:44.622-0400][460.128s][info][gc,heap     ] GC(544) Humongous regions: 33->33
[2026-09-05T11:18:44.622-0400][460.128s][info][gc,metaspace] GC(544) Metaspace: 154606K(157376K)->154606K(157376K) NonClass: 132701K(134208K)->132701K(134208K) Class: 21905K(23168K)->21905K(23168K)
[2026-09-05T11:18:44.622-0400][460.128s][info][gc          ] GC(544) Pause Young (Normal) (G1 Evacuation Pause) 3241M->2667M(3774M) 8.160ms
[2026-09-05T11:18:44.622-0400][460.128s][info][gc,cpu      ] GC(544) User=0.00s Sys=0.00s Real=0.01s
[2026-09-05T11:18:44.839-0400][460.346s][info][gc,start    ] GC(545) Pause Young (Normal) (G1 Evacuation Pause)
[2026-09-05T11:18:44.840-0400][460.346s][info][gc,task     ] GC(545) Using 23 workers of 23 for evacuation
[2026-09-05T11:18:44.852-0400][460.359s][info][gc,phases   ] GC(545)   Pre Evacuate Collection Set: 0.27ms
[2026-09-05T11:18:44.852-0400][460.359s][info][gc,phases   ] GC(545)   Merge Heap Roots: 0.14ms
[2026-09-05T11:18:44.852-0400][460.359s][info][gc,phases   ] GC(545)   Evacuate Collection Set: 12.27ms
[2026-09-05T11:18:44.852-0400][460.359s][info][gc,phases   ] GC(545)   Post Evacuate Collection Set: 0.52ms
[2026-09-05T11:18:44.852-0400][460.359s][info][gc,phases   ] GC(545)   Other: 0.13ms
[2026-09-05T11:18:44.852-0400][460.359s][info][gc,heap     ] GC(545) Eden regions: 288->0(230)
[2026-09-05T11:18:44.852-0400][460.359s][info][gc,heap     ] GC(545) Survivor regions: 40->41(41)
[2026-09-05T11:18:44.852-0400][460.359s][info][gc,heap     ] GC(545) Old regions: 1262->1306
[2026-09-05T11:18:44.852-0400][460.359s][info][gc,heap     ] GC(545) Archive regions: 0->0
[2026-09-05T11:18:44.852-0400][460.359s][info][gc,heap     ] GC(545) Humongous regions: 33->33
[2026-09-05T11:18:44.852-0400][460.359s][info][gc,metaspace] GC(545) Metaspace: 154606K(157376K)->154606K(157376K) NonClass: 132701K(134208K)->132701K(134208K) Class: 21905K(23168K)->21905K(23168K)
[2026-09-05T11:18:44.852-0400][460.359s][info][gc          ] GC(545) Pause Young (Normal) (G1 Evacuation Pause) 3243M->2759M(3774M) 13.465ms
[2026-09-05T11:18:44.852-0400][460.359s][info][gc,cpu      ] GC(545) User=0.31s Sys=0.00s Real=0.01s
[2026-09-05T11:18:45.051-0400][460.557s][info][gc,start    ] GC(546) Pause Young (Normal) (G1 Evacuation Pause)
[2026-09-05T11:18:45.051-0400][460.557s][info][gc,task     ] GC(546) Using 23 workers of 23 for evacuation
[2026-09-05T11:18:45.060-0400][460.566s][info][gc,phases   ] GC(546)   Pre Evacuate Collection Set: 0.27ms
[2026-09-05T11:18:45.060-0400][460.566s][info][gc,phases   ] GC(546)   Merge Heap Roots: 0.15ms
[2026-09-05T11:18:45.060-0400][460.566s][info][gc,phases   ] GC(546)   Evacuate Collection Set: 7.82ms
[2026-09-05T11:18:45.060-0400][460.566s][info][gc,phases   ] GC(546)   Post Evacuate Collection Set: 0.51ms
[2026-09-05T11:18:45.060-0400][460.566s][info][gc,phases   ] GC(546)   Other: 0.22ms
[2026-09-05T11:18:45.060-0400][460.566s][info][gc,heap     ] GC(546) Eden regions: 230->0(216)
[2026-09-05T11:18:45.060-0400][460.566s][info][gc,heap     ] GC(546) Survivor regions: 41->32(34)
[2026-09-05T11:18:45.060-0400][460.566s][info][gc,heap     ] GC(546) Old regions: 1306->1332
[2026-09-05T11:18:45.060-0400][460.566s][info][gc,heap     ] GC(546) Archive regions: 0->0
[2026-09-05T11:18:45.060-0400][460.566s][info][gc,heap     ] GC(546) Humongous regions: 33->33
[2026-09-05T11:18:45.060-0400][460.566s][info][gc,metaspace] GC(546) Metaspace: 154606K(157376K)->154606K(157376K) NonClass: 132701K(134208K)->132701K(134208K) Class: 21905K(23168K)->21905K(23168K)
[2026-09-05T11:18:45.060-0400][460.566s][info][gc          ] GC(546) Pause Young (Normal) (G1 Evacuation Pause) 3219M->2791M(3774M) 9.067ms
[2026-09-05T11:18:45.060-0400][460.566s][info][gc,cpu      ] GC(546) User=0.02s Sys=0.00s Real=0.01s
[2026-09-05T11:18:45.240-0400][460.747s][info][gc,start    ] GC(547) Pause Young (Normal) (G1 Evacuation Pause)
[2026-09-05T11:18:45.240-0400][460.747s][info][gc,task     ] GC(547) Using 23 workers of 23 for evacuation
[2026-09-05T11:18:45.246-0400][460.753s][info][gc,phases   ] GC(547)   Pre Evacuate Collection Set: 0.27ms
[2026-09-05T11:18:45.246-0400][460.753s][info][gc,phases   ] GC(547)   Merge Heap Roots: 0.15ms
[2026-09-05T11:18:45.246-0400][460.753s][info][gc,phases   ] GC(547)   Evacuate Collection Set: 5.58ms
[2026-09-05T11:18:45.246-0400][460.753s][info][gc,phases   ] GC(547)   Post Evacuate Collection Set: 0.48ms
[2026-09-05T11:18:45.246-0400][460.753s][info][gc,phases   ] GC(547)   Other: 0.11ms
[2026-09-05T11:18:45.246-0400][460.753s][info][gc,heap     ] GC(547) Eden regions: 216->0(220)
[2026-09-05T11:18:45.246-0400][460.753s][info][gc,heap     ] GC(547) Survivor regions: 32->20(31)
[2026-09-05T11:18:45.246-0400][460.753s][info][gc,heap     ] GC(547) Old regions: 1332->1348
[2026-09-05T11:18:45.246-0400][460.753s][info][gc,heap     ] GC(547) Archive regions: 0->0
[2026-09-05T11:18:45.246-0400][460.753s][info][gc,heap     ] GC(547) Humongous regions: 33->33
[2026-09-05T11:18:45.246-0400][460.753s][info][gc,metaspace] GC(547) Metaspace: 154606K(157376K)->154606K(157376K) NonClass: 132701K(134208K)->132701K(134208K) Class: 21905K(23168K)->21905K(23168K)
[2026-09-05T11:18:45.246-0400][460.753s][info][gc          ] GC(547) Pause Young (Normal) (G1 Evacuation Pause) 3223M->2801M(3774M) 6.720ms
[2026-09-05T11:18:45.246-0400][460.753s][info][gc,cpu      ] GC(547) User=0.00s Sys=0.00s Real=0.01s
[2026-09-05T11:18:45.759-0400][461.265s][info][gc,start    ] GC(548) Pause Young (Normal) (G1 Evacuation Pause)
[2026-09-05T11:18:45.759-0400][461.265s][info][gc,task     ] GC(548) Using 23 workers of 23 for evacuation
[2026-09-05T11:18:45.766-0400][461.273s][info][gc,phases   ] GC(548)   Pre Evacuate Collection Set: 0.29ms
[2026-09-05T11:18:45.766-0400][461.273s][info][gc,phases   ] GC(548)   Merge Heap Roots: 0.23ms
[2026-09-05T11:18:45.766-0400][461.273s][info][gc,phases   ] GC(548)   Evacuate Collection Set: 5.99ms
[2026-09-05T11:18:45.766-0400][461.273s][info][gc,phases   ] GC(548)   Post Evacuate Collection Set: 0.75ms
[2026-09-05T11:18:45.766-0400][461.273s][info][gc,phases   ] GC(548)   Other: 0.12ms
[2026-09-05T11:18:45.766-0400][461.273s][info][gc,heap     ] GC(548) Eden regions: 220->0(217)
[2026-09-05T11:18:45.766-0400][461.273s][info][gc,heap     ] GC(548) Survivor regions: 20->17(30)
[2026-09-05T11:18:45.766-0400][461.273s][info][gc,heap     ] GC(548) Old regions: 1348->1362
[2026-09-05T11:18:45.766-0400][461.273s][info][gc,heap     ] GC(548) Archive regions: 0->0
[2026-09-05T11:18:45.766-0400][461.273s][info][gc,heap     ] GC(548) Humongous regions: 33->33
[2026-09-05T11:18:45.766-0400][461.273s][info][gc,metaspace] GC(548) Metaspace: 154609K(157376K)->154609K(157376K) NonClass: 132703K(134208K)->132703K(134208K) Class: 21905K(23168K)->21905K(23168K)
[2026-09-05T11:18:45.766-0400][461.273s][info][gc          ] GC(548) Pause Young (Normal) (G1 Evacuation Pause) 3241M->2821M(3774M) 7.503ms
[2026-09-05T11:18:45.766-0400][461.273s][info][gc,cpu      ] GC(548) User=0.36s Sys=0.00s Real=0.01s
[2026-09-05T11:18:46.653-0400][462.160s][info][gc,start    ] GC(549) Pause Young (Normal) (G1 Evacuation Pause)
[2026-09-05T11:18:46.653-0400][462.160s][info][gc,task     ] GC(549) Using 23 workers of 23 for evacuation
[2026-09-05T11:18:46.656-0400][462.163s][info][gc,phases   ] GC(549)   Pre Evacuate Collection Set: 0.30ms
[2026-09-05T11:18:46.656-0400][462.163s][info][gc,phases   ] GC(549)   Merge Heap Roots: 0.18ms
[2026-09-05T11:18:46.656-0400][462.163s][info][gc,phases   ] GC(549)   Evacuate Collection Set: 1.91ms
[2026-09-05T11:18:46.656-0400][462.163s][info][gc,phases   ] GC(549)   Post Evacuate Collection Set: 0.59ms
[2026-09-05T11:18:46.656-0400][462.163s][info][gc,phases   ] GC(549)   Other: 0.12ms
[2026-09-05T11:18:46.656-0400][462.163s][info][gc,heap     ] GC(549) Eden regions: 217->0(236)
[2026-09-05T11:18:46.656-0400][462.163s][info][gc,heap     ] GC(549) Survivor regions: 17->9(30)
[2026-09-05T11:18:46.656-0400][462.163s][info][gc,heap     ] GC(549) Old regions: 1362->1362
[2026-09-05T11:18:46.656-0400][462.163s][info][gc,heap     ] GC(549) Archive regions: 0->0
[2026-09-05T11:18:46.656-0400][462.163s][info][gc,heap     ] GC(549) Humongous regions: 33->33
[2026-09-05T11:18:46.656-0400][462.163s][info][gc,metaspace] GC(549) Metaspace: 154609K(157376K)->154609K(157376K) NonClass: 132703K(134208K)->132703K(134208K) Class: 21905K(23168K)->21905K(23168K)
[2026-09-05T11:18:46.656-0400][462.163s][info][gc          ] GC(549) Pause Young (Normal) (G1 Evacuation Pause) 3255M->2805M(3774M) 3.207ms
[2026-09-05T11:18:46.656-0400][462.163s][info][gc,cpu      ] GC(549) User=0.02s Sys=0.00s Real=0.00s
[2026-09-05T11:18:51.705-0400][467.212s][info][gc,start    ] GC(550) Pause Young (Normal) (G1 Evacuation Pause)
[2026-09-05T11:18:51.705-0400][467.212s][info][gc,task     ] GC(550) Using 23 workers of 23 for evacuation
[2026-09-05T11:18:51.709-0400][467.216s][info][gc,phases   ] GC(550)   Pre Evacuate Collection Set: 0.37ms
[2026-09-05T11:18:51.709-0400][467.216s][info][gc,phases   ] GC(550)   Merge Heap Roots: 0.20ms
[2026-09-05T11:18:51.709-0400][467.216s][info][gc,phases   ] GC(550)   Evacuate Collection Set: 2.14ms
[2026-09-05T11:18:51.709-0400][467.216s][info][gc,phases   ] GC(550)   Post Evacuate Collection Set: 0.96ms
[2026-09-05T11:18:51.709-0400][467.216s][info][gc,phases   ] GC(550)   Other: 0.17ms
[2026-09-05T11:18:51.709-0400][467.216s][info][gc,heap     ] GC(550) Eden regions: 236->0(239)
[2026-09-05T11:18:51.709-0400][467.216s][info][gc,heap     ] GC(550) Survivor regions: 9->13(31)
[2026-09-05T11:18:51.709-0400][467.216s][info][gc,heap     ] GC(550) Old regions: 1362->1362
[2026-09-05T11:18:51.709-0400][467.216s][info][gc,heap     ] GC(550) Archive regions: 0->0
[2026-09-05T11:18:51.709-0400][467.216s][info][gc,heap     ] GC(550) Humongous regions: 33->33
[2026-09-05T11:18:51.709-0400][467.216s][info][gc,metaspace] GC(550) Metaspace: 154615K(157376K)->154615K(157376K) NonClass: 132709K(134208K)->132709K(134208K) Class: 21905K(23168K)->21905K(23168K)
[2026-09-05T11:18:51.709-0400][467.216s][info][gc          ] GC(550) Pause Young (Normal) (G1 Evacuation Pause) 3277M->2812M(3774M) 4.386ms
[2026-09-05T11:18:51.709-0400][467.216s][info][gc,cpu      ] GC(550) User=0.00s Sys=0.00s Real=0.00s
[2026-09-05T11:18:53.223-0400][468.730s][info][gc,start    ] GC(551) Pause Young (Normal) (G1 Evacuation Pause)
[2026-09-05T11:18:53.223-0400][468.730s][info][gc,task     ] GC(551) Using 23 workers of 23 for evacuation
[2026-09-05T11:18:53.232-0400][468.739s][info][gc,phases   ] GC(551)   Pre Evacuate Collection Set: 0.27ms
[2026-09-05T11:18:53.232-0400][468.739s][info][gc,phases   ] GC(551)   Merge Heap Roots: 0.18ms
[2026-09-05T11:18:53.232-0400][468.739s][info][gc,phases   ] GC(551)   Evacuate Collection Set: 8.01ms
[2026-09-05T11:18:53.232-0400][468.739s][info][gc,phases   ] GC(551)   Post Evacuate Collection Set: 0.50ms
[2026-09-05T11:18:53.232-0400][468.739s][info][gc,phases   ] GC(551)   Other: 0.12ms
[2026-09-05T11:18:53.232-0400][468.739s][info][gc,heap     ] GC(551) Eden regions: 239->0(188)
[2026-09-05T11:18:53.232-0400][468.739s][info][gc,heap     ] GC(551) Survivor regions: 13->32(32)
[2026-09-05T11:18:53.232-0400][468.739s][info][gc,heap     ] GC(551) Old regions: 1362->1380
[2026-09-05T11:18:53.232-0400][468.739s][info][gc,heap     ] GC(551) Archive regions: 0->0
[2026-09-05T11:18:53.232-0400][468.739s][info][gc,heap     ] GC(551) Humongous regions: 33->33
[2026-09-05T11:18:53.232-0400][468.739s][info][gc,metaspace] GC(551) Metaspace: 154620K(157376K)->154620K(157376K) NonClass: 132714K(134208K)->132714K(134208K) Class: 21905K(23168K)->21905K(23168K)
[2026-09-05T11:18:53.233-0400][468.739s][info][gc          ] GC(551) Pause Young (Normal) (G1 Evacuation Pause) 3290M->2888M(3774M) 9.232ms
[2026-09-05T11:18:53.233-0400][468.739s][info][gc,cpu      ] GC(551) User=0.36s Sys=0.00s Real=0.01s
[2026-09-05T11:18:53.723-0400][469.230s][info][gc,start    ] GC(552) Pause Young (Normal) (G1 Evacuation Pause)
[2026-09-05T11:18:53.723-0400][469.230s][info][gc,task     ] GC(552) Using 23 workers of 23 for evacuation
[2026-09-05T11:18:53.730-0400][469.236s][info][gc,phases   ] GC(552)   Pre Evacuate Collection Set: 0.18ms
[2026-09-05T11:18:53.730-0400][469.236s][info][gc,phases   ] GC(552)   Merge Heap Roots: 0.19ms
[2026-09-05T11:18:53.730-0400][469.236s][info][gc,phases   ] GC(552)   Evacuate Collection Set: 5.08ms
[2026-09-05T11:18:53.730-0400][469.237s][info][gc,phases   ] GC(552)   Post Evacuate Collection Set: 0.59ms
[2026-09-05T11:18:53.730-0400][469.237s][info][gc,phases   ] GC(552)   Other: 0.12ms
[2026-09-05T11:18:53.730-0400][469.237s][info][gc,heap     ] GC(552) Eden regions: 188->0(188)
[2026-09-05T11:18:53.730-0400][469.237s][info][gc,heap     ] GC(552) Survivor regions: 32->16(28)
[2026-09-05T11:18:53.730-0400][469.237s][info][gc,heap     ] GC(552) Old regions: 1380->1401
[2026-09-05T11:18:53.730-0400][469.237s][info][gc,heap     ] GC(552) Archive regions: 0->0
[2026-09-05T11:18:53.730-0400][469.237s][info][gc,heap     ] GC(552) Humongous regions: 34->34
[2026-09-05T11:18:53.730-0400][469.237s][info][gc,metaspace] GC(552) Metaspace: 154620K(157376K)->154620K(157376K) NonClass: 132714K(134208K)->132714K(134208K) Class: 21905K(23168K)->21905K(23168K)
[2026-09-05T11:18:53.730-0400][469.237s][info][gc          ] GC(552) Pause Young (Normal) (G1 Evacuation Pause) 3266M->2901M(3774M) 6.289ms
[2026-09-05T11:18:53.730-0400][469.237s][info][gc,cpu      ] GC(552) User=0.00s Sys=0.00s Real=0.01s
[2026-09-05T11:18:53.807-0400][469.314s][info][gc,start    ] GC(553) Pause Young (Normal) (G1 Evacuation Pause)
[2026-09-05T11:18:53.807-0400][469.314s][info][gc,task     ] GC(553) Using 23 workers of 23 for evacuation
[2026-09-05T11:18:53.812-0400][469.319s][info][gc,phases   ] GC(553)   Pre Evacuate Collection Set: 0.21ms
[2026-09-05T11:18:53.812-0400][469.319s][info][gc,phases   ] GC(553)   Merge Heap Roots: 0.15ms
[2026-09-05T11:18:53.812-0400][469.319s][info][gc,phases   ] GC(553)   Evacuate Collection Set: 4.29ms
[2026-09-05T11:18:53.812-0400][469.319s][info][gc,phases   ] GC(553)   Post Evacuate Collection Set: 0.47ms
[2026-09-05T11:18:53.812-0400][469.319s][info][gc,phases   ] GC(553)   Other: 0.12ms
[2026-09-05T11:18:53.812-0400][469.319s][info][gc,heap     ] GC(553) Eden regions: 188->0(188)
[2026-09-05T11:18:53.812-0400][469.319s][info][gc,heap     ] GC(553) Survivor regions: 16->23(26)
[2026-09-05T11:18:53.812-0400][469.319s][info][gc,heap     ] GC(553) Old regions: 1401->1401
[2026-09-05T11:18:53.812-0400][469.319s][info][gc,heap     ] GC(553) Archive regions: 0->0
[2026-09-05T11:18:53.812-0400][469.319s][info][gc,heap     ] GC(553) Humongous regions: 34->34
[2026-09-05T11:18:53.812-0400][469.319s][info][gc,metaspace] GC(553) Metaspace: 154624K(157376K)->154624K(157376K) NonClass: 132717K(134208K)->132717K(134208K) Class: 21907K(23168K)->21907K(23168K)
[2026-09-05T11:18:53.812-0400][469.319s][info][gc          ] GC(553) Pause Young (Normal) (G1 Evacuation Pause) 3276M->2914M(3774M) 5.362ms
[2026-09-05T11:18:53.812-0400][469.319s][info][gc,cpu      ] GC(553) User=0.36s Sys=0.00s Real=0.01s
[2026-09-05T11:18:53.888-0400][469.395s][info][gc,start    ] GC(554) Pause Young (Normal) (GCLocker Initiated GC)
[2026-09-05T11:18:53.888-0400][469.395s][info][gc,task     ] GC(554) Using 23 workers of 23 for evacuation
[2026-09-05T11:18:53.894-0400][469.401s][info][gc,phases   ] GC(554)   Pre Evacuate Collection Set: 0.13ms
[2026-09-05T11:18:53.894-0400][469.401s][info][gc,phases   ] GC(554)   Merge Heap Roots: 0.15ms
[2026-09-05T11:18:53.894-0400][469.401s][info][gc,phases   ] GC(554)   Evacuate Collection Set: 4.78ms
[2026-09-05T11:18:53.894-0400][469.401s][info][gc,phases   ] GC(554)   Post Evacuate Collection Set: 0.39ms
[2026-09-05T11:18:53.894-0400][469.401s][info][gc,phases   ] GC(554)   Other: 0.12ms
[2026-09-05T11:18:53.894-0400][469.401s][info][gc,heap     ] GC(554) Eden regions: 189->0(186)
[2026-09-05T11:18:53.894-0400][469.401s][info][gc,heap     ] GC(554) Survivor regions: 23->20(27)
[2026-09-05T11:18:53.894-0400][469.401s][info][gc,heap     ] GC(554) Old regions: 1401->1411
[2026-09-05T11:18:53.894-0400][469.401s][info][gc,heap     ] GC(554) Archive regions: 0->0
[2026-09-05T11:18:53.894-0400][469.401s][info][gc,heap     ] GC(554) Humongous regions: 34->34
[2026-09-05T11:18:53.894-0400][469.401s][info][gc,metaspace] GC(554) Metaspace: 154626K(157376K)->154626K(157376K) NonClass: 132719K(134208K)->132719K(134208K) Class: 21907K(23168K)->21907K(23168K)
[2026-09-05T11:18:53.894-0400][469.401s][info][gc          ] GC(554) Pause Young (Normal) (GCLocker Initiated GC) 3291M->2928M(3774M) 5.685ms
[2026-09-05T11:18:53.894-0400][469.401s][info][gc,cpu      ] GC(554) User=0.00s Sys=0.00s Real=0.01s
[2026-09-05T11:18:54.041-0400][469.548s][info][gc,start    ] GC(555) Pause Young (Normal) (G1 Evacuation Pause)
[2026-09-05T11:18:54.041-0400][469.548s][info][gc,task     ] GC(555) Using 23 workers of 23 for evacuation
[2026-09-05T11:18:54.047-0400][469.553s][info][gc,phases   ] GC(555)   Pre Evacuate Collection Set: 0.14ms
[2026-09-05T11:18:54.047-0400][469.554s][info][gc,phases   ] GC(555)   Merge Heap Roots: 0.17ms
[2026-09-05T11:18:54.047-0400][469.554s][info][gc,phases   ] GC(555)   Evacuate Collection Set: 4.83ms
[2026-09-05T11:18:54.047-0400][469.554s][info][gc,phases   ] GC(555)   Post Evacuate Collection Set: 0.58ms
[2026-09-05T11:18:54.047-0400][469.554s][info][gc,phases   ] GC(555)   Other: 0.21ms
[2026-09-05T11:18:54.047-0400][469.554s][info][gc,heap     ] GC(555) Eden regions: 186->0(180)
[2026-09-05T11:18:54.047-0400][469.554s][info][gc,heap     ] GC(555) Survivor regions: 20->25(26)
[2026-09-05T11:18:54.047-0400][469.554s][info][gc,heap     ] GC(555) Old regions: 1411->1414
[2026-09-05T11:18:54.047-0400][469.554s][info][gc,heap     ] GC(555) Archive regions: 0->0
[2026-09-05T11:18:54.047-0400][469.554s][info][gc,heap     ] GC(555) Humongous regions: 34->34
[2026-09-05T11:18:54.047-0400][469.554s][info][gc,metaspace] GC(555) Metaspace: 154628K(157376K)->154628K(157376K) NonClass: 132721K(134208K)->132721K(134208K) Class: 21907K(23168K)->21907K(23168K)
[2026-09-05T11:18:54.047-0400][469.554s][info][gc          ] GC(555) Pause Young (Normal) (G1 Evacuation Pause) 3300M->2944M(3774M) 6.183ms
[2026-09-05T11:18:54.047-0400][469.554s][info][gc,cpu      ] GC(555) User=0.34s Sys=0.00s Real=0.01s
[2026-09-05T11:18:54.181-0400][469.688s][info][gc,start    ] GC(556) Pause Young (Normal) (G1 Evacuation Pause)
[2026-09-05T11:18:54.181-0400][469.689s][info][gc,task     ] GC(556) Using 23 workers of 23 for evacuation
[2026-09-05T11:18:54.193-0400][469.700s][info][gc,phases   ] GC(556)   Pre Evacuate Collection Set: 0.20ms
[2026-09-05T11:18:54.193-0400][469.700s][info][gc,phases   ] GC(556)   Merge Heap Roots: 0.12ms
[2026-09-05T11:18:54.193-0400][469.700s][info][gc,phases   ] GC(556)   Evacuate Collection Set: 10.10ms
[2026-09-05T11:18:54.193-0400][469.700s][info][gc,phases   ] GC(556)   Post Evacuate Collection Set: 0.55ms
[2026-09-05T11:18:54.193-0400][469.700s][info][gc,phases   ] GC(556)   Other: 0.13ms
[2026-09-05T11:18:54.193-0400][469.700s][info][gc,heap     ] GC(556) Eden regions: 180->0(130)
[2026-09-05T11:18:54.193-0400][469.700s][info][gc,heap     ] GC(556) Survivor regions: 25->26(26)
[2026-09-05T11:18:54.193-0400][469.700s][info][gc,heap     ] GC(556) Old regions: 1414->1453
[2026-09-05T11:18:54.193-0400][469.700s][info][gc,heap     ] GC(556) Archive regions: 0->0
[2026-09-05T11:18:54.193-0400][469.700s][info][gc,heap     ] GC(556) Humongous regions: 34->34
[2026-09-05T11:18:54.193-0400][469.700s][info][gc,metaspace] GC(556) Metaspace: 154628K(157376K)->154628K(157376K) NonClass: 132721K(134208K)->132721K(134208K) Class: 21907K(23168K)->21907K(23168K)
[2026-09-05T11:18:54.193-0400][469.700s][info][gc          ] GC(556) Pause Young (Normal) (G1 Evacuation Pause) 3304M->3024M(3774M) 11.263ms
[2026-09-05T11:18:54.193-0400][469.700s][info][gc,cpu      ] GC(556) User=0.33s Sys=0.00s Real=0.01s
[2026-09-05T11:18:54.399-0400][469.905s][info][gc,start    ] GC(557) Pause Young (Concurrent Start) (GCLocker Initiated GC)
[2026-09-05T11:18:54.399-0400][469.905s][info][gc,task     ] GC(557) Using 23 workers of 23 for evacuation
[2026-09-05T11:18:54.408-0400][469.915s][info][gc,phases   ] GC(557)   Pre Evacuate Collection Set: 0.34ms
[2026-09-05T11:18:54.408-0400][469.915s][info][gc,phases   ] GC(557)   Merge Heap Roots: 0.19ms
[2026-09-05T11:18:54.408-0400][469.915s][info][gc,phases   ] GC(557)   Evacuate Collection Set: 8.42ms
[2026-09-05T11:18:54.408-0400][469.915s][info][gc,phases   ] GC(557)   Post Evacuate Collection Set: 0.54ms
[2026-09-05T11:18:54.408-0400][469.915s][info][gc,phases   ] GC(557)   Other: 0.31ms
[2026-09-05T11:18:54.408-0400][469.915s][info][gc,heap     ] GC(557) Eden regions: 130->0(110)
[2026-09-05T11:18:54.408-0400][469.915s][info][gc,heap     ] GC(557) Survivor regions: 26->20(20)
[2026-09-05T11:18:54.408-0400][469.915s][info][gc,heap     ] GC(557) Old regions: 1453->1479
[2026-09-05T11:18:54.408-0400][469.915s][info][gc,heap     ] GC(557) Archive regions: 0->0
[2026-09-05T11:18:54.408-0400][469.915s][info][gc,heap     ] GC(557) Humongous regions: 34->34
[2026-09-05T11:18:54.408-0400][469.915s][info][gc,metaspace] GC(557) Metaspace: 154631K(157376K)->154631K(157376K) NonClass: 132724K(134208K)->132724K(134208K) Class: 21907K(23168K)->21907K(23168K)
[2026-09-05T11:18:54.408-0400][469.915s][info][gc          ] GC(557) Pause Young (Concurrent Start) (GCLocker Initiated GC) 3284M->3065M(3774M) 10.016ms
[2026-09-05T11:18:54.408-0400][469.915s][info][gc,cpu      ] GC(557) User=0.36s Sys=0.00s Real=0.01s
[2026-09-05T11:18:54.408-0400][469.915s][info][gc          ] GC(558) Concurrent Mark Cycle
[2026-09-05T11:18:54.408-0400][469.915s][info][gc,marking  ] GC(558) Concurrent Clear Claimed Marks
[2026-09-05T11:18:54.408-0400][469.915s][info][gc,marking  ] GC(558) Concurrent Clear Claimed Marks 0.168ms
[2026-09-05T11:18:54.408-0400][469.915s][info][gc,marking  ] GC(558) Concurrent Scan Root Regions
[2026-09-05T11:18:54.415-0400][469.922s][info][gc,marking  ] GC(558) Concurrent Scan Root Regions 6.379ms
[2026-09-05T11:18:54.415-0400][469.922s][info][gc,marking  ] GC(558) Concurrent Mark
[2026-09-05T11:18:54.415-0400][469.922s][info][gc,marking  ] GC(558) Concurrent Mark From Roots
[2026-09-05T11:18:54.415-0400][469.922s][info][gc,task     ] GC(558) Using 6 workers of 6 for marking
[2026-09-05T11:18:54.531-0400][470.038s][info][gc,marking  ] GC(558) Concurrent Mark From Roots 116.611ms
[2026-09-05T11:18:54.531-0400][470.038s][info][gc,marking  ] GC(558) Concurrent Preclean
[2026-09-05T11:18:54.532-0400][470.039s][info][gc,marking  ] GC(558) Concurrent Preclean 0.441ms
[2026-09-05T11:18:54.532-0400][470.039s][info][gc,start    ] GC(558) Pause Remark
[2026-09-05T11:18:54.544-0400][470.050s][info][gc          ] GC(558) Pause Remark 3245M->2829M(4096M) 11.451ms
[2026-09-05T11:18:54.544-0400][470.050s][info][gc,cpu      ] GC(558) User=0.00s Sys=0.00s Real=0.01s
[2026-09-05T11:18:54.544-0400][470.051s][info][gc,marking  ] GC(558) Concurrent Mark 128.826ms
[2026-09-05T11:18:54.544-0400][470.051s][info][gc,marking  ] GC(558) Concurrent Rebuild Remembered Sets
[2026-09-05T11:18:54.589-0400][470.096s][info][gc,start    ] GC(559) Pause Young (Normal) (G1 Evacuation Pause)
[2026-09-05T11:18:54.589-0400][470.096s][info][gc,task     ] GC(559) Using 23 workers of 23 for evacuation
[2026-09-05T11:18:54.596-0400][470.103s][info][gc,phases   ] GC(559)   Pre Evacuate Collection Set: 0.14ms
[2026-09-05T11:18:54.596-0400][470.103s][info][gc,phases   ] GC(559)   Merge Heap Roots: 0.20ms
[2026-09-05T11:18:54.596-0400][470.103s][info][gc,phases   ] GC(559)   Evacuate Collection Set: 5.56ms
[2026-09-05T11:18:54.596-0400][470.103s][info][gc,phases   ] GC(559)   Post Evacuate Collection Set: 0.55ms
[2026-09-05T11:18:54.596-0400][470.103s][info][gc,phases   ] GC(559)   Other: 0.12ms
[2026-09-05T11:18:54.596-0400][470.103s][info][gc,heap     ] GC(559) Eden regions: 110->0(337)
[2026-09-05T11:18:54.596-0400][470.103s][info][gc,heap     ] GC(559) Survivor regions: 20->12(17)
[2026-09-05T11:18:54.596-0400][470.103s][info][gc,heap     ] GC(559) Old regions: 1278->1299
[2026-09-05T11:18:54.596-0400][470.103s][info][gc,heap     ] GC(559) Archive regions: 0->0
[2026-09-05T11:18:54.596-0400][470.103s][info][gc,heap     ] GC(559) Humongous regions: 27->27
[2026-09-05T11:18:54.596-0400][470.103s][info][gc,metaspace] GC(559) Metaspace: 154631K(157376K)->154631K(157376K) NonClass: 132724K(134208K)->132724K(134208K) Class: 21907K(23168K)->21907K(23168K)
[2026-09-05T11:18:54.596-0400][470.103s][info][gc          ] GC(559) Pause Young (Normal) (G1 Evacuation Pause) 2869M->2673M(4096M) 6.714ms
[2026-09-05T11:18:54.596-0400][470.103s][info][gc,cpu      ] GC(559) User=0.36s Sys=0.00s Real=0.01s
[2026-09-05T11:18:54.633-0400][470.140s][info][gc,marking  ] GC(558) Concurrent Rebuild Remembered Sets 89.778ms
[2026-09-05T11:18:54.633-0400][470.140s][info][gc,start    ] GC(558) Pause Cleanup
[2026-09-05T11:18:54.634-0400][470.141s][info][gc          ] GC(558) Pause Cleanup 2765M->2765M(4096M) 0.738ms
[2026-09-05T11:18:54.634-0400][470.141s][info][gc,cpu      ] GC(558) User=0.00s Sys=0.00s Real=0.00s
[2026-09-05T11:18:54.634-0400][470.141s][info][gc,marking  ] GC(558) Concurrent Cleanup for Next Mark
[2026-09-05T11:18:54.638-0400][470.145s][info][gc,marking  ] GC(558) Concurrent Cleanup for Next Mark 3.391ms
[2026-09-05T11:18:54.638-0400][470.145s][info][gc          ] GC(558) Concurrent Mark Cycle 229.675ms
[2026-09-05T11:18:55.209-0400][470.716s][info][gc,start    ] GC(560) Pause Young (Prepare Mixed) (G1 Evacuation Pause)
[2026-09-05T11:18:55.209-0400][470.716s][info][gc,task     ] GC(560) Using 23 workers of 23 for evacuation
[2026-09-05T11:18:55.220-0400][470.726s][info][gc,phases   ] GC(560)   Pre Evacuate Collection Set: 0.26ms
[2026-09-05T11:18:55.220-0400][470.726s][info][gc,phases   ] GC(560)   Merge Heap Roots: 0.32ms
[2026-09-05T11:18:55.220-0400][470.726s][info][gc,phases   ] GC(560)   Evacuate Collection Set: 8.66ms
[2026-09-05T11:18:55.220-0400][470.726s][info][gc,phases   ] GC(560)   Post Evacuate Collection Set: 0.69ms
[2026-09-05T11:18:55.220-0400][470.726s][info][gc,phases   ] GC(560)   Other: 0.15ms
[2026-09-05T11:18:55.220-0400][470.726s][info][gc,heap     ] GC(560) Eden regions: 337->0(75)
[2026-09-05T11:18:55.220-0400][470.726s][info][gc,heap     ] GC(560) Survivor regions: 12->27(44)
[2026-09-05T11:18:55.220-0400][470.726s][info][gc,heap     ] GC(560) Old regions: 1299->1299
[2026-09-05T11:18:55.220-0400][470.726s][info][gc,heap     ] GC(560) Archive regions: 0->0
[2026-09-05T11:18:55.220-0400][470.726s][info][gc,heap     ] GC(560) Humongous regions: 27->27
[2026-09-05T11:18:55.220-0400][470.726s][info][gc,metaspace] GC(560) Metaspace: 154640K(157376K)->154640K(157376K) NonClass: 132733K(134208K)->132733K(134208K) Class: 21907K(23168K)->21907K(23168K)
[2026-09-05T11:18:55.220-0400][470.726s][info][gc          ] GC(560) Pause Young (Prepare Mixed) (G1 Evacuation Pause) 3347M->2704M(4096M) 10.226ms
[2026-09-05T11:18:55.220-0400][470.727s][info][gc,cpu      ] GC(560) User=0.36s Sys=0.00s Real=0.01s
[2026-09-05T11:18:55.556-0400][471.062s][info][gc,start    ] GC(561) Pause Young (Mixed) (G1 Evacuation Pause)
[2026-09-05T11:18:55.556-0400][471.062s][info][gc,task     ] GC(561) Using 23 workers of 23 for evacuation
[2026-09-05T11:18:55.561-0400][471.068s][info][gc,phases   ] GC(561)   Pre Evacuate Collection Set: 0.29ms
[2026-09-05T11:18:55.561-0400][471.068s][info][gc,phases   ] GC(561)   Merge Heap Roots: 0.24ms
[2026-09-05T11:18:55.561-0400][471.068s][info][gc,phases   ] GC(561)   Evacuate Collection Set: 3.94ms
[2026-09-05T11:18:55.561-0400][471.068s][info][gc,phases   ] GC(561)   Post Evacuate Collection Set: 0.71ms
[2026-09-05T11:18:55.561-0400][471.068s][info][gc,phases   ] GC(561)   Other: 0.12ms
[2026-09-05T11:18:55.561-0400][471.068s][info][gc,heap     ] GC(561) Eden regions: 75->0(97)
[2026-09-05T11:18:55.561-0400][471.068s][info][gc,heap     ] GC(561) Survivor regions: 27->5(13)
[2026-09-05T11:18:55.561-0400][471.068s][info][gc,heap     ] GC(561) Old regions: 1299->1114
[2026-09-05T11:18:55.561-0400][471.068s][info][gc,heap     ] GC(561) Archive regions: 0->0
[2026-09-05T11:18:55.561-0400][471.068s][info][gc,heap     ] GC(561) Humongous regions: 27->27
[2026-09-05T11:18:55.561-0400][471.068s][info][gc,metaspace] GC(561) Metaspace: 154640K(157376K)->154640K(157376K) NonClass: 132733K(134208K)->132733K(134208K) Class: 21907K(23168K)->21907K(23168K)
[2026-09-05T11:18:55.561-0400][471.068s][info][gc          ] GC(561) Pause Young (Mixed) (G1 Evacuation Pause) 2854M->2291M(4096M) 5.425ms
[2026-09-05T11:18:55.561-0400][471.068s][info][gc,cpu      ] GC(561) User=0.36s Sys=0.00s Real=0.01s
[2026-09-05T11:18:55.960-0400][471.467s][info][gc,start    ] GC(562) Pause Young (Mixed) (G1 Evacuation Pause)
[2026-09-05T11:18:55.960-0400][471.467s][info][gc,task     ] GC(562) Using 23 workers of 23 for evacuation
[2026-09-05T11:18:55.964-0400][471.470s][info][gc,phases   ] GC(562)   Pre Evacuate Collection Set: 0.34ms
[2026-09-05T11:18:55.964-0400][471.470s][info][gc,phases   ] GC(562)   Merge Heap Roots: 0.19ms
[2026-09-05T11:18:55.964-0400][471.470s][info][gc,phases   ] GC(562)   Evacuate Collection Set: 1.85ms
[2026-09-05T11:18:55.964-0400][471.470s][info][gc,phases   ] GC(562)   Post Evacuate Collection Set: 0.69ms
[2026-09-05T11:18:55.964-0400][471.470s][info][gc,phases   ] GC(562)   Other: 0.10ms
[2026-09-05T11:18:55.964-0400][471.470s][info][gc,heap     ] GC(562) Eden regions: 97->0(99)
[2026-09-05T11:18:55.964-0400][471.470s][info][gc,heap     ] GC(562) Survivor regions: 5->3(13)
[2026-09-05T11:18:55.964-0400][471.470s][info][gc,heap     ] GC(562) Old regions: 1114->913
[2026-09-05T11:18:55.964-0400][471.470s][info][gc,heap     ] GC(562) Archive regions: 0->0
[2026-09-05T11:18:55.964-0400][471.470s][info][gc,heap     ] GC(562) Humongous regions: 27->27
[2026-09-05T11:18:55.964-0400][471.470s][info][gc,metaspace] GC(562) Metaspace: 154641K(157376K)->154641K(157376K) NonClass: 132734K(134208K)->132734K(134208K) Class: 21907K(23168K)->21907K(23168K)
[2026-09-05T11:18:55.964-0400][471.470s][info][gc          ] GC(562) Pause Young (Mixed) (G1 Evacuation Pause) 2485M->1885M(4096M) 3.391ms
[2026-09-05T11:18:55.964-0400][471.470s][info][gc,cpu      ] GC(562) User=0.00s Sys=0.00s Real=0.00s
[2026-09-05T11:18:56.406-0400][471.914s][info][gc,start    ] GC(563) Pause Young (Mixed) (G1 Evacuation Pause)
[2026-09-05T11:18:56.406-0400][471.914s][info][gc,task     ] GC(563) Using 23 workers of 23 for evacuation
[2026-09-05T11:18:56.411-0400][471.918s][info][gc,phases   ] GC(563)   Pre Evacuate Collection Set: 0.42ms
[2026-09-05T11:18:56.411-0400][471.918s][info][gc,phases   ] GC(563)   Merge Heap Roots: 0.18ms
[2026-09-05T11:18:56.411-0400][471.918s][info][gc,phases   ] GC(563)   Evacuate Collection Set: 2.51ms
[2026-09-05T11:18:56.411-0400][471.918s][info][gc,phases   ] GC(563)   Post Evacuate Collection Set: 0.93ms
[2026-09-05T11:18:56.411-0400][471.918s][info][gc,phases   ] GC(563)   Other: 0.13ms
[2026-09-05T11:18:56.411-0400][471.918s][info][gc,heap     ] GC(563) Eden regions: 99->0(99)
[2026-09-05T11:18:56.411-0400][471.918s][info][gc,heap     ] GC(563) Survivor regions: 3->3(13)
[2026-09-05T11:18:56.411-0400][471.918s][info][gc,heap     ] GC(563) Old regions: 913->719
[2026-09-05T11:18:56.411-0400][471.918s][info][gc,heap     ] GC(563) Archive regions: 0->0
[2026-09-05T11:18:56.411-0400][471.918s][info][gc,heap     ] GC(563) Humongous regions: 27->27
[2026-09-05T11:18:56.411-0400][471.918s][info][gc,metaspace] GC(563) Metaspace: 154642K(157376K)->154642K(157376K) NonClass: 132735K(134208K)->132735K(134208K) Class: 21907K(23168K)->21907K(23168K)
[2026-09-05T11:18:56.411-0400][471.918s][info][gc          ] GC(563) Pause Young (Mixed) (G1 Evacuation Pause) 2083M->1497M(4096M) 4.294ms
[2026-09-05T11:18:56.411-0400][471.918s][info][gc,cpu      ] GC(563) User=0.00s Sys=0.00s Real=0.01s
[2026-09-05T11:18:58.358-0400][473.864s][info][gc,start    ] GC(564) Pause Young (Mixed) (G1 Evacuation Pause)
[2026-09-05T11:18:58.358-0400][473.864s][info][gc,task     ] GC(564) Using 23 workers of 23 for evacuation
[2026-09-05T11:18:58.366-0400][473.872s][info][gc,phases   ] GC(564)   Pre Evacuate Collection Set: 0.35ms
[2026-09-05T11:18:58.366-0400][473.872s][info][gc,phases   ] GC(564)   Merge Heap Roots: 0.30ms
[2026-09-05T11:18:58.366-0400][473.872s][info][gc,phases   ] GC(564)   Evacuate Collection Set: 6.53ms
[2026-09-05T11:18:58.366-0400][473.872s][info][gc,phases   ] GC(564)   Post Evacuate Collection Set: 0.87ms
[2026-09-05T11:18:58.366-0400][473.872s][info][gc,phases   ] GC(564)   Other: 0.13ms
[2026-09-05T11:18:58.366-0400][473.872s][info][gc,heap     ] GC(564) Eden regions: 99->0(98)
[2026-09-05T11:18:58.366-0400][473.872s][info][gc,heap     ] GC(564) Survivor regions: 3->4(13)
[2026-09-05T11:18:58.366-0400][473.872s][info][gc,heap     ] GC(564) Old regions: 719->553
[2026-09-05T11:18:58.366-0400][473.872s][info][gc,heap     ] GC(564) Archive regions: 0->0
[2026-09-05T11:18:58.366-0400][473.872s][info][gc,heap     ] GC(564) Humongous regions: 27->27
[2026-09-05T11:18:58.366-0400][473.872s][info][gc,metaspace] GC(564) Metaspace: 154642K(157376K)->154642K(157376K) NonClass: 132735K(134208K)->132735K(134208K) Class: 21907K(23168K)->21907K(23168K)
[2026-09-05T11:18:58.366-0400][473.872s][info][gc          ] GC(564) Pause Young (Mixed) (G1 Evacuation Pause) 1695M->1165M(4096M) 8.288ms
[2026-09-05T11:18:58.366-0400][473.872s][info][gc,cpu      ] GC(564) User=0.00s Sys=0.00s Real=0.01s
[2026-09-05T11:19:00.195-0400][475.702s][info][gc,start    ] GC(565) Pause Young (Mixed) (G1 Evacuation Pause)
[2026-09-05T11:19:00.196-0400][475.702s][info][gc,task     ] GC(565) Using 23 workers of 23 for evacuation
[2026-09-05T11:19:00.200-0400][475.707s][info][gc,phases   ] GC(565)   Pre Evacuate Collection Set: 0.31ms
[2026-09-05T11:19:00.200-0400][475.707s][info][gc,phases   ] GC(565)   Merge Heap Roots: 0.12ms
[2026-09-05T11:19:00.200-0400][475.707s][info][gc,phases   ] GC(565)   Evacuate Collection Set: 3.62ms
[2026-09-05T11:19:00.200-0400][475.707s][info][gc,phases   ] GC(565)   Post Evacuate Collection Set: 0.54ms
[2026-09-05T11:19:00.200-0400][475.707s][info][gc,phases   ] GC(565)   Other: 0.13ms
[2026-09-05T11:19:00.200-0400][475.707s][info][gc,heap     ] GC(565) Eden regions: 98->0(889)
[2026-09-05T11:19:00.200-0400][475.707s][info][gc,heap     ] GC(565) Survivor regions: 4->12(13)
[2026-09-05T11:19:00.200-0400][475.707s][info][gc,heap     ] GC(565) Old regions: 553->549
[2026-09-05T11:19:00.200-0400][475.707s][info][gc,heap     ] GC(565) Archive regions: 0->0
[2026-09-05T11:19:00.200-0400][475.707s][info][gc,heap     ] GC(565) Humongous regions: 27->27
[2026-09-05T11:19:00.200-0400][475.707s][info][gc,metaspace] GC(565) Metaspace: 154648K(157376K)->154648K(157376K) NonClass: 132741K(134208K)->132741K(134208K) Class: 21907K(23168K)->21907K(23168K)
[2026-09-05T11:19:00.200-0400][475.707s][info][gc          ] GC(565) Pause Young (Mixed) (G1 Evacuation Pause) 1361M->1175M(4096M) 4.823ms
[2026-09-05T11:19:00.200-0400][475.707s][info][gc,cpu      ] GC(565) User=0.20s Sys=0.00s Real=0.01s
[2026-09-05T11:19:00.942-0400][476.449s][info][gc,start    ] GC(566) Pause Young (Normal) (GCLocker Initiated GC)
[2026-09-05T11:19:00.942-0400][476.449s][info][gc,task     ] GC(566) Using 23 workers of 23 for evacuation
[2026-09-05T11:19:00.954-0400][476.461s][info][gc,phases   ] GC(566)   Pre Evacuate Collection Set: 0.31ms
[2026-09-05T11:19:00.954-0400][476.461s][info][gc,phases   ] GC(566)   Merge Heap Roots: 0.20ms
[2026-09-05T11:19:00.954-0400][476.461s][info][gc,phases   ] GC(566)   Evacuate Collection Set: 9.58ms
[2026-09-05T11:19:00.954-0400][476.461s][info][gc,phases   ] GC(566)   Post Evacuate Collection Set: 0.90ms
[2026-09-05T11:19:00.954-0400][476.461s][info][gc,phases   ] GC(566)   Other: 0.15ms
[2026-09-05T11:19:00.954-0400][476.461s][info][gc,heap     ] GC(566) Eden regions: 890->0(896)
[2026-09-05T11:19:00.954-0400][476.461s][info][gc,heap     ] GC(566) Survivor regions: 12->58(113)
[2026-09-05T11:19:00.954-0400][476.461s][info][gc,heap     ] GC(566) Old regions: 549->549
[2026-09-05T11:19:00.954-0400][476.461s][info][gc,heap     ] GC(566) Archive regions: 0->0
[2026-09-05T11:19:00.954-0400][476.461s][info][gc,heap     ] GC(566) Humongous regions: 28->28
[2026-09-05T11:19:00.954-0400][476.461s][info][gc,metaspace] GC(566) Metaspace: 154652K(157376K)->154652K(157376K) NonClass: 132745K(134208K)->132745K(134208K) Class: 21907K(23168K)->21907K(23168K)
[2026-09-05T11:19:00.954-0400][476.461s][info][gc          ] GC(566) Pause Young (Normal) (GCLocker Initiated GC) 2955M->1269M(4096M) 11.277ms
[2026-09-05T11:19:00.954-0400][476.461s][info][gc,cpu      ] GC(566) User=0.31s Sys=0.03s Real=0.01s
[2026-09-05T11:19:01.590-0400][477.097s][info][gc,start    ] GC(567) Pause Young (Normal) (GCLocker Initiated GC)
[2026-09-05T11:19:01.590-0400][477.097s][info][gc,task     ] GC(567) Using 23 workers of 23 for evacuation
[2026-09-05T11:19:01.605-0400][477.112s][info][gc,phases   ] GC(567)   Pre Evacuate Collection Set: 0.29ms
[2026-09-05T11:19:01.605-0400][477.112s][info][gc,phases   ] GC(567)   Merge Heap Roots: 0.23ms
[2026-09-05T11:19:01.605-0400][477.112s][info][gc,phases   ] GC(567)   Evacuate Collection Set: 14.13ms
[2026-09-05T11:19:01.605-0400][477.112s][info][gc,phases   ] GC(567)   Post Evacuate Collection Set: 0.62ms
[2026-09-05T11:19:01.605-0400][477.112s][info][gc,phases   ] GC(567)   Other: 0.15ms
[2026-09-05T11:19:01.605-0400][477.112s][info][gc,heap     ] GC(567) Eden regions: 897->0(884)
[2026-09-05T11:19:01.605-0400][477.112s][info][gc,heap     ] GC(567) Survivor regions: 58->103(120)
[2026-09-05T11:19:01.605-0400][477.112s][info][gc,heap     ] GC(567) Old regions: 549->549
[2026-09-05T11:19:01.605-0400][477.112s][info][gc,heap     ] GC(567) Archive regions: 0->0
[2026-09-05T11:19:01.605-0400][477.112s][info][gc,heap     ] GC(567) Humongous regions: 28->28
[2026-09-05T11:19:01.605-0400][477.112s][info][gc,metaspace] GC(567) Metaspace: 154653K(157376K)->154653K(157376K) NonClass: 132746K(134208K)->132746K(134208K) Class: 21907K(23168K)->21907K(23168K)
[2026-09-05T11:19:01.605-0400][477.112s][info][gc          ] GC(567) Pause Young (Normal) (GCLocker Initiated GC) 3062M->1358M(4096M) 15.543ms
[2026-09-05T11:19:01.605-0400][477.112s][info][gc,cpu      ] GC(567) User=0.00s Sys=0.02s Real=0.02s
[2026-09-05T11:19:11.705-0400][487.212s][info][gc,start    ] GC(568) Pause Young (Normal) (G1 Evacuation Pause)
[2026-09-05T11:19:11.706-0400][487.212s][info][gc,task     ] GC(568) Using 23 workers of 23 for evacuation
[2026-09-05T11:19:11.722-0400][487.228s][info][gc,phases   ] GC(568)   Pre Evacuate Collection Set: 0.47ms
[2026-09-05T11:19:11.722-0400][487.228s][info][gc,phases   ] GC(568)   Merge Heap Roots: 0.25ms
[2026-09-05T11:19:11.722-0400][487.228s][info][gc,phases   ] GC(568)   Evacuate Collection Set: 14.26ms
[2026-09-05T11:19:11.722-0400][487.229s][info][gc,phases   ] GC(568)   Post Evacuate Collection Set: 1.05ms
[2026-09-05T11:19:11.722-0400][487.229s][info][gc,phases   ] GC(568)   Other: 0.16ms
[2026-09-05T11:19:11.722-0400][487.229s][info][gc,heap     ] GC(568) Eden regions: 884->0(934)
[2026-09-05T11:19:11.722-0400][487.229s][info][gc,heap     ] GC(568) Survivor regions: 103->24(124)
[2026-09-05T11:19:11.722-0400][487.229s][info][gc,heap     ] GC(568) Old regions: 549->623
[2026-09-05T11:19:11.722-0400][487.229s][info][gc,heap     ] GC(568) Archive regions: 0->0
[2026-09-05T11:19:11.722-0400][487.229s][info][gc,heap     ] GC(568) Humongous regions: 28->28
[2026-09-05T11:19:11.722-0400][487.229s][info][gc,metaspace] GC(568) Metaspace: 154658K(157376K)->154658K(157376K) NonClass: 132751K(134208K)->132751K(134208K) Class: 21907K(23168K)->21907K(23168K)
[2026-09-05T11:19:11.722-0400][487.229s][info][gc          ] GC(568) Pause Young (Normal) (G1 Evacuation Pause) 3126M->1348M(4096M) 16.319ms
[2026-09-05T11:19:11.722-0400][487.229s][info][gc,cpu      ] GC(568) User=0.36s Sys=0.00s Real=0.02s
[2026-09-05T11:19:15.236-0400][490.743s][info][gc,start    ] GC(569) Pause Young (Concurrent Start) (G1 Evacuation Pause)
[2026-09-05T11:19:15.236-0400][490.743s][info][gc,task     ] GC(569) Using 23 workers of 23 for evacuation
[2026-09-05T11:19:15.248-0400][490.754s][info][gc,phases   ] GC(569)   Pre Evacuate Collection Set: 0.43ms
[2026-09-05T11:19:15.248-0400][490.754s][info][gc,phases   ] GC(569)   Merge Heap Roots: 0.20ms
[2026-09-05T11:19:15.248-0400][490.754s][info][gc,phases   ] GC(569)   Evacuate Collection Set: 9.62ms
[2026-09-05T11:19:15.248-0400][490.754s][info][gc,phases   ] GC(569)   Post Evacuate Collection Set: 0.59ms
[2026-09-05T11:19:15.248-0400][490.754s][info][gc,phases   ] GC(569)   Other: 0.19ms
[2026-09-05T11:19:15.248-0400][490.754s][info][gc,heap     ] GC(569) Eden regions: 934->0(918)
[2026-09-05T11:19:15.248-0400][490.754s][info][gc,heap     ] GC(569) Survivor regions: 24->64(120)
[2026-09-05T11:19:15.248-0400][490.754s][info][gc,heap     ] GC(569) Old regions: 623->623
[2026-09-05T11:19:15.248-0400][490.754s][info][gc,heap     ] GC(569) Archive regions: 0->0
[2026-09-05T11:19:15.248-0400][490.754s][info][gc,heap     ] GC(569) Humongous regions: 29->29
[2026-09-05T11:19:15.248-0400][490.754s][info][gc,metaspace] GC(569) Metaspace: 154670K(157376K)->154670K(157376K) NonClass: 132763K(134208K)->132763K(134208K) Class: 21907K(23168K)->21907K(23168K)
[2026-09-05T11:19:15.248-0400][490.754s][info][gc          ] GC(569) Pause Young (Concurrent Start) (G1 Evacuation Pause) 3218M->1430M(4096M) 11.146ms
[2026-09-05T11:19:15.248-0400][490.754s][info][gc,cpu      ] GC(569) User=0.12s Sys=0.00s Real=0.01s
[2026-09-05T11:19:15.248-0400][490.754s][info][gc          ] GC(570) Concurrent Mark Cycle
[2026-09-05T11:19:15.248-0400][490.754s][info][gc,marking  ] GC(570) Concurrent Clear Claimed Marks
[2026-09-05T11:19:15.248-0400][490.754s][info][gc,marking  ] GC(570) Concurrent Clear Claimed Marks 0.143ms
[2026-09-05T11:19:15.248-0400][490.754s][info][gc,marking  ] GC(570) Concurrent Scan Root Regions
[2026-09-05T11:19:15.251-0400][490.759s][info][gc,marking  ] GC(570) Concurrent Scan Root Regions 4.105ms
[2026-09-05T11:19:15.252-0400][490.759s][info][gc,marking  ] GC(570) Concurrent Mark
[2026-09-05T11:19:15.252-0400][490.759s][info][gc,marking  ] GC(570) Concurrent Mark From Roots
[2026-09-05T11:19:15.252-0400][490.759s][info][gc,task     ] GC(570) Using 6 workers of 6 for marking
[2026-09-05T11:19:15.362-0400][490.868s][info][gc,marking  ] GC(570) Concurrent Mark From Roots 109.819ms
[2026-09-05T11:19:15.362-0400][490.868s][info][gc,marking  ] GC(570) Concurrent Preclean
[2026-09-05T11:19:15.362-0400][490.869s][info][gc,marking  ] GC(570) Concurrent Preclean 0.413ms
[2026-09-05T11:19:15.362-0400][490.869s][info][gc,start    ] GC(570) Pause Remark
[2026-09-05T11:19:15.371-0400][490.878s][info][gc          ] GC(570) Pause Remark 1660M->1576M(4096M) 9.345ms
[2026-09-05T11:19:15.372-0400][490.878s][info][gc,cpu      ] GC(570) User=0.00s Sys=0.00s Real=0.01s
[2026-09-05T11:19:15.372-0400][490.878s][info][gc,marking  ] GC(570) Concurrent Mark 119.811ms
[2026-09-05T11:19:15.372-0400][490.878s][info][gc,marking  ] GC(570) Concurrent Rebuild Remembered Sets
[2026-09-05T11:19:15.448-0400][490.955s][info][gc,marking  ] GC(570) Concurrent Rebuild Remembered Sets 76.593ms
[2026-09-05T11:19:15.449-0400][490.955s][info][gc,start    ] GC(570) Pause Cleanup
[2026-09-05T11:19:15.449-0400][490.956s][info][gc          ] GC(570) Pause Cleanup 1742M->1742M(4096M) 0.588ms
[2026-09-05T11:19:15.449-0400][490.956s][info][gc,cpu      ] GC(570) User=0.00s Sys=0.00s Real=0.00s
[2026-09-05T11:19:15.449-0400][490.956s][info][gc,marking  ] GC(570) Concurrent Cleanup for Next Mark
[2026-09-05T11:19:15.452-0400][490.958s][info][gc,marking  ] GC(570) Concurrent Cleanup for Next Mark 2.641ms
[2026-09-05T11:19:15.452-0400][490.958s][info][gc          ] GC(570) Concurrent Mark Cycle 204.237ms
[2026-09-05T11:19:16.408-0400][491.916s][info][gc,start    ] GC(571) Pause Young (Prepare Mixed) (G1 Evacuation Pause)
[2026-09-05T11:19:16.408-0400][491.916s][info][gc,task     ] GC(571) Using 23 workers of 23 for evacuation
[2026-09-05T11:19:16.421-0400][491.927s][info][gc,phases   ] GC(571)   Pre Evacuate Collection Set: 0.30ms
[2026-09-05T11:19:16.421-0400][491.928s][info][gc,phases   ] GC(571)   Merge Heap Roots: 0.23ms
[2026-09-05T11:19:16.421-0400][491.928s][info][gc,phases   ] GC(571)   Evacuate Collection Set: 10.37ms
[2026-09-05T11:19:16.421-0400][491.928s][info][gc,phases   ] GC(571)   Post Evacuate Collection Set: 0.89ms
[2026-09-05T11:19:16.421-0400][491.928s][info][gc,phases   ] GC(571)   Other: 0.14ms
[2026-09-05T11:19:16.421-0400][491.928s][info][gc,heap     ] GC(571) Eden regions: 918->0(19)
[2026-09-05T11:19:16.421-0400][491.928s][info][gc,heap     ] GC(571) Survivor regions: 64->83(123)
[2026-09-05T11:19:16.421-0400][491.928s][info][gc,heap     ] GC(571) Old regions: 582->582
[2026-09-05T11:19:16.421-0400][491.928s][info][gc,heap     ] GC(571) Archive regions: 0->0
[2026-09-05T11:19:16.421-0400][491.928s][info][gc,heap     ] GC(571) Humongous regions: 28->28
[2026-09-05T11:19:16.421-0400][491.928s][info][gc,metaspace] GC(571) Metaspace: 154671K(157376K)->154671K(157376K) NonClass: 132764K(134208K)->132764K(134208K) Class: 21907K(23168K)->21907K(23168K)
[2026-09-05T11:19:16.421-0400][491.928s][info][gc          ] GC(571) Pause Young (Prepare Mixed) (G1 Evacuation Pause) 3182M->1384M(4096M) 12.141ms
[2026-09-05T11:19:16.421-0400][491.928s][info][gc,cpu      ] GC(571) User=0.31s Sys=0.03s Real=0.01s
[2026-09-05T11:19:16.508-0400][492.014s][info][gc,start    ] GC(572) Pause Young (Mixed) (G1 Evacuation Pause)
[2026-09-05T11:19:16.508-0400][492.014s][info][gc,task     ] GC(572) Using 23 workers of 23 for evacuation
[2026-09-05T11:19:16.520-0400][492.027s][info][gc,phases   ] GC(572)   Pre Evacuate Collection Set: 0.29ms
[2026-09-05T11:19:16.520-0400][492.027s][info][gc,phases   ] GC(572)   Merge Heap Roots: 0.28ms
[2026-09-05T11:19:16.520-0400][492.027s][info][gc,phases   ] GC(572)   Evacuate Collection Set: 11.01ms
[2026-09-05T11:19:16.520-0400][492.027s][info][gc,phases   ] GC(572)   Post Evacuate Collection Set: 0.80ms
[2026-09-05T11:19:16.520-0400][492.027s][info][gc,phases   ] GC(572)   Other: 0.14ms
[2026-09-05T11:19:16.520-0400][492.027s][info][gc,heap     ] GC(572) Eden regions: 19->0(1058)
[2026-09-05T11:19:16.520-0400][492.027s][info][gc,heap     ] GC(572) Survivor regions: 83->12(13)
[2026-09-05T11:19:16.520-0400][492.027s][info][gc,heap     ] GC(572) Old regions: 582->543
[2026-09-05T11:19:16.520-0400][492.027s][info][gc,heap     ] GC(572) Archive regions: 0->0
[2026-09-05T11:19:16.520-0400][492.027s][info][gc,heap     ] GC(572) Humongous regions: 28->27
[2026-09-05T11:19:16.520-0400][492.027s][info][gc,metaspace] GC(572) Metaspace: 154678K(157376K)->154678K(157376K) NonClass: 132771K(134208K)->132771K(134208K) Class: 21907K(23168K)->21907K(23168K)
[2026-09-05T11:19:16.520-0400][492.027s][info][gc          ] GC(572) Pause Young (Mixed) (G1 Evacuation Pause) 1422M->1163M(4096M) 12.632ms
[2026-09-05T11:19:16.520-0400][492.027s][info][gc,cpu      ] GC(572) User=0.34s Sys=0.02s Real=0.01s
[2026-09-05T11:19:28.941-0400][504.448s][info][gc,start    ] GC(573) Pause Young (Normal) (G1 Evacuation Pause)
[2026-09-05T11:19:28.941-0400][504.448s][info][gc,task     ] GC(573) Using 23 workers of 23 for evacuation
[2026-09-05T11:19:28.948-0400][504.454s][info][gc,phases   ] GC(573)   Pre Evacuate Collection Set: 0.28ms
[2026-09-05T11:19:28.948-0400][504.454s][info][gc,phases   ] GC(573)   Merge Heap Roots: 0.22ms
[2026-09-05T11:19:28.948-0400][504.454s][info][gc,phases   ] GC(573)   Evacuate Collection Set: 4.64ms
[2026-09-05T11:19:28.948-0400][504.454s][info][gc,phases   ] GC(573)   Post Evacuate Collection Set: 0.67ms
[2026-09-05T11:19:28.948-0400][504.454s][info][gc,phases   ] GC(573)   Other: 0.15ms
[2026-09-05T11:19:28.948-0400][504.454s][info][gc,heap     ] GC(573) Eden regions: 1058->0(1074)
[2026-09-05T11:19:28.948-0400][504.455s][info][gc,heap     ] GC(573) Survivor regions: 12->25(134)
[2026-09-05T11:19:28.948-0400][504.455s][info][gc,heap     ] GC(573) Old regions: 543->543
[2026-09-05T11:19:28.948-0400][504.455s][info][gc,heap     ] GC(573) Archive regions: 0->0
[2026-09-05T11:19:28.948-0400][504.455s][info][gc,heap     ] GC(573) Humongous regions: 28->28
[2026-09-05T11:19:28.948-0400][504.455s][info][gc,metaspace] GC(573) Metaspace: 154695K(157440K)->154695K(157440K) NonClass: 132788K(134272K)->132788K(134272K) Class: 21907K(23168K)->21907K(23168K)
[2026-09-05T11:19:28.948-0400][504.455s][info][gc          ] GC(573) Pause Young (Normal) (G1 Evacuation Pause) 3281M->1189M(4096M) 6.087ms
[2026-09-05T11:19:28.948-0400][504.455s][info][gc,cpu      ] GC(573) User=0.00s Sys=0.00s Real=0.01s
[2026-09-05T11:19:29.280-0400][504.787s][info][gc,start    ] GC(574) Pause Young (Normal) (G1 Evacuation Pause)
[2026-09-05T11:19:29.281-0400][504.787s][info][gc,task     ] GC(574) Using 23 workers of 23 for evacuation
[2026-09-05T11:19:29.292-0400][504.799s][info][gc,phases   ] GC(574)   Pre Evacuate Collection Set: 0.26ms
[2026-09-05T11:19:29.292-0400][504.799s][info][gc,phases   ] GC(574)   Merge Heap Roots: 0.30ms
[2026-09-05T11:19:29.292-0400][504.799s][info][gc,phases   ] GC(574)   Evacuate Collection Set: 10.33ms
[2026-09-05T11:19:29.292-0400][504.799s][info][gc,phases   ] GC(574)   Post Evacuate Collection Set: 0.67ms
[2026-09-05T11:19:29.292-0400][504.799s][info][gc,phases   ] GC(574)   Other: 0.19ms
[2026-09-05T11:19:29.292-0400][504.799s][info][gc,heap     ] GC(574) Eden regions: 1074->0(1062)
[2026-09-05T11:19:29.292-0400][504.799s][info][gc,heap     ] GC(574) Survivor regions: 25->52(138)
[2026-09-05T11:19:29.292-0400][504.799s][info][gc,heap     ] GC(574) Old regions: 543->543
[2026-09-05T11:19:29.292-0400][504.799s][info][gc,heap     ] GC(574) Archive regions: 0->0
[2026-09-05T11:19:29.292-0400][504.799s][info][gc,heap     ] GC(574) Humongous regions: 28->28
[2026-09-05T11:19:29.292-0400][504.799s][info][gc,metaspace] GC(574) Metaspace: 154696K(157440K)->154696K(157440K) NonClass: 132789K(134272K)->132789K(134272K) Class: 21907K(23168K)->21907K(23168K)
[2026-09-05T11:19:29.292-0400][504.799s][info][gc          ] GC(574) Pause Young (Normal) (G1 Evacuation Pause) 3337M->1245M(4096M) 11.867ms
[2026-09-05T11:19:29.292-0400][504.799s][info][gc,cpu      ] GC(574) User=0.00s Sys=0.00s Real=0.01s
[2026-09-05T11:19:29.978-0400][505.484s][info][gc,start    ] GC(575) Pause Young (Concurrent Start) (G1 Evacuation Pause)
[2026-09-05T11:19:29.978-0400][505.484s][info][gc,task     ] GC(575) Using 23 workers of 23 for evacuation
[2026-09-05T11:19:29.985-0400][505.491s][info][gc,phases   ] GC(575)   Pre Evacuate Collection Set: 0.36ms
[2026-09-05T11:19:29.985-0400][505.491s][info][gc,phases   ] GC(575)   Merge Heap Roots: 0.23ms
[2026-09-05T11:19:29.985-0400][505.491s][info][gc,phases   ] GC(575)   Evacuate Collection Set: 5.51ms
[2026-09-05T11:19:29.985-0400][505.491s][info][gc,phases   ] GC(575)   Post Evacuate Collection Set: 0.67ms
[2026-09-05T11:19:29.985-0400][505.491s][info][gc,phases   ] GC(575)   Other: 0.29ms
[2026-09-05T11:19:29.985-0400][505.491s][info][gc,heap     ] GC(575) Eden regions: 1062->0(1100)
[2026-09-05T11:19:29.985-0400][505.491s][info][gc,heap     ] GC(575) Survivor regions: 52->40(140)
[2026-09-05T11:19:29.985-0400][505.491s][info][gc,heap     ] GC(575) Old regions: 543->543
[2026-09-05T11:19:29.985-0400][505.491s][info][gc,heap     ] GC(575) Archive regions: 0->0
[2026-09-05T11:19:29.985-0400][505.491s][info][gc,heap     ] GC(575) Humongous regions: 28->28
[2026-09-05T11:19:29.985-0400][505.491s][info][gc,metaspace] GC(575) Metaspace: 154696K(157440K)->154696K(157440K) NonClass: 132789K(134272K)->132789K(134272K) Class: 21907K(23168K)->21907K(23168K)
[2026-09-05T11:19:29.985-0400][505.491s][info][gc          ] GC(575) Pause Young (Concurrent Start) (G1 Evacuation Pause) 3369M->1221M(4096M) 7.214ms
[2026-09-05T11:19:29.985-0400][505.492s][info][gc,cpu      ] GC(575) User=0.36s Sys=0.00s Real=0.01s
[2026-09-05T11:19:29.985-0400][505.492s][info][gc          ] GC(576) Concurrent Mark Cycle
[2026-09-05T11:19:29.985-0400][505.492s][info][gc,marking  ] GC(576) Concurrent Clear Claimed Marks
[2026-09-05T11:19:29.985-0400][505.492s][info][gc,marking  ] GC(576) Concurrent Clear Claimed Marks 0.173ms
[2026-09-05T11:19:29.985-0400][505.492s][info][gc,marking  ] GC(576) Concurrent Scan Root Regions
[2026-09-05T11:19:29.990-0400][505.498s][info][gc,marking  ] GC(576) Concurrent Scan Root Regions 5.755ms
[2026-09-05T11:19:29.990-0400][505.498s][info][gc,marking  ] GC(576) Concurrent Mark
[2026-09-05T11:19:29.990-0400][505.498s][info][gc,marking  ] GC(576) Concurrent Mark From Roots
[2026-09-05T11:19:29.990-0400][505.498s][info][gc,task     ] GC(576) Using 6 workers of 6 for marking
[2026-09-05T11:19:30.117-0400][505.624s][info][gc,marking  ] GC(576) Concurrent Mark From Roots 125.921ms
[2026-09-05T11:19:30.117-0400][505.624s][info][gc,marking  ] GC(576) Concurrent Preclean
[2026-09-05T11:19:30.117-0400][505.624s][info][gc,marking  ] GC(576) Concurrent Preclean 0.395ms
[2026-09-05T11:19:30.118-0400][505.624s][info][gc,start    ] GC(576) Pause Remark
[2026-09-05T11:19:30.126-0400][505.633s][info][gc          ] GC(576) Pause Remark 1440M->1398M(4096M) 9.083ms
[2026-09-05T11:19:30.126-0400][505.633s][info][gc,cpu      ] GC(576) User=0.05s Sys=0.00s Real=0.01s
[2026-09-05T11:19:30.126-0400][505.633s][info][gc,marking  ] GC(576) Concurrent Mark 135.695ms
[2026-09-05T11:19:30.126-0400][505.633s][info][gc,marking  ] GC(576) Concurrent Rebuild Remembered Sets
[2026-09-05T11:19:30.199-0400][505.706s][info][gc,marking  ] GC(576) Concurrent Rebuild Remembered Sets 72.768ms
[2026-09-05T11:19:30.199-0400][505.706s][info][gc,start    ] GC(576) Pause Cleanup
[2026-09-05T11:19:30.200-0400][505.707s][info][gc          ] GC(576) Pause Cleanup 1438M->1438M(4096M) 0.544ms
[2026-09-05T11:19:30.200-0400][505.707s][info][gc,cpu      ] GC(576) User=0.02s Sys=0.00s Real=0.00s
[2026-09-05T11:19:30.200-0400][505.707s][info][gc,marking  ] GC(576) Concurrent Cleanup for Next Mark
[2026-09-05T11:19:30.201-0400][505.708s][info][gc,marking  ] GC(576) Concurrent Cleanup for Next Mark 1.331ms
[2026-09-05T11:19:30.201-0400][505.708s][info][gc          ] GC(576) Concurrent Mark Cycle 216.662ms
[2026-09-05T11:19:30.910-0400][506.418s][info][gc,start    ] GC(577) Pause Young (Prepare Mixed) (GCLocker Initiated GC)
[2026-09-05T11:19:30.911-0400][506.418s][info][gc,task     ] GC(577) Using 23 workers of 23 for evacuation
[2026-09-05T11:19:30.919-0400][506.425s][info][gc,phases   ] GC(577)   Pre Evacuate Collection Set: 0.30ms
[2026-09-05T11:19:30.919-0400][506.426s][info][gc,phases   ] GC(577)   Merge Heap Roots: 0.24ms
[2026-09-05T11:19:30.919-0400][506.426s][info][gc,phases   ] GC(577)   Evacuate Collection Set: 6.24ms
[2026-09-05T11:19:30.919-0400][506.426s][info][gc,phases   ] GC(577)   Post Evacuate Collection Set: 0.88ms
[2026-09-05T11:19:30.919-0400][506.426s][info][gc,phases   ] GC(577)   Other: 0.17ms
[2026-09-05T11:19:30.919-0400][506.426s][info][gc,heap     ] GC(577) Eden regions: 1101->0(55)
[2026-09-05T11:19:30.919-0400][506.426s][info][gc,heap     ] GC(577) Survivor regions: 40->47(143)
[2026-09-05T11:19:30.919-0400][506.426s][info][gc,heap     ] GC(577) Old regions: 523->523
[2026-09-05T11:19:30.919-0400][506.426s][info][gc,heap     ] GC(577) Archive regions: 0->0
[2026-09-05T11:19:30.919-0400][506.426s][info][gc,heap     ] GC(577) Humongous regions: 27->27
[2026-09-05T11:19:30.919-0400][506.426s][info][gc,metaspace] GC(577) Metaspace: 154698K(157440K)->154698K(157440K) NonClass: 132791K(134272K)->132791K(134272K) Class: 21907K(23168K)->21907K(23168K)
[2026-09-05T11:19:30.919-0400][506.426s][info][gc          ] GC(577) Pause Young (Prepare Mixed) (GCLocker Initiated GC) 3380M->1193M(4096M) 7.985ms
[2026-09-05T11:19:30.919-0400][506.426s][info][gc,cpu      ] GC(577) User=0.03s Sys=0.00s Real=0.01s
[2026-09-05T11:19:30.973-0400][506.480s][info][gc,start    ] GC(578) Pause Young (Mixed) (G1 Evacuation Pause)
[2026-09-05T11:19:30.973-0400][506.480s][info][gc,task     ] GC(578) Using 23 workers of 23 for evacuation
[2026-09-05T11:19:30.998-0400][506.505s][info][gc,phases   ] GC(578)   Pre Evacuate Collection Set: 0.26ms
[2026-09-05T11:19:30.998-0400][506.505s][info][gc,phases   ] GC(578)   Merge Heap Roots: 0.19ms
[2026-09-05T11:19:30.998-0400][506.505s][info][gc,phases   ] GC(578)   Evacuate Collection Set: 23.79ms
[2026-09-05T11:19:30.998-0400][506.505s][info][gc,phases   ] GC(578)   Post Evacuate Collection Set: 0.52ms
[2026-09-05T11:19:30.998-0400][506.505s][info][gc,phases   ] GC(578)   Other: 0.15ms
[2026-09-05T11:19:30.998-0400][506.505s][info][gc,heap     ] GC(578) Eden regions: 55->0(1190)
[2026-09-05T11:19:30.998-0400][506.505s][info][gc,heap     ] GC(578) Survivor regions: 47->8(13)
[2026-09-05T11:19:30.998-0400][506.505s][info][gc,heap     ] GC(578) Old regions: 523->492
[2026-09-05T11:19:30.998-0400][506.505s][info][gc,heap     ] GC(578) Archive regions: 0->0
[2026-09-05T11:19:30.998-0400][506.505s][info][gc,heap     ] GC(578) Humongous regions: 27->27
[2026-09-05T11:19:30.998-0400][506.505s][info][gc,metaspace] GC(578) Metaspace: 154698K(157440K)->154698K(157440K) NonClass: 132791K(134272K)->132791K(134272K) Class: 21907K(23168K)->21907K(23168K)
[2026-09-05T11:19:30.998-0400][506.505s][info][gc          ] GC(578) Pause Young (Mixed) (G1 Evacuation Pause) 1303M->1051M(4096M) 25.016ms
[2026-09-05T11:19:30.998-0400][506.505s][info][gc,cpu      ] GC(578) User=0.66s Sys=0.00s Real=0.02s
[2026-09-05T11:19:31.789-0400][507.295s][info][gc,start    ] GC(579) Pause Young (Normal) (G1 Evacuation Pause)
[2026-09-05T11:19:31.789-0400][507.295s][info][gc,task     ] GC(579) Using 23 workers of 23 for evacuation
[2026-09-05T11:19:31.793-0400][507.300s][info][gc,phases   ] GC(579)   Pre Evacuate Collection Set: 0.25ms
[2026-09-05T11:19:31.793-0400][507.300s][info][gc,phases   ] GC(579)   Merge Heap Roots: 0.25ms
[2026-09-05T11:19:31.793-0400][507.300s][info][gc,phases   ] GC(579)   Evacuate Collection Set: 3.24ms
[2026-09-05T11:19:31.793-0400][507.300s][info][gc,phases   ] GC(579)   Post Evacuate Collection Set: 0.65ms
[2026-09-05T11:19:31.793-0400][507.300s][info][gc,phases   ] GC(579)   Other: 0.24ms
[2026-09-05T11:19:31.793-0400][507.300s][info][gc,heap     ] GC(579) Eden regions: 1190->0(1202)
[2026-09-05T11:19:31.793-0400][507.300s][info][gc,heap     ] GC(579) Survivor regions: 8->15(150)
[2026-09-05T11:19:31.793-0400][507.300s][info][gc,heap     ] GC(579) Old regions: 492->492
[2026-09-05T11:19:31.793-0400][507.300s][info][gc,heap     ] GC(579) Archive regions: 0->0
[2026-09-05T11:19:31.793-0400][507.300s][info][gc,heap     ] GC(579) Humongous regions: 27->27
[2026-09-05T11:19:31.793-0400][507.300s][info][gc,metaspace] GC(579) Metaspace: 154699K(157440K)->154699K(157440K) NonClass: 132792K(134272K)->132792K(134272K) Class: 21907K(23168K)->21907K(23168K)
[2026-09-05T11:19:31.793-0400][507.300s][info][gc          ] GC(579) Pause Young (Normal) (G1 Evacuation Pause) 3431M->1066M(4096M) 4.764ms
[2026-09-05T11:19:31.793-0400][507.300s][info][gc,cpu      ] GC(579) User=0.00s Sys=0.00s Real=0.00s
[2026-09-05T11:19:32.706-0400][508.212s][info][gc,start    ] GC(580) Pause Young (Normal) (G1 Evacuation Pause)
[2026-09-05T11:19:32.706-0400][508.212s][info][gc,task     ] GC(580) Using 23 workers of 23 for evacuation
[2026-09-05T11:19:32.711-0400][508.218s][info][gc,phases   ] GC(580)   Pre Evacuate Collection Set: 0.30ms
[2026-09-05T11:19:32.711-0400][508.218s][info][gc,phases   ] GC(580)   Merge Heap Roots: 0.24ms
[2026-09-05T11:19:32.711-0400][508.218s][info][gc,phases   ] GC(580)   Evacuate Collection Set: 4.45ms
[2026-09-05T11:19:32.711-0400][508.218s][info][gc,phases   ] GC(580)   Post Evacuate Collection Set: 0.77ms
[2026-09-05T11:19:32.711-0400][508.218s][info][gc,phases   ] GC(580)   Other: 0.30ms
[2026-09-05T11:19:32.711-0400][508.218s][info][gc,heap     ] GC(580) Eden regions: 1202->0(1202)
[2026-09-05T11:19:32.711-0400][508.218s][info][gc,heap     ] GC(580) Survivor regions: 15->26(153)
[2026-09-05T11:19:32.711-0400][508.218s][info][gc,heap     ] GC(580) Old regions: 492->492
[2026-09-05T11:19:32.711-0400][508.218s][info][gc,heap     ] GC(580) Archive regions: 0->0
[2026-09-05T11:19:32.711-0400][508.218s][info][gc,heap     ] GC(580) Humongous regions: 27->27
[2026-09-05T11:19:32.711-0400][508.218s][info][gc,metaspace] GC(580) Metaspace: 154700K(157440K)->154700K(157440K) NonClass: 132793K(134272K)->132793K(134272K) Class: 21907K(23168K)->21907K(23168K)
[2026-09-05T11:19:32.711-0400][508.218s][info][gc          ] GC(580) Pause Young (Normal) (G1 Evacuation Pause) 3470M->1087M(4096M) 6.145ms
[2026-09-05T11:19:32.711-0400][508.218s][info][gc,cpu      ] GC(580) User=0.00s Sys=0.00s Real=0.00s
[2026-09-05T11:19:33.769-0400][509.276s][info][gc,start    ] GC(581) Pause Young (Concurrent Start) (G1 Evacuation Pause)
[2026-09-05T11:19:33.769-0400][509.276s][info][gc,task     ] GC(581) Using 23 workers of 23 for evacuation
[2026-09-05T11:19:33.775-0400][509.282s][info][gc,phases   ] GC(581)   Pre Evacuate Collection Set: 0.39ms
[2026-09-05T11:19:33.775-0400][509.282s][info][gc,phases   ] GC(581)   Merge Heap Roots: 0.25ms
[2026-09-05T11:19:33.775-0400][509.282s][info][gc,phases   ] GC(581)   Evacuate Collection Set: 4.73ms
[2026-09-05T11:19:33.775-0400][509.282s][info][gc,phases   ] GC(581)   Post Evacuate Collection Set: 0.91ms
[2026-09-05T11:19:33.775-0400][509.282s][info][gc,phases   ] GC(581)   Other: 0.21ms
[2026-09-05T11:19:33.775-0400][509.282s][info][gc,heap     ] GC(581) Eden regions: 1202->0(1192)
[2026-09-05T11:19:33.775-0400][509.282s][info][gc,heap     ] GC(581) Survivor regions: 26->36(154)
[2026-09-05T11:19:33.775-0400][509.282s][info][gc,heap     ] GC(581) Old regions: 492->492
[2026-09-05T11:19:33.775-0400][509.282s][info][gc,heap     ] GC(581) Archive regions: 0->0
[2026-09-05T11:19:33.775-0400][509.282s][info][gc,heap     ] GC(581) Humongous regions: 27->27
[2026-09-05T11:19:33.775-0400][509.282s][info][gc,metaspace] GC(581) Metaspace: 154705K(157440K)->154705K(157440K) NonClass: 132798K(134272K)->132798K(134272K) Class: 21907K(23168K)->21907K(23168K)
[2026-09-05T11:19:33.775-0400][509.282s][info][gc          ] GC(581) Pause Young (Concurrent Start) (G1 Evacuation Pause) 3491M->1107M(4096M) 6.584ms
[2026-09-05T11:19:33.775-0400][509.282s][info][gc,cpu      ] GC(581) User=0.00s Sys=0.00s Real=0.01s
[2026-09-05T11:19:33.776-0400][509.282s][info][gc          ] GC(582) Concurrent Mark Cycle
[2026-09-05T11:19:33.776-0400][509.282s][info][gc,marking  ] GC(582) Concurrent Clear Claimed Marks
[2026-09-05T11:19:33.776-0400][509.283s][info][gc,marking  ] GC(582) Concurrent Clear Claimed Marks 0.141ms
[2026-09-05T11:19:33.776-0400][509.283s][info][gc,marking  ] GC(582) Concurrent Scan Root Regions
[2026-09-05T11:19:33.780-0400][509.286s][info][gc,marking  ] GC(582) Concurrent Scan Root Regions 3.608ms
[2026-09-05T11:19:33.780-0400][509.286s][info][gc,marking  ] GC(582) Concurrent Mark
[2026-09-05T11:19:33.780-0400][509.286s][info][gc,marking  ] GC(582) Concurrent Mark From Roots
[2026-09-05T11:19:33.780-0400][509.286s][info][gc,task     ] GC(582) Using 6 workers of 6 for marking
[2026-09-05T11:19:33.940-0400][509.447s][info][gc,marking  ] GC(582) Concurrent Mark From Roots 160.343ms
[2026-09-05T11:19:33.940-0400][509.447s][info][gc,marking  ] GC(582) Concurrent Preclean
[2026-09-05T11:19:33.941-0400][509.447s][info][gc,marking  ] GC(582) Concurrent Preclean 0.797ms
[2026-09-05T11:19:33.941-0400][509.448s][info][gc,start    ] GC(582) Pause Remark
[2026-09-05T11:19:33.952-0400][509.458s][info][gc          ] GC(582) Pause Remark 1907M->1901M(4096M) 10.791ms
[2026-09-05T11:19:33.952-0400][509.458s][info][gc,cpu      ] GC(582) User=0.08s Sys=0.00s Real=0.01s
[2026-09-05T11:19:33.952-0400][509.459s][info][gc,marking  ] GC(582) Concurrent Mark 172.311ms
[2026-09-05T11:19:33.952-0400][509.459s][info][gc,marking  ] GC(582) Concurrent Rebuild Remembered Sets
[2026-09-05T11:19:34.031-0400][509.537s][info][gc,marking  ] GC(582) Concurrent Rebuild Remembered Sets 78.396ms
[2026-09-05T11:19:34.031-0400][509.537s][info][gc,start    ] GC(582) Pause Cleanup
[2026-09-05T11:19:34.031-0400][509.538s][info][gc          ] GC(582) Pause Cleanup 1979M->1979M(4096M) 0.499ms
[2026-09-05T11:19:34.031-0400][509.538s][info][gc,cpu      ] GC(582) User=0.00s Sys=0.00s Real=0.00s
[2026-09-05T11:19:34.031-0400][509.538s][info][gc,marking  ] GC(582) Concurrent Cleanup for Next Mark
[2026-09-05T11:19:34.033-0400][509.539s][info][gc,marking  ] GC(582) Concurrent Cleanup for Next Mark 1.389ms
[2026-09-05T11:19:34.033-0400][509.539s][info][gc          ] GC(582) Concurrent Mark Cycle 256.672ms
[2026-09-05T11:19:34.661-0400][510.168s][info][gc,start    ] GC(583) Pause Young (Prepare Mixed) (GCLocker Initiated GC)
[2026-09-05T11:19:34.661-0400][510.168s][info][gc,task     ] GC(583) Using 23 workers of 23 for evacuation
[2026-09-05T11:19:34.670-0400][510.177s][info][gc,phases   ] GC(583)   Pre Evacuate Collection Set: 0.39ms
[2026-09-05T11:19:34.670-0400][510.177s][info][gc,phases   ] GC(583)   Merge Heap Roots: 0.26ms
[2026-09-05T11:19:34.670-0400][510.177s][info][gc,phases   ] GC(583)   Evacuate Collection Set: 6.74ms
[2026-09-05T11:19:34.670-0400][510.177s][info][gc,phases   ] GC(583)   Post Evacuate Collection Set: 0.91ms
[2026-09-05T11:19:34.670-0400][510.177s][info][gc,phases   ] GC(583)   Other: 0.23ms
[2026-09-05T11:19:34.670-0400][510.177s][info][gc,heap     ] GC(583) Eden regions: 1193->0(55)
[2026-09-05T11:19:34.670-0400][510.177s][info][gc,heap     ] GC(583) Survivor regions: 36->47(154)
[2026-09-05T11:19:34.670-0400][510.177s][info][gc,heap     ] GC(583) Old regions: 489->489
[2026-09-05T11:19:34.670-0400][510.177s][info][gc,heap     ] GC(583) Archive regions: 0->0
[2026-09-05T11:19:34.670-0400][510.177s][info][gc,heap     ] GC(583) Humongous regions: 27->27
[2026-09-05T11:19:34.670-0400][510.177s][info][gc,metaspace] GC(583) Metaspace: 154705K(157440K)->154705K(157440K) NonClass: 132798K(134272K)->132798K(134272K) Class: 21907K(23168K)->21907K(23168K)
[2026-09-05T11:19:34.670-0400][510.177s][info][gc          ] GC(583) Pause Young (Prepare Mixed) (GCLocker Initiated GC) 3486M->1124M(4096M) 8.662ms
[2026-09-05T11:19:34.670-0400][510.177s][info][gc,cpu      ] GC(583) User=0.22s Sys=0.00s Real=0.01s
[2026-09-05T11:19:34.735-0400][510.242s][info][gc,start    ] GC(584) Pause Young (Mixed) (G1 Evacuation Pause)
[2026-09-05T11:19:34.735-0400][510.242s][info][gc,task     ] GC(584) Using 23 workers of 23 for evacuation
[2026-09-05T11:19:34.782-0400][510.289s][info][gc,phases   ] GC(584)   Pre Evacuate Collection Set: 0.29ms
[2026-09-05T11:19:34.782-0400][510.289s][info][gc,phases   ] GC(584)   Merge Heap Roots: 0.15ms
[2026-09-05T11:19:34.782-0400][510.289s][info][gc,phases   ] GC(584)   Evacuate Collection Set: 46.06ms
[2026-09-05T11:19:34.782-0400][510.289s][info][gc,phases   ] GC(584)   Post Evacuate Collection Set: 0.36ms
[2026-09-05T11:19:34.782-0400][510.289s][info][gc,phases   ] GC(584)   Other: 0.12ms
[2026-09-05T11:19:34.782-0400][510.289s][info][gc,heap     ] GC(584) Eden regions: 55->0(1219)
[2026-09-05T11:19:34.782-0400][510.289s][info][gc,heap     ] GC(584) Survivor regions: 47->9(13)
[2026-09-05T11:19:34.782-0400][510.289s][info][gc,heap     ] GC(584) Old regions: 489->499
[2026-09-05T11:19:34.782-0400][510.289s][info][gc,heap     ] GC(584) Archive regions: 0->0
[2026-09-05T11:19:34.782-0400][510.289s][info][gc,heap     ] GC(584) Humongous regions: 27->27
[2026-09-05T11:19:34.782-0400][510.290s][info][gc,metaspace] GC(584) Metaspace: 154705K(157440K)->154705K(157440K) NonClass: 132798K(134272K)->132798K(134272K) Class: 21907K(23168K)->21907K(23168K)
[2026-09-05T11:19:34.782-0400][510.290s][info][gc          ] GC(584) Pause Young (Mixed) (G1 Evacuation Pause) 1234M->1066M(4096M) 47.093ms
[2026-09-05T11:19:34.782-0400][510.290s][info][gc,cpu      ] GC(584) User=0.89s Sys=0.00s Real=0.05s
[2026-09-05T11:19:38.256-0400][513.763s][info][gc,start    ] GC(585) Pause Young (Normal) (G1 Evacuation Pause)
[2026-09-05T11:19:38.257-0400][513.763s][info][gc,task     ] GC(585) Using 23 workers of 23 for evacuation
[2026-09-05T11:19:38.261-0400][513.768s][info][gc,phases   ] GC(585)   Pre Evacuate Collection Set: 0.26ms
[2026-09-05T11:19:38.261-0400][513.768s][info][gc,phases   ] GC(585)   Merge Heap Roots: 0.30ms
[2026-09-05T11:19:38.261-0400][513.768s][info][gc,phases   ] GC(585)   Evacuate Collection Set: 3.50ms
[2026-09-05T11:19:38.261-0400][513.768s][info][gc,phases   ] GC(585)   Post Evacuate Collection Set: 0.80ms
[2026-09-05T11:19:38.261-0400][513.768s][info][gc,phases   ] GC(585)   Other: 0.19ms
[2026-09-05T11:19:38.261-0400][513.768s][info][gc,heap     ] GC(585) Eden regions: 1219->0(1211)
[2026-09-05T11:19:38.261-0400][513.768s][info][gc,heap     ] GC(585) Survivor regions: 9->17(154)
[2026-09-05T11:19:38.261-0400][513.768s][info][gc,heap     ] GC(585) Old regions: 499->499
[2026-09-05T11:19:38.261-0400][513.768s][info][gc,heap     ] GC(585) Archive regions: 0->0
[2026-09-05T11:19:38.261-0400][513.768s][info][gc,heap     ] GC(585) Humongous regions: 27->27
[2026-09-05T11:19:38.261-0400][513.768s][info][gc,metaspace] GC(585) Metaspace: 154710K(157440K)->154710K(157440K) NonClass: 132803K(134272K)->132803K(134272K) Class: 21907K(23168K)->21907K(23168K)
[2026-09-05T11:19:38.261-0400][513.768s][info][gc          ] GC(585) Pause Young (Normal) (G1 Evacuation Pause) 3504M->1083M(4096M) 5.186ms
[2026-09-05T11:19:38.261-0400][513.768s][info][gc,cpu      ] GC(585) User=0.00s Sys=0.00s Real=0.00s
[2026-09-05T11:19:44.954-0400][520.461s][info][gc,start    ] GC(586) Pause Young (Concurrent Start) (G1 Humongous Allocation)
[2026-09-05T11:19:44.954-0400][520.461s][info][gc,task     ] GC(586) Using 23 workers of 23 for evacuation
[2026-09-05T11:19:44.960-0400][520.467s][info][gc,phases   ] GC(586)   Pre Evacuate Collection Set: 0.41ms
[2026-09-05T11:19:44.960-0400][520.467s][info][gc,phases   ] GC(586)   Merge Heap Roots: 0.25ms
[2026-09-05T11:19:44.960-0400][520.467s][info][gc,phases   ] GC(586)   Evacuate Collection Set: 4.45ms
[2026-09-05T11:19:44.960-0400][520.467s][info][gc,phases   ] GC(586)   Post Evacuate Collection Set: 0.58ms
[2026-09-05T11:19:44.960-0400][520.467s][info][gc,phases   ] GC(586)   Other: 0.23ms
[2026-09-05T11:19:44.960-0400][520.467s][info][gc,heap     ] GC(586) Eden regions: 561->0(1196)
[2026-09-05T11:19:44.960-0400][520.467s][info][gc,heap     ] GC(586) Survivor regions: 17->32(154)
[2026-09-05T11:19:44.960-0400][520.467s][info][gc,heap     ] GC(586) Old regions: 499->499
[2026-09-05T11:19:44.960-0400][520.467s][info][gc,heap     ] GC(586) Archive regions: 0->0
[2026-09-05T11:19:44.961-0400][520.467s][info][gc,heap     ] GC(586) Humongous regions: 27->27
[2026-09-05T11:19:44.961-0400][520.467s][info][gc,metaspace] GC(586) Metaspace: 154721K(157440K)->154721K(157440K) NonClass: 132812K(134272K)->132812K(134272K) Class: 21909K(23168K)->21909K(23168K)
[2026-09-05T11:19:44.961-0400][520.467s][info][gc          ] GC(586) Pause Young (Concurrent Start) (G1 Humongous Allocation) 2203M->1113M(4096M) 6.039ms
[2026-09-05T11:19:44.961-0400][520.467s][info][gc,cpu      ] GC(586) User=0.00s Sys=0.00s Real=0.01s
[2026-09-05T11:19:44.961-0400][520.467s][info][gc          ] GC(587) Concurrent Mark Cycle
[2026-09-05T11:19:44.961-0400][520.467s][info][gc,marking  ] GC(587) Concurrent Clear Claimed Marks
[2026-09-05T11:19:44.961-0400][520.468s][info][gc,marking  ] GC(587) Concurrent Clear Claimed Marks 0.177ms
[2026-09-05T11:19:44.961-0400][520.468s][info][gc,marking  ] GC(587) Concurrent Scan Root Regions
[2026-09-05T11:19:44.963-0400][520.470s][info][gc,marking  ] GC(587) Concurrent Scan Root Regions 2.575ms
[2026-09-05T11:19:44.964-0400][520.470s][info][gc,marking  ] GC(587) Concurrent Mark
[2026-09-05T11:19:44.964-0400][520.470s][info][gc,marking  ] GC(587) Concurrent Mark From Roots
[2026-09-05T11:19:44.964-0400][520.470s][info][gc,task     ] GC(587) Using 6 workers of 6 for marking
[2026-09-05T11:19:45.071-0400][520.577s][info][gc,marking  ] GC(587) Concurrent Mark From Roots 107.159ms
[2026-09-05T11:19:45.071-0400][520.577s][info][gc,marking  ] GC(587) Concurrent Preclean
[2026-09-05T11:19:45.071-0400][520.578s][info][gc,marking  ] GC(587) Concurrent Preclean 0.419ms
[2026-09-05T11:19:45.071-0400][520.578s][info][gc,start    ] GC(587) Pause Remark
[2026-09-05T11:19:45.080-0400][520.587s][info][gc          ] GC(587) Pause Remark 1443M->1443M(4096M) 8.792ms
[2026-09-05T11:19:45.080-0400][520.587s][info][gc,cpu      ] GC(587) User=0.03s Sys=0.00s Real=0.01s
[2026-09-05T11:19:45.080-0400][520.587s][info][gc,marking  ] GC(587) Concurrent Mark 116.593ms
[2026-09-05T11:19:45.080-0400][520.587s][info][gc,marking  ] GC(587) Concurrent Rebuild Remembered Sets
[2026-09-05T11:19:45.156-0400][520.662s][info][gc,marking  ] GC(587) Concurrent Rebuild Remembered Sets 75.590ms
[2026-09-05T11:19:45.156-0400][520.662s][info][gc,start    ] GC(587) Pause Cleanup
[2026-09-05T11:19:45.156-0400][520.663s][info][gc          ] GC(587) Pause Cleanup 1790M->1790M(4096M) 0.497ms
[2026-09-05T11:19:45.156-0400][520.663s][info][gc,cpu      ] GC(587) User=0.00s Sys=0.00s Real=0.00s
[2026-09-05T11:19:45.156-0400][520.663s][info][gc,marking  ] GC(587) Concurrent Cleanup for Next Mark
[2026-09-05T11:19:45.158-0400][520.664s][info][gc,marking  ] GC(587) Concurrent Cleanup for Next Mark 1.350ms
[2026-09-05T11:19:45.158-0400][520.665s][info][gc          ] GC(587) Concurrent Mark Cycle 197.238ms
[2026-09-05T11:19:59.423-0400][534.929s][info][gc,start    ] GC(588) Pause Young (Prepare Mixed) (GCLocker Initiated GC)
[2026-09-05T11:19:59.423-0400][534.929s][info][gc,task     ] GC(588) Using 23 workers of 23 for evacuation
[2026-09-05T11:19:59.432-0400][534.939s][info][gc,phases   ] GC(588)   Pre Evacuate Collection Set: 0.25ms
[2026-09-05T11:19:59.432-0400][534.939s][info][gc,phases   ] GC(588)   Merge Heap Roots: 0.29ms
[2026-09-05T11:19:59.432-0400][534.939s][info][gc,phases   ] GC(588)   Evacuate Collection Set: 8.24ms
[2026-09-05T11:19:59.432-0400][534.939s][info][gc,phases   ] GC(588)   Post Evacuate Collection Set: 0.82ms
[2026-09-05T11:19:59.432-0400][534.939s][info][gc,phases   ] GC(588)   Other: 0.16ms
[2026-09-05T11:19:59.432-0400][534.939s][info][gc,heap     ] GC(588) Eden regions: 1197->0(44)
[2026-09-05T11:19:59.432-0400][534.939s][info][gc,heap     ] GC(588) Survivor regions: 32->58(154)
[2026-09-05T11:19:59.432-0400][534.939s][info][gc,heap     ] GC(588) Old regions: 499->499
[2026-09-05T11:19:59.432-0400][534.939s][info][gc,heap     ] GC(588) Archive regions: 0->0
[2026-09-05T11:19:59.432-0400][534.939s][info][gc,heap     ] GC(588) Humongous regions: 29->28
[2026-09-05T11:19:59.432-0400][534.939s][info][gc,metaspace] GC(588) Metaspace: 154762K(157504K)->154762K(157504K) NonClass: 132852K(134336K)->132852K(134336K) Class: 21909K(23168K)->21909K(23168K)
[2026-09-05T11:19:59.432-0400][534.939s][info][gc          ] GC(588) Pause Young (Prepare Mixed) (GCLocker Initiated GC) 3510M->1166M(4096M) 9.873ms
[2026-09-05T11:19:59.432-0400][534.939s][info][gc,cpu      ] GC(588) User=0.00s Sys=0.00s Real=0.01s
[2026-09-05T11:19:59.477-0400][534.983s][info][gc,start    ] GC(589) Pause Young (Mixed) (GCLocker Initiated GC)
[2026-09-05T11:19:59.477-0400][534.983s][info][gc,task     ] GC(589) Using 23 workers of 23 for evacuation
[2026-09-05T11:19:59.502-0400][535.009s][info][gc,phases   ] GC(589)   Pre Evacuate Collection Set: 0.25ms
[2026-09-05T11:19:59.502-0400][535.009s][info][gc,phases   ] GC(589)   Merge Heap Roots: 0.24ms
[2026-09-05T11:19:59.502-0400][535.009s][info][gc,phases   ] GC(589)   Evacuate Collection Set: 24.79ms
[2026-09-05T11:19:59.502-0400][535.009s][info][gc,phases   ] GC(589)   Post Evacuate Collection Set: 0.48ms
[2026-09-05T11:19:59.502-0400][535.009s][info][gc,phases   ] GC(589)   Other: 0.19ms
[2026-09-05T11:19:59.502-0400][535.009s][info][gc,heap     ] GC(589) Eden regions: 45->0(1209)
[2026-09-05T11:19:59.502-0400][535.009s][info][gc,heap     ] GC(589) Survivor regions: 58->9(13)
[2026-09-05T11:19:59.502-0400][535.009s][info][gc,heap     ] GC(589) Old regions: 499->508
[2026-09-05T11:19:59.502-0400][535.009s][info][gc,heap     ] GC(589) Archive regions: 0->0
[2026-09-05T11:19:59.502-0400][535.009s][info][gc,heap     ] GC(589) Humongous regions: 28->28
[2026-09-05T11:19:59.502-0400][535.009s][info][gc,metaspace] GC(589) Metaspace: 154763K(157504K)->154763K(157504K) NonClass: 132853K(134336K)->132853K(134336K) Class: 21909K(23168K)->21909K(23168K)
[2026-09-05T11:19:59.502-0400][535.009s][info][gc          ] GC(589) Pause Young (Mixed) (GCLocker Initiated GC) 1255M->1089M(4096M) 26.071ms
[2026-09-05T11:19:59.502-0400][535.009s][info][gc,cpu      ] GC(589) User=0.62s Sys=0.03s Real=0.03s
[2026-09-05T11:20:00.657-0400][536.165s][info][gc,start    ] GC(590) Pause Young (Normal) (GCLocker Initiated GC)
[2026-09-05T11:20:00.657-0400][536.165s][info][gc,task     ] GC(590) Using 23 workers of 23 for evacuation
[2026-09-05T11:20:00.666-0400][536.174s][info][gc,phases   ] GC(590)   Pre Evacuate Collection Set: 0.36ms
[2026-09-05T11:20:00.666-0400][536.174s][info][gc,phases   ] GC(590)   Merge Heap Roots: 0.26ms
[2026-09-05T11:20:00.666-0400][536.174s][info][gc,phases   ] GC(590)   Evacuate Collection Set: 7.36ms
[2026-09-05T11:20:00.667-0400][536.174s][info][gc,phases   ] GC(590)   Post Evacuate Collection Set: 0.98ms
[2026-09-05T11:20:00.667-0400][536.174s][info][gc,phases   ] GC(590)   Other: 0.15ms
[2026-09-05T11:20:00.667-0400][536.174s][info][gc,heap     ] GC(590) Eden regions: 1210->0(1150)
[2026-09-05T11:20:00.667-0400][536.174s][info][gc,heap     ] GC(590) Survivor regions: 9->50(153)
[2026-09-05T11:20:00.667-0400][536.174s][info][gc,heap     ] GC(590) Old regions: 508->508
[2026-09-05T11:20:00.667-0400][536.174s][info][gc,heap     ] GC(590) Archive regions: 0->0
[2026-09-05T11:20:00.667-0400][536.174s][info][gc,heap     ] GC(590) Humongous regions: 28->28
[2026-09-05T11:20:00.667-0400][536.174s][info][gc,metaspace] GC(590) Metaspace: 154795K(157504K)->154795K(157504K) NonClass: 132885K(134336K)->132885K(134336K) Class: 21909K(23168K)->21909K(23168K)
[2026-09-05T11:20:00.667-0400][536.174s][info][gc          ] GC(590) Pause Young (Normal) (GCLocker Initiated GC) 3508M->1170M(4096M) 9.215ms
[2026-09-05T11:20:00.667-0400][536.174s][info][gc,cpu      ] GC(590) User=0.00s Sys=0.00s Real=0.01s
[2026-09-05T11:20:15.757-0400][551.263s][info][gc,start    ] GC(591) Pause Young (Normal) (G1 Evacuation Pause)
[2026-09-05T11:20:15.757-0400][551.264s][info][gc,task     ] GC(591) Using 23 workers of 23 for evacuation
[2026-09-05T11:20:15.765-0400][551.272s][info][gc,phases   ] GC(591)   Pre Evacuate Collection Set: 0.33ms
[2026-09-05T11:20:15.765-0400][551.272s][info][gc,phases   ] GC(591)   Merge Heap Roots: 0.21ms
[2026-09-05T11:20:15.765-0400][551.272s][info][gc,phases   ] GC(591)   Evacuate Collection Set: 5.99ms
[2026-09-05T11:20:15.765-0400][551.272s][info][gc,phases   ] GC(591)   Post Evacuate Collection Set: 1.46ms
[2026-09-05T11:20:15.765-0400][551.272s][info][gc,phases   ] GC(591)   Other: 0.17ms
[2026-09-05T11:20:15.765-0400][551.272s][info][gc,heap     ] GC(591) Eden regions: 1150->0(1161)
[2026-09-05T11:20:15.765-0400][551.272s][info][gc,heap     ] GC(591) Survivor regions: 50->54(150)
[2026-09-05T11:20:15.765-0400][551.272s][info][gc,heap     ] GC(591) Old regions: 508->508
[2026-09-05T11:20:15.765-0400][551.272s][info][gc,heap     ] GC(591) Archive regions: 0->0
[2026-09-05T11:20:15.765-0400][551.272s][info][gc,heap     ] GC(591) Humongous regions: 28->28
[2026-09-05T11:20:15.765-0400][551.272s][info][gc,metaspace] GC(591) Metaspace: 155104K(157824K)->155104K(157824K) NonClass: 133165K(134592K)->133165K(134592K) Class: 21939K(23232K)->21939K(23232K)
[2026-09-05T11:20:15.765-0400][551.272s][info][gc          ] GC(591) Pause Young (Normal) (G1 Evacuation Pause) 3470M->1179M(4096M) 8.292ms
[2026-09-05T11:20:15.765-0400][551.272s][info][gc,cpu      ] GC(591) User=0.36s Sys=0.00s Real=0.01s
[2026-09-05T11:20:33.810-0400][569.317s][info][gc,start    ] GC(592) Pause Young (Concurrent Start) (G1 Evacuation Pause)
[2026-09-05T11:20:33.810-0400][569.317s][info][gc,task     ] GC(592) Using 23 workers of 23 for evacuation
[2026-09-05T11:20:33.818-0400][569.325s][info][gc,phases   ] GC(592)   Pre Evacuate Collection Set: 0.58ms
[2026-09-05T11:20:33.818-0400][569.325s][info][gc,phases   ] GC(592)   Merge Heap Roots: 0.31ms
[2026-09-05T11:20:33.818-0400][569.325s][info][gc,phases   ] GC(592)   Evacuate Collection Set: 5.83ms
[2026-09-05T11:20:33.818-0400][569.325s][info][gc,phases   ] GC(592)   Post Evacuate Collection Set: 1.28ms
[2026-09-05T11:20:33.818-0400][569.325s][info][gc,phases   ] GC(592)   Other: 0.20ms
[2026-09-05T11:20:33.818-0400][569.325s][info][gc,heap     ] GC(592) Eden regions: 1161->0(1173)
[2026-09-05T11:20:33.818-0400][569.325s][info][gc,heap     ] GC(592) Survivor regions: 54->55(152)
[2026-09-05T11:20:33.818-0400][569.325s][info][gc,heap     ] GC(592) Old regions: 508->508
[2026-09-05T11:20:33.818-0400][569.325s][info][gc,heap     ] GC(592) Archive regions: 0->0
[2026-09-05T11:20:33.818-0400][569.325s][info][gc,heap     ] GC(592) Humongous regions: 28->28
[2026-09-05T11:20:33.818-0400][569.325s][info][gc,metaspace] GC(592) Metaspace: 155150K(157888K)->155150K(157888K) NonClass: 133209K(134656K)->133209K(134656K) Class: 21941K(23232K)->21941K(23232K)
[2026-09-05T11:20:33.818-0400][569.325s][info][gc          ] GC(592) Pause Young (Concurrent Start) (G1 Evacuation Pause) 3501M->1181M(4096M) 8.320ms
[2026-09-05T11:20:33.818-0400][569.325s][info][gc,cpu      ] GC(592) User=0.00s Sys=0.00s Real=0.01s
[2026-09-05T11:20:33.818-0400][569.325s][info][gc          ] GC(593) Concurrent Mark Cycle
[2026-09-05T11:20:33.818-0400][569.325s][info][gc,marking  ] GC(593) Concurrent Clear Claimed Marks
[2026-09-05T11:20:33.819-0400][569.325s][info][gc,marking  ] GC(593) Concurrent Clear Claimed Marks 0.173ms
[2026-09-05T11:20:33.819-0400][569.325s][info][gc,marking  ] GC(593) Concurrent Scan Root Regions
[2026-09-05T11:20:33.822-0400][569.329s][info][gc,marking  ] GC(593) Concurrent Scan Root Regions 3.742ms
[2026-09-05T11:20:33.822-0400][569.329s][info][gc,marking  ] GC(593) Concurrent Mark
[2026-09-05T11:20:33.822-0400][569.329s][info][gc,marking  ] GC(593) Concurrent Mark From Roots
[2026-09-05T11:20:33.822-0400][569.329s][info][gc,task     ] GC(593) Using 6 workers of 6 for marking
[2026-09-05T11:20:33.911-0400][569.418s][info][gc,marking  ] GC(593) Concurrent Mark From Roots 89.132ms
[2026-09-05T11:20:33.911-0400][569.418s][info][gc,marking  ] GC(593) Concurrent Preclean
[2026-09-05T11:20:33.912-0400][569.419s][info][gc,marking  ] GC(593) Concurrent Preclean 0.406ms
[2026-09-05T11:20:33.912-0400][569.419s][info][gc,start    ] GC(593) Pause Remark
[2026-09-05T11:20:33.921-0400][569.428s][info][gc          ] GC(593) Pause Remark 1198M->1192M(3980M) 8.717ms
[2026-09-05T11:20:33.921-0400][569.428s][info][gc,cpu      ] GC(593) User=0.08s Sys=0.00s Real=0.01s
[2026-09-05T11:20:33.921-0400][569.428s][info][gc,marking  ] GC(593) Concurrent Mark 98.507ms
[2026-09-05T11:20:33.921-0400][569.428s][info][gc,marking  ] GC(593) Concurrent Rebuild Remembered Sets
[2026-09-05T11:20:33.996-0400][569.503s][info][gc,marking  ] GC(593) Concurrent Rebuild Remembered Sets 75.291ms
[2026-09-05T11:20:33.996-0400][569.503s][info][gc,start    ] GC(593) Pause Cleanup
[2026-09-05T11:20:33.996-0400][569.504s][info][gc          ] GC(593) Pause Cleanup 1197M->1197M(3980M) 0.445ms
[2026-09-05T11:20:33.996-0400][569.504s][info][gc,cpu      ] GC(593) User=0.11s Sys=0.00s Real=0.00s
[2026-09-05T11:20:33.996-0400][569.504s][info][gc,marking  ] GC(593) Concurrent Cleanup for Next Mark
[2026-09-05T11:20:33.998-0400][569.505s][info][gc,marking  ] GC(593) Concurrent Cleanup for Next Mark 1.315ms
[2026-09-05T11:20:33.998-0400][569.505s][info][gc          ] GC(593) Concurrent Mark Cycle 179.805ms
[2026-09-05T11:20:53.509-0400][589.016s][info][gc,start    ] GC(594) Pause Young (Prepare Mixed) (G1 Evacuation Pause)
[2026-09-05T11:20:53.509-0400][589.016s][info][gc,task     ] GC(594) Using 23 workers of 23 for evacuation
[2026-09-05T11:20:53.517-0400][589.024s][info][gc,phases   ] GC(594)   Pre Evacuate Collection Set: 0.32ms
[2026-09-05T11:20:53.517-0400][589.024s][info][gc,phases   ] GC(594)   Merge Heap Roots: 0.27ms
[2026-09-05T11:20:53.517-0400][589.024s][info][gc,phases   ] GC(594)   Evacuate Collection Set: 6.45ms
[2026-09-05T11:20:53.517-0400][589.024s][info][gc,phases   ] GC(594)   Post Evacuate Collection Set: 0.85ms
[2026-09-05T11:20:53.517-0400][589.024s][info][gc,phases   ] GC(594)   Other: 0.19ms
[2026-09-05T11:20:53.517-0400][589.024s][info][gc,heap     ] GC(594) Eden regions: 1139->0(45)
[2026-09-05T11:20:53.517-0400][589.024s][info][gc,heap     ] GC(594) Survivor regions: 55->54(150)
[2026-09-05T11:20:53.517-0400][589.024s][info][gc,heap     ] GC(594) Old regions: 506->506
[2026-09-05T11:20:53.517-0400][589.024s][info][gc,heap     ] GC(594) Archive regions: 0->0
[2026-09-05T11:20:53.517-0400][589.024s][info][gc,heap     ] GC(594) Humongous regions: 27->27
[2026-09-05T11:20:53.517-0400][589.024s][info][gc,metaspace] GC(594) Metaspace: 155161K(157888K)->155161K(157888K) NonClass: 133218K(134656K)->133218K(134656K) Class: 21942K(23232K)->21942K(23232K)
[2026-09-05T11:20:53.517-0400][589.024s][info][gc          ] GC(594) Pause Young (Prepare Mixed) (G1 Evacuation Pause) 3453M->1173M(3980M) 8.311ms
[2026-09-05T11:20:53.517-0400][589.024s][info][gc,cpu      ] GC(594) User=0.33s Sys=0.03s Real=0.01s
[2026-09-05T11:20:54.358-0400][589.866s][info][gc,start    ] GC(595) Pause Young (Mixed) (G1 Evacuation Pause)
[2026-09-05T11:20:54.360-0400][589.866s][info][gc,task     ] GC(595) Using 23 workers of 23 for evacuation
[2026-09-05T11:20:54.407-0400][589.915s][info][gc,phases   ] GC(595)   Pre Evacuate Collection Set: 0.46ms
[2026-09-05T11:20:54.407-0400][589.915s][info][gc,phases   ] GC(595)   Merge Heap Roots: 0.40ms
[2026-09-05T11:20:54.407-0400][589.915s][info][gc,phases   ] GC(595)   Evacuate Collection Set: 46.76ms
[2026-09-05T11:20:54.407-0400][589.915s][info][gc,phases   ] GC(595)   Post Evacuate Collection Set: 0.89ms
[2026-09-05T11:20:54.407-0400][589.915s][info][gc,phases   ] GC(595)   Other: 0.14ms
[2026-09-05T11:20:54.407-0400][589.915s][info][gc,heap     ] GC(595) Eden regions: 45->0(1185)
[2026-09-05T11:20:54.407-0400][589.915s][info][gc,heap     ] GC(595) Survivor regions: 54->9(13)
[2026-09-05T11:20:54.407-0400][589.915s][info][gc,heap     ] GC(595) Old regions: 506->487
[2026-09-05T11:20:54.407-0400][589.915s][info][gc,heap     ] GC(595) Archive regions: 0->0
[2026-09-05T11:20:54.407-0400][589.915s][info][gc,heap     ] GC(595) Humongous regions: 27->27
[2026-09-05T11:20:54.407-0400][589.915s][info][gc,metaspace] GC(595) Metaspace: 155161K(157888K)->155161K(157888K) NonClass: 133218K(134656K)->133218K(134656K) Class: 21942K(23232K)->21942K(23232K)
[2026-09-05T11:20:54.407-0400][589.915s][info][gc          ] GC(595) Pause Young (Mixed) (G1 Evacuation Pause) 1263M->1044M(3980M) 48.760ms
[2026-09-05T11:20:54.407-0400][589.915s][info][gc,cpu      ] GC(595) User=0.78s Sys=0.03s Real=0.05s
