ts,smClockMHz,memClockMHz,tempC,utilGpuPct,utilMemPct,powerW,pstate,clockThrottleReasons
21:59:39.110,210,405,47,20,31,7.92,P8,0x0000000000000001
21:59:40.250,210,405,47,42,31,7.85,P8,0x0000000000000001
21:59:41.364,210,405,47,7,29,7.94,P8,0x0000000000000001
21:59:42.494,210,405,47,19,30,8.03,P8,0x0000000000000001
21:59:43.672,210,405,47,7,29,7.95,P8,0x0000000000000001
21:59:44.833,210,405,48,10,29,7.84,P8,0x0000000000000001
21:59:45.974,210,405,48,7,29,7.93,P8,0x0000000000000001
21:59:47.137,210,405,48,7,29,7.95,P8,0x0000000000000001
21:59:48.317,210,405,48,7,29,7.97,P8,0x0000000000000001
21:59:49.477,210,405,48,18,30,8.00,P8,0x0000000000000001
21:59:50.630,210,405,49,19,30,8.02,P8,0x0000000000000001
21:59:51.785,210,405,49,19,30,8.02,P8,0x0000000000000001
21:59:52.944,210,405,49,7,29,8.07,P8,0x0000000000000001
21:59:54.100,210,405,49,7,29,8.06,P8,0x0000000000000001
21:59:55.256,210,405,49,7,29,8.07,P8,0x0000000000000001
21:59:56.412,210,405,49,19,30,8.04,P8,0x0000000000000001
21:59:57.573,210,405,49,7,29,8.00,P8,0x0000000000000001
21:59:58.711,210,405,49,7,29,8.07,P8,0x0000000000000001
21:59:59.869,210,405,49,7,29,8.10,P8,0x0000000000000001
22:00:01.008,210,405,49,22,31,8.12,P8,0x0000000000000001
22:00:02.183,210,405,49,31,30,8.12,P8,0x0000000000000001
22:00:03.348,210,405,49,19,30,8.13,P8,0x0000000000000001
22:00:04.520,210,405,49,7,29,8.14,P8,0x0000000000000001
22:00:05.694,210,405,50,7,29,8.15,P8,0x0000000000000001
22:00:06.853,210,405,50,7,29,8.18,P8,0x0000000000000001
22:00:08.009,210,405,50,19,30,8.15,P8,0x0000000000000001
22:00:09.152,210,405,50,19,30,8.14,P8,0x0000000000000001
22:00:10.312,2115,8001,51,31,2,11.94,P3,0x0000000000000001
22:00:11.542,2115,7001,51,14,2,19.81,P3,0x0000000000000001
22:00:12.719,2115,8001,52,4,2,20.48,P0,0x0000000000000001
22:00:13.879,705,810,51,13,18,11.15,P5,0x0000000000000001
22:00:15.044,525,810,51,13,18,10.97,P5,0x0000000000000001
22:00:16.230,390,810,51,14,18,10.89,P5,0x0000000000000001
22:00:17.386,285,405,51,26,36,8.48,P8,0x0000000000000001
22:00:18.533,240,405,51,26,36,8.44,P8,0x0000000000000001
22:00:19.689,225,405,51,35,36,8.40,P8,0x0000000000000001
22:00:20.839,210,405,51,38,36,8.40,P8,0x0000000000000001
22:00:21.976,2115,8001,52,37,13,9.39,P0,0x0000000000000001
22:00:23.134,2115,8001,52,2,2,21.60,P0,0x0000000000000001
22:00:24.283,615,6001,52,11,3,19.28,P4,0x0000000000000001
22:00:25.613,495,810,52,42,18,12.69,P5,0x0000000000000001
22:00:26.906,375,810,51,3,10,10.96,P5,0x0000000000000001
22:00:28.048,255,405,51,6,20,10.03,P8,0x0000000000000001
22:00:29.228,210,405,51,7,20,8.18,P8,0x0000000000000001
22:00:30.377,210,405,51,6,25,8.18,P8,0x0000000000000001
22:00:31.522,210,405,51,6,34,8.33,P8,0x0000000000000001
22:00:32.765,435,810,51,17,18,9.81,P5,0x0000000000000001
22:00:33.922,510,810,51,34,24,10.59,P5,0x0000000000000001
22:00:35.088,510,810,51,35,19,10.96,P5,0x0000000000000001
22:00:36.248,450,810,51,21,18,10.67,P5,0x0000000000000001
22:00:37.399,450,810,51,38,19,10.68,P5,0x0000000000000001
22:00:38.520,540,810,51,17,19,10.83,P5,0x0000000000000001
22:00:39.705,540,810,50,36,19,10.97,P5,0x0000000000000001
22:00:40.857,675,810,50,19,19,11.03,P5,0x0000000000000001
22:00:42.023,720,810,50,41,19,11.09,P5,0x0000000000000001
22:00:43.183,735,810,50,33,19,11.16,P5,0x0000000000000001
22:00:44.342,615,810,50,34,19,11.05,P5,0x0000000000000001
22:00:45.494,570,810,50,35,19,10.98,P5,0x0000000000000001
22:00:46.639,585,810,50,40,19,10.92,P5,0x0000000000000001
22:00:47.778,585,810,50,32,19,10.93,P5,0x0000000000000001
22:00:48.940,540,810,50,18,19,10.88,P5,0x0000000000000001
22:00:50.188,600,810,50,35,19,10.91,P5,0x0000000000000001
22:00:51.342,510,810,50,37,19,10.89,P5,0x0000000000000001
22:00:52.551,540,810,50,40,19,10.82,P5,0x0000000000000001
22:00:53.687,630,810,50,23,19,10.91,P5,0x0000000000000001
22:00:54.990,690,810,50,29,19,10.83,P5,0x0000000000000001
22:00:56.183,570,810,50,18,19,10.74,P5,0x0000000000000001
22:00:57.335,540,810,49,27,19,10.88,P5,0x0000000000000001
22:00:58.467,615,810,50,43,19,10.85,P5,0x0000000000000001
22:00:59.628,690,810,49,41,19,10.95,P5,0x0000000000000001
22:01:00.790,780,810,49,38,19,11.02,P5,0x0000000000000001
22:01:01.943,840,810,49,31,19,11.01,P5,0x0000000000000001
22:01:03.116,660,810,49,3,18,10.83,P5,0x0000000000000001
22:01:04.265,585,810,49,9,18,10.62,P5,0x0000000000000001
22:01:05.461,210,405,49,3,18,10.44,P8,0x0000000000000001
22:01:06.747,2355,7001,51,60,2,12.35,P3,0x0000000000000000
22:01:07.911,2355,6001,51,63,3,26.72,P4,0x0000000000000000
22:01:09.057,2355,6001,51,65,3,26.85,P4,0x0000000000000000
22:01:10.233,2355,7001,51,1,2,22.85,P3,0x0000000000000000
22:01:11.490,1350,8001,50,20,2,21.94,P0,0x0000000000000001
22:01:13.375,750,6001,50,22,3,12.53,P4,0x0000000000000001
22:01:14.577,645,810,50,30,20,11.74,P5,0x0000000000000001
22:01:15.754,555,810,49,25,19,10.72,P5,0x0000000000000001
22:01:17.214,1230,7001,50,37,3,12.33,P3,0x0000000000000001
22:01:18.372,1620,8001,51,50,10,19.53,P0,0x0000000000000001
22:01:19.668,2190,8001,52,47,11,23.51,P0,0x0000000000000001
22:01:20.872,2355,7001,52,41,12,32.01,P3,0x0000000000000000
22:01:22.040,2355,8001,52,30,9,30.57,P0,0x0000000000000000
22:01:23.237,2355,7001,52,39,13,32.92,P3,0x0000000000000000
22:01:24.473,2355,7001,53,46,15,35.87,P3,0x0000000000000000
22:01:25.784,2355,8001,54,55,19,37.81,P0,0x0000000000000000
22:01:27.042,2355,8001,53,47,15,33.15,P0,0x0000000000000000
22:01:28.186,2355,8001,54,56,20,40.64,P0,0x0000000000000000
22:01:29.352,2355,8001,54,56,20,43.91,P0,0x0000000000000000
22:01:30.512,2355,8001,54,59,20,43.10,P0,0x0000000000000000
22:01:31.653,2355,8001,54,58,20,43.52,P0,0x0000000000000000
22:01:32.811,2355,8001,54,57,20,44.32,P0,0x0000000000000000
22:01:33.974,2355,8001,55,66,24,45.78,P0,0x0000000000000000
22:01:35.643,2355,7001,53,24,8,41.38,P3,0x0000000000000000
22:01:36.791,2340,8001,58,100,4,43.15,P0,0x0000000000000000
22:01:37.937,2340,8001,59,100,5,62.19,P0,0x0000000000000000
22:01:39.105,2340,8001,59,100,5,62.61,P0,0x0000000000000000
22:01:40.230,2340,8001,59,100,5,62.53,P0,0x0000000000000000
22:01:41.391,2340,8001,59,100,5,62.68,P0,0x0000000000000000
22:01:42.551,2340,8001,59,100,5,62.77,P0,0x0000000000000000
22:01:43.713,2340,8001,59,100,5,62.70,P0,0x0000000000000000
22:01:44.874,2340,8001,59,100,5,62.65,P0,0x0000000000000000
22:01:46.040,2340,8001,59,100,5,62.76,P0,0x0000000000000000
22:01:47.209,2340,8001,59,100,5,62.93,P0,0x0000000000000000
22:01:48.341,2340,8001,59,100,5,62.85,P0,0x0000000000000000
22:01:49.507,2340,8001,59,100,5,62.85,P0,0x0000000000000000
22:01:50.670,2340,8001,59,100,5,62.82,P0,0x0000000000000000
22:01:51.842,2340,8001,58,100,5,63.15,P0,0x0000000000000000
22:01:52.997,2340,8001,59,100,5,62.84,P0,0x0000000000000000
22:01:54.173,2340,8001,59,100,5,62.66,P0,0x0000000000000000
22:01:55.321,2340,8001,59,100,5,63.31,P0,0x0000000000000000
22:01:56.492,2340,8001,59,100,5,63.16,P0,0x0000000000000000
22:01:57.643,2340,8001,59,100,5,63.25,P0,0x0000000000000000
22:01:58.795,2340,8001,59,100,5,63.07,P0,0x0000000000000000
22:01:59.952,2340,8001,59,100,5,62.86,P0,0x0000000000000000
22:02:01.132,2340,8001,59,100,5,62.65,P0,0x0000000000000000
22:02:02.315,2340,8001,59,100,5,62.79,P0,0x0000000000000000
22:02:03.483,2340,8001,58,100,5,62.23,P0,0x0000000000000000
22:02:04.643,2340,8001,59,100,5,62.99,P0,0x0000000000000000
22:02:05.806,2340,8001,59,100,5,62.93,P0,0x0000000000000000
22:02:06.940,2340,8001,59,100,5,62.91,P0,0x0000000000000000
22:02:08.084,2340,8001,59,100,5,63.26,P0,0x0000000000000000
22:02:09.242,2340,8001,59,100,5,63.19,P0,0x0000000000000000
22:02:10.406,2340,8001,59,100,5,62.99,P0,0x0000000000000000
22:02:11.594,2340,8001,60,100,5,63.34,P0,0x0000000000000000
22:02:12.743,2340,8001,60,100,5,63.29,P0,0x0000000000000000
22:02:13.919,2340,8001,60,100,5,63.12,P0,0x0000000000000000
22:02:15.082,2340,8001,60,100,5,63.70,P0,0x0000000000000000
22:02:16.251,2340,8001,60,100,5,64.35,P0,0x0000000000000000
22:02:17.389,2340,8001,60,100,5,63.68,P0,0x0000000000000000
22:02:18.547,2340,8001,60,100,5,63.70,P0,0x0000000000000000
22:02:19.715,2340,8001,60,100,5,63.57,P0,0x0000000000000000
22:02:20.877,2340,8001,61,100,5,63.03,P0,0x0000000000000000
22:02:22.024,2340,8001,61,100,5,64.35,P0,0x0000000000000000
22:02:23.173,2340,8001,61,100,5,63.76,P0,0x0000000000000000
22:02:24.355,2340,8001,61,100,5,64.01,P0,0x0000000000000000
22:02:25.651,2340,8001,61,100,5,67.73,P0,0x0000000000000000
22:02:26.914,2340,8001,62,100,5,64.05,P0,0x0000000000000000
22:02:28.074,2340,8001,62,100,5,64.15,P0,0x0000000000000000
22:02:29.248,2340,8001,62,100,5,64.10,P0,0x0000000000000000
22:02:30.383,2340,8001,62,100,5,64.55,P0,0x0000000000000000
22:02:31.531,2340,8001,63,100,5,64.28,P0,0x0000000000000000
22:02:32.694,2340,8001,63,100,5,64.61,P0,0x0000000000000000
22:02:33.858,2340,8001,63,100,5,64.47,P0,0x0000000000000000
22:02:35.023,2340,8001,63,100,5,64.33,P0,0x0000000000000000
22:02:36.185,2340,8001,63,100,5,64.71,P0,0x0000000000000000
22:02:37.330,2340,8001,63,100,5,64.48,P0,0x0000000000000000
22:02:38.465,2340,8001,63,100,5,64.14,P0,0x0000000000000000
22:02:39.643,2340,8001,63,100,5,64.44,P0,0x0000000000000000
22:02:40.936,2340,8001,63,100,5,64.26,P0,0x0000000000000000
22:02:42.101,2340,8001,63,100,5,64.74,P0,0x0000000000000000
22:02:43.263,2340,8001,64,100,5,64.69,P0,0x0000000000000000
22:02:44.432,2340,8001,63,100,5,64.93,P0,0x0000000000000000
22:02:45.569,2340,8001,63,100,5,64.78,P0,0x0000000000000000
22:02:46.732,2340,8001,63,100,5,64.14,P0,0x0000000000000000
22:02:47.895,2340,8001,63,100,5,64.65,P0,0x0000000000000000
22:02:49.063,2340,8001,63,100,5,64.89,P0,0x0000000000000000
22:02:50.218,2340,8001,63,100,5,64.35,P0,0x0000000000000000
22:02:51.374,2340,8001,63,100,9,64.16,P0,0x0000000000000000
22:02:52.533,2340,8001,62,100,9,63.89,P0,0x0000000000000000
22:02:53.716,2340,8001,60,100,3,53.23,P0,0x0000000000000000
22:02:54.859,2340,8001,60,100,3,47.14,P0,0x0000000000000000
22:02:56.210,2340,8001,60,100,3,46.78,P0,0x0000000000000000
22:02:57.426,2340,8001,60,74,2,46.19,P0,0x0000000000000000
22:02:58.589,2340,8001,60,100,3,44.15,P0,0x0000000000000000
22:02:59.751,2340,8001,59,100,3,46.61,P0,0x0000000000000000
22:03:00.894,2340,8001,57,99,2,33.63,P0,0x0000000000000000
22:03:02.034,2340,8001,57,96,2,36.14,P0,0x0000000000000000
22:03:03.210,2340,8001,59,100,3,45.30,P0,0x0000000000000000
22:03:04.373,2340,8001,57,100,2,34.90,P0,0x0000000000000000
22:03:05.527,2340,7001,57,96,2,33.32,P3,0x0000000000000000
22:03:06.690,2340,8001,58,100,3,44.05,P0,0x0000000000000000
22:03:07.846,2340,8001,58,100,3,47.05,P0,0x0000000000000000
22:03:09.013,2340,7001,56,99,3,34.23,P3,0x0000000000000000
22:03:10.307,2340,8001,58,100,3,37.37,P0,0x0000000000000000
22:03:11.484,2340,8001,58,100,3,46.24,P0,0x0000000000000000
22:03:12.649,2340,8001,56,98,2,40.87,P0,0x0000000000000000
22:03:13.878,2340,8001,58,100,3,39.02,P0,0x0000000000000000
22:03:15.129,2340,8001,58,100,3,46.35,P0,0x0000000000000000
22:03:16.273,2340,8001,56,96,2,44.80,P0,0x0000000000000000
22:03:17.409,2340,8001,56,93,2,34.21,P0,0x0000000000000000
22:03:18.559,2340,8001,58,100,3,45.03,P0,0x0000000000000000
22:03:19.728,2340,8001,58,100,3,46.27,P0,0x0000000000000000
22:03:20.863,2340,7001,56,96,3,33.85,P3,0x0000000000000000
22:03:21.998,2340,8001,58,100,3,40.88,P0,0x0000000000000000
22:03:23.133,2340,8001,58,100,3,46.28,P0,0x0000000000000000
22:03:24.307,2340,8001,56,98,2,42.52,P0,0x0000000000000000
22:03:25.497,2340,8001,57,100,3,35.43,P0,0x0000000000000000
22:03:26.657,2340,8001,58,100,3,46.03,P0,0x0000000000000000
22:03:27.807,2340,8001,58,100,3,46.22,P0,0x0000000000000000
22:03:28.968,2340,8001,55,100,2,34.22,P0,0x0000000000000000
22:03:30.150,2340,8001,57,100,3,43.81,P0,0x0000000000000000
22:03:31.307,2340,8001,57,100,3,46.31,P0,0x0000000000000000
22:03:32.427,2340,7001,55,96,3,31.80,P3,0x0000000000000000
22:03:33.588,2340,8001,57,100,3,45.41,P0,0x0000000000000000
22:03:34.760,2340,8001,57,100,3,45.78,P0,0x0000000000000000
22:03:35.904,2340,8001,55,92,2,39.07,P3,0x0000000000000000
22:03:37.083,2340,8001,54,92,3,34.14,P0,0x0000000000000000
22:03:38.274,2340,8001,57,100,3,45.18,P0,0x0000000000000000
22:03:39.426,2340,8001,55,95,2,43.03,P0,0x0000000000000000
22:03:40.636,2340,7001,55,95,3,35.03,P3,0x0000000000000000
22:03:41.786,2340,8001,57,100,3,40.13,P0,0x0000000000000000
22:03:43.092,2340,8001,57,100,3,45.85,P0,0x0000000000000000
22:03:44.255,2340,7001,55,93,3,37.01,P3,0x0000000000000000
22:03:45.440,2340,8001,56,100,3,42.07,P0,0x0000000000000000
22:03:46.584,2340,8001,56,100,3,46.52,P0,0x0000000000000000
22:03:47.745,2340,8001,54,95,2,35.71,P0,0x0000000000000000
22:03:48.911,2340,8001,56,100,3,46.74,P0,0x0000000000000000
22:03:50.044,2340,8001,56,100,3,45.52,P0,0x0000000000000000
22:03:51.212,2340,8001,55,100,2,35.68,P0,0x0000000000000000
22:03:52.372,2340,8001,55,100,2,34.58,P0,0x0000000000000000
22:03:53.554,2340,8001,56,100,3,47.12,P0,0x0000000000000000
22:03:54.714,2340,8001,56,100,3,45.54,P0,0x0000000000000000
22:03:55.935,2340,7001,54,95,2,32.27,P0,0x0000000000000000
22:03:57.137,2340,8001,56,100,3,39.87,P0,0x0000000000000000
22:03:58.299,2340,8001,55,100,3,45.81,P0,0x0000000000000000
22:03:59.459,2340,7001,54,96,3,34.69,P3,0x0000000000000000
22:04:00.641,2340,8001,56,100,3,37.53,P0,0x0000000000000000
22:04:01.809,2340,8001,56,100,3,54.08,P0,0x0000000000000000
22:04:02.984,2340,8001,54,98,2,35.51,P0,0x0000000000000000
22:04:04.127,2340,8001,54,100,2,34.77,P0,0x0000000000000000
22:04:05.308,2340,8001,56,100,3,45.31,P0,0x0000000000000000
22:04:06.461,2340,8001,54,95,2,37.98,P0,0x0000000000000000
22:04:07.625,2340,7001,54,97,3,32.86,P3,0x0000000000000000
22:04:08.790,2340,8001,56,100,3,45.78,P0,0x0000000000000000
22:04:09.952,2340,8001,55,100,3,45.31,P0,0x0000000000000000
22:04:11.093,2340,8001,53,94,2,34.76,P0,0x0000000000000000
22:04:12.253,2340,7001,55,100,3,34.53,P0,0x0000000000000000
22:04:13.420,2340,8001,55,100,3,45.78,P0,0x0000000000000000
22:04:14.586,2340,8001,53,96,2,35.08,P0,0x0000000000000000
22:04:15.745,2340,8001,54,97,2,34.33,P0,0x0000000000000000
22:04:16.922,2340,8001,57,100,2,52.38,P0,0x0000000000000000
22:04:18.073,2340,8001,56,100,2,56.56,P0,0x0000000000000000
22:04:19.242,2340,8001,58,100,2,51.40,P0,0x0000000000000000
22:04:20.403,2340,8001,56,100,2,54.05,P0,0x0000000000000000
22:04:21.582,2340,8001,58,100,2,53.75,P0,0x0000000000000000
22:04:22.744,2340,8001,57,100,2,54.34,P0,0x0000000000000000
22:04:23.909,2340,8001,58,100,2,54.37,P0,0x0000000000000000
22:04:25.062,2340,8001,57,100,2,53.03,P0,0x0000000000000000
22:04:26.313,2340,8001,57,100,2,49.49,P0,0x0000000000000000
22:04:27.690,2340,8001,57,100,2,54.18,P0,0x0000000000000000
22:04:28.840,2340,8001,57,100,2,54.36,P0,0x0000000000000000
22:04:29.970,2340,8001,58,100,2,53.99,P0,0x0000000000000000
22:04:31.123,2340,8001,57,100,2,52.99,P0,0x0000000000000000
22:04:32.299,2340,8001,57,100,2,49.10,P0,0x0000000000000000
22:04:33.469,2340,8001,57,100,2,54.14,P0,0x0000000000000000
22:04:34.653,2340,8001,61,100,3,72.24,P0,0x0000000000000000
22:04:35.814,2340,8001,62,100,3,74.73,P0,0x0000000000000000
22:04:36.966,2340,8001,62,100,3,75.95,P0,0x0000000000000000
22:04:38.134,2340,8001,61,100,3,75.92,P0,0x0000000000000000
22:04:39.269,2340,8001,61,100,3,75.84,P0,0x0000000000000000
22:04:40.435,2340,8001,61,100,3,70.67,P0,0x0000000000000000
22:04:41.618,2340,8001,62,100,3,77.74,P0,0x0000000000000000
22:04:42.777,2340,8001,63,100,3,78.27,P0,0x0000000000000000
22:04:43.941,2340,8001,63,100,3,78.32,P0,0x0000000000000000
22:04:45.107,2340,8001,63,100,3,78.34,P0,0x0000000000000000
22:04:46.243,2340,8001,63,100,3,78.25,P0,0x0000000000000000
22:04:47.405,2340,8001,62,100,3,72.68,P0,0x0000000000000000
22:04:48.568,2340,8001,60,100,2,65.30,P0,0x0000000000000000
22:04:49.715,2340,8001,60,100,2,60.10,P0,0x0000000000000000
22:04:50.872,2340,8001,59,100,2,59.86,P0,0x0000000000000000
22:04:51.985,2340,8001,60,100,2,59.24,P0,0x0000000000000000
22:04:53.134,2340,8001,59,100,2,59.81,P0,0x0000000000000000
22:04:54.319,2340,8001,60,100,2,57.55,P0,0x0000000000000000
22:04:55.509,2340,8001,59,100,2,51.91,P0,0x0000000000000000
22:04:56.879,2340,8001,58,100,2,52.62,P0,0x0000000000000000
22:04:58.187,2340,8001,58,100,2,51.29,P0,0x0000000000000000
22:04:59.351,2340,8001,58,100,2,51.07,P0,0x0000000000000000
22:05:00.501,2340,8001,58,100,2,51.36,P0,0x0000000000000000
22:05:01.722,2340,8001,57,100,2,51.42,P0,0x0000000000000000
22:05:02.860,2340,8001,58,100,2,51.12,P0,0x0000000000000000
22:05:04.010,2340,8001,58,100,2,50.99,P0,0x0000000000000000
22:05:05.170,2340,8001,57,100,2,51.25,P0,0x0000000000000000
22:05:06.307,2340,8001,59,100,2,50.70,P0,0x0000000000000000
22:05:07.489,2340,8001,57,100,2,51.21,P0,0x0000000000000000
22:05:08.734,2340,8001,57,100,2,49.12,P0,0x0000000000000000
22:05:09.993,2340,8001,59,100,2,50.86,P0,0x0000000000000000
22:05:11.156,2340,8001,59,100,2,57.19,P0,0x0000000000000000
22:05:12.567,2340,8001,58,100,2,57.09,P0,0x0000000000000000
22:05:13.811,2340,8001,59,100,2,57.42,P0,0x0000000000000000
22:05:15.000,2340,8001,59,100,2,58.06,P0,0x0000000000000000
22:05:16.149,2340,8001,60,100,2,57.20,P0,0x0000000000000000
22:05:17.280,2340,8001,60,100,2,51.98,P0,0x0000000000000000
22:05:18.444,2340,8001,60,100,2,56.58,P0,0x0000000000000000
22:05:19.581,2340,8001,60,100,2,56.69,P0,0x0000000000000000
22:05:20.779,2340,8001,60,100,2,56.96,P0,0x0000000000000000
22:05:21.928,2340,8001,60,100,2,56.67,P0,0x0000000000000000
22:05:23.071,2340,8001,59,100,2,56.63,P0,0x0000000000000000
22:05:24.219,2340,8001,59,100,2,52.85,P0,0x0000000000000000
22:05:25.362,2340,8001,59,100,2,54.00,P0,0x0000000000000000
22:05:26.605,2340,8001,59,100,2,56.36,P0,0x0000000000000000
22:05:27.867,2340,8001,59,100,2,56.42,P0,0x0000000000000000
22:05:29.119,2340,8001,59,100,2,56.27,P0,0x0000000000000000
22:05:30.273,2340,8001,58,100,2,56.29,P0,0x0000000000000000
22:05:31.450,2340,8001,59,100,2,55.58,P0,0x0000000000000000
22:05:32.604,2340,8001,59,100,2,55.13,P0,0x0000000000000000
22:05:33.769,2340,8001,58,100,2,56.93,P0,0x0000000000000000
22:05:34.935,2340,8001,59,100,2,50.88,P0,0x0000000000000000
22:05:36.097,2340,8001,58,100,2,54.90,P0,0x0000000000000000
22:05:37.261,2340,8001,58,100,2,64.50,P0,0x0000000000000000
22:05:38.414,2340,8001,57,100,2,58.08,P0,0x0000000000000000
22:05:39.567,2340,8001,58,100,2,52.76,P0,0x0000000000000000
22:05:40.831,2340,8001,58,100,2,54.33,P0,0x0000000000000000
22:05:42.122,2340,8001,58,100,2,55.42,P0,0x0000000000000000
22:05:43.326,2340,8001,58,100,2,55.10,P0,0x0000000000000000
22:05:44.478,2340,8001,59,100,1,51.37,P0,0x0000000000000000
22:05:45.643,2340,8001,57,100,2,52.93,P0,0x0000000000000000
22:05:46.809,2340,8001,57,100,2,52.19,P0,0x0000000000000000
22:05:47.989,2340,8001,58,100,2,43.15,P0,0x0000000000000000
22:05:49.167,2340,8001,57,100,2,58.24,P0,0x0000000000000000
22:05:50.327,2340,8001,57,100,2,50.48,P0,0x0000000000000000
22:05:51.489,2340,8001,56,72,1,46.02,P0,0x0000000000000000
22:05:52.643,2340,8001,54,100,2,41.33,P0,0x0000000000000000
22:05:53.806,2340,8001,55,100,2,39.45,P0,0x0000000000000000
22:05:54.965,2340,8001,54,100,2,38.30,P0,0x0000000000000000
22:05:56.173,2340,8001,54,100,2,38.84,P0,0x0000000000000000
22:05:58.320,2340,8001,56,100,2,43.90,P0,0x0000000000000000
22:05:59.964,2340,8001,54,100,2,39.03,P0,0x0000000000000000
22:06:01.221,2355,8001,55,78,2,36.17,P0,0x0000000000000000
22:06:02.362,2355,8001,54,100,2,36.91,P0,0x0000000000000000
22:06:03.526,2355,8001,54,100,2,37.08,P0,0x0000000000000000
22:06:04.666,2355,8001,54,100,2,41.50,P0,0x0000000000000000
22:06:05.826,2355,8001,56,100,2,46.39,P0,0x0000000000000000
22:06:06.969,2355,8001,54,100,2,36.61,P0,0x0000000000000000
22:06:08.138,2355,8001,54,100,2,36.30,P0,0x0000000000000000
22:06:09.291,2355,8001,53,100,2,38.18,P0,0x0000000000000000
22:06:10.456,2355,8001,53,100,2,37.32,P0,0x0000000000000000
22:06:11.877,2355,8001,54,100,2,39.24,P0,0x0000000000000000
22:06:14.027,2355,8001,53,100,2,39.15,P0,0x0000000000000000
22:06:15.805,2355,8001,53,100,2,35.71,P0,0x0000000000000000
22:06:16.990,2355,8001,54,100,2,39.17,P0,0x0000000000000000
22:06:18.153,2355,8001,55,100,3,38.94,P0,0x0000000000000000
22:06:19.276,2355,8001,55,100,2,38.99,P0,0x0000000000000000
22:06:20.430,2355,8001,54,100,2,38.04,P0,0x0000000000000000
22:06:21.567,2355,8001,54,100,2,36.78,P0,0x0000000000000000
22:06:22.732,2355,8001,54,100,2,35.96,P0,0x0000000000000000
22:06:23.868,2355,8001,55,100,2,42.61,P0,0x0000000000000000
22:06:25.001,2355,8001,55,100,2,41.25,P0,0x0000000000000000
22:06:26.491,2355,8001,54,100,2,37.93,P0,0x0000000000000000
22:06:28.148,2355,8001,54,100,2,35.11,P0,0x0000000000000000
22:06:29.570,2355,8001,55,100,2,38.86,P0,0x0000000000000000
22:06:30.763,2355,8001,54,100,2,38.54,P0,0x0000000000000000
22:06:31.936,2355,8001,54,100,2,36.41,P0,0x0000000000000000
22:06:33.100,2355,7001,54,100,2,35.38,P3,0x0000000000000000
22:06:34.286,2355,7001,54,100,3,33.39,P3,0x0000000000000000
22:06:35.467,2355,7001,53,43,1,32.18,P3,0x0000000000000000
22:06:36.607,2355,6001,54,100,3,33.25,P4,0x0000000000000000
22:06:37.755,2355,7001,55,100,3,35.46,P3,0x0000000000000000
22:06:38.919,2355,8001,56,100,2,39.70,P0,0x0000000000000000
22:06:40.052,2355,8001,56,100,2,39.57,P0,0x0000000000000000
22:06:41.474,2355,8001,55,100,2,39.50,P0,0x0000000000000000
22:06:43.092,2355,8001,55,100,2,39.13,P0,0x0000000000000000
22:06:44.724,2355,8001,55,100,2,35.72,P0,0x0000000000000000
22:06:45.898,2355,8001,55,100,2,39.18,P0,0x0000000000000000
22:06:47.038,2355,8001,54,100,2,36.49,P0,0x0000000000000000
22:06:48.188,2355,7001,54,100,2,34.40,P3,0x0000000000000000
22:06:49.345,2355,7001,54,100,2,33.63,P3,0x0000000000000000
22:06:50.499,2355,7001,54,100,2,33.31,P3,0x0000000000000000
22:06:51.674,2355,6001,55,100,3,33.25,P4,0x0000000000000000
22:06:52.813,2355,8001,55,100,2,38.29,P0,0x0000000000000000
22:06:53.965,2355,8001,55,100,2,42.12,P0,0x0000000000000000
22:06:55.119,2355,8001,56,100,2,42.38,P0,0x0000000000000000
22:06:56.260,2355,8001,55,100,2,41.99,P0,0x0000000000000000
22:06:57.793,2355,8001,55,100,2,42.37,P0,0x0000000000000000
22:06:59.255,2355,8001,56,100,2,39.70,P0,0x0000000000000000
22:07:00.425,2340,8001,58,100,2,53.80,P0,0x0000000000000000
22:07:01.578,2340,8001,57,100,2,54.25,P0,0x0000000000000000
22:07:02.744,2340,8001,58,100,2,54.76,P0,0x0000000000000000
22:07:03.915,2340,8001,57,100,2,55.14,P0,0x0000000000000000
22:07:05.069,2340,8001,58,100,2,46.76,P0,0x0000000000000000
22:07:06.243,2340,8001,56,100,2,42.54,P0,0x0000000000000000
22:07:07.405,2340,8001,55,100,2,40.03,P0,0x0000000000000000
22:07:08.690,2340,8001,55,100,2,39.24,P0,0x0000000000000000
22:07:09.830,2340,8001,54,100,2,38.96,P0,0x0000000000000000
22:07:11.007,2340,8001,54,100,2,38.99,P0,0x0000000000000000
22:07:12.374,2340,8001,54,100,2,39.17,P0,0x0000000000000000
22:07:13.628,2355,8001,57,100,2,41.54,P0,0x0000000000000000
22:07:14.793,2355,8001,56,100,2,47.11,P0,0x0000000000000000
22:07:15.931,2355,8001,56,100,2,47.27,P0,0x0000000000000000
22:07:17.071,2355,8001,56,100,2,47.20,P0,0x0000000000000000
22:07:18.224,2355,8001,56,100,2,47.18,P0,0x0000000000000000
22:07:19.380,2355,8001,56,57,2,46.21,P0,0x0000000000000000
22:07:20.535,2355,8001,55,100,2,38.84,P0,0x0000000000000000
22:07:21.685,2355,8001,55,100,2,39.34,P0,0x0000000000000000
22:07:22.822,2355,8001,55,100,2,39.44,P0,0x0000000000000000
22:07:23.988,2355,8001,54,100,2,36.73,P0,0x0000000000000000
22:07:25.144,2355,8001,54,100,2,39.27,P0,0x0000000000000000
22:07:26.363,2355,8001,54,100,2,38.95,P0,0x0000000000000000
22:07:27.594,2355,8001,56,100,2,40.53,P0,0x0000000000000000
22:07:28.731,2355,8001,56,100,2,46.94,P0,0x0000000000000000
22:07:29.885,2355,8001,56,100,2,46.91,P0,0x0000000000000000
22:07:31.047,2355,8001,55,100,2,46.97,P0,0x0000000000000000
22:07:32.206,2355,8001,56,100,2,47.14,P0,0x0000000000000000
22:07:33.370,2355,8001,56,100,2,49.02,P0,0x0000000000000000
22:07:34.521,2355,8001,54,100,2,38.26,P0,0x0000000000000000
22:07:35.675,2355,8001,56,100,2,48.28,P0,0x0000000000000000
22:07:36.824,2355,8001,56,100,2,47.49,P0,0x0000000000000000
22:07:37.978,2355,8001,56,100,2,50.59,P0,0x0000000000000000
22:07:39.116,2355,8001,56,100,3,50.35,P0,0x0000000000000000
22:07:40.279,2355,8001,56,100,3,50.44,P0,0x0000000000000000
22:07:41.551,2355,8001,56,100,2,39.27,P0,0x0000000000000000
22:07:42.735,2340,8001,61,100,3,71.72,P0,0x0000000000000000
22:07:43.886,2340,8001,61,100,3,75.07,P0,0x0000000000000000
22:07:45.041,2340,8001,60,100,3,75.47,P0,0x0000000000000000
22:07:46.202,2340,8001,60,100,3,70.92,P0,0x0000000000000000
22:07:47.342,2340,8001,60,100,3,71.35,P0,0x0000000000000000
22:07:48.509,2340,8001,60,100,2,70.50,P0,0x0000000000000000
22:07:49.686,2340,8001,57,100,2,57.58,P0,0x0000000000000000
22:07:50.854,2340,8001,57,100,2,57.68,P0,0x0000000000000000
22:07:52.022,2340,8001,59,100,2,57.21,P0,0x0000000000000000
22:07:53.191,2340,8001,58,100,2,57.49,P0,0x0000000000000000
22:07:54.352,2340,8001,58,100,2,57.54,P0,0x0000000000000000
22:07:55.513,2340,8001,57,100,2,57.11,P0,0x0000000000000000
22:07:56.683,2355,8001,57,100,3,41.12,P0,0x0000000000000000
22:07:57.824,2355,8001,56,100,3,48.71,P0,0x0000000000000000
22:07:58.994,2355,8001,56,100,3,50.55,P0,0x0000000000000000
22:08:00.146,2355,8001,56,100,3,48.37,P0,0x0000000000000000
22:08:01.306,2355,8001,56,100,3,48.74,P0,0x0000000000000000
22:08:02.452,2355,8001,56,100,3,48.80,P0,0x0000000000000000
22:08:03.617,2355,8001,56,100,3,48.67,P0,0x0000000000000000
22:08:04.755,2355,8001,56,100,3,48.69,P0,0x0000000000000000
22:08:05.934,2355,8001,56,100,3,48.38,P0,0x0000000000000000
22:08:07.111,2355,8001,56,100,3,48.90,P0,0x0000000000000000
22:08:08.277,2355,8001,56,100,2,48.14,P0,0x0000000000000000
22:08:09.447,2355,8001,55,100,3,48.46,P0,0x0000000000000000
22:08:10.600,2355,8001,55,100,2,47.93,P0,0x0000000000000000
22:08:11.763,2355,8001,56,100,3,48.19,P0,0x0000000000000000
22:08:12.918,2355,8001,56,100,3,48.35,P0,0x0000000000000000
22:08:14.071,2355,8001,56,100,3,48.39,P0,0x0000000000000000
22:08:15.238,2355,8001,56,100,3,47.81,P0,0x0000000000000000
22:08:16.375,2355,8001,56,100,3,48.29,P0,0x0000000000000000
22:08:17.532,2355,8001,56,100,3,48.56,P0,0x0000000000000000
22:08:18.688,2355,8001,56,100,3,54.67,P0,0x0000000000000000
22:08:19.843,2355,8001,56,100,2,47.65,P0,0x0000000000000000
22:08:21.029,2355,8001,56,100,3,48.72,P0,0x0000000000000000
22:08:22.189,2355,8001,56,100,2,48.15,P0,0x0000000000000000
22:08:23.346,2355,8001,56,100,2,48.62,P0,0x0000000000000000
22:08:24.487,2355,8001,57,100,2,48.86,P0,0x0000000000000000
22:08:25.644,2355,8001,56,100,2,50.43,P0,0x0000000000000000
22:08:26.799,2355,8001,57,100,3,48.85,P0,0x0000000000000000
22:08:27.931,2355,8001,57,100,3,48.18,P0,0x0000000000000000
22:08:29.095,2355,8001,57,100,2,49.13,P0,0x0000000000000000
22:08:30.250,2355,8001,57,100,3,49.99,P0,0x0000000000000000
22:08:31.420,2355,8001,57,100,2,50.57,P0,0x0000000000000000
22:08:32.540,2355,8001,58,100,2,49.12,P0,0x0000000000000000
22:08:33.681,2355,8001,58,100,3,48.99,P0,0x0000000000000000
22:08:34.824,2355,8001,58,100,3,48.98,P0,0x0000000000000000
22:08:35.978,2355,8001,58,100,2,48.31,P0,0x0000000000000000
22:08:37.129,2340,8001,58,100,3,49.49,P0,0x0000000000000000
22:08:38.262,2340,8001,58,100,2,49.44,P0,0x0000000000000000
22:08:39.398,2340,8001,58,100,3,49.33,P0,0x0000000000000000
22:08:40.563,2340,8001,59,100,3,49.15,P0,0x0000000000000000
22:08:41.710,2340,8001,58,100,3,49.26,P0,0x0000000000000000
22:08:42.853,2340,8001,59,100,3,49.49,P0,0x0000000000000000
22:08:44.005,2340,8001,59,100,3,48.52,P0,0x0000000000000000
22:08:45.157,2340,8001,59,100,3,49.57,P0,0x0000000000000000
22:08:46.342,2340,8001,59,100,3,50.29,P0,0x0000000000000000
22:08:47.524,2340,8001,59,100,3,49.33,P0,0x0000000000000000
22:08:48.678,2340,8001,59,100,3,51.43,P0,0x0000000000000000
22:08:49.833,2340,8001,59,100,3,49.62,P0,0x0000000000000000
22:08:51.002,2340,8001,59,100,3,48.25,P0,0x0000000000000000
22:08:52.170,2340,8001,59,100,3,49.31,P0,0x0000000000000000
22:08:53.326,2340,8001,59,100,3,49.47,P0,0x0000000000000000
22:08:54.510,2340,8001,59,100,3,49.36,P0,0x0000000000000000
22:08:55.724,2340,8001,56,17,1,25.93,P0,0x0000000000000000
22:08:56.931,960,810,55,17,11,21.56,P5,0x0000000000000001
22:08:58.087,750,810,54,21,14,11.65,P5,0x0000000000000001
22:08:59.217,630,810,54,27,13,11.55,P5,0x0000000000000001
22:09:00.372,420,810,54,11,16,11.23,P5,0x0000000000000001
22:09:01.537,300,405,54,16,31,9.48,P8,0x0000000000000001
22:09:02.715,225,405,54,19,31,8.74,P8,0x0000000000000001
22:09:03.896,210,405,54,7,30,8.66,P8,0x0000000000000001
22:09:05.074,210,405,54,7,30,8.73,P8,0x0000000000000001
22:09:06.254,210,405,54,7,30,8.71,P8,0x0000000000000001
22:09:07.411,210,405,53,7,30,8.73,P8,0x0000000000000001
22:09:08.576,210,405,53,19,31,9.15,P8,0x0000000000000001
22:09:09.735,210,405,53,7,30,8.87,P8,0x0000000000000001
22:09:10.904,210,405,53,19,31,8.84,P8,0x0000000000000001
22:09:12.053,210,405,53,7,30,8.63,P8,0x0000000000000001
22:09:13.217,210,405,53,19,31,8.65,P8,0x0000000000000001
22:09:14.390,210,405,52,19,31,8.67,P8,0x0000000000000001
22:09:15.552,210,405,52,7,30,8.52,P8,0x0000000000000001
22:09:16.716,210,405,52,12,30,8.54,P8,0x0000000000000001
22:09:17.865,210,405,52,7,30,8.46,P8,0x0000000000000001
22:09:19.040,210,405,51,7,30,8.48,P8,0x0000000000000001
22:09:20.208,210,405,51,7,30,8.44,P8,0x0000000000000001
22:09:21.373,210,405,51,7,30,8.38,P8,0x0000000000000001
22:09:22.545,210,405,51,16,31,8.36,P8,0x0000000000000001
22:09:23.707,210,405,51,7,30,8.41,P8,0x0000000000000001
22:09:24.870,210,405,50,31,32,8.36,P8,0x0000000000000001
22:09:26.014,210,405,50,18,31,8.35,P8,0x0000000000000001
22:09:27.195,210,405,50,16,31,8.29,P8,0x0000000000000001
22:09:28.351,210,405,50,19,31,8.39,P8,0x0000000000000001
22:09:29.510,210,405,50,7,30,8.25,P8,0x0000000000000001
22:09:30.672,210,405,50,37,32,8.35,P8,0x0000000000000001
22:09:31.835,210,405,50,7,30,8.28,P8,0x0000000000000001
22:09:32.989,210,405,50,7,30,8.25,P8,0x0000000000000001
22:09:34.151,210,405,50,7,30,8.21,P8,0x0000000000000001
22:09:35.327,210,405,50,7,30,8.21,P8,0x0000000000000001
22:09:36.514,210,405,50,31,32,8.28,P8,0x0000000000000001
22:09:37.674,210,405,50,19,31,8.30,P8,0x0000000000000001
22:09:38.839,210,405,50,19,31,8.32,P8,0x0000000000000001
22:09:39.996,210,405,50,7,30,8.29,P8,0x0000000000000001
22:09:41.162,210,405,50,7,30,8.29,P8,0x0000000000000001
22:09:42.300,210,405,50,18,31,8.28,P8,0x0000000000000001
22:09:43.481,210,405,50,7,30,8.25,P8,0x0000000000000001
22:09:44.638,210,405,50,8,30,8.24,P8,0x0000000000000001
22:09:45.791,210,405,50,7,30,8.26,P8,0x0000000000000001
22:09:46.970,210,405,50,7,30,8.28,P8,0x0000000000000001
22:09:48.130,210,405,50,7,30,8.28,P8,0x0000000000000001
22:09:49.281,210,405,50,19,31,8.37,P8,0x0000000000000001
22:09:50.457,210,405,50,31,32,8.31,P8,0x0000000000000001
22:09:51.635,210,405,50,7,30,8.25,P8,0x0000000000000001
22:09:52.799,210,405,50,7,30,8.57,P8,0x0000000000000001
22:09:53.965,210,405,50,7,30,8.23,P8,0x0000000000000001
22:09:55.122,210,405,50,7,30,8.22,P8,0x0000000000000001
22:09:56.295,210,405,50,19,31,8.30,P8,0x0000000000000001
22:09:57.453,210,405,50,7,30,8.27,P8,0x0000000000000001
22:09:58.602,210,405,50,7,30,8.29,P8,0x0000000000000001
22:09:59.806,2115,7001,52,16,3,20.68,P3,0x0000000000000001
22:10:00.938,2115,7001,52,3,0,17.19,P3,0x0000000000000001
22:10:02.101,2115,8001,52,3,1,21.27,P0,0x0000000000000001
22:10:03.241,2115,8001,52,3,1,20.89,P0,0x0000000000000001
22:10:04.406,435,810,51,7,3,10.65,P5,0x0000000000000001
22:10:05.557,300,405,51,6,5,7.90,P8,0x0000000000000001
22:10:06.720,210,405,51,6,4,7.81,P8,0x0000000000000001
22:10:07.860,210,405,51,11,16,8.07,P8,0x0000000000000001
22:10:09.032,210,405,51,7,15,8.04,P8,0x0000000000000001
22:10:10.190,210,405,51,11,14,8.05,P8,0x0000000000000001
22:10:11.348,210,405,51,6,25,8.22,P8,0x0000000000000001
22:10:12.515,210,405,51,9,25,8.27,P8,0x0000000000000001
22:10:13.665,210,405,51,12,22,8.27,P8,0x0000000000000001
22:10:14.829,210,405,51,12,10,7.99,P8,0x0000000000000001
22:10:15.965,210,405,51,11,24,8.09,P8,0x0000000000000001
22:10:17.150,210,405,51,7,24,8.12,P8,0x0000000000000001
22:10:18.340,210,405,51,7,16,8.06,P8,0x0000000000000001
22:10:19.491,210,405,51,7,16,8.15,P8,0x0000000000000001
22:10:20.628,210,405,51,7,12,8.00,P8,0x0000000000000001
22:10:21.796,210,405,51,11,15,8.05,P8,0x0000000000000001
22:10:22.963,210,405,51,7,12,8.12,P8,0x0000000000000001
22:10:24.127,210,405,51,12,18,8.17,P8,0x0000000000000001
22:10:25.265,210,405,51,9,17,8.33,P8,0x0000000000000001
22:10:26.414,210,405,51,11,20,8.10,P8,0x0000000000000001
22:10:27.582,210,405,51,7,17,8.11,P8,0x0000000000000001
22:10:28.718,210,405,51,7,12,8.05,P8,0x0000000000000001
22:10:29.869,210,405,52,7,20,8.10,P8,0x0000000000000001
22:10:31.005,210,405,52,7,18,8.14,P8,0x0000000000000001
22:10:32.157,210,405,51,7,19,8.15,P8,0x0000000000000001
22:10:33.312,210,405,51,7,19,8.11,P8,0x0000000000000001
22:10:34.478,210,405,51,9,19,8.14,P8,0x0000000000000001
22:10:35.602,210,405,52,12,20,8.21,P8,0x0000000000000001
22:10:36.748,210,405,52,12,19,8.24,P8,0x0000000000000001
22:10:37.903,210,405,52,7,23,8.26,P8,0x0000000000000001
22:10:39.040,210,405,52,7,23,8.25,P8,0x0000000000000001
22:10:40.197,210,405,52,7,20,8.29,P8,0x0000000000000001
22:10:41.360,210,405,52,7,29,8.41,P8,0x0000000000000001
22:10:42.514,210,405,51,6,20,8.35,P8,0x0000000000000001
22:10:43.679,210,405,51,7,20,8.25,P8,0x0000000000000001
22:10:44.826,210,405,52,9,16,8.07,P8,0x0000000000000001
22:10:45.978,210,405,52,7,21,8.20,P8,0x0000000000000001
22:10:47.162,210,405,51,16,22,8.21,P8,0x0000000000000001
22:10:48.314,210,405,51,11,21,8.18,P8,0x0000000000000001
22:10:49.482,210,405,51,7,21,8.26,P8,0x0000000000000001
22:10:50.648,210,405,51,7,21,8.25,P8,0x0000000000000001
22:10:51.799,210,405,51,7,21,8.23,P8,0x0000000000000001
22:10:52.975,210,405,51,11,22,8.47,P8,0x0000000000000001
22:10:54.148,210,405,51,7,19,8.21,P8,0x0000000000000001
22:10:55.314,210,405,51,20,22,8.31,P8,0x0000000000000001
22:10:56.477,210,405,51,7,21,8.18,P8,0x0000000000000001
22:10:57.630,210,405,51,7,21,8.20,P8,0x0000000000000001
22:10:58.784,210,405,51,11,22,8.19,P8,0x0000000000000001
22:10:59.920,210,405,51,11,21,8.09,P8,0x0000000000000001
22:11:01.087,210,405,51,16,22,8.27,P8,0x0000000000000001
22:11:02.251,210,405,51,7,23,8.24,P8,0x0000000000000001
22:11:03.402,210,405,51,7,22,8.24,P8,0x0000000000000001
22:11:04.580,210,405,51,7,21,8.23,P8,0x0000000000000001
22:11:05.755,210,405,51,7,23,8.25,P8,0x0000000000000001
22:11:06.907,210,405,51,10,22,8.23,P8,0x0000000000000001
22:11:08.087,210,405,51,7,23,8.23,P8,0x0000000000000001
22:11:09.257,210,405,51,7,22,8.20,P8,0x0000000000000001
22:11:10.417,210,405,51,7,21,8.18,P8,0x0000000000000001
22:11:11.591,210,405,51,11,23,8.20,P8,0x0000000000000001
22:11:12.776,210,405,51,16,23,8.20,P8,0x0000000000000001
22:11:13.944,210,405,51,8,19,8.14,P8,0x0000000000000001
22:11:15.090,210,405,51,11,21,8.14,P8,0x0000000000000001
22:11:16.270,210,405,51,7,20,8.21,P8,0x0000000000000001
22:11:17.447,210,405,51,7,21,8.18,P8,0x0000000000000001
22:11:18.599,210,405,51,7,22,8.21,P8,0x0000000000000001
22:11:19.753,210,405,51,7,20,8.12,P8,0x0000000000000001
22:11:20.889,210,405,51,12,21,8.19,P8,0x0000000000000001
22:11:22.061,210,405,51,7,20,8.16,P8,0x0000000000000001
22:11:23.205,210,405,51,7,22,8.24,P8,0x0000000000000001
22:11:24.341,210,405,51,12,22,8.30,P8,0x0000000000000001
22:11:25.503,210,405,51,7,20,8.32,P8,0x0000000000000001
22:11:26.656,210,405,51,11,21,8.23,P8,0x0000000000000001
22:11:27.802,210,405,51,7,21,8.24,P8,0x0000000000000001
22:11:28.963,210,405,51,9,18,8.11,P8,0x0000000000000001
22:11:30.123,210,405,51,7,20,8.15,P8,0x0000000000000001
22:11:31.276,210,405,51,7,21,8.26,P8,0x0000000000000001
22:11:32.457,210,405,51,7,22,8.29,P8,0x0000000000000001
22:11:33.607,210,405,51,7,19,8.23,P8,0x0000000000000001
22:11:34.771,210,405,51,7,21,8.25,P8,0x0000000000000001
22:11:35.918,210,405,51,12,21,8.24,P8,0x0000000000000001
22:11:37.080,210,405,51,12,22,8.31,P8,0x0000000000000001
22:11:38.235,210,405,51,7,22,8.22,P8,0x0000000000000001
22:11:39.398,210,405,51,6,22,8.23,P8,0x0000000000000001
22:11:40.559,210,405,51,7,19,8.09,P8,0x0000000000000001
22:11:41.721,210,405,51,7,22,8.22,P8,0x0000000000000001
22:11:42.871,210,405,51,7,22,8.21,P8,0x0000000000000001
22:11:44.029,210,405,51,5,21,8.24,P8,0x0000000000000001
22:11:45.189,210,405,52,7,19,8.16,P8,0x0000000000000001
22:11:46.355,210,405,51,7,19,8.17,P8,0x0000000000000001
22:11:47.518,210,405,51,11,19,8.18,P8,0x0000000000000001
22:11:48.681,210,405,51,12,21,8.24,P8,0x0000000000000001
22:11:49.843,210,405,51,11,21,8.26,P8,0x0000000000000001
22:11:51.005,210,405,51,7,20,8.21,P8,0x0000000000000001
22:11:52.166,210,405,51,7,19,8.29,P8,0x0000000000000001
22:11:53.300,210,405,51,7,22,8.21,P8,0x0000000000000001
22:11:54.476,210,405,51,7,19,8.15,P8,0x0000000000000001
22:11:55.654,210,405,51,7,19,8.08,P8,0x0000000000000001
22:11:56.810,210,405,51,7,21,8.16,P8,0x0000000000000001
22:11:57.987,210,405,51,7,21,8.20,P8,0x0000000000000001
22:11:59.152,210,405,51,13,19,8.09,P8,0x0000000000000001
22:12:00.290,210,405,51,16,20,8.07,P8,0x0000000000000001
22:12:01.442,210,405,51,11,23,8.12,P8,0x0000000000000001
22:12:02.578,210,405,51,7,19,8.14,P8,0x0000000000000001
22:12:03.741,210,405,51,7,19,8.14,P8,0x0000000000000001
22:12:04.894,210,405,51,12,16,7.86,P8,0x0000000000000001
22:12:06.031,210,405,51,16,22,8.13,P8,0x0000000000000001
22:12:07.193,210,405,51,11,21,8.01,P8,0x0000000000000001
22:12:08.329,210,405,51,11,10,8.18,P8,0x0000000000000001
22:12:09.476,210,405,51,7,15,8.04,P8,0x0000000000000001
22:12:10.643,210,405,51,7,8,8.06,P8,0x0000000000000001
22:12:11.804,210,405,51,12,24,8.29,P8,0x0000000000000001
22:12:12.971,210,405,51,16,16,8.07,P8,0x0000000000000001
22:12:14.290,210,405,51,13,18,8.06,P8,0x0000000000000001
22:12:15.452,210,405,51,17,12,7.59,P8,0x0000000000000001
22:12:16.589,210,405,51,13,12,7.89,P8,0x0000000000000001
22:12:17.750,210,405,51,13,9,7.82,P8,0x0000000000000001
22:12:18.941,210,405,51,35,20,7.56,P8,0x0000000000000001
22:12:20.083,210,405,51,28,18,7.64,P8,0x0000000000000001
22:12:21.220,210,405,51,16,18,7.93,P8,0x0000000000000001
22:12:22.356,210,405,51,18,14,7.94,P8,0x0000000000000001
22:12:23.761,210,405,51,10,18,7.96,P8,0x0000000000000001
22:12:24.958,210,405,51,30,15,7.52,P8,0x0000000000000001
22:12:26.108,210,405,51,22,10,7.84,P8,0x0000000000000001
22:12:27.469,210,405,51,10,22,7.92,P8,0x0000000000000001
22:12:29.119,2115,8001,51,9,13,7.62,P0,0x0000000000000001
22:12:30.284,2115,8001,52,0,1,19.72,P0,0x0000000000000001
22:12:31.416,2115,8001,52,2,1,20.56,P0,0x0000000000000001
22:12:32.581,2115,8001,52,2,1,20.99,P0,0x0000000000000001
22:12:33.730,420,810,51,5,7,12.70,P5,0x0000000000000001
22:12:34.891,240,405,50,11,17,8.43,P8,0x0000000000000001
22:12:36.042,210,405,50,11,14,8.03,P8,0x0000000000000001
22:12:37.208,210,405,50,16,16,8.00,P8,0x0000000000000001
22:12:38.359,210,405,50,8,12,7.89,P8,0x0000000000000001
22:12:39.483,210,405,50,11,13,7.80,P8,0x0000000000000001
22:12:40.627,210,405,50,7,18,7.90,P8,0x0000000000000001
22:12:41.788,210,405,50,6,18,7.90,P8,0x0000000000000001
22:12:42.954,210,405,49,7,18,7.90,P8,0x0000000000000001
22:12:44.088,210,405,49,10,15,7.67,P8,0x0000000000000001
22:12:45.232,210,405,49,11,15,7.77,P8,0x0000000000000001
22:12:46.380,210,405,49,7,14,7.87,P8,0x0000000000000001
22:12:47.542,210,405,49,11,16,7.76,P8,0x0000000000000001
22:12:48.708,210,405,49,11,15,7.76,P8,0x0000000000000001
22:12:49.868,210,405,49,11,15,7.80,P8,0x0000000000000001
22:12:51.004,210,405,49,12,18,7.82,P8,0x0000000000000001
22:12:52.153,210,405,49,5,15,7.79,P8,0x0000000000000001
22:12:53.309,210,405,49,6,14,7.81,P8,0x0000000000000001
22:12:54.450,210,405,49,7,15,7.76,P8,0x0000000000000001
22:12:55.604,210,405,49,7,14,7.81,P8,0x0000000000000001
22:12:56.752,210,405,49,12,15,7.79,P8,0x0000000000000001
22:12:57.916,210,405,49,7,15,7.82,P8,0x0000000000000001
22:12:59.065,210,405,49,12,16,7.76,P8,0x0000000000000001
22:13:00.229,210,405,49,10,14,7.62,P8,0x0000000000000001
22:13:01.378,210,405,49,12,16,7.74,P8,0x0000000000000001
22:13:02.531,210,405,49,7,17,7.83,P8,0x0000000000000001
22:13:03.681,210,405,49,7,14,7.78,P8,0x0000000000000001
22:13:04.846,210,405,49,7,14,7.78,P8,0x0000000000000001
22:13:05.994,210,405,49,7,18,7.80,P8,0x0000000000000001
22:13:07.155,210,405,49,7,19,7.83,P8,0x0000000000000001
22:13:08.307,210,405,48,7,19,7.85,P8,0x0000000000000001
22:13:09.469,210,405,48,7,14,7.74,P8,0x0000000000000001
22:13:10.636,210,405,48,12,16,7.78,P8,0x0000000000000001
22:13:11.799,210,405,48,7,19,7.83,P8,0x0000000000000001
22:13:12.945,210,405,48,7,19,7.81,P8,0x0000000000000001
22:13:14.088,210,405,48,14,18,7.79,P8,0x0000000000000001
22:13:15.235,210,405,48,7,14,7.70,P8,0x0000000000000001
22:13:16.389,210,405,48,7,17,7.75,P8,0x0000000000000001
22:13:17.533,210,405,48,7,15,7.77,P8,0x0000000000000001
22:13:18.687,210,405,48,7,15,7.67,P8,0x0000000000000001
22:13:19.840,210,405,48,7,14,7.78,P8,0x0000000000000001
22:13:20.974,210,405,48,7,14,7.70,P8,0x0000000000000001
22:13:22.137,210,405,48,7,18,7.75,P8,0x0000000000000001
22:13:23.305,210,405,48,7,15,7.68,P8,0x0000000000000001
22:13:24.465,210,405,48,16,17,7.78,P8,0x0000000000000001
22:13:25.618,210,405,48,11,17,7.79,P8,0x0000000000000001
22:13:26.783,210,405,48,7,18,7.78,P8,0x0000000000000001
22:13:27.937,210,405,48,7,15,7.73,P8,0x0000000000000001
22:13:29.085,210,405,48,10,15,7.58,P8,0x0000000000000001
22:13:30.220,210,405,48,7,18,7.71,P8,0x0000000000000001
22:13:31.388,210,405,48,7,15,7.80,P8,0x0000000000000001
22:13:32.550,210,405,48,7,15,7.73,P8,0x0000000000000001
22:13:33.715,210,405,48,7,18,7.78,P8,0x0000000000000001
22:13:34.865,210,405,48,7,18,7.80,P8,0x0000000000000001
22:13:36.017,210,405,48,7,19,7.80,P8,0x0000000000000001
22:13:37.175,210,405,48,12,19,7.89,P8,0x0000000000000001
22:13:38.357,210,405,49,11,19,7.84,P8,0x0000000000000001
22:13:39.526,210,405,49,7,19,8.20,P8,0x0000000000000001
22:13:40.666,210,405,49,7,20,7.84,P8,0x0000000000000001
22:13:41.814,210,405,49,7,18,7.77,P8,0x0000000000000001
22:13:42.982,210,405,49,7,22,8.02,P8,0x0000000000000001
22:13:44.134,210,405,49,11,20,7.78,P8,0x0000000000000001
22:13:45.291,210,405,49,7,18,7.76,P8,0x0000000000000001
22:13:46.456,210,405,49,7,18,7.80,P8,0x0000000000000001
22:13:47.605,210,405,49,7,19,7.91,P8,0x0000000000000001
22:13:48.773,210,405,49,12,24,8.05,P8,0x0000000000000001
22:13:49.937,210,405,49,11,19,7.99,P8,0x0000000000000001
22:13:51.089,210,405,49,8,19,7.96,P8,0x0000000000000001
22:13:52.250,210,405,49,7,19,8.00,P8,0x0000000000000001
22:13:53.438,210,405,49,7,19,7.85,P8,0x0000000000000001
22:13:54.605,210,405,49,7,24,7.98,P8,0x0000000000000001
22:13:55.762,210,405,49,7,19,8.20,P8,0x0000000000000001
22:13:56.958,210,405,50,7,24,8.05,P8,0x0000000000000001
22:13:58.141,210,405,50,8,19,8.26,P8,0x0000000000000001
22:13:59.306,210,405,50,7,19,7.85,P8,0x0000000000000001
22:14:00.470,210,405,50,12,19,7.92,P8,0x0000000000000001
22:14:01.621,210,405,50,11,22,8.02,P8,0x0000000000000001
22:14:02.784,210,405,50,16,22,8.01,P8,0x0000000000000001
22:14:03.953,210,405,50,11,22,7.99,P8,0x0000000000000001
22:14:05.117,210,405,50,7,21,8.06,P8,0x0000000000000001
22:14:06.266,210,405,51,6,20,8.07,P8,0x0000000000000001
22:14:07.431,210,405,51,7,21,8.10,P8,0x0000000000000001
22:14:08.577,210,405,51,7,20,8.06,P8,0x0000000000000001
22:14:09.744,210,405,51,12,21,8.09,P8,0x0000000000000001
22:14:10.907,210,405,51,7,20,8.18,P8,0x0000000000000001
22:14:12.070,210,405,51,7,21,8.08,P8,0x0000000000000001
22:14:13.245,210,405,51,7,22,8.28,P8,0x0000000000000001
22:14:14.427,210,405,51,0,9,7.97,P8,0x0000000000000001
22:14:15.592,210,405,51,26,18,7.93,P8,0x0000000000000001
22:14:16.738,210,405,51,7,20,8.12,P8,0x0000000000000001
22:14:17.889,210,405,51,7,19,8.13,P8,0x0000000000000001
22:14:19.022,210,405,51,13,19,8.15,P8,0x0000000000000001
22:14:20.167,210,405,51,20,20,8.18,P8,0x0000000000000001
22:14:21.326,210,405,51,7,19,8.16,P8,0x0000000000000001
22:14:22.487,210,405,51,7,22,8.16,P8,0x0000000000000001
22:14:23.647,210,405,51,7,23,8.22,P8,0x0000000000000001
22:14:24.793,210,405,51,7,23,8.26,P8,0x0000000000000001
22:14:25.954,210,405,51,7,23,8.24,P8,0x0000000000000001
22:14:27.129,210,405,51,7,23,8.52,P8,0x0000000000000001
22:14:28.305,210,405,51,7,23,8.23,P8,0x0000000000000001
22:14:29.468,210,405,52,5,18,8.11,P8,0x0000000000000001
22:14:30.616,210,405,52,7,18,8.11,P8,0x0000000000000001
22:14:31.781,210,405,52,7,18,8.15,P8,0x0000000000000001
22:14:32.946,210,405,51,7,18,8.14,P8,0x0000000000000001
22:14:34.112,210,405,51,10,22,8.15,P8,0x0000000000000001
22:14:35.282,210,405,51,7,24,8.27,P8,0x0000000000000001
22:14:36.457,210,405,51,7,24,8.23,P8,0x0000000000000001
22:14:37.624,210,405,51,7,24,8.23,P8,0x0000000000000001
22:14:38.763,210,405,52,7,24,8.20,P8,0x0000000000000001
22:14:39.927,210,405,52,6,24,8.20,P8,0x0000000000000001
22:14:41.087,210,405,52,7,24,8.20,P8,0x0000000000000001
22:14:42.255,210,405,51,7,24,8.23,P8,0x0000000000000001
22:14:43.434,210,405,51,7,24,8.22,P8,0x0000000000000001
22:14:44.586,210,405,51,10,22,8.07,P8,0x0000000000000001
22:14:45.737,210,405,52,12,23,8.13,P8,0x0000000000000001
22:14:46.897,210,405,52,7,23,8.18,P8,0x0000000000000001
22:14:48.045,210,405,52,7,23,8.19,P8,0x0000000000000001
22:14:49.209,210,405,52,11,21,8.19,P8,0x0000000000000001
22:14:50.359,210,405,52,7,19,8.12,P8,0x0000000000000001
22:14:51.497,210,405,52,7,19,8.11,P8,0x0000000000000001
22:14:52.631,210,405,52,7,19,8.09,P8,0x0000000000000001
22:14:53.785,210,405,51,7,19,8.11,P8,0x0000000000000001
22:14:54.934,210,405,51,7,19,8.14,P8,0x0000000000000001
22:14:56.105,210,405,51,7,19,8.14,P8,0x0000000000000001
22:14:57.239,210,405,51,7,19,8.11,P8,0x0000000000000001
22:14:58.401,210,405,51,7,19,8.07,P8,0x0000000000000001
22:14:59.550,210,405,51,13,23,8.03,P8,0x0000000000000001
22:15:00.687,210,405,51,7,23,8.10,P8,0x0000000000000001
22:15:01.854,210,405,51,7,24,8.15,P8,0x0000000000000001
22:15:02.989,210,405,50,7,24,8.10,P8,0x0000000000000001
22:15:04.153,210,405,50,13,24,8.11,P8,0x0000000000000001
22:15:05.318,210,405,50,7,23,8.13,P8,0x0000000000000001
22:15:06.470,210,405,50,7,23,8.11,P8,0x0000000000000001
22:15:07.639,210,405,50,7,23,8.07,P8,0x0000000000000001
22:15:08.802,210,405,50,7,23,8.06,P8,0x0000000000000001
22:15:09.940,210,405,50,6,23,7.93,P8,0x0000000000000001
22:15:11.074,210,405,50,7,24,7.98,P8,0x0000000000000001
22:15:12.230,210,405,49,7,24,7.98,P8,0x0000000000000001
22:15:13.395,210,405,49,7,23,7.94,P8,0x0000000000000001
22:15:14.551,315,405,49,7,18,7.88,P8,0x0000000000000001
22:15:15.720,315,405,50,6,15,7.79,P8,0x0000000000000001
22:15:16.885,210,405,49,7,15,7.84,P8,0x0000000000000001
22:15:18.022,210,405,49,7,15,7.76,P8,0x0000000000000001
22:15:19.186,210,405,49,13,15,7.78,P8,0x0000000000000001
22:15:20.353,210,405,49,7,15,7.76,P8,0x0000000000000001
22:15:21.505,210,405,49,7,15,7.84,P8,0x0000000000000001
22:15:22.669,210,405,49,7,27,8.01,P8,0x0000000000000001
22:15:23.818,210,405,49,7,27,8.01,P8,0x0000000000000001
22:15:24.981,210,405,49,7,27,7.99,P8,0x0000000000000001
22:15:26.144,210,405,49,7,27,8.06,P8,0x0000000000000001
22:15:27.293,210,405,49,7,27,8.00,P8,0x0000000000000001
22:15:28.452,210,405,49,7,27,8.05,P8,0x0000000000000001
22:15:29.589,210,405,49,12,22,7.86,P8,0x0000000000000001
22:15:30.710,210,405,49,7,25,7.92,P8,0x0000000000000001
22:15:31.875,210,405,49,7,25,8.02,P8,0x0000000000000001
22:15:33.040,210,405,49,7,25,8.00,P8,0x0000000000000001
22:15:34.187,210,405,49,13,22,7.99,P8,0x0000000000000001
22:15:35.686,210,405,49,7,17,7.83,P8,0x0000000000000001
22:15:37.348,210,405,49,7,17,7.85,P8,0x0000000000000001
22:15:38.723,210,405,49,7,17,7.87,P8,0x0000000000000001
22:15:40.401,210,405,50,7,17,7.91,P8,0x0000000000000001
22:15:41.634,210,405,50,7,17,7.89,P8,0x0000000000000001
22:15:42.793,210,405,50,7,17,7.89,P8,0x0000000000000001
22:15:43.960,210,405,50,13,22,7.92,P8,0x0000000000000001
22:15:45.565,210,405,50,7,22,7.95,P8,0x0000000000000001
22:15:47.208,210,405,50,6,23,8.00,P8,0x0000000000000001
22:15:48.370,210,405,50,7,23,8.04,P8,0x0000000000000001
22:15:49.527,210,405,50,7,18,7.96,P8,0x0000000000000001
22:15:50.689,210,405,50,7,18,7.90,P8,0x0000000000000001
22:15:51.846,210,405,50,7,18,7.92,P8,0x0000000000000001
22:15:52.983,210,405,50,7,17,7.98,P8,0x0000000000000001
22:15:54.137,210,405,50,7,18,7.94,P8,0x0000000000000001
22:15:55.317,210,405,50,7,18,7.96,P8,0x0000000000000001
22:15:56.470,210,405,50,7,18,7.99,P8,0x0000000000000001
22:15:57.610,210,405,50,7,18,7.99,P8,0x0000000000000001
22:15:58.764,210,405,50,7,18,7.98,P8,0x0000000000000001
22:15:59.915,210,405,51,7,18,7.93,P8,0x0000000000000001
22:16:01.079,210,405,50,7,25,8.12,P8,0x0000000000000001
22:16:02.230,210,405,50,7,26,8.15,P8,0x0000000000000001
22:16:03.395,210,405,50,7,26,8.18,P8,0x0000000000000001
22:16:04.560,210,405,51,7,18,8.08,P8,0x0000000000000001
22:16:05.721,210,405,51,7,19,8.03,P8,0x0000000000000001
22:16:06.868,210,405,51,7,18,8.01,P8,0x0000000000000001
22:16:08.050,210,405,51,7,18,8.08,P8,0x0000000000000001
22:16:09.216,210,405,51,7,18,8.04,P8,0x0000000000000001
22:16:10.353,210,405,51,7,18,8.03,P8,0x0000000000000001
22:16:11.477,210,405,51,6,18,8.04,P8,0x0000000000000001
22:16:12.597,210,405,51,7,18,8.02,P8,0x0000000000000001
22:16:13.779,210,405,51,7,18,8.10,P8,0x0000000000000001
22:16:14.944,210,405,51,7,19,8.03,P8,0x0000000000000001
22:16:16.077,210,405,51,7,19,8.08,P8,0x0000000000000001
22:16:17.230,210,405,51,7,19,8.10,P8,0x0000000000000001
22:16:18.367,210,405,51,7,19,8.17,P8,0x0000000000000001
22:16:19.525,210,405,51,7,26,8.24,P8,0x0000000000000001
22:16:20.685,210,405,51,7,26,8.33,P8,0x0000000000000001
22:16:21.807,210,405,51,7,26,8.26,P8,0x0000000000000001
22:16:22.974,210,405,51,7,25,8.26,P8,0x0000000000000001
22:16:24.153,210,405,51,7,25,8.28,P8,0x0000000000000001
22:16:25.302,210,405,51,7,25,8.26,P8,0x0000000000000001
22:16:26.464,210,405,51,7,26,8.23,P8,0x0000000000000001
22:16:27.631,210,405,51,7,26,8.21,P8,0x0000000000000001
22:16:28.782,210,405,51,7,25,8.24,P8,0x0000000000000001
22:16:29.929,210,405,52,7,29,8.25,P8,0x0000000000000001
22:16:31.096,210,405,52,7,29,8.29,P8,0x0000000000000001
22:16:32.249,210,405,52,7,29,8.30,P8,0x0000000000000001
22:16:33.398,210,405,52,7,29,8.45,P8,0x0000000000000001
22:16:34.560,210,405,52,7,20,8.17,P8,0x0000000000000001
22:16:35.710,210,405,51,7,20,8.15,P8,0x0000000000000001
22:16:36.862,210,405,52,7,20,8.18,P8,0x0000000000000001
22:16:38.015,210,405,51,7,20,8.16,P8,0x0000000000000001
22:16:39.184,210,405,51,7,20,8.13,P8,0x0000000000000001
22:16:40.358,210,405,51,7,20,8.09,P8,0x0000000000000001
22:16:41.525,210,405,51,7,20,8.25,P8,0x0000000000000001
22:16:42.671,210,405,51,7,20,8.16,P8,0x0000000000000001
22:16:43.833,210,405,51,7,20,8.18,P8,0x0000000000000001
22:16:44.977,210,405,51,7,26,8.21,P8,0x0000000000000001
22:16:46.140,210,405,51,7,26,8.24,P8,0x0000000000000001
22:16:47.290,210,405,51,7,26,8.22,P8,0x0000000000000001
22:16:48.469,210,405,51,7,26,8.27,P8,0x0000000000000001
22:16:49.635,210,405,51,7,29,8.30,P8,0x0000000000000001
22:16:50.788,210,405,51,7,29,8.52,P8,0x0000000000000001
22:16:51.927,210,405,51,7,29,8.27,P8,0x0000000000000001
22:16:53.078,210,405,51,7,29,8.28,P8,0x0000000000000001
22:16:54.231,210,405,51,7,29,8.30,P8,0x0000000000000001
22:16:55.377,210,405,51,7,29,8.27,P8,0x0000000000000001
22:16:56.529,210,405,51,7,29,8.30,P8,0x0000000000000001
22:16:57.667,210,405,51,7,29,8.30,P8,0x0000000000000001
22:16:58.828,210,405,51,7,29,8.32,P8,0x0000000000000001
22:16:59.968,210,405,51,7,20,8.09,P8,0x0000000000000001
22:17:01.131,210,405,51,7,29,8.18,P8,0x0000000000000001
22:17:02.268,210,405,51,7,29,8.29,P8,0x0000000000000001
22:17:03.420,210,405,51,7,29,8.32,P8,0x0000000000000001
22:17:04.574,210,405,51,7,26,8.25,P8,0x0000000000000001
22:17:05.714,210,405,51,7,26,8.28,P8,0x0000000000000001
22:17:06.895,210,405,51,7,26,8.23,P8,0x0000000000000001
22:17:08.046,210,405,51,7,26,8.25,P8,0x0000000000000001
22:17:09.214,210,405,51,7,26,8.30,P8,0x0000000000000001
22:17:10.385,210,405,51,7,26,8.22,P8,0x0000000000000001
22:17:11.531,210,405,51,7,26,8.28,P8,0x0000000000000001
22:17:12.683,210,405,51,7,26,8.30,P8,0x0000000000000001
22:17:13.838,210,405,51,7,26,8.32,P8,0x0000000000000001
22:17:14.981,210,405,52,7,26,8.23,P8,0x0000000000000001
22:17:16.145,210,405,52,7,26,8.28,P8,0x0000000000000001
22:17:17.312,210,405,52,7,26,8.29,P8,0x0000000000000001
22:17:18.480,210,405,52,7,26,8.32,P8,0x0000000000000001
22:17:19.643,210,405,52,7,21,8.19,P8,0x0000000000000001
22:17:20.783,210,405,52,7,21,8.21,P8,0x0000000000000001
22:17:21.965,210,405,52,7,20,8.21,P8,0x0000000000000001
22:17:23.131,210,405,52,7,20,8.23,P8,0x0000000000000001
22:17:24.296,210,405,52,7,20,8.25,P8,0x0000000000000001
22:17:25.458,210,405,52,7,21,8.26,P8,0x0000000000000001
22:17:26.611,210,405,52,7,21,8.31,P8,0x0000000000000001
22:17:27.763,210,405,52,7,21,8.23,P8,0x0000000000000001
22:17:28.917,210,405,52,7,21,8.55,P8,0x0000000000000001
22:17:30.069,210,405,52,7,26,8.28,P8,0x0000000000000001
22:17:31.234,210,405,52,7,26,8.35,P8,0x0000000000000001
22:17:32.400,210,405,52,7,26,8.38,P8,0x0000000000000001
22:17:33.554,210,405,52,7,26,8.32,P8,0x0000000000000001
22:17:34.705,210,405,52,7,21,8.23,P8,0x0000000000000001
22:17:35.858,210,405,52,7,22,8.24,P8,0x0000000000000001
22:17:36.995,210,405,52,7,21,8.29,P8,0x0000000000000001
22:17:38.150,210,405,52,7,21,8.24,P8,0x0000000000000001
22:17:39.300,210,405,52,7,21,8.23,P8,0x0000000000000001
22:17:40.432,210,405,52,7,21,8.24,P8,0x0000000000000001
22:17:41.589,210,405,52,7,21,8.32,P8,0x0000000000000001
22:17:42.754,210,405,52,7,21,8.23,P8,0x0000000000000001
22:17:43.906,210,405,52,7,21,8.20,P8,0x0000000000000001
22:17:45.045,210,405,52,7,26,8.31,P8,0x0000000000000001
22:17:46.215,210,405,52,7,26,8.36,P8,0x0000000000000001
22:17:47.366,210,405,52,7,26,8.31,P8,0x0000000000000001
22:17:48.533,210,405,52,7,27,8.34,P8,0x0000000000000001
22:17:49.690,210,405,52,7,29,8.40,P8,0x0000000000000001
22:17:50.853,210,405,52,7,29,8.43,P8,0x0000000000000001
22:17:52.016,210,405,52,7,29,8.42,P8,0x0000000000000001
22:17:53.166,210,405,52,7,29,8.41,P8,0x0000000000000001
22:17:54.330,210,405,52,7,29,8.55,P8,0x0000000000000001
22:17:55.470,210,405,52,7,29,8.43,P8,0x0000000000000001
22:17:56.637,210,405,52,7,29,8.66,P8,0x0000000000000001
22:17:57.789,210,405,52,7,29,8.43,P8,0x0000000000000001
22:17:58.953,210,405,52,18,29,8.48,P8,0x0000000000000001
22:18:00.104,210,405,52,6,21,8.19,P8,0x0000000000000001
22:18:01.269,210,405,52,7,29,8.40,P8,0x0000000000000001
22:18:02.448,210,405,52,7,29,8.43,P8,0x0000000000000001
22:18:03.611,210,405,52,7,29,8.42,P8,0x0000000000000001
22:18:04.754,210,405,52,6,21,8.31,P8,0x0000000000000001
22:18:05.904,210,405,52,7,21,8.32,P8,0x0000000000000001
22:18:07.071,210,405,52,7,21,8.25,P8,0x0000000000000001
22:18:08.234,210,405,52,7,21,8.27,P8,0x0000000000000001
22:18:09.399,210,405,52,7,21,8.31,P8,0x0000000000000001
22:18:10.563,210,405,52,7,21,8.27,P8,0x0000000000000001
22:18:11.708,210,405,52,7,21,8.29,P8,0x0000000000000001
22:18:12.851,210,405,52,7,21,8.48,P8,0x0000000000000001
22:18:13.999,210,405,52,19,26,8.24,P8,0x0000000000000001
22:18:15.145,210,405,52,7,27,8.27,P8,0x0000000000000001
22:18:16.293,210,405,52,6,26,8.36,P8,0x0000000000000001
22:18:17.438,210,405,52,7,27,8.26,P8,0x0000000000000001
22:18:18.596,210,405,52,9,27,8.34,P8,0x0000000000000001
22:18:19.740,210,405,52,7,21,8.26,P8,0x0000000000000001
22:18:20.894,210,405,52,7,21,8.21,P8,0x0000000000000001
22:18:22.054,210,405,52,7,21,8.20,P8,0x0000000000000001
22:18:23.211,210,405,52,7,21,8.20,P8,0x0000000000000001
22:18:24.366,210,405,52,7,21,8.19,P8,0x0000000000000001
22:18:25.534,210,405,52,7,21,8.23,P8,0x0000000000000001
22:18:26.687,210,405,52,7,21,8.39,P8,0x0000000000000001
22:18:27.839,210,405,52,7,21,8.31,P8,0x0000000000000001
22:18:29.003,210,405,52,20,29,8.38,P8,0x0000000000000001
22:18:30.123,210,405,52,7,27,8.32,P8,0x0000000000000001
22:18:31.286,210,405,52,7,27,8.36,P8,0x0000000000000001
22:18:32.439,210,405,52,7,27,8.45,P8,0x0000000000000001
22:18:33.595,210,405,52,7,27,8.42,P8,0x0000000000000001
22:18:34.763,210,405,52,7,30,8.48,P8,0x0000000000000001
22:18:35.916,210,405,52,7,30,8.45,P8,0x0000000000000001
22:18:37.067,210,405,52,7,30,8.45,P8,0x0000000000000001
22:18:38.221,210,405,52,7,30,8.43,P8,0x0000000000000001
22:18:39.386,210,405,52,7,30,8.41,P8,0x0000000000000001
22:18:40.535,210,405,52,7,30,8.40,P8,0x0000000000000001
22:18:41.671,210,405,52,7,30,8.40,P8,0x0000000000000001
22:18:42.850,210,405,52,7,30,8.38,P8,0x0000000000000001
22:18:44.016,210,405,52,25,29,8.34,P8,0x0000000000000001
22:18:45.153,210,405,52,7,22,8.21,P8,0x0000000000000001
22:18:46.291,210,405,52,7,22,8.49,P8,0x0000000000000001
22:18:47.458,210,405,52,7,21,8.25,P8,0x0000000000000001
22:18:48.623,210,405,52,7,22,8.19,P8,0x0000000000000001
22:18:49.787,210,405,52,7,30,8.37,P8,0x0000000000000001
22:18:50.954,210,405,52,7,30,8.37,P8,0x0000000000000001
22:18:52.111,210,405,52,7,30,8.36,P8,0x0000000000000001
22:18:53.268,210,405,52,7,30,8.37,P8,0x0000000000000001
22:18:54.444,210,405,52,7,30,8.35,P8,0x0000000000000001
22:18:55.604,210,405,52,7,30,8.39,P8,0x0000000000000001
22:18:56.756,210,405,52,7,30,8.42,P8,0x0000000000000001
22:18:57.926,210,405,52,7,30,8.39,P8,0x0000000000000001
22:18:59.110,210,405,52,25,29,8.27,P8,0x0000000000000001
22:19:00.276,210,405,52,7,30,8.34,P8,0x0000000000000001
22:19:01.439,210,405,52,7,28,8.32,P8,0x0000000000000001
22:19:02.593,210,405,52,7,28,8.36,P8,0x0000000000000001
22:19:03.759,210,405,52,7,28,8.35,P8,0x0000000000000001
22:19:04.911,210,405,52,7,30,8.38,P8,0x0000000000000001
22:19:06.062,210,405,52,7,30,8.42,P8,0x0000000000000001
22:19:07.217,210,405,52,7,30,8.43,P8,0x0000000000000001
22:19:08.382,210,405,52,7,30,8.45,P8,0x0000000000000001
22:19:09.546,210,405,52,7,30,8.43,P8,0x0000000000000001
22:19:10.726,210,405,52,7,30,8.46,P8,0x0000000000000001
22:19:11.904,210,405,52,7,30,8.48,P8,0x0000000000000001
22:19:13.045,210,405,52,7,30,8.39,P8,0x0000000000000001
22:19:14.199,210,405,52,27,27,8.54,P8,0x0000000000000001
22:19:15.361,210,405,52,7,22,8.23,P8,0x0000000000000001
22:19:16.512,210,405,52,7,22,8.23,P8,0x0000000000000001
22:19:17.678,210,405,52,7,22,8.25,P8,0x0000000000000001
22:19:18.827,210,405,52,7,22,8.30,P8,0x0000000000000001
22:19:19.990,210,405,52,7,30,8.43,P8,0x0000000000000001
22:19:21.139,210,405,52,7,30,8.48,P8,0x0000000000000001
22:19:22.304,210,405,52,7,30,8.44,P8,0x0000000000000001
22:19:23.458,210,405,52,7,30,8.38,P8,0x0000000000000001
22:19:24.622,210,405,52,7,30,8.40,P8,0x0000000000000001
22:19:25.770,210,405,52,7,30,8.36,P8,0x0000000000000001
22:19:26.964,210,405,52,7,30,8.40,P8,0x0000000000000001
22:19:28.132,210,405,52,7,30,8.44,P8,0x0000000000000001
22:19:29.301,210,405,52,24,29,8.39,P8,0x0000000000000001
22:19:30.444,210,405,52,7,22,8.25,P8,0x0000000000000001
22:19:31.598,210,405,52,7,22,8.22,P8,0x0000000000000001
22:19:32.733,210,405,52,7,22,8.26,P8,0x0000000000000001
22:19:33.908,210,405,52,7,22,8.27,P8,0x0000000000000001
22:19:35.049,210,405,52,7,28,8.62,P8,0x0000000000000001
22:19:36.214,210,405,52,7,27,8.40,P8,0x0000000000000001
22:19:37.351,210,405,52,7,28,8.41,P8,0x0000000000000001
22:19:38.507,210,405,52,7,28,8.32,P8,0x0000000000000001
22:19:39.681,210,405,52,7,28,8.35,P8,0x0000000000000001
22:19:40.825,210,405,52,7,28,8.35,P8,0x0000000000000001
22:19:41.980,210,405,52,7,27,8.33,P8,0x0000000000000001
22:19:43.140,210,405,52,7,27,8.31,P8,0x0000000000000001
22:19:44.290,210,405,52,18,26,8.26,P8,0x0000000000000001
22:19:45.431,210,405,52,7,28,8.23,P8,0x0000000000000001
22:19:46.596,210,405,52,7,27,8.34,P8,0x0000000000000001
22:19:47.748,210,405,52,7,28,8.36,P8,0x0000000000000001
22:19:48.895,210,405,52,7,27,8.71,P8,0x0000000000000001
22:19:50.051,210,405,51,7,22,8.26,P8,0x0000000000000001
22:19:51.201,210,405,51,7,22,8.23,P8,0x0000000000000001
22:19:52.350,210,405,51,7,22,8.20,P8,0x0000000000000001
22:19:53.516,210,405,51,7,22,8.19,P8,0x0000000000000001
22:19:54.709,210,405,51,7,22,8.31,P8,0x0000000000000001
22:19:55.859,210,405,51,7,22,8.20,P8,0x0000000000000001
22:19:57.035,210,405,51,7,22,8.17,P8,0x0000000000000001
22:19:58.200,210,405,51,7,22,8.18,P8,0x0000000000000001
22:19:59.355,210,405,51,19,25,8.24,P8,0x0000000000000001
22:20:00.512,210,405,51,7,30,8.31,P8,0x0000000000000001
22:20:01.672,210,405,51,7,28,8.24,P8,0x0000000000000001
22:20:02.850,210,405,51,7,28,8.28,P8,0x0000000000000001
22:20:04.002,210,405,51,7,28,8.28,P8,0x0000000000000001
22:20:05.151,210,405,51,7,30,8.33,P8,0x0000000000000001
22:20:06.325,210,405,51,7,30,8.36,P8,0x0000000000000001
22:20:07.470,210,405,52,6,30,8.34,P8,0x0000000000000001
22:20:08.638,210,405,52,7,30,8.41,P8,0x0000000000000001
22:20:09.805,210,405,52,7,30,8.39,P8,0x0000000000000001
22:20:10.957,210,405,52,7,30,8.37,P8,0x0000000000000001
22:20:12.108,210,405,52,7,30,8.59,P8,0x0000000000000001
22:20:13.260,210,405,51,7,30,8.35,P8,0x0000000000000001
22:20:14.425,210,405,51,20,30,8.30,P8,0x0000000000000001
22:20:15.556,210,405,52,7,30,8.30,P8,0x0000000000000001
22:20:16.716,210,405,52,7,30,8.34,P8,0x0000000000000001
22:20:17.864,210,405,51,7,30,8.34,P8,0x0000000000000001
22:20:19.028,210,405,51,7,30,8.39,P8,0x0000000000000001
22:20:20.183,210,405,51,7,22,8.16,P8,0x0000000000000001
22:20:21.351,210,405,51,7,22,8.14,P8,0x0000000000000001
22:20:22.501,210,405,51,7,22,8.13,P8,0x0000000000000001
22:20:23.639,210,405,51,7,22,8.15,P8,0x0000000000000001
22:20:24.777,210,405,51,7,22,8.18,P8,0x0000000000000001
22:20:26.081,210,405,51,7,22,8.17,P8,0x0000000000000001
22:20:27.707,210,405,51,7,22,8.14,P8,0x0000000000000001
22:20:29.141,210,405,51,13,23,8.30,P8,0x0000000000000001
22:20:30.274,210,405,51,7,28,8.21,P8,0x0000000000000001
22:20:31.442,210,405,51,7,27,8.25,P8,0x0000000000000001
22:20:32.593,210,405,51,7,28,8.25,P8,0x0000000000000001
22:20:33.730,210,405,51,7,28,8.30,P8,0x0000000000000001
22:20:34.895,210,405,51,7,30,8.35,P8,0x0000000000000001
22:20:36.059,210,405,51,7,30,8.38,P8,0x0000000000000001
22:20:37.223,210,405,51,7,30,8.41,P8,0x0000000000000001
22:20:38.361,210,405,51,7,30,8.38,P8,0x0000000000000001
22:20:39.519,210,405,51,7,30,8.34,P8,0x0000000000000001
22:20:40.676,210,405,51,7,30,8.42,P8,0x0000000000000001
22:20:41.857,210,405,51,6,30,8.33,P8,0x0000000000000001
22:20:43.017,210,405,51,7,30,8.36,P8,0x0000000000000001
22:20:44.179,210,405,51,10,30,8.27,P8,0x0000000000000001
22:20:45.331,210,405,52,7,28,8.26,P8,0x0000000000000001
22:20:46.485,210,405,52,7,29,8.34,P8,0x0000000000000001
22:20:47.635,210,405,52,7,29,8.59,P8,0x0000000000000001
22:20:48.789,210,405,52,7,28,8.33,P8,0x0000000000000001
22:20:49.942,210,405,52,7,21,8.19,P8,0x0000000000000001
22:20:51.108,210,405,52,7,21,8.23,P8,0x0000000000000001
22:20:52.289,210,405,52,7,21,8.28,P8,0x0000000000000001
22:20:53.454,210,405,52,7,21,8.25,P8,0x0000000000000001
22:20:54.609,210,405,52,7,21,8.25,P8,0x0000000000000001
22:20:55.763,210,405,52,7,21,8.21,P8,0x0000000000000001
22:20:56.913,210,405,52,7,21,8.22,P8,0x0000000000000001
22:20:58.082,210,405,52,7,21,8.25,P8,0x0000000000000001
22:20:59.247,210,405,52,6,21,8.15,P8,0x0000000000000001
22:21:00.387,210,405,52,7,21,8.20,P8,0x0000000000000001
22:21:01.553,210,405,52,7,29,8.42,P8,0x0000000000000001
22:21:02.692,210,405,52,7,28,8.45,P8,0x0000000000000001
22:21:03.844,210,405,52,7,29,8.67,P8,0x0000000000000001
22:21:05.007,210,405,52,7,22,8.28,P8,0x0000000000000001
22:21:06.174,210,405,52,7,22,8.31,P8,0x0000000000000001
22:21:07.297,210,405,52,7,22,8.37,P8,0x0000000000000001
22:21:08.459,210,405,52,7,22,8.23,P8,0x0000000000000001
22:21:09.614,210,405,52,7,22,8.24,P8,0x0000000000000001
22:21:10.779,210,405,52,7,22,8.26,P8,0x0000000000000001
22:21:11.918,210,405,52,7,22,8.24,P8,0x0000000000000001
22:21:13.071,210,405,52,7,22,8.27,P8,0x0000000000000001
22:21:14.249,210,405,52,7,22,8.24,P8,0x0000000000000001
22:21:15.393,210,405,52,7,27,8.32,P8,0x0000000000000001
22:21:16.561,210,405,52,7,27,8.41,P8,0x0000000000000001
22:21:17.712,210,405,52,7,27,8.39,P8,0x0000000000000001
22:21:18.859,210,405,52,7,27,8.41,P8,0x0000000000000001
22:21:20.013,210,405,52,7,29,8.42,P8,0x0000000000000001
22:21:21.163,210,405,52,7,29,8.43,P8,0x0000000000000001
22:21:22.315,210,405,52,7,29,8.43,P8,0x0000000000000001
22:21:23.471,210,405,52,7,29,8.40,P8,0x0000000000000001
22:21:24.624,210,405,52,7,29,8.36,P8,0x0000000000000001
22:21:25.767,210,405,52,7,29,8.31,P8,0x0000000000000001
22:21:26.920,210,405,52,7,29,8.34,P8,0x0000000000000001
22:21:28.082,210,405,52,7,29,8.29,P8,0x0000000000000001
22:21:29.243,210,405,51,7,29,8.73,P8,0x0000000000000001
22:21:30.379,210,405,52,5,22,8.18,P8,0x0000000000000001
22:21:31.534,210,405,52,7,22,8.24,P8,0x0000000000000001
22:21:32.678,210,405,52,7,22,8.58,P8,0x0000000000000001
22:21:33.836,210,405,52,7,22,8.23,P8,0x0000000000000001
22:21:34.997,210,405,52,7,29,8.50,P8,0x0000000000000001
22:21:36.178,210,405,52,7,29,8.38,P8,0x0000000000000001
22:21:37.358,210,405,52,7,29,8.35,P8,0x0000000000000001
22:21:38.498,210,405,52,7,29,8.37,P8,0x0000000000000001
22:21:39.662,210,405,52,7,29,8.31,P8,0x0000000000000001
22:21:40.826,210,405,52,7,29,8.36,P8,0x0000000000000001
22:21:41.982,210,405,52,7,29,8.45,P8,0x0000000000000001
22:21:43.133,210,405,52,7,29,8.35,P8,0x0000000000000001
22:21:44.288,210,405,52,7,29,8.38,P8,0x0000000000000001
22:21:45.423,210,405,52,7,29,8.32,P8,0x0000000000000001
22:21:46.564,210,405,52,7,29,8.40,P8,0x0000000000000001
22:21:47.716,210,405,52,7,29,8.43,P8,0x0000000000000001
22:21:48.880,210,405,52,7,29,8.40,P8,0x0000000000000001
22:21:50.033,210,405,52,7,27,8.34,P8,0x0000000000000001
22:21:51.171,210,405,52,7,27,8.30,P8,0x0000000000000001
22:21:52.329,210,405,52,7,26,8.33,P8,0x0000000000000001
22:21:53.490,210,405,52,7,26,8.33,P8,0x0000000000000001
22:21:54.652,210,405,52,7,27,8.33,P8,0x0000000000000001
22:21:55.818,210,405,52,7,27,8.61,P8,0x0000000000000001
22:21:56.979,210,405,51,7,27,8.35,P8,0x0000000000000001
22:21:58.121,210,405,51,7,27,8.53,P8,0x0000000000000001
22:21:59.288,210,405,51,25,26,8.68,P8,0x0000000000000001
22:22:00.451,210,405,52,7,21,8.29,P8,0x0000000000000001
22:22:01.604,210,405,52,7,29,8.37,P8,0x0000000000000001
22:22:02.764,210,405,52,7,29,8.43,P8,0x0000000000000001
22:22:03.930,210,405,52,7,29,8.40,P8,0x0000000000000001
22:22:05.081,210,405,52,7,27,8.32,P8,0x0000000000000001
22:22:06.235,210,405,52,7,27,8.36,P8,0x0000000000000001
22:22:07.388,210,405,52,7,27,8.38,P8,0x0000000000000001
22:22:08.553,210,405,52,7,27,8.34,P8,0x0000000000000001
22:22:09.731,210,405,52,7,27,8.34,P8,0x0000000000000001
22:22:10.889,210,405,52,7,27,8.36,P8,0x0000000000000001
22:22:12.041,210,405,52,7,27,8.31,P8,0x0000000000000001
22:22:13.195,210,405,52,7,27,8.37,P8,0x0000000000000001
22:22:14.350,210,405,52,21,26,8.25,P8,0x0000000000000001
22:22:15.483,210,405,52,7,27,8.34,P8,0x0000000000000001
22:22:16.637,210,405,52,7,27,8.34,P8,0x0000000000000001
22:22:17.799,210,405,52,7,27,8.40,P8,0x0000000000000001
22:22:18.921,210,405,52,7,27,8.37,P8,0x0000000000000001
22:22:20.073,210,405,52,7,29,8.39,P8,0x0000000000000001
22:22:21.236,210,405,52,7,29,8.43,P8,0x0000000000000001
22:22:22.397,210,405,52,7,29,8.38,P8,0x0000000000000001
22:22:23.549,210,405,52,7,29,8.37,P8,0x0000000000000001
22:22:24.714,210,405,52,7,29,8.36,P8,0x0000000000000001
22:22:25.877,210,405,52,7,29,8.38,P8,0x0000000000000001
22:22:27.031,210,405,52,7,29,8.34,P8,0x0000000000000001
22:22:28.186,210,405,52,7,29,8.39,P8,0x0000000000000001
22:22:29.339,210,405,52,23,29,8.37,P8,0x0000000000000001
22:22:30.474,210,405,52,7,22,8.29,P8,0x0000000000000001
22:22:31.622,210,405,52,7,22,8.24,P8,0x0000000000000001
22:22:32.777,210,405,52,7,22,8.21,P8,0x0000000000000001
22:22:33.915,210,405,52,7,22,8.29,P8,0x0000000000000001
22:22:35.065,210,405,52,6,27,8.32,P8,0x0000000000000001
22:22:36.219,210,405,52,7,27,8.39,P8,0x0000000000000001
22:22:37.370,210,405,52,7,27,8.34,P8,0x0000000000000001
22:22:38.532,210,405,52,7,27,8.35,P8,0x0000000000000001
22:22:39.692,210,405,52,7,27,8.32,P8,0x0000000000000001
22:22:40.874,210,405,52,7,22,8.25,P8,0x0000000000000001
22:22:42.039,210,405,52,7,22,8.28,P8,0x0000000000000001
22:22:43.190,210,405,52,7,22,8.26,P8,0x0000000000000001
22:22:44.359,210,405,52,16,23,8.29,P8,0x0000000000000001
22:22:45.511,210,405,52,7,22,8.35,P8,0x0000000000000001
22:22:46.672,210,405,52,7,22,8.28,P8,0x0000000000000001
22:22:47.852,210,405,52,7,22,8.36,P8,0x0000000000000001
22:22:49.007,210,405,52,7,22,8.32,P8,0x0000000000000001
22:22:50.158,210,405,52,7,29,8.40,P8,0x0000000000000001
22:22:51.334,210,405,52,7,29,8.43,P8,0x0000000000000001
22:22:52.494,210,405,52,7,29,8.46,P8,0x0000000000000001
22:22:53.673,210,405,52,7,29,8.46,P8,0x0000000000000001
22:22:54.823,210,405,52,7,29,8.44,P8,0x0000000000000001
22:22:55.979,210,405,52,7,29,8.51,P8,0x0000000000000001
22:22:57.132,210,405,52,7,29,8.39,P8,0x0000000000000001
22:22:58.310,210,405,52,7,29,8.43,P8,0x0000000000000001
22:22:59.454,210,405,52,10,29,8.39,P8,0x0000000000000001
22:23:00.603,210,405,52,7,27,8.35,P8,0x0000000000000001
22:23:01.757,210,405,52,9,28,8.33,P8,0x0000000000000001
22:23:02.922,210,405,52,7,27,8.33,P8,0x0000000000000001
22:23:04.102,210,405,52,7,27,8.37,P8,0x0000000000000001
22:23:05.281,210,405,52,7,29,8.43,P8,0x0000000000000001
22:23:06.422,210,405,52,7,29,8.40,P8,0x0000000000000001
22:23:07.587,210,405,52,7,29,8.42,P8,0x0000000000000001
22:23:08.738,210,405,52,7,29,8.42,P8,0x0000000000000001
22:23:09.909,210,405,52,7,29,8.58,P8,0x0000000000000001
22:23:11.077,210,405,52,7,29,8.44,P8,0x0000000000000001
22:23:12.222,210,405,52,7,29,8.44,P8,0x0000000000000001
22:23:13.390,210,405,52,7,29,8.43,P8,0x0000000000000001
22:23:14.547,210,405,52,6,27,8.23,P8,0x0000000000000001
22:23:15.686,210,405,52,7,22,8.22,P8,0x0000000000000001
22:23:16.838,210,405,52,7,22,8.43,P8,0x0000000000000001
22:23:17.990,210,405,52,7,27,8.37,P8,0x0000000000000001
22:23:19.156,210,405,52,7,27,8.35,P8,0x0000000000000001
22:23:20.335,210,405,52,7,29,8.40,P8,0x0000000000000001
22:23:21.476,210,405,52,7,29,8.45,P8,0x0000000000000001
22:23:22.644,210,405,52,7,29,8.41,P8,0x0000000000000001
22:23:23.811,210,405,52,7,29,8.31,P8,0x0000000000000001
22:23:24.949,210,405,51,7,29,8.35,P8,0x0000000000000001
22:23:26.087,210,405,51,7,22,8.16,P8,0x0000000000000001
22:23:27.267,210,405,51,7,22,8.22,P8,0x0000000000000001
22:23:28.430,210,405,51,7,22,8.24,P8,0x0000000000000001
22:23:29.590,210,405,51,7,29,8.19,P8,0x0000000000000001
22:23:30.737,210,405,52,7,22,8.21,P8,0x0000000000000001
22:23:31.874,210,405,51,7,27,8.26,P8,0x0000000000000001
22:23:33.041,210,405,51,7,27,8.33,P8,0x0000000000000001
22:23:34.186,210,405,51,6,27,8.33,P8,0x0000000000000001
22:23:35.363,210,405,51,7,31,8.34,P8,0x0000000000000001
22:23:36.523,210,405,51,7,31,8.36,P8,0x0000000000000001
22:23:37.660,210,405,51,7,31,8.39,P8,0x0000000000000001
22:23:38.814,210,405,51,7,31,8.70,P8,0x0000000000000001
22:23:39.971,210,405,51,7,31,8.36,P8,0x0000000000000001
22:23:41.134,210,405,51,7,31,8.35,P8,0x0000000000000001
22:23:42.324,210,405,51,7,31,8.31,P8,0x0000000000000001
22:23:43.470,210,405,51,7,31,8.36,P8,0x0000000000000001
22:23:44.588,210,405,51,7,30,8.25,P8,0x0000000000000001
22:23:45.734,210,405,52,7,28,8.30,P8,0x0000000000000001
22:23:46.899,210,405,52,7,28,8.33,P8,0x0000000000000001
22:23:48.064,210,405,52,7,27,8.38,P8,0x0000000000000001
22:23:49.227,210,405,52,7,27,8.33,P8,0x0000000000000001
22:23:50.387,210,405,52,7,30,8.40,P8,0x0000000000000001
22:23:51.573,210,405,52,7,30,8.44,P8,0x0000000000000001
22:23:52.752,210,405,52,7,30,8.39,P8,0x0000000000000001
22:23:53.913,210,405,52,7,28,8.37,P8,0x0000000000000001
22:23:55.090,210,405,52,7,28,8.33,P8,0x0000000000000001
22:23:56.256,210,405,52,7,28,8.31,P8,0x0000000000000001
22:23:57.420,210,405,52,7,28,8.49,P8,0x0000000000000001
22:23:58.571,210,405,52,7,28,8.32,P8,0x0000000000000001
22:23:59.708,210,405,52,10,28,8.32,P8,0x0000000000000001
22:24:00.843,210,405,52,7,27,8.28,P8,0x0000000000000001
22:24:02.024,210,405,52,7,28,8.32,P8,0x0000000000000001
22:24:03.208,210,405,52,7,27,8.32,P8,0x0000000000000001
22:24:04.382,210,405,52,7,27,8.35,P8,0x0000000000000001
22:24:05.547,210,405,52,7,28,8.38,P8,0x0000000000000001
22:24:06.699,210,405,52,7,28,8.38,P8,0x0000000000000001
22:24:07.872,210,405,52,7,28,8.36,P8,0x0000000000000001
22:24:09.050,210,405,52,10,28,8.50,P8,0x0000000000000001
22:24:10.212,210,405,52,7,27,8.37,P8,0x0000000000000001
22:24:11.368,210,405,52,7,27,8.40,P8,0x0000000000000001
22:24:12.544,210,405,52,7,27,8.41,P8,0x0000000000000001
22:24:13.708,210,405,52,7,27,8.35,P8,0x0000000000000001
22:24:14.843,210,405,52,6,30,8.36,P8,0x0000000000000001
22:24:15.993,210,405,52,7,27,8.37,P8,0x0000000000000001
22:24:17.174,210,405,52,7,27,8.42,P8,0x0000000000000001
22:24:18.536,210,405,52,7,27,8.39,P8,0x0000000000000001
22:24:19.974,210,405,52,7,30,8.49,P8,0x0000000000000001
22:24:21.374,210,405,52,7,30,8.42,P8,0x0000000000000001
22:24:22.529,210,405,52,7,30,8.44,P8,0x0000000000000001
22:24:23.695,210,405,52,7,30,8.47,P8,0x0000000000000001
22:24:25.044,210,405,52,7,30,8.45,P8,0x0000000000000001
22:24:26.453,210,405,52,7,30,8.41,P8,0x0000000000000001
22:24:27.622,210,405,52,7,30,8.41,P8,0x0000000000000001
22:24:28.786,210,405,52,7,30,8.41,P8,0x0000000000000001
22:24:29.948,210,405,52,7,27,8.26,P8,0x0000000000000001
22:24:31.099,210,405,52,7,27,8.31,P8,0x0000000000000001
22:24:32.237,210,405,51,7,27,8.38,P8,0x0000000000000001
22:24:33.387,210,405,51,6,27,8.34,P8,0x0000000000000001
22:24:34.545,210,405,51,7,28,8.37,P8,0x0000000000000001
22:24:35.866,210,405,51,7,28,8.31,P8,0x0000000000000001
22:24:37.593,210,405,51,7,28,8.30,P8,0x0000000000000001
22:24:38.790,210,405,51,7,28,8.32,P8,0x0000000000000001
22:24:39.950,210,405,51,7,28,8.26,P8,0x0000000000000001
22:24:41.255,210,405,51,7,28,8.32,P8,0x0000000000000001
22:24:43.157,210,405,51,7,28,8.31,P8,0x0000000000000001
22:24:44.520,210,405,51,7,28,8.33,P8,0x0000000000000001
22:24:46.331,210,405,52,7,28,8.32,P8,0x0000000000000001
22:24:47.709,210,405,52,7,28,8.36,P8,0x0000000000000001
22:24:48.873,210,405,52,7,28,8.39,P8,0x0000000000000001
22:24:50.044,210,405,51,7,27,8.36,P8,0x0000000000000001
22:24:51.195,210,405,51,7,27,8.35,P8,0x0000000000000001
22:24:52.347,210,405,51,7,27,8.33,P8,0x0000000000000001
22:24:53.516,210,405,51,7,30,8.44,P8,0x0000000000000001
22:24:54.695,210,405,51,7,31,8.35,P8,0x0000000000000001
22:24:55.847,210,405,51,9,29,8.32,P8,0x0000000000000001
22:24:57.444,210,405,51,7,28,8.21,P8,0x0000000000000001
22:24:58.893,210,405,51,7,28,8.19,P8,0x0000000000000001
22:25:00.138,210,405,51,7,28,8.18,P8,0x0000000000000001
22:25:01.303,210,405,51,7,30,8.24,P8,0x0000000000000001
22:25:02.468,210,405,50,7,30,8.32,P8,0x0000000000000001
22:25:03.632,210,405,50,7,30,8.27,P8,0x0000000000000001
22:25:04.808,210,405,50,7,27,8.24,P8,0x0000000000000001
22:25:06.165,210,405,50,7,27,8.16,P8,0x0000000000000001
22:25:07.826,210,405,50,7,27,8.18,P8,0x0000000000000001
22:25:09.122,210,405,50,7,27,8.23,P8,0x0000000000000001
22:25:10.555,210,405,50,7,27,8.20,P8,0x0000000000000001
22:25:12.209,210,405,51,7,27,8.23,P8,0x0000000000000001
22:25:13.759,210,405,50,7,27,8.22,P8,0x0000000000000001
22:25:15.496,210,405,51,7,28,8.24,P8,0x0000000000000001
22:25:16.720,210,405,51,7,28,8.25,P8,0x0000000000000001
22:25:17.886,210,405,51,7,27,8.23,P8,0x0000000000000001
22:25:19.020,210,405,51,7,27,8.23,P8,0x0000000000000001
22:25:20.184,210,405,51,7,28,8.21,P8,0x0000000000000001
22:25:21.325,210,405,51,7,27,8.26,P8,0x0000000000000001
22:25:22.509,210,405,51,7,27,8.24,P8,0x0000000000000001
22:25:23.660,210,405,51,7,27,8.25,P8,0x0000000000000001
22:25:24.838,2115,8001,52,2,1,21.48,P0,0x0000000000000001
22:25:26.002,2115,8001,52,3,1,21.75,P0,0x0000000000000001
22:25:27.156,495,810,51,5,14,11.09,P5,0x0000000000000001
22:25:28.292,345,810,51,8,14,10.95,P5,0x0000000000000001
22:25:29.443,240,810,51,7,14,10.94,P5,0x0000000000000001
22:25:30.564,210,405,51,8,30,8.35,P8,0x0000000000000001
22:25:31.733,210,405,51,12,31,8.44,P8,0x0000000000000001
22:25:32.912,210,405,51,7,30,8.35,P8,0x0000000000000001
22:25:34.061,210,405,51,10,31,8.43,P8,0x0000000000000001
22:25:35.213,210,405,51,9,28,8.25,P8,0x0000000000000001
22:25:36.367,210,405,52,9,28,8.33,P8,0x0000000000000001
22:25:37.529,210,405,52,11,28,8.32,P8,0x0000000000000001
22:25:38.697,210,405,52,12,29,8.34,P8,0x0000000000000001
22:25:39.862,210,405,52,7,44,8.66,P8,0x0000000000000001
22:25:41.010,210,405,52,7,23,8.23,P8,0x0000000000000001
22:25:42.191,210,405,52,7,23,8.27,P8,0x0000000000000001
22:25:43.368,210,405,52,7,28,8.40,P8,0x0000000000000001
22:25:44.531,210,405,52,8,17,8.02,P8,0x0000000000000001
22:25:45.676,210,405,52,7,15,8.11,P8,0x0000000000000001
22:25:46.842,210,405,52,16,17,8.39,P8,0x0000000000000001
22:25:48.016,210,405,52,11,16,8.24,P8,0x0000000000000001
22:25:49.196,210,405,52,7,18,8.48,P8,0x0000000000000001
22:25:50.349,210,405,52,16,17,8.09,P8,0x0000000000000001
22:25:51.511,210,405,52,6,15,8.19,P8,0x0000000000000001
22:25:52.661,210,405,52,7,13,8.17,P8,0x0000000000000001
22:25:53.813,210,405,52,7,15,8.18,P8,0x0000000000000001
22:25:54.990,210,405,52,7,13,8.20,P8,0x0000000000000001
22:25:56.138,210,405,52,7,17,8.22,P8,0x0000000000000001
22:25:57.280,210,405,52,16,16,8.25,P8,0x0000000000000001
22:25:58.418,210,405,52,11,17,8.22,P8,0x0000000000000001
22:25:59.635,210,405,52,0,10,8.13,P8,0x0000000000000001
22:26:00.794,210,405,52,7,15,8.07,P8,0x0000000000000001
22:26:01.953,210,405,52,7,18,8.24,P8,0x0000000000000001
22:26:03.092,210,405,52,7,14,8.20,P8,0x0000000000000001
22:26:04.251,210,405,52,7,14,8.19,P8,0x0000000000000001
22:26:05.422,210,405,52,7,14,8.18,P8,0x0000000000000001
22:26:06.588,210,405,52,7,19,8.22,P8,0x0000000000000001
22:26:07.740,210,405,52,7,14,8.22,P8,0x0000000000000001
22:26:08.900,210,405,52,12,15,8.20,P8,0x0000000000000001
22:26:10.073,210,405,51,11,18,8.15,P8,0x0000000000000001
22:26:11.223,210,405,51,7,19,8.20,P8,0x0000000000000001
22:26:12.389,210,405,52,6,19,8.09,P8,0x0000000000000001
22:26:13.548,210,405,52,7,20,8.13,P8,0x0000000000000001
22:26:14.723,210,405,52,4,14,8.14,P8,0x0000000000000001
22:26:15.888,2115,8001,52,30,16,8.33,P0,0x0000000000000001
22:26:17.050,2115,8001,53,2,1,20.31,P0,0x0000000000000001
22:26:18.201,855,810,52,4,8,17.18,P5,0x0000000000000001
22:26:19.354,585,810,52,6,8,11.10,P5,0x0000000000000001
22:26:20.510,315,405,52,9,22,9.28,P8,0x0000000000000001
22:26:21.661,225,405,52,13,20,8.35,P8,0x0000000000000001
22:26:22.820,210,405,52,12,23,8.31,P8,0x0000000000000001
22:26:23.974,210,405,52,12,23,8.29,P8,0x0000000000000001
22:26:25.104,210,405,52,10,23,8.27,P8,0x0000000000000001
22:26:26.255,210,405,51,13,23,8.27,P8,0x0000000000000001
22:26:27.404,210,405,51,32,32,8.33,P8,0x0000000000000001
22:26:28.555,210,405,51,6,33,8.44,P8,0x0000000000000001
22:26:30.227,360,405,51,10,16,8.38,P8,0x0000000000000001
22:26:31.399,360,405,51,21,19,8.21,P8,0x0000000000000001
22:26:32.559,210,405,51,7,21,8.20,P8,0x0000000000000001
22:26:33.721,210,405,51,7,21,8.15,P8,0x0000000000000001
22:26:34.869,210,405,51,7,20,8.14,P8,0x0000000000000001
22:26:36.030,210,405,50,7,20,8.14,P8,0x0000000000000001
22:26:37.185,210,405,50,7,20,8.04,P8,0x0000000000000001
22:26:38.351,210,405,50,7,20,8.05,P8,0x0000000000000001
22:26:39.498,210,405,50,7,20,8.05,P8,0x0000000000000001
22:26:40.648,210,405,50,7,19,8.02,P8,0x0000000000000001
22:26:41.812,210,405,50,7,20,8.00,P8,0x0000000000000001
22:26:42.964,210,405,50,7,20,8.01,P8,0x0000000000000001
22:26:44.193,210,405,50,7,20,7.99,P8,0x0000000000000001
22:26:45.668,2115,8001,51,2,1,17.77,P0,0x0000000000000001
22:26:46.846,2115,8001,51,2,1,20.96,P0,0x0000000000000001
22:26:48.002,2115,8001,51,2,1,20.86,P0,0x0000000000000001
22:26:49.153,480,810,50,4,10,16.65,P5,0x0000000000000001
22:26:50.319,315,810,49,5,11,10.72,P5,0x0000000000000001
22:26:51.461,225,405,49,7,23,8.49,P8,0x0000000000000001
22:26:52.625,210,405,49,7,23,8.06,P8,0x0000000000000001
22:26:53.770,210,405,49,7,23,8.05,P8,0x0000000000000001
22:26:54.934,210,405,49,7,23,8.05,P8,0x0000000000000001
22:26:56.086,210,405,49,7,23,8.25,P8,0x0000000000000001
22:26:57.254,210,405,49,7,23,8.06,P8,0x0000000000000001
22:26:58.419,210,405,49,7,23,8.04,P8,0x0000000000000001
22:26:59.656,210,405,49,2,20,7.95,P8,0x0000000000000001
22:27:00.831,210,405,49,7,19,7.89,P8,0x0000000000000001
22:27:01.992,210,405,49,7,22,7.98,P8,0x0000000000000001
22:27:03.167,210,405,49,7,22,7.95,P8,0x0000000000000001
22:27:04.346,210,405,48,7,22,7.95,P8,0x0000000000000001
22:27:05.513,210,405,48,7,20,7.89,P8,0x0000000000000001
22:27:06.665,210,405,48,7,20,7.87,P8,0x0000000000000001
22:27:07.805,210,405,48,7,20,7.84,P8,0x0000000000000001
22:27:08.983,210,405,48,7,20,7.85,P8,0x0000000000000001
22:27:10.149,210,405,48,7,20,7.83,P8,0x0000000000000001
22:27:11.299,210,405,48,7,20,7.85,P8,0x0000000000000001
22:27:12.469,210,405,48,7,20,7.87,P8,0x0000000000000001
22:27:13.610,210,405,48,7,20,7.78,P8,0x0000000000000001
22:27:14.766,210,405,48,0,25,7.65,P8,0x0000000000000001
22:27:15.922,210,405,48,7,24,7.79,P8,0x0000000000000001
22:27:17.088,210,405,48,7,25,7.88,P8,0x0000000000000001
22:27:18.254,210,405,48,7,25,7.86,P8,0x0000000000000001
22:27:19.410,210,405,48,7,25,7.86,P8,0x0000000000000001
22:27:20.573,210,405,48,7,20,7.78,P8,0x0000000000000001
22:27:21.729,210,405,48,7,20,7.89,P8,0x0000000000000001
22:27:22.883,210,405,47,7,20,7.72,P8,0x0000000000000001
22:27:24.051,210,405,47,7,20,7.74,P8,0x0000000000000001
22:27:25.208,210,405,47,7,20,7.74,P8,0x0000000000000001
22:27:26.358,210,405,47,7,20,7.71,P8,0x0000000000000001
22:27:27.511,210,405,47,7,20,7.67,P8,0x0000000000000001
22:27:28.658,210,405,47,7,20,7.68,P8,0x0000000000000001
22:27:29.814,210,405,47,3,28,7.68,P8,0x0000000000000001
22:27:30.949,210,405,47,7,26,7.67,P8,0x0000000000000001
22:27:32.115,210,405,47,7,26,7.86,P8,0x0000000000000001
22:27:33.240,210,405,47,7,26,7.87,P8,0x0000000000000001
22:27:34.380,210,405,47,7,26,7.86,P8,0x0000000000000001
22:27:35.547,210,405,47,7,28,7.83,P8,0x0000000000000001
22:27:36.688,210,405,47,7,28,7.88,P8,0x0000000000000001
22:27:37.826,210,405,47,7,28,7.88,P8,0x0000000000000001
22:27:38.980,210,405,47,7,28,7.86,P8,0x0000000000000001
22:27:40.139,210,405,47,7,28,7.80,P8,0x0000000000000001
22:27:41.303,210,405,47,7,28,7.85,P8,0x0000000000000001
22:27:42.470,210,405,47,7,28,7.82,P8,0x0000000000000001
22:27:43.609,210,405,47,7,28,7.82,P8,0x0000000000000001
22:27:44.762,210,405,47,0,26,7.77,P8,0x0000000000000001
22:27:45.913,210,405,47,11,28,7.71,P8,0x0000000000000001
22:27:47.087,210,405,47,7,28,7.84,P8,0x0000000000000001
22:27:48.257,210,405,47,7,28,7.81,P8,0x0000000000000001
22:27:49.408,210,405,47,7,28,7.78,P8,0x0000000000000001
22:27:50.560,210,405,47,7,21,7.65,P8,0x0000000000000001
22:27:51.725,210,405,47,7,21,7.64,P8,0x0000000000000001
22:27:52.889,210,405,47,7,21,7.65,P8,0x0000000000000001
22:27:54.040,210,405,47,7,21,7.63,P8,0x0000000000000001
22:27:55.216,210,405,47,7,21,7.64,P8,0x0000000000000001
22:27:56.379,210,405,47,7,21,7.66,P8,0x0000000000000001
22:27:57.546,210,405,46,7,21,7.62,P8,0x0000000000000001
22:27:58.702,210,405,46,7,21,7.61,P8,0x0000000000000001
22:27:59.871,210,405,46,6,21,7.63,P8,0x0000000000000001
22:28:01.037,210,405,47,7,21,7.71,P8,0x0000000000000001
22:28:02.203,210,405,46,7,21,7.66,P8,0x0000000000000001
22:28:03.369,210,405,46,6,21,7.66,P8,0x0000000000000001
22:28:04.536,210,405,46,7,27,7.66,P8,0x0000000000000001
22:28:05.689,210,405,46,7,27,7.78,P8,0x0000000000000001
22:28:06.842,210,405,46,7,26,7.74,P8,0x0000000000000001
22:28:08.005,210,405,46,7,27,7.73,P8,0x0000000000000001
22:28:09.166,210,405,46,7,27,7.73,P8,0x0000000000000001
22:28:10.304,210,405,46,7,26,7.71,P8,0x0000000000000001
22:28:11.468,210,405,46,7,26,7.70,P8,0x0000000000000001
22:28:12.633,210,405,46,7,26,7.70,P8,0x0000000000000001
22:28:13.797,210,405,46,7,26,7.72,P8,0x0000000000000001
22:28:14.949,210,405,46,6,29,7.69,P8,0x0000000000000001
22:28:16.097,210,405,46,7,26,7.64,P8,0x0000000000000001
22:28:17.272,210,405,46,7,26,7.66,P8,0x0000000000000001
22:28:18.436,210,405,46,7,26,7.69,P8,0x0000000000000001
22:28:19.614,210,405,46,7,29,7.74,P8,0x0000000000000001
22:28:20.764,210,405,46,7,29,7.69,P8,0x0000000000000001
22:28:21.886,210,405,46,6,29,7.70,P8,0x0000000000000001
22:28:23.039,210,405,46,7,29,7.73,P8,0x0000000000000001
22:28:24.175,210,405,46,9,30,7.77,P8,0x0000000000000001
22:28:25.311,210,405,46,7,30,7.80,P8,0x0000000000000001
22:28:26.463,210,405,46,7,30,7.77,P8,0x0000000000000001
22:28:27.614,210,405,46,7,30,7.76,P8,0x0000000000000001
22:28:28.780,210,405,46,6,30,7.73,P8,0x0000000000000001
22:28:29.937,210,405,46,5,29,7.71,P8,0x0000000000000001
22:28:31.072,210,405,46,7,31,7.75,P8,0x0000000000000001
22:28:32.237,210,405,46,7,31,7.80,P8,0x0000000000000001
22:28:33.398,210,405,46,7,31,7.75,P8,0x0000000000000001
22:28:34.536,210,405,45,7,27,7.73,P8,0x0000000000000001
22:28:35.686,210,405,45,7,29,7.69,P8,0x0000000000000001
22:28:36.848,210,405,45,7,27,7.65,P8,0x0000000000000001
22:28:38.002,210,405,45,7,27,7.66,P8,0x0000000000000001
22:28:39.164,210,405,45,7,27,7.62,P8,0x0000000000000001
22:28:40.341,210,405,45,7,27,7.66,P8,0x0000000000000001
22:28:41.509,210,405,45,7,27,7.61,P8,0x0000000000000001
22:28:42.661,210,405,45,7,27,7.62,P8,0x0000000000000001
22:28:43.816,210,405,45,7,27,7.66,P8,0x0000000000000001
22:28:44.967,210,405,45,10,31,7.63,P8,0x0000000000000001
22:28:46.104,210,405,46,7,30,7.68,P8,0x0000000000000001
22:28:47.259,210,405,45,7,30,7.74,P8,0x0000000000000001
22:28:48.422,210,405,45,7,30,7.75,P8,0x0000000000000001
22:28:49.601,210,405,45,7,27,7.68,P8,0x0000000000000001
22:28:50.748,210,405,45,7,27,7.62,P8,0x0000000000000001
22:28:51.893,210,405,45,6,27,7.65,P8,0x0000000000000001
22:28:53.049,210,405,45,7,27,7.66,P8,0x0000000000000001
22:28:54.201,210,405,45,6,27,7.56,P8,0x0000000000000001
22:28:55.375,210,405,45,7,27,7.59,P8,0x0000000000000001
22:28:56.528,210,405,45,7,27,7.63,P8,0x0000000000000001
22:28:57.692,210,405,45,7,27,7.62,P8,0x0000000000000001
22:28:58.841,210,405,45,7,27,7.60,P8,0x0000000000000001
22:29:00.001,210,405,45,7,30,7.61,P8,0x0000000000000001
22:29:01.140,210,405,45,7,31,7.66,P8,0x0000000000000001
22:29:02.301,210,405,45,7,31,7.73,P8,0x0000000000000001
22:29:03.462,210,405,45,7,31,7.70,P8,0x0000000000000001
22:29:04.596,210,405,45,7,27,7.62,P8,0x0000000000000001
22:29:05.762,210,405,45,7,27,7.60,P8,0x0000000000000001
22:29:06.923,210,405,45,7,27,7.58,P8,0x0000000000000001
22:29:08.091,210,405,45,7,27,7.61,P8,0x0000000000000001
22:29:09.255,210,405,45,7,27,7.62,P8,0x0000000000000001
22:29:10.430,210,405,45,7,27,7.61,P8,0x0000000000000001
22:29:11.592,210,405,45,7,27,7.66,P8,0x0000000000000001
22:29:12.741,210,405,45,7,27,7.62,P8,0x0000000000000001
22:29:13.881,210,405,45,7,27,7.62,P8,0x0000000000000001
22:29:15.007,210,405,45,7,30,7.51,P8,0x0000000000000001
22:29:16.156,210,405,45,7,30,7.61,P8,0x0000000000000001
22:29:17.328,210,405,45,7,31,7.62,P8,0x0000000000000001
22:29:18.496,210,405,45,7,30,7.66,P8,0x0000000000000001
22:29:19.694,210,405,45,7,21,7.43,P8,0x0000000000000001
22:29:20.860,210,405,45,7,21,7.47,P8,0x0000000000000001
22:29:22.015,210,405,45,7,22,7.44,P8,0x0000000000000001
22:29:23.183,210,405,45,7,22,7.45,P8,0x0000000000000001
22:29:24.318,210,405,45,7,22,7.41,P8,0x0000000000000001
22:29:25.472,210,405,45,6,22,7.44,P8,0x0000000000000001
22:29:26.630,210,405,45,7,22,7.46,P8,0x0000000000000001
22:29:27.771,210,405,45,7,22,7.48,P8,0x0000000000000001
22:29:28.948,210,405,45,7,22,7.47,P8,0x0000000000000001
22:29:30.098,210,405,45,6,25,7.39,P8,0x0000000000000001
22:29:31.238,210,405,45,7,25,7.48,P8,0x0000000000000001
22:29:32.391,210,405,45,7,25,7.53,P8,0x0000000000000001
22:29:33.529,210,405,45,7,25,7.49,P8,0x0000000000000001
22:29:34.694,210,405,45,7,25,7.47,P8,0x0000000000000001
22:29:35.835,210,405,45,8,26,7.57,P8,0x0000000000000001
22:29:37.019,210,405,45,7,25,7.51,P8,0x0000000000000001
22:29:38.172,210,405,44,7,25,7.49,P8,0x0000000000000001
22:29:39.326,210,405,45,7,25,7.49,P8,0x0000000000000001
22:29:40.472,210,405,45,7,25,7.49,P8,0x0000000000000001
22:29:41.624,210,405,45,7,25,7.45,P8,0x0000000000000001
22:29:42.780,210,405,45,7,25,7.50,P8,0x0000000000000001
22:29:43.944,210,405,45,7,26,7.51,P8,0x0000000000000001
22:29:45.111,210,405,45,7,32,7.55,P8,0x0000000000000001
22:29:46.278,210,405,45,7,32,7.65,P8,0x0000000000000001
22:29:47.430,210,405,45,7,32,7.67,P8,0x0000000000000001
22:29:48.595,210,405,44,7,32,7.62,P8,0x0000000000000001
22:29:49.740,210,405,44,7,25,7.56,P8,0x0000000000000001
22:29:50.893,210,405,44,7,25,7.55,P8,0x0000000000000001
22:29:52.056,210,405,44,7,25,7.49,P8,0x0000000000000001
22:29:53.233,210,405,44,7,25,7.62,P8,0x0000000000000001
22:29:54.381,210,405,44,7,25,7.44,P8,0x0000000000000001
22:29:55.542,210,405,44,7,25,7.45,P8,0x0000000000000001
22:29:56.695,210,405,44,7,25,7.46,P8,0x0000000000000001
22:29:57.865,210,405,44,7,25,7.47,P8,0x0000000000000001
22:29:59.041,210,405,44,7,25,7.46,P8,0x0000000000000001
22:30:00.192,210,405,44,7,32,7.41,P8,0x0000000000000001
22:30:01.326,210,405,44,7,29,7.56,P8,0x0000000000000001
22:30:02.483,210,405,44,6,29,7.55,P8,0x0000000000000001
22:30:03.679,210,405,44,7,29,7.53,P8,0x0000000000000001
22:30:04.831,210,405,44,7,25,7.51,P8,0x0000000000000001
22:30:06.014,210,405,44,7,24,7.46,P8,0x0000000000000001
22:30:07.167,210,405,44,6,24,7.44,P8,0x0000000000000001
22:30:08.328,210,405,44,7,24,7.43,P8,0x0000000000000001
22:30:09.477,210,405,44,7,24,7.41,P8,0x0000000000000001
22:30:10.623,210,405,44,7,24,7.41,P8,0x0000000000000001
22:30:11.788,210,405,44,7,24,7.54,P8,0x0000000000000001
22:30:12.921,210,405,44,7,24,7.43,P8,0x0000000000000001
22:30:14.088,210,405,44,7,24,7.43,P8,0x0000000000000001
22:30:15.236,210,405,44,6,28,7.34,P8,0x0000000000000001
22:30:16.398,210,405,44,7,28,7.46,P8,0x0000000000000001
22:30:17.538,210,405,44,7,28,7.50,P8,0x0000000000000001
22:30:18.717,210,405,44,7,28,7.54,P8,0x0000000000000001
22:30:19.883,210,405,44,7,30,7.52,P8,0x0000000000000001
22:30:21.060,210,405,44,7,31,7.54,P8,0x0000000000000001
22:30:22.241,210,405,44,7,30,7.54,P8,0x0000000000000001
22:30:23.392,210,405,44,7,30,7.56,P8,0x0000000000000001
22:30:24.527,210,405,44,6,31,7.55,P8,0x0000000000000001
22:30:25.673,210,405,44,7,30,7.56,P8,0x0000000000000001
22:30:26.852,210,405,44,6,30,7.54,P8,0x0000000000000001
22:30:28.018,210,405,44,7,30,7.58,P8,0x0000000000000001
22:30:29.167,210,405,44,12,30,7.88,P8,0x0000000000000001
22:30:30.318,210,405,44,7,28,7.43,P8,0x0000000000000001
22:30:31.483,210,405,44,7,28,7.50,P8,0x0000000000000001
22:30:32.650,210,405,44,7,28,7.50,P8,0x0000000000000001
22:30:33.801,210,405,44,7,28,7.49,P8,0x0000000000000001
22:30:34.938,210,405,44,7,31,7.51,P8,0x0000000000000001
22:30:36.089,210,405,44,7,31,7.53,P8,0x0000000000000001
22:30:37.251,210,405,44,7,30,7.56,P8,0x0000000000000001
22:30:38.420,210,405,44,7,31,7.55,P8,0x0000000000000001
22:30:39.564,210,405,44,7,32,7.55,P8,0x0000000000000001
22:30:40.727,210,405,44,7,31,7.52,P8,0x0000000000000001
22:30:41.874,210,405,44,6,31,7.51,P8,0x0000000000000001
22:30:43.052,210,405,44,7,31,7.52,P8,0x0000000000000001
22:30:44.209,210,405,44,7,31,7.50,P8,0x0000000000000001
22:30:45.351,210,405,44,7,32,7.48,P8,0x0000000000000001
22:30:46.503,210,405,44,7,32,7.55,P8,0x0000000000000001
22:30:47.682,210,405,44,7,31,7.56,P8,0x0000000000000001
22:30:48.844,210,405,44,7,32,7.58,P8,0x0000000000000001
22:30:50.007,210,405,44,7,30,7.50,P8,0x0000000000000001
22:30:51.171,210,405,44,7,30,7.49,P8,0x0000000000000001
22:30:52.339,210,405,44,7,30,7.50,P8,0x0000000000000001
22:30:53.496,210,405,44,7,30,7.50,P8,0x0000000000000001
22:30:54.643,210,405,44,7,30,7.49,P8,0x0000000000000001
22:30:55.777,210,405,44,6,30,7.50,P8,0x0000000000000001
22:30:56.942,210,405,44,7,30,7.48,P8,0x0000000000000001
22:30:58.092,210,405,44,7,30,7.54,P8,0x0000000000000001
22:30:59.261,210,405,44,7,30,7.51,P8,0x0000000000000001
22:31:00.414,210,405,44,6,30,7.41,P8,0x0000000000000001
22:31:01.577,210,405,44,7,31,7.53,P8,0x0000000000000001
22:31:02.744,210,405,44,7,31,7.54,P8,0x0000000000000001
22:31:03.908,210,405,44,6,31,7.50,P8,0x0000000000000001
22:31:05.090,210,405,44,7,30,7.49,P8,0x0000000000000001
22:31:06.243,210,405,44,7,30,7.50,P8,0x0000000000000001
22:31:07.394,210,405,43,7,30,7.51,P8,0x0000000000000001
22:31:08.576,210,405,44,7,30,7.64,P8,0x0000000000000001
22:31:09.725,210,405,43,7,30,7.51,P8,0x0000000000000001
22:31:10.870,210,405,43,7,30,7.47,P8,0x0000000000000001
22:31:12.035,210,405,43,7,30,7.49,P8,0x0000000000000001
22:31:13.208,210,405,43,7,30,7.46,P8,0x0000000000000001
22:31:14.358,210,405,43,6,30,7.49,P8,0x0000000000000001
22:31:15.523,210,405,44,7,33,7.45,P8,0x0000000000000001
22:31:16.689,210,405,43,7,33,7.55,P8,0x0000000000000001
22:31:17.841,210,405,43,6,33,7.53,P8,0x0000000000000001
22:31:19.008,210,405,43,7,33,7.53,P8,0x0000000000000001
22:31:20.175,210,405,43,7,30,7.46,P8,0x0000000000000001
22:31:21.313,210,405,43,7,30,7.45,P8,0x0000000000000001
22:31:22.467,210,405,43,7,30,7.45,P8,0x0000000000000001
22:31:23.630,210,405,43,7,30,7.43,P8,0x0000000000000001
22:31:24.802,210,405,43,7,30,7.43,P8,0x0000000000000001
22:31:25.955,210,405,43,7,30,7.44,P8,0x0000000000000001
22:31:27.135,210,405,43,7,30,7.47,P8,0x0000000000000001
22:31:28.306,210,405,43,7,30,7.49,P8,0x0000000000000001
22:31:29.463,210,405,43,10,30,7.45,P8,0x0000000000000001
22:31:30.610,210,405,44,7,33,7.44,P8,0x0000000000000001
22:31:31.778,210,405,43,6,33,7.55,P8,0x0000000000000001
22:31:32.949,210,405,43,7,33,7.51,P8,0x0000000000000001
22:31:34.115,210,405,43,7,33,7.54,P8,0x0000000000000001
22:31:35.283,210,405,43,7,31,7.52,P8,0x0000000000000001
22:31:36.450,210,405,43,7,31,7.49,P8,0x0000000000000001
22:31:37.619,210,405,43,7,31,7.48,P8,0x0000000000000001
22:31:38.773,210,405,43,7,31,7.46,P8,0x0000000000000001
22:31:39.922,210,405,43,7,31,7.43,P8,0x0000000000000001
22:31:41.093,210,405,43,7,31,7.58,P8,0x0000000000000001
22:31:42.240,210,405,43,7,31,7.40,P8,0x0000000000000001
22:31:43.404,210,405,43,7,31,7.45,P8,0x0000000000000001
22:31:44.542,210,405,43,5,33,7.43,P8,0x0000000000000001
22:31:45.679,210,405,44,7,31,7.34,P8,0x0000000000000001
22:31:46.830,210,405,43,7,31,7.47,P8,0x0000000000000001
22:31:47.997,210,405,43,7,31,7.46,P8,0x0000000000000001
22:31:49.147,210,405,43,7,31,7.45,P8,0x0000000000000001
22:31:50.292,210,405,43,7,30,7.43,P8,0x0000000000000001
22:31:51.450,210,405,43,7,30,7.50,P8,0x0000000000000001
22:31:52.587,210,405,43,7,30,7.44,P8,0x0000000000000001
22:31:53.752,210,405,43,7,30,7.44,P8,0x0000000000000001
22:31:54.930,210,405,43,7,30,7.43,P8,0x0000000000000001
22:31:56.080,210,405,43,7,30,7.45,P8,0x0000000000000001
22:31:57.225,210,405,43,7,30,7.43,P8,0x0000000000000001
22:31:58.385,210,405,43,7,30,7.49,P8,0x0000000000000001
22:31:59.548,210,405,43,5,31,7.38,P8,0x0000000000000001
22:32:00.717,210,405,43,6,30,7.38,P8,0x0000000000000001
22:32:01.882,210,405,43,7,31,7.47,P8,0x0000000000000001
22:32:03.047,210,405,43,7,31,7.48,P8,0x0000000000000001
22:32:04.206,210,405,43,7,31,7.45,P8,0x0000000000000001
22:32:05.362,210,405,43,7,33,7.49,P8,0x0000000000000001
22:32:06.527,210,405,43,7,33,7.48,P8,0x0000000000000001
22:32:07.680,210,405,43,7,33,7.50,P8,0x0000000000000001
22:32:08.847,210,405,43,7,33,7.48,P8,0x0000000000000001
22:32:09.998,210,405,43,7,33,7.49,P8,0x0000000000000001
22:32:11.172,210,405,43,6,33,7.55,P8,0x0000000000000001
22:32:12.339,210,405,43,7,33,7.54,P8,0x0000000000000001
22:32:13.505,210,405,43,7,33,7.53,P8,0x0000000000000001
22:32:14.663,210,405,43,6,31,7.34,P8,0x0000000000000001
22:32:15.803,210,405,43,7,31,7.42,P8,0x0000000000000001
22:32:16.955,210,405,43,7,31,7.47,P8,0x0000000000000001
22:32:18.110,210,405,43,7,31,7.47,P8,0x0000000000000001
22:32:19.274,210,405,43,7,31,7.49,P8,0x0000000000000001
22:32:20.451,210,405,43,7,33,7.48,P8,0x0000000000000001
22:32:21.597,210,405,43,6,33,7.51,P8,0x0000000000000001
22:32:22.776,210,405,43,7,33,7.52,P8,0x0000000000000001
22:32:23.939,210,405,43,7,33,7.51,P8,0x0000000000000001
22:32:25.091,210,405,43,7,33,7.51,P8,0x0000000000000001
22:32:26.228,210,405,43,7,33,7.51,P8,0x0000000000000001
22:32:27.398,210,405,43,7,32,7.51,P8,0x0000000000000001
22:32:28.535,210,405,43,7,33,7.51,P8,0x0000000000000001
22:32:29.708,210,405,43,10,31,7.43,P8,0x0000000000000001
22:32:30.849,210,405,43,7,30,7.39,P8,0x0000000000000001
22:32:31.998,210,405,43,7,30,7.43,P8,0x0000000000000001
22:32:33.164,210,405,43,7,30,7.45,P8,0x0000000000000001
22:32:34.328,210,405,43,7,30,7.46,P8,0x0000000000000001
22:32:35.483,210,405,43,6,27,7.43,P8,0x0000000000000001
22:32:36.645,210,405,43,21,33,7.38,P8,0x0000000000000001
22:32:37.818,210,405,43,12,37,7.57,P8,0x0000000000000001
22:32:38.970,210,405,44,33,38,7.50,P8,0x0000000000000001
22:32:40.129,210,405,44,23,38,7.60,P8,0x0000000000000001
22:32:41.286,210,405,44,14,37,7.62,P8,0x0000000000000001
22:32:42.420,210,405,44,16,37,7.51,P8,0x0000000000000001
22:32:43.575,210,405,44,21,37,7.67,P8,0x0000000000000001
22:32:45.024,225,405,44,41,29,7.68,P8,0x0000000000000001
22:32:46.192,225,405,44,27,26,7.50,P8,0x0000000000000001
22:32:47.343,210,405,44,23,26,7.57,P8,0x0000000000000001
22:32:48.507,210,405,44,25,26,7.53,P8,0x0000000000000001
22:32:49.659,210,405,44,25,26,7.53,P8,0x0000000000000001
22:32:50.812,210,405,44,19,26,7.48,P8,0x0000000000000001
22:32:51.960,210,405,44,24,26,7.45,P8,0x0000000000000001
22:32:53.192,210,405,44,24,26,7.46,P8,0x0000000000000001
22:32:54.479,210,405,44,24,26,7.36,P8,0x0000000000000001
22:32:55.617,210,405,44,20,26,7.47,P8,0x0000000000000001
22:32:56.770,210,405,44,14,26,7.51,P8,0x0000000000000001
22:32:57.909,210,405,44,23,26,7.51,P8,0x0000000000000001
22:32:59.074,210,405,44,23,26,7.45,P8,0x0000000000000001
22:33:00.261,210,405,45,19,25,7.21,P8,0x0000000000000001
22:33:01.473,210,405,45,38,25,7.34,P8,0x0000000000000001
22:33:02.627,210,405,45,24,26,7.51,P8,0x0000000000000001
22:33:03.794,210,405,44,25,26,7.57,P8,0x0000000000000001
22:33:04.949,210,405,44,23,26,7.61,P8,0x0000000000000001
22:33:06.102,210,405,44,22,26,7.55,P8,0x0000000000000001
22:33:07.248,210,405,44,6,25,7.42,P8,0x0000000000000001
22:33:08.411,210,405,45,5,25,7.48,P8,0x0000000000000001
22:33:09.562,210,405,45,5,26,7.41,P8,0x0000000000000001
22:33:10.732,2355,7001,47,41,2,18.71,P3,0x0000000000000001
22:33:11.877,2355,6001,47,41,3,24.58,P4,0x0000000000000000
22:33:13.034,2355,6001,46,2,2,24.74,P4,0x0000000000000000
22:33:14.182,2355,8001,46,2,2,20.62,P0,0x0000000000000000
22:33:16.206,510,810,45,4,12,10.05,P5,0x0000000000000001
22:33:17.374,390,405,45,23,26,8.84,P8,0x0000000000000001
22:33:18.561,240,405,45,11,26,7.57,P8,0x0000000000000001
22:33:19.899,2115,7001,47,10,2,12.74,P3,0x0000000000000001
22:33:21.065,1455,6001,47,42,13,21.28,P4,0x0000000000000001
22:33:22.216,1935,8001,48,35,10,23.66,P0,0x0000000000000001
22:33:23.400,2040,7001,48,42,15,26.12,P3,0x0000000000000001
22:33:24.552,2160,8001,48,42,17,27.55,P0,0x0000000000000001
22:33:25.730,2355,8001,49,44,18,32.95,P0,0x0000000000000000
22:33:26.867,2355,8001,50,43,18,39.80,P0,0x0000000000000000
22:33:28.007,2355,8001,50,50,21,42.62,P0,0x0000000000000000
22:33:29.162,2355,8001,50,58,25,45.46,P0,0x0000000000000000
22:33:30.326,2355,8001,49,29,13,40.84,P0,0x0000000000000000
22:33:31.489,2355,8001,51,56,24,38.50,P0,0x0000000000000000
22:33:32.626,2355,8001,51,60,27,49.78,P0,0x0000000000000000
22:33:33.781,2355,8001,51,64,28,49.23,P0,0x0000000000000000
22:33:34.939,2355,8001,51,63,28,50.64,P0,0x0000000000000000
22:33:36.098,2355,8001,51,64,29,50.53,P0,0x0000000000000000
22:33:37.259,2355,8001,51,59,26,50.33,P0,0x0000000000000000
22:33:38.800,2355,8001,49,6,4,40.72,P0,0x0000000000000000
22:33:40.163,2340,8001,55,100,5,50.21,P0,0x0000000000000000
22:33:41.305,2340,8001,55,100,5,62.19,P0,0x0000000000000000
22:33:42.464,2340,8001,55,100,5,62.24,P0,0x0000000000000000
22:33:43.601,2340,8001,55,100,6,65.91,P0,0x0000000000000000
22:33:44.946,2340,8001,55,100,5,62.35,P0,0x0000000000000000
22:33:46.116,2340,8001,55,100,5,62.42,P0,0x0000000000000000
22:33:47.295,2340,8001,55,100,5,62.46,P0,0x0000000000000000
22:33:48.461,2340,8001,55,100,5,63.43,P0,0x0000000000000000
22:33:49.620,2340,8001,55,100,5,62.79,P0,0x0000000000000000
22:33:50.778,2340,8001,55,100,5,62.90,P0,0x0000000000000000
22:33:51.975,2340,8001,55,100,5,61.40,P0,0x0000000000000000
22:33:53.117,2340,8001,55,100,5,62.76,P0,0x0000000000000000
22:33:54.269,2340,8001,55,100,5,62.24,P0,0x0000000000000000
22:33:55.413,2340,8001,55,100,5,62.73,P0,0x0000000000000000
22:33:56.539,2340,8001,55,100,5,62.85,P0,0x0000000000000000
22:33:57.679,2340,8001,55,100,6,63.15,P0,0x0000000000000000
22:33:58.858,2340,8001,55,100,5,62.84,P0,0x0000000000000000
22:34:00.038,2340,8001,56,100,5,63.02,P0,0x0000000000000000
22:34:01.177,2340,8001,56,100,5,63.02,P0,0x0000000000000000
22:34:02.345,2340,8001,56,100,6,63.30,P0,0x0000000000000000
22:34:03.495,2340,8001,56,100,5,62.98,P0,0x0000000000000000
22:34:04.638,2340,8001,56,100,5,63.28,P0,0x0000000000000000
22:34:05.806,2340,8001,56,100,6,66.83,P0,0x0000000000000000
22:34:06.957,2340,8001,56,100,5,63.15,P0,0x0000000000000000
22:34:08.129,2340,8001,56,100,5,63.31,P0,0x0000000000000000
22:34:09.293,2340,8001,56,100,6,63.62,P0,0x0000000000000000
22:34:10.442,2340,8001,57,100,6,63.49,P0,0x0000000000000000
22:34:11.578,2340,8001,57,100,5,65.40,P0,0x0000000000000000
22:34:12.728,2340,8001,57,100,5,63.16,P0,0x0000000000000000
22:34:13.895,2340,8001,57,100,5,63.71,P0,0x0000000000000000
22:34:15.053,2340,8001,58,100,5,63.76,P0,0x0000000000000000
22:34:16.221,2340,8001,58,100,5,63.94,P0,0x0000000000000000
22:34:17.384,2340,8001,58,100,5,64.09,P0,0x0000000000000000
22:34:18.536,2340,8001,58,100,5,64.11,P0,0x0000000000000000
22:34:19.687,2340,8001,58,100,5,63.92,P0,0x0000000000000000
22:34:20.889,2340,8001,59,100,5,63.55,P0,0x0000000000000000
22:34:22.034,2340,8001,59,100,5,63.95,P0,0x0000000000000000
22:34:23.190,2340,8001,59,100,6,64.21,P0,0x0000000000000000
22:34:24.343,2340,8001,59,100,5,64.40,P0,0x0000000000000000
22:34:25.504,2340,8001,59,100,6,64.60,P0,0x0000000000000000
22:34:26.675,2340,8001,60,100,5,64.46,P0,0x0000000000000000
22:34:27.816,2340,8001,60,100,6,64.70,P0,0x0000000000000000
22:34:28.961,2340,8001,60,100,5,64.86,P0,0x0000000000000000
22:34:30.109,2340,8001,61,100,5,64.73,P0,0x0000000000000000
22:34:31.227,2340,8001,61,100,5,64.92,P0,0x0000000000000000
22:34:32.377,2340,8001,61,100,5,64.78,P0,0x0000000000000000
22:34:33.522,2340,8001,61,100,6,65.24,P0,0x0000000000000000
22:34:34.684,2340,8001,61,100,6,65.18,P0,0x0000000000000000
22:34:35.853,2340,8001,61,100,5,65.42,P0,0x0000000000000000
22:34:37.006,2340,8001,61,100,6,65.10,P0,0x0000000000000000
22:34:38.161,2340,8001,61,100,5,65.36,P0,0x0000000000000000
22:34:39.338,2340,8001,61,100,5,65.10,P0,0x0000000000000000
22:34:40.488,2340,8001,62,100,6,65.85,P0,0x0000000000000000
22:34:41.645,2340,8001,61,100,5,64.74,P0,0x0000000000000000
22:34:42.791,2340,8001,62,100,6,65.26,P0,0x0000000000000000
22:34:43.962,2340,8001,62,100,6,65.12,P0,0x0000000000000000
22:34:45.148,2340,8001,62,100,5,65.39,P0,0x0000000000000000
22:34:46.311,2340,8001,62,100,5,65.27,P0,0x0000000000000000
22:34:47.458,2340,8001,62,100,5,64.81,P0,0x0000000000000000
22:34:48.631,2340,8001,62,100,5,65.29,P0,0x0000000000000000
22:34:49.800,2340,8001,62,100,5,65.32,P0,0x0000000000000000
22:34:50.970,2340,8001,62,100,6,65.17,P0,0x0000000000000000
22:34:52.126,2340,8001,62,100,5,65.69,P0,0x0000000000000000
22:34:53.300,2340,8001,62,100,5,65.35,P0,0x0000000000000000
22:34:54.462,2340,8001,63,100,5,65.30,P0,0x0000000000000000
22:34:55.641,2340,8001,62,100,10,62.39,P0,0x0000000000000000
22:34:56.776,2340,8001,60,100,3,54.69,P0,0x0000000000000000
22:34:57.957,2340,8001,60,100,3,46.15,P0,0x0000000000000000
22:34:59.098,2340,8001,60,100,3,45.66,P0,0x0000000000000000
22:35:00.272,2340,8001,59,100,3,45.51,P0,0x0000000000000000
22:35:01.434,2340,8001,60,85,3,44.52,P0,0x0000000000000000
22:35:02.601,2340,8001,60,100,3,43.99,P0,0x0000000000000000
22:35:03.767,2340,8001,60,100,3,46.45,P0,0x0000000000000000
22:35:04.935,2340,8001,59,95,2,35.90,P0,0x0000000000000000
22:35:06.073,2340,8001,60,100,3,48.55,P0,0x0000000000000000
22:35:07.224,2340,8001,60,100,3,46.30,P0,0x0000000000000000
22:35:08.378,2340,8001,60,100,3,45.73,P0,0x0000000000000000
22:35:09.531,2340,7001,58,95,3,33.45,P3,0x0000000000000000
22:35:10.690,2340,8001,59,100,3,45.87,P0,0x0000000000000000
22:35:11.850,2340,8001,59,100,3,46.01,P0,0x0000000000000000
22:35:13.008,2340,8001,58,96,2,35.41,P0,0x0000000000000000
22:35:14.128,2340,8001,59,100,3,36.65,P0,0x0000000000000000
22:35:15.293,2340,8001,59,100,3,46.47,P0,0x0000000000000000
22:35:16.443,2340,8001,59,100,3,46.15,P0,0x0000000000000000
22:35:17.586,2340,7001,57,98,3,34.26,P3,0x0000000000000000
22:35:18.787,2340,8001,58,100,3,41.20,P0,0x0000000000000000
22:35:19.972,2340,8001,58,100,3,45.70,P0,0x0000000000000000
22:35:21.140,2340,7001,56,99,2,36.00,P3,0x0000000000000000
22:35:22.283,2340,8001,58,100,3,36.61,P0,0x0000000000000000
22:35:23.449,2340,8001,58,100,3,47.79,P0,0x0000000000000000
22:35:24.608,2340,8001,56,93,2,34.92,P0,0x0000000000000000
22:35:25.837,2340,8001,58,100,3,40.12,P0,0x0000000000000000
22:35:27.020,2340,8001,58,100,3,45.60,P0,0x0000000000000000
22:35:28.173,2340,8001,56,95,2,37.62,P0,0x0000000000000000
22:35:29.335,2340,8001,57,92,3,35.02,P0,0x0000000000000000
22:35:30.478,2340,8001,58,100,4,47.59,P0,0x0000000000000000
22:35:31.630,2340,8001,55,96,2,34.92,P0,0x0000000000000000
22:35:32.785,2340,8001,57,100,3,40.12,P0,0x0000000000000000
22:35:33.953,2340,8001,57,100,3,44.69,P0,0x0000000000000000
22:35:35.088,2340,7001,55,96,3,31.68,P3,0x0000000000000000
22:35:36.236,2340,8001,56,94,3,36.41,P0,0x0000000000000000
22:35:37.366,2340,8001,57,100,3,47.80,P0,0x0000000000000000
22:35:38.524,2340,8001,55,100,2,39.53,P0,0x0000000000000000
22:35:39.678,2340,8001,56,100,3,38.76,P0,0x0000000000000000
22:35:40.862,2340,8001,56,100,3,45.53,P0,0x0000000000000000
22:35:42.020,2340,8001,54,95,2,42.18,P0,0x0000000000000000
22:35:43.193,2340,8001,56,100,3,34.70,P0,0x0000000000000000
22:35:44.332,2340,8001,56,100,3,44.85,P0,0x0000000000000000
22:35:45.487,2340,8001,56,100,3,45.04,P0,0x0000000000000000
22:35:46.644,2340,7001,54,92,3,33.55,P3,0x0000000000000000
22:35:47.815,2340,8001,56,100,3,39.82,P0,0x0000000000000000
22:35:48.976,2340,8001,55,100,3,45.47,P0,0x0000000000000000
22:35:50.141,2340,8001,54,95,2,36.50,P0,0x0000000000000000
22:35:51.290,2340,7001,55,94,3,36.95,P0,0x0000000000000000
22:35:52.472,2340,8001,55,100,3,45.73,P0,0x0000000000000000
22:35:53.629,2340,8001,54,96,2,33.40,P0,0x0000000000000000
22:35:54.779,2340,8001,53,95,2,34.95,P0,0x0000000000000000
22:35:55.902,2340,8001,55,100,3,43.67,P0,0x0000000000000000
22:35:57.060,2340,8001,55,100,3,44.62,P0,0x0000000000000000
22:35:58.233,2340,7001,53,100,2,32.45,P3,0x0000000000000000
22:35:59.372,2340,8001,54,95,3,41.41,P0,0x0000000000000000
22:36:00.516,2340,8001,55,100,3,45.83,P0,0x0000000000000000
22:36:01.675,2340,8001,53,95,2,34.18,P0,0x0000000000000000
22:36:02.830,2340,8001,55,100,3,36.69,P0,0x0000000000000000
22:36:03.976,2340,8001,55,100,3,44.97,P0,0x0000000000000000
22:36:05.122,2340,8001,53,96,2,33.80,P0,0x0000000000000000
22:36:06.307,2340,8001,53,96,2,34.76,P0,0x0000000000000000
22:36:07.470,2340,8001,55,100,3,47.40,P0,0x0000000000000000
22:36:08.627,2340,8001,53,95,2,35.49,P0,0x0000000000000000
22:36:09.767,2340,8001,54,100,3,44.12,P0,0x0000000000000000
22:36:10.933,2340,8001,54,100,3,43.59,P0,0x0000000000000000
22:36:12.077,2340,7001,52,95,2,34.78,P3,0x0000000000000000
22:36:13.232,2340,8001,54,95,3,42.71,P0,0x0000000000000000
22:36:14.388,2340,8001,55,100,3,47.54,P0,0x0000000000000000
22:36:15.550,2340,8001,53,95,2,33.77,P0,0x0000000000000000
22:36:16.705,2340,8001,54,100,3,37.69,P0,0x0000000000000000
22:36:17.845,2340,8001,54,100,3,44.10,P0,0x0000000000000000
22:36:19.005,2340,8001,52,95,2,35.07,P0,0x0000000000000000
22:36:20.152,2340,8001,54,94,3,45.60,P0,0x0000000000000000
22:36:21.314,2340,8001,56,100,2,51.01,P0,0x0000000000000000
22:36:22.481,2340,8001,55,100,2,54.63,P0,0x0000000000000000
22:36:23.642,2340,8001,57,100,2,48.27,P0,0x0000000000000000
22:36:24.778,2340,8001,55,100,2,57.07,P0,0x0000000000000000
22:36:25.959,2340,8001,56,100,2,49.96,P0,0x0000000000000000
22:36:27.120,2340,8001,56,100,2,52.28,P0,0x0000000000000000
22:36:28.258,2340,8001,56,100,2,54.54,P0,0x0000000000000000
22:36:29.425,2340,8001,56,100,2,52.45,P0,0x0000000000000000
22:36:30.740,2340,8001,52,3,0,46.67,P0,0x0000000000000000
22:36:31.906,2340,8001,57,100,2,52.58,P0,0x0000000000000000
22:36:33.078,2340,8001,57,100,2,50.92,P0,0x0000000000000000
22:36:34.238,2340,8001,56,100,2,50.59,P0,0x0000000000000000
22:36:35.393,2340,8001,57,100,2,51.66,P0,0x0000000000000000
22:36:36.565,2340,8001,57,100,2,52.77,P0,0x0000000000000000
22:36:37.735,2340,8001,53,93,2,46.90,P0,0x0000000000000000
22:36:38.975,2340,8001,59,100,3,71.27,P0,0x0000000000000000
22:36:40.140,2340,8001,60,100,3,73.06,P0,0x0000000000000000
22:36:41.321,2340,8001,60,100,3,62.10,P0,0x0000000000000000
22:36:42.482,2340,8001,59,100,3,71.57,P0,0x0000000000000000
22:36:43.622,2340,8001,60,100,2,71.09,P0,0x0000000000000000
22:36:44.851,2340,8001,54,67,2,59.59,P0,0x0000000000000000
22:36:46.337,2340,8001,62,100,3,78.15,P0,0x0000000000000000
22:36:47.492,2340,8001,62,100,3,78.36,P0,0x0000000000000000
22:36:48.652,2340,8001,62,100,3,78.39,P0,0x0000000000000000
22:36:49.801,2340,8001,62,100,3,78.46,P0,0x0000000000000000
22:36:51.033,2340,8001,62,100,3,78.44,P0,0x0000000000000000
22:36:52.271,2340,8001,59,100,2,73.30,P0,0x0000000000000000
22:36:53.425,2340,8001,59,100,2,59.74,P0,0x0000000000000000
22:36:54.566,2340,8001,59,100,2,59.10,P0,0x0000000000000000
22:36:55.747,2340,8001,59,100,2,59.37,P0,0x0000000000000000
22:36:56.889,2340,8001,57,100,2,59.38,P0,0x0000000000000000
22:36:58.060,2340,8001,57,100,2,61.45,P0,0x0000000000000000
22:36:59.218,2355,8001,53,2,1,50.51,P0,0x0000000000000000
22:37:00.430,2340,8001,57,100,2,53.72,P0,0x0000000000000000
22:37:01.652,2340,8001,57,100,2,50.21,P0,0x0000000000000000
22:37:02.811,2340,8001,57,100,2,50.29,P0,0x0000000000000000
22:37:03.983,2340,8001,58,100,2,50.50,P0,0x0000000000000000
22:37:05.153,2340,8001,58,100,2,50.26,P0,0x0000000000000000
22:37:06.309,2340,8001,56,100,2,47.96,P0,0x0000000000000000
22:37:07.471,2340,8001,57,100,2,50.01,P0,0x0000000000000000
22:37:08.633,2340,8001,57,100,2,50.02,P0,0x0000000000000000
22:37:09.789,2340,8001,57,100,2,49.34,P0,0x0000000000000000
22:37:10.960,2340,8001,56,100,2,50.10,P0,0x0000000000000000
22:37:12.145,2340,8001,56,100,2,50.62,P0,0x0000000000000000
22:37:13.523,2340,8001,53,47,1,47.38,P0,0x0000000000000000
22:37:14.841,2340,8001,59,100,2,51.42,P0,0x0000000000000000
22:37:16.249,2340,8001,59,100,2,56.47,P0,0x0000000000000000
22:37:17.712,2340,8001,60,100,2,56.56,P0,0x0000000000000000
22:37:18.867,2340,8001,58,100,2,56.76,P0,0x0000000000000000
22:37:20.018,2340,8001,58,100,2,57.07,P0,0x0000000000000000
22:37:21.173,2340,8001,58,100,2,49.90,P0,0x0000000000000000
22:37:22.310,2340,8001,59,100,2,56.02,P0,0x0000000000000000
22:37:23.498,2340,8001,58,100,2,55.98,P0,0x0000000000000000
22:37:24.644,2340,8001,58,100,2,56.21,P0,0x0000000000000000
22:37:25.807,2340,8001,59,100,2,56.18,P0,0x0000000000000000
22:37:26.967,2340,8001,58,100,2,56.21,P0,0x0000000000000000
22:37:28.135,2340,8001,59,100,2,50.45,P0,0x0000000000000000
22:37:29.293,2340,8001,58,100,2,55.79,P0,0x0000000000000000
22:37:30.575,2340,8001,57,100,2,59.95,P0,0x0000000000000000
22:37:32.007,2340,8001,57,100,2,56.15,P0,0x0000000000000000
22:37:33.168,2340,8001,58,100,2,60.98,P0,0x0000000000000000
22:37:34.343,2340,8001,57,100,2,66.17,P0,0x0000000000000000
22:37:35.498,2340,8001,57,100,2,48.90,P0,0x0000000000000000
22:37:36.669,2340,8001,57,100,2,52.80,P0,0x0000000000000000
22:37:37.821,2340,8001,58,100,2,52.02,P0,0x0000000000000000
22:37:38.977,2340,8001,57,100,2,54.55,P0,0x0000000000000000
22:37:40.123,2340,8001,56,100,2,56.68,P0,0x0000000000000000
22:37:41.282,2340,8001,56,100,2,55.02,P0,0x0000000000000000
22:37:42.440,2340,8001,57,100,2,49.36,P0,0x0000000000000000
22:37:43.592,2340,8001,56,100,2,60.59,P0,0x0000000000000000
22:37:44.760,2340,8001,57,100,2,53.82,P0,0x0000000000000000
22:37:45.997,2340,8001,57,100,2,49.41,P0,0x0000000000000000
22:37:47.393,2340,8001,57,100,2,53.26,P0,0x0000000000000000
22:37:48.558,2340,8001,57,100,2,51.58,P0,0x0000000000000000
22:37:49.718,2340,8001,57,100,2,49.85,P0,0x0000000000000000
22:37:50.894,2340,8001,56,100,2,43.29,P0,0x0000000000000000
22:37:52.053,2340,8001,56,100,2,50.16,P0,0x0000000000000000
22:37:53.206,2340,8001,56,100,2,50.86,P0,0x0000000000000000
22:37:54.376,2340,8001,56,100,2,50.62,P0,0x0000000000000000
22:37:55.541,2340,8001,56,100,2,51.42,P0,0x0000000000000000
22:37:56.695,2340,8001,54,100,2,36.38,P0,0x0000000000000000
22:37:57.852,2340,8001,54,100,2,36.34,P0,0x0000000000000000
22:37:58.991,2340,8001,54,100,2,37.43,P0,0x0000000000000000
22:38:00.513,2340,8001,55,100,2,41.39,P0,0x0000000000000000
22:38:02.157,2340,8001,54,100,2,38.64,P0,0x0000000000000000
22:38:03.771,2340,8001,54,100,2,36.41,P0,0x0000000000000000
22:38:05.636,2340,8001,55,100,1,37.05,P0,0x0000000000000000
22:38:06.781,2340,8001,55,100,2,36.08,P0,0x0000000000000000
22:38:07.927,2340,8001,56,100,1,37.78,P0,0x0000000000000000
22:38:09.081,2340,8001,55,100,2,39.12,P0,0x0000000000000000
22:38:10.238,2340,8001,54,100,2,38.96,P0,0x0000000000000000
22:38:11.394,2340,8001,55,100,2,36.07,P0,0x0000000000000000
22:38:12.518,2340,8001,55,100,2,35.87,P0,0x0000000000000000
22:38:13.660,2340,8001,56,100,2,38.90,P0,0x0000000000000000
22:38:15.104,2340,8001,55,100,2,37.82,P0,0x0000000000000000
22:38:16.273,2340,8001,55,100,2,36.25,P0,0x0000000000000000
22:38:18.443,2340,8001,55,100,2,37.07,P0,0x0000000000000000
22:38:21.184,2340,8001,55,100,2,37.68,P0,0x0000000000000000
22:38:22.325,2340,8001,56,100,2,37.06,P0,0x0000000000000000
22:38:23.463,2340,8001,56,100,2,36.29,P0,0x0000000000000000
22:38:24.617,2340,8001,57,100,2,41.77,P0,0x0000000000000000
22:38:25.781,2340,8001,56,100,2,45.05,P0,0x0000000000000000
22:38:26.961,2340,8001,56,100,2,39.78,P0,0x0000000000000000
22:38:28.128,2340,8001,56,100,2,37.30,P0,0x0000000000000000
22:38:29.297,2340,8001,56,100,2,36.89,P0,0x0000000000000000
22:38:30.856,2340,8001,56,100,2,36.49,P0,0x0000000000000000
22:38:34.141,2340,8001,56,100,2,38.62,P0,0x0000000000000000
22:38:35.673,2340,8001,56,100,2,36.89,P0,0x0000000000000000
22:38:36.834,2340,8001,57,100,2,36.57,P0,0x0000000000000000
22:38:37.966,2340,8001,57,100,2,36.80,P0,0x0000000000000000
22:38:39.124,2340,8001,57,100,2,36.68,P0,0x0000000000000000
22:38:40.304,2340,8001,57,100,2,35.98,P0,0x0000000000000000
22:38:41.450,2340,8001,57,100,2,37.54,P0,0x0000000000000000
22:38:42.599,2340,8001,58,100,2,38.85,P0,0x0000000000000000
22:38:43.739,2340,8001,58,100,2,40.06,P0,0x0000000000000000
22:38:45.226,2340,8001,57,100,2,37.42,P0,0x0000000000000000
22:38:46.841,2340,8001,57,100,2,40.32,P0,0x0000000000000000
22:38:48.731,2340,8001,57,100,1,37.03,P0,0x0000000000000000
22:38:50.884,2340,8001,57,100,2,37.83,P0,0x0000000000000000
22:38:52.049,2340,8001,57,100,2,36.59,P0,0x0000000000000000
22:38:53.220,2340,8001,57,100,2,36.74,P0,0x0000000000000000
22:38:54.416,2340,8001,57,100,2,36.85,P0,0x0000000000000000
22:38:55.558,2340,8001,58,100,2,36.83,P0,0x0000000000000000
22:38:56.716,2340,8001,58,100,2,37.80,P0,0x0000000000000000
22:38:57.840,2340,8001,58,100,2,41.70,P0,0x0000000000000000
22:38:58.987,2340,8001,58,100,2,40.11,P0,0x0000000000000000
22:39:00.216,2340,8001,58,100,2,40.78,P0,0x0000000000000000
22:39:02.087,2340,8001,57,100,2,41.98,P0,0x0000000000000000
22:39:03.845,2340,8001,57,100,1,41.46,P0,0x0000000000000000
22:39:05.128,2340,8001,59,100,2,57.53,P0,0x0000000000000000
22:39:06.298,2340,8001,60,100,2,53.48,P0,0x0000000000000000
22:39:07.476,2340,8001,59,100,2,54.05,P0,0x0000000000000000
22:39:08.605,2340,8001,59,100,2,57.56,P0,0x0000000000000000
22:39:09.799,2340,8001,59,100,2,54.70,P0,0x0000000000000000
22:39:10.945,2340,8001,57,100,2,43.25,P0,0x0000000000000000
22:39:12.119,2340,8001,56,100,2,40.65,P0,0x0000000000000000
22:39:13.325,2340,8001,56,100,2,39.27,P0,0x0000000000000000
22:39:14.480,2340,8001,56,100,2,39.29,P0,0x0000000000000000
22:39:15.689,2340,8001,56,100,2,39.69,P0,0x0000000000000000
22:39:16.938,2340,8001,56,100,2,39.62,P0,0x0000000000000000
22:39:18.070,2340,8001,57,100,2,40.60,P0,0x0000000000000000
22:39:19.227,2340,8001,58,100,2,46.87,P0,0x0000000000000000
22:39:20.372,2340,8001,57,100,2,46.96,P0,0x0000000000000000
22:39:21.606,2340,8001,57,100,2,46.27,P0,0x0000000000000000
22:39:22.763,2340,8001,57,100,2,46.62,P0,0x0000000000000000
22:39:23.925,2340,8001,57,100,2,46.38,P0,0x0000000000000000
22:39:25.066,2340,8001,56,100,2,39.47,P0,0x0000000000000000
22:39:26.248,2340,8001,57,100,2,42.99,P0,0x0000000000000000
22:39:27.418,2340,8001,57,100,2,42.88,P0,0x0000000000000000
22:39:28.573,2340,8001,56,100,2,42.89,P0,0x0000000000000000
22:39:30.269,2340,8001,56,100,2,42.93,P0,0x0000000000000000
22:39:32.553,2340,8001,56,100,2,32.26,P0,0x0000000000000000
22:39:34.272,2340,8001,56,100,2,41.17,P0,0x0000000000000000
22:39:35.753,2340,8001,59,100,2,54.47,P0,0x0000000000000000
22:39:36.892,2340,8001,59,100,2,58.13,P0,0x0000000000000000
22:39:38.035,2340,8001,59,100,2,59.41,P0,0x0000000000000000
22:39:39.172,2340,8001,59,100,2,61.13,P0,0x0000000000000000
22:39:40.296,2340,8001,59,100,2,59.22,P0,0x0000000000000000
22:39:41.478,2340,8001,59,100,2,57.80,P0,0x0000000000000000
22:39:42.650,2340,8001,56,100,2,48.97,P0,0x0000000000000000
22:39:43.804,2340,8001,56,100,2,48.63,P0,0x0000000000000000
22:39:45.038,2340,8001,56,100,2,50.36,P0,0x0000000000000000
22:39:46.878,2340,8001,56,100,2,52.43,P0,0x0000000000000000
22:39:48.211,2340,8001,57,100,2,50.73,P0,0x0000000000000000
22:39:49.368,2340,8001,60,100,3,52.59,P0,0x0000000000000000
22:39:50.507,2340,8001,61,100,3,76.75,P0,0x0000000000000000
22:39:51.679,2340,8001,61,100,3,76.25,P0,0x0000000000000000
22:39:52.845,2340,8001,61,100,3,75.60,P0,0x0000000000000000
22:39:54.002,2340,8001,60,100,3,70.80,P0,0x0000000000000000
22:39:55.138,2340,8001,60,100,3,70.76,P0,0x0000000000000000
22:39:56.297,2340,8001,60,100,2,61.72,P0,0x0000000000000000
22:39:57.437,2340,8001,59,100,2,58.58,P0,0x0000000000000000
22:39:58.596,2340,8001,59,100,2,59.06,P0,0x0000000000000000
22:39:59.909,2340,8001,59,100,2,58.42,P0,0x0000000000000000
22:40:01.300,2340,8001,60,100,2,55.31,P0,0x0000000000000000
22:40:02.544,2340,8001,60,100,2,58.14,P0,0x0000000000000000
22:40:03.685,2340,8001,58,100,2,43.33,P0,0x0000000000000000
22:40:04.859,2340,8001,58,100,2,49.72,P0,0x0000000000000000
22:40:06.032,2340,8001,58,100,2,48.60,P0,0x0000000000000000
22:40:07.195,2340,8001,58,100,2,48.55,P0,0x0000000000000000
22:40:08.339,2340,8001,58,100,2,48.76,P0,0x0000000000000000
22:40:09.497,2340,8001,58,100,2,49.24,P0,0x0000000000000000
22:40:10.634,2340,8001,58,100,2,48.85,P0,0x0000000000000000
22:40:11.792,2340,8001,58,100,2,46.54,P0,0x0000000000000000
22:40:12.961,2340,8001,58,100,2,48.85,P0,0x0000000000000000
22:40:14.118,2340,8001,58,100,2,48.06,P0,0x0000000000000000
22:40:15.452,2340,8001,58,100,2,49.90,P0,0x0000000000000000
22:40:16.619,2340,8001,59,100,2,49.29,P0,0x0000000000000000
22:40:17.771,2340,8001,59,100,2,47.59,P0,0x0000000000000000
22:40:18.897,2340,8001,59,100,2,48.11,P0,0x0000000000000000
22:40:20.039,2340,8001,58,100,2,48.33,P0,0x0000000000000000
22:40:21.197,2340,8001,59,100,2,48.70,P0,0x0000000000000000
22:40:22.344,2340,8001,59,100,2,48.64,P0,0x0000000000000000
22:40:23.491,2340,8001,59,100,2,48.87,P0,0x0000000000000000
22:40:24.636,2340,8001,59,100,2,48.09,P0,0x0000000000000000
22:40:25.804,2340,8001,59,100,2,51.59,P0,0x0000000000000000
22:40:26.944,2340,8001,59,100,2,47.96,P0,0x0000000000000000
22:40:28.085,2340,8001,60,100,2,49.18,P0,0x0000000000000000
22:40:29.240,2340,8001,59,100,2,48.91,P0,0x0000000000000000
22:40:30.418,2340,8001,59,100,2,48.86,P0,0x0000000000000000
22:40:31.570,2340,8001,60,100,2,48.38,P0,0x0000000000000000
22:40:32.731,2340,8001,59,100,2,50.90,P0,0x0000000000000000
22:40:33.890,2340,8001,60,100,2,48.13,P0,0x0000000000000000
22:40:35.027,2340,8001,60,100,2,48.94,P0,0x0000000000000000
22:40:36.169,2340,8001,60,100,2,53.18,P0,0x0000000000000000
22:40:37.330,2340,8001,60,100,2,49.98,P0,0x0000000000000000
22:40:38.485,2340,8001,60,100,2,49.50,P0,0x0000000000000000
22:40:39.652,2340,8001,60,100,2,49.19,P0,0x0000000000000000
22:40:40.811,2340,8001,60,100,2,48.80,P0,0x0000000000000000
22:40:41.967,2340,8001,60,100,2,48.73,P0,0x0000000000000000
22:40:43.104,2340,8001,60,100,2,49.12,P0,0x0000000000000000
22:40:44.257,2340,8001,60,100,2,50.01,P0,0x0000000000000000
22:40:45.521,2340,8001,57,14,1,25.91,P0,0x0000000000000000
22:40:46.685,750,810,55,4,9,22.69,P5,0x0000000000000001
22:40:47.842,495,810,55,4,9,11.38,P5,0x0000000000000001
22:40:49.022,345,405,55,5,18,9.96,P8,0x0000000000000001
22:40:50.191,210,405,55,7,17,8.56,P8,0x0000000000000001
22:40:51.342,210,405,54,12,19,8.55,P8,0x0000000000000001
22:40:52.490,210,405,54,11,18,8.51,P8,0x0000000000000001
22:40:53.675,210,405,54,7,17,8.48,P8,0x0000000000000001
22:40:54.833,210,405,54,7,17,8.49,P8,0x0000000000000001
22:40:55.986,210,405,54,11,18,8.52,P8,0x0000000000000001
22:40:57.151,210,405,54,12,18,8.41,P8,0x0000000000000001
22:40:58.300,210,405,53,7,18,8.37,P8,0x0000000000000001
22:40:59.480,210,405,53,7,17,8.38,P8,0x0000000000000001
22:41:00.626,210,405,53,15,18,8.32,P8,0x0000000000000001
22:41:01.767,210,405,53,7,17,8.34,P8,0x0000000000000001
22:41:02.918,210,405,53,7,19,8.51,P8,0x0000000000000001
22:41:04.072,210,405,53,7,18,8.34,P8,0x0000000000000001
22:41:05.237,210,405,53,7,18,8.37,P8,0x0000000000000001
22:41:06.401,210,405,53,11,18,8.34,P8,0x0000000000000001
22:41:07.564,210,405,52,7,18,8.30,P8,0x0000000000000001
22:41:08.725,210,405,52,12,18,8.37,P8,0x0000000000000001
22:41:09.903,210,405,52,11,18,8.32,P8,0x0000000000000001
22:41:11.076,210,405,52,7,18,8.31,P8,0x0000000000000001
22:41:12.227,210,405,52,7,18,8.24,P8,0x0000000000000001
22:41:13.368,210,405,52,7,17,8.19,P8,0x0000000000000001
22:41:14.547,210,405,51,7,18,8.21,P8,0x0000000000000001
22:41:15.694,210,405,51,10,18,8.16,P8,0x0000000000000001
22:41:16.841,210,405,51,11,18,8.22,P8,0x0000000000000001
22:41:18.006,210,405,51,11,18,8.12,P8,0x0000000000000001
22:41:19.174,210,405,51,7,18,8.12,P8,0x0000000000000001
22:41:20.340,210,405,51,16,19,8.14,P8,0x0000000000000001
22:41:21.493,210,405,50,11,18,8.07,P8,0x0000000000000001
22:41:22.670,210,405,50,7,17,8.02,P8,0x0000000000000001
22:41:23.820,210,405,50,7,17,8.04,P8,0x0000000000000001
22:41:24.969,210,405,50,7,18,8.07,P8,0x0000000000000001
22:41:26.132,210,405,50,7,18,8.03,P8,0x0000000000000001
22:41:27.300,210,405,50,7,18,7.99,P8,0x0000000000000001
22:41:28.475,210,405,50,7,18,8.00,P8,0x0000000000000001
22:41:29.637,210,405,50,7,19,8.02,P8,0x0000000000000001
22:41:30.787,210,405,50,9,21,7.85,P8,0x0000000000000001
22:41:31.939,210,405,50,12,18,7.97,P8,0x0000000000000001
22:41:33.116,210,405,50,11,20,7.98,P8,0x0000000000000001
22:41:34.281,210,405,50,11,19,8.02,P8,0x0000000000000001
22:41:35.447,210,405,50,7,18,8.12,P8,0x0000000000000001
22:41:36.598,210,405,49,7,18,8.00,P8,0x0000000000000001
22:41:37.761,210,405,49,7,18,7.97,P8,0x0000000000000001
22:41:38.925,210,405,49,7,18,7.97,P8,0x0000000000000001
22:41:40.084,210,405,49,7,18,7.93,P8,0x0000000000000001
22:41:41.217,210,405,49,7,18,7.94,P8,0x0000000000000001
22:41:42.359,210,405,49,7,21,7.93,P8,0x0000000000000001
22:41:43.526,210,405,49,7,18,7.95,P8,0x0000000000000001
22:41:44.676,210,405,49,11,19,7.91,P8,0x0000000000000001
22:41:45.856,210,405,50,22,19,7.81,P8,0x0000000000000001
22:41:47.005,210,405,50,6,19,7.87,P8,0x0000000000000001
22:41:48.154,210,405,50,12,19,7.99,P8,0x0000000000000001
22:41:49.305,210,405,50,6,18,7.98,P8,0x0000000000000001
22:41:50.453,210,405,50,7,18,7.99,P8,0x0000000000000001
22:41:51.616,210,405,50,7,19,8.03,P8,0x0000000000000001
22:41:52.766,210,405,50,7,19,8.06,P8,0x0000000000000001
22:41:53.912,210,405,50,7,20,8.04,P8,0x0000000000000001
22:41:55.080,210,405,50,7,19,8.03,P8,0x0000000000000001
22:41:56.245,210,405,50,12,20,8.04,P8,0x0000000000000001
22:41:57.396,210,405,51,11,20,8.01,P8,0x0000000000000001
22:41:58.543,210,405,51,11,19,8.04,P8,0x0000000000000001
22:41:59.720,210,405,51,12,19,8.09,P8,0x0000000000000001
22:42:00.883,210,405,51,4,18,8.01,P8,0x0000000000000001
22:42:02.020,210,405,51,7,19,8.03,P8,0x0000000000000001
22:42:03.182,210,405,51,7,19,8.16,P8,0x0000000000000001
22:42:04.348,210,405,51,7,17,8.13,P8,0x0000000000000001
22:42:05.498,210,405,51,11,20,8.12,P8,0x0000000000000001
22:42:06.651,210,405,51,11,19,8.11,P8,0x0000000000000001
22:42:07.831,210,405,51,11,20,8.09,P8,0x0000000000000001
22:42:09.000,210,405,51,11,20,8.10,P8,0x0000000000000001
22:42:10.163,210,405,52,7,20,8.13,P8,0x0000000000000001
22:42:11.326,210,405,52,11,20,8.13,P8,0x0000000000000001
22:42:12.478,210,405,52,7,20,8.18,P8,0x0000000000000001
22:42:13.640,210,405,52,7,20,8.20,P8,0x0000000000000001
22:42:14.786,210,405,52,7,20,8.19,P8,0x0000000000000001
22:42:15.951,210,405,52,7,17,8.14,P8,0x0000000000000001
22:42:17.100,210,405,52,7,19,8.20,P8,0x0000000000000001
22:42:18.264,210,405,52,12,19,8.20,P8,0x0000000000000001
22:42:19.440,210,405,52,11,19,8.22,P8,0x0000000000000001
22:42:20.601,210,405,52,10,20,8.15,P8,0x0000000000000001
22:42:21.769,210,405,51,7,19,8.12,P8,0x0000000000000001
22:42:22.932,210,405,51,11,19,8.40,P8,0x0000000000000001
22:42:24.110,210,405,51,7,19,8.14,P8,0x0000000000000001
22:42:25.247,210,405,51,11,19,8.18,P8,0x0000000000000001
22:42:26.381,210,405,51,7,19,8.11,P8,0x0000000000000001
22:42:27.545,210,405,51,7,19,8.16,P8,0x0000000000000001
22:42:28.708,210,405,51,7,19,8.15,P8,0x0000000000000001
22:42:29.870,210,405,51,7,20,8.20,P8,0x0000000000000001
22:42:31.002,210,405,51,16,19,8.11,P8,0x0000000000000001
22:42:32.138,210,405,51,11,19,8.07,P8,0x0000000000000001
22:42:33.303,210,405,51,7,18,8.15,P8,0x0000000000000001
22:42:34.467,210,405,51,7,18,8.15,P8,0x0000000000000001
22:42:35.620,210,405,51,7,18,8.08,P8,0x0000000000000001
22:42:36.783,210,405,51,12,19,8.18,P8,0x0000000000000001
22:42:37.946,210,405,51,7,20,8.11,P8,0x0000000000000001
22:42:39.111,210,405,51,7,18,8.11,P8,0x0000000000000001
22:42:40.264,210,405,51,7,19,8.06,P8,0x0000000000000001
22:42:41.411,210,405,51,7,21,8.14,P8,0x0000000000000001
22:42:42.559,210,405,51,15,27,8.27,P8,0x0000000000000001
22:42:43.725,210,405,51,10,28,8.34,P8,0x0000000000000001
22:42:44.876,210,405,51,7,23,8.22,P8,0x0000000000000001
22:42:46.031,210,405,51,7,18,8.12,P8,0x0000000000000001
22:42:47.184,210,405,51,7,22,8.23,P8,0x0000000000000001
22:42:48.352,210,405,51,7,19,8.24,P8,0x0000000000000001
22:42:49.535,210,405,51,7,21,8.15,P8,0x0000000000000001
22:42:50.671,210,405,51,16,22,8.21,P8,0x0000000000000001
22:42:51.832,210,405,51,7,22,8.19,P8,0x0000000000000001
22:42:52.985,210,405,51,12,21,8.09,P8,0x0000000000000001
22:42:54.152,210,405,52,7,22,8.18,P8,0x0000000000000001
22:42:55.317,210,405,52,11,22,8.18,P8,0x0000000000000001
22:42:56.471,210,405,51,12,22,8.16,P8,0x0000000000000001
22:42:57.613,210,405,52,7,21,8.23,P8,0x0000000000000001
22:42:58.791,210,405,51,7,22,8.16,P8,0x0000000000000001
22:42:59.997,210,405,52,7,22,8.25,P8,0x0000000000000001
22:43:01.364,210,405,52,28,19,7.99,P8,0x0000000000000001
22:43:02.514,210,405,52,7,16,8.15,P8,0x0000000000000001
22:43:03.657,210,405,52,7,20,8.22,P8,0x0000000000000001
22:43:04.813,210,405,52,11,19,8.21,P8,0x0000000000000001
22:43:05.993,210,405,52,7,18,8.19,P8,0x0000000000000001
22:43:07.157,210,405,52,12,19,8.24,P8,0x0000000000000001
22:43:08.301,210,405,52,11,22,8.19,P8,0x0000000000000001
22:43:09.437,210,405,52,7,20,8.17,P8,0x0000000000000001
22:43:10.609,210,405,52,7,23,8.30,P8,0x0000000000000001
22:43:11.744,210,405,52,7,20,8.20,P8,0x0000000000000001
22:43:12.913,210,405,52,7,17,8.09,P8,0x0000000000000001
22:43:14.068,210,405,52,7,23,8.24,P8,0x0000000000000001
22:43:15.493,210,405,52,10,20,8.11,P8,0x0000000000000001
22:43:16.672,2115,8001,53,2,1,20.42,P0,0x0000000000000001
22:43:17.835,2115,8001,53,2,1,21.42,P0,0x0000000000000001
22:43:19.012,2115,8001,53,3,1,21.62,P0,0x0000000000000001
22:43:20.168,315,810,52,8,10,10.93,P5,0x0000000000000001
22:43:21.330,210,405,52,7,18,9.75,P8,0x0000000000000001
22:43:22.480,210,405,52,2,18,8.23,P8,0x0000000000000001
22:43:23.614,210,405,53,17,21,8.23,P8,0x0000000000000001
22:43:24.749,210,405,53,13,18,8.02,P8,0x0000000000000001
22:43:25.900,210,405,53,7,20,8.23,P8,0x0000000000000001
22:43:27.046,210,405,52,7,22,8.33,P8,0x0000000000000001
22:43:28.204,210,405,52,7,20,8.31,P8,0x0000000000000001
22:43:29.369,210,405,52,7,22,8.32,P8,0x0000000000000001
22:43:30.519,210,405,52,11,21,8.22,P8,0x0000000000000001
22:43:31.678,210,405,52,12,17,8.09,P8,0x0000000000000001
22:43:32.829,210,405,52,11,26,8.24,P8,0x0000000000000001
22:43:33.991,210,405,52,7,22,8.28,P8,0x0000000000000001
22:43:35.142,210,405,52,7,13,8.12,P8,0x0000000000000001
22:43:36.296,210,405,51,7,13,8.23,P8,0x0000000000000001
22:43:37.444,210,405,51,7,26,8.37,P8,0x0000000000000001
22:43:38.595,210,405,51,11,14,8.17,P8,0x0000000000000001
22:43:39.755,210,405,51,7,26,8.32,P8,0x0000000000000001
22:43:40.914,210,405,51,7,22,8.26,P8,0x0000000000000001
22:43:42.068,210,405,51,7,13,8.14,P8,0x0000000000000001
22:43:43.254,210,405,51,11,27,8.62,P8,0x0000000000000001
22:43:44.420,210,405,51,7,23,8.27,P8,0x0000000000000001
22:43:45.585,210,405,51,10,19,8.08,P8,0x0000000000000001
22:43:46.732,210,405,51,6,15,8.07,P8,0x0000000000000001
22:43:47.914,210,405,51,7,15,8.12,P8,0x0000000000000001
22:43:49.079,210,405,51,7,21,8.22,P8,0x0000000000000001
22:43:50.242,210,405,51,7,21,8.19,P8,0x0000000000000001
22:43:51.419,210,405,51,7,22,8.15,P8,0x0000000000000001
22:43:52.568,210,405,51,7,21,8.17,P8,0x0000000000000001
22:43:53.716,210,405,51,7,21,8.16,P8,0x0000000000000001
22:43:54.878,210,405,51,7,21,8.24,P8,0x0000000000000001
22:43:56.033,210,405,51,7,21,8.11,P8,0x0000000000000001
22:43:57.199,210,405,51,7,21,8.09,P8,0x0000000000000001
22:43:58.363,210,405,50,7,21,8.08,P8,0x0000000000000001
22:43:59.524,210,405,50,7,21,8.15,P8,0x0000000000000001
22:44:00.664,210,405,51,13,24,8.08,P8,0x0000000000000001
22:44:01.785,210,405,51,7,24,8.13,P8,0x0000000000000001
22:44:02.952,210,405,50,7,24,8.18,P8,0x0000000000000001
22:44:04.146,210,405,50,7,17,8.11,P8,0x0000000000000001
22:44:05.322,210,405,50,7,17,8.08,P8,0x0000000000000001
22:44:06.517,210,405,50,7,17,8.02,P8,0x0000000000000001
22:44:07.683,210,405,50,7,17,8.04,P8,0x0000000000000001
22:44:08.850,210,405,50,7,17,8.07,P8,0x0000000000000001
22:44:10.015,210,405,50,7,17,8.00,P8,0x0000000000000001
22:44:11.178,210,405,50,7,17,8.05,P8,0x0000000000000001
22:44:12.339,210,405,50,7,17,8.04,P8,0x0000000000000001
22:44:13.494,210,405,50,7,17,8.06,P8,0x0000000000000001
22:44:14.664,210,405,50,7,17,8.01,P8,0x0000000000000001
22:44:15.815,210,405,51,12,18,7.99,P8,0x0000000000000001
22:44:16.979,210,405,51,7,25,8.13,P8,0x0000000000000001
22:44:18.150,210,405,51,7,25,8.18,P8,0x0000000000000001
22:44:19.305,210,405,51,7,25,8.26,P8,0x0000000000000001
22:44:20.458,210,405,51,7,25,8.28,P8,0x0000000000000001
22:44:21.593,210,405,51,7,25,8.18,P8,0x0000000000000001
22:44:22.765,210,405,51,7,25,8.33,P8,0x0000000000000001
22:44:23.928,210,405,51,7,25,8.21,P8,0x0000000000000001
22:44:25.085,210,405,51,7,25,8.24,P8,0x0000000000000001
22:44:26.265,210,405,51,7,25,8.25,P8,0x0000000000000001
22:44:27.446,210,405,51,7,25,8.24,P8,0x0000000000000001
22:44:28.597,210,405,51,7,25,8.24,P8,0x0000000000000001
22:44:29.763,210,405,51,7,25,8.25,P8,0x0000000000000001
22:44:30.911,210,405,51,7,18,8.06,P8,0x0000000000000001
22:44:32.047,210,405,51,7,25,8.20,P8,0x0000000000000001
22:44:33.191,210,405,51,7,26,8.34,P8,0x0000000000000001
22:44:34.332,210,405,51,7,26,8.29,P8,0x0000000000000001
22:44:35.495,210,405,51,7,26,8.23,P8,0x0000000000000001
22:44:36.676,210,405,51,7,26,8.27,P8,0x0000000000000001
22:44:37.841,210,405,51,7,26,8.47,P8,0x0000000000000001
22:44:38.994,210,405,51,7,26,8.32,P8,0x0000000000000001
22:44:40.152,210,405,51,7,26,8.28,P8,0x0000000000000001
22:44:41.301,210,405,51,7,26,8.22,P8,0x0000000000000001
22:44:42.467,210,405,51,7,26,8.26,P8,0x0000000000000001
22:44:43.637,210,405,51,7,26,8.35,P8,0x0000000000000001
22:44:44.808,210,405,51,7,26,8.28,P8,0x0000000000000001
22:44:45.979,210,405,51,7,26,8.20,P8,0x0000000000000001
22:44:47.115,210,405,51,7,18,8.10,P8,0x0000000000000001
22:44:48.288,210,405,51,7,26,8.29,P8,0x0000000000000001
22:44:49.432,210,405,51,7,26,8.34,P8,0x0000000000000001
22:44:50.583,210,405,52,7,26,8.30,P8,0x0000000000000001
22:44:51.761,210,405,52,7,26,8.33,P8,0x0000000000000001
22:44:52.940,210,405,52,7,26,8.29,P8,0x0000000000000001
22:44:54.394,210,405,52,7,26,8.29,P8,0x0000000000000001
22:44:55.869,210,405,52,7,26,8.33,P8,0x0000000000000001
22:44:57.427,210,405,52,7,26,8.32,P8,0x0000000000000001
22:44:59.261,210,405,52,7,26,8.27,P8,0x0000000000000001
22:45:00.430,210,405,52,19,23,8.22,P8,0x0000000000000001
22:45:01.582,210,405,52,7,19,8.15,P8,0x0000000000000001
22:45:03.272,210,405,52,7,19,8.15,P8,0x0000000000000001
22:45:04.914,210,405,52,7,26,8.28,P8,0x0000000000000001
22:45:06.225,210,405,52,7,26,8.32,P8,0x0000000000000001
22:45:07.366,210,405,52,7,26,8.48,P8,0x0000000000000001
22:45:08.528,210,405,52,7,26,8.30,P8,0x0000000000000001
22:45:09.710,210,405,52,7,26,8.32,P8,0x0000000000000001
22:45:10.865,210,405,52,7,26,8.30,P8,0x0000000000000001
22:45:12.009,210,405,52,7,26,8.29,P8,0x0000000000000001
22:45:13.161,210,405,52,7,26,8.34,P8,0x0000000000000001
22:45:14.315,210,405,52,7,26,8.39,P8,0x0000000000000001
22:45:15.463,210,405,52,21,25,8.36,P8,0x0000000000000001
22:45:16.632,210,405,52,7,19,8.29,P8,0x0000000000000001
22:45:17.785,210,405,52,7,19,8.22,P8,0x0000000000000001
22:45:18.948,210,405,52,7,25,8.35,P8,0x0000000000000001
22:45:20.105,210,405,52,7,25,8.37,P8,0x0000000000000001
22:45:21.256,210,405,52,7,25,8.37,P8,0x0000000000000001
22:45:22.394,210,405,52,7,25,8.35,P8,0x0000000000000001
22:45:23.589,210,405,52,7,25,8.53,P8,0x0000000000000001
22:45:24.738,210,405,52,7,25,8.34,P8,0x0000000000000001
22:45:25.895,210,405,52,7,25,8.33,P8,0x0000000000000001
22:45:27.052,210,405,52,7,25,8.30,P8,0x0000000000000001
22:45:28.213,210,405,52,7,25,8.30,P8,0x0000000000000001
22:45:29.364,210,405,52,10,25,8.55,P8,0x0000000000000001
22:45:30.518,210,405,52,21,26,8.33,P8,0x0000000000000001
22:45:31.668,210,405,52,7,19,8.41,P8,0x0000000000000001
22:45:32.849,210,405,52,7,19,8.27,P8,0x0000000000000001
22:45:34.030,210,405,52,7,27,8.31,P8,0x0000000000000001
22:45:35.212,210,405,52,7,27,8.40,P8,0x0000000000000001
22:45:36.375,210,405,52,7,27,8.33,P8,0x0000000000000001
22:45:37.539,210,405,52,7,27,8.30,P8,0x0000000000000001
22:45:38.696,210,405,52,7,27,8.35,P8,0x0000000000000001
22:45:39.855,210,405,52,7,28,8.31,P8,0x0000000000000001
22:45:40.985,210,405,52,7,27,8.34,P8,0x0000000000000001
22:45:42.137,210,405,52,7,27,8.31,P8,0x0000000000000001
22:45:43.271,210,405,52,7,27,8.36,P8,0x0000000000000001
22:45:44.449,210,405,52,7,28,8.32,P8,0x0000000000000001
22:45:45.598,210,405,52,7,27,8.29,P8,0x0000000000000001
22:45:46.750,210,405,52,7,29,8.36,P8,0x0000000000000001
22:45:47.901,210,405,52,7,29,8.41,P8,0x0000000000000001
22:45:49.056,210,405,52,7,27,8.37,P8,0x0000000000000001
22:45:50.237,210,405,52,7,27,8.38,P8,0x0000000000000001
22:45:51.390,210,405,52,7,27,8.35,P8,0x0000000000000001
22:45:52.553,210,405,52,7,27,8.34,P8,0x0000000000000001
22:45:53.692,210,405,52,7,28,8.36,P8,0x0000000000000001
22:45:54.853,210,405,52,7,27,8.36,P8,0x0000000000000001
22:45:56.009,210,405,52,7,27,8.31,P8,0x0000000000000001
22:45:57.173,210,405,52,7,28,8.32,P8,0x0000000000000001
22:45:58.347,210,405,52,7,28,8.34,P8,0x0000000000000001
22:45:59.510,210,405,52,7,27,8.37,P8,0x0000000000000001
22:46:00.664,210,405,52,10,28,8.41,P8,0x0000000000000001
22:46:01.818,210,405,52,7,29,8.38,P8,0x0000000000000001
22:46:02.978,210,405,52,7,29,8.38,P8,0x0000000000000001
22:46:04.145,210,405,52,7,27,8.36,P8,0x0000000000000001
22:46:05.300,210,405,52,7,27,8.34,P8,0x0000000000000001
22:46:06.451,210,405,52,7,27,8.33,P8,0x0000000000000001
22:46:07.627,210,405,52,7,27,8.34,P8,0x0000000000000001
22:46:08.782,210,405,52,7,27,8.38,P8,0x0000000000000001
22:46:09.939,210,405,52,7,27,8.51,P8,0x0000000000000001
22:46:11.098,210,405,52,7,27,8.35,P8,0x0000000000000001
22:46:12.248,210,405,52,7,27,8.37,P8,0x0000000000000001
22:46:13.407,210,405,52,7,27,8.39,P8,0x0000000000000001
22:46:14.571,210,405,52,7,27,8.40,P8,0x0000000000000001
22:46:15.738,210,405,52,9,28,8.32,P8,0x0000000000000001
22:46:16.875,210,405,52,7,29,8.44,P8,0x0000000000000001
22:46:18.041,210,405,52,7,29,8.39,P8,0x0000000000000001
22:46:19.196,210,405,52,7,28,8.34,P8,0x0000000000000001
22:46:20.377,210,405,52,7,28,8.35,P8,0x0000000000000001
22:46:21.528,210,405,52,7,28,8.35,P8,0x0000000000000001
22:46:22.664,210,405,52,7,28,8.34,P8,0x0000000000000001
22:46:23.851,210,405,52,7,28,8.39,P8,0x0000000000000001
22:46:24.984,210,405,52,7,28,8.63,P8,0x0000000000000001
22:46:26.152,210,405,52,7,28,8.37,P8,0x0000000000000001
22:46:27.318,210,405,52,7,28,8.38,P8,0x0000000000000001
22:46:28.472,210,405,52,7,28,8.51,P8,0x0000000000000001
22:46:29.636,210,405,52,7,28,8.35,P8,0x0000000000000001
22:46:30.801,210,405,52,8,29,8.27,P8,0x0000000000000001
22:46:31.980,210,405,52,7,28,8.32,P8,0x0000000000000001
22:46:33.129,210,405,52,7,29,8.43,P8,0x0000000000000001
22:46:34.290,210,405,51,7,29,8.35,P8,0x0000000000000001
22:46:35.443,210,405,51,7,29,8.30,P8,0x0000000000000001
22:46:36.591,210,405,51,7,29,8.31,P8,0x0000000000000001
22:46:37.755,210,405,51,7,29,8.34,P8,0x0000000000000001
22:46:38.918,210,405,51,7,29,8.33,P8,0x0000000000000001
22:46:40.072,210,405,51,7,29,8.31,P8,0x0000000000000001
22:46:41.233,210,405,51,7,29,8.35,P8,0x0000000000000001
22:46:42.402,210,405,51,7,29,8.38,P8,0x0000000000000001
22:46:43.569,210,405,51,7,29,8.30,P8,0x0000000000000001
22:46:44.734,210,405,51,6,29,8.28,P8,0x0000000000000001
22:46:45.899,210,405,52,7,28,8.21,P8,0x0000000000000001
22:46:47.048,210,405,52,7,28,8.36,P8,0x0000000000000001
22:46:48.202,210,405,52,7,29,8.33,P8,0x0000000000000001
22:46:49.352,210,405,52,7,29,8.46,P8,0x0000000000000001
22:46:50.504,210,405,52,7,29,8.37,P8,0x0000000000000001
22:46:51.672,210,405,52,7,29,8.33,P8,0x0000000000000001
22:46:52.837,210,405,52,7,29,8.39,P8,0x0000000000000001
22:46:53.987,210,405,52,7,29,8.38,P8,0x0000000000000001
22:46:55.124,210,405,52,7,29,8.35,P8,0x0000000000000001
22:46:56.292,210,405,52,7,29,8.39,P8,0x0000000000000001
22:46:57.475,210,405,52,7,29,8.39,P8,0x0000000000000001
22:46:58.640,210,405,52,7,29,8.37,P8,0x0000000000000001
22:46:59.792,210,405,52,7,29,8.39,P8,0x0000000000000001
22:47:00.945,210,405,52,7,29,8.34,P8,0x0000000000000001
22:47:02.084,210,405,52,7,28,8.37,P8,0x0000000000000001
22:47:03.239,210,405,52,7,29,8.33,P8,0x0000000000000001
22:47:04.401,210,405,52,7,29,8.36,P8,0x0000000000000001
22:47:05.570,210,405,52,7,29,8.35,P8,0x0000000000000001
22:47:06.719,210,405,52,7,29,8.36,P8,0x0000000000000001
22:47:07.880,210,405,51,7,29,8.31,P8,0x0000000000000001
22:47:09.041,210,405,51,7,29,8.35,P8,0x0000000000000001
22:47:10.199,210,405,51,7,29,8.46,P8,0x0000000000000001
22:47:11.380,210,405,51,7,29,8.31,P8,0x0000000000000001
22:47:12.543,210,405,51,7,29,8.34,P8,0x0000000000000001
22:47:13.707,210,405,51,7,29,8.36,P8,0x0000000000000001
22:47:14.860,210,405,51,7,29,8.39,P8,0x0000000000000001
22:47:16.025,210,405,52,7,27,8.23,P8,0x0000000000000001
22:47:17.189,210,405,51,7,28,8.33,P8,0x0000000000000001
22:47:18.355,210,405,51,7,29,8.31,P8,0x0000000000000001
22:47:19.508,210,405,51,7,29,8.35,P8,0x0000000000000001
22:47:20.663,210,405,52,7,29,8.36,P8,0x0000000000000001
22:47:21.828,210,405,52,7,29,8.29,P8,0x0000000000000001
22:47:22.996,210,405,52,7,29,8.30,P8,0x0000000000000001
22:47:24.137,210,405,52,7,29,8.34,P8,0x0000000000000001
22:47:25.305,210,405,52,7,29,8.33,P8,0x0000000000000001
22:47:26.475,210,405,52,7,29,8.34,P8,0x0000000000000001
22:47:27.625,210,405,52,7,29,8.30,P8,0x0000000000000001
22:47:28.803,210,405,52,7,29,8.27,P8,0x0000000000000001
22:47:29.962,210,405,52,7,29,8.31,P8,0x0000000000000001
22:47:31.127,210,405,52,7,29,8.30,P8,0x0000000000000001
22:47:32.302,210,405,52,7,29,8.33,P8,0x0000000000000001
22:47:33.473,210,405,52,7,28,8.38,P8,0x0000000000000001
22:47:34.632,210,405,52,7,28,8.46,P8,0x0000000000000001
22:47:35.799,210,405,52,7,29,8.27,P8,0x0000000000000001
22:47:36.969,210,405,52,7,28,8.30,P8,0x0000000000000001
22:47:38.134,210,405,52,7,28,8.32,P8,0x0000000000000001
22:47:39.298,210,405,52,7,28,8.31,P8,0x0000000000000001
22:47:40.442,210,405,52,7,28,8.33,P8,0x0000000000000001
22:47:41.578,210,405,52,7,28,8.32,P8,0x0000000000000001
22:47:42.724,210,405,52,7,28,8.32,P8,0x0000000000000001
22:47:43.882,210,405,52,7,28,8.33,P8,0x0000000000000001
22:47:45.053,210,405,52,7,28,8.32,P8,0x0000000000000001
22:47:46.220,210,405,52,7,28,8.31,P8,0x0000000000000001
22:47:47.373,210,405,52,7,28,8.37,P8,0x0000000000000001
22:47:48.523,210,405,52,7,28,8.39,P8,0x0000000000000001
22:47:49.705,210,405,52,7,28,8.42,P8,0x0000000000000001
22:47:50.875,210,405,52,7,28,8.39,P8,0x0000000000000001
22:47:52.056,210,405,52,7,28,8.48,P8,0x0000000000000001
22:47:53.210,210,405,52,7,28,8.44,P8,0x0000000000000001
22:47:54.363,210,405,52,7,28,8.38,P8,0x0000000000000001
22:47:55.525,210,405,52,7,28,8.43,P8,0x0000000000000001
22:47:56.706,210,405,52,7,29,8.67,P8,0x0000000000000001
22:47:57.877,210,405,52,7,28,8.40,P8,0x0000000000000001
22:47:59.065,210,405,52,7,28,8.39,P8,0x0000000000000001
22:48:00.212,210,405,52,18,29,8.37,P8,0x0000000000000001
22:48:01.361,210,405,52,7,29,8.42,P8,0x0000000000000001
22:48:02.511,210,405,52,7,29,8.40,P8,0x0000000000000001
22:48:03.676,210,405,52,7,28,8.35,P8,0x0000000000000001
22:48:04.834,210,405,52,7,27,8.34,P8,0x0000000000000001
22:48:05.986,210,405,52,7,27,8.37,P8,0x0000000000000001
22:48:07.160,210,405,52,7,28,8.31,P8,0x0000000000000001
22:48:08.340,210,405,52,7,28,8.31,P8,0x0000000000000001
22:48:09.500,210,405,52,7,27,8.26,P8,0x0000000000000001
22:48:10.655,210,405,52,7,28,8.30,P8,0x0000000000000001
22:48:11.811,210,405,52,7,27,8.31,P8,0x0000000000000001
22:48:12.963,210,405,52,7,27,8.30,P8,0x0000000000000001
22:48:14.124,210,405,52,7,28,8.33,P8,0x0000000000000001
22:48:15.288,210,405,52,14,28,8.28,P8,0x0000000000000001
22:48:16.447,210,405,52,7,29,8.35,P8,0x0000000000000001
22:48:17.598,210,405,52,7,29,8.44,P8,0x0000000000000001
22:48:18.744,210,405,52,7,27,8.35,P8,0x0000000000000001
22:48:19.882,210,405,52,7,27,8.34,P8,0x0000000000000001
22:48:21.019,210,405,52,7,27,8.34,P8,0x0000000000000001
22:48:22.183,210,405,52,7,27,8.38,P8,0x0000000000000001
22:48:23.337,210,405,52,7,28,8.35,P8,0x0000000000000001
22:48:24.489,210,405,52,7,28,8.30,P8,0x0000000000000001
22:48:25.629,210,405,52,7,28,8.39,P8,0x0000000000000001
22:48:26.799,210,405,52,7,27,8.35,P8,0x0000000000000001
22:48:27.944,210,405,52,7,28,8.33,P8,0x0000000000000001
22:48:29.115,210,405,52,7,28,8.35,P8,0x0000000000000001
22:48:30.269,210,405,52,8,28,8.30,P8,0x0000000000000001
22:48:31.406,210,405,52,7,29,8.31,P8,0x0000000000000001
22:48:32.569,210,405,52,7,29,8.40,P8,0x0000000000000001
22:48:33.691,210,405,52,7,28,8.35,P8,0x0000000000000001
22:48:34.846,210,405,52,7,28,8.33,P8,0x0000000000000001
22:48:35.999,210,405,52,7,28,8.49,P8,0x0000000000000001
22:48:37.174,210,405,52,7,28,8.36,P8,0x0000000000000001
22:48:38.330,210,405,52,7,28,8.34,P8,0x0000000000000001
22:48:39.478,210,405,52,7,28,8.35,P8,0x0000000000000001
22:48:40.633,210,405,52,7,28,8.73,P8,0x0000000000000001
22:48:41.786,210,405,51,7,28,8.37,P8,0x0000000000000001
22:48:42.936,210,405,51,7,28,8.34,P8,0x0000000000000001
22:48:44.112,210,405,51,7,28,8.31,P8,0x0000000000000001
22:48:45.267,210,405,51,7,28,8.32,P8,0x0000000000000001
22:48:46.431,210,405,52,7,28,8.38,P8,0x0000000000000001
22:48:47.595,210,405,52,7,28,8.34,P8,0x0000000000000001
22:48:48.751,210,405,52,7,28,8.38,P8,0x0000000000000001
22:48:49.917,210,405,52,7,28,8.36,P8,0x0000000000000001
22:48:51.084,210,405,52,7,28,8.35,P8,0x0000000000000001
22:48:52.246,210,405,52,7,28,8.35,P8,0x0000000000000001
22:48:53.426,210,405,52,7,28,8.38,P8,0x0000000000000001
22:48:54.585,210,405,52,7,28,8.32,P8,0x0000000000000001
22:48:55.751,210,405,52,7,28,8.35,P8,0x0000000000000001
22:48:56.904,210,405,52,7,28,8.34,P8,0x0000000000000001
22:48:58.083,210,405,52,7,28,8.62,P8,0x0000000000000001
22:48:59.227,210,405,52,7,28,8.32,P8,0x0000000000000001
22:49:00.395,210,405,52,7,28,8.33,P8,0x0000000000000001
22:49:01.535,210,405,52,7,29,8.33,P8,0x0000000000000001
22:49:02.687,210,405,52,7,29,8.37,P8,0x0000000000000001
22:49:03.843,210,405,52,7,27,8.36,P8,0x0000000000000001
22:49:04.981,210,405,52,7,27,8.32,P8,0x0000000000000001
22:49:06.165,210,405,52,7,27,8.32,P8,0x0000000000000001
22:49:07.330,210,405,52,7,27,8.31,P8,0x0000000000000001
22:49:08.485,210,405,52,7,27,8.40,P8,0x0000000000000001
22:49:09.625,210,405,52,7,27,8.29,P8,0x0000000000000001
22:49:10.807,210,405,52,7,27,8.33,P8,0x0000000000000001
22:49:11.976,210,405,52,7,27,8.35,P8,0x0000000000000001
22:49:13.145,210,405,52,7,27,8.32,P8,0x0000000000000001
22:49:14.298,210,405,52,7,27,8.43,P8,0x0000000000000001
22:49:15.442,210,405,52,7,28,8.36,P8,0x0000000000000001
22:49:16.600,210,405,52,7,29,8.35,P8,0x0000000000000001
22:49:17.751,210,405,52,7,29,8.37,P8,0x0000000000000001
22:49:18.922,210,405,52,7,28,8.38,P8,0x0000000000000001
22:49:20.098,210,405,52,7,28,8.44,P8,0x0000000000000001
22:49:21.261,210,405,52,7,28,8.41,P8,0x0000000000000001
22:49:22.430,210,405,52,7,28,8.40,P8,0x0000000000000001
22:49:23.563,210,405,52,7,28,8.39,P8,0x0000000000000001
22:49:24.713,210,405,52,6,28,8.35,P8,0x0000000000000001
22:49:25.866,210,405,52,7,28,8.37,P8,0x0000000000000001
22:49:27.037,210,405,52,7,28,8.38,P8,0x0000000000000001
22:49:28.207,210,405,52,7,28,8.32,P8,0x0000000000000001
22:49:29.388,210,405,52,7,28,8.35,P8,0x0000000000000001
22:49:30.526,210,405,52,7,28,8.30,P8,0x0000000000000001
22:49:31.685,210,405,52,7,28,8.35,P8,0x0000000000000001
22:49:32.847,210,405,52,7,28,8.34,P8,0x0000000000000001
22:49:34.011,210,405,52,7,26,8.48,P8,0x0000000000000001
22:49:35.174,210,405,52,7,26,8.31,P8,0x0000000000000001
22:49:36.350,210,405,52,7,26,8.31,P8,0x0000000000000001
22:49:37.494,210,405,52,7,26,8.35,P8,0x0000000000000001
22:49:38.644,210,405,52,7,26,8.30,P8,0x0000000000000001
22:49:39.788,210,405,52,7,26,8.36,P8,0x0000000000000001
22:49:40.958,210,405,52,7,26,8.35,P8,0x0000000000000001
22:49:42.126,210,405,52,7,26,8.55,P8,0x0000000000000001
22:49:43.278,210,405,52,7,26,8.42,P8,0x0000000000000001
22:49:44.437,210,405,52,7,26,8.36,P8,0x0000000000000001
22:49:45.574,210,405,52,20,27,8.28,P8,0x0000000000000001
22:49:46.711,210,405,52,7,26,8.32,P8,0x0000000000000001
22:49:47.869,210,405,52,7,26,8.29,P8,0x0000000000000001
22:49:49.028,210,405,52,7,27,8.28,P8,0x0000000000000001
22:49:50.181,210,405,52,7,27,8.34,P8,0x0000000000000001
22:49:51.332,210,405,52,7,27,8.30,P8,0x0000000000000001
22:49:52.486,210,405,52,7,27,8.30,P8,0x0000000000000001
22:49:53.660,210,405,52,7,27,8.34,P8,0x0000000000000001
22:49:54.813,210,405,52,7,27,8.28,P8,0x0000000000000001
22:49:55.981,210,405,52,7,27,8.55,P8,0x0000000000000001
22:49:57.151,210,405,52,7,27,8.33,P8,0x0000000000000001
22:49:58.316,210,405,52,7,27,8.35,P8,0x0000000000000001
22:49:59.486,210,405,52,7,27,8.35,P8,0x0000000000000001
22:50:00.644,210,405,52,7,27,8.66,P8,0x0000000000000001
22:50:01.805,210,405,52,7,27,8.31,P8,0x0000000000000001
22:50:02.968,210,405,52,7,27,8.32,P8,0x0000000000000001
22:50:04.120,210,405,52,7,27,8.37,P8,0x0000000000000001
22:50:05.300,210,405,52,7,27,8.36,P8,0x0000000000000001
22:50:06.980,210,405,52,7,27,8.31,P8,0x0000000000000001
22:50:08.525,210,405,52,7,27,8.32,P8,0x0000000000000001
22:50:09.782,210,405,52,7,27,8.34,P8,0x0000000000000001
22:50:10.919,210,405,52,7,27,8.32,P8,0x0000000000000001
22:50:12.084,210,405,52,7,27,8.55,P8,0x0000000000000001
22:50:13.248,210,405,51,7,27,8.34,P8,0x0000000000000001
22:50:14.404,210,405,51,7,27,8.39,P8,0x0000000000000001
22:50:15.551,210,405,51,21,28,8.51,P8,0x0000000000000001
22:50:16.727,210,405,51,7,27,8.28,P8,0x0000000000000001
22:50:17.874,210,405,51,7,27,8.33,P8,0x0000000000000001
22:50:19.038,210,405,51,7,28,8.28,P8,0x0000000000000001
22:50:20.189,210,405,51,7,28,8.30,P8,0x0000000000000001
22:50:21.325,210,405,51,7,28,8.38,P8,0x0000000000000001
22:50:22.476,210,405,51,7,28,8.38,P8,0x0000000000000001
22:50:23.629,210,405,51,7,28,8.35,P8,0x0000000000000001
22:50:24.791,210,405,52,7,28,8.34,P8,0x0000000000000001
22:50:25.959,210,405,52,7,28,8.31,P8,0x0000000000000001
22:50:27.140,210,405,51,7,28,8.30,P8,0x0000000000000001
22:50:28.285,210,405,51,7,28,8.29,P8,0x0000000000000001
22:50:29.454,210,405,51,7,29,8.29,P8,0x0000000000000001
22:50:30.624,210,405,51,13,30,8.25,P8,0x0000000000000001
22:50:31.771,210,405,52,7,28,8.29,P8,0x0000000000000001
22:50:32.920,210,405,52,7,28,8.61,P8,0x0000000000000001
22:50:34.071,210,405,52,7,28,8.34,P8,0x0000000000000001
22:50:35.220,210,405,52,7,28,8.31,P8,0x0000000000000001
22:50:36.371,210,405,52,7,28,8.31,P8,0x0000000000000001
22:50:37.532,210,405,52,7,28,8.29,P8,0x0000000000000001
22:50:38.696,210,405,52,7,27,8.26,P8,0x0000000000000001
22:50:39.853,210,405,52,6,28,8.27,P8,0x0000000000000001
22:50:41.005,210,405,52,7,28,8.25,P8,0x0000000000000001
22:50:42.167,210,405,51,7,28,8.30,P8,0x0000000000000001
22:50:43.321,210,405,51,7,28,8.24,P8,0x0000000000000001
22:50:44.482,210,405,51,7,28,8.30,P8,0x0000000000000001
22:50:45.640,210,405,52,7,28,8.21,P8,0x0000000000000001
22:50:46.806,210,405,52,7,28,8.28,P8,0x0000000000000001
22:50:47.952,210,405,52,7,28,8.51,P8,0x0000000000000001
22:50:49.115,210,405,52,7,28,8.29,P8,0x0000000000000001
22:50:50.267,210,405,52,7,28,8.39,P8,0x0000000000000001
22:50:51.431,210,405,52,7,28,8.39,P8,0x0000000000000001
22:50:52.595,210,405,52,7,28,8.33,P8,0x0000000000000001
22:50:53.749,210,405,52,7,28,8.38,P8,0x0000000000000001
22:50:54.914,210,405,52,7,28,8.31,P8,0x0000000000000001
22:50:56.047,210,405,52,7,28,8.33,P8,0x0000000000000001
22:50:57.219,210,405,52,7,28,8.38,P8,0x0000000000000001
22:50:58.386,210,405,52,7,28,8.35,P8,0x0000000000000001
22:50:59.558,210,405,52,7,28,8.32,P8,0x0000000000000001
22:51:00.721,210,405,52,6,28,8.24,P8,0x0000000000000001
22:51:01.883,210,405,52,7,28,8.36,P8,0x0000000000000001
22:51:03.050,210,405,52,7,28,8.37,P8,0x0000000000000001
22:51:04.227,210,405,52,7,29,8.34,P8,0x0000000000000001
22:51:05.381,210,405,52,7,29,8.33,P8,0x0000000000000001
22:51:06.548,210,405,52,7,29,8.35,P8,0x0000000000000001
22:51:07.714,210,405,52,7,29,8.86,P8,0x0000000000000001
22:51:08.849,210,405,52,7,29,8.38,P8,0x0000000000000001
22:51:10.013,210,405,52,7,29,8.40,P8,0x0000000000000001
22:51:11.163,210,405,52,7,29,8.42,P8,0x0000000000000001
22:51:12.326,210,405,52,7,29,8.38,P8,0x0000000000000001
22:51:13.494,210,405,52,7,29,8.35,P8,0x0000000000000001
22:51:14.666,210,405,52,7,29,8.37,P8,0x0000000000000001
22:51:15.829,210,405,52,7,29,8.34,P8,0x0000000000000001
22:51:16.992,210,405,52,7,28,8.43,P8,0x0000000000000001
22:51:18.143,210,405,52,7,29,8.44,P8,0x0000000000000001
22:51:19.302,210,405,52,7,29,8.44,P8,0x0000000000000001
22:51:20.455,210,405,52,7,29,8.38,P8,0x0000000000000001
22:51:21.592,210,405,52,7,29,8.84,P8,0x0000000000000001
22:51:22.752,210,405,52,7,29,8.38,P8,0x0000000000000001
22:51:23.931,210,405,52,7,29,8.39,P8,0x0000000000000001
22:51:25.088,210,405,52,7,29,8.41,P8,0x0000000000000001
22:51:26.241,210,405,52,7,29,8.47,P8,0x0000000000000001
22:51:27.404,210,405,52,7,29,8.43,P8,0x0000000000000001
22:51:28.554,210,405,52,7,29,8.41,P8,0x0000000000000001
22:51:29.715,210,405,52,7,29,8.48,P8,0x0000000000000001
22:51:30.880,210,405,52,7,28,8.45,P8,0x0000000000000001
22:51:32.030,210,405,52,7,29,8.46,P8,0x0000000000000001
22:51:33.196,210,405,52,7,28,8.40,P8,0x0000000000000001
22:51:34.360,210,405,52,7,28,8.39,P8,0x0000000000000001
22:51:35.504,210,405,52,7,28,8.39,P8,0x0000000000000001
22:51:36.660,210,405,52,7,28,8.44,P8,0x0000000000000001
22:51:37.844,210,405,52,7,28,8.43,P8,0x0000000000000001
22:51:38.996,210,405,52,7,28,8.48,P8,0x0000000000000001
22:51:40.154,210,405,52,7,28,8.39,P8,0x0000000000000001
22:51:41.322,210,405,52,7,28,8.48,P8,0x0000000000000001
22:51:42.502,210,405,52,7,28,8.39,P8,0x0000000000000001
22:51:43.664,210,405,52,7,28,8.39,P8,0x0000000000000001
22:51:44.827,210,405,52,7,28,8.38,P8,0x0000000000000001
22:51:45.993,210,405,52,7,28,8.34,P8,0x0000000000000001
22:51:47.149,210,405,52,7,28,8.42,P8,0x0000000000000001
22:51:48.302,210,405,52,7,29,8.37,P8,0x0000000000000001
22:51:49.470,210,405,52,7,29,8.33,P8,0x0000000000000001
22:51:50.648,210,405,52,7,29,8.36,P8,0x0000000000000001
22:51:51.797,210,405,52,7,29,8.34,P8,0x0000000000000001
22:51:52.973,210,405,52,7,29,8.33,P8,0x0000000000000001
22:51:54.137,210,405,52,7,29,8.36,P8,0x0000000000000001
22:51:55.298,210,405,52,7,29,8.34,P8,0x0000000000000001
22:51:56.443,210,405,52,7,29,8.36,P8,0x0000000000000001
22:51:57.605,210,405,52,7,29,8.38,P8,0x0000000000000001
22:51:58.741,210,405,51,7,29,8.31,P8,0x0000000000000001
22:51:59.908,210,405,51,7,29,8.35,P8,0x0000000000000001
22:52:01.069,210,405,52,7,29,8.29,P8,0x0000000000000001
22:52:02.210,210,405,52,6,28,8.40,P8,0x0000000000000001
22:52:03.375,210,405,52,7,29,8.35,P8,0x0000000000000001
22:52:04.539,210,405,52,7,29,8.36,P8,0x0000000000000001
22:52:05.696,210,405,52,7,30,8.43,P8,0x0000000000000001
22:52:06.846,210,405,52,7,29,8.43,P8,0x0000000000000001
22:52:08.028,210,405,52,7,29,8.41,P8,0x0000000000000001
22:52:09.170,210,405,52,7,29,8.36,P8,0x0000000000000001
22:52:10.336,210,405,52,7,29,8.36,P8,0x0000000000000001
22:52:11.494,210,405,52,7,29,8.34,P8,0x0000000000000001
22:52:12.646,210,405,52,7,29,8.38,P8,0x0000000000000001
22:52:13.813,210,405,52,7,29,8.35,P8,0x0000000000000001
22:52:14.963,210,405,52,7,29,8.35,P8,0x0000000000000001
22:52:16.102,210,405,52,7,28,8.33,P8,0x0000000000000001
22:52:17.235,210,405,52,7,28,8.51,P8,0x0000000000000001
22:52:18.398,210,405,52,7,29,8.43,P8,0x0000000000000001
22:52:19.548,210,405,52,7,29,8.35,P8,0x0000000000000001
22:52:20.681,210,405,52,7,29,8.39,P8,0x0000000000000001
22:52:21.842,210,405,52,7,29,8.38,P8,0x0000000000000001
22:52:23.000,210,405,52,7,29,8.45,P8,0x0000000000000001
22:52:24.143,210,405,52,7,29,8.42,P8,0x0000000000000001
22:52:25.314,210,405,52,7,29,8.41,P8,0x0000000000000001
22:52:26.453,210,405,52,7,29,8.38,P8,0x0000000000000001
22:52:27.601,210,405,52,7,29,8.42,P8,0x0000000000000001
22:52:28.753,210,405,52,7,29,8.36,P8,0x0000000000000001
22:52:29.916,210,405,52,7,29,8.40,P8,0x0000000000000001
22:52:31.078,210,405,52,7,28,8.33,P8,0x0000000000000001
22:52:32.225,210,405,52,7,28,8.65,P8,0x0000000000000001
22:52:33.389,210,405,52,7,29,8.43,P8,0x0000000000000001
22:52:34.564,210,405,52,7,29,8.50,P8,0x0000000000000001
22:52:35.713,210,405,52,7,29,8.43,P8,0x0000000000000001
22:52:36.868,210,405,52,7,29,8.39,P8,0x0000000000000001
22:52:38.034,210,405,52,7,29,8.47,P8,0x0000000000000001
22:52:39.170,210,405,52,7,29,8.38,P8,0x0000000000000001
22:52:40.347,210,405,52,7,29,8.44,P8,0x0000000000000001
22:52:41.512,210,405,52,7,28,8.35,P8,0x0000000000000001
22:52:42.680,210,405,52,7,28,8.32,P8,0x0000000000000001
22:52:43.842,210,405,52,7,28,8.33,P8,0x0000000000000001
22:52:45.010,210,405,52,7,28,8.37,P8,0x0000000000000001
22:52:46.192,210,405,52,7,28,8.33,P8,0x0000000000000001
22:52:47.355,210,405,52,7,28,8.33,P8,0x0000000000000001
22:52:48.502,210,405,52,7,27,8.69,P8,0x0000000000000001
22:52:49.647,210,405,52,7,27,8.32,P8,0x0000000000000001
22:52:50.824,210,405,52,7,27,8.62,P8,0x0000000000000001
22:52:51.990,210,405,52,7,27,8.33,P8,0x0000000000000001
22:52:53.141,210,405,52,7,27,8.30,P8,0x0000000000000001
22:52:54.290,210,405,52,7,27,8.34,P8,0x0000000000000001
22:52:55.459,210,405,52,7,27,8.32,P8,0x0000000000000001
22:52:56.609,210,405,52,7,27,8.30,P8,0x0000000000000001
22:52:57.773,210,405,52,7,27,8.32,P8,0x0000000000000001
22:52:58.912,210,405,52,7,27,8.28,P8,0x0000000000000001
22:53:00.054,210,405,52,7,27,8.35,P8,0x0000000000000001
22:53:01.229,210,405,52,7,27,8.26,P8,0x0000000000000001
22:53:02.386,210,405,52,7,27,8.38,P8,0x0000000000000001
22:53:03.554,210,405,52,7,27,8.33,P8,0x0000000000000001
22:53:04.706,210,405,52,7,28,8.34,P8,0x0000000000000001
22:53:05.864,210,405,52,7,27,8.37,P8,0x0000000000000001
22:53:07.038,210,405,52,7,27,8.36,P8,0x0000000000000001
22:53:08.221,210,405,52,7,27,8.39,P8,0x0000000000000001
22:53:09.386,210,405,52,7,27,8.35,P8,0x0000000000000001
22:53:10.543,210,405,52,7,27,8.36,P8,0x0000000000000001
22:53:11.696,210,405,52,7,28,8.37,P8,0x0000000000000001
22:53:12.834,210,405,52,7,27,8.35,P8,0x0000000000000001
22:53:13.994,210,405,51,7,27,8.37,P8,0x0000000000000001
22:53:15.145,210,405,51,7,28,8.40,P8,0x0000000000000001
22:53:16.301,210,405,52,6,27,8.28,P8,0x0000000000000001
22:53:17.442,210,405,51,7,27,8.58,P8,0x0000000000000001
22:53:18.621,210,405,51,7,27,8.35,P8,0x0000000000000001
22:53:19.783,210,405,51,7,28,8.30,P8,0x0000000000000001
22:53:20.959,210,405,51,7,27,8.27,P8,0x0000000000000001
22:53:22.113,210,405,51,7,28,8.32,P8,0x0000000000000001
22:53:23.268,210,405,51,7,27,8.34,P8,0x0000000000000001
22:53:24.434,210,405,51,6,27,8.34,P8,0x0000000000000001
22:53:25.585,210,405,51,7,27,8.36,P8,0x0000000000000001
22:53:26.734,210,405,51,7,27,8.46,P8,0x0000000000000001
22:53:27.913,210,405,51,10,27,8.37,P8,0x0000000000000001
22:53:29.093,210,405,51,7,28,8.35,P8,0x0000000000000001
22:53:30.232,210,405,51,7,28,8.41,P8,0x0000000000000001
22:53:31.368,210,405,52,7,30,8.36,P8,0x0000000000000001
22:53:32.536,210,405,51,7,30,8.40,P8,0x0000000000000001
22:53:33.660,210,405,52,7,28,8.34,P8,0x0000000000000001
22:53:34.822,210,405,51,7,28,8.34,P8,0x0000000000000001
22:53:35.982,210,405,52,7,28,8.34,P8,0x0000000000000001
22:53:37.132,210,405,52,7,28,8.38,P8,0x0000000000000001
22:53:38.273,210,405,52,7,27,8.34,P8,0x0000000000000001
22:53:39.440,210,405,52,7,28,8.34,P8,0x0000000000000001
22:53:40.586,210,405,52,7,28,8.36,P8,0x0000000000000001
22:53:41.766,210,405,51,7,28,8.33,P8,0x0000000000000001
22:53:42.928,210,405,51,7,27,8.62,P8,0x0000000000000001
22:53:44.092,210,405,51,7,28,8.37,P8,0x0000000000000001
22:53:45.268,210,405,51,7,28,8.31,P8,0x0000000000000001
22:53:46.426,210,405,52,6,30,8.34,P8,0x0000000000000001
22:53:47.597,210,405,51,6,30,8.40,P8,0x0000000000000001
22:53:48.773,210,405,51,7,30,8.36,P8,0x0000000000000001
22:53:49.923,210,405,51,7,30,8.34,P8,0x0000000000000001
22:53:51.068,210,405,51,7,30,8.36,P8,0x0000000000000001
22:53:52.220,210,405,51,7,30,8.37,P8,0x0000000000000001
22:53:53.369,210,405,51,7,30,8.37,P8,0x0000000000000001
22:53:54.535,210,405,52,7,30,8.38,P8,0x0000000000000001
22:53:55.695,210,405,51,7,30,8.45,P8,0x0000000000000001
22:53:56.860,210,405,51,7,30,8.39,P8,0x0000000000000001
22:53:58.040,210,405,52,7,30,8.41,P8,0x0000000000000001
22:53:59.202,210,405,51,7,30,8.46,P8,0x0000000000000001
22:54:00.348,210,405,52,7,30,8.40,P8,0x0000000000000001
22:54:01.505,210,405,52,7,30,8.41,P8,0x0000000000000001
22:54:02.687,210,405,52,7,30,8.36,P8,0x0000000000000001
22:54:03.866,210,405,52,7,28,8.57,P8,0x0000000000000001
22:54:05.015,210,405,52,7,28,8.33,P8,0x0000000000000001
22:54:06.560,210,405,52,7,28,8.37,P8,0x0000000000000001
22:54:08.192,210,405,52,7,28,8.36,P8,0x0000000000000001
22:54:09.369,210,405,52,7,28,8.42,P8,0x0000000000000001
22:54:10.521,210,405,52,7,28,8.37,P8,0x0000000000000001
22:54:11.837,210,405,52,7,28,8.38,P8,0x0000000000000001
22:54:13.607,210,405,52,7,28,8.35,P8,0x0000000000000001
22:54:14.894,210,405,52,7,28,8.54,P8,0x0000000000000001
22:54:16.071,210,405,52,7,30,8.37,P8,0x0000000000000001
22:54:17.223,210,405,52,7,28,8.52,P8,0x0000000000000001
22:54:18.378,210,405,52,7,30,8.47,P8,0x0000000000000001
22:54:19.532,210,405,52,7,30,8.52,P8,0x0000000000000001
22:54:20.670,210,405,52,7,30,8.42,P8,0x0000000000000001
22:54:21.820,210,405,52,7,30,8.50,P8,0x0000000000000001
22:54:22.966,210,405,52,7,30,8.42,P8,0x0000000000000001
22:54:24.451,210,405,52,7,30,8.43,P8,0x0000000000000001
22:54:26.087,210,405,52,7,30,8.42,P8,0x0000000000000001
22:54:27.233,210,405,52,7,30,8.44,P8,0x0000000000000001
22:54:28.380,210,405,52,7,30,8.40,P8,0x0000000000000001
22:54:29.683,210,405,52,7,30,8.44,P8,0x0000000000000001
22:54:31.214,210,405,52,7,28,8.43,P8,0x0000000000000001
22:54:32.419,210,405,52,7,30,8.45,P8,0x0000000000000001
22:54:33.790,210,405,53,7,30,8.50,P8,0x0000000000000001
22:54:35.240,210,405,53,7,30,8.50,P8,0x0000000000000001
22:54:36.397,210,405,53,7,30,8.49,P8,0x0000000000000001
22:54:37.552,210,405,52,7,30,8.48,P8,0x0000000000000001
22:54:38.706,210,405,52,7,30,8.50,P8,0x0000000000000001
22:54:39.869,210,405,52,7,30,8.40,P8,0x0000000000000001
22:54:41.035,210,405,52,7,30,8.43,P8,0x0000000000000001
22:54:42.187,210,405,52,7,30,8.46,P8,0x0000000000000001
22:54:43.354,210,405,52,6,30,8.39,P8,0x0000000000000001
22:54:44.514,210,405,51,7,30,8.38,P8,0x0000000000000001
22:54:46.127,210,405,51,7,28,8.19,P8,0x0000000000000001
22:54:47.718,210,405,51,7,30,8.35,P8,0x0000000000000001
22:54:49.074,210,405,51,7,30,8.35,P8,0x0000000000000001
22:54:50.235,210,405,51,7,29,8.34,P8,0x0000000000000001
22:54:51.411,210,405,51,7,30,8.32,P8,0x0000000000000001
22:54:52.562,210,405,51,7,30,8.36,P8,0x0000000000000001
22:54:53.722,210,405,51,7,30,8.29,P8,0x0000000000000001
22:54:54.871,210,405,51,7,30,8.30,P8,0x0000000000000001
22:54:56.173,210,405,51,7,30,8.23,P8,0x0000000000000001
22:54:57.738,210,405,51,7,30,8.29,P8,0x0000000000000001
22:54:59.066,210,405,51,7,30,8.34,P8,0x0000000000000001
22:55:00.800,210,405,51,10,30,8.27,P8,0x0000000000000001
22:55:02.113,210,405,51,7,30,8.27,P8,0x0000000000000001
22:55:03.744,210,405,51,7,28,8.21,P8,0x0000000000000001
22:55:05.214,210,405,51,7,28,8.23,P8,0x0000000000000001
22:55:06.361,210,405,51,7,28,8.35,P8,0x0000000000000001
22:55:07.539,210,405,51,7,28,8.31,P8,0x0000000000000001
22:55:08.707,210,405,51,7,28,8.33,P8,0x0000000000000001
22:55:09.869,210,405,51,7,28,8.27,P8,0x0000000000000001
22:55:11.032,210,405,51,7,28,8.28,P8,0x0000000000000001
22:55:12.200,210,405,51,7,28,8.26,P8,0x0000000000000001
22:55:13.386,210,405,51,7,28,8.23,P8,0x0000000000000001
22:55:14.549,2115,8001,51,2,1,21.40,P0,0x0000000000000001
22:55:15.711,2115,8001,52,3,1,21.58,P0,0x0000000000000001
22:55:16.854,2115,8001,52,3,2,21.58,P0,0x0000000000000001
22:55:18.016,405,810,51,8,16,10.98,P5,0x0000000000000001
22:55:19.182,255,810,50,9,16,11.04,P5,0x0000000000000001
22:55:20.339,210,405,50,8,30,8.32,P8,0x0000000000000001
22:55:21.527,210,405,50,7,44,8.57,P8,0x0000000000000001
22:55:22.670,210,405,50,7,44,8.53,P8,0x0000000000000001
22:55:23.836,210,405,50,7,44,8.55,P8,0x0000000000000001
22:55:24.982,210,405,50,7,44,8.58,P8,0x0000000000000001
22:55:26.148,210,405,50,7,44,8.57,P8,0x0000000000000001
22:55:27.300,210,405,50,7,44,8.55,P8,0x0000000000000001
22:55:28.466,210,405,50,7,44,8.57,P8,0x0000000000000001
22:55:29.634,210,405,50,7,44,8.57,P8,0x0000000000000001
22:55:30.800,210,405,50,7,31,8.15,P8,0x0000000000000001
22:55:31.939,210,405,50,7,31,8.25,P8,0x0000000000000001
22:55:33.078,210,405,50,6,31,8.26,P8,0x0000000000000001
22:55:34.216,210,405,51,6,31,8.24,P8,0x0000000000000001
22:55:35.366,210,405,51,4,31,8.25,P8,0x0000000000000001
22:55:36.516,210,405,51,6,31,8.26,P8,0x0000000000000001
22:55:37.654,210,405,51,7,31,8.31,P8,0x0000000000000001
22:55:38.821,210,405,51,7,31,8.27,P8,0x0000000000000001
22:55:39.965,210,405,51,7,31,8.38,P8,0x0000000000000001
22:55:41.132,210,405,51,7,31,8.31,P8,0x0000000000000001
22:55:42.282,210,405,51,7,31,8.33,P8,0x0000000000000001
22:55:43.451,210,405,51,7,31,8.31,P8,0x0000000000000001
22:55:44.613,210,405,51,7,31,8.34,P8,0x0000000000000001
22:55:45.769,210,405,51,5,17,8.03,P8,0x0000000000000001
22:55:46.914,210,405,51,7,18,8.09,P8,0x0000000000000001
22:55:48.078,210,405,51,7,18,8.14,P8,0x0000000000000001
22:55:49.245,210,405,51,12,20,8.18,P8,0x0000000000000001
22:55:50.409,210,405,51,7,18,8.15,P8,0x0000000000000001
22:55:51.590,210,405,51,7,18,8.16,P8,0x0000000000000001
22:55:52.744,210,405,51,7,18,8.14,P8,0x0000000000000001
22:55:53.922,210,405,51,11,20,8.25,P8,0x0000000000000001
22:55:55.058,210,405,51,12,19,8.41,P8,0x0000000000000001
22:55:56.211,210,405,51,11,19,8.14,P8,0x0000000000000001
22:55:57.376,210,405,51,7,19,8.13,P8,0x0000000000000001
22:55:58.532,210,405,51,7,20,8.18,P8,0x0000000000000001
22:55:59.694,210,405,51,7,19,8.12,P8,0x0000000000000001
22:56:00.861,210,405,51,7,17,8.05,P8,0x0000000000000001
22:56:02.024,210,405,51,11,20,8.09,P8,0x0000000000000001
22:56:03.165,210,405,51,7,20,8.17,P8,0x0000000000000001
22:56:04.315,210,405,51,7,19,8.18,P8,0x0000000000000001
22:56:05.496,210,405,51,12,19,8.20,P8,0x0000000000000001
22:56:06.642,210,405,51,12,20,8.19,P8,0x0000000000000001
22:56:07.791,210,405,51,11,20,8.17,P8,0x0000000000000001
22:56:08.950,210,405,51,7,19,8.20,P8,0x0000000000000001
22:56:10.102,210,405,51,7,19,8.16,P8,0x0000000000000001
22:56:11.282,210,405,51,7,20,8.12,P8,0x0000000000000001
22:56:12.447,210,405,51,7,19,8.13,P8,0x0000000000000001
22:56:13.594,210,405,51,11,19,8.10,P8,0x0000000000000001
22:56:14.752,210,405,51,6,21,8.23,P8,0x0000000000000001
22:56:15.897,210,405,51,7,18,8.26,P8,0x0000000000000001
22:56:17.035,210,405,51,7,18,8.09,P8,0x0000000000000001
22:56:18.211,210,405,51,7,18,8.14,P8,0x0000000000000001
22:56:19.378,210,405,52,12,19,8.25,P8,0x0000000000000001
22:56:20.525,210,405,51,7,19,8.22,P8,0x0000000000000001
22:56:21.672,210,405,52,7,19,8.21,P8,0x0000000000000001
22:56:22.825,210,405,52,7,19,8.16,P8,0x0000000000000001
22:56:23.987,210,405,52,10,21,8.26,P8,0x0000000000000001
22:56:25.148,210,405,52,12,21,8.57,P8,0x0000000000000001
22:56:26.311,210,405,52,7,21,8.22,P8,0x0000000000000001
22:56:27.461,210,405,52,11,21,8.22,P8,0x0000000000000001
22:56:28.620,210,405,52,7,20,8.25,P8,0x0000000000000001
22:56:29.757,210,405,52,11,21,8.29,P8,0x0000000000000001
