ts,availMB,commitUsedMB,benchProcs,benchWsMB,benchPrivMB,detail
04:09:13,13486,22517,0,0,0,
04:09:23,12913,23325,2,567,796,gradle#1712:ws97/pv197|gradle#14316:ws470/pv599
04:09:34,12464,24774,3,760,2038,gradle#1712:ws98/pv196|gradle#14316:ws580/pv654|client#45576:ws82/pv1188
04:09:44,11263,25230,3,1726,2305,gradle#1712:ws99/pv197|gradle#14316:ws585/pv656|client#45576:ws1042/pv1452
04:09:55,11310,26113,4,2329,3165,gradle#1712:ws100/pv198|gradle#14316:ws585/pv657|client#45576:ws1554/pv1916|gradle#27500:ws90/pv394
04:10:05,10270,26877,4,3325,3877,gradle#1712:ws100/pv199|gradle#14316:ws581/pv652|client#45576:ws2140/pv2413|gradle#27500:ws504/pv613
04:10:16,9319,27725,4,4170,4704,gradle#1712:ws100/pv199|gradle#14316:ws581/pv652|client#45576:ws2786/pv3062|gradle#27500:ws703/pv791
04:10:26,8780,28300,4,4672,5201,gradle#1712:ws100/pv197|gradle#14316:ws581/pv652|client#45576:ws3344/pv3609|gradle#27500:ws647/pv743
04:10:37,8618,28475,4,4839,5356,gradle#1712:ws101/pv198|gradle#14316:ws597/pv668|client#45576:ws3490/pv3743|gradle#27500:ws651/pv747
04:10:47,8379,30515,4,5023,7342,gradle#1712:ws100/pv198|gradle#14316:ws582/pv653|client#45576:ws3687/pv5742|gradle#27500:ws654/pv749
04:10:58,8270,31391,4,5112,8214,gradle#1712:ws100/pv198|gradle#14316:ws603/pv676|client#45576:ws3755/pv6591|gradle#27500:ws654/pv749
04:11:08,8335,31368,4,5071,8213,gradle#1712:ws100/pv198|gradle#14316:ws582/pv653|client#45576:ws3735/pv6613|gradle#27500:ws654/pv749
04:11:19,8342,31344,4,5071,8197,gradle#1712:ws100/pv198|gradle#14316:ws582/pv653|client#45576:ws3763/pv6626|gradle#27500:ws626/pv720
04:11:29,8324,31353,4,5072,8200,gradle#1712:ws100/pv198|gradle#14316:ws582/pv653|client#45576:ws3764/pv6629|gradle#27500:ws626/pv720
04:11:40,8346,31314,4,5063,8173,gradle#1712:ws100/pv198|gradle#14316:ws582/pv653|client#45576:ws3764/pv6627|gradle#27500:ws617/pv695
04:11:50,8353,31309,4,5064,8147,gradle#1712:ws100/pv198|gradle#14316:ws582/pv653|client#45576:ws3765/pv6601|gradle#27500:ws617/pv695
04:12:01,8394,31313,4,4986,8104,gradle#1712:ws100/pv198|gradle#14316:ws582/pv653|client#45576:ws3686/pv6557|gradle#27500:ws618/pv696
04:12:11,8398,31279,4,5003,8118,gradle#1712:ws100/pv198|gradle#14316:ws582/pv653|client#45576:ws3696/pv6563|gradle#27500:ws625/pv704
04:12:22,8452,31238,4,5013,8128,gradle#1712:ws100/pv198|gradle#14316:ws583/pv654|client#45576:ws3705/pv6572|gradle#27500:ws625/pv704
04:12:32,8495,31100,4,5008,8001,gradle#1712:ws100/pv197|gradle#14316:ws580/pv651|client#45576:ws3703/pv6449|gradle#27500:ws625/pv704
04:12:42,8333,31169,4,5098,8030,gradle#1712:ws101/pv198|gradle#14316:ws588/pv659|client#45576:ws3784/pv6469|gradle#27500:ws625/pv704
04:12:53,8355,31119,4,5081,7982,gradle#1712:ws100/pv197|gradle#14316:ws588/pv659|client#45576:ws3768/pv6422|gradle#27500:ws625/pv704
04:13:03,8319,31150,4,5090,7990,gradle#1712:ws100/pv197|gradle#14316:ws597/pv668|client#45576:ws3767/pv6421|gradle#27500:ws626/pv704
04:13:14,8243,31236,4,5187,8090,gradle#1712:ws100/pv197|gradle#14316:ws597/pv668|client#45576:ws3864/pv6521|gradle#27500:ws626/pv704
04:13:24,8196,31257,4,5214,8115,gradle#1712:ws100/pv197|gradle#14316:ws597/pv668|client#45576:ws3891/pv6546|gradle#27500:ws626/pv704
04:13:35,8220,31247,4,5216,8107,gradle#1712:ws100/pv197|gradle#14316:ws602/pv673|client#45576:ws3888/pv6533|gradle#27500:ws626/pv704
04:13:45,7934,31966,4,5461,8769,gradle#1712:ws100/pv197|gradle#14316:ws602/pv673|client#45576:ws4133/pv7195|gradle#27500:ws626/pv704
04:13:56,7850,32034,4,5540,8849,gradle#1712:ws100/pv197|gradle#14316:ws602/pv673|client#45576:ws4212/pv7275|gradle#27500:ws626/pv704
04:14:06,7462,32077,4,5926,8827,gradle#1712:ws100/pv197|gradle#14316:ws604/pv675|client#45576:ws4596/pv7251|gradle#27500:ws626/pv704
04:14:17,7423,32059,4,5937,8836,gradle#1712:ws100/pv197|gradle#14316:ws604/pv675|client#45576:ws4607/pv7260|gradle#27500:ws626/pv704
04:14:27,7421,32235,4,5863,8963,gradle#1712:ws100/pv197|gradle#14316:ws605/pv676|client#45576:ws4532/pv7386|gradle#27500:ws626/pv704
04:14:38,7430,32205,4,5876,8938,gradle#1712:ws100/pv197|gradle#14316:ws605/pv676|client#45576:ws4545/pv7361|gradle#27500:ws626/pv704
04:14:48,7250,32537,4,5880,9036,gradle#1712:ws100/pv197|gradle#14316:ws605/pv676|client#45576:ws4549/pv7459|gradle#27500:ws626/pv704
04:14:59,7590,32385,4,5884,8936,gradle#1712:ws100/pv197|gradle#14316:ws605/pv676|client#45576:ws4552/pv7358|gradle#27500:ws627/pv705
04:15:09,7611,32274,4,5876,8853,gradle#1712:ws100/pv197|gradle#14316:ws605/pv676|client#45576:ws4544/pv7275|gradle#27500:ws627/pv705
04:15:20,7714,32125,4,5877,8854,gradle#1712:ws100/pv197|gradle#14316:ws605/pv676|client#45576:ws4545/pv7276|gradle#27500:ws627/pv705
04:15:30,7692,32148,4,5879,8856,gradle#1712:ws100/pv197|gradle#14316:ws605/pv676|client#45576:ws4547/pv7278|gradle#27500:ws627/pv705
04:15:41,7578,32278,4,5879,8856,gradle#1712:ws100/pv197|gradle#14316:ws605/pv676|client#45576:ws4547/pv7278|gradle#27500:ws627/pv705
04:15:51,7538,32360,4,5880,8857,gradle#1712:ws100/pv197|gradle#14316:ws606/pv677|client#45576:ws4547/pv7278|gradle#27500:ws627/pv705
04:16:02,7563,32322,4,5880,8857,gradle#1712:ws100/pv197|gradle#14316:ws606/pv677|client#45576:ws4547/pv7278|gradle#27500:ws627/pv705
04:16:12,7603,32235,4,5887,8864,gradle#1712:ws100/pv197|gradle#14316:ws606/pv677|client#45576:ws4554/pv7285|gradle#27500:ws627/pv705
04:16:22,7646,32198,4,5887,8864,gradle#1712:ws100/pv197|gradle#14316:ws606/pv677|client#45576:ws4554/pv7285|gradle#27500:ws627/pv705
04:16:33,7648,32186,4,5886,8863,gradle#1712:ws100/pv197|gradle#14316:ws606/pv677|client#45576:ws4553/pv7284|gradle#27500:ws627/pv705
04:16:43,6756,33097,4,6786,9755,gradle#1712:ws100/pv197|gradle#14316:ws606/pv677|client#45576:ws5453/pv8176|gradle#27500:ws627/pv705
04:16:53,6779,33090,4,6787,9756,gradle#1712:ws100/pv197|gradle#14316:ws606/pv677|client#45576:ws5454/pv8177|gradle#27500:ws627/pv705
04:17:04,6775,33071,4,6788,9757,gradle#1712:ws100/pv197|gradle#14316:ws606/pv677|client#45576:ws5454/pv8177|gradle#27500:ws628/pv706
04:17:14,6885,32918,4,6789,9758,gradle#1712:ws100/pv197|gradle#14316:ws606/pv677|client#45576:ws5455/pv8178|gradle#27500:ws628/pv706
04:17:25,6722,33096,4,6793,9760,gradle#1712:ws100/pv197|gradle#14316:ws609/pv679|client#45576:ws5456/pv8178|gradle#27500:ws628/pv706
04:17:35,6829,32990,4,6712,9681,gradle#1712:ws100/pv197|gradle#14316:ws609/pv679|client#45576:ws5369/pv8093|gradle#27500:ws634/pv712
04:17:46,6824,33010,4,6721,9691,gradle#1712:ws100/pv197|gradle#14316:ws609/pv679|client#45576:ws5378/pv8103|gradle#27500:ws634/pv712
04:17:56,6804,33228,4,6733,9898,gradle#1712:ws100/pv197|gradle#14316:ws609/pv679|client#45576:ws5390/pv8310|gradle#27500:ws634/pv712
04:18:06,6804,33140,4,6736,9794,gradle#1712:ws100/pv197|gradle#14316:ws609/pv679|client#45576:ws5393/pv8206|gradle#27500:ws634/pv712
04:18:17,6789,33037,4,6765,9730,gradle#1712:ws106/pv202|gradle#14316:ws609/pv679|client#45576:ws5416/pv8137|gradle#27500:ws634/pv712
04:18:27,6750,33045,4,6764,9729,gradle#1712:ws100/pv197|gradle#14316:ws609/pv679|client#45576:ws5421/pv8141|gradle#27500:ws634/pv712
04:18:37,6760,33080,4,6780,9746,gradle#1712:ws100/pv197|gradle#14316:ws609/pv679|client#45576:ws5423/pv8143|gradle#27500:ws648/pv727
04:18:48,6781,33046,4,6751,9716,gradle#1712:ws100/pv197|gradle#14316:ws609/pv679|client#45576:ws5424/pv8144|gradle#27500:ws618/pv696
04:18:58,6758,33049,4,6755,9719,gradle#1712:ws100/pv197|gradle#14316:ws609/pv679|client#45576:ws5426/pv8145|gradle#27500:ws620/pv698
04:19:09,6746,33084,4,6775,9740,gradle#1712:ws100/pv197|gradle#14316:ws609/pv679|client#45576:ws5446/pv8166|gradle#27500:ws620/pv698
04:19:19,6729,33098,4,6774,9738,gradle#1712:ws100/pv197|gradle#14316:ws609/pv679|client#45576:ws5440/pv8159|gradle#27500:ws625/pv703
04:19:29,6739,33067,4,6774,9738,gradle#1712:ws100/pv197|gradle#14316:ws609/pv679|client#45576:ws5440/pv8159|gradle#27500:ws625/pv703
04:19:40,6744,33051,4,6775,9722,gradle#1712:ws100/pv197|gradle#14316:ws609/pv679|client#45576:ws5441/pv8143|gradle#27500:ws625/pv703
04:19:50,6748,33061,4,6775,9722,gradle#1712:ws100/pv197|gradle#14316:ws609/pv679|client#45576:ws5441/pv8143|gradle#27500:ws625/pv703
04:20:01,7069,32733,4,6431,9377,gradle#1712:ws100/pv197|gradle#14316:ws609/pv679|client#45576:ws5097/pv7798|gradle#27500:ws625/pv703
04:20:11,7231,32544,4,6431,9378,gradle#1712:ws100/pv197|gradle#14316:ws609/pv679|client#45576:ws5097/pv7799|gradle#27500:ws625/pv703
04:20:22,7219,32552,4,6432,9378,gradle#1712:ws100/pv197|gradle#14316:ws609/pv679|client#45576:ws5098/pv7799|gradle#27500:ws625/pv703
04:20:32,7005,32784,4,6432,9378,gradle#1712:ws100/pv197|gradle#14316:ws609/pv679|client#45576:ws5098/pv7799|gradle#27500:ws625/pv703
04:20:42,7050,32736,4,6432,9378,gradle#1712:ws100/pv197|gradle#14316:ws609/pv679|client#45576:ws5098/pv7799|gradle#27500:ws625/pv703
04:20:53,7056,32730,4,6434,9379,gradle#1712:ws100/pv197|gradle#14316:ws609/pv679|client#45576:ws5099/pv7800|gradle#27500:ws626/pv703
04:21:03,7074,32725,4,6434,9379,gradle#1712:ws100/pv197|gradle#14316:ws609/pv679|client#45576:ws5099/pv7800|gradle#27500:ws626/pv703
04:21:14,7191,32561,4,6433,9379,gradle#1712:ws100/pv197|gradle#14316:ws609/pv679|client#45576:ws5099/pv7800|gradle#27500:ws625/pv703
04:21:24,7228,32516,4,6433,9379,gradle#1712:ws100/pv197|gradle#14316:ws609/pv679|client#45576:ws5099/pv7800|gradle#27500:ws625/pv703
04:21:34,7178,32577,4,6317,9262,gradle#1712:ws100/pv197|gradle#14316:ws609/pv679|client#45576:ws4983/pv7683|gradle#27500:ws625/pv703
04:21:45,7185,32609,4,6317,9263,gradle#1712:ws100/pv197|gradle#14316:ws609/pv679|client#45576:ws4983/pv7684|gradle#27500:ws625/pv703
04:21:55,7191,32585,4,6317,9263,gradle#1712:ws100/pv197|gradle#14316:ws609/pv679|client#45576:ws4983/pv7684|gradle#27500:ws625/pv703
04:22:06,7193,32583,4,6317,9263,gradle#1712:ws100/pv197|gradle#14316:ws609/pv679|client#45576:ws4983/pv7684|gradle#27500:ws625/pv703
04:22:16,7393,32358,4,6249,9193,gradle#1712:ws100/pv197|gradle#14316:ws609/pv679|client#45576:ws4914/pv7614|gradle#27500:ws626/pv703
04:22:27,7184,32586,4,6250,9194,gradle#1712:ws100/pv197|gradle#14316:ws609/pv679|client#45576:ws4915/pv7615|gradle#27500:ws626/pv703
04:22:37,7221,32543,4,6250,9194,gradle#1712:ws100/pv197|gradle#14316:ws609/pv679|client#45576:ws4915/pv7615|gradle#27500:ws626/pv703
04:22:47,7202,32575,4,6251,9195,gradle#1712:ws100/pv197|gradle#14316:ws609/pv679|client#45576:ws4916/pv7616|gradle#27500:ws626/pv703
04:22:58,7160,32564,4,6295,9235,gradle#1712:ws100/pv197|gradle#14316:ws609/pv679|client#45576:ws4960/pv7656|gradle#27500:ws626/pv703
04:23:08,7182,32530,4,6272,9213,gradle#1712:ws100/pv197|gradle#14316:ws609/pv679|client#45576:ws4937/pv7634|gradle#27500:ws626/pv703
04:23:19,7331,32356,4,6273,9213,gradle#1712:ws100/pv197|gradle#14316:ws609/pv679|client#45576:ws4938/pv7634|gradle#27500:ws626/pv703
04:23:29,7306,32418,4,6225,9165,gradle#1712:ws100/pv197|gradle#14316:ws609/pv679|client#45576:ws4890/pv7586|gradle#27500:ws626/pv703
04:23:40,7353,32481,4,6224,9165,gradle#1712:ws100/pv197|gradle#14316:ws608/pv679|client#45576:ws4890/pv7586|gradle#27500:ws626/pv703
04:23:50,7235,32483,4,6225,9165,gradle#1712:ws100/pv197|gradle#14316:ws609/pv679|client#45576:ws4890/pv7586|gradle#27500:ws626/pv703
04:24:01,7232,32493,4,6225,9165,gradle#1712:ws100/pv197|gradle#14316:ws609/pv679|client#45576:ws4890/pv7586|gradle#27500:ws626/pv703
04:24:11,7222,32504,4,6225,9165,gradle#1712:ws100/pv197|gradle#14316:ws609/pv679|client#45576:ws4890/pv7586|gradle#27500:ws626/pv703
04:24:22,7242,32459,4,6225,9165,gradle#1712:ws100/pv197|gradle#14316:ws609/pv679|client#45576:ws4890/pv7586|gradle#27500:ws626/pv703
04:24:32,7260,32429,4,6177,9117,gradle#1712:ws100/pv197|gradle#14316:ws608/pv679|client#45576:ws4843/pv7538|gradle#27500:ws626/pv703
04:24:43,7236,32470,4,6177,9117,gradle#1712:ws100/pv197|gradle#14316:ws608/pv679|client#45576:ws4843/pv7538|gradle#27500:ws626/pv703
04:24:53,7243,32451,4,6177,9117,gradle#1712:ws100/pv197|gradle#14316:ws608/pv679|client#45576:ws4843/pv7538|gradle#27500:ws626/pv703
04:25:04,7247,32444,4,6178,9117,gradle#1712:ws100/pv197|gradle#14316:ws609/pv679|client#45576:ws4843/pv7538|gradle#27500:ws626/pv703
04:25:14,7385,32286,4,6178,9117,gradle#1712:ws100/pv197|gradle#14316:ws609/pv679|client#45576:ws4843/pv7538|gradle#27500:ws626/pv703
04:25:25,7385,32291,4,6178,9117,gradle#1712:ws100/pv197|gradle#14316:ws609/pv679|client#45576:ws4843/pv7538|gradle#27500:ws626/pv703
04:25:35,7287,32389,4,6121,9060,gradle#1712:ws100/pv197|gradle#14316:ws608/pv679|client#45576:ws4787/pv7481|gradle#27500:ws626/pv703
04:25:46,7270,32413,4,6121,9060,gradle#1712:ws100/pv197|gradle#14316:ws608/pv679|client#45576:ws4787/pv7481|gradle#27500:ws626/pv703
04:25:56,7285,32410,4,6122,9060,gradle#1712:ws100/pv197|gradle#14316:ws608/pv679|client#45576:ws4787/pv7481|gradle#27500:ws627/pv703
04:26:07,7318,32363,4,6122,9060,gradle#1712:ws100/pv197|gradle#14316:ws608/pv679|client#45576:ws4787/pv7481|gradle#27500:ws627/pv703
04:26:17,7456,32195,4,6122,9060,gradle#1712:ws100/pv197|gradle#14316:ws608/pv679|client#45576:ws4787/pv7481|gradle#27500:ws627/pv703
04:26:28,7451,32209,4,6122,9060,gradle#1712:ws100/pv197|gradle#14316:ws608/pv679|client#45576:ws4787/pv7481|gradle#27500:ws627/pv703
04:26:38,7286,32389,4,6075,9012,gradle#1712:ws100/pv197|gradle#14316:ws608/pv679|client#45576:ws4740/pv7433|gradle#27500:ws627/pv703
04:26:49,7319,32346,4,6075,9012,gradle#1712:ws100/pv197|gradle#14316:ws608/pv679|client#45576:ws4740/pv7433|gradle#27500:ws627/pv703
04:26:59,7305,32363,4,6075,9012,gradle#1712:ws100/pv197|gradle#14316:ws608/pv679|client#45576:ws4740/pv7433|gradle#27500:ws627/pv703
04:27:09,7353,32354,4,6075,9012,gradle#1712:ws100/pv197|gradle#14316:ws608/pv679|client#45576:ws4740/pv7433|gradle#27500:ws627/pv703
04:27:20,7396,32301,4,6075,9012,gradle#1712:ws100/pv197|gradle#14316:ws608/pv679|client#45576:ws4740/pv7433|gradle#27500:ws627/pv703
04:27:30,7380,32319,4,6075,9012,gradle#1712:ws100/pv197|gradle#14316:ws608/pv679|client#45576:ws4740/pv7433|gradle#27500:ws627/pv703
04:27:40,7402,32315,4,6040,8976,gradle#1712:ws100/pv197|gradle#14316:ws608/pv679|client#45576:ws4705/pv7397|gradle#27500:ws627/pv703
04:27:51,7393,32316,4,6041,8978,gradle#1712:ws101/pv198|gradle#14316:ws608/pv679|client#45576:ws4705/pv7397|gradle#27500:ws627/pv704
04:28:01,7396,32315,4,6041,8978,gradle#1712:ws101/pv198|gradle#14316:ws608/pv679|client#45576:ws4705/pv7397|gradle#27500:ws627/pv704
04:28:12,7519,32158,4,6041,8978,gradle#1712:ws101/pv198|gradle#14316:ws608/pv679|client#45576:ws4705/pv7397|gradle#27500:ws627/pv704
04:28:22,7531,32164,4,6042,8978,gradle#1712:ws101/pv198|gradle#14316:ws609/pv679|client#45576:ws4705/pv7397|gradle#27500:ws627/pv704
04:28:33,7549,32131,4,6041,8978,gradle#1712:ws101/pv198|gradle#14316:ws608/pv679|client#45576:ws4705/pv7397|gradle#27500:ws627/pv704
04:28:43,7368,32316,4,6029,8966,gradle#1712:ws101/pv198|gradle#14316:ws608/pv679|client#45576:ws4693/pv7385|gradle#27500:ws627/pv704
04:28:53,7374,32329,4,6029,8966,gradle#1712:ws101/pv198|gradle#14316:ws608/pv679|client#45576:ws4693/pv7385|gradle#27500:ws627/pv704
04:29:04,7382,32335,4,6029,8966,gradle#1712:ws101/pv198|gradle#14316:ws608/pv679|client#45576:ws4693/pv7385|gradle#27500:ws627/pv704
04:29:14,7475,32221,4,6030,8966,gradle#1712:ws101/pv198|gradle#14316:ws608/pv679|client#45576:ws4693/pv7385|gradle#27500:ws628/pv704
04:29:25,7377,32309,4,6031,8966,gradle#1712:ws101/pv198|gradle#14316:ws609/pv679|client#45576:ws4693/pv7385|gradle#27500:ws628/pv704
04:29:35,7408,32304,4,6031,8966,gradle#1712:ws101/pv198|gradle#14316:ws609/pv679|client#45576:ws4693/pv7385|gradle#27500:ws628/pv704
04:29:46,7443,32264,4,6002,8937,gradle#1712:ws101/pv198|gradle#14316:ws609/pv679|client#45576:ws4664/pv7356|gradle#27500:ws628/pv704
04:29:56,7433,32280,4,6007,8943,gradle#1712:ws101/pv198|gradle#14316:ws609/pv679|client#45576:ws4664/pv7356|gradle#27500:ws633/pv710
04:30:06,7427,32290,4,6007,8943,gradle#1712:ws101/pv198|gradle#14316:ws609/pv679|client#45576:ws4664/pv7356|gradle#27500:ws633/pv710
04:30:17,7384,32317,4,6007,8943,gradle#1712:ws101/pv198|gradle#14316:ws609/pv679|client#45576:ws4664/pv7356|gradle#27500:ws633/pv710
04:30:27,7431,32259,4,6007,8943,gradle#1712:ws101/pv198|gradle#14316:ws609/pv679|client#45576:ws4664/pv7356|gradle#27500:ws633/pv710
04:30:38,7441,32256,4,5994,8930,gradle#1712:ws101/pv198|gradle#14316:ws609/pv679|client#45576:ws4651/pv7343|gradle#27500:ws633/pv710
04:30:48,7435,32282,4,5994,8930,gradle#1712:ws101/pv198|gradle#14316:ws609/pv679|client#45576:ws4651/pv7343|gradle#27500:ws633/pv710
04:30:58,7446,32257,4,5996,8930,gradle#1712:ws101/pv198|gradle#14316:ws609/pv679|client#45576:ws4652/pv7343|gradle#27500:ws634/pv710
04:31:09,7446,32241,4,5996,8930,gradle#1712:ws101/pv198|gradle#14316:ws609/pv679|client#45576:ws4652/pv7343|gradle#27500:ws634/pv710
04:31:19,7588,32082,4,5996,8930,gradle#1712:ws101/pv198|gradle#14316:ws609/pv679|client#45576:ws4652/pv7343|gradle#27500:ws634/pv710
04:31:30,7590,32074,4,5996,8930,gradle#1712:ws101/pv198|gradle#14316:ws609/pv679|client#45576:ws4652/pv7343|gradle#27500:ws634/pv710
04:31:40,7444,32227,4,5981,8916,gradle#1712:ws101/pv198|gradle#14316:ws609/pv679|client#45576:ws4637/pv7329|gradle#27500:ws634/pv710
04:31:51,7431,32260,4,5981,8916,gradle#1712:ws101/pv198|gradle#14316:ws609/pv679|client#45576:ws4637/pv7329|gradle#27500:ws634/pv710
04:32:01,7427,32278,4,5982,8916,gradle#1712:ws101/pv198|gradle#14316:ws609/pv679|client#45576:ws4638/pv7329|gradle#27500:ws634/pv710
04:32:11,7449,32235,4,5982,8916,gradle#1712:ws101/pv198|gradle#14316:ws609/pv679|client#45576:ws4638/pv7329|gradle#27500:ws634/pv710
04:32:22,7599,32042,4,5981,8916,gradle#1712:ws101/pv198|gradle#14316:ws609/pv679|client#45576:ws4637/pv7329|gradle#27500:ws634/pv710
04:32:32,7424,32226,4,5967,8901,gradle#1712:ws101/pv198|gradle#14316:ws609/pv679|client#45576:ws4623/pv7314|gradle#27500:ws634/pv710
04:32:43,7420,32264,4,5967,8901,gradle#1712:ws101/pv198|gradle#14316:ws609/pv679|client#45576:ws4623/pv7314|gradle#27500:ws634/pv710
04:32:53,7432,32235,4,5967,8902,gradle#1712:ws101/pv198|gradle#14316:ws609/pv679|client#45576:ws4623/pv7315|gradle#27500:ws634/pv710
04:33:04,7451,32217,4,5967,8902,gradle#1712:ws101/pv198|gradle#14316:ws609/pv679|client#45576:ws4623/pv7315|gradle#27500:ws634/pv710
04:33:14,7421,32239,4,5967,8902,gradle#1712:ws101/pv198|gradle#14316:ws609/pv679|client#45576:ws4623/pv7315|gradle#27500:ws634/pv710
04:33:24,7554,32081,4,5967,8902,gradle#1712:ws101/pv198|gradle#14316:ws609/pv679|client#45576:ws4623/pv7315|gradle#27500:ws634/pv710
04:33:35,7390,32259,4,5955,8889,gradle#1712:ws101/pv198|gradle#14316:ws609/pv679|client#45576:ws4611/pv7302|gradle#27500:ws634/pv710
04:33:45,7358,32308,4,5955,8889,gradle#1712:ws101/pv198|gradle#14316:ws609/pv679|client#45576:ws4611/pv7302|gradle#27500:ws634/pv710
04:33:56,7360,32326,4,5955,8889,gradle#1712:ws101/pv198|gradle#14316:ws609/pv679|client#45576:ws4611/pv7302|gradle#27500:ws634/pv710
04:34:06,7378,32289,4,5955,8889,gradle#1712:ws101/pv198|gradle#14316:ws609/pv679|client#45576:ws4611/pv7302|gradle#27500:ws634/pv710
04:34:17,7414,32228,4,5955,8889,gradle#1712:ws101/pv198|gradle#14316:ws609/pv679|client#45576:ws4611/pv7302|gradle#27500:ws634/pv710
04:34:27,7378,32242,4,5955,8889,gradle#1712:ws101/pv198|gradle#14316:ws609/pv679|client#45576:ws4611/pv7302|gradle#27500:ws634/pv710
04:34:38,7337,32327,4,5940,8875,gradle#1712:ws101/pv198|gradle#14316:ws609/pv679|client#45576:ws4596/pv7288|gradle#27500:ws634/pv710
04:34:48,7323,32356,4,5941,8875,gradle#1712:ws101/pv198|gradle#14316:ws609/pv679|client#45576:ws4597/pv7288|gradle#27500:ws634/pv710
04:34:59,7303,32390,4,5941,8875,gradle#1712:ws101/pv198|gradle#14316:ws609/pv679|client#45576:ws4597/pv7288|gradle#27500:ws634/pv710
04:35:09,7309,32388,4,5941,8875,gradle#1712:ws101/pv198|gradle#14316:ws609/pv679|client#45576:ws4597/pv7288|gradle#27500:ws634/pv710
04:35:20,7323,32354,4,5941,8874,gradle#1712:ws101/pv198|gradle#14316:ws609/pv679|client#45576:ws4597/pv7287|gradle#27500:ws634/pv710
04:35:30,7312,32377,4,5941,8874,gradle#1712:ws101/pv198|gradle#14316:ws609/pv679|client#45576:ws4597/pv7287|gradle#27500:ws634/pv710
04:35:41,7298,32354,4,5941,8874,gradle#1712:ws101/pv198|gradle#14316:ws609/pv679|client#45576:ws4597/pv7287|gradle#27500:ws634/pv710
04:35:51,7267,32368,4,5942,8875,gradle#1712:ws101/pv198|gradle#14316:ws609/pv679|client#45576:ws4597/pv7287|gradle#27500:ws635/pv711
04:36:01,7259,32372,4,5942,8876,gradle#1712:ws101/pv198|gradle#14316:ws609/pv679|client#45576:ws4597/pv7288|gradle#27500:ws635/pv711
04:36:12,7267,32335,4,5942,8876,gradle#1712:ws101/pv198|gradle#14316:ws609/pv679|client#45576:ws4597/pv7288|gradle#27500:ws635/pv711
04:36:22,7402,32177,4,5942,8875,gradle#1712:ws101/pv198|gradle#14316:ws609/pv679|client#45576:ws4597/pv7287|gradle#27500:ws635/pv711
04:36:33,7396,32191,4,5942,8875,gradle#1712:ws101/pv198|gradle#14316:ws609/pv679|client#45576:ws4597/pv7287|gradle#27500:ws635/pv711
04:36:43,7090,32553,4,5942,8875,gradle#1712:ws101/pv198|gradle#14316:ws609/pv679|client#45576:ws4597/pv7287|gradle#27500:ws635/pv711
04:36:54,7246,32370,4,5942,8875,gradle#1712:ws101/pv198|gradle#14316:ws609/pv679|client#45576:ws4597/pv7287|gradle#27500:ws635/pv711
04:37:04,7236,32380,4,5944,8878,gradle#1712:ws101/pv198|gradle#14316:ws609/pv679|client#45576:ws4597/pv7287|gradle#27500:ws637/pv714
04:37:15,7285,32321,4,5944,8878,gradle#1712:ws101/pv198|gradle#14316:ws609/pv679|client#45576:ws4597/pv7287|gradle#27500:ws637/pv714
04:37:25,7289,32297,4,5944,8878,gradle#1712:ws101/pv198|gradle#14316:ws609/pv679|client#45576:ws4597/pv7287|gradle#27500:ws637/pv714
04:37:36,7306,32295,4,5944,8878,gradle#1712:ws101/pv198|gradle#14316:ws609/pv679|client#45576:ws4597/pv7287|gradle#27500:ws637/pv714
04:37:46,7274,32344,4,5944,8878,gradle#1712:ws101/pv198|gradle#14316:ws609/pv679|client#45576:ws4597/pv7287|gradle#27500:ws637/pv714
04:37:57,7285,32322,4,5944,8878,gradle#1712:ws101/pv198|gradle#14316:ws609/pv679|client#45576:ws4597/pv7287|gradle#27500:ws637/pv714
04:38:07,7286,32322,4,5944,8878,gradle#1712:ws101/pv198|gradle#14316:ws609/pv679|client#45576:ws4597/pv7287|gradle#27500:ws637/pv714
04:38:17,7286,32320,4,5944,8878,gradle#1712:ws101/pv198|gradle#14316:ws609/pv679|client#45576:ws4597/pv7287|gradle#27500:ws637/pv714
04:38:28,7404,32191,4,5944,8878,gradle#1712:ws101/pv198|gradle#14316:ws609/pv679|client#45576:ws4597/pv7287|gradle#27500:ws637/pv714
04:38:38,7236,32348,4,5944,8878,gradle#1712:ws101/pv198|gradle#14316:ws609/pv679|client#45576:ws4597/pv7287|gradle#27500:ws637/pv714
04:38:49,7239,32355,4,5944,8878,gradle#1712:ws101/pv198|gradle#14316:ws609/pv679|client#45576:ws4597/pv7287|gradle#27500:ws637/pv714
04:38:59,7251,32373,4,5944,8878,gradle#1712:ws101/pv198|gradle#14316:ws609/pv679|client#45576:ws4597/pv7287|gradle#27500:ws637/pv714
04:39:09,7258,32341,4,5944,8878,gradle#1712:ws101/pv198|gradle#14316:ws609/pv679|client#45576:ws4597/pv7287|gradle#27500:ws637/pv714
04:39:20,7298,32302,4,5944,8878,gradle#1712:ws101/pv198|gradle#14316:ws609/pv679|client#45576:ws4597/pv7287|gradle#27500:ws637/pv714
04:39:30,7294,32315,4,5944,8878,gradle#1712:ws101/pv198|gradle#14316:ws609/pv679|client#45576:ws4597/pv7287|gradle#27500:ws637/pv714
04:39:41,7284,32331,4,5944,8878,gradle#1712:ws101/pv198|gradle#14316:ws609/pv679|client#45576:ws4597/pv7287|gradle#27500:ws637/pv714
04:39:51,7273,32340,4,5944,8878,gradle#1712:ws101/pv198|gradle#14316:ws609/pv679|client#45576:ws4597/pv7287|gradle#27500:ws637/pv714
04:40:02,7271,32343,4,5944,8878,gradle#1712:ws101/pv198|gradle#14316:ws609/pv679|client#45576:ws4597/pv7287|gradle#27500:ws637/pv714
04:40:12,7282,32317,4,5944,8878,gradle#1712:ws101/pv198|gradle#14316:ws609/pv679|client#45576:ws4597/pv7287|gradle#27500:ws637/pv714
04:40:22,7294,32331,4,5944,8878,gradle#1712:ws101/pv198|gradle#14316:ws609/pv679|client#45576:ws4597/pv7287|gradle#27500:ws637/pv714
04:40:33,7306,32302,4,5944,8878,gradle#1712:ws101/pv198|gradle#14316:ws609/pv679|client#45576:ws4597/pv7287|gradle#27500:ws637/pv714
04:40:43,7273,32356,4,5944,8878,gradle#1712:ws101/pv198|gradle#14316:ws609/pv679|client#45576:ws4597/pv7287|gradle#27500:ws637/pv714
04:40:54,7270,32362,4,5944,8878,gradle#1712:ws101/pv198|gradle#14316:ws609/pv679|client#45576:ws4597/pv7287|gradle#27500:ws637/pv714
04:41:04,7281,32347,4,5944,8878,gradle#1712:ws101/pv198|gradle#14316:ws609/pv679|client#45576:ws4597/pv7287|gradle#27500:ws637/pv714
04:41:15,7278,32315,4,5944,8878,gradle#1712:ws101/pv198|gradle#14316:ws609/pv679|client#45576:ws4597/pv7287|gradle#27500:ws637/pv714
04:41:25,7265,32343,4,5944,8878,gradle#1712:ws101/pv198|gradle#14316:ws609/pv679|client#45576:ws4597/pv7287|gradle#27500:ws637/pv714
04:41:35,7304,32306,4,5944,8878,gradle#1712:ws101/pv198|gradle#14316:ws609/pv679|client#45576:ws4597/pv7287|gradle#27500:ws637/pv714
04:41:46,7285,32338,4,5944,8878,gradle#1712:ws101/pv198|gradle#14316:ws609/pv679|client#45576:ws4597/pv7287|gradle#27500:ws637/pv714
04:41:56,7290,32342,4,5944,8878,gradle#1712:ws101/pv198|gradle#14316:ws609/pv679|client#45576:ws4597/pv7287|gradle#27500:ws637/pv714
04:42:07,7279,32352,4,5944,8878,gradle#1712:ws101/pv198|gradle#14316:ws609/pv679|client#45576:ws4597/pv7287|gradle#27500:ws637/pv714
04:42:17,7302,32305,4,5944,8878,gradle#1712:ws101/pv198|gradle#14316:ws609/pv679|client#45576:ws4597/pv7287|gradle#27500:ws637/pv714
04:42:28,7288,32315,4,5944,8878,gradle#1712:ws101/pv198|gradle#14316:ws609/pv679|client#45576:ws4597/pv7287|gradle#27500:ws637/pv714
04:42:38,7293,32323,4,5944,8878,gradle#1712:ws101/pv198|gradle#14316:ws609/pv679|client#45576:ws4597/pv7287|gradle#27500:ws637/pv714
04:42:48,7259,32366,4,5944,8878,gradle#1712:ws101/pv198|gradle#14316:ws609/pv679|client#45576:ws4597/pv7287|gradle#27500:ws637/pv714
04:42:59,7260,32362,4,5944,8878,gradle#1712:ws101/pv198|gradle#14316:ws609/pv679|client#45576:ws4597/pv7287|gradle#27500:ws637/pv714
04:43:09,7246,32376,4,5944,8878,gradle#1712:ws101/pv198|gradle#14316:ws609/pv679|client#45576:ws4597/pv7287|gradle#27500:ws637/pv714
04:43:20,7266,32354,4,5944,8878,gradle#1712:ws101/pv198|gradle#14316:ws609/pv679|client#45576:ws4597/pv7287|gradle#27500:ws637/pv714
04:43:30,7288,32313,4,5944,8878,gradle#1712:ws101/pv198|gradle#14316:ws609/pv679|client#45576:ws4597/pv7287|gradle#27500:ws637/pv714
04:43:41,7275,32333,4,5944,8878,gradle#1712:ws101/pv198|gradle#14316:ws609/pv679|client#45576:ws4597/pv7287|gradle#27500:ws637/pv714
04:43:51,7267,32360,4,5944,8878,gradle#1712:ws101/pv198|gradle#14316:ws609/pv679|client#45576:ws4597/pv7287|gradle#27500:ws637/pv714
04:44:01,7282,32329,4,5944,8878,gradle#1712:ws101/pv198|gradle#14316:ws609/pv679|client#45576:ws4597/pv7287|gradle#27500:ws637/pv714
04:44:12,7293,32302,4,5945,8878,gradle#1712:ws101/pv198|gradle#14316:ws609/pv679|client#45576:ws4597/pv7287|gradle#27500:ws638/pv714
04:44:22,7297,32309,4,5945,8878,gradle#1712:ws101/pv198|gradle#14316:ws609/pv679|client#45576:ws4597/pv7287|gradle#27500:ws638/pv714
04:44:33,7252,32360,4,5945,8878,gradle#1712:ws101/pv198|gradle#14316:ws609/pv679|client#45576:ws4597/pv7287|gradle#27500:ws638/pv714
04:44:43,7245,32368,4,5945,8878,gradle#1712:ws101/pv198|gradle#14316:ws609/pv679|client#45576:ws4597/pv7287|gradle#27500:ws638/pv714
04:44:54,7248,32405,4,5945,8878,gradle#1712:ws101/pv198|gradle#14316:ws609/pv679|client#45576:ws4597/pv7287|gradle#27500:ws638/pv714
04:45:04,7238,32383,4,5945,8878,gradle#1712:ws101/pv198|gradle#14316:ws609/pv679|client#45576:ws4597/pv7287|gradle#27500:ws638/pv714
04:45:15,7258,32338,4,5945,8878,gradle#1712:ws101/pv198|gradle#14316:ws609/pv679|client#45576:ws4597/pv7287|gradle#27500:ws638/pv714
04:45:25,7244,32342,4,5945,8878,gradle#1712:ws101/pv198|gradle#14316:ws609/pv679|client#45576:ws4597/pv7287|gradle#27500:ws638/pv714
04:45:35,7283,32325,4,5945,8878,gradle#1712:ws101/pv198|gradle#14316:ws609/pv679|client#45576:ws4597/pv7287|gradle#27500:ws638/pv714
04:45:46,7274,32336,4,5945,8878,gradle#1712:ws101/pv198|gradle#14316:ws609/pv679|client#45576:ws4597/pv7287|gradle#27500:ws638/pv714
04:45:56,7277,32337,4,5945,8878,gradle#1712:ws101/pv198|gradle#14316:ws609/pv679|client#45576:ws4597/pv7287|gradle#27500:ws638/pv714
04:46:07,7269,32335,4,5945,8878,gradle#1712:ws101/pv198|gradle#14316:ws609/pv679|client#45576:ws4597/pv7287|gradle#27500:ws638/pv714
04:46:17,7231,32347,4,5945,8878,gradle#1712:ws101/pv198|gradle#14316:ws609/pv679|client#45576:ws4597/pv7287|gradle#27500:ws638/pv714
04:46:28,7236,32323,4,5945,8878,gradle#1712:ws101/pv198|gradle#14316:ws609/pv679|client#45576:ws4597/pv7287|gradle#27500:ws638/pv714
04:46:38,7240,32329,4,5945,8878,gradle#1712:ws101/pv198|gradle#14316:ws609/pv679|client#45576:ws4597/pv7287|gradle#27500:ws638/pv714
04:46:48,7254,32348,4,5945,8878,gradle#1712:ws101/pv198|gradle#14316:ws609/pv679|client#45576:ws4597/pv7287|gradle#27500:ws638/pv714
04:46:59,7247,32355,4,5945,8878,gradle#1712:ws101/pv198|gradle#14316:ws609/pv679|client#45576:ws4597/pv7287|gradle#27500:ws638/pv714
04:47:09,7233,32358,4,5945,8878,gradle#1712:ws101/pv198|gradle#14316:ws609/pv679|client#45576:ws4597/pv7287|gradle#27500:ws638/pv714
04:47:20,7244,32346,4,5945,8878,gradle#1712:ws101/pv198|gradle#14316:ws609/pv679|client#45576:ws4597/pv7287|gradle#27500:ws638/pv714
04:47:30,7250,32337,4,5945,8878,gradle#1712:ws101/pv198|gradle#14316:ws609/pv679|client#45576:ws4597/pv7287|gradle#27500:ws638/pv714
04:47:41,7266,32322,4,5945,8878,gradle#1712:ws101/pv198|gradle#14316:ws609/pv679|client#45576:ws4597/pv7287|gradle#27500:ws638/pv714
04:47:51,7235,32370,4,5960,8894,gradle#1712:ws101/pv198|gradle#14316:ws624/pv695|client#45576:ws4597/pv7287|gradle#27500:ws638/pv714
04:48:02,7266,32373,4,5960,8894,gradle#1712:ws101/pv198|gradle#14316:ws624/pv695|client#45576:ws4597/pv7287|gradle#27500:ws638/pv714
04:48:12,7402,32196,4,5960,8894,gradle#1712:ws101/pv198|gradle#14316:ws624/pv695|client#45576:ws4597/pv7287|gradle#27500:ws638/pv714
04:48:23,7226,32389,4,5973,8908,gradle#1712:ws101/pv198|gradle#14316:ws624/pv695|client#45576:ws4597/pv7287|gradle#27500:ws651/pv728
04:48:33,7240,32383,4,5973,8908,gradle#1712:ws101/pv198|gradle#14316:ws624/pv695|client#45576:ws4597/pv7287|gradle#27500:ws651/pv728
04:48:44,7212,32438,4,5973,8908,gradle#1712:ws101/pv198|gradle#14316:ws624/pv695|client#45576:ws4597/pv7287|gradle#27500:ws651/pv728
04:48:54,7233,32396,4,5973,8908,gradle#1712:ws101/pv198|gradle#14316:ws624/pv695|client#45576:ws4597/pv7287|gradle#27500:ws651/pv728
04:49:04,7246,32385,4,5973,8908,gradle#1712:ws101/pv198|gradle#14316:ws624/pv695|client#45576:ws4597/pv7287|gradle#27500:ws651/pv728
04:49:15,7257,32366,4,5973,8908,gradle#1712:ws101/pv198|gradle#14316:ws624/pv695|client#45576:ws4597/pv7287|gradle#27500:ws651/pv728
04:49:25,7266,32353,4,5973,8908,gradle#1712:ws101/pv198|gradle#14316:ws624/pv695|client#45576:ws4597/pv7287|gradle#27500:ws651/pv728
04:49:36,7257,32364,4,5973,8908,gradle#1712:ws101/pv198|gradle#14316:ws624/pv695|client#45576:ws4597/pv7287|gradle#27500:ws651/pv728
04:49:46,7241,32392,4,5975,8910,gradle#1712:ws101/pv198|gradle#14316:ws624/pv695|client#45576:ws4597/pv7287|gradle#27500:ws653/pv730
04:49:57,7209,32431,4,5975,8910,gradle#1712:ws101/pv198|gradle#14316:ws624/pv695|client#45576:ws4597/pv7287|gradle#27500:ws653/pv730
04:50:07,7275,32347,4,5931,8865,gradle#1712:ws101/pv198|gradle#14316:ws580/pv650|client#45576:ws4597/pv7287|gradle#27500:ws653/pv730
04:50:17,7405,32191,4,5931,8865,gradle#1712:ws101/pv198|gradle#14316:ws580/pv650|client#45576:ws4597/pv7287|gradle#27500:ws653/pv730
04:50:28,7215,32371,4,5931,8865,gradle#1712:ws101/pv198|gradle#14316:ws580/pv650|client#45576:ws4597/pv7287|gradle#27500:ws653/pv730
04:50:38,7249,32347,4,5931,8865,gradle#1712:ws101/pv198|gradle#14316:ws580/pv650|client#45576:ws4597/pv7287|gradle#27500:ws653/pv730
04:50:49,7242,32383,4,5931,8865,gradle#1712:ws101/pv198|gradle#14316:ws580/pv650|client#45576:ws4597/pv7287|gradle#27500:ws653/pv730
04:50:59,7258,32379,4,5931,8865,gradle#1712:ws101/pv198|gradle#14316:ws580/pv650|client#45576:ws4597/pv7287|gradle#27500:ws653/pv730
04:51:10,7408,32183,4,5932,8865,gradle#1712:ws101/pv198|gradle#14316:ws580/pv650|client#45576:ws4597/pv7287|gradle#27500:ws654/pv730
04:51:20,7406,32190,4,5932,8865,gradle#1712:ws101/pv198|gradle#14316:ws580/pv650|client#45576:ws4597/pv7287|gradle#27500:ws654/pv730
04:51:31,7222,32378,4,5932,8865,gradle#1712:ws101/pv198|gradle#14316:ws580/pv650|client#45576:ws4597/pv7287|gradle#27500:ws654/pv730
04:51:41,7225,32390,4,5934,8867,gradle#1712:ws101/pv198|gradle#14316:ws582/pv652|client#45576:ws4597/pv7287|gradle#27500:ws654/pv730
04:51:51,7245,32364,4,5934,8867,gradle#1712:ws101/pv198|gradle#14316:ws582/pv652|client#45576:ws4597/pv7287|gradle#27500:ws654/pv730
04:52:02,7265,32356,4,5934,8867,gradle#1712:ws101/pv198|gradle#14316:ws582/pv652|client#45576:ws4597/pv7287|gradle#27500:ws654/pv730
04:52:12,7397,32201,4,5935,8868,gradle#1712:ws101/pv198|gradle#14316:ws583/pv653|client#45576:ws4597/pv7287|gradle#27500:ws654/pv730
04:52:23,7243,32380,4,5935,8868,gradle#1712:ws101/pv198|gradle#14316:ws583/pv653|client#45576:ws4597/pv7287|gradle#27500:ws654/pv730
04:52:33,7260,32350,4,5935,8868,gradle#1712:ws101/pv198|gradle#14316:ws583/pv653|client#45576:ws4597/pv7287|gradle#27500:ws654/pv730
04:52:44,7251,32373,4,5935,8868,gradle#1712:ws101/pv198|gradle#14316:ws583/pv653|client#45576:ws4597/pv7287|gradle#27500:ws654/pv730
04:52:54,7271,32370,4,5935,8868,gradle#1712:ws101/pv198|gradle#14316:ws583/pv653|client#45576:ws4597/pv7287|gradle#27500:ws654/pv730
04:53:05,7278,32340,4,5935,8869,gradle#1712:ws101/pv198|gradle#14316:ws583/pv653|client#45576:ws4597/pv7287|gradle#27500:ws654/pv731
04:53:15,7275,32341,4,5935,8869,gradle#1712:ws101/pv198|gradle#14316:ws583/pv653|client#45576:ws4597/pv7287|gradle#27500:ws654/pv731
04:53:26,6889,32772,4,5935,8869,gradle#1712:ws101/pv198|gradle#14316:ws583/pv653|client#45576:ws4597/pv7287|gradle#27500:ws654/pv731
04:53:36,6881,32744,4,5935,8869,gradle#1712:ws101/pv198|gradle#14316:ws583/pv653|client#45576:ws4597/pv7287|gradle#27500:ws654/pv731
04:53:47,6869,32776,4,5935,8869,gradle#1712:ws101/pv198|gradle#14316:ws583/pv653|client#45576:ws4597/pv7287|gradle#27500:ws654/pv731
04:53:57,6978,32659,4,5935,8869,gradle#1712:ws101/pv198|gradle#14316:ws583/pv653|client#45576:ws4597/pv7287|gradle#27500:ws654/pv731
04:54:08,6992,32651,4,5935,8869,gradle#1712:ws101/pv198|gradle#14316:ws583/pv653|client#45576:ws4597/pv7287|gradle#27500:ws654/pv731
04:54:18,7013,32606,4,5935,8869,gradle#1712:ws101/pv198|gradle#14316:ws583/pv653|client#45576:ws4597/pv7287|gradle#27500:ws654/pv731
04:54:29,6905,32711,4,5935,8869,gradle#1712:ws101/pv198|gradle#14316:ws583/pv653|client#45576:ws4597/pv7287|gradle#27500:ws654/pv731
04:54:39,6984,32654,4,5935,8869,gradle#1712:ws101/pv198|gradle#14316:ws583/pv653|client#45576:ws4597/pv7287|gradle#27500:ws654/pv731
04:54:50,6977,32660,4,5935,8869,gradle#1712:ws101/pv198|gradle#14316:ws583/pv653|client#45576:ws4597/pv7287|gradle#27500:ws654/pv731
04:55:00,6994,32643,4,5935,8869,gradle#1712:ws101/pv198|gradle#14316:ws583/pv653|client#45576:ws4597/pv7287|gradle#27500:ws654/pv731
04:55:10,7144,32470,4,5935,8870,gradle#1712:ws101/pv198|gradle#14316:ws583/pv653|client#45576:ws4597/pv7288|gradle#27500:ws654/pv731
04:55:21,7130,32488,4,5935,8869,gradle#1712:ws101/pv198|gradle#14316:ws583/pv653|client#45576:ws4597/pv7287|gradle#27500:ws654/pv731
04:55:31,6987,32627,4,5935,8870,gradle#1712:ws101/pv198|gradle#14316:ws583/pv653|client#45576:ws4597/pv7288|gradle#27500:ws654/pv731
04:55:42,6955,32670,4,5935,8870,gradle#1712:ws101/pv198|gradle#14316:ws583/pv653|client#45576:ws4597/pv7288|gradle#27500:ws654/pv731
04:55:52,7000,32635,4,5935,8870,gradle#1712:ws101/pv198|gradle#14316:ws583/pv653|client#45576:ws4597/pv7288|gradle#27500:ws654/pv731
04:56:03,6999,32618,4,5935,8870,gradle#1712:ws101/pv198|gradle#14316:ws583/pv653|client#45576:ws4597/pv7288|gradle#27500:ws654/pv731
04:56:13,7123,32453,4,5935,8870,gradle#1712:ws101/pv198|gradle#14316:ws583/pv653|client#45576:ws4597/pv7288|gradle#27500:ws654/pv731
04:56:23,7155,32441,4,5935,8870,gradle#1712:ws101/pv198|gradle#14316:ws583/pv653|client#45576:ws4597/pv7288|gradle#27500:ws654/pv731
04:56:34,6963,32656,4,5935,8870,gradle#1712:ws101/pv198|gradle#14316:ws583/pv653|client#45576:ws4597/pv7288|gradle#27500:ws654/pv731
04:56:44,6991,32609,4,5935,8870,gradle#1712:ws101/pv198|gradle#14316:ws583/pv653|client#45576:ws4597/pv7288|gradle#27500:ws654/pv731
04:56:55,6987,32634,4,5935,8870,gradle#1712:ws101/pv198|gradle#14316:ws583/pv653|client#45576:ws4597/pv7288|gradle#27500:ws654/pv731
04:57:05,7011,32618,4,5935,8870,gradle#1712:ws101/pv198|gradle#14316:ws583/pv653|client#45576:ws4597/pv7288|gradle#27500:ws654/pv731
04:57:16,6964,32651,4,5935,8870,gradle#1712:ws101/pv198|gradle#14316:ws583/pv653|client#45576:ws4597/pv7288|gradle#27500:ws654/pv731
04:57:26,7007,32602,4,5935,8870,gradle#1712:ws101/pv198|gradle#14316:ws583/pv653|client#45576:ws4597/pv7288|gradle#27500:ws654/pv731
04:57:37,6999,32620,4,5935,8870,gradle#1712:ws101/pv198|gradle#14316:ws583/pv653|client#45576:ws4597/pv7288|gradle#27500:ws654/pv731
04:57:47,7004,32613,4,5935,8870,gradle#1712:ws101/pv198|gradle#14316:ws583/pv653|client#45576:ws4597/pv7288|gradle#27500:ws654/pv731
04:57:58,7038,32581,4,5935,8870,gradle#1712:ws101/pv198|gradle#14316:ws583/pv653|client#45576:ws4597/pv7288|gradle#27500:ws654/pv731
04:58:08,7033,32588,4,5935,8870,gradle#1712:ws101/pv198|gradle#14316:ws583/pv653|client#45576:ws4597/pv7288|gradle#27500:ws654/pv731
04:58:19,7167,32426,4,5935,8870,gradle#1712:ws101/pv198|gradle#14316:ws583/pv653|client#45576:ws4597/pv7288|gradle#27500:ws654/pv731
04:58:29,7070,32534,4,5935,8870,gradle#1712:ws101/pv198|gradle#14316:ws583/pv653|client#45576:ws4597/pv7288|gradle#27500:ws654/pv731
04:58:40,6992,32620,4,5935,8870,gradle#1712:ws101/pv198|gradle#14316:ws583/pv653|client#45576:ws4597/pv7288|gradle#27500:ws654/pv731
04:58:50,6970,32663,4,5935,8870,gradle#1712:ws101/pv198|gradle#14316:ws583/pv653|client#45576:ws4597/pv7288|gradle#27500:ws654/pv731
04:59:01,6991,32628,4,5935,8870,gradle#1712:ws101/pv198|gradle#14316:ws583/pv653|client#45576:ws4597/pv7288|gradle#27500:ws654/pv731
04:59:11,7106,32478,4,5935,8870,gradle#1712:ws101/pv198|gradle#14316:ws583/pv653|client#45576:ws4597/pv7288|gradle#27500:ws654/pv731
04:59:22,7141,32459,4,5935,8870,gradle#1712:ws101/pv198|gradle#14316:ws583/pv653|client#45576:ws4597/pv7288|gradle#27500:ws654/pv731
04:59:32,6981,32620,4,5935,8870,gradle#1712:ws101/pv198|gradle#14316:ws583/pv653|client#45576:ws4597/pv7288|gradle#27500:ws654/pv731
04:59:43,6973,32645,4,5935,8870,gradle#1712:ws101/pv198|gradle#14316:ws583/pv653|client#45576:ws4597/pv7288|gradle#27500:ws654/pv731
04:59:53,6972,32649,4,5935,8869,gradle#1712:ws101/pv198|gradle#14316:ws583/pv653|client#45576:ws4597/pv7287|gradle#27500:ws654/pv731
05:00:04,7004,32616,4,5935,8870,gradle#1712:ws101/pv198|gradle#14316:ws583/pv653|client#45576:ws4597/pv7288|gradle#27500:ws654/pv731
05:00:14,7155,32430,4,5935,8870,gradle#1712:ws101/pv198|gradle#14316:ws583/pv653|client#45576:ws4597/pv7288|gradle#27500:ws654/pv731
05:00:24,7162,32431,4,5935,8870,gradle#1712:ws101/pv198|gradle#14316:ws583/pv653|client#45576:ws4597/pv7288|gradle#27500:ws654/pv731
05:00:35,7006,32600,4,5935,8870,gradle#1712:ws101/pv198|gradle#14316:ws583/pv653|client#45576:ws4597/pv7288|gradle#27500:ws654/pv731
05:00:45,7006,32614,4,5935,8870,gradle#1712:ws101/pv198|gradle#14316:ws583/pv653|client#45576:ws4597/pv7288|gradle#27500:ws654/pv731
05:00:56,6990,32622,4,5938,8873,gradle#1712:ws101/pv198|gradle#14316:ws586/pv656|client#45576:ws4597/pv7288|gradle#27500:ws654/pv731
05:01:06,7025,32604,4,5938,8873,gradle#1712:ws101/pv198|gradle#14316:ws586/pv656|client#45576:ws4597/pv7288|gradle#27500:ws654/pv731
05:01:17,7149,32453,4,5938,8873,gradle#1712:ws101/pv198|gradle#14316:ws586/pv656|client#45576:ws4597/pv7288|gradle#27500:ws654/pv731
05:01:27,7144,32443,4,5938,8873,gradle#1712:ws101/pv198|gradle#14316:ws586/pv656|client#45576:ws4597/pv7288|gradle#27500:ws654/pv731
05:01:38,7147,32447,4,5939,8873,gradle#1712:ws101/pv198|gradle#14316:ws586/pv656|client#45576:ws4597/pv7288|gradle#27500:ws655/pv731
05:01:48,6960,32657,4,5939,8873,gradle#1712:ws101/pv198|gradle#14316:ws586/pv656|client#45576:ws4597/pv7288|gradle#27500:ws655/pv731
05:01:59,6966,32659,4,5939,8873,gradle#1712:ws101/pv198|gradle#14316:ws586/pv656|client#45576:ws4597/pv7288|gradle#27500:ws655/pv731
05:02:09,6992,32617,4,5939,8873,gradle#1712:ws101/pv198|gradle#14316:ws586/pv656|client#45576:ws4597/pv7288|gradle#27500:ws655/pv731
05:02:20,7013,32599,4,5939,8873,gradle#1712:ws101/pv198|gradle#14316:ws586/pv656|client#45576:ws4597/pv7288|gradle#27500:ws655/pv731
05:02:30,7013,32589,4,5939,8873,gradle#1712:ws101/pv198|gradle#14316:ws586/pv656|client#45576:ws4597/pv7288|gradle#27500:ws655/pv731
05:02:40,7014,32586,4,5939,8873,gradle#1712:ws101/pv198|gradle#14316:ws586/pv656|client#45576:ws4597/pv7288|gradle#27500:ws655/pv731
05:02:51,7003,32610,4,5939,8873,gradle#1712:ws101/pv198|gradle#14316:ws586/pv656|client#45576:ws4597/pv7288|gradle#27500:ws655/pv731
05:03:01,6990,32630,4,5939,8873,gradle#1712:ws101/pv198|gradle#14316:ws586/pv656|client#45576:ws4597/pv7288|gradle#27500:ws655/pv731
05:03:12,6937,32652,4,5939,8873,gradle#1712:ws101/pv198|gradle#14316:ws586/pv656|client#45576:ws4597/pv7288|gradle#27500:ws655/pv731
05:03:22,7114,32534,4,5939,8873,gradle#1712:ws101/pv198|gradle#14316:ws586/pv656|client#45576:ws4597/pv7288|gradle#27500:ws655/pv731
05:03:33,6854,32771,4,5939,8873,gradle#1712:ws101/pv198|gradle#14316:ws586/pv656|client#45576:ws4597/pv7288|gradle#27500:ws655/pv731
05:03:43,6927,32709,4,5939,8873,gradle#1712:ws101/pv198|gradle#14316:ws586/pv656|client#45576:ws4597/pv7288|gradle#27500:ws655/pv731
05:03:54,6941,32684,4,5939,8873,gradle#1712:ws101/pv198|gradle#14316:ws586/pv656|client#45576:ws4597/pv7288|gradle#27500:ws655/pv731
05:04:04,6932,32694,4,5939,8873,gradle#1712:ws101/pv198|gradle#14316:ws586/pv656|client#45576:ws4597/pv7288|gradle#27500:ws655/pv731
05:04:15,6948,32667,4,5939,8873,gradle#1712:ws101/pv198|gradle#14316:ws586/pv656|client#45576:ws4597/pv7288|gradle#27500:ws655/pv731
05:04:25,7089,32496,4,5939,8873,gradle#1712:ws101/pv198|gradle#14316:ws586/pv656|client#45576:ws4597/pv7288|gradle#27500:ws655/pv731
05:04:36,6917,32681,4,5939,8873,gradle#1712:ws101/pv198|gradle#14316:ws586/pv656|client#45576:ws4597/pv7288|gradle#27500:ws655/pv731
05:04:46,6903,32732,4,5939,8873,gradle#1712:ws101/pv198|gradle#14316:ws586/pv656|client#45576:ws4597/pv7288|gradle#27500:ws655/pv731
05:04:57,6859,32772,4,5939,8873,gradle#1712:ws101/pv198|gradle#14316:ws586/pv656|client#45576:ws4597/pv7288|gradle#27500:ws655/pv731
05:05:07,6949,32682,4,5939,8873,gradle#1712:ws101/pv198|gradle#14316:ws586/pv656|client#45576:ws4597/pv7288|gradle#27500:ws655/pv731
05:05:18,7071,32524,4,5939,8873,gradle#1712:ws101/pv198|gradle#14316:ws586/pv656|client#45576:ws4597/pv7288|gradle#27500:ws655/pv731
05:05:28,7074,32546,4,5939,8873,gradle#1712:ws101/pv198|gradle#14316:ws586/pv656|client#45576:ws4597/pv7288|gradle#27500:ws655/pv731
05:05:39,6932,32693,4,5939,8873,gradle#1712:ws101/pv198|gradle#14316:ws586/pv656|client#45576:ws4597/pv7288|gradle#27500:ws655/pv731
05:05:49,6909,32706,4,5939,8873,gradle#1712:ws101/pv198|gradle#14316:ws586/pv656|client#45576:ws4597/pv7288|gradle#27500:ws655/pv731
05:06:00,6901,32727,4,5939,8873,gradle#1712:ws101/pv198|gradle#14316:ws586/pv656|client#45576:ws4597/pv7288|gradle#27500:ws655/pv731
05:06:10,6929,32676,4,5939,8873,gradle#1712:ws101/pv198|gradle#14316:ws586/pv656|client#45576:ws4597/pv7288|gradle#27500:ws655/pv731
05:06:21,6947,32646,4,5939,8873,gradle#1712:ws101/pv198|gradle#14316:ws586/pv656|client#45576:ws4597/pv7288|gradle#27500:ws655/pv731
05:06:31,6939,32658,4,5939,8873,gradle#1712:ws101/pv198|gradle#14316:ws586/pv656|client#45576:ws4597/pv7288|gradle#27500:ws655/pv731
05:06:42,6844,32758,4,5939,8873,gradle#1712:ws101/pv198|gradle#14316:ws586/pv656|client#45576:ws4597/pv7288|gradle#27500:ws655/pv731
05:06:52,6908,32685,4,5939,8873,gradle#1712:ws101/pv198|gradle#14316:ws586/pv656|client#45576:ws4597/pv7288|gradle#27500:ws655/pv731
05:07:03,6906,32680,4,5939,8873,gradle#1712:ws101/pv198|gradle#14316:ws586/pv656|client#45576:ws4597/pv7288|gradle#27500:ws655/pv731
05:07:13,6929,32651,4,5939,8873,gradle#1712:ws101/pv198|gradle#14316:ws586/pv656|client#45576:ws4597/pv7288|gradle#27500:ws655/pv731
05:07:24,6926,32668,4,5939,8873,gradle#1712:ws101/pv198|gradle#14316:ws586/pv656|client#45576:ws4597/pv7288|gradle#27500:ws655/pv731
05:07:34,6932,32648,4,5939,8873,gradle#1712:ws101/pv198|gradle#14316:ws586/pv656|client#45576:ws4597/pv7288|gradle#27500:ws655/pv731
05:07:45,6908,32691,4,5939,8873,gradle#1712:ws101/pv198|gradle#14316:ws586/pv656|client#45576:ws4597/pv7288|gradle#27500:ws655/pv731
05:07:55,6926,32689,4,5939,8873,gradle#1712:ws101/pv198|gradle#14316:ws586/pv656|client#45576:ws4597/pv7288|gradle#27500:ws655/pv731
05:08:06,6940,32664,4,5939,8873,gradle#1712:ws101/pv198|gradle#14316:ws586/pv656|client#45576:ws4597/pv7288|gradle#27500:ws655/pv731
05:08:16,6939,32657,4,5939,8873,gradle#1712:ws101/pv198|gradle#14316:ws586/pv656|client#45576:ws4597/pv7288|gradle#27500:ws655/pv731
05:08:27,6912,32677,4,5940,8873,gradle#1712:ws101/pv198|gradle#14316:ws586/pv656|client#45576:ws4598/pv7288|gradle#27500:ws655/pv731
05:08:37,6665,32898,4,5940,8873,gradle#1712:ws101/pv198|gradle#14316:ws586/pv656|client#45576:ws4598/pv7288|gradle#27500:ws655/pv731
05:08:48,6846,32704,4,5940,8873,gradle#1712:ws101/pv198|gradle#14316:ws586/pv656|client#45576:ws4598/pv7288|gradle#27500:ws655/pv731
05:08:58,6875,32685,4,5940,8873,gradle#1712:ws101/pv198|gradle#14316:ws586/pv656|client#45576:ws4598/pv7288|gradle#27500:ws655/pv731
05:09:09,6903,32689,4,5940,8873,gradle#1712:ws101/pv198|gradle#14316:ws586/pv656|client#45576:ws4598/pv7288|gradle#27500:ws655/pv731
05:09:19,6920,32652,4,5940,8873,gradle#1712:ws101/pv198|gradle#14316:ws586/pv656|client#45576:ws4598/pv7288|gradle#27500:ws655/pv731
05:09:30,7044,32518,4,5940,8873,gradle#1712:ws101/pv198|gradle#14316:ws586/pv656|client#45576:ws4598/pv7288|gradle#27500:ws655/pv731
05:09:40,6880,32702,4,5940,8873,gradle#1712:ws101/pv198|gradle#14316:ws586/pv656|client#45576:ws4598/pv7288|gradle#27500:ws655/pv731
05:09:51,6888,32692,4,5940,8873,gradle#1712:ws101/pv198|gradle#14316:ws586/pv656|client#45576:ws4598/pv7288|gradle#27500:ws655/pv731
05:10:01,6968,32677,4,5940,8873,gradle#1712:ws101/pv198|gradle#14316:ws586/pv656|client#45576:ws4598/pv7288|gradle#27500:ws655/pv731
05:10:12,6991,32646,4,5940,8873,gradle#1712:ws101/pv198|gradle#14316:ws586/pv656|client#45576:ws4598/pv7288|gradle#27500:ws655/pv731
05:10:22,6993,32641,4,5940,8873,gradle#1712:ws101/pv198|gradle#14316:ws586/pv656|client#45576:ws4598/pv7288|gradle#27500:ws655/pv731
05:10:32,7003,32619,4,5940,8873,gradle#1712:ws101/pv198|gradle#14316:ws586/pv656|client#45576:ws4598/pv7288|gradle#27500:ws655/pv731
05:10:43,6960,32688,4,5940,8873,gradle#1712:ws101/pv198|gradle#14316:ws586/pv656|client#45576:ws4598/pv7288|gradle#27500:ws655/pv731
05:10:53,6976,32681,4,5940,8873,gradle#1712:ws101/pv198|gradle#14316:ws586/pv656|client#45576:ws4598/pv7288|gradle#27500:ws655/pv731
05:11:04,6977,32665,4,5940,8873,gradle#1712:ws101/pv198|gradle#14316:ws586/pv656|client#45576:ws4598/pv7288|gradle#27500:ws655/pv731
05:11:14,6986,32654,4,5940,8873,gradle#1712:ws101/pv198|gradle#14316:ws586/pv656|client#45576:ws4598/pv7288|gradle#27500:ws655/pv731
05:11:25,6992,32652,4,5940,8873,gradle#1712:ws101/pv198|gradle#14316:ws586/pv656|client#45576:ws4598/pv7288|gradle#27500:ws655/pv731
05:11:35,7103,32502,4,5940,8873,gradle#1712:ws101/pv198|gradle#14316:ws586/pv656|client#45576:ws4598/pv7288|gradle#27500:ws655/pv731
05:11:46,6925,32693,4,5940,8873,gradle#1712:ws101/pv198|gradle#14316:ws586/pv656|client#45576:ws4598/pv7288|gradle#27500:ws655/pv731
05:11:56,6926,32696,4,5940,8873,gradle#1712:ws101/pv198|gradle#14316:ws586/pv656|client#45576:ws4598/pv7288|gradle#27500:ws655/pv731
05:12:07,6921,32710,4,5940,8873,gradle#1712:ws101/pv198|gradle#14316:ws586/pv656|client#45576:ws4598/pv7288|gradle#27500:ws655/pv731
05:12:17,6973,32637,4,5940,8873,gradle#1712:ws101/pv198|gradle#14316:ws586/pv656|client#45576:ws4598/pv7288|gradle#27500:ws655/pv731
05:12:28,6976,32637,4,5941,8874,gradle#1712:ws101/pv198|gradle#14316:ws586/pv656|client#45576:ws4598/pv7288|gradle#27500:ws656/pv732
05:12:38,6972,32647,4,5941,8874,gradle#1712:ws101/pv198|gradle#14316:ws586/pv656|client#45576:ws4598/pv7288|gradle#27500:ws656/pv732
05:12:48,6940,32683,4,5941,8874,gradle#1712:ws101/pv198|gradle#14316:ws586/pv656|client#45576:ws4598/pv7288|gradle#27500:ws656/pv732
05:12:59,6945,32678,4,5941,8874,gradle#1712:ws101/pv198|gradle#14316:ws586/pv656|client#45576:ws4598/pv7288|gradle#27500:ws656/pv732
05:13:09,6935,32700,4,5941,8874,gradle#1712:ws101/pv198|gradle#14316:ws586/pv656|client#45576:ws4598/pv7288|gradle#27500:ws656/pv732
05:13:20,6940,32694,4,5941,8874,gradle#1712:ws101/pv198|gradle#14316:ws586/pv656|client#45576:ws4598/pv7288|gradle#27500:ws656/pv732
05:13:30,6949,32673,4,5941,8874,gradle#1712:ws101/pv198|gradle#14316:ws586/pv656|client#45576:ws4598/pv7288|gradle#27500:ws656/pv732
05:13:41,6925,32680,4,5941,8874,gradle#1712:ws101/pv198|gradle#14316:ws586/pv656|client#45576:ws4598/pv7288|gradle#27500:ws656/pv732
05:13:51,6924,32715,4,5941,8874,gradle#1712:ws101/pv198|gradle#14316:ws586/pv656|client#45576:ws4598/pv7288|gradle#27500:ws656/pv732
05:14:02,6920,32704,4,5941,8874,gradle#1712:ws101/pv198|gradle#14316:ws586/pv656|client#45576:ws4598/pv7288|gradle#27500:ws656/pv732
05:14:12,6941,32678,4,5941,8874,gradle#1712:ws101/pv198|gradle#14316:ws586/pv656|client#45576:ws4598/pv7288|gradle#27500:ws656/pv732
05:14:23,6933,32693,4,5941,8874,gradle#1712:ws101/pv198|gradle#14316:ws586/pv656|client#45576:ws4598/pv7288|gradle#27500:ws656/pv732
05:14:33,6923,32712,4,5941,8874,gradle#1712:ws101/pv198|gradle#14316:ws586/pv656|client#45576:ws4598/pv7288|gradle#27500:ws656/pv732
05:14:44,6913,32707,4,5941,8874,gradle#1712:ws101/pv198|gradle#14316:ws586/pv656|client#45576:ws4598/pv7288|gradle#27500:ws656/pv732
05:14:54,6921,32714,4,5941,8874,gradle#1712:ws101/pv198|gradle#14316:ws586/pv656|client#45576:ws4598/pv7288|gradle#27500:ws656/pv732
05:15:05,6915,32734,4,5941,8874,gradle#1712:ws101/pv198|gradle#14316:ws586/pv656|client#45576:ws4598/pv7288|gradle#27500:ws656/pv732
05:15:15,6928,32703,4,5941,8874,gradle#1712:ws101/pv198|gradle#14316:ws586/pv656|client#45576:ws4598/pv7288|gradle#27500:ws656/pv732
05:15:25,6944,32675,4,5941,8874,gradle#1712:ws101/pv198|gradle#14316:ws586/pv656|client#45576:ws4598/pv7288|gradle#27500:ws656/pv732
05:15:36,6938,32698,4,5941,8874,gradle#1712:ws101/pv198|gradle#14316:ws586/pv656|client#45576:ws4598/pv7288|gradle#27500:ws656/pv732
05:15:46,6916,32715,4,5941,8874,gradle#1712:ws101/pv198|gradle#14316:ws586/pv656|client#45576:ws4598/pv7288|gradle#27500:ws656/pv732
05:15:57,6920,32711,4,5941,8874,gradle#1712:ws101/pv198|gradle#14316:ws586/pv656|client#45576:ws4598/pv7288|gradle#27500:ws656/pv732
05:16:07,6914,32722,4,5941,8874,gradle#1712:ws101/pv198|gradle#14316:ws586/pv656|client#45576:ws4598/pv7288|gradle#27500:ws656/pv732
05:16:18,6942,32687,4,5941,8874,gradle#1712:ws101/pv198|gradle#14316:ws586/pv656|client#45576:ws4598/pv7288|gradle#27500:ws656/pv732
05:16:28,6940,32676,4,5941,8874,gradle#1712:ws101/pv198|gradle#14316:ws586/pv656|client#45576:ws4598/pv7288|gradle#27500:ws656/pv732
05:16:39,6943,32689,4,5941,8874,gradle#1712:ws101/pv198|gradle#14316:ws586/pv656|client#45576:ws4598/pv7288|gradle#27500:ws656/pv732
05:16:49,6921,32721,4,5941,8874,gradle#1712:ws101/pv198|gradle#14316:ws586/pv656|client#45576:ws4598/pv7288|gradle#27500:ws656/pv732
05:17:00,6926,32701,4,5941,8874,gradle#1712:ws101/pv198|gradle#14316:ws586/pv656|client#45576:ws4598/pv7288|gradle#27500:ws656/pv732
05:17:10,6926,32700,4,5941,8874,gradle#1712:ws101/pv198|gradle#14316:ws586/pv656|client#45576:ws4598/pv7288|gradle#27500:ws656/pv732
05:17:21,6936,32677,4,5941,8874,gradle#1712:ws101/pv198|gradle#14316:ws586/pv656|client#45576:ws4598/pv7288|gradle#27500:ws656/pv732
05:17:31,6910,32715,4,5942,8875,gradle#1712:ws101/pv198|gradle#14316:ws587/pv657|client#45576:ws4598/pv7288|gradle#27500:ws656/pv732
05:17:42,6891,32728,4,5942,8875,gradle#1712:ws101/pv198|gradle#14316:ws587/pv657|client#45576:ws4598/pv7288|gradle#27500:ws656/pv732
05:17:52,6898,32720,4,5943,8876,gradle#1712:ws101/pv198|gradle#14316:ws588/pv658|client#45576:ws4598/pv7288|gradle#27500:ws656/pv732
05:18:03,6887,32737,4,5943,8876,gradle#1712:ws101/pv198|gradle#14316:ws588/pv658|client#45576:ws4598/pv7288|gradle#27500:ws656/pv732
05:18:13,6892,32740,4,5943,8876,gradle#1712:ws101/pv198|gradle#14316:ws588/pv658|client#45576:ws4598/pv7288|gradle#27500:ws656/pv732
05:18:24,6907,32703,4,5943,8876,gradle#1712:ws101/pv198|gradle#14316:ws588/pv658|client#45576:ws4598/pv7288|gradle#27500:ws656/pv732
05:18:34,6901,32730,4,5943,8876,gradle#1712:ws101/pv198|gradle#14316:ws588/pv658|client#45576:ws4598/pv7288|gradle#27500:ws656/pv732
05:18:45,6894,32740,4,5943,8876,gradle#1712:ws101/pv198|gradle#14316:ws588/pv658|client#45576:ws4598/pv7288|gradle#27500:ws656/pv732
05:18:55,6890,32742,4,5943,8876,gradle#1712:ws101/pv198|gradle#14316:ws588/pv658|client#45576:ws4598/pv7288|gradle#27500:ws656/pv732
05:19:06,6889,32745,4,5943,8876,gradle#1712:ws101/pv198|gradle#14316:ws588/pv658|client#45576:ws4598/pv7288|gradle#27500:ws656/pv732
05:19:16,6876,32754,4,5943,8876,gradle#1712:ws101/pv198|gradle#14316:ws588/pv658|client#45576:ws4598/pv7288|gradle#27500:ws656/pv732
05:19:27,6876,32721,4,5943,8876,gradle#1712:ws101/pv198|gradle#14316:ws588/pv658|client#45576:ws4598/pv7288|gradle#27500:ws656/pv732
05:19:37,6898,32719,4,5943,8876,gradle#1712:ws101/pv198|gradle#14316:ws588/pv658|client#45576:ws4598/pv7288|gradle#27500:ws656/pv732
05:19:48,6905,32719,4,5943,8876,gradle#1712:ws101/pv198|gradle#14316:ws588/pv658|client#45576:ws4598/pv7288|gradle#27500:ws656/pv732
05:19:58,6864,32775,4,5943,8876,gradle#1712:ws101/pv198|gradle#14316:ws588/pv658|client#45576:ws4598/pv7288|gradle#27500:ws656/pv732
05:20:09,6878,32739,4,5943,8876,gradle#1712:ws101/pv198|gradle#14316:ws588/pv658|client#45576:ws4598/pv7288|gradle#27500:ws656/pv732
05:20:19,6830,32801,4,5943,8876,gradle#1712:ws101/pv198|gradle#14316:ws588/pv658|client#45576:ws4598/pv7288|gradle#27500:ws656/pv732
05:20:30,6898,32716,4,5943,8876,gradle#1712:ws101/pv198|gradle#14316:ws588/pv658|client#45576:ws4598/pv7288|gradle#27500:ws656/pv732
05:20:40,6896,32708,4,5943,8876,gradle#1712:ws101/pv198|gradle#14316:ws588/pv658|client#45576:ws4598/pv7288|gradle#27500:ws656/pv732
05:20:51,6888,32718,4,5943,8876,gradle#1712:ws101/pv198|gradle#14316:ws588/pv658|client#45576:ws4598/pv7288|gradle#27500:ws656/pv732
05:21:01,6862,32764,4,5943,8876,gradle#1712:ws101/pv198|gradle#14316:ws588/pv658|client#45576:ws4598/pv7288|gradle#27500:ws656/pv732
05:21:12,6848,32742,4,5943,8876,gradle#1712:ws101/pv198|gradle#14316:ws588/pv658|client#45576:ws4598/pv7288|gradle#27500:ws656/pv732
05:21:22,6868,32723,4,5943,8876,gradle#1712:ws101/pv198|gradle#14316:ws588/pv658|client#45576:ws4598/pv7288|gradle#27500:ws656/pv732
05:21:33,6882,32729,4,5943,8876,gradle#1712:ws101/pv198|gradle#14316:ws588/pv658|client#45576:ws4598/pv7288|gradle#27500:ws656/pv732
05:21:43,6845,32781,4,5943,8876,gradle#1712:ws101/pv198|gradle#14316:ws588/pv658|client#45576:ws4598/pv7288|gradle#27500:ws656/pv732
05:21:54,6870,32756,4,5943,8876,gradle#1712:ws101/pv198|gradle#14316:ws588/pv658|client#45576:ws4598/pv7288|gradle#27500:ws656/pv732
05:22:04,6861,32769,4,5943,8876,gradle#1712:ws101/pv198|gradle#14316:ws588/pv658|client#45576:ws4598/pv7288|gradle#27500:ws656/pv732
05:22:15,7015,32590,4,5943,8876,gradle#1712:ws101/pv198|gradle#14316:ws588/pv658|client#45576:ws4598/pv7288|gradle#27500:ws656/pv732
05:22:25,6854,32775,4,5943,8876,gradle#1712:ws101/pv198|gradle#14316:ws588/pv658|client#45576:ws4598/pv7288|gradle#27500:ws656/pv732
05:22:35,6885,32722,4,5943,8877,gradle#1712:ws101/pv198|gradle#14316:ws588/pv658|client#45576:ws4598/pv7288|gradle#27500:ws656/pv733
05:22:46,6865,32761,4,5943,8877,gradle#1712:ws101/pv198|gradle#14316:ws588/pv658|client#45576:ws4598/pv7288|gradle#27500:ws656/pv733
05:22:56,6880,32752,4,5943,8877,gradle#1712:ws101/pv198|gradle#14316:ws588/pv658|client#45576:ws4598/pv7288|gradle#27500:ws656/pv733
05:23:07,6896,32723,4,5943,8877,gradle#1712:ws101/pv198|gradle#14316:ws588/pv658|client#45576:ws4598/pv7288|gradle#27500:ws656/pv733
05:23:17,7031,32560,4,5943,8877,gradle#1712:ws101/pv198|gradle#14316:ws588/pv658|client#45576:ws4598/pv7288|gradle#27500:ws656/pv733
05:23:28,6761,32840,4,5943,8877,gradle#1712:ws101/pv198|gradle#14316:ws588/pv658|client#45576:ws4598/pv7288|gradle#27500:ws656/pv733
05:23:38,6868,32732,4,5943,8877,gradle#1712:ws101/pv198|gradle#14316:ws588/pv658|client#45576:ws4598/pv7288|gradle#27500:ws656/pv733
05:23:49,6833,32768,4,5943,8877,gradle#1712:ws101/pv198|gradle#14316:ws588/pv658|client#45576:ws4598/pv7288|gradle#27500:ws656/pv733
05:23:59,6865,32745,4,5943,8877,gradle#1712:ws101/pv198|gradle#14316:ws588/pv658|client#45576:ws4598/pv7288|gradle#27500:ws656/pv733
05:24:10,6911,32762,4,5943,8877,gradle#1712:ws101/pv198|gradle#14316:ws588/pv658|client#45576:ws4598/pv7288|gradle#27500:ws656/pv733
05:24:20,6927,32719,4,5943,8877,gradle#1712:ws101/pv198|gradle#14316:ws588/pv658|client#45576:ws4598/pv7288|gradle#27500:ws656/pv733
05:24:30,6917,32726,4,5943,8877,gradle#1712:ws101/pv198|gradle#14316:ws588/pv658|client#45576:ws4598/pv7288|gradle#27500:ws656/pv733
05:24:41,6910,32754,4,5943,8877,gradle#1712:ws101/pv198|gradle#14316:ws588/pv658|client#45576:ws4598/pv7288|gradle#27500:ws656/pv733
05:24:51,6907,32747,4,5943,8877,gradle#1712:ws101/pv198|gradle#14316:ws588/pv658|client#45576:ws4598/pv7288|gradle#27500:ws656/pv733
05:25:02,6906,32744,4,5943,8877,gradle#1712:ws101/pv198|gradle#14316:ws588/pv658|client#45576:ws4598/pv7288|gradle#27500:ws656/pv733
05:25:12,7018,32582,4,5943,8877,gradle#1712:ws101/pv198|gradle#14316:ws588/pv658|client#45576:ws4598/pv7288|gradle#27500:ws656/pv733
05:25:23,7042,32584,4,5943,8877,gradle#1712:ws101/pv198|gradle#14316:ws588/pv658|client#45576:ws4598/pv7288|gradle#27500:ws656/pv733
05:25:33,6902,32732,4,5943,8877,gradle#1712:ws101/pv198|gradle#14316:ws588/pv658|client#45576:ws4598/pv7288|gradle#27500:ws656/pv733
05:25:44,6873,32779,4,5943,8877,gradle#1712:ws101/pv198|gradle#14316:ws588/pv658|client#45576:ws4598/pv7288|gradle#27500:ws656/pv733
05:25:54,6894,32754,4,5943,8877,gradle#1712:ws101/pv198|gradle#14316:ws588/pv658|client#45576:ws4598/pv7288|gradle#27500:ws656/pv733
05:26:05,6911,32723,4,5943,8877,gradle#1712:ws101/pv198|gradle#14316:ws588/pv658|client#45576:ws4598/pv7288|gradle#27500:ws656/pv733
05:26:15,7039,32565,4,5943,8877,gradle#1712:ws101/pv198|gradle#14316:ws588/pv658|client#45576:ws4598/pv7288|gradle#27500:ws656/pv733
05:26:26,7027,32573,4,5943,8877,gradle#1712:ws101/pv198|gradle#14316:ws588/pv658|client#45576:ws4598/pv7288|gradle#27500:ws656/pv733
05:26:36,6843,32773,4,5943,8877,gradle#1712:ws101/pv198|gradle#14316:ws588/pv658|client#45576:ws4598/pv7288|gradle#27500:ws656/pv733
05:26:47,6868,32757,4,5944,8877,gradle#1712:ws101/pv198|gradle#14316:ws588/pv658|client#45576:ws4598/pv7288|gradle#27500:ws657/pv733
05:26:57,6862,32765,4,5944,8877,gradle#1712:ws101/pv198|gradle#14316:ws588/pv658|client#45576:ws4598/pv7288|gradle#27500:ws657/pv733
05:27:08,6882,32743,4,5944,8877,gradle#1712:ws101/pv198|gradle#14316:ws588/pv658|client#45576:ws4598/pv7288|gradle#27500:ws657/pv733
05:27:18,6893,32718,4,5944,8877,gradle#1712:ws101/pv198|gradle#14316:ws588/pv658|client#45576:ws4598/pv7288|gradle#27500:ws657/pv733
05:27:28,6881,32726,4,5944,8877,gradle#1712:ws101/pv198|gradle#14316:ws588/pv658|client#45576:ws4598/pv7288|gradle#27500:ws657/pv733
05:27:39,6871,32743,4,5944,8877,gradle#1712:ws101/pv198|gradle#14316:ws588/pv658|client#45576:ws4598/pv7288|gradle#27500:ws657/pv733
05:27:49,6842,32768,4,5944,8877,gradle#1712:ws101/pv198|gradle#14316:ws588/pv658|client#45576:ws4598/pv7288|gradle#27500:ws657/pv733
05:28:00,6825,32779,4,5944,8877,gradle#1712:ws101/pv198|gradle#14316:ws588/pv658|client#45576:ws4598/pv7288|gradle#27500:ws657/pv733
05:28:10,6838,32784,4,5944,8877,gradle#1712:ws101/pv198|gradle#14316:ws588/pv658|client#45576:ws4598/pv7288|gradle#27500:ws657/pv733
05:28:21,6957,32631,4,5944,8877,gradle#1712:ws101/pv198|gradle#14316:ws588/pv658|client#45576:ws4598/pv7288|gradle#27500:ws657/pv733
05:28:31,6860,32746,4,5944,8877,gradle#1712:ws101/pv198|gradle#14316:ws588/pv658|client#45576:ws4598/pv7288|gradle#27500:ws657/pv733
05:28:41,6859,32756,4,5944,8877,gradle#1712:ws101/pv198|gradle#14316:ws588/pv658|client#45576:ws4598/pv7288|gradle#27500:ws657/pv733
05:28:52,6841,32785,4,5944,8877,gradle#1712:ws101/pv198|gradle#14316:ws588/pv658|client#45576:ws4598/pv7288|gradle#27500:ws657/pv733
05:29:02,6877,32749,4,5944,8877,gradle#1712:ws101/pv198|gradle#14316:ws588/pv658|client#45576:ws4598/pv7288|gradle#27500:ws657/pv733
05:29:13,7011,32585,4,5944,8877,gradle#1712:ws101/pv198|gradle#14316:ws588/pv658|client#45576:ws4598/pv7288|gradle#27500:ws657/pv733
05:29:23,7007,32603,4,5944,8877,gradle#1712:ws101/pv198|gradle#14316:ws588/pv658|client#45576:ws4598/pv7288|gradle#27500:ws657/pv733
05:29:34,7008,32616,4,5944,8877,gradle#1712:ws101/pv198|gradle#14316:ws588/pv658|client#45576:ws4598/pv7288|gradle#27500:ws657/pv733
05:29:44,6829,32791,4,5944,8877,gradle#1712:ws101/pv198|gradle#14316:ws588/pv658|client#45576:ws4598/pv7288|gradle#27500:ws657/pv733
05:29:55,6837,32787,4,5944,8877,gradle#1712:ws101/pv198|gradle#14316:ws588/pv658|client#45576:ws4598/pv7288|gradle#27500:ws657/pv733
05:30:05,6845,32802,4,5944,8877,gradle#1712:ws101/pv198|gradle#14316:ws588/pv658|client#45576:ws4598/pv7288|gradle#27500:ws657/pv733
05:30:15,6994,32601,4,5944,8877,gradle#1712:ws101/pv198|gradle#14316:ws588/pv658|client#45576:ws4598/pv7288|gradle#27500:ws657/pv733
05:30:26,6880,32733,4,5944,8877,gradle#1712:ws101/pv198|gradle#14316:ws588/pv658|client#45576:ws4598/pv7288|gradle#27500:ws657/pv733
05:30:36,6881,32747,4,5944,8877,gradle#1712:ws101/pv198|gradle#14316:ws588/pv658|client#45576:ws4598/pv7288|gradle#27500:ws657/pv733
05:30:47,6869,32765,4,5944,8877,gradle#1712:ws101/pv198|gradle#14316:ws588/pv658|client#45576:ws4598/pv7288|gradle#27500:ws657/pv733
05:30:57,6873,32748,4,5944,8877,gradle#1712:ws101/pv198|gradle#14316:ws588/pv658|client#45576:ws4598/pv7288|gradle#27500:ws657/pv733
05:31:08,6878,32748,4,5944,8877,gradle#1712:ws101/pv198|gradle#14316:ws588/pv658|client#45576:ws4598/pv7288|gradle#27500:ws657/pv733
05:31:18,6998,32610,4,5944,8877,gradle#1712:ws101/pv198|gradle#14316:ws588/pv658|client#45576:ws4598/pv7288|gradle#27500:ws657/pv733
05:31:29,6987,32626,4,5944,8877,gradle#1712:ws101/pv198|gradle#14316:ws588/pv658|client#45576:ws4598/pv7288|gradle#27500:ws657/pv733
05:31:39,6828,32801,4,5945,8877,gradle#1712:ws102/pv198|gradle#14316:ws588/pv658|client#45576:ws4598/pv7288|gradle#27500:ws657/pv733
05:31:50,6817,32820,4,5945,8877,gradle#1712:ws102/pv198|gradle#14316:ws588/pv658|client#45576:ws4598/pv7288|gradle#27500:ws657/pv733
05:32:00,6823,32806,4,5945,8877,gradle#1712:ws102/pv198|gradle#14316:ws588/pv658|client#45576:ws4598/pv7288|gradle#27500:ws657/pv733
05:32:11,6852,32776,4,5945,8877,gradle#1712:ws102/pv198|gradle#14316:ws588/pv658|client#45576:ws4598/pv7288|gradle#27500:ws657/pv733
05:32:21,6854,32766,4,5945,8877,gradle#1712:ws102/pv198|gradle#14316:ws588/pv658|client#45576:ws4598/pv7288|gradle#27500:ws657/pv733
05:32:32,6850,32773,4,5945,8877,gradle#1712:ws102/pv198|gradle#14316:ws588/pv658|client#45576:ws4598/pv7288|gradle#27500:ws657/pv733
05:32:42,6840,32757,4,5945,8877,gradle#1712:ws102/pv198|gradle#14316:ws588/pv658|client#45576:ws4598/pv7288|gradle#27500:ws657/pv733
05:32:52,6854,32786,4,5945,8877,gradle#1712:ws102/pv198|gradle#14316:ws588/pv658|client#45576:ws4598/pv7288|gradle#27500:ws657/pv733
05:33:03,6801,32838,4,5945,8877,gradle#1712:ws102/pv198|gradle#14316:ws588/pv658|client#45576:ws4598/pv7288|gradle#27500:ws657/pv733
05:33:14,6787,32848,4,5945,8877,gradle#1712:ws102/pv198|gradle#14316:ws588/pv658|client#45576:ws4598/pv7288|gradle#27500:ws657/pv733
05:33:24,6746,32864,4,5945,8877,gradle#1712:ws102/pv198|gradle#14316:ws588/pv658|client#45576:ws4598/pv7288|gradle#27500:ws657/pv733
05:33:35,6748,32862,4,5945,8877,gradle#1712:ws102/pv198|gradle#14316:ws588/pv658|client#45576:ws4598/pv7288|gradle#27500:ws657/pv733
05:33:45,6718,32918,4,5945,8877,gradle#1712:ws102/pv198|gradle#14316:ws588/pv658|client#45576:ws4598/pv7288|gradle#27500:ws657/pv733
05:33:56,6743,32871,4,5945,8877,gradle#1712:ws102/pv198|gradle#14316:ws588/pv658|client#45576:ws4598/pv7288|gradle#27500:ws657/pv733
05:34:06,6763,32872,4,5945,8877,gradle#1712:ws102/pv198|gradle#14316:ws588/pv658|client#45576:ws4598/pv7288|gradle#27500:ws657/pv733
05:34:17,6799,32818,4,5945,8877,gradle#1712:ws102/pv198|gradle#14316:ws588/pv658|client#45576:ws4598/pv7288|gradle#27500:ws657/pv733
05:34:27,6764,32863,4,5945,8877,gradle#1712:ws102/pv198|gradle#14316:ws588/pv658|client#45576:ws4598/pv7288|gradle#27500:ws657/pv733
05:34:38,6713,32928,4,5929,8859,gradle#1712:ws102/pv198|gradle#14316:ws588/pv658|client#45576:ws4582/pv7270|gradle#27500:ws657/pv733
05:34:48,6729,32894,4,5929,8859,gradle#1712:ws102/pv198|gradle#14316:ws588/pv658|client#45576:ws4582/pv7270|gradle#27500:ws657/pv733
05:34:59,6699,32935,4,5929,8859,gradle#1712:ws102/pv198|gradle#14316:ws588/pv658|client#45576:ws4582/pv7270|gradle#27500:ws657/pv733
05:35:10,6739,32875,4,5929,8859,gradle#1712:ws102/pv198|gradle#14316:ws588/pv658|client#45576:ws4582/pv7270|gradle#27500:ws657/pv733
05:35:20,6754,32851,4,5929,8859,gradle#1712:ws102/pv198|gradle#14316:ws588/pv658|client#45576:ws4582/pv7270|gradle#27500:ws657/pv733
05:35:31,6736,32873,4,5929,8859,gradle#1712:ws102/pv198|gradle#14316:ws588/pv658|client#45576:ws4582/pv7270|gradle#27500:ws657/pv733
05:35:41,6730,32877,4,5929,8859,gradle#1712:ws102/pv198|gradle#14316:ws588/pv658|client#45576:ws4582/pv7270|gradle#27500:ws657/pv733
05:35:51,6739,32865,4,5929,8859,gradle#1712:ws102/pv198|gradle#14316:ws588/pv658|client#45576:ws4582/pv7270|gradle#27500:ws657/pv733
05:36:02,6742,32871,4,5929,8859,gradle#1712:ws102/pv198|gradle#14316:ws588/pv658|client#45576:ws4582/pv7270|gradle#27500:ws657/pv733
05:36:12,6730,32867,4,5929,8859,gradle#1712:ws102/pv198|gradle#14316:ws588/pv658|client#45576:ws4582/pv7270|gradle#27500:ws657/pv733
05:36:23,6880,32692,4,5929,8859,gradle#1712:ws102/pv198|gradle#14316:ws588/pv658|client#45576:ws4582/pv7270|gradle#27500:ws657/pv733
05:36:33,6893,32684,4,5929,8859,gradle#1712:ws102/pv198|gradle#14316:ws588/pv658|client#45576:ws4582/pv7270|gradle#27500:ws657/pv733
05:36:44,6603,33028,4,5929,8859,gradle#1712:ws102/pv198|gradle#14316:ws588/pv658|client#45576:ws4582/pv7270|gradle#27500:ws657/pv733
05:36:54,6700,32915,4,5929,8859,gradle#1712:ws102/pv198|gradle#14316:ws588/pv658|client#45576:ws4582/pv7270|gradle#27500:ws657/pv733
05:37:05,6674,32932,4,5929,8859,gradle#1712:ws102/pv198|gradle#14316:ws588/pv658|client#45576:ws4582/pv7270|gradle#27500:ws657/pv733
05:37:15,6770,32814,4,5929,8859,gradle#1712:ws102/pv198|gradle#14316:ws588/pv658|client#45576:ws4582/pv7270|gradle#27500:ws657/pv733
05:37:26,6768,32827,4,5929,8859,gradle#1712:ws102/pv198|gradle#14316:ws588/pv658|client#45576:ws4582/pv7270|gradle#27500:ws657/pv733
05:37:36,6771,32804,4,5929,8859,gradle#1712:ws102/pv198|gradle#14316:ws588/pv658|client#45576:ws4582/pv7270|gradle#27500:ws657/pv733
05:37:46,6742,32855,4,5929,8859,gradle#1712:ws102/pv198|gradle#14316:ws588/pv658|client#45576:ws4582/pv7270|gradle#27500:ws657/pv733
05:37:57,6724,32864,4,5929,8859,gradle#1712:ws102/pv198|gradle#14316:ws588/pv658|client#45576:ws4582/pv7270|gradle#27500:ws657/pv733
05:38:07,6720,32865,4,5929,8859,gradle#1712:ws102/pv198|gradle#14316:ws588/pv658|client#45576:ws4582/pv7270|gradle#27500:ws657/pv733
05:38:18,6732,32836,4,5931,8859,gradle#1712:ws104/pv198|gradle#14316:ws588/pv658|client#45576:ws4582/pv7270|gradle#27500:ws657/pv733
05:38:28,6721,32850,4,5931,8859,gradle#1712:ws104/pv198|gradle#14316:ws588/pv658|client#45576:ws4582/pv7270|gradle#27500:ws657/pv733
05:38:39,6730,32860,4,5931,8859,gradle#1712:ws104/pv198|gradle#14316:ws588/pv658|client#45576:ws4582/pv7270|gradle#27500:ws657/pv733
05:38:49,6724,32861,4,5931,8859,gradle#1712:ws104/pv198|gradle#14316:ws588/pv658|client#45576:ws4582/pv7270|gradle#27500:ws657/pv733
05:39:00,6713,32880,4,5931,8859,gradle#1712:ws104/pv198|gradle#14316:ws588/pv658|client#45576:ws4582/pv7270|gradle#27500:ws657/pv733
05:39:10,6717,32879,4,5931,8859,gradle#1712:ws104/pv198|gradle#14316:ws588/pv658|client#45576:ws4582/pv7270|gradle#27500:ws657/pv733
05:39:21,6732,32838,4,5931,8859,gradle#1712:ws104/pv198|gradle#14316:ws588/pv658|client#45576:ws4582/pv7270|gradle#27500:ws657/pv733
05:39:31,6862,32690,4,5931,8859,gradle#1712:ws104/pv198|gradle#14316:ws588/pv658|client#45576:ws4582/pv7270|gradle#27500:ws657/pv733
05:39:42,6647,32949,4,5931,8859,gradle#1712:ws104/pv198|gradle#14316:ws588/pv658|client#45576:ws4582/pv7270|gradle#27500:ws657/pv733
05:39:52,6713,32888,4,5931,8859,gradle#1712:ws104/pv198|gradle#14316:ws588/pv658|client#45576:ws4582/pv7270|gradle#27500:ws657/pv733
05:40:02,6733,32866,4,5931,8859,gradle#1712:ws104/pv198|gradle#14316:ws588/pv658|client#45576:ws4582/pv7270|gradle#27500:ws657/pv733
05:40:13,6778,32803,4,5931,8859,gradle#1712:ws104/pv198|gradle#14316:ws588/pv658|client#45576:ws4582/pv7270|gradle#27500:ws657/pv733
05:40:23,6807,32803,4,5931,8859,gradle#1712:ws104/pv198|gradle#14316:ws588/pv658|client#45576:ws4582/pv7270|gradle#27500:ws657/pv733
05:40:34,6815,32783,4,5931,8859,gradle#1712:ws104/pv198|gradle#14316:ws588/pv658|client#45576:ws4582/pv7270|gradle#27500:ws657/pv733
05:40:44,6761,32844,4,5931,8859,gradle#1712:ws104/pv198|gradle#14316:ws588/pv658|client#45576:ws4582/pv7270|gradle#27500:ws657/pv733
05:40:55,6787,32831,4,5931,8859,gradle#1712:ws104/pv198|gradle#14316:ws588/pv658|client#45576:ws4582/pv7270|gradle#27500:ws657/pv733
05:41:05,6786,32816,4,5931,8859,gradle#1712:ws104/pv198|gradle#14316:ws588/pv658|client#45576:ws4582/pv7270|gradle#27500:ws657/pv733
05:41:16,6792,32802,4,5931,8859,gradle#1712:ws104/pv198|gradle#14316:ws588/pv658|client#45576:ws4582/pv7270|gradle#27500:ws657/pv733
05:41:26,6905,32671,4,5931,8859,gradle#1712:ws104/pv198|gradle#14316:ws588/pv658|client#45576:ws4582/pv7270|gradle#27500:ws657/pv733
05:41:37,6920,32666,4,5931,8859,gradle#1712:ws104/pv198|gradle#14316:ws588/pv658|client#45576:ws4582/pv7270|gradle#27500:ws657/pv733
05:41:48,6728,32844,4,5931,8859,gradle#1712:ws104/pv198|gradle#14316:ws588/pv658|client#45576:ws4582/pv7270|gradle#27500:ws657/pv733
05:41:58,6735,32832,4,5931,8859,gradle#1712:ws104/pv198|gradle#14316:ws588/pv658|client#45576:ws4582/pv7270|gradle#27500:ws657/pv733
05:42:09,6736,32847,4,5931,8859,gradle#1712:ws104/pv198|gradle#14316:ws588/pv658|client#45576:ws4582/pv7270|gradle#27500:ws657/pv733
05:42:19,6772,32810,4,5931,8859,gradle#1712:ws104/pv198|gradle#14316:ws588/pv658|client#45576:ws4582/pv7270|gradle#27500:ws657/pv733
05:42:30,6770,32793,4,5931,8859,gradle#1712:ws104/pv198|gradle#14316:ws588/pv658|client#45576:ws4582/pv7270|gradle#27500:ws657/pv733
05:42:40,6759,32819,4,5931,8859,gradle#1712:ws104/pv198|gradle#14316:ws588/pv658|client#45576:ws4582/pv7270|gradle#27500:ws657/pv733
05:42:51,6751,32857,4,5931,8859,gradle#1712:ws104/pv198|gradle#14316:ws588/pv658|client#45576:ws4582/pv7270|gradle#27500:ws657/pv733
05:43:01,6748,32851,4,5931,8859,gradle#1712:ws104/pv198|gradle#14316:ws588/pv658|client#45576:ws4582/pv7270|gradle#27500:ws657/pv733
05:43:11,6765,32803,4,5931,8859,gradle#1712:ws104/pv198|gradle#14316:ws588/pv658|client#45576:ws4582/pv7270|gradle#27500:ws657/pv733
05:43:22,6774,32821,4,5931,8859,gradle#1712:ws104/pv198|gradle#14316:ws588/pv658|client#45576:ws4582/pv7270|gradle#27500:ws657/pv733
05:43:32,6765,32822,4,5931,8859,gradle#1712:ws104/pv198|gradle#14316:ws588/pv658|client#45576:ws4582/pv7270|gradle#27500:ws657/pv733
05:43:43,6725,32867,4,5931,8859,gradle#1712:ws104/pv198|gradle#14316:ws588/pv658|client#45576:ws4582/pv7270|gradle#27500:ws657/pv733
05:43:53,6730,32870,4,5931,8859,gradle#1712:ws104/pv198|gradle#14316:ws588/pv658|client#45576:ws4582/pv7270|gradle#27500:ws657/pv733
05:44:04,6723,32891,4,5931,8859,gradle#1712:ws104/pv198|gradle#14316:ws588/pv658|client#45576:ws4582/pv7270|gradle#27500:ws657/pv733
05:44:14,6737,32845,4,5931,8859,gradle#1712:ws104/pv198|gradle#14316:ws588/pv658|client#45576:ws4582/pv7270|gradle#27500:ws657/pv733
05:44:25,6726,32861,4,5931,8859,gradle#1712:ws104/pv198|gradle#14316:ws588/pv658|client#45576:ws4582/pv7270|gradle#27500:ws657/pv733
05:44:35,6829,32752,4,5930,8858,gradle#1712:ws104/pv198|gradle#14316:ws588/pv658|client#45576:ws4581/pv7269|gradle#27500:ws657/pv733
05:44:46,6716,32896,4,5930,8858,gradle#1712:ws104/pv198|gradle#14316:ws588/pv658|client#45576:ws4581/pv7269|gradle#27500:ws657/pv733
05:44:56,6742,32870,4,5930,8858,gradle#1712:ws104/pv198|gradle#14316:ws588/pv658|client#45576:ws4581/pv7269|gradle#27500:ws657/pv733
05:45:06,6736,32876,4,5930,8858,gradle#1712:ws104/pv198|gradle#14316:ws588/pv658|client#45576:ws4581/pv7269|gradle#27500:ws657/pv733
05:45:17,6776,32828,4,5930,8858,gradle#1712:ws104/pv198|gradle#14316:ws588/pv658|client#45576:ws4581/pv7269|gradle#27500:ws657/pv733
05:45:27,6772,32815,4,5930,8858,gradle#1712:ws104/pv198|gradle#14316:ws588/pv658|client#45576:ws4581/pv7269|gradle#27500:ws657/pv733
05:45:38,6770,32814,4,5930,8858,gradle#1712:ws104/pv198|gradle#14316:ws588/pv658|client#45576:ws4581/pv7269|gradle#27500:ws657/pv733
05:45:48,6738,32857,4,5930,8858,gradle#1712:ws104/pv198|gradle#14316:ws588/pv658|client#45576:ws4581/pv7269|gradle#27500:ws657/pv733
05:45:59,6747,32834,4,5930,8858,gradle#1712:ws104/pv198|gradle#14316:ws588/pv658|client#45576:ws4581/pv7269|gradle#27500:ws657/pv733
05:46:09,6752,32848,4,5930,8858,gradle#1712:ws104/pv198|gradle#14316:ws588/pv658|client#45576:ws4581/pv7269|gradle#27500:ws657/pv733
05:46:20,6772,32835,4,5930,8858,gradle#1712:ws104/pv198|gradle#14316:ws588/pv658|client#45576:ws4581/pv7269|gradle#27500:ws657/pv733
05:46:30,6765,32824,4,5930,8858,gradle#1712:ws104/pv198|gradle#14316:ws588/pv658|client#45576:ws4581/pv7269|gradle#27500:ws657/pv733
05:46:41,6713,32878,4,5930,8858,gradle#1712:ws104/pv198|gradle#14316:ws588/pv658|client#45576:ws4581/pv7269|gradle#27500:ws657/pv733
05:46:51,6704,32898,4,5930,8858,gradle#1712:ws104/pv198|gradle#14316:ws588/pv658|client#45576:ws4581/pv7269|gradle#27500:ws657/pv733
05:47:02,6702,32902,4,5930,8858,gradle#1712:ws104/pv198|gradle#14316:ws588/pv658|client#45576:ws4581/pv7269|gradle#27500:ws657/pv733
05:47:12,6741,32832,4,5930,8858,gradle#1712:ws104/pv198|gradle#14316:ws588/pv658|client#45576:ws4581/pv7269|gradle#27500:ws657/pv733
05:47:22,6741,32833,4,5930,8858,gradle#1712:ws104/pv198|gradle#14316:ws588/pv658|client#45576:ws4581/pv7269|gradle#27500:ws657/pv733
05:47:33,6740,32845,4,5930,8858,gradle#1712:ws104/pv198|gradle#14316:ws588/pv658|client#45576:ws4581/pv7269|gradle#27500:ws657/pv733
05:47:43,6729,32855,4,5930,8858,gradle#1712:ws104/pv198|gradle#14316:ws588/pv658|client#45576:ws4581/pv7269|gradle#27500:ws657/pv733
05:47:54,6751,32835,4,5930,8858,gradle#1712:ws104/pv198|gradle#14316:ws588/pv658|client#45576:ws4581/pv7269|gradle#27500:ws657/pv733
05:48:04,6752,32850,4,5930,8858,gradle#1712:ws104/pv198|gradle#14316:ws588/pv658|client#45576:ws4581/pv7269|gradle#27500:ws657/pv733
05:48:15,6761,32834,4,5930,8858,gradle#1712:ws104/pv198|gradle#14316:ws588/pv658|client#45576:ws4581/pv7269|gradle#27500:ws657/pv733
05:48:25,6763,32821,4,5930,8858,gradle#1712:ws104/pv198|gradle#14316:ws588/pv658|client#45576:ws4581/pv7269|gradle#27500:ws657/pv733
05:48:36,6752,32829,4,5930,8858,gradle#1712:ws104/pv198|gradle#14316:ws588/pv658|client#45576:ws4581/pv7269|gradle#27500:ws657/pv733
05:48:46,6728,32871,4,5930,8858,gradle#1712:ws104/pv198|gradle#14316:ws588/pv658|client#45576:ws4581/pv7269|gradle#27500:ws657/pv733
05:48:57,6708,32888,4,5930,8858,gradle#1712:ws104/pv198|gradle#14316:ws588/pv658|client#45576:ws4581/pv7269|gradle#27500:ws657/pv733
05:49:07,6701,32889,4,5930,8858,gradle#1712:ws104/pv198|gradle#14316:ws588/pv658|client#45576:ws4581/pv7269|gradle#27500:ws657/pv733
05:49:18,6714,32864,4,5930,8858,gradle#1712:ws104/pv198|gradle#14316:ws588/pv658|client#45576:ws4581/pv7269|gradle#27500:ws657/pv733
05:49:28,6691,32890,4,5930,8858,gradle#1712:ws104/pv198|gradle#14316:ws588/pv658|client#45576:ws4581/pv7269|gradle#27500:ws657/pv733
05:49:39,6705,32878,4,5930,8858,gradle#1712:ws104/pv198|gradle#14316:ws588/pv658|client#45576:ws4581/pv7269|gradle#27500:ws657/pv733
05:49:49,6692,32906,4,5930,8858,gradle#1712:ws104/pv198|gradle#14316:ws588/pv658|client#45576:ws4581/pv7269|gradle#27500:ws657/pv733
05:50:00,6669,32937,4,5930,8858,gradle#1712:ws104/pv198|gradle#14316:ws588/pv658|client#45576:ws4581/pv7269|gradle#27500:ws657/pv733
05:50:10,6682,32907,4,5930,8858,gradle#1712:ws104/pv198|gradle#14316:ws588/pv658|client#45576:ws4581/pv7269|gradle#27500:ws657/pv733
05:50:21,6701,32885,4,5930,8858,gradle#1712:ws104/pv198|gradle#14316:ws588/pv658|client#45576:ws4581/pv7269|gradle#27500:ws657/pv733
05:50:31,6714,32876,4,5930,8858,gradle#1712:ws104/pv198|gradle#14316:ws588/pv658|client#45576:ws4581/pv7269|gradle#27500:ws657/pv733
05:50:42,6685,32912,4,5930,8858,gradle#1712:ws104/pv198|gradle#14316:ws588/pv658|client#45576:ws4581/pv7269|gradle#27500:ws657/pv733
05:50:52,6712,32871,4,5930,8858,gradle#1712:ws104/pv198|gradle#14316:ws588/pv658|client#45576:ws4581/pv7269|gradle#27500:ws657/pv733
05:51:03,6689,32892,4,5930,8858,gradle#1712:ws104/pv198|gradle#14316:ws588/pv658|client#45576:ws4581/pv7269|gradle#27500:ws657/pv733
05:51:13,6816,32724,4,5930,8858,gradle#1712:ws104/pv198|gradle#14316:ws588/pv658|client#45576:ws4581/pv7269|gradle#27500:ws657/pv733
05:51:24,6704,32886,4,5930,8858,gradle#1712:ws104/pv198|gradle#14316:ws588/pv658|client#45576:ws4581/pv7269|gradle#27500:ws657/pv733
05:51:34,6733,32852,4,5930,8858,gradle#1712:ws104/pv198|gradle#14316:ws588/pv658|client#45576:ws4581/pv7269|gradle#27500:ws657/pv733
05:51:45,6701,32905,4,5930,8858,gradle#1712:ws104/pv198|gradle#14316:ws588/pv658|client#45576:ws4581/pv7269|gradle#27500:ws657/pv733
05:51:55,6727,32863,4,5931,8859,gradle#1712:ws104/pv198|gradle#14316:ws589/pv659|client#45576:ws4581/pv7269|gradle#27500:ws657/pv733
05:52:06,6724,32867,4,5931,8859,gradle#1712:ws104/pv198|gradle#14316:ws589/pv659|client#45576:ws4581/pv7269|gradle#27500:ws657/pv733
05:52:16,6733,32847,4,5931,8859,gradle#1712:ws104/pv198|gradle#14316:ws589/pv659|client#45576:ws4581/pv7269|gradle#27500:ws657/pv733
05:52:27,6718,32870,4,5931,8859,gradle#1712:ws104/pv198|gradle#14316:ws589/pv659|client#45576:ws4581/pv7269|gradle#27500:ws657/pv733
05:52:37,6744,32847,4,5931,8859,gradle#1712:ws104/pv198|gradle#14316:ws589/pv659|client#45576:ws4581/pv7269|gradle#27500:ws657/pv733
05:52:48,6717,32883,4,5931,8859,gradle#1712:ws104/pv198|gradle#14316:ws589/pv659|client#45576:ws4581/pv7269|gradle#27500:ws657/pv733
05:52:58,6697,32891,4,5931,8859,gradle#1712:ws104/pv198|gradle#14316:ws589/pv659|client#45576:ws4581/pv7269|gradle#27500:ws657/pv733
05:53:09,6702,32908,4,5931,8859,gradle#1712:ws104/pv198|gradle#14316:ws589/pv659|client#45576:ws4581/pv7269|gradle#27500:ws657/pv733
05:53:19,6641,32950,4,5931,8859,gradle#1712:ws104/pv198|gradle#14316:ws589/pv659|client#45576:ws4581/pv7269|gradle#27500:ws657/pv733
05:53:29,6722,32874,4,5931,8859,gradle#1712:ws104/pv198|gradle#14316:ws589/pv659|client#45576:ws4581/pv7269|gradle#27500:ws657/pv733
05:53:40,6724,32882,4,5931,8859,gradle#1712:ws104/pv198|gradle#14316:ws589/pv659|client#45576:ws4581/pv7269|gradle#27500:ws657/pv733
05:53:50,6741,32857,4,5931,8859,gradle#1712:ws104/pv198|gradle#14316:ws589/pv659|client#45576:ws4581/pv7269|gradle#27500:ws657/pv733
05:54:01,6738,32858,4,5931,8859,gradle#1712:ws104/pv198|gradle#14316:ws589/pv659|client#45576:ws4581/pv7269|gradle#27500:ws657/pv733
05:54:11,6734,32908,4,5931,8859,gradle#1712:ws104/pv198|gradle#14316:ws589/pv659|client#45576:ws4581/pv7269|gradle#27500:ws657/pv733
05:54:22,6754,32870,4,5931,8859,gradle#1712:ws104/pv198|gradle#14316:ws589/pv659|client#45576:ws4581/pv7269|gradle#27500:ws657/pv733
05:54:32,6736,32872,4,5931,8859,gradle#1712:ws104/pv198|gradle#14316:ws589/pv659|client#45576:ws4581/pv7269|gradle#27500:ws657/pv733
05:54:43,6667,32942,4,5931,8859,gradle#1712:ws104/pv198|gradle#14316:ws589/pv659|client#45576:ws4581/pv7269|gradle#27500:ws657/pv733
05:54:53,6702,32916,4,5931,8859,gradle#1712:ws104/pv198|gradle#14316:ws589/pv659|client#45576:ws4581/pv7269|gradle#27500:ws657/pv733
05:55:04,6712,32897,4,5931,8859,gradle#1712:ws104/pv198|gradle#14316:ws589/pv659|client#45576:ws4581/pv7269|gradle#27500:ws657/pv733
05:55:14,6720,32870,4,5931,8859,gradle#1712:ws104/pv198|gradle#14316:ws589/pv659|client#45576:ws4581/pv7269|gradle#27500:ws657/pv733
05:55:25,6719,32882,4,5931,8859,gradle#1712:ws104/pv198|gradle#14316:ws589/pv659|client#45576:ws4581/pv7269|gradle#27500:ws657/pv733
05:55:35,6728,32869,4,5922,8848,gradle#1712:ws104/pv198|gradle#14316:ws589/pv659|client#45576:ws4572/pv7258|gradle#27500:ws657/pv733
05:55:46,6704,32902,4,5922,8848,gradle#1712:ws104/pv198|gradle#14316:ws589/pv659|client#45576:ws4572/pv7258|gradle#27500:ws657/pv733
05:55:56,6700,32915,4,5922,8848,gradle#1712:ws104/pv198|gradle#14316:ws589/pv659|client#45576:ws4572/pv7258|gradle#27500:ws657/pv733
05:56:06,6702,32914,4,5922,8848,gradle#1712:ws104/pv198|gradle#14316:ws589/pv659|client#45576:ws4572/pv7258|gradle#27500:ws657/pv733
05:56:17,6845,32740,4,5922,8849,gradle#1712:ws104/pv198|gradle#14316:ws589/pv660|client#45576:ws4572/pv7258|gradle#27500:ws657/pv733
05:56:27,6677,32915,4,5922,8849,gradle#1712:ws104/pv198|gradle#14316:ws589/pv660|client#45576:ws4572/pv7258|gradle#27500:ws657/pv733
05:56:38,6695,32919,4,5922,8849,gradle#1712:ws104/pv198|gradle#14316:ws589/pv660|client#45576:ws4572/pv7258|gradle#27500:ws657/pv733
05:56:48,6693,32912,4,5922,8849,gradle#1712:ws104/pv198|gradle#14316:ws589/pv660|client#45576:ws4572/pv7258|gradle#27500:ws657/pv733
05:56:59,6709,32893,4,5922,8849,gradle#1712:ws104/pv198|gradle#14316:ws589/pv660|client#45576:ws4572/pv7258|gradle#27500:ws657/pv733
05:57:09,6738,32870,4,5923,8849,gradle#1712:ws104/pv198|gradle#14316:ws590/pv660|client#45576:ws4572/pv7258|gradle#27500:ws657/pv733
05:57:20,6776,32869,4,5923,8849,gradle#1712:ws104/pv198|gradle#14316:ws590/pv660|client#45576:ws4572/pv7258|gradle#27500:ws657/pv733
05:57:30,6778,32847,4,5923,8849,gradle#1712:ws104/pv198|gradle#14316:ws590/pv660|client#45576:ws4572/pv7258|gradle#27500:ws657/pv733
05:57:41,6760,32881,4,5923,8849,gradle#1712:ws104/pv198|gradle#14316:ws590/pv660|client#45576:ws4572/pv7258|gradle#27500:ws657/pv733
05:57:51,6747,32891,4,5923,8849,gradle#1712:ws104/pv198|gradle#14316:ws590/pv660|client#45576:ws4572/pv7258|gradle#27500:ws657/pv733
05:58:02,6758,32882,4,5923,8849,gradle#1712:ws104/pv198|gradle#14316:ws590/pv660|client#45576:ws4572/pv7258|gradle#27500:ws657/pv733
05:58:12,6890,32697,4,5923,8849,gradle#1712:ws104/pv198|gradle#14316:ws590/pv660|client#45576:ws4572/pv7258|gradle#27500:ws657/pv733
05:58:22,6746,32863,4,5923,8849,gradle#1712:ws104/pv198|gradle#14316:ws590/pv660|client#45576:ws4572/pv7258|gradle#27500:ws657/pv733
05:58:33,6750,32873,4,5923,8849,gradle#1712:ws104/pv198|gradle#14316:ws590/pv660|client#45576:ws4572/pv7258|gradle#27500:ws657/pv733
05:58:43,6714,32907,4,5923,8849,gradle#1712:ws104/pv198|gradle#14316:ws590/pv660|client#45576:ws4572/pv7258|gradle#27500:ws657/pv733
05:58:54,6735,32880,4,5923,8849,gradle#1712:ws104/pv198|gradle#14316:ws590/pv660|client#45576:ws4572/pv7258|gradle#27500:ws657/pv733
05:59:04,6736,32885,4,5923,8849,gradle#1712:ws104/pv198|gradle#14316:ws590/pv660|client#45576:ws4572/pv7258|gradle#27500:ws657/pv733
05:59:15,6888,32704,4,5923,8849,gradle#1712:ws104/pv198|gradle#14316:ws590/pv660|client#45576:ws4572/pv7258|gradle#27500:ws657/pv733
05:59:25,6888,32704,4,5923,8849,gradle#1712:ws104/pv198|gradle#14316:ws590/pv660|client#45576:ws4572/pv7258|gradle#27500:ws657/pv733
05:59:36,6714,32913,4,5923,8849,gradle#1712:ws104/pv198|gradle#14316:ws590/pv660|client#45576:ws4572/pv7258|gradle#27500:ws657/pv733
05:59:46,6560,33116,4,5923,8849,gradle#1712:ws104/pv198|gradle#14316:ws590/pv660|client#45576:ws4572/pv7258|gradle#27500:ws657/pv733
05:59:57,6610,33048,4,5923,8849,gradle#1712:ws104/pv198|gradle#14316:ws590/pv660|client#45576:ws4572/pv7258|gradle#27500:ws657/pv733
06:00:07,6641,33018,4,5923,8849,gradle#1712:ws104/pv198|gradle#14316:ws590/pv660|client#45576:ws4572/pv7258|gradle#27500:ws657/pv733
06:00:18,6774,32860,4,5923,8849,gradle#1712:ws104/pv198|gradle#14316:ws590/pv660|client#45576:ws4572/pv7258|gradle#27500:ws657/pv733
06:00:28,6762,32858,4,5923,8849,gradle#1712:ws104/pv198|gradle#14316:ws590/pv660|client#45576:ws4572/pv7258|gradle#27500:ws657/pv733
06:00:39,6754,32881,4,5923,8849,gradle#1712:ws104/pv198|gradle#14316:ws590/pv660|client#45576:ws4572/pv7258|gradle#27500:ws657/pv733
06:00:49,6554,33125,4,5923,8849,gradle#1712:ws104/pv198|gradle#14316:ws590/pv660|client#45576:ws4572/pv7258|gradle#27500:ws657/pv733
06:01:00,6620,33052,4,5913,8838,gradle#1712:ws104/pv198|gradle#14316:ws590/pv660|client#45576:ws4562/pv7247|gradle#27500:ws657/pv733
06:01:10,6616,33048,4,5913,8838,gradle#1712:ws104/pv198|gradle#14316:ws590/pv660|client#45576:ws4562/pv7247|gradle#27500:ws657/pv733
06:01:21,6833,32763,4,5913,8838,gradle#1712:ws104/pv198|gradle#14316:ws590/pv660|client#45576:ws4562/pv7247|gradle#27500:ws657/pv733
06:01:31,6837,32778,4,5913,8838,gradle#1712:ws104/pv198|gradle#14316:ws590/pv660|client#45576:ws4562/pv7247|gradle#27500:ws657/pv733
06:01:42,6553,33102,4,5913,8838,gradle#1712:ws104/pv198|gradle#14316:ws590/pv660|client#45576:ws4562/pv7247|gradle#27500:ws657/pv733
06:01:52,6548,33105,4,5913,8838,gradle#1712:ws104/pv198|gradle#14316:ws590/pv660|client#45576:ws4562/pv7247|gradle#27500:ws657/pv733
06:02:02,6591,33075,4,5913,8838,gradle#1712:ws104/pv198|gradle#14316:ws590/pv660|client#45576:ws4562/pv7247|gradle#27500:ws657/pv733
06:02:13,6677,32954,4,5913,8838,gradle#1712:ws104/pv198|gradle#14316:ws590/pv660|client#45576:ws4562/pv7247|gradle#27500:ws657/pv733
06:02:24,6720,32906,4,5913,8838,gradle#1712:ws104/pv198|gradle#14316:ws590/pv660|client#45576:ws4562/pv7247|gradle#27500:ws657/pv733
06:02:34,6716,32911,4,5913,8838,gradle#1712:ws104/pv198|gradle#14316:ws590/pv660|client#45576:ws4562/pv7247|gradle#27500:ws657/pv733
06:02:44,6683,32962,4,5913,8838,gradle#1712:ws104/pv198|gradle#14316:ws590/pv660|client#45576:ws4562/pv7247|gradle#27500:ws657/pv733
06:02:55,6692,32930,4,5913,8838,gradle#1712:ws104/pv198|gradle#14316:ws590/pv660|client#45576:ws4562/pv7247|gradle#27500:ws657/pv733
06:03:05,6687,32936,4,5913,8838,gradle#1712:ws104/pv198|gradle#14316:ws590/pv660|client#45576:ws4562/pv7247|gradle#27500:ws657/pv733
06:03:16,6671,32947,4,5913,8838,gradle#1712:ws104/pv198|gradle#14316:ws590/pv660|client#45576:ws4562/pv7247|gradle#27500:ws657/pv733
06:03:26,6650,32951,4,5923,8848,gradle#1712:ws104/pv198|gradle#14316:ws600/pv670|client#45576:ws4562/pv7247|gradle#27500:ws657/pv733
06:03:37,6648,32949,4,5923,8848,gradle#1712:ws104/pv198|gradle#14316:ws600/pv670|client#45576:ws4562/pv7247|gradle#27500:ws657/pv733
06:03:47,6667,32933,4,5923,8848,gradle#1712:ws104/pv198|gradle#14316:ws600/pv670|client#45576:ws4562/pv7247|gradle#27500:ws657/pv733
06:03:58,6653,32940,4,5923,8848,gradle#1712:ws104/pv198|gradle#14316:ws600/pv670|client#45576:ws4562/pv7247|gradle#27500:ws657/pv733
06:04:08,6669,32916,4,5923,8848,gradle#1712:ws104/pv198|gradle#14316:ws600/pv670|client#45576:ws4562/pv7247|gradle#27500:ws657/pv733
06:04:18,6667,32907,4,5923,8848,gradle#1712:ws104/pv198|gradle#14316:ws600/pv670|client#45576:ws4562/pv7247|gradle#27500:ws657/pv733
06:04:29,6657,32931,4,5923,8848,gradle#1712:ws104/pv198|gradle#14316:ws600/pv670|client#45576:ws4562/pv7247|gradle#27500:ws657/pv733
06:04:39,6739,32840,4,5923,8848,gradle#1712:ws104/pv198|gradle#14316:ws600/pv670|client#45576:ws4562/pv7247|gradle#27500:ws657/pv733
06:04:50,6628,32963,4,5923,8848,gradle#1712:ws104/pv198|gradle#14316:ws600/pv670|client#45576:ws4562/pv7247|gradle#27500:ws657/pv733
06:05:00,6602,33003,4,5923,8848,gradle#1712:ws104/pv198|gradle#14316:ws600/pv670|client#45576:ws4562/pv7247|gradle#27500:ws657/pv733
06:05:11,6624,32980,4,5923,8848,gradle#1712:ws104/pv198|gradle#14316:ws600/pv670|client#45576:ws4562/pv7247|gradle#27500:ws657/pv733
06:05:21,6655,32920,4,5923,8848,gradle#1712:ws104/pv198|gradle#14316:ws600/pv670|client#45576:ws4562/pv7247|gradle#27500:ws657/pv733
06:05:32,6647,32935,4,5923,8848,gradle#1712:ws104/pv198|gradle#14316:ws600/pv670|client#45576:ws4562/pv7247|gradle#27500:ws657/pv733
06:05:42,6640,32949,4,5923,8847,gradle#1712:ws104/pv198|gradle#14316:ws600/pv670|client#45576:ws4562/pv7246|gradle#27500:ws657/pv733
06:05:53,6656,32921,4,5923,8847,gradle#1712:ws104/pv198|gradle#14316:ws600/pv670|client#45576:ws4562/pv7246|gradle#27500:ws657/pv733
06:06:03,6663,32909,4,5923,8848,gradle#1712:ws104/pv198|gradle#14316:ws600/pv670|client#45576:ws4562/pv7247|gradle#27500:ws657/pv733
06:06:13,6774,32758,4,5923,8848,gradle#1712:ws104/pv198|gradle#14316:ws600/pv670|client#45576:ws4562/pv7247|gradle#27500:ws657/pv733
06:06:24,6811,32750,4,5923,8848,gradle#1712:ws104/pv198|gradle#14316:ws600/pv670|client#45576:ws4562/pv7247|gradle#27500:ws657/pv733
06:06:34,6814,32737,4,5923,8848,gradle#1712:ws104/pv198|gradle#14316:ws600/pv670|client#45576:ws4562/pv7247|gradle#27500:ws657/pv733
06:06:45,6617,32955,4,5923,8848,gradle#1712:ws104/pv198|gradle#14316:ws600/pv670|client#45576:ws4562/pv7247|gradle#27500:ws657/pv733
06:06:55,6634,32971,4,5926,8851,gradle#1712:ws104/pv198|gradle#14316:ws603/pv673|client#45576:ws4562/pv7247|gradle#27500:ws657/pv733
06:07:06,6634,32948,4,5926,8851,gradle#1712:ws104/pv198|gradle#14316:ws603/pv673|client#45576:ws4562/pv7247|gradle#27500:ws657/pv733
06:07:16,6669,32901,4,5926,8851,gradle#1712:ws104/pv198|gradle#14316:ws603/pv673|client#45576:ws4562/pv7247|gradle#27500:ws657/pv733
06:07:27,6660,32921,4,5926,8851,gradle#1712:ws104/pv198|gradle#14316:ws603/pv673|client#45576:ws4562/pv7247|gradle#27500:ws657/pv733
06:07:37,6666,32915,4,5926,8851,gradle#1712:ws104/pv198|gradle#14316:ws603/pv673|client#45576:ws4562/pv7247|gradle#27500:ws657/pv733
06:07:48,6642,32949,4,5926,8851,gradle#1712:ws104/pv198|gradle#14316:ws603/pv673|client#45576:ws4562/pv7247|gradle#27500:ws657/pv733
06:07:58,6637,32969,4,5926,8851,gradle#1712:ws104/pv198|gradle#14316:ws603/pv673|client#45576:ws4562/pv7247|gradle#27500:ws657/pv733
06:08:09,6620,32987,4,5926,8851,gradle#1712:ws104/pv198|gradle#14316:ws603/pv673|client#45576:ws4562/pv7247|gradle#27500:ws657/pv733
06:08:19,6634,32942,4,5926,8851,gradle#1712:ws104/pv198|gradle#14316:ws603/pv673|client#45576:ws4562/pv7247|gradle#27500:ws657/pv733
06:08:30,6624,32963,4,5927,8851,gradle#1712:ws104/pv198|gradle#14316:ws603/pv673|client#45576:ws4562/pv7247|gradle#27500:ws658/pv733
06:08:40,6615,32982,4,5927,8851,gradle#1712:ws104/pv198|gradle#14316:ws603/pv673|client#45576:ws4562/pv7247|gradle#27500:ws658/pv733
06:08:51,6592,33006,4,5927,8851,gradle#1712:ws104/pv198|gradle#14316:ws603/pv673|client#45576:ws4562/pv7247|gradle#27500:ws658/pv733
06:09:01,6588,33008,4,5927,8850,gradle#1712:ws104/pv198|gradle#14316:ws603/pv673|client#45576:ws4562/pv7246|gradle#27500:ws658/pv733
06:09:12,6596,33002,4,5927,8850,gradle#1712:ws104/pv198|gradle#14316:ws603/pv673|client#45576:ws4562/pv7246|gradle#27500:ws658/pv733
06:09:22,6727,32851,4,5927,8850,gradle#1712:ws104/pv198|gradle#14316:ws603/pv673|client#45576:ws4562/pv7246|gradle#27500:ws658/pv733
06:09:32,6730,32840,4,5927,8850,gradle#1712:ws104/pv198|gradle#14316:ws603/pv673|client#45576:ws4562/pv7246|gradle#27500:ws658/pv733
06:09:43,6525,33081,4,5927,8850,gradle#1712:ws104/pv198|gradle#14316:ws603/pv673|client#45576:ws4562/pv7246|gradle#27500:ws658/pv733
06:09:53,6710,32932,4,5927,8850,gradle#1712:ws104/pv198|gradle#14316:ws603/pv673|client#45576:ws4562/pv7246|gradle#27500:ws658/pv733
06:10:04,6679,32946,4,5927,8850,gradle#1712:ws104/pv198|gradle#14316:ws603/pv673|client#45576:ws4562/pv7246|gradle#27500:ws658/pv733
06:10:14,6719,32878,4,5927,8850,gradle#1712:ws104/pv198|gradle#14316:ws603/pv673|client#45576:ws4562/pv7246|gradle#27500:ws658/pv733
06:10:25,6729,32883,4,5927,8850,gradle#1712:ws104/pv198|gradle#14316:ws603/pv673|client#45576:ws4562/pv7246|gradle#27500:ws658/pv733
06:10:35,6717,32904,4,5927,8850,gradle#1712:ws104/pv198|gradle#14316:ws603/pv673|client#45576:ws4562/pv7246|gradle#27500:ws658/pv733
06:10:45,6698,32920,4,5927,8850,gradle#1712:ws104/pv198|gradle#14316:ws603/pv673|client#45576:ws4562/pv7246|gradle#27500:ws658/pv733
06:10:56,6692,32924,4,5927,8850,gradle#1712:ws104/pv198|gradle#14316:ws603/pv673|client#45576:ws4562/pv7246|gradle#27500:ws658/pv733
06:11:06,6664,32964,4,5927,8850,gradle#1712:ws104/pv198|gradle#14316:ws603/pv673|client#45576:ws4562/pv7246|gradle#27500:ws658/pv733
06:11:17,6670,32931,4,5927,8850,gradle#1712:ws104/pv198|gradle#14316:ws603/pv673|client#45576:ws4562/pv7246|gradle#27500:ws658/pv733
06:11:27,6681,32920,4,5927,8850,gradle#1712:ws104/pv198|gradle#14316:ws603/pv673|client#45576:ws4562/pv7246|gradle#27500:ws658/pv733
06:11:38,6670,32938,4,5927,8850,gradle#1712:ws104/pv198|gradle#14316:ws603/pv673|client#45576:ws4562/pv7246|gradle#27500:ws658/pv733
06:11:48,6641,32977,4,5927,8850,gradle#1712:ws104/pv198|gradle#14316:ws603/pv673|client#45576:ws4562/pv7246|gradle#27500:ws658/pv733
06:11:59,6622,32972,4,5927,8851,gradle#1712:ws104/pv198|gradle#14316:ws603/pv674|client#45576:ws4562/pv7246|gradle#27500:ws658/pv733
06:12:09,6628,32986,4,5927,8851,gradle#1712:ws104/pv198|gradle#14316:ws603/pv674|client#45576:ws4562/pv7246|gradle#27500:ws658/pv733
06:12:20,6627,32979,4,5927,8851,gradle#1712:ws104/pv198|gradle#14316:ws603/pv674|client#45576:ws4562/pv7246|gradle#27500:ws658/pv733
06:12:30,6650,32941,4,5927,8851,gradle#1712:ws104/pv198|gradle#14316:ws603/pv674|client#45576:ws4562/pv7246|gradle#27500:ws658/pv733
06:12:41,6658,32937,4,5927,8851,gradle#1712:ws104/pv198|gradle#14316:ws603/pv674|client#45576:ws4562/pv7246|gradle#27500:ws658/pv733
06:12:51,6628,32980,4,5927,8851,gradle#1712:ws104/pv198|gradle#14316:ws603/pv674|client#45576:ws4562/pv7246|gradle#27500:ws658/pv733
06:13:02,6502,33034,4,5927,8851,gradle#1712:ws104/pv198|gradle#14316:ws603/pv674|client#45576:ws4562/pv7246|gradle#27500:ws658/pv733
06:13:12,6517,32995,4,5927,8851,gradle#1712:ws104/pv198|gradle#14316:ws603/pv674|client#45576:ws4562/pv7246|gradle#27500:ws658/pv733
06:13:23,6569,32993,4,5927,8851,gradle#1712:ws104/pv198|gradle#14316:ws603/pv674|client#45576:ws4562/pv7246|gradle#27500:ws658/pv733
06:13:33,6570,33008,4,5927,8851,gradle#1712:ws104/pv198|gradle#14316:ws603/pv674|client#45576:ws4562/pv7246|gradle#27500:ws658/pv733
06:13:44,6535,33025,4,5927,8851,gradle#1712:ws104/pv198|gradle#14316:ws603/pv674|client#45576:ws4562/pv7246|gradle#27500:ws658/pv733
06:13:54,6545,33029,4,5927,8851,gradle#1712:ws104/pv198|gradle#14316:ws603/pv674|client#45576:ws4562/pv7246|gradle#27500:ws658/pv733
06:14:05,6522,33076,4,5927,8851,gradle#1712:ws104/pv198|gradle#14316:ws603/pv674|client#45576:ws4562/pv7246|gradle#27500:ws658/pv733
06:14:15,6537,33039,4,5927,8851,gradle#1712:ws104/pv198|gradle#14316:ws603/pv674|client#45576:ws4562/pv7246|gradle#27500:ws658/pv733
06:14:26,6531,33047,4,5927,8851,gradle#1712:ws104/pv198|gradle#14316:ws603/pv674|client#45576:ws4562/pv7246|gradle#27500:ws658/pv733
06:14:36,6665,32866,4,5927,8851,gradle#1712:ws104/pv198|gradle#14316:ws603/pv674|client#45576:ws4562/pv7246|gradle#27500:ws658/pv733
06:14:47,6588,33014,4,5927,8851,gradle#1712:ws104/pv198|gradle#14316:ws603/pv674|client#45576:ws4562/pv7246|gradle#27500:ws658/pv733
06:14:57,6657,32968,4,5927,8851,gradle#1712:ws104/pv198|gradle#14316:ws603/pv674|client#45576:ws4562/pv7246|gradle#27500:ws658/pv733
06:15:08,6680,32939,4,5927,8851,gradle#1712:ws104/pv198|gradle#14316:ws603/pv674|client#45576:ws4562/pv7246|gradle#27500:ws658/pv733
06:15:18,6717,32901,4,5927,8851,gradle#1712:ws104/pv198|gradle#14316:ws603/pv674|client#45576:ws4562/pv7246|gradle#27500:ws658/pv733
06:15:28,6706,32917,4,5927,8851,gradle#1712:ws104/pv198|gradle#14316:ws603/pv674|client#45576:ws4562/pv7246|gradle#27500:ws658/pv733
06:15:39,6691,32921,4,5927,8851,gradle#1712:ws104/pv198|gradle#14316:ws603/pv674|client#45576:ws4562/pv7246|gradle#27500:ws658/pv733
06:15:49,6664,32975,4,5927,8851,gradle#1712:ws104/pv198|gradle#14316:ws603/pv674|client#45576:ws4562/pv7246|gradle#27500:ws658/pv733
06:16:00,6645,33002,4,5927,8851,gradle#1712:ws104/pv198|gradle#14316:ws603/pv674|client#45576:ws4562/pv7246|gradle#27500:ws658/pv733
06:16:10,6651,32967,4,5928,8851,gradle#1712:ws104/pv198|gradle#14316:ws604/pv674|client#45576:ws4562/pv7246|gradle#27500:ws658/pv733
06:16:21,6657,32950,4,5928,8851,gradle#1712:ws104/pv198|gradle#14316:ws604/pv674|client#45576:ws4562/pv7246|gradle#27500:ws658/pv733
06:16:31,6655,32954,4,5928,8851,gradle#1712:ws104/pv198|gradle#14316:ws604/pv674|client#45576:ws4562/pv7246|gradle#27500:ws658/pv733
06:16:42,6632,32985,4,5928,8851,gradle#1712:ws104/pv198|gradle#14316:ws604/pv674|client#45576:ws4562/pv7246|gradle#27500:ws658/pv733
06:16:52,6636,32977,4,5928,8851,gradle#1712:ws104/pv198|gradle#14316:ws604/pv674|client#45576:ws4562/pv7246|gradle#27500:ws658/pv733
06:17:03,6624,32986,4,5928,8851,gradle#1712:ws104/pv198|gradle#14316:ws604/pv674|client#45576:ws4562/pv7246|gradle#27500:ws658/pv733
06:17:13,6620,32992,4,5928,8851,gradle#1712:ws104/pv198|gradle#14316:ws604/pv674|client#45576:ws4562/pv7246|gradle#27500:ws658/pv733
06:17:24,6627,32967,4,5928,8851,gradle#1712:ws104/pv198|gradle#14316:ws604/pv674|client#45576:ws4562/pv7246|gradle#27500:ws658/pv733
06:17:34,6617,32984,4,5928,8851,gradle#1712:ws104/pv198|gradle#14316:ws604/pv674|client#45576:ws4562/pv7246|gradle#27500:ws658/pv733
06:17:45,6581,33039,4,5928,8851,gradle#1712:ws104/pv198|gradle#14316:ws604/pv674|client#45576:ws4562/pv7246|gradle#27500:ws658/pv733
06:17:55,6591,33015,4,5928,8851,gradle#1712:ws104/pv198|gradle#14316:ws604/pv674|client#45576:ws4562/pv7246|gradle#27500:ws658/pv733
06:18:06,6581,33030,4,5928,8851,gradle#1712:ws104/pv198|gradle#14316:ws604/pv674|client#45576:ws4562/pv7246|gradle#27500:ws658/pv733
06:18:16,6568,33032,4,5928,8851,gradle#1712:ws104/pv198|gradle#14316:ws604/pv674|client#45576:ws4562/pv7246|gradle#27500:ws658/pv733
06:18:27,6571,33041,4,5928,8851,gradle#1712:ws104/pv198|gradle#14316:ws604/pv674|client#45576:ws4562/pv7246|gradle#27500:ws658/pv733
06:18:37,6567,33026,4,5928,8851,gradle#1712:ws104/pv198|gradle#14316:ws604/pv674|client#45576:ws4562/pv7246|gradle#27500:ws658/pv733
06:18:48,6578,33074,4,5928,8851,gradle#1712:ws104/pv198|gradle#14316:ws604/pv674|client#45576:ws4562/pv7246|gradle#27500:ws658/pv733
06:18:58,6575,33083,4,5928,8851,gradle#1712:ws104/pv198|gradle#14316:ws604/pv674|client#45576:ws4562/pv7246|gradle#27500:ws658/pv733
06:19:09,6593,33064,4,5928,8851,gradle#1712:ws104/pv198|gradle#14316:ws604/pv674|client#45576:ws4562/pv7246|gradle#27500:ws658/pv733
06:19:19,6620,33021,4,5928,8851,gradle#1712:ws104/pv198|gradle#14316:ws604/pv674|client#45576:ws4562/pv7246|gradle#27500:ws658/pv733
06:19:30,6613,33042,4,5928,8851,gradle#1712:ws104/pv198|gradle#14316:ws604/pv674|client#45576:ws4562/pv7246|gradle#27500:ws658/pv733
06:19:40,6621,33027,4,5928,8851,gradle#1712:ws104/pv198|gradle#14316:ws604/pv674|client#45576:ws4562/pv7246|gradle#27500:ws658/pv733
06:19:50,6596,33066,4,5928,8851,gradle#1712:ws104/pv198|gradle#14316:ws604/pv674|client#45576:ws4562/pv7246|gradle#27500:ws658/pv733
06:20:01,6576,33088,4,5928,8851,gradle#1712:ws104/pv198|gradle#14316:ws604/pv674|client#45576:ws4562/pv7246|gradle#27500:ws658/pv733
06:20:11,6601,33058,4,5928,8851,gradle#1712:ws104/pv198|gradle#14316:ws604/pv674|client#45576:ws4562/pv7246|gradle#27500:ws658/pv733
06:20:22,6603,33049,4,5928,8851,gradle#1712:ws104/pv198|gradle#14316:ws604/pv674|client#45576:ws4562/pv7246|gradle#27500:ws658/pv733
06:20:32,6610,33044,4,5928,8851,gradle#1712:ws104/pv198|gradle#14316:ws604/pv674|client#45576:ws4562/pv7246|gradle#27500:ws658/pv733
06:20:43,6586,33072,4,5928,8851,gradle#1712:ws104/pv198|gradle#14316:ws604/pv674|client#45576:ws4562/pv7246|gradle#27500:ws658/pv733
06:20:53,6591,33081,4,5928,8851,gradle#1712:ws104/pv198|gradle#14316:ws604/pv674|client#45576:ws4562/pv7246|gradle#27500:ws658/pv733
06:21:04,6608,33049,4,5928,8851,gradle#1712:ws104/pv198|gradle#14316:ws604/pv674|client#45576:ws4562/pv7246|gradle#27500:ws658/pv733
06:21:14,6608,33039,4,5928,8851,gradle#1712:ws104/pv198|gradle#14316:ws604/pv674|client#45576:ws4562/pv7246|gradle#27500:ws658/pv733
06:21:25,6687,32966,4,5928,8851,gradle#1712:ws104/pv198|gradle#14316:ws604/pv674|client#45576:ws4562/pv7246|gradle#27500:ws658/pv733
06:21:35,6694,32952,4,5928,8851,gradle#1712:ws104/pv198|gradle#14316:ws604/pv674|client#45576:ws4562/pv7246|gradle#27500:ws658/pv733
06:21:46,6688,32957,4,5928,8851,gradle#1712:ws104/pv198|gradle#14316:ws604/pv674|client#45576:ws4562/pv7246|gradle#27500:ws658/pv733
06:21:56,6683,32969,4,5928,8851,gradle#1712:ws104/pv198|gradle#14316:ws604/pv674|client#45576:ws4562/pv7246|gradle#27500:ws658/pv733
06:22:07,6669,32994,4,5928,8851,gradle#1712:ws104/pv198|gradle#14316:ws604/pv674|client#45576:ws4562/pv7246|gradle#27500:ws658/pv733
06:22:17,6690,32943,4,5928,8851,gradle#1712:ws104/pv198|gradle#14316:ws604/pv674|client#45576:ws4562/pv7246|gradle#27500:ws658/pv733
06:22:28,6683,32946,4,5928,8851,gradle#1712:ws104/pv198|gradle#14316:ws604/pv674|client#45576:ws4562/pv7246|gradle#27500:ws658/pv733
06:22:38,6676,32965,4,5928,8851,gradle#1712:ws104/pv198|gradle#14316:ws604/pv674|client#45576:ws4562/pv7246|gradle#27500:ws658/pv733
06:22:49,6670,32976,4,5928,8851,gradle#1712:ws104/pv198|gradle#14316:ws604/pv674|client#45576:ws4562/pv7246|gradle#27500:ws658/pv733
06:22:59,6670,32979,4,5928,8851,gradle#1712:ws104/pv198|gradle#14316:ws604/pv674|client#45576:ws4562/pv7246|gradle#27500:ws658/pv733
06:23:10,6765,32855,4,5928,8851,gradle#1712:ws104/pv198|gradle#14316:ws604/pv674|client#45576:ws4562/pv7246|gradle#27500:ws658/pv733
06:23:20,6655,32973,4,5928,8851,gradle#1712:ws104/pv198|gradle#14316:ws604/pv674|client#45576:ws4562/pv7246|gradle#27500:ws658/pv733
06:23:31,6663,32982,4,5928,8851,gradle#1712:ws104/pv198|gradle#14316:ws604/pv674|client#45576:ws4562/pv7246|gradle#27500:ws658/pv733
06:23:41,6676,32984,4,5928,8851,gradle#1712:ws104/pv198|gradle#14316:ws604/pv674|client#45576:ws4562/pv7246|gradle#27500:ws658/pv733
06:23:52,6646,33019,4,5928,8851,gradle#1712:ws104/pv198|gradle#14316:ws604/pv674|client#45576:ws4562/pv7246|gradle#27500:ws658/pv733
06:24:02,6645,33001,4,5928,8851,gradle#1712:ws104/pv198|gradle#14316:ws604/pv674|client#45576:ws4562/pv7246|gradle#27500:ws658/pv733
06:24:13,6657,32967,4,5928,8851,gradle#1712:ws104/pv198|gradle#14316:ws604/pv674|client#45576:ws4562/pv7246|gradle#27500:ws658/pv733
06:24:23,6661,32968,4,5928,8851,gradle#1712:ws104/pv198|gradle#14316:ws604/pv674|client#45576:ws4562/pv7246|gradle#27500:ws658/pv733
06:24:34,6655,32963,4,5928,8851,gradle#1712:ws104/pv198|gradle#14316:ws604/pv674|client#45576:ws4562/pv7246|gradle#27500:ws658/pv733
06:24:44,6608,33068,4,5928,8850,gradle#1712:ws104/pv198|gradle#14316:ws604/pv674|client#45576:ws4562/pv7245|gradle#27500:ws658/pv733
06:24:55,6619,33034,4,5928,8850,gradle#1712:ws104/pv198|gradle#14316:ws604/pv674|client#45576:ws4562/pv7245|gradle#27500:ws658/pv733
06:25:05,6629,33027,4,5928,8850,gradle#1712:ws104/pv198|gradle#14316:ws604/pv674|client#45576:ws4562/pv7245|gradle#27500:ws658/pv733
06:25:16,6643,32984,4,5928,8850,gradle#1712:ws104/pv198|gradle#14316:ws604/pv674|client#45576:ws4562/pv7245|gradle#27500:ws658/pv733
06:25:26,6640,32991,4,5928,8850,gradle#1712:ws104/pv198|gradle#14316:ws604/pv674|client#45576:ws4562/pv7245|gradle#27500:ws658/pv733
06:25:37,6643,32992,4,5916,8836,gradle#1712:ws104/pv198|gradle#14316:ws604/pv674|client#45576:ws4550/pv7231|gradle#27500:ws658/pv733
06:25:47,6622,33012,4,5916,8836,gradle#1712:ws104/pv198|gradle#14316:ws604/pv674|client#45576:ws4550/pv7231|gradle#27500:ws658/pv733
06:25:57,6628,33014,4,5916,8836,gradle#1712:ws104/pv198|gradle#14316:ws604/pv674|client#45576:ws4550/pv7231|gradle#27500:ws658/pv733
06:26:08,6631,33001,4,5916,8836,gradle#1712:ws104/pv198|gradle#14316:ws604/pv674|client#45576:ws4550/pv7231|gradle#27500:ws658/pv733
06:26:18,6765,32824,4,5916,8836,gradle#1712:ws104/pv198|gradle#14316:ws604/pv674|client#45576:ws4550/pv7231|gradle#27500:ws658/pv733
06:26:29,6624,32992,4,5916,8836,gradle#1712:ws104/pv198|gradle#14316:ws604/pv674|client#45576:ws4550/pv7231|gradle#27500:ws658/pv733
06:26:39,6620,33011,4,5916,8836,gradle#1712:ws104/pv198|gradle#14316:ws604/pv674|client#45576:ws4550/pv7231|gradle#27500:ws658/pv733
06:26:50,6638,32999,4,5916,8836,gradle#1712:ws104/pv198|gradle#14316:ws604/pv674|client#45576:ws4550/pv7231|gradle#27500:ws658/pv733
06:27:00,6649,32996,4,5916,8836,gradle#1712:ws104/pv198|gradle#14316:ws604/pv674|client#45576:ws4550/pv7231|gradle#27500:ws658/pv733
06:27:10,6642,33008,4,5916,8836,gradle#1712:ws104/pv198|gradle#14316:ws604/pv674|client#45576:ws4550/pv7231|gradle#27500:ws658/pv733
06:27:21,6689,32924,4,5907,8824,gradle#1712:ws104/pv198|gradle#14316:ws604/pv674|client#45576:ws4541/pv7219|gradle#27500:ws658/pv733
06:27:31,6675,32944,4,5907,8824,gradle#1712:ws104/pv198|gradle#14316:ws604/pv674|client#45576:ws4541/pv7219|gradle#27500:ws658/pv733
06:27:42,6653,33018,4,5907,8824,gradle#1712:ws104/pv198|gradle#14316:ws604/pv674|client#45576:ws4541/pv7219|gradle#27500:ws658/pv733
06:27:53,6656,32970,4,5907,8824,gradle#1712:ws104/pv198|gradle#14316:ws604/pv674|client#45576:ws4541/pv7219|gradle#27500:ws658/pv733
06:28:03,6673,32969,4,5907,8824,gradle#1712:ws104/pv198|gradle#14316:ws604/pv674|client#45576:ws4541/pv7219|gradle#27500:ws658/pv733
06:28:13,6678,32960,4,5907,8824,gradle#1712:ws104/pv198|gradle#14316:ws604/pv674|client#45576:ws4541/pv7219|gradle#27500:ws658/pv733
06:28:24,6680,32962,4,5907,8824,gradle#1712:ws104/pv198|gradle#14316:ws604/pv674|client#45576:ws4541/pv7219|gradle#27500:ws658/pv733
06:28:34,6685,32943,4,5907,8824,gradle#1712:ws104/pv198|gradle#14316:ws604/pv674|client#45576:ws4541/pv7219|gradle#27500:ws658/pv733
06:28:45,6658,32976,4,5907,8824,gradle#1712:ws104/pv198|gradle#14316:ws604/pv674|client#45576:ws4541/pv7219|gradle#27500:ws658/pv733
06:28:55,6657,32991,4,5907,8824,gradle#1712:ws104/pv198|gradle#14316:ws604/pv674|client#45576:ws4541/pv7219|gradle#27500:ws658/pv733
06:29:06,6651,32975,4,5907,8824,gradle#1712:ws104/pv198|gradle#14316:ws604/pv674|client#45576:ws4541/pv7219|gradle#27500:ws658/pv733
06:29:16,6729,32809,4,5907,8824,gradle#1712:ws104/pv198|gradle#14316:ws604/pv674|client#45576:ws4541/pv7219|gradle#27500:ws658/pv733
06:29:27,6726,32846,4,5907,8824,gradle#1712:ws104/pv198|gradle#14316:ws604/pv674|client#45576:ws4541/pv7219|gradle#27500:ws658/pv733
06:29:37,6637,32958,4,5907,8824,gradle#1712:ws104/pv198|gradle#14316:ws604/pv674|client#45576:ws4541/pv7219|gradle#27500:ws658/pv733
06:29:48,6635,32969,4,5907,8824,gradle#1712:ws104/pv198|gradle#14316:ws604/pv674|client#45576:ws4541/pv7219|gradle#27500:ws658/pv733
06:29:59,6642,32941,4,5907,8824,gradle#1712:ws104/pv198|gradle#14316:ws604/pv674|client#45576:ws4541/pv7219|gradle#27500:ws658/pv733
06:30:09,6632,32966,4,5907,8824,gradle#1712:ws104/pv198|gradle#14316:ws604/pv674|client#45576:ws4541/pv7219|gradle#27500:ws658/pv733
06:30:19,6653,32934,4,5907,8824,gradle#1712:ws104/pv198|gradle#14316:ws604/pv674|client#45576:ws4541/pv7219|gradle#27500:ws658/pv733
06:30:30,6641,32930,4,5907,8824,gradle#1712:ws104/pv198|gradle#14316:ws604/pv674|client#45576:ws4541/pv7219|gradle#27500:ws658/pv733
06:30:40,6649,32948,4,5907,8824,gradle#1712:ws104/pv198|gradle#14316:ws604/pv674|client#45576:ws4541/pv7219|gradle#27500:ws658/pv733
06:30:51,6638,32974,4,5911,8829,gradle#1712:ws104/pv198|gradle#14316:ws604/pv674|client#45576:ws4541/pv7219|gradle#27500:ws662/pv738
06:31:01,6632,32963,4,5911,8829,gradle#1712:ws104/pv198|gradle#14316:ws604/pv674|client#45576:ws4541/pv7219|gradle#27500:ws662/pv738
06:31:12,6774,32788,4,5911,8829,gradle#1712:ws104/pv198|gradle#14316:ws604/pv674|client#45576:ws4541/pv7219|gradle#27500:ws662/pv738
06:31:22,6766,32814,4,5911,8829,gradle#1712:ws104/pv198|gradle#14316:ws604/pv674|client#45576:ws4541/pv7219|gradle#27500:ws662/pv738
06:31:33,6612,32990,4,5911,8829,gradle#1712:ws104/pv198|gradle#14316:ws604/pv674|client#45576:ws4541/pv7219|gradle#27500:ws662/pv738
06:31:43,6571,33000,4,5911,8829,gradle#1712:ws104/pv198|gradle#14316:ws604/pv674|client#45576:ws4541/pv7219|gradle#27500:ws662/pv738
06:31:54,6589,33011,4,5911,8829,gradle#1712:ws104/pv198|gradle#14316:ws604/pv674|client#45576:ws4541/pv7219|gradle#27500:ws662/pv738
06:32:04,6619,32972,4,5911,8829,gradle#1712:ws104/pv198|gradle#14316:ws604/pv674|client#45576:ws4541/pv7219|gradle#27500:ws662/pv738
06:32:15,6630,32958,4,5911,8829,gradle#1712:ws104/pv198|gradle#14316:ws604/pv674|client#45576:ws4541/pv7219|gradle#27500:ws662/pv738
06:32:25,6645,32941,4,5911,8829,gradle#1712:ws104/pv198|gradle#14316:ws604/pv674|client#45576:ws4541/pv7219|gradle#27500:ws662/pv738
06:32:36,6620,32977,4,5911,8829,gradle#1712:ws104/pv198|gradle#14316:ws604/pv674|client#45576:ws4541/pv7219|gradle#27500:ws662/pv738
06:32:46,6594,33002,4,5911,8829,gradle#1712:ws104/pv198|gradle#14316:ws604/pv674|client#45576:ws4541/pv7219|gradle#27500:ws662/pv738
06:32:57,6595,32983,4,5911,8829,gradle#1712:ws104/pv198|gradle#14316:ws604/pv674|client#45576:ws4541/pv7219|gradle#27500:ws662/pv738
06:33:07,6601,33003,4,5911,8829,gradle#1712:ws104/pv198|gradle#14316:ws604/pv674|client#45576:ws4541/pv7219|gradle#27500:ws662/pv738
06:33:18,6604,32981,4,5911,8829,gradle#1712:ws104/pv198|gradle#14316:ws604/pv674|client#45576:ws4541/pv7219|gradle#27500:ws662/pv738
06:33:28,6589,32958,4,5911,8829,gradle#1712:ws104/pv198|gradle#14316:ws604/pv674|client#45576:ws4541/pv7219|gradle#27500:ws662/pv738
06:33:39,6618,32964,4,5911,8829,gradle#1712:ws104/pv198|gradle#14316:ws604/pv674|client#45576:ws4541/pv7219|gradle#27500:ws662/pv738
06:33:49,6252,33016,4,5911,8829,gradle#1712:ws104/pv198|gradle#14316:ws604/pv674|client#45576:ws4541/pv7219|gradle#27500:ws662/pv738
06:34:00,6569,33012,4,5911,8829,gradle#1712:ws104/pv198|gradle#14316:ws604/pv674|client#45576:ws4541/pv7219|gradle#27500:ws662/pv738
06:34:11,6578,32997,4,5911,8829,gradle#1712:ws104/pv198|gradle#14316:ws604/pv674|client#45576:ws4541/pv7219|gradle#27500:ws662/pv738
06:34:21,6595,32980,4,5911,8829,gradle#1712:ws104/pv198|gradle#14316:ws604/pv674|client#45576:ws4541/pv7219|gradle#27500:ws662/pv738
06:34:32,6584,32981,4,5911,8829,gradle#1712:ws104/pv198|gradle#14316:ws604/pv674|client#45576:ws4541/pv7219|gradle#27500:ws662/pv738
06:34:42,6563,33023,4,5911,8829,gradle#1712:ws104/pv198|gradle#14316:ws604/pv674|client#45576:ws4541/pv7219|gradle#27500:ws662/pv738
06:34:53,6538,33034,4,5911,8829,gradle#1712:ws104/pv198|gradle#14316:ws604/pv674|client#45576:ws4541/pv7219|gradle#27500:ws662/pv738
06:35:03,6455,33036,4,5911,8829,gradle#1712:ws104/pv198|gradle#14316:ws604/pv674|client#45576:ws4541/pv7219|gradle#27500:ws662/pv738
06:35:14,6569,32974,4,5911,8829,gradle#1712:ws104/pv198|gradle#14316:ws604/pv674|client#45576:ws4541/pv7219|gradle#27500:ws662/pv738
06:35:24,6440,32975,4,5911,8829,gradle#1712:ws104/pv198|gradle#14316:ws604/pv674|client#45576:ws4541/pv7219|gradle#27500:ws662/pv738
06:35:35,6572,32994,4,5911,8829,gradle#1712:ws104/pv198|gradle#14316:ws604/pv674|client#45576:ws4541/pv7219|gradle#27500:ws662/pv738
06:35:45,6568,33015,4,5911,8829,gradle#1712:ws104/pv198|gradle#14316:ws604/pv674|client#45576:ws4541/pv7219|gradle#27500:ws662/pv738
06:35:56,6573,33003,4,5911,8829,gradle#1712:ws104/pv198|gradle#14316:ws604/pv674|client#45576:ws4541/pv7219|gradle#27500:ws662/pv738
06:36:06,6568,33013,4,5911,8829,gradle#1712:ws104/pv198|gradle#14316:ws604/pv674|client#45576:ws4541/pv7219|gradle#27500:ws662/pv738
06:36:17,6609,32855,4,5911,8829,gradle#1712:ws104/pv198|gradle#14316:ws604/pv674|client#45576:ws4541/pv7219|gradle#27500:ws662/pv738
06:36:27,6692,32839,4,5911,8829,gradle#1712:ws104/pv198|gradle#14316:ws604/pv674|client#45576:ws4541/pv7219|gradle#27500:ws662/pv738
06:36:37,6711,32824,4,5911,8829,gradle#1712:ws104/pv198|gradle#14316:ws604/pv674|client#45576:ws4541/pv7219|gradle#27500:ws662/pv738
06:36:48,6501,33047,4,5911,8829,gradle#1712:ws104/pv198|gradle#14316:ws604/pv674|client#45576:ws4541/pv7219|gradle#27500:ws662/pv738
06:36:58,6531,33019,4,5911,8829,gradle#1712:ws104/pv198|gradle#14316:ws604/pv674|client#45576:ws4541/pv7219|gradle#27500:ws662/pv738
06:37:09,6530,33018,4,5911,8829,gradle#1712:ws104/pv198|gradle#14316:ws604/pv674|client#45576:ws4541/pv7219|gradle#27500:ws662/pv738
06:37:19,6596,32966,4,5911,8829,gradle#1712:ws104/pv198|gradle#14316:ws604/pv674|client#45576:ws4541/pv7219|gradle#27500:ws662/pv738
06:37:30,6589,32966,4,5911,8829,gradle#1712:ws104/pv198|gradle#14316:ws604/pv674|client#45576:ws4541/pv7219|gradle#27500:ws662/pv738
06:37:40,6590,32968,4,5911,8829,gradle#1712:ws104/pv198|gradle#14316:ws604/pv674|client#45576:ws4541/pv7219|gradle#27500:ws662/pv738
06:37:51,6572,32990,4,5900,8817,gradle#1712:ws104/pv198|gradle#14316:ws604/pv674|client#45576:ws4530/pv7207|gradle#27500:ws662/pv738
06:38:01,6565,33007,4,5900,8817,gradle#1712:ws104/pv198|gradle#14316:ws604/pv674|client#45576:ws4530/pv7207|gradle#27500:ws662/pv738
06:38:12,6610,32933,4,5900,8817,gradle#1712:ws104/pv198|gradle#14316:ws604/pv674|client#45576:ws4530/pv7207|gradle#27500:ws662/pv738
06:38:22,6612,32942,4,5900,8817,gradle#1712:ws104/pv198|gradle#14316:ws604/pv674|client#45576:ws4530/pv7207|gradle#27500:ws662/pv738
06:38:32,6603,32953,4,5900,8817,gradle#1712:ws104/pv198|gradle#14316:ws604/pv674|client#45576:ws4530/pv7207|gradle#27500:ws662/pv738
06:38:43,6515,33049,4,5900,8817,gradle#1712:ws104/pv198|gradle#14316:ws604/pv674|client#45576:ws4530/pv7207|gradle#27500:ws662/pv738
06:38:53,6569,32985,4,5901,8818,gradle#1712:ws104/pv198|gradle#14316:ws605/pv675|client#45576:ws4530/pv7207|gradle#27500:ws662/pv738
06:39:04,6564,32987,4,5901,8818,gradle#1712:ws104/pv198|gradle#14316:ws605/pv675|client#45576:ws4530/pv7207|gradle#27500:ws662/pv738
06:39:14,6614,32952,4,5901,8818,gradle#1712:ws104/pv198|gradle#14316:ws605/pv675|client#45576:ws4530/pv7207|gradle#27500:ws662/pv738
06:39:25,6620,32765,4,5901,8818,gradle#1712:ws104/pv198|gradle#14316:ws605/pv675|client#45576:ws4530/pv7207|gradle#27500:ws662/pv738
06:39:35,6764,32770,4,5901,8818,gradle#1712:ws104/pv198|gradle#14316:ws605/pv675|client#45576:ws4530/pv7207|gradle#27500:ws662/pv738
06:39:46,6533,32998,4,5901,8818,gradle#1712:ws104/pv198|gradle#14316:ws605/pv675|client#45576:ws4530/pv7207|gradle#27500:ws662/pv738
06:39:56,6556,32984,4,5901,8818,gradle#1712:ws104/pv198|gradle#14316:ws605/pv675|client#45576:ws4530/pv7207|gradle#27500:ws662/pv738
06:40:07,6569,32992,4,5902,8819,gradle#1712:ws104/pv198|gradle#14316:ws605/pv675|client#45576:ws4530/pv7207|gradle#27500:ws663/pv739
06:40:17,6592,32950,4,5902,8819,gradle#1712:ws104/pv198|gradle#14316:ws605/pv675|client#45576:ws4530/pv7207|gradle#27500:ws663/pv739
06:40:28,6588,32964,4,5902,8819,gradle#1712:ws104/pv198|gradle#14316:ws605/pv675|client#45576:ws4530/pv7207|gradle#27500:ws663/pv739
06:40:38,6670,32945,4,5902,8819,gradle#1712:ws104/pv198|gradle#14316:ws605/pv675|client#45576:ws4530/pv7207|gradle#27500:ws663/pv739
06:40:49,6648,32969,4,5902,8819,gradle#1712:ws104/pv198|gradle#14316:ws605/pv675|client#45576:ws4530/pv7207|gradle#27500:ws663/pv739
06:40:59,6643,32977,4,5902,8819,gradle#1712:ws104/pv198|gradle#14316:ws605/pv675|client#45576:ws4530/pv7207|gradle#27500:ws663/pv739
06:41:10,6648,32965,4,5902,8819,gradle#1712:ws104/pv198|gradle#14316:ws605/pv675|client#45576:ws4530/pv7207|gradle#27500:ws663/pv739
06:41:20,6779,32805,4,5902,8819,gradle#1712:ws104/pv198|gradle#14316:ws605/pv675|client#45576:ws4530/pv7207|gradle#27500:ws663/pv739
06:41:31,6756,32825,4,5902,8819,gradle#1712:ws104/pv198|gradle#14316:ws605/pv675|client#45576:ws4530/pv7207|gradle#27500:ws663/pv739
06:41:41,6590,33025,4,5902,8819,gradle#1712:ws104/pv198|gradle#14316:ws605/pv675|client#45576:ws4530/pv7207|gradle#27500:ws663/pv739
06:41:52,6607,32976,4,5902,8819,gradle#1712:ws104/pv198|gradle#14316:ws605/pv675|client#45576:ws4530/pv7207|gradle#27500:ws663/pv739
06:42:02,6625,32983,4,5902,8819,gradle#1712:ws104/pv198|gradle#14316:ws605/pv675|client#45576:ws4530/pv7207|gradle#27500:ws663/pv739
06:42:13,6651,32952,4,5902,8819,gradle#1712:ws104/pv198|gradle#14316:ws605/pv675|client#45576:ws4530/pv7207|gradle#27500:ws663/pv739
06:42:23,6637,32961,4,5902,8819,gradle#1712:ws104/pv198|gradle#14316:ws605/pv675|client#45576:ws4530/pv7207|gradle#27500:ws663/pv739
06:42:33,6660,32938,4,5902,8819,gradle#1712:ws104/pv198|gradle#14316:ws605/pv675|client#45576:ws4530/pv7207|gradle#27500:ws663/pv739
06:42:44,6639,32991,4,5902,8819,gradle#1712:ws104/pv198|gradle#14316:ws605/pv675|client#45576:ws4530/pv7207|gradle#27500:ws663/pv739
06:42:54,6646,32985,4,5902,8819,gradle#1712:ws104/pv198|gradle#14316:ws605/pv675|client#45576:ws4530/pv7207|gradle#27500:ws663/pv739
06:43:05,6651,32963,4,5902,8819,gradle#1712:ws104/pv198|gradle#14316:ws605/pv675|client#45576:ws4530/pv7207|gradle#27500:ws663/pv739
06:43:15,6652,32952,4,5902,8818,gradle#1712:ws104/pv198|gradle#14316:ws605/pv675|client#45576:ws4530/pv7206|gradle#27500:ws663/pv739
06:43:26,6662,32950,4,5902,8818,gradle#1712:ws104/pv198|gradle#14316:ws605/pv675|client#45576:ws4530/pv7206|gradle#27500:ws663/pv739
06:43:36,6657,32939,4,5902,8818,gradle#1712:ws104/pv198|gradle#14316:ws605/pv675|client#45576:ws4530/pv7206|gradle#27500:ws663/pv739
06:43:47,6568,33002,4,5902,8818,gradle#1712:ws104/pv198|gradle#14316:ws605/pv675|client#45576:ws4530/pv7206|gradle#27500:ws663/pv739
06:43:57,6619,33003,4,5902,8818,gradle#1712:ws104/pv198|gradle#14316:ws605/pv675|client#45576:ws4530/pv7206|gradle#27500:ws663/pv739
06:44:08,6611,33013,4,5902,8818,gradle#1712:ws104/pv198|gradle#14316:ws605/pv675|client#45576:ws4530/pv7206|gradle#27500:ws663/pv739
06:44:18,6649,32941,4,5902,8818,gradle#1712:ws104/pv198|gradle#14316:ws605/pv675|client#45576:ws4530/pv7206|gradle#27500:ws663/pv739
06:44:29,6654,32949,4,5902,8818,gradle#1712:ws104/pv198|gradle#14316:ws605/pv675|client#45576:ws4530/pv7206|gradle#27500:ws663/pv739
06:44:39,6718,32882,4,5902,8818,gradle#1712:ws104/pv198|gradle#14316:ws605/pv675|client#45576:ws4530/pv7206|gradle#27500:ws663/pv739
06:44:50,6570,33009,4,5902,8818,gradle#1712:ws104/pv198|gradle#14316:ws605/pv675|client#45576:ws4530/pv7206|gradle#27500:ws663/pv739
06:45:00,6610,33002,4,5902,8818,gradle#1712:ws104/pv198|gradle#14316:ws605/pv675|client#45576:ws4530/pv7206|gradle#27500:ws663/pv739
06:45:11,6539,32971,4,5902,8818,gradle#1712:ws104/pv198|gradle#14316:ws605/pv675|client#45576:ws4530/pv7206|gradle#27500:ws663/pv739
06:45:21,6672,32926,4,5902,8818,gradle#1712:ws104/pv198|gradle#14316:ws605/pv675|client#45576:ws4530/pv7206|gradle#27500:ws663/pv739
06:45:32,6678,32912,4,5902,8818,gradle#1712:ws104/pv198|gradle#14316:ws605/pv675|client#45576:ws4530/pv7206|gradle#27500:ws663/pv739
06:45:42,6660,32946,4,5902,8818,gradle#1712:ws104/pv198|gradle#14316:ws605/pv675|client#45576:ws4530/pv7206|gradle#27500:ws663/pv739
06:45:53,6655,32963,4,5902,8818,gradle#1712:ws104/pv198|gradle#14316:ws605/pv675|client#45576:ws4530/pv7206|gradle#27500:ws663/pv739
06:46:03,6652,32948,4,5902,8818,gradle#1712:ws104/pv198|gradle#14316:ws605/pv675|client#45576:ws4530/pv7206|gradle#27500:ws663/pv739
06:46:14,6642,32937,4,5902,8818,gradle#1712:ws104/pv198|gradle#14316:ws605/pv675|client#45576:ws4530/pv7206|gradle#27500:ws663/pv739
06:46:24,6661,32930,4,5902,8818,gradle#1712:ws104/pv198|gradle#14316:ws605/pv675|client#45576:ws4530/pv7206|gradle#27500:ws663/pv739
06:46:35,6804,32769,4,5902,8818,gradle#1712:ws104/pv198|gradle#14316:ws605/pv675|client#45576:ws4530/pv7206|gradle#27500:ws663/pv739
06:46:45,6614,32967,4,5902,8818,gradle#1712:ws104/pv198|gradle#14316:ws605/pv675|client#45576:ws4530/pv7206|gradle#27500:ws663/pv739
06:46:56,6627,32965,4,5902,8818,gradle#1712:ws104/pv198|gradle#14316:ws605/pv675|client#45576:ws4530/pv7206|gradle#27500:ws663/pv739
06:47:06,6626,33002,4,5902,8818,gradle#1712:ws104/pv198|gradle#14316:ws605/pv675|client#45576:ws4530/pv7206|gradle#27500:ws663/pv739
06:47:17,6665,32930,4,5902,8818,gradle#1712:ws104/pv198|gradle#14316:ws605/pv675|client#45576:ws4530/pv7206|gradle#27500:ws663/pv739
06:47:27,6669,32916,4,5890,8804,gradle#1712:ws104/pv198|gradle#14316:ws605/pv675|client#45576:ws4518/pv7192|gradle#27500:ws663/pv739
06:47:38,6664,32939,4,5890,8804,gradle#1712:ws104/pv198|gradle#14316:ws605/pv675|client#45576:ws4518/pv7192|gradle#27500:ws663/pv739
06:47:48,6484,33160,4,5890,8804,gradle#1712:ws104/pv198|gradle#14316:ws605/pv675|client#45576:ws4518/pv7192|gradle#27500:ws663/pv739
06:47:59,6485,33120,4,5890,8804,gradle#1712:ws104/pv198|gradle#14316:ws605/pv675|client#45576:ws4518/pv7192|gradle#27500:ws663/pv739
06:48:09,6500,33139,4,5890,8804,gradle#1712:ws104/pv198|gradle#14316:ws605/pv675|client#45576:ws4518/pv7192|gradle#27500:ws663/pv739
06:48:20,6610,33005,4,5890,8804,gradle#1712:ws104/pv198|gradle#14316:ws605/pv675|client#45576:ws4518/pv7192|gradle#27500:ws663/pv739
06:48:30,6612,32986,4,5890,8804,gradle#1712:ws104/pv198|gradle#14316:ws605/pv675|client#45576:ws4518/pv7192|gradle#27500:ws663/pv739
06:48:41,6516,33116,4,5890,8804,gradle#1712:ws104/pv198|gradle#14316:ws605/pv675|client#45576:ws4518/pv7192|gradle#27500:ws663/pv739
06:48:51,6439,33184,4,5890,8804,gradle#1712:ws104/pv198|gradle#14316:ws605/pv675|client#45576:ws4518/pv7192|gradle#27500:ws663/pv739
06:49:02,6419,33120,4,5890,8804,gradle#1712:ws104/pv198|gradle#14316:ws605/pv675|client#45576:ws4518/pv7192|gradle#27500:ws663/pv739
06:49:12,6617,32982,4,5890,8804,gradle#1712:ws104/pv198|gradle#14316:ws605/pv675|client#45576:ws4518/pv7192|gradle#27500:ws663/pv739
06:49:23,6621,32986,4,5890,8804,gradle#1712:ws104/pv198|gradle#14316:ws605/pv675|client#45576:ws4518/pv7192|gradle#27500:ws663/pv739
06:49:33,6621,32970,4,5890,8804,gradle#1712:ws104/pv198|gradle#14316:ws605/pv675|client#45576:ws4518/pv7192|gradle#27500:ws663/pv739
06:49:43,6602,33000,4,5890,8804,gradle#1712:ws104/pv198|gradle#14316:ws605/pv675|client#45576:ws4518/pv7192|gradle#27500:ws663/pv739
06:49:54,6597,32999,4,5890,8804,gradle#1712:ws104/pv198|gradle#14316:ws605/pv675|client#45576:ws4518/pv7192|gradle#27500:ws663/pv739
06:50:04,6600,33020,4,5890,8804,gradle#1712:ws104/pv198|gradle#14316:ws605/pv675|client#45576:ws4518/pv7192|gradle#27500:ws663/pv739
06:50:15,6598,32973,4,5890,8804,gradle#1712:ws104/pv198|gradle#14316:ws605/pv675|client#45576:ws4518/pv7192|gradle#27500:ws663/pv739
06:50:25,6623,32970,4,5890,8804,gradle#1712:ws104/pv198|gradle#14316:ws605/pv675|client#45576:ws4518/pv7192|gradle#27500:ws663/pv739
06:50:36,6605,32991,4,5890,8804,gradle#1712:ws104/pv198|gradle#14316:ws605/pv675|client#45576:ws4518/pv7192|gradle#27500:ws663/pv739
06:50:46,6589,33015,4,5890,8804,gradle#1712:ws104/pv198|gradle#14316:ws605/pv675|client#45576:ws4518/pv7192|gradle#27500:ws663/pv739
06:50:57,6598,32997,4,5890,8804,gradle#1712:ws104/pv198|gradle#14316:ws605/pv675|client#45576:ws4518/pv7192|gradle#27500:ws663/pv739
06:51:07,6598,33001,4,5892,8806,gradle#1712:ws104/pv198|gradle#14316:ws607/pv677|client#45576:ws4518/pv7192|gradle#27500:ws663/pv739
06:51:18,6600,33002,4,5892,8806,gradle#1712:ws104/pv198|gradle#14316:ws607/pv677|client#45576:ws4518/pv7192|gradle#27500:ws663/pv739
06:51:28,6603,32976,4,5892,8806,gradle#1712:ws104/pv198|gradle#14316:ws607/pv677|client#45576:ws4518/pv7192|gradle#27500:ws663/pv739
06:51:39,6610,32981,4,5892,8806,gradle#1712:ws104/pv198|gradle#14316:ws607/pv677|client#45576:ws4518/pv7192|gradle#27500:ws663/pv739
06:51:49,6584,33015,4,5892,8806,gradle#1712:ws104/pv198|gradle#14316:ws607/pv677|client#45576:ws4518/pv7192|gradle#27500:ws663/pv739
06:52:00,6595,32996,4,5892,8806,gradle#1712:ws104/pv198|gradle#14316:ws607/pv677|client#45576:ws4518/pv7192|gradle#27500:ws663/pv739
06:52:10,6612,32971,4,5892,8806,gradle#1712:ws104/pv198|gradle#14316:ws607/pv677|client#45576:ws4518/pv7192|gradle#27500:ws663/pv739
06:52:21,6619,32957,4,5892,8806,gradle#1712:ws104/pv198|gradle#14316:ws607/pv677|client#45576:ws4518/pv7192|gradle#27500:ws663/pv739
06:52:31,6645,32938,4,5892,8806,gradle#1712:ws104/pv198|gradle#14316:ws607/pv677|client#45576:ws4518/pv7192|gradle#27500:ws663/pv739
06:52:42,6624,32960,4,5892,8806,gradle#1712:ws104/pv198|gradle#14316:ws607/pv677|client#45576:ws4518/pv7192|gradle#27500:ws663/pv739
06:52:52,6638,32954,4,5892,8806,gradle#1712:ws104/pv198|gradle#14316:ws607/pv677|client#45576:ws4518/pv7192|gradle#27500:ws663/pv739
06:53:03,6618,32975,4,5892,8806,gradle#1712:ws104/pv198|gradle#14316:ws607/pv677|client#45576:ws4518/pv7192|gradle#27500:ws663/pv739
06:53:14,6648,32929,4,5892,8806,gradle#1712:ws104/pv198|gradle#14316:ws607/pv677|client#45576:ws4518/pv7192|gradle#27500:ws663/pv739
06:53:24,6648,32930,4,5892,8806,gradle#1712:ws104/pv198|gradle#14316:ws607/pv677|client#45576:ws4518/pv7192|gradle#27500:ws663/pv739
06:53:34,6625,32951,4,5892,8806,gradle#1712:ws104/pv198|gradle#14316:ws607/pv677|client#45576:ws4518/pv7192|gradle#27500:ws663/pv739
06:53:45,6611,32971,4,5892,8806,gradle#1712:ws104/pv198|gradle#14316:ws607/pv677|client#45576:ws4518/pv7192|gradle#27500:ws663/pv739
06:53:55,6610,32971,4,5892,8806,gradle#1712:ws104/pv198|gradle#14316:ws607/pv677|client#45576:ws4518/pv7192|gradle#27500:ws663/pv739
06:54:06,6616,32971,4,5892,8806,gradle#1712:ws104/pv198|gradle#14316:ws607/pv677|client#45576:ws4518/pv7192|gradle#27500:ws663/pv739
06:54:17,6612,32976,4,5892,8806,gradle#1712:ws104/pv198|gradle#14316:ws607/pv677|client#45576:ws4518/pv7192|gradle#27500:ws663/pv739
06:54:27,6622,32959,4,5892,8806,gradle#1712:ws104/pv198|gradle#14316:ws607/pv677|client#45576:ws4518/pv7192|gradle#27500:ws663/pv739
06:54:38,6623,32955,4,5892,8806,gradle#1712:ws104/pv198|gradle#14316:ws607/pv677|client#45576:ws4518/pv7192|gradle#27500:ws663/pv739
06:54:48,6609,32985,4,5892,8806,gradle#1712:ws104/pv198|gradle#14316:ws607/pv677|client#45576:ws4518/pv7192|gradle#27500:ws663/pv739
06:54:59,6602,32988,4,5892,8806,gradle#1712:ws104/pv198|gradle#14316:ws607/pv677|client#45576:ws4518/pv7192|gradle#27500:ws663/pv739
06:55:09,6608,32976,4,5892,8806,gradle#1712:ws104/pv198|gradle#14316:ws607/pv677|client#45576:ws4518/pv7192|gradle#27500:ws663/pv739
06:55:20,6612,32968,4,5892,8805,gradle#1712:ws104/pv198|gradle#14316:ws607/pv677|client#45576:ws4518/pv7191|gradle#27500:ws663/pv739
06:55:30,6599,32978,4,5892,8805,gradle#1712:ws104/pv198|gradle#14316:ws607/pv677|client#45576:ws4518/pv7191|gradle#27500:ws663/pv739
06:55:40,6588,32943,4,5892,8805,gradle#1712:ws104/pv198|gradle#14316:ws607/pv677|client#45576:ws4518/pv7191|gradle#27500:ws663/pv739
06:55:51,6593,32997,4,5892,8805,gradle#1712:ws104/pv198|gradle#14316:ws607/pv677|client#45576:ws4518/pv7191|gradle#27500:ws663/pv739
06:56:01,6520,33006,4,5892,8805,gradle#1712:ws104/pv198|gradle#14316:ws607/pv677|client#45576:ws4518/pv7191|gradle#27500:ws663/pv739
06:56:12,6628,32932,4,5892,8805,gradle#1712:ws104/pv198|gradle#14316:ws607/pv677|client#45576:ws4518/pv7191|gradle#27500:ws663/pv739
06:56:22,6614,32953,4,5892,8805,gradle#1712:ws104/pv198|gradle#14316:ws607/pv677|client#45576:ws4518/pv7191|gradle#27500:ws663/pv739
06:56:33,6606,32988,4,5892,8805,gradle#1712:ws104/pv198|gradle#14316:ws607/pv677|client#45576:ws4518/pv7191|gradle#27500:ws663/pv739
06:56:43,6480,33000,4,5892,8805,gradle#1712:ws104/pv198|gradle#14316:ws607/pv677|client#45576:ws4518/pv7191|gradle#27500:ws663/pv739
06:56:54,6614,32974,4,5892,8805,gradle#1712:ws104/pv198|gradle#14316:ws607/pv677|client#45576:ws4518/pv7191|gradle#27500:ws663/pv739
06:57:04,6599,32980,4,5892,8805,gradle#1712:ws104/pv198|gradle#14316:ws607/pv677|client#45576:ws4518/pv7191|gradle#27500:ws663/pv739
06:57:15,6724,32814,4,5892,8805,gradle#1712:ws104/pv198|gradle#14316:ws607/pv677|client#45576:ws4518/pv7191|gradle#27500:ws663/pv739
06:57:25,6369,32965,4,5892,8805,gradle#1712:ws104/pv198|gradle#14316:ws607/pv677|client#45576:ws4518/pv7191|gradle#27500:ws663/pv739
06:57:35,6596,32958,4,5892,8805,gradle#1712:ws104/pv198|gradle#14316:ws607/pv677|client#45576:ws4518/pv7191|gradle#27500:ws663/pv739
06:57:46,6575,33015,4,5892,8805,gradle#1712:ws104/pv198|gradle#14316:ws607/pv677|client#45576:ws4518/pv7191|gradle#27500:ws663/pv739
06:57:56,6611,32982,4,5892,8805,gradle#1712:ws104/pv198|gradle#14316:ws607/pv677|client#45576:ws4518/pv7191|gradle#27500:ws663/pv739
06:58:07,6611,32966,4,5892,8805,gradle#1712:ws104/pv198|gradle#14316:ws607/pv677|client#45576:ws4518/pv7191|gradle#27500:ws663/pv739
06:58:17,6618,32951,4,5893,8806,gradle#1712:ws105/pv199|gradle#14316:ws607/pv677|client#45576:ws4518/pv7191|gradle#27500:ws663/pv739
06:58:28,6628,32953,4,5893,8806,gradle#1712:ws105/pv199|gradle#14316:ws607/pv677|client#45576:ws4518/pv7191|gradle#27500:ws663/pv739
06:58:38,6625,32935,4,5893,8806,gradle#1712:ws105/pv199|gradle#14316:ws607/pv677|client#45576:ws4518/pv7191|gradle#27500:ws663/pv739
06:58:49,6615,32961,4,5893,8806,gradle#1712:ws105/pv199|gradle#14316:ws607/pv677|client#45576:ws4518/pv7191|gradle#27500:ws663/pv739
06:58:59,6591,32984,4,5893,8806,gradle#1712:ws105/pv199|gradle#14316:ws607/pv677|client#45576:ws4518/pv7191|gradle#27500:ws663/pv739
06:59:09,6714,32849,4,5893,8806,gradle#1712:ws105/pv199|gradle#14316:ws607/pv677|client#45576:ws4518/pv7191|gradle#27500:ws663/pv739
06:59:20,6738,32805,4,5893,8806,gradle#1712:ws105/pv199|gradle#14316:ws607/pv677|client#45576:ws4518/pv7191|gradle#27500:ws663/pv739
06:59:30,6417,33152,4,5893,8806,gradle#1712:ws105/pv199|gradle#14316:ws607/pv677|client#45576:ws4518/pv7191|gradle#27500:ws663/pv739
06:59:41,6572,32995,4,5893,8806,gradle#1712:ws105/pv199|gradle#14316:ws607/pv677|client#45576:ws4518/pv7191|gradle#27500:ws663/pv739
06:59:51,6594,32962,4,5893,8806,gradle#1712:ws105/pv199|gradle#14316:ws607/pv677|client#45576:ws4518/pv7191|gradle#27500:ws663/pv739
07:00:02,6626,32930,4,5893,8806,gradle#1712:ws105/pv199|gradle#14316:ws607/pv677|client#45576:ws4518/pv7191|gradle#27500:ws663/pv739
07:00:12,6661,32916,4,5893,8806,gradle#1712:ws105/pv199|gradle#14316:ws607/pv677|client#45576:ws4518/pv7191|gradle#27500:ws663/pv739
07:00:23,6654,32933,4,5893,8806,gradle#1712:ws105/pv199|gradle#14316:ws607/pv677|client#45576:ws4518/pv7191|gradle#27500:ws663/pv739
07:00:33,6643,32925,4,5885,8795,gradle#1712:ws105/pv199|gradle#14316:ws607/pv677|client#45576:ws4510/pv7180|gradle#27500:ws663/pv739
07:00:44,6618,32964,4,5885,8795,gradle#1712:ws105/pv199|gradle#14316:ws607/pv677|client#45576:ws4510/pv7180|gradle#27500:ws663/pv739
07:00:54,6641,32957,4,5885,8795,gradle#1712:ws105/pv199|gradle#14316:ws607/pv677|client#45576:ws4510/pv7180|gradle#27500:ws663/pv739
07:01:05,6629,32951,4,5885,8795,gradle#1712:ws105/pv199|gradle#14316:ws607/pv677|client#45576:ws4510/pv7180|gradle#27500:ws663/pv739
07:01:15,6718,32810,4,5885,8795,gradle#1712:ws105/pv199|gradle#14316:ws607/pv677|client#45576:ws4510/pv7180|gradle#27500:ws663/pv739
07:01:26,6738,32823,4,5885,8795,gradle#1712:ws105/pv199|gradle#14316:ws607/pv677|client#45576:ws4510/pv7180|gradle#27500:ws663/pv739
07:01:36,6580,32966,4,5885,8795,gradle#1712:ws105/pv199|gradle#14316:ws607/pv677|client#45576:ws4510/pv7180|gradle#27500:ws663/pv739
07:01:47,6582,32990,4,5885,8795,gradle#1712:ws105/pv199|gradle#14316:ws607/pv677|client#45576:ws4510/pv7180|gradle#27500:ws663/pv739
07:01:57,6591,32992,4,5885,8795,gradle#1712:ws105/pv199|gradle#14316:ws607/pv677|client#45576:ws4510/pv7180|gradle#27500:ws663/pv739
07:02:08,6597,32987,4,5885,8795,gradle#1712:ws105/pv199|gradle#14316:ws607/pv677|client#45576:ws4510/pv7180|gradle#27500:ws663/pv739
07:02:18,6625,32933,4,5885,8795,gradle#1712:ws105/pv199|gradle#14316:ws607/pv677|client#45576:ws4510/pv7180|gradle#27500:ws663/pv739
07:02:29,6605,32944,4,5885,8795,gradle#1712:ws105/pv199|gradle#14316:ws607/pv677|client#45576:ws4510/pv7180|gradle#27500:ws663/pv739
07:02:39,6624,32955,4,5876,8786,gradle#1712:ws105/pv199|gradle#14316:ws607/pv677|client#45576:ws4501/pv7171|gradle#27500:ws663/pv739
07:02:50,6608,32967,4,5876,8786,gradle#1712:ws105/pv199|gradle#14316:ws607/pv677|client#45576:ws4501/pv7171|gradle#27500:ws663/pv739
07:03:00,6600,32978,4,5876,8786,gradle#1712:ws105/pv199|gradle#14316:ws607/pv677|client#45576:ws4501/pv7171|gradle#27500:ws663/pv739
07:03:11,6586,33002,4,5876,8786,gradle#1712:ws105/pv199|gradle#14316:ws607/pv677|client#45576:ws4501/pv7171|gradle#27500:ws663/pv739
07:03:21,6604,32971,4,5876,8786,gradle#1712:ws105/pv199|gradle#14316:ws607/pv677|client#45576:ws4501/pv7171|gradle#27500:ws663/pv739
07:03:32,6609,32956,4,5871,8780,gradle#1712:ws105/pv199|gradle#14316:ws607/pv677|client#45576:ws4496/pv7165|gradle#27500:ws663/pv739
07:03:42,6583,32992,4,5871,8780,gradle#1712:ws105/pv199|gradle#14316:ws607/pv677|client#45576:ws4496/pv7165|gradle#27500:ws663/pv739
07:03:53,6588,32992,4,5871,8780,gradle#1712:ws105/pv199|gradle#14316:ws607/pv677|client#45576:ws4496/pv7165|gradle#27500:ws663/pv739
07:04:03,6582,32987,4,5871,8780,gradle#1712:ws105/pv199|gradle#14316:ws607/pv677|client#45576:ws4496/pv7165|gradle#27500:ws663/pv739
07:04:14,6592,32960,4,5871,8780,gradle#1712:ws105/pv199|gradle#14316:ws607/pv677|client#45576:ws4496/pv7165|gradle#27500:ws663/pv739
07:04:24,6594,32966,4,5871,8780,gradle#1712:ws105/pv199|gradle#14316:ws607/pv677|client#45576:ws4496/pv7165|gradle#27500:ws663/pv739
07:04:35,6577,32987,4,5871,8780,gradle#1712:ws105/pv199|gradle#14316:ws607/pv677|client#45576:ws4496/pv7165|gradle#27500:ws663/pv739
07:04:45,6540,33002,4,5871,8780,gradle#1712:ws105/pv199|gradle#14316:ws607/pv677|client#45576:ws4496/pv7165|gradle#27500:ws663/pv739
07:04:56,6511,33044,4,5871,8780,gradle#1712:ws105/pv199|gradle#14316:ws607/pv677|client#45576:ws4496/pv7165|gradle#27500:ws663/pv739
07:05:06,6527,33029,4,5871,8780,gradle#1712:ws105/pv199|gradle#14316:ws607/pv677|client#45576:ws4496/pv7165|gradle#27500:ws663/pv739
07:05:17,6555,32975,4,5871,8780,gradle#1712:ws105/pv199|gradle#14316:ws607/pv677|client#45576:ws4496/pv7165|gradle#27500:ws663/pv739
07:05:27,6568,32961,4,5871,8780,gradle#1712:ws105/pv199|gradle#14316:ws607/pv677|client#45576:ws4496/pv7165|gradle#27500:ws663/pv739
07:05:38,6574,32976,4,5871,8780,gradle#1712:ws105/pv199|gradle#14316:ws607/pv677|client#45576:ws4496/pv7165|gradle#27500:ws663/pv739
07:05:48,6543,33000,4,5871,8780,gradle#1712:ws105/pv199|gradle#14316:ws607/pv677|client#45576:ws4496/pv7165|gradle#27500:ws663/pv739
07:05:59,6397,32995,4,5871,8780,gradle#1712:ws105/pv199|gradle#14316:ws607/pv677|client#45576:ws4496/pv7165|gradle#27500:ws663/pv739
07:06:09,6522,32969,4,5871,8780,gradle#1712:ws105/pv199|gradle#14316:ws607/pv677|client#45576:ws4496/pv7165|gradle#27500:ws663/pv739
07:06:20,6621,32969,4,5871,8780,gradle#1712:ws105/pv199|gradle#14316:ws607/pv677|client#45576:ws4496/pv7165|gradle#27500:ws663/pv739
07:06:30,6748,32801,4,5871,8780,gradle#1712:ws105/pv199|gradle#14316:ws607/pv677|client#45576:ws4496/pv7165|gradle#27500:ws663/pv739
07:06:41,6613,32968,4,5871,8780,gradle#1712:ws105/pv199|gradle#14316:ws607/pv677|client#45576:ws4496/pv7165|gradle#27500:ws663/pv739
07:06:51,6573,32997,4,5871,8780,gradle#1712:ws105/pv199|gradle#14316:ws607/pv677|client#45576:ws4496/pv7165|gradle#27500:ws663/pv739
07:07:01,6598,32973,4,5871,8780,gradle#1712:ws105/pv199|gradle#14316:ws607/pv677|client#45576:ws4496/pv7165|gradle#27500:ws663/pv739
07:07:12,6636,32922,4,5871,8780,gradle#1712:ws105/pv199|gradle#14316:ws607/pv677|client#45576:ws4496/pv7165|gradle#27500:ws663/pv739
07:07:22,6628,32934,4,5871,8780,gradle#1712:ws105/pv199|gradle#14316:ws607/pv677|client#45576:ws4496/pv7165|gradle#27500:ws663/pv739
07:07:33,6606,32961,4,5871,8780,gradle#1712:ws105/pv199|gradle#14316:ws607/pv677|client#45576:ws4496/pv7165|gradle#27500:ws663/pv739
07:07:43,6603,32967,4,5871,8780,gradle#1712:ws105/pv199|gradle#14316:ws607/pv677|client#45576:ws4496/pv7165|gradle#27500:ws663/pv739
07:07:54,6571,32990,4,5871,8780,gradle#1712:ws105/pv199|gradle#14316:ws607/pv677|client#45576:ws4496/pv7165|gradle#27500:ws663/pv739
07:08:04,6544,33011,4,5871,8780,gradle#1712:ws105/pv199|gradle#14316:ws607/pv677|client#45576:ws4496/pv7165|gradle#27500:ws663/pv739
07:08:15,6556,32984,4,5871,8780,gradle#1712:ws105/pv199|gradle#14316:ws607/pv677|client#45576:ws4496/pv7165|gradle#27500:ws663/pv739
07:08:25,6559,32981,4,5871,8780,gradle#1712:ws105/pv199|gradle#14316:ws607/pv677|client#45576:ws4496/pv7165|gradle#27500:ws663/pv739
07:08:36,6696,32833,4,5871,8780,gradle#1712:ws105/pv199|gradle#14316:ws607/pv677|client#45576:ws4496/pv7165|gradle#27500:ws663/pv739
07:08:46,6522,33021,4,5871,8780,gradle#1712:ws105/pv199|gradle#14316:ws607/pv677|client#45576:ws4496/pv7165|gradle#27500:ws663/pv739
07:08:57,6553,32982,4,5871,8780,gradle#1712:ws105/pv199|gradle#14316:ws607/pv677|client#45576:ws4496/pv7165|gradle#27500:ws663/pv739
07:09:07,6551,32995,4,5871,8780,gradle#1712:ws105/pv199|gradle#14316:ws607/pv677|client#45576:ws4496/pv7165|gradle#27500:ws663/pv739
07:09:18,6682,32840,4,5871,8780,gradle#1712:ws105/pv199|gradle#14316:ws607/pv677|client#45576:ws4496/pv7165|gradle#27500:ws663/pv739
07:09:28,6692,32830,4,5871,8780,gradle#1712:ws105/pv199|gradle#14316:ws607/pv677|client#45576:ws4496/pv7165|gradle#27500:ws663/pv739
07:09:39,6682,32831,4,5871,8780,gradle#1712:ws105/pv199|gradle#14316:ws607/pv677|client#45576:ws4496/pv7165|gradle#27500:ws663/pv739
07:09:49,6501,33026,4,5871,8780,gradle#1712:ws105/pv199|gradle#14316:ws607/pv677|client#45576:ws4496/pv7165|gradle#27500:ws663/pv739
07:10:00,6517,33013,4,5871,8780,gradle#1712:ws105/pv199|gradle#14316:ws607/pv677|client#45576:ws4496/pv7165|gradle#27500:ws663/pv739
07:10:10,6537,32995,4,5871,8780,gradle#1712:ws105/pv199|gradle#14316:ws607/pv677|client#45576:ws4496/pv7165|gradle#27500:ws663/pv739
07:10:21,6546,32987,4,5871,8780,gradle#1712:ws105/pv199|gradle#14316:ws607/pv677|client#45576:ws4496/pv7165|gradle#27500:ws663/pv739
07:10:31,7190,32276,3,5208,8041,gradle#1712:ws105/pv199|gradle#14316:ws607/pv677|client#45576:ws4496/pv7165
07:10:42,7225,32243,3,5199,8031,gradle#1712:ws105/pv199|gradle#14316:ws607/pv677|client#45576:ws4487/pv7155
07:10:52,7213,32264,3,5199,8031,gradle#1712:ws105/pv199|gradle#14316:ws607/pv677|client#45576:ws4487/pv7155
07:11:03,7206,32285,3,5199,8031,gradle#1712:ws105/pv199|gradle#14316:ws607/pv677|client#45576:ws4487/pv7155
07:11:13,7243,32233,3,5199,8031,gradle#1712:ws105/pv199|gradle#14316:ws607/pv677|client#45576:ws4487/pv7155
07:11:24,7377,32070,3,5199,8031,gradle#1712:ws105/pv199|gradle#14316:ws607/pv677|client#45576:ws4487/pv7155
07:11:34,7374,32082,3,5199,8031,gradle#1712:ws105/pv199|gradle#14316:ws607/pv677|client#45576:ws4487/pv7155
07:11:45,7145,32328,3,5199,8031,gradle#1712:ws105/pv199|gradle#14316:ws607/pv677|client#45576:ws4487/pv7155
07:11:55,7181,32281,3,5199,8031,gradle#1712:ws105/pv199|gradle#14316:ws607/pv677|client#45576:ws4487/pv7155
07:12:05,7192,32282,3,5197,8028,gradle#1712:ws105/pv199|gradle#14316:ws607/pv677|client#45576:ws4485/pv7152
07:12:16,7234,32248,3,5197,8028,gradle#1712:ws105/pv199|gradle#14316:ws607/pv677|client#45576:ws4485/pv7152
07:12:26,7239,32232,3,5197,8028,gradle#1712:ws105/pv199|gradle#14316:ws607/pv677|client#45576:ws4485/pv7152
07:12:37,7224,32219,3,5197,8028,gradle#1712:ws105/pv199|gradle#14316:ws607/pv677|client#45576:ws4485/pv7152
07:12:47,7204,32294,3,5197,8028,gradle#1712:ws105/pv199|gradle#14316:ws607/pv677|client#45576:ws4485/pv7152
07:12:58,7201,32299,3,5197,8028,gradle#1712:ws105/pv199|gradle#14316:ws607/pv677|client#45576:ws4485/pv7152
07:13:08,7206,32285,3,5197,8028,gradle#1712:ws105/pv199|gradle#14316:ws607/pv677|client#45576:ws4485/pv7152
07:13:19,7232,32237,3,5197,8028,gradle#1712:ws105/pv199|gradle#14316:ws607/pv677|client#45576:ws4485/pv7152
07:13:29,7224,32259,3,5197,8028,gradle#1712:ws105/pv199|gradle#14316:ws607/pv677|client#45576:ws4485/pv7152
07:13:39,7281,32199,3,5197,8028,gradle#1712:ws105/pv199|gradle#14316:ws607/pv677|client#45576:ws4485/pv7152
07:13:50,7163,32291,3,5197,8028,gradle#1712:ws105/pv199|gradle#14316:ws607/pv677|client#45576:ws4485/pv7152
07:14:00,7148,32317,3,5197,8028,gradle#1712:ws105/pv199|gradle#14316:ws607/pv677|client#45576:ws4485/pv7152
07:14:11,7202,32273,3,5197,8028,gradle#1712:ws105/pv199|gradle#14316:ws607/pv677|client#45576:ws4485/pv7152
07:14:21,7239,32227,3,5197,8028,gradle#1712:ws105/pv199|gradle#14316:ws607/pv677|client#45576:ws4485/pv7152
07:14:32,7227,32244,3,5197,8028,gradle#1712:ws105/pv199|gradle#14316:ws607/pv677|client#45576:ws4485/pv7152
07:14:42,7146,32345,3,5197,8028,gradle#1712:ws105/pv199|gradle#14316:ws607/pv677|client#45576:ws4485/pv7152
07:14:53,7188,32271,3,5197,8028,gradle#1712:ws105/pv199|gradle#14316:ws607/pv677|client#45576:ws4485/pv7152
07:15:03,7212,32250,3,5197,8028,gradle#1712:ws105/pv199|gradle#14316:ws607/pv677|client#45576:ws4485/pv7152
07:15:14,7238,32217,3,5197,8028,gradle#1712:ws105/pv199|gradle#14316:ws607/pv677|client#45576:ws4485/pv7152
07:15:24,7242,32220,3,5197,8028,gradle#1712:ws105/pv199|gradle#14316:ws607/pv677|client#45576:ws4485/pv7152
07:15:35,7251,32197,3,5197,8028,gradle#1712:ws105/pv199|gradle#14316:ws607/pv677|client#45576:ws4485/pv7152
07:15:45,7222,32245,3,5197,8028,gradle#1712:ws105/pv199|gradle#14316:ws607/pv677|client#45576:ws4485/pv7152
07:15:56,7243,32254,3,5197,8028,gradle#1712:ws105/pv199|gradle#14316:ws607/pv677|client#45576:ws4485/pv7152
07:16:06,7234,32245,3,5197,8028,gradle#1712:ws105/pv199|gradle#14316:ws607/pv677|client#45576:ws4485/pv7152
07:16:17,7228,32222,3,5197,8028,gradle#1712:ws105/pv199|gradle#14316:ws607/pv677|client#45576:ws4485/pv7152
07:16:27,7237,32230,3,5197,8028,gradle#1712:ws105/pv199|gradle#14316:ws607/pv677|client#45576:ws4485/pv7152
07:16:38,7358,32105,3,5197,8028,gradle#1712:ws105/pv199|gradle#14316:ws607/pv677|client#45576:ws4485/pv7152
07:16:48,7177,32262,3,5197,8028,gradle#1712:ws105/pv199|gradle#14316:ws607/pv677|client#45576:ws4485/pv7152
07:16:59,7203,32257,3,5197,8028,gradle#1712:ws105/pv199|gradle#14316:ws607/pv677|client#45576:ws4485/pv7152
07:17:09,7224,32262,3,5197,8028,gradle#1712:ws105/pv199|gradle#14316:ws607/pv677|client#45576:ws4485/pv7152
07:17:19,6962,32185,3,5196,8027,gradle#1712:ws105/pv199|gradle#14316:ws607/pv677|client#45576:ws4484/pv7151
07:17:30,7235,32194,3,5196,8027,gradle#1712:ws105/pv199|gradle#14316:ws607/pv677|client#45576:ws4484/pv7151
07:17:40,7262,32209,3,5196,8027,gradle#1712:ws105/pv199|gradle#14316:ws607/pv677|client#45576:ws4484/pv7151
07:17:51,7106,32161,3,5196,8027,gradle#1712:ws105/pv199|gradle#14316:ws607/pv677|client#45576:ws4484/pv7151
07:18:01,7265,32195,3,5196,8027,gradle#1712:ws105/pv199|gradle#14316:ws607/pv677|client#45576:ws4484/pv7151
07:18:12,7299,32170,3,5196,8027,gradle#1712:ws105/pv199|gradle#14316:ws607/pv677|client#45576:ws4484/pv7151
07:18:22,7298,32177,3,5196,8027,gradle#1712:ws105/pv199|gradle#14316:ws607/pv677|client#45576:ws4484/pv7151
07:18:33,7365,32030,3,5196,8027,gradle#1712:ws105/pv199|gradle#14316:ws607/pv677|client#45576:ws4484/pv7151
07:18:43,7203,32297,3,5196,8027,gradle#1712:ws105/pv199|gradle#14316:ws607/pv677|client#45576:ws4484/pv7151
07:18:54,7247,32233,3,5196,8027,gradle#1712:ws105/pv199|gradle#14316:ws607/pv677|client#45576:ws4484/pv7151
07:19:04,7247,32240,3,5196,8027,gradle#1712:ws105/pv199|gradle#14316:ws607/pv677|client#45576:ws4484/pv7151
07:19:15,7280,32176,3,5196,8027,gradle#1712:ws105/pv199|gradle#14316:ws607/pv677|client#45576:ws4484/pv7151
07:19:25,7304,32171,3,5196,8027,gradle#1712:ws105/pv199|gradle#14316:ws607/pv677|client#45576:ws4484/pv7151
07:19:36,7302,32182,3,5196,8027,gradle#1712:ws105/pv199|gradle#14316:ws607/pv677|client#45576:ws4484/pv7151
07:19:46,7292,32183,3,5196,8027,gradle#1712:ws105/pv199|gradle#14316:ws607/pv677|client#45576:ws4484/pv7151
07:19:57,7277,32205,3,5196,8027,gradle#1712:ws105/pv199|gradle#14316:ws607/pv677|client#45576:ws4484/pv7151
07:20:07,7233,32254,3,5196,8027,gradle#1712:ws105/pv199|gradle#14316:ws607/pv677|client#45576:ws4484/pv7151
07:20:18,7266,32204,3,5196,8027,gradle#1712:ws105/pv199|gradle#14316:ws607/pv677|client#45576:ws4484/pv7151
07:20:28,7291,32176,3,5196,8027,gradle#1712:ws105/pv199|gradle#14316:ws607/pv677|client#45576:ws4484/pv7151
07:20:39,7265,32208,3,5196,8027,gradle#1712:ws105/pv199|gradle#14316:ws607/pv677|client#45576:ws4484/pv7151
07:20:49,7247,32245,3,5196,8027,gradle#1712:ws105/pv199|gradle#14316:ws607/pv677|client#45576:ws4484/pv7151
07:21:00,7256,32194,3,5196,8027,gradle#1712:ws105/pv199|gradle#14316:ws607/pv677|client#45576:ws4484/pv7151
07:21:10,7276,32191,3,5196,8027,gradle#1712:ws105/pv199|gradle#14316:ws607/pv677|client#45576:ws4484/pv7151
07:21:20,7288,32181,3,5196,8027,gradle#1712:ws105/pv199|gradle#14316:ws607/pv677|client#45576:ws4484/pv7151
07:21:31,7317,32147,3,5196,8027,gradle#1712:ws105/pv199|gradle#14316:ws607/pv677|client#45576:ws4484/pv7151
07:21:41,7242,32225,3,5196,8027,gradle#1712:ws105/pv199|gradle#14316:ws607/pv677|client#45576:ws4484/pv7151
07:21:52,7251,32187,3,5196,8027,gradle#1712:ws105/pv199|gradle#14316:ws607/pv677|client#45576:ws4484/pv7151
07:22:02,7266,32219,3,5196,8027,gradle#1712:ws105/pv199|gradle#14316:ws607/pv677|client#45576:ws4484/pv7151
07:22:13,7315,32147,3,5196,8027,gradle#1712:ws105/pv199|gradle#14316:ws607/pv677|client#45576:ws4484/pv7151
07:22:23,7314,32138,3,5196,8027,gradle#1712:ws105/pv199|gradle#14316:ws607/pv677|client#45576:ws4484/pv7151
07:22:34,7304,32168,3,5196,8027,gradle#1712:ws105/pv199|gradle#14316:ws607/pv677|client#45576:ws4484/pv7151
07:22:44,7244,32217,3,5196,8027,gradle#1712:ws105/pv199|gradle#14316:ws607/pv677|client#45576:ws4484/pv7151
07:22:55,7256,32210,3,5196,8027,gradle#1712:ws105/pv199|gradle#14316:ws607/pv677|client#45576:ws4484/pv7151
07:23:05,7264,32217,3,5196,8027,gradle#1712:ws105/pv199|gradle#14316:ws607/pv677|client#45576:ws4484/pv7151
07:23:16,7320,32150,3,5196,8027,gradle#1712:ws105/pv199|gradle#14316:ws607/pv677|client#45576:ws4484/pv7151
07:23:26,7317,32159,3,5196,8027,gradle#1712:ws105/pv199|gradle#14316:ws607/pv677|client#45576:ws4484/pv7151
07:23:37,7300,32184,3,5196,8027,gradle#1712:ws105/pv199|gradle#14316:ws607/pv677|client#45576:ws4484/pv7151
07:23:47,7258,32230,3,5196,8027,gradle#1712:ws105/pv199|gradle#14316:ws607/pv677|client#45576:ws4484/pv7151
07:23:58,7273,32204,3,5196,8027,gradle#1712:ws105/pv199|gradle#14316:ws607/pv677|client#45576:ws4484/pv7151
07:24:08,7270,32217,3,5196,8027,gradle#1712:ws105/pv199|gradle#14316:ws607/pv677|client#45576:ws4484/pv7151
07:24:19,7274,32195,3,5196,8026,gradle#1712:ws105/pv199|gradle#14316:ws607/pv677|client#45576:ws4484/pv7150
07:24:29,7270,32215,3,5196,8026,gradle#1712:ws105/pv199|gradle#14316:ws607/pv677|client#45576:ws4484/pv7150
07:24:40,7294,32176,3,5196,8026,gradle#1712:ws105/pv199|gradle#14316:ws607/pv677|client#45576:ws4484/pv7150
07:24:50,7266,32222,3,5196,8026,gradle#1712:ws105/pv199|gradle#14316:ws607/pv677|client#45576:ws4484/pv7150
07:25:01,7266,32226,3,5196,8026,gradle#1712:ws105/pv199|gradle#14316:ws607/pv677|client#45576:ws4484/pv7150
07:25:11,7259,32200,3,5195,8026,gradle#1712:ws105/pv199|gradle#14316:ws607/pv677|client#45576:ws4483/pv7150
07:25:21,7299,32170,3,5195,8026,gradle#1712:ws105/pv199|gradle#14316:ws607/pv677|client#45576:ws4483/pv7150
07:25:32,7293,32175,3,5195,8026,gradle#1712:ws105/pv199|gradle#14316:ws607/pv677|client#45576:ws4483/pv7150
07:25:42,7270,32191,3,5195,8026,gradle#1712:ws105/pv199|gradle#14316:ws607/pv677|client#45576:ws4483/pv7150
07:25:53,7284,32185,3,5195,8026,gradle#1712:ws105/pv199|gradle#14316:ws607/pv677|client#45576:ws4483/pv7150
07:26:03,7271,32205,3,5195,8026,gradle#1712:ws105/pv199|gradle#14316:ws607/pv677|client#45576:ws4483/pv7150
07:26:14,7241,32234,3,5195,8026,gradle#1712:ws105/pv199|gradle#14316:ws607/pv677|client#45576:ws4483/pv7150
07:26:24,7243,32195,3,5195,8026,gradle#1712:ws105/pv199|gradle#14316:ws607/pv677|client#45576:ws4483/pv7150
07:26:35,7234,32233,3,5195,8026,gradle#1712:ws105/pv199|gradle#14316:ws607/pv677|client#45576:ws4483/pv7150
07:26:45,7243,32227,3,5195,8026,gradle#1712:ws105/pv199|gradle#14316:ws607/pv677|client#45576:ws4483/pv7150
07:26:56,7270,32210,3,5195,8027,gradle#1712:ws105/pv199|gradle#14316:ws607/pv678|client#45576:ws4483/pv7150
07:27:06,7277,32205,3,5195,8026,gradle#1712:ws105/pv199|gradle#14316:ws607/pv678|client#45576:ws4483/pv7149
07:27:16,7279,32198,3,5195,8026,gradle#1712:ws105/pv199|gradle#14316:ws607/pv678|client#45576:ws4483/pv7149
07:27:27,7279,32205,3,5195,8026,gradle#1712:ws105/pv199|gradle#14316:ws607/pv678|client#45576:ws4483/pv7149
07:27:37,7290,32191,3,5195,8026,gradle#1712:ws105/pv199|gradle#14316:ws607/pv678|client#45576:ws4483/pv7149
07:27:48,7258,32219,3,5195,8026,gradle#1712:ws105/pv199|gradle#14316:ws607/pv678|client#45576:ws4483/pv7149
07:27:58,7263,32229,3,5195,8026,gradle#1712:ws105/pv199|gradle#14316:ws607/pv678|client#45576:ws4483/pv7149
07:28:09,7267,32209,3,5195,8026,gradle#1712:ws105/pv199|gradle#14316:ws607/pv678|client#45576:ws4483/pv7149
07:28:19,7279,32188,3,5195,8026,gradle#1712:ws105/pv199|gradle#14316:ws607/pv678|client#45576:ws4483/pv7149
07:28:30,7256,32211,3,5195,8026,gradle#1712:ws105/pv199|gradle#14316:ws607/pv678|client#45576:ws4483/pv7149
07:28:40,7298,32158,3,5195,8026,gradle#1712:ws105/pv199|gradle#14316:ws607/pv678|client#45576:ws4483/pv7149
07:28:51,7272,32194,3,5195,8026,gradle#1712:ws105/pv199|gradle#14316:ws607/pv678|client#45576:ws4483/pv7149
07:29:01,7272,32195,3,5195,8026,gradle#1712:ws105/pv199|gradle#14316:ws607/pv678|client#45576:ws4483/pv7149
07:29:12,7403,32054,3,5195,8026,gradle#1712:ws105/pv199|gradle#14316:ws607/pv678|client#45576:ws4483/pv7149
07:29:22,7367,32096,3,5195,8026,gradle#1712:ws105/pv199|gradle#14316:ws607/pv678|client#45576:ws4483/pv7149
07:29:33,7217,32205,3,5195,8026,gradle#1712:ws105/pv199|gradle#14316:ws607/pv678|client#45576:ws4483/pv7149
07:29:43,7203,32246,3,5195,8026,gradle#1712:ws105/pv199|gradle#14316:ws607/pv678|client#45576:ws4483/pv7149
07:29:54,7270,32190,3,5195,8026,gradle#1712:ws105/pv199|gradle#14316:ws607/pv678|client#45576:ws4483/pv7149
07:30:04,7272,32186,3,5195,8026,gradle#1712:ws105/pv199|gradle#14316:ws607/pv678|client#45576:ws4483/pv7149
07:30:15,7294,32171,3,5195,8026,gradle#1712:ws105/pv199|gradle#14316:ws607/pv678|client#45576:ws4483/pv7149
07:30:25,7290,32196,3,5195,8026,gradle#1712:ws105/pv199|gradle#14316:ws607/pv678|client#45576:ws4483/pv7149
07:30:35,7288,32179,3,5195,8026,gradle#1712:ws105/pv199|gradle#14316:ws607/pv678|client#45576:ws4483/pv7149
07:30:46,7247,32222,3,5195,8026,gradle#1712:ws105/pv199|gradle#14316:ws607/pv678|client#45576:ws4483/pv7149
07:30:56,7265,32227,3,5195,8026,gradle#1712:ws105/pv199|gradle#14316:ws607/pv678|client#45576:ws4483/pv7149
07:31:07,7265,32196,3,5190,8019,gradle#1712:ws105/pv199|gradle#14316:ws608/pv678|client#45576:ws4477/pv7142
07:31:17,7387,32035,3,5190,8019,gradle#1712:ws105/pv199|gradle#14316:ws608/pv678|client#45576:ws4477/pv7142
07:31:28,7244,32215,3,5190,8019,gradle#1712:ws105/pv199|gradle#14316:ws608/pv678|client#45576:ws4477/pv7142
07:31:38,7099,32212,3,5190,8019,gradle#1712:ws105/pv199|gradle#14316:ws608/pv678|client#45576:ws4477/pv7142
07:31:49,7220,32228,3,5190,8019,gradle#1712:ws105/pv199|gradle#14316:ws608/pv678|client#45576:ws4477/pv7142
07:31:59,7148,32204,3,5190,8019,gradle#1712:ws105/pv199|gradle#14316:ws608/pv678|client#45576:ws4477/pv7142
07:32:10,7240,32219,3,5190,8019,gradle#1712:ws105/pv199|gradle#14316:ws608/pv678|client#45576:ws4477/pv7142
07:32:20,7175,32158,3,5190,8019,gradle#1712:ws105/pv199|gradle#14316:ws608/pv678|client#45576:ws4477/pv7142
07:32:31,7262,32166,3,5190,8019,gradle#1712:ws105/pv199|gradle#14316:ws608/pv678|client#45576:ws4477/pv7142
07:32:41,7261,32209,3,5190,8019,gradle#1712:ws105/pv199|gradle#14316:ws608/pv678|client#45576:ws4477/pv7142
07:32:52,7271,32180,3,5190,8019,gradle#1712:ws105/pv199|gradle#14316:ws608/pv678|client#45576:ws4477/pv7142
07:33:02,7263,32200,3,5190,8019,gradle#1712:ws105/pv199|gradle#14316:ws608/pv678|client#45576:ws4477/pv7142
07:33:13,7271,32182,3,5190,8019,gradle#1712:ws105/pv199|gradle#14316:ws608/pv678|client#45576:ws4477/pv7142
07:33:23,7268,32186,3,5190,8019,gradle#1712:ws105/pv199|gradle#14316:ws608/pv678|client#45576:ws4477/pv7142
07:33:34,7251,32201,3,5190,8019,gradle#1712:ws105/pv199|gradle#14316:ws608/pv678|client#45576:ws4477/pv7142
07:33:44,7198,32268,3,5190,8019,gradle#1712:ws105/pv199|gradle#14316:ws608/pv678|client#45576:ws4477/pv7142
07:33:55,7204,32278,3,5181,8009,gradle#1712:ws105/pv199|gradle#14316:ws608/pv678|client#45576:ws4468/pv7132
07:34:05,7207,32275,3,5181,8009,gradle#1712:ws105/pv199|gradle#14316:ws608/pv678|client#45576:ws4468/pv7132
07:34:16,7239,32212,3,5181,8009,gradle#1712:ws105/pv199|gradle#14316:ws608/pv678|client#45576:ws4468/pv7132
07:34:26,7228,32219,3,5181,8009,gradle#1712:ws105/pv199|gradle#14316:ws608/pv678|client#45576:ws4468/pv7132
07:34:37,7216,32253,3,5181,8009,gradle#1712:ws105/pv199|gradle#14316:ws608/pv678|client#45576:ws4468/pv7132
07:34:47,7206,32262,3,5180,8007,gradle#1712:ws105/pv199|gradle#14316:ws608/pv678|client#45576:ws4467/pv7130
07:34:58,7156,32309,3,5180,8007,gradle#1712:ws105/pv199|gradle#14316:ws608/pv678|client#45576:ws4467/pv7130
07:35:08,7142,32326,3,5180,8007,gradle#1712:ws105/pv199|gradle#14316:ws608/pv678|client#45576:ws4467/pv7130
07:35:19,7149,32297,3,5180,8007,gradle#1712:ws105/pv199|gradle#14316:ws608/pv678|client#45576:ws4467/pv7130
07:35:29,7167,32271,3,5180,8007,gradle#1712:ws105/pv199|gradle#14316:ws608/pv678|client#45576:ws4467/pv7130
07:35:40,7166,32275,3,5180,8007,gradle#1712:ws105/pv199|gradle#14316:ws608/pv678|client#45576:ws4467/pv7130
07:35:50,7168,32284,3,5174,8000,gradle#1712:ws105/pv199|gradle#14316:ws608/pv678|client#45576:ws4461/pv7123
07:36:01,7154,32274,3,5174,8000,gradle#1712:ws105/pv199|gradle#14316:ws608/pv678|client#45576:ws4461/pv7123
07:36:11,7303,32103,3,5174,8000,gradle#1712:ws105/pv199|gradle#14316:ws608/pv678|client#45576:ws4461/pv7123
07:36:22,7318,32108,3,5174,8000,gradle#1712:ws105/pv199|gradle#14316:ws608/pv678|client#45576:ws4461/pv7123
07:36:32,7332,32086,3,5174,8000,gradle#1712:ws105/pv199|gradle#14316:ws608/pv678|client#45576:ws4461/pv7123
07:36:43,7135,32287,3,5174,8000,gradle#1712:ws105/pv199|gradle#14316:ws608/pv678|client#45576:ws4461/pv7123
07:36:53,7131,32289,3,5174,8000,gradle#1712:ws105/pv199|gradle#14316:ws608/pv678|client#45576:ws4461/pv7123
07:37:04,7140,32318,3,5174,8000,gradle#1712:ws105/pv199|gradle#14316:ws608/pv678|client#45576:ws4461/pv7123
07:37:14,7181,32255,3,5174,8000,gradle#1712:ws105/pv199|gradle#14316:ws608/pv678|client#45576:ws4461/pv7123
07:37:25,7176,32255,3,5174,8000,gradle#1712:ws105/pv199|gradle#14316:ws608/pv678|client#45576:ws4461/pv7123
07:37:35,7158,32295,3,5174,8000,gradle#1712:ws105/pv199|gradle#14316:ws608/pv678|client#45576:ws4461/pv7123
07:37:46,7170,32277,3,5174,8000,gradle#1712:ws105/pv199|gradle#14316:ws608/pv678|client#45576:ws4461/pv7123
07:37:56,7163,32275,3,5174,8000,gradle#1712:ws105/pv199|gradle#14316:ws608/pv678|client#45576:ws4461/pv7123
07:38:06,7154,32301,3,5174,8000,gradle#1712:ws105/pv199|gradle#14316:ws608/pv678|client#45576:ws4461/pv7123
07:38:17,7162,32277,3,5174,8000,gradle#1712:ws105/pv199|gradle#14316:ws608/pv678|client#45576:ws4461/pv7123
07:38:28,7304,32094,3,5174,8000,gradle#1712:ws105/pv199|gradle#14316:ws608/pv678|client#45576:ws4461/pv7123
07:38:38,7311,32092,3,5174,8000,gradle#1712:ws105/pv199|gradle#14316:ws608/pv678|client#45576:ws4461/pv7123
07:38:49,7124,32308,3,5174,8000,gradle#1712:ws105/pv199|gradle#14316:ws608/pv678|client#45576:ws4461/pv7123
07:38:59,7150,32285,3,5174,8000,gradle#1712:ws105/pv199|gradle#14316:ws608/pv678|client#45576:ws4461/pv7123
07:39:09,7157,32281,3,5174,8000,gradle#1712:ws105/pv199|gradle#14316:ws608/pv678|client#45576:ws4461/pv7123
07:39:20,7285,32120,3,5174,8000,gradle#1712:ws105/pv199|gradle#14316:ws608/pv678|client#45576:ws4461/pv7123
07:39:30,7302,32083,3,5174,8000,gradle#1712:ws105/pv199|gradle#14316:ws608/pv678|client#45576:ws4461/pv7123
07:39:41,7191,32226,3,5174,8000,gradle#1712:ws105/pv199|gradle#14316:ws608/pv678|client#45576:ws4461/pv7123
07:39:51,7218,32250,3,5174,8000,gradle#1712:ws105/pv199|gradle#14316:ws608/pv678|client#45576:ws4461/pv7123
07:40:02,7212,32266,3,5174,8000,gradle#1712:ws105/pv199|gradle#14316:ws608/pv678|client#45576:ws4461/pv7123
07:40:12,7243,32224,3,5174,8000,gradle#1712:ws105/pv199|gradle#14316:ws608/pv678|client#45576:ws4461/pv7123
07:40:23,7248,32228,3,5174,8000,gradle#1712:ws105/pv199|gradle#14316:ws608/pv678|client#45576:ws4461/pv7123
07:40:33,7233,32250,3,5174,8000,gradle#1712:ws105/pv199|gradle#14316:ws608/pv678|client#45576:ws4461/pv7123
07:40:44,7217,32258,3,5174,8000,gradle#1712:ws105/pv199|gradle#14316:ws608/pv678|client#45576:ws4461/pv7123
07:40:54,7215,32257,3,5174,8000,gradle#1712:ws105/pv199|gradle#14316:ws608/pv678|client#45576:ws4461/pv7123
07:41:05,7205,32275,3,5184,8010,gradle#1712:ws105/pv199|gradle#14316:ws618/pv688|client#45576:ws4461/pv7123
07:41:15,7212,32251,3,5184,8010,gradle#1712:ws105/pv199|gradle#14316:ws618/pv688|client#45576:ws4461/pv7123
07:41:26,7228,32227,3,5184,8010,gradle#1712:ws105/pv199|gradle#14316:ws618/pv688|client#45576:ws4461/pv7123
07:41:36,7301,32153,3,5184,8010,gradle#1712:ws105/pv199|gradle#14316:ws618/pv688|client#45576:ws4461/pv7123
07:41:47,7149,32306,3,5184,8010,gradle#1712:ws105/pv199|gradle#14316:ws618/pv688|client#45576:ws4461/pv7123
07:41:57,7161,32282,3,5184,8010,gradle#1712:ws105/pv199|gradle#14316:ws618/pv688|client#45576:ws4461/pv7123
07:42:08,7188,32251,3,5184,8010,gradle#1712:ws105/pv199|gradle#14316:ws618/pv688|client#45576:ws4461/pv7123
07:42:18,7215,32231,3,5184,8010,gradle#1712:ws105/pv199|gradle#14316:ws618/pv688|client#45576:ws4461/pv7123
07:42:29,7199,32256,3,5184,8010,gradle#1712:ws105/pv199|gradle#14316:ws618/pv688|client#45576:ws4461/pv7123
07:42:39,7208,32246,3,5184,8010,gradle#1712:ws105/pv199|gradle#14316:ws618/pv688|client#45576:ws4461/pv7123
07:42:50,7192,32282,3,5184,8010,gradle#1712:ws105/pv199|gradle#14316:ws618/pv688|client#45576:ws4461/pv7123
07:43:00,7179,32309,3,5184,8010,gradle#1712:ws105/pv199|gradle#14316:ws618/pv688|client#45576:ws4461/pv7123
07:43:11,7231,32246,3,5184,8010,gradle#1712:ws105/pv199|gradle#14316:ws618/pv688|client#45576:ws4461/pv7123
07:43:21,7252,32211,3,5184,8010,gradle#1712:ws105/pv199|gradle#14316:ws618/pv688|client#45576:ws4461/pv7123
07:43:32,7361,32092,3,5184,8010,gradle#1712:ws105/pv199|gradle#14316:ws618/pv688|client#45576:ws4461/pv7123
07:43:42,7128,32370,3,5184,8010,gradle#1712:ws105/pv199|gradle#14316:ws618/pv688|client#45576:ws4461/pv7123
07:43:53,7171,32279,3,5184,8010,gradle#1712:ws105/pv199|gradle#14316:ws618/pv688|client#45576:ws4461/pv7123
07:44:03,7175,32302,3,5184,8010,gradle#1712:ws105/pv199|gradle#14316:ws618/pv688|client#45576:ws4461/pv7123
07:44:14,7245,32222,3,5184,8010,gradle#1712:ws105/pv199|gradle#14316:ws618/pv688|client#45576:ws4461/pv7123
07:44:24,7208,32256,3,5184,8010,gradle#1712:ws105/pv199|gradle#14316:ws618/pv688|client#45576:ws4461/pv7123
07:44:35,7228,32232,3,5184,8010,gradle#1712:ws105/pv199|gradle#14316:ws618/pv688|client#45576:ws4461/pv7123
07:44:45,7181,32289,3,5184,8010,gradle#1712:ws105/pv199|gradle#14316:ws618/pv688|client#45576:ws4461/pv7123
07:44:56,7161,32304,3,5184,8010,gradle#1712:ws105/pv199|gradle#14316:ws618/pv688|client#45576:ws4461/pv7123
07:45:06,7177,32284,3,5184,8010,gradle#1712:ws105/pv199|gradle#14316:ws618/pv688|client#45576:ws4461/pv7123
07:45:17,7178,32264,3,5184,8010,gradle#1712:ws105/pv199|gradle#14316:ws618/pv688|client#45576:ws4461/pv7123
07:45:27,7182,32272,3,5184,8010,gradle#1712:ws105/pv199|gradle#14316:ws618/pv688|client#45576:ws4461/pv7123
07:45:38,7192,32253,3,5184,8010,gradle#1712:ws105/pv199|gradle#14316:ws618/pv688|client#45576:ws4461/pv7123
07:45:48,7167,32290,3,5184,8010,gradle#1712:ws105/pv199|gradle#14316:ws618/pv688|client#45576:ws4461/pv7123
07:45:59,7160,32289,3,5184,8010,gradle#1712:ws105/pv199|gradle#14316:ws618/pv688|client#45576:ws4461/pv7123
07:46:09,7171,32301,3,5184,8010,gradle#1712:ws105/pv199|gradle#14316:ws618/pv688|client#45576:ws4461/pv7123
07:46:20,7198,32252,3,5184,8010,gradle#1712:ws105/pv199|gradle#14316:ws618/pv688|client#45576:ws4461/pv7123
07:46:30,7314,32125,3,5184,8010,gradle#1712:ws105/pv199|gradle#14316:ws618/pv688|client#45576:ws4461/pv7123
07:46:41,7155,32313,3,5184,8010,gradle#1712:ws105/pv199|gradle#14316:ws618/pv688|client#45576:ws4461/pv7123
07:46:51,7150,32275,3,5184,8010,gradle#1712:ws105/pv199|gradle#14316:ws618/pv688|client#45576:ws4461/pv7123
07:47:02,7149,32285,3,5184,8010,gradle#1712:ws105/pv199|gradle#14316:ws618/pv688|client#45576:ws4461/pv7123
07:47:12,7205,32238,3,5184,8010,gradle#1712:ws105/pv199|gradle#14316:ws618/pv688|client#45576:ws4461/pv7123
07:47:23,7231,32226,3,5184,8010,gradle#1712:ws105/pv199|gradle#14316:ws618/pv688|client#45576:ws4461/pv7123
07:47:33,7215,32209,3,5184,8010,gradle#1712:ws105/pv199|gradle#14316:ws618/pv688|client#45576:ws4461/pv7123
07:47:43,7209,32252,3,5184,8010,gradle#1712:ws105/pv199|gradle#14316:ws618/pv688|client#45576:ws4461/pv7123
07:47:54,7191,32280,3,5184,8010,gradle#1712:ws105/pv199|gradle#14316:ws618/pv688|client#45576:ws4461/pv7123
07:48:04,7192,32266,3,5184,8010,gradle#1712:ws105/pv199|gradle#14316:ws618/pv688|client#45576:ws4461/pv7123
07:48:15,7194,32242,3,5184,8010,gradle#1712:ws105/pv199|gradle#14316:ws618/pv688|client#45576:ws4461/pv7123
07:48:25,7204,32246,3,5184,8010,gradle#1712:ws105/pv199|gradle#14316:ws618/pv688|client#45576:ws4461/pv7123
07:48:36,7328,32106,3,5184,8010,gradle#1712:ws105/pv199|gradle#14316:ws618/pv688|client#45576:ws4461/pv7123
07:48:46,7126,32306,3,5184,8010,gradle#1712:ws105/pv199|gradle#14316:ws618/pv688|client#45576:ws4461/pv7123
07:48:57,7130,32333,3,5184,8010,gradle#1712:ws105/pv199|gradle#14316:ws618/pv688|client#45576:ws4461/pv7123
07:49:07,7142,32325,3,5184,8010,gradle#1712:ws105/pv199|gradle#14316:ws618/pv688|client#45576:ws4461/pv7123
07:49:18,7165,32288,3,5184,8010,gradle#1712:ws105/pv199|gradle#14316:ws618/pv688|client#45576:ws4461/pv7123
07:49:28,7159,32282,3,5184,8010,gradle#1712:ws105/pv199|gradle#14316:ws618/pv688|client#45576:ws4461/pv7123
07:49:39,7284,32153,3,5184,8010,gradle#1712:ws105/pv199|gradle#14316:ws618/pv688|client#45576:ws4461/pv7123
07:49:49,7093,32334,3,5184,8010,gradle#1712:ws105/pv199|gradle#14316:ws618/pv688|client#45576:ws4461/pv7123
07:50:00,7081,32351,3,5184,8010,gradle#1712:ws105/pv199|gradle#14316:ws618/pv688|client#45576:ws4461/pv7123
07:50:10,7125,32332,3,5184,8010,gradle#1712:ws105/pv199|gradle#14316:ws618/pv688|client#45576:ws4461/pv7123
07:50:21,7162,32285,3,5184,8010,gradle#1712:ws105/pv199|gradle#14316:ws618/pv688|client#45576:ws4461/pv7123
07:50:31,7146,32261,3,5184,8010,gradle#1712:ws105/pv199|gradle#14316:ws618/pv688|client#45576:ws4461/pv7123
07:50:42,7153,32291,3,5184,8010,gradle#1712:ws105/pv199|gradle#14316:ws618/pv688|client#45576:ws4461/pv7123
07:50:52,7169,32291,3,5184,8010,gradle#1712:ws105/pv199|gradle#14316:ws618/pv688|client#45576:ws4461/pv7123
07:51:03,7167,32281,3,5184,8010,gradle#1712:ws105/pv199|gradle#14316:ws618/pv688|client#45576:ws4461/pv7123
07:51:13,7183,32249,3,5184,8010,gradle#1712:ws105/pv199|gradle#14316:ws618/pv688|client#45576:ws4461/pv7123
07:51:23,7181,32262,3,5184,8010,gradle#1712:ws105/pv199|gradle#14316:ws618/pv688|client#45576:ws4461/pv7123
07:51:34,7294,32140,3,5184,8010,gradle#1712:ws105/pv199|gradle#14316:ws618/pv688|client#45576:ws4461/pv7123
07:51:44,7121,32320,3,5184,8010,gradle#1712:ws105/pv199|gradle#14316:ws618/pv688|client#45576:ws4461/pv7123
07:51:55,7133,32322,3,5184,8010,gradle#1712:ws105/pv199|gradle#14316:ws618/pv688|client#45576:ws4461/pv7123
07:52:05,7139,32324,3,5184,8010,gradle#1712:ws105/pv199|gradle#14316:ws618/pv688|client#45576:ws4461/pv7123
07:52:16,7155,32257,3,5184,8010,gradle#1712:ws105/pv199|gradle#14316:ws618/pv688|client#45576:ws4461/pv7123
07:52:26,7181,32254,3,5184,8010,gradle#1712:ws105/pv199|gradle#14316:ws618/pv688|client#45576:ws4461/pv7123
07:52:37,7190,32256,3,5184,8010,gradle#1712:ws105/pv199|gradle#14316:ws618/pv688|client#45576:ws4461/pv7123
07:52:47,7167,32296,3,5184,8010,gradle#1712:ws105/pv199|gradle#14316:ws618/pv688|client#45576:ws4461/pv7123
07:52:58,7156,32292,3,5184,8010,gradle#1712:ws105/pv199|gradle#14316:ws618/pv688|client#45576:ws4461/pv7123
07:53:08,7153,32305,3,5184,8010,gradle#1712:ws105/pv199|gradle#14316:ws618/pv688|client#45576:ws4461/pv7123
07:53:19,7147,32300,3,5184,8010,gradle#1712:ws105/pv199|gradle#14316:ws618/pv688|client#45576:ws4461/pv7123
07:53:29,7177,32271,3,5184,8010,gradle#1712:ws105/pv199|gradle#14316:ws618/pv688|client#45576:ws4461/pv7123
07:53:40,7171,32270,3,5184,8010,gradle#1712:ws105/pv199|gradle#14316:ws618/pv688|client#45576:ws4461/pv7123
07:53:50,7114,32320,3,5184,8010,gradle#1712:ws105/pv199|gradle#14316:ws618/pv688|client#45576:ws4461/pv7123
07:54:01,7118,32308,3,5184,8010,gradle#1712:ws105/pv199|gradle#14316:ws618/pv688|client#45576:ws4461/pv7123
07:54:11,7149,32286,3,5184,8010,gradle#1712:ws105/pv199|gradle#14316:ws618/pv688|client#45576:ws4461/pv7123
07:54:22,7165,32264,3,5184,8010,gradle#1712:ws105/pv199|gradle#14316:ws618/pv688|client#45576:ws4461/pv7123
07:54:32,7164,32283,3,5184,8010,gradle#1712:ws105/pv199|gradle#14316:ws618/pv688|client#45576:ws4461/pv7123
07:54:43,7162,32284,3,5184,8010,gradle#1712:ws105/pv199|gradle#14316:ws618/pv688|client#45576:ws4461/pv7123
07:54:53,7166,32287,3,5184,8010,gradle#1712:ws105/pv199|gradle#14316:ws618/pv688|client#45576:ws4461/pv7123
07:55:04,7141,32318,3,5184,8010,gradle#1712:ws105/pv199|gradle#14316:ws618/pv688|client#45576:ws4461/pv7123
07:55:14,7165,32290,3,5184,8010,gradle#1712:ws105/pv199|gradle#14316:ws618/pv688|client#45576:ws4461/pv7123
07:55:25,7180,32262,3,5184,8010,gradle#1712:ws105/pv199|gradle#14316:ws618/pv688|client#45576:ws4461/pv7123
07:55:35,7187,32261,3,5184,8010,gradle#1712:ws105/pv199|gradle#14316:ws618/pv688|client#45576:ws4461/pv7123
07:55:45,7154,32312,3,5184,8010,gradle#1712:ws105/pv199|gradle#14316:ws618/pv688|client#45576:ws4461/pv7123
07:55:56,7174,32275,3,5184,8010,gradle#1712:ws105/pv199|gradle#14316:ws618/pv688|client#45576:ws4461/pv7123
07:56:06,7168,32284,3,5184,8010,gradle#1712:ws105/pv199|gradle#14316:ws618/pv688|client#45576:ws4461/pv7123
07:56:17,7095,32338,3,5184,8010,gradle#1712:ws105/pv199|gradle#14316:ws618/pv688|client#45576:ws4461/pv7123
07:56:27,7124,32318,3,5184,8010,gradle#1712:ws105/pv199|gradle#14316:ws618/pv688|client#45576:ws4461/pv7123
07:56:38,7102,32334,3,5184,8010,gradle#1712:ws105/pv199|gradle#14316:ws618/pv688|client#45576:ws4461/pv7123
07:56:48,7136,32321,3,5184,8010,gradle#1712:ws105/pv199|gradle#14316:ws618/pv688|client#45576:ws4461/pv7123
07:56:59,7157,32337,3,5184,8010,gradle#1712:ws105/pv199|gradle#14316:ws618/pv688|client#45576:ws4461/pv7123
07:57:09,7153,32310,3,5184,8010,gradle#1712:ws105/pv199|gradle#14316:ws618/pv688|client#45576:ws4461/pv7123
07:57:20,7170,32280,3,5184,8010,gradle#1712:ws105/pv199|gradle#14316:ws618/pv688|client#45576:ws4461/pv7123
07:57:30,7158,32311,3,5184,8010,gradle#1712:ws105/pv199|gradle#14316:ws618/pv688|client#45576:ws4461/pv7123
07:57:40,7196,32254,3,5184,8010,gradle#1712:ws105/pv199|gradle#14316:ws618/pv688|client#45576:ws4461/pv7123
07:57:51,7170,32278,3,5184,8010,gradle#1712:ws105/pv199|gradle#14316:ws618/pv688|client#45576:ws4461/pv7123
07:58:01,7167,32293,3,5184,8010,gradle#1712:ws105/pv199|gradle#14316:ws618/pv688|client#45576:ws4461/pv7123
07:58:12,7173,32271,3,5184,8010,gradle#1712:ws105/pv199|gradle#14316:ws618/pv688|client#45576:ws4461/pv7123
07:58:23,7172,32260,3,5184,8010,gradle#1712:ws105/pv199|gradle#14316:ws618/pv688|client#45576:ws4461/pv7123
07:58:33,7175,32271,3,5184,8010,gradle#1712:ws105/pv199|gradle#14316:ws618/pv688|client#45576:ws4461/pv7123
07:58:43,7167,32291,3,5184,8010,gradle#1712:ws105/pv199|gradle#14316:ws618/pv688|client#45576:ws4461/pv7123
07:58:54,7163,32284,3,5184,8010,gradle#1712:ws105/pv199|gradle#14316:ws618/pv688|client#45576:ws4461/pv7123
07:59:04,7169,32282,3,5184,8010,gradle#1712:ws105/pv199|gradle#14316:ws618/pv688|client#45576:ws4461/pv7123
07:59:15,6955,32504,3,5184,8010,gradle#1712:ws105/pv199|gradle#14316:ws618/pv688|client#45576:ws4461/pv7123
07:59:25,7134,32310,3,5184,8010,gradle#1712:ws105/pv199|gradle#14316:ws618/pv688|client#45576:ws4461/pv7123
07:59:36,7143,32294,3,5184,8010,gradle#1712:ws105/pv199|gradle#14316:ws618/pv688|client#45576:ws4461/pv7123
07:59:46,7133,32315,3,5184,8010,gradle#1712:ws105/pv199|gradle#14316:ws618/pv688|client#45576:ws4461/pv7123
07:59:57,7140,32316,3,5184,8010,gradle#1712:ws105/pv199|gradle#14316:ws618/pv688|client#45576:ws4461/pv7123
08:00:07,7160,32295,3,5184,8010,gradle#1712:ws105/pv199|gradle#14316:ws618/pv688|client#45576:ws4461/pv7123
08:00:18,7158,32265,3,5184,8010,gradle#1712:ws105/pv199|gradle#14316:ws618/pv688|client#45576:ws4461/pv7123
08:00:28,7193,32258,3,5184,8010,gradle#1712:ws105/pv199|gradle#14316:ws618/pv688|client#45576:ws4461/pv7123
08:00:39,7192,32250,3,5184,8010,gradle#1712:ws105/pv199|gradle#14316:ws618/pv688|client#45576:ws4461/pv7123
08:00:49,7179,32267,3,5184,8010,gradle#1712:ws105/pv199|gradle#14316:ws618/pv688|client#45576:ws4461/pv7123
08:01:00,7170,32287,3,5184,8010,gradle#1712:ws105/pv199|gradle#14316:ws618/pv688|client#45576:ws4461/pv7123
08:01:10,7307,32115,3,5184,8010,gradle#1712:ws105/pv199|gradle#14316:ws618/pv688|client#45576:ws4461/pv7123
08:01:21,7312,32106,3,5184,8010,gradle#1712:ws105/pv199|gradle#14316:ws618/pv688|client#45576:ws4461/pv7123
08:01:31,7136,32278,3,5184,8010,gradle#1712:ws105/pv199|gradle#14316:ws618/pv688|client#45576:ws4461/pv7123
08:01:42,7109,32328,3,5184,8010,gradle#1712:ws105/pv199|gradle#14316:ws618/pv688|client#45576:ws4461/pv7123
08:01:52,7137,32310,3,5184,8010,gradle#1712:ws105/pv199|gradle#14316:ws618/pv688|client#45576:ws4461/pv7123
08:02:03,7144,32287,3,5184,8010,gradle#1712:ws105/pv199|gradle#14316:ws618/pv688|client#45576:ws4461/pv7123
08:02:13,7203,32251,3,5184,8010,gradle#1712:ws105/pv199|gradle#14316:ws618/pv688|client#45576:ws4461/pv7123
08:02:24,7173,32251,3,5184,8010,gradle#1712:ws105/pv199|gradle#14316:ws618/pv688|client#45576:ws4461/pv7123
08:02:34,7205,32236,3,5184,8010,gradle#1712:ws105/pv199|gradle#14316:ws618/pv688|client#45576:ws4461/pv7123
08:02:45,7188,32272,3,5184,8010,gradle#1712:ws105/pv199|gradle#14316:ws618/pv688|client#45576:ws4461/pv7123
08:02:55,7165,32290,3,5184,8010,gradle#1712:ws105/pv199|gradle#14316:ws618/pv688|client#45576:ws4461/pv7123
08:03:05,7174,32278,3,5184,8010,gradle#1712:ws105/pv199|gradle#14316:ws618/pv688|client#45576:ws4461/pv7123
08:03:16,7173,32273,3,5184,8010,gradle#1712:ws105/pv199|gradle#14316:ws618/pv688|client#45576:ws4461/pv7123
08:03:26,7295,32141,3,5184,8010,gradle#1712:ws105/pv199|gradle#14316:ws618/pv688|client#45576:ws4461/pv7123
08:03:37,7127,32287,3,5184,8010,gradle#1712:ws105/pv199|gradle#14316:ws618/pv688|client#45576:ws4461/pv7123
08:03:47,7112,32314,3,5184,8010,gradle#1712:ws105/pv199|gradle#14316:ws618/pv688|client#45576:ws4461/pv7123
08:03:58,7135,32303,3,5184,8010,gradle#1712:ws105/pv199|gradle#14316:ws618/pv688|client#45576:ws4461/pv7123
08:04:08,7130,32317,3,5184,8010,gradle#1712:ws105/pv199|gradle#14316:ws618/pv688|client#45576:ws4461/pv7123
08:04:19,7148,32274,3,5184,8010,gradle#1712:ws105/pv199|gradle#14316:ws618/pv688|client#45576:ws4461/pv7123
08:04:29,7156,32374,3,5184,8010,gradle#1712:ws105/pv199|gradle#14316:ws618/pv688|client#45576:ws4461/pv7123
08:04:40,7159,32270,3,5184,8010,gradle#1712:ws105/pv199|gradle#14316:ws618/pv688|client#45576:ws4461/pv7123
08:04:50,7173,32247,3,5184,8010,gradle#1712:ws105/pv199|gradle#14316:ws618/pv688|client#45576:ws4461/pv7123
08:05:01,7108,32303,3,5184,8010,gradle#1712:ws105/pv199|gradle#14316:ws618/pv688|client#45576:ws4461/pv7123
08:05:11,7147,32290,3,5184,8010,gradle#1712:ws105/pv199|gradle#14316:ws618/pv688|client#45576:ws4461/pv7123
08:05:22,7161,32282,3,5184,8010,gradle#1712:ws105/pv199|gradle#14316:ws618/pv688|client#45576:ws4461/pv7123
08:05:32,7131,32290,3,5184,8010,gradle#1712:ws105/pv199|gradle#14316:ws618/pv688|client#45576:ws4461/pv7123
08:05:42,7103,32321,3,5184,8010,gradle#1712:ws105/pv199|gradle#14316:ws618/pv688|client#45576:ws4461/pv7123
08:05:53,7106,32334,3,5184,8010,gradle#1712:ws105/pv199|gradle#14316:ws618/pv688|client#45576:ws4461/pv7123
08:06:03,7106,32335,3,5184,8010,gradle#1712:ws105/pv199|gradle#14316:ws618/pv688|client#45576:ws4461/pv7123
08:06:14,7247,32139,3,5184,8010,gradle#1712:ws105/pv199|gradle#14316:ws618/pv688|client#45576:ws4461/pv7123
08:06:24,7241,32158,3,5184,8010,gradle#1712:ws105/pv199|gradle#14316:ws618/pv688|client#45576:ws4461/pv7123
08:06:35,7035,32391,3,5184,8010,gradle#1712:ws105/pv199|gradle#14316:ws618/pv688|client#45576:ws4461/pv7123
08:06:45,7049,32351,3,5184,8010,gradle#1712:ws105/pv199|gradle#14316:ws618/pv688|client#45576:ws4461/pv7123
08:06:56,7054,32357,3,5184,8010,gradle#1712:ws105/pv199|gradle#14316:ws618/pv688|client#45576:ws4461/pv7123
08:07:06,7067,32350,3,5184,8010,gradle#1712:ws105/pv199|gradle#14316:ws618/pv688|client#45576:ws4461/pv7123
08:07:17,7095,32305,3,5184,8010,gradle#1712:ws105/pv199|gradle#14316:ws618/pv688|client#45576:ws4461/pv7123
08:07:27,7101,32312,3,5184,8010,gradle#1712:ws105/pv199|gradle#14316:ws618/pv688|client#45576:ws4461/pv7123
08:07:38,7081,32332,3,5184,8010,gradle#1712:ws105/pv199|gradle#14316:ws618/pv688|client#45576:ws4461/pv7123
08:07:48,7050,32390,3,5184,8010,gradle#1712:ws105/pv199|gradle#14316:ws618/pv688|client#45576:ws4461/pv7123
08:07:59,7049,32373,3,5184,8010,gradle#1712:ws105/pv199|gradle#14316:ws618/pv688|client#45576:ws4461/pv7123
08:08:09,7035,32393,3,5184,8010,gradle#1712:ws105/pv199|gradle#14316:ws618/pv688|client#45576:ws4461/pv7123
08:08:20,7033,32388,3,5184,8010,gradle#1712:ws105/pv199|gradle#14316:ws618/pv688|client#45576:ws4461/pv7123
08:08:30,7051,32360,3,5184,8010,gradle#1712:ws105/pv199|gradle#14316:ws618/pv688|client#45576:ws4461/pv7123
08:08:40,7007,32418,3,5184,8010,gradle#1712:ws105/pv199|gradle#14316:ws618/pv688|client#45576:ws4461/pv7123
08:08:51,7016,32416,3,5184,8010,gradle#1712:ws105/pv199|gradle#14316:ws618/pv688|client#45576:ws4461/pv7123
08:09:01,6983,32435,3,5184,8010,gradle#1712:ws105/pv199|gradle#14316:ws618/pv688|client#45576:ws4461/pv7123
08:09:12,7028,32378,3,5184,8010,gradle#1712:ws105/pv199|gradle#14316:ws618/pv688|client#45576:ws4461/pv7123
08:09:22,7162,32243,3,5184,8010,gradle#1712:ws105/pv199|gradle#14316:ws618/pv688|client#45576:ws4461/pv7123
08:09:33,7164,32239,3,5184,8010,gradle#1712:ws105/pv199|gradle#14316:ws618/pv688|client#45576:ws4461/pv7123
08:09:43,6863,32578,3,5184,8010,gradle#1712:ws105/pv199|gradle#14316:ws618/pv688|client#45576:ws4461/pv7123
08:09:54,7000,32413,3,5184,8010,gradle#1712:ws105/pv199|gradle#14316:ws618/pv688|client#45576:ws4461/pv7123
08:10:04,6956,32453,3,5184,8010,gradle#1712:ws105/pv199|gradle#14316:ws618/pv688|client#45576:ws4461/pv7123
08:10:15,6992,32424,3,5184,8010,gradle#1712:ws105/pv199|gradle#14316:ws618/pv688|client#45576:ws4461/pv7123
08:10:25,7127,32273,3,5184,8010,gradle#1712:ws105/pv199|gradle#14316:ws618/pv688|client#45576:ws4461/pv7123
08:10:36,7108,32287,3,5184,8010,gradle#1712:ws105/pv199|gradle#14316:ws618/pv688|client#45576:ws4461/pv7123
08:10:46,6957,32508,3,5184,8010,gradle#1712:ws105/pv199|gradle#14316:ws618/pv688|client#45576:ws4461/pv7123
08:10:57,6983,32487,3,5184,8010,gradle#1712:ws105/pv199|gradle#14316:ws618/pv688|client#45576:ws4461/pv7123
08:11:07,6977,32498,3,5184,8010,gradle#1712:ws105/pv199|gradle#14316:ws618/pv688|client#45576:ws4461/pv7123
08:11:18,7113,32319,3,5184,8010,gradle#1712:ws105/pv199|gradle#14316:ws618/pv688|client#45576:ws4461/pv7123
08:11:28,7131,32317,3,5184,8010,gradle#1712:ws105/pv199|gradle#14316:ws618/pv688|client#45576:ws4461/pv7123
08:11:39,6946,32506,3,5184,8010,gradle#1712:ws105/pv199|gradle#14316:ws618/pv688|client#45576:ws4461/pv7123
08:11:49,6958,32534,3,5184,8010,gradle#1712:ws105/pv199|gradle#14316:ws618/pv688|client#45576:ws4461/pv7123
08:12:00,6962,32528,3,5184,8010,gradle#1712:ws105/pv199|gradle#14316:ws618/pv688|client#45576:ws4461/pv7123
08:12:10,6974,32499,3,5184,8010,gradle#1712:ws105/pv199|gradle#14316:ws618/pv688|client#45576:ws4461/pv7123
08:12:21,7116,32339,3,5184,8010,gradle#1712:ws105/pv199|gradle#14316:ws618/pv688|client#45576:ws4461/pv7123
08:12:31,7086,32358,3,5184,8010,gradle#1712:ws105/pv199|gradle#14316:ws618/pv688|client#45576:ws4461/pv7123
08:12:42,6913,32556,3,5184,8010,gradle#1712:ws105/pv199|gradle#14316:ws618/pv688|client#45576:ws4461/pv7123
08:12:52,6915,32553,3,5184,8010,gradle#1712:ws105/pv199|gradle#14316:ws618/pv688|client#45576:ws4461/pv7123
08:13:03,6917,32560,3,5184,8010,gradle#1712:ws105/pv199|gradle#14316:ws618/pv688|client#45576:ws4461/pv7123
08:13:13,6944,32518,3,5184,8010,gradle#1712:ws105/pv199|gradle#14316:ws618/pv688|client#45576:ws4461/pv7123
08:13:24,7083,32343,3,5184,8010,gradle#1712:ws105/pv199|gradle#14316:ws618/pv688|client#45576:ws4461/pv7123
08:13:34,7095,32332,3,5184,8010,gradle#1712:ws105/pv199|gradle#14316:ws618/pv688|client#45576:ws4461/pv7123
08:13:45,6895,32558,3,5184,8010,gradle#1712:ws105/pv199|gradle#14316:ws618/pv688|client#45576:ws4461/pv7123
08:13:55,6910,32531,3,5184,8010,gradle#1712:ws105/pv199|gradle#14316:ws618/pv688|client#45576:ws4461/pv7123
08:14:06,6921,32536,3,5184,8010,gradle#1712:ws105/pv199|gradle#14316:ws618/pv688|client#45576:ws4461/pv7123
08:14:16,6944,32499,3,5184,8010,gradle#1712:ws105/pv199|gradle#14316:ws618/pv688|client#45576:ws4461/pv7123
08:14:27,6947,32506,3,5184,8010,gradle#1712:ws105/pv199|gradle#14316:ws618/pv688|client#45576:ws4461/pv7123
08:14:37,6947,32498,3,5184,8010,gradle#1712:ws105/pv199|gradle#14316:ws618/pv688|client#45576:ws4461/pv7123
08:14:48,6920,32534,3,5184,8010,gradle#1712:ws105/pv199|gradle#14316:ws618/pv688|client#45576:ws4461/pv7123
08:14:58,6886,32565,3,5184,8010,gradle#1712:ws105/pv199|gradle#14316:ws618/pv688|client#45576:ws4461/pv7123
08:15:09,6884,32554,3,5184,8010,gradle#1712:ws105/pv199|gradle#14316:ws618/pv688|client#45576:ws4461/pv7123
08:15:19,6896,32528,3,5184,8010,gradle#1712:ws105/pv199|gradle#14316:ws618/pv688|client#45576:ws4461/pv7123
08:15:30,7007,32408,3,5184,8010,gradle#1712:ws105/pv199|gradle#14316:ws618/pv688|client#45576:ws4461/pv7123
08:15:40,6841,32582,3,5184,8010,gradle#1712:ws105/pv199|gradle#14316:ws618/pv688|client#45576:ws4461/pv7123
08:15:51,6890,32563,3,5184,8010,gradle#1712:ws105/pv199|gradle#14316:ws618/pv688|client#45576:ws4461/pv7123
08:16:01,6881,32568,3,5184,8010,gradle#1712:ws105/pv199|gradle#14316:ws618/pv688|client#45576:ws4461/pv7123
08:16:12,6930,32518,3,5184,8011,gradle#1712:ws105/pv199|gradle#14316:ws618/pv688|client#45576:ws4461/pv7124
08:16:22,7071,32332,3,5184,8011,gradle#1712:ws105/pv199|gradle#14316:ws618/pv688|client#45576:ws4461/pv7124
08:16:33,7045,32376,3,5184,8011,gradle#1712:ws105/pv199|gradle#14316:ws618/pv688|client#45576:ws4461/pv7124
08:16:43,6672,32808,3,5184,8011,gradle#1712:ws105/pv199|gradle#14316:ws618/pv688|client#45576:ws4461/pv7124
08:16:54,6842,32616,3,5184,8011,gradle#1712:ws105/pv199|gradle#14316:ws618/pv688|client#45576:ws4461/pv7124
08:17:04,6825,32617,3,5184,8011,gradle#1712:ws105/pv199|gradle#14316:ws618/pv688|client#45576:ws4461/pv7124
08:17:15,6858,32602,3,5184,8010,gradle#1712:ws105/pv199|gradle#14316:ws618/pv688|client#45576:ws4461/pv7123
08:17:25,6852,32610,3,5184,8010,gradle#1712:ws105/pv199|gradle#14316:ws618/pv688|client#45576:ws4461/pv7123
08:17:36,6849,32583,3,5184,8010,gradle#1712:ws105/pv199|gradle#14316:ws618/pv688|client#45576:ws4461/pv7123
08:17:46,6817,32605,3,5184,8010,gradle#1712:ws105/pv199|gradle#14316:ws618/pv688|client#45576:ws4461/pv7123
08:17:57,6818,32609,3,5184,8010,gradle#1712:ws105/pv199|gradle#14316:ws618/pv688|client#45576:ws4461/pv7123
08:18:07,6829,32604,3,5184,8010,gradle#1712:ws105/pv199|gradle#14316:ws618/pv688|client#45576:ws4461/pv7123
08:18:17,6816,32628,3,5184,8010,gradle#1712:ws105/pv199|gradle#14316:ws618/pv688|client#45576:ws4461/pv7123
08:18:28,6806,32641,3,5184,8011,gradle#1712:ws105/pv199|gradle#14316:ws618/pv688|client#45576:ws4461/pv7124
08:18:38,6912,32521,3,5184,8011,gradle#1712:ws105/pv199|gradle#14316:ws618/pv688|client#45576:ws4461/pv7124
08:18:49,6765,32678,3,5184,8011,gradle#1712:ws105/pv199|gradle#14316:ws618/pv688|client#45576:ws4461/pv7124
08:18:59,6771,32674,3,5184,8011,gradle#1712:ws105/pv199|gradle#14316:ws618/pv688|client#45576:ws4461/pv7124
08:19:10,6786,32658,3,5184,8011,gradle#1712:ws105/pv199|gradle#14316:ws618/pv688|client#45576:ws4461/pv7124
08:19:20,6839,32592,3,5184,8010,gradle#1712:ws105/pv199|gradle#14316:ws618/pv688|client#45576:ws4461/pv7123
08:19:31,6947,32460,3,5184,8010,gradle#1712:ws105/pv199|gradle#14316:ws618/pv688|client#45576:ws4461/pv7123
08:19:41,6729,32713,3,5184,8010,gradle#1712:ws105/pv199|gradle#14316:ws618/pv688|client#45576:ws4461/pv7123
08:19:52,6762,32677,3,5184,8010,gradle#1712:ws105/pv199|gradle#14316:ws618/pv688|client#45576:ws4461/pv7123
08:20:02,6766,32686,3,5184,8010,gradle#1712:ws105/pv199|gradle#14316:ws618/pv688|client#45576:ws4461/pv7123
08:20:13,6793,32627,3,5184,8010,gradle#1712:ws105/pv199|gradle#14316:ws618/pv688|client#45576:ws4461/pv7123
08:20:23,6783,32650,3,5184,8010,gradle#1712:ws105/pv199|gradle#14316:ws618/pv688|client#45576:ws4461/pv7123
08:20:34,6776,32649,3,5184,8010,gradle#1712:ws105/pv199|gradle#14316:ws618/pv688|client#45576:ws4461/pv7123
08:20:44,6750,32678,3,5184,8010,gradle#1712:ws105/pv199|gradle#14316:ws618/pv688|client#45576:ws4461/pv7123
08:20:55,6733,32698,3,5184,8010,gradle#1712:ws105/pv199|gradle#14316:ws618/pv688|client#45576:ws4461/pv7123
08:21:05,6721,32705,3,5184,8010,gradle#1712:ws105/pv199|gradle#14316:ws618/pv688|client#45576:ws4461/pv7123
08:21:16,6722,32691,3,5184,8010,gradle#1712:ws105/pv199|gradle#14316:ws618/pv688|client#45576:ws4461/pv7123
08:21:26,6724,32705,3,5184,8010,gradle#1712:ws105/pv199|gradle#14316:ws618/pv688|client#45576:ws4461/pv7123
08:21:37,6821,32587,3,5184,8010,gradle#1712:ws105/pv199|gradle#14316:ws618/pv688|client#45576:ws4461/pv7123
08:21:47,6679,32732,3,5184,8010,gradle#1712:ws105/pv199|gradle#14316:ws618/pv688|client#45576:ws4461/pv7123
08:21:58,6714,32713,3,5184,8010,gradle#1712:ws105/pv199|gradle#14316:ws618/pv688|client#45576:ws4461/pv7123
08:22:08,6717,32731,3,5184,8010,gradle#1712:ws105/pv199|gradle#14316:ws618/pv688|client#45576:ws4461/pv7123
08:22:19,6744,32700,3,5184,8010,gradle#1712:ws105/pv199|gradle#14316:ws618/pv688|client#45576:ws4461/pv7123
08:22:29,6759,32670,3,5184,8010,gradle#1712:ws105/pv199|gradle#14316:ws618/pv688|client#45576:ws4461/pv7123
08:22:40,6755,32683,3,5184,8011,gradle#1712:ws105/pv199|gradle#14316:ws618/pv688|client#45576:ws4461/pv7124
08:22:50,6740,32716,3,5184,8011,gradle#1712:ws105/pv199|gradle#14316:ws618/pv688|client#45576:ws4461/pv7124
08:23:01,6754,32694,3,5184,8011,gradle#1712:ws105/pv199|gradle#14316:ws618/pv688|client#45576:ws4461/pv7124
08:23:11,6769,32661,3,5184,8011,gradle#1712:ws105/pv199|gradle#14316:ws618/pv688|client#45576:ws4461/pv7124
08:23:22,6757,32680,3,5184,8011,gradle#1712:ws105/pv199|gradle#14316:ws618/pv688|client#45576:ws4461/pv7124
08:23:32,6759,32667,3,5184,8011,gradle#1712:ws105/pv199|gradle#14316:ws618/pv688|client#45576:ws4461/pv7124
08:23:43,6678,32739,3,5184,8011,gradle#1712:ws105/pv199|gradle#14316:ws618/pv688|client#45576:ws4461/pv7124
08:23:53,6675,32738,3,5184,8011,gradle#1712:ws105/pv199|gradle#14316:ws618/pv688|client#45576:ws4461/pv7124
08:24:04,6668,32755,3,5184,8011,gradle#1712:ws105/pv199|gradle#14316:ws618/pv688|client#45576:ws4461/pv7124
08:24:14,6711,32686,3,5184,8011,gradle#1712:ws105/pv199|gradle#14316:ws618/pv688|client#45576:ws4461/pv7124
08:24:25,6733,32666,3,5184,8011,gradle#1712:ws105/pv199|gradle#14316:ws618/pv688|client#45576:ws4461/pv7124
08:24:35,6719,32685,3,5184,8011,gradle#1712:ws105/pv199|gradle#14316:ws618/pv688|client#45576:ws4461/pv7124
08:24:46,6702,32699,3,5184,8011,gradle#1712:ws105/pv199|gradle#14316:ws618/pv688|client#45576:ws4461/pv7124
08:24:56,6709,32694,3,5184,8011,gradle#1712:ws105/pv199|gradle#14316:ws618/pv688|client#45576:ws4461/pv7124
08:25:07,6688,32727,3,5184,8011,gradle#1712:ws105/pv199|gradle#14316:ws618/pv688|client#45576:ws4461/pv7124
08:25:17,6706,32723,3,5184,8011,gradle#1712:ws105/pv199|gradle#14316:ws618/pv688|client#45576:ws4461/pv7124
08:25:28,6704,32712,3,5184,8011,gradle#1712:ws105/pv199|gradle#14316:ws618/pv688|client#45576:ws4461/pv7124
08:25:38,6798,32572,3,5184,8010,gradle#1712:ws105/pv199|gradle#14316:ws618/pv688|client#45576:ws4461/pv7123
08:25:49,6633,32782,3,5184,8010,gradle#1712:ws105/pv199|gradle#14316:ws618/pv688|client#45576:ws4461/pv7123
08:25:59,6682,32728,3,5184,8010,gradle#1712:ws105/pv199|gradle#14316:ws618/pv688|client#45576:ws4461/pv7123
08:26:10,6692,32711,3,5184,8011,gradle#1712:ws105/pv199|gradle#14316:ws618/pv688|client#45576:ws4461/pv7124
08:26:20,6691,32696,3,5184,8011,gradle#1712:ws105/pv199|gradle#14316:ws618/pv688|client#45576:ws4461/pv7124
08:26:31,6740,32665,3,5184,8011,gradle#1712:ws105/pv199|gradle#14316:ws618/pv688|client#45576:ws4461/pv7124
08:26:41,6702,32703,3,5184,8010,gradle#1712:ws105/pv199|gradle#14316:ws618/pv688|client#45576:ws4461/pv7123
08:26:52,6712,32698,3,5184,8010,gradle#1712:ws105/pv199|gradle#14316:ws618/pv688|client#45576:ws4461/pv7123
08:27:02,6699,32715,3,5184,8010,gradle#1712:ws105/pv199|gradle#14316:ws618/pv688|client#45576:ws4461/pv7123
08:27:13,6706,32683,3,5184,8010,gradle#1712:ws105/pv199|gradle#14316:ws618/pv688|client#45576:ws4461/pv7123
08:27:23,6697,32699,3,5184,8010,gradle#1712:ws105/pv199|gradle#14316:ws618/pv688|client#45576:ws4461/pv7123
08:27:33,6661,32745,3,5184,8010,gradle#1712:ws105/pv199|gradle#14316:ws618/pv688|client#45576:ws4461/pv7123
08:27:44,6644,32789,3,5184,8010,gradle#1712:ws105/pv199|gradle#14316:ws618/pv688|client#45576:ws4461/pv7123
08:27:54,6646,32770,3,5184,8011,gradle#1712:ws105/pv199|gradle#14316:ws618/pv688|client#45576:ws4461/pv7124
08:28:05,6633,32784,3,5184,8011,gradle#1712:ws105/pv199|gradle#14316:ws618/pv688|client#45576:ws4461/pv7124
08:28:15,6648,32776,3,5184,8011,gradle#1712:ws105/pv199|gradle#14316:ws618/pv688|client#45576:ws4461/pv7124
08:28:26,6646,32760,3,5184,8011,gradle#1712:ws105/pv199|gradle#14316:ws618/pv688|client#45576:ws4461/pv7124
08:28:36,6628,32791,3,5184,8011,gradle#1712:ws105/pv199|gradle#14316:ws618/pv688|client#45576:ws4461/pv7124
08:28:47,6590,32834,3,5184,8011,gradle#1712:ws105/pv199|gradle#14316:ws618/pv688|client#45576:ws4461/pv7124
08:28:57,6606,32806,3,5184,8011,gradle#1712:ws105/pv199|gradle#14316:ws618/pv688|client#45576:ws4461/pv7124
08:29:07,6620,32807,3,5184,8011,gradle#1712:ws105/pv199|gradle#14316:ws618/pv688|client#45576:ws4461/pv7124
08:29:18,6553,32857,3,5184,8011,gradle#1712:ws105/pv199|gradle#14316:ws618/pv688|client#45576:ws4461/pv7124
08:29:28,6631,32796,3,5184,8011,gradle#1712:ws105/pv199|gradle#14316:ws618/pv688|client#45576:ws4461/pv7124
08:29:39,6627,32786,3,5184,8011,gradle#1712:ws105/pv199|gradle#14316:ws618/pv688|client#45576:ws4461/pv7124
08:29:49,6610,32813,3,5184,8011,gradle#1712:ws105/pv199|gradle#14316:ws618/pv688|client#45576:ws4461/pv7124
08:30:00,6616,32816,3,5184,8011,gradle#1712:ws105/pv199|gradle#14316:ws618/pv688|client#45576:ws4461/pv7124
08:30:10,6659,32757,3,5184,8011,gradle#1712:ws105/pv199|gradle#14316:ws618/pv688|client#45576:ws4461/pv7124
08:30:21,6701,32721,3,5184,8011,gradle#1712:ws105/pv199|gradle#14316:ws618/pv688|client#45576:ws4461/pv7124
08:30:31,6674,32753,3,5184,8011,gradle#1712:ws105/pv199|gradle#14316:ws618/pv688|client#45576:ws4461/pv7124
08:30:42,6646,32793,3,5184,8011,gradle#1712:ws105/pv199|gradle#14316:ws618/pv688|client#45576:ws4461/pv7124
08:30:52,6659,32776,3,5184,8011,gradle#1712:ws105/pv199|gradle#14316:ws618/pv688|client#45576:ws4461/pv7124
08:31:03,6635,32779,3,5184,8011,gradle#1712:ws105/pv199|gradle#14316:ws618/pv688|client#45576:ws4461/pv7124
08:31:13,6661,32763,3,5185,8011,gradle#1712:ws105/pv199|gradle#14316:ws618/pv688|client#45576:ws4462/pv7124
08:31:24,6677,32757,3,5185,8011,gradle#1712:ws105/pv199|gradle#14316:ws618/pv688|client#45576:ws4462/pv7124
08:31:34,6671,32746,3,5185,8011,gradle#1712:ws105/pv199|gradle#14316:ws618/pv688|client#45576:ws4462/pv7124
08:31:45,6644,32783,3,5185,8011,gradle#1712:ws105/pv199|gradle#14316:ws618/pv688|client#45576:ws4462/pv7124
08:31:55,6662,32765,3,5185,8011,gradle#1712:ws105/pv199|gradle#14316:ws618/pv688|client#45576:ws4462/pv7124
08:32:06,6652,32770,3,5185,8011,gradle#1712:ws105/pv199|gradle#14316:ws618/pv688|client#45576:ws4462/pv7124
08:32:16,6650,32769,3,5185,8011,gradle#1712:ws105/pv199|gradle#14316:ws618/pv688|client#45576:ws4462/pv7124
08:32:27,6661,32773,3,5185,8011,gradle#1712:ws105/pv199|gradle#14316:ws618/pv688|client#45576:ws4462/pv7124
08:32:37,6647,32762,3,5185,8011,gradle#1712:ws105/pv199|gradle#14316:ws618/pv688|client#45576:ws4462/pv7124
08:32:47,6614,32795,3,5185,8011,gradle#1712:ws105/pv199|gradle#14316:ws618/pv688|client#45576:ws4462/pv7124
08:32:58,6696,32811,3,5184,8011,gradle#1712:ws105/pv199|gradle#14316:ws618/pv688|client#45576:ws4461/pv7124
08:33:08,6692,32813,3,5184,8011,gradle#1712:ws105/pv199|gradle#14316:ws618/pv688|client#45576:ws4461/pv7124
08:33:19,6843,32637,3,5184,8011,gradle#1712:ws105/pv199|gradle#14316:ws618/pv688|client#45576:ws4461/pv7124
08:33:29,6675,32797,3,5184,8011,gradle#1712:ws105/pv199|gradle#14316:ws618/pv688|client#45576:ws4461/pv7124
08:33:40,6663,32814,3,5184,8011,gradle#1712:ws105/pv199|gradle#14316:ws618/pv688|client#45576:ws4461/pv7124
08:33:50,6650,32859,3,5184,8011,gradle#1712:ws105/pv199|gradle#14316:ws618/pv688|client#45576:ws4461/pv7124
08:34:01,6656,32879,3,5184,8011,gradle#1712:ws105/pv199|gradle#14316:ws618/pv688|client#45576:ws4461/pv7124
08:34:11,6669,32834,3,5184,8011,gradle#1712:ws105/pv199|gradle#14316:ws618/pv688|client#45576:ws4461/pv7124
08:34:22,6691,32803,3,5184,8011,gradle#1712:ws105/pv199|gradle#14316:ws618/pv688|client#45576:ws4461/pv7124
08:34:32,6658,32815,3,5184,8011,gradle#1712:ws105/pv199|gradle#14316:ws618/pv688|client#45576:ws4461/pv7124
08:34:43,6692,32805,3,5184,8011,gradle#1712:ws105/pv199|gradle#14316:ws618/pv688|client#45576:ws4461/pv7124
08:34:53,6699,32799,3,5184,8011,gradle#1712:ws105/pv199|gradle#14316:ws618/pv688|client#45576:ws4461/pv7124
08:35:04,6646,32835,3,5184,8011,gradle#1712:ws105/pv199|gradle#14316:ws618/pv688|client#45576:ws4461/pv7124
08:35:14,6642,32824,3,5184,8011,gradle#1712:ws105/pv199|gradle#14316:ws618/pv688|client#45576:ws4461/pv7124
08:35:25,6635,32828,3,5184,8011,gradle#1712:ws105/pv199|gradle#14316:ws618/pv688|client#45576:ws4461/pv7124
08:35:35,6639,32811,3,5184,8011,gradle#1712:ws105/pv199|gradle#14316:ws618/pv688|client#45576:ws4461/pv7124
08:35:45,6648,32824,3,5184,8011,gradle#1712:ws105/pv199|gradle#14316:ws618/pv688|client#45576:ws4461/pv7124
08:35:56,6645,32819,3,5184,8011,gradle#1712:ws105/pv199|gradle#14316:ws618/pv688|client#45576:ws4461/pv7124
08:36:06,6642,32843,3,5184,8011,gradle#1712:ws105/pv199|gradle#14316:ws618/pv688|client#45576:ws4461/pv7124
08:36:17,6644,32790,3,5184,8011,gradle#1712:ws105/pv199|gradle#14316:ws618/pv688|client#45576:ws4461/pv7124
08:36:27,6787,32641,3,5184,8011,gradle#1712:ws105/pv199|gradle#14316:ws618/pv688|client#45576:ws4461/pv7124
08:36:38,6631,32815,3,5184,8011,gradle#1712:ws105/pv199|gradle#14316:ws618/pv688|client#45576:ws4461/pv7124
08:36:48,6619,32842,3,5184,8011,gradle#1712:ws105/pv199|gradle#14316:ws618/pv688|client#45576:ws4461/pv7124
08:36:59,6648,32800,3,5184,8011,gradle#1712:ws105/pv199|gradle#14316:ws618/pv688|client#45576:ws4461/pv7124
08:37:09,6642,32806,3,5184,8011,gradle#1712:ws105/pv199|gradle#14316:ws618/pv688|client#45576:ws4461/pv7124
08:37:20,6681,32770,3,5184,8011,gradle#1712:ws105/pv199|gradle#14316:ws618/pv688|client#45576:ws4461/pv7124
08:37:30,6693,32765,3,5184,8011,gradle#1712:ws105/pv199|gradle#14316:ws618/pv688|client#45576:ws4461/pv7124
08:37:40,6697,32757,3,5184,8011,gradle#1712:ws105/pv199|gradle#14316:ws618/pv688|client#45576:ws4461/pv7124
08:37:51,6661,32815,3,5184,8011,gradle#1712:ws105/pv199|gradle#14316:ws618/pv688|client#45576:ws4461/pv7124
08:38:01,6639,32827,3,5184,8011,gradle#1712:ws105/pv199|gradle#14316:ws618/pv688|client#45576:ws4461/pv7124
08:38:12,6668,32772,3,5184,8011,gradle#1712:ws105/pv199|gradle#14316:ws618/pv688|client#45576:ws4461/pv7124
08:38:22,6678,32774,3,5184,8011,gradle#1712:ws105/pv199|gradle#14316:ws618/pv688|client#45576:ws4461/pv7124
08:38:33,6652,32808,3,5184,8011,gradle#1712:ws105/pv199|gradle#14316:ws618/pv688|client#45576:ws4461/pv7124
08:38:43,6647,32806,3,5184,8011,gradle#1712:ws105/pv199|gradle#14316:ws618/pv688|client#45576:ws4461/pv7124
08:38:54,6641,32813,3,5184,8011,gradle#1712:ws105/pv199|gradle#14316:ws618/pv688|client#45576:ws4461/pv7124
08:39:04,6644,32824,3,5184,8011,gradle#1712:ws105/pv199|gradle#14316:ws618/pv688|client#45576:ws4461/pv7124
08:39:15,6764,32663,3,5184,8011,gradle#1712:ws105/pv199|gradle#14316:ws618/pv688|client#45576:ws4461/pv7124
08:39:25,6777,32654,3,5184,8011,gradle#1712:ws105/pv199|gradle#14316:ws618/pv688|client#45576:ws4461/pv7124
08:39:36,6584,32878,3,5184,8011,gradle#1712:ws105/pv199|gradle#14316:ws618/pv688|client#45576:ws4461/pv7124
08:39:46,6605,32840,3,5184,8011,gradle#1712:ws105/pv199|gradle#14316:ws618/pv688|client#45576:ws4461/pv7124
08:39:57,6649,32801,3,5184,8011,gradle#1712:ws105/pv199|gradle#14316:ws618/pv688|client#45576:ws4461/pv7124
08:40:07,6681,32781,3,5184,8011,gradle#1712:ws105/pv199|gradle#14316:ws618/pv688|client#45576:ws4461/pv7124
08:40:18,6642,32790,3,5184,8011,gradle#1712:ws105/pv199|gradle#14316:ws618/pv688|client#45576:ws4461/pv7124
08:40:28,6665,32792,3,5184,8011,gradle#1712:ws105/pv199|gradle#14316:ws618/pv688|client#45576:ws4461/pv7124
08:40:39,6679,32768,3,5184,8011,gradle#1712:ws105/pv199|gradle#14316:ws618/pv688|client#45576:ws4461/pv7124
08:40:49,6618,32847,3,5184,8011,gradle#1712:ws105/pv199|gradle#14316:ws618/pv688|client#45576:ws4461/pv7124
08:41:00,6646,32819,3,5184,8011,gradle#1712:ws105/pv199|gradle#14316:ws618/pv688|client#45576:ws4461/pv7124
08:41:10,6657,32795,3,5184,8011,gradle#1712:ws105/pv199|gradle#14316:ws618/pv688|client#45576:ws4461/pv7124
08:41:21,6671,32772,3,5184,8011,gradle#1712:ws105/pv199|gradle#14316:ws618/pv688|client#45576:ws4461/pv7124
08:41:31,6775,32653,3,5184,8011,gradle#1712:ws105/pv199|gradle#14316:ws618/pv688|client#45576:ws4461/pv7124
08:41:42,6484,32966,3,5184,8011,gradle#1712:ws105/pv199|gradle#14316:ws618/pv688|client#45576:ws4461/pv7124
08:41:52,6634,32794,3,5184,8011,gradle#1712:ws105/pv199|gradle#14316:ws618/pv688|client#45576:ws4461/pv7124
08:42:03,6614,32817,3,5184,8011,gradle#1712:ws105/pv199|gradle#14316:ws618/pv688|client#45576:ws4461/pv7124
08:42:14,6670,32774,3,5184,8010,gradle#1712:ws105/pv199|gradle#14316:ws618/pv688|client#45576:ws4461/pv7123
08:42:24,6660,32769,3,5184,8010,gradle#1712:ws105/pv199|gradle#14316:ws618/pv688|client#45576:ws4461/pv7123
08:42:35,6661,32781,3,5184,8010,gradle#1712:ws105/pv199|gradle#14316:ws618/pv688|client#45576:ws4461/pv7123
08:42:45,6674,32815,3,5184,8010,gradle#1712:ws105/pv199|gradle#14316:ws618/pv688|client#45576:ws4461/pv7123
08:42:55,6683,32798,3,5184,8010,gradle#1712:ws105/pv199|gradle#14316:ws618/pv688|client#45576:ws4461/pv7123
08:43:06,6674,32803,3,5184,8010,gradle#1712:ws105/pv199|gradle#14316:ws618/pv688|client#45576:ws4461/pv7123
08:43:16,6798,32655,3,5184,8010,gradle#1712:ws105/pv199|gradle#14316:ws618/pv688|client#45576:ws4461/pv7123
08:43:27,6815,32657,3,5184,8010,gradle#1712:ws105/pv199|gradle#14316:ws618/pv688|client#45576:ws4461/pv7123
08:43:37,6836,32625,3,5184,8010,gradle#1712:ws105/pv199|gradle#14316:ws618/pv688|client#45576:ws4461/pv7123
08:43:48,6639,32842,3,5184,8010,gradle#1712:ws105/pv199|gradle#14316:ws618/pv688|client#45576:ws4461/pv7123
08:43:58,6635,32853,3,5184,8010,gradle#1712:ws105/pv199|gradle#14316:ws618/pv688|client#45576:ws4461/pv7123
08:44:09,6627,32850,3,5184,8011,gradle#1712:ws105/pv199|gradle#14316:ws618/pv688|client#45576:ws4461/pv7124
08:44:19,6623,32864,3,5184,8011,gradle#1712:ws105/pv199|gradle#14316:ws618/pv688|client#45576:ws4461/pv7124
08:44:30,6684,32800,3,5184,8011,gradle#1712:ws105/pv199|gradle#14316:ws618/pv688|client#45576:ws4461/pv7124
08:44:40,6681,32797,3,5184,8011,gradle#1712:ws105/pv199|gradle#14316:ws618/pv688|client#45576:ws4461/pv7124
08:44:51,6673,32788,3,5184,8011,gradle#1712:ws105/pv199|gradle#14316:ws618/pv688|client#45576:ws4461/pv7124
08:45:01,6656,32810,3,5184,8011,gradle#1712:ws105/pv199|gradle#14316:ws618/pv688|client#45576:ws4461/pv7124
08:45:12,6657,32796,3,5184,8011,gradle#1712:ws105/pv199|gradle#14316:ws618/pv688|client#45576:ws4461/pv7124
08:45:22,6774,32625,3,5184,8011,gradle#1712:ws105/pv199|gradle#14316:ws618/pv688|client#45576:ws4461/pv7124
08:45:32,6754,32624,3,5185,8011,gradle#1712:ws105/pv199|gradle#14316:ws618/pv688|client#45576:ws4462/pv7124
08:45:43,6435,32773,3,5185,8011,gradle#1712:ws105/pv199|gradle#14316:ws618/pv688|client#45576:ws4462/pv7124
08:45:53,6438,32764,3,5185,8011,gradle#1712:ws105/pv199|gradle#14316:ws618/pv688|client#45576:ws4462/pv7124
08:46:04,6445,32774,3,5185,8011,gradle#1712:ws105/pv199|gradle#14316:ws618/pv688|client#45576:ws4462/pv7124
08:46:14,6461,32743,3,5185,8011,gradle#1712:ws105/pv199|gradle#14316:ws618/pv688|client#45576:ws4462/pv7124
08:46:25,6575,32620,3,5185,8011,gradle#1712:ws105/pv199|gradle#14316:ws618/pv688|client#45576:ws4462/pv7124
08:46:35,6373,32798,3,5185,8011,gradle#1712:ws105/pv199|gradle#14316:ws618/pv688|client#45576:ws4462/pv7124
08:46:46,6362,32831,3,5185,8011,gradle#1712:ws105/pv199|gradle#14316:ws618/pv688|client#45576:ws4462/pv7124
08:46:56,6338,32870,3,5185,8011,gradle#1712:ws105/pv199|gradle#14316:ws618/pv688|client#45576:ws4462/pv7124
08:47:07,6353,32833,3,5185,8011,gradle#1712:ws105/pv199|gradle#14316:ws618/pv688|client#45576:ws4462/pv7124
08:47:17,6338,32834,3,5185,8011,gradle#1712:ws105/pv199|gradle#14316:ws618/pv688|client#45576:ws4462/pv7124
08:47:27,6331,32847,3,5185,8011,gradle#1712:ws105/pv199|gradle#14316:ws618/pv688|client#45576:ws4462/pv7124
08:47:38,6431,32738,3,5185,8011,gradle#1712:ws105/pv199|gradle#14316:ws618/pv688|client#45576:ws4462/pv7124
08:47:48,6266,32920,3,5184,8011,gradle#1712:ws105/pv199|gradle#14316:ws618/pv688|client#45576:ws4461/pv7124
08:47:59,6279,32912,3,5184,8011,gradle#1712:ws105/pv199|gradle#14316:ws618/pv688|client#45576:ws4461/pv7124
08:48:09,6330,32866,3,5185,8011,gradle#1712:ws105/pv199|gradle#14316:ws618/pv688|client#45576:ws4462/pv7124
08:48:20,6372,32808,3,5185,8011,gradle#1712:ws105/pv199|gradle#14316:ws618/pv688|client#45576:ws4462/pv7124
08:48:30,6370,32808,3,5184,8011,gradle#1712:ws105/pv199|gradle#14316:ws618/pv688|client#45576:ws4461/pv7124
08:48:41,6362,32825,3,5184,8011,gradle#1712:ws105/pv199|gradle#14316:ws618/pv688|client#45576:ws4461/pv7124
08:48:51,6356,32833,3,5184,8011,gradle#1712:ws105/pv199|gradle#14316:ws618/pv688|client#45576:ws4461/pv7124
08:49:01,6354,32831,3,5184,8011,gradle#1712:ws105/pv199|gradle#14316:ws618/pv688|client#45576:ws4461/pv7124
08:49:12,6354,32824,3,5185,8011,gradle#1712:ws105/pv199|gradle#14316:ws618/pv688|client#45576:ws4462/pv7124
08:49:22,6471,32694,3,5185,8011,gradle#1712:ws105/pv199|gradle#14316:ws618/pv688|client#45576:ws4462/pv7124
08:49:33,6498,32660,3,5185,8011,gradle#1712:ws105/pv199|gradle#14316:ws618/pv688|client#45576:ws4462/pv7124
08:49:43,6300,32878,3,5185,8011,gradle#1712:ws105/pv199|gradle#14316:ws618/pv688|client#45576:ws4462/pv7124
08:49:54,6312,32878,3,5185,8011,gradle#1712:ws105/pv199|gradle#14316:ws618/pv688|client#45576:ws4462/pv7124
08:50:04,6288,32928,3,5185,8011,gradle#1712:ws105/pv199|gradle#14316:ws618/pv688|client#45576:ws4462/pv7124
08:50:14,6354,32818,3,5185,8011,gradle#1712:ws105/pv199|gradle#14316:ws618/pv688|client#45576:ws4462/pv7124
08:50:25,6476,32683,3,5185,8011,gradle#1712:ws105/pv199|gradle#14316:ws618/pv688|client#45576:ws4462/pv7124
08:50:35,6448,32721,3,5185,8011,gradle#1712:ws105/pv199|gradle#14316:ws618/pv688|client#45576:ws4462/pv7124
08:50:46,6298,32879,3,5185,8011,gradle#1712:ws105/pv199|gradle#14316:ws618/pv688|client#45576:ws4462/pv7124
08:50:56,6308,32875,3,5185,8011,gradle#1712:ws105/pv199|gradle#14316:ws618/pv688|client#45576:ws4462/pv7124
08:51:07,6308,32878,3,5184,8011,gradle#1712:ws105/pv199|gradle#14316:ws618/pv688|client#45576:ws4461/pv7124
08:51:17,6343,32806,3,5184,8011,gradle#1712:ws105/pv199|gradle#14316:ws618/pv688|client#45576:ws4461/pv7124
08:51:28,6482,32671,3,5184,8011,gradle#1712:ws105/pv199|gradle#14316:ws618/pv688|client#45576:ws4461/pv7124
08:51:38,6168,32989,3,5184,8011,gradle#1712:ws105/pv199|gradle#14316:ws618/pv688|client#45576:ws4461/pv7124
08:51:49,6317,32873,3,5184,8011,gradle#1712:ws105/pv199|gradle#14316:ws618/pv688|client#45576:ws4461/pv7124
08:51:59,6328,32851,3,5184,8011,gradle#1712:ws105/pv199|gradle#14316:ws618/pv688|client#45576:ws4461/pv7124
08:52:09,6347,32838,3,5184,8011,gradle#1712:ws105/pv199|gradle#14316:ws618/pv688|client#45576:ws4461/pv7124
08:52:20,6363,32833,3,5184,8011,gradle#1712:ws105/pv199|gradle#14316:ws618/pv688|client#45576:ws4461/pv7124
08:52:30,6544,32666,3,5184,8011,gradle#1712:ws105/pv199|gradle#14316:ws618/pv688|client#45576:ws4461/pv7124
08:52:41,6358,32872,3,5184,8011,gradle#1712:ws105/pv199|gradle#14316:ws618/pv688|client#45576:ws4461/pv7124
08:52:51,6349,32895,3,5184,8011,gradle#1712:ws105/pv199|gradle#14316:ws618/pv688|client#45576:ws4461/pv7124
08:53:02,6342,32904,3,5184,8011,gradle#1712:ws105/pv199|gradle#14316:ws618/pv688|client#45576:ws4461/pv7124
08:53:12,6378,32842,3,5184,8011,gradle#1712:ws105/pv199|gradle#14316:ws618/pv688|client#45576:ws4461/pv7124
08:53:23,6376,32847,3,5184,8011,gradle#1712:ws105/pv199|gradle#14316:ws618/pv688|client#45576:ws4461/pv7124
08:53:33,6496,32718,3,5184,8011,gradle#1712:ws105/pv199|gradle#14316:ws618/pv688|client#45576:ws4461/pv7124
08:53:43,6202,33035,3,5184,8011,gradle#1712:ws105/pv199|gradle#14316:ws618/pv688|client#45576:ws4461/pv7124
08:53:54,6329,32909,3,5184,8011,gradle#1712:ws105/pv199|gradle#14316:ws618/pv688|client#45576:ws4461/pv7124
08:54:04,6315,32927,3,5184,8011,gradle#1712:ws105/pv199|gradle#14316:ws618/pv688|client#45576:ws4461/pv7124
08:54:15,6358,32861,3,5184,8011,gradle#1712:ws105/pv199|gradle#14316:ws618/pv688|client#45576:ws4461/pv7124
08:54:25,6364,32858,3,5184,8011,gradle#1712:ws105/pv199|gradle#14316:ws618/pv688|client#45576:ws4461/pv7124
08:54:36,6354,32873,3,5184,8011,gradle#1712:ws105/pv199|gradle#14316:ws618/pv688|client#45576:ws4461/pv7124
08:54:46,6162,33113,3,5184,8011,gradle#1712:ws105/pv199|gradle#14316:ws618/pv688|client#45576:ws4461/pv7124
08:54:57,6221,33036,3,5184,8011,gradle#1712:ws105/pv199|gradle#14316:ws618/pv688|client#45576:ws4461/pv7124
08:55:07,6197,33058,3,5184,8011,gradle#1712:ws105/pv199|gradle#14316:ws618/pv688|client#45576:ws4461/pv7124
08:55:17,6299,32899,3,5185,8011,gradle#1712:ws105/pv199|gradle#14316:ws618/pv688|client#45576:ws4462/pv7124
08:55:28,6347,32879,3,5184,8011,gradle#1712:ws105/pv199|gradle#14316:ws618/pv688|client#45576:ws4461/pv7124
08:55:38,6486,32707,3,5185,8011,gradle#1712:ws105/pv199|gradle#14316:ws618/pv688|client#45576:ws4462/pv7124
08:55:49,6271,32938,3,5185,8011,gradle#1712:ws105/pv199|gradle#14316:ws618/pv688|client#45576:ws4462/pv7124
08:55:59,6293,32927,3,5185,8011,gradle#1712:ws105/pv199|gradle#14316:ws618/pv688|client#45576:ws4462/pv7124
08:56:10,6330,32885,3,5185,8011,gradle#1712:ws105/pv199|gradle#14316:ws618/pv688|client#45576:ws4462/pv7124
08:56:20,6395,32811,3,5185,8011,gradle#1712:ws105/pv199|gradle#14316:ws618/pv688|client#45576:ws4462/pv7124
08:56:30,6397,32822,3,5185,8011,gradle#1712:ws105/pv199|gradle#14316:ws618/pv688|client#45576:ws4462/pv7124
08:56:41,6362,32860,3,5185,8011,gradle#1712:ws105/pv199|gradle#14316:ws618/pv688|client#45576:ws4462/pv7124
08:56:51,6363,32852,3,5185,8011,gradle#1712:ws105/pv199|gradle#14316:ws618/pv688|client#45576:ws4462/pv7124
08:57:02,6366,32859,3,5185,8011,gradle#1712:ws105/pv199|gradle#14316:ws618/pv688|client#45576:ws4462/pv7124
08:57:12,6377,32840,3,5185,8011,gradle#1712:ws105/pv199|gradle#14316:ws618/pv688|client#45576:ws4462/pv7124
08:57:22,6376,32825,3,5185,8011,gradle#1712:ws105/pv199|gradle#14316:ws618/pv688|client#45576:ws4462/pv7124
08:57:33,6363,32846,3,5185,8011,gradle#1712:ws105/pv199|gradle#14316:ws618/pv688|client#45576:ws4462/pv7124
08:57:44,6289,32940,3,5185,8011,gradle#1712:ws105/pv199|gradle#14316:ws618/pv688|client#45576:ws4462/pv7124
08:57:54,6340,32878,3,5185,8011,gradle#1712:ws105/pv199|gradle#14316:ws618/pv688|client#45576:ws4462/pv7124
08:58:04,6332,32884,3,5185,8011,gradle#1712:ws105/pv199|gradle#14316:ws618/pv688|client#45576:ws4462/pv7124
08:58:15,6373,32830,3,5185,8011,gradle#1712:ws105/pv199|gradle#14316:ws618/pv688|client#45576:ws4462/pv7124
08:58:25,6365,32850,3,5185,8011,gradle#1712:ws105/pv199|gradle#14316:ws618/pv688|client#45576:ws4462/pv7124
08:58:36,6346,32852,3,5185,8011,gradle#1712:ws105/pv199|gradle#14316:ws618/pv688|client#45576:ws4462/pv7124
08:58:46,6207,33333,3,5185,8011,gradle#1712:ws105/pv199|gradle#14316:ws618/pv688|client#45576:ws4462/pv7124
08:58:57,6673,32667,3,5185,8011,gradle#1712:ws105/pv199|gradle#14316:ws618/pv688|client#45576:ws4462/pv7124
08:59:07,6738,32629,3,5179,8063,gradle#1712:ws105/pv199|gradle#14316:ws618/pv688|client#45576:ws4456/pv7176
08:59:18,6758,32526,3,5181,8055,gradle#1712:ws105/pv199|gradle#14316:ws618/pv688|client#45576:ws4458/pv7168
08:59:28,6733,32819,3,5189,8347,gradle#1712:ws105/pv199|gradle#14316:ws618/pv688|client#45576:ws4466/pv7460
08:59:38,6743,32887,3,5182,8395,gradle#1712:ws105/pv199|gradle#14316:ws618/pv688|client#45576:ws4459/pv7508
08:59:49,6711,32922,3,5203,8416,gradle#1712:ws105/pv199|gradle#14316:ws618/pv688|client#45576:ws4480/pv7529
08:59:59,6408,33405,3,5203,8416,gradle#1712:ws105/pv199|gradle#14316:ws618/pv688|client#45576:ws4480/pv7529
09:00:10,6429,33348,3,5204,8408,gradle#1712:ws105/pv199|gradle#14316:ws618/pv688|client#45576:ws4481/pv7521
09:00:20,6430,33290,3,5204,8408,gradle#1712:ws105/pv199|gradle#14316:ws618/pv688|client#45576:ws4481/pv7521
09:00:31,6482,33211,3,5204,8408,gradle#1712:ws105/pv199|gradle#14316:ws618/pv688|client#45576:ws4481/pv7521
09:00:42,6426,33341,3,5204,8408,gradle#1712:ws105/pv199|gradle#14316:ws618/pv688|client#45576:ws4481/pv7521
09:00:52,6431,33326,3,5204,8408,gradle#1712:ws105/pv199|gradle#14316:ws618/pv688|client#45576:ws4481/pv7521
09:01:03,6344,33396,3,5204,8408,gradle#1712:ws105/pv199|gradle#14316:ws618/pv688|client#45576:ws4481/pv7521
09:01:13,6300,33464,3,5204,8421,gradle#1712:ws105/pv199|gradle#14316:ws618/pv688|client#45576:ws4481/pv7534
09:01:24,6245,33501,3,5204,8421,gradle#1712:ws105/pv199|gradle#14316:ws618/pv688|client#45576:ws4481/pv7534
09:01:34,6227,33520,3,5204,8421,gradle#1712:ws105/pv199|gradle#14316:ws618/pv688|client#45576:ws4481/pv7534
09:01:45,6230,33558,3,5204,8421,gradle#1712:ws105/pv199|gradle#14316:ws618/pv688|client#45576:ws4481/pv7534
09:01:55,6241,33536,3,5203,8417,gradle#1712:ws105/pv199|gradle#14316:ws618/pv688|client#45576:ws4480/pv7530
09:02:06,6248,33611,3,5203,8417,gradle#1712:ws105/pv199|gradle#14316:ws618/pv688|client#45576:ws4480/pv7530
09:02:16,6270,33438,3,5203,8417,gradle#1712:ws105/pv199|gradle#14316:ws618/pv688|client#45576:ws4480/pv7530
09:02:27,6287,33394,3,5203,8417,gradle#1712:ws105/pv199|gradle#14316:ws618/pv688|client#45576:ws4480/pv7530
09:02:37,6293,33402,3,5204,8417,gradle#1712:ws105/pv199|gradle#14316:ws618/pv688|client#45576:ws4481/pv7530
09:02:48,6291,33382,3,5204,8417,gradle#1712:ws105/pv199|gradle#14316:ws618/pv688|client#45576:ws4481/pv7530
09:02:58,6299,33366,3,5204,8417,gradle#1712:ws105/pv199|gradle#14316:ws618/pv688|client#45576:ws4481/pv7530
09:03:08,6304,33371,3,5204,8413,gradle#1712:ws105/pv199|gradle#14316:ws618/pv688|client#45576:ws4481/pv7526
09:03:19,6000,34124,3,5204,8413,gradle#1712:ws105/pv199|gradle#14316:ws618/pv688|client#45576:ws4481/pv7526
09:03:30,5993,33955,3,5203,8398,gradle#1712:ws105/pv199|gradle#14316:ws618/pv688|client#45576:ws4480/pv7511
09:03:40,5536,34623,3,5203,8397,gradle#1712:ws105/pv199|gradle#14316:ws618/pv688|client#45576:ws4480/pv7510
09:03:51,5683,34432,3,5203,8397,gradle#1712:ws105/pv199|gradle#14316:ws618/pv688|client#45576:ws4480/pv7510
09:04:01,5589,34537,3,5203,8397,gradle#1712:ws105/pv199|gradle#14316:ws618/pv688|client#45576:ws4480/pv7510
09:04:12,5684,34415,3,5204,8410,gradle#1712:ws105/pv199|gradle#14316:ws618/pv688|client#45576:ws4481/pv7523
09:04:22,5751,34314,3,5202,8402,gradle#1712:ws105/pv199|gradle#14316:ws618/pv688|client#45576:ws4479/pv7515
09:04:33,5659,34468,3,5202,8402,gradle#1712:ws105/pv199|gradle#14316:ws618/pv688|client#45576:ws4479/pv7515
09:04:44,5667,34374,3,5202,8386,gradle#1712:ws105/pv199|gradle#14316:ws618/pv688|client#45576:ws4479/pv7499
09:04:54,5683,34355,3,5202,8386,gradle#1712:ws105/pv199|gradle#14316:ws618/pv688|client#45576:ws4479/pv7499
09:05:05,5687,34313,3,5202,8386,gradle#1712:ws105/pv199|gradle#14316:ws618/pv688|client#45576:ws4479/pv7499
09:05:15,5630,34541,3,5202,8386,gradle#1712:ws105/pv199|gradle#14316:ws618/pv688|client#45576:ws4479/pv7499
09:05:26,5543,34558,3,5202,8411,gradle#1712:ws105/pv199|gradle#14316:ws618/pv688|client#45576:ws4479/pv7524
09:05:36,5392,34944,3,5202,8411,gradle#1712:ws105/pv199|gradle#14316:ws618/pv688|client#45576:ws4479/pv7524
09:05:47,5320,35110,3,5202,8411,gradle#1712:ws105/pv199|gradle#14316:ws618/pv688|client#45576:ws4479/pv7524
09:05:57,5164,35220,3,5202,8412,gradle#1712:ws105/pv199|gradle#14316:ws618/pv688|client#45576:ws4479/pv7525
09:06:08,5081,35220,3,5202,8412,gradle#1712:ws105/pv199|gradle#14316:ws618/pv688|client#45576:ws4479/pv7525
09:06:19,5088,35328,3,5202,8411,gradle#1712:ws105/pv199|gradle#14316:ws618/pv688|client#45576:ws4479/pv7524
09:06:29,5101,35259,3,5202,8412,gradle#1712:ws105/pv199|gradle#14316:ws618/pv688|client#45576:ws4479/pv7525
09:06:40,5328,35013,3,5202,8412,gradle#1712:ws105/pv199|gradle#14316:ws618/pv688|client#45576:ws4479/pv7525
09:06:50,5342,34994,3,5202,8412,gradle#1712:ws105/pv199|gradle#14316:ws618/pv688|client#45576:ws4479/pv7525
09:07:01,5338,35086,3,5202,8412,gradle#1712:ws105/pv199|gradle#14316:ws618/pv688|client#45576:ws4479/pv7525
09:07:11,5054,35511,3,5202,8412,gradle#1712:ws105/pv199|gradle#14316:ws618/pv688|client#45576:ws4479/pv7525
09:07:22,4955,35733,3,5202,8412,gradle#1712:ws105/pv199|gradle#14316:ws618/pv688|client#45576:ws4479/pv7525
09:07:33,5028,35620,3,5202,8412,gradle#1712:ws105/pv199|gradle#14316:ws618/pv688|client#45576:ws4479/pv7525
09:07:43,5023,35606,3,5202,8412,gradle#1712:ws105/pv199|gradle#14316:ws618/pv688|client#45576:ws4479/pv7525
09:07:54,5094,35367,3,5202,8412,gradle#1712:ws105/pv199|gradle#14316:ws618/pv688|client#45576:ws4479/pv7525
09:08:04,5044,35339,3,5202,8412,gradle#1712:ws105/pv199|gradle#14316:ws618/pv688|client#45576:ws4479/pv7525
09:08:15,4901,35628,3,5202,8411,gradle#1712:ws105/pv199|gradle#14316:ws618/pv688|client#45576:ws4479/pv7524
09:08:26,4943,35539,3,5202,8411,gradle#1712:ws105/pv199|gradle#14316:ws618/pv688|client#45576:ws4479/pv7524
09:08:36,4842,35742,3,5201,8411,gradle#1712:ws105/pv199|gradle#14316:ws618/pv688|client#45576:ws4478/pv7524
09:08:47,5116,35452,3,5201,8411,gradle#1712:ws105/pv199|gradle#14316:ws618/pv688|client#45576:ws4478/pv7524
09:08:57,5129,35496,3,5201,8411,gradle#1712:ws105/pv199|gradle#14316:ws618/pv688|client#45576:ws4478/pv7524
09:09:08,4950,35630,3,5201,8411,gradle#1712:ws105/pv199|gradle#14316:ws618/pv688|client#45576:ws4478/pv7524
09:09:19,5029,35478,3,5200,8397,gradle#1712:ws105/pv199|gradle#14316:ws618/pv688|client#45576:ws4477/pv7510
09:09:29,5001,35457,3,5200,8397,gradle#1712:ws105/pv199|gradle#14316:ws618/pv688|client#45576:ws4477/pv7510
09:09:40,4840,35707,3,5200,8397,gradle#1712:ws105/pv199|gradle#14316:ws618/pv688|client#45576:ws4477/pv7510
09:09:50,5102,35411,3,5200,8397,gradle#1712:ws105/pv199|gradle#14316:ws618/pv688|client#45576:ws4477/pv7510
09:10:01,5101,35442,3,5200,8397,gradle#1712:ws105/pv199|gradle#14316:ws618/pv688|client#45576:ws4477/pv7510
09:10:12,5150,35385,3,5200,8410,gradle#1712:ws105/pv199|gradle#14316:ws618/pv688|client#45576:ws4477/pv7523
09:10:22,4958,35898,3,5200,8410,gradle#1712:ws105/pv199|gradle#14316:ws618/pv688|client#45576:ws4477/pv7523
09:10:33,4960,35762,3,5200,8410,gradle#1712:ws105/pv199|gradle#14316:ws618/pv688|client#45576:ws4477/pv7523
09:10:43,4737,36002,3,5201,8410,gradle#1712:ws105/pv199|gradle#14316:ws618/pv688|client#45576:ws4478/pv7523
09:10:54,4669,35975,3,5201,8410,gradle#1712:ws105/pv199|gradle#14316:ws618/pv688|client#45576:ws4478/pv7523
09:11:05,4585,35959,3,5199,8409,gradle#1712:ws105/pv199|gradle#14316:ws618/pv688|client#45576:ws4476/pv7522
09:11:15,4602,35964,3,5199,8409,gradle#1712:ws105/pv199|gradle#14316:ws618/pv688|client#45576:ws4476/pv7522
09:11:26,4786,35734,3,5199,8409,gradle#1712:ws105/pv199|gradle#14316:ws618/pv688|client#45576:ws4476/pv7522
09:11:36,4830,35684,3,5199,8409,gradle#1712:ws105/pv199|gradle#14316:ws618/pv688|client#45576:ws4476/pv7522
09:11:47,4798,35739,3,5199,8409,gradle#1712:ws105/pv199|gradle#14316:ws618/pv688|client#45576:ws4476/pv7522
09:11:58,4733,35959,3,5199,8409,gradle#1712:ws105/pv199|gradle#14316:ws618/pv688|client#45576:ws4476/pv7522
09:12:08,4705,35976,3,5199,8408,gradle#1712:ws105/pv199|gradle#14316:ws618/pv688|client#45576:ws4476/pv7521
09:12:19,4750,35933,3,5199,8409,gradle#1712:ws105/pv199|gradle#14316:ws618/pv688|client#45576:ws4476/pv7522
09:12:29,4687,35891,3,5199,8409,gradle#1712:ws105/pv199|gradle#14316:ws618/pv688|client#45576:ws4476/pv7522
09:12:40,4702,35889,3,5199,8409,gradle#1712:ws105/pv199|gradle#14316:ws618/pv688|client#45576:ws4476/pv7522
09:12:50,4663,35973,3,5200,8409,gradle#1712:ws105/pv199|gradle#14316:ws618/pv688|client#45576:ws4477/pv7522
09:13:01,4650,36010,3,5200,8409,gradle#1712:ws105/pv199|gradle#14316:ws618/pv688|client#45576:ws4477/pv7522
09:13:12,4657,35928,3,5199,8379,gradle#1712:ws105/pv199|gradle#14316:ws618/pv688|client#45576:ws4476/pv7492
09:13:22,4654,36109,3,5199,8409,gradle#1712:ws105/pv199|gradle#14316:ws618/pv688|client#45576:ws4476/pv7522
09:13:33,4661,36170,3,5199,8409,gradle#1712:ws105/pv199|gradle#14316:ws618/pv688|client#45576:ws4476/pv7522
09:13:44,4693,35986,3,5199,8409,gradle#1712:ws105/pv199|gradle#14316:ws618/pv688|client#45576:ws4476/pv7522
09:13:54,4603,36163,3,5200,8409,gradle#1712:ws105/pv199|gradle#14316:ws618/pv688|client#45576:ws4477/pv7522
09:14:05,4627,35996,3,5199,8404,gradle#1712:ws105/pv199|gradle#14316:ws618/pv688|client#45576:ws4476/pv7517
09:14:16,4645,36009,3,5199,8404,gradle#1712:ws105/pv199|gradle#14316:ws618/pv688|client#45576:ws4476/pv7517
09:14:26,4639,36004,3,5199,8409,gradle#1712:ws105/pv199|gradle#14316:ws618/pv688|client#45576:ws4476/pv7522
09:14:37,4620,36015,3,5199,8409,gradle#1712:ws105/pv199|gradle#14316:ws618/pv688|client#45576:ws4476/pv7522
09:14:48,4550,36024,3,5199,8409,gradle#1712:ws105/pv199|gradle#14316:ws618/pv688|client#45576:ws4476/pv7522
09:14:58,4609,35969,3,5199,8409,gradle#1712:ws105/pv199|gradle#14316:ws618/pv688|client#45576:ws4476/pv7522
09:15:09,4637,36059,3,5199,8409,gradle#1712:ws105/pv199|gradle#14316:ws618/pv688|client#45576:ws4476/pv7522
09:15:20,4631,36096,3,5199,8385,gradle#1712:ws105/pv199|gradle#14316:ws618/pv688|client#45576:ws4476/pv7498
09:15:30,4709,35973,3,5200,8410,gradle#1712:ws105/pv199|gradle#14316:ws618/pv688|client#45576:ws4477/pv7523
09:15:41,4606,36281,3,5200,8410,gradle#1712:ws105/pv199|gradle#14316:ws618/pv688|client#45576:ws4477/pv7523
09:15:51,4558,36521,3,5200,8411,gradle#1712:ws105/pv199|gradle#14316:ws618/pv688|client#45576:ws4477/pv7524
09:16:02,4623,36344,3,5199,8410,gradle#1712:ws105/pv199|gradle#14316:ws618/pv688|client#45576:ws4476/pv7523
09:16:13,4656,36133,3,5199,8410,gradle#1712:ws105/pv199|gradle#14316:ws618/pv688|client#45576:ws4476/pv7523
09:16:23,4678,36022,3,5200,8410,gradle#1712:ws105/pv199|gradle#14316:ws618/pv688|client#45576:ws4477/pv7523
09:16:34,4682,36013,3,5200,8410,gradle#1712:ws105/pv199|gradle#14316:ws618/pv688|client#45576:ws4477/pv7523
09:16:45,4617,36158,3,5199,8409,gradle#1712:ws105/pv199|gradle#14316:ws618/pv688|client#45576:ws4476/pv7522
09:16:55,4667,35996,3,5199,8410,gradle#1712:ws105/pv199|gradle#14316:ws618/pv688|client#45576:ws4476/pv7523
09:17:06,4670,35985,3,5199,8409,gradle#1712:ws105/pv199|gradle#14316:ws618/pv688|client#45576:ws4476/pv7522
09:17:16,4762,35835,3,5199,8409,gradle#1712:ws105/pv199|gradle#14316:ws618/pv688|client#45576:ws4476/pv7522
09:17:27,4770,35836,3,5199,8409,gradle#1712:ws105/pv199|gradle#14316:ws618/pv688|client#45576:ws4476/pv7522
09:17:37,4830,35792,3,5199,8409,gradle#1712:ws105/pv199|gradle#14316:ws618/pv688|client#45576:ws4476/pv7522
09:17:48,4798,35889,3,5199,8409,gradle#1712:ws105/pv199|gradle#14316:ws618/pv688|client#45576:ws4476/pv7522
09:17:59,5000,35563,3,5198,8371,gradle#1712:ws105/pv199|gradle#14316:ws618/pv688|client#45576:ws4475/pv7484
09:18:09,5004,35590,3,5199,8409,gradle#1712:ws105/pv199|gradle#14316:ws618/pv688|client#45576:ws4476/pv7522
09:18:20,5024,35551,3,5199,8382,gradle#1712:ws105/pv199|gradle#14316:ws618/pv688|client#45576:ws4476/pv7495
09:18:30,5009,35512,3,5199,8382,gradle#1712:ws105/pv199|gradle#14316:ws618/pv688|client#45576:ws4476/pv7495
09:18:41,4968,35795,3,5200,8414,gradle#1712:ws105/pv199|gradle#14316:ws618/pv688|client#45576:ws4477/pv7527
09:18:51,4966,35901,3,5200,8415,gradle#1712:ws105/pv199|gradle#14316:ws618/pv688|client#45576:ws4477/pv7528
09:19:02,4833,36126,3,5201,8415,gradle#1712:ws105/pv199|gradle#14316:ws618/pv688|client#45576:ws4478/pv7528
09:19:12,4831,36115,3,5201,8415,gradle#1712:ws105/pv199|gradle#14316:ws618/pv688|client#45576:ws4478/pv7528
09:19:23,4800,35897,3,5201,8415,gradle#1712:ws105/pv199|gradle#14316:ws618/pv688|client#45576:ws4478/pv7528
09:19:34,4758,35901,3,5201,8415,gradle#1712:ws105/pv199|gradle#14316:ws618/pv688|client#45576:ws4478/pv7528
09:19:44,4748,36001,3,5201,8415,gradle#1712:ws105/pv199|gradle#14316:ws618/pv688|client#45576:ws4478/pv7528
09:19:55,4832,35929,3,5200,8415,gradle#1712:ws105/pv199|gradle#14316:ws618/pv688|client#45576:ws4477/pv7528
09:20:05,4747,35967,3,5200,8402,gradle#1712:ws105/pv199|gradle#14316:ws618/pv688|client#45576:ws4477/pv7515
09:20:16,4773,35778,3,5200,8415,gradle#1712:ws105/pv199|gradle#14316:ws618/pv688|client#45576:ws4477/pv7528
09:20:27,5211,35738,3,5199,8414,gradle#1712:ws105/pv199|gradle#14316:ws617/pv688|client#45576:ws4477/pv7527
09:20:37,6364,33857,3,1898,6627,gradle#1712:ws105/pv199|gradle#14316:ws617/pv688|other#45576:ws1176/pv5740
09:20:48,10415,27291,0,0,0,
09:20:58,10392,27413,0,0,0,
09:21:09,10366,27318,0,0,0,
09:21:19,10415,27287,0,0,0,
09:21:30,10413,27275,0,0,0,
09:21:40,10417,27273,0,0,0,
09:21:51,10405,27301,0,0,0,
09:22:01,10389,27315,0,0,0,
09:22:12,10461,27225,0,0,0,
09:22:22,10463,27231,0,0,0,
09:22:33,10394,27264,0,0,0,
09:22:43,10395,27280,0,0,0,
09:22:53,10405,27285,0,0,0,
