Starting a Gradle Daemon, 2 incompatible and 1 stopped Daemons could not be reused, use --status for details

> Configure project :
MixinGradle is skipping eclipse integration, extension not found
files(...) dependencies are not deobfuscated. Use a flatDir repository instead: https://docs.gradle.org/current/userguide/declaring_repositories.html#sub:flat_dir_resolver
Cannot deobfuscate dependency of type DefaultFileCollectionDependency_Decorated, using obfuscated version!

> Task :downloadMcpConfig
> Task :extractSrg UP-TO-DATE
> Task :createMcpToSrg UP-TO-DATE
> Task :compileJava UP-TO-DATE
> Task :processResources UP-TO-DATE
> Task :classes UP-TO-DATE
> Task :createSrgToMcp UP-TO-DATE
> Task :downloadMCMeta UP-TO-DATE
> Task :downloadAssets UP-TO-DATE
> Task :extractNatives UP-TO-DATE
> Task :makeSrcDirs
> Task :prepareRuns
> Task :prepareRunClient
> Task :prepareRunClientCompile UP-TO-DATE

> Task :runClient
2026-07-05 12:02:11,333 main WARN Advanced terminal features are not available in this environment
[12:02:11] [main/INFO] [cp.mo.mo.Launcher/MODLAUNCHER]: ModLauncher running: args [--launchTarget, forgeclientuserdev, --version, MOD_DEV, --assetIndex, 5, --assetsDir, C:\Users\matga\.gradle\caches\forge_gradle\assets, --gameDir, ., --fml.forgeVersion, 47.4.20, --fml.mcVersion, 1.20.1, --fml.forgeGroup, net.minecraftforge, --fml.mcpVersion, 20230612.114412, --mixin.config, projectatmosphere.mixins.json]
[12:02:11] [main/INFO] [cp.mo.mo.Launcher/MODLAUNCHER]: ModLauncher 10.0.9+10.0.9+main.dcd20f30 starting: java version 17.0.17 by Eclipse Adoptium; OS Windows 11 arch amd64 version 10.0
[12:02:11] [main/DEBUG] [cp.mo.mo.LaunchServiceHandler/MODLAUNCHER]: Found launch services [fmlclientdev,forgeclient,minecraft,forgegametestserverdev,fmlserveruserdev,fmlclient,fmldatauserdev,forgeserverdev,forgeserveruserdev,forgeclientdev,forgeclientuserdev,forgeserver,forgedatadev,fmlserver,fmlclientuserdev,fmlserverdev,forgedatauserdev,testharness,forgegametestserveruserdev]
[12:02:11] [main/DEBUG] [cp.mo.mo.NameMappingServiceHandler/MODLAUNCHER]: Found naming services : [srgtomcp]
[12:02:11] [main/DEBUG] [cp.mo.mo.LaunchPluginHandler/MODLAUNCHER]: Found launch plugins: [mixin,eventbus,slf4jfixer,object_holder_definalize,runtime_enum_extender,capability_token_subclass,accesstransformer,runtimedistcleaner]
[12:02:11] [main/DEBUG] [cp.mo.mo.TransformationServicesHandler/MODLAUNCHER]: Discovering transformation services
[12:02:11] [main/DEBUG] [ne.mi.fm.lo.FMLPaths/CORE]: Path GAMEDIR is G:\Project-Atmosphere\run
[12:02:11] [main/DEBUG] [ne.mi.fm.lo.FMLPaths/CORE]: Path MODSDIR is G:\Project-Atmosphere\run\mods
[12:02:11] [main/DEBUG] [ne.mi.fm.lo.FMLPaths/CORE]: Path CONFIGDIR is G:\Project-Atmosphere\run\config
[12:02:11] [main/DEBUG] [ne.mi.fm.lo.FMLPaths/CORE]: Path FMLCONFIG is G:\Project-Atmosphere\run\config\fml.toml
[12:02:11] [main/DEBUG] [cp.mo.mo.TransformationServicesHandler/MODLAUNCHER]: Found additional transformation services from discovery services: 
[12:02:11] [main/INFO] [ne.mi.fm.lo.ImmediateWindowHandler/]: Loading ImmediateWindowProvider fmlearlywindow
[12:02:11] [main/INFO] [EARLYDISPLAY/]: Trying GL version 4.6
[12:02:11] [main/INFO] [EARLYDISPLAY/]: Requested GL version 4.6 got version 4.6
[12:02:11] [main/DEBUG] [cp.mo.mo.TransformationServicesHandler/MODLAUNCHER]: Found transformer services : [mixin,fml]
[12:02:11] [main/DEBUG] [cp.mo.mo.TransformationServicesHandler/MODLAUNCHER]: Transformation services loading
[12:02:11] [main/DEBUG] [cp.mo.mo.TransformationServiceDecorator/MODLAUNCHER]: Loading service mixin
[12:02:11] [main/DEBUG] [cp.mo.mo.TransformationServiceDecorator/MODLAUNCHER]: Loaded service mixin
[12:02:11] [main/DEBUG] [cp.mo.mo.TransformationServiceDecorator/MODLAUNCHER]: Loading service fml
[12:02:11] [main/DEBUG] [ne.mi.fm.lo.LauncherVersion/CORE]: Found FMLLauncher version 1.0
[12:02:11] [main/DEBUG] [ne.mi.fm.lo.FMLLoader/CORE]: FML 1.0 loading
[12:02:11] [main/DEBUG] [ne.mi.fm.lo.FMLLoader/CORE]: FML found ModLauncher version : 10.0.9+10.0.9+main.dcd20f30
[12:02:11] [main/DEBUG] [ne.mi.fm.lo.FMLLoader/CORE]: Requesting CoreMods to not apply the fix for ASMAPI.findFirstInstructionBefore by default
[12:02:11] [main/DEBUG] [ne.mi.fm.lo.FMLLoader/CORE]: FML found AccessTransformer version : 8.0.4+66+master.c09db6d7
[12:02:11] [main/DEBUG] [ne.mi.fm.lo.FMLLoader/CORE]: FML found EventBus version : 6.2.33
[12:02:11] [main/DEBUG] [ne.mi.fm.lo.FMLLoader/CORE]: Found Runtime Dist Cleaner
[12:02:11] [main/DEBUG] [ne.mi.co.CoreModEngine/]: CoreMods will preserve legacy behavior of ASMAPI.findFirstInstructionBefore for backwards-compatibility
[12:02:11] [main/DEBUG] [ne.mi.fm.lo.FMLLoader/CORE]: FML found CoreMod version : 5.2.4
[12:02:11] [main/DEBUG] [ne.mi.fm.lo.FMLLoader/CORE]: Found ForgeSPI package implementation version 7.0.1+7.0.1+master.d2b38bf6
[12:02:11] [main/DEBUG] [ne.mi.fm.lo.FMLLoader/CORE]: Found ForgeSPI package specification 5
[12:02:11] [main/DEBUG] [cp.mo.mo.TransformationServiceDecorator/MODLAUNCHER]: Loaded service fml
[12:02:11] [main/DEBUG] [cp.mo.mo.TransformationServicesHandler/MODLAUNCHER]: Configuring option handling for services
[12:02:11] [main/DEBUG] [cp.mo.mo.TransformationServicesHandler/MODLAUNCHER]: Transformation services initializing
[12:02:11] [main/DEBUG] [cp.mo.mo.TransformationServiceDecorator/MODLAUNCHER]: Initializing transformation service mixin
[12:02:11] [main/DEBUG] [mixin/]: MixinService [ModLauncher] was successfully booted in cpw.mods.cl.ModuleClassLoader@5c30a9b0
[12:02:11] [main/INFO] [mixin/]: SpongePowered MIXIN Subsystem Version=0.8.5 Source=union:/C:/Users/matga/.gradle/caches/modules-2/files-2.1/org.spongepowered/mixin/0.8.5/9d1c0c3a304ae6697ecd477218fa61b850bf57fc/mixin-0.8.5.jar%23129!/ Service=ModLauncher Env=CLIENT
[12:02:11] [main/DEBUG] [mixin/]: Initialising Mixin Platform Manager
[12:02:11] [main/DEBUG] [mixin/]: Adding mixin platform agents for container ModLauncher Root Container(ModLauncher:4f56a0a2)
[12:02:11] [main/DEBUG] [mixin/]: Instancing new MixinPlatformAgentMinecraftForge for ModLauncher Root Container(ModLauncher:4f56a0a2)
[12:02:11] [main/DEBUG] [mixin/]: MixinPlatformAgentMinecraftForge rejected container ModLauncher Root Container(ModLauncher:4f56a0a2)
[12:02:11] [main/DEBUG] [mixin/]: Instancing new MixinPlatformAgentDefault for ModLauncher Root Container(ModLauncher:4f56a0a2)
[12:02:11] [main/DEBUG] [mixin/]: MixinPlatformAgentDefault accepted container ModLauncher Root Container(ModLauncher:4f56a0a2)
[12:02:11] [main/DEBUG] [cp.mo.mo.TransformationServiceDecorator/MODLAUNCHER]: Initialized transformation service mixin
[12:02:11] [main/DEBUG] [cp.mo.mo.TransformationServiceDecorator/MODLAUNCHER]: Initializing transformation service fml
[12:02:11] [main/DEBUG] [ne.mi.fm.lo.FMLServiceProvider/CORE]: Setting up basic FML game directories
[12:02:11] [main/DEBUG] [ne.mi.fm.lo.FMLPaths/CORE]: Path GAMEDIR is G:\Project-Atmosphere\run
[12:02:11] [main/DEBUG] [ne.mi.fm.lo.FMLPaths/CORE]: Path MODSDIR is G:\Project-Atmosphere\run\mods
[12:02:11] [main/DEBUG] [ne.mi.fm.lo.FMLPaths/CORE]: Path CONFIGDIR is G:\Project-Atmosphere\run\config
[12:02:11] [main/DEBUG] [ne.mi.fm.lo.FMLPaths/CORE]: Path FMLCONFIG is G:\Project-Atmosphere\run\config\fml.toml
[12:02:11] [main/DEBUG] [ne.mi.fm.lo.FMLServiceProvider/CORE]: Loading configuration
[12:02:11] [main/DEBUG] [ne.mi.fm.lo.FMLServiceProvider/CORE]: Preparing ModFile
[12:02:11] [main/DEBUG] [ne.mi.fm.lo.FMLServiceProvider/CORE]: Preparing launch handler
[12:02:11] [main/DEBUG] [ne.mi.fm.lo.FMLLoader/CORE]: Using forgeclientuserdev as launch service
[12:02:11] [main/DEBUG] [ne.mi.fm.lo.FMLLoader/CORE]: Received command line version data  : VersionInfo[forgeVersion=47.4.20, mcVersion=1.20.1, mcpVersion=20230612.114412, forgeGroup=net.minecraftforge]
[12:02:11] [main/DEBUG] [cp.mo.mo.TransformationServiceDecorator/MODLAUNCHER]: Initialized transformation service fml
[12:02:11] [main/DEBUG] [cp.mo.mo.NameMappingServiceHandler/MODLAUNCHER]: Current naming domain is 'mcp'
[12:02:11] [main/DEBUG] [cp.mo.mo.NameMappingServiceHandler/MODLAUNCHER]: Identified name mapping providers {srg=srgtomcp:1234}
[12:02:11] [main/DEBUG] [cp.mo.mo.TransformationServicesHandler/MODLAUNCHER]: Transformation services begin scanning
[12:02:11] [main/DEBUG] [cp.mo.mo.TransformationServiceDecorator/MODLAUNCHER]: Beginning scan trigger - transformation service mixin
[12:02:11] [main/DEBUG] [cp.mo.mo.TransformationServiceDecorator/MODLAUNCHER]: End scan trigger - transformation service mixin
[12:02:11] [main/DEBUG] [cp.mo.mo.TransformationServiceDecorator/MODLAUNCHER]: Beginning scan trigger - transformation service fml
[12:02:11] [main/DEBUG] [ne.mi.fm.lo.FMLServiceProvider/CORE]: Initiating mod scan
[12:02:11] [main/DEBUG] [ne.mi.fm.lo.mo.ModListHandler/CORE]: Found mod coordinates from lists: []
[12:02:11] [main/DEBUG] [ne.mi.fm.lo.mo.ModDiscoverer/CORE]: Found Mod Locators : (mods folder:null),(maven libs:null),(exploded directory:null),(minecraft:null),(userdev classpath:null)
[12:02:11] [main/DEBUG] [ne.mi.fm.lo.mo.ModDiscoverer/CORE]: Found Dependency Locators : (JarInJar:null)
[12:02:11] [main/DEBUG] [ne.mi.fm.lo.ta.CommonLaunchHandler/CORE]: Got mod coordinates projectatmosphere%%G:\Project-Atmosphere\build\resources\main;projectatmosphere%%G:\Project-Atmosphere\build\classes\java\main from env
[12:02:11] [main/DEBUG] [ne.mi.fm.lo.ta.CommonLaunchHandler/CORE]: Found supplied mod coordinates [{projectatmosphere=[G:\Project-Atmosphere\build\resources\main, G:\Project-Atmosphere\build\classes\java\main]}]
[12:02:11] [pool-2-thread-1/INFO] [EARLYDISPLAY/]: GL info: NVIDIA GeForce RTX 4070 Ti SUPER/PCIe/SSE2 GL version 4.6.0 NVIDIA 610.62, NVIDIA Corporation
[12:02:12] [main/DEBUG] [ne.mi.fm.lo.mo.ModFileInfo/LOADING]: Found valid mod file forge-1.20.1-47.4.20_mapped_official_1.20.1-recomp.jar with {minecraft} mods - versions {1.20.1}
[12:02:12] [main/DEBUG] [ne.mi.fm.lo.mo.ModFileParser/LOADING]: Considering mod file candidate C:\Users\matga\.gradle\caches\modules-2\files-2.1\net.minecraftforge\javafmllanguage\1.20.1-47.4.20\c354b21002937b393c4f86163a98dccdf1d51e72\javafmllanguage-1.20.1-47.4.20.jar
[12:02:12] [main/WARN] [ne.mi.fm.lo.mo.ModFileParser/LOADING]: Mod file C:\Users\matga\.gradle\caches\modules-2\files-2.1\net.minecraftforge\javafmllanguage\1.20.1-47.4.20\c354b21002937b393c4f86163a98dccdf1d51e72\javafmllanguage-1.20.1-47.4.20.jar is missing mods.toml file
[12:02:12] [main/DEBUG] [ne.mi.fm.lo.mo.ModFileParser/LOADING]: Considering mod file candidate C:\Users\matga\.gradle\caches\modules-2\files-2.1\net.minecraftforge\lowcodelanguage\1.20.1-47.4.20\865d75f8c18329ddb31db5856701ab86609108b5\lowcodelanguage-1.20.1-47.4.20.jar
[12:02:12] [main/WARN] [ne.mi.fm.lo.mo.ModFileParser/LOADING]: Mod file C:\Users\matga\.gradle\caches\modules-2\files-2.1\net.minecraftforge\lowcodelanguage\1.20.1-47.4.20\865d75f8c18329ddb31db5856701ab86609108b5\lowcodelanguage-1.20.1-47.4.20.jar is missing mods.toml file
[12:02:12] [main/DEBUG] [ne.mi.fm.lo.mo.ModFileParser/LOADING]: Considering mod file candidate C:\Users\matga\.gradle\caches\modules-2\files-2.1\net.minecraftforge\mclanguage\1.20.1-47.4.20\af599930362212ae937e392709f49047e6abbbf\mclanguage-1.20.1-47.4.20.jar
[12:02:12] [main/WARN] [ne.mi.fm.lo.mo.ModFileParser/LOADING]: Mod file C:\Users\matga\.gradle\caches\modules-2\files-2.1\net.minecraftforge\mclanguage\1.20.1-47.4.20\af599930362212ae937e392709f49047e6abbbf\mclanguage-1.20.1-47.4.20.jar is missing mods.toml file
[12:02:12] [main/DEBUG] [ne.mi.fm.lo.mo.ModFileParser/LOADING]: Considering mod file candidate C:\Users\matga\.gradle\caches\modules-2\files-2.1\net.minecraftforge\fmlcore\1.20.1-47.4.20\e8cc697c69f3911e76caa2f005d9486597cd7448\fmlcore-1.20.1-47.4.20.jar
[12:02:12] [main/WARN] [ne.mi.fm.lo.mo.ModFileParser/LOADING]: Mod file C:\Users\matga\.gradle\caches\modules-2\files-2.1\net.minecraftforge\fmlcore\1.20.1-47.4.20\e8cc697c69f3911e76caa2f005d9486597cd7448\fmlcore-1.20.1-47.4.20.jar is missing mods.toml file
[12:02:12] [main/DEBUG] [ne.mi.fm.lo.mo.ModFileParser/LOADING]: Considering mod file candidate G:\Project-Atmosphere\build\resources\main
[12:02:12] [main/DEBUG] [ne.mi.fm.lo.mo.ModFileInfo/LOADING]: Found valid mod file main with {projectatmosphere} mods - versions {0.9.1.1-alpha}
[12:02:12] [main/DEBUG] [ne.mi.fm.lo.mo.ModFileParser/LOADING]: Considering mod file candidate /
[12:02:12] [main/DEBUG] [ne.mi.fm.lo.mo.ModFileInfo/LOADING]: Found valid mod file  with {forge} mods - versions {47.4.20}
[12:02:12] [main/DEBUG] [ne.mi.fm.lo.mo.ModFileParser/LOADING]: Considering mod file candidate G:\Project-Atmosphere\libs\tectonic-3.0.17-forge-1.20.1-dev.jar
[12:02:12] [main/DEBUG] [ne.mi.fm.lo.mo.ModFileInfo/LOADING]: Found valid mod file tectonic-3.0.17-forge-1.20.1-dev.jar with {tectonic} mods - versions {3.0.17}
[12:02:12] [main/DEBUG] [ne.mi.fm.lo.mo.ModFileParser/LOADING]: Considering mod file candidate C:\Users\matga\.gradle\caches\forge_gradle\deobf_dependencies\curse\maven\architectury-api-419699\5137938_mapped_official_1.20.1\architectury-api-419699-5137938_mapped_official_1.20.1.jar
[12:02:12] [main/DEBUG] [ne.mi.fm.lo.mo.ModFileInfo/LOADING]: Found valid mod file architectury-api-419699-5137938_mapped_official_1.20.1.jar with {architectury} mods - versions {9.2.14}
[12:02:12] [main/DEBUG] [ne.mi.fm.lo.mo.ModFileParser/LOADING]: Considering mod file candidate C:\Users\matga\.gradle\caches\forge_gradle\deobf_dependencies\curse\maven\gabous-libs-1367332\8280104_mapped_official_1.20.1\gabous-libs-1367332-8280104_mapped_official_1.20.1.jar
[12:02:12] [main/DEBUG] [ne.mi.fm.lo.mo.ModFileInfo/LOADING]: Found valid mod file gabous-libs-1367332-8280104_mapped_official_1.20.1.jar with {gaboulibs} mods - versions {1.8.1}
[12:02:12] [main/DEBUG] [ne.mi.fm.lo.mo.ModFileParser/LOADING]: Considering mod file candidate C:\Users\matga\.gradle\caches\forge_gradle\deobf_dependencies\curse\maven\spark-361579\4738952_mapped_official_1.20.1\spark-361579-4738952_mapped_official_1.20.1.jar
[12:02:12] [main/DEBUG] [ne.mi.fm.lo.mo.ModFileInfo/LOADING]: Found valid mod file spark-361579-4738952_mapped_official_1.20.1.jar with {spark} mods - versions {1.10.53}
[12:02:12] [main/DEBUG] [ne.mi.fm.lo.mo.ModFileParser/LOADING]: Considering mod file candidate C:\Users\matga\.gradle\caches\forge_gradle\deobf_dependencies\curse\maven\cloth-config-348521\5729105_mapped_official_1.20.1\cloth-config-348521-5729105_mapped_official_1.20.1.jar
[12:02:12] [main/DEBUG] [ne.mi.fm.lo.mo.ModFileInfo/LOADING]: Found valid mod file cloth-config-348521-5729105_mapped_official_1.20.1.jar with {cloth_config} mods - versions {11.1.136}
[12:02:12] [main/DEBUG] [ne.mi.fm.lo.mo.ModFileParser/LOADING]: Considering mod file candidate C:\Users\matga\.gradle\caches\forge_gradle\deobf_dependencies\curse\maven\serene-seasons-291874\8246702_mapped_official_1.20.1\serene-seasons-291874-8246702_mapped_official_1.20.1.jar
[12:02:12] [main/DEBUG] [ne.mi.fm.lo.mo.ModFileInfo/LOADING]: Found valid mod file serene-seasons-291874-8246702_mapped_official_1.20.1.jar with {sereneseasons} mods - versions {9.1.0.3}
[12:02:12] [main/DEBUG] [ne.mi.fm.lo.mo.ModFileParser/LOADING]: Considering mod file candidate C:\Users\matga\.gradle\caches\forge_gradle\deobf_dependencies\curse\maven\glitchcore-955399\5787839_mapped_official_1.20.1\glitchcore-955399-5787839_mapped_official_1.20.1.jar
[12:02:12] [main/DEBUG] [ne.mi.fm.lo.mo.ModFileInfo/LOADING]: Found valid mod file glitchcore-955399-5787839_mapped_official_1.20.1.jar with {glitchcore} mods - versions {0.0.1.1}
[12:02:12] [main/DEBUG] [ne.mi.fm.lo.mo.ModFileParser/LOADING]: Considering mod file candidate C:\Users\matga\.gradle\caches\forge_gradle\deobf_dependencies\curse\maven\betterdays-895618\7046761_mapped_official_1.20.1\betterdays-895618-7046761_mapped_official_1.20.1.jar
[12:02:12] [main/DEBUG] [ne.mi.fm.lo.mo.ModFileInfo/LOADING]: Found valid mod file betterdays-895618-7046761_mapped_official_1.20.1.jar with {betterdays} mods - versions {3.3.4.5}
[12:02:12] [main/DEBUG] [ne.mi.fm.lo.mo.ModFileParser/LOADING]: Considering mod file candidate C:\Users\matga\.gradle\caches\forge_gradle\deobf_dependencies\nonamecrackers2\crackerslib-forge\1.20.1-0.4.6_mapped_official_1.20.1\crackerslib-forge-1.20.1-0.4.6_mapped_official_1.20.1.jar
[12:02:12] [main/DEBUG] [ne.mi.fm.lo.mo.ModFileInfo/LOADING]: Found valid mod file crackerslib-forge-1.20.1-0.4.6_mapped_official_1.20.1.jar with {crackerslib} mods - versions {1.20.1-0.4.6}
[12:02:12] [main/DEBUG] [ne.mi.fm.lo.mo.ModFileParser/LOADING]: Considering mod file candidate C:\Users\matga\.gradle\caches\forge_gradle\deobf_dependencies\curse\maven\lithostitched-936015\6742615_mapped_official_1.20.1\lithostitched-936015-6742615_mapped_official_1.20.1.jar
[12:02:12] [main/DEBUG] [ne.mi.fm.lo.mo.ModFileInfo/LOADING]: Found valid mod file lithostitched-936015-6742615_mapped_official_1.20.1.jar with {lithostitched} mods - versions {1.4.11}
[12:02:12] [main/DEBUG] [ne.mi.fm.lo.mo.ModFileParser/LOADING]: Considering mod file candidate C:\Users\matga\.gradle\caches\forge_gradle\deobf_dependencies\curse\maven\serene-seasons-plus-1288843\8244461_mapped_official_1.20.1\serene-seasons-plus-1288843-8244461_mapped_official_1.20.1.jar
[12:02:12] [main/DEBUG] [ne.mi.fm.lo.mo.ModFileInfo/LOADING]: Found valid mod file serene-seasons-plus-1288843-8244461_mapped_official_1.20.1.jar with {sereneseasonsplus} mods - versions {5.1.2}
[12:02:12] [main/DEBUG] [ne.mi.fm.lo.mo.ModFileParser/LOADING]: Considering mod file candidate C:\Users\matga\.gradle\caches\forge_gradle\deobf_dependencies\curse\maven\cool-rain-reforged-1346978\7270440_mapped_official_1.20.1\cool-rain-reforged-1346978-7270440_mapped_official_1.20.1.jar
[12:02:12] [main/DEBUG] [ne.mi.fm.lo.mo.ModFileInfo/LOADING]: Found valid mod file cool-rain-reforged-1346978-7270440_mapped_official_1.20.1.jar with {coolrain} mods - versions {1.0.3}
[12:02:12] [main/DEBUG] [ne.mi.fm.lo.mo.ModFileParser/LOADING]: Considering mod file candidate C:\Users\matga\.gradle\caches\forge_gradle\deobf_dependencies\curse\maven\chloride-931925\6615986_mapped_official_1.20.1\chloride-931925-6615986_mapped_official_1.20.1.jar
[12:02:12] [main/DEBUG] [ne.mi.fm.lo.mo.ModFileInfo/LOADING]: Found valid mod file chloride-931925-6615986_mapped_official_1.20.1.jar with {chloride} mods - versions {1.7.2}
[12:02:12] [main/DEBUG] [ne.mi.fm.lo.mo.ModFileParser/LOADING]: Considering mod file candidate C:\Users\matga\.gradle\caches\forge_gradle\deobf_dependencies\curse\maven\embeddium-908741\5681725_mapped_official_1.20.1\embeddium-908741-5681725_mapped_official_1.20.1.jar
[12:02:12] [main/DEBUG] [ne.mi.fm.lo.mo.ModFileInfo/LOADING]: Found valid mod file embeddium-908741-5681725_mapped_official_1.20.1.jar with {embeddium,rubidium} mods - versions {0.3.31+mc1.20.1,0.7.1}
[12:02:12] [main/DEBUG] [ne.mi.fm.lo.mo.ModFileParser/LOADING]: Considering mod file candidate C:\Users\matga\.gradle\caches\forge_gradle\deobf_dependencies\mezz\jei\jei-1.20.1-forge\15.8.2.26_mapped_official_1.20.1\jei-1.20.1-forge-15.8.2.26_mapped_official_1.20.1.jar
[12:02:12] [main/DEBUG] [ne.mi.fm.lo.mo.ModFileInfo/LOADING]: Found valid mod file jei-1.20.1-forge-15.8.2.26_mapped_official_1.20.1.jar with {jei} mods - versions {15.8.2.26}
[12:02:12] [main/DEBUG] [ne.mi.fm.lo.mo.ModFileParser/LOADING]: Considering mod file candidate C:\Users\matga\.gradle\caches\forge_gradle\deobf_dependencies\curse\maven\jade-324717\6271651_mapped_official_1.20.1\jade-324717-6271651_mapped_official_1.20.1.jar
[12:02:12] [main/DEBUG] [ne.mi.fm.lo.mo.ModFileInfo/LOADING]: Found valid mod file jade-324717-6271651_mapped_official_1.20.1.jar with {jade} mods - versions {11.13.1+forge}
[12:02:12] [main/DEBUG] [ne.mi.fm.lo.mo.ModFileParser/LOADING]: Considering mod file candidate G:\Project-Atmosphere\libs\tectonic-3.0.17-forge-1.20.1-dev.jar
[12:02:12] [main/DEBUG] [ne.mi.fm.lo.mo.ModFileInfo/LOADING]: Found valid mod file tectonic-3.0.17-forge-1.20.1-dev.jar with {tectonic} mods - versions {3.0.17}
[12:02:12] [main/DEBUG] [ne.mi.fm.lo.mo.ModFileParser/LOADING]: Considering mod file candidate C:\Users\matga\.gradle\caches\forge_gradle\deobf_dependencies\curse\maven\architectury-api-419699\5137938_mapped_official_1.20.1\architectury-api-419699-5137938_mapped_official_1.20.1.jar
[12:02:12] [main/DEBUG] [ne.mi.fm.lo.mo.ModFileInfo/LOADING]: Found valid mod file architectury-api-419699-5137938_mapped_official_1.20.1.jar with {architectury} mods - versions {9.2.14}
[12:02:12] [main/DEBUG] [ne.mi.fm.lo.mo.ModFileParser/LOADING]: Considering mod file candidate C:\Users\matga\.gradle\caches\forge_gradle\deobf_dependencies\curse\maven\gabous-libs-1367332\8280104_mapped_official_1.20.1\gabous-libs-1367332-8280104_mapped_official_1.20.1.jar
[12:02:12] [main/DEBUG] [ne.mi.fm.lo.mo.ModFileInfo/LOADING]: Found valid mod file gabous-libs-1367332-8280104_mapped_official_1.20.1.jar with {gaboulibs} mods - versions {1.8.1}
[12:02:12] [main/DEBUG] [ne.mi.fm.lo.mo.ModFileParser/LOADING]: Considering mod file candidate C:\Users\matga\.gradle\caches\forge_gradle\deobf_dependencies\curse\maven\spark-361579\4738952_mapped_official_1.20.1\spark-361579-4738952_mapped_official_1.20.1.jar
[12:02:12] [main/DEBUG] [ne.mi.fm.lo.mo.ModFileInfo/LOADING]: Found valid mod file spark-361579-4738952_mapped_official_1.20.1.jar with {spark} mods - versions {1.10.53}
[12:02:12] [main/DEBUG] [ne.mi.fm.lo.mo.ModFileParser/LOADING]: Considering mod file candidate C:\Users\matga\.gradle\caches\forge_gradle\deobf_dependencies\curse\maven\cloth-config-348521\5729105_mapped_official_1.20.1\cloth-config-348521-5729105_mapped_official_1.20.1.jar
[12:02:12] [main/DEBUG] [ne.mi.fm.lo.mo.ModFileInfo/LOADING]: Found valid mod file cloth-config-348521-5729105_mapped_official_1.20.1.jar with {cloth_config} mods - versions {11.1.136}
[12:02:12] [main/DEBUG] [ne.mi.fm.lo.mo.ModFileParser/LOADING]: Considering mod file candidate C:\Users\matga\.gradle\caches\forge_gradle\deobf_dependencies\curse\maven\serene-seasons-291874\8246702_mapped_official_1.20.1\serene-seasons-291874-8246702_mapped_official_1.20.1.jar
[12:02:12] [main/DEBUG] [ne.mi.fm.lo.mo.ModFileInfo/LOADING]: Found valid mod file serene-seasons-291874-8246702_mapped_official_1.20.1.jar with {sereneseasons} mods - versions {9.1.0.3}
[12:02:12] [main/DEBUG] [ne.mi.fm.lo.mo.ModFileParser/LOADING]: Considering mod file candidate C:\Users\matga\.gradle\caches\forge_gradle\deobf_dependencies\curse\maven\glitchcore-955399\5787839_mapped_official_1.20.1\glitchcore-955399-5787839_mapped_official_1.20.1.jar
[12:02:12] [main/DEBUG] [ne.mi.fm.lo.mo.ModFileInfo/LOADING]: Found valid mod file glitchcore-955399-5787839_mapped_official_1.20.1.jar with {glitchcore} mods - versions {0.0.1.1}
[12:02:12] [main/DEBUG] [ne.mi.fm.lo.mo.ModFileParser/LOADING]: Considering mod file candidate C:\Users\matga\.gradle\caches\forge_gradle\deobf_dependencies\curse\maven\betterdays-895618\7046761_mapped_official_1.20.1\betterdays-895618-7046761_mapped_official_1.20.1.jar
[12:02:12] [main/DEBUG] [ne.mi.fm.lo.mo.ModFileInfo/LOADING]: Found valid mod file betterdays-895618-7046761_mapped_official_1.20.1.jar with {betterdays} mods - versions {3.3.4.5}
[12:02:12] [main/DEBUG] [ne.mi.fm.lo.mo.ModFileParser/LOADING]: Considering mod file candidate C:\Users\matga\.gradle\caches\forge_gradle\deobf_dependencies\nonamecrackers2\crackerslib-forge\1.20.1-0.4.6_mapped_official_1.20.1\crackerslib-forge-1.20.1-0.4.6_mapped_official_1.20.1.jar
[12:02:12] [main/DEBUG] [ne.mi.fm.lo.mo.ModFileInfo/LOADING]: Found valid mod file crackerslib-forge-1.20.1-0.4.6_mapped_official_1.20.1.jar with {crackerslib} mods - versions {1.20.1-0.4.6}
[12:02:12] [main/DEBUG] [ne.mi.fm.lo.mo.ModFileParser/LOADING]: Considering mod file candidate C:\Users\matga\.gradle\caches\forge_gradle\deobf_dependencies\curse\maven\lithostitched-936015\6742615_mapped_official_1.20.1\lithostitched-936015-6742615_mapped_official_1.20.1.jar
[12:02:12] [main/DEBUG] [ne.mi.fm.lo.mo.ModFileInfo/LOADING]: Found valid mod file lithostitched-936015-6742615_mapped_official_1.20.1.jar with {lithostitched} mods - versions {1.4.11}
[12:02:12] [main/DEBUG] [ne.mi.fm.lo.mo.ModFileParser/LOADING]: Considering mod file candidate C:\Users\matga\.gradle\caches\forge_gradle\deobf_dependencies\curse\maven\serene-seasons-plus-1288843\8244461_mapped_official_1.20.1\serene-seasons-plus-1288843-8244461_mapped_official_1.20.1.jar
[12:02:12] [main/DEBUG] [ne.mi.fm.lo.mo.ModFileInfo/LOADING]: Found valid mod file serene-seasons-plus-1288843-8244461_mapped_official_1.20.1.jar with {sereneseasonsplus} mods - versions {5.1.2}
[12:02:12] [main/DEBUG] [ne.mi.fm.lo.mo.ModFileParser/LOADING]: Considering mod file candidate C:\Users\matga\.gradle\caches\forge_gradle\deobf_dependencies\curse\maven\cool-rain-reforged-1346978\7270440_mapped_official_1.20.1\cool-rain-reforged-1346978-7270440_mapped_official_1.20.1.jar
[12:02:12] [main/DEBUG] [ne.mi.fm.lo.mo.ModFileInfo/LOADING]: Found valid mod file cool-rain-reforged-1346978-7270440_mapped_official_1.20.1.jar with {coolrain} mods - versions {1.0.3}
[12:02:12] [main/DEBUG] [ne.mi.fm.lo.mo.ModFileParser/LOADING]: Considering mod file candidate C:\Users\matga\.gradle\caches\forge_gradle\deobf_dependencies\curse\maven\chloride-931925\6615986_mapped_official_1.20.1\chloride-931925-6615986_mapped_official_1.20.1.jar
[12:02:12] [main/DEBUG] [ne.mi.fm.lo.mo.ModFileInfo/LOADING]: Found valid mod file chloride-931925-6615986_mapped_official_1.20.1.jar with {chloride} mods - versions {1.7.2}
[12:02:12] [main/DEBUG] [ne.mi.fm.lo.mo.ModFileParser/LOADING]: Considering mod file candidate C:\Users\matga\.gradle\caches\forge_gradle\deobf_dependencies\curse\maven\embeddium-908741\5681725_mapped_official_1.20.1\embeddium-908741-5681725_mapped_official_1.20.1.jar
[12:02:12] [main/DEBUG] [ne.mi.fm.lo.mo.ModFileInfo/LOADING]: Found valid mod file embeddium-908741-5681725_mapped_official_1.20.1.jar with {embeddium,rubidium} mods - versions {0.3.31+mc1.20.1,0.7.1}
[12:02:12] [main/DEBUG] [ne.mi.fm.lo.mo.ModFileParser/LOADING]: Considering mod file candidate C:\Users\matga\.gradle\caches\forge_gradle\deobf_dependencies\mezz\jei\jei-1.20.1-forge\15.8.2.26_mapped_official_1.20.1\jei-1.20.1-forge-15.8.2.26_mapped_official_1.20.1.jar
[12:02:12] [main/DEBUG] [ne.mi.fm.lo.mo.ModFileInfo/LOADING]: Found valid mod file jei-1.20.1-forge-15.8.2.26_mapped_official_1.20.1.jar with {jei} mods - versions {15.8.2.26}
[12:02:12] [main/DEBUG] [ne.mi.fm.lo.mo.ModFileParser/LOADING]: Considering mod file candidate C:\Users\matga\.gradle\caches\forge_gradle\deobf_dependencies\curse\maven\jade-324717\6271651_mapped_official_1.20.1\jade-324717-6271651_mapped_official_1.20.1.jar
[12:02:12] [main/DEBUG] [ne.mi.fm.lo.mo.ModFileInfo/LOADING]: Found valid mod file jade-324717-6271651_mapped_official_1.20.1.jar with {jade} mods - versions {11.13.1+forge}
[12:02:12] [main/DEBUG] [ne.mi.fm.lo.UniqueModListBuilder/]: Found 2 mods for first modid betterdays, selecting most recent based on version data
[12:02:12] [main/DEBUG] [ne.mi.fm.lo.UniqueModListBuilder/]: Selected file betterdays-895618-7046761_mapped_official_1.20.1.jar for modid betterdays with version 3.3.4.5
[12:02:12] [main/DEBUG] [ne.mi.fm.lo.UniqueModListBuilder/]: Found 2 mods for first modid sereneseasons, selecting most recent based on version data
[12:02:12] [main/DEBUG] [ne.mi.fm.lo.UniqueModListBuilder/]: Selected file serene-seasons-291874-8246702_mapped_official_1.20.1.jar for modid sereneseasons with version 9.1.0.3
[12:02:12] [main/DEBUG] [ne.mi.fm.lo.UniqueModListBuilder/]: Found 2 mods for first modid crackerslib, selecting most recent based on version data
[12:02:12] [main/DEBUG] [ne.mi.fm.lo.UniqueModListBuilder/]: Selected file crackerslib-forge-1.20.1-0.4.6_mapped_official_1.20.1.jar for modid crackerslib with version 1.20.1-0.4.6
[12:02:12] [main/DEBUG] [ne.mi.fm.lo.UniqueModListBuilder/]: Found 2 mods for first modid coolrain, selecting most recent based on version data
[12:02:12] [main/DEBUG] [ne.mi.fm.lo.UniqueModListBuilder/]: Selected file cool-rain-reforged-1346978-7270440_mapped_official_1.20.1.jar for modid coolrain with version 1.0.3
[12:02:12] [main/DEBUG] [ne.mi.fm.lo.UniqueModListBuilder/]: Found 2 mods for first modid glitchcore, selecting most recent based on version data
[12:02:12] [main/DEBUG] [ne.mi.fm.lo.UniqueModListBuilder/]: Selected file glitchcore-955399-5787839_mapped_official_1.20.1.jar for modid glitchcore with version 0.0.1.1
[12:02:12] [main/DEBUG] [ne.mi.fm.lo.UniqueModListBuilder/]: Found 2 mods for first modid jade, selecting most recent based on version data
[12:02:12] [main/DEBUG] [ne.mi.fm.lo.UniqueModListBuilder/]: Selected file jade-324717-6271651_mapped_official_1.20.1.jar for modid jade with version 11.13.1+forge
[12:02:12] [main/DEBUG] [ne.mi.fm.lo.UniqueModListBuilder/]: Found 2 mods for first modid architectury, selecting most recent based on version data
[12:02:12] [main/DEBUG] [ne.mi.fm.lo.UniqueModListBuilder/]: Selected file architectury-api-419699-5137938_mapped_official_1.20.1.jar for modid architectury with version 9.2.14
[12:02:12] [main/DEBUG] [ne.mi.fm.lo.UniqueModListBuilder/]: Found 2 mods for first modid jei, selecting most recent based on version data
[12:02:12] [main/DEBUG] [ne.mi.fm.lo.UniqueModListBuilder/]: Selected file jei-1.20.1-forge-15.8.2.26_mapped_official_1.20.1.jar for modid jei with version 15.8.2.26
[12:02:12] [main/DEBUG] [ne.mi.fm.lo.UniqueModListBuilder/]: Found 2 mods for first modid lithostitched, selecting most recent based on version data
[12:02:12] [main/DEBUG] [ne.mi.fm.lo.UniqueModListBuilder/]: Selected file lithostitched-936015-6742615_mapped_official_1.20.1.jar for modid lithostitched with version 1.4.11
[12:02:12] [main/DEBUG] [ne.mi.fm.lo.UniqueModListBuilder/]: Found 2 mods for first modid cloth_config, selecting most recent based on version data
[12:02:12] [main/DEBUG] [ne.mi.fm.lo.UniqueModListBuilder/]: Selected file cloth-config-348521-5729105_mapped_official_1.20.1.jar for modid cloth_config with version 11.1.136
[12:02:12] [main/DEBUG] [ne.mi.fm.lo.UniqueModListBuilder/]: Found 2 mods for first modid spark, selecting most recent based on version data
[12:02:12] [main/DEBUG] [ne.mi.fm.lo.UniqueModListBuilder/]: Selected file spark-361579-4738952_mapped_official_1.20.1.jar for modid spark with version 1.10.53
[12:02:12] [main/DEBUG] [ne.mi.fm.lo.UniqueModListBuilder/]: Found 2 mods for first modid gaboulibs, selecting most recent based on version data
[12:02:12] [main/DEBUG] [ne.mi.fm.lo.UniqueModListBuilder/]: Selected file gabous-libs-1367332-8280104_mapped_official_1.20.1.jar for modid gaboulibs with version 1.8.1
[12:02:12] [main/DEBUG] [ne.mi.fm.lo.UniqueModListBuilder/]: Found 2 mods for first modid chloride, selecting most recent based on version data
[12:02:12] [main/DEBUG] [ne.mi.fm.lo.UniqueModListBuilder/]: Selected file chloride-931925-6615986_mapped_official_1.20.1.jar for modid chloride with version 1.7.2
[12:02:12] [main/DEBUG] [ne.mi.fm.lo.UniqueModListBuilder/]: Found 2 mods for first modid embeddium, selecting most recent based on version data
[12:02:12] [main/DEBUG] [ne.mi.fm.lo.UniqueModListBuilder/]: Selected file embeddium-908741-5681725_mapped_official_1.20.1.jar for modid embeddium with version 0.3.31+mc1.20.1
[12:02:12] [main/DEBUG] [ne.mi.fm.lo.UniqueModListBuilder/]: Found 2 mods for first modid sereneseasonsplus, selecting most recent based on version data
[12:02:12] [main/DEBUG] [ne.mi.fm.lo.UniqueModListBuilder/]: Selected file serene-seasons-plus-1288843-8244461_mapped_official_1.20.1.jar for modid sereneseasonsplus with version 5.1.2
[12:02:12] [main/DEBUG] [ne.mi.fm.lo.UniqueModListBuilder/]: Found 2 mods for first modid tectonic, selecting most recent based on version data
[12:02:12] [main/DEBUG] [ne.mi.fm.lo.UniqueModListBuilder/]: Selected file tectonic-3.0.17-forge-1.20.1-dev.jar for modid tectonic with version 3.0.17
[12:02:12] [main/DEBUG] [ne.mi.fm.lo.mo.AbstractJarFileDependencyLocator/]: Failed to load resource META-INF\jarjar\metadata.json from serene-seasons-291874-8246702_mapped_official_1.20.1.jar, it does not contain dependency information.
[12:02:12] [main/DEBUG] [ne.mi.fm.lo.mo.AbstractJarFileDependencyLocator/]: Failed to load resource META-INF\jarjar\metadata.json from forge-1.20.1-47.4.20_mapped_official_1.20.1-recomp.jar, it does not contain dependency information.
[12:02:12] [main/DEBUG] [ne.mi.fm.lo.mo.AbstractJarFileDependencyLocator/]: Failed to load resource META-INF\jarjar\metadata.json from crackerslib-forge-1.20.1-0.4.6_mapped_official_1.20.1.jar, it does not contain dependency information.
[12:02:12] [main/DEBUG] [ne.mi.fm.lo.mo.AbstractJarFileDependencyLocator/]: Failed to load resource META-INF\jarjar\metadata.json from cool-rain-reforged-1346978-7270440_mapped_official_1.20.1.jar, it does not contain dependency information.
[12:02:12] [main/DEBUG] [ne.mi.fm.lo.mo.AbstractJarFileDependencyLocator/]: Failed to load resource META-INF\jarjar\metadata.json from glitchcore-955399-5787839_mapped_official_1.20.1.jar, it does not contain dependency information.
[12:02:12] [main/DEBUG] [ne.mi.fm.lo.mo.AbstractJarFileDependencyLocator/]: Failed to load resource META-INF\jarjar\metadata.json from jade-324717-6271651_mapped_official_1.20.1.jar, it does not contain dependency information.
[12:02:12] [main/DEBUG] [ne.mi.fm.lo.mo.AbstractJarFileDependencyLocator/]: Failed to load resource META-INF\jarjar\metadata.json from architectury-api-419699-5137938_mapped_official_1.20.1.jar, it does not contain dependency information.
[12:02:12] [main/DEBUG] [ne.mi.fm.lo.mo.AbstractJarFileDependencyLocator/]: Failed to load resource META-INF\jarjar\metadata.json from jei-1.20.1-forge-15.8.2.26_mapped_official_1.20.1.jar, it does not contain dependency information.
[12:02:12] [main/DEBUG] [ne.mi.fm.lo.mo.AbstractJarFileDependencyLocator/]: Failed to load resource META-INF\jarjar\metadata.json from lithostitched-936015-6742615_mapped_official_1.20.1.jar, it does not contain dependency information.
[12:02:12] [main/DEBUG] [ne.mi.fm.lo.mo.AbstractJarFileDependencyLocator/]: Failed to load resource META-INF\jarjar\metadata.json from cloth-config-348521-5729105_mapped_official_1.20.1.jar, it does not contain dependency information.
[12:02:12] [main/DEBUG] [ne.mi.fm.lo.mo.AbstractJarFileDependencyLocator/]: Failed to load resource META-INF\jarjar\metadata.json from spark-361579-4738952_mapped_official_1.20.1.jar, it does not contain dependency information.
[12:02:12] [main/DEBUG] [ne.mi.fm.lo.mo.AbstractJarFileDependencyLocator/]: Failed to load resource META-INF\jarjar\metadata.json from gabous-libs-1367332-8280104_mapped_official_1.20.1.jar, it does not contain dependency information.
[12:02:12] [main/DEBUG] [ne.mi.fm.lo.mo.AbstractJarFileDependencyLocator/]: Failed to load resource META-INF\jarjar\metadata.json from , it does not contain dependency information.
[12:02:12] [main/DEBUG] [ne.mi.fm.lo.mo.AbstractJarFileDependencyLocator/]: Failed to load resource META-INF\jarjar\metadata.json from simplecloudsapi-forge-1.4-1.20.1_mapped_official_1.20.1.jar, it does not contain dependency information.
[12:02:12] [main/DEBUG] [ne.mi.fm.lo.mo.AbstractJarFileDependencyLocator/]: Failed to load resource META-INF\jarjar\metadata.json from chloride-931925-6615986_mapped_official_1.20.1.jar, it does not contain dependency information.
[12:02:12] [main/DEBUG] [ne.mi.fm.lo.mo.AbstractJarFileDependencyLocator/]: Failed to load resource META-INF\jarjar\metadata.json from main, it does not contain dependency information.
[12:02:12] [main/DEBUG] [ne.mi.fm.lo.mo.AbstractJarFileDependencyLocator/]: Failed to load resource META-INF\jarjar\metadata.json from serene-seasons-plus-1288843-8244461_mapped_official_1.20.1.jar, it does not contain dependency information.
[12:02:12] [main/DEBUG] [ne.mi.fm.lo.mo.AbstractJarFileDependencyLocator/]: Failed to load resource META-INF\jarjar\metadata.json from tectonic-3.0.17-forge-1.20.1-dev.jar, it does not contain dependency information.
[12:02:12] [main/DEBUG] [ne.mi.fm.lo.mo.AbstractJarFileDependencyLocator/]: Failed to load resource META-INF\jarjar\metadata.json from mclanguage-1.20.1-47.4.20.jar, it does not contain dependency information.
[12:02:12] [main/DEBUG] [ne.mi.fm.lo.mo.AbstractJarFileDependencyLocator/]: Failed to load resource META-INF\jarjar\metadata.json from javafmllanguage-1.20.1-47.4.20.jar, it does not contain dependency information.
[12:02:12] [main/DEBUG] [ne.mi.fm.lo.mo.AbstractJarFileDependencyLocator/]: Failed to load resource META-INF\jarjar\metadata.json from fmlcore-1.20.1-47.4.20.jar, it does not contain dependency information.
[12:02:12] [main/DEBUG] [ne.mi.fm.lo.mo.AbstractJarFileDependencyLocator/]: Failed to load resource META-INF\jarjar\metadata.json from lowcodelanguage-1.20.1-47.4.20.jar, it does not contain dependency information.
[12:02:12] [main/DEBUG] [ne.mi.fm.lo.mo.ModFileParser/LOADING]: Considering mod file candidate 
[12:02:12] [main/DEBUG] [ne.mi.fm.lo.mo.ModFileInfo/LOADING]: Found valid mod file whitenoise-1.20.1-forge-1.1.1.jar with {whitenoise} mods - versions {1.1.1}
[12:02:12] [main/DEBUG] [ne.mi.fm.lo.mo.ModFileParser/LOADING]: Considering mod file candidate 
[12:02:12] [main/DEBUG] [ne.mi.fm.lo.mo.ModFileInfo/LOADING]: Found valid mod file mixinextras-forge-0.3.5.jar with {mixinextras} mods - versions {0.3.5}
[12:02:12] [main/DEBUG] [ne.mi.fm.lo.mo.AbstractJarFileDependencyLocator/]: Failed to load resource META-INF\jarjar\metadata.json from whitenoise-1.20.1-forge-1.1.1.jar, it does not contain dependency information.
[12:02:12] [main/DEBUG] [ne.mi.fm.lo.mo.AbstractJarFileDependencyLocator/]: Failed to load resource META-INF\jarjar\metadata.json from MixinExtras-0.3.5.jar, it does not contain dependency information.
[12:02:12] [main/DEBUG] [ne.mi.fm.lo.mo.ModFileParser/LOADING]: Considering mod file candidate 
[12:02:12] [main/DEBUG] [ne.mi.fm.lo.mo.ModFileInfo/LOADING]: Found valid mod file whitenoise-1.20.1-forge-1.1.1.jar with {whitenoise} mods - versions {1.1.1}
[12:02:12] [main/DEBUG] [ne.mi.fm.lo.mo.ModFileParser/LOADING]: Considering mod file candidate 
[12:02:12] [main/DEBUG] [ne.mi.fm.lo.mo.ModFileInfo/LOADING]: Found valid mod file mixinextras-forge-0.3.5.jar with {mixinextras} mods - versions {0.3.5}
[12:02:12] [main/INFO] [ne.mi.fm.lo.mo.JarInJarDependencyLocator/]: Found 3 dependencies adding them to mods collection
[12:02:12] [main/DEBUG] [ne.mi.fm.lo.mo.ModFileInfo/LOADING]: Found valid mod file forge-1.20.1-47.4.20_mapped_official_1.20.1-recomp.jar with {minecraft} mods - versions {1.20.1}
[12:02:12] [main/DEBUG] [ne.mi.fm.lo.mo.ModFile/LOADING]: Loading mod file C:\Users\matga\.gradle\caches\forge_gradle\minecraft_user_repo\net\minecraftforge\forge\1.20.1-47.4.20_mapped_official_1.20.1\forge-1.20.1-47.4.20_mapped_official_1.20.1-recomp.jar with languages [LanguageSpec[languageName=minecraft, acceptedVersions=1]]
[12:02:12] [main/DEBUG] [ne.mi.fm.lo.mo.ModFileParser/LOADING]: Considering mod file candidate C:\Users\matga\.gradle\caches\forge_gradle\deobf_dependencies\curse\maven\serene-seasons-291874\8246702_mapped_official_1.20.1\serene-seasons-291874-8246702_mapped_official_1.20.1.jar
[12:02:12] [main/DEBUG] [ne.mi.fm.lo.mo.ModFileInfo/LOADING]: Found valid mod file serene-seasons-291874-8246702_mapped_official_1.20.1.jar with {sereneseasons} mods - versions {9.1.0.3}
[12:02:12] [main/DEBUG] [ne.mi.fm.lo.mo.ModFile/LOADING]: Loading mod file C:\Users\matga\.gradle\caches\forge_gradle\deobf_dependencies\curse\maven\serene-seasons-291874\8246702_mapped_official_1.20.1\serene-seasons-291874-8246702_mapped_official_1.20.1.jar with languages [LanguageSpec[languageName=javafml, acceptedVersions=[47,)]]
[12:02:12] [main/DEBUG] [ne.mi.fm.lo.mo.ModFileParser/LOADING]: Considering mod file candidate C:\Users\matga\.gradle\caches\forge_gradle\deobf_dependencies\curse\maven\betterdays-895618\7046761_mapped_official_1.20.1\betterdays-895618-7046761_mapped_official_1.20.1.jar
[12:02:12] [main/DEBUG] [ne.mi.fm.lo.mo.ModFileInfo/LOADING]: Found valid mod file betterdays-895618-7046761_mapped_official_1.20.1.jar with {betterdays} mods - versions {3.3.4.5}
[12:02:12] [main/DEBUG] [ne.mi.fm.lo.mo.ModFile/LOADING]: Loading mod file C:\Users\matga\.gradle\caches\forge_gradle\deobf_dependencies\curse\maven\betterdays-895618\7046761_mapped_official_1.20.1\betterdays-895618-7046761_mapped_official_1.20.1.jar with languages [LanguageSpec[languageName=javafml, acceptedVersions=[46,)]]
[12:02:12] [main/DEBUG] [ne.mi.fm.lo.mo.ModFileParser/LOADING]: Considering mod file candidate C:\Users\matga\.gradle\caches\forge_gradle\deobf_dependencies\nonamecrackers2\crackerslib-forge\1.20.1-0.4.6_mapped_official_1.20.1\crackerslib-forge-1.20.1-0.4.6_mapped_official_1.20.1.jar
[12:02:12] [main/DEBUG] [ne.mi.fm.lo.mo.ModFileInfo/LOADING]: Found valid mod file crackerslib-forge-1.20.1-0.4.6_mapped_official_1.20.1.jar with {crackerslib} mods - versions {1.20.1-0.4.6}
[12:02:12] [main/DEBUG] [ne.mi.fm.lo.mo.ModFile/LOADING]: Loading mod file C:\Users\matga\.gradle\caches\forge_gradle\deobf_dependencies\nonamecrackers2\crackerslib-forge\1.20.1-0.4.6_mapped_official_1.20.1\crackerslib-forge-1.20.1-0.4.6_mapped_official_1.20.1.jar with languages [LanguageSpec[languageName=javafml, acceptedVersions=[47,)]]
[12:02:12] [main/DEBUG] [ne.mi.fm.lo.mo.ModFileParser/LOADING]: Considering mod file candidate C:\Users\matga\.gradle\caches\forge_gradle\deobf_dependencies\curse\maven\cool-rain-reforged-1346978\7270440_mapped_official_1.20.1\cool-rain-reforged-1346978-7270440_mapped_official_1.20.1.jar
[12:02:12] [main/DEBUG] [ne.mi.fm.lo.mo.ModFileInfo/LOADING]: Found valid mod file cool-rain-reforged-1346978-7270440_mapped_official_1.20.1.jar with {coolrain} mods - versions {1.0.3}
[12:02:12] [main/DEBUG] [ne.mi.fm.lo.mo.ModFile/LOADING]: Loading mod file C:\Users\matga\.gradle\caches\forge_gradle\deobf_dependencies\curse\maven\cool-rain-reforged-1346978\7270440_mapped_official_1.20.1\cool-rain-reforged-1346978-7270440_mapped_official_1.20.1.jar with languages [LanguageSpec[languageName=javafml, acceptedVersions=[4,)]]
[12:02:12] [main/DEBUG] [ne.mi.fm.lo.mo.ModFileParser/LOADING]: Considering mod file candidate C:\Users\matga\.gradle\caches\forge_gradle\deobf_dependencies\curse\maven\glitchcore-955399\5787839_mapped_official_1.20.1\glitchcore-955399-5787839_mapped_official_1.20.1.jar
[12:02:12] [main/DEBUG] [ne.mi.fm.lo.mo.ModFileInfo/LOADING]: Found valid mod file glitchcore-955399-5787839_mapped_official_1.20.1.jar with {glitchcore} mods - versions {0.0.1.1}
[12:02:12] [main/DEBUG] [ne.mi.fm.lo.mo.ModFile/LOADING]: Loading mod file C:\Users\matga\.gradle\caches\forge_gradle\deobf_dependencies\curse\maven\glitchcore-955399\5787839_mapped_official_1.20.1\glitchcore-955399-5787839_mapped_official_1.20.1.jar with languages [LanguageSpec[languageName=javafml, acceptedVersions=[47,)]]
[12:02:12] [main/DEBUG] [ne.mi.fm.lo.mo.ModFileParser/LOADING]: Considering mod file candidate C:\Users\matga\.gradle\caches\forge_gradle\deobf_dependencies\curse\maven\jade-324717\6271651_mapped_official_1.20.1\jade-324717-6271651_mapped_official_1.20.1.jar
[12:02:12] [main/DEBUG] [ne.mi.fm.lo.mo.ModFileInfo/LOADING]: Found valid mod file jade-324717-6271651_mapped_official_1.20.1.jar with {jade} mods - versions {11.13.1+forge}
[12:02:12] [main/DEBUG] [ne.mi.fm.lo.mo.ModFile/LOADING]: Loading mod file C:\Users\matga\.gradle\caches\forge_gradle\deobf_dependencies\curse\maven\jade-324717\6271651_mapped_official_1.20.1\jade-324717-6271651_mapped_official_1.20.1.jar with languages [LanguageSpec[languageName=javafml, acceptedVersions=[46,)]]
[12:02:12] [main/DEBUG] [ne.mi.fm.lo.mo.ModFileParser/LOADING]: Considering mod file candidate 
[12:02:12] [main/DEBUG] [ne.mi.fm.lo.mo.ModFileInfo/LOADING]: Found valid mod file whitenoise-1.20.1-forge-1.1.1.jar with {whitenoise} mods - versions {1.1.1}
[12:02:12] [main/DEBUG] [ne.mi.fm.lo.mo.ModFile/LOADING]: Loading mod file  with languages [LanguageSpec[languageName=javafml, acceptedVersions=[46,)]]
[12:02:12] [main/DEBUG] [ne.mi.fm.lo.mo.ModFileParser/LOADING]: Considering mod file candidate C:\Users\matga\.gradle\caches\forge_gradle\deobf_dependencies\curse\maven\architectury-api-419699\5137938_mapped_official_1.20.1\architectury-api-419699-5137938_mapped_official_1.20.1.jar
[12:02:12] [main/DEBUG] [ne.mi.fm.lo.mo.ModFileInfo/LOADING]: Found valid mod file architectury-api-419699-5137938_mapped_official_1.20.1.jar with {architectury} mods - versions {9.2.14}
[12:02:12] [main/DEBUG] [ne.mi.fm.lo.mo.ModFile/LOADING]: Loading mod file C:\Users\matga\.gradle\caches\forge_gradle\deobf_dependencies\curse\maven\architectury-api-419699\5137938_mapped_official_1.20.1\architectury-api-419699-5137938_mapped_official_1.20.1.jar with languages [LanguageSpec[languageName=javafml, acceptedVersions=[46,)]]
[12:02:12] [main/DEBUG] [ne.mi.fm.lo.mo.ModFileParser/LOADING]: Considering mod file candidate C:\Users\matga\.gradle\caches\forge_gradle\deobf_dependencies\mezz\jei\jei-1.20.1-forge\15.8.2.26_mapped_official_1.20.1\jei-1.20.1-forge-15.8.2.26_mapped_official_1.20.1.jar
[12:02:12] [main/DEBUG] [ne.mi.fm.lo.mo.ModFileInfo/LOADING]: Found valid mod file jei-1.20.1-forge-15.8.2.26_mapped_official_1.20.1.jar with {jei} mods - versions {15.8.2.26}
[12:02:12] [main/DEBUG] [ne.mi.fm.lo.mo.ModFile/LOADING]: Loading mod file C:\Users\matga\.gradle\caches\forge_gradle\deobf_dependencies\mezz\jei\jei-1.20.1-forge\15.8.2.26_mapped_official_1.20.1\jei-1.20.1-forge-15.8.2.26_mapped_official_1.20.1.jar with languages [LanguageSpec[languageName=javafml, acceptedVersions=[47,)]]
[12:02:12] [main/DEBUG] [ne.mi.fm.lo.mo.ModFileParser/LOADING]: Considering mod file candidate C:\Users\matga\.gradle\caches\forge_gradle\deobf_dependencies\curse\maven\lithostitched-936015\6742615_mapped_official_1.20.1\lithostitched-936015-6742615_mapped_official_1.20.1.jar
[12:02:12] [main/DEBUG] [ne.mi.fm.lo.mo.ModFileInfo/LOADING]: Found valid mod file lithostitched-936015-6742615_mapped_official_1.20.1.jar with {lithostitched} mods - versions {1.4.11}
[12:02:12] [main/DEBUG] [ne.mi.fm.lo.mo.ModFile/LOADING]: Loading mod file C:\Users\matga\.gradle\caches\forge_gradle\deobf_dependencies\curse\maven\lithostitched-936015\6742615_mapped_official_1.20.1\lithostitched-936015-6742615_mapped_official_1.20.1.jar with languages [LanguageSpec[languageName=javafml, acceptedVersions=[46,)]]
[12:02:12] [main/DEBUG] [ne.mi.fm.lo.mo.ModFileParser/LOADING]: Considering mod file candidate C:\Users\matga\.gradle\caches\forge_gradle\deobf_dependencies\curse\maven\spark-361579\4738952_mapped_official_1.20.1\spark-361579-4738952_mapped_official_1.20.1.jar
[12:02:12] [main/DEBUG] [ne.mi.fm.lo.mo.ModFileInfo/LOADING]: Found valid mod file spark-361579-4738952_mapped_official_1.20.1.jar with {spark} mods - versions {1.10.53}
[12:02:12] [main/DEBUG] [ne.mi.fm.lo.mo.ModFile/LOADING]: Loading mod file C:\Users\matga\.gradle\caches\forge_gradle\deobf_dependencies\curse\maven\spark-361579\4738952_mapped_official_1.20.1\spark-361579-4738952_mapped_official_1.20.1.jar with languages [LanguageSpec[languageName=javafml, acceptedVersions=[34,)]]
[12:02:12] [main/DEBUG] [ne.mi.fm.lo.mo.ModFileParser/LOADING]: Considering mod file candidate C:\Users\matga\.gradle\caches\forge_gradle\deobf_dependencies\curse\maven\cloth-config-348521\5729105_mapped_official_1.20.1\cloth-config-348521-5729105_mapped_official_1.20.1.jar
[12:02:12] [main/DEBUG] [ne.mi.fm.lo.mo.ModFileInfo/LOADING]: Found valid mod file cloth-config-348521-5729105_mapped_official_1.20.1.jar with {cloth_config} mods - versions {11.1.136}
[12:02:12] [main/DEBUG] [ne.mi.fm.lo.mo.ModFile/LOADING]: Loading mod file C:\Users\matga\.gradle\caches\forge_gradle\deobf_dependencies\curse\maven\cloth-config-348521\5729105_mapped_official_1.20.1\cloth-config-348521-5729105_mapped_official_1.20.1.jar with languages [LanguageSpec[languageName=javafml, acceptedVersions=[34,)]]
[12:02:12] [main/DEBUG] [ne.mi.fm.lo.mo.ModFileParser/LOADING]: Considering mod file candidate /
[12:02:12] [main/DEBUG] [ne.mi.fm.lo.mo.ModFileInfo/LOADING]: Found valid mod file  with {forge} mods - versions {47.4.20}
[12:02:12] [main/DEBUG] [ne.mi.fm.lo.mo.ModFile/LOADING]: Loading mod file / with languages [LanguageSpec[languageName=javafml, acceptedVersions=[24,]]]
[12:02:12] [main/DEBUG] [ne.mi.fm.lo.mo.ModFileParser/LOADING]: Found coremod field_to_method with Javascript path coremods/field_to_method.js
[12:02:12] [main/DEBUG] [ne.mi.fm.lo.mo.ModFileParser/LOADING]: Found coremod field_to_instanceof with Javascript path coremods/field_to_instanceof.js
[12:02:12] [main/DEBUG] [ne.mi.fm.lo.mo.ModFileParser/LOADING]: Found coremod add_bouncer_method with Javascript path coremods/add_bouncer_method.js
[12:02:12] [main/DEBUG] [ne.mi.fm.lo.mo.ModFileParser/LOADING]: Found coremod method_redirector with Javascript path coremods/method_redirector.js
[12:02:12] [main/DEBUG] [ne.mi.fm.lo.mo.ModFile/LOADING]: Found coremod coremods/field_to_method.js
[12:02:12] [main/DEBUG] [ne.mi.fm.lo.mo.ModFile/LOADING]: Found coremod coremods/field_to_instanceof.js
[12:02:12] [main/DEBUG] [ne.mi.fm.lo.mo.ModFile/LOADING]: Found coremod coremods/add_bouncer_method.js
[12:02:12] [main/DEBUG] [ne.mi.fm.lo.mo.ModFile/LOADING]: Found coremod coremods/method_redirector.js
[12:02:12] [main/DEBUG] [ne.mi.fm.lo.mo.ModFileParser/LOADING]: Considering mod file candidate C:\Users\matga\.gradle\caches\forge_gradle\deobf_dependencies\curse\maven\gabous-libs-1367332\8280104_mapped_official_1.20.1\gabous-libs-1367332-8280104_mapped_official_1.20.1.jar
[12:02:12] [main/DEBUG] [ne.mi.fm.lo.mo.ModFileInfo/LOADING]: Found valid mod file gabous-libs-1367332-8280104_mapped_official_1.20.1.jar with {gaboulibs} mods - versions {1.8.1}
[12:02:12] [main/DEBUG] [ne.mi.fm.lo.mo.ModFile/LOADING]: Loading mod file C:\Users\matga\.gradle\caches\forge_gradle\deobf_dependencies\curse\maven\gabous-libs-1367332\8280104_mapped_official_1.20.1\gabous-libs-1367332-8280104_mapped_official_1.20.1.jar with languages [LanguageSpec[languageName=javafml, acceptedVersions=[47,)]]
[12:02:12] [main/DEBUG] [ne.mi.fm.lo.mo.ModFileParser/LOADING]: Considering mod file candidate C:\Users\matga\.gradle\caches\forge_gradle\deobf_dependencies\curse\maven\chloride-931925\6615986_mapped_official_1.20.1\chloride-931925-6615986_mapped_official_1.20.1.jar
[12:02:12] [main/DEBUG] [ne.mi.fm.lo.mo.ModFileInfo/LOADING]: Found valid mod file chloride-931925-6615986_mapped_official_1.20.1.jar with {chloride} mods - versions {1.7.2}
[12:02:12] [main/DEBUG] [ne.mi.fm.lo.mo.ModFile/LOADING]: Loading mod file C:\Users\matga\.gradle\caches\forge_gradle\deobf_dependencies\curse\maven\chloride-931925\6615986_mapped_official_1.20.1\chloride-931925-6615986_mapped_official_1.20.1.jar with languages [LanguageSpec[languageName=javafml, acceptedVersions=[47,48)]]
[12:02:12] [main/DEBUG] [ne.mi.fm.lo.mo.ModFileParser/LOADING]: Considering mod file candidate C:\Users\matga\.gradle\caches\forge_gradle\deobf_dependencies\curse\maven\embeddium-908741\5681725_mapped_official_1.20.1\embeddium-908741-5681725_mapped_official_1.20.1.jar
[12:02:12] [main/DEBUG] [ne.mi.fm.lo.mo.ModFileInfo/LOADING]: Found valid mod file embeddium-908741-5681725_mapped_official_1.20.1.jar with {embeddium,rubidium} mods - versions {0.3.31+mc1.20.1,0.7.1}
[12:02:12] [main/DEBUG] [ne.mi.fm.lo.mo.ModFile/LOADING]: Loading mod file C:\Users\matga\.gradle\caches\forge_gradle\deobf_dependencies\curse\maven\embeddium-908741\5681725_mapped_official_1.20.1\embeddium-908741-5681725_mapped_official_1.20.1.jar with languages [LanguageSpec[languageName=javafml, acceptedVersions=[47,)]]
[12:02:12] [main/DEBUG] [ne.mi.fm.lo.mo.ModFileParser/LOADING]: Considering mod file candidate G:\Project-Atmosphere\build\resources\main
[12:02:12] [main/DEBUG] [ne.mi.fm.lo.mo.ModFileInfo/LOADING]: Found valid mod file main with {projectatmosphere} mods - versions {0.9.1.1-alpha}
[12:02:12] [main/DEBUG] [ne.mi.fm.lo.mo.ModFile/LOADING]: Loading mod file G:\Project-Atmosphere\build\resources\main with languages [LanguageSpec[languageName=javafml, acceptedVersions=[47,)]]
[12:02:12] [main/DEBUG] [ne.mi.fm.lo.mo.ModFileParser/LOADING]: Considering mod file candidate G:\Project-Atmosphere\libs\tectonic-3.0.17-forge-1.20.1-dev.jar
[12:02:12] [main/DEBUG] [ne.mi.fm.lo.mo.ModFileInfo/LOADING]: Found valid mod file tectonic-3.0.17-forge-1.20.1-dev.jar with {tectonic} mods - versions {3.0.17}
[12:02:12] [main/DEBUG] [ne.mi.fm.lo.mo.ModFile/LOADING]: Loading mod file G:\Project-Atmosphere\libs\tectonic-3.0.17-forge-1.20.1-dev.jar with languages [LanguageSpec[languageName=javafml, acceptedVersions=[47,)]]
[12:02:12] [main/DEBUG] [ne.mi.fm.lo.mo.ModFileParser/LOADING]: Considering mod file candidate C:\Users\matga\.gradle\caches\forge_gradle\deobf_dependencies\curse\maven\serene-seasons-plus-1288843\8244461_mapped_official_1.20.1\serene-seasons-plus-1288843-8244461_mapped_official_1.20.1.jar
[12:02:12] [main/DEBUG] [ne.mi.fm.lo.mo.ModFileInfo/LOADING]: Found valid mod file serene-seasons-plus-1288843-8244461_mapped_official_1.20.1.jar with {sereneseasonsplus} mods - versions {5.1.2}
[12:02:12] [main/DEBUG] [ne.mi.fm.lo.mo.ModFile/LOADING]: Loading mod file C:\Users\matga\.gradle\caches\forge_gradle\deobf_dependencies\curse\maven\serene-seasons-plus-1288843\8244461_mapped_official_1.20.1\serene-seasons-plus-1288843-8244461_mapped_official_1.20.1.jar with languages [LanguageSpec[languageName=javafml, acceptedVersions=[47,)]]
[12:02:12] [main/DEBUG] [ne.mi.fm.lo.mo.ModFileParser/LOADING]: Considering mod file candidate 
[12:02:12] [main/DEBUG] [ne.mi.fm.lo.mo.ModFileInfo/LOADING]: Found valid mod file mixinextras-forge-0.3.5.jar with {mixinextras} mods - versions {0.3.5}
[12:02:12] [main/DEBUG] [ne.mi.fm.lo.mo.ModFile/LOADING]: Loading mod file  with languages [LanguageSpec[languageName=javafml, acceptedVersions=*]]
[12:02:12] [main/DEBUG] [ne.mi.fm.lo.mo.ModFile/LOADING]: Loading mod file  with languages []
[12:02:12] [main/DEBUG] [ne.mi.fm.lo.mo.ModFile/LOADING]: Loading mod file C:\Users\matga\.gradle\caches\forge_gradle\deobf_dependencies\nonamecrackers2\simplecloudsapi-forge\1.4-1.20.1_mapped_official_1.20.1\simplecloudsapi-forge-1.4-1.20.1_mapped_official_1.20.1.jar with languages []
[12:02:12] [main/DEBUG] [ne.mi.fm.lo.mo.ModFileParser/LOADING]: Considering mod file candidate 
[12:02:12] [main/DEBUG] [ne.mi.fm.lo.mo.ModFileInfo/LOADING]: Found valid mod file mixinextras-forge-0.3.5.jar with {mixinextras} mods - versions {0.3.5}
[12:02:12] [main/DEBUG] [ne.mi.fm.lo.mo.ModFile/LOADING]: Loading mod file  with languages [LanguageSpec[languageName=javafml, acceptedVersions=*]]
[12:02:12] [main/DEBUG] [ne.mi.fm.lo.mo.ModFile/LOADING]: Loading mod file  with languages []
[12:02:12] [main/DEBUG] [ne.mi.fm.lo.mo.ModFile/LOADING]: Loading mod file C:\Users\matga\.gradle\caches\forge_gradle\deobf_dependencies\nonamecrackers2\simplecloudsapi-forge\1.4-1.20.1_mapped_official_1.20.1\simplecloudsapi-forge-1.4-1.20.1_mapped_official_1.20.1.jar with languages []
[12:02:12] [main/DEBUG] [cp.mo.mo.TransformationServiceDecorator/MODLAUNCHER]: End scan trigger - transformation service fml
[12:02:12] [main/DEBUG] [ne.mi.fm.lo.LanguageLoadingProvider/CORE]: Found 3 language providers
[12:02:12] [main/DEBUG] [ne.mi.fm.lo.LanguageLoadingProvider/CORE]: Found language provider minecraft, version 1.0
[12:02:12] [main/DEBUG] [ne.mi.fm.lo.LanguageLoadingProvider/CORE]: Found language provider lowcodefml, version 47
[12:02:12] [main/DEBUG] [ne.mi.fm.lo.LanguageLoadingProvider/CORE]: Found language provider javafml, version 47
[12:02:12] [main/DEBUG] [ne.mi.fm.lo.UniqueModListBuilder/]: Found 2 mods for first modid mixinextras, selecting most recent based on version data
[12:02:12] [main/DEBUG] [ne.mi.fm.lo.UniqueModListBuilder/]: Selected file mixinextras-forge-0.3.5.jar for modid mixinextras with version 0.3.5
[12:02:12] [main/DEBUG] [ne.mi.fm.lo.UniqueModListBuilder/]: Found 2 mods for first modid MixinExtras, selecting most recent based on version data
[12:02:12] [main/DEBUG] [ne.mi.fm.lo.UniqueModListBuilder/]: Selected file MixinExtras-0.3.5.jar for modid MixinExtras with version 0.0NONE
[12:02:12] [main/DEBUG] [ne.mi.fm.lo.UniqueModListBuilder/]: Found 2 mods for first modid simplecloudsapi.forge, selecting most recent based on version data
[12:02:12] [main/DEBUG] [ne.mi.fm.lo.UniqueModListBuilder/]: Selected file simplecloudsapi-forge-1.4-1.20.1_mapped_official_1.20.1.jar for modid simplecloudsapi.forge with version 1.4-1.20.1
[12:02:12] [main/DEBUG] [ne.mi.fm.lo.ModSorter/]: Configured system mods: [minecraft, forge]
[12:02:12] [main/DEBUG] [ne.mi.fm.lo.ModSorter/]: Found system mod: minecraft
[12:02:12] [main/DEBUG] [ne.mi.fm.lo.ModSorter/]: Found system mod: forge
[12:02:12] [main/DEBUG] [ne.mi.fm.lo.ModSorter/LOADING]: Found 44 mod requirements (34 mandatory, 10 optional)
[12:02:12] [main/DEBUG] [ne.mi.fm.lo.ModSorter/LOADING]: Found 0 mod requirements missing (0 mandatory, 0 optional)
[12:02:12] [main/DEBUG] [ne.mi.fm.lo.MCPNamingService/CORE]: Loaded 33222 method mappings from methods.csv
[12:02:12] [main/DEBUG] [ne.mi.fm.lo.MCPNamingService/CORE]: Loaded 31003 field mappings from fields.csv
[12:02:12] [main/DEBUG] [cp.mo.mo.TransformationServicesHandler/MODLAUNCHER]: Transformation services loading transformers
[12:02:12] [main/DEBUG] [cp.mo.mo.TransformationServiceDecorator/MODLAUNCHER]: Initializing transformers for transformation service mixin
[12:02:12] [main/DEBUG] [cp.mo.mo.TransformationServiceDecorator/MODLAUNCHER]: Initialized transformers for transformation service mixin
[12:02:12] [main/DEBUG] [cp.mo.mo.TransformationServiceDecorator/MODLAUNCHER]: Initializing transformers for transformation service fml
[12:02:12] [main/DEBUG] [ne.mi.fm.lo.FMLServiceProvider/CORE]: Loading coremod transformers
[12:02:12] [main/DEBUG] [ne.mi.co.CoreModEngine/COREMOD]: Loading CoreMod from coremods/field_to_method.js
[12:02:13] [main/DEBUG] [ne.mi.co.CoreModEngine/COREMOD]: CoreMod loaded successfully
[12:02:13] [main/DEBUG] [ne.mi.co.CoreModEngine/COREMOD]: Loading CoreMod from coremods/field_to_instanceof.js
[12:02:13] [main/DEBUG] [ne.mi.co.CoreModEngine/COREMOD]: CoreMod loaded successfully
[12:02:13] [main/DEBUG] [ne.mi.co.CoreModEngine/COREMOD]: Loading CoreMod from coremods/add_bouncer_method.js
[12:02:13] [main/DEBUG] [ne.mi.co.CoreModEngine/COREMOD]: CoreMod loaded successfully
[12:02:13] [main/DEBUG] [ne.mi.co.CoreModEngine/COREMOD]: Loading CoreMod from coremods/method_redirector.js
[12:02:13] [main/DEBUG] [ne.mi.co.CoreModEngine/COREMOD]: CoreMod loaded successfully
[12:02:13] [main/DEBUG] [cp.mo.mo.TransformStore/MODLAUNCHER]: Adding transformer net.minecraftforge.coremod.transformer.CoreModClassTransformer@11d045b4 to Target : CLASS {Lnet/minecraft/world/level/biome/Biome;} {} {V}
[12:02:13] [main/DEBUG] [cp.mo.mo.TransformStore/MODLAUNCHER]: Adding transformer net.minecraftforge.coremod.transformer.CoreModClassTransformer@70f68288 to Target : CLASS {Lnet/minecraft/world/level/levelgen/structure/Structure;} {} {V}
[12:02:13] [main/DEBUG] [cp.mo.mo.TransformStore/MODLAUNCHER]: Adding transformer net.minecraftforge.coremod.transformer.CoreModClassTransformer@46911148 to Target : CLASS {Lnet/minecraft/world/effect/MobEffectInstance;} {} {V}
[12:02:13] [main/DEBUG] [cp.mo.mo.TransformStore/MODLAUNCHER]: Adding transformer net.minecraftforge.coremod.transformer.CoreModClassTransformer@2db1b657 to Target : CLASS {Lnet/minecraft/world/level/block/LiquidBlock;} {} {V}
[12:02:13] [main/DEBUG] [cp.mo.mo.TransformStore/MODLAUNCHER]: Adding transformer net.minecraftforge.coremod.transformer.CoreModClassTransformer@7e351d7 to Target : CLASS {Lnet/minecraft/world/item/BucketItem;} {} {V}
[12:02:13] [main/DEBUG] [cp.mo.mo.TransformStore/MODLAUNCHER]: Adding transformer net.minecraftforge.coremod.transformer.CoreModClassTransformer@43c57161 to Target : CLASS {Lnet/minecraft/world/level/block/StairBlock;} {} {V}
[12:02:13] [main/DEBUG] [cp.mo.mo.TransformStore/MODLAUNCHER]: Adding transformer net.minecraftforge.coremod.transformer.CoreModClassTransformer@d902300 to Target : CLASS {Lnet/minecraft/world/level/block/FlowerPotBlock;} {} {V}
[12:02:13] [main/DEBUG] [cp.mo.mo.TransformStore/MODLAUNCHER]: Adding transformer net.minecraftforge.coremod.transformer.CoreModClassTransformer@2db33feb to Target : CLASS {Lnet/minecraft/world/item/ItemStack;} {} {V}
[12:02:13] [main/DEBUG] [cp.mo.mo.TransformStore/MODLAUNCHER]: Adding transformer net.minecraftforge.coremod.transformer.CoreModClassTransformer@30c3ae63 to Target : CLASS {Lnet/minecraft/network/play/client/CClientSettingsPacket;} {} {V}
[12:02:13] [main/DEBUG] [cp.mo.mo.TransformStore/MODLAUNCHER]: Adding transformer net.minecraftforge.coremod.transformer.CoreModClassTransformer@58658f63 to Target : CLASS {Lnet/minecraft/world/level/NaturalSpawner;} {} {V}
[12:02:13] [main/DEBUG] [cp.mo.mo.TransformStore/MODLAUNCHER]: Adding transformer net.minecraftforge.coremod.transformer.CoreModClassTransformer@58658f63 to Target : CLASS {Lnet/minecraft/world/entity/raid/Raid;} {} {V}
[12:02:13] [main/DEBUG] [cp.mo.mo.TransformStore/MODLAUNCHER]: Adding transformer net.minecraftforge.coremod.transformer.CoreModClassTransformer@58658f63 to Target : CLASS {Lnet/minecraft/world/level/levelgen/PhantomSpawner;} {} {V}
[12:02:13] [main/DEBUG] [cp.mo.mo.TransformStore/MODLAUNCHER]: Adding transformer net.minecraftforge.coremod.transformer.CoreModClassTransformer@58658f63 to Target : CLASS {Lnet/minecraft/server/commands/RaidCommand;} {} {V}
[12:02:13] [main/DEBUG] [cp.mo.mo.TransformStore/MODLAUNCHER]: Adding transformer net.minecraftforge.coremod.transformer.CoreModClassTransformer@58658f63 to Target : CLASS {Lnet/minecraft/world/entity/animal/horse/SkeletonTrapGoal;} {} {V}
[12:02:13] [main/DEBUG] [cp.mo.mo.TransformStore/MODLAUNCHER]: Adding transformer net.minecraftforge.coremod.transformer.CoreModClassTransformer@58658f63 to Target : CLASS {Lnet/minecraft/world/entity/npc/Villager;} {} {V}
[12:02:13] [main/DEBUG] [cp.mo.mo.TransformStore/MODLAUNCHER]: Adding transformer net.minecraftforge.coremod.transformer.CoreModClassTransformer@58658f63 to Target : CLASS {Lnet/minecraft/world/level/levelgen/PatrolSpawner;} {} {V}
[12:02:13] [main/DEBUG] [cp.mo.mo.TransformStore/MODLAUNCHER]: Adding transformer net.minecraftforge.coremod.transformer.CoreModClassTransformer@58658f63 to Target : CLASS {Lnet/minecraft/world/level/levelgen/structure/structures/OceanMonumentPieces$OceanMonumentPiece;} {} {V}
[12:02:13] [main/DEBUG] [cp.mo.mo.TransformStore/MODLAUNCHER]: Adding transformer net.minecraftforge.coremod.transformer.CoreModClassTransformer@58658f63 to Target : CLASS {Lnet/minecraft/world/entity/npc/CatSpawner;} {} {V}
[12:02:13] [main/DEBUG] [cp.mo.mo.TransformStore/MODLAUNCHER]: Adding transformer net.minecraftforge.coremod.transformer.CoreModClassTransformer@58658f63 to Target : CLASS {Lnet/minecraft/world/entity/monster/Evoker$EvokerSummonSpellGoal;} {} {V}
[12:02:13] [main/DEBUG] [cp.mo.mo.TransformStore/MODLAUNCHER]: Adding transformer net.minecraftforge.coremod.transformer.CoreModClassTransformer@58658f63 to Target : CLASS {Lnet/minecraft/world/entity/monster/Zombie;} {} {V}
[12:02:13] [main/DEBUG] [cp.mo.mo.TransformStore/MODLAUNCHER]: Adding transformer net.minecraftforge.coremod.transformer.CoreModClassTransformer@58658f63 to Target : CLASS {Lnet/minecraft/world/entity/EntityType;} {} {V}
[12:02:13] [main/DEBUG] [cp.mo.mo.TransformStore/MODLAUNCHER]: Adding transformer net.minecraftforge.coremod.transformer.CoreModClassTransformer@58658f63 to Target : CLASS {Lnet/minecraft/world/level/levelgen/structure/structures/OceanRuinPieces$OceanRuinPiece;} {} {V}
[12:02:13] [main/DEBUG] [cp.mo.mo.TransformStore/MODLAUNCHER]: Adding transformer net.minecraftforge.coremod.transformer.CoreModClassTransformer@58658f63 to Target : CLASS {Lnet/minecraft/world/level/levelgen/structure/structures/SwampHutPiece;} {} {V}
[12:02:13] [main/DEBUG] [cp.mo.mo.TransformStore/MODLAUNCHER]: Adding transformer net.minecraftforge.coremod.transformer.CoreModClassTransformer@58658f63 to Target : CLASS {Lnet/minecraft/world/entity/monster/Spider;} {} {V}
[12:02:13] [main/DEBUG] [cp.mo.mo.TransformStore/MODLAUNCHER]: Adding transformer net.minecraftforge.coremod.transformer.CoreModClassTransformer@58658f63 to Target : CLASS {Lnet/minecraft/server/commands/SummonCommand;} {} {V}
[12:02:13] [main/DEBUG] [cp.mo.mo.TransformStore/MODLAUNCHER]: Adding transformer net.minecraftforge.coremod.transformer.CoreModClassTransformer@58658f63 to Target : CLASS {Lnet/minecraft/world/entity/monster/ZombieVillager;} {} {V}
[12:02:13] [main/DEBUG] [cp.mo.mo.TransformStore/MODLAUNCHER]: Adding transformer net.minecraftforge.coremod.transformer.CoreModClassTransformer@58658f63 to Target : CLASS {Lnet/minecraft/world/level/levelgen/structure/structures/WoodlandMansionPieces$WoodlandMansionPiece;} {} {V}
[12:02:13] [main/DEBUG] [cp.mo.mo.TransformStore/MODLAUNCHER]: Adding transformer net.minecraftforge.coremod.transformer.CoreModClassTransformer@58658f63 to Target : CLASS {Lnet/minecraft/world/entity/animal/frog/Tadpole;} {} {V}
[12:02:13] [main/DEBUG] [cp.mo.mo.TransformStore/MODLAUNCHER]: Adding transformer net.minecraftforge.coremod.transformer.CoreModClassTransformer@58658f63 to Target : CLASS {Lnet/minecraft/world/entity/ai/village/VillageSiege;} {} {V}
[12:02:13] [main/DEBUG] [cp.mo.mo.TransformStore/MODLAUNCHER]: Adding transformer net.minecraftforge.coremod.transformer.CoreModClassTransformer@58658f63 to Target : CLASS {Lnet/minecraft/world/entity/monster/Strider;} {} {V}
[12:02:13] [main/DEBUG] [cp.mo.mo.TransformStore/MODLAUNCHER]: Adding transformer net.minecraftforge.coremod.transformer.CoreModClassTransformer@58658f63 to Target : CLASS {Lnet/minecraft/world/level/levelgen/structure/templatesystem/StructureTemplate;} {} {V}
[12:02:13] [main/DEBUG] [cp.mo.mo.TransformationServiceDecorator/MODLAUNCHER]: Initialized transformers for transformation service fml
[12:02:13] [main/DEBUG] [mixin/]: Processing prepare() for PlatformAgent[MixinPlatformAgentDefault:ModLauncher Root Container(ModLauncher:4f56a0a2)]
[12:02:13] [main/DEBUG] [mixin/]: Registering mixin config: projectatmosphere.mixins.json
[12:02:13] [main/DEBUG] [mixin/]: Compatibility level JAVA_17 specified by projectatmosphere.mixins.json is higher than the maximum level supported by this version of mixin (JAVA_13).
[12:02:13] [main/INFO] [mixin/]: Compatibility level set to JAVA_17
[12:02:13] [main/ERROR] [mixin/]: Mixin config projectatmosphere.mixins.json does not specify "minVersion" property
[12:02:13] [main/DEBUG] [mixin/]: Processing launch tasks for PlatformAgent[MixinPlatformAgentDefault:ModLauncher Root Container(ModLauncher:4f56a0a2)]
[12:02:13] [main/DEBUG] [mixin/]: Adding mixin platform agents for container SecureJarResource(betterdays)
[12:02:13] [main/DEBUG] [mixin/]: Instancing new MixinPlatformAgentMinecraftForge for SecureJarResource(betterdays)
[12:02:13] [main/DEBUG] [mixin/]: MixinPlatformAgentMinecraftForge rejected container SecureJarResource(betterdays)
[12:02:13] [main/DEBUG] [mixin/]: Instancing new MixinPlatformAgentDefault for SecureJarResource(betterdays)
[12:02:13] [main/DEBUG] [mixin/]: MixinPlatformAgentDefault accepted container SecureJarResource(betterdays)
[12:02:13] [main/DEBUG] [mixin/]: Processing prepare() for PlatformAgent[MixinPlatformAgentDefault:SecureJarResource(betterdays)]
[12:02:13] [main/DEBUG] [mixin/]: Adding mixin platform agents for container SecureJarResource(minecraft)
[12:02:13] [main/DEBUG] [mixin/]: Instancing new MixinPlatformAgentMinecraftForge for SecureJarResource(minecraft)
[12:02:13] [main/DEBUG] [mixin/]: MixinPlatformAgentMinecraftForge rejected container SecureJarResource(minecraft)
[12:02:13] [main/DEBUG] [mixin/]: Instancing new MixinPlatformAgentDefault for SecureJarResource(minecraft)
[12:02:13] [main/DEBUG] [mixin/]: MixinPlatformAgentDefault accepted container SecureJarResource(minecraft)
[12:02:13] [main/DEBUG] [mixin/]: Processing prepare() for PlatformAgent[MixinPlatformAgentDefault:SecureJarResource(minecraft)]
[12:02:13] [main/DEBUG] [mixin/]: Adding mixin platform agents for container SecureJarResource(crackerslib)
[12:02:13] [main/DEBUG] [mixin/]: Instancing new MixinPlatformAgentMinecraftForge for SecureJarResource(crackerslib)
[12:02:13] [main/DEBUG] [mixin/]: MixinPlatformAgentMinecraftForge rejected container SecureJarResource(crackerslib)
[12:02:13] [main/DEBUG] [mixin/]: Instancing new MixinPlatformAgentDefault for SecureJarResource(crackerslib)
[12:02:13] [main/DEBUG] [mixin/]: MixinPlatformAgentDefault accepted container SecureJarResource(crackerslib)
[12:02:13] [main/DEBUG] [mixin/]: Processing prepare() for PlatformAgent[MixinPlatformAgentDefault:SecureJarResource(crackerslib)]
[12:02:13] [main/DEBUG] [mixin/]: Registering mixin config: crackerslib.mixins.json
[12:02:13] [main/DEBUG] [mixin/]: Adding mixin platform agents for container SecureJarResource(mixinextras)
[12:02:13] [main/DEBUG] [mixin/]: Instancing new MixinPlatformAgentMinecraftForge for SecureJarResource(mixinextras)
[12:02:13] [main/DEBUG] [mixin/]: MixinPlatformAgentMinecraftForge rejected container SecureJarResource(mixinextras)
[12:02:13] [main/DEBUG] [mixin/]: Instancing new MixinPlatformAgentDefault for SecureJarResource(mixinextras)
[12:02:13] [main/DEBUG] [mixin/]: MixinPlatformAgentDefault accepted container SecureJarResource(mixinextras)
[12:02:13] [main/DEBUG] [mixin/]: Processing prepare() for PlatformAgent[MixinPlatformAgentDefault:SecureJarResource(mixinextras)]
[12:02:13] [main/DEBUG] [mixin/]: Registering mixin config: mixinextras.init.mixins.json
[12:02:13] [main/DEBUG] [mixin/]: Adding mixin platform agents for container SecureJarResource(coolrain)
[12:02:13] [main/DEBUG] [mixin/]: Instancing new MixinPlatformAgentMinecraftForge for SecureJarResource(coolrain)
[12:02:13] [main/DEBUG] [mixin/]: MixinPlatformAgentMinecraftForge rejected container SecureJarResource(coolrain)
[12:02:13] [main/DEBUG] [mixin/]: Instancing new MixinPlatformAgentDefault for SecureJarResource(coolrain)
[12:02:13] [main/DEBUG] [mixin/]: MixinPlatformAgentDefault accepted container SecureJarResource(coolrain)
[12:02:13] [main/DEBUG] [mixin/]: Processing prepare() for PlatformAgent[MixinPlatformAgentDefault:SecureJarResource(coolrain)]
[12:02:13] [main/DEBUG] [mixin/]: Registering mixin config: coolrain.mixins.json
[12:02:13] [main/DEBUG] [mixin/]: Adding mixin platform agents for container SecureJarResource(glitchcore)
[12:02:13] [main/DEBUG] [mixin/]: Instancing new MixinPlatformAgentMinecraftForge for SecureJarResource(glitchcore)
[12:02:13] [main/DEBUG] [mixin/]: MixinPlatformAgentMinecraftForge rejected container SecureJarResource(glitchcore)
[12:02:13] [main/DEBUG] [mixin/]: Instancing new MixinPlatformAgentDefault for SecureJarResource(glitchcore)
[12:02:13] [main/DEBUG] [mixin/]: MixinPlatformAgentDefault accepted container SecureJarResource(glitchcore)
[12:02:13] [main/DEBUG] [mixin/]: Processing prepare() for PlatformAgent[MixinPlatformAgentDefault:SecureJarResource(glitchcore)]
[12:02:13] [main/DEBUG] [mixin/]: Registering mixin config: glitchcore.mixins.json
[12:02:13] [main/DEBUG] [mixin/]: Registering mixin config: glitchcore.forge.mixins.json
[12:02:13] [main/DEBUG] [mixin/]: Adding mixin platform agents for container SecureJarResource(sereneseasons)
[12:02:13] [main/DEBUG] [mixin/]: Instancing new MixinPlatformAgentMinecraftForge for SecureJarResource(sereneseasons)
[12:02:13] [main/DEBUG] [mixin/]: MixinPlatformAgentMinecraftForge rejected container SecureJarResource(sereneseasons)
[12:02:13] [main/DEBUG] [mixin/]: Instancing new MixinPlatformAgentDefault for SecureJarResource(sereneseasons)
[12:02:13] [main/DEBUG] [mixin/]: MixinPlatformAgentDefault accepted container SecureJarResource(sereneseasons)
[12:02:13] [main/DEBUG] [mixin/]: Processing prepare() for PlatformAgent[MixinPlatformAgentDefault:SecureJarResource(sereneseasons)]
[12:02:13] [main/DEBUG] [mixin/]: Registering mixin config: sereneseasons.mixins.json
[12:02:13] [main/DEBUG] [mixin/]: Registering mixin config: sereneseasons.forge.mixins.json
[12:02:13] [main/DEBUG] [mixin/]: Adding mixin platform agents for container SecureJarResource(jade)
[12:02:13] [main/DEBUG] [mixin/]: Instancing new MixinPlatformAgentMinecraftForge for SecureJarResource(jade)
[12:02:13] [main/DEBUG] [mixin/]: MixinPlatformAgentMinecraftForge rejected container SecureJarResource(jade)
[12:02:13] [main/DEBUG] [mixin/]: Instancing new MixinPlatformAgentDefault for SecureJarResource(jade)
[12:02:13] [main/DEBUG] [mixin/]: MixinPlatformAgentDefault accepted container SecureJarResource(jade)
[12:02:13] [main/DEBUG] [mixin/]: Processing prepare() for PlatformAgent[MixinPlatformAgentDefault:SecureJarResource(jade)]
[12:02:13] [main/DEBUG] [mixin/]: Registering mixin config: jade.mixins.json
[12:02:13] [main/DEBUG] [mixin/]: Compatibility level JAVA_16 specified by jade.mixins.json is higher than the maximum level supported by this version of mixin (JAVA_13).
[12:02:13] [main/DEBUG] [mixin/]: Adding mixin platform agents for container SecureJarResource(architectury)
[12:02:13] [main/DEBUG] [mixin/]: Instancing new MixinPlatformAgentMinecraftForge for SecureJarResource(architectury)
[12:02:13] [main/DEBUG] [mixin/]: MixinPlatformAgentMinecraftForge rejected container SecureJarResource(architectury)
[12:02:13] [main/DEBUG] [mixin/]: Instancing new MixinPlatformAgentDefault for SecureJarResource(architectury)
[12:02:13] [main/DEBUG] [mixin/]: MixinPlatformAgentDefault accepted container SecureJarResource(architectury)
[12:02:13] [main/DEBUG] [mixin/]: Processing prepare() for PlatformAgent[MixinPlatformAgentDefault:SecureJarResource(architectury)]
[12:02:13] [main/DEBUG] [mixin/]: Registering mixin config: architectury.mixins.json
[12:02:13] [main/DEBUG] [mixin/]: Compatibility level JAVA_16 specified by architectury.mixins.json is higher than the maximum level supported by this version of mixin (JAVA_13).
[12:02:13] [main/DEBUG] [mixin/]: Registering mixin config: architectury-common.mixins.json
[12:02:13] [main/DEBUG] [mixin/]: Compatibility level JAVA_16 specified by architectury-common.mixins.json is higher than the maximum level supported by this version of mixin (JAVA_13).
[12:02:13] [main/DEBUG] [mixin/]: Adding mixin platform agents for container SecureJarResource(whitenoise)
[12:02:13] [main/DEBUG] [mixin/]: Instancing new MixinPlatformAgentMinecraftForge for SecureJarResource(whitenoise)
[12:02:13] [main/DEBUG] [mixin/]: MixinPlatformAgentMinecraftForge rejected container SecureJarResource(whitenoise)
[12:02:13] [main/DEBUG] [mixin/]: Instancing new MixinPlatformAgentDefault for SecureJarResource(whitenoise)
[12:02:13] [main/DEBUG] [mixin/]: MixinPlatformAgentDefault accepted container SecureJarResource(whitenoise)
[12:02:13] [main/DEBUG] [mixin/]: Processing prepare() for PlatformAgent[MixinPlatformAgentDefault:SecureJarResource(whitenoise)]
[12:02:13] [main/DEBUG] [mixin/]: Adding mixin platform agents for container SecureJarResource(jei)
[12:02:13] [main/DEBUG] [mixin/]: Instancing new MixinPlatformAgentMinecraftForge for SecureJarResource(jei)
[12:02:13] [main/DEBUG] [mixin/]: MixinPlatformAgentMinecraftForge rejected container SecureJarResource(jei)
[12:02:13] [main/DEBUG] [mixin/]: Instancing new MixinPlatformAgentDefault for SecureJarResource(jei)
[12:02:13] [main/DEBUG] [mixin/]: MixinPlatformAgentDefault accepted container SecureJarResource(jei)
[12:02:13] [main/DEBUG] [mixin/]: Processing prepare() for PlatformAgent[MixinPlatformAgentDefault:SecureJarResource(jei)]
[12:02:13] [main/DEBUG] [mixin/]: Adding mixin platform agents for container SecureJarResource(lithostitched)
[12:02:13] [main/DEBUG] [mixin/]: Instancing new MixinPlatformAgentMinecraftForge for SecureJarResource(lithostitched)
[12:02:13] [main/DEBUG] [mixin/]: MixinPlatformAgentMinecraftForge rejected container SecureJarResource(lithostitched)
[12:02:13] [main/DEBUG] [mixin/]: Instancing new MixinPlatformAgentDefault for SecureJarResource(lithostitched)
[12:02:13] [main/DEBUG] [mixin/]: MixinPlatformAgentDefault accepted container SecureJarResource(lithostitched)
[12:02:13] [main/DEBUG] [mixin/]: Processing prepare() for PlatformAgent[MixinPlatformAgentDefault:SecureJarResource(lithostitched)]
[12:02:13] [main/DEBUG] [mixin/]: Registering mixin config: lithostitched.mixins.json
[12:02:13] [main/DEBUG] [mixin/]: Registering mixin config: lithostitched.forge.mixins.json
[12:02:13] [main/DEBUG] [mixin/]: Adding mixin platform agents for container SecureJarResource(cloth_config)
[12:02:13] [main/DEBUG] [mixin/]: Instancing new MixinPlatformAgentMinecraftForge for SecureJarResource(cloth_config)
[12:02:13] [main/DEBUG] [mixin/]: MixinPlatformAgentMinecraftForge rejected container SecureJarResource(cloth_config)
[12:02:13] [main/DEBUG] [mixin/]: Instancing new MixinPlatformAgentDefault for SecureJarResource(cloth_config)
[12:02:13] [main/DEBUG] [mixin/]: MixinPlatformAgentDefault accepted container SecureJarResource(cloth_config)
[12:02:13] [main/DEBUG] [mixin/]: Processing prepare() for PlatformAgent[MixinPlatformAgentDefault:SecureJarResource(cloth_config)]
[12:02:13] [main/DEBUG] [mixin/]: Adding mixin platform agents for container SecureJarResource(spark)
[12:02:13] [main/DEBUG] [mixin/]: Instancing new MixinPlatformAgentMinecraftForge for SecureJarResource(spark)
[12:02:13] [main/DEBUG] [mixin/]: MixinPlatformAgentMinecraftForge rejected container SecureJarResource(spark)
[12:02:13] [main/DEBUG] [mixin/]: Instancing new MixinPlatformAgentDefault for SecureJarResource(spark)
[12:02:13] [main/DEBUG] [mixin/]: MixinPlatformAgentDefault accepted container SecureJarResource(spark)
[12:02:13] [main/DEBUG] [mixin/]: Processing prepare() for PlatformAgent[MixinPlatformAgentDefault:SecureJarResource(spark)]
[12:02:13] [main/DEBUG] [mixin/]: Adding mixin platform agents for container SecureJarResource(gaboulibs)
[12:02:13] [main/DEBUG] [mixin/]: Instancing new MixinPlatformAgentMinecraftForge for SecureJarResource(gaboulibs)
[12:02:13] [main/DEBUG] [mixin/]: MixinPlatformAgentMinecraftForge rejected container SecureJarResource(gaboulibs)
[12:02:13] [main/DEBUG] [mixin/]: Instancing new MixinPlatformAgentDefault for SecureJarResource(gaboulibs)
[12:02:13] [main/DEBUG] [mixin/]: MixinPlatformAgentDefault accepted container SecureJarResource(gaboulibs)
[12:02:13] [main/DEBUG] [mixin/]: Processing prepare() for PlatformAgent[MixinPlatformAgentDefault:SecureJarResource(gaboulibs)]
[12:02:13] [main/DEBUG] [mixin/]: Registering mixin config: gaboulibs.mixins.json
[12:02:13] [main/DEBUG] [mixin/]: Adding mixin platform agents for container SecureJarResource(forge)
[12:02:13] [main/DEBUG] [mixin/]: Instancing new MixinPlatformAgentMinecraftForge for SecureJarResource(forge)
[12:02:13] [main/DEBUG] [mixin/]: MixinPlatformAgentMinecraftForge rejected container SecureJarResource(forge)
[12:02:13] [main/DEBUG] [mixin/]: Instancing new MixinPlatformAgentDefault for SecureJarResource(forge)
[12:02:13] [main/DEBUG] [mixin/]: MixinPlatformAgentDefault accepted container SecureJarResource(forge)
[12:02:13] [main/DEBUG] [mixin/]: Processing prepare() for PlatformAgent[MixinPlatformAgentDefault:SecureJarResource(forge)]
[12:02:13] [main/DEBUG] [mixin/]: Adding mixin platform agents for container SecureJarResource(embeddium)
[12:02:13] [main/DEBUG] [mixin/]: Instancing new MixinPlatformAgentMinecraftForge for SecureJarResource(embeddium)
[12:02:13] [main/DEBUG] [mixin/]: MixinPlatformAgentMinecraftForge rejected container SecureJarResource(embeddium)
[12:02:13] [main/DEBUG] [mixin/]: Instancing new MixinPlatformAgentDefault for SecureJarResource(embeddium)
[12:02:13] [main/DEBUG] [mixin/]: MixinPlatformAgentDefault accepted container SecureJarResource(embeddium)
[12:02:13] [main/DEBUG] [mixin/]: Processing prepare() for PlatformAgent[MixinPlatformAgentDefault:SecureJarResource(embeddium)]
[12:02:13] [main/DEBUG] [mixin/]: Registering mixin config: embeddium.mixins.json
[12:02:13] [main/DEBUG] [mixin/]: Adding mixin platform agents for container SecureJarResource(chloride)
[12:02:13] [main/DEBUG] [mixin/]: Instancing new MixinPlatformAgentMinecraftForge for SecureJarResource(chloride)
[12:02:13] [main/DEBUG] [mixin/]: MixinPlatformAgentMinecraftForge rejected container SecureJarResource(chloride)
[12:02:13] [main/DEBUG] [mixin/]: Instancing new MixinPlatformAgentDefault for SecureJarResource(chloride)
[12:02:13] [main/DEBUG] [mixin/]: MixinPlatformAgentDefault accepted container SecureJarResource(chloride)
[12:02:13] [main/DEBUG] [mixin/]: Processing prepare() for PlatformAgent[MixinPlatformAgentDefault:SecureJarResource(chloride)]
[12:02:13] [main/DEBUG] [mixin/]: Registering mixin config: chloride.mixin.json
[12:02:13] [main/DEBUG] [mixin/]: Adding mixin platform agents for container SecureJarResource(projectatmosphere)
[12:02:13] [main/DEBUG] [mixin/]: Instancing new MixinPlatformAgentMinecraftForge for SecureJarResource(projectatmosphere)
[12:02:13] [main/DEBUG] [mixin/]: MixinPlatformAgentMinecraftForge rejected container SecureJarResource(projectatmosphere)
[12:02:13] [main/DEBUG] [mixin/]: Instancing new MixinPlatformAgentDefault for SecureJarResource(projectatmosphere)
[12:02:13] [main/DEBUG] [mixin/]: MixinPlatformAgentDefault accepted container SecureJarResource(projectatmosphere)
[12:02:13] [main/DEBUG] [mixin/]: Processing prepare() for PlatformAgent[MixinPlatformAgentDefault:SecureJarResource(projectatmosphere)]
[12:02:13] [main/DEBUG] [mixin/]: Adding mixin platform agents for container SecureJarResource(sereneseasonsplus)
[12:02:13] [main/DEBUG] [mixin/]: Instancing new MixinPlatformAgentMinecraftForge for SecureJarResource(sereneseasonsplus)
[12:02:13] [main/DEBUG] [mixin/]: MixinPlatformAgentMinecraftForge rejected container SecureJarResource(sereneseasonsplus)
[12:02:13] [main/DEBUG] [mixin/]: Instancing new MixinPlatformAgentDefault for SecureJarResource(sereneseasonsplus)
[12:02:13] [main/DEBUG] [mixin/]: MixinPlatformAgentDefault accepted container SecureJarResource(sereneseasonsplus)
[12:02:13] [main/DEBUG] [mixin/]: Processing prepare() for PlatformAgent[MixinPlatformAgentDefault:SecureJarResource(sereneseasonsplus)]
[12:02:13] [main/DEBUG] [mixin/]: Registering mixin config: sereneseasonsplus.mixins.json
[12:02:13] [main/DEBUG] [mixin/]: Adding mixin platform agents for container SecureJarResource(tectonic)
[12:02:13] [main/DEBUG] [mixin/]: Instancing new MixinPlatformAgentMinecraftForge for SecureJarResource(tectonic)
[12:02:13] [main/DEBUG] [mixin/]: MixinPlatformAgentMinecraftForge rejected container SecureJarResource(tectonic)
[12:02:13] [main/DEBUG] [mixin/]: Instancing new MixinPlatformAgentDefault for SecureJarResource(tectonic)
[12:02:13] [main/DEBUG] [mixin/]: MixinPlatformAgentDefault accepted container SecureJarResource(tectonic)
[12:02:13] [main/DEBUG] [mixin/]: Processing prepare() for PlatformAgent[MixinPlatformAgentDefault:SecureJarResource(tectonic)]
[12:02:13] [main/DEBUG] [mixin/]: Registering mixin config: tectonic.mixins.json
[12:02:13] [main/DEBUG] [mixin/]: Registering mixin config: tectonic_1.20.1.mixins.json
[12:02:13] [main/DEBUG] [mixin/]: Adding mixin platform agents for container SecureJarResource(MixinExtras)
[12:02:13] [main/DEBUG] [mixin/]: Instancing new MixinPlatformAgentMinecraftForge for SecureJarResource(MixinExtras)
[12:02:13] [main/DEBUG] [mixin/]: MixinPlatformAgentMinecraftForge rejected container SecureJarResource(MixinExtras)
[12:02:13] [main/DEBUG] [mixin/]: Instancing new MixinPlatformAgentDefault for SecureJarResource(MixinExtras)
[12:02:13] [main/DEBUG] [mixin/]: MixinPlatformAgentDefault accepted container SecureJarResource(MixinExtras)
[12:02:13] [main/DEBUG] [mixin/]: Processing prepare() for PlatformAgent[MixinPlatformAgentDefault:SecureJarResource(MixinExtras)]
[12:02:13] [main/DEBUG] [mixin/]: Adding mixin platform agents for container SecureJarResource(simplecloudsapi.forge)
[12:02:13] [main/DEBUG] [mixin/]: Instancing new MixinPlatformAgentMinecraftForge for SecureJarResource(simplecloudsapi.forge)
[12:02:13] [main/DEBUG] [mixin/]: MixinPlatformAgentMinecraftForge rejected container SecureJarResource(simplecloudsapi.forge)
[12:02:13] [main/DEBUG] [mixin/]: Instancing new MixinPlatformAgentDefault for SecureJarResource(simplecloudsapi.forge)
[12:02:13] [main/DEBUG] [mixin/]: MixinPlatformAgentDefault accepted container SecureJarResource(simplecloudsapi.forge)
[12:02:13] [main/DEBUG] [mixin/]: Processing prepare() for PlatformAgent[MixinPlatformAgentDefault:SecureJarResource(simplecloudsapi.forge)]
[12:02:13] [main/DEBUG] [mixin/]: inject() running with 24 agents
[12:02:13] [main/DEBUG] [mixin/]: Processing inject() for PlatformAgent[MixinPlatformAgentDefault:ModLauncher Root Container(ModLauncher:4f56a0a2)]
[12:02:13] [main/DEBUG] [mixin/]: Processing inject() for PlatformAgent[MixinPlatformAgentDefault:SecureJarResource(betterdays)]
[12:02:13] [main/DEBUG] [mixin/]: Processing inject() for PlatformAgent[MixinPlatformAgentDefault:SecureJarResource(minecraft)]
[12:02:13] [main/DEBUG] [mixin/]: Processing inject() for PlatformAgent[MixinPlatformAgentDefault:SecureJarResource(crackerslib)]
[12:02:13] [main/DEBUG] [mixin/]: Processing inject() for PlatformAgent[MixinPlatformAgentDefault:SecureJarResource(mixinextras)]
[12:02:13] [main/DEBUG] [mixin/]: Processing inject() for PlatformAgent[MixinPlatformAgentDefault:SecureJarResource(coolrain)]
[12:02:13] [main/DEBUG] [mixin/]: Processing inject() for PlatformAgent[MixinPlatformAgentDefault:SecureJarResource(glitchcore)]
[12:02:13] [main/DEBUG] [mixin/]: Processing inject() for PlatformAgent[MixinPlatformAgentDefault:SecureJarResource(sereneseasons)]
[12:02:13] [main/DEBUG] [mixin/]: Processing inject() for PlatformAgent[MixinPlatformAgentDefault:SecureJarResource(jade)]
[12:02:13] [main/DEBUG] [mixin/]: Processing inject() for PlatformAgent[MixinPlatformAgentDefault:SecureJarResource(architectury)]
[12:02:13] [main/DEBUG] [mixin/]: Processing inject() for PlatformAgent[MixinPlatformAgentDefault:SecureJarResource(whitenoise)]
[12:02:13] [main/DEBUG] [mixin/]: Processing inject() for PlatformAgent[MixinPlatformAgentDefault:SecureJarResource(jei)]
[12:02:13] [main/DEBUG] [mixin/]: Processing inject() for PlatformAgent[MixinPlatformAgentDefault:SecureJarResource(lithostitched)]
[12:02:13] [main/DEBUG] [mixin/]: Processing inject() for PlatformAgent[MixinPlatformAgentDefault:SecureJarResource(cloth_config)]
[12:02:13] [main/DEBUG] [mixin/]: Processing inject() for PlatformAgent[MixinPlatformAgentDefault:SecureJarResource(spark)]
[12:02:13] [main/DEBUG] [mixin/]: Processing inject() for PlatformAgent[MixinPlatformAgentDefault:SecureJarResource(gaboulibs)]
[12:02:13] [main/DEBUG] [mixin/]: Processing inject() for PlatformAgent[MixinPlatformAgentDefault:SecureJarResource(forge)]
[12:02:13] [main/DEBUG] [mixin/]: Processing inject() for PlatformAgent[MixinPlatformAgentDefault:SecureJarResource(embeddium)]
[12:02:13] [main/DEBUG] [mixin/]: Processing inject() for PlatformAgent[MixinPlatformAgentDefault:SecureJarResource(chloride)]
[12:02:13] [main/DEBUG] [mixin/]: Processing inject() for PlatformAgent[MixinPlatformAgentDefault:SecureJarResource(projectatmosphere)]
[12:02:13] [main/DEBUG] [mixin/]: Processing inject() for PlatformAgent[MixinPlatformAgentDefault:SecureJarResource(sereneseasonsplus)]
[12:02:13] [main/DEBUG] [mixin/]: Processing inject() for PlatformAgent[MixinPlatformAgentDefault:SecureJarResource(tectonic)]
[12:02:13] [main/DEBUG] [mixin/]: Processing inject() for PlatformAgent[MixinPlatformAgentDefault:SecureJarResource(MixinExtras)]
[12:02:13] [main/DEBUG] [mixin/]: Processing inject() for PlatformAgent[MixinPlatformAgentDefault:SecureJarResource(simplecloudsapi.forge)]
[12:02:13] [main/INFO] [cp.mo.mo.LaunchServiceHandler/MODLAUNCHER]: Launching target 'forgeclientuserdev' with arguments [--version, MOD_DEV, --gameDir, ., --assetsDir, C:\Users\matga\.gradle\caches\forge_gradle\assets, --assetIndex, 5]
[12:02:13] [main/DEBUG] [mixin/]: Error cleaning class output directory: .mixin.out\class
[12:02:13] [main/DEBUG] [mixin/]: Preparing mixins for MixinEnvironment[DEFAULT]
[12:02:13] [main/DEBUG] [mixin/]: Selecting config projectatmosphere.mixins.json
[12:02:13] [main/WARN] [mixin/]: Reference map 'projectatmosphere.refmap.json' for projectatmosphere.mixins.json could not be read. If this is a development environment you can ignore this message
[12:02:13] [main/DEBUG] [mixin/]: Selecting config crackerslib.mixins.json
[12:02:14] [main/INFO] [mixin/]: Remapping refMap crackerslib.refmap.json using G:\Project-Atmosphere\build\createSrgToMcp\output.srg
[12:02:14] [main/DEBUG] [mixin/]: Selecting config mixinextras.init.mixins.json
[12:02:14] [main/DEBUG] [MixinExtras|Service/]: com.llamalad7.mixinextras.service.MixinExtrasServiceImpl(version=0.3.5) is taking over from null
[12:02:14] [main/DEBUG] [mixin/]: Registering new injector for @Inject with org.spongepowered.asm.mixin.injection.struct.CallbackInjectionInfo
[12:02:14] [main/DEBUG] [mixin/]: Registering new injector for @ModifyArg with org.spongepowered.asm.mixin.injection.struct.ModifyArgInjectionInfo
[12:02:14] [main/DEBUG] [mixin/]: Registering new injector for @ModifyArgs with org.spongepowered.asm.mixin.injection.struct.ModifyArgsInjectionInfo
[12:02:14] [main/DEBUG] [mixin/]: Registering new injector for @Redirect with org.spongepowered.asm.mixin.injection.struct.RedirectInjectionInfo
[12:02:14] [main/DEBUG] [mixin/]: Registering new injector for @ModifyVariable with org.spongepowered.asm.mixin.injection.struct.ModifyVariableInjectionInfo
[12:02:14] [main/DEBUG] [mixin/]: Registering new injector for @ModifyConstant with org.spongepowered.asm.mixin.injection.struct.ModifyConstantInjectionInfo
[12:02:14] [main/DEBUG] [mixin/]: Selecting config coolrain.mixins.json
[12:02:14] [main/INFO] [mixin/]: Remapping refMap coolrain.refmap.json using G:\Project-Atmosphere\build\createSrgToMcp\output.srg
[12:02:14] [main/DEBUG] [mixin/]: Selecting config glitchcore.mixins.json
[12:02:14] [main/INFO] [mixin/]: Remapping refMap glitchcore.refmap.json using G:\Project-Atmosphere\build\createSrgToMcp\output.srg
[12:02:14] [main/DEBUG] [mixin/]: Selecting config glitchcore.forge.mixins.json
[12:02:14] [main/INFO] [mixin/]: Remapping refMap glitchcore.refmap.json using G:\Project-Atmosphere\build\createSrgToMcp\output.srg
[12:02:14] [main/DEBUG] [mixin/]: Selecting config sereneseasons.mixins.json
[12:02:14] [main/INFO] [mixin/]: Remapping refMap sereneseasons.refmap.json using G:\Project-Atmosphere\build\createSrgToMcp\output.srg
[12:02:14] [main/DEBUG] [mixin/]: Selecting config sereneseasons.forge.mixins.json
[12:02:14] [main/INFO] [mixin/]: Remapping refMap sereneseasons.refmap.json using G:\Project-Atmosphere\build\createSrgToMcp\output.srg
[12:02:14] [main/DEBUG] [mixin/]: Selecting config jade.mixins.json
[12:02:14] [main/INFO] [mixin/]: Remapping refMap jade.refmap.json using G:\Project-Atmosphere\build\createSrgToMcp\output.srg
[12:02:14] [main/DEBUG] [mixin/]: Selecting config architectury.mixins.json
[12:02:14] [main/INFO] [mixin/]: Remapping refMap architectury-forge-refmap.json using G:\Project-Atmosphere\build\createSrgToMcp\output.srg
[12:02:14] [main/DEBUG] [mixin/]: Selecting config architectury-common.mixins.json
[12:02:14] [main/INFO] [mixin/]: Remapping refMap architectury-common-refmap.json using G:\Project-Atmosphere\build\createSrgToMcp\output.srg
[12:02:14] [main/DEBUG] [mixin/]: Selecting config lithostitched.mixins.json
[12:02:14] [main/INFO] [mixin/]: Remapping refMap lithostitched.refmap.json using G:\Project-Atmosphere\build\createSrgToMcp\output.srg
[12:02:14] [main/DEBUG] [mixin/]: Selecting config lithostitched.forge.mixins.json
[12:02:14] [main/INFO] [mixin/]: Remapping refMap lithostitched.refmap.json using G:\Project-Atmosphere\build\createSrgToMcp\output.srg
[12:02:14] [main/DEBUG] [mixin/]: Selecting config gaboulibs.mixins.json
[12:02:14] [main/DEBUG] [mixin/]: Selecting config embeddium.mixins.json
[12:02:14] [main/INFO] [Embeddium/]: Loaded configuration file for Embeddium: 66 options available, 0 override(s) found
[12:02:14] [main/INFO] [Embeddium-GraphicsAdapterProbe/]: Searching for graphics cards...
[12:02:14] [main/DEBUG] [os.ut.FileUtil/]: No oshi.properties file found from ClassLoader cpw.mods.modlauncher.TransformingClassLoader@10272bbb
[12:02:14] [main/INFO] [Embeddium-GraphicsAdapterProbe/]: Found graphics card: GraphicsAdapterInfo[vendor=UNKNOWN, name=Meta Virtual Monitor, version=DriverVersion=5.3.57.114]
[12:02:14] [main/INFO] [Embeddium-GraphicsAdapterProbe/]: Found graphics card: GraphicsAdapterInfo[vendor=UNKNOWN, name=Parsec Virtual Display Adapter, version=DriverVersion=0.41.0.0]
[12:02:14] [main/INFO] [Embeddium-GraphicsAdapterProbe/]: Found graphics card: GraphicsAdapterInfo[vendor=NVIDIA, name=NVIDIA GeForce RTX 4070 Ti SUPER, version=DriverVersion=32.0.16.1062]
[12:02:14] [main/INFO] [Embeddium-GraphicsAdapterProbe/]: Found graphics card: GraphicsAdapterInfo[vendor=INTEL, name=Intel(R) UHD Graphics 770, version=DriverVersion=32.0.101.7088]
[12:02:14] [main/WARN] [Embeddium-Workarounds/]: Embeddium has applied one or more workarounds to prevent crashes or other issues on your system: [NVIDIA_THREADED_OPTIMIZATIONS]
[12:02:14] [main/WARN] [Embeddium-Workarounds/]: This is not necessarily an issue, but it may result in certain features or optimizations being disabled. You can sometimes fix these issues by upgrading your graphics driver.
[12:02:14] [main/INFO] [mixin/]: Remapping refMap embeddium-refmap.json using G:\Project-Atmosphere\build\createSrgToMcp\output.srg
[12:02:14] [main/DEBUG] [mixin/]: Selecting config chloride.mixin.json
[12:02:14] [main/INFO] [mixin/]: Remapping refMap chloride.mixin-refmap.json using G:\Project-Atmosphere\build\createSrgToMcp\output.srg
[12:02:14] [main/DEBUG] [mixin/]: Selecting config sereneseasonsplus.mixins.json
[12:02:14] [main/INFO] [mixin/]: Remapping refMap sereneseasonsplus-refmap.json using G:\Project-Atmosphere\build\createSrgToMcp\output.srg
[12:02:14] [main/DEBUG] [mixin/]: Selecting config tectonic.mixins.json
[12:02:14] [main/DEBUG] [mixin/]: Selecting config tectonic_1.20.1.mixins.json
[12:02:14] [main/DEBUG] [mixin/]: Preparing projectatmosphere.mixins.json (42)
[Project Atmosphere] Simple Clouds detected: false
[12:02:14] [main/DEBUG] [ne.mi.co.tr.CoreModBaseTransformer/COREMOD]: Transforming net/minecraft/world/level/biome/Biome
[Project Atmosphere] SandStorms detected: false
[Project Atmosphere] Auroras detected: false
[Project Atmosphere] Rainbows detected: false
[12:02:14] [main/DEBUG] [mixin/]: Preparing crackerslib.mixins.json (2)
[12:02:14] [main/DEBUG] [mixin/]: Preparing mixinextras.init.mixins.json (0)
[12:02:14] [main/DEBUG] [mixin/]: Preparing coolrain.mixins.json (1)
[12:02:14] [main/DEBUG] [mixin/]: Preparing glitchcore.mixins.json (4)
[12:02:14] [main/DEBUG] [ne.mi.co.tr.CoreModBaseTransformer/COREMOD]: Transforming net/minecraft/world/item/ItemStack
[12:02:14] [main/DEBUG] [mixin/]: Preparing glitchcore.forge.mixins.json (7)
[12:02:14] [main/DEBUG] [mixin/]: Preparing sereneseasons.mixins.json (6)
[12:02:14] [main/DEBUG] [mixin/]: Preparing sereneseasons.forge.mixins.json (0)
[12:02:14] [main/DEBUG] [mixin/]: Preparing jade.mixins.json (2)
[12:02:14] [main/DEBUG] [mixin/]: Preparing architectury.mixins.json (9)
[12:02:14] [main/DEBUG] [mixin/]: Preparing architectury-common.mixins.json (10)
[12:02:14] [main/DEBUG] [ne.mi.co.tr.CoreModBaseTransformer/COREMOD]: Transforming net/minecraft/world/item/BucketItem
[12:02:14] [main/DEBUG] [ne.mi.co.tr.CoreModBaseTransformer/COREMOD]: Transforming net/minecraft/world/entity/EntityType
[12:02:14] [main/DEBUG] [ne.mi.co.tr.CoreModBaseTransformer/COREMOD]: Transforming net/minecraft/world/level/block/LiquidBlock
[12:02:14] [main/DEBUG] [mixin/]: Preparing lithostitched.mixins.json (18)
[12:02:14] [main/DEBUG] [ne.mi.co.tr.CoreModBaseTransformer/COREMOD]: Transforming net/minecraft/world/level/levelgen/structure/templatesystem/StructureTemplate
[12:02:14] [main/DEBUG] [mixin/]: Preparing lithostitched.forge.mixins.json (2)
[12:02:14] [main/DEBUG] [mixin/]: Preparing gaboulibs.mixins.json (0)
[12:02:14] [main/DEBUG] [mixin/]: Preparing embeddium.mixins.json (0)
[12:02:14] [main/DEBUG] [mixin/]: Preparing chloride.mixin.json (32)
[12:02:14] [main/WARN] [mixin/]: Error loading class: dev/emi/emi/screen/EmiScreenManager (java.lang.ClassNotFoundException: dev.emi.emi.screen.EmiScreenManager)
[12:02:14] [main/DEBUG] [mixin/]: Skipping virtual target dev.emi.emi.screen.EmiScreenManager for chloride.mixin.json:jei_rei_emi.EmiOverlayMixin
[12:02:14] [main/WARN] [mixin/]: Error loading class: me/shedaniel/rei/impl/client/gui/ScreenOverlayImpl (java.lang.ClassNotFoundException: me.shedaniel.rei.impl.client.gui.ScreenOverlayImpl)
[12:02:14] [main/DEBUG] [mixin/]: Skipping virtual target me.shedaniel.rei.impl.client.gui.ScreenOverlayImpl for chloride.mixin.json:jei_rei_emi.ReiOverlayMixin
[12:02:14] [main/DEBUG] [mixin/]: Preparing sereneseasonsplus.mixins.json (8)
[12:02:14] [main/DEBUG] [mixin/]: Preparing tectonic.mixins.json (13)
[12:02:14] [main/DEBUG] [mixin/]: Preparing tectonic_1.20.1.mixins.json (3)
[12:02:14] [main/DEBUG] [mixin/]: Inner class glitchcore/forge/mixin/impl/MixinPacketHandler$1 in glitchcore/forge/mixin/impl/MixinPacketHandler on glitchcore/network/PacketHandler gets unique name glitchcore/network/PacketHandler$Anonymous$4a2e7fd146a94af99a662c34e57f18ca
[12:02:14] [main/DEBUG] [mixin/]: Prepared 131 mixins in 1,129 sec (8,6ms avg) (0ms load, 0ms transform, 0ms plugin)
[12:02:15] [main/INFO] [MixinExtras|Service/]: Initializing MixinExtras via com.llamalad7.mixinextras.service.MixinExtrasServiceImpl(version=0.3.5).
[12:02:15] [main/DEBUG] [mixin/]: Registering new injector for @SugarWrapper with com.llamalad7.mixinextras.sugar.impl.SugarWrapperInjectionInfo
[12:02:15] [main/DEBUG] [mixin/]: Registering new injector for @FactoryRedirectWrapper with com.llamalad7.mixinextras.wrapper.factory.FactoryRedirectWrapperInjectionInfo
[12:02:15] [main/DEBUG] [mixin/]: Mixing client.LoadingOverlayMixin from projectatmosphere.mixins.json into net.minecraft.client.gui.screens.LoadingOverlay
[12:02:15] [main/DEBUG] [mixin/]: Mixing features.render.immediate.matrix_stack.VertexConsumerMixin from embeddium.mixins.json into com.mojang.blaze3d.vertex.VertexConsumer
[12:02:15] [main/DEBUG] [mixin/]: Mixing client.MixinGuiGraphics from glitchcore.forge.mixins.json into net.minecraft.client.gui.GuiGraphics
[12:02:15] [main/DEBUG] [mixin/]: Mixing features.textures.animations.tracking.DrawContextMixin from embeddium.mixins.json into net.minecraft.client.gui.GuiGraphics
[12:02:15] [main/DEBUG] [mixin/]: Mixing client.MixinMinecraftLevelLifecycle from projectatmosphere.mixins.json into net.minecraft.client.Minecraft
[12:02:15] [main/DEBUG] [mixin/]: Mixing client.MinecraftCrashHandlerMixin from projectatmosphere.mixins.json into net.minecraft.client.Minecraft
[12:02:15] [main/DEBUG] [mixin/]: Mixing client.MixinMinecraft from glitchcore.mixins.json into net.minecraft.client.Minecraft
[12:02:15] [main/DEBUG] [mixin/]: Mixing MixinMinecraft from architectury.mixins.json into net.minecraft.client.Minecraft
[12:02:15] [main/DEBUG] [mixin/]: Mixing MinecraftMixin from chloride.mixin.json into net.minecraft.client.Minecraft
[12:02:15] [main/DEBUG] [mixin/]: Mixing OverlayMixin from chloride.mixin.json into net.minecraft.client.Minecraft
[12:02:15] [main/DEBUG] [mixin/]: Mixing core.render.MinecraftAccessor from embeddium.mixins.json into net.minecraft.client.Minecraft
[12:02:15] [main/DEBUG] [mixin/]: Mixing core.MinecraftClientMixin from embeddium.mixins.json into net.minecraft.client.Minecraft
[12:02:15] [main/DEBUG] [mixin/]: Renaming synthetic method lambda$postInit$0(Lnet/minecraft/client/gui/screens/Screen;)Lnet/minecraft/client/gui/screens/Screen; to md5f9133$lambda$postInit$0$0 in embeddium.mixins.json:core.MinecraftClientMixin
[12:02:15] [main/DEBUG] [io.ne.ut.in.lo.InternalLoggerFactory/]: Using SLF4J as the default logging framework
[12:02:15] [main/DEBUG] [io.ne.ut.ResourceLeakDetector/]: -Dio.netty.leakDetection.level: simple
[12:02:15] [main/DEBUG] [io.ne.ut.ResourceLeakDetector/]: -Dio.netty.leakDetection.targetRecords: 4
[12:02:15] [main/DEBUG] [os.ut.FileUtil/]: No oshi.architecture.properties file found from ClassLoader cpw.mods.modlauncher.TransformingClassLoader@10272bbb
[12:02:16] [main/DEBUG] [mixin/]: Mixing core.CrashReportExtenderMixin from embeddium.mixins.json into net.minecraftforge.logging.CrashReportExtender
[12:02:16] [pool-4-thread-1/DEBUG] [mixin/]: Mixing common.MappedRegistryAccessor from lithostitched.mixins.json into net.minecraft.core.MappedRegistry
[12:02:16] [pool-4-thread-1/DEBUG] [mixin/]: Mixing inject.MixinGameEvent from architectury-common.mixins.json into net.minecraft.world.level.gameevent.GameEvent
[12:02:16] [pool-4-thread-1/DEBUG] [mixin/]: Mixing common.HolderReferenceAccessor from lithostitched.mixins.json into net.minecraft.core.Holder$Reference
[12:02:16] [pool-4-thread-1/DEBUG] [mixin/]: Mixing inject.MixinBlock from architectury-common.mixins.json into net.minecraft.world.level.block.Block
[12:02:16] [pool-4-thread-1/DEBUG] [mixin/]: Mixing MixinBlockStateBase from sereneseasons.mixins.json into net.minecraft.world.level.block.state.BlockBehaviour$BlockStateBase
[12:02:16] [pool-4-thread-1/DEBUG] [mixin/]: Mixing WeatherStateMixin from projectatmosphere.mixins.json into net.minecraft.world.level.Level
[12:02:16] [pool-4-thread-1/DEBUG] [mixin/]: Mixing client.ClientLevelWeatherMixin from projectatmosphere.mixins.json into net.minecraft.world.level.Level
[12:02:16] [pool-4-thread-1/DEBUG] [mixin/]: Mixing MixinLevel from sereneseasons.mixins.json into net.minecraft.world.level.Level
[12:02:16] [pool-4-thread-1/DEBUG] [mixin/]: Mixing ServerLevelWeatherCycleMixin from projectatmosphere.mixins.json into net.minecraft.server.level.ServerLevel
[12:02:16] [pool-4-thread-1/DEBUG] [mixin/]: Mixing ServerLevelSnowStormMixin from projectatmosphere.mixins.json into net.minecraft.server.level.ServerLevel
[12:02:16] [pool-4-thread-1/DEBUG] [mixin/]: Mixing MixinServerLevel from glitchcore.mixins.json into net.minecraft.server.level.ServerLevel
[12:02:16] [pool-4-thread-1/DEBUG] [mixin/]: Mixing MixinServerLevel from sereneseasons.mixins.json into net.minecraft.server.level.ServerLevel
[12:02:16] [pool-4-thread-1/DEBUG] [mixin/]: Mixing ServerLevelMixin from sereneseasonsplus.mixins.json into net.minecraft.server.level.ServerLevel
[12:02:16] [pool-4-thread-1/DEBUG] [ne.mi.co.tr.CoreModBaseTransformer/COREMOD]: Transforming net/minecraft/world/level/biome/Biome
[12:02:16] [pool-4-thread-1/DEBUG] [mixin/]: Mixing inject.MixinFluid from architectury-common.mixins.json into net.minecraft.world.level.material.Fluid
[12:02:16] [pool-4-thread-1/DEBUG] [mixin/]: Mixing inject.MixinItem from architectury-common.mixins.json into net.minecraft.world.item.Item
[12:02:16] [pool-4-thread-1/DEBUG] [ne.mi.co.tr.CoreModBaseTransformer/COREMOD]: Transforming net/minecraft/world/entity/EntityType
[12:02:16] [pool-4-thread-1/DEBUG] [mixin/]: Mixing inject.MixinEntityType from architectury-common.mixins.json into net.minecraft.world.entity.EntityType
[12:02:16] [pool-4-thread-1/DEBUG] [mixin/]: Mixing EntityDistanceCullingMixin$EntityTypeMixin from chloride.mixin.json into net.minecraft.world.entity.EntityType
[12:02:16] [pool-4-thread-1/DEBUG] [mixin/]: Mixing ParticlesMixins$ParticleTypeMixin from chloride.mixin.json into net.minecraft.core.particles.ParticleType
[12:02:16] [pool-4-thread-1/DEBUG] [mixin/]: Mixing MixinBlockEntityType from crackerslib.mixins.json into net.minecraft.world.level.block.entity.BlockEntityType
[12:02:16] [pool-4-thread-1/DEBUG] [mixin/]: Mixing EntityDistanceCullingMixin$TileEntityTypeMixin from chloride.mixin.json into net.minecraft.world.level.block.entity.BlockEntityType
[12:02:16] [pool-4-thread-1/DEBUG] [mixin/]: Mixing WorldCarverMixin from tectonic.mixins.json into net.minecraft.world.level.levelgen.carver.WorldCarver
[12:02:16] [pool-4-thread-1/DEBUG] [mixin/]: Mixing features.render.immediate.DirectionMixin from embeddium.mixins.json into net.minecraft.core.Direction
[12:02:16] [pool-4-thread-1/DEBUG] [mixin/]: Mixing SpreadingSnowyDirtBlockMixin from sereneseasonsplus.mixins.json into net.minecraft.world.level.block.SpreadingSnowyDirtBlock
[12:02:16] [pool-4-thread-1/DEBUG] [ne.mi.co.tr.CoreModBaseTransformer/COREMOD]: Transforming net/minecraft/world/level/block/LiquidBlock
[12:02:16] [pool-4-thread-1/DEBUG] [mixin/]: Mixing inject.MixinLiquidBlock from architectury-common.mixins.json into net.minecraft.world.level.block.LiquidBlock
[12:02:16] [pool-4-thread-1/DEBUG] [mixin/]: Mixing leaves_culling.LeavesBlockMixin from chloride.mixin.json into net.minecraft.world.level.block.LeavesBlock
[12:02:16] [pool-4-thread-1/DEBUG] [mixin/]: Mixing features.options.render_layers.LeavesBlockMixin from embeddium.mixins.json into net.minecraft.world.level.block.LeavesBlock
[12:02:16] [pool-4-thread-1/WARN] [mixin/]: Method overwrite conflict for skipRendering in embeddium.mixins.json:features.options.render_layers.LeavesBlockMixin, previously written by me.srrapero720.chloride.mixins.impl.leaves_culling.LeavesBlockMixin. Skipping method.
[12:02:16] [pool-4-thread-1/DEBUG] [mixin/]: Unexpected: Registered method skipRendering(Lnet/minecraft/world/level/block/state/BlockState;Lnet/minecraft/world/level/block/state/BlockState;Lnet/minecraft/core/Direction;)Z in net.minecraft.world.level.block.LeavesBlock was not merged
[12:02:16] [pool-4-thread-1/DEBUG] [mixin/]: Mixing FastBlocksMixins$BedMixin from chloride.mixin.json into net.minecraft.world.level.block.BedBlock
[12:02:16] [pool-4-thread-1/DEBUG] [ne.mi.co.tr.CoreModBaseTransformer/COREMOD]: Transforming net/minecraft/world/level/block/StairBlock
[12:02:16] [pool-4-thread-1/DEBUG] [mixin/]: Mixing FastBlocksMixins$ChestsMixin from chloride.mixin.json into net.minecraft.world.level.block.ChestBlock
[12:02:16] [pool-4-thread-1/DEBUG] [mixin/]: Mixing FastBlocksMixins$ChestsMixin from chloride.mixin.json into net.minecraft.world.level.block.EnderChestBlock
[12:02:16] [pool-4-thread-1/DEBUG] [ne.mi.co.tr.CoreModBaseTransformer/COREMOD]: Transforming net/minecraft/world/level/block/FlowerPotBlock
[12:02:16] [pool-4-thread-1/DEBUG] [mixin/]: Mixing MixinFallingBlockEntity from architectury.mixins.json into net.minecraft.world.entity.item.FallingBlockEntity
[12:02:17] [pool-4-thread-1/DEBUG] [ne.mi.co.tr.CoreModBaseTransformer/COREMOD]: Transforming net/minecraft/world/item/ItemStack
[12:02:17] [pool-4-thread-1/DEBUG] [mixin/]: Mixing MixinItemStack from glitchcore.mixins.json into net.minecraft.world.item.ItemStack
[12:02:17] [pool-4-thread-1/DEBUG] [mixin/]: Mixing MixinLightningBolt from architectury-common.mixins.json into net.minecraft.world.entity.LightningBolt
[12:02:17] [pool-4-thread-1/DEBUG] [ne.mi.co.tr.CoreModBaseTransformer/COREMOD]: Transforming net/minecraft/world/entity/animal/frog/Tadpole
[12:02:17] [pool-4-thread-1/DEBUG] [ne.mi.co.tr.CoreModBaseTransformer/COREMOD]: Transforming net/minecraft/world/item/BucketItem
[12:02:17] [pool-4-thread-1/DEBUG] [mixin/]: Mixing inject.MixinBucketItem from architectury-common.mixins.json into net.minecraft.world.item.BucketItem
[12:02:17] [pool-4-thread-1/DEBUG] [mixin/]: Mixing inject.MixinItemProperties from architectury-common.mixins.json into net.minecraft.world.item.Item$Properties
[12:02:18] [pool-4-thread-1/DEBUG] [ne.mi.co.tr.CoreModBaseTransformer/COREMOD]: Transforming net/minecraft/world/entity/monster/Spider
[12:02:18] [Datafixer Bootstrap/INFO] [mojang/DataFixerBuilder]: 188 Datafixer optimizations took 93 milliseconds
[12:02:18] [pool-4-thread-1/DEBUG] [ne.mi.co.tr.CoreModBaseTransformer/COREMOD]: Transforming net/minecraft/world/entity/monster/Zombie
[12:02:18] [pool-4-thread-1/DEBUG] [ne.mi.co.tr.CoreModBaseTransformer/COREMOD]: Transforming net/minecraft/world/entity/monster/ZombieVillager
[12:02:18] [pool-4-thread-1/DEBUG] [mixin/]: Mixing ThrownTridentWeatherMixin from projectatmosphere.mixins.json into net.minecraft.world.entity.projectile.ThrownTrident
[12:02:18] [pool-4-thread-1/DEBUG] [ne.mi.co.tr.CoreModBaseTransformer/COREMOD]: Transforming net/minecraft/world/entity/monster/Evoker$EvokerSummonSpellGoal
[12:02:18] [pool-4-thread-1/DEBUG] [ne.mi.co.tr.CoreModBaseTransformer/COREMOD]: Transforming net/minecraft/world/entity/animal/horse/SkeletonTrapGoal
[12:02:18] [pool-4-thread-1/DEBUG] [ne.mi.co.tr.CoreModBaseTransformer/COREMOD]: Transforming net/minecraft/world/entity/monster/Strider
[12:02:18] [pool-4-thread-1/DEBUG] [mixin/]: Mixing MixinServerPlayer from glitchcore.forge.mixins.json into net.minecraft.server.level.ServerPlayer
[12:02:18] [pool-4-thread-1/DEBUG] [mixin/]: Mixing features.render.world.ClientLevelMixin from embeddium.mixins.json into net.minecraft.client.multiplayer.ClientLevel
[12:02:18] [pool-4-thread-1/DEBUG] [mixin/]: Renaming synthetic method lambda$new$0(Lnet/minecraft/world/level/biome/AmbientParticleSettings;)V to md5f9133$lambda$new$0$0 in embeddium.mixins.json:features.render.world.ClientLevelMixin
[12:02:18] [pool-4-thread-1/DEBUG] [mixin/]: Mixing MixinClientLevel from architectury.mixins.json into net.minecraft.client.multiplayer.ClientLevel
[12:02:18] [pool-4-thread-1/DEBUG] [mixin/]: Mixing core.world.biome.ClientWorldMixin from embeddium.mixins.json into net.minecraft.client.multiplayer.ClientLevel
[12:02:18] [pool-4-thread-1/DEBUG] [mixin/]: Mixing core.world.map.ClientWorldMixin from embeddium.mixins.json into net.minecraft.client.multiplayer.ClientLevel
[12:02:18] [pool-4-thread-1/DEBUG] [mixin/]: Mixing features.render.world.sky.ClientWorldMixin from embeddium.mixins.json into net.minecraft.client.multiplayer.ClientLevel
[12:02:18] [pool-4-thread-1/DEBUG] [mixin/]: Renaming synthetic method lambda$redirectSampleColor$0(Lnet/minecraft/world/level/Level;III)I to md5f9133$lambda$redirectSampleColor$0$1 in embeddium.mixins.json:features.render.world.sky.ClientWorldMixin
[12:02:18] [pool-4-thread-1/DEBUG] [mixin/]: Mixing ChunkAccessMixin from tectonic.mixins.json into net.minecraft.world.level.chunk.ChunkAccess
[12:02:18] [pool-4-thread-1/DEBUG] [mixin/]: Mixing LevelChunkSnowMixin from sereneseasonsplus.mixins.json into net.minecraft.world.level.chunk.LevelChunk
[12:02:18] [pool-4-thread-1/DEBUG] [ne.mi.co.tr.CoreModBaseTransformer/COREMOD]: Transforming net/minecraft/world/entity/npc/Villager
[12:02:18] [pool-4-thread-1/DEBUG] [mixin/]: Mixing inject.MixinFoodPropertiesBuilder from architectury-common.mixins.json into net.minecraft.world.food.FoodProperties$Builder
[12:02:18] [pool-4-thread-1/DEBUG] [ne.mi.co.tr.CoreModBaseTransformer/COREMOD]: Transforming net/minecraft/world/effect/MobEffectInstance
[12:02:18] [pool-4-thread-1/DEBUG] [mixin/]: Mixing HeightmapMixin from tectonic.mixins.json into net.minecraft.world.level.levelgen.Heightmap
[12:02:18] [pool-4-thread-1/DEBUG] [mixin/]: Mixing darkness.DimensionTypeMixin from chloride.mixin.json into net.minecraft.world.level.dimension.DimensionType
[12:02:18] [pool-4-thread-1/DEBUG] [mixin/]: Mixing DimensionTypeAccessor from tectonic.mixins.json into net.minecraft.world.level.dimension.DimensionType
[12:02:18] [pool-4-thread-1/DEBUG] [mixin/]: Mixing common.PlacedFeatureAccessor from lithostitched.mixins.json into net.minecraft.world.level.levelgen.placement.PlacedFeature
[12:02:18] [pool-4-thread-1/DEBUG] [mixin/]: Mixing common.StructureProcessorListAccessor from lithostitched.mixins.json into net.minecraft.world.level.levelgen.structure.templatesystem.StructureProcessorList
[12:02:18] [pool-4-thread-1/DEBUG] [mixin/]: Mixing common.StructureSetAccessor from lithostitched.mixins.json into net.minecraft.world.level.levelgen.structure.StructureSet
[12:02:18] [pool-4-thread-1/DEBUG] [ne.mi.co.tr.CoreModBaseTransformer/COREMOD]: Transforming net/minecraft/world/level/levelgen/structure/Structure
[12:02:18] [pool-4-thread-1/DEBUG] [mixin/]: Mixing StructurePieceMixin from tectonic.mixins.json into net.minecraft.world.level.levelgen.structure.StructurePiece
[12:02:18] [pool-4-thread-1/DEBUG] [ne.mi.co.tr.CoreModBaseTransformer/COREMOD]: Transforming net/minecraft/world/level/levelgen/structure/structures/OceanRuinPieces$OceanRuinPiece
[12:02:18] [pool-4-thread-1/DEBUG] [ne.mi.co.tr.CoreModBaseTransformer/COREMOD]: Transforming net/minecraft/world/level/levelgen/structure/structures/SwampHutPiece
[12:02:18] [pool-4-thread-1/DEBUG] [ne.mi.co.tr.CoreModBaseTransformer/COREMOD]: Transforming net/minecraft/world/level/levelgen/structure/structures/OceanMonumentPieces$OceanMonumentPiece
[12:02:18] [pool-4-thread-1/DEBUG] [ne.mi.co.tr.CoreModBaseTransformer/COREMOD]: Transforming net/minecraft/world/level/levelgen/structure/structures/WoodlandMansionPieces$WoodlandMansionPiece
[12:02:18] [pool-4-thread-1/DEBUG] [mixin/]: Mixing common.ShipwreckPieceMixin from lithostitched.mixins.json into net.minecraft.world.level.levelgen.structure.structures.ShipwreckPieces$ShipwreckPiece
[12:02:18] [pool-4-thread-1/DEBUG] [mixin/]: Mixing common.JigsawStructureMixin from lithostitched.mixins.json into net.minecraft.world.level.levelgen.structure.structures.JigsawStructure
[12:02:18] [pool-4-thread-1/DEBUG] [ne.mi.co.tr.CoreModBaseTransformer/COREMOD]: Transforming net/minecraft/world/level/levelgen/structure/Structure
[12:02:18] [pool-4-thread-1/DEBUG] [mixin/]: Mixing common.StructureTemplatePoolAccessor from lithostitched.mixins.json into net.minecraft.world.level.levelgen.structure.pools.StructureTemplatePool
[12:02:18] [pool-4-thread-1/DEBUG] [mixin/]: Mixing common.StructureTemplatePoolMixin from lithostitched.mixins.json into net.minecraft.world.level.levelgen.structure.pools.StructureTemplatePool
[12:02:18] [pool-4-thread-1/DEBUG] [mixin/]: Renaming synthetic method lambda$compileRawTemplates$0(Lcom/mojang/datafixers/util/Pair;)V to md5f9133$lambda$compileRawTemplates$0$0 in lithostitched.mixins.json:common.StructureTemplatePoolMixin
[12:02:19] [pool-4-thread-1/DEBUG] [ne.mi.co.tr.CoreModBaseTransformer/COREMOD]: Transforming net/minecraft/world/level/biome/Biome
[12:02:19] [pool-4-thread-1/DEBUG] [mixin/]: Mixing features.world.biome.BiomeMixin from embeddium.mixins.json into net.minecraft.world.level.biome.Biome
[12:02:19] [pool-4-thread-1/DEBUG] [mixin/]: Mixing BiomeFreezingMixin from projectatmosphere.mixins.json into net.minecraft.world.level.biome.Biome
[12:02:19] [pool-4-thread-1/DEBUG] [mixin/]: Renaming synthetic method lambda$resolveTemperature$0(Lnet/minecraft/resources/ResourceKey;)Lnet/minecraft/resources/ResourceLocation; to md5f9133$lambda$resolveTemperature$0$0 in projectatmosphere.mixins.json:BiomeFreezingMixin
[12:02:19] [pool-4-thread-1/DEBUG] [mixin/]: Mixing MixinBiome from sereneseasons.mixins.json into net.minecraft.world.level.biome.Biome
[12:02:19] [pool-4-thread-1/DEBUG] [mixin/]: Mixing client.MixinBiomeClient from sereneseasons.mixins.json into net.minecraft.world.level.biome.Biome
[12:02:19] [pool-4-thread-1/DEBUG] [mixin/]: Mixing BiomeMixin from tectonic.mixins.json into net.minecraft.world.level.biome.Biome
[12:02:19] [pool-4-thread-1/DEBUG] [mixin/]: Mixing TemperatureModifierMixin from tectonic.mixins.json into net.minecraft.world.level.biome.Biome$TemperatureModifier$2
[12:02:19] [pool-4-thread-1/DEBUG] [mixin/]: Mixing NoiseBasedChunkGeneratorMixin from tectonic.mixins.json into net.minecraft.world.level.levelgen.NoiseBasedChunkGenerator
[12:02:19] [pool-4-thread-1/DEBUG] [mixin/]: Renaming synthetic method lambda$tectonic$fixLavaLevel$2(Lnet/minecraft/core/Holder;)Lnet/minecraft/world/level/levelgen/Aquifer$FluidPicker; to md5f9133$lambda$tectonic$fixLavaLevel$2$0 in tectonic.mixins.json:NoiseBasedChunkGeneratorMixin
[12:02:19] [pool-4-thread-1/DEBUG] [mixin/]: Renaming synthetic method lambda$tectonic$fixLavaLevel$1(Lnet/minecraft/world/level/levelgen/Aquifer$FluidStatus;IILnet/minecraft/world/level/levelgen/Aquifer$FluidStatus;Lnet/minecraft/world/level/levelgen/Aquifer$FluidStatus;III)Lnet/minecraft/world/level/levelgen/Aquifer$FluidStatus; to md5f9133$lambda$tectonic$fixLavaLevel$1$1 in tectonic.mixins.json:NoiseBasedChunkGeneratorMixin
[12:02:19] [pool-4-thread-1/DEBUG] [mixin/]: Renaming synthetic method lambda$tectonic$fixLavaLevel$0(Lnet/minecraft/resources/ResourceKey;)Ljava/lang/Boolean; to md5f9133$lambda$tectonic$fixLavaLevel$0$2 in tectonic.mixins.json:NoiseBasedChunkGeneratorMixin
[12:02:19] [pool-4-thread-1/DEBUG] [mixin/]: Mixing common.NoiseGeneratorSettingsAccessor from lithostitched.mixins.json into net.minecraft.world.level.levelgen.NoiseGeneratorSettings
[12:02:19] [pool-4-thread-1/DEBUG] [mixin/]: Mixing NoiseSettingsAccessor from tectonic.mixins.json into net.minecraft.world.level.levelgen.NoiseSettings
[12:02:19] [pool-4-thread-1/DEBUG] [mixin/]: Mixing common.SinglePoolElementAccessor from lithostitched.mixins.json into net.minecraft.world.level.levelgen.structure.pools.SinglePoolElement
[12:02:19] [pool-4-thread-1/DEBUG] [ne.mi.re.GameData/REGISTRIES]: Creating vanilla freeze snapshot
[12:02:19] [pool-4-thread-1/DEBUG] [ne.mi.re.ForgeRegistry/REGISTRIES]: Registry minecraft:block Sync: VANILLA -> ACTIVE
[12:02:19] [pool-4-thread-1/DEBUG] [ne.mi.re.ForgeRegistry/REGISTRIES]: Registry minecraft:fluid Sync: VANILLA -> ACTIVE
[12:02:19] [pool-4-thread-1/DEBUG] [ne.mi.re.ForgeRegistry/REGISTRIES]: Registry minecraft:item Sync: VANILLA -> ACTIVE
[12:02:19] [pool-4-thread-1/DEBUG] [ne.mi.re.ForgeRegistry/REGISTRIES]: Registry minecraft:mob_effect Sync: VANILLA -> ACTIVE
[12:02:19] [pool-4-thread-1/DEBUG] [ne.mi.re.ForgeRegistry/REGISTRIES]: Registry minecraft:sound_event Sync: VANILLA -> ACTIVE
[12:02:19] [pool-4-thread-1/DEBUG] [ne.mi.re.ForgeRegistry/REGISTRIES]: Registry minecraft:potion Sync: VANILLA -> ACTIVE
[12:02:19] [pool-4-thread-1/DEBUG] [ne.mi.re.ForgeRegistry/REGISTRIES]: Registry minecraft:enchantment Sync: VANILLA -> ACTIVE
[12:02:19] [pool-4-thread-1/DEBUG] [ne.mi.re.ForgeRegistry/REGISTRIES]: Registry minecraft:entity_type Sync: VANILLA -> ACTIVE
[12:02:19] [pool-4-thread-1/DEBUG] [ne.mi.re.ForgeRegistry/REGISTRIES]: Registry minecraft:block_entity_type Sync: VANILLA -> ACTIVE
[12:02:19] [pool-4-thread-1/DEBUG] [ne.mi.re.ForgeRegistry/REGISTRIES]: Registry minecraft:particle_type Sync: VANILLA -> ACTIVE
[12:02:19] [pool-4-thread-1/DEBUG] [ne.mi.re.ForgeRegistry/REGISTRIES]: Registry minecraft:menu Sync: VANILLA -> ACTIVE
[12:02:19] [pool-4-thread-1/DEBUG] [ne.mi.re.ForgeRegistry/REGISTRIES]: Registry minecraft:painting_variant Sync: VANILLA -> ACTIVE
[12:02:19] [pool-4-thread-1/DEBUG] [ne.mi.re.ForgeRegistry/REGISTRIES]: Registry minecraft:recipe_type Sync: VANILLA -> ACTIVE
[12:02:19] [pool-4-thread-1/DEBUG] [ne.mi.re.ForgeRegistry/REGISTRIES]: Registry minecraft:recipe_serializer Sync: VANILLA -> ACTIVE
[12:02:19] [pool-4-thread-1/DEBUG] [ne.mi.re.ForgeRegistry/REGISTRIES]: Registry minecraft:attribute Sync: VANILLA -> ACTIVE
[12:02:19] [pool-4-thread-1/DEBUG] [ne.mi.re.ForgeRegistry/REGISTRIES]: Registry minecraft:stat_type Sync: VANILLA -> ACTIVE
[12:02:19] [pool-4-thread-1/DEBUG] [ne.mi.re.ForgeRegistry/REGISTRIES]: Registry minecraft:command_argument_type Sync: VANILLA -> ACTIVE
[12:02:19] [pool-4-thread-1/DEBUG] [ne.mi.re.ForgeRegistry/REGISTRIES]: Registry minecraft:villager_profession Sync: VANILLA -> ACTIVE
[12:02:19] [pool-4-thread-1/DEBUG] [ne.mi.re.ForgeRegistry/REGISTRIES]: Registry minecraft:point_of_interest_type Sync: VANILLA -> ACTIVE
[12:02:19] [pool-4-thread-1/DEBUG] [ne.mi.re.ForgeRegistry/REGISTRIES]: Registry minecraft:memory_module_type Sync: VANILLA -> ACTIVE
[12:02:19] [pool-4-thread-1/DEBUG] [ne.mi.re.ForgeRegistry/REGISTRIES]: Registry minecraft:sensor_type Sync: VANILLA -> ACTIVE
[12:02:19] [pool-4-thread-1/DEBUG] [ne.mi.re.ForgeRegistry/REGISTRIES]: Registry minecraft:schedule Sync: VANILLA -> ACTIVE
[12:02:19] [pool-4-thread-1/DEBUG] [ne.mi.re.ForgeRegistry/REGISTRIES]: Registry minecraft:activity Sync: VANILLA -> ACTIVE
[12:02:19] [pool-4-thread-1/DEBUG] [ne.mi.re.ForgeRegistry/REGISTRIES]: Registry minecraft:worldgen/carver Sync: VANILLA -> ACTIVE
[12:02:19] [pool-4-thread-1/DEBUG] [ne.mi.re.ForgeRegistry/REGISTRIES]: Registry minecraft:worldgen/feature Sync: VANILLA -> ACTIVE
[12:02:19] [pool-4-thread-1/DEBUG] [ne.mi.re.ForgeRegistry/REGISTRIES]: Registry minecraft:chunk_status Sync: VANILLA -> ACTIVE
[12:02:19] [pool-4-thread-1/DEBUG] [ne.mi.re.ForgeRegistry/REGISTRIES]: Registry minecraft:worldgen/block_state_provider_type Sync: VANILLA -> ACTIVE
[12:02:19] [pool-4-thread-1/DEBUG] [ne.mi.re.ForgeRegistry/REGISTRIES]: Registry minecraft:worldgen/foliage_placer_type Sync: VANILLA -> ACTIVE
[12:02:19] [pool-4-thread-1/DEBUG] [ne.mi.re.ForgeRegistry/REGISTRIES]: Registry minecraft:worldgen/tree_decorator_type Sync: VANILLA -> ACTIVE
[12:02:19] [pool-4-thread-1/DEBUG] [ne.mi.re.ForgeRegistry/REGISTRIES]: Registry minecraft:worldgen/biome Sync: VANILLA -> ACTIVE
[12:02:19] [pool-4-thread-1/DEBUG] [ne.mi.re.GameData/REGISTRIES]: Vanilla freeze snapshot created
[12:02:19] [pool-4-thread-1/DEBUG] [io.ne.ut.in.PlatformDependent0/]: -Dio.netty.noUnsafe: false
[12:02:19] [pool-4-thread-1/DEBUG] [io.ne.ut.in.PlatformDependent0/]: Java version: 17
[12:02:19] [pool-4-thread-1/DEBUG] [io.ne.ut.in.PlatformDependent0/]: sun.misc.Unsafe.theUnsafe: available
[12:02:19] [pool-4-thread-1/DEBUG] [io.ne.ut.in.PlatformDependent0/]: sun.misc.Unsafe.copyMemory: available
[12:02:19] [pool-4-thread-1/DEBUG] [io.ne.ut.in.PlatformDependent0/]: sun.misc.Unsafe.storeFence: available
[12:02:19] [pool-4-thread-1/DEBUG] [io.ne.ut.in.PlatformDependent0/]: java.nio.Buffer.address: available
[12:02:19] [pool-4-thread-1/DEBUG] [io.ne.ut.in.PlatformDependent0/]: direct buffer constructor: unavailable
java.lang.UnsupportedOperationException: Reflective setAccessible(true) disabled
	at io.netty.util.internal.ReflectionUtil.trySetAccessible(ReflectionUtil.java:31) ~[netty-common-4.1.82.Final.jar%23151!/:4.1.82.Final] {}
	at io.netty.util.internal.PlatformDependent0$5.run(PlatformDependent0.java:288) ~[netty-common-4.1.82.Final.jar%23151!/:4.1.82.Final] {}
	at java.security.AccessController.doPrivileged(AccessController.java:318) ~[?:?] {}
	at io.netty.util.internal.PlatformDependent0.<clinit>(PlatformDependent0.java:282) ~[netty-common-4.1.82.Final.jar%23151!/:4.1.82.Final] {}
	at io.netty.util.internal.PlatformDependent.isAndroid(PlatformDependent.java:333) ~[netty-common-4.1.82.Final.jar%23151!/:4.1.82.Final] {}
	at io.netty.util.internal.PlatformDependent.<clinit>(PlatformDependent.java:88) ~[netty-common-4.1.82.Final.jar%23151!/:4.1.82.Final] {}
	at io.netty.util.ConstantPool.<init>(ConstantPool.java:34) ~[netty-common-4.1.82.Final.jar%23151!/:4.1.82.Final] {}
	at io.netty.util.AttributeKey$1.<init>(AttributeKey.java:27) ~[netty-common-4.1.82.Final.jar%23151!/:4.1.82.Final] {}
	at io.netty.util.AttributeKey.<clinit>(AttributeKey.java:27) ~[netty-common-4.1.82.Final.jar%23151!/:4.1.82.Final] {}
	at net.minecraftforge.network.NetworkConstants.<clinit>(NetworkConstants.java:34) ~[forge-1.20.1-47.4.20_mapped_official_1.20.1-recomp.jar%23190%23197!/:?] {re:classloading}
	at net.minecraftforge.network.NetworkHooks.init(NetworkHooks.java:52) ~[forge-1.20.1-47.4.20_mapped_official_1.20.1-recomp.jar%23190%23197!/:?] {re:classloading}
	at net.minecraft.server.Bootstrap.bootStrap(Bootstrap.java:62) ~[forge-1.20.1-47.4.20_mapped_official_1.20.1-recomp.jar%23191!/:?] {re:classloading}
	at net.minecraft.client.main.Main.lambda$main$0(Main.java:151) ~[forge-1.20.1-47.4.20_mapped_official_1.20.1-recomp.jar%23191!/:?] {re:classloading}
	at java.util.concurrent.Executors$RunnableAdapter.call(Executors.java:539) ~[?:?] {}
	at java.util.concurrent.FutureTask.run(FutureTask.java:264) ~[?:?] {}
	at java.util.concurrent.ThreadPoolExecutor.runWorker(ThreadPoolExecutor.java:1136) ~[?:?] {}
	at java.util.concurrent.ThreadPoolExecutor$Worker.run(ThreadPoolExecutor.java:635) ~[?:?] {}
	at java.lang.Thread.run(Thread.java:840) ~[?:?] {}
[12:02:19] [pool-4-thread-1/DEBUG] [io.ne.ut.in.PlatformDependent0/]: java.nio.Bits.unaligned: available, true
[12:02:19] [pool-4-thread-1/DEBUG] [io.ne.ut.in.PlatformDependent0/]: jdk.internal.misc.Unsafe.allocateUninitializedArray(int): unavailable
java.lang.IllegalAccessException: class io.netty.util.internal.PlatformDependent0$7 (in module io.netty.common) cannot access class jdk.internal.misc.Unsafe (in module java.base) because module java.base does not export jdk.internal.misc to module io.netty.common
	at jdk.internal.reflect.Reflection.newIllegalAccessException(Reflection.java:392) ~[?:?] {}
	at java.lang.reflect.AccessibleObject.checkAccess(AccessibleObject.java:674) ~[?:?] {}
	at java.lang.reflect.Method.invoke(Method.java:561) ~[?:?] {}
	at io.netty.util.internal.PlatformDependent0$7.run(PlatformDependent0.java:410) ~[netty-common-4.1.82.Final.jar%23151!/:4.1.82.Final] {}
	at java.security.AccessController.doPrivileged(AccessController.java:318) ~[?:?] {}
	at io.netty.util.internal.PlatformDependent0.<clinit>(PlatformDependent0.java:401) ~[netty-common-4.1.82.Final.jar%23151!/:4.1.82.Final] {}
	at io.netty.util.internal.PlatformDependent.isAndroid(PlatformDependent.java:333) ~[netty-common-4.1.82.Final.jar%23151!/:4.1.82.Final] {}
	at io.netty.util.internal.PlatformDependent.<clinit>(PlatformDependent.java:88) ~[netty-common-4.1.82.Final.jar%23151!/:4.1.82.Final] {}
	at io.netty.util.ConstantPool.<init>(ConstantPool.java:34) ~[netty-common-4.1.82.Final.jar%23151!/:4.1.82.Final] {}
	at io.netty.util.AttributeKey$1.<init>(AttributeKey.java:27) ~[netty-common-4.1.82.Final.jar%23151!/:4.1.82.Final] {}
	at io.netty.util.AttributeKey.<clinit>(AttributeKey.java:27) ~[netty-common-4.1.82.Final.jar%23151!/:4.1.82.Final] {}
	at net.minecraftforge.network.NetworkConstants.<clinit>(NetworkConstants.java:34) ~[forge-1.20.1-47.4.20_mapped_official_1.20.1-recomp.jar%23190%23197!/:?] {re:classloading}
	at net.minecraftforge.network.NetworkHooks.init(NetworkHooks.java:52) ~[forge-1.20.1-47.4.20_mapped_official_1.20.1-recomp.jar%23190%23197!/:?] {re:classloading}
	at net.minecraft.server.Bootstrap.bootStrap(Bootstrap.java:62) ~[forge-1.20.1-47.4.20_mapped_official_1.20.1-recomp.jar%23191!/:?] {re:classloading}
	at net.minecraft.client.main.Main.lambda$main$0(Main.java:151) ~[forge-1.20.1-47.4.20_mapped_official_1.20.1-recomp.jar%23191!/:?] {re:classloading}
	at java.util.concurrent.Executors$RunnableAdapter.call(Executors.java:539) ~[?:?] {}
	at java.util.concurrent.FutureTask.run(FutureTask.java:264) ~[?:?] {}
	at java.util.concurrent.ThreadPoolExecutor.runWorker(ThreadPoolExecutor.java:1136) ~[?:?] {}
	at java.util.concurrent.ThreadPoolExecutor$Worker.run(ThreadPoolExecutor.java:635) ~[?:?] {}
	at java.lang.Thread.run(Thread.java:840) ~[?:?] {}
[12:02:19] [pool-4-thread-1/DEBUG] [io.ne.ut.in.PlatformDependent0/]: java.nio.DirectByteBuffer.<init>(long, int): unavailable
[12:02:19] [pool-4-thread-1/DEBUG] [io.ne.ut.in.PlatformDependent/]: sun.misc.Unsafe: available
[12:02:19] [pool-4-thread-1/DEBUG] [io.ne.ut.in.PlatformDependent/]: maxDirectMemory: 17104371712 bytes (maybe)
[12:02:19] [pool-4-thread-1/DEBUG] [io.ne.ut.in.PlatformDependent/]: -Dio.netty.tmpdir: C:\Users\matga\AppData\Local\Temp (java.io.tmpdir)
[12:02:19] [pool-4-thread-1/DEBUG] [io.ne.ut.in.PlatformDependent/]: -Dio.netty.bitMode: 64 (sun.arch.data.model)
[12:02:19] [pool-4-thread-1/DEBUG] [io.ne.ut.in.PlatformDependent/]: Platform: Windows
[12:02:19] [pool-4-thread-1/DEBUG] [io.ne.ut.in.PlatformDependent/]: -Dio.netty.maxDirectMemory: -1 bytes
[12:02:19] [pool-4-thread-1/DEBUG] [io.ne.ut.in.PlatformDependent/]: -Dio.netty.uninitializedArrayAllocationThreshold: -1
[12:02:19] [pool-4-thread-1/DEBUG] [io.ne.ut.in.CleanerJava9/]: java.nio.ByteBuffer.cleaner(): available
[12:02:19] [pool-4-thread-1/DEBUG] [io.ne.ut.in.PlatformDependent/]: -Dio.netty.noPreferDirect: false
[12:02:19] [pool-4-thread-1/DEBUG] [ne.mi.ne.NetworkHooks/]: Loading Network data for FML net version: FML3
[12:02:19] [Render thread/DEBUG] [mixin/]: Mixing workarounds.event_loop.RenderSystemMixin from embeddium.mixins.json into com.mojang.blaze3d.systems.RenderSystem
[12:02:19] [Render thread/DEBUG] [mixin/]: Mixing features.render.immediate.buffer_builder.BufferBuilderMixin from embeddium.mixins.json into com.mojang.blaze3d.vertex.BufferBuilder
[12:02:19] [Render thread/DEBUG] [mixin/]: Mixing core.render.immediate.consumer.BufferBuilderMixin from embeddium.mixins.json into com.mojang.blaze3d.vertex.BufferBuilder
[12:02:19] [Render thread/DEBUG] [mixin/]: Mixing features.render.immediate.buffer_builder.sorting.BufferBuilderMixin from embeddium.mixins.json into com.mojang.blaze3d.vertex.BufferBuilder
[12:02:19] [Render thread/DEBUG] [mixin/]: Mixing features.render.immediate.buffer_builder.intrinsics.BufferBuilderMixin from embeddium.mixins.json into com.mojang.blaze3d.vertex.BufferBuilder
[12:02:19] [Render thread/DEBUG] [mixin/]: Mixing features.render.immediate.buffer_builder.sorting.VertexSorterMixin from embeddium.mixins.json into com.mojang.blaze3d.vertex.VertexSorting
[12:02:19] [Render thread/DEBUG] [mixin/]: Mixing core.render.MatrixStackMixin from embeddium.mixins.json into com.mojang.blaze3d.vertex.PoseStack
[12:02:19] [Render thread/DEBUG] [mixin/]: Mixing client.MixinGuiVignette from projectatmosphere.mixins.json into net.minecraft.client.gui.Gui
[12:02:19] [Render thread/DEBUG] [mixin/]: Mixing features.options.overlays.InGameHudMixin from embeddium.mixins.json into net.minecraft.client.gui.Gui
[12:02:19] [Render thread/DEBUG] [mixin/]: Mixing features.render.gui.debug.ForgeGuiMixin from embeddium.mixins.json into net.minecraftforge.client.gui.overlay.ForgeGui
[12:02:19] [Render thread/DEBUG] [mixin/]: Renaming synthetic method lambda$renderLinesVanilla$0(Lme/jellysquid/mods/sodium/mixin/features/render/gui/debug/DebugScreenOverlayAccessor;Lnet/minecraft/client/gui/GuiGraphics;Ljava/util/ArrayList;Ljava/util/ArrayList;)V to md5f9133$lambda$renderLinesVanilla$0$0 in embeddium.mixins.json:features.render.gui.debug.ForgeGuiMixin
[12:02:19] [Render thread/DEBUG] [mixin/]: Mixing MixinLevelEvent from architectury.mixins.json into net.minecraftforge.event.level.LevelEvent
[12:02:19] [Render thread/DEBUG] [mixin/]: Mixing client.LoadingScreenMixin from projectatmosphere.mixins.json into net.minecraft.client.gui.screens.LevelLoadingScreen
[12:02:19] [Render thread/DEBUG] [mixin/]: Mixing features.gui.screen.LevelLoadingScreenMixin from embeddium.mixins.json into net.minecraft.client.gui.screens.LevelLoadingScreen
[12:02:19] [Render thread/DEBUG] [mixin/]: Renaming synthetic method lambda$renderChunks$0(Lit/unimi/dsi/fastutil/objects/Object2IntMap$Entry;)V to md5f9133$lambda$renderChunks$0$0 in embeddium.mixins.json:features.gui.screen.LevelLoadingScreenMixin
[12:02:19] [Render thread/DEBUG] [mixin/]: Mixing BuiltInPackSourceAccessor from tectonic_1.20.1.mixins.json into net.minecraft.server.packs.repository.BuiltInPackSource
[12:02:19] [Render thread/WARN] [minecraft/VanillaPackResourcesBuilder]: Assets URL 'union:/C:/Users/matga/.gradle/caches/forge_gradle/minecraft_user_repo/net/minecraftforge/forge/1.20.1-47.4.20_mapped_official_1.20.1/forge-1.20.1-47.4.20_mapped_official_1.20.1-recomp.jar%23191!/assets/.mcassetsroot' uses unexpected schema
[12:02:19] [Render thread/WARN] [minecraft/VanillaPackResourcesBuilder]: Assets URL 'union:/C:/Users/matga/.gradle/caches/forge_gradle/minecraft_user_repo/net/minecraftforge/forge/1.20.1-47.4.20_mapped_official_1.20.1/forge-1.20.1-47.4.20_mapped_official_1.20.1-recomp.jar%23191!/data/.mcassetsroot' uses unexpected schema
[12:02:19] [Render thread/DEBUG] [mixin/]: Mixing PackRepositoryMixin from tectonic_1.20.1.mixins.json into net.minecraft.server.packs.repository.PackRepository
[12:02:19] [Render thread/INFO] [mojang/YggdrasilAuthenticationService]: Environment: authHost='https://authserver.mojang.com', accountsHost='https://api.mojang.com', sessionHost='https://sessionserver.mojang.com', servicesHost='https://api.minecraftservices.com', name='PROD'
[12:02:19] [Render thread/INFO] [minecraft/Minecraft]: Setting user: Dev
[12:02:19] [Render thread/INFO] [minecraft/Minecraft]: Backend library: LWJGL version 3.3.1 build 7
[12:02:19] [Render thread/DEBUG] [mixin/]: Mixing BorderlessMixin$WindowMixin from chloride.mixin.json into com.mojang.blaze3d.platform.Window
[12:02:19] [Render thread/DEBUG] [mixin/]: Mixing workarounds.context_creation.WindowMixin from embeddium.mixins.json into com.mojang.blaze3d.platform.Window
[12:02:19] [Render thread/WARN] [Embeddium-NvidiaWorkarounds/]: Applying workaround: Prevent the NVIDIA OpenGL driver from using broken optimizations (NVIDIA_THREADED_OPTIMIZATIONS)
[12:02:19] [Render thread/INFO] [Embeddium-PostlaunchChecks/]: OpenGL Vendor: NVIDIA Corporation
[12:02:19] [Render thread/INFO] [Embeddium-PostlaunchChecks/]: OpenGL Renderer: NVIDIA GeForce RTX 4070 Ti SUPER/PCIe/SSE2
[12:02:19] [Render thread/INFO] [Embeddium-PostlaunchChecks/]: OpenGL Version: 4.6.0 NVIDIA 610.62
[12:02:19] [Render thread/WARN] [Embeddium-PostlaunchChecks/]: Enabling secondary workaround for NVIDIA threaded optimizations
[12:02:19] [Render thread/DEBUG] [mixin/]: Mixing features.textures.NativeImageAccessor from embeddium.mixins.json into com.mojang.blaze3d.platform.NativeImage
[12:02:19] [Render thread/DEBUG] [mixin/]: Mixing client.MixinKeyboardHandler from glitchcore.mixins.json into net.minecraft.client.KeyboardHandler
[12:02:19] [Render thread/DEBUG] [mixin/]: Mixing BorderlessMixin$KeyboardHandlerMixin from chloride.mixin.json into net.minecraft.client.KeyboardHandler
[12:02:19] [Render thread/DEBUG] [ne.mi.co.ForgeI18n/CORE]: Loading I18N data entries: 6434
[12:02:19] [Render thread/DEBUG] [ne.mi.fm.ModWorkManager/LOADING]: Using 24 threads for parallel mod-loading
[12:02:19] [Render thread/DEBUG] [ne.mi.fm.ja.FMLJavaModLanguageProvider/LOADING]: Loading FMLModContainer from classloader cpw.mods.modlauncher.TransformingClassLoader@10272bbb - got cpw.mods.cl.ModuleClassLoader@1f38957
[12:02:19] [Render thread/DEBUG] [ne.mi.fm.ja.FMLModContainer/LOADING]: Creating FMLModContainer instance for betterdays.BetterDaysForge
[12:02:19] [Render thread/DEBUG] [ne.mi.fm.ja.FMLJavaModLanguageProvider/LOADING]: Loading FMLModContainer from classloader cpw.mods.modlauncher.TransformingClassLoader@10272bbb - got cpw.mods.cl.ModuleClassLoader@1f38957
[12:02:19] [Render thread/DEBUG] [ne.mi.fm.ja.FMLModContainer/LOADING]: Creating FMLModContainer instance for nonamecrackers2.crackerslib.CrackersLib
[12:02:19] [Render thread/DEBUG] [ne.mi.fm.ja.FMLJavaModLanguageProvider/LOADING]: Loading FMLModContainer from classloader cpw.mods.modlauncher.TransformingClassLoader@10272bbb - got cpw.mods.cl.ModuleClassLoader@1f38957
[12:02:19] [Render thread/DEBUG] [ne.mi.fm.ja.FMLModContainer/LOADING]: Creating FMLModContainer instance for com.llamalad7.mixinextras.platform.forge.MixinExtrasMod
[12:02:19] [Render thread/DEBUG] [ne.mi.fm.ja.FMLJavaModLanguageProvider/LOADING]: Loading FMLModContainer from classloader cpw.mods.modlauncher.TransformingClassLoader@10272bbb - got cpw.mods.cl.ModuleClassLoader@1f38957
[12:02:19] [Render thread/DEBUG] [ne.mi.fm.ja.FMLModContainer/LOADING]: Creating FMLModContainer instance for com.leclowndu93150.coolrain.CoolRain
[12:02:19] [Render thread/DEBUG] [ne.mi.fm.ja.FMLJavaModLanguageProvider/LOADING]: Loading FMLModContainer from classloader cpw.mods.modlauncher.TransformingClassLoader@10272bbb - got cpw.mods.cl.ModuleClassLoader@1f38957
[12:02:19] [Render thread/DEBUG] [ne.mi.fm.ja.FMLModContainer/LOADING]: Creating FMLModContainer instance for glitchcore.forge.GlitchCoreForge
[12:02:19] [Render thread/DEBUG] [ne.mi.fm.ja.FMLJavaModLanguageProvider/LOADING]: Loading FMLModContainer from classloader cpw.mods.modlauncher.TransformingClassLoader@10272bbb - got cpw.mods.cl.ModuleClassLoader@1f38957
[12:02:19] [Render thread/DEBUG] [ne.mi.fm.ja.FMLModContainer/LOADING]: Creating FMLModContainer instance for sereneseasons.forge.core.SereneSeasonsForge
[12:02:19] [Render thread/DEBUG] [ne.mi.fm.ja.FMLJavaModLanguageProvider/LOADING]: Loading FMLModContainer from classloader cpw.mods.modlauncher.TransformingClassLoader@10272bbb - got cpw.mods.cl.ModuleClassLoader@1f38957
[12:02:19] [Render thread/DEBUG] [ne.mi.fm.ja.FMLModContainer/LOADING]: Creating FMLModContainer instance for snownee.jade.util.CommonProxy
[12:02:19] [Render thread/DEBUG] [ne.mi.fm.ja.FMLJavaModLanguageProvider/LOADING]: Loading FMLModContainer from classloader cpw.mods.modlauncher.TransformingClassLoader@10272bbb - got cpw.mods.cl.ModuleClassLoader@1f38957
[12:02:19] [Render thread/DEBUG] [ne.mi.fm.ja.FMLModContainer/LOADING]: Creating FMLModContainer instance for dev.architectury.forge.ArchitecturyForge
[12:02:19] [Render thread/DEBUG] [ne.mi.fm.ja.FMLJavaModLanguageProvider/LOADING]: Loading FMLModContainer from classloader cpw.mods.modlauncher.TransformingClassLoader@10272bbb - got cpw.mods.cl.ModuleClassLoader@1f38957
[12:02:19] [Render thread/DEBUG] [ne.mi.fm.ja.FMLModContainer/LOADING]: Creating FMLModContainer instance for technology.roughness.whitenoise.WhiteNoiseForge
[12:02:19] [Render thread/DEBUG] [ne.mi.fm.ja.FMLJavaModLanguageProvider/LOADING]: Loading FMLModContainer from classloader cpw.mods.modlauncher.TransformingClassLoader@10272bbb - got cpw.mods.cl.ModuleClassLoader@1f38957
[12:02:19] [Render thread/DEBUG] [ne.mi.fm.ja.FMLModContainer/LOADING]: Creating FMLModContainer instance for mezz.jei.forge.JustEnoughItems
[12:02:19] [Render thread/DEBUG] [ne.mi.fm.ja.FMLJavaModLanguageProvider/LOADING]: Loading FMLModContainer from classloader cpw.mods.modlauncher.TransformingClassLoader@10272bbb - got cpw.mods.cl.ModuleClassLoader@1f38957
[12:02:19] [Render thread/DEBUG] [ne.mi.fm.ja.FMLModContainer/LOADING]: Creating FMLModContainer instance for dev.worldgen.lithostitched.LithostitchedForge
[12:02:19] [Render thread/DEBUG] [ne.mi.fm.ja.FMLJavaModLanguageProvider/LOADING]: Loading FMLModContainer from classloader cpw.mods.modlauncher.TransformingClassLoader@10272bbb - got cpw.mods.cl.ModuleClassLoader@1f38957
[12:02:19] [Render thread/DEBUG] [ne.mi.fm.ja.FMLModContainer/LOADING]: Creating FMLModContainer instance for me.shedaniel.clothconfig.ClothConfigForge
[12:02:19] [Render thread/DEBUG] [ne.mi.fm.ja.FMLJavaModLanguageProvider/LOADING]: Loading FMLModContainer from classloader cpw.mods.modlauncher.TransformingClassLoader@10272bbb - got cpw.mods.cl.ModuleClassLoader@1f38957
[12:02:19] [Render thread/DEBUG] [ne.mi.fm.ja.FMLModContainer/LOADING]: Creating FMLModContainer instance for me.lucko.spark.forge.ForgeSparkMod
[12:02:19] [Render thread/DEBUG] [ne.mi.fm.ja.FMLJavaModLanguageProvider/LOADING]: Loading FMLModContainer from classloader cpw.mods.modlauncher.TransformingClassLoader@10272bbb - got cpw.mods.cl.ModuleClassLoader@1f38957
[12:02:19] [Render thread/DEBUG] [ne.mi.fm.ja.FMLModContainer/LOADING]: Creating FMLModContainer instance for net.Gabou.gaboulibs.forge.GaboulibsForge
[12:02:19] [Render thread/DEBUG] [ne.mi.fm.ja.FMLJavaModLanguageProvider/LOADING]: Loading FMLModContainer from classloader cpw.mods.modlauncher.TransformingClassLoader@10272bbb - got cpw.mods.cl.ModuleClassLoader@1f38957
[12:02:19] [Render thread/DEBUG] [ne.mi.fm.ja.FMLModContainer/LOADING]: Creating FMLModContainer instance for net.minecraftforge.common.ForgeMod
[12:02:19] [Render thread/DEBUG] [ne.mi.fm.ja.FMLJavaModLanguageProvider/LOADING]: Loading FMLModContainer from classloader cpw.mods.modlauncher.TransformingClassLoader@10272bbb - got cpw.mods.cl.ModuleClassLoader@1f38957
[12:02:19] [Render thread/DEBUG] [ne.mi.fm.ja.FMLModContainer/LOADING]: Creating FMLModContainer instance for me.jellysquid.mods.sodium.client.SodiumClientMod
[12:02:19] [Render thread/DEBUG] [ne.mi.fm.ja.FMLJavaModLanguageProvider/LOADING]: Loading FMLModContainer from classloader cpw.mods.modlauncher.TransformingClassLoader@10272bbb - got cpw.mods.cl.ModuleClassLoader@1f38957
[12:02:19] [Render thread/DEBUG] [ne.mi.fm.ja.FMLModContainer/LOADING]: Creating FMLModContainer instance for me.jellysquid.mods.sodium.client.RubidiumStub
[12:02:19] [Render thread/DEBUG] [ne.mi.fm.ja.FMLJavaModLanguageProvider/LOADING]: Loading FMLModContainer from classloader cpw.mods.modlauncher.TransformingClassLoader@10272bbb - got cpw.mods.cl.ModuleClassLoader@1f38957
[12:02:19] [Render thread/DEBUG] [ne.mi.fm.ja.FMLModContainer/LOADING]: Creating FMLModContainer instance for me.srrapero720.chloride.Chloride
[12:02:19] [Render thread/DEBUG] [ne.mi.fm.ja.FMLJavaModLanguageProvider/LOADING]: Loading FMLModContainer from classloader cpw.mods.modlauncher.TransformingClassLoader@10272bbb - got cpw.mods.cl.ModuleClassLoader@1f38957
[12:02:19] [Render thread/DEBUG] [ne.mi.fm.ja.FMLModContainer/LOADING]: Creating FMLModContainer instance for net.Gabou.projectatmosphere.ProjectAtmosphere
[12:02:19] [Render thread/DEBUG] [ne.mi.fm.ja.FMLJavaModLanguageProvider/LOADING]: Loading FMLModContainer from classloader cpw.mods.modlauncher.TransformingClassLoader@10272bbb - got cpw.mods.cl.ModuleClassLoader@1f38957
[12:02:19] [Render thread/DEBUG] [ne.mi.fm.ja.FMLModContainer/LOADING]: Creating FMLModContainer instance for com.Gabou.sereneseasonsplus.SereneSeasonsPlusForge
[12:02:19] [Render thread/DEBUG] [ne.mi.fm.ja.FMLJavaModLanguageProvider/LOADING]: Loading FMLModContainer from classloader cpw.mods.modlauncher.TransformingClassLoader@10272bbb - got cpw.mods.cl.ModuleClassLoader@1f38957
[12:02:19] [Render thread/DEBUG] [ne.mi.fm.ja.FMLModContainer/LOADING]: Creating FMLModContainer instance for dev.worldgen.tectonic.TectonicLexforge
[12:02:19] [modloading-worker-0/DEBUG] [ne.mi.fm.ja.AutomaticEventSubscriber/LOADING]: Attempting to inject @EventBusSubscriber classes into the eventbus for glitchcore
[12:02:19] [modloading-worker-0/DEBUG] [ne.mi.fm.ja.AutomaticEventSubscriber/LOADING]: Attempting to inject @EventBusSubscriber classes into the eventbus for mixinextras
[12:02:19] [modloading-worker-0/INFO] [chloride/Main]: Chloride is here, lets make your experience taste-able
[12:02:19] [modloading-worker-0/DEBUG] [ne.mi.fm.ja.AutomaticEventSubscriber/LOADING]: Attempting to inject @EventBusSubscriber classes into the eventbus for chloride
[12:02:19] [modloading-worker-0/DEBUG] [ne.mi.fm.ja.AutomaticEventSubscriber/LOADING]: Attempting to inject @EventBusSubscriber classes into the eventbus for rubidium
[12:02:19] [modloading-worker-0/INFO] [projectatmosphere/]: Project Atmosphere is loading!
[12:02:19] [modloading-worker-0/DEBUG] [Better Days/]: Loaded betterdays.platform.ForgeClientPlatform@6280d237 for service interface betterdays.platform.services.IClientPlatform
[12:02:19] [modloading-worker-0/DEBUG] [Better Days/]: Loaded betterdays.platform.ForgePlatform@93f45a3 for service interface betterdays.platform.services.IPlatform
[12:02:19] [modloading-worker-0/DEBUG] [ne.mi.fm.ja.AutomaticEventSubscriber/LOADING]: Attempting to inject @EventBusSubscriber classes into the eventbus for cloth_config
[12:02:19] [modloading-worker-0/DEBUG] [Better Days/]: Loaded betterdays.platform.ForgeRegistryProvider@13933f for service interface betterdays.platform.services.IRegistryFactory
[12:02:19] [modloading-worker-0/DEBUG] [mixin/]: Mixing MinecraftServerMixin from sereneseasonsplus.mixins.json into net.minecraft.server.MinecraftServer
[12:02:19] [modloading-worker-0/DEBUG] [ne.mi.fm.ja.AutomaticEventSubscriber/LOADING]: Auto-subscribing glitchcore.forge.handlers.VillagerTradesEventHandler to FORGE
[12:02:19] [modloading-worker-0/DEBUG] [ne.mi.fm.ja.AutomaticEventSubscriber/LOADING]: Auto-subscribing me.srrapero720.chloride.impl.sodium.SodiumFeatures to FORGE
[12:02:19] [modloading-worker-0/DEBUG] [mixin/]: Mixing impl.MixinEnvironment from glitchcore.forge.mixins.json into glitchcore.util.Environment
[12:02:19] [modloading-worker-0/DEBUG] [ne.mi.fm.ja.AutomaticEventSubscriber/LOADING]: Auto-subscribing glitchcore.forge.handlers.TooltipEventHandler to FORGE
[12:02:19] [modloading-worker-0/DEBUG] [ne.mi.fm.ja.AutomaticEventSubscriber/LOADING]: Auto-subscribing glitchcore.forge.handlers.ToolModificationEventHandler to FORGE
[12:02:19] [modloading-worker-0/DEBUG] [ne.mi.fm.ja.AutomaticEventSubscriber/LOADING]: Attempting to inject @EventBusSubscriber classes into the eventbus for embeddium
[12:02:19] [modloading-worker-0/DEBUG] [ne.mi.fm.ja.AutomaticEventSubscriber/LOADING]: Auto-subscribing org.embeddedt.embeddium.render.frapi.SpriteFinderCache to MOD
[12:02:19] [modloading-worker-0/DEBUG] [ne.mi.fm.ja.AutomaticEventSubscriber/LOADING]: Attempting to inject @EventBusSubscriber classes into the eventbus for coolrain
[12:02:19] [modloading-worker-0/DEBUG] [mixin/]: Mixing features.textures.animations.tracking.SpriteMixin from embeddium.mixins.json into net.minecraft.client.renderer.texture.TextureAtlasSprite
[12:02:19] [modloading-worker-0/DEBUG] [ne.mi.fm.ja.AutomaticEventSubscriber/LOADING]: Auto-subscribing me.srrapero720.chloride.impl.Zoom to FORGE
[12:02:19] [modloading-worker-0/DEBUG] [ne.mi.fm.ja.AutomaticEventSubscriber/LOADING]: Auto-subscribing glitchcore.forge.handlers.TickEventHandler to FORGE
[12:02:19] [modloading-worker-0/DEBUG] [ne.mi.fm.co.ConfigTracker/CONFIG]: Config file crackerslib-client.toml for crackerslib tracking
[12:02:19] [modloading-worker-0/DEBUG] [ne.mi.fm.co.ConfigTracker/CONFIG]: Config file jei-server.toml for jei tracking
[12:02:19] [modloading-worker-0/DEBUG] [ne.mi.fm.ja.AutomaticEventSubscriber/LOADING]: Auto-subscribing glitchcore.forge.handlers.TagsUpdatedEventHandler to FORGE
[12:02:19] [modloading-worker-0/DEBUG] [ne.mi.fm.ja.AutomaticEventSubscriber/LOADING]: Auto-subscribing org.embeddedt.embeddium.impl.ConfigScreenHandlerHook to MOD
[12:02:19] [modloading-worker-0/DEBUG] [ne.mi.fm.ja.AutomaticEventSubscriber/LOADING]: Attempting to inject @EventBusSubscriber classes into the eventbus for crackerslib
[12:02:19] [modloading-worker-0/WARN] [CompatUtils/]: Detected both Project Atmosphere and Serene Seasons Plus; running with both may be unstable. Elected host: PROJECT_ATMOSPHERE
[12:02:19] [modloading-worker-0/DEBUG] [mixin/]: Mixing client.MixinGameRenderer from projectatmosphere.mixins.json into net.minecraft.client.renderer.GameRenderer
[12:02:19] [modloading-worker-0/DEBUG] [ne.mi.ve.fo.ForgeVersion/CORE]: Forge Version package package net.minecraftforge.versions.forge, Forge, version 47.4 from cpw.mods.modlauncher.TransformingClassLoader@10272bbb
[12:02:19] [modloading-worker-0/DEBUG] [ne.mi.ve.fo.ForgeVersion/CORE]: Found Forge version 47.4.20
[12:02:19] [modloading-worker-0/DEBUG] [ne.mi.ve.fo.ForgeVersion/CORE]: Found Forge spec 47.4
[12:02:19] [modloading-worker-0/DEBUG] [ne.mi.ve.fo.ForgeVersion/CORE]: Found Forge group net.minecraftforge
[12:02:19] [modloading-worker-0/DEBUG] [mixin/]: Mixing MixinGameRendererAccessor from crackerslib.mixins.json into net.minecraft.client.renderer.GameRenderer
[12:02:19] [modloading-worker-0/DEBUG] [ne.mi.fm.ja.AutomaticEventSubscriber/LOADING]: Attempting to inject @EventBusSubscriber classes into the eventbus for spark
[12:02:19] [modloading-worker-0/DEBUG] [ne.mi.fm.co.ConfigTracker/CONFIG]: Config file projectatmosphere-common.toml for projectatmosphere tracking
[12:02:19] [modloading-worker-0/DEBUG] [mixin/]: Mixing darkness.GameRendererMixin from chloride.mixin.json into net.minecraft.client.renderer.GameRenderer
[12:02:19] [modloading-worker-0/DEBUG] [mixin/]: Mixing features.gui.hooks.console.GameRendererMixin from embeddium.mixins.json into net.minecraft.client.renderer.GameRenderer
[12:02:20] [modloading-worker-0/DEBUG] [ne.mi.fm.ja.AutomaticEventSubscriber/LOADING]: Auto-subscribing org.embeddedt.embeddium.compat.immersive.ImmersiveCompat to MOD
[12:02:20] [modloading-worker-0/DEBUG] [ne.mi.fm.ja.AutomaticEventSubscriber/LOADING]: Auto-subscribing glitchcore.forge.handlers.RegistryEventHandler to MOD
[12:02:20] [modloading-worker-0/DEBUG] [ne.mi.ve.mc.MCPVersion/CORE]: MCP Version package package net.minecraftforge.versions.mcp, Minecraft, version 1.20.1 from cpw.mods.modlauncher.TransformingClassLoader@10272bbb
[12:02:20] [modloading-worker-0/DEBUG] [ne.mi.ve.mc.MCPVersion/CORE]: Found MC version information 1.20.1
[12:02:20] [modloading-worker-0/DEBUG] [ne.mi.ve.mc.MCPVersion/CORE]: Found MCP version information 20230612.114412
[12:02:20] [modloading-worker-0/INFO] [ne.mi.co.ForgeMod/FORGEMOD]: Forge mod loading, version 47.4.20, for MC 1.20.1 with MCP 20230612.114412
[12:02:20] [modloading-worker-0/INFO] [ne.mi.co.MinecraftForge/FORGE]: MinecraftForge v47.4.20 Initialized
[12:02:20] [modloading-worker-0/DEBUG] [WhiteNoise/]: Loaded technology.roughness.whitenoise.platform.ForgeConfigHelper@6448315 for service interface technology.roughness.whitenoise.platform.services.IConfigHelper
[12:02:20] [modloading-worker-0/DEBUG] [ne.mi.fm.ja.AutomaticEventSubscriber/LOADING]: Auto-subscribing org.embeddedt.embeddium.compat.ccl.CCLCompatBootstrap to MOD
[12:02:20] [modloading-worker-0/DEBUG] [ne.mi.fm.ja.AutomaticEventSubscriber/LOADING]: Auto-subscribing glitchcore.forge.handlers.RegisterParticleProvidersEventHandler to MOD
[12:02:20] [modloading-worker-0/DEBUG] [WhiteNoise/]: Loaded technology.roughness.whitenoise.platform.ForgeClientPlatform@20c52fd6 for service interface technology.roughness.whitenoise.platform.services.IClientPlatform
[12:02:20] [modloading-worker-0/INFO] [projectatmosphere/]: No temperature mod loaded, skipping compatibility setup.
[12:02:20] [modloading-worker-0/DEBUG] [WhiteNoise/]: Loaded technology.roughness.whitenoise.platform.ForgePlatform@4103b62a for service interface technology.roughness.whitenoise.platform.services.IPlatform
[12:02:20] [modloading-worker-0/INFO] [projectatmosphere/]: Sand Storms mod not found.
[12:02:20] [modloading-worker-0/INFO] [projectatmosphere/]: Auroras mod not detected.
[12:02:20] [modloading-worker-0/INFO] [projectatmosphere/]: Rainbows mod not detected.
[12:02:20] [modloading-worker-0/INFO] [projectatmosphere/]: Tectonic detected - enabling refined ocean geometry.
[12:02:20] [modloading-worker-0/INFO] [projectatmosphere/]: Continents mod not detected.
[12:02:20] [modloading-worker-0/INFO] [projectatmosphere/]: Dynamic Trees not detected.
[12:02:20] [modloading-worker-0/DEBUG] [mixin/]: Mixing client.particle.WindBentParticleEngineMixin from projectatmosphere.mixins.json into net.minecraft.client.particle.ParticleEngine
[12:02:20] [modloading-worker-0/DEBUG] [mixin/]: Mixing ParticlesMixins$EngineMixin from chloride.mixin.json into net.minecraft.client.particle.ParticleEngine
[12:02:20] [modloading-worker-0/DEBUG] [ne.mi.fm.ja.AutomaticEventSubscriber/LOADING]: Auto-subscribing me.srrapero720.chloride.impl.Zoom$ModEvents to MOD
[12:02:20] [modloading-worker-0/DEBUG] [ne.mi.fm.ja.AutomaticEventSubscriber/LOADING]: Auto-subscribing me.srrapero720.chloride.impl.Overlay to FORGE
[12:02:20] [modloading-worker-0/DEBUG] [ne.mi.fm.ja.AutomaticEventSubscriber/LOADING]: Auto-subscribing glitchcore.forge.handlers.RegisterCommandsEventHandler to FORGE
[12:02:20] [modloading-worker-0/DEBUG] [ne.mi.fm.ja.AutomaticEventSubscriber/LOADING]: Auto-subscribing glitchcore.forge.handlers.PlayerQuitClientEventHandler to FORGE
[12:02:20] [modloading-worker-0/DEBUG] [ne.mi.fm.ja.AutomaticEventSubscriber/LOADING]: Auto-subscribing glitchcore.forge.handlers.PlayerLoggedInEventHandler to FORGE
[12:02:20] [modloading-worker-0/DEBUG] [ne.mi.fm.ja.AutomaticEventSubscriber/LOADING]: Auto-subscribing glitchcore.forge.handlers.LevelRenderEventHandler to FORGE
[12:02:20] [modloading-worker-0/DEBUG] [mixin/]: Mixing impl.MixinPacketHandler from glitchcore.forge.mixins.json into glitchcore.network.PacketHandler
[12:02:20] [modloading-worker-0/DEBUG] [mixin/]: Renaming synthetic method lambda$init$3(Ljava/lang/String;)Ljava/lang/String; to md5f9133$lambda$init$3$0 in glitchcore.forge.mixins.json:impl.MixinPacketHandler
[12:02:20] [modloading-worker-0/DEBUG] [mixin/]: Renaming synthetic method lambda$sendToPlayer$2(Lnet/minecraft/server/level/ServerPlayer;)Lnet/minecraft/server/level/ServerPlayer; to md5f9133$lambda$sendToPlayer$2$1 in glitchcore.forge.mixins.json:impl.MixinPacketHandler
[12:02:20] [modloading-worker-0/DEBUG] [mixin/]: Renaming synthetic method lambda$register$1(Lglitchcore/network/CustomPacket;Lglitchcore/network/CustomPacket;Ljava/util/function/Supplier;)V to md5f9133$lambda$register$1$2 in glitchcore.forge.mixins.json:impl.MixinPacketHandler
[12:02:20] [modloading-worker-0/DEBUG] [mixin/]: Renaming synthetic method lambda$register$0(Lglitchcore/network/CustomPacket;Lglitchcore/network/CustomPacket;Ljava/util/function/Supplier;)V to md5f9133$lambda$register$0$3 in glitchcore.forge.mixins.json:impl.MixinPacketHandler
[12:02:20] [modloading-worker-0/DEBUG] [ne.mi.fm.ja.AutomaticEventSubscriber/LOADING]: Attempting to inject @EventBusSubscriber classes into the eventbus for gaboulibs
[12:02:20] [modloading-worker-0/DEBUG] [ne.mi.fm.ja.AutomaticEventSubscriber/LOADING]: Auto-subscribing me.srrapero720.chloride.impl.HideNametag to FORGE
[12:02:20] [modloading-worker-0/DEBUG] [mixin/]: Mixing features.render.world.clouds.WorldRendererMixin from embeddium.mixins.json into net.minecraft.client.renderer.LevelRenderer
[12:02:20] [modloading-worker-0/DEBUG] [mixin/]: Mixing RainMixin from coolrain.mixins.json into net.minecraft.client.renderer.LevelRenderer
[12:02:20] [modloading-worker-0/DEBUG] [ne.mi.fm.ja.AutomaticEventSubscriber/LOADING]: Attempting to inject @EventBusSubscriber classes into the eventbus for jade
[12:02:20] [modloading-worker-0/DEBUG] [mixin/]: Mixing client.MixinLevelRenderer from sereneseasons.mixins.json into net.minecraft.client.renderer.LevelRenderer
[12:02:20] [modloading-worker-0/DEBUG] [mixin/]: Mixing ParticlesMixins$LevelRendererMixin from chloride.mixin.json into net.minecraft.client.renderer.LevelRenderer
[12:02:20] [modloading-worker-0/DEBUG] [mixin/]: Mixing features.options.weather.WorldRendererMixin from embeddium.mixins.json into net.minecraft.client.renderer.LevelRenderer
[12:02:20] [modloading-worker-0/DEBUG] [mixin/]: Mixing features.render.gui.outlines.WorldRendererMixin from embeddium.mixins.json into net.minecraft.client.renderer.LevelRenderer
[12:02:20] [modloading-worker-0/DEBUG] [mixin/]: Mixing features.render.world.sky.WorldRendererMixin from embeddium.mixins.json into net.minecraft.client.renderer.LevelRenderer
[12:02:20] [modloading-worker-0/DEBUG] [mixin/]: Mixing core.render.world.WorldRendererMixin from embeddium.mixins.json into net.minecraft.client.renderer.LevelRenderer
[12:02:20] [modloading-worker-0/WARN] [mixin/]: Static binding violation: PRIVATE @Overwrite method setSectionDirty in embeddium.mixins.json:core.render.world.WorldRendererMixin cannot reduce visibiliy of PUBLIC target method, visibility will be upgraded.
[12:02:20] [modloading-worker-0/DEBUG] [mixin/]: Mixing client.MixinLevelRenderer from projectatmosphere.mixins.json into net.minecraft.client.renderer.LevelRenderer
[12:02:20] [modloading-worker-0/DEBUG] [mixin/]: Mixing NameTagToggleMixin from chloride.mixin.json into net.minecraft.client.renderer.entity.EntityRenderer
[12:02:20] [modloading-worker-0/DEBUG] [mixin/]: Mixing features.render.entity.cull.EntityRendererMixin from embeddium.mixins.json into net.minecraft.client.renderer.entity.EntityRenderer
[12:02:20] [modloading-worker-0/DEBUG] [ne.mi.fm.ja.AutomaticEventSubscriber/LOADING]: Auto-subscribing me.srrapero720.chloride.impl.FastBlocks to FORGE
[12:02:20] [modloading-worker-0/DEBUG] [ne.mi.fm.ja.AutomaticEventSubscriber/LOADING]: Auto-subscribing me.srrapero720.chloride.impl.FastBlocks$ModEvents to MOD
[12:02:20] [modloading-worker-0/DEBUG] [ne.mi.fm.co.ConfigTracker/CONFIG]: Config file forge-client.toml for forge tracking
[12:02:20] [modloading-worker-0/DEBUG] [ne.mi.fm.co.ConfigTracker/CONFIG]: Config file forge-server.toml for forge tracking
[12:02:20] [modloading-worker-0/DEBUG] [ne.mi.fm.ModLoadingContext/]: Attempted to register an empty config for type COMMON on mod forge
[12:02:20] [modloading-worker-0/DEBUG] [ne.mi.fm.ja.AutomaticEventSubscriber/LOADING]: Auto-subscribing me.srrapero720.chloride.ChlorideConfig to MOD
[12:02:20] [modloading-worker-0/DEBUG] [ne.mi.fm.ja.AutomaticEventSubscriber/LOADING]: Auto-subscribing me.srrapero720.chloride.Chloride to MOD
[12:02:20] [modloading-worker-0/DEBUG] [ne.mi.fm.co.ConfigTracker/CONFIG]: Config file sereneseasonsplus-common.toml for sereneseasonsplus tracking
[12:02:20] [modloading-worker-0/DEBUG] [WhiteNoise/CONFIG]: Config file whitenoise-client.toml for whitenoise added to tracking
[12:02:20] [modloading-worker-0/DEBUG] [ne.mi.fm.ja.AutomaticEventSubscriber/LOADING]: Attempting to inject @EventBusSubscriber classes into the eventbus for whitenoise
[12:02:20] [modloading-worker-0/INFO] [SeasonalTreesFeature/]: Seasonal trees init: not host (elected host: PROJECT_ATMOSPHERE, reason: override active)
[12:02:20] [modloading-worker-0/DEBUG] [ne.mi.fm.ja.AutomaticEventSubscriber/LOADING]: Attempting to inject @EventBusSubscriber classes into the eventbus for sereneseasonsplus
[12:02:20] [modloading-worker-0/DEBUG] [me.je.co.pl.Services/]: Loaded mezz.jei.forge.platform.PlatformHelper@fc53d87 for service interface mezz.jei.common.platform.IPlatformHelper
[12:02:20] [modloading-worker-0/DEBUG] [mixin/]: Mixing core.render.frustum.FrustumMixin from embeddium.mixins.json into net.minecraft.client.renderer.culling.Frustum
[12:02:20] [modloading-worker-0/DEBUG] [ne.mi.fm.ja.AutomaticEventSubscriber/LOADING]: Auto-subscribing glitchcore.forge.handlers.InteractionEventHandler to FORGE
[12:02:20] [modloading-worker-0/DEBUG] [WhiteNoise/CONFIG]: Config file betterdays-client.toml for betterdays added to tracking
[12:02:20] [modloading-worker-0/DEBUG] [WhiteNoise/CONFIG]: Config file betterdays-common.toml for betterdays added to tracking
[12:02:20] [modloading-worker-0/DEBUG] [ne.mi.fm.ja.AutomaticEventSubscriber/LOADING]: Attempting to inject @EventBusSubscriber classes into the eventbus for betterdays
[12:02:20] [modloading-worker-0/DEBUG] [ne.mi.fm.ja.AutomaticEventSubscriber/LOADING]: Auto-subscribing glitchcore.forge.handlers.ColorsEventHandler to MOD
[12:02:20] [modloading-worker-0/DEBUG] [mixin/]: Mixing core.model.colors.ItemColorsMixin from embeddium.mixins.json into net.minecraft.client.color.item.ItemColors
[12:02:20] [modloading-worker-0/DEBUG] [mixin/]: Mixing core.model.colors.BlockColorsMixin from embeddium.mixins.json into net.minecraft.client.color.block.BlockColors
[12:02:20] [modloading-worker-0/DEBUG] [ne.mi.fm.ja.AutomaticEventSubscriber/LOADING]: Attempting to inject @EventBusSubscriber classes into the eventbus for forge
[12:02:20] [modloading-worker-0/DEBUG] [ne.mi.fm.ja.AutomaticEventSubscriber/LOADING]: Auto-subscribing net.minecraftforge.common.ForgeSpawnEggItem$CommonHandler to MOD
[12:02:20] [modloading-worker-0/DEBUG] [ne.mi.fm.ja.AutomaticEventSubscriber/LOADING]: Auto-subscribing net.minecraftforge.common.ForgeSpawnEggItem$ColorRegisterHandler to MOD
[12:02:20] [modloading-worker-0/DEBUG] [mixin/]: Mixing FontShadowMixin from chloride.mixin.json into net.minecraft.client.gui.Font
[12:02:20] [modloading-worker-0/DEBUG] [ne.mi.fm.ja.AutomaticEventSubscriber/LOADING]: Auto-subscribing net.minecraftforge.client.model.data.ModelDataManager to FORGE
[12:02:20] [modloading-worker-0/DEBUG] [mixin/]: Mixing features.model.ModelDataMixin from embeddium.mixins.json into net.minecraftforge.client.model.data.ModelData
[12:02:20] [modloading-worker-0/DEBUG] [ne.mi.fm.ja.AutomaticEventSubscriber/LOADING]: Auto-subscribing net.minecraftforge.client.ForgeHooksClient$ClientEvents to MOD
[12:02:20] [modloading-worker-0/DEBUG] [mixin/]: Mixing features.shader.uniform.ShaderProgramMixin from embeddium.mixins.json into net.minecraft.client.renderer.ShaderInstance
[12:02:20] [modloading-worker-0/DEBUG] [ne.mi.fm.ja.AutomaticEventSubscriber/LOADING]: Attempting to inject @EventBusSubscriber classes into the eventbus for sereneseasons
[12:02:20] [modloading-worker-0/DEBUG] [ne.mi.fm.ja.AutomaticEventSubscriber/LOADING]: Auto-subscribing sereneseasons.forge.datagen.DataGenerationHandler to MOD
[12:02:20] [modloading-worker-0/DEBUG] [mixin/]: Mixing features.textures.animations.tracking.SpriteAtlasTextureMixin from embeddium.mixins.json into net.minecraft.client.renderer.texture.TextureAtlas
[12:02:20] [modloading-worker-0/DEBUG] [ne.mi.fm.ja.AutomaticEventSubscriber/LOADING]: Auto-subscribing net.minecraftforge.client.ClientForgeMod to MOD
[12:02:20] [modloading-worker-0/INFO] [ProjectAtmosphere/Seasons/]: Detected Serene Seasons; using SereneSeasonsSeasonDelegate.
[12:02:20] [modloading-worker-0/INFO] [ProjectAtmosphere/SeasonTime/]: Season time delegate set to 'sereneseasons' (net.Gabou.projectatmosphere.seasons.SereneSeasonsSeasonDelegate).
[12:02:20] [modloading-worker-0/DEBUG] [ne.mi.fm.ja.AutomaticEventSubscriber/LOADING]: Attempting to inject @EventBusSubscriber classes into the eventbus for projectatmosphere
[12:02:20] [modloading-worker-0/DEBUG] [ne.mi.fm.ja.AutomaticEventSubscriber/LOADING]: Auto-subscribing net.Gabou.projectatmosphere.client.HUDOverlayRenderer to FORGE
[12:02:20] [modloading-worker-0/DEBUG] [ne.mi.fm.ja.AutomaticEventSubscriber/LOADING]: Auto-subscribing net.Gabou.projectatmosphere.client.loading.ClientForecastLoadingLifecycle to FORGE
[12:02:20] [modloading-worker-0/DEBUG] [ne.mi.fm.ja.AutomaticEventSubscriber/LOADING]: Auto-subscribing net.Gabou.projectatmosphere.client.loading.ClientForecastLoadingWorkQueue to FORGE
[12:02:20] [modloading-worker-0/DEBUG] [ne.mi.fm.ja.AutomaticEventSubscriber/LOADING]: Auto-subscribing net.Gabou.projectatmosphere.client.render.shader.CloudFieldVolumeShaders to MOD
[12:02:20] [modloading-worker-0/DEBUG] [ne.mi.fm.ja.AutomaticEventSubscriber/LOADING]: Attempting to inject @EventBusSubscriber classes into the eventbus for tectonic
[12:02:20] [modloading-worker-0/DEBUG] [ne.mi.fm.ja.AutomaticEventSubscriber/LOADING]: Auto-subscribing dev.worldgen.tectonic.TectonicLexforge$ModBusEvents to MOD
[12:02:20] [modloading-worker-0/DEBUG] [ne.mi.fm.ja.AutomaticEventSubscriber/LOADING]: Auto-subscribing net.Gabou.projectatmosphere.client.render.shader.CloudShaders to MOD
[12:02:20] [modloading-worker-0/DEBUG] [ne.mi.fm.ja.AutomaticEventSubscriber/LOADING]: Auto-subscribing net.Gabou.projectatmosphere.client.render.shader.HurricaneShaders to MOD
[12:02:20] [modloading-worker-0/DEBUG] [ne.mi.fm.ja.AutomaticEventSubscriber/LOADING]: Auto-subscribing net.Gabou.projectatmosphere.client.render.shader.TornadoShaders to MOD
[12:02:20] [modloading-worker-0/DEBUG] [ne.mi.fm.ja.AutomaticEventSubscriber/LOADING]: Auto-subscribing net.Gabou.projectatmosphere.client.render.shader.VolumetricCloudShaders to MOD
[12:02:20] [modloading-worker-0/DEBUG] [me.je.co.co.fi.ConfigSerializer/]: Loading config file: G:\Project-Atmosphere\run\config\jei\jei-debug.ini
[12:02:20] [modloading-worker-0/DEBUG] [ne.mi.fm.ja.AutomaticEventSubscriber/LOADING]: Auto-subscribing net.Gabou.projectatmosphere.clouds.client.render.volumetric.VolumetricCloudClientLifecycle to FORGE
[12:02:20] [modloading-worker-0/DEBUG] [me.je.co.co.fi.ConfigSerializer/]: Saving config file: G:\Project-Atmosphere\run\config\jei\jei-debug.ini
[12:02:20] [modloading-worker-0/DEBUG] [ne.mi.fm.ja.AutomaticEventSubscriber/LOADING]: Auto-subscribing net.Gabou.projectatmosphere.command.TelemetryDebugClientCommand to FORGE
[12:02:20] [modloading-worker-0/DEBUG] [me.je.co.co.fi.ConfigSerializer/]: Loading config file: G:\Project-Atmosphere\run\config\jei\jei-mod-id-format.ini
[12:02:20] [modloading-worker-0/DEBUG] [me.je.co.co.fi.ConfigSerializer/]: Saving config file: G:\Project-Atmosphere\run\config\jei\jei-mod-id-format.ini
[12:02:20] [modloading-worker-0/DEBUG] [ne.mi.fm.ja.AutomaticEventSubscriber/LOADING]: Auto-subscribing net.Gabou.projectatmosphere.event.BiomeChangeManager to FORGE
[12:02:20] [modloading-worker-0/DEBUG] [ne.mi.fm.ja.AutomaticEventSubscriber/LOADING]: Auto-subscribing net.Gabou.projectatmosphere.event.EventHandler to FORGE
[12:02:20] [modloading-worker-0/DEBUG] [ne.mi.fm.ja.AutomaticEventSubscriber/LOADING]: Auto-subscribing net.Gabou.projectatmosphere.event.TemperatureTickHandler to FORGE
[12:02:20] [modloading-worker-0/DEBUG] [ne.mi.fm.ja.AutomaticEventSubscriber/LOADING]: Auto-subscribing net.Gabou.projectatmosphere.manager.CloudSpawnScheduler to FORGE
[12:02:20] [modloading-worker-0/DEBUG] [ne.mi.fm.ja.AutomaticEventSubscriber/LOADING]: Auto-subscribing net.Gabou.projectatmosphere.modules.weather.StormShieldManager to FORGE
[12:02:20] [modloading-worker-0/DEBUG] [me.je.co.co.fi.ConfigSerializer/]: Loading config file: G:\Project-Atmosphere\run\config\jei\jei-colors.ini
[12:02:20] [modloading-worker-0/DEBUG] [ne.mi.fm.ja.AutomaticEventSubscriber/LOADING]: Auto-subscribing net.Gabou.projectatmosphere.ProjectAtmosphere to FORGE
[12:02:20] [modloading-worker-0/DEBUG] [me.je.co.co.fi.ConfigSerializer/]: Saving config file: G:\Project-Atmosphere\run\config\jei\jei-colors.ini
[12:02:20] [modloading-worker-0/DEBUG] [ne.mi.fm.ja.AutomaticEventSubscriber/LOADING]: Auto-subscribing net.Gabou.projectatmosphere.registry.ModClient to MOD
[12:02:20] [modloading-worker-0/DEBUG] [ne.mi.fm.ja.AutomaticEventSubscriber/LOADING]: Auto-subscribing net.Gabou.projectatmosphere.telemetry.ServerTelemetrySampler to FORGE
[12:02:20] [modloading-worker-0/DEBUG] [ne.mi.fm.ja.AutomaticEventSubscriber/LOADING]: Auto-subscribing net.Gabou.projectatmosphere.tools.debug.HudRenderTest to FORGE
[12:02:20] [modloading-worker-0/DEBUG] [ne.mi.fm.ja.AutomaticEventSubscriber/LOADING]: Auto-subscribing net.Gabou.projectatmosphere.tools.debug.ParticleAtlasDebugger to FORGE
[12:02:20] [modloading-worker-0/DEBUG] [ne.mi.fm.ja.AutomaticEventSubscriber/LOADING]: Attempting to inject @EventBusSubscriber classes into the eventbus for architectury
[12:02:20] [modloading-worker-0/DEBUG] [ne.mi.fm.ja.AutomaticEventSubscriber/LOADING]: Auto-subscribing dev.architectury.registry.level.entity.trade.forge.TradeRegistryImpl to FORGE
[12:02:20] [modloading-worker-0/DEBUG] [me.je.co.co.fi.ConfigSerializer/]: Loading config file: G:\Project-Atmosphere\run\config\jei\jei-client.ini
[12:02:20] [modloading-worker-0/DEBUG] [ne.mi.fm.ja.AutomaticEventSubscriber/LOADING]: Auto-subscribing dev.architectury.registry.forge.ReloadListenerRegistryImpl to FORGE
[12:02:20] [modloading-worker-0/DEBUG] [me.je.co.co.fi.ConfigSerializer/]: Saving config file: G:\Project-Atmosphere\run\config\jei\jei-client.ini
[12:02:20] [modloading-worker-0/DEBUG] [ne.mi.fm.ja.AutomaticEventSubscriber/LOADING]: Auto-subscribing dev.architectury.registry.forge.CreativeTabRegistryImpl to MOD
[12:02:20] [modloading-worker-0/INFO] [me.je.li.lo.PluginCaller/]: Sending ConfigManager...
[12:02:20] [modloading-worker-0/DEBUG] [me.je.li.lo.PluginCallerTimerRunnable/]: Sending ConfigManager: jei:minecraft...
[12:02:20] [modloading-worker-0/DEBUG] [me.je.li.lo.PluginCallerTimerRunnable/]: Sending ConfigManager: jade:main...
[12:02:20] [modloading-worker-0/DEBUG] [me.je.li.lo.PluginCallerTimerRunnable/]: Sending ConfigManager: jei:debug...
[12:02:20] [modloading-worker-0/DEBUG] [me.je.li.lo.PluginCallerTimerRunnable/]: Sending ConfigManager: jei:gui...
[12:02:20] [modloading-worker-0/DEBUG] [me.je.li.lo.PluginCallerTimerRunnable/]: Sending ConfigManager: jei:forge_gui...
[12:02:20] [modloading-worker-0/DEBUG] [me.je.li.lo.PluginCallerTimerRunnable/]: Sending ConfigManager: jei:internal...
[12:02:20] [modloading-worker-0/INFO] [me.je.li.lo.PluginCaller/]: Sending ConfigManager took 2.753 ms
[12:02:20] [modloading-worker-0/DEBUG] [ne.mi.fm.ja.AutomaticEventSubscriber/LOADING]: Auto-subscribing dev.architectury.registry.client.particle.forge.ParticleProviderRegistryImpl to MOD
[12:02:20] [modloading-worker-0/DEBUG] [ne.mi.fm.ja.AutomaticEventSubscriber/LOADING]: Attempting to inject @EventBusSubscriber classes into the eventbus for lithostitched
[12:02:20] [modloading-worker-0/DEBUG] [ne.mi.fm.ja.AutomaticEventSubscriber/LOADING]: Auto-subscribing dev.architectury.registry.client.keymappings.forge.KeyMappingRegistryImpl to MOD
[12:02:20] [modloading-worker-0/DEBUG] [ne.mi.fm.ja.AutomaticEventSubscriber/LOADING]: Attempting to inject @EventBusSubscriber classes into the eventbus for jei
[12:02:20] [modloading-worker-0/DEBUG] [ne.mi.fm.ja.AutomaticEventSubscriber/LOADING]: Auto-subscribing dev.architectury.networking.forge.NetworkManagerImpl to FORGE
[12:02:20] [modloading-worker-0/INFO] [de.ar.ne.fo.NetworkManagerImpl/]: Registering S2C receiver with id architectury:sync_ids
[12:02:20] [modloading-worker-0/INFO] [de.ar.ne.fo.NetworkManagerImpl/]: Registering C2S receiver with id architectury:sync_ids
[12:02:20] [Render thread/DEBUG] [WhiteNoise/CONFIG]: Loading global configs
[12:02:20] [Render thread/DEBUG] [WhiteNoise/CONFIG]: Built TOML config for G:\Project-Atmosphere\run\config\betterdays-client.toml
[12:02:20] [Render thread/DEBUG] [WhiteNoise/CONFIG]: Loaded TOML config file G:\Project-Atmosphere\run\config\betterdays-client.toml
[12:02:20] [Render thread/DEBUG] [WhiteNoise/CONFIG]: Built TOML config for G:\Project-Atmosphere\run\config\betterdays-common.toml
[12:02:20] [Render thread/DEBUG] [WhiteNoise/CONFIG]: Loaded TOML config file G:\Project-Atmosphere\run\config\betterdays-common.toml
[12:02:20] [Render thread/DEBUG] [WhiteNoise/CONFIG]: Built TOML config for G:\Project-Atmosphere\run\config\whitenoise-client.toml
[12:02:20] [Render thread/DEBUG] [WhiteNoise/CONFIG]: Loaded TOML config file G:\Project-Atmosphere\run\config\whitenoise-client.toml
[12:02:20] [Render thread/DEBUG] [mixin/]: Mixing common.RegistryDataLoaderMixin from lithostitched.mixins.json into net.minecraft.resources.RegistryDataLoader
[12:02:20] [Render thread/DEBUG] [ne.mi.re.ObjectHolderRegistry/REGISTRIES]: Processing ObjectHolder annotations
[12:02:20] [Render thread/DEBUG] [ne.mi.re.ObjectHolderRegistry/REGISTRIES]: Found 3949 ObjectHolder annotations
[12:02:20] [Render thread/DEBUG] [ne.mi.co.ca.CapabilityManager/CAPABILITIES]: Attempting to automatically register: Lnet/minecraftforge/energy/IEnergyStorage;
[12:02:20] [Render thread/DEBUG] [ne.mi.co.ca.CapabilityManager/CAPABILITIES]: Attempting to automatically register: Lnet/minecraftforge/fluids/capability/IFluidHandler;
[12:02:20] [Render thread/DEBUG] [ne.mi.co.ca.CapabilityManager/CAPABILITIES]: Attempting to automatically register: Lnet/minecraftforge/fluids/capability/IFluidHandlerItem;
[12:02:20] [Render thread/DEBUG] [ne.mi.co.ca.CapabilityManager/CAPABILITIES]: Attempting to automatically register: Lnet/minecraftforge/items/IItemHandler;
[12:02:20] [Render thread/DEBUG] [ne.mi.re.GameData/REGISTRIES]: Unfreezing vanilla registries
[12:02:20] [Render thread/DEBUG] [ne.mi.re.GameData/REGISTRIES]: Applying holder lookups: minecraft:sound_event
[12:02:20] [Render thread/DEBUG] [ne.mi.re.GameData/REGISTRIES]: Holder lookups applied: minecraft:sound_event
[12:02:20] [Render thread/DEBUG] [ne.mi.re.GameData/REGISTRIES]: Applying holder lookups: minecraft:fluid
[12:02:20] [Render thread/DEBUG] [ne.mi.re.GameData/REGISTRIES]: Holder lookups applied: minecraft:fluid
[12:02:20] [Render thread/DEBUG] [ne.mi.re.GameData/REGISTRIES]: Applying holder lookups: minecraft:block
[12:02:20] [Render thread/DEBUG] [ne.mi.re.GameData/REGISTRIES]: Holder lookups applied: minecraft:block
[12:02:20] [Render thread/DEBUG] [ne.mi.re.GameData/REGISTRIES]: Applying holder lookups: minecraft:attribute
[12:02:20] [Render thread/DEBUG] [ne.mi.re.GameData/REGISTRIES]: Holder lookups applied: minecraft:attribute
[12:02:20] [Render thread/DEBUG] [ne.mi.re.GameData/REGISTRIES]: Applying holder lookups: minecraft:mob_effect
[12:02:20] [Render thread/DEBUG] [ne.mi.re.GameData/REGISTRIES]: Holder lookups applied: minecraft:mob_effect
[12:02:20] [Render thread/DEBUG] [ne.mi.re.GameData/REGISTRIES]: Applying holder lookups: minecraft:particle_type
[12:02:20] [Render thread/DEBUG] [ne.mi.re.GameData/REGISTRIES]: Holder lookups applied: minecraft:particle_type
[12:02:20] [Render thread/DEBUG] [ne.mi.re.GameData/REGISTRIES]: Applying holder lookups: minecraft:item
[12:02:20] [Render thread/DEBUG] [ne.mi.re.GameData/REGISTRIES]: Holder lookups applied: minecraft:item
[12:02:20] [Render thread/DEBUG] [ne.mi.re.GameData/REGISTRIES]: Applying holder lookups: minecraft:entity_type
[12:02:20] [Render thread/DEBUG] [ne.mi.re.GameData/REGISTRIES]: Holder lookups applied: minecraft:entity_type
[12:02:20] [Render thread/DEBUG] [ne.mi.re.GameData/REGISTRIES]: Applying holder lookups: minecraft:sensor_type
[12:02:20] [Render thread/DEBUG] [ne.mi.re.GameData/REGISTRIES]: Holder lookups applied: minecraft:sensor_type
[12:02:20] [Render thread/DEBUG] [ne.mi.re.GameData/REGISTRIES]: Applying holder lookups: minecraft:memory_module_type
[12:02:20] [Render thread/DEBUG] [ne.mi.re.GameData/REGISTRIES]: Holder lookups applied: minecraft:memory_module_type
[12:02:20] [Render thread/DEBUG] [ne.mi.re.GameData/REGISTRIES]: Applying holder lookups: minecraft:potion
[12:02:20] [Render thread/DEBUG] [ne.mi.re.GameData/REGISTRIES]: Holder lookups applied: minecraft:potion
[12:02:20] [Render thread/DEBUG] [ne.mi.re.GameData/REGISTRIES]: Applying holder lookups: minecraft:game_event
[12:02:20] [Render thread/DEBUG] [ne.mi.re.GameData/REGISTRIES]: Holder lookups applied: minecraft:game_event
[12:02:20] [Render thread/DEBUG] [ne.mi.re.GameData/REGISTRIES]: Applying holder lookups: minecraft:enchantment
[12:02:20] [Render thread/DEBUG] [ne.mi.re.GameData/REGISTRIES]: Holder lookups applied: minecraft:enchantment
[12:02:20] [Render thread/DEBUG] [ne.mi.re.GameData/REGISTRIES]: Applying holder lookups: minecraft:block_entity_type
[12:02:20] [Render thread/DEBUG] [ne.mi.re.GameData/REGISTRIES]: Holder lookups applied: minecraft:block_entity_type
[12:02:20] [Render thread/DEBUG] [ne.mi.re.GameData/REGISTRIES]: Applying holder lookups: minecraft:painting_variant
[12:02:20] [Render thread/DEBUG] [ne.mi.re.GameData/REGISTRIES]: Holder lookups applied: minecraft:painting_variant
[12:02:20] [Render thread/DEBUG] [ne.mi.re.GameData/REGISTRIES]: Applying holder lookups: minecraft:stat_type
[12:02:20] [Render thread/DEBUG] [ne.mi.re.GameData/REGISTRIES]: Holder lookups applied: minecraft:stat_type
[12:02:20] [Render thread/DEBUG] [ne.mi.re.GameData/REGISTRIES]: Applying holder lookups: minecraft:custom_stat
[12:02:20] [Render thread/DEBUG] [ne.mi.re.GameData/REGISTRIES]: Holder lookups applied: minecraft:custom_stat
[12:02:20] [Render thread/DEBUG] [ne.mi.re.GameData/REGISTRIES]: Applying holder lookups: minecraft:chunk_status
[12:02:20] [Render thread/DEBUG] [ne.mi.re.GameData/REGISTRIES]: Holder lookups applied: minecraft:chunk_status
[12:02:20] [Render thread/DEBUG] [ne.mi.re.GameData/REGISTRIES]: Applying holder lookups: minecraft:rule_test
[12:02:20] [Render thread/DEBUG] [ne.mi.re.GameData/REGISTRIES]: Holder lookups applied: minecraft:rule_test
[12:02:20] [Render thread/DEBUG] [ne.mi.re.GameData/REGISTRIES]: Applying holder lookups: minecraft:rule_block_entity_modifier
[12:02:20] [Render thread/DEBUG] [ne.mi.re.GameData/REGISTRIES]: Holder lookups applied: minecraft:rule_block_entity_modifier
[12:02:20] [Render thread/DEBUG] [ne.mi.re.GameData/REGISTRIES]: Applying holder lookups: minecraft:pos_rule_test
[12:02:20] [Render thread/DEBUG] [ne.mi.re.GameData/REGISTRIES]: Holder lookups applied: minecraft:pos_rule_test
[12:02:20] [Render thread/DEBUG] [ne.mi.re.GameData/REGISTRIES]: Applying holder lookups: minecraft:menu
[12:02:20] [Render thread/DEBUG] [ne.mi.re.GameData/REGISTRIES]: Holder lookups applied: minecraft:menu
[12:02:20] [Render thread/DEBUG] [ne.mi.re.GameData/REGISTRIES]: Applying holder lookups: minecraft:recipe_type
[12:02:20] [Render thread/DEBUG] [ne.mi.re.GameData/REGISTRIES]: Holder lookups applied: minecraft:recipe_type
[12:02:20] [Render thread/DEBUG] [ne.mi.re.GameData/REGISTRIES]: Applying holder lookups: minecraft:recipe_serializer
[12:02:20] [Render thread/DEBUG] [ne.mi.re.GameData/REGISTRIES]: Holder lookups applied: minecraft:recipe_serializer
[12:02:20] [Render thread/DEBUG] [ne.mi.re.GameData/REGISTRIES]: Applying holder lookups: minecraft:position_source_type
[12:02:20] [Render thread/DEBUG] [ne.mi.re.GameData/REGISTRIES]: Holder lookups applied: minecraft:position_source_type
[12:02:20] [Render thread/DEBUG] [ne.mi.re.GameData/REGISTRIES]: Applying holder lookups: minecraft:command_argument_type
[12:02:20] [Render thread/DEBUG] [ne.mi.re.GameData/REGISTRIES]: Holder lookups applied: minecraft:command_argument_type
[12:02:20] [Render thread/DEBUG] [ne.mi.re.GameData/REGISTRIES]: Applying holder lookups: minecraft:villager_type
[12:02:20] [Render thread/DEBUG] [ne.mi.re.GameData/REGISTRIES]: Holder lookups applied: minecraft:villager_type
[12:02:20] [Render thread/DEBUG] [ne.mi.re.GameData/REGISTRIES]: Applying holder lookups: minecraft:villager_profession
[12:02:20] [Render thread/DEBUG] [ne.mi.re.GameData/REGISTRIES]: Holder lookups applied: minecraft:villager_profession
[12:02:20] [Render thread/DEBUG] [ne.mi.re.GameData/REGISTRIES]: Applying holder lookups: minecraft:point_of_interest_type
[12:02:20] [Render thread/DEBUG] [ne.mi.re.GameData/REGISTRIES]: Holder lookups applied: minecraft:point_of_interest_type
[12:02:20] [Render thread/DEBUG] [ne.mi.re.GameData/REGISTRIES]: Applying holder lookups: minecraft:schedule
[12:02:20] [Render thread/DEBUG] [ne.mi.re.GameData/REGISTRIES]: Holder lookups applied: minecraft:schedule
[12:02:20] [Render thread/DEBUG] [ne.mi.re.GameData/REGISTRIES]: Applying holder lookups: minecraft:activity
[12:02:20] [Render thread/DEBUG] [ne.mi.re.GameData/REGISTRIES]: Holder lookups applied: minecraft:activity
[12:02:20] [Render thread/DEBUG] [ne.mi.re.GameData/REGISTRIES]: Applying holder lookups: minecraft:loot_pool_entry_type
[12:02:20] [Render thread/DEBUG] [ne.mi.re.GameData/REGISTRIES]: Holder lookups applied: minecraft:loot_pool_entry_type
[12:02:20] [Render thread/DEBUG] [ne.mi.re.GameData/REGISTRIES]: Applying holder lookups: minecraft:loot_function_type
[12:02:20] [Render thread/DEBUG] [ne.mi.re.GameData/REGISTRIES]: Holder lookups applied: minecraft:loot_function_type
[12:02:20] [Render thread/DEBUG] [ne.mi.re.GameData/REGISTRIES]: Applying holder lookups: minecraft:loot_condition_type
[12:02:20] [Render thread/DEBUG] [ne.mi.re.GameData/REGISTRIES]: Holder lookups applied: minecraft:loot_condition_type
[12:02:20] [Render thread/DEBUG] [ne.mi.re.GameData/REGISTRIES]: Applying holder lookups: minecraft:loot_number_provider_type
[12:02:20] [Render thread/DEBUG] [ne.mi.re.GameData/REGISTRIES]: Holder lookups applied: minecraft:loot_number_provider_type
[12:02:20] [Render thread/DEBUG] [ne.mi.re.GameData/REGISTRIES]: Applying holder lookups: minecraft:loot_nbt_provider_type
[12:02:20] [Render thread/DEBUG] [ne.mi.re.GameData/REGISTRIES]: Holder lookups applied: minecraft:loot_nbt_provider_type
[12:02:20] [Render thread/DEBUG] [ne.mi.re.GameData/REGISTRIES]: Applying holder lookups: minecraft:loot_score_provider_type
[12:02:20] [Render thread/DEBUG] [ne.mi.re.GameData/REGISTRIES]: Holder lookups applied: minecraft:loot_score_provider_type
[12:02:20] [Render thread/DEBUG] [ne.mi.re.GameData/REGISTRIES]: Applying holder lookups: minecraft:float_provider_type
[12:02:20] [Render thread/DEBUG] [ne.mi.re.GameData/REGISTRIES]: Holder lookups applied: minecraft:float_provider_type
[12:02:20] [Render thread/DEBUG] [ne.mi.re.GameData/REGISTRIES]: Applying holder lookups: minecraft:int_provider_type
[12:02:20] [Render thread/DEBUG] [ne.mi.re.GameData/REGISTRIES]: Holder lookups applied: minecraft:int_provider_type
[12:02:20] [Render thread/DEBUG] [ne.mi.re.GameData/REGISTRIES]: Applying holder lookups: minecraft:height_provider_type
[12:02:20] [Render thread/DEBUG] [ne.mi.re.GameData/REGISTRIES]: Holder lookups applied: minecraft:height_provider_type
[12:02:20] [Render thread/DEBUG] [ne.mi.re.GameData/REGISTRIES]: Applying holder lookups: minecraft:block_predicate_type
[12:02:20] [Render thread/DEBUG] [ne.mi.re.GameData/REGISTRIES]: Holder lookups applied: minecraft:block_predicate_type
[12:02:20] [Render thread/DEBUG] [ne.mi.re.GameData/REGISTRIES]: Applying holder lookups: minecraft:worldgen/carver
[12:02:20] [Render thread/DEBUG] [ne.mi.re.GameData/REGISTRIES]: Holder lookups applied: minecraft:worldgen/carver
[12:02:20] [Render thread/DEBUG] [ne.mi.re.GameData/REGISTRIES]: Applying holder lookups: minecraft:worldgen/feature
[12:02:20] [Render thread/DEBUG] [ne.mi.re.GameData/REGISTRIES]: Holder lookups applied: minecraft:worldgen/feature
[12:02:20] [Render thread/DEBUG] [ne.mi.re.GameData/REGISTRIES]: Applying holder lookups: minecraft:worldgen/structure_processor
[12:02:20] [Render thread/DEBUG] [ne.mi.re.GameData/REGISTRIES]: Holder lookups applied: minecraft:worldgen/structure_processor
[12:02:20] [Render thread/DEBUG] [ne.mi.re.GameData/REGISTRIES]: Applying holder lookups: minecraft:worldgen/structure_placement
[12:02:20] [Render thread/DEBUG] [ne.mi.re.GameData/REGISTRIES]: Holder lookups applied: minecraft:worldgen/structure_placement
[12:02:20] [Render thread/DEBUG] [ne.mi.re.GameData/REGISTRIES]: Applying holder lookups: minecraft:worldgen/structure_piece
[12:02:20] [Render thread/DEBUG] [ne.mi.re.GameData/REGISTRIES]: Holder lookups applied: minecraft:worldgen/structure_piece
[12:02:20] [Render thread/DEBUG] [ne.mi.re.GameData/REGISTRIES]: Applying holder lookups: minecraft:worldgen/structure_type
[12:02:20] [Render thread/DEBUG] [ne.mi.re.GameData/REGISTRIES]: Holder lookups applied: minecraft:worldgen/structure_type
[12:02:20] [Render thread/DEBUG] [ne.mi.re.GameData/REGISTRIES]: Applying holder lookups: minecraft:worldgen/placement_modifier_type
[12:02:20] [Render thread/DEBUG] [ne.mi.re.GameData/REGISTRIES]: Holder lookups applied: minecraft:worldgen/placement_modifier_type
[12:02:20] [Render thread/DEBUG] [ne.mi.re.GameData/REGISTRIES]: Applying holder lookups: minecraft:worldgen/block_state_provider_type
[12:02:20] [Render thread/DEBUG] [ne.mi.re.GameData/REGISTRIES]: Holder lookups applied: minecraft:worldgen/block_state_provider_type
[12:02:20] [Render thread/DEBUG] [ne.mi.re.GameData/REGISTRIES]: Applying holder lookups: minecraft:worldgen/foliage_placer_type
[12:02:20] [Render thread/DEBUG] [ne.mi.re.GameData/REGISTRIES]: Holder lookups applied: minecraft:worldgen/foliage_placer_type
[12:02:20] [Render thread/DEBUG] [ne.mi.re.GameData/REGISTRIES]: Applying holder lookups: minecraft:worldgen/trunk_placer_type
[12:02:20] [Render thread/DEBUG] [ne.mi.re.GameData/REGISTRIES]: Holder lookups applied: minecraft:worldgen/trunk_placer_type
[12:02:20] [Render thread/DEBUG] [ne.mi.re.GameData/REGISTRIES]: Applying holder lookups: minecraft:worldgen/root_placer_type
[12:02:20] [Render thread/DEBUG] [ne.mi.re.GameData/REGISTRIES]: Holder lookups applied: minecraft:worldgen/root_placer_type
[12:02:20] [Render thread/DEBUG] [ne.mi.re.GameData/REGISTRIES]: Applying holder lookups: minecraft:worldgen/tree_decorator_type
[12:02:20] [Render thread/DEBUG] [ne.mi.re.GameData/REGISTRIES]: Holder lookups applied: minecraft:worldgen/tree_decorator_type
[12:02:20] [Render thread/DEBUG] [ne.mi.re.GameData/REGISTRIES]: Applying holder lookups: minecraft:worldgen/feature_size_type
[12:02:20] [Render thread/DEBUG] [ne.mi.re.GameData/REGISTRIES]: Holder lookups applied: minecraft:worldgen/feature_size_type
[12:02:20] [Render thread/DEBUG] [ne.mi.re.GameData/REGISTRIES]: Applying holder lookups: minecraft:worldgen/biome_source
[12:02:20] [Render thread/DEBUG] [ne.mi.re.GameData/REGISTRIES]: Holder lookups applied: minecraft:worldgen/biome_source
[12:02:20] [Render thread/DEBUG] [ne.mi.re.GameData/REGISTRIES]: Applying holder lookups: minecraft:worldgen/chunk_generator
[12:02:20] [Render thread/DEBUG] [ne.mi.re.GameData/REGISTRIES]: Holder lookups applied: minecraft:worldgen/chunk_generator
[12:02:20] [Render thread/DEBUG] [ne.mi.re.GameData/REGISTRIES]: Applying holder lookups: minecraft:worldgen/material_condition
[12:02:20] [Render thread/DEBUG] [ne.mi.re.GameData/REGISTRIES]: Holder lookups applied: minecraft:worldgen/material_condition
[12:02:20] [Render thread/DEBUG] [ne.mi.re.GameData/REGISTRIES]: Applying holder lookups: minecraft:worldgen/material_rule
[12:02:20] [Render thread/DEBUG] [ne.mi.re.GameData/REGISTRIES]: Holder lookups applied: minecraft:worldgen/material_rule
[12:02:20] [Render thread/DEBUG] [ne.mi.re.GameData/REGISTRIES]: Applying holder lookups: minecraft:worldgen/density_function_type
[12:02:20] [Render thread/DEBUG] [ne.mi.re.GameData/REGISTRIES]: Holder lookups applied: minecraft:worldgen/density_function_type
[12:02:20] [Render thread/DEBUG] [ne.mi.re.GameData/REGISTRIES]: Applying holder lookups: minecraft:worldgen/structure_pool_element
[12:02:20] [Render thread/DEBUG] [ne.mi.re.GameData/REGISTRIES]: Holder lookups applied: minecraft:worldgen/structure_pool_element
[12:02:20] [Render thread/DEBUG] [ne.mi.re.GameData/REGISTRIES]: Applying holder lookups: minecraft:cat_variant
[12:02:20] [Render thread/DEBUG] [ne.mi.re.GameData/REGISTRIES]: Holder lookups applied: minecraft:cat_variant
[12:02:20] [Render thread/DEBUG] [ne.mi.re.GameData/REGISTRIES]: Applying holder lookups: minecraft:frog_variant
[12:02:20] [Render thread/DEBUG] [ne.mi.re.GameData/REGISTRIES]: Holder lookups applied: minecraft:frog_variant
[12:02:20] [Render thread/DEBUG] [ne.mi.re.GameData/REGISTRIES]: Applying holder lookups: minecraft:banner_pattern
[12:02:20] [Render thread/DEBUG] [ne.mi.re.GameData/REGISTRIES]: Holder lookups applied: minecraft:banner_pattern
[12:02:20] [Render thread/DEBUG] [ne.mi.re.GameData/REGISTRIES]: Applying holder lookups: minecraft:instrument
[12:02:20] [Render thread/DEBUG] [ne.mi.re.GameData/REGISTRIES]: Holder lookups applied: minecraft:instrument
[12:02:20] [Render thread/DEBUG] [ne.mi.re.GameData/REGISTRIES]: Applying holder lookups: minecraft:decorated_pot_patterns
[12:02:20] [Render thread/DEBUG] [ne.mi.re.GameData/REGISTRIES]: Holder lookups applied: minecraft:decorated_pot_patterns
[12:02:20] [Render thread/DEBUG] [ne.mi.re.GameData/REGISTRIES]: Applying holder lookups: minecraft:creative_mode_tab
[12:02:20] [Render thread/DEBUG] [ne.mi.re.GameData/REGISTRIES]: Holder lookups applied: minecraft:creative_mode_tab
[12:02:20] [Render thread/DEBUG] [ne.mi.re.GameData/REGISTRIES]: Applying holder lookups: betterdays:time_effect
[12:02:20] [Render thread/DEBUG] [ne.mi.re.GameData/REGISTRIES]: Holder lookups applied: betterdays:time_effect
[12:02:20] [Render thread/DEBUG] [ne.mi.re.GameData/REGISTRIES]: Applying holder lookups: forge:biome_modifier_serializers
[12:02:20] [Render thread/DEBUG] [ne.mi.re.GameData/REGISTRIES]: Holder lookups applied: forge:biome_modifier_serializers
[12:02:20] [Render thread/DEBUG] [ne.mi.re.GameData/REGISTRIES]: Applying holder lookups: forge:display_contexts
[12:02:20] [Render thread/DEBUG] [ne.mi.re.GameData/REGISTRIES]: Holder lookups applied: forge:display_contexts
[12:02:20] [Render thread/DEBUG] [ne.mi.re.GameData/REGISTRIES]: Applying holder lookups: forge:entity_data_serializers
[12:02:20] [Render thread/DEBUG] [ne.mi.re.GameData/REGISTRIES]: Holder lookups applied: forge:entity_data_serializers
[12:02:20] [Render thread/DEBUG] [ne.mi.re.GameData/REGISTRIES]: Applying holder lookups: forge:fluid_type
[12:02:20] [Render thread/DEBUG] [ne.mi.re.GameData/REGISTRIES]: Holder lookups applied: forge:fluid_type
[12:02:20] [Render thread/DEBUG] [ne.mi.re.GameData/REGISTRIES]: Applying holder lookups: forge:global_loot_modifier_serializers
[12:02:20] [Render thread/DEBUG] [ne.mi.re.GameData/REGISTRIES]: Holder lookups applied: forge:global_loot_modifier_serializers
[12:02:20] [Render thread/DEBUG] [ne.mi.re.GameData/REGISTRIES]: Applying holder lookups: forge:holder_set_type
[12:02:20] [Render thread/DEBUG] [ne.mi.re.GameData/REGISTRIES]: Holder lookups applied: forge:holder_set_type
[12:02:20] [Render thread/DEBUG] [ne.mi.re.GameData/REGISTRIES]: Applying holder lookups: forge:structure_modifier_serializers
[12:02:20] [Render thread/DEBUG] [ne.mi.re.GameData/REGISTRIES]: Holder lookups applied: forge:structure_modifier_serializers
[12:02:20] [Render thread/DEBUG] [ne.mi.re.GameData/REGISTRIES]: Applying holder lookups: lithostitched:modifier_predicate_type
[12:02:20] [Render thread/DEBUG] [ne.mi.re.GameData/REGISTRIES]: Holder lookups applied: lithostitched:modifier_predicate_type
[12:02:20] [Render thread/DEBUG] [ne.mi.re.GameData/REGISTRIES]: Applying holder lookups: lithostitched:modifier_type
[12:02:20] [Render thread/DEBUG] [ne.mi.re.GameData/REGISTRIES]: Holder lookups applied: lithostitched:modifier_type
[12:02:20] [Render thread/DEBUG] [ne.mi.re.GameData/REGISTRIES]: Applying holder lookups: lithostitched:placement_condition_type
[12:02:20] [Render thread/DEBUG] [ne.mi.re.GameData/REGISTRIES]: Holder lookups applied: lithostitched:placement_condition_type
[12:02:20] [Render thread/DEBUG] [ne.mi.re.GameData/REGISTRIES]: Applying holder lookups: lithostitched:processor_condition_type
[12:02:20] [Render thread/DEBUG] [ne.mi.re.GameData/REGISTRIES]: Holder lookups applied: lithostitched:processor_condition_type
[12:02:20] [Render thread/DEBUG] [ne.mi.re.GameData/REGISTRIES]: Applying holder lookups: minecraft:worldgen/biome
[12:02:20] [Render thread/DEBUG] [ne.mi.re.GameData/REGISTRIES]: Holder lookups applied: minecraft:worldgen/biome
[12:02:20] [Render thread/DEBUG] [mixin/]: Mixing common.ServerLifecycleHooksMixin from lithostitched.forge.mixins.json into net.minecraftforge.server.ServerLifecycleHooks
[12:02:20] [Render thread/DEBUG] [mixin/]: Renaming synthetic method lambda$lithostitched$injectBiomeModifers$1(Ljava/util/List;Ljava/util/Map$Entry;)V to md5f9133$lambda$lithostitched$injectBiomeModifers$1$0 in lithostitched.forge.mixins.json:common.ServerLifecycleHooksMixin
[12:02:20] [Render thread/DEBUG] [mixin/]: Renaming synthetic method lambda$lithostitched$injectBiomeModifers$0(Ljava/util/Map$Entry;)Z to md5f9133$lambda$lithostitched$injectBiomeModifers$0$1 in lithostitched.forge.mixins.json:common.ServerLifecycleHooksMixin
[12:02:20] [Render thread/INFO] [chloride/]: Registering CHLORIDE built-in packs
[12:02:20] [Render thread/DEBUG] [ne.mi.cl.lo.ClientModLoader/CORE]: Generating PackInfo named mod:betterdays for mod file C:\Users\matga\.gradle\caches\forge_gradle\deobf_dependencies\curse\maven\betterdays-895618\7046761_mapped_official_1.20.1\betterdays-895618-7046761_mapped_official_1.20.1.jar
[12:02:20] [Render thread/DEBUG] [ne.mi.cl.lo.ClientModLoader/CORE]: Generating PackInfo named mod:crackerslib for mod file C:\Users\matga\.gradle\caches\forge_gradle\deobf_dependencies\nonamecrackers2\crackerslib-forge\1.20.1-0.4.6_mapped_official_1.20.1\crackerslib-forge-1.20.1-0.4.6_mapped_official_1.20.1.jar
[12:02:20] [Render thread/DEBUG] [ne.mi.cl.lo.ClientModLoader/CORE]: Generating PackInfo named mod:mixinextras for mod file 
[12:02:20] [Render thread/DEBUG] [ne.mi.cl.lo.ClientModLoader/CORE]: Generating PackInfo named mod:coolrain for mod file C:\Users\matga\.gradle\caches\forge_gradle\deobf_dependencies\curse\maven\cool-rain-reforged-1346978\7270440_mapped_official_1.20.1\cool-rain-reforged-1346978-7270440_mapped_official_1.20.1.jar
[12:02:20] [Render thread/DEBUG] [ne.mi.cl.lo.ClientModLoader/CORE]: Generating PackInfo named mod:glitchcore for mod file C:\Users\matga\.gradle\caches\forge_gradle\deobf_dependencies\curse\maven\glitchcore-955399\5787839_mapped_official_1.20.1\glitchcore-955399-5787839_mapped_official_1.20.1.jar
[12:02:20] [Render thread/DEBUG] [ne.mi.cl.lo.ClientModLoader/CORE]: Generating PackInfo named mod:sereneseasons for mod file C:\Users\matga\.gradle\caches\forge_gradle\deobf_dependencies\curse\maven\serene-seasons-291874\8246702_mapped_official_1.20.1\serene-seasons-291874-8246702_mapped_official_1.20.1.jar
[12:02:20] [Render thread/DEBUG] [ne.mi.cl.lo.ClientModLoader/CORE]: Generating PackInfo named mod:jade for mod file C:\Users\matga\.gradle\caches\forge_gradle\deobf_dependencies\curse\maven\jade-324717\6271651_mapped_official_1.20.1\jade-324717-6271651_mapped_official_1.20.1.jar
[12:02:20] [Render thread/DEBUG] [ne.mi.cl.lo.ClientModLoader/CORE]: Generating PackInfo named mod:architectury for mod file C:\Users\matga\.gradle\caches\forge_gradle\deobf_dependencies\curse\maven\architectury-api-419699\5137938_mapped_official_1.20.1\architectury-api-419699-5137938_mapped_official_1.20.1.jar
[12:02:20] [Render thread/DEBUG] [ne.mi.cl.lo.ClientModLoader/CORE]: Generating PackInfo named mod:whitenoise for mod file 
[12:02:20] [Render thread/DEBUG] [ne.mi.cl.lo.ClientModLoader/CORE]: Generating PackInfo named mod:jei for mod file C:\Users\matga\.gradle\caches\forge_gradle\deobf_dependencies\mezz\jei\jei-1.20.1-forge\15.8.2.26_mapped_official_1.20.1\jei-1.20.1-forge-15.8.2.26_mapped_official_1.20.1.jar
[12:02:20] [Render thread/DEBUG] [ne.mi.cl.lo.ClientModLoader/CORE]: Generating PackInfo named mod:lithostitched for mod file C:\Users\matga\.gradle\caches\forge_gradle\deobf_dependencies\curse\maven\lithostitched-936015\6742615_mapped_official_1.20.1\lithostitched-936015-6742615_mapped_official_1.20.1.jar
[12:02:20] [Render thread/DEBUG] [ne.mi.cl.lo.ClientModLoader/CORE]: Generating PackInfo named mod:cloth_config for mod file C:\Users\matga\.gradle\caches\forge_gradle\deobf_dependencies\curse\maven\cloth-config-348521\5729105_mapped_official_1.20.1\cloth-config-348521-5729105_mapped_official_1.20.1.jar
[12:02:20] [Render thread/DEBUG] [ne.mi.cl.lo.ClientModLoader/CORE]: Generating PackInfo named mod:spark for mod file C:\Users\matga\.gradle\caches\forge_gradle\deobf_dependencies\curse\maven\spark-361579\4738952_mapped_official_1.20.1\spark-361579-4738952_mapped_official_1.20.1.jar
[12:02:20] [Render thread/DEBUG] [ne.mi.cl.lo.ClientModLoader/CORE]: Generating PackInfo named mod:gaboulibs for mod file C:\Users\matga\.gradle\caches\forge_gradle\deobf_dependencies\curse\maven\gabous-libs-1367332\8280104_mapped_official_1.20.1\gabous-libs-1367332-8280104_mapped_official_1.20.1.jar
[12:02:20] [Render thread/DEBUG] [ne.mi.cl.lo.ClientModLoader/CORE]: Generating PackInfo named mod:forge for mod file /
[12:02:20] [Render thread/DEBUG] [ne.mi.cl.lo.ClientModLoader/CORE]: Generating PackInfo named mod:embeddium for mod file C:\Users\matga\.gradle\caches\forge_gradle\deobf_dependencies\curse\maven\embeddium-908741\5681725_mapped_official_1.20.1\embeddium-908741-5681725_mapped_official_1.20.1.jar
[12:02:20] [Render thread/DEBUG] [ne.mi.cl.lo.ClientModLoader/CORE]: Generating PackInfo named mod:chloride for mod file C:\Users\matga\.gradle\caches\forge_gradle\deobf_dependencies\curse\maven\chloride-931925\6615986_mapped_official_1.20.1\chloride-931925-6615986_mapped_official_1.20.1.jar
[12:02:20] [Render thread/DEBUG] [ne.mi.cl.lo.ClientModLoader/CORE]: Generating PackInfo named mod:projectatmosphere for mod file G:\Project-Atmosphere\build\resources\main
[12:02:20] [Render thread/DEBUG] [ne.mi.cl.lo.ClientModLoader/CORE]: Generating PackInfo named mod:sereneseasonsplus for mod file C:\Users\matga\.gradle\caches\forge_gradle\deobf_dependencies\curse\maven\serene-seasons-plus-1288843\8244461_mapped_official_1.20.1\serene-seasons-plus-1288843-8244461_mapped_official_1.20.1.jar
[12:02:20] [Render thread/DEBUG] [ne.mi.cl.lo.ClientModLoader/CORE]: Generating PackInfo named mod:tectonic for mod file G:\Project-Atmosphere\libs\tectonic-3.0.17-forge-1.20.1-dev.jar
[12:02:20] [Render thread/DEBUG] [mixin/]: Mixing darkness.DynamicTextureMixin from chloride.mixin.json into net.minecraft.client.renderer.texture.DynamicTexture
[12:02:20] [Render thread/DEBUG] [mixin/]: Mixing features.render.gui.font.FontSetMixin from embeddium.mixins.json into net.minecraft.client.gui.font.FontSet
[12:02:20] [Render thread/DEBUG] [mixin/]: Mixing features.render.gui.font.GlyphRendererMixin from embeddium.mixins.json into net.minecraft.client.gui.font.glyphs.BakedGlyph
[12:02:20] [Render thread/DEBUG] [mixin/]: Mixing features.render.immediate.buffer_builder.VertexFormatMixin from embeddium.mixins.json into com.mojang.blaze3d.vertex.VertexFormat
[12:02:20] [Render thread/DEBUG] [mixin/]: Mixing core.render.VertexFormatAccessor from embeddium.mixins.json into com.mojang.blaze3d.vertex.VertexFormat
[12:02:20] [Render thread/DEBUG] [mixin/]: Mixing features.render.model.item.ItemRendererMixin from embeddium.mixins.json into net.minecraft.client.renderer.entity.ItemRenderer
[12:02:20] [Render thread/INFO] [Embeddium/]: Block minecraft:birch_leaves had its color provider replaced and will not use per-vertex coloring
[12:02:20] [Render thread/DEBUG] [mixin/]: Mixing EntityDistanceCullingMixin$TileDispatcherMixin from chloride.mixin.json into net.minecraft.client.renderer.blockentity.BlockEntityRenderDispatcher
[12:02:20] [Render thread/DEBUG] [mixin/]: Mixing FastBlocksMixins$TileRenderMixin from chloride.mixin.json into net.minecraft.client.renderer.blockentity.BlockEntityRenderDispatcher
[12:02:20] [Render thread/DEBUG] [mixin/]: Mixing EntityDistanceCullingMixin$EntityDispatcherMixin from chloride.mixin.json into net.minecraft.client.renderer.entity.EntityRenderDispatcher
[12:02:20] [Render thread/DEBUG] [mixin/]: Mixing features.render.entity.shadows.EntityRenderDispatcherMixin from embeddium.mixins.json into net.minecraft.client.renderer.entity.EntityRenderDispatcher
[12:02:20] [Render thread/DEBUG] [mixin/]: Mixing features.model.ModelBakeryMixin from embeddium.mixins.json into net.minecraft.client.resources.model.ModelBakery
[12:02:20] [Render thread/DEBUG] [mixin/]: Mixing core.model.BakedModelMixin from embeddium.mixins.json into net.minecraft.client.resources.model.BakedModel
[12:02:20] [Render thread/DEBUG] [mixin/]: Mixing core.model.quad.BakedQuadFactoryMixin from embeddium.mixins.json into net.minecraft.client.renderer.block.model.FaceBakery
[12:02:20] [Render thread/DEBUG] [mixin/]: Mixing features.model.BlockElementMixin from embeddium.mixins.json into net.minecraft.client.renderer.block.model.BlockElement
[12:02:20] [Render thread/DEBUG] [mixin/]: Mixing features.render.immediate.buffer_builder.fast_delegate.BufferSourceMixin from embeddium.mixins.json into net.minecraft.client.renderer.MultiBufferSource$BufferSource
[12:02:20] [Render thread/DEBUG] [mixin/]: Mixing features.render.model.block.BlockModelRendererMixin from embeddium.mixins.json into net.minecraft.client.renderer.block.ModelBlockRenderer
[12:02:20] [Render thread/DEBUG] [mixin/]: Mixing features.textures.animations.tracking.BlockModelRendererMixin from embeddium.mixins.json into net.minecraft.client.renderer.block.ModelBlockRenderer
[12:02:20] [Render thread/DEBUG] [mixin/]: Mixing darkness.LightTextureMixin from chloride.mixin.json into net.minecraft.client.renderer.LightTexture
[12:02:20] [Render thread/DEBUG] [mixin/]: Mixing features.render.immediate.buffer_builder.VertexBufferMixin from embeddium.mixins.json into com.mojang.blaze3d.vertex.VertexBuffer
[12:02:21] [Render thread/DEBUG] [mixin/]: Mixing client.particle.ParticleMotionAccessor from projectatmosphere.mixins.json into net.minecraft.client.particle.Particle
[12:02:21] [Render thread/DEBUG] [mixin/]: Mixing features.textures.animations.tracking.SpriteBillboardParticleMixin from embeddium.mixins.json into net.minecraft.client.particle.TextureSheetParticle
[12:02:21] [Render thread/DEBUG] [mixin/]: Mixing features.render.particle.BillboardParticleMixin from embeddium.mixins.json into net.minecraft.client.particle.SingleQuadParticle
[12:02:21] [Render thread/DEBUG] [mixin/]: Mixing client.IntegratedServerMixin from lithostitched.mixins.json into net.minecraft.client.server.IntegratedServer
[12:02:21] [Render thread/DEBUG] [mixin/]: Mixing features.gui.hooks.debug.DebugHudMixin from embeddium.mixins.json into net.minecraft.client.gui.components.DebugScreenOverlay
[12:02:21] [Render thread/DEBUG] [mixin/]: Mixing features.render.gui.debug.DebugScreenOverlayAccessor from embeddium.mixins.json into net.minecraft.client.gui.components.DebugScreenOverlay
[12:02:21] [Render thread/INFO] [ne.mi.ga.ForgeGameTestHooks/]: Enabled Gametest Namespaces: [projectatmosphere]
[12:02:21] [Render thread/DEBUG] [mixin/]: Mixing client.MixinVanillaGuiOverlay from glitchcore.forge.mixins.json into net.minecraftforge.client.gui.overlay.VanillaGuiOverlay
[12:02:21] [Render thread/DEBUG] [mixin/]: Renaming synthetic method lambda$wrapRendererWithRightModification$1(Lglitchcore/event/client/RenderGuiEvent$Type;Lnet/minecraftforge/client/gui/overlay/IGuiOverlay;Lnet/minecraftforge/client/gui/overlay/ForgeGui;Lnet/minecraft/client/gui/GuiGraphics;FII)V to md5f9133$lambda$wrapRendererWithRightModification$1$0 in glitchcore.forge.mixins.json:client.MixinVanillaGuiOverlay
[12:02:21] [Render thread/DEBUG] [mixin/]: Renaming synthetic method lambda$wrapRenderer$0(Lglitchcore/event/client/RenderGuiEvent$Type;Lnet/minecraftforge/client/gui/overlay/IGuiOverlay;Lnet/minecraftforge/client/gui/overlay/ForgeGui;Lnet/minecraft/client/gui/GuiGraphics;FII)V to md5f9133$lambda$wrapRenderer$0$1 in glitchcore.forge.mixins.json:client.MixinVanillaGuiOverlay
[12:02:21] [Render thread/DEBUG] [mixin/]: Mixing features.options.overlays.VanillaGuiOverlayMixin from embeddium.mixins.json into net.minecraftforge.client.gui.overlay.VanillaGuiOverlay
[12:02:21] [Render thread/DEBUG] [mixin/]: Mixing CloudHeightMixin from chloride.mixin.json into net.minecraft.client.renderer.DimensionSpecialEffects
[12:02:21] [Render thread/DEBUG] [mixin/]: Mixing darkness.DimensionEffectsMixin from chloride.mixin.json into net.minecraft.client.renderer.DimensionSpecialEffects
[12:02:21] [Render thread/DEBUG] [mixin/]: Mixing darkness.DimensionEffectsMixin$NetherMixin from chloride.mixin.json into net.minecraft.client.renderer.DimensionSpecialEffects$NetherEffects
[12:02:21] [Render thread/DEBUG] [mixin/]: Mixing darkness.DimensionEffectsMixin$EndMixin from chloride.mixin.json into net.minecraft.client.renderer.DimensionSpecialEffects$EndEffects
[12:02:21] [Render thread/INFO] [minecraft/ReloadableResourceManager]: Reloading ResourceManager: mod_resources, vanilla
[12:02:21] [modloading-worker-0/DEBUG] [ne.mi.fm.co.ConfigTracker/CONFIG]: Loading configs type CLIENT
[12:02:21] [modloading-worker-0/DEBUG] [ne.mi.fm.co.ConfigFileTypeHandler/CONFIG]: Built TOML config for G:\Project-Atmosphere\run\config\crackerslib-client.toml
[12:02:21] [Render thread/DEBUG] [mixin/]: Mixing client.OptionsScreenMixin from projectatmosphere.mixins.json into net.minecraft.client.gui.screens.OptionsScreen
[12:02:21] [modloading-worker-0/DEBUG] [ne.mi.fm.co.ConfigFileTypeHandler/CONFIG]: Loaded TOML config file G:\Project-Atmosphere\run\config\crackerslib-client.toml
[12:02:21] [Render thread/DEBUG] [mixin/]: Renaming synthetic method lambda$projectatmosphere$addShaderButton$0(Lnet/minecraft/client/gui/screens/OptionsScreen;Lnet/minecraft/client/gui/components/Button;)V to md5f9133$lambda$projectatmosphere$addShaderButton$0$0 in projectatmosphere.mixins.json:client.OptionsScreenMixin
[12:02:21] [modloading-worker-0/DEBUG] [ne.mi.fm.co.ConfigFileTypeHandler/CONFIG]: Watching TOML config file G:\Project-Atmosphere\run\config\crackerslib-client.toml for changes
[12:02:21] [Render thread/DEBUG] [mixin/]: Mixing features.gui.hooks.settings.OptionsScreenMixin from embeddium.mixins.json into net.minecraft.client.gui.screens.OptionsScreen
[12:02:21] [modloading-worker-0/DEBUG] [ne.mi.fm.co.ConfigFileTypeHandler/CONFIG]: Built TOML config for G:\Project-Atmosphere\run\config\forge-client.toml
[12:02:21] [modloading-worker-0/DEBUG] [ne.mi.fm.co.ConfigFileTypeHandler/CONFIG]: Loaded TOML config file G:\Project-Atmosphere\run\config\forge-client.toml
[12:02:21] [modloading-worker-0/DEBUG] [ne.mi.fm.co.ConfigFileTypeHandler/CONFIG]: Watching TOML config file G:\Project-Atmosphere\run\config\forge-client.toml for changes
[12:02:21] [modloading-worker-0/DEBUG] [ne.mi.co.ForgeConfig/FORGEMOD]: Loaded forge config file forge-client.toml
[12:02:21] [modloading-worker-0/DEBUG] [ne.mi.fm.co.ConfigTracker/CONFIG]: Loading configs type COMMON
[12:02:21] [modloading-worker-0/DEBUG] [ne.mi.fm.co.ConfigFileTypeHandler/CONFIG]: Built TOML config for G:\Project-Atmosphere\run\config\projectatmosphere-common.toml
[12:02:21] [modloading-worker-0/DEBUG] [ne.mi.fm.co.ConfigFileTypeHandler/CONFIG]: Loaded TOML config file G:\Project-Atmosphere\run\config\projectatmosphere-common.toml
[12:02:21] [modloading-worker-0/DEBUG] [ne.mi.fm.co.ConfigFileTypeHandler/CONFIG]: Watching TOML config file G:\Project-Atmosphere\run\config\projectatmosphere-common.toml for changes
[12:02:21] [Render thread/DEBUG] [mixin/]: Mixing QuickLanguageReloadMixin from chloride.mixin.json into net.minecraft.client.gui.screens.LanguageSelectScreen
[12:02:21] [modloading-worker-0/DEBUG] [ne.mi.fm.co.ConfigFileTypeHandler/CONFIG]: Built TOML config for G:\Project-Atmosphere\run\config\sereneseasonsplus-common.toml
[12:02:21] [modloading-worker-0/DEBUG] [ne.mi.fm.co.ConfigFileTypeHandler/CONFIG]: Loaded TOML config file G:\Project-Atmosphere\run\config\sereneseasonsplus-common.toml
[12:02:21] [modloading-worker-0/DEBUG] [ne.mi.fm.co.ConfigFileTypeHandler/CONFIG]: Watching TOML config file G:\Project-Atmosphere\run\config\sereneseasonsplus-common.toml for changes
[12:02:21] [Worker-Main-8/INFO] [projectatmosphere/]: Setting up Project Atmosphere (Common)
[12:02:21] [Worker-Main-8/INFO] [projectatmosphere/]: All module subsystems have been initialized.
[12:02:21] [Render thread/DEBUG] [mixin/]: Mixing features.model.SimpleBakedModelAccessor from embeddium.mixins.json into net.minecraft.client.resources.model.SimpleBakedModel
[12:02:21] [Render thread/DEBUG] [mixin/]: Mixing features.render.model.ChunkRenderTypeSetMixin from embeddium.mixins.json into net.minecraftforge.client.ChunkRenderTypeSet
[12:02:21] [Render thread/DEBUG] [mixin/]: Renaming @Invoker method embeddium$construct(Ljava/util/BitSet;)Lnet/minecraftforge/client/ChunkRenderTypeSet; to embeddium$construct_$md$5f9133$0 in embeddium.mixins.json:features.render.model.ChunkRenderTypeSetMixin
[12:02:21] [Render thread/DEBUG] [mixin/]: Renaming synthetic method lambda$static$0([Lnet/minecraftforge/client/ChunkRenderTypeSet;)V to md5f9133$lambda$static$0$1 in embeddium.mixins.json:features.render.model.ChunkRenderTypeSetMixin
[12:02:21] [Render thread/DEBUG] [mixin/]: Mixing features.textures.animations.upload.SpriteContentsAccessor from embeddium.mixins.json into net.minecraft.client.renderer.texture.SpriteContents
[12:02:21] [Render thread/DEBUG] [mixin/]: Mixing features.textures.mipmaps.SpriteContentsMixin from embeddium.mixins.json into net.minecraft.client.renderer.texture.SpriteContents
[12:02:21] [Render thread/DEBUG] [mixin/]: Mixing features.textures.animations.tracking.SpriteContentsMixin from embeddium.mixins.json into net.minecraft.client.renderer.texture.SpriteContents
[12:02:21] [Render thread/DEBUG] [mixin/]: Mixing features.textures.SpriteContentsInvoker from embeddium.mixins.json into net.minecraft.client.renderer.texture.SpriteContents
[12:02:21] [Render thread/DEBUG] [mixin/]: Mixing features.textures.animations.tracking.SpriteContentsAnimationFrameAccessor from embeddium.mixins.json into net.minecraft.client.renderer.texture.SpriteContents$FrameInfo
[12:02:21] [Render thread/DEBUG] [mixin/]: Mixing features.textures.animations.upload.SpriteContentsAnimationFrameAccessor from embeddium.mixins.json into net.minecraft.client.renderer.texture.SpriteContents$FrameInfo
[12:02:21] [Render thread/DEBUG] [mixin/]: Unexpected: Registered method getTime()I in net.minecraft.client.renderer.texture.SpriteContents$FrameInfo was not merged
[12:02:21] [Forge Version Check/INFO] [ne.mi.fm.VersionChecker/]: [betterdays] Starting version check at https://raw.githubusercontent.com/wendall911/BetterDays/1.20.1/files/updates.json
[12:02:21] [Worker-Main-12/INFO] [minecraft/UnihexProvider]: Found unifont_all_no_pua-15.0.06.hex, loading
[12:02:21] [Render thread/DEBUG] [mixin/]: Mixing FogAndBandMixin from chloride.mixin.json into net.minecraft.client.renderer.FogRenderer
[12:02:21] [Render thread/DEBUG] [mixin/]: Mixing features.render.world.sky.BackgroundRendererMixin from embeddium.mixins.json into net.minecraft.client.renderer.FogRenderer
[12:02:21] [Render thread/DEBUG] [mixin/]: Renaming synthetic method lambda$redirectSampleColor$1(Lnet/minecraft/client/multiplayer/ClientLevel;FLnet/minecraft/world/phys/Vec3;)Lnet/minecraft/world/phys/Vec3; to md5f9133$lambda$redirectSampleColor$1$0 in embeddium.mixins.json:features.render.world.sky.BackgroundRendererMixin
[12:02:21] [Render thread/DEBUG] [mixin/]: Renaming synthetic method lambda$redirectSampleColor$0(Lnet/minecraft/client/multiplayer/ClientLevel;III)I to md5f9133$lambda$redirectSampleColor$0$1 in embeddium.mixins.json:features.render.world.sky.BackgroundRendererMixin
[12:02:21] [Worker-Main-18/DEBUG] [mixin/]: Mixing features.textures.animations.tracking.SpriteContentsAnimationAccessor from embeddium.mixins.json into net.minecraft.client.renderer.texture.SpriteContents$AnimatedTexture
[12:02:21] [Worker-Main-18/DEBUG] [mixin/]: Mixing features.textures.animations.upload.SpriteContentsAnimationAccessor from embeddium.mixins.json into net.minecraft.client.renderer.texture.SpriteContents$AnimatedTexture
[12:02:21] [Worker-Main-18/DEBUG] [mixin/]: Unexpected: Registered method getFrames()Ljava/util/List; in net.minecraft.client.renderer.texture.SpriteContents$AnimatedTexture was not merged
[12:02:21] [Worker-Main-16/DEBUG] [mixin/]: Mixing features.textures.mipmaps.MipmapHelperMixin from embeddium.mixins.json into net.minecraft.client.renderer.texture.MipmapGenerator
[12:02:21] [Render thread/DEBUG] [ne.mi.fm.DeferredWorkQueue/LOADING]: Dispatching synchronous work for work queue COMMON_SETUP: 2 jobs
[12:02:21] [Render thread/DEBUG] [crackerslib/ConfigPresets/]: Gathered presets for 0 mod(s)
[12:02:21] [Render thread/WARN] [projectatmosphere/]: Biome key 'plains' is missing a namespace; assuming minecraft:plains when unique. Prefer explicit ids such as minecraft:desert or biomesoplenty:bayou to avoid ambiguity.
[12:02:21] [Render thread/WARN] [projectatmosphere/]: No biome found with path 'plains' in registry; defaulting to minecraft:plains
[12:02:21] [Render thread/WARN] [projectatmosphere/]: Biome key 'sunflower_plains' is missing a namespace; assuming minecraft:sunflower_plains when unique. Prefer explicit ids such as minecraft:desert or biomesoplenty:bayou to avoid ambiguity.
[12:02:21] [Render thread/WARN] [projectatmosphere/]: No biome found with path 'sunflower_plains' in registry; defaulting to minecraft:sunflower_plains
[12:02:21] [Render thread/WARN] [projectatmosphere/]: Biome key 'plains' is missing a namespace; assuming minecraft:plains when unique. Prefer explicit ids such as minecraft:desert or biomesoplenty:bayou to avoid ambiguity.
[12:02:21] [Render thread/WARN] [projectatmosphere/]: No biome found with path 'plains' in registry; defaulting to minecraft:plains
[12:02:21] [Render thread/WARN] [projectatmosphere/]: Biome key 'forest' is missing a namespace; assuming minecraft:forest when unique. Prefer explicit ids such as minecraft:desert or biomesoplenty:bayou to avoid ambiguity.
[12:02:21] [Render thread/WARN] [projectatmosphere/]: No biome found with path 'forest' in registry; defaulting to minecraft:forest
[12:02:21] [Render thread/WARN] [projectatmosphere/]: Biome key 'flower_forest' is missing a namespace; assuming minecraft:flower_forest when unique. Prefer explicit ids such as minecraft:desert or biomesoplenty:bayou to avoid ambiguity.
[12:02:21] [Render thread/WARN] [projectatmosphere/]: No biome found with path 'flower_forest' in registry; defaulting to minecraft:flower_forest
[12:02:21] [Render thread/WARN] [projectatmosphere/]: Biome key 'forest' is missing a namespace; assuming minecraft:forest when unique. Prefer explicit ids such as minecraft:desert or biomesoplenty:bayou to avoid ambiguity.
[12:02:21] [Render thread/WARN] [projectatmosphere/]: No biome found with path 'forest' in registry; defaulting to minecraft:forest
[12:02:21] [Render thread/WARN] [projectatmosphere/]: Biome key 'birch_forest' is missing a namespace; assuming minecraft:birch_forest when unique. Prefer explicit ids such as minecraft:desert or biomesoplenty:bayou to avoid ambiguity.
[12:02:21] [Render thread/WARN] [projectatmosphere/]: No biome found with path 'birch_forest' in registry; defaulting to minecraft:birch_forest
[12:02:21] [Render thread/WARN] [projectatmosphere/]: Biome key 'forest' is missing a namespace; assuming minecraft:forest when unique. Prefer explicit ids such as minecraft:desert or biomesoplenty:bayou to avoid ambiguity.
[12:02:21] [Render thread/WARN] [projectatmosphere/]: No biome found with path 'forest' in registry; defaulting to minecraft:forest
[12:02:21] [Render thread/WARN] [projectatmosphere/]: Biome key 'old_growth_birch_forest' is missing a namespace; assuming minecraft:old_growth_birch_forest when unique. Prefer explicit ids such as minecraft:desert or biomesoplenty:bayou to avoid ambiguity.
[12:02:21] [Render thread/WARN] [projectatmosphere/]: No biome found with path 'old_growth_birch_forest' in registry; defaulting to minecraft:old_growth_birch_forest
[12:02:21] [Render thread/WARN] [projectatmosphere/]: Biome key 'forest' is missing a namespace; assuming minecraft:forest when unique. Prefer explicit ids such as minecraft:desert or biomesoplenty:bayou to avoid ambiguity.
[12:02:21] [Render thread/WARN] [projectatmosphere/]: No biome found with path 'forest' in registry; defaulting to minecraft:forest
[12:02:21] [Render thread/WARN] [projectatmosphere/]: Biome key 'dark_forest' is missing a namespace; assuming minecraft:dark_forest when unique. Prefer explicit ids such as minecraft:desert or biomesoplenty:bayou to avoid ambiguity.
[12:02:21] [Render thread/WARN] [projectatmosphere/]: No biome found with path 'dark_forest' in registry; defaulting to minecraft:dark_forest
[12:02:21] [Render thread/WARN] [projectatmosphere/]: Biome key 'beach' is missing a namespace; assuming minecraft:beach when unique. Prefer explicit ids such as minecraft:desert or biomesoplenty:bayou to avoid ambiguity.
[12:02:21] [Render thread/WARN] [projectatmosphere/]: No biome found with path 'beach' in registry; defaulting to minecraft:beach
[12:02:21] [Render thread/WARN] [projectatmosphere/]: Biome key 'cherry_grove' is missing a namespace; assuming minecraft:cherry_grove when unique. Prefer explicit ids such as minecraft:desert or biomesoplenty:bayou to avoid ambiguity.
[12:02:21] [Render thread/WARN] [projectatmosphere/]: No biome found with path 'cherry_grove' in registry; defaulting to minecraft:cherry_grove
[12:02:21] [Render thread/WARN] [projectatmosphere/]: Biome key 'swamp' is missing a namespace; assuming minecraft:swamp when unique. Prefer explicit ids such as minecraft:desert or biomesoplenty:bayou to avoid ambiguity.
[12:02:21] [Render thread/WARN] [projectatmosphere/]: No biome found with path 'swamp' in registry; defaulting to minecraft:swamp
[12:02:21] [Render thread/WARN] [projectatmosphere/]: Biome key 'meadow' is missing a namespace; assuming minecraft:meadow when unique. Prefer explicit ids such as minecraft:desert or biomesoplenty:bayou to avoid ambiguity.
[12:02:21] [Render thread/WARN] [projectatmosphere/]: No biome found with path 'meadow' in registry; defaulting to minecraft:meadow
[12:02:21] [Render thread/WARN] [projectatmosphere/]: Biome key 'taiga' is missing a namespace; assuming minecraft:taiga when unique. Prefer explicit ids such as minecraft:desert or biomesoplenty:bayou to avoid ambiguity.
[12:02:21] [Render thread/WARN] [projectatmosphere/]: No biome found with path 'taiga' in registry; defaulting to minecraft:taiga
[12:02:21] [Render thread/WARN] [projectatmosphere/]: Biome key 'old_growth_spruce_taiga' is missing a namespace; assuming minecraft:old_growth_spruce_taiga when unique. Prefer explicit ids such as minecraft:desert or biomesoplenty:bayou to avoid ambiguity.
[12:02:21] [Render thread/WARN] [projectatmosphere/]: No biome found with path 'old_growth_spruce_taiga' in registry; defaulting to minecraft:old_growth_spruce_taiga
[12:02:21] [Render thread/WARN] [projectatmosphere/]: Biome key 'taiga' is missing a namespace; assuming minecraft:taiga when unique. Prefer explicit ids such as minecraft:desert or biomesoplenty:bayou to avoid ambiguity.
[12:02:21] [Render thread/WARN] [projectatmosphere/]: No biome found with path 'taiga' in registry; defaulting to minecraft:taiga
[12:02:21] [Render thread/WARN] [projectatmosphere/]: Biome key 'old_growth_pine_taiga' is missing a namespace; assuming minecraft:old_growth_pine_taiga when unique. Prefer explicit ids such as minecraft:desert or biomesoplenty:bayou to avoid ambiguity.
[12:02:21] [Render thread/WARN] [projectatmosphere/]: No biome found with path 'old_growth_pine_taiga' in registry; defaulting to minecraft:old_growth_pine_taiga
[12:02:21] [Render thread/WARN] [projectatmosphere/]: Biome key 'taiga' is missing a namespace; assuming minecraft:taiga when unique. Prefer explicit ids such as minecraft:desert or biomesoplenty:bayou to avoid ambiguity.
[12:02:21] [Render thread/WARN] [projectatmosphere/]: No biome found with path 'taiga' in registry; defaulting to minecraft:taiga
[12:02:21] [Render thread/WARN] [projectatmosphere/]: Biome key 'snowy_taiga' is missing a namespace; assuming minecraft:snowy_taiga when unique. Prefer explicit ids such as minecraft:desert or biomesoplenty:bayou to avoid ambiguity.
[12:02:21] [Render thread/WARN] [projectatmosphere/]: No biome found with path 'snowy_taiga' in registry; defaulting to minecraft:snowy_taiga
[12:02:21] [Render thread/WARN] [projectatmosphere/]: Biome key 'taiga' is missing a namespace; assuming minecraft:taiga when unique. Prefer explicit ids such as minecraft:desert or biomesoplenty:bayou to avoid ambiguity.
[12:02:21] [Render thread/WARN] [projectatmosphere/]: No biome found with path 'taiga' in registry; defaulting to minecraft:taiga
[12:02:21] [Render thread/WARN] [projectatmosphere/]: Biome key 'snowy_plains' is missing a namespace; assuming minecraft:snowy_plains when unique. Prefer explicit ids such as minecraft:desert or biomesoplenty:bayou to avoid ambiguity.
[12:02:21] [Render thread/WARN] [projectatmosphere/]: No biome found with path 'snowy_plains' in registry; defaulting to minecraft:snowy_plains
[12:02:21] [Render thread/WARN] [projectatmosphere/]: Biome key 'ice_spikes' is missing a namespace; assuming minecraft:ice_spikes when unique. Prefer explicit ids such as minecraft:desert or biomesoplenty:bayou to avoid ambiguity.
[12:02:21] [Render thread/WARN] [projectatmosphere/]: No biome found with path 'ice_spikes' in registry; defaulting to minecraft:ice_spikes
[12:02:21] [Render thread/WARN] [projectatmosphere/]: Biome key 'snowy_slopes' is missing a namespace; assuming minecraft:snowy_slopes when unique. Prefer explicit ids such as minecraft:desert or biomesoplenty:bayou to avoid ambiguity.
[12:02:21] [Render thread/WARN] [projectatmosphere/]: No biome found with path 'snowy_slopes' in registry; defaulting to minecraft:snowy_slopes
[12:02:21] [Render thread/WARN] [projectatmosphere/]: Biome key 'snowy_plains' is missing a namespace; assuming minecraft:snowy_plains when unique. Prefer explicit ids such as minecraft:desert or biomesoplenty:bayou to avoid ambiguity.
[12:02:21] [Render thread/WARN] [projectatmosphere/]: No biome found with path 'snowy_plains' in registry; defaulting to minecraft:snowy_plains
[12:02:21] [Render thread/WARN] [projectatmosphere/]: Biome key 'frozen_peaks' is missing a namespace; assuming minecraft:frozen_peaks when unique. Prefer explicit ids such as minecraft:desert or biomesoplenty:bayou to avoid ambiguity.
[12:02:21] [Render thread/WARN] [projectatmosphere/]: No biome found with path 'frozen_peaks' in registry; defaulting to minecraft:frozen_peaks
[12:02:21] [Render thread/WARN] [projectatmosphere/]: Biome key 'jungle' is missing a namespace; assuming minecraft:jungle when unique. Prefer explicit ids such as minecraft:desert or biomesoplenty:bayou to avoid ambiguity.
[12:02:21] [Render thread/WARN] [projectatmosphere/]: No biome found with path 'jungle' in registry; defaulting to minecraft:jungle
[12:02:21] [Render thread/WARN] [projectatmosphere/]: Biome key 'sparse_jungle' is missing a namespace; assuming minecraft:sparse_jungle when unique. Prefer explicit ids such as minecraft:desert or biomesoplenty:bayou to avoid ambiguity.
[12:02:21] [Render thread/WARN] [projectatmosphere/]: No biome found with path 'sparse_jungle' in registry; defaulting to minecraft:sparse_jungle
[12:02:21] [Render thread/WARN] [projectatmosphere/]: Biome key 'jungle' is missing a namespace; assuming minecraft:jungle when unique. Prefer explicit ids such as minecraft:desert or biomesoplenty:bayou to avoid ambiguity.
[12:02:21] [Render thread/WARN] [projectatmosphere/]: No biome found with path 'jungle' in registry; defaulting to minecraft:jungle
[12:02:21] [Render thread/WARN] [projectatmosphere/]: Biome key 'bamboo_jungle' is missing a namespace; assuming minecraft:bamboo_jungle when unique. Prefer explicit ids such as minecraft:desert or biomesoplenty:bayou to avoid ambiguity.
[12:02:21] [Render thread/WARN] [projectatmosphere/]: No biome found with path 'bamboo_jungle' in registry; defaulting to minecraft:bamboo_jungle
[12:02:21] [Render thread/WARN] [projectatmosphere/]: Biome key 'jungle' is missing a namespace; assuming minecraft:jungle when unique. Prefer explicit ids such as minecraft:desert or biomesoplenty:bayou to avoid ambiguity.
[12:02:21] [Render thread/WARN] [projectatmosphere/]: No biome found with path 'jungle' in registry; defaulting to minecraft:jungle
[12:02:21] [Render thread/WARN] [projectatmosphere/]: Biome key 'desert' is missing a namespace; assuming minecraft:desert when unique. Prefer explicit ids such as minecraft:desert or biomesoplenty:bayou to avoid ambiguity.
[12:02:21] [Render thread/WARN] [projectatmosphere/]: No biome found with path 'desert' in registry; defaulting to minecraft:desert
[12:02:21] [Render thread/WARN] [projectatmosphere/]: Biome key 'badlands' is missing a namespace; assuming minecraft:badlands when unique. Prefer explicit ids such as minecraft:desert or biomesoplenty:bayou to avoid ambiguity.
[12:02:21] [Render thread/WARN] [projectatmosphere/]: No biome found with path 'badlands' in registry; defaulting to minecraft:badlands
[12:02:21] [Render thread/WARN] [projectatmosphere/]: Biome key 'wooded_badlands' is missing a namespace; assuming minecraft:wooded_badlands when unique. Prefer explicit ids such as minecraft:desert or biomesoplenty:bayou to avoid ambiguity.
[12:02:21] [Render thread/WARN] [projectatmosphere/]: No biome found with path 'wooded_badlands' in registry; defaulting to minecraft:wooded_badlands
[12:02:21] [Render thread/WARN] [projectatmosphere/]: Biome key 'badlands' is missing a namespace; assuming minecraft:badlands when unique. Prefer explicit ids such as minecraft:desert or biomesoplenty:bayou to avoid ambiguity.
[12:02:21] [Render thread/WARN] [projectatmosphere/]: No biome found with path 'badlands' in registry; defaulting to minecraft:badlands
[12:02:21] [Render thread/WARN] [projectatmosphere/]: Biome key 'eroded_badlands' is missing a namespace; assuming minecraft:eroded_badlands when unique. Prefer explicit ids such as minecraft:desert or biomesoplenty:bayou to avoid ambiguity.
[12:02:21] [Render thread/WARN] [projectatmosphere/]: No biome found with path 'eroded_badlands' in registry; defaulting to minecraft:eroded_badlands
[12:02:21] [Render thread/WARN] [projectatmosphere/]: Biome key 'badlands' is missing a namespace; assuming minecraft:badlands when unique. Prefer explicit ids such as minecraft:desert or biomesoplenty:bayou to avoid ambiguity.
[12:02:21] [Render thread/WARN] [projectatmosphere/]: No biome found with path 'badlands' in registry; defaulting to minecraft:badlands
[12:02:21] [Render thread/WARN] [projectatmosphere/]: Biome key 'savanna' is missing a namespace; assuming minecraft:savanna when unique. Prefer explicit ids such as minecraft:desert or biomesoplenty:bayou to avoid ambiguity.
[12:02:21] [Render thread/WARN] [projectatmosphere/]: No biome found with path 'savanna' in registry; defaulting to minecraft:savanna
[12:02:21] [Render thread/WARN] [projectatmosphere/]: Biome key 'windswept_savanna' is missing a namespace; assuming minecraft:windswept_savanna when unique. Prefer explicit ids such as minecraft:desert or biomesoplenty:bayou to avoid ambiguity.
[12:02:21] [Render thread/WARN] [projectatmosphere/]: No biome found with path 'windswept_savanna' in registry; defaulting to minecraft:windswept_savanna
[12:02:21] [Render thread/WARN] [projectatmosphere/]: Biome key 'savanna' is missing a namespace; assuming minecraft:savanna when unique. Prefer explicit ids such as minecraft:desert or biomesoplenty:bayou to avoid ambiguity.
[12:02:21] [Render thread/WARN] [projectatmosphere/]: No biome found with path 'savanna' in registry; defaulting to minecraft:savanna
[12:02:21] [Render thread/WARN] [projectatmosphere/]: Biome key 'mangrove_swamp' is missing a namespace; assuming minecraft:mangrove_swamp when unique. Prefer explicit ids such as minecraft:desert or biomesoplenty:bayou to avoid ambiguity.
[12:02:21] [Render thread/WARN] [projectatmosphere/]: No biome found with path 'mangrove_swamp' in registry; defaulting to minecraft:mangrove_swamp
[12:02:21] [Render thread/WARN] [projectatmosphere/]: Biome key 'swamp' is missing a namespace; assuming minecraft:swamp when unique. Prefer explicit ids such as minecraft:desert or biomesoplenty:bayou to avoid ambiguity.
[12:02:21] [Render thread/WARN] [projectatmosphere/]: No biome found with path 'swamp' in registry; defaulting to minecraft:swamp
[12:02:21] [Render thread/WARN] [projectatmosphere/]: Biome key 'ocean' is missing a namespace; assuming minecraft:ocean when unique. Prefer explicit ids such as minecraft:desert or biomesoplenty:bayou to avoid ambiguity.
[12:02:21] [Render thread/WARN] [projectatmosphere/]: No biome found with path 'ocean' in registry; defaulting to minecraft:ocean
[12:02:21] [Render thread/WARN] [projectatmosphere/]: Biome key 'lukewarm_ocean' is missing a namespace; assuming minecraft:lukewarm_ocean when unique. Prefer explicit ids such as minecraft:desert or biomesoplenty:bayou to avoid ambiguity.
[12:02:21] [Render thread/WARN] [projectatmosphere/]: No biome found with path 'lukewarm_ocean' in registry; defaulting to minecraft:lukewarm_ocean
[12:02:21] [Render thread/WARN] [projectatmosphere/]: Biome key 'ocean' is missing a namespace; assuming minecraft:ocean when unique. Prefer explicit ids such as minecraft:desert or biomesoplenty:bayou to avoid ambiguity.
[12:02:21] [Render thread/WARN] [projectatmosphere/]: No biome found with path 'ocean' in registry; defaulting to minecraft:ocean
[12:02:21] [Render thread/WARN] [projectatmosphere/]: Biome key 'warm_ocean' is missing a namespace; assuming minecraft:warm_ocean when unique. Prefer explicit ids such as minecraft:desert or biomesoplenty:bayou to avoid ambiguity.
[12:02:21] [Render thread/WARN] [projectatmosphere/]: No biome found with path 'warm_ocean' in registry; defaulting to minecraft:warm_ocean
[12:02:21] [Render thread/WARN] [projectatmosphere/]: Biome key 'ocean' is missing a namespace; assuming minecraft:ocean when unique. Prefer explicit ids such as minecraft:desert or biomesoplenty:bayou to avoid ambiguity.
[12:02:21] [Render thread/WARN] [projectatmosphere/]: No biome found with path 'ocean' in registry; defaulting to minecraft:ocean
[12:02:21] [Render thread/WARN] [projectatmosphere/]: Biome key 'cold_ocean' is missing a namespace; assuming minecraft:cold_ocean when unique. Prefer explicit ids such as minecraft:desert or biomesoplenty:bayou to avoid ambiguity.
[12:02:21] [Render thread/WARN] [projectatmosphere/]: No biome found with path 'cold_ocean' in registry; defaulting to minecraft:cold_ocean
[12:02:21] [Render thread/WARN] [projectatmosphere/]: Biome key 'ocean' is missing a namespace; assuming minecraft:ocean when unique. Prefer explicit ids such as minecraft:desert or biomesoplenty:bayou to avoid ambiguity.
[12:02:21] [Render thread/WARN] [projectatmosphere/]: No biome found with path 'ocean' in registry; defaulting to minecraft:ocean
[12:02:21] [Render thread/WARN] [projectatmosphere/]: Biome key 'frozen_ocean' is missing a namespace; assuming minecraft:frozen_ocean when unique. Prefer explicit ids such as minecraft:desert or biomesoplenty:bayou to avoid ambiguity.
[12:02:21] [Render thread/WARN] [projectatmosphere/]: No biome found with path 'frozen_ocean' in registry; defaulting to minecraft:frozen_ocean
[12:02:21] [Render thread/WARN] [projectatmosphere/]: Biome key 'ocean' is missing a namespace; assuming minecraft:ocean when unique. Prefer explicit ids such as minecraft:desert or biomesoplenty:bayou to avoid ambiguity.
[12:02:21] [Render thread/WARN] [projectatmosphere/]: No biome found with path 'ocean' in registry; defaulting to minecraft:ocean
[12:02:21] [Render thread/WARN] [projectatmosphere/]: Biome key 'deep_ocean' is missing a namespace; assuming minecraft:deep_ocean when unique. Prefer explicit ids such as minecraft:desert or biomesoplenty:bayou to avoid ambiguity.
[12:02:21] [Render thread/WARN] [projectatmosphere/]: No biome found with path 'deep_ocean' in registry; defaulting to minecraft:deep_ocean
[12:02:21] [Render thread/WARN] [projectatmosphere/]: Biome key 'ocean' is missing a namespace; assuming minecraft:ocean when unique. Prefer explicit ids such as minecraft:desert or biomesoplenty:bayou to avoid ambiguity.
[12:02:21] [Render thread/WARN] [projectatmosphere/]: No biome found with path 'ocean' in registry; defaulting to minecraft:ocean
[12:02:21] [Render thread/WARN] [projectatmosphere/]: Biome key 'deep_lukewarm_ocean' is missing a namespace; assuming minecraft:deep_lukewarm_ocean when unique. Prefer explicit ids such as minecraft:desert or biomesoplenty:bayou to avoid ambiguity.
[12:02:21] [Render thread/WARN] [projectatmosphere/]: No biome found with path 'deep_lukewarm_ocean' in registry; defaulting to minecraft:deep_lukewarm_ocean
[12:02:21] [Render thread/WARN] [projectatmosphere/]: Biome key 'ocean' is missing a namespace; assuming minecraft:ocean when unique. Prefer explicit ids such as minecraft:desert or biomesoplenty:bayou to avoid ambiguity.
[12:02:21] [Render thread/WARN] [projectatmosphere/]: No biome found with path 'ocean' in registry; defaulting to minecraft:ocean
[12:02:21] [Render thread/WARN] [projectatmosphere/]: Biome key 'deep_warm_ocean' is missing a namespace; assuming minecraft:deep_warm_ocean when unique. Prefer explicit ids such as minecraft:desert or biomesoplenty:bayou to avoid ambiguity.
[12:02:21] [Render thread/WARN] [projectatmosphere/]: No biome found with path 'deep_warm_ocean' in registry; defaulting to minecraft:deep_warm_ocean
[12:02:21] [Render thread/WARN] [projectatmosphere/]: Biome key 'ocean' is missing a namespace; assuming minecraft:ocean when unique. Prefer explicit ids such as minecraft:desert or biomesoplenty:bayou to avoid ambiguity.
[12:02:21] [Render thread/WARN] [projectatmosphere/]: No biome found with path 'ocean' in registry; defaulting to minecraft:ocean
[12:02:21] [Render thread/WARN] [projectatmosphere/]: Biome key 'deep_cold_ocean' is missing a namespace; assuming minecraft:deep_cold_ocean when unique. Prefer explicit ids such as minecraft:desert or biomesoplenty:bayou to avoid ambiguity.
[12:02:21] [Render thread/WARN] [projectatmosphere/]: No biome found with path 'deep_cold_ocean' in registry; defaulting to minecraft:deep_cold_ocean
[12:02:21] [Render thread/WARN] [projectatmosphere/]: Biome key 'ocean' is missing a namespace; assuming minecraft:ocean when unique. Prefer explicit ids such as minecraft:desert or biomesoplenty:bayou to avoid ambiguity.
[12:02:21] [Render thread/WARN] [projectatmosphere/]: No biome found with path 'ocean' in registry; defaulting to minecraft:ocean
[12:02:21] [Render thread/WARN] [projectatmosphere/]: Biome key 'deep_frozen_ocean' is missing a namespace; assuming minecraft:deep_frozen_ocean when unique. Prefer explicit ids such as minecraft:desert or biomesoplenty:bayou to avoid ambiguity.
[12:02:21] [Render thread/WARN] [projectatmosphere/]: No biome found with path 'deep_frozen_ocean' in registry; defaulting to minecraft:deep_frozen_ocean
[12:02:21] [Render thread/WARN] [projectatmosphere/]: Biome key 'ocean' is missing a namespace; assuming minecraft:ocean when unique. Prefer explicit ids such as minecraft:desert or biomesoplenty:bayou to avoid ambiguity.
[12:02:21] [Render thread/WARN] [projectatmosphere/]: No biome found with path 'ocean' in registry; defaulting to minecraft:ocean
[12:02:21] [Render thread/WARN] [projectatmosphere/]: Biome key 'river' is missing a namespace; assuming minecraft:river when unique. Prefer explicit ids such as minecraft:desert or biomesoplenty:bayou to avoid ambiguity.
[12:02:21] [Render thread/WARN] [projectatmosphere/]: No biome found with path 'river' in registry; defaulting to minecraft:river
[12:02:21] [Render thread/WARN] [projectatmosphere/]: Biome key 'frozen_river' is missing a namespace; assuming minecraft:frozen_river when unique. Prefer explicit ids such as minecraft:desert or biomesoplenty:bayou to avoid ambiguity.
[12:02:21] [Render thread/WARN] [projectatmosphere/]: No biome found with path 'frozen_river' in registry; defaulting to minecraft:frozen_river
[12:02:21] [Render thread/WARN] [projectatmosphere/]: Biome key 'river' is missing a namespace; assuming minecraft:river when unique. Prefer explicit ids such as minecraft:desert or biomesoplenty:bayou to avoid ambiguity.
[12:02:21] [Render thread/WARN] [projectatmosphere/]: No biome found with path 'river' in registry; defaulting to minecraft:river
[12:02:21] [Render thread/WARN] [projectatmosphere/]: Biome key 'mushroom_fields' is missing a namespace; assuming minecraft:mushroom_fields when unique. Prefer explicit ids such as minecraft:desert or biomesoplenty:bayou to avoid ambiguity.
[12:02:21] [Render thread/WARN] [projectatmosphere/]: No biome found with path 'mushroom_fields' in registry; defaulting to minecraft:mushroom_fields
[12:02:21] [Render thread/WARN] [projectatmosphere/]: Biome key 'mushroom_field_shore' is missing a namespace; assuming minecraft:mushroom_field_shore when unique. Prefer explicit ids such as minecraft:desert or biomesoplenty:bayou to avoid ambiguity.
[12:02:21] [Render thread/WARN] [projectatmosphere/]: No biome found with path 'mushroom_field_shore' in registry; defaulting to minecraft:mushroom_field_shore
[12:02:21] [Render thread/WARN] [projectatmosphere/]: Biome key 'mushroom_fields' is missing a namespace; assuming minecraft:mushroom_fields when unique. Prefer explicit ids such as minecraft:desert or biomesoplenty:bayou to avoid ambiguity.
[12:02:21] [Render thread/WARN] [projectatmosphere/]: No biome found with path 'mushroom_fields' in registry; defaulting to minecraft:mushroom_fields
[12:02:21] [Render thread/WARN] [projectatmosphere/]: Biome key 'lush_caves' is missing a namespace; assuming minecraft:lush_caves when unique. Prefer explicit ids such as minecraft:desert or biomesoplenty:bayou to avoid ambiguity.
[12:02:21] [Render thread/WARN] [projectatmosphere/]: No biome found with path 'lush_caves' in registry; defaulting to minecraft:lush_caves
[12:02:21] [Render thread/WARN] [projectatmosphere/]: Biome key 'dripstone_caves' is missing a namespace; assuming minecraft:dripstone_caves when unique. Prefer explicit ids such as minecraft:desert or biomesoplenty:bayou to avoid ambiguity.
[12:02:21] [Render thread/WARN] [projectatmosphere/]: No biome found with path 'dripstone_caves' in registry; defaulting to minecraft:dripstone_caves
[12:02:21] [Render thread/WARN] [projectatmosphere/]: Biome key 'deep_dark' is missing a namespace; assuming minecraft:deep_dark when unique. Prefer explicit ids such as minecraft:desert or biomesoplenty:bayou to avoid ambiguity.
[12:02:21] [Render thread/WARN] [projectatmosphere/]: No biome found with path 'deep_dark' in registry; defaulting to minecraft:deep_dark
[12:02:21] [Render thread/WARN] [projectatmosphere/]: Biome key 'savanna_plateau' is missing a namespace; assuming minecraft:savanna_plateau when unique. Prefer explicit ids such as minecraft:desert or biomesoplenty:bayou to avoid ambiguity.
[12:02:21] [Render thread/WARN] [projectatmosphere/]: No biome found with path 'savanna_plateau' in registry; defaulting to minecraft:savanna_plateau
[12:02:21] [Render thread/WARN] [projectatmosphere/]: Biome key 'savanna' is missing a namespace; assuming minecraft:savanna when unique. Prefer explicit ids such as minecraft:desert or biomesoplenty:bayou to avoid ambiguity.
[12:02:21] [Render thread/WARN] [projectatmosphere/]: No biome found with path 'savanna' in registry; defaulting to minecraft:savanna
[12:02:21] [Render thread/WARN] [projectatmosphere/]: Biome key 'stony_shore' is missing a namespace; assuming minecraft:stony_shore when unique. Prefer explicit ids such as minecraft:desert or biomesoplenty:bayou to avoid ambiguity.
[12:02:21] [Render thread/WARN] [projectatmosphere/]: No biome found with path 'stony_shore' in registry; defaulting to minecraft:stony_shore
[12:02:21] [Render thread/WARN] [projectatmosphere/]: Biome key 'beach' is missing a namespace; assuming minecraft:beach when unique. Prefer explicit ids such as minecraft:desert or biomesoplenty:bayou to avoid ambiguity.
[12:02:21] [Render thread/WARN] [projectatmosphere/]: No biome found with path 'beach' in registry; defaulting to minecraft:beach
[12:02:21] [Render thread/WARN] [projectatmosphere/]: Biome key 'snowy_beach' is missing a namespace; assuming minecraft:snowy_beach when unique. Prefer explicit ids such as minecraft:desert or biomesoplenty:bayou to avoid ambiguity.
[12:02:21] [Render thread/WARN] [projectatmosphere/]: No biome found with path 'snowy_beach' in registry; defaulting to minecraft:snowy_beach
[12:02:21] [Render thread/WARN] [projectatmosphere/]: Biome key 'beach' is missing a namespace; assuming minecraft:beach when unique. Prefer explicit ids such as minecraft:desert or biomesoplenty:bayou to avoid ambiguity.
[12:02:21] [Render thread/WARN] [projectatmosphere/]: No biome found with path 'beach' in registry; defaulting to minecraft:beach
[12:02:21] [Render thread/WARN] [projectatmosphere/]: Biome key 'windswept_gravelly_hills' is missing a namespace; assuming minecraft:windswept_gravelly_hills when unique. Prefer explicit ids such as minecraft:desert or biomesoplenty:bayou to avoid ambiguity.
[12:02:21] [Render thread/WARN] [projectatmosphere/]: No biome found with path 'windswept_gravelly_hills' in registry; defaulting to minecraft:windswept_gravelly_hills
[12:02:21] [Render thread/WARN] [projectatmosphere/]: Biome key 'taiga' is missing a namespace; assuming minecraft:taiga when unique. Prefer explicit ids such as minecraft:desert or biomesoplenty:bayou to avoid ambiguity.
[12:02:21] [Render thread/WARN] [projectatmosphere/]: No biome found with path 'taiga' in registry; defaulting to minecraft:taiga
[12:02:21] [Render thread/WARN] [projectatmosphere/]: Biome key 'windswept_forest' is missing a namespace; assuming minecraft:windswept_forest when unique. Prefer explicit ids such as minecraft:desert or biomesoplenty:bayou to avoid ambiguity.
[12:02:21] [Render thread/WARN] [projectatmosphere/]: No biome found with path 'windswept_forest' in registry; defaulting to minecraft:windswept_forest
[12:02:21] [Render thread/WARN] [projectatmosphere/]: Biome key 'taiga' is missing a namespace; assuming minecraft:taiga when unique. Prefer explicit ids such as minecraft:desert or biomesoplenty:bayou to avoid ambiguity.
[12:02:21] [Render thread/WARN] [projectatmosphere/]: No biome found with path 'taiga' in registry; defaulting to minecraft:taiga
[12:02:21] [Render thread/WARN] [projectatmosphere/]: Biome key 'windswept_hills' is missing a namespace; assuming minecraft:windswept_hills when unique. Prefer explicit ids such as minecraft:desert or biomesoplenty:bayou to avoid ambiguity.
[12:02:21] [Render thread/WARN] [projectatmosphere/]: No biome found with path 'windswept_hills' in registry; defaulting to minecraft:windswept_hills
[12:02:21] [Render thread/WARN] [projectatmosphere/]: Biome key 'taiga' is missing a namespace; assuming minecraft:taiga when unique. Prefer explicit ids such as minecraft:desert or biomesoplenty:bayou to avoid ambiguity.
[12:02:21] [Render thread/WARN] [projectatmosphere/]: No biome found with path 'taiga' in registry; defaulting to minecraft:taiga
[12:02:21] [Render thread/WARN] [projectatmosphere/]: Biome key 'jagged_peaks' is missing a namespace; assuming minecraft:jagged_peaks when unique. Prefer explicit ids such as minecraft:desert or biomesoplenty:bayou to avoid ambiguity.
[12:02:21] [Render thread/WARN] [projectatmosphere/]: No biome found with path 'jagged_peaks' in registry; defaulting to minecraft:jagged_peaks
[12:02:21] [Render thread/WARN] [projectatmosphere/]: Biome key 'frozen_peaks' is missing a namespace; assuming minecraft:frozen_peaks when unique. Prefer explicit ids such as minecraft:desert or biomesoplenty:bayou to avoid ambiguity.
[12:02:21] [Render thread/WARN] [projectatmosphere/]: No biome found with path 'frozen_peaks' in registry; defaulting to minecraft:frozen_peaks
[12:02:21] [Render thread/WARN] [projectatmosphere/]: Biome key 'stony_peaks' is missing a namespace; assuming minecraft:stony_peaks when unique. Prefer explicit ids such as minecraft:desert or biomesoplenty:bayou to avoid ambiguity.
[12:02:21] [Render thread/WARN] [projectatmosphere/]: No biome found with path 'stony_peaks' in registry; defaulting to minecraft:stony_peaks
[12:02:21] [Render thread/WARN] [projectatmosphere/]: Biome key 'frozen_peaks' is missing a namespace; assuming minecraft:frozen_peaks when unique. Prefer explicit ids such as minecraft:desert or biomesoplenty:bayou to avoid ambiguity.
[12:02:21] [Render thread/WARN] [projectatmosphere/]: No biome found with path 'frozen_peaks' in registry; defaulting to minecraft:frozen_peaks
[12:02:21] [Render thread/WARN] [projectatmosphere/]: Biome key 'grove' is missing a namespace; assuming minecraft:grove when unique. Prefer explicit ids such as minecraft:desert or biomesoplenty:bayou to avoid ambiguity.
[12:02:21] [Render thread/WARN] [projectatmosphere/]: No biome found with path 'grove' in registry; defaulting to minecraft:grove
[12:02:21] [Render thread/WARN] [projectatmosphere/]: Biome key 'snowy_slopes' is missing a namespace; assuming minecraft:snowy_slopes when unique. Prefer explicit ids such as minecraft:desert or biomesoplenty:bayou to avoid ambiguity.
[12:02:21] [Render thread/WARN] [projectatmosphere/]: No biome found with path 'snowy_slopes' in registry; defaulting to minecraft:snowy_slopes
[12:02:21] [Render thread/WARN] [projectatmosphere/]: Biome key 'nether_wastes' is missing a namespace; assuming minecraft:nether_wastes when unique. Prefer explicit ids such as minecraft:desert or biomesoplenty:bayou to avoid ambiguity.
[12:02:21] [Render thread/WARN] [projectatmosphere/]: No biome found with path 'nether_wastes' in registry; defaulting to minecraft:nether_wastes
[12:02:21] [Render thread/WARN] [projectatmosphere/]: Biome key 'basalt_deltas' is missing a namespace; assuming minecraft:basalt_deltas when unique. Prefer explicit ids such as minecraft:desert or biomesoplenty:bayou to avoid ambiguity.
[12:02:21] [Render thread/WARN] [projectatmosphere/]: No biome found with path 'basalt_deltas' in registry; defaulting to minecraft:basalt_deltas
[12:02:21] [Render thread/WARN] [projectatmosphere/]: Biome key 'crimson_forest' is missing a namespace; assuming minecraft:crimson_forest when unique. Prefer explicit ids such as minecraft:desert or biomesoplenty:bayou to avoid ambiguity.
[12:02:21] [Render thread/WARN] [projectatmosphere/]: No biome found with path 'crimson_forest' in registry; defaulting to minecraft:crimson_forest
[12:02:21] [Render thread/WARN] [projectatmosphere/]: Biome key 'warped_forest' is missing a namespace; assuming minecraft:warped_forest when unique. Prefer explicit ids such as minecraft:desert or biomesoplenty:bayou to avoid ambiguity.
[12:02:21] [Render thread/WARN] [projectatmosphere/]: No biome found with path 'warped_forest' in registry; defaulting to minecraft:warped_forest
[12:02:21] [Render thread/WARN] [projectatmosphere/]: Biome key 'soul_sand_valley' is missing a namespace; assuming minecraft:soul_sand_valley when unique. Prefer explicit ids such as minecraft:desert or biomesoplenty:bayou to avoid ambiguity.
[12:02:21] [Render thread/WARN] [projectatmosphere/]: No biome found with path 'soul_sand_valley' in registry; defaulting to minecraft:soul_sand_valley
[12:02:21] [Render thread/WARN] [projectatmosphere/]: Biome key 'the_end' is missing a namespace; assuming minecraft:the_end when unique. Prefer explicit ids such as minecraft:desert or biomesoplenty:bayou to avoid ambiguity.
[12:02:21] [Render thread/WARN] [projectatmosphere/]: No biome found with path 'the_end' in registry; defaulting to minecraft:the_end
[12:02:21] [Render thread/WARN] [projectatmosphere/]: Biome key 'end_highlands' is missing a namespace; assuming minecraft:end_highlands when unique. Prefer explicit ids such as minecraft:desert or biomesoplenty:bayou to avoid ambiguity.
[12:02:21] [Render thread/WARN] [projectatmosphere/]: No biome found with path 'end_highlands' in registry; defaulting to minecraft:end_highlands
[12:02:21] [Render thread/WARN] [projectatmosphere/]: Biome key 'end_midlands' is missing a namespace; assuming minecraft:end_midlands when unique. Prefer explicit ids such as minecraft:desert or biomesoplenty:bayou to avoid ambiguity.
[12:02:21] [Render thread/WARN] [projectatmosphere/]: No biome found with path 'end_midlands' in registry; defaulting to minecraft:end_midlands
[12:02:21] [Render thread/WARN] [projectatmosphere/]: Biome key 'small_end_islands' is missing a namespace; assuming minecraft:small_end_islands when unique. Prefer explicit ids such as minecraft:desert or biomesoplenty:bayou to avoid ambiguity.
[12:02:21] [Render thread/WARN] [projectatmosphere/]: No biome found with path 'small_end_islands' in registry; defaulting to minecraft:small_end_islands
[12:02:21] [Render thread/WARN] [projectatmosphere/]: Biome key 'end_barrens' is missing a namespace; assuming minecraft:end_barrens when unique. Prefer explicit ids such as minecraft:desert or biomesoplenty:bayou to avoid ambiguity.
[12:02:21] [Render thread/WARN] [projectatmosphere/]: No biome found with path 'end_barrens' in registry; defaulting to minecraft:end_barrens
[12:02:21] [Render thread/WARN] [projectatmosphere/]: Biome key 'the_void' is missing a namespace; assuming minecraft:the_void when unique. Prefer explicit ids such as minecraft:desert or biomesoplenty:bayou to avoid ambiguity.
[12:02:21] [Render thread/WARN] [projectatmosphere/]: No biome found with path 'the_void' in registry; defaulting to minecraft:the_void
[12:02:21] [Render thread/WARN] [projectatmosphere/]: Biome key 'auroral_garden' is missing a namespace; assuming minecraft:auroral_garden when unique. Prefer explicit ids such as minecraft:desert or biomesoplenty:bayou to avoid ambiguity.
[12:02:21] [Render thread/WARN] [projectatmosphere/]: No biome found with path 'auroral_garden' in registry; defaulting to minecraft:auroral_garden
[12:02:21] [Render thread/WARN] [projectatmosphere/]: Biome key 'bamboo_grove' is missing a namespace; assuming minecraft:bamboo_grove when unique. Prefer explicit ids such as minecraft:desert or biomesoplenty:bayou to avoid ambiguity.
[12:02:21] [Render thread/WARN] [projectatmosphere/]: No biome found with path 'bamboo_grove' in registry; defaulting to minecraft:bamboo_grove
[12:02:21] [Render thread/WARN] [projectatmosphere/]: Biome key 'bayou' is missing a namespace; assuming minecraft:bayou when unique. Prefer explicit ids such as minecraft:desert or biomesoplenty:bayou to avoid ambiguity.
[12:02:21] [Render thread/WARN] [projectatmosphere/]: No biome found with path 'bayou' in registry; defaulting to minecraft:bayou
[12:02:21] [Render thread/WARN] [projectatmosphere/]: Biome key 'bog' is missing a namespace; assuming minecraft:bog when unique. Prefer explicit ids such as minecraft:desert or biomesoplenty:bayou to avoid ambiguity.
[12:02:21] [Render thread/WARN] [projectatmosphere/]: No biome found with path 'bog' in registry; defaulting to minecraft:bog
[12:02:21] [Render thread/WARN] [projectatmosphere/]: Biome key 'cold_desert' is missing a namespace; assuming minecraft:cold_desert when unique. Prefer explicit ids such as minecraft:desert or biomesoplenty:bayou to avoid ambiguity.
[12:02:21] [Render thread/WARN] [projectatmosphere/]: No biome found with path 'cold_desert' in registry; defaulting to minecraft:cold_desert
[12:02:21] [Render thread/WARN] [projectatmosphere/]: Biome key 'coniferous_forest' is missing a namespace; assuming minecraft:coniferous_forest when unique. Prefer explicit ids such as minecraft:desert or biomesoplenty:bayou to avoid ambiguity.
[12:02:21] [Render thread/WARN] [projectatmosphere/]: No biome found with path 'coniferous_forest' in registry; defaulting to minecraft:coniferous_forest
[12:02:21] [Render thread/WARN] [projectatmosphere/]: Biome key 'crag' is missing a namespace; assuming minecraft:crag when unique. Prefer explicit ids such as minecraft:desert or biomesoplenty:bayou to avoid ambiguity.
[12:02:21] [Render thread/WARN] [projectatmosphere/]: No biome found with path 'crag' in registry; defaulting to minecraft:crag
[12:02:21] [Render thread/WARN] [projectatmosphere/]: Biome key 'dead_forest' is missing a namespace; assuming minecraft:dead_forest when unique. Prefer explicit ids such as minecraft:desert or biomesoplenty:bayou to avoid ambiguity.
[12:02:21] [Render thread/WARN] [projectatmosphere/]: No biome found with path 'dead_forest' in registry; defaulting to minecraft:dead_forest
[12:02:21] [Render thread/WARN] [projectatmosphere/]: Biome key 'dryland' is missing a namespace; assuming minecraft:dryland when unique. Prefer explicit ids such as minecraft:desert or biomesoplenty:bayou to avoid ambiguity.
[12:02:21] [Render thread/WARN] [projectatmosphere/]: No biome found with path 'dryland' in registry; defaulting to minecraft:dryland
[12:02:21] [Render thread/WARN] [projectatmosphere/]: Biome key 'dune_beach' is missing a namespace; assuming minecraft:dune_beach when unique. Prefer explicit ids such as minecraft:desert or biomesoplenty:bayou to avoid ambiguity.
[12:02:21] [Render thread/WARN] [projectatmosphere/]: No biome found with path 'dune_beach' in registry; defaulting to minecraft:dune_beach
[12:02:21] [Render thread/WARN] [projectatmosphere/]: Biome key 'field' is missing a namespace; assuming minecraft:field when unique. Prefer explicit ids such as minecraft:desert or biomesoplenty:bayou to avoid ambiguity.
[12:02:21] [Render thread/WARN] [projectatmosphere/]: No biome found with path 'field' in registry; defaulting to minecraft:field
[12:02:21] [Render thread/WARN] [projectatmosphere/]: Biome key 'fir_clearing' is missing a namespace; assuming minecraft:fir_clearing when unique. Prefer explicit ids such as minecraft:desert or biomesoplenty:bayou to avoid ambiguity.
[12:02:21] [Render thread/WARN] [projectatmosphere/]: No biome found with path 'fir_clearing' in registry; defaulting to minecraft:fir_clearing
[12:02:21] [Render thread/WARN] [projectatmosphere/]: Biome key 'floodplain' is missing a namespace; assuming minecraft:floodplain when unique. Prefer explicit ids such as minecraft:desert or biomesoplenty:bayou to avoid ambiguity.
[12:02:21] [Render thread/WARN] [projectatmosphere/]: No biome found with path 'floodplain' in registry; defaulting to minecraft:floodplain
[12:02:21] [Render thread/WARN] [projectatmosphere/]: Biome key 'forested_field' is missing a namespace; assuming minecraft:forested_field when unique. Prefer explicit ids such as minecraft:desert or biomesoplenty:bayou to avoid ambiguity.
[12:02:21] [Render thread/WARN] [projectatmosphere/]: No biome found with path 'forested_field' in registry; defaulting to minecraft:forested_field
[12:02:21] [Render thread/WARN] [projectatmosphere/]: Biome key 'fungal_jungle' is missing a namespace; assuming minecraft:fungal_jungle when unique. Prefer explicit ids such as minecraft:desert or biomesoplenty:bayou to avoid ambiguity.
[12:02:21] [Render thread/WARN] [projectatmosphere/]: No biome found with path 'fungal_jungle' in registry; defaulting to minecraft:fungal_jungle
[12:02:21] [Render thread/WARN] [projectatmosphere/]: Biome key 'grassland' is missing a namespace; assuming minecraft:grassland when unique. Prefer explicit ids such as minecraft:desert or biomesoplenty:bayou to avoid ambiguity.
[12:02:21] [Render thread/WARN] [projectatmosphere/]: No biome found with path 'grassland' in registry; defaulting to minecraft:grassland
[12:02:21] [Render thread/WARN] [projectatmosphere/]: Biome key 'highland' is missing a namespace; assuming minecraft:highland when unique. Prefer explicit ids such as minecraft:desert or biomesoplenty:bayou to avoid ambiguity.
[12:02:21] [Render thread/WARN] [projectatmosphere/]: No biome found with path 'highland' in registry; defaulting to minecraft:highland
[12:02:21] [Render thread/WARN] [projectatmosphere/]: Biome key 'highland_moor' is missing a namespace; assuming minecraft:highland_moor when unique. Prefer explicit ids such as minecraft:desert or biomesoplenty:bayou to avoid ambiguity.
[12:02:21] [Render thread/WARN] [projectatmosphere/]: No biome found with path 'highland_moor' in registry; defaulting to minecraft:highland_moor
[12:02:21] [Render thread/WARN] [projectatmosphere/]: Biome key 'hot_springs' is missing a namespace; assuming minecraft:hot_springs when unique. Prefer explicit ids such as minecraft:desert or biomesoplenty:bayou to avoid ambiguity.
[12:02:21] [Render thread/WARN] [projectatmosphere/]: No biome found with path 'hot_springs' in registry; defaulting to minecraft:hot_springs
[12:02:21] [Render thread/WARN] [projectatmosphere/]: Biome key 'jacaranda_glade' is missing a namespace; assuming minecraft:jacaranda_glade when unique. Prefer explicit ids such as minecraft:desert or biomesoplenty:bayou to avoid ambiguity.
[12:02:21] [Render thread/WARN] [projectatmosphere/]: No biome found with path 'jacaranda_glade' in registry; defaulting to minecraft:jacaranda_glade
[12:02:21] [Render thread/WARN] [projectatmosphere/]: Biome key 'jade_cliffs' is missing a namespace; assuming minecraft:jade_cliffs when unique. Prefer explicit ids such as minecraft:desert or biomesoplenty:bayou to avoid ambiguity.
[12:02:21] [Render thread/WARN] [projectatmosphere/]: No biome found with path 'jade_cliffs' in registry; defaulting to minecraft:jade_cliffs
[12:02:21] [Render thread/WARN] [projectatmosphere/]: Biome key 'lavender_field' is missing a namespace; assuming minecraft:lavender_field when unique. Prefer explicit ids such as minecraft:desert or biomesoplenty:bayou to avoid ambiguity.
[12:02:21] [Render thread/WARN] [projectatmosphere/]: No biome found with path 'lavender_field' in registry; defaulting to minecraft:lavender_field
[12:02:21] [Render thread/WARN] [projectatmosphere/]: Biome key 'lush_desert' is missing a namespace; assuming minecraft:lush_desert when unique. Prefer explicit ids such as minecraft:desert or biomesoplenty:bayou to avoid ambiguity.
[12:02:21] [Render thread/WARN] [projectatmosphere/]: No biome found with path 'lush_desert' in registry; defaulting to minecraft:lush_desert
[12:02:21] [Render thread/WARN] [projectatmosphere/]: Biome key 'lush_savanna' is missing a namespace; assuming minecraft:lush_savanna when unique. Prefer explicit ids such as minecraft:desert or biomesoplenty:bayou to avoid ambiguity.
[12:02:21] [Render thread/WARN] [projectatmosphere/]: No biome found with path 'lush_savanna' in registry; defaulting to minecraft:lush_savanna
[12:02:21] [Render thread/WARN] [projectatmosphere/]: Biome key 'maple_woods' is missing a namespace; assuming minecraft:maple_woods when unique. Prefer explicit ids such as minecraft:desert or biomesoplenty:bayou to avoid ambiguity.
[12:02:21] [Render thread/WARN] [projectatmosphere/]: No biome found with path 'maple_woods' in registry; defaulting to minecraft:maple_woods
[12:02:21] [Render thread/WARN] [projectatmosphere/]: Biome key 'marsh' is missing a namespace; assuming minecraft:marsh when unique. Prefer explicit ids such as minecraft:desert or biomesoplenty:bayou to avoid ambiguity.
[12:02:21] [Render thread/WARN] [projectatmosphere/]: No biome found with path 'marsh' in registry; defaulting to minecraft:marsh
[12:02:21] [Render thread/WARN] [projectatmosphere/]: Biome key 'mediterranean_forest' is missing a namespace; assuming minecraft:mediterranean_forest when unique. Prefer explicit ids such as minecraft:desert or biomesoplenty:bayou to avoid ambiguity.
[12:02:21] [Render thread/WARN] [projectatmosphere/]: No biome found with path 'mediterranean_forest' in registry; defaulting to minecraft:mediterranean_forest
[12:02:21] [Render thread/WARN] [projectatmosphere/]: Biome key 'muskeg' is missing a namespace; assuming minecraft:muskeg when unique. Prefer explicit ids such as minecraft:desert or biomesoplenty:bayou to avoid ambiguity.
[12:02:21] [Render thread/WARN] [projectatmosphere/]: No biome found with path 'muskeg' in registry; defaulting to minecraft:muskeg
[12:02:21] [Render thread/WARN] [projectatmosphere/]: Biome key 'mystic_grove' is missing a namespace; assuming minecraft:mystic_grove when unique. Prefer explicit ids such as minecraft:desert or biomesoplenty:bayou to avoid ambiguity.
[12:02:21] [Render thread/WARN] [projectatmosphere/]: No biome found with path 'mystic_grove' in registry; defaulting to minecraft:mystic_grove
[12:02:21] [Render thread/WARN] [projectatmosphere/]: Biome key 'old_growth_dead_forest' is missing a namespace; assuming minecraft:old_growth_dead_forest when unique. Prefer explicit ids such as minecraft:desert or biomesoplenty:bayou to avoid ambiguity.
[12:02:21] [Render thread/WARN] [projectatmosphere/]: No biome found with path 'old_growth_dead_forest' in registry; defaulting to minecraft:old_growth_dead_forest
[12:02:21] [Render thread/WARN] [projectatmosphere/]: Biome key 'old_growth_woodland' is missing a namespace; assuming minecraft:old_growth_woodland when unique. Prefer explicit ids such as minecraft:desert or biomesoplenty:bayou to avoid ambiguity.
[12:02:21] [Render thread/WARN] [projectatmosphere/]: No biome found with path 'old_growth_woodland' in registry; defaulting to minecraft:old_growth_woodland
[12:02:21] [Render thread/WARN] [projectatmosphere/]: Biome key 'ominous_woods' is missing a namespace; assuming minecraft:ominous_woods when unique. Prefer explicit ids such as minecraft:desert or biomesoplenty:bayou to avoid ambiguity.
[12:02:21] [Render thread/WARN] [projectatmosphere/]: No biome found with path 'ominous_woods' in registry; defaulting to minecraft:ominous_woods
[12:02:21] [Render thread/WARN] [projectatmosphere/]: Biome key 'orchard' is missing a namespace; assuming minecraft:orchard when unique. Prefer explicit ids such as minecraft:desert or biomesoplenty:bayou to avoid ambiguity.
[12:02:21] [Render thread/WARN] [projectatmosphere/]: No biome found with path 'orchard' in registry; defaulting to minecraft:orchard
[12:02:21] [Render thread/WARN] [projectatmosphere/]: Biome key 'origin_valley' is missing a namespace; assuming minecraft:origin_valley when unique. Prefer explicit ids such as minecraft:desert or biomesoplenty:bayou to avoid ambiguity.
[12:02:21] [Render thread/WARN] [projectatmosphere/]: No biome found with path 'origin_valley' in registry; defaulting to minecraft:origin_valley
[12:02:21] [Render thread/WARN] [projectatmosphere/]: Biome key 'pasture' is missing a namespace; assuming minecraft:pasture when unique. Prefer explicit ids such as minecraft:desert or biomesoplenty:bayou to avoid ambiguity.
[12:02:21] [Render thread/WARN] [projectatmosphere/]: No biome found with path 'pasture' in registry; defaulting to minecraft:pasture
[12:02:21] [Render thread/WARN] [projectatmosphere/]: Biome key 'prairie' is missing a namespace; assuming minecraft:prairie when unique. Prefer explicit ids such as minecraft:desert or biomesoplenty:bayou to avoid ambiguity.
[12:02:21] [Render thread/WARN] [projectatmosphere/]: No biome found with path 'prairie' in registry; defaulting to minecraft:prairie
[12:02:21] [Render thread/WARN] [projectatmosphere/]: Biome key 'pumpkin_patch' is missing a namespace; assuming minecraft:pumpkin_patch when unique. Prefer explicit ids such as minecraft:desert or biomesoplenty:bayou to avoid ambiguity.
[12:02:21] [Render thread/WARN] [projectatmosphere/]: No biome found with path 'pumpkin_patch' in registry; defaulting to minecraft:pumpkin_patch
[12:02:21] [Render thread/WARN] [projectatmosphere/]: Biome key 'rainforest' is missing a namespace; assuming minecraft:rainforest when unique. Prefer explicit ids such as minecraft:desert or biomesoplenty:bayou to avoid ambiguity.
[12:02:21] [Render thread/WARN] [projectatmosphere/]: No biome found with path 'rainforest' in registry; defaulting to minecraft:rainforest
[12:02:21] [Render thread/WARN] [projectatmosphere/]: Biome key 'redwood_forest' is missing a namespace; assuming minecraft:redwood_forest when unique. Prefer explicit ids such as minecraft:desert or biomesoplenty:bayou to avoid ambiguity.
[12:02:21] [Render thread/WARN] [projectatmosphere/]: No biome found with path 'redwood_forest' in registry; defaulting to minecraft:redwood_forest
[12:02:21] [Render thread/WARN] [projectatmosphere/]: Biome key 'rocky_rainforest' is missing a namespace; assuming minecraft:rocky_rainforest when unique. Prefer explicit ids such as minecraft:desert or biomesoplenty:bayou to avoid ambiguity.
[12:02:21] [Render thread/WARN] [projectatmosphere/]: No biome found with path 'rocky_rainforest' in registry; defaulting to minecraft:rocky_rainforest
[12:02:21] [Render thread/WARN] [projectatmosphere/]: Biome key 'rocky_shrubland' is missing a namespace; assuming minecraft:rocky_shrubland when unique. Prefer explicit ids such as minecraft:desert or biomesoplenty:bayou to avoid ambiguity.
[12:02:21] [Render thread/WARN] [projectatmosphere/]: No biome found with path 'rocky_shrubland' in registry; defaulting to minecraft:rocky_shrubland
[12:02:21] [Render thread/WARN] [projectatmosphere/]: Biome key 'scrubland' is missing a namespace; assuming minecraft:scrubland when unique. Prefer explicit ids such as minecraft:desert or biomesoplenty:bayou to avoid ambiguity.
[12:02:21] [Render thread/WARN] [projectatmosphere/]: No biome found with path 'scrubland' in registry; defaulting to minecraft:scrubland
[12:02:21] [Render thread/WARN] [projectatmosphere/]: Biome key 'seasonal_forest' is missing a namespace; assuming minecraft:seasonal_forest when unique. Prefer explicit ids such as minecraft:desert or biomesoplenty:bayou to avoid ambiguity.
[12:02:21] [Render thread/WARN] [projectatmosphere/]: No biome found with path 'seasonal_forest' in registry; defaulting to minecraft:seasonal_forest
[12:02:21] [Render thread/WARN] [projectatmosphere/]: Biome key 'shrubland' is missing a namespace; assuming minecraft:shrubland when unique. Prefer explicit ids such as minecraft:desert or biomesoplenty:bayou to avoid ambiguity.
[12:02:21] [Render thread/WARN] [projectatmosphere/]: No biome found with path 'shrubland' in registry; defaulting to minecraft:shrubland
[12:02:21] [Render thread/WARN] [projectatmosphere/]: Biome key 'scrubland' is missing a namespace; assuming minecraft:scrubland when unique. Prefer explicit ids such as minecraft:desert or biomesoplenty:bayou to avoid ambiguity.
[12:02:21] [Render thread/WARN] [projectatmosphere/]: No biome found with path 'scrubland' in registry; defaulting to minecraft:scrubland
[12:02:21] [Render thread/WARN] [projectatmosphere/]: Biome key 'snowblossom_grove' is missing a namespace; assuming minecraft:snowblossom_grove when unique. Prefer explicit ids such as minecraft:desert or biomesoplenty:bayou to avoid ambiguity.
[12:02:21] [Render thread/WARN] [projectatmosphere/]: No biome found with path 'snowblossom_grove' in registry; defaulting to minecraft:snowblossom_grove
[12:02:21] [Render thread/WARN] [projectatmosphere/]: Biome key 'snowy_coniferous_forest' is missing a namespace; assuming minecraft:snowy_coniferous_forest when unique. Prefer explicit ids such as minecraft:desert or biomesoplenty:bayou to avoid ambiguity.
[12:02:21] [Render thread/WARN] [projectatmosphere/]: No biome found with path 'snowy_coniferous_forest' in registry; defaulting to minecraft:snowy_coniferous_forest
[12:02:21] [Render thread/WARN] [projectatmosphere/]: Biome key 'snowy_fir_clearing' is missing a namespace; assuming minecraft:snowy_fir_clearing when unique. Prefer explicit ids such as minecraft:desert or biomesoplenty:bayou to avoid ambiguity.
[12:02:21] [Render thread/WARN] [projectatmosphere/]: No biome found with path 'snowy_fir_clearing' in registry; defaulting to minecraft:snowy_fir_clearing
[12:02:21] [Render thread/WARN] [projectatmosphere/]: Biome key 'snowy_maple_woods' is missing a namespace; assuming minecraft:snowy_maple_woods when unique. Prefer explicit ids such as minecraft:desert or biomesoplenty:bayou to avoid ambiguity.
[12:02:21] [Render thread/WARN] [projectatmosphere/]: No biome found with path 'snowy_maple_woods' in registry; defaulting to minecraft:snowy_maple_woods
[12:02:21] [Render thread/WARN] [projectatmosphere/]: Biome key 'tropics' is missing a namespace; assuming minecraft:tropics when unique. Prefer explicit ids such as minecraft:desert or biomesoplenty:bayou to avoid ambiguity.
[12:02:21] [Render thread/WARN] [projectatmosphere/]: No biome found with path 'tropics' in registry; defaulting to minecraft:tropics
[12:02:21] [Render thread/WARN] [projectatmosphere/]: Biome key 'tundra' is missing a namespace; assuming minecraft:tundra when unique. Prefer explicit ids such as minecraft:desert or biomesoplenty:bayou to avoid ambiguity.
[12:02:21] [Render thread/WARN] [projectatmosphere/]: No biome found with path 'tundra' in registry; defaulting to minecraft:tundra
[12:02:21] [Render thread/WARN] [projectatmosphere/]: Biome key 'volcanic_plains' is missing a namespace; assuming minecraft:volcanic_plains when unique. Prefer explicit ids such as minecraft:desert or biomesoplenty:bayou to avoid ambiguity.
[12:02:21] [Render thread/WARN] [projectatmosphere/]: No biome found with path 'volcanic_plains' in registry; defaulting to minecraft:volcanic_plains
[12:02:21] [Render thread/WARN] [projectatmosphere/]: Biome key 'volcano' is missing a namespace; assuming minecraft:volcano when unique. Prefer explicit ids such as minecraft:desert or biomesoplenty:bayou to avoid ambiguity.
[12:02:21] [Render thread/WARN] [projectatmosphere/]: No biome found with path 'volcano' in registry; defaulting to minecraft:volcano
[12:02:21] [Render thread/WARN] [projectatmosphere/]: Biome key 'wasteland' is missing a namespace; assuming minecraft:wasteland when unique. Prefer explicit ids such as minecraft:desert or biomesoplenty:bayou to avoid ambiguity.
[12:02:21] [Render thread/WARN] [projectatmosphere/]: No biome found with path 'wasteland' in registry; defaulting to minecraft:wasteland
[12:02:21] [Render thread/WARN] [projectatmosphere/]: Biome key 'wetland' is missing a namespace; assuming minecraft:wetland when unique. Prefer explicit ids such as minecraft:desert or biomesoplenty:bayou to avoid ambiguity.
[12:02:21] [Render thread/WARN] [projectatmosphere/]: No biome found with path 'wetland' in registry; defaulting to minecraft:wetland
[12:02:21] [Render thread/WARN] [projectatmosphere/]: Biome key 'woodland' is missing a namespace; assuming minecraft:woodland when unique. Prefer explicit ids such as minecraft:desert or biomesoplenty:bayou to avoid ambiguity.
[12:02:21] [Render thread/WARN] [projectatmosphere/]: No biome found with path 'woodland' in registry; defaulting to minecraft:woodland
[12:02:21] [Render thread/WARN] [projectatmosphere/]: Biome key 'aspen_parkland' is missing a namespace; assuming minecraft:aspen_parkland when unique. Prefer explicit ids such as minecraft:desert or biomesoplenty:bayou to avoid ambiguity.
[12:02:21] [Render thread/WARN] [projectatmosphere/]: No biome found with path 'aspen_parkland' in registry; defaulting to minecraft:aspen_parkland
[12:02:21] [Render thread/WARN] [projectatmosphere/]: Biome key 'dunes' is missing a namespace; assuming minecraft:dunes when unique. Prefer explicit ids such as minecraft:desert or biomesoplenty:bayou to avoid ambiguity.
[12:02:21] [Render thread/WARN] [projectatmosphere/]: No biome found with path 'dunes' in registry; defaulting to minecraft:dunes
[12:02:21] [Render thread/WARN] [projectatmosphere/]: Biome key 'flourishing_dunes' is missing a namespace; assuming minecraft:flourishing_dunes when unique. Prefer explicit ids such as minecraft:desert or biomesoplenty:bayou to avoid ambiguity.
[12:02:21] [Render thread/WARN] [projectatmosphere/]: No biome found with path 'flourishing_dunes' in registry; defaulting to minecraft:flourishing_dunes
[12:02:21] [Render thread/WARN] [projectatmosphere/]: Biome key 'kousa_jungle' is missing a namespace; assuming minecraft:kousa_jungle when unique. Prefer explicit ids such as minecraft:desert or biomesoplenty:bayou to avoid ambiguity.
[12:02:21] [Render thread/WARN] [projectatmosphere/]: No biome found with path 'kousa_jungle' in registry; defaulting to minecraft:kousa_jungle
[12:02:21] [Render thread/WARN] [projectatmosphere/]: Biome key 'laurel_forest' is missing a namespace; assuming minecraft:laurel_forest when unique. Prefer explicit ids such as minecraft:desert or biomesoplenty:bayou to avoid ambiguity.
[12:02:21] [Render thread/WARN] [projectatmosphere/]: No biome found with path 'laurel_forest' in registry; defaulting to minecraft:laurel_forest
[12:02:21] [Render thread/WARN] [projectatmosphere/]: Biome key 'petrified_dunes' is missing a namespace; assuming minecraft:petrified_dunes when unique. Prefer explicit ids such as minecraft:desert or biomesoplenty:bayou to avoid ambiguity.
[12:02:21] [Render thread/WARN] [projectatmosphere/]: No biome found with path 'petrified_dunes' in registry; defaulting to minecraft:petrified_dunes
[12:02:21] [Render thread/WARN] [projectatmosphere/]: Biome key 'rainforest' is missing a namespace; assuming minecraft:rainforest when unique. Prefer explicit ids such as minecraft:desert or biomesoplenty:bayou to avoid ambiguity.
[12:02:21] [Render thread/WARN] [projectatmosphere/]: No biome found with path 'rainforest' in registry; defaulting to minecraft:rainforest
[12:02:21] [Render thread/WARN] [projectatmosphere/]: Biome key 'rainforest_basin' is missing a namespace; assuming minecraft:rainforest_basin when unique. Prefer explicit ids such as minecraft:desert or biomesoplenty:bayou to avoid ambiguity.
[12:02:21] [Render thread/WARN] [projectatmosphere/]: No biome found with path 'rainforest_basin' in registry; defaulting to minecraft:rainforest_basin
[12:02:21] [Render thread/WARN] [projectatmosphere/]: Biome key 'rocky_dunes' is missing a namespace; assuming minecraft:rocky_dunes when unique. Prefer explicit ids such as minecraft:desert or biomesoplenty:bayou to avoid ambiguity.
[12:02:21] [Render thread/WARN] [projectatmosphere/]: No biome found with path 'rocky_dunes' in registry; defaulting to minecraft:rocky_dunes
[12:02:21] [Render thread/WARN] [projectatmosphere/]: Biome key 'scrubland' is missing a namespace; assuming minecraft:scrubland when unique. Prefer explicit ids such as minecraft:desert or biomesoplenty:bayou to avoid ambiguity.
[12:02:21] [Render thread/WARN] [projectatmosphere/]: No biome found with path 'scrubland' in registry; defaulting to minecraft:scrubland
[12:02:21] [Render thread/WARN] [projectatmosphere/]: Biome key 'snowy_scrubland' is missing a namespace; assuming minecraft:snowy_scrubland when unique. Prefer explicit ids such as minecraft:desert or biomesoplenty:bayou to avoid ambiguity.
[12:02:21] [Render thread/WARN] [projectatmosphere/]: No biome found with path 'snowy_scrubland' in registry; defaulting to minecraft:snowy_scrubland
[12:02:21] [Render thread/WARN] [projectatmosphere/]: Biome key 'sparse_rainforest' is missing a namespace; assuming minecraft:sparse_rainforest when unique. Prefer explicit ids such as minecraft:desert or biomesoplenty:bayou to avoid ambiguity.
[12:02:21] [Render thread/WARN] [projectatmosphere/]: No biome found with path 'sparse_rainforest' in registry; defaulting to minecraft:sparse_rainforest
[12:02:21] [Render thread/WARN] [projectatmosphere/]: Biome key 'sparse_rainforest_basin' is missing a namespace; assuming minecraft:sparse_rainforest_basin when unique. Prefer explicit ids such as minecraft:desert or biomesoplenty:bayou to avoid ambiguity.
[12:02:21] [Render thread/WARN] [projectatmosphere/]: No biome found with path 'sparse_rainforest_basin' in registry; defaulting to minecraft:sparse_rainforest_basin
[12:02:21] [Render thread/WARN] [projectatmosphere/]: Biome key 'spiny_thicket' is missing a namespace; assuming minecraft:spiny_thicket when unique. Prefer explicit ids such as minecraft:desert or biomesoplenty:bayou to avoid ambiguity.
[12:02:21] [Render thread/WARN] [projectatmosphere/]: No biome found with path 'spiny_thicket' in registry; defaulting to minecraft:spiny_thicket
[12:02:21] [Render thread/WARN] [projectatmosphere/]: Biome key 'alpine_heathlands' is missing a namespace; assuming minecraft:alpine_heathlands when unique. Prefer explicit ids such as minecraft:desert or biomesoplenty:bayou to avoid ambiguity.
[12:02:21] [Render thread/WARN] [projectatmosphere/]: No biome found with path 'alpine_heathlands' in registry; defaulting to minecraft:alpine_heathlands
[12:02:21] [Render thread/WARN] [projectatmosphere/]: Biome key 'alpine_plains' is missing a namespace; assuming minecraft:alpine_plains when unique. Prefer explicit ids such as minecraft:desert or biomesoplenty:bayou to avoid ambiguity.
[12:02:21] [Render thread/WARN] [projectatmosphere/]: No biome found with path 'alpine_plains' in registry; defaulting to minecraft:alpine_plains
[12:02:21] [Render thread/WARN] [projectatmosphere/]: Biome key 'alpine_tundra' is missing a namespace; assuming minecraft:alpine_tundra when unique. Prefer explicit ids such as minecraft:desert or biomesoplenty:bayou to avoid ambiguity.
[12:02:21] [Render thread/WARN] [projectatmosphere/]: No biome found with path 'alpine_tundra' in registry; defaulting to minecraft:alpine_tundra
[12:02:21] [Render thread/WARN] [projectatmosphere/]: Biome key 'arctic_beach' is missing a namespace; assuming minecraft:arctic_beach when unique. Prefer explicit ids such as minecraft:desert or biomesoplenty:bayou to avoid ambiguity.
[12:02:21] [Render thread/WARN] [projectatmosphere/]: No biome found with path 'arctic_beach' in registry; defaulting to minecraft:arctic_beach
[12:02:21] [Render thread/WARN] [projectatmosphere/]: Biome key 'arctic_deep_ocean' is missing a namespace; assuming minecraft:arctic_deep_ocean when unique. Prefer explicit ids such as minecraft:desert or biomesoplenty:bayou to avoid ambiguity.
[12:02:21] [Render thread/WARN] [projectatmosphere/]: No biome found with path 'arctic_deep_ocean' in registry; defaulting to minecraft:arctic_deep_ocean
[12:02:21] [Render thread/WARN] [projectatmosphere/]: Biome key 'arctic_desert' is missing a namespace; assuming minecraft:arctic_desert when unique. Prefer explicit ids such as minecraft:desert or biomesoplenty:bayou to avoid ambiguity.
[12:02:21] [Render thread/WARN] [projectatmosphere/]: No biome found with path 'arctic_desert' in registry; defaulting to minecraft:arctic_desert
[12:02:21] [Render thread/WARN] [projectatmosphere/]: Biome key 'arctic_desert_basin' is missing a namespace; assuming minecraft:arctic_desert_basin when unique. Prefer explicit ids such as minecraft:desert or biomesoplenty:bayou to avoid ambiguity.
[12:02:21] [Render thread/WARN] [projectatmosphere/]: No biome found with path 'arctic_desert_basin' in registry; defaulting to minecraft:arctic_desert_basin
[12:02:21] [Render thread/WARN] [projectatmosphere/]: Biome key 'arctic_glacier' is missing a namespace; assuming minecraft:arctic_glacier when unique. Prefer explicit ids such as minecraft:desert or biomesoplenty:bayou to avoid ambiguity.
[12:02:21] [Render thread/WARN] [projectatmosphere/]: No biome found with path 'arctic_glacier' in registry; defaulting to minecraft:arctic_glacier
[12:02:21] [Render thread/WARN] [projectatmosphere/]: Biome key 'arctic_shallow_ocean' is missing a namespace; assuming minecraft:arctic_shallow_ocean when unique. Prefer explicit ids such as minecraft:desert or biomesoplenty:bayou to avoid ambiguity.
[12:02:21] [Render thread/WARN] [projectatmosphere/]: No biome found with path 'arctic_shallow_ocean' in registry; defaulting to minecraft:arctic_shallow_ocean
[12:02:21] [Render thread/WARN] [projectatmosphere/]: Biome key 'arctic_wetlands' is missing a namespace; assuming minecraft:arctic_wetlands when unique. Prefer explicit ids such as minecraft:desert or biomesoplenty:bayou to avoid ambiguity.
[12:02:21] [Render thread/WARN] [projectatmosphere/]: No biome found with path 'arctic_wetlands' in registry; defaulting to minecraft:arctic_wetlands
[12:02:21] [Render thread/WARN] [projectatmosphere/]: Biome key 'arid_beach' is missing a namespace; assuming minecraft:arid_beach when unique. Prefer explicit ids such as minecraft:desert or biomesoplenty:bayou to avoid ambiguity.
[12:02:21] [Render thread/WARN] [projectatmosphere/]: No biome found with path 'arid_beach' in registry; defaulting to minecraft:arid_beach
[12:02:21] [Render thread/WARN] [projectatmosphere/]: Biome key 'arid_desert' is missing a namespace; assuming minecraft:arid_desert when unique. Prefer explicit ids such as minecraft:desert or biomesoplenty:bayou to avoid ambiguity.
[12:02:21] [Render thread/WARN] [projectatmosphere/]: No biome found with path 'arid_desert' in registry; defaulting to minecraft:arid_desert
[12:02:21] [Render thread/WARN] [projectatmosphere/]: Biome key 'arid_highlands' is missing a namespace; assuming minecraft:arid_highlands when unique. Prefer explicit ids such as minecraft:desert or biomesoplenty:bayou to avoid ambiguity.
[12:02:21] [Render thread/WARN] [projectatmosphere/]: No biome found with path 'arid_highlands' in registry; defaulting to minecraft:arid_highlands
[12:02:21] [Render thread/WARN] [projectatmosphere/]: Biome key 'barren_arctic_desert' is missing a namespace; assuming minecraft:barren_arctic_desert when unique. Prefer explicit ids such as minecraft:desert or biomesoplenty:bayou to avoid ambiguity.
[12:02:21] [Render thread/WARN] [projectatmosphere/]: No biome found with path 'barren_arctic_desert' in registry; defaulting to minecraft:barren_arctic_desert
[12:02:21] [Render thread/WARN] [projectatmosphere/]: Biome key 'barren_caves' is missing a namespace; assuming minecraft:barren_caves when unique. Prefer explicit ids such as minecraft:desert or biomesoplenty:bayou to avoid ambiguity.
[12:02:21] [Render thread/WARN] [projectatmosphere/]: No biome found with path 'barren_caves' in registry; defaulting to minecraft:barren_caves
[12:02:21] [Render thread/WARN] [projectatmosphere/]: Biome key 'barren_mediterranean_highlands' is missing a namespace; assuming minecraft:barren_mediterranean_highlands when unique. Prefer explicit ids such as minecraft:desert or biomesoplenty:bayou to avoid ambiguity.
[12:02:21] [Render thread/WARN] [projectatmosphere/]: No biome found with path 'barren_mediterranean_highlands' in registry; defaulting to minecraft:barren_mediterranean_highlands
[12:02:21] [Render thread/WARN] [projectatmosphere/]: Biome key 'barren_peaks' is missing a namespace; assuming minecraft:barren_peaks when unique. Prefer explicit ids such as minecraft:desert or biomesoplenty:bayou to avoid ambiguity.
[12:02:21] [Render thread/WARN] [projectatmosphere/]: No biome found with path 'barren_peaks' in registry; defaulting to minecraft:barren_peaks
[12:02:21] [Render thread/WARN] [projectatmosphere/]: Biome key 'birch_forest' is missing a namespace; assuming minecraft:birch_forest when unique. Prefer explicit ids such as minecraft:desert or biomesoplenty:bayou to avoid ambiguity.
[12:02:21] [Render thread/WARN] [projectatmosphere/]: No biome found with path 'birch_forest' in registry; defaulting to minecraft:birch_forest
[12:02:21] [Render thread/WARN] [projectatmosphere/]: Biome key 'bog' is missing a namespace; assuming minecraft:bog when unique. Prefer explicit ids such as minecraft:desert or biomesoplenty:bayou to avoid ambiguity.
[12:02:21] [Render thread/WARN] [projectatmosphere/]: No biome found with path 'bog' in registry; defaulting to minecraft:bog
[12:02:21] [Render thread/WARN] [projectatmosphere/]: Biome key 'boreal_alpine_tundra' is missing a namespace; assuming minecraft:boreal_alpine_tundra when unique. Prefer explicit ids such as minecraft:desert or biomesoplenty:bayou to avoid ambiguity.
[12:02:21] [Render thread/WARN] [projectatmosphere/]: No biome found with path 'boreal_alpine_tundra' in registry; defaulting to minecraft:boreal_alpine_tundra
[12:02:21] [Render thread/WARN] [projectatmosphere/]: Biome key 'boreal_river' is missing a namespace; assuming minecraft:boreal_river when unique. Prefer explicit ids such as minecraft:desert or biomesoplenty:bayou to avoid ambiguity.
[12:02:21] [Render thread/WARN] [projectatmosphere/]: No biome found with path 'boreal_river' in registry; defaulting to minecraft:boreal_river
[12:02:21] [Render thread/WARN] [projectatmosphere/]: Biome key 'cold_barren_highlands' is missing a namespace; assuming minecraft:cold_barren_highlands when unique. Prefer explicit ids such as minecraft:desert or biomesoplenty:bayou to avoid ambiguity.
[12:02:21] [Render thread/WARN] [projectatmosphere/]: No biome found with path 'cold_barren_highlands' in registry; defaulting to minecraft:cold_barren_highlands
[12:02:21] [Render thread/WARN] [projectatmosphere/]: Biome key 'cold_deep_ocean' is missing a namespace; assuming minecraft:cold_deep_ocean when unique. Prefer explicit ids such as minecraft:desert or biomesoplenty:bayou to avoid ambiguity.
[12:02:21] [Render thread/WARN] [projectatmosphere/]: No biome found with path 'cold_deep_ocean' in registry; defaulting to minecraft:cold_deep_ocean
[12:02:21] [Render thread/WARN] [projectatmosphere/]: Biome key 'cold_desert' is missing a namespace; assuming minecraft:cold_desert when unique. Prefer explicit ids such as minecraft:desert or biomesoplenty:bayou to avoid ambiguity.
[12:02:21] [Render thread/WARN] [projectatmosphere/]: No biome found with path 'cold_desert' in registry; defaulting to minecraft:cold_desert
[12:02:21] [Render thread/WARN] [projectatmosphere/]: Biome key 'cold_semi_desert' is missing a namespace; assuming minecraft:cold_semi_desert when unique. Prefer explicit ids such as minecraft:desert or biomesoplenty:bayou to avoid ambiguity.
[12:02:21] [Render thread/WARN] [projectatmosphere/]: No biome found with path 'cold_semi_desert' in registry; defaulting to minecraft:cold_semi_desert
[12:02:21] [Render thread/WARN] [projectatmosphere/]: Biome key 'cold_shallow_ocean' is missing a namespace; assuming minecraft:cold_shallow_ocean when unique. Prefer explicit ids such as minecraft:desert or biomesoplenty:bayou to avoid ambiguity.
[12:02:21] [Render thread/WARN] [projectatmosphere/]: No biome found with path 'cold_shallow_ocean' in registry; defaulting to minecraft:cold_shallow_ocean
[12:02:21] [Render thread/WARN] [projectatmosphere/]: Biome key 'cold_steppe' is missing a namespace; assuming minecraft:cold_steppe when unique. Prefer explicit ids such as minecraft:desert or biomesoplenty:bayou to avoid ambiguity.
[12:02:21] [Render thread/WARN] [projectatmosphere/]: No biome found with path 'cold_steppe' in registry; defaulting to minecraft:cold_steppe
[12:02:21] [Render thread/WARN] [projectatmosphere/]: Biome key 'cold_taiga' is missing a namespace; assuming minecraft:cold_taiga when unique. Prefer explicit ids such as minecraft:desert or biomesoplenty:bayou to avoid ambiguity.
[12:02:21] [Render thread/WARN] [projectatmosphere/]: No biome found with path 'cold_taiga' in registry; defaulting to minecraft:cold_taiga
[12:02:21] [Render thread/WARN] [projectatmosphere/]: Biome key 'cold_taiga_clearings' is missing a namespace; assuming minecraft:cold_taiga_clearings when unique. Prefer explicit ids such as minecraft:desert or biomesoplenty:bayou to avoid ambiguity.
[12:02:21] [Render thread/WARN] [projectatmosphere/]: No biome found with path 'cold_taiga_clearings' in registry; defaulting to minecraft:cold_taiga_clearings
[12:02:21] [Render thread/WARN] [projectatmosphere/]: Biome key 'cold_tundra_beach' is missing a namespace; assuming minecraft:cold_tundra_beach when unique. Prefer explicit ids such as minecraft:desert or biomesoplenty:bayou to avoid ambiguity.
[12:02:21] [Render thread/WARN] [projectatmosphere/]: No biome found with path 'cold_tundra_beach' in registry; defaulting to minecraft:cold_tundra_beach
[12:02:21] [Render thread/WARN] [projectatmosphere/]: Biome key 'desert_river' is missing a namespace; assuming minecraft:desert_river when unique. Prefer explicit ids such as minecraft:desert or biomesoplenty:bayou to avoid ambiguity.
[12:02:21] [Render thread/WARN] [projectatmosphere/]: No biome found with path 'desert_river' in registry; defaulting to minecraft:desert_river
[12:02:21] [Render thread/WARN] [projectatmosphere/]: Biome key 'desert_wetlands' is missing a namespace; assuming minecraft:desert_wetlands when unique. Prefer explicit ids such as minecraft:desert or biomesoplenty:bayou to avoid ambiguity.
[12:02:21] [Render thread/WARN] [projectatmosphere/]: No biome found with path 'desert_wetlands' in registry; defaulting to minecraft:desert_wetlands
[12:02:21] [Render thread/WARN] [projectatmosphere/]: Biome key 'dry_cold_steppe' is missing a namespace; assuming minecraft:dry_cold_steppe when unique. Prefer explicit ids such as minecraft:desert or biomesoplenty:bayou to avoid ambiguity.
[12:02:21] [Render thread/WARN] [projectatmosphere/]: No biome found with path 'dry_cold_steppe' in registry; defaulting to minecraft:dry_cold_steppe
[12:02:21] [Render thread/WARN] [projectatmosphere/]: Biome key 'dry_tropical_highlands' is missing a namespace; assuming minecraft:dry_tropical_highlands when unique. Prefer explicit ids such as minecraft:desert or biomesoplenty:bayou to avoid ambiguity.
[12:02:21] [Render thread/WARN] [projectatmosphere/]: No biome found with path 'dry_tropical_highlands' in registry; defaulting to minecraft:dry_tropical_highlands
[12:02:21] [Render thread/WARN] [projectatmosphere/]: Biome key 'evergreen_taiga' is missing a namespace; assuming minecraft:evergreen_taiga when unique. Prefer explicit ids such as minecraft:desert or biomesoplenty:bayou to avoid ambiguity.
[12:02:21] [Render thread/WARN] [projectatmosphere/]: No biome found with path 'evergreen_taiga' in registry; defaulting to minecraft:evergreen_taiga
[12:02:21] [Render thread/WARN] [projectatmosphere/]: Biome key 'fen' is missing a namespace; assuming minecraft:fen when unique. Prefer explicit ids such as minecraft:desert or biomesoplenty:bayou to avoid ambiguity.
[12:02:21] [Render thread/WARN] [projectatmosphere/]: No biome found with path 'fen' in registry; defaulting to minecraft:fen
[12:02:21] [Render thread/WARN] [projectatmosphere/]: Biome key 'flooded_grasslands' is missing a namespace; assuming minecraft:flooded_grasslands when unique. Prefer explicit ids such as minecraft:desert or biomesoplenty:bayou to avoid ambiguity.
[12:02:21] [Render thread/WARN] [projectatmosphere/]: No biome found with path 'flooded_grasslands' in registry; defaulting to minecraft:flooded_grasslands
[12:02:21] [Render thread/WARN] [projectatmosphere/]: Biome key 'flooded_savanna' is missing a namespace; assuming minecraft:flooded_savanna when unique. Prefer explicit ids such as minecraft:desert or biomesoplenty:bayou to avoid ambiguity.
[12:02:21] [Render thread/WARN] [projectatmosphere/]: No biome found with path 'flooded_savanna' in registry; defaulting to minecraft:flooded_savanna
[12:02:21] [Render thread/WARN] [projectatmosphere/]: Biome key 'frozen_caves' is missing a namespace; assuming minecraft:frozen_caves when unique. Prefer explicit ids such as minecraft:desert or biomesoplenty:bayou to avoid ambiguity.
[12:02:21] [Render thread/WARN] [projectatmosphere/]: No biome found with path 'frozen_caves' in registry; defaulting to minecraft:frozen_caves
[12:02:21] [Render thread/WARN] [projectatmosphere/]: Biome key 'glacial_basin' is missing a namespace; assuming minecraft:glacial_basin when unique. Prefer explicit ids such as minecraft:desert or biomesoplenty:bayou to avoid ambiguity.
[12:02:21] [Render thread/WARN] [projectatmosphere/]: No biome found with path 'glacial_basin' in registry; defaulting to minecraft:glacial_basin
[12:02:21] [Render thread/WARN] [projectatmosphere/]: Biome key 'glowing_caves' is missing a namespace; assuming minecraft:glowing_caves when unique. Prefer explicit ids such as minecraft:desert or biomesoplenty:bayou to avoid ambiguity.
[12:02:21] [Render thread/WARN] [projectatmosphere/]: No biome found with path 'glowing_caves' in registry; defaulting to minecraft:glowing_caves
[12:02:21] [Render thread/WARN] [projectatmosphere/]: Biome key 'grassland_savanna' is missing a namespace; assuming minecraft:grassland_savanna when unique. Prefer explicit ids such as minecraft:desert or biomesoplenty:bayou to avoid ambiguity.
[12:02:21] [Render thread/WARN] [projectatmosphere/]: No biome found with path 'grassland_savanna' in registry; defaulting to minecraft:grassland_savanna
[12:02:21] [Render thread/WARN] [projectatmosphere/]: Biome key 'haunted_depths' is missing a namespace; assuming minecraft:haunted_depths when unique. Prefer explicit ids such as minecraft:desert or biomesoplenty:bayou to avoid ambiguity.
[12:02:21] [Render thread/WARN] [projectatmosphere/]: No biome found with path 'haunted_depths' in registry; defaulting to minecraft:haunted_depths
[12:02:21] [Render thread/WARN] [projectatmosphere/]: Biome key 'humid_savanna' is missing a namespace; assuming minecraft:humid_savanna when unique. Prefer explicit ids such as minecraft:desert or biomesoplenty:bayou to avoid ambiguity.
[12:02:21] [Render thread/WARN] [projectatmosphere/]: No biome found with path 'humid_savanna' in registry; defaulting to minecraft:humid_savanna
[12:02:21] [Render thread/WARN] [projectatmosphere/]: Biome key 'infested_tunnels' is missing a namespace; assuming minecraft:infested_tunnels when unique. Prefer explicit ids such as minecraft:desert or biomesoplenty:bayou to avoid ambiguity.
[12:02:21] [Render thread/WARN] [projectatmosphere/]: No biome found with path 'infested_tunnels' in registry; defaulting to minecraft:infested_tunnels
[12:02:21] [Render thread/WARN] [projectatmosphere/]: Biome key 'larch_woodlands' is missing a namespace; assuming minecraft:larch_woodlands when unique. Prefer explicit ids such as minecraft:desert or biomesoplenty:bayou to avoid ambiguity.
[12:02:21] [Render thread/WARN] [projectatmosphere/]: No biome found with path 'larch_woodlands' in registry; defaulting to minecraft:larch_woodlands
[12:02:21] [Render thread/WARN] [projectatmosphere/]: Biome key 'mangrove_marsh' is missing a namespace; assuming minecraft:mangrove_marsh when unique. Prefer explicit ids such as minecraft:desert or biomesoplenty:bayou to avoid ambiguity.
[12:02:21] [Render thread/WARN] [projectatmosphere/]: No biome found with path 'mangrove_marsh' in registry; defaulting to minecraft:mangrove_marsh
[12:02:21] [Render thread/WARN] [projectatmosphere/]: Biome key 'mediterranean_beach' is missing a namespace; assuming minecraft:mediterranean_beach when unique. Prefer explicit ids such as minecraft:desert or biomesoplenty:bayou to avoid ambiguity.
[12:02:21] [Render thread/WARN] [projectatmosphere/]: No biome found with path 'mediterranean_beach' in registry; defaulting to minecraft:mediterranean_beach
[12:02:21] [Render thread/WARN] [projectatmosphere/]: Biome key 'mediterranean_forest' is missing a namespace; assuming minecraft:mediterranean_forest when unique. Prefer explicit ids such as minecraft:desert or biomesoplenty:bayou to avoid ambiguity.
[12:02:21] [Render thread/WARN] [projectatmosphere/]: No biome found with path 'mediterranean_forest' in registry; defaulting to minecraft:mediterranean_forest
[12:02:21] [Render thread/WARN] [projectatmosphere/]: Biome key 'mediterranean_highlands' is missing a namespace; assuming minecraft:mediterranean_highlands when unique. Prefer explicit ids such as minecraft:desert or biomesoplenty:bayou to avoid ambiguity.
[12:02:21] [Render thread/WARN] [projectatmosphere/]: No biome found with path 'mediterranean_highlands' in registry; defaulting to minecraft:mediterranean_highlands
[12:02:21] [Render thread/WARN] [projectatmosphere/]: Biome key 'mediterranean_marsh' is missing a namespace; assuming minecraft:mediterranean_marsh when unique. Prefer explicit ids such as minecraft:desert or biomesoplenty:bayou to avoid ambiguity.
[12:02:21] [Render thread/WARN] [projectatmosphere/]: No biome found with path 'mediterranean_marsh' in registry; defaulting to minecraft:mediterranean_marsh
[12:02:21] [Render thread/WARN] [projectatmosphere/]: Biome key 'mediterranean_river' is missing a namespace; assuming minecraft:mediterranean_river when unique. Prefer explicit ids such as minecraft:desert or biomesoplenty:bayou to avoid ambiguity.
[12:02:21] [Render thread/WARN] [projectatmosphere/]: No biome found with path 'mediterranean_river' in registry; defaulting to minecraft:mediterranean_river
[12:02:21] [Render thread/WARN] [projectatmosphere/]: Biome key 'mediterranean_shrubland' is missing a namespace; assuming minecraft:mediterranean_shrubland when unique. Prefer explicit ids such as minecraft:desert or biomesoplenty:bayou to avoid ambiguity.
[12:02:21] [Render thread/WARN] [projectatmosphere/]: No biome found with path 'mediterranean_shrubland' in registry; defaulting to minecraft:mediterranean_shrubland
[12:02:21] [Render thread/WARN] [projectatmosphere/]: Biome key 'mediterranean_steppe' is missing a namespace; assuming minecraft:mediterranean_steppe when unique. Prefer explicit ids such as minecraft:desert or biomesoplenty:bayou to avoid ambiguity.
[12:02:21] [Render thread/WARN] [projectatmosphere/]: No biome found with path 'mediterranean_steppe' in registry; defaulting to minecraft:mediterranean_steppe
[12:02:21] [Render thread/WARN] [projectatmosphere/]: Biome key 'mediterranean_swamp' is missing a namespace; assuming minecraft:mediterranean_swamp when unique. Prefer explicit ids such as minecraft:desert or biomesoplenty:bayou to avoid ambiguity.
[12:02:21] [Render thread/WARN] [projectatmosphere/]: No biome found with path 'mediterranean_swamp' in registry; defaulting to minecraft:mediterranean_swamp
[12:02:21] [Render thread/WARN] [projectatmosphere/]: Biome key 'mediterranean_wooded_highlands' is missing a namespace; assuming minecraft:mediterranean_wooded_highlands when unique. Prefer explicit ids such as minecraft:desert or biomesoplenty:bayou to avoid ambiguity.
[12:02:21] [Render thread/WARN] [projectatmosphere/]: No biome found with path 'mediterranean_wooded_highlands' in registry; defaulting to minecraft:mediterranean_wooded_highlands
[12:02:21] [Render thread/WARN] [projectatmosphere/]: Biome key 'mire' is missing a namespace; assuming minecraft:mire when unique. Prefer explicit ids such as minecraft:desert or biomesoplenty:bayou to avoid ambiguity.
[12:02:21] [Render thread/WARN] [projectatmosphere/]: No biome found with path 'mire' in registry; defaulting to minecraft:mire
[12:02:21] [Render thread/WARN] [projectatmosphere/]: Biome key 'mixed_forest_steppe' is missing a namespace; assuming minecraft:mixed_forest_steppe when unique. Prefer explicit ids such as minecraft:desert or biomesoplenty:bayou to avoid ambiguity.
[12:02:21] [Render thread/WARN] [projectatmosphere/]: No biome found with path 'mixed_forest_steppe' in registry; defaulting to minecraft:mixed_forest_steppe
[12:02:21] [Render thread/WARN] [projectatmosphere/]: Biome key 'monsoon_forest' is missing a namespace; assuming minecraft:monsoon_forest when unique. Prefer explicit ids such as minecraft:desert or biomesoplenty:bayou to avoid ambiguity.
[12:02:21] [Render thread/WARN] [projectatmosphere/]: No biome found with path 'monsoon_forest' in registry; defaulting to minecraft:monsoon_forest
[12:02:21] [Render thread/WARN] [projectatmosphere/]: Biome key 'mushroom_caves' is missing a namespace; assuming minecraft:mushroom_caves when unique. Prefer explicit ids such as minecraft:desert or biomesoplenty:bayou to avoid ambiguity.
[12:02:21] [Render thread/WARN] [projectatmosphere/]: No biome found with path 'mushroom_caves' in registry; defaulting to minecraft:mushroom_caves
[12:02:21] [Render thread/WARN] [projectatmosphere/]: Biome key 'old_growth_temperate_forest' is missing a namespace; assuming minecraft:old_growth_temperate_forest when unique. Prefer explicit ids such as minecraft:desert or biomesoplenty:bayou to avoid ambiguity.
[12:02:21] [Render thread/WARN] [projectatmosphere/]: No biome found with path 'old_growth_temperate_forest' in registry; defaulting to minecraft:old_growth_temperate_forest
[12:02:21] [Render thread/WARN] [projectatmosphere/]: Biome key 'old_growth_tropical_rainforest' is missing a namespace; assuming minecraft:old_growth_tropical_rainforest when unique. Prefer explicit ids such as minecraft:desert or biomesoplenty:bayou to avoid ambiguity.
[12:02:21] [Render thread/WARN] [projectatmosphere/]: No biome found with path 'old_growth_tropical_rainforest' in registry; defaulting to minecraft:old_growth_tropical_rainforest
[12:02:21] [Render thread/WARN] [projectatmosphere/]: Biome key 'pine_woods' is missing a namespace; assuming minecraft:pine_woods when unique. Prefer explicit ids such as minecraft:desert or biomesoplenty:bayou to avoid ambiguity.
[12:02:21] [Render thread/WARN] [projectatmosphere/]: No biome found with path 'pine_woods' in registry; defaulting to minecraft:pine_woods
[12:02:21] [Render thread/WARN] [projectatmosphere/]: Biome key 'savanna_beach' is missing a namespace; assuming minecraft:savanna_beach when unique. Prefer explicit ids such as minecraft:desert or biomesoplenty:bayou to avoid ambiguity.
[12:02:21] [Render thread/WARN] [projectatmosphere/]: No biome found with path 'savanna_beach' in registry; defaulting to minecraft:savanna_beach
[12:02:21] [Render thread/WARN] [projectatmosphere/]: Biome key 'savanna_highlands' is missing a namespace; assuming minecraft:savanna_highlands when unique. Prefer explicit ids such as minecraft:desert or biomesoplenty:bayou to avoid ambiguity.
[12:02:21] [Render thread/WARN] [projectatmosphere/]: No biome found with path 'savanna_highlands' in registry; defaulting to minecraft:savanna_highlands
[12:02:21] [Render thread/WARN] [projectatmosphere/]: Biome key 'savanna_river' is missing a namespace; assuming minecraft:savanna_river when unique. Prefer explicit ids such as minecraft:desert or biomesoplenty:bayou to avoid ambiguity.
[12:02:21] [Render thread/WARN] [projectatmosphere/]: No biome found with path 'savanna_river' in registry; defaulting to minecraft:savanna_river
[12:02:21] [Render thread/WARN] [projectatmosphere/]: Biome key 'scorched_caves' is missing a namespace; assuming minecraft:scorched_caves when unique. Prefer explicit ids such as minecraft:desert or biomesoplenty:bayou to avoid ambiguity.
[12:02:21] [Render thread/WARN] [projectatmosphere/]: No biome found with path 'scorched_caves' in registry; defaulting to minecraft:scorched_caves
[12:02:21] [Render thread/WARN] [projectatmosphere/]: Biome key 'semiarid_desert' is missing a namespace; assuming minecraft:semiarid_desert when unique. Prefer explicit ids such as minecraft:desert or biomesoplenty:bayou to avoid ambiguity.
[12:02:21] [Render thread/WARN] [projectatmosphere/]: No biome found with path 'semiarid_desert' in registry; defaulting to minecraft:semiarid_desert
[12:02:21] [Render thread/WARN] [projectatmosphere/]: Biome key 'shrub_steppe' is missing a namespace; assuming minecraft:shrub_steppe when unique. Prefer explicit ids such as minecraft:desert or biomesoplenty:bayou to avoid ambiguity.
[12:02:21] [Render thread/WARN] [projectatmosphere/]: No biome found with path 'shrub_steppe' in registry; defaulting to minecraft:shrub_steppe
[12:02:21] [Render thread/WARN] [projectatmosphere/]: Biome key 'snowy_barren_peaks' is missing a namespace; assuming minecraft:snowy_barren_peaks when unique. Prefer explicit ids such as minecraft:desert or biomesoplenty:bayou to avoid ambiguity.
[12:02:21] [Render thread/WARN] [projectatmosphere/]: No biome found with path 'snowy_barren_peaks' in registry; defaulting to minecraft:snowy_barren_peaks
[12:02:21] [Render thread/WARN] [projectatmosphere/]: Biome key 'snowy_peaks' is missing a namespace; assuming minecraft:snowy_peaks when unique. Prefer explicit ids such as minecraft:desert or biomesoplenty:bayou to avoid ambiguity.
[12:02:21] [Render thread/WARN] [projectatmosphere/]: No biome found with path 'snowy_peaks' in registry; defaulting to minecraft:snowy_peaks
[12:02:21] [Render thread/WARN] [projectatmosphere/]: Biome key 'snowy_tundra' is missing a namespace; assuming minecraft:snowy_tundra when unique. Prefer explicit ids such as minecraft:desert or biomesoplenty:bayou to avoid ambiguity.
[12:02:21] [Render thread/WARN] [projectatmosphere/]: No biome found with path 'snowy_tundra' in registry; defaulting to minecraft:snowy_tundra
[12:02:21] [Render thread/WARN] [projectatmosphere/]: Biome key 'steppe_river' is missing a namespace; assuming minecraft:steppe_river when unique. Prefer explicit ids such as minecraft:desert or biomesoplenty:bayou to avoid ambiguity.
[12:02:21] [Render thread/WARN] [projectatmosphere/]: No biome found with path 'steppe_river' in registry; defaulting to minecraft:steppe_river
[12:02:21] [Render thread/WARN] [projectatmosphere/]: Biome key 'subtropical_deep_ocean' is missing a namespace; assuming minecraft:subtropical_deep_ocean when unique. Prefer explicit ids such as minecraft:desert or biomesoplenty:bayou to avoid ambiguity.
[12:02:21] [Render thread/WARN] [projectatmosphere/]: No biome found with path 'subtropical_deep_ocean' in registry; defaulting to minecraft:subtropical_deep_ocean
[12:02:21] [Render thread/WARN] [projectatmosphere/]: Biome key 'subtropical_shallow_ocean' is missing a namespace; assuming minecraft:subtropical_shallow_ocean when unique. Prefer explicit ids such as minecraft:desert or biomesoplenty:bayou to avoid ambiguity.
[12:02:21] [Render thread/WARN] [projectatmosphere/]: No biome found with path 'subtropical_shallow_ocean' in registry; defaulting to minecraft:subtropical_shallow_ocean
[12:02:21] [Render thread/WARN] [projectatmosphere/]: Biome key 'taiga_beach' is missing a namespace; assuming minecraft:taiga_beach when unique. Prefer explicit ids such as minecraft:desert or biomesoplenty:bayou to avoid ambiguity.
[12:02:21] [Render thread/WARN] [projectatmosphere/]: No biome found with path 'taiga_beach' in registry; defaulting to minecraft:taiga_beach
[12:02:21] [Render thread/WARN] [projectatmosphere/]: Biome key 'taiga_highlands' is missing a namespace; assuming minecraft:taiga_highlands when unique. Prefer explicit ids such as minecraft:desert or biomesoplenty:bayou to avoid ambiguity.
[12:02:21] [Render thread/WARN] [projectatmosphere/]: No biome found with path 'taiga_highlands' in registry; defaulting to minecraft:taiga_highlands
[12:02:21] [Render thread/WARN] [projectatmosphere/]: Biome key 'temperate_beach' is missing a namespace; assuming minecraft:temperate_beach when unique. Prefer explicit ids such as minecraft:desert or biomesoplenty:bayou to avoid ambiguity.
[12:02:21] [Render thread/WARN] [projectatmosphere/]: No biome found with path 'temperate_beach' in registry; defaulting to minecraft:temperate_beach
[12:02:21] [Render thread/WARN] [projectatmosphere/]: Biome key 'temperate_deep_ocean' is missing a namespace; assuming minecraft:temperate_deep_ocean when unique. Prefer explicit ids such as minecraft:desert or biomesoplenty:bayou to avoid ambiguity.
[12:02:21] [Render thread/WARN] [projectatmosphere/]: No biome found with path 'temperate_deep_ocean' in registry; defaulting to minecraft:temperate_deep_ocean
[12:02:21] [Render thread/WARN] [projectatmosphere/]: Biome key 'temperate_forest' is missing a namespace; assuming minecraft:temperate_forest when unique. Prefer explicit ids such as minecraft:desert or biomesoplenty:bayou to avoid ambiguity.
[12:02:21] [Render thread/WARN] [projectatmosphere/]: No biome found with path 'temperate_forest' in registry; defaulting to minecraft:temperate_forest
[12:02:21] [Render thread/WARN] [projectatmosphere/]: Biome key 'temperate_marsh' is missing a namespace; assuming minecraft:temperate_marsh when unique. Prefer explicit ids such as minecraft:desert or biomesoplenty:bayou to avoid ambiguity.
[12:02:21] [Render thread/WARN] [projectatmosphere/]: No biome found with path 'temperate_marsh' in registry; defaulting to minecraft:temperate_marsh
[12:02:21] [Render thread/WARN] [projectatmosphere/]: Biome key 'temperate_mixed_forest' is missing a namespace; assuming minecraft:temperate_mixed_forest when unique. Prefer explicit ids such as minecraft:desert or biomesoplenty:bayou to avoid ambiguity.
[12:02:21] [Render thread/WARN] [projectatmosphere/]: No biome found with path 'temperate_mixed_forest' in registry; defaulting to minecraft:temperate_mixed_forest
[12:02:21] [Render thread/WARN] [projectatmosphere/]: Biome key 'temperate_river' is missing a namespace; assuming minecraft:temperate_river when unique. Prefer explicit ids such as minecraft:desert or biomesoplenty:bayou to avoid ambiguity.
[12:02:21] [Render thread/WARN] [projectatmosphere/]: No biome found with path 'temperate_river' in registry; defaulting to minecraft:temperate_river
[12:02:21] [Render thread/WARN] [projectatmosphere/]: Biome key 'temperate_shallow_ocean' is missing a namespace; assuming minecraft:temperate_shallow_ocean when unique. Prefer explicit ids such as minecraft:desert or biomesoplenty:bayou to avoid ambiguity.
[12:02:21] [Render thread/WARN] [projectatmosphere/]: No biome found with path 'temperate_shallow_ocean' in registry; defaulting to minecraft:temperate_shallow_ocean
[12:02:21] [Render thread/WARN] [projectatmosphere/]: Biome key 'temperate_swamp' is missing a namespace; assuming minecraft:temperate_swamp when unique. Prefer explicit ids such as minecraft:desert or biomesoplenty:bayou to avoid ambiguity.
[12:02:21] [Render thread/WARN] [projectatmosphere/]: No biome found with path 'temperate_swamp' in registry; defaulting to minecraft:temperate_swamp
[12:02:21] [Render thread/WARN] [projectatmosphere/]: Biome key 'tropical_beach' is missing a namespace; assuming minecraft:tropical_beach when unique. Prefer explicit ids such as minecraft:desert or biomesoplenty:bayou to avoid ambiguity.
[12:02:21] [Render thread/WARN] [projectatmosphere/]: No biome found with path 'tropical_beach' in registry; defaulting to minecraft:tropical_beach
[12:02:21] [Render thread/WARN] [projectatmosphere/]: Biome key 'tropical_deep_ocean' is missing a namespace; assuming minecraft:tropical_deep_ocean when unique. Prefer explicit ids such as minecraft:desert or biomesoplenty:bayou to avoid ambiguity.
[12:02:21] [Render thread/WARN] [projectatmosphere/]: No biome found with path 'tropical_deep_ocean' in registry; defaulting to minecraft:tropical_deep_ocean
[12:02:21] [Render thread/WARN] [projectatmosphere/]: Biome key 'tropical_dry_forest' is missing a namespace; assuming minecraft:tropical_dry_forest when unique. Prefer explicit ids such as minecraft:desert or biomesoplenty:bayou to avoid ambiguity.
[12:02:21] [Render thread/WARN] [projectatmosphere/]: No biome found with path 'tropical_dry_forest' in registry; defaulting to minecraft:tropical_dry_forest
[12:02:21] [Render thread/WARN] [projectatmosphere/]: Biome key 'tropical_highlands' is missing a namespace; assuming minecraft:tropical_highlands when unique. Prefer explicit ids such as minecraft:desert or biomesoplenty:bayou to avoid ambiguity.
[12:02:21] [Render thread/WARN] [projectatmosphere/]: No biome found with path 'tropical_highlands' in registry; defaulting to minecraft:tropical_highlands
[12:02:21] [Render thread/WARN] [projectatmosphere/]: Biome key 'tropical_rainforest' is missing a namespace; assuming minecraft:tropical_rainforest when unique. Prefer explicit ids such as minecraft:desert or biomesoplenty:bayou to avoid ambiguity.
[12:02:21] [Render thread/WARN] [projectatmosphere/]: No biome found with path 'tropical_rainforest' in registry; defaulting to minecraft:tropical_rainforest
[12:02:21] [Render thread/WARN] [projectatmosphere/]: Biome key 'tropical_rainforest_river' is missing a namespace; assuming minecraft:tropical_rainforest_river when unique. Prefer explicit ids such as minecraft:desert or biomesoplenty:bayou to avoid ambiguity.
[12:02:21] [Render thread/WARN] [projectatmosphere/]: No biome found with path 'tropical_rainforest_river' in registry; defaulting to minecraft:tropical_rainforest_river
[12:02:21] [Render thread/WARN] [projectatmosphere/]: Biome key 'tropical_shallow_ocean' is missing a namespace; assuming minecraft:tropical_shallow_ocean when unique. Prefer explicit ids such as minecraft:desert or biomesoplenty:bayou to avoid ambiguity.
[12:02:21] [Render thread/WARN] [projectatmosphere/]: No biome found with path 'tropical_shallow_ocean' in registry; defaulting to minecraft:tropical_shallow_ocean
[12:02:21] [Render thread/WARN] [projectatmosphere/]: Biome key 'tropical_wetlands' is missing a namespace; assuming minecraft:tropical_wetlands when unique. Prefer explicit ids such as minecraft:desert or biomesoplenty:bayou to avoid ambiguity.
[12:02:21] [Render thread/WARN] [projectatmosphere/]: No biome found with path 'tropical_wetlands' in registry; defaulting to minecraft:tropical_wetlands
[12:02:21] [Render thread/WARN] [projectatmosphere/]: Biome key 'tundra_beach' is missing a namespace; assuming minecraft:tundra_beach when unique. Prefer explicit ids such as minecraft:desert or biomesoplenty:bayou to avoid ambiguity.
[12:02:21] [Render thread/WARN] [projectatmosphere/]: No biome found with path 'tundra_beach' in registry; defaulting to minecraft:tundra_beach
[12:02:21] [Render thread/WARN] [projectatmosphere/]: Biome key 'warm_temperate_clearings' is missing a namespace; assuming minecraft:warm_temperate_clearings when unique. Prefer explicit ids such as minecraft:desert or biomesoplenty:bayou to avoid ambiguity.
[12:02:21] [Render thread/WARN] [projectatmosphere/]: No biome found with path 'warm_temperate_clearings' in registry; defaulting to minecraft:warm_temperate_clearings
[12:02:21] [Render thread/WARN] [projectatmosphere/]: Biome key 'warm_temperate_river' is missing a namespace; assuming minecraft:warm_temperate_river when unique. Prefer explicit ids such as minecraft:desert or biomesoplenty:bayou to avoid ambiguity.
[12:02:21] [Render thread/WARN] [projectatmosphere/]: No biome found with path 'warm_temperate_river' in registry; defaulting to minecraft:warm_temperate_river
[12:02:21] [Render thread/WARN] [projectatmosphere/]: Biome key 'warm_temperate_woodlands' is missing a namespace; assuming minecraft:warm_temperate_woodlands when unique. Prefer explicit ids such as minecraft:desert or biomesoplenty:bayou to avoid ambiguity.
[12:02:21] [Render thread/WARN] [projectatmosphere/]: No biome found with path 'warm_temperate_woodlands' in registry; defaulting to minecraft:warm_temperate_woodlands
[12:02:21] [Render thread/WARN] [projectatmosphere/]: Biome key 'wooded_highlands' is missing a namespace; assuming minecraft:wooded_highlands when unique. Prefer explicit ids such as minecraft:desert or biomesoplenty:bayou to avoid ambiguity.
[12:02:21] [Render thread/WARN] [projectatmosphere/]: No biome found with path 'wooded_highlands' in registry; defaulting to minecraft:wooded_highlands
[12:02:21] [Render thread/WARN] [projectatmosphere/]: Biome key 'wooded_mediterranean_steppe' is missing a namespace; assuming minecraft:wooded_mediterranean_steppe when unique. Prefer explicit ids such as minecraft:desert or biomesoplenty:bayou to avoid ambiguity.
[12:02:21] [Render thread/WARN] [projectatmosphere/]: No biome found with path 'wooded_mediterranean_steppe' in registry; defaulting to minecraft:wooded_mediterranean_steppe
[12:02:21] [Render thread/WARN] [projectatmosphere/]: Biome key 'wooded_savanna' is missing a namespace; assuming minecraft:wooded_savanna when unique. Prefer explicit ids such as minecraft:desert or biomesoplenty:bayou to avoid ambiguity.
[12:02:21] [Render thread/WARN] [projectatmosphere/]: No biome found with path 'wooded_savanna' in registry; defaulting to minecraft:wooded_savanna
[12:02:21] [Render thread/WARN] [projectatmosphere/]: Biome key 'wooded_semiarid_desert' is missing a namespace; assuming minecraft:wooded_semiarid_desert when unique. Prefer explicit ids such as minecraft:desert or biomesoplenty:bayou to avoid ambiguity.
[12:02:21] [Render thread/WARN] [projectatmosphere/]: No biome found with path 'wooded_semiarid_desert' in registry; defaulting to minecraft:wooded_semiarid_desert
[12:02:21] [Render thread/WARN] [projectatmosphere/]: Biome key 'xeric_shrubland' is missing a namespace; assuming minecraft:xeric_shrubland when unique. Prefer explicit ids such as minecraft:desert or biomesoplenty:bayou to avoid ambiguity.
[12:02:21] [Render thread/WARN] [projectatmosphere/]: No biome found with path 'xeric_shrubland' in registry; defaulting to minecraft:xeric_shrubland
[12:02:21] [Render thread/WARN] [projectatmosphere/]: Biome key 'arctic_river' is missing a namespace; assuming minecraft:arctic_river when unique. Prefer explicit ids such as minecraft:desert or biomesoplenty:bayou to avoid ambiguity.
[12:02:21] [Render thread/WARN] [projectatmosphere/]: No biome found with path 'arctic_river' in registry; defaulting to minecraft:arctic_river
[12:02:21] [Render thread/WARN] [projectatmosphere/]: Biome key 'arctic_tundra' is missing a namespace; assuming minecraft:arctic_tundra when unique. Prefer explicit ids such as minecraft:desert or biomesoplenty:bayou to avoid ambiguity.
[12:02:21] [Render thread/WARN] [projectatmosphere/]: No biome found with path 'arctic_tundra' in registry; defaulting to minecraft:arctic_tundra
[12:02:21] [Render thread/WARN] [projectatmosphere/]: Biome key 'barren_tundra' is missing a namespace; assuming minecraft:barren_tundra when unique. Prefer explicit ids such as minecraft:desert or biomesoplenty:bayou to avoid ambiguity.
[12:02:21] [Render thread/WARN] [projectatmosphere/]: No biome found with path 'barren_tundra' in registry; defaulting to minecraft:barren_tundra
[12:02:21] [Render thread/WARN] [projectatmosphere/]: Biome key 'lush_tundra' is missing a namespace; assuming minecraft:lush_tundra when unique. Prefer explicit ids such as minecraft:desert or biomesoplenty:bayou to avoid ambiguity.
[12:02:21] [Render thread/WARN] [projectatmosphere/]: No biome found with path 'lush_tundra' in registry; defaulting to minecraft:lush_tundra
[12:02:21] [Render thread/WARN] [projectatmosphere/]: Biome key 'snowy_boreal_alpine_tundra' is missing a namespace; assuming minecraft:snowy_boreal_alpine_tundra when unique. Prefer explicit ids such as minecraft:desert or biomesoplenty:bayou to avoid ambiguity.
[12:02:21] [Render thread/WARN] [projectatmosphere/]: No biome found with path 'snowy_boreal_alpine_tundra' in registry; defaulting to minecraft:snowy_boreal_alpine_tundra
[12:02:21] [Render thread/WARN] [projectatmosphere/]: Biome key 'tundra_river' is missing a namespace; assuming minecraft:tundra_river when unique. Prefer explicit ids such as minecraft:desert or biomesoplenty:bayou to avoid ambiguity.
[12:02:21] [Render thread/WARN] [projectatmosphere/]: No biome found with path 'tundra_river' in registry; defaulting to minecraft:tundra_river
[12:02:21] [Render thread/WARN] [projectatmosphere/]: Biome key 'wooded_tundra' is missing a namespace; assuming minecraft:wooded_tundra when unique. Prefer explicit ids such as minecraft:desert or biomesoplenty:bayou to avoid ambiguity.
[12:02:21] [Render thread/WARN] [projectatmosphere/]: No biome found with path 'wooded_tundra' in registry; defaulting to minecraft:wooded_tundra
[12:02:21] [Render thread/INFO] [projectatmosphere/]: Applied 2 biome temperature override(s) from G:\Project-Atmosphere\run\config\projectatmosphere\biome_temps.json
[12:02:21] [Render thread/DEBUG] [ne.mi.fm.DeferredWorkQueue/LOADING]: Synchronous work queue completed in 65.04 ms
[12:02:21] [Worker-Main-1/INFO] [chloride/]: LOADED CHLORIDE
[12:02:21] [Worker-Main-1/INFO] [sereneseasonsplus/]: Setting up Serene Season Plus (Common)
[12:02:21] [Worker-Main-17/INFO] [WhiteNoise/]: Registering config screens for mod betterdays with 2 config(s)
[12:02:21] [Worker-Main-1/INFO] [sereneseasonsplus/]: Setting up Serene Season Plus (Client)
[12:02:21] [Worker-Main-17/INFO] [WhiteNoise/]: Registering config screens for mod whitenoise with 1 config(s)
[12:02:21] [Forge Version Check/DEBUG] [ne.mi.fm.VersionChecker/]: [betterdays] Received version check data:
{
  "homepage": "https://www.curseforge.com/minecraft/mc-mods/betterdays",
  "promos": {
    "1.20.1-latest": "3.3.4.5",
    "1.20.1-recommended": "3.3.4.5"
  }
}
[12:02:21] [Forge Version Check/INFO] [ne.mi.fm.VersionChecker/]: [betterdays] Found status: UP_TO_DATE Current: 3.3.4.5 Target: null
[12:02:21] [Forge Version Check/INFO] [ne.mi.fm.VersionChecker/]: [forge] Starting version check at https://files.minecraftforge.net/net/minecraftforge/forge/promotions_slim.json
[12:02:22] [Forge Version Check/DEBUG] [ne.mi.fm.VersionChecker/]: [forge] Received version check data:
{
  "homepage": "https://files.minecraftforge.net/net/minecraftforge/forge/",
  "promos": {
    "1.1-latest": "1.3.4.29",
    "1.2.3-latest": "1.4.1.64",
    "1.2.4-latest": "2.0.0.68",
    "1.2.5-latest": "3.4.9.171",
    "1.3.2-latest": "4.3.5.318",
    "1.4.0-latest": "5.0.0.326",
    "1.4.1-latest": "6.0.0.329",
    "1.4.2-latest": "6.0.1.355",
    "1.4.3-latest": "6.2.1.358",
    "1.4.4-latest": "6.3.0.378",
    "1.4.5-latest": "6.4.2.448",
    "1.4.6-latest": "6.5.0.489",
    "1.4.7-latest": "6.6.2.534",
    "1.5-latest": "7.7.0.598",
    "1.5.1-latest": "7.7.2.682",
    "1.5.2-latest": "7.8.1.738",
    "1.5.2-recommended": "7.8.1.738",
    "1.6.1-latest": "8.9.0.775",
    "1.6.2-latest": "9.10.1.871",
    "1.6.2-recommended": "9.10.1.871",
    "1.6.3-latest": "9.11.0.878",
    "1.6.4-latest": "9.11.1.1345",
    "1.6.4-recommended": "9.11.1.1345",
    "1.7.2-latest": "10.12.2.1161",
    "1.7.2-recommended": "10.12.2.1161",
    "1.7.10-latest": "10.13.4.1614",
    "1.7.10-recommended": "10.13.4.1614",
    "1.8-latest": "11.14.4.1577",
    "1.8-recommended": "11.14.4.1563",
    "1.8.8-latest": "11.15.0.1655",
    "1.8.9-latest": "11.15.1.2318",
    "1.8.9-recommended": "11.15.1.2318",
    "1.9-latest": "12.16.1.1938",
    "1.9-recommended": "12.16.1.1887",
    "1.9.4-latest": "12.17.0.2317",
    "1.9.4-recommended": "12.17.0.2317",
    "1.10-latest": "12.18.0.2000",
    "1.10.2-latest": "12.18.3.2511",
    "1.10.2-recommended": "12.18.3.2511",
    "1.11-latest": "13.19.1.2199",
    "1.11-recommended": "13.19.1.2189",
    "1.11.2-latest": "13.20.1.2588",
    "1.11.2-recommended": "13.20.1.2588",
    "1.12-latest": "14.21.1.2443",
    "1.12-recommended": "14.21.1.2387",
    "1.12.1-latest": "14.22.1.2485",
    "1.12.1-recommended": "14.22.1.2478",
    "1.12.2-latest": "14.23.5.2864",
    "1.12.2-recommended": "14.23.5.2859",
    "1.13.2-latest": "25.0.223",
    "1.14.2-latest": "26.0.63",
    "1.14.3-latest": "27.0.60",
    "1.14.4-latest": "28.2.30",
    "1.14.4-recommended": "28.2.26",
    "1.15-latest": "29.0.4",
    "1.15.1-latest": "30.0.51",
    "1.15.2-latest": "31.2.60",
    "1.15.2-recommended": "31.2.57",
    "1.16.1-latest": "32.0.108",
    "1.16.2-latest": "33.0.61",
    "1.16.3-latest": "34.1.42",
    "1.16.3-recommended": "34.1.0",
    "1.16.4-latest": "35.1.37",
    "1.16.4-recommended": "35.1.4",
    "1.16.5-latest": "36.2.42",
    "1.16.5-recommended": "36.2.34",
    "1.17.1-latest": "37.1.1",
    "1.17.1-recommended": "37.1.1",
    "1.18-latest": "38.0.17",
    "1.18.1-latest": "39.1.2",
    "1.18.1-recommended": "39.1.0",
    "1.18.2-recommended": "40.3.0",
    "1.18.2-latest": "40.3.12",
    "1.19-latest": "41.1.0",
    "1.19-recommended": "41.1.0",
    "1.19.1-latest": "42.0.9",
    "1.19.2-recommended": "43.5.0",
    "1.19.2-latest": "43.5.2",
    "1.19.3-latest": "44.1.23",
    "1.19.3-recommended": "44.1.0",
    "1.19.4-recommended": "45.4.0",
    "1.19.4-latest": "45.4.3",
    "1.20-latest": "46.0.14",
    "1.20.1-recommended": "47.4.10",
    "1.20.1-latest": "47.4.20",
    "1.20.2-latest": "48.1.0",
    "1.20.2-recommended": "48.1.0",
    "1.20.3-latest": "49.0.2",
    "1.20.4-latest": "49.2.7",
    "1.20.4-recommended": "49.2.0",
    "1.20.6-latest": "50.2.8",
    "1.20.6-recommended": "50.2.0",
    "1.21-latest": "51.0.33",
    "1.21.1-latest": "52.1.14",
    "1.21.1-recommended": "52.1.0",
    "1.21.3-latest": "53.1.10",
    "1.21.3-recommended": "53.1.0",
    "1.21.4-latest": "54.1.16",
    "1.21.4-recommended": "54.1.14",
    "1.21.5-latest": "55.1.10",
    "1.21.5-recommended": "55.1.0",
    "1.21.6-latest": "56.0.9",
    "1.21.7-latest": "57.0.3",
    "1.21.8-latest": "58.1.18",
    "1.21.8-recommended": "58.1.0",
    "1.21.9-latest": "59.0.5",
    "1.21.10-latest": "60.1.9",
    "1.21.10-recommended": "60.1.0",
    "1.21.11-latest": "61.1.8",
    "1.21.11-recommended": "61.1.0",
    "26.1-latest": "62.0.9",
    "26.1.1-latest": "63.0.2",
    "26.1.2-latest": "64.0.11",
    "26.2-latest": "65.0.3"
  }
}
[12:02:22] [Forge Version Check/INFO] [ne.mi.fm.VersionChecker/]: [forge] Found status: AHEAD Current: 47.4.20 Target: null
[12:02:22] [Render thread/DEBUG] [ne.mi.fm.DeferredWorkQueue/LOADING]: Dispatching synchronous work for work queue SIDED_SETUP: 4 jobs
[12:02:22] [Render thread/DEBUG] [crackerslib/ConfigPresets/]: Registered 0 config menu buttons
[12:02:22] [Render thread/INFO] [projectatmosphere/]: Setting up Project Atmosphere (Client)
[12:02:22] [Render thread/DEBUG] [mixin/]: Mixing features.render.model.RenderLayersMixin from embeddium.mixins.json into net.minecraft.client.renderer.ItemBlockRenderTypes
[12:02:22] [Render thread/DEBUG] [mixin/]: Mixing features.options.render_layers.RenderLayersMixin from embeddium.mixins.json into net.minecraft.client.renderer.ItemBlockRenderTypes
[12:02:22] [Render thread/DEBUG] [ne.mi.fm.DeferredWorkQueue/LOADING]: Synchronous work queue completed in 129.6 ms
[12:02:22] [Worker-Main-6/DEBUG] [mixin/]: Mixing core.model.SimpleBakedModelBuilderMixin from embeddium.mixins.json into net.minecraft.client.resources.model.SimpleBakedModel$Builder
[12:02:22] [Worker-Main-6/DEBUG] [mixin/]: Mixing core.model.quad.BakedQuadMixin from embeddium.mixins.json into net.minecraft.client.renderer.block.model.BakedQuad
[12:02:22] [Worker-Main-6/DEBUG] [mixin/]: Mixing features.model.MultipartBakedModelMixin from embeddium.mixins.json into net.minecraft.client.resources.model.MultiPartBakedModel
[12:02:22] [Worker-Main-6/DEBUG] [mixin/]: Renaming synthetic method lambda$getModelComponents$0(I)[Lnet/minecraft/client/resources/model/BakedModel; to md5f9133$lambda$getModelComponents$0$0 in embeddium.mixins.json:features.model.MultipartBakedModelMixin
[12:02:22] [Worker-Main-6/DEBUG] [mixin/]: Mixing features.model.WeightedBakedModelMixin from embeddium.mixins.json into net.minecraft.client.resources.model.WeightedBakedModel
[12:02:22] [Worker-Main-9/INFO] [Jade/]: Start loading plugin at snownee.jade.addon.vanilla.VanillaPlugin
[12:02:22] [Worker-Main-9/INFO] [Jade/]: Start loading plugin at snownee.jade.addon.universal.UniversalPlugin
[12:02:22] [Worker-Main-9/INFO] [Jade/]: Start loading plugin at snownee.jade.addon.core.CorePlugin
[12:02:22] [Worker-Main-9/INFO] [Jade/]: Dev environment detected, loading test plugin
[12:02:22] [modloading-worker-0/DEBUG] [ne.mi.re.GameData/REGISTRIES]: Freezing registries
[12:02:22] [modloading-worker-0/DEBUG] [ne.mi.re.ForgeRegistry/REGISTRIES]: Registry minecraft:block Sync: FROZEN -> ACTIVE
[12:02:22] [modloading-worker-0/DEBUG] [ne.mi.re.ForgeRegistry/REGISTRIES]: Registry minecraft:fluid Sync: FROZEN -> ACTIVE
[12:02:22] [modloading-worker-0/DEBUG] [ne.mi.re.ForgeRegistry/REGISTRIES]: Registry minecraft:item Sync: FROZEN -> ACTIVE
[12:02:22] [modloading-worker-0/DEBUG] [ne.mi.re.ForgeRegistry/REGISTRIES]: Registry minecraft:mob_effect Sync: FROZEN -> ACTIVE
[12:02:22] [modloading-worker-0/DEBUG] [ne.mi.re.ForgeRegistry/REGISTRIES]: Registry minecraft:sound_event Sync: FROZEN -> ACTIVE
[12:02:22] [modloading-worker-0/DEBUG] [ne.mi.re.ForgeRegistry/REGISTRIES]: Registry minecraft:potion Sync: FROZEN -> ACTIVE
[12:02:22] [modloading-worker-0/DEBUG] [ne.mi.re.ForgeRegistry/REGISTRIES]: Registry minecraft:enchantment Sync: FROZEN -> ACTIVE
[12:02:22] [modloading-worker-0/DEBUG] [ne.mi.re.ForgeRegistry/REGISTRIES]: Registry minecraft:entity_type Sync: FROZEN -> ACTIVE
[12:02:22] [modloading-worker-0/DEBUG] [ne.mi.re.ForgeRegistry/REGISTRIES]: Registry minecraft:block_entity_type Sync: FROZEN -> ACTIVE
[12:02:22] [modloading-worker-0/DEBUG] [ne.mi.re.ForgeRegistry/REGISTRIES]: Registry minecraft:particle_type Sync: FROZEN -> ACTIVE
[12:02:22] [modloading-worker-0/DEBUG] [ne.mi.re.ForgeRegistry/REGISTRIES]: Registry minecraft:menu Sync: FROZEN -> ACTIVE
[12:02:22] [modloading-worker-0/DEBUG] [ne.mi.re.ForgeRegistry/REGISTRIES]: Registry minecraft:painting_variant Sync: FROZEN -> ACTIVE
[12:02:22] [modloading-worker-0/DEBUG] [ne.mi.re.ForgeRegistry/REGISTRIES]: Registry minecraft:recipe_type Sync: FROZEN -> ACTIVE
[12:02:22] [modloading-worker-0/DEBUG] [ne.mi.re.ForgeRegistry/REGISTRIES]: Registry minecraft:recipe_serializer Sync: FROZEN -> ACTIVE
[12:02:22] [modloading-worker-0/DEBUG] [ne.mi.re.ForgeRegistry/REGISTRIES]: Registry minecraft:attribute Sync: FROZEN -> ACTIVE
[12:02:22] [modloading-worker-0/DEBUG] [ne.mi.re.ForgeRegistry/REGISTRIES]: Registry minecraft:stat_type Sync: FROZEN -> ACTIVE
[12:02:22] [modloading-worker-0/DEBUG] [ne.mi.re.ForgeRegistry/REGISTRIES]: Registry minecraft:command_argument_type Sync: FROZEN -> ACTIVE
[12:02:22] [modloading-worker-0/DEBUG] [ne.mi.re.ForgeRegistry/REGISTRIES]: Registry minecraft:villager_profession Sync: FROZEN -> ACTIVE
[12:02:22] [modloading-worker-0/DEBUG] [ne.mi.re.ForgeRegistry/REGISTRIES]: Registry minecraft:point_of_interest_type Sync: FROZEN -> ACTIVE
[12:02:22] [modloading-worker-0/DEBUG] [ne.mi.re.ForgeRegistry/REGISTRIES]: Registry minecraft:memory_module_type Sync: FROZEN -> ACTIVE
[12:02:22] [modloading-worker-0/DEBUG] [ne.mi.re.ForgeRegistry/REGISTRIES]: Registry minecraft:sensor_type Sync: FROZEN -> ACTIVE
[12:02:22] [modloading-worker-0/DEBUG] [ne.mi.re.ForgeRegistry/REGISTRIES]: Registry minecraft:schedule Sync: FROZEN -> ACTIVE
[12:02:22] [modloading-worker-0/DEBUG] [ne.mi.re.ForgeRegistry/REGISTRIES]: Registry minecraft:activity Sync: FROZEN -> ACTIVE
[12:02:22] [modloading-worker-0/DEBUG] [ne.mi.re.ForgeRegistry/REGISTRIES]: Registry minecraft:worldgen/carver Sync: FROZEN -> ACTIVE
[12:02:22] [modloading-worker-0/DEBUG] [ne.mi.re.ForgeRegistry/REGISTRIES]: Registry minecraft:worldgen/feature Sync: FROZEN -> ACTIVE
[12:02:22] [modloading-worker-0/DEBUG] [ne.mi.re.ForgeRegistry/REGISTRIES]: Registry minecraft:chunk_status Sync: FROZEN -> ACTIVE
[12:02:22] [modloading-worker-0/DEBUG] [ne.mi.re.ForgeRegistry/REGISTRIES]: Registry minecraft:worldgen/block_state_provider_type Sync: FROZEN -> ACTIVE
[12:02:22] [modloading-worker-0/DEBUG] [ne.mi.re.ForgeRegistry/REGISTRIES]: Registry minecraft:worldgen/foliage_placer_type Sync: FROZEN -> ACTIVE
[12:02:22] [modloading-worker-0/DEBUG] [ne.mi.re.ForgeRegistry/REGISTRIES]: Registry minecraft:worldgen/tree_decorator_type Sync: FROZEN -> ACTIVE
[12:02:22] [modloading-worker-0/DEBUG] [ne.mi.re.ForgeRegistry/REGISTRIES]: Registry minecraft:worldgen/biome Sync: FROZEN -> ACTIVE
[12:02:22] [modloading-worker-0/DEBUG] [ne.mi.re.ForgeRegistry/REGISTRIES]: Registry betterdays:time_effect Sync: FROZEN -> ACTIVE
[12:02:22] [modloading-worker-0/DEBUG] [ne.mi.re.ForgeRegistry/REGISTRIES]: Registry lithostitched:modifier_type Sync: FROZEN -> ACTIVE
[12:02:22] [modloading-worker-0/DEBUG] [ne.mi.re.ForgeRegistry/REGISTRIES]: Registry lithostitched:modifier_predicate_type Sync: FROZEN -> ACTIVE
[12:02:22] [modloading-worker-0/DEBUG] [ne.mi.re.ForgeRegistry/REGISTRIES]: Registry lithostitched:placement_condition_type Sync: FROZEN -> ACTIVE
[12:02:22] [modloading-worker-0/DEBUG] [ne.mi.re.ForgeRegistry/REGISTRIES]: Registry lithostitched:processor_condition_type Sync: FROZEN -> ACTIVE
[12:02:22] [modloading-worker-0/DEBUG] [ne.mi.re.ForgeRegistry/REGISTRIES]: Registry forge:entity_data_serializers Sync: FROZEN -> ACTIVE
[12:02:22] [modloading-worker-0/DEBUG] [ne.mi.re.ForgeRegistry/REGISTRIES]: Registry forge:global_loot_modifier_serializers Sync: FROZEN -> ACTIVE
[12:02:22] [modloading-worker-0/DEBUG] [ne.mi.re.ForgeRegistry/REGISTRIES]: Registry forge:biome_modifier_serializers Sync: FROZEN -> ACTIVE
[12:02:22] [modloading-worker-0/DEBUG] [ne.mi.re.ForgeRegistry/REGISTRIES]: Registry forge:fluid_type Sync: FROZEN -> ACTIVE
[12:02:22] [modloading-worker-0/DEBUG] [ne.mi.re.ForgeRegistry/REGISTRIES]: Registry forge:structure_modifier_serializers Sync: FROZEN -> ACTIVE
[12:02:22] [modloading-worker-0/DEBUG] [ne.mi.re.ForgeRegistry/REGISTRIES]: Registry forge:holder_set_type Sync: FROZEN -> ACTIVE
[12:02:22] [modloading-worker-0/DEBUG] [ne.mi.re.ForgeRegistry/REGISTRIES]: Registry forge:display_contexts Sync: FROZEN -> ACTIVE
[12:02:23] [modloading-worker-0/DEBUG] [ne.mi.re.GameData/REGISTRIES]: All registries frozen
[12:02:23] [Render thread/DEBUG] [ne.mi.co.ForgeI18n/CORE]: Loading I18N data entries: 7380
[12:02:23] [Render thread/WARN] [minecraft/SoundEngine]: Missing sound for event: minecraft:item.goat_horn.play
[12:02:23] [Render thread/WARN] [minecraft/SoundEngine]: Missing sound for event: minecraft:entity.goat.screaming.horn_break
[12:02:23] [Render thread/INFO] [mojang/Library]: OpenAL initialized on device OpenAL Soft on Haut-parleurs (3- TOPPING USB DAC)
[12:02:23] [Render thread/INFO] [minecraft/SoundEngine]: Sound engine started
[12:02:23] [Render thread/INFO] [minecraft/TextureAtlas]: Created: 4096x2048x4 minecraft:textures/atlas/blocks.png-atlas
[12:02:23] [Render thread/DEBUG] [mixin/]: Mixing features.textures.animations.tracking.SpriteContentsAnimatorImplMixin from embeddium.mixins.json into net.minecraft.client.renderer.texture.SpriteContents$Ticker
[12:02:23] [Render thread/DEBUG] [mixin/]: Mixing features.textures.animations.upload.SpriteContentsAnimatorImplAccessor from embeddium.mixins.json into net.minecraft.client.renderer.texture.SpriteContents$Ticker
[12:02:23] [Render thread/DEBUG] [mixin/]: Mixing features.textures.animations.upload.SpriteContentsInterpolationMixin from embeddium.mixins.json into net.minecraft.client.renderer.texture.SpriteContents$InterpolationData
[12:02:23] [Render thread/INFO] [minecraft/TextureAtlas]: Created: 256x256x4 minecraft:textures/atlas/signs.png-atlas
[12:02:23] [Render thread/INFO] [minecraft/TextureAtlas]: Created: 512x512x4 minecraft:textures/atlas/shield_patterns.png-atlas
[12:02:23] [Render thread/INFO] [minecraft/TextureAtlas]: Created: 512x512x4 minecraft:textures/atlas/banner_patterns.png-atlas
[12:02:23] [Render thread/INFO] [minecraft/TextureAtlas]: Created: 1024x1024x4 minecraft:textures/atlas/armor_trims.png-atlas
[12:02:23] [Render thread/INFO] [minecraft/TextureAtlas]: Created: 128x64x4 minecraft:textures/atlas/decorated_pot.png-atlas
[12:02:23] [Render thread/INFO] [minecraft/TextureAtlas]: Created: 256x256x4 minecraft:textures/atlas/chest.png-atlas
[12:02:23] [Render thread/INFO] [minecraft/TextureAtlas]: Created: 512x256x4 minecraft:textures/atlas/shulker_boxes.png-atlas
[12:02:23] [Render thread/INFO] [minecraft/TextureAtlas]: Created: 512x256x4 minecraft:textures/atlas/beds.png-atlas
[12:02:23] [Render thread/DEBUG] [mixin/]: Mixing features.render.entity.remove_streams.HierarchicalModelMixin from embeddium.mixins.json into net.minecraft.client.model.HierarchicalModel
[12:02:23] [Render thread/DEBUG] [mixin/]: Mixing features.render.entity.remove_streams.ModelPartMixin from embeddium.mixins.json into net.minecraft.client.model.geom.ModelPart
[12:02:23] [Render thread/DEBUG] [mixin/]: Mixing features.render.entity.fast_render.ModelPartMixin from embeddium.mixins.json into net.minecraft.client.model.geom.ModelPart
[12:02:23] [Render thread/DEBUG] [mixin/]: Renaming synthetic method lambda$onInit$0(I)[Lnet/minecraft/client/model/geom/ModelPart; to md5f9133$lambda$onInit$0$0 in embeddium.mixins.json:features.render.entity.fast_render.ModelPartMixin
[12:02:23] [Render thread/DEBUG] [mixin/]: Mixing features.render.entity.fast_render.CuboidMixin from embeddium.mixins.json into net.minecraft.client.model.geom.ModelPart$Cube
[12:02:23] [Render thread/WARN] [minecraft/ShaderInstance]: Shader rendertype_entity_translucent_emissive could not find sampler named Sampler2 in the specified shader program.
[12:02:23] [Render thread/INFO] [projectatmosphere/]: [CloudState] shaderReload.begin cloud=projectatmosphere:cloud_volume composite=projectatmosphere:cloud_composite
[12:02:23] [Render thread/WARN] [minecraft/ShaderInstance]: Shader projectatmosphere:cloud_volume could not find uniform named AnimationTime in the specified shader program.
[12:02:23] [Render thread/WARN] [minecraft/ShaderInstance]: Shader projectatmosphere:cloud_volume could not find uniform named CloudPreviousCenter in the specified shader program.
[12:02:23] [Render thread/WARN] [minecraft/ShaderInstance]: Shader projectatmosphere:cloud_volume could not find uniform named CloudEdgeSoftness in the specified shader program.
[12:02:23] [Render thread/WARN] [minecraft/ShaderInstance]: Shader projectatmosphere:cloud_volume could not find uniform named CloudPartialTick in the specified shader program.
[12:02:23] [Render thread/WARN] [minecraft/ShaderInstance]: Shader projectatmosphere:cloud_volume could not find uniform named CloudAgeTicks in the specified shader program.
[12:02:23] [Render thread/WARN] [minecraft/ShaderInstance]: Shader projectatmosphere:cloud_volume could not find uniform named CloudLifetimeTicks in the specified shader program.
[12:02:23] [Render thread/WARN] [minecraft/ShaderInstance]: Shader projectatmosphere:cloud_volume could not find uniform named CloudNoiseScale in the specified shader program.
[12:02:23] [Render thread/WARN] [minecraft/ShaderInstance]: Shader projectatmosphere:cloud_volume could not find uniform named CloudDetailNoiseScale in the specified shader program.
[12:02:23] [Render thread/WARN] [minecraft/ShaderInstance]: Shader projectatmosphere:cloud_volume could not find uniform named CloudErosionNoiseScale in the specified shader program.
[12:02:23] [Render thread/WARN] [minecraft/ShaderInstance]: Shader projectatmosphere:cloud_volume could not find uniform named CloudShapeStormWallStrength in the specified shader program.
[12:02:23] [Render thread/WARN] [minecraft/ShaderInstance]: Shader projectatmosphere:cloud_volume could not find uniform named CloudStormVisualTier in the specified shader program.
[12:02:23] [Render thread/WARN] [minecraft/ShaderInstance]: Shader projectatmosphere:cloud_volume could not find uniform named CloudPrecipitationTier in the specified shader program.
[12:02:23] [Render thread/WARN] [minecraft/ShaderInstance]: Shader projectatmosphere:cloud_composite could not find sampler named CloudHistorySampler in the specified shader program.
[12:02:23] [Render thread/WARN] [minecraft/ShaderInstance]: Shader projectatmosphere:cloud_composite could not find uniform named HistoryBlendWeight in the specified shader program.
[12:02:23] [Render thread/WARN] [minecraft/ShaderInstance]: Shader projectatmosphere:cloud_composite could not find uniform named UseHistory in the specified shader program.
[12:02:23] [Render thread/WARN] [minecraft/ShaderInstance]: Shader projectatmosphere:cloud_atmosphere_volume could not find uniform named OutputSize in the specified shader program.
[12:02:23] [Render thread/INFO] [projectatmosphere/]: [VolumetricClouds] shader programs registered
[12:02:23] [Render thread/INFO] [projectatmosphere/]: [CloudFieldVolume] shaderReload.ready shader=projectatmosphere:cloud_field_volume
[12:02:23] [Render thread/INFO] [projectatmosphere/]: [CloudFieldVolume] shaderReload.ready composite=projectatmosphere:cloud_field_composite
[12:02:23] [Render thread/INFO] [projectatmosphere/]: [CloudState] shaderReload.ready cloud=projectatmosphere:cloud_volume
[12:02:23] [Render thread/INFO] [projectatmosphere/]: [CloudState] shaderReload.ready composite=projectatmosphere:cloud_composite
[12:02:23] [Render thread/INFO] [projectatmosphere/]: [CloudState] shaderReload.ready terrainShadow=projectatmosphere:cloud_terrain_shadow
[12:02:23] [Render thread/INFO] [minecraft/TextureAtlas]: Created: 512x256x0 minecraft:textures/atlas/particles.png-atlas
[12:02:23] [Render thread/INFO] [minecraft/TextureAtlas]: Created: 256x256x0 minecraft:textures/atlas/paintings.png-atlas
[12:02:23] [Render thread/INFO] [minecraft/TextureAtlas]: Created: 128x128x0 minecraft:textures/atlas/mob_effects.png-atlas
[12:02:23] [Render thread/INFO] [minecraft/TextureAtlas]: Created: 256x256x0 jei:textures/atlas/gui.png-atlas
[12:02:23] [Realms Notification Availability checker #1/INFO] [mojang/RealmsClient]: Could not authorize you against Realms server: java.lang.RuntimeException: Failed to parse into SignedJWT: 0
[12:02:25] [Render thread/DEBUG] [mixin/]: Mixing StringRenderOutputMixin from jade.mixins.json into net.minecraft.client.gui.Font$StringRenderOutput
[12:02:25] [Render thread/DEBUG] [mixin/]: jade.mixins.json:StringRenderOutputMixin: Class version 61 required is higher than the class version supported by the current version of Mixin (JAVA_16 supports class version 60)
[12:02:25] [Render thread/DEBUG] [mixin/]: Mixing FontShadowMixin$StringRenderOutputMixin from chloride.mixin.json into net.minecraft.client.gui.Font$StringRenderOutput
[12:03:23] [Render thread/INFO] [chloride/]: Registering CHLORIDE built-in packs
[12:03:23] [Render thread/INFO] [ne.mi.re.GameData/REGISTRIES]: Injecting existing registry data into this CLIENT instance
[12:03:23] [Render thread/DEBUG] [ne.mi.re.ForgeRegistry/REGISTRIES]: Registry minecraft:sound_event: Fixed minecraft:sound_event id mismatch coolrain:rain_sounds_amethyst: 1480 (init) -> 1490 (map).
[12:03:23] [Render thread/DEBUG] [ne.mi.re.ForgeRegistry/REGISTRIES]: Registry minecraft:sound_event: Fixed minecraft:sound_event id mismatch coolrain:rain_sounds_fabric: 1476 (init) -> 1486 (map).
[12:03:23] [Render thread/DEBUG] [ne.mi.re.ForgeRegistry/REGISTRIES]: Registry minecraft:sound_event: Fixed minecraft:sound_event id mismatch coolrain:rain_sounds_fabric_muffled: 1483 (init) -> 1493 (map).
[12:03:23] [Render thread/DEBUG] [ne.mi.re.ForgeRegistry/REGISTRIES]: Registry minecraft:sound_event: Fixed minecraft:sound_event id mismatch coolrain:rain_sounds_glass: 1477 (init) -> 1487 (map).
[12:03:23] [Render thread/DEBUG] [ne.mi.re.ForgeRegistry/REGISTRIES]: Registry minecraft:sound_event: Fixed minecraft:sound_event id mismatch coolrain:rain_sounds_glass_muffled: 1484 (init) -> 1494 (map).
[12:03:23] [Render thread/DEBUG] [ne.mi.re.ForgeRegistry/REGISTRIES]: Registry minecraft:sound_event: Fixed minecraft:sound_event id mismatch coolrain:rain_sounds_lava: 1479 (init) -> 1489 (map).
[12:03:23] [Render thread/DEBUG] [ne.mi.re.ForgeRegistry/REGISTRIES]: Registry minecraft:sound_event: Fixed minecraft:sound_event id mismatch coolrain:rain_sounds_metal_muffled: 1482 (init) -> 1492 (map).
[12:03:23] [Render thread/DEBUG] [ne.mi.re.ForgeRegistry/REGISTRIES]: Registry minecraft:sound_event: Fixed minecraft:sound_event id mismatch coolrain:rain_sounds_noteblock: 1481 (init) -> 1491 (map).
[12:03:23] [Render thread/DEBUG] [ne.mi.re.ForgeRegistry/REGISTRIES]: Registry minecraft:sound_event: Fixed minecraft:sound_event id mismatch coolrain:rain_sounds_water: 1478 (init) -> 1488 (map).
[12:03:23] [Render thread/DEBUG] [ne.mi.re.ForgeRegistry/REGISTRIES]: Registry minecraft:sound_event: Fixed minecraft:sound_event id mismatch projectatmosphere:thunder.hit_distant: 1488 (init) -> 1482 (map).
[12:03:23] [Render thread/DEBUG] [ne.mi.re.ForgeRegistry/REGISTRIES]: Registry minecraft:sound_event: Fixed minecraft:sound_event id mismatch projectatmosphere:thunder.hit_semi_distant: 1489 (init) -> 1483 (map).
[12:03:23] [Render thread/DEBUG] [ne.mi.re.ForgeRegistry/REGISTRIES]: Registry minecraft:sound_event: Fixed minecraft:sound_event id mismatch projectatmosphere:thunder.in_clouds: 1487 (init) -> 1481 (map).
[12:03:23] [Render thread/DEBUG] [ne.mi.re.ForgeRegistry/REGISTRIES]: Registry minecraft:sound_event: Fixed minecraft:sound_event id mismatch projectatmosphere:thunder.rumbling_close: 1490 (init) -> 1484 (map).
[12:03:23] [Render thread/DEBUG] [ne.mi.re.ForgeRegistry/REGISTRIES]: Registry minecraft:sound_event: Fixed minecraft:sound_event id mismatch projectatmosphere:thunder.rumbling_distant: 1491 (init) -> 1485 (map).
[12:03:23] [Render thread/DEBUG] [ne.mi.re.ForgeRegistry/REGISTRIES]: Registry minecraft:sound_event: Fixed minecraft:sound_event id mismatch projectatmosphere:tornado_roar: 1486 (init) -> 1477 (map).
[12:03:23] [Render thread/DEBUG] [ne.mi.re.ForgeRegistry/REGISTRIES]: Registry minecraft:sound_event: Fixed minecraft:sound_event id mismatch projectatmosphere:weather_siren: 1485 (init) -> 1476 (map).
[12:03:23] [Render thread/DEBUG] [ne.mi.re.ForgeRegistry/REGISTRIES]: Registry minecraft:block Sync: ACTIVE -> STAGING
[12:03:23] [Render thread/DEBUG] [ne.mi.re.ForgeRegistry/REGISTRIES]: Registry minecraft:fluid Sync: ACTIVE -> STAGING
[12:03:23] [Render thread/DEBUG] [ne.mi.re.ForgeRegistry/REGISTRIES]: Registry minecraft:item Sync: ACTIVE -> STAGING
[12:03:23] [Render thread/DEBUG] [ne.mi.re.ForgeRegistry/REGISTRIES]: Registry minecraft:mob_effect Sync: ACTIVE -> STAGING
[12:03:23] [Render thread/DEBUG] [ne.mi.re.ForgeRegistry/REGISTRIES]: Registry minecraft:sound_event Sync: ACTIVE -> STAGING
[12:03:23] [Render thread/DEBUG] [ne.mi.re.ForgeRegistry/REGISTRIES]: Registry minecraft:potion Sync: ACTIVE -> STAGING
[12:03:23] [Render thread/DEBUG] [ne.mi.re.ForgeRegistry/REGISTRIES]: Registry minecraft:enchantment Sync: ACTIVE -> STAGING
[12:03:23] [Render thread/DEBUG] [ne.mi.re.ForgeRegistry/REGISTRIES]: Registry minecraft:entity_type Sync: ACTIVE -> STAGING
[12:03:23] [Render thread/DEBUG] [ne.mi.re.ForgeRegistry/REGISTRIES]: Registry minecraft:block_entity_type Sync: ACTIVE -> STAGING
[12:03:23] [Render thread/DEBUG] [ne.mi.re.ForgeRegistry/REGISTRIES]: Registry minecraft:particle_type Sync: ACTIVE -> STAGING
[12:03:23] [Render thread/DEBUG] [ne.mi.re.ForgeRegistry/REGISTRIES]: Registry minecraft:menu Sync: ACTIVE -> STAGING
[12:03:23] [Render thread/DEBUG] [ne.mi.re.ForgeRegistry/REGISTRIES]: Registry minecraft:painting_variant Sync: ACTIVE -> STAGING
[12:03:23] [Render thread/DEBUG] [ne.mi.re.ForgeRegistry/REGISTRIES]: Registry minecraft:recipe_type Sync: ACTIVE -> STAGING
[12:03:23] [Render thread/DEBUG] [ne.mi.re.ForgeRegistry/REGISTRIES]: Registry minecraft:recipe_serializer Sync: ACTIVE -> STAGING
[12:03:23] [Render thread/DEBUG] [ne.mi.re.ForgeRegistry/REGISTRIES]: Registry minecraft:attribute Sync: ACTIVE -> STAGING
[12:03:23] [Render thread/DEBUG] [ne.mi.re.ForgeRegistry/REGISTRIES]: Registry minecraft:stat_type Sync: ACTIVE -> STAGING
[12:03:23] [Render thread/DEBUG] [ne.mi.re.ForgeRegistry/REGISTRIES]: Registry minecraft:command_argument_type Sync: ACTIVE -> STAGING
[12:03:23] [Render thread/DEBUG] [ne.mi.re.ForgeRegistry/REGISTRIES]: Registry minecraft:villager_profession Sync: ACTIVE -> STAGING
[12:03:23] [Render thread/DEBUG] [ne.mi.re.ForgeRegistry/REGISTRIES]: Registry minecraft:point_of_interest_type Sync: ACTIVE -> STAGING
[12:03:23] [Render thread/DEBUG] [ne.mi.re.ForgeRegistry/REGISTRIES]: Registry minecraft:memory_module_type Sync: ACTIVE -> STAGING
[12:03:23] [Render thread/DEBUG] [ne.mi.re.ForgeRegistry/REGISTRIES]: Registry minecraft:sensor_type Sync: ACTIVE -> STAGING
[12:03:23] [Render thread/DEBUG] [ne.mi.re.ForgeRegistry/REGISTRIES]: Registry minecraft:schedule Sync: ACTIVE -> STAGING
[12:03:23] [Render thread/DEBUG] [ne.mi.re.ForgeRegistry/REGISTRIES]: Registry minecraft:activity Sync: ACTIVE -> STAGING
[12:03:23] [Render thread/DEBUG] [ne.mi.re.ForgeRegistry/REGISTRIES]: Registry minecraft:worldgen/carver Sync: ACTIVE -> STAGING
[12:03:23] [Render thread/DEBUG] [ne.mi.re.ForgeRegistry/REGISTRIES]: Registry minecraft:worldgen/feature Sync: ACTIVE -> STAGING
[12:03:23] [Render thread/DEBUG] [ne.mi.re.ForgeRegistry/REGISTRIES]: Registry minecraft:chunk_status Sync: ACTIVE -> STAGING
[12:03:23] [Render thread/DEBUG] [ne.mi.re.ForgeRegistry/REGISTRIES]: Registry minecraft:worldgen/block_state_provider_type Sync: ACTIVE -> STAGING
[12:03:23] [Render thread/DEBUG] [ne.mi.re.ForgeRegistry/REGISTRIES]: Registry minecraft:worldgen/foliage_placer_type Sync: ACTIVE -> STAGING
[12:03:23] [Render thread/DEBUG] [ne.mi.re.ForgeRegistry/REGISTRIES]: Registry minecraft:worldgen/tree_decorator_type Sync: ACTIVE -> STAGING
[12:03:23] [Render thread/DEBUG] [ne.mi.re.ForgeRegistry/REGISTRIES]: Registry minecraft:worldgen/biome Sync: ACTIVE -> STAGING
[12:03:23] [Render thread/DEBUG] [ne.mi.re.ForgeRegistry/REGISTRIES]: Registry betterdays:time_effect Sync: ACTIVE -> STAGING
[12:03:23] [Render thread/DEBUG] [ne.mi.re.ForgeRegistry/REGISTRIES]: Registry lithostitched:modifier_type Sync: ACTIVE -> STAGING
[12:03:23] [Render thread/DEBUG] [ne.mi.re.ForgeRegistry/REGISTRIES]: Registry lithostitched:modifier_predicate_type Sync: ACTIVE -> STAGING
[12:03:23] [Render thread/DEBUG] [ne.mi.re.ForgeRegistry/REGISTRIES]: Registry lithostitched:placement_condition_type Sync: ACTIVE -> STAGING
[12:03:23] [Render thread/DEBUG] [ne.mi.re.ForgeRegistry/REGISTRIES]: Registry lithostitched:processor_condition_type Sync: ACTIVE -> STAGING
[12:03:23] [Render thread/DEBUG] [ne.mi.re.ForgeRegistry/REGISTRIES]: Registry forge:entity_data_serializers Sync: ACTIVE -> STAGING
[12:03:23] [Render thread/DEBUG] [ne.mi.re.ForgeRegistry/REGISTRIES]: Registry forge:global_loot_modifier_serializers Sync: ACTIVE -> STAGING
[12:03:23] [Render thread/DEBUG] [ne.mi.re.ForgeRegistry/REGISTRIES]: Registry forge:biome_modifier_serializers Sync: ACTIVE -> STAGING
[12:03:23] [Render thread/DEBUG] [ne.mi.re.ForgeRegistry/REGISTRIES]: Registry forge:fluid_type Sync: ACTIVE -> STAGING
[12:03:23] [Render thread/DEBUG] [ne.mi.re.ForgeRegistry/REGISTRIES]: Registry forge:structure_modifier_serializers Sync: ACTIVE -> STAGING
[12:03:23] [Render thread/DEBUG] [ne.mi.re.ForgeRegistry/REGISTRIES]: Registry forge:holder_set_type Sync: ACTIVE -> STAGING
[12:03:23] [Render thread/DEBUG] [ne.mi.re.ForgeRegistry/REGISTRIES]: Registry forge:display_contexts Sync: ACTIVE -> STAGING
[12:03:23] [Render thread/DEBUG] [ne.mi.re.ObjectHolderRegistry/REGISTRIES]: Applying holder lookups
[12:03:23] [Render thread/DEBUG] [ne.mi.re.ObjectHolderRegistry/REGISTRIES]: Holder lookups applied
[12:03:23] [Render thread/DEBUG] [ne.mi.se.ServerLifecycleHooks/CORE]: Generating PackInfo named mod:betterdays for mod file C:\Users\matga\.gradle\caches\forge_gradle\deobf_dependencies\curse\maven\betterdays-895618\7046761_mapped_official_1.20.1\betterdays-895618-7046761_mapped_official_1.20.1.jar
[12:03:23] [Render thread/DEBUG] [ne.mi.se.ServerLifecycleHooks/CORE]: Generating PackInfo named mod:crackerslib for mod file C:\Users\matga\.gradle\caches\forge_gradle\deobf_dependencies\nonamecrackers2\crackerslib-forge\1.20.1-0.4.6_mapped_official_1.20.1\crackerslib-forge-1.20.1-0.4.6_mapped_official_1.20.1.jar
[12:03:23] [Render thread/DEBUG] [ne.mi.se.ServerLifecycleHooks/CORE]: Generating PackInfo named mod:mixinextras for mod file 
[12:03:23] [Render thread/DEBUG] [ne.mi.se.ServerLifecycleHooks/CORE]: Generating PackInfo named mod:coolrain for mod file C:\Users\matga\.gradle\caches\forge_gradle\deobf_dependencies\curse\maven\cool-rain-reforged-1346978\7270440_mapped_official_1.20.1\cool-rain-reforged-1346978-7270440_mapped_official_1.20.1.jar
[12:03:23] [Render thread/DEBUG] [ne.mi.se.ServerLifecycleHooks/CORE]: Generating PackInfo named mod:glitchcore for mod file C:\Users\matga\.gradle\caches\forge_gradle\deobf_dependencies\curse\maven\glitchcore-955399\5787839_mapped_official_1.20.1\glitchcore-955399-5787839_mapped_official_1.20.1.jar
[12:03:23] [Render thread/DEBUG] [ne.mi.se.ServerLifecycleHooks/CORE]: Generating PackInfo named mod:sereneseasons for mod file C:\Users\matga\.gradle\caches\forge_gradle\deobf_dependencies\curse\maven\serene-seasons-291874\8246702_mapped_official_1.20.1\serene-seasons-291874-8246702_mapped_official_1.20.1.jar
[12:03:23] [Render thread/DEBUG] [ne.mi.se.ServerLifecycleHooks/CORE]: Generating PackInfo named mod:jade for mod file C:\Users\matga\.gradle\caches\forge_gradle\deobf_dependencies\curse\maven\jade-324717\6271651_mapped_official_1.20.1\jade-324717-6271651_mapped_official_1.20.1.jar
[12:03:23] [Render thread/DEBUG] [ne.mi.se.ServerLifecycleHooks/CORE]: Generating PackInfo named mod:architectury for mod file C:\Users\matga\.gradle\caches\forge_gradle\deobf_dependencies\curse\maven\architectury-api-419699\5137938_mapped_official_1.20.1\architectury-api-419699-5137938_mapped_official_1.20.1.jar
[12:03:23] [Render thread/DEBUG] [ne.mi.se.ServerLifecycleHooks/CORE]: Generating PackInfo named mod:whitenoise for mod file 
[12:03:23] [Render thread/DEBUG] [ne.mi.se.ServerLifecycleHooks/CORE]: Generating PackInfo named mod:jei for mod file C:\Users\matga\.gradle\caches\forge_gradle\deobf_dependencies\mezz\jei\jei-1.20.1-forge\15.8.2.26_mapped_official_1.20.1\jei-1.20.1-forge-15.8.2.26_mapped_official_1.20.1.jar
[12:03:23] [Render thread/DEBUG] [ne.mi.se.ServerLifecycleHooks/CORE]: Generating PackInfo named mod:lithostitched for mod file C:\Users\matga\.gradle\caches\forge_gradle\deobf_dependencies\curse\maven\lithostitched-936015\6742615_mapped_official_1.20.1\lithostitched-936015-6742615_mapped_official_1.20.1.jar
[12:03:23] [Render thread/DEBUG] [ne.mi.se.ServerLifecycleHooks/CORE]: Generating PackInfo named mod:cloth_config for mod file C:\Users\matga\.gradle\caches\forge_gradle\deobf_dependencies\curse\maven\cloth-config-348521\5729105_mapped_official_1.20.1\cloth-config-348521-5729105_mapped_official_1.20.1.jar
[12:03:23] [Render thread/DEBUG] [ne.mi.se.ServerLifecycleHooks/CORE]: Generating PackInfo named mod:spark for mod file C:\Users\matga\.gradle\caches\forge_gradle\deobf_dependencies\curse\maven\spark-361579\4738952_mapped_official_1.20.1\spark-361579-4738952_mapped_official_1.20.1.jar
[12:03:23] [Render thread/DEBUG] [ne.mi.se.ServerLifecycleHooks/CORE]: Generating PackInfo named mod:gaboulibs for mod file C:\Users\matga\.gradle\caches\forge_gradle\deobf_dependencies\curse\maven\gabous-libs-1367332\8280104_mapped_official_1.20.1\gabous-libs-1367332-8280104_mapped_official_1.20.1.jar
[12:03:23] [Render thread/DEBUG] [ne.mi.se.ServerLifecycleHooks/CORE]: Generating PackInfo named mod:forge for mod file /
[12:03:23] [Render thread/DEBUG] [ne.mi.se.ServerLifecycleHooks/CORE]: Generating PackInfo named mod:embeddium for mod file C:\Users\matga\.gradle\caches\forge_gradle\deobf_dependencies\curse\maven\embeddium-908741\5681725_mapped_official_1.20.1\embeddium-908741-5681725_mapped_official_1.20.1.jar
[12:03:23] [Render thread/DEBUG] [ne.mi.se.ServerLifecycleHooks/CORE]: Generating PackInfo named mod:chloride for mod file C:\Users\matga\.gradle\caches\forge_gradle\deobf_dependencies\curse\maven\chloride-931925\6615986_mapped_official_1.20.1\chloride-931925-6615986_mapped_official_1.20.1.jar
[12:03:23] [Render thread/DEBUG] [ne.mi.se.ServerLifecycleHooks/CORE]: Generating PackInfo named mod:projectatmosphere for mod file G:\Project-Atmosphere\build\resources\main
[12:03:23] [Render thread/DEBUG] [ne.mi.se.ServerLifecycleHooks/CORE]: Generating PackInfo named mod:sereneseasonsplus for mod file C:\Users\matga\.gradle\caches\forge_gradle\deobf_dependencies\curse\maven\serene-seasons-plus-1288843\8244461_mapped_official_1.20.1\serene-seasons-plus-1288843-8244461_mapped_official_1.20.1.jar
[12:03:23] [Render thread/DEBUG] [ne.mi.se.ServerLifecycleHooks/CORE]: Generating PackInfo named mod:tectonic for mod file G:\Project-Atmosphere\libs\tectonic-3.0.17-forge-1.20.1-dev.jar
[12:03:24] [Render thread/DEBUG] [mixin/]: Mixing MixinLootDataManager from architectury.mixins.json into net.minecraft.world.level.storage.loot.LootDataManager
[12:03:24] [Render thread/DEBUG] [mixin/]: Mixing client.MixinCommandSourceStack from architectury.mixins.json into net.minecraft.commands.CommandSourceStack
[12:03:24] [Render thread/DEBUG] [ne.mi.co.tr.CoreModBaseTransformer/COREMOD]: Transforming net/minecraft/server/commands/SummonCommand
[12:03:24] [Render thread/DEBUG] [mixin/]: Mixing WeatherCommandMixin from projectatmosphere.mixins.json into net.minecraft.server.commands.WeatherCommand
[12:03:24] [Worker-Main-3/DEBUG] [ne.mi.co.tr.CoreModBaseTransformer/COREMOD]: Transforming net/minecraft/world/entity/raid/Raid
[12:03:24] [Render thread/INFO] [minecraft/RecipeManager]: Loaded 7 recipes
[12:03:24] [Render thread/INFO] [minecraft/AdvancementList]: Loaded 1273 advancements
[12:03:24] [Render thread/INFO] [projectatmosphere/]: [Atmosphere] Loading state -> active=false, stage=WAITING_FOR_SERVER, progress=null, source=client_logout
[12:03:24] [Render thread/DEBUG] [WhiteNoise/CONFIG]: Unloading server configs
[12:03:24] [Render thread/DEBUG] [ne.mi.co.ForgeHooks/WP]: Gathering id map for writing to world save SimpleCloud created then removed
[12:03:24] [Render thread/DEBUG] [ne.mi.co.ForgeHooks/WP]: ID Map collection complete SimpleCloud created then removed
[12:03:24] [Server thread/INFO] [minecraft/IntegratedServer]: Starting integrated minecraft server version 1.20.1
[12:03:24] [Server thread/INFO] [minecraft/MinecraftServer]: Generating keypair
[12:03:24] [Server thread/DEBUG] [ne.mi.fm.co.ConfigTracker/CONFIG]: Loading configs type SERVER
[12:03:24] [Server thread/DEBUG] [ne.mi.fm.co.ConfigFileTypeHandler/CONFIG]: Built TOML config for .\saves\SimpleCloud created then removed\serverconfig\jei-server.toml
[12:03:24] [Server thread/DEBUG] [ne.mi.fm.co.ConfigFileTypeHandler/CONFIG]: Loaded TOML config file .\saves\SimpleCloud created then removed\serverconfig\jei-server.toml
[12:03:24] [Server thread/DEBUG] [ne.mi.fm.co.ConfigFileTypeHandler/CONFIG]: Watching TOML config file .\saves\SimpleCloud created then removed\serverconfig\jei-server.toml for changes
[12:03:24] [Server thread/DEBUG] [ne.mi.fm.co.ConfigFileTypeHandler/CONFIG]: Built TOML config for .\saves\SimpleCloud created then removed\serverconfig\forge-server.toml
[12:03:24] [Server thread/DEBUG] [ne.mi.fm.co.ConfigFileTypeHandler/CONFIG]: Loaded TOML config file .\saves\SimpleCloud created then removed\serverconfig\forge-server.toml
[12:03:24] [Server thread/DEBUG] [ne.mi.fm.co.ConfigFileTypeHandler/CONFIG]: Watching TOML config file .\saves\SimpleCloud created then removed\serverconfig\forge-server.toml for changes
[12:03:24] [Server thread/DEBUG] [ne.mi.co.ForgeConfig/FORGEMOD]: Loaded forge config file forge-server.toml
[12:03:24] [Server thread/DEBUG] [WhiteNoise/CONFIG]: Loading server configs from .\saves\SimpleCloud created then removed\serverconfig on server
[12:03:24] [Server thread/DEBUG] [WhiteNoise/CONFIG]: Built TOML config for G:\Project-Atmosphere\run\config\betterdays-client.toml
[12:03:24] [Server thread/DEBUG] [WhiteNoise/CONFIG]: Loaded TOML config file G:\Project-Atmosphere\run\config\betterdays-client.toml
[12:03:24] [Server thread/DEBUG] [WhiteNoise/CONFIG]: Built TOML config for G:\Project-Atmosphere\run\config\betterdays-common.toml
[12:03:24] [Server thread/DEBUG] [WhiteNoise/CONFIG]: Loaded TOML config file G:\Project-Atmosphere\run\config\betterdays-common.toml
[12:03:24] [Server thread/DEBUG] [WhiteNoise/CONFIG]: Built TOML config for G:\Project-Atmosphere\run\config\whitenoise-client.toml
[12:03:24] [Server thread/DEBUG] [WhiteNoise/CONFIG]: Loaded TOML config file G:\Project-Atmosphere\run\config\whitenoise-client.toml
[12:03:24] [Server thread/INFO] [spark/]: Starting background profiler...
[12:03:24] [Server thread/INFO] [spark/]: The async-profiler engine is not supported for your os/arch (windows11/amd64), so the built-in Java engine will be used instead.
[12:03:24] [Server thread/DEBUG] [ne.mi.co.tr.CoreModBaseTransformer/COREMOD]: Transforming net/minecraft/world/level/levelgen/PhantomSpawner
[12:03:24] [Server thread/DEBUG] [ne.mi.co.tr.CoreModBaseTransformer/COREMOD]: Transforming net/minecraft/world/level/levelgen/PatrolSpawner
[12:03:24] [Render thread/INFO] [projectatmosphere/]: [Atmosphere] Loading state -> active=true, stage=WAITING_FOR_SERVER, progress=null, source=loading_screen_render_fallback
[12:03:24] [Server thread/DEBUG] [ne.mi.co.tr.CoreModBaseTransformer/COREMOD]: Transforming net/minecraft/world/entity/npc/CatSpawner
[12:03:24] [Server thread/DEBUG] [ne.mi.co.tr.CoreModBaseTransformer/COREMOD]: Transforming net/minecraft/world/entity/ai/village/VillageSiege
[12:03:24] [Server thread/DEBUG] [mixin/]: Mixing IOWorkerMixin from tectonic.mixins.json into net.minecraft.world.level.chunk.storage.IOWorker
[12:03:25] [Server thread/DEBUG] [mixin/]: Mixing common.ChunkMapMixin from lithostitched.mixins.json into net.minecraft.server.level.ChunkMap
[12:03:25] [Server thread/DEBUG] [mixin/]: Renaming synthetic method lambda$wrapNoiseRouter$0(Lnet/minecraft/server/level/ServerLevel;Ldev/worldgen/lithostitched/worldgen/modifier/Modifier;)Z to md5f9133$lambda$wrapNoiseRouter$0$0 in lithostitched.mixins.json:common.ChunkMapMixin
[12:03:25] [Server thread/DEBUG] [mixin/]: Mixing ProtoChunkSnowMixin from sereneseasonsplus.mixins.json into net.minecraft.world.level.chunk.ProtoChunk
[12:03:25] [Server thread/DEBUG] [mixin/]: Mixing common.RandomStateAccessor from lithostitched.mixins.json into net.minecraft.world.level.levelgen.RandomState
[12:03:25] [Server thread/DEBUG] [mixin/]: Mixing NoisesMixin from tectonic.mixins.json into net.minecraft.world.level.levelgen.Noises
[12:03:25] [Server thread/DEBUG] [mixin/]: Mixing core.world.chunk.PackedIntegerArrayMixin from embeddium.mixins.json into net.minecraft.util.SimpleBitStorage
[12:03:26] [Server thread/INFO] [minecraft/MinecraftServer]: Preparing start region for dimension minecraft:overworld
[12:03:26] [Server thread/DEBUG] [mixin/]: Mixing MixinChunkSerializer from architectury.mixins.json into net.minecraft.world.level.chunk.storage.ChunkSerializer
[12:03:26] [Server thread/DEBUG] [mixin/]: Mixing ChunkSerializerSnowMixin from sereneseasonsplus.mixins.json into net.minecraft.world.level.chunk.storage.ChunkSerializer
[12:03:26] [Server thread/DEBUG] [mixin/]: Mixing ChunkSerializerMixin from tectonic_1.20.1.mixins.json into net.minecraft.world.level.chunk.storage.ChunkSerializer
[12:03:26] [Server thread/DEBUG] [mixin/]: Mixing core.world.chunk.PalettedContainerMixin from embeddium.mixins.json into net.minecraft.world.level.chunk.PalettedContainer
[12:03:26] [Server thread/DEBUG] [mixin/]: Mixing core.world.chunk.EmptyPaletteStorageMixin from embeddium.mixins.json into net.minecraft.util.ZeroBitStorage
[12:03:26] [Server thread/DEBUG] [ne.mi.co.tr.CoreModBaseTransformer/COREMOD]: Transforming net/minecraft/world/level/levelgen/structure/templatesystem/StructureTemplate
[12:03:26] [Server thread/DEBUG] [mixin/]: Mixing common.StructureTemplateMixin from lithostitched.mixins.json into net.minecraft.world.level.levelgen.structure.templatesystem.StructureTemplate
[12:03:27] [Render thread/INFO] [minecraft/LoggerChunkProgressListener]: Preparing spawn area: 0%
[12:03:27] [Render thread/INFO] [minecraft/LoggerChunkProgressListener]: Preparing spawn area: 0%
[12:03:27] [Render thread/INFO] [minecraft/LoggerChunkProgressListener]: Preparing spawn area: 0%
[12:03:27] [Render thread/INFO] [minecraft/LoggerChunkProgressListener]: Preparing spawn area: 0%
[12:03:28] [Server thread/INFO] [ne.mi.se.pe.PermissionAPI/]: Successfully initialized permission handler forge:default_handler
[12:03:28] [Server thread/INFO] [sereneseasonsplus/]: Serene Seasons Extended is loading!
[12:03:28] [Render thread/INFO] [minecraft/LoggerChunkProgressListener]: Time elapsed: 1984 ms
[12:03:28] [Server thread/INFO] [projectatmosphere/]: [AsyncAtmosphere] init(split)  | cpu=24 mem=16312MB gpuOK=true | weather(core=3,max=5,q=1024) storm(core=3,max=5,q=1024)
[12:03:28] [Server thread/INFO] [projectatmosphere/]: [AsyncAtmosphere] client(core=1,q=256) | profile.gpu='N/A (Server)'
[12:03:28] [Server thread/INFO] [projectatmosphere/]: [Atmosphere] Simple Clouds absent; using native PA cloud service.
[12:03:28] [Server thread/INFO] [ForgeEnvironmentHelper/]: Season changed to: LATE_SUMMER
[12:03:28] [Server thread/WARN] [projectatmosphere/]: Sea level requested before initialization; defaulting to 60f.
[12:03:28] [Server thread/INFO] [projectatmosphere/]: [Atmosphere] Loading state -> active=true, stage=DESIGNING_FORECAST_REGIONS, progress=0.1, source=server_start_begin
[12:03:28] [Server thread/DEBUG] [io.ne.bu.AbstractByteBuf/]: -Dio.netty.buffer.checkAccessible: true
[12:03:28] [Server thread/DEBUG] [io.ne.bu.AbstractByteBuf/]: -Dio.netty.buffer.checkBounds: true
[12:03:28] [Server thread/DEBUG] [io.ne.ut.ResourceLeakDetectorFactory/]: Loaded default ResourceLeakDetector: io.netty.util.ResourceLeakDetector@6732ed92
[12:03:28] [Server thread/INFO] [projectatmosphere/]: [Atmosphere] Loading state -> active=true, stage=DESIGNING_FORECAST_REGIONS, progress=0.18, source=server_start_saved_regions
[12:03:28] [Server thread/INFO] [projectatmosphere/]: [Atmosphere] Loading state -> active=true, stage=PREPARING_WEATHER_SYSTEMS, progress=0.88, source=server_start_initialize_systems
[12:03:28] [WeatherMgr-1/INFO] [projectatmosphere/]: [Ocean] Detected 3 basins
[12:03:28] [Server thread/INFO] [projectatmosphere/]: BiomeSampler initialized with live biome source.
[12:03:28] [Server thread/DEBUG] [ne.mi.co.tr.CoreModBaseTransformer/COREMOD]: Transforming net/minecraft/world/level/NaturalSpawner
[12:03:28] [Server thread/INFO] [minecraft/IntegratedServer]: Changing view distance to 32, from 10
[12:03:28] [Server thread/INFO] [minecraft/IntegratedServer]: Changing simulation distance to 32, from 0
[12:03:28] [Render thread/DEBUG] [io.ne.ch.MultithreadEventLoopGroup/]: -Dio.netty.eventLoopThreads: 48
[12:03:28] [Server thread/DEBUG] [mixin/]: Mixing SeasonHooksMixin from projectatmosphere.mixins.json into sereneseasons.season.SeasonHooks
[12:03:28] [Server thread/DEBUG] [mixin/]: Mixing SeasonHooksMixin from sereneseasonsplus.mixins.json into sereneseasons.season.SeasonHooks
[12:03:28] [Render thread/DEBUG] [io.ne.ut.in.InternalThreadLocalMap/]: -Dio.netty.threadLocalMap.stringBuilder.initialSize: 1024
[12:03:28] [Render thread/DEBUG] [io.ne.ut.in.InternalThreadLocalMap/]: -Dio.netty.threadLocalMap.stringBuilder.maxSize: 4096
[12:03:28] [Render thread/DEBUG] [io.ne.ch.ni.NioEventLoop/]: -Dio.netty.noKeySetOptimization: false
[12:03:28] [Render thread/DEBUG] [io.ne.ch.ni.NioEventLoop/]: -Dio.netty.selectorAutoRebuildThreshold: 512
[12:03:28] [Render thread/DEBUG] [io.ne.ut.in.PlatformDependent/]: org.jctools-core.MpscChunkedArrayQueue: available
[12:03:28] [Render thread/DEBUG] [io.ne.ch.DefaultChannelId/]: -Dio.netty.processId: 44668 (auto-detected)
[12:03:28] [Render thread/WARN] [io.ne.ut.in.SystemPropertyUtil/]: Unable to parse the boolean system property 'java.net.preferIPv6Addresses':system - using the default value: false
[12:03:28] [Render thread/DEBUG] [io.ne.ut.NetUtil/]: -Djava.net.preferIPv4Stack: false
[12:03:28] [Render thread/DEBUG] [io.ne.ut.NetUtil/]: -Djava.net.preferIPv6Addresses: false
[12:03:28] [Render thread/DEBUG] [io.ne.ut.NetUtilInitializations/]: Loopback interface: lo (Software Loopback Interface 1, 127.0.0.1)
[12:03:28] [Render thread/DEBUG] [io.ne.ut.NetUtil/]: Failed to get SOMAXCONN from sysctl and file \proc\sys\net\core\somaxconn. Default: 200
[12:03:28] [Render thread/DEBUG] [io.ne.ch.DefaultChannelId/]: -Dio.netty.machineId: e8:c8:29:ff:fe:3e:37:f8 (auto-detected)
[12:03:28] [Render thread/DEBUG] [io.ne.bu.PooledByteBufAllocator/]: -Dio.netty.allocator.numHeapArenas: 48
[12:03:28] [Render thread/DEBUG] [io.ne.bu.PooledByteBufAllocator/]: -Dio.netty.allocator.numDirectArenas: 48
[12:03:28] [Render thread/DEBUG] [io.ne.bu.PooledByteBufAllocator/]: -Dio.netty.allocator.pageSize: 8192
[12:03:28] [Render thread/DEBUG] [io.ne.bu.PooledByteBufAllocator/]: -Dio.netty.allocator.maxOrder: 9
[12:03:28] [Render thread/DEBUG] [io.ne.bu.PooledByteBufAllocator/]: -Dio.netty.allocator.chunkSize: 4194304
[12:03:28] [Render thread/DEBUG] [io.ne.bu.PooledByteBufAllocator/]: -Dio.netty.allocator.smallCacheSize: 256
[12:03:28] [Render thread/DEBUG] [io.ne.bu.PooledByteBufAllocator/]: -Dio.netty.allocator.normalCacheSize: 64
[12:03:28] [Render thread/DEBUG] [io.ne.bu.PooledByteBufAllocator/]: -Dio.netty.allocator.maxCachedBufferCapacity: 32768
[12:03:28] [Render thread/DEBUG] [io.ne.bu.PooledByteBufAllocator/]: -Dio.netty.allocator.cacheTrimInterval: 8192
[12:03:28] [Render thread/DEBUG] [io.ne.bu.PooledByteBufAllocator/]: -Dio.netty.allocator.cacheTrimIntervalMillis: 0
[12:03:28] [Render thread/DEBUG] [io.ne.bu.PooledByteBufAllocator/]: -Dio.netty.allocator.useCacheForAllThreads: false
[12:03:28] [Render thread/DEBUG] [io.ne.bu.PooledByteBufAllocator/]: -Dio.netty.allocator.maxCachedByteBuffersPerChunk: 1023
[12:03:28] [Render thread/DEBUG] [io.ne.bu.ByteBufUtil/]: -Dio.netty.allocator.type: pooled
[12:03:28] [Render thread/DEBUG] [io.ne.bu.ByteBufUtil/]: -Dio.netty.threadLocalDirectBufferSize: 0
[12:03:28] [Render thread/DEBUG] [io.ne.bu.ByteBufUtil/]: -Dio.netty.maxThreadLocalCharBufferSize: 16384
[12:03:28] [Netty Local Client IO #0/DEBUG] [ne.mi.ne.HandshakeHandler/FMLHANDSHAKE]: Starting local connection.
[12:03:28] [Netty Local Client IO #0/DEBUG] [io.ne.ut.Recycler/]: -Dio.netty.recycler.maxCapacityPerThread: 4096
[12:03:28] [Netty Local Client IO #0/DEBUG] [io.ne.ut.Recycler/]: -Dio.netty.recycler.ratio: 8
[12:03:28] [Netty Local Client IO #0/DEBUG] [io.ne.ut.Recycler/]: -Dio.netty.recycler.chunkSize: 32
[12:03:28] [Netty Local Client IO #0/DEBUG] [io.ne.ut.Recycler/]: -Dio.netty.recycler.blocking: false
[12:03:28] [Netty Server IO #1/DEBUG] [ne.mi.ne.HandshakeHandler/FMLHANDSHAKE]: Starting local connection.
[12:03:28] [Server thread/DEBUG] [ne.mi.ne.HandshakeHandler/FMLHANDSHAKE]: Sending ticking packet info 'net.minecraftforge.network.HandshakeMessages$S2CModData' to 'fml:handshake' sequence 0
[12:03:28] [Netty Local Client IO #0/DEBUG] [ne.mi.ne.LoginWrapper/FMLHANDSHAKE]: Recieved login wrapper packet event for channel fml:handshake with index 0
[12:03:29] [Server thread/DEBUG] [ne.mi.ne.HandshakeHandler/FMLHANDSHAKE]: Sending ticking packet info 'net.minecraftforge.network.HandshakeMessages$S2CModList' to 'fml:handshake' sequence 1
[12:03:29] [Netty Local Client IO #0/DEBUG] [ne.mi.ne.LoginWrapper/FMLHANDSHAKE]: Recieved login wrapper packet event for channel fml:handshake with index 1
[12:03:29] [Netty Local Client IO #0/DEBUG] [ne.mi.ne.HandshakeHandler/FMLHANDSHAKE]: Logging into server with mod list [betterdays, minecraft, crackerslib, mixinextras, coolrain, glitchcore, sereneseasons, jade, architectury, whitenoise, jei, lithostitched, cloth_config, spark, gaboulibs, forge, embeddium, rubidium, chloride, projectatmosphere, sereneseasonsplus, tectonic]
[12:03:29] [Netty Local Client IO #0/DEBUG] [ne.mi.ne.NetworkRegistry/NETREGISTRY]: Channel 'fml:loginwrapper' : Version test of 'FML3' from server : ACCEPTED
[12:03:29] [Netty Local Client IO #0/DEBUG] [ne.mi.ne.NetworkRegistry/NETREGISTRY]: Channel 'forge:tier_sorting' : Version test of '1.0' from server : ACCEPTED
[12:03:29] [Netty Local Client IO #0/DEBUG] [ne.mi.ne.NetworkRegistry/NETREGISTRY]: Channel 'whitenoise:main' : Version test of '1' from server : ACCEPTED
[12:03:29] [Netty Local Client IO #0/DEBUG] [ne.mi.ne.NetworkRegistry/NETREGISTRY]: Channel 'coolrain:main' : Version test of '1' from server : ACCEPTED
[12:03:29] [Netty Local Client IO #0/DEBUG] [ne.mi.ne.NetworkRegistry/NETREGISTRY]: Channel 'architectury:network' : Version test of '1' from server : ACCEPTED
[12:03:29] [Netty Local Client IO #0/DEBUG] [ne.mi.ne.NetworkRegistry/NETREGISTRY]: Channel 'projectatmosphere:main' : Version test of '8' from server : ACCEPTED
[12:03:29] [Netty Local Client IO #0/DEBUG] [ne.mi.ne.NetworkRegistry/NETREGISTRY]: Channel 'jei:channel' : Version test of '1.0.0' from server : ACCEPTED
[12:03:29] [Netty Local Client IO #0/DEBUG] [ne.mi.ne.NetworkRegistry/NETREGISTRY]: Channel 'glitchcore:config_sync' : Version test of '1' from server : ACCEPTED
[12:03:29] [Netty Local Client IO #0/DEBUG] [ne.mi.ne.NetworkRegistry/NETREGISTRY]: Channel 'minecraft:unregister' : Version test of 'FML3' from server : ACCEPTED
[12:03:29] [Netty Local Client IO #0/DEBUG] [ne.mi.ne.NetworkRegistry/NETREGISTRY]: Channel 'fml:play' : Version test of 'FML3' from server : ACCEPTED
[12:03:29] [Netty Local Client IO #0/DEBUG] [ne.mi.ne.NetworkRegistry/NETREGISTRY]: Channel 'sereneseasons:main' : Version test of '1' from server : ACCEPTED
[12:03:29] [Netty Local Client IO #0/DEBUG] [ne.mi.ne.NetworkRegistry/NETREGISTRY]: Channel 'fml:handshake' : Version test of 'FML3' from server : ACCEPTED
[12:03:29] [Netty Local Client IO #0/DEBUG] [ne.mi.ne.NetworkRegistry/NETREGISTRY]: Channel 'gaboulibs:auth' : Version test of '1' from server : ACCEPTED
[12:03:29] [Netty Local Client IO #0/DEBUG] [ne.mi.ne.NetworkRegistry/NETREGISTRY]: Channel 'minecraft:register' : Version test of 'FML3' from server : ACCEPTED
[12:03:29] [Netty Local Client IO #0/DEBUG] [ne.mi.ne.NetworkRegistry/NETREGISTRY]: Channel 'forge:split' : Version test of '1.1' from server : ACCEPTED
[12:03:29] [Netty Local Client IO #0/DEBUG] [ne.mi.ne.NetworkRegistry/NETREGISTRY]: Channel 'jade:networking' : Version test of '2' from server : ACCEPTED
[12:03:29] [Netty Local Client IO #0/DEBUG] [ne.mi.ne.NetworkRegistry/NETREGISTRY]: Accepting channel list from server
[12:03:29] [Netty Local Client IO #0/DEBUG] [ne.mi.ne.LoginWrapper/FMLHANDSHAKE]: Dispatching wrapped packet reply for channel fml:handshake with index 1
[12:03:29] [Netty Local Client IO #0/DEBUG] [ne.mi.ne.HandshakeHandler/FMLHANDSHAKE]: Accepted server connection
[12:03:29] [Netty Server IO #1/DEBUG] [ne.mi.ne.LoginWrapper/FMLHANDSHAKE]: Recieved login wrapper packet event for channel fml:handshake with index 1
[12:03:29] [Netty Server IO #1/DEBUG] [ne.mi.ne.HandshakeHandler/FMLHANDSHAKE]: Received client indexed reply 1 of type net.minecraftforge.network.HandshakeMessages$C2SModListReply
[12:03:29] [Netty Server IO #1/DEBUG] [ne.mi.ne.HandshakeHandler/FMLHANDSHAKE]: Received client connection with modlist [betterdays, minecraft, crackerslib, mixinextras, coolrain, glitchcore, sereneseasons, jade, architectury, whitenoise, jei, lithostitched, cloth_config, spark, gaboulibs, forge, embeddium, rubidium, chloride, projectatmosphere, sereneseasonsplus, tectonic]
[12:03:29] [Netty Local Client IO #0/DEBUG] [ne.mi.ne.HandshakeHandler/REGISTRIES]: Expecting 20 registries: [minecraft:command_argument_type, minecraft:recipe_serializer, minecraft:sound_event, minecraft:particle_type, minecraft:villager_profession, minecraft:item, minecraft:potion, minecraft:painting_variant, forge:fluid_type, minecraft:block_entity_type, forge:display_contexts, minecraft:block, forge:entity_data_serializers, minecraft:mob_effect, minecraft:stat_type, betterdays:time_effect, minecraft:menu, minecraft:enchantment, minecraft:fluid, minecraft:entity_type]
[12:03:29] [Netty Server IO #1/DEBUG] [ne.mi.ne.NetworkRegistry/NETREGISTRY]: Channel 'fml:loginwrapper' : Version test of 'FML3' from client : ACCEPTED
[12:03:29] [Netty Server IO #1/DEBUG] [ne.mi.ne.NetworkRegistry/NETREGISTRY]: Channel 'forge:tier_sorting' : Version test of '1.0' from client : ACCEPTED
[12:03:29] [Netty Server IO #1/DEBUG] [ne.mi.ne.NetworkRegistry/NETREGISTRY]: Channel 'whitenoise:main' : Version test of '1' from client : ACCEPTED
[12:03:29] [Netty Server IO #1/DEBUG] [ne.mi.ne.NetworkRegistry/NETREGISTRY]: Channel 'coolrain:main' : Version test of '1' from client : ACCEPTED
[12:03:29] [Netty Server IO #1/DEBUG] [ne.mi.ne.NetworkRegistry/NETREGISTRY]: Channel 'architectury:network' : Version test of '1' from client : ACCEPTED
[12:03:29] [Netty Server IO #1/DEBUG] [ne.mi.ne.NetworkRegistry/NETREGISTRY]: Channel 'projectatmosphere:main' : Version test of '8' from client : ACCEPTED
[12:03:29] [Netty Server IO #1/DEBUG] [ne.mi.ne.NetworkRegistry/NETREGISTRY]: Channel 'jei:channel' : Version test of '1.0.0' from client : ACCEPTED
[12:03:29] [Netty Server IO #1/DEBUG] [ne.mi.ne.NetworkRegistry/NETREGISTRY]: Channel 'glitchcore:config_sync' : Version test of '1' from client : ACCEPTED
[12:03:29] [Netty Server IO #1/DEBUG] [ne.mi.ne.NetworkRegistry/NETREGISTRY]: Channel 'minecraft:unregister' : Version test of 'FML3' from client : ACCEPTED
[12:03:29] [Netty Server IO #1/DEBUG] [ne.mi.ne.NetworkRegistry/NETREGISTRY]: Channel 'fml:play' : Version test of 'FML3' from client : ACCEPTED
[12:03:29] [Netty Server IO #1/DEBUG] [ne.mi.ne.NetworkRegistry/NETREGISTRY]: Channel 'sereneseasons:main' : Version test of '1' from client : ACCEPTED
[12:03:29] [Netty Server IO #1/DEBUG] [ne.mi.ne.NetworkRegistry/NETREGISTRY]: Channel 'fml:handshake' : Version test of 'FML3' from client : ACCEPTED
[12:03:29] [Netty Server IO #1/DEBUG] [ne.mi.ne.NetworkRegistry/NETREGISTRY]: Channel 'gaboulibs:auth' : Version test of '1' from client : ACCEPTED
[12:03:29] [Netty Server IO #1/DEBUG] [ne.mi.ne.NetworkRegistry/NETREGISTRY]: Channel 'minecraft:register' : Version test of 'FML3' from client : ACCEPTED
[12:03:29] [Netty Server IO #1/DEBUG] [ne.mi.ne.NetworkRegistry/NETREGISTRY]: Channel 'forge:split' : Version test of '1.1' from client : ACCEPTED
[12:03:29] [Netty Server IO #1/DEBUG] [ne.mi.ne.NetworkRegistry/NETREGISTRY]: Channel 'jade:networking' : Version test of '2' from client : ACCEPTED
[12:03:29] [Netty Server IO #1/DEBUG] [ne.mi.ne.NetworkRegistry/NETREGISTRY]: Accepting channel list from client
[12:03:29] [Netty Server IO #1/DEBUG] [ne.mi.ne.HandshakeHandler/FMLHANDSHAKE]: Accepted client connection mod list
[12:03:29] [Server thread/DEBUG] [ne.mi.ne.HandshakeHandler/FMLHANDSHAKE]: Sending ticking packet info 'Config jei-server.toml' to 'fml:handshake' sequence 2
[12:03:29] [Netty Local Client IO #0/DEBUG] [ne.mi.ne.LoginWrapper/FMLHANDSHAKE]: Recieved login wrapper packet event for channel fml:handshake with index 2
[12:03:29] [Netty Local Client IO #0/DEBUG] [ne.mi.ne.HandshakeHandler/FMLHANDSHAKE]: Received config sync from server
[12:03:29] [Netty Local Client IO #0/DEBUG] [ne.mi.ne.LoginWrapper/FMLHANDSHAKE]: Dispatching wrapped packet reply for channel fml:handshake with index 2
[12:03:29] [Netty Server IO #1/DEBUG] [ne.mi.ne.LoginWrapper/FMLHANDSHAKE]: Recieved login wrapper packet event for channel fml:handshake with index 2
[12:03:29] [Netty Server IO #1/DEBUG] [ne.mi.ne.HandshakeHandler/FMLHANDSHAKE]: Received client indexed reply 2 of type net.minecraftforge.network.HandshakeMessages$C2SAcknowledge
[12:03:29] [Netty Server IO #1/DEBUG] [ne.mi.ne.HandshakeHandler/FMLHANDSHAKE]: Received acknowledgement from client
[12:03:29] [Server thread/DEBUG] [ne.mi.ne.HandshakeHandler/FMLHANDSHAKE]: Sending ticking packet info 'Config forge-server.toml' to 'fml:handshake' sequence 3
[12:03:29] [Netty Local Client IO #0/DEBUG] [ne.mi.ne.LoginWrapper/FMLHANDSHAKE]: Recieved login wrapper packet event for channel fml:handshake with index 3
[12:03:29] [Netty Local Client IO #0/DEBUG] [ne.mi.ne.HandshakeHandler/FMLHANDSHAKE]: Received config sync from server
[12:03:29] [Netty Local Client IO #0/DEBUG] [ne.mi.ne.LoginWrapper/FMLHANDSHAKE]: Dispatching wrapped packet reply for channel fml:handshake with index 3
[12:03:29] [Netty Server IO #1/DEBUG] [ne.mi.ne.LoginWrapper/FMLHANDSHAKE]: Recieved login wrapper packet event for channel fml:handshake with index 3
[12:03:29] [Netty Server IO #1/DEBUG] [ne.mi.ne.HandshakeHandler/FMLHANDSHAKE]: Received client indexed reply 3 of type net.minecraftforge.network.HandshakeMessages$C2SAcknowledge
[12:03:29] [Netty Server IO #1/DEBUG] [ne.mi.ne.HandshakeHandler/FMLHANDSHAKE]: Received acknowledgement from client
[12:03:29] [Server thread/DEBUG] [ne.mi.ne.HandshakeHandler/FMLHANDSHAKE]: Handshake complete!
[12:03:29] [Netty Local Client IO #0/INFO] [ne.mi.ne.NetworkHooks/]: Connected to a modded server.
[12:03:29] [Netty Local Client IO #0/DEBUG] [mixin/]: Mixing core.world.map.ClientPlayNetworkHandlerMixin from embeddium.mixins.json into net.minecraft.client.multiplayer.ClientPacketListener
[12:03:29] [Netty Local Client IO #0/DEBUG] [mixin/]: Mixing client.LoadingScreenMixin from projectatmosphere.mixins.json into net.minecraft.client.gui.screens.ReceivingLevelScreen
[12:03:29] [Netty Local Client IO #0/DEBUG] [mixin/]: Mixing core.gui.DownloadingTerrainScreenMixin from embeddium.mixins.json into net.minecraft.client.gui.screens.ReceivingLevelScreen
[12:03:29] [Server thread/INFO] [minecraft/PlayerList]: Dev[local:E:e529ad85] logged in with entity id 214 at (-4523.81261902053, 253.87331069820598, -2668.301650230745)
[12:03:29] [Render thread/DEBUG] [mixin/]: Mixing ParticlesMixins$FireworkStarterMixin from chloride.mixin.json into net.minecraft.client.particle.FireworkParticles$Starter
[12:03:29] [Render thread/DEBUG] [mixin/]: Mixing core.render.world.ChunkBuilderMixin from embeddium.mixins.json into net.minecraft.client.renderer.chunk.ChunkRenderDispatcher
[12:03:29] [Server thread/INFO] [minecraft/MinecraftServer]: Dev joined the game
[12:03:29] [Server thread/INFO] [gaboulibs/]: Skipping launcher/auth checks for Dev because the game is running in a development environment.
[12:03:29] [Server thread/INFO] [Jade/]: Syncing config to Dev (380df991-f603-344c-a090-369bad2a924a)
[12:03:29] [Server thread/INFO] [projectatmosphere/]: Player logged in!
[12:03:29] [Render thread/DEBUG] [mixin/]: Mixing core.postprocess.PostprocessorMixin from embeddium.mixins.json into me.jellysquid.mods.sodium.client.world.WorldSlice
[12:03:29] [Render thread/WARN] [mixin/]: Error loading class: net/fabricmc/fabric/api/blockview/v2/FabricBlockView (java.lang.ClassNotFoundException: net.fabricmc.fabric.api.blockview.v2.FabricBlockView)
[12:03:29] [Render thread/DEBUG] [mixin/]: Failed to resolve declared interface net/fabricmc/fabric/api/blockview/v2/FabricBlockView on me/jellysquid/mods/sodium/client/world/WorldSlice
[12:03:29] [Render thread/WARN] [mixin/]: Error loading class: net/fabricmc/fabric/api/rendering/data/v1/RenderAttachedBlockView (java.lang.ClassNotFoundException: net.fabricmc.fabric.api.rendering.data.v1.RenderAttachedBlockView)
[12:03:29] [Render thread/DEBUG] [mixin/]: Failed to resolve declared interface net/fabricmc/fabric/api/rendering/data/v1/RenderAttachedBlockView on me/jellysquid/mods/sodium/client/world/WorldSlice
[12:03:29] [Server thread/DEBUG] [projectatmosphere/]: [CloudCells] simulation manager loaded
[12:03:29] [Render thread/INFO] [ChunkBuilder/]: Started 10 worker threads
[12:03:29] [Render thread/INFO] [me.je.fo.st.StartEventObserver/]: JEI StartEventObserver received class net.minecraftforge.client.event.ClientPlayerNetworkEvent$LoggingIn
[12:03:29] [Render thread/INFO] [me.je.fo.st.StartEventObserver/]: JEI StartEventObserver transitioning state from DISABLED to ENABLED
[12:03:29] [Render thread/DEBUG] [mixin/]: Mixing FullTextSearchTreeMixin from jade.mixins.json into net.minecraft.client.searchtree.FullTextSearchTree
[12:03:29] [Render thread/DEBUG] [mixin/]: jade.mixins.json:FullTextSearchTreeMixin: Class version 61 required is higher than the class version supported by the current version of Mixin (JAVA_16 supports class version 60)
[12:03:29] [Render thread/INFO] [me.je.fo.st.StartEventObserver/]: JEI StartEventObserver received class net.minecraftforge.client.event.RecipesUpdatedEvent
[12:03:29] [Render thread/INFO] [me.je.fo.st.StartEventObserver/]: JEI StartEventObserver received class net.minecraftforge.event.TagsUpdatedEvent
[12:03:29] [Render thread/INFO] [me.je.fo.st.StartEventObserver/]: JEI StartEventObserver transitioning state from ENABLED to JEI_STARTED
[12:03:29] [Render thread/INFO] [me.je.co.ut.LoggedTimer/]: Starting JEI...
[12:03:29] [Render thread/INFO] [me.je.li.lo.PluginCaller/]: Registering item subtypes...
[12:03:29] [Render thread/DEBUG] [me.je.li.lo.PluginCallerTimerRunnable/]: Registering item subtypes: jei:minecraft...
[12:03:29] [Render thread/DEBUG] [me.je.li.lo.PluginCallerTimerRunnable/]: Registering item subtypes: jade:main...
[12:03:29] [Render thread/DEBUG] [me.je.li.lo.PluginCallerTimerRunnable/]: Registering item subtypes: jei:debug...
[12:03:29] [Render thread/DEBUG] [me.je.li.lo.PluginCallerTimerRunnable/]: Registering item subtypes: jei:gui...
[12:03:29] [Render thread/DEBUG] [me.je.li.lo.PluginCallerTimerRunnable/]: Registering item subtypes: jei:forge_gui...
[12:03:29] [Render thread/DEBUG] [me.je.li.lo.PluginCallerTimerRunnable/]: Registering item subtypes: jei:internal...
[12:03:29] [Render thread/INFO] [me.je.li.lo.PluginCaller/]: Registering item subtypes took 9.812 ms
[12:03:29] [Render thread/INFO] [me.je.li.lo.PluginCaller/]: Registering fluid subtypes...
[12:03:29] [Render thread/DEBUG] [me.je.li.lo.PluginCallerTimerRunnable/]: Registering fluid subtypes: jei:minecraft...
[12:03:29] [Render thread/DEBUG] [me.je.li.lo.PluginCallerTimerRunnable/]: Registering fluid subtypes: jade:main...
[12:03:29] [Render thread/DEBUG] [me.je.li.lo.PluginCallerTimerRunnable/]: Registering fluid subtypes: jei:debug...
[12:03:29] [Render thread/DEBUG] [me.je.li.lo.PluginCallerTimerRunnable/]: Registering fluid subtypes: jei:gui...
[12:03:29] [Render thread/DEBUG] [me.je.li.lo.PluginCallerTimerRunnable/]: Registering fluid subtypes: jei:forge_gui...
[12:03:29] [Render thread/DEBUG] [me.je.li.lo.PluginCallerTimerRunnable/]: Registering fluid subtypes: jei:internal...
[12:03:29] [Render thread/INFO] [me.je.li.lo.PluginCaller/]: Registering fluid subtypes took 2.867 ms
[12:03:29] [Render thread/INFO] [me.je.li.lo.PluginCaller/]: Registering ingredients...
[12:03:29] [Render thread/DEBUG] [me.je.li.lo.PluginCallerTimerRunnable/]: Registering ingredients: jei:minecraft...
[12:03:29] [Render thread/DEBUG] [me.je.li.pl.va.in.ItemStackListFactory/]: Added 348/348 new items from creative tab: Building Blocks
[12:03:29] [Render thread/DEBUG] [me.je.li.pl.va.in.ItemStackListFactory/]: Added 198/198 new items from creative tab: Colored Blocks
[12:03:29] [Render thread/DEBUG] [me.je.li.pl.va.in.ItemStackListFactory/]: Added 202/226 new items from creative tab: Natural Blocks
[12:03:29] [Render thread/DEBUG] [me.je.li.pl.va.in.ItemStackListFactory/]: Added 117/196 new items from creative tab: Functional Blocks
[12:03:29] [Render thread/DEBUG] [me.je.li.pl.va.in.ItemStackListFactory/]: Added 28/62 new items from creative tab: Redstone Blocks
[12:03:29] [Render thread/DEBUG] [me.je.li.pl.va.in.ItemStackListFactory/]: Skipping creative tab: 'Saved Hotbars' because it is type: HOTBAR
[12:03:29] [Render thread/DEBUG] [me.je.li.pl.va.in.ItemStackListFactory/]: Skipping creative tab: 'Search Items' because it is type: SEARCH
[12:03:29] [Render thread/DEBUG] [me.je.li.pl.va.in.ItemStackListFactory/]: Added 97/109 new items from creative tab: Tools & Utilities
[12:03:29] [Render thread/DEBUG] [me.je.li.pl.va.in.ItemStackListFactory/]: Added 86/97 new items from creative tab: Combat
[12:03:29] [Render thread/DEBUG] [me.je.li.pl.va.in.ItemStackListFactory/]: Added 173/176 new items from creative tab: Food & Drinks
[12:03:29] [Render thread/DEBUG] [me.je.li.pl.va.in.ItemStackListFactory/]: Added 231/245 new items from creative tab: Ingredients
[12:03:29] [Render thread/DEBUG] [me.je.li.pl.va.in.ItemStackListFactory/]: Added 76/76 new items from creative tab: Spawn Eggs
[12:03:29] [Render thread/WARN] [me.je.li.pl.va.in.ItemStackListFactory/]: Item Group has no display items and no search tab display items. Items from this group will be missing from the JEI ingredient list. Operator Utilities
[12:03:29] [Render thread/DEBUG] [me.je.li.pl.va.in.ItemStackListFactory/]: Skipping creative tab: 'Survival Inventory' because it is type: INVENTORY
[12:03:29] [Render thread/DEBUG] [me.je.li.pl.va.in.ItemStackListFactory/]: Added 2/2 new items from creative tab: Serene Seasons
[12:03:29] [Render thread/DEBUG] [me.je.li.pl.va.in.ItemStackListFactory/]: Added 16/16 new items from creative tab: Thermometer
[12:03:29] [Render thread/INFO] [me.je.li.lo.PluginCallerTimerRunnable/]: Registering ingredients: jei:minecraft took 85.52 milliseconds
[12:03:29] [Render thread/DEBUG] [me.je.li.lo.PluginCallerTimerRunnable/]: Registering ingredients: jade:main...
[12:03:29] [Render thread/DEBUG] [me.je.li.lo.PluginCallerTimerRunnable/]: Registering ingredients: jei:debug...
[12:03:29] [Render thread/DEBUG] [me.je.li.lo.PluginCallerTimerRunnable/]: Registering ingredients: jei:gui...
[12:03:29] [Render thread/DEBUG] [me.je.li.lo.PluginCallerTimerRunnable/]: Registering ingredients: jei:forge_gui...
[12:03:29] [Render thread/DEBUG] [me.je.li.lo.PluginCallerTimerRunnable/]: Registering ingredients: jei:internal...
[12:03:29] [Render thread/INFO] [me.je.li.lo.PluginCaller/]: Registering ingredients took 86.10 ms
[12:03:29] [Render thread/INFO] [me.je.li.lo.PluginCaller/]: Registering categories...
[12:03:29] [Render thread/DEBUG] [me.je.li.lo.PluginCallerTimerRunnable/]: Registering categories: jei:minecraft...
[12:03:29] [Render thread/INFO] [me.je.li.lo.PluginCallerTimerRunnable/]: Registering categories: jei:minecraft took 37.09 milliseconds
[12:03:29] [Render thread/DEBUG] [me.je.li.lo.PluginCallerTimerRunnable/]: Registering categories: jade:main...
[12:03:29] [Render thread/DEBUG] [me.je.li.lo.PluginCallerTimerRunnable/]: Registering categories: jei:debug...
[12:03:29] [Render thread/DEBUG] [me.je.li.lo.PluginCallerTimerRunnable/]: Registering categories: jei:gui...
[12:03:29] [Render thread/DEBUG] [me.je.li.lo.PluginCallerTimerRunnable/]: Registering categories: jei:forge_gui...
[12:03:29] [Render thread/DEBUG] [me.je.li.lo.PluginCallerTimerRunnable/]: Registering categories: jei:internal...
[12:03:29] [Render thread/INFO] [me.je.li.lo.PluginCaller/]: Registering categories took 38.65 ms
[12:03:29] [Render thread/INFO] [me.je.li.lo.PluginCaller/]: Registering vanilla category extensions...
[12:03:29] [Render thread/DEBUG] [me.je.li.lo.PluginCallerTimerRunnable/]: Registering vanilla category extensions: jei:minecraft...
[12:03:29] [Render thread/DEBUG] [me.je.li.lo.PluginCallerTimerRunnable/]: Registering vanilla category extensions: jade:main...
[12:03:29] [Render thread/DEBUG] [me.je.li.lo.PluginCallerTimerRunnable/]: Registering vanilla category extensions: jei:debug...
[12:03:29] [Render thread/DEBUG] [me.je.li.lo.PluginCallerTimerRunnable/]: Registering vanilla category extensions: jei:gui...
[12:03:29] [Render thread/DEBUG] [me.je.li.lo.PluginCallerTimerRunnable/]: Registering vanilla category extensions: jei:forge_gui...
[12:03:29] [Render thread/DEBUG] [me.je.li.lo.PluginCallerTimerRunnable/]: Registering vanilla category extensions: jei:internal...
[12:03:29] [Render thread/INFO] [me.je.li.lo.PluginCaller/]: Registering vanilla category extensions took 1.495 ms
[12:03:29] [Render thread/INFO] [me.je.li.lo.PluginCaller/]: Registering recipe catalysts...
[12:03:29] [Render thread/DEBUG] [me.je.li.lo.PluginCallerTimerRunnable/]: Registering recipe catalysts: jei:minecraft...
[12:03:29] [Render thread/DEBUG] [me.je.li.lo.PluginCallerTimerRunnable/]: Registering recipe catalysts: jade:main...
[12:03:29] [Render thread/DEBUG] [me.je.li.lo.PluginCallerTimerRunnable/]: Registering recipe catalysts: jei:debug...
[12:03:29] [Render thread/DEBUG] [me.je.li.lo.PluginCallerTimerRunnable/]: Registering recipe catalysts: jei:gui...
[12:03:29] [Render thread/DEBUG] [me.je.li.lo.PluginCallerTimerRunnable/]: Registering recipe catalysts: jei:forge_gui...
[12:03:29] [Render thread/DEBUG] [me.je.li.lo.PluginCallerTimerRunnable/]: Registering recipe catalysts: jei:internal...
[12:03:29] [Render thread/INFO] [me.je.li.lo.PluginCaller/]: Registering recipe catalysts took 547.0 ?s
[12:03:29] [Render thread/INFO] [me.je.li.lo.PluginCaller/]: Registering advanced plugins...
[12:03:29] [Render thread/DEBUG] [me.je.li.lo.PluginCallerTimerRunnable/]: Registering advanced plugins: jei:minecraft...
[12:03:29] [Render thread/DEBUG] [me.je.li.lo.PluginCallerTimerRunnable/]: Registering advanced plugins: jade:main...
[12:03:29] [Render thread/DEBUG] [me.je.li.lo.PluginCallerTimerRunnable/]: Registering advanced plugins: jei:debug...
[12:03:29] [Render thread/DEBUG] [me.je.li.lo.PluginCallerTimerRunnable/]: Registering advanced plugins: jei:gui...
[12:03:29] [Render thread/DEBUG] [me.je.li.lo.PluginCallerTimerRunnable/]: Registering advanced plugins: jei:forge_gui...
[12:03:29] [Render thread/DEBUG] [me.je.li.lo.PluginCallerTimerRunnable/]: Registering advanced plugins: jei:internal...
[12:03:29] [Render thread/INFO] [me.je.li.lo.PluginCaller/]: Registering advanced plugins took 331.9 ?s
[12:03:29] [Render thread/INFO] [me.je.co.ut.LoggedTimer/]: Building recipe registry...
[12:03:29] [Render thread/INFO] [me.je.co.ut.LoggedTimer/]: Building recipe registry took 6.392 ms
[12:03:29] [Render thread/INFO] [me.je.li.lo.PluginCaller/]: Registering recipes...
[12:03:29] [Render thread/DEBUG] [me.je.li.lo.PluginCallerTimerRunnable/]: Registering recipes: jei:minecraft...
[12:03:29] [Render thread/DEBUG] [me.je.li.re.RecipeManagerInternal/]: Adding recipes: minecraft:crafting
[12:03:29] [Render thread/DEBUG] [me.je.li.re.RecipeManagerInternal/]: Adding recipes: minecraft:crafting
[12:03:29] [Render thread/DEBUG] [me.je.li.re.RecipeManagerInternal/]: Adding recipes: minecraft:stonecutting
[12:03:29] [Render thread/DEBUG] [me.je.li.re.RecipeManagerInternal/]: Adding recipes: minecraft:furnace
[12:03:29] [Render thread/DEBUG] [me.je.li.re.RecipeManagerInternal/]: Adding recipes: minecraft:smoking
[12:03:29] [Render thread/DEBUG] [me.je.li.re.RecipeManagerInternal/]: Adding recipes: minecraft:blasting
[12:03:29] [Render thread/DEBUG] [me.je.li.re.RecipeManagerInternal/]: Adding recipes: minecraft:campfire
[12:03:29] [Render thread/DEBUG] [me.je.li.re.RecipeManagerInternal/]: Adding recipes: minecraft:fuel
[12:03:29] [Render thread/DEBUG] [me.je.li.re.RecipeManagerInternal/]: Adding recipes: minecraft:anvil
[12:03:29] [Render thread/DEBUG] [me.je.li.re.RecipeManagerInternal/]: Adding recipes: minecraft:smithing
[12:03:29] [Render thread/DEBUG] [me.je.li.re.RecipeManagerInternal/]: Adding recipes: minecraft:compostable
[12:03:30] [Render thread/DEBUG] [me.je.li.re.RecipeManagerInternal/]: Adding recipes: minecraft:brewing
[12:03:30] [Render thread/INFO] [me.je.li.lo.PluginCallerTimerRunnable/]: Registering recipes: jei:minecraft took 153.0 milliseconds
[12:03:30] [Render thread/DEBUG] [me.je.li.lo.PluginCallerTimerRunnable/]: Registering recipes: jade:main...
[12:03:30] [Render thread/DEBUG] [me.je.li.lo.PluginCallerTimerRunnable/]: Registering recipes: jei:debug...
[12:03:30] [Render thread/DEBUG] [me.je.li.lo.PluginCallerTimerRunnable/]: Registering recipes: jei:gui...
[12:03:30] [Render thread/DEBUG] [me.je.li.lo.PluginCallerTimerRunnable/]: Registering recipes: jei:forge_gui...
[12:03:30] [Render thread/DEBUG] [me.je.li.lo.PluginCallerTimerRunnable/]: Registering recipes: jei:internal...
[12:03:30] [Render thread/INFO] [me.je.li.lo.PluginCaller/]: Registering recipes took 153.5 ms
[12:03:30] [Render thread/INFO] [me.je.li.lo.PluginCaller/]: Registering recipes transfer handlers...
[12:03:30] [Render thread/DEBUG] [me.je.li.lo.PluginCallerTimerRunnable/]: Registering recipes transfer handlers: jei:minecraft...
[12:03:30] [Render thread/DEBUG] [me.je.li.lo.PluginCallerTimerRunnable/]: Registering recipes transfer handlers: jade:main...
[12:03:30] [Render thread/DEBUG] [me.je.li.lo.PluginCallerTimerRunnable/]: Registering recipes transfer handlers: jei:debug...
[12:03:30] [Render thread/DEBUG] [me.je.li.lo.PluginCallerTimerRunnable/]: Registering recipes transfer handlers: jei:gui...
[12:03:30] [Render thread/DEBUG] [me.je.li.lo.PluginCallerTimerRunnable/]: Registering recipes transfer handlers: jei:forge_gui...
[12:03:30] [Render thread/DEBUG] [me.je.li.lo.PluginCallerTimerRunnable/]: Registering recipes transfer handlers: jei:internal...
[12:03:30] [Render thread/INFO] [me.je.li.lo.PluginCaller/]: Registering recipes transfer handlers took 6.883 ms
[12:03:30] [Render thread/INFO] [me.je.co.ut.LoggedTimer/]: Building runtime...
[12:03:30] [Render thread/INFO] [me.je.li.lo.PluginCaller/]: Registering gui handlers...
[12:03:30] [Render thread/DEBUG] [me.je.li.lo.PluginCallerTimerRunnable/]: Registering gui handlers: jei:minecraft...
[12:03:30] [Render thread/INFO] [me.je.li.lo.PluginCallerTimerRunnable/]: Registering gui handlers: jei:minecraft took 19.15 milliseconds
[12:03:30] [Render thread/DEBUG] [me.je.li.lo.PluginCallerTimerRunnable/]: Registering gui handlers: jade:main...
[12:03:30] [Render thread/DEBUG] [me.je.li.lo.PluginCallerTimerRunnable/]: Registering gui handlers: jei:debug...
[12:03:30] [Render thread/DEBUG] [me.je.li.lo.PluginCallerTimerRunnable/]: Registering gui handlers: jei:gui...
[12:03:30] [Render thread/DEBUG] [me.je.li.lo.PluginCallerTimerRunnable/]: Registering gui handlers: jei:forge_gui...
[12:03:30] [Render thread/DEBUG] [me.je.li.lo.PluginCallerTimerRunnable/]: Registering gui handlers: jei:internal...
[12:03:30] [Render thread/INFO] [me.je.li.lo.PluginCaller/]: Registering gui handlers took 30.38 ms
[12:03:30] [Render thread/INFO] [me.je.li.lo.PluginCaller/]: Registering Runtime...
[12:03:30] [Render thread/DEBUG] [me.je.li.lo.PluginCallerTimerRunnable/]: Registering Runtime: jei:minecraft...
[12:03:30] [Render thread/DEBUG] [me.je.li.lo.PluginCallerTimerRunnable/]: Registering Runtime: jade:main...
[12:03:30] [Render thread/DEBUG] [me.je.li.lo.PluginCallerTimerRunnable/]: Registering Runtime: jei:debug...
[12:03:30] [Render thread/DEBUG] [me.je.li.lo.PluginCallerTimerRunnable/]: Registering Runtime: jei:gui...
[12:03:30] [Render thread/DEBUG] [me.je.li.lo.PluginCallerTimerRunnable/]: Registering Runtime: jei:forge_gui...
[12:03:30] [Render thread/INFO] [me.je.gu.st.JeiGuiStarter/]: Starting JEI GUI
[12:03:30] [Render thread/INFO] [me.je.co.ut.LoggedTimer/]: Building ingredient list...
[12:03:30] [Render thread/DEBUG] [me.je.gu.in.IngredientListElementFactory/]: Registering ingredients: ItemStack
[12:03:30] [Render thread/DEBUG] [me.je.gu.in.IngredientListElementFactory/]: Registering ingredients: FluidStack
[12:03:30] [Render thread/INFO] [me.je.co.ut.LoggedTimer/]: Building ingredient list took 7.032 ms
[12:03:30] [Render thread/INFO] [me.je.co.ut.LoggedTimer/]: Building ingredient filter...
[12:03:30] [Render thread/INFO] [me.je.gu.in.IngredientFilter/]: Adding 1576 ingredients
[12:03:30] [Render thread/DEBUG] [io.ne.ut.in.ThreadLocalRandom/]: -Dio.netty.initialSeedUniquifier: 0x7672152eb25ced4b
[12:03:30] [Render thread/INFO] [me.je.gu.in.IngredientFilter/]: Added 1576/1576 ingredients
[12:03:30] [Render thread/INFO] [me.je.co.ut.LoggedTimer/]: Building ingredient filter took 223.8 ms
[12:03:30] [Render thread/DEBUG] [mixin/]: Mixing jei_rei_emi.JeiOverlayMixin from chloride.mixin.json into mezz.jei.gui.overlay.IngredientListOverlay
[12:03:30] [Render thread/INFO] [me.je.li.lo.PluginCallerTimerRunnable/]: Registering Runtime: jei:forge_gui took 419.0 milliseconds
[12:03:30] [Render thread/DEBUG] [me.je.li.lo.PluginCallerTimerRunnable/]: Registering Runtime: jei:internal...
[12:03:30] [Render thread/INFO] [me.je.li.lo.PluginCaller/]: Registering Runtime took 419.5 ms
[12:03:30] [Render thread/INFO] [me.je.co.ut.LoggedTimer/]: Building runtime took 473.2 ms
[12:03:30] [Render thread/INFO] [me.je.li.lo.PluginCaller/]: Sending Runtime...
[12:03:30] [Render thread/DEBUG] [me.je.li.lo.PluginCallerTimerRunnable/]: Sending Runtime: jei:minecraft...
[12:03:30] [Render thread/DEBUG] [me.je.li.lo.PluginCallerTimerRunnable/]: Sending Runtime: jade:main...
[12:03:30] [Render thread/DEBUG] [me.je.li.lo.PluginCallerTimerRunnable/]: Sending Runtime: jei:debug...
[12:03:30] [Render thread/DEBUG] [me.je.li.lo.PluginCallerTimerRunnable/]: Sending Runtime: jei:gui...
[12:03:30] [Render thread/DEBUG] [me.je.li.lo.PluginCallerTimerRunnable/]: Sending Runtime: jei:forge_gui...
[12:03:30] [Render thread/DEBUG] [me.je.li.lo.PluginCallerTimerRunnable/]: Sending Runtime: jei:internal...
[12:03:30] [Render thread/INFO] [me.je.li.lo.PluginCaller/]: Sending Runtime took 313.3 ?s
[12:03:30] [Render thread/INFO] [me.je.co.ut.LoggedTimer/]: Starting JEI took 835.5 ms
[12:03:30] [Render thread/DEBUG] [mixin/]: Generating mapped inner class glitchcore/network/PacketHandler$Anonymous$4a2e7fd146a94af99a662c34e57f18ca (originally glitchcore/forge/mixin/impl/MixinPacketHandler$1)
[12:03:30] [Render thread/INFO] [Jade/]: Received config from the server: 
[12:03:30] [Render thread/INFO] [projectatmosphere/]: [Atmosphere] Loading state -> active=true, stage=PREPARING_WEATHER_SYSTEMS, progress=0.16, source=player_login_collect_regions
[12:03:30] [Render thread/INFO] [projectatmosphere/]: [Atmosphere] Loading state -> active=true, stage=PREPARING_WEATHER_SYSTEMS, progress=0.38, source=player_login_regions_ready
[12:03:30] [Render thread/INFO] [projectatmosphere/]: [Atmosphere] Loading state -> active=true, stage=RECEIVING_FORECAST_DATA, progress=0.42, source=player_login_forecast_snapshot
[12:03:30] [Render thread/INFO] [projectatmosphere/]: [Atmosphere] Loading state -> active=true, stage=RECEIVING_FORECAST_DATA, progress=0.5, source=biome_day_temperature_received
[12:03:30] [Render thread/INFO] [projectatmosphere/]: [Atmosphere] Loading state -> active=true, stage=BUILDING_LOCAL_FORECAST_CACHE, progress=0.56, source=biome_day_temperature_packet
[12:03:30] [Render thread/INFO] [minecraft/AdvancementList]: Loaded 11 advancements
[12:03:30] [Render thread/INFO] [minecraft/ChatComponent]: [System] [CHAT] 
[12:03:30] [Render thread/DEBUG] [mixin/]: Mixing core.postprocess.PostprocessorMixin from embeddium.mixins.json into me.jellysquid.mods.sodium.client.world.cloned.ClonedChunkSection
[12:03:30] [Render thread/DEBUG] [chloride/EntityCulling]: Computed Entity whitelist for minecraft:player
[12:03:30] [Render thread/INFO] [projectatmosphere/]: [VolumetricClouds] status no_clouds cloudCover=0.0 cells=0 fields=0 source=none
[12:03:30] [Render thread/INFO] [projectatmosphere/]: [Atmosphere] Loading state -> active=true, stage=BUILDING_LOCAL_FORECAST_CACHE, progress=0.6368, source=biome_day_temperature_packet
[12:03:30] [Render thread/INFO] [ChunkBuilder/]: Stopping worker threads
[12:03:30] [Render thread/INFO] [ChunkBuilder/]: Started 10 worker threads
[12:03:30] [Render thread/INFO] [projectatmosphere/]: [Atmosphere] Loading state -> active=true, stage=BUILDING_LOCAL_FORECAST_CACHE, progress=0.7136, source=biome_day_temperature_packet
[12:03:30] [Render thread/INFO] [projectatmosphere/]: [Atmosphere] Loading state -> active=true, stage=BUILDING_LOCAL_FORECAST_CACHE, progress=0.7904, source=biome_day_temperature_packet
[12:03:30] [Render thread/INFO] [projectatmosphere/]: [Atmosphere] Loading state -> active=true, stage=BUILDING_LOCAL_FORECAST_CACHE, progress=0.8672, source=biome_day_temperature_packet
[12:03:30] [Render thread/INFO] [projectatmosphere/]: [Atmosphere] Loading state -> active=true, stage=BUILDING_LOCAL_FORECAST_CACHE, progress=0.88, source=biome_day_temperature_packet
[12:03:30] [Render thread/INFO] [projectatmosphere/]: [Atmosphere] Loading state -> active=true, stage=PREPARING_WEATHER_SYSTEMS, progress=0.94, source=biome_day_temperature_packet_finalize
[12:03:30] [Render thread/INFO] [projectatmosphere/]: [Atmosphere] Loading state -> active=false, stage=READY, progress=1.0, source=player_login_ready
[12:03:30] [Render thread/DEBUG] [chloride/EntityCulling]: Computed Entity whitelist for minecraft:chest_minecart
[12:03:31] [Render thread/DEBUG] [mixin/]: Mixing features.model.ModelDataBuilderMixin from embeddium.mixins.json into net.minecraftforge.client.model.data.ModelData$Builder
[12:03:31] [Render thread/INFO] [projectatmosphere/]: [VolumetricClouds] status raymarch_not_ready
[12:03:33] [PA-CloudNoiseBake/INFO] [projectatmosphere/]: [VolumetricClouds] noise bake finished in 1660 ms
[12:03:33] [Render thread/INFO] [projectatmosphere/]: [VolumetricClouds] noise textures ready base=51 detail=52 blue=53
[12:03:33] [Render thread/INFO] [projectatmosphere/]: [VolumetricClouds] status rendered cells=40 source=fields syncedCells=2 syncedFields=2 weatherCells=40 fieldCloudlets=40 regionalSource=disabled_for_fields debug[depthComposite=true sceneRayLimit=true fullres=false] historyValid=false tuning[density=1.45 coverage=1.25 extinction=0.115 historyBlend=0.85] regionalCoverage=0.000 cloudCover=0.262 slab=237.7..295.9 camY=255.5 lightDir=(0.99,0.11,0.12) lightColor=(1.09,0.69,0.46) ambTop=(0.27,0.20,0.25) ambBot=(0.23,0.16,0.20) composited=true funnels=0 gpuMs=-1.0
[12:03:33] [Render thread/DEBUG] [chloride/BlockEntityCulling]: Computed BlockEntity whitelist for minecraft:chest
[12:03:35] [Render thread/DEBUG] [chloride/BlockEntityCulling]: Computed BlockEntity whitelist for minecraft:mob_spawner
[12:03:36] [Render thread/DEBUG] [mixin/]: Mixing BlendingDataMixin from tectonic.mixins.json into net.minecraft.world.level.levelgen.blending.BlendingData
[12:03:36] [Render thread/DEBUG] [chloride/BlockEntityCulling]: Computed BlockEntity whitelist for minecraft:brushable_block
[12:03:37] [Render thread/INFO] [minecraft/ChatComponent]: [System] [CHAT] [Debug]: Pause on lost focus: enabled
[12:03:38] [Render thread/INFO] [projectatmosphere/]: [VolumetricClouds] status rendered cells=40 source=fields syncedCells=6 syncedFields=2 weatherCells=40 fieldCloudlets=40 regionalSource=disabled_for_fields debug[depthComposite=true sceneRayLimit=true fullres=false] historyValid=true tuning[density=1.45 coverage=1.25 extinction=0.115 historyBlend=0.85] regionalCoverage=0.000 cloudCover=0.209 slab=237.7..295.9 camY=255.5 lightDir=(0.99,0.11,0.12) lightColor=(1.09,0.69,0.46) ambTop=(0.27,0.20,0.25) ambBot=(0.23,0.16,0.20) composited=true funnels=0 gpuMs=0.212992
[12:03:39] [Render thread/INFO] [minecraft/ChatComponent]: [System] [CHAT] [Debug]: Pause on lost focus: disabled
[12:03:43] [Render thread/INFO] [projectatmosphere/]: [VolumetricClouds] status rendered cells=40 source=fields syncedCells=6 syncedFields=2 weatherCells=40 fieldCloudlets=40 regionalSource=disabled_for_fields debug[depthComposite=true sceneRayLimit=true fullres=false] historyValid=true tuning[density=1.45 coverage=1.25 extinction=0.115 historyBlend=0.85] regionalCoverage=0.000 cloudCover=0.209 slab=237.7..295.9 camY=255.5 lightDir=(0.99,0.11,0.12) lightColor=(1.09,0.69,0.46) ambTop=(0.27,0.20,0.25) ambBot=(0.23,0.16,0.20) composited=true funnels=0 gpuMs=0.26112
[12:03:47] [Render thread/INFO] [minecraft/ChatComponent]: [System] [CHAT] Volumetric cloud debug depthComposite on
[12:03:48] [Render thread/INFO] [projectatmosphere/]: [VolumetricClouds] status rendered cells=40 source=fields syncedCells=6 syncedFields=2 weatherCells=40 fieldCloudlets=40 regionalSource=disabled_for_fields debug[depthComposite=true sceneRayLimit=true fullres=false] historyValid=true tuning[density=1.45 coverage=1.25 extinction=0.115 historyBlend=0.85] regionalCoverage=0.000 cloudCover=0.209 slab=237.7..295.9 camY=255.5 lightDir=(0.99,0.11,0.12) lightColor=(1.09,0.69,0.46) ambTop=(0.27,0.20,0.25) ambBot=(0.23,0.16,0.20) composited=true funnels=0 gpuMs=0.585728
[12:03:53] [Render thread/INFO] [projectatmosphere/]: [VolumetricClouds] status rendered cells=40 source=fields syncedCells=6 syncedFields=2 weatherCells=40 fieldCloudlets=40 regionalSource=disabled_for_fields debug[depthComposite=true sceneRayLimit=true fullres=false] historyValid=true tuning[density=1.45 coverage=1.25 extinction=0.115 historyBlend=0.85] regionalCoverage=0.000 cloudCover=0.209 slab=237.7..295.9 camY=255.5 lightDir=(0.99,0.11,0.12) lightColor=(1.09,0.69,0.46) ambTop=(0.27,0.20,0.25) ambBot=(0.23,0.16,0.20) composited=true funnels=0 gpuMs=0.26112
[12:03:54] [Server thread/WARN] [ConfigHacks/]: Better Days dynamic time compatibility is enabled. Serene Seasons Plus will update Better Days daySpeed/nightSpeed using reflection.
[12:03:54] [Server thread/INFO] [ConfigHacks/]: Updated daySpeed = 0.86, nightSpeed = 1.12
[12:03:54] [Server thread/INFO] [sereneseasonsplus/]: Season: LATE_SUMMER ? DaySpeed: 0.86, NightSpeed: 1.12
[12:03:58] [Render thread/INFO] [projectatmosphere/]: [VolumetricClouds] status rendered cells=40 source=fields syncedCells=6 syncedFields=2 weatherCells=40 fieldCloudlets=40 regionalSource=disabled_for_fields debug[depthComposite=true sceneRayLimit=true fullres=false] historyValid=true tuning[density=1.45 coverage=1.25 extinction=0.115 historyBlend=0.85] regionalCoverage=0.000 cloudCover=0.209 slab=237.7..295.9 camY=255.5 lightDir=(0.99,0.11,0.12) lightColor=(1.09,0.69,0.46) ambTop=(0.27,0.20,0.25) ambBot=(0.23,0.16,0.20) composited=true funnels=0 gpuMs=0.260096
[12:04:03] [Render thread/INFO] [projectatmosphere/]: [VolumetricClouds] status rendered cells=40 source=fields syncedCells=6 syncedFields=2 weatherCells=40 fieldCloudlets=40 regionalSource=disabled_for_fields debug[depthComposite=true sceneRayLimit=true fullres=false] historyValid=true tuning[density=1.45 coverage=1.25 extinction=0.115 historyBlend=0.85] regionalCoverage=0.000 cloudCover=0.209 slab=237.7..295.9 camY=255.5 lightDir=(0.99,0.11,0.12) lightColor=(1.09,0.69,0.46) ambTop=(0.27,0.20,0.25) ambBot=(0.23,0.16,0.20) composited=true funnels=0 gpuMs=0.580608
[12:04:08] [Render thread/INFO] [projectatmosphere/]: [VolumetricClouds] status rendered cells=40 source=fields syncedCells=6 syncedFields=2 weatherCells=40 fieldCloudlets=40 regionalSource=disabled_for_fields debug[depthComposite=true sceneRayLimit=true fullres=false] historyValid=true tuning[density=1.45 coverage=1.25 extinction=0.115 historyBlend=0.85] regionalCoverage=0.000 cloudCover=0.209 slab=237.7..295.9 camY=254.0 lightDir=(0.99,0.11,0.12) lightColor=(1.09,0.69,0.46) ambTop=(0.27,0.20,0.25) ambBot=(0.23,0.16,0.20) composited=true funnels=0 gpuMs=0.258048
[12:04:08] [Server thread/INFO] [minecraft/IntegratedServer]: Saving and pausing game...
[12:04:08] [Server thread/INFO] [minecraft/MinecraftServer]: Saving chunks for level 'ServerLevel[SimpleCloud created then removed]'/minecraft:overworld
[12:04:08] [Server thread/INFO] [minecraft/MinecraftServer]: Saving chunks for level 'ServerLevel[SimpleCloud created then removed]'/minecraft:the_end
[12:04:08] [Server thread/INFO] [minecraft/MinecraftServer]: Saving chunks for level 'ServerLevel[SimpleCloud created then removed]'/minecraft:the_nether
[12:04:08] [Server thread/DEBUG] [ne.mi.co.ForgeHooks/WP]: Gathering id map for writing to world save SimpleCloud created then removed
[12:04:08] [Server thread/DEBUG] [ne.mi.co.ForgeHooks/WP]: ID Map collection complete SimpleCloud created then removed
[12:04:13] [Render thread/INFO] [projectatmosphere/]: [VolumetricClouds] status rendered cells=40 source=fields syncedCells=6 syncedFields=2 weatherCells=40 fieldCloudlets=40 regionalSource=disabled_for_fields debug[depthComposite=true sceneRayLimit=true fullres=false] historyValid=true tuning[density=1.45 coverage=1.25 extinction=0.115 historyBlend=0.85] regionalCoverage=0.000 cloudCover=0.209 slab=237.7..295.9 camY=254.0 lightDir=(0.99,0.11,0.12) lightColor=(1.09,0.69,0.46) ambTop=(0.27,0.20,0.25) ambBot=(0.23,0.16,0.20) composited=true funnels=0 gpuMs=0.260096
[12:04:16] [Render thread/INFO] [minecraft/ChatComponent]: [System] [CHAT] Volumetric cloud debug sceneRayLimit on
[12:04:18] [Render thread/INFO] [projectatmosphere/]: [VolumetricClouds] status rendered cells=40 source=fields syncedCells=6 syncedFields=2 weatherCells=40 fieldCloudlets=40 regionalSource=disabled_for_fields debug[depthComposite=true sceneRayLimit=true fullres=false] historyValid=true tuning[density=1.45 coverage=1.25 extinction=0.115 historyBlend=0.85] regionalCoverage=0.000 cloudCover=0.209 slab=237.7..295.9 camY=254.0 lightDir=(0.99,0.11,0.12) lightColor=(1.09,0.69,0.46) ambTop=(0.27,0.20,0.25) ambBot=(0.23,0.16,0.20) composited=true funnels=0 gpuMs=0.259072
[12:04:20] [Server thread/INFO] [minecraft/IntegratedServer]: Saving and pausing game...
[12:04:20] [Server thread/INFO] [minecraft/MinecraftServer]: Saving chunks for level 'ServerLevel[SimpleCloud created then removed]'/minecraft:overworld
[12:04:20] [Server thread/INFO] [minecraft/MinecraftServer]: Saving chunks for level 'ServerLevel[SimpleCloud created then removed]'/minecraft:the_end
[12:04:20] [Server thread/INFO] [minecraft/MinecraftServer]: Saving chunks for level 'ServerLevel[SimpleCloud created then removed]'/minecraft:the_nether
[12:04:20] [Server thread/DEBUG] [ne.mi.co.ForgeHooks/WP]: Gathering id map for writing to world save SimpleCloud created then removed
[12:04:20] [Server thread/DEBUG] [ne.mi.co.ForgeHooks/WP]: ID Map collection complete SimpleCloud created then removed
[12:04:23] [Render thread/INFO] [projectatmosphere/]: [VolumetricClouds] status rendered cells=40 source=fields syncedCells=6 syncedFields=2 weatherCells=40 fieldCloudlets=40 regionalSource=disabled_for_fields debug[depthComposite=true sceneRayLimit=true fullres=false] historyValid=true tuning[density=1.45 coverage=1.25 extinction=0.115 historyBlend=0.85] regionalCoverage=0.000 cloudCover=0.209 slab=237.7..295.9 camY=252.9 lightDir=(0.99,0.11,0.12) lightColor=(1.09,0.69,0.46) ambTop=(0.27,0.20,0.25) ambBot=(0.23,0.16,0.20) composited=true funnels=0 gpuMs=0.60416
[12:04:28] [Render thread/INFO] [projectatmosphere/]: [VolumetricClouds] status rendered cells=40 source=fields syncedCells=6 syncedFields=2 weatherCells=40 fieldCloudlets=40 regionalSource=disabled_for_fields debug[depthComposite=true sceneRayLimit=true fullres=false] historyValid=true tuning[density=1.45 coverage=1.25 extinction=0.115 historyBlend=0.85] regionalCoverage=0.000 cloudCover=0.209 slab=237.7..295.9 camY=252.9 lightDir=(0.99,0.11,0.12) lightColor=(1.09,0.69,0.46) ambTop=(0.27,0.20,0.25) ambBot=(0.23,0.16,0.20) composited=true funnels=0 gpuMs=0.259072
[12:04:33] [Render thread/INFO] [projectatmosphere/]: [VolumetricClouds] status rendered cells=40 source=fields syncedCells=6 syncedFields=2 weatherCells=40 fieldCloudlets=40 regionalSource=disabled_for_fields debug[depthComposite=true sceneRayLimit=true fullres=false] historyValid=true tuning[density=1.45 coverage=1.25 extinction=0.115 historyBlend=0.85] regionalCoverage=0.000 cloudCover=0.209 slab=237.7..295.9 camY=252.9 lightDir=(0.99,0.11,0.12) lightColor=(1.09,0.69,0.46) ambTop=(0.27,0.20,0.25) ambBot=(0.23,0.16,0.20) composited=true funnels=0 gpuMs=0.26112
[12:04:38] [Render thread/INFO] [projectatmosphere/]: [VolumetricClouds] status rendered cells=40 source=fields syncedCells=6 syncedFields=2 weatherCells=40 fieldCloudlets=40 regionalSource=disabled_for_fields debug[depthComposite=true sceneRayLimit=true fullres=false] historyValid=true tuning[density=1.45 coverage=1.25 extinction=0.115 historyBlend=0.85] regionalCoverage=0.000 cloudCover=0.209 slab=237.7..295.9 camY=252.9 lightDir=(0.99,0.11,0.12) lightColor=(1.09,0.69,0.46) ambTop=(0.27,0.20,0.25) ambBot=(0.23,0.16,0.20) composited=true funnels=0 gpuMs=0.272384
[12:04:38] [Render thread/INFO] [minecraft/ChatComponent]: [System] [CHAT] Volumetric cloud debug fullres off
[12:04:43] [Render thread/INFO] [projectatmosphere/]: [VolumetricClouds] status rendered cells=40 source=fields syncedCells=6 syncedFields=2 weatherCells=40 fieldCloudlets=40 regionalSource=disabled_for_fields debug[depthComposite=true sceneRayLimit=true fullres=false] historyValid=true tuning[density=1.45 coverage=1.25 extinction=0.115 historyBlend=0.85] regionalCoverage=0.000 cloudCover=0.209 slab=237.7..295.9 camY=251.8 lightDir=(0.99,0.11,0.12) lightColor=(1.09,0.69,0.46) ambTop=(0.27,0.20,0.25) ambBot=(0.23,0.16,0.20) composited=true funnels=0 gpuMs=0.254976
[12:04:43] [Server thread/INFO] [minecraft/IntegratedServer]: Saving and pausing game...
[12:04:43] [Server thread/INFO] [minecraft/MinecraftServer]: Saving chunks for level 'ServerLevel[SimpleCloud created then removed]'/minecraft:overworld
[12:04:43] [Server thread/INFO] [minecraft/MinecraftServer]: Saving chunks for level 'ServerLevel[SimpleCloud created then removed]'/minecraft:the_end
[12:04:43] [Server thread/INFO] [minecraft/MinecraftServer]: Saving chunks for level 'ServerLevel[SimpleCloud created then removed]'/minecraft:the_nether
[12:04:43] [Server thread/DEBUG] [ne.mi.co.ForgeHooks/WP]: Gathering id map for writing to world save SimpleCloud created then removed
[12:04:43] [Server thread/DEBUG] [ne.mi.co.ForgeHooks/WP]: ID Map collection complete SimpleCloud created then removed
[12:04:43] [Server thread/INFO] [minecraft/IntegratedServer]: Saving and pausing game...
[12:04:43] [Server thread/INFO] [minecraft/MinecraftServer]: Saving chunks for level 'ServerLevel[SimpleCloud created then removed]'/minecraft:overworld
[12:04:43] [Server thread/INFO] [minecraft/MinecraftServer]: Saving chunks for level 'ServerLevel[SimpleCloud created then removed]'/minecraft:the_end
[12:04:43] [Server thread/INFO] [minecraft/MinecraftServer]: Saving chunks for level 'ServerLevel[SimpleCloud created then removed]'/minecraft:the_nether
[12:04:43] [Server thread/DEBUG] [ne.mi.co.ForgeHooks/WP]: Gathering id map for writing to world save SimpleCloud created then removed
[12:04:43] [Server thread/DEBUG] [ne.mi.co.ForgeHooks/WP]: ID Map collection complete SimpleCloud created then removed
[12:04:48] [Render thread/INFO] [projectatmosphere/]: [VolumetricClouds] status rendered cells=40 source=fields syncedCells=6 syncedFields=2 weatherCells=40 fieldCloudlets=40 regionalSource=disabled_for_fields debug[depthComposite=true sceneRayLimit=true fullres=false] historyValid=true tuning[density=1.45 coverage=1.25 extinction=0.115 historyBlend=0.85] regionalCoverage=0.000 cloudCover=0.209 slab=237.7..295.9 camY=251.8 lightDir=(0.99,0.11,0.12) lightColor=(1.09,0.69,0.46) ambTop=(0.27,0.20,0.25) ambBot=(0.23,0.16,0.20) composited=true funnels=0 gpuMs=0.260096
[12:04:53] [Render thread/INFO] [projectatmosphere/]: [VolumetricClouds] status rendered cells=40 source=fields syncedCells=6 syncedFields=2 weatherCells=40 fieldCloudlets=40 regionalSource=disabled_for_fields debug[depthComposite=true sceneRayLimit=true fullres=false] historyValid=true tuning[density=1.45 coverage=1.25 extinction=0.115 historyBlend=0.85] regionalCoverage=0.000 cloudCover=0.209 slab=237.7..295.9 camY=251.8 lightDir=(0.99,0.11,0.12) lightColor=(1.09,0.69,0.46) ambTop=(0.27,0.20,0.25) ambBot=(0.23,0.16,0.20) composited=true funnels=0 gpuMs=0.254976
[12:04:57] [Render thread/INFO] [minecraft/ChatComponent]: [System] [CHAT] Volumetric cloud diagnostics\nGeneral\nframe=50129 capturedAtMs=1783267497223 gameTime=450533 partial=0.00\ncamera=-4523.81,251.76,-2668.30\nactive=true quality=medium\ncloudTarget=1280x685 view=1280x685 color=54 depth=55\nmainTarget=2560x1369 view=2560x1369 color=4 depth=5\nhistoryConsumedThisFrame=true historyTargetValidAfterFrame=true\ncompositeMode=final\nsceneDepthTextureId=5 sceneDepthAvailable=true\n\nField info\nreceived=2\n- 9e64c36e source=pa_region center=-4490.59,255.85,-2592.32 radius=79.57 baseTop=243.75..278.89 xz=[-4570.16..-4411.01,-2671.89..-2512.74] cloudlets active=20 target=20 rendered=20 skipped=0 maxCells=false renderCap=false lodHydration=false distanceCull=false reason=rendered\n- 241b9ffc source=pa_region center=-4826.93,256.85,-3272.14 radius=72.21 baseTop=246.37..283.95 xz=[-4899.13..-4754.72,-3344.35..-3199.94] cloudlets active=11 target=20 rendered=20 skipped=0 maxCells=false renderCap=false lodHydration=true distanceCull=false reason=partial\n\nRender cell info\ncount=40\nglobalMinX=-4893.18 globalMaxX=-4425.86 globalMinZ=-3326.06 globalMaxZ=-2535.54\nglobalBaseY=243.75 globalTopY=283.95\n- #0 center=-4470.95,257.51,-2642.85 radius=13.62/10.62 baseTop=245.51..269.52 density=0.71 coverage=unknown\n- #1 center=-4553.20,265.07,-2584.51 radius=16.63/12.97 baseTop=251.25..278.89 density=0.79 coverage=unknown\n- #2 center=-4497.58,271.91,-2541.66 radius=7.85/6.12 baseTop=264.92..278.89 density=0.77 coverage=unknown\n- #3 center=-4440.24,255.70,-2566.05 radius=14.38/11.22 baseTop=245.36..266.03 density=0.67 coverage=unknown\n- #4 center=-4495.82,253.60,-2570.22 radius=10.96/8.55 baseTop=243.75..263.45 density=0.95 coverage=unknown\n- #5 center=-4441.00,271.83,-2599.69 radius=9.76/7.61 baseTop=265.91..277.75 density=0.95 coverage=unknown\n- #6 center=-4519.80,267.96,-2610.50 radius=15.42/12.03 baseTop=257.04..278.89 density=0.72 coverage=unknown\n- #7 center=-4454.91,266.86,-2620.33 radius=17.40/13.58 baseTop=254.84..278.89 density=0.89 coverage=unknown\n- #8 center=-4472.65,255.46,-2606.30 radius=17.59/13.72 baseTop=243.75..267.17 density=0.70 coverage=unknown\n- #9 center=-4487.92,264.60,-2587.41 radius=17.88/13.95 baseTop=250.31..278.89 density=1.00 coverage=unknown\n- #10 center=-4540.94,257.80,-2621.37 radius=10.36/8.08 baseTop=249.77..265.83 density=1.00 coverage=unknown\n- #11 center=-4548.07,267.75,-2611.91 radius=13.48/10.52 baseTop=256.61..278.89 density=0.63 coverage=unknown\n- #12 center=-4474.98,262.83,-2589.41 radius=13.54/10.56 baseTop=254.65..271.01 density=0.89 coverage=unknown\n- #13 center=-4545.48,256.61,-2573.06 radius=10.08/7.86 baseTop=250.02..263.21 density=0.88 coverage=unknown\n- #14 center=-4499.65,268.53,-2623.55 radius=10.04/7.83 baseTop=258.18..278.89 density=0.71 coverage=unknown\n- #15 center=-4522.28,268.15,-2639.58 radius=9.35/7.29 baseTop=261.57..274.73 density=0.79 coverage=unknown\n- #16 center=-4517.98,265.20,-2644.77 radius=9.54/7.44 baseTop=254.46..275.95 density=0.64 coverage=unknown\n- #17 center=-4472.02,254.54,-2651.23 radius=17.22/13.43 baseTop=243.75..265.34 density=0.85 coverage=unknown\n- #18 center=-4482.67,266.13,-2579.58 radius=17.41/13.58 baseTop=253.37..278.89 density=0.81 coverage=unknown\n- #19 center=-4504.13,272.57,-2545.06 radius=11.17/8.71 baseTop=266.26..278.89 density=0.72 coverage=unknown\n- #20 center=-4850.54,258.61,-3282.66 radius=16.89/13.17 baseTop=246.37..270.86 density=0.77 coverage=unknown\n- #21 center=-4844.61,259.14,-3304.62 radius=17.40/13.57 baseTop=246.37..271.90 density=0.81 coverage=unknown\n- #22 center=-4879.53,260.92,-3252.64 radius=13.65/10.64 baseTop=246.37..275.48 density=0.67 coverage=unknown\n- #23 center=-4876.26,268.44,-3267.43 radius=11.37/8.87 baseTop=256.86..280.03 density=0.61 coverage=unknown\n- #24 center=-4776.80,272.49,-3279.16 radius=15.25/11.90 baseTop=263.04..281.93 density=0.88 coverage=unknown\n- #25 center=-4818.92,263.09,-3252.89 radius=15.63/12.19 baseTop=253.48..272.70 density=0.77 coverage=unknown\n- #26 center=-4810.00,277.65,-3283.73 radius=8.22/6.41 baseTop=271.36..283.95 density=0.76 coverage=unknown\n- #27 center=-4838.62,264.12,-3316.56 radius=12.19/9.51 baseTop=252.90..275.34 density=0.80 coverage=unknown\n- #28 center=-4790.70,270.24,-3232.57 radius=8.90/6.94 baseTop=263.31..277.17 density=0.76 coverage=unknown\n- #29 center=-4840.45,268.10,-3317.31 radius=8.81/6.87 baseTop=261.95..274.25 density=0.75 coverage=unknown\n- #30 center=-4771.32,273.52,-3263.31 radius=12.56/9.79 baseTop=263.08..283.95 density=0.83 coverage=unknown\n- #31 center=-4770.97,266.40,-3260.20 radius=10.26/8.00 baseTop=258.85..273.95 density=0.66 coverage=unknown\n- #32 center=-4782.54,270.43,-3300.54 radius=12.46/9.72 baseTop=260.40..280.45 density=0.67 coverage=unknown\n- #33 center=-4813.71,258.39,-3302.97 radius=13.54/10.56 baseTop=248.15..268.62 density=0.66 coverage=unknown\n- #34 center=-4855.86,260.08,-3310.58 radius=14.83/11.57 baseTop=246.37..273.80 density=0.67 coverage=unknown\n- #35 center=-4811.92,252.78,-3312.39 radius=12.34/9.62 baseTop=246.37..259.18 density=0.85 coverage=unknown\n- #36 center=-4854.79,270.04,-3310.39 radius=10.02/7.82 baseTop=261.77..278.31 density=0.87 coverage=unknown\n- #37 center=-4782.61,252.77,-3305.72 radius=9.81/7.65 baseTop=246.37..259.17 density=0.80 coverage=unknown\n- #38 center=-4870.98,277.31,-3266.80 radius=8.87/6.92 baseTop=270.68..283.95 density=0.83 coverage=unknown\n- #39 center=-4833.19,273.62,-3281.21 radius=15.19/11.85 baseTop=263.30..283.95 density=0.72 coverage=unknown\n\nWeather map info\norigin=-6576.00,-4720.00 extent=4096.00 textureSize=512x512 view=512x512 color=49 depth=-1\nsplattedCloudlets=40 droppedBeforeSplat=0\nslabBase=237.75 slabTop=295.95\ninputMinBaseY=243.75 inputMaxTopY=283.95\noverlapCollapsedToTexelHeightRange=true\ncoverageRange=0.01..1.00 activeTexels=215\nbaseHeightRange=243.68..274.95 topHeightRange=253.95..283.85\nthicknessRange=2.28..28.98\ntexelsWithMultipleCloudlets=unknown\n\nDepth and composite\nsceneRayLimitEnabled=true depthAwareCompositeEnabled=true\ndepthTolerance=max(0.00002,(1-selectedDepth)*0.08)\ndownscaleFactor=0.50 upsampleMode=depth-paired bilinear cloud_field_composite\nrejectionLogicActive=true rejectedSamples=unknown
[12:04:58] [Render thread/INFO] [projectatmosphere/]: [VolumetricClouds] status rendered cells=40 source=fields syncedCells=6 syncedFields=2 weatherCells=40 fieldCloudlets=40 regionalSource=disabled_for_fields debug[depthComposite=true sceneRayLimit=true fullres=false] historyValid=true tuning[density=1.45 coverage=1.25 extinction=0.115 historyBlend=0.85] regionalCoverage=0.000 cloudCover=0.209 slab=237.7..295.9 camY=251.8 lightDir=(0.99,0.11,0.12) lightColor=(1.09,0.69,0.46) ambTop=(0.27,0.20,0.25) ambBot=(0.23,0.16,0.20) composited=true funnels=0 gpuMs=0.254976
[12:05:03] [Render thread/INFO] [projectatmosphere/]: [VolumetricClouds] status rendered cells=40 source=fields syncedCells=6 syncedFields=2 weatherCells=40 fieldCloudlets=40 regionalSource=disabled_for_fields debug[depthComposite=true sceneRayLimit=true fullres=false] historyValid=true tuning[density=1.45 coverage=1.25 extinction=0.115 historyBlend=0.85] regionalCoverage=0.000 cloudCover=0.209 slab=237.7..295.9 camY=251.8 lightDir=(0.99,0.11,0.12) lightColor=(1.09,0.69,0.46) ambTop=(0.27,0.20,0.25) ambBot=(0.23,0.16,0.20) composited=true funnels=0 gpuMs=0.272384
[12:05:08] [Render thread/INFO] [projectatmosphere/]: [VolumetricClouds] status rendered cells=40 source=fields syncedCells=6 syncedFields=2 weatherCells=40 fieldCloudlets=40 regionalSource=disabled_for_fields debug[depthComposite=true sceneRayLimit=true fullres=false] historyValid=true tuning[density=1.45 coverage=1.25 extinction=0.115 historyBlend=0.85] regionalCoverage=0.000 cloudCover=0.209 slab=237.7..295.9 camY=251.8 lightDir=(0.99,0.11,0.12) lightColor=(1.09,0.69,0.46) ambTop=(0.27,0.20,0.25) ambBot=(0.23,0.16,0.20) composited=true funnels=0 gpuMs=0.256
[12:05:13] [Render thread/INFO] [projectatmosphere/]: [VolumetricClouds] status rendered cells=40 source=fields syncedCells=6 syncedFields=2 weatherCells=40 fieldCloudlets=40 regionalSource=disabled_for_fields debug[depthComposite=true sceneRayLimit=true fullres=false] historyValid=true tuning[density=1.45 coverage=1.25 extinction=0.115 historyBlend=0.85] regionalCoverage=0.000 cloudCover=0.209 slab=237.7..295.9 camY=251.8 lightDir=(0.99,0.11,0.12) lightColor=(1.09,0.69,0.46) ambTop=(0.27,0.20,0.25) ambBot=(0.23,0.16,0.20) composited=true funnels=0 gpuMs=0.256
[12:05:18] [Render thread/INFO] [projectatmosphere/]: [VolumetricClouds] status rendered cells=40 source=fields syncedCells=6 syncedFields=2 weatherCells=40 fieldCloudlets=40 regionalSource=disabled_for_fields debug[depthComposite=true sceneRayLimit=true fullres=false] historyValid=true tuning[density=1.45 coverage=1.25 extinction=0.115 historyBlend=0.85] regionalCoverage=0.000 cloudCover=0.209 slab=237.7..295.9 camY=251.8 lightDir=(0.99,0.11,0.12) lightColor=(1.09,0.69,0.46) ambTop=(0.27,0.20,0.25) ambBot=(0.23,0.16,0.20) composited=true funnels=0 gpuMs=0.262144
[12:05:23] [Render thread/INFO] [projectatmosphere/]: [VolumetricClouds] status rendered cells=40 source=fields syncedCells=6 syncedFields=2 weatherCells=40 fieldCloudlets=40 regionalSource=disabled_for_fields debug[depthComposite=true sceneRayLimit=true fullres=false] historyValid=true tuning[density=1.45 coverage=1.25 extinction=0.115 historyBlend=0.85] regionalCoverage=0.000 cloudCover=0.209 slab=237.7..295.9 camY=251.8 lightDir=(0.99,0.11,0.12) lightColor=(1.09,0.69,0.46) ambTop=(0.27,0.20,0.25) ambBot=(0.23,0.16,0.20) composited=true funnels=0 gpuMs=0.584704
[12:05:28] [Render thread/INFO] [projectatmosphere/]: [VolumetricClouds] status rendered cells=40 source=fields syncedCells=6 syncedFields=2 weatherCells=40 fieldCloudlets=40 regionalSource=disabled_for_fields debug[depthComposite=true sceneRayLimit=true fullres=false] historyValid=true tuning[density=1.45 coverage=1.25 extinction=0.115 historyBlend=0.85] regionalCoverage=0.000 cloudCover=0.209 slab=237.7..295.9 camY=251.8 lightDir=(0.99,0.11,0.12) lightColor=(1.09,0.69,0.46) ambTop=(0.27,0.20,0.25) ambBot=(0.23,0.16,0.20) composited=true funnels=0 gpuMs=0.254976
[12:05:33] [Render thread/INFO] [projectatmosphere/]: [VolumetricClouds] status rendered cells=40 source=fields syncedCells=6 syncedFields=2 weatherCells=40 fieldCloudlets=40 regionalSource=disabled_for_fields debug[depthComposite=true sceneRayLimit=true fullres=false] historyValid=true tuning[density=1.45 coverage=1.25 extinction=0.115 historyBlend=0.85] regionalCoverage=0.000 cloudCover=0.209 slab=237.7..295.9 camY=251.8 lightDir=(0.99,0.11,0.12) lightColor=(1.09,0.69,0.46) ambTop=(0.27,0.20,0.25) ambBot=(0.23,0.16,0.20) composited=true funnels=0 gpuMs=0.28672
[12:05:38] [Render thread/INFO] [projectatmosphere/]: [VolumetricClouds] status rendered cells=40 source=fields syncedCells=6 syncedFields=2 weatherCells=40 fieldCloudlets=40 regionalSource=disabled_for_fields debug[depthComposite=true sceneRayLimit=true fullres=false] historyValid=true tuning[density=1.45 coverage=1.25 extinction=0.115 historyBlend=0.85] regionalCoverage=0.000 cloudCover=0.209 slab=237.7..295.9 camY=251.8 lightDir=(0.99,0.11,0.12) lightColor=(1.09,0.69,0.46) ambTop=(0.27,0.20,0.25) ambBot=(0.23,0.16,0.20) composited=true funnels=0 gpuMs=0.581632
[12:05:43] [Render thread/INFO] [projectatmosphere/]: [VolumetricClouds] status rendered cells=40 source=fields syncedCells=6 syncedFields=2 weatherCells=40 fieldCloudlets=40 regionalSource=disabled_for_fields debug[depthComposite=true sceneRayLimit=true fullres=false] historyValid=true tuning[density=1.45 coverage=1.25 extinction=0.115 historyBlend=0.85] regionalCoverage=0.000 cloudCover=0.209 slab=237.7..295.9 camY=251.8 lightDir=(0.99,0.11,0.12) lightColor=(1.09,0.69,0.46) ambTop=(0.27,0.20,0.25) ambBot=(0.23,0.16,0.20) composited=true funnels=0 gpuMs=0.275456
[12:05:48] [Render thread/INFO] [projectatmosphere/]: [VolumetricClouds] status rendered cells=40 source=fields syncedCells=6 syncedFields=2 weatherCells=40 fieldCloudlets=40 regionalSource=disabled_for_fields debug[depthComposite=true sceneRayLimit=true fullres=false] historyValid=true tuning[density=1.45 coverage=1.25 extinction=0.115 historyBlend=0.85] regionalCoverage=0.000 cloudCover=0.209 slab=237.7..295.9 camY=251.8 lightDir=(0.99,0.11,0.12) lightColor=(1.09,0.69,0.46) ambTop=(0.27,0.20,0.25) ambBot=(0.23,0.16,0.20) composited=true funnels=0 gpuMs=0.264192
[12:05:49] [Render thread/INFO] [minecraft/ChatComponent]: [System] [CHAT] Volumetric cloud debug depthComposite off
[12:05:53] [Render thread/INFO] [projectatmosphere/]: [VolumetricClouds] status rendered cells=40 source=fields syncedCells=6 syncedFields=2 weatherCells=40 fieldCloudlets=40 regionalSource=disabled_for_fields debug[depthComposite=false sceneRayLimit=true fullres=false] historyValid=true tuning[density=1.45 coverage=1.25 extinction=0.115 historyBlend=0.85] regionalCoverage=0.000 cloudCover=0.209 slab=237.7..295.9 camY=250.6 lightDir=(0.99,0.11,0.12) lightColor=(1.09,0.69,0.46) ambTop=(0.27,0.20,0.25) ambBot=(0.23,0.16,0.20) composited=true funnels=0 gpuMs=0.260096
[12:05:54] [Server thread/INFO] [minecraft/IntegratedServer]: Saving and pausing game...
[12:05:54] [Server thread/INFO] [minecraft/MinecraftServer]: Saving chunks for level 'ServerLevel[SimpleCloud created then removed]'/minecraft:overworld
[12:05:54] [Server thread/INFO] [minecraft/MinecraftServer]: Saving chunks for level 'ServerLevel[SimpleCloud created then removed]'/minecraft:the_end
[12:05:54] [Server thread/INFO] [minecraft/MinecraftServer]: Saving chunks for level 'ServerLevel[SimpleCloud created then removed]'/minecraft:the_nether
[12:05:54] [Server thread/DEBUG] [ne.mi.co.ForgeHooks/WP]: Gathering id map for writing to world save SimpleCloud created then removed
[12:05:54] [Server thread/DEBUG] [ne.mi.co.ForgeHooks/WP]: ID Map collection complete SimpleCloud created then removed
[12:05:58] [Render thread/INFO] [projectatmosphere/]: [VolumetricClouds] status rendered cells=40 source=fields syncedCells=6 syncedFields=2 weatherCells=40 fieldCloudlets=40 regionalSource=disabled_for_fields debug[depthComposite=false sceneRayLimit=true fullres=false] historyValid=true tuning[density=1.45 coverage=1.25 extinction=0.115 historyBlend=0.85] regionalCoverage=0.000 cloudCover=0.209 slab=237.7..295.9 camY=250.6 lightDir=(0.99,0.11,0.12) lightColor=(1.09,0.69,0.46) ambTop=(0.27,0.20,0.25) ambBot=(0.23,0.16,0.20) composited=true funnels=0 gpuMs=0.260096
[12:06:03] [Render thread/INFO] [projectatmosphere/]: [VolumetricClouds] status rendered cells=40 source=fields syncedCells=6 syncedFields=2 weatherCells=40 fieldCloudlets=40 regionalSource=disabled_for_fields debug[depthComposite=false sceneRayLimit=true fullres=false] historyValid=true tuning[density=1.45 coverage=1.25 extinction=0.115 historyBlend=0.85] regionalCoverage=0.000 cloudCover=0.209 slab=237.7..295.9 camY=250.6 lightDir=(0.99,0.11,0.12) lightColor=(1.09,0.69,0.46) ambTop=(0.27,0.20,0.25) ambBot=(0.23,0.16,0.20) composited=true funnels=0 gpuMs=0.257024
[12:06:06] [Render thread/INFO] [minecraft/ChatComponent]: [System] [CHAT] Volumetric cloud debug sceneRayLimit on
[12:06:08] [Render thread/INFO] [projectatmosphere/]: [VolumetricClouds] status rendered cells=40 source=fields syncedCells=6 syncedFields=2 weatherCells=40 fieldCloudlets=40 regionalSource=disabled_for_fields debug[depthComposite=false sceneRayLimit=true fullres=false] historyValid=true tuning[density=1.45 coverage=1.25 extinction=0.115 historyBlend=0.85] regionalCoverage=0.000 cloudCover=0.209 slab=237.7..295.9 camY=249.5 lightDir=(0.99,0.11,0.12) lightColor=(1.09,0.69,0.46) ambTop=(0.27,0.20,0.25) ambBot=(0.23,0.16,0.20) composited=true funnels=0 gpuMs=0.257024
[12:06:13] [Render thread/INFO] [projectatmosphere/]: [VolumetricClouds] status rendered cells=40 source=fields syncedCells=6 syncedFields=2 weatherCells=40 fieldCloudlets=40 regionalSource=disabled_for_fields debug[depthComposite=false sceneRayLimit=true fullres=false] historyValid=true tuning[density=1.45 coverage=1.25 extinction=0.115 historyBlend=0.85] regionalCoverage=0.000 cloudCover=0.209 slab=237.7..295.9 camY=249.5 lightDir=(0.99,0.11,0.12) lightColor=(1.09,0.69,0.46) ambTop=(0.27,0.20,0.25) ambBot=(0.23,0.16,0.20) composited=true funnels=0 gpuMs=0.257024
[12:06:18] [Render thread/INFO] [projectatmosphere/]: [VolumetricClouds] status rendered cells=40 source=fields syncedCells=6 syncedFields=2 weatherCells=40 fieldCloudlets=40 regionalSource=disabled_for_fields debug[depthComposite=false sceneRayLimit=true fullres=false] historyValid=true tuning[density=1.45 coverage=1.25 extinction=0.115 historyBlend=0.85] regionalCoverage=0.000 cloudCover=0.209 slab=237.7..295.9 camY=249.5 lightDir=(0.99,0.11,0.12) lightColor=(1.09,0.69,0.46) ambTop=(0.27,0.20,0.25) ambBot=(0.23,0.16,0.20) composited=true funnels=0 gpuMs=0.252928
[12:06:23] [Render thread/INFO] [projectatmosphere/]: [VolumetricClouds] status rendered cells=40 source=fields syncedCells=6 syncedFields=2 weatherCells=40 fieldCloudlets=40 regionalSource=disabled_for_fields debug[depthComposite=false sceneRayLimit=true fullres=false] historyValid=true tuning[density=1.45 coverage=1.25 extinction=0.115 historyBlend=0.85] regionalCoverage=0.000 cloudCover=0.209 slab=237.7..295.9 camY=249.5 lightDir=(0.99,0.11,0.12) lightColor=(1.09,0.69,0.46) ambTop=(0.27,0.20,0.25) ambBot=(0.23,0.16,0.20) composited=true funnels=0 gpuMs=0.253952
[12:06:24] [Render thread/INFO] [minecraft/ChatComponent]: [System] [CHAT] Volumetric cloud debug fullres off
[12:06:27] [Server thread/INFO] [minecraft/IntegratedServer]: Saving and pausing game...
[12:06:27] [Server thread/INFO] [minecraft/MinecraftServer]: Saving chunks for level 'ServerLevel[SimpleCloud created then removed]'/minecraft:overworld
[12:06:27] [Server thread/INFO] [minecraft/MinecraftServer]: Saving chunks for level 'ServerLevel[SimpleCloud created then removed]'/minecraft:the_end
[12:06:27] [Server thread/INFO] [minecraft/MinecraftServer]: Saving chunks for level 'ServerLevel[SimpleCloud created then removed]'/minecraft:the_nether
[12:06:27] [Server thread/DEBUG] [ne.mi.co.ForgeHooks/WP]: Gathering id map for writing to world save SimpleCloud created then removed
[12:06:27] [Server thread/DEBUG] [ne.mi.co.ForgeHooks/WP]: ID Map collection complete SimpleCloud created then removed
[12:06:28] [Render thread/INFO] [projectatmosphere/]: [VolumetricClouds] status rendered cells=40 source=fields syncedCells=6 syncedFields=2 weatherCells=40 fieldCloudlets=40 regionalSource=disabled_for_fields debug[depthComposite=false sceneRayLimit=true fullres=false] historyValid=true tuning[density=1.45 coverage=1.25 extinction=0.115 historyBlend=0.85] regionalCoverage=0.000 cloudCover=0.209 slab=237.7..295.9 camY=248.0 lightDir=(0.99,0.11,0.12) lightColor=(1.09,0.69,0.46) ambTop=(0.27,0.20,0.25) ambBot=(0.23,0.16,0.20) composited=true funnels=0 gpuMs=0.258048
[12:06:33] [Render thread/INFO] [projectatmosphere/]: [VolumetricClouds] status rendered cells=40 source=fields syncedCells=6 syncedFields=2 weatherCells=40 fieldCloudlets=40 regionalSource=disabled_for_fields debug[depthComposite=false sceneRayLimit=true fullres=false] historyValid=true tuning[density=1.45 coverage=1.25 extinction=0.115 historyBlend=0.85] regionalCoverage=0.000 cloudCover=0.209 slab=237.7..295.9 camY=248.0 lightDir=(0.99,0.11,0.12) lightColor=(1.09,0.69,0.46) ambTop=(0.27,0.20,0.25) ambBot=(0.23,0.16,0.20) composited=true funnels=0 gpuMs=0.26112
[12:06:38] [Render thread/INFO] [projectatmosphere/]: [VolumetricClouds] status rendered cells=40 source=fields syncedCells=6 syncedFields=2 weatherCells=40 fieldCloudlets=40 regionalSource=disabled_for_fields debug[depthComposite=false sceneRayLimit=true fullres=false] historyValid=true tuning[density=1.45 coverage=1.25 extinction=0.115 historyBlend=0.85] regionalCoverage=0.000 cloudCover=0.209 slab=237.7..295.9 camY=248.0 lightDir=(0.99,0.11,0.12) lightColor=(1.09,0.69,0.46) ambTop=(0.27,0.20,0.25) ambBot=(0.23,0.16,0.20) composited=true funnels=0 gpuMs=0.260096
[12:06:39] [Render thread/INFO] [minecraft/ChatComponent]: [System] [CHAT] Volumetric cloud diagnostics\nGeneral\nframe=109407 capturedAtMs=1783267599035 gameTime=452194 partial=0.42\ncamera=-4523.81,248.03,-2668.30\nactive=true quality=medium\ncloudTarget=1280x685 view=1280x685 color=54 depth=55\nmainTarget=2560x1369 view=2560x1369 color=4 depth=5\nhistoryConsumedThisFrame=true historyTargetValidAfterFrame=true\ncompositeMode=final\nsceneDepthTextureId=5 sceneDepthAvailable=true\n\nField info\nreceived=2\n- 9e64c36e source=pa_region center=-4490.59,255.85,-2592.32 radius=79.57 baseTop=243.75..278.89 xz=[-4570.16..-4411.01,-2671.89..-2512.74] cloudlets active=20 target=20 rendered=20 skipped=0 maxCells=false renderCap=false lodHydration=false distanceCull=false reason=rendered\n- 241b9ffc source=pa_region center=-4826.93,256.85,-3272.14 radius=72.21 baseTop=246.37..283.95 xz=[-4899.13..-4754.72,-3344.35..-3199.94] cloudlets active=11 target=20 rendered=20 skipped=0 maxCells=false renderCap=false lodHydration=true distanceCull=false reason=partial\n\nRender cell info\ncount=40\nglobalMinX=-4893.18 globalMaxX=-4425.86 globalMinZ=-3326.06 globalMaxZ=-2535.54\nglobalBaseY=243.75 globalTopY=283.95\n- #0 center=-4470.95,257.51,-2642.85 radius=13.62/10.62 baseTop=245.51..269.52 density=0.71 coverage=unknown\n- #1 center=-4553.20,265.07,-2584.51 radius=16.63/12.97 baseTop=251.25..278.89 density=0.79 coverage=unknown\n- #2 center=-4497.58,271.91,-2541.66 radius=7.85/6.12 baseTop=264.92..278.89 density=0.77 coverage=unknown\n- #3 center=-4440.24,255.70,-2566.05 radius=14.38/11.22 baseTop=245.36..266.03 density=0.67 coverage=unknown\n- #4 center=-4495.82,253.60,-2570.22 radius=10.96/8.55 baseTop=243.75..263.45 density=0.95 coverage=unknown\n- #5 center=-4441.00,271.83,-2599.69 radius=9.76/7.61 baseTop=265.91..277.75 density=0.95 coverage=unknown\n- #6 center=-4519.80,267.96,-2610.50 radius=15.42/12.03 baseTop=257.04..278.89 density=0.72 coverage=unknown\n- #7 center=-4454.91,266.86,-2620.33 radius=17.40/13.58 baseTop=254.84..278.89 density=0.89 coverage=unknown\n- #8 center=-4472.65,255.46,-2606.30 radius=17.59/13.72 baseTop=243.75..267.17 density=0.70 coverage=unknown\n- #9 center=-4487.92,264.60,-2587.41 radius=17.88/13.95 baseTop=250.31..278.89 density=1.00 coverage=unknown\n- #10 center=-4540.94,257.80,-2621.37 radius=10.36/8.08 baseTop=249.77..265.83 density=1.00 coverage=unknown\n- #11 center=-4548.07,267.75,-2611.91 radius=13.48/10.52 baseTop=256.61..278.89 density=0.63 coverage=unknown\n- #12 center=-4474.98,262.83,-2589.41 radius=13.54/10.56 baseTop=254.65..271.01 density=0.89 coverage=unknown\n- #13 center=-4545.48,256.61,-2573.06 radius=10.08/7.86 baseTop=250.02..263.21 density=0.88 coverage=unknown\n- #14 center=-4499.65,268.53,-2623.55 radius=10.04/7.83 baseTop=258.18..278.89 density=0.71 coverage=unknown\n- #15 center=-4522.28,268.15,-2639.58 radius=9.35/7.29 baseTop=261.57..274.73 density=0.79 coverage=unknown\n- #16 center=-4517.98,265.20,-2644.77 radius=9.54/7.44 baseTop=254.46..275.95 density=0.64 coverage=unknown\n- #17 center=-4472.02,254.54,-2651.23 radius=17.22/13.43 baseTop=243.75..265.34 density=0.85 coverage=unknown\n- #18 center=-4482.67,266.13,-2579.58 radius=17.41/13.58 baseTop=253.37..278.89 density=0.81 coverage=unknown\n- #19 center=-4504.13,272.57,-2545.06 radius=11.17/8.71 baseTop=266.26..278.89 density=0.72 coverage=unknown\n- #20 center=-4850.54,258.61,-3282.66 radius=16.89/13.17 baseTop=246.37..270.86 density=0.77 coverage=unknown\n- #21 center=-4844.61,259.14,-3304.62 radius=17.40/13.57 baseTop=246.37..271.90 density=0.81 coverage=unknown\n- #22 center=-4879.53,260.92,-3252.64 radius=13.65/10.64 baseTop=246.37..275.48 density=0.67 coverage=unknown\n- #23 center=-4876.26,268.44,-3267.43 radius=11.37/8.87 baseTop=256.86..280.03 density=0.61 coverage=unknown\n- #24 center=-4776.80,272.49,-3279.16 radius=15.25/11.90 baseTop=263.04..281.93 density=0.88 coverage=unknown\n- #25 center=-4818.92,263.09,-3252.89 radius=15.63/12.19 baseTop=253.48..272.70 density=0.77 coverage=unknown\n- #26 center=-4810.00,277.65,-3283.73 radius=8.22/6.41 baseTop=271.36..283.95 density=0.76 coverage=unknown\n- #27 center=-4838.62,264.12,-3316.56 radius=12.19/9.51 baseTop=252.90..275.34 density=0.80 coverage=unknown\n- #28 center=-4790.70,270.24,-3232.57 radius=8.90/6.94 baseTop=263.31..277.17 density=0.76 coverage=unknown\n- #29 center=-4840.45,268.10,-3317.31 radius=8.81/6.87 baseTop=261.95..274.25 density=0.75 coverage=unknown\n- #30 center=-4771.32,273.52,-3263.31 radius=12.56/9.79 baseTop=263.08..283.95 density=0.83 coverage=unknown\n- #31 center=-4770.97,266.40,-3260.20 radius=10.26/8.00 baseTop=258.85..273.95 density=0.66 coverage=unknown\n- #32 center=-4782.54,270.43,-3300.54 radius=12.46/9.72 baseTop=260.40..280.45 density=0.67 coverage=unknown\n- #33 center=-4813.71,258.39,-3302.97 radius=13.54/10.56 baseTop=248.15..268.62 density=0.66 coverage=unknown\n- #34 center=-4855.86,260.08,-3310.58 radius=14.83/11.57 baseTop=246.37..273.80 density=0.67 coverage=unknown\n- #35 center=-4811.92,252.78,-3312.39 radius=12.34/9.62 baseTop=246.37..259.18 density=0.85 coverage=unknown\n- #36 center=-4854.79,270.04,-3310.39 radius=10.02/7.82 baseTop=261.77..278.31 density=0.87 coverage=unknown\n- #37 center=-4782.61,252.77,-3305.72 radius=9.81/7.65 baseTop=246.37..259.17 density=0.80 coverage=unknown\n- #38 center=-4870.98,277.31,-3266.80 radius=8.87/6.92 baseTop=270.68..283.95 density=0.83 coverage=unknown\n- #39 center=-4833.19,273.62,-3281.21 radius=15.19/11.85 baseTop=263.30..283.95 density=0.72 coverage=unknown\n\nWeather map info\norigin=-6576.00,-4720.00 extent=4096.00 textureSize=512x512 view=512x512 color=49 depth=-1\nsplattedCloudlets=40 droppedBeforeSplat=0\nslabBase=237.75 slabTop=295.95\ninputMinBaseY=243.75 inputMaxTopY=283.95\noverlapCollapsedToTexelHeightRange=true\ncoverageRange=0.01..1.00 activeTexels=215\nbaseHeightRange=243.68..274.95 topHeightRange=253.95..283.85\nthicknessRange=2.28..28.98\ntexelsWithMultipleCloudlets=unknown\n\nDepth and composite\nsceneRayLimitEnabled=true depthAwareCompositeEnabled=false\ndepthTolerance=max(0.00002,(1-selectedDepth)*0.08)\ndownscaleFactor=0.50 upsampleMode=debug raw bilinear cloud_field_composite\nrejectionLogicActive=false rejectedSamples=unknown
[12:06:39] [Server thread/INFO] [minecraft/IntegratedServer]: Saving and pausing game...
[12:06:39] [Server thread/INFO] [minecraft/MinecraftServer]: Saving chunks for level 'ServerLevel[SimpleCloud created then removed]'/minecraft:overworld
[12:06:39] [Server thread/INFO] [minecraft/MinecraftServer]: Saving chunks for level 'ServerLevel[SimpleCloud created then removed]'/minecraft:the_end
[12:06:39] [Server thread/INFO] [minecraft/MinecraftServer]: Saving chunks for level 'ServerLevel[SimpleCloud created then removed]'/minecraft:the_nether
[12:06:39] [Server thread/DEBUG] [ne.mi.co.ForgeHooks/WP]: Gathering id map for writing to world save SimpleCloud created then removed
[12:06:39] [Server thread/DEBUG] [ne.mi.co.ForgeHooks/WP]: ID Map collection complete SimpleCloud created then removed
[12:06:43] [Render thread/INFO] [projectatmosphere/]: [VolumetricClouds] status rendered cells=40 source=fields syncedCells=6 syncedFields=2 weatherCells=40 fieldCloudlets=40 regionalSource=disabled_for_fields debug[depthComposite=false sceneRayLimit=true fullres=false] historyValid=true tuning[density=1.45 coverage=1.25 extinction=0.115 historyBlend=0.85] regionalCoverage=0.000 cloudCover=0.209 slab=237.7..295.9 camY=248.0 lightDir=(0.99,0.11,0.12) lightColor=(1.09,0.69,0.46) ambTop=(0.27,0.20,0.25) ambBot=(0.23,0.16,0.20) composited=true funnels=0 gpuMs=0.786432
[12:06:48] [Render thread/INFO] [projectatmosphere/]: [VolumetricClouds] status rendered cells=40 source=fields syncedCells=6 syncedFields=2 weatherCells=40 fieldCloudlets=40 regionalSource=disabled_for_fields debug[depthComposite=false sceneRayLimit=true fullres=false] historyValid=true tuning[density=1.45 coverage=1.25 extinction=0.115 historyBlend=0.85] regionalCoverage=0.000 cloudCover=0.209 slab=237.7..295.9 camY=248.0 lightDir=(0.99,0.11,0.12) lightColor=(1.09,0.69,0.46) ambTop=(0.27,0.20,0.25) ambBot=(0.23,0.16,0.20) composited=true funnels=0 gpuMs=0.589824
[12:06:53] [Render thread/INFO] [projectatmosphere/]: [VolumetricClouds] status rendered cells=40 source=fields syncedCells=6 syncedFields=2 weatherCells=40 fieldCloudlets=40 regionalSource=disabled_for_fields debug[depthComposite=false sceneRayLimit=true fullres=false] historyValid=true tuning[density=1.45 coverage=1.25 extinction=0.115 historyBlend=0.85] regionalCoverage=0.000 cloudCover=0.209 slab=237.7..295.9 camY=248.0 lightDir=(0.99,0.11,0.12) lightColor=(1.09,0.69,0.46) ambTop=(0.27,0.20,0.25) ambBot=(0.23,0.16,0.20) composited=true funnels=0 gpuMs=0.258048
[12:06:58] [Render thread/INFO] [projectatmosphere/]: [VolumetricClouds] status rendered cells=40 source=fields syncedCells=6 syncedFields=2 weatherCells=40 fieldCloudlets=40 regionalSource=disabled_for_fields debug[depthComposite=false sceneRayLimit=true fullres=false] historyValid=true tuning[density=1.45 coverage=1.25 extinction=0.115 historyBlend=0.85] regionalCoverage=0.000 cloudCover=0.209 slab=237.7..295.9 camY=248.0 lightDir=(0.99,0.11,0.12) lightColor=(1.09,0.69,0.46) ambTop=(0.27,0.20,0.25) ambBot=(0.23,0.16,0.20) composited=true funnels=0 gpuMs=0.57856
[12:07:03] [Render thread/INFO] [projectatmosphere/]: [VolumetricClouds] status rendered cells=40 source=fields syncedCells=6 syncedFields=2 weatherCells=40 fieldCloudlets=40 regionalSource=disabled_for_fields debug[depthComposite=false sceneRayLimit=true fullres=false] historyValid=true tuning[density=1.45 coverage=1.25 extinction=0.115 historyBlend=0.85] regionalCoverage=0.000 cloudCover=0.209 slab=237.7..295.9 camY=248.0 lightDir=(0.99,0.11,0.12) lightColor=(1.09,0.69,0.46) ambTop=(0.27,0.20,0.25) ambBot=(0.23,0.16,0.20) composited=true funnels=0 gpuMs=0.582656
[12:07:08] [Render thread/INFO] [projectatmosphere/]: [VolumetricClouds] status rendered cells=40 source=fields syncedCells=6 syncedFields=2 weatherCells=40 fieldCloudlets=40 regionalSource=disabled_for_fields debug[depthComposite=false sceneRayLimit=true fullres=false] historyValid=true tuning[density=1.45 coverage=1.25 extinction=0.115 historyBlend=0.85] regionalCoverage=0.000 cloudCover=0.209 slab=237.7..295.9 camY=248.0 lightDir=(0.99,0.11,0.12) lightColor=(1.09,0.69,0.46) ambTop=(0.27,0.20,0.25) ambBot=(0.23,0.16,0.20) composited=true funnels=0 gpuMs=0.579584
[12:07:13] [Render thread/INFO] [projectatmosphere/]: [VolumetricClouds] status rendered cells=40 source=fields syncedCells=6 syncedFields=2 weatherCells=40 fieldCloudlets=40 regionalSource=disabled_for_fields debug[depthComposite=false sceneRayLimit=true fullres=false] historyValid=true tuning[density=1.45 coverage=1.25 extinction=0.115 historyBlend=0.85] regionalCoverage=0.000 cloudCover=0.209 slab=237.7..295.9 camY=248.0 lightDir=(0.99,0.11,0.12) lightColor=(1.09,0.69,0.46) ambTop=(0.27,0.20,0.25) ambBot=(0.23,0.16,0.20) composited=true funnels=0 gpuMs=0.254976
[12:07:13] [Render thread/INFO] [minecraft/ChatComponent]: [System] [CHAT] Volumetric cloud debug depthComposite on
[12:07:18] [Render thread/INFO] [projectatmosphere/]: [VolumetricClouds] status rendered cells=40 source=fields syncedCells=6 syncedFields=2 weatherCells=40 fieldCloudlets=40 regionalSource=disabled_for_fields debug[depthComposite=true sceneRayLimit=true fullres=false] historyValid=true tuning[density=1.45 coverage=1.25 extinction=0.115 historyBlend=0.85] regionalCoverage=0.000 cloudCover=0.209 slab=237.7..295.9 camY=248.0 lightDir=(0.99,0.11,0.12) lightColor=(1.09,0.69,0.46) ambTop=(0.27,0.20,0.25) ambBot=(0.23,0.16,0.20) composited=true funnels=0 gpuMs=0.256
[12:07:23] [Render thread/INFO] [minecraft/ChatComponent]: [System] [CHAT] Volumetric cloud debug sceneRayLimit off
[12:07:23] [Render thread/INFO] [projectatmosphere/]: [VolumetricClouds] status rendered cells=40 source=fields syncedCells=6 syncedFields=2 weatherCells=40 fieldCloudlets=40 regionalSource=disabled_for_fields debug[depthComposite=true sceneRayLimit=false fullres=false] historyValid=true tuning[density=1.45 coverage=1.25 extinction=0.115 historyBlend=0.85] regionalCoverage=0.000 cloudCover=0.209 slab=237.7..295.9 camY=248.0 lightDir=(0.99,0.11,0.12) lightColor=(1.09,0.69,0.46) ambTop=(0.27,0.20,0.25) ambBot=(0.23,0.16,0.20) composited=true funnels=0 gpuMs=0.253952
[12:07:27] [Render thread/INFO] [minecraft/ChatComponent]: [System] [CHAT] Volumetric cloud debug fullres off
[12:07:28] [Render thread/INFO] [projectatmosphere/]: [VolumetricClouds] status rendered cells=40 source=fields syncedCells=6 syncedFields=2 weatherCells=40 fieldCloudlets=40 regionalSource=disabled_for_fields debug[depthComposite=true sceneRayLimit=false fullres=false] historyValid=true tuning[density=1.45 coverage=1.25 extinction=0.115 historyBlend=0.85] regionalCoverage=0.000 cloudCover=0.209 slab=237.7..295.9 camY=248.0 lightDir=(0.99,0.11,0.12) lightColor=(1.09,0.69,0.46) ambTop=(0.27,0.20,0.25) ambBot=(0.23,0.16,0.20) composited=true funnels=0 gpuMs=0.26624
[12:07:33] [Render thread/INFO] [projectatmosphere/]: [VolumetricClouds] status rendered cells=40 source=fields syncedCells=6 syncedFields=2 weatherCells=40 fieldCloudlets=40 regionalSource=disabled_for_fields debug[depthComposite=true sceneRayLimit=false fullres=false] historyValid=true tuning[density=1.45 coverage=1.25 extinction=0.115 historyBlend=0.85] regionalCoverage=0.000 cloudCover=0.209 slab=237.7..295.9 camY=248.0 lightDir=(0.99,0.11,0.12) lightColor=(1.09,0.69,0.46) ambTop=(0.27,0.20,0.25) ambBot=(0.23,0.16,0.20) composited=true funnels=0 gpuMs=0.275456
[12:07:38] [Render thread/INFO] [projectatmosphere/]: [VolumetricClouds] status rendered cells=40 source=fields syncedCells=6 syncedFields=2 weatherCells=40 fieldCloudlets=40 regionalSource=disabled_for_fields debug[depthComposite=true sceneRayLimit=false fullres=false] historyValid=true tuning[density=1.45 coverage=1.25 extinction=0.115 historyBlend=0.85] regionalCoverage=0.000 cloudCover=0.209 slab=237.7..295.9 camY=248.0 lightDir=(0.99,0.11,0.12) lightColor=(1.09,0.69,0.46) ambTop=(0.27,0.20,0.25) ambBot=(0.23,0.16,0.20) composited=true funnels=0 gpuMs=0.58368
[12:07:43] [Render thread/INFO] [projectatmosphere/]: [VolumetricClouds] status rendered cells=40 source=fields syncedCells=6 syncedFields=2 weatherCells=40 fieldCloudlets=40 regionalSource=disabled_for_fields debug[depthComposite=true sceneRayLimit=false fullres=false] historyValid=true tuning[density=1.45 coverage=1.25 extinction=0.115 historyBlend=0.85] regionalCoverage=0.000 cloudCover=0.209 slab=237.7..295.9 camY=248.0 lightDir=(0.99,0.11,0.12) lightColor=(1.09,0.69,0.46) ambTop=(0.27,0.20,0.25) ambBot=(0.23,0.16,0.20) composited=true funnels=0 gpuMs=0.258048
[12:07:47] [Render thread/INFO] [minecraft/ChatComponent]: [System] [CHAT] Volumetric cloud diagnostics\nGeneral\nframe=153152 capturedAtMs=1783267667415 gameTime=452910 partial=0.56\ncamera=-4523.81,248.03,-2668.30\nactive=true quality=medium\ncloudTarget=1280x685 view=1280x685 color=56 depth=57\nmainTarget=2560x1369 view=2560x1369 color=4 depth=5\nhistoryConsumedThisFrame=true historyTargetValidAfterFrame=true\ncompositeMode=final\nsceneDepthTextureId=5 sceneDepthAvailable=true\n\nField info\nreceived=2\n- 9e64c36e source=pa_region center=-4490.59,255.85,-2592.32 radius=79.57 baseTop=243.75..278.89 xz=[-4570.16..-4411.01,-2671.89..-2512.74] cloudlets active=20 target=20 rendered=20 skipped=0 maxCells=false renderCap=false lodHydration=false distanceCull=false reason=rendered\n- 241b9ffc source=pa_region center=-4826.93,256.85,-3272.14 radius=72.21 baseTop=246.37..283.95 xz=[-4899.13..-4754.72,-3344.35..-3199.94] cloudlets active=11 target=20 rendered=20 skipped=0 maxCells=false renderCap=false lodHydration=true distanceCull=false reason=partial\n\nRender cell info\ncount=40\nglobalMinX=-4893.18 globalMaxX=-4425.86 globalMinZ=-3326.06 globalMaxZ=-2535.54\nglobalBaseY=243.75 globalTopY=283.95\n- #0 center=-4470.95,257.51,-2642.85 radius=13.62/10.62 baseTop=245.51..269.52 density=0.71 coverage=unknown\n- #1 center=-4553.20,265.07,-2584.51 radius=16.63/12.97 baseTop=251.25..278.89 density=0.79 coverage=unknown\n- #2 center=-4497.58,271.91,-2541.66 radius=7.85/6.12 baseTop=264.92..278.89 density=0.77 coverage=unknown\n- #3 center=-4440.24,255.70,-2566.05 radius=14.38/11.22 baseTop=245.36..266.03 density=0.67 coverage=unknown\n- #4 center=-4495.82,253.60,-2570.22 radius=10.96/8.55 baseTop=243.75..263.45 density=0.95 coverage=unknown\n- #5 center=-4441.00,271.83,-2599.69 radius=9.76/7.61 baseTop=265.91..277.75 density=0.95 coverage=unknown\n- #6 center=-4519.80,267.96,-2610.50 radius=15.42/12.03 baseTop=257.04..278.89 density=0.72 coverage=unknown\n- #7 center=-4454.91,266.86,-2620.33 radius=17.40/13.58 baseTop=254.84..278.89 density=0.89 coverage=unknown\n- #8 center=-4472.65,255.46,-2606.30 radius=17.59/13.72 baseTop=243.75..267.17 density=0.70 coverage=unknown\n- #9 center=-4487.92,264.60,-2587.41 radius=17.88/13.95 baseTop=250.31..278.89 density=1.00 coverage=unknown\n- #10 center=-4540.94,257.80,-2621.37 radius=10.36/8.08 baseTop=249.77..265.83 density=1.00 coverage=unknown\n- #11 center=-4548.07,267.75,-2611.91 radius=13.48/10.52 baseTop=256.61..278.89 density=0.63 coverage=unknown\n- #12 center=-4474.98,262.83,-2589.41 radius=13.54/10.56 baseTop=254.65..271.01 density=0.89 coverage=unknown\n- #13 center=-4545.48,256.61,-2573.06 radius=10.08/7.86 baseTop=250.02..263.21 density=0.88 coverage=unknown\n- #14 center=-4499.65,268.53,-2623.55 radius=10.04/7.83 baseTop=258.18..278.89 density=0.71 coverage=unknown\n- #15 center=-4522.28,268.15,-2639.58 radius=9.35/7.29 baseTop=261.57..274.73 density=0.79 coverage=unknown\n- #16 center=-4517.98,265.20,-2644.77 radius=9.54/7.44 baseTop=254.46..275.95 density=0.64 coverage=unknown\n- #17 center=-4472.02,254.54,-2651.23 radius=17.22/13.43 baseTop=243.75..265.34 density=0.85 coverage=unknown\n- #18 center=-4482.67,266.13,-2579.58 radius=17.41/13.58 baseTop=253.37..278.89 density=0.81 coverage=unknown\n- #19 center=-4504.13,272.57,-2545.06 radius=11.17/8.71 baseTop=266.26..278.89 density=0.72 coverage=unknown\n- #20 center=-4850.54,258.61,-3282.66 radius=16.89/13.17 baseTop=246.37..270.86 density=0.77 coverage=unknown\n- #21 center=-4844.61,259.14,-3304.62 radius=17.40/13.57 baseTop=246.37..271.90 density=0.81 coverage=unknown\n- #22 center=-4879.53,260.92,-3252.64 radius=13.65/10.64 baseTop=246.37..275.48 density=0.67 coverage=unknown\n- #23 center=-4876.26,268.44,-3267.43 radius=11.37/8.87 baseTop=256.86..280.03 density=0.61 coverage=unknown\n- #24 center=-4776.80,272.49,-3279.16 radius=15.25/11.90 baseTop=263.04..281.93 density=0.88 coverage=unknown\n- #25 center=-4818.92,263.09,-3252.89 radius=15.63/12.19 baseTop=253.48..272.70 density=0.77 coverage=unknown\n- #26 center=-4810.00,277.65,-3283.73 radius=8.22/6.41 baseTop=271.36..283.95 density=0.76 coverage=unknown\n- #27 center=-4838.62,264.12,-3316.56 radius=12.19/9.51 baseTop=252.90..275.34 density=0.80 coverage=unknown\n- #28 center=-4790.70,270.24,-3232.57 radius=8.90/6.94 baseTop=263.31..277.17 density=0.76 coverage=unknown\n- #29 center=-4840.45,268.10,-3317.31 radius=8.81/6.87 baseTop=261.95..274.25 density=0.75 coverage=unknown\n- #30 center=-4771.32,273.52,-3263.31 radius=12.56/9.79 baseTop=263.08..283.95 density=0.83 coverage=unknown\n- #31 center=-4770.97,266.40,-3260.20 radius=10.26/8.00 baseTop=258.85..273.95 density=0.66 coverage=unknown\n- #32 center=-4782.54,270.43,-3300.54 radius=12.46/9.72 baseTop=260.40..280.45 density=0.67 coverage=unknown\n- #33 center=-4813.71,258.39,-3302.97 radius=13.54/10.56 baseTop=248.15..268.62 density=0.66 coverage=unknown\n- #34 center=-4855.86,260.08,-3310.58 radius=14.83/11.57 baseTop=246.37..273.80 density=0.67 coverage=unknown\n- #35 center=-4811.92,252.78,-3312.39 radius=12.34/9.62 baseTop=246.37..259.18 density=0.85 coverage=unknown\n- #36 center=-4854.79,270.04,-3310.39 radius=10.02/7.82 baseTop=261.77..278.31 density=0.87 coverage=unknown\n- #37 center=-4782.61,252.77,-3305.72 radius=9.81/7.65 baseTop=246.37..259.17 density=0.80 coverage=unknown\n- #38 center=-4870.98,277.31,-3266.80 radius=8.87/6.92 baseTop=270.68..283.95 density=0.83 coverage=unknown\n- #39 center=-4833.19,273.62,-3281.21 radius=15.19/11.85 baseTop=263.30..283.95 density=0.72 coverage=unknown\n\nWeather map info\norigin=-6576.00,-4720.00 extent=4096.00 textureSize=512x512 view=512x512 color=49 depth=-1\nsplattedCloudlets=40 droppedBeforeSplat=0\nslabBase=237.75 slabTop=295.95\ninputMinBaseY=243.75 inputMaxTopY=283.95\noverlapCollapsedToTexelHeightRange=true\ncoverageRange=0.01..1.00 activeTexels=215\nbaseHeightRange=243.68..274.95 topHeightRange=253.95..283.85\nthicknessRange=2.28..28.98\ntexelsWithMultipleCloudlets=unknown\n\nDepth and composite\nsceneRayLimitEnabled=false depthAwareCompositeEnabled=true\ndepthTolerance=max(0.00002,(1-selectedDepth)*0.08)\ndownscaleFactor=0.50 upsampleMode=depth-paired bilinear cloud_field_composite\nrejectionLogicActive=true rejectedSamples=unknown
[12:07:48] [Render thread/INFO] [projectatmosphere/]: [VolumetricClouds] status rendered cells=40 source=fields syncedCells=6 syncedFields=2 weatherCells=40 fieldCloudlets=40 regionalSource=disabled_for_fields debug[depthComposite=true sceneRayLimit=false fullres=false] historyValid=true tuning[density=1.45 coverage=1.25 extinction=0.115 historyBlend=0.85] regionalCoverage=0.000 cloudCover=0.209 slab=237.7..295.9 camY=248.0 lightDir=(0.99,0.11,0.12) lightColor=(1.09,0.69,0.46) ambTop=(0.27,0.20,0.25) ambBot=(0.23,0.16,0.20) composited=true funnels=0 gpuMs=0.262144
[12:07:53] [Render thread/INFO] [projectatmosphere/]: [VolumetricClouds] status rendered cells=40 source=fields syncedCells=6 syncedFields=2 weatherCells=40 fieldCloudlets=40 regionalSource=disabled_for_fields debug[depthComposite=true sceneRayLimit=false fullres=false] historyValid=true tuning[density=1.45 coverage=1.25 extinction=0.115 historyBlend=0.85] regionalCoverage=0.000 cloudCover=0.209 slab=237.7..295.9 camY=248.0 lightDir=(0.99,0.11,0.12) lightColor=(1.09,0.69,0.46) ambTop=(0.27,0.20,0.25) ambBot=(0.23,0.16,0.20) composited=true funnels=0 gpuMs=0.5888
[12:07:58] [Render thread/INFO] [projectatmosphere/]: [VolumetricClouds] status rendered cells=40 source=fields syncedCells=6 syncedFields=2 weatherCells=40 fieldCloudlets=40 regionalSource=disabled_for_fields debug[depthComposite=true sceneRayLimit=false fullres=false] historyValid=true tuning[density=1.45 coverage=1.25 extinction=0.115 historyBlend=0.85] regionalCoverage=0.000 cloudCover=0.209 slab=237.7..295.9 camY=248.0 lightDir=(0.99,0.11,0.12) lightColor=(1.09,0.69,0.46) ambTop=(0.27,0.20,0.25) ambBot=(0.23,0.16,0.20) composited=true funnels=0 gpuMs=0.26112
[12:08:03] [Render thread/INFO] [projectatmosphere/]: [VolumetricClouds] status rendered cells=40 source=fields syncedCells=6 syncedFields=2 weatherCells=40 fieldCloudlets=40 regionalSource=disabled_for_fields debug[depthComposite=true sceneRayLimit=false fullres=false] historyValid=true tuning[density=1.45 coverage=1.25 extinction=0.115 historyBlend=0.85] regionalCoverage=0.000 cloudCover=0.209 slab=237.7..295.9 camY=248.0 lightDir=(0.99,0.11,0.12) lightColor=(1.09,0.69,0.46) ambTop=(0.27,0.20,0.25) ambBot=(0.23,0.16,0.20) composited=true funnels=0 gpuMs=0.258048
[12:08:06] [Render thread/INFO] [minecraft/ChatComponent]: [System] [CHAT] Volumetric cloud debug depthComposite on
[12:08:08] [Render thread/INFO] [projectatmosphere/]: [VolumetricClouds] status rendered cells=40 source=fields syncedCells=6 syncedFields=2 weatherCells=40 fieldCloudlets=40 regionalSource=disabled_for_fields debug[depthComposite=true sceneRayLimit=false fullres=false] historyValid=true tuning[density=1.45 coverage=1.25 extinction=0.115 historyBlend=0.85] regionalCoverage=0.000 cloudCover=0.209 slab=237.7..295.9 camY=248.0 lightDir=(0.99,0.11,0.12) lightColor=(1.09,0.69,0.46) ambTop=(0.27,0.20,0.25) ambBot=(0.23,0.16,0.20) composited=true funnels=0 gpuMs=0.263168
[12:08:12] [Render thread/INFO] [minecraft/ChatComponent]: [System] [CHAT] Volumetric cloud debug sceneRayLimit on
[12:08:13] [Render thread/INFO] [projectatmosphere/]: [VolumetricClouds] status rendered cells=40 source=fields syncedCells=6 syncedFields=2 weatherCells=40 fieldCloudlets=40 regionalSource=disabled_for_fields debug[depthComposite=true sceneRayLimit=true fullres=false] historyValid=true tuning[density=1.45 coverage=1.25 extinction=0.115 historyBlend=0.85] regionalCoverage=0.000 cloudCover=0.209 slab=237.7..295.9 camY=248.0 lightDir=(0.99,0.11,0.12) lightColor=(1.09,0.69,0.46) ambTop=(0.27,0.20,0.25) ambBot=(0.23,0.16,0.20) composited=true funnels=0 gpuMs=0.267264
[12:08:18] [Render thread/INFO] [projectatmosphere/]: [VolumetricClouds] status rendered cells=40 source=fields syncedCells=6 syncedFields=2 weatherCells=40 fieldCloudlets=40 regionalSource=disabled_for_fields debug[depthComposite=true sceneRayLimit=true fullres=false] historyValid=true tuning[density=1.45 coverage=1.25 extinction=0.115 historyBlend=0.85] regionalCoverage=0.000 cloudCover=0.209 slab=237.7..295.9 camY=248.0 lightDir=(0.99,0.11,0.12) lightColor=(1.09,0.69,0.46) ambTop=(0.27,0.20,0.25) ambBot=(0.23,0.16,0.20) composited=true funnels=0 gpuMs=0.265216
[12:08:18] [Render thread/INFO] [minecraft/ChatComponent]: [System] [CHAT] Volumetric cloud debug fullres on
[12:08:23] [Render thread/INFO] [projectatmosphere/]: [VolumetricClouds] status rendered cells=40 source=fields syncedCells=6 syncedFields=2 weatherCells=40 fieldCloudlets=40 regionalSource=disabled_for_fields debug[depthComposite=true sceneRayLimit=true fullres=true] historyValid=true tuning[density=1.45 coverage=1.25 extinction=0.115 historyBlend=0.85] regionalCoverage=0.000 cloudCover=0.209 slab=237.7..295.9 camY=266.2 lightDir=(0.99,0.11,0.12) lightColor=(1.09,0.69,0.46) ambTop=(0.27,0.20,0.25) ambBot=(0.23,0.16,0.20) composited=true funnels=0 gpuMs=1.639424
[12:08:28] [Render thread/INFO] [projectatmosphere/]: [VolumetricClouds] status rendered cells=40 source=fields syncedCells=6 syncedFields=2 weatherCells=40 fieldCloudlets=40 regionalSource=disabled_for_fields debug[depthComposite=true sceneRayLimit=true fullres=true] historyValid=true tuning[density=1.45 coverage=1.25 extinction=0.115 historyBlend=0.85] regionalCoverage=0.000 cloudCover=0.209 slab=237.7..295.9 camY=256.7 lightDir=(0.99,0.11,0.12) lightColor=(1.09,0.69,0.46) ambTop=(0.27,0.20,0.25) ambBot=(0.23,0.16,0.20) composited=true funnels=0 gpuMs=0.55296
[12:08:31] [Render thread/INFO] [minecraft/ChatComponent]: [System] [CHAT] Volumetric cloud diagnostics\nGeneral\nframe=178452 capturedAtMs=1783267711161 gameTime=453785 partial=0.48\ncamera=-4525.41,256.66,-2673.46\nactive=true quality=medium\ncloudTarget=2560x1369 view=2560x1369 color=56 depth=57\nmainTarget=2560x1369 view=2560x1369 color=4 depth=5\nhistoryConsumedThisFrame=true historyTargetValidAfterFrame=true\ncompositeMode=final\nsceneDepthTextureId=5 sceneDepthAvailable=true\n\nField info\nreceived=2\n- 9e64c36e source=pa_region center=-4490.59,255.85,-2592.32 radius=79.57 baseTop=243.75..278.89 xz=[-4570.16..-4411.01,-2671.89..-2512.74] cloudlets active=20 target=20 rendered=20 skipped=0 maxCells=false renderCap=false lodHydration=false distanceCull=false reason=rendered\n- 241b9ffc source=pa_region center=-4826.93,256.85,-3272.14 radius=72.21 baseTop=246.37..283.95 xz=[-4899.13..-4754.72,-3344.35..-3199.94] cloudlets active=11 target=20 rendered=20 skipped=0 maxCells=false renderCap=false lodHydration=true distanceCull=false reason=partial\n\nRender cell info\ncount=40\nglobalMinX=-4893.18 globalMaxX=-4425.86 globalMinZ=-3326.06 globalMaxZ=-2535.54\nglobalBaseY=243.75 globalTopY=283.95\n- #0 center=-4470.95,257.51,-2642.85 radius=13.62/10.62 baseTop=245.51..269.52 density=0.71 coverage=unknown\n- #1 center=-4553.20,265.07,-2584.51 radius=16.63/12.97 baseTop=251.25..278.89 density=0.79 coverage=unknown\n- #2 center=-4497.58,271.91,-2541.66 radius=7.85/6.12 baseTop=264.92..278.89 density=0.77 coverage=unknown\n- #3 center=-4440.24,255.70,-2566.05 radius=14.38/11.22 baseTop=245.36..266.03 density=0.67 coverage=unknown\n- #4 center=-4495.82,253.60,-2570.22 radius=10.96/8.55 baseTop=243.75..263.45 density=0.95 coverage=unknown\n- #5 center=-4441.00,271.83,-2599.69 radius=9.76/7.61 baseTop=265.91..277.75 density=0.95 coverage=unknown\n- #6 center=-4519.80,267.96,-2610.50 radius=15.42/12.03 baseTop=257.04..278.89 density=0.72 coverage=unknown\n- #7 center=-4454.91,266.86,-2620.33 radius=17.40/13.58 baseTop=254.84..278.89 density=0.89 coverage=unknown\n- #8 center=-4472.65,255.46,-2606.30 radius=17.59/13.72 baseTop=243.75..267.17 density=0.70 coverage=unknown\n- #9 center=-4487.92,264.60,-2587.41 radius=17.88/13.95 baseTop=250.31..278.89 density=1.00 coverage=unknown\n- #10 center=-4540.94,257.80,-2621.37 radius=10.36/8.08 baseTop=249.77..265.83 density=1.00 coverage=unknown\n- #11 center=-4548.07,267.75,-2611.91 radius=13.48/10.52 baseTop=256.61..278.89 density=0.63 coverage=unknown\n- #12 center=-4474.98,262.83,-2589.41 radius=13.54/10.56 baseTop=254.65..271.01 density=0.89 coverage=unknown\n- #13 center=-4545.48,256.61,-2573.06 radius=10.08/7.86 baseTop=250.02..263.21 density=0.88 coverage=unknown\n- #14 center=-4499.65,268.53,-2623.55 radius=10.04/7.83 baseTop=258.18..278.89 density=0.71 coverage=unknown\n- #15 center=-4522.28,268.15,-2639.58 radius=9.35/7.29 baseTop=261.57..274.73 density=0.79 coverage=unknown\n- #16 center=-4517.98,265.20,-2644.77 radius=9.54/7.44 baseTop=254.46..275.95 density=0.64 coverage=unknown\n- #17 center=-4472.02,254.54,-2651.23 radius=17.22/13.43 baseTop=243.75..265.34 density=0.85 coverage=unknown\n- #18 center=-4482.67,266.13,-2579.58 radius=17.41/13.58 baseTop=253.37..278.89 density=0.81 coverage=unknown\n- #19 center=-4504.13,272.57,-2545.06 radius=11.17/8.71 baseTop=266.26..278.89 density=0.72 coverage=unknown\n- #20 center=-4850.54,258.61,-3282.66 radius=16.89/13.17 baseTop=246.37..270.86 density=0.77 coverage=unknown\n- #21 center=-4844.61,259.14,-3304.62 radius=17.40/13.57 baseTop=246.37..271.90 density=0.81 coverage=unknown\n- #22 center=-4879.53,260.92,-3252.64 radius=13.65/10.64 baseTop=246.37..275.48 density=0.67 coverage=unknown\n- #23 center=-4876.26,268.44,-3267.43 radius=11.37/8.87 baseTop=256.86..280.03 density=0.61 coverage=unknown\n- #24 center=-4776.80,272.49,-3279.16 radius=15.25/11.90 baseTop=263.04..281.93 density=0.88 coverage=unknown\n- #25 center=-4818.92,263.09,-3252.89 radius=15.63/12.19 baseTop=253.48..272.70 density=0.77 coverage=unknown\n- #26 center=-4810.00,277.65,-3283.73 radius=8.22/6.41 baseTop=271.36..283.95 density=0.76 coverage=unknown\n- #27 center=-4838.62,264.12,-3316.56 radius=12.19/9.51 baseTop=252.90..275.34 density=0.80 coverage=unknown\n- #28 center=-4790.70,270.24,-3232.57 radius=8.90/6.94 baseTop=263.31..277.17 density=0.76 coverage=unknown\n- #29 center=-4840.45,268.10,-3317.31 radius=8.81/6.87 baseTop=261.95..274.25 density=0.75 coverage=unknown\n- #30 center=-4771.32,273.52,-3263.31 radius=12.56/9.79 baseTop=263.08..283.95 density=0.83 coverage=unknown\n- #31 center=-4770.97,266.40,-3260.20 radius=10.26/8.00 baseTop=258.85..273.95 density=0.66 coverage=unknown\n- #32 center=-4782.54,270.43,-3300.54 radius=12.46/9.72 baseTop=260.40..280.45 density=0.67 coverage=unknown\n- #33 center=-4813.71,258.39,-3302.97 radius=13.54/10.56 baseTop=248.15..268.62 density=0.66 coverage=unknown\n- #34 center=-4855.86,260.08,-3310.58 radius=14.83/11.57 baseTop=246.37..273.80 density=0.67 coverage=unknown\n- #35 center=-4811.92,252.78,-3312.39 radius=12.34/9.62 baseTop=246.37..259.18 density=0.85 coverage=unknown\n- #36 center=-4854.79,270.04,-3310.39 radius=10.02/7.82 baseTop=261.77..278.31 density=0.87 coverage=unknown\n- #37 center=-4782.61,252.77,-3305.72 radius=9.81/7.65 baseTop=246.37..259.17 density=0.80 coverage=unknown\n- #38 center=-4870.98,277.31,-3266.80 radius=8.87/6.92 baseTop=270.68..283.95 density=0.83 coverage=unknown\n- #39 center=-4833.19,273.62,-3281.21 radius=15.19/11.85 baseTop=263.30..283.95 density=0.72 coverage=unknown\n\nWeather map info\norigin=-6576.00,-4728.00 extent=4096.00 textureSize=512x512 view=512x512 color=49 depth=-1\nsplattedCloudlets=40 droppedBeforeSplat=0\nslabBase=237.75 slabTop=295.95\ninputMinBaseY=243.75 inputMaxTopY=283.95\noverlapCollapsedToTexelHeightRange=true\ncoverageRange=0.01..1.00 activeTexels=215\nbaseHeightRange=243.68..274.95 topHeightRange=253.95..283.85\nthicknessRange=2.28..28.98\ntexelsWithMultipleCloudlets=unknown\n\nDepth and composite\nsceneRayLimitEnabled=true depthAwareCompositeEnabled=true\ndepthTolerance=max(0.00002,(1-selectedDepth)*0.08)\ndownscaleFactor=1.00 upsampleMode=depth-paired bilinear cloud_field_composite\nrejectionLogicActive=true rejectedSamples=unknown
[12:08:33] [Render thread/INFO] [projectatmosphere/]: [VolumetricClouds] status rendered cells=40 source=fields syncedCells=6 syncedFields=2 weatherCells=40 fieldCloudlets=40 regionalSource=disabled_for_fields debug[depthComposite=true sceneRayLimit=true fullres=true] historyValid=true tuning[density=1.45 coverage=1.25 extinction=0.115 historyBlend=0.85] regionalCoverage=0.000 cloudCover=0.209 slab=237.7..295.9 camY=256.7 lightDir=(0.99,0.11,0.12) lightColor=(1.09,0.69,0.46) ambTop=(0.27,0.20,0.25) ambBot=(0.23,0.16,0.20) composited=true funnels=0 gpuMs=0.830464
[12:08:38] [Render thread/INFO] [projectatmosphere/]: [VolumetricClouds] status rendered cells=40 source=fields syncedCells=6 syncedFields=2 weatherCells=40 fieldCloudlets=40 regionalSource=disabled_for_fields debug[depthComposite=true sceneRayLimit=true fullres=true] historyValid=true tuning[density=1.45 coverage=1.25 extinction=0.115 historyBlend=0.85] regionalCoverage=0.000 cloudCover=0.205 slab=237.7..295.9 camY=256.7 lightDir=(0.99,0.11,0.12) lightColor=(1.09,0.69,0.46) ambTop=(0.27,0.20,0.25) ambBot=(0.23,0.16,0.20) composited=true funnels=0 gpuMs=0.897024
[12:08:43] [Render thread/INFO] [projectatmosphere/]: [VolumetricClouds] status rendered cells=40 source=fields syncedCells=6 syncedFields=2 weatherCells=40 fieldCloudlets=40 regionalSource=disabled_for_fields debug[depthComposite=true sceneRayLimit=true fullres=true] historyValid=true tuning[density=1.45 coverage=1.25 extinction=0.115 historyBlend=0.85] regionalCoverage=0.000 cloudCover=0.149 slab=237.7..295.9 camY=256.7 lightDir=(0.99,0.11,0.12) lightColor=(1.09,0.69,0.46) ambTop=(0.27,0.20,0.25) ambBot=(0.23,0.16,0.20) composited=true funnels=0 gpuMs=0.835584
[12:08:48] [Render thread/INFO] [projectatmosphere/]: [VolumetricClouds] status rendered cells=40 source=fields syncedCells=6 syncedFields=2 weatherCells=40 fieldCloudlets=40 regionalSource=disabled_for_fields debug[depthComposite=true sceneRayLimit=true fullres=true] historyValid=true tuning[density=1.45 coverage=1.25 extinction=0.115 historyBlend=0.85] regionalCoverage=0.000 cloudCover=0.067 slab=237.7..295.9 camY=256.7 lightDir=(0.99,0.11,0.12) lightColor=(1.09,0.69,0.46) ambTop=(0.27,0.20,0.25) ambBot=(0.23,0.16,0.20) composited=true funnels=0 gpuMs=0.80896
[12:08:53] [Render thread/INFO] [projectatmosphere/]: [VolumetricClouds] status rendered cells=40 source=fields syncedCells=6 syncedFields=2 weatherCells=40 fieldCloudlets=40 regionalSource=disabled_for_fields debug[depthComposite=true sceneRayLimit=true fullres=true] historyValid=true tuning[density=1.45 coverage=1.25 extinction=0.115 historyBlend=0.85] regionalCoverage=0.000 cloudCover=0.039 slab=237.7..295.9 camY=256.7 lightDir=(0.99,0.11,0.12) lightColor=(1.09,0.69,0.46) ambTop=(0.27,0.20,0.25) ambBot=(0.23,0.16,0.20) composited=true funnels=0 gpuMs=0.17408
[12:08:57] [Render thread/INFO] [minecraft/ChatComponent]: [System] [CHAT] Volumetric cloud debug fullres off
[12:08:58] [Render thread/INFO] [projectatmosphere/]: [VolumetricClouds] status rendered cells=20 source=fields syncedCells=6 syncedFields=2 weatherCells=20 fieldCloudlets=20 regionalSource=disabled_for_fields debug[depthComposite=true sceneRayLimit=true fullres=false] historyValid=true tuning[density=1.45 coverage=1.25 extinction=0.115 historyBlend=0.85] regionalCoverage=0.000 cloudCover=0.026 slab=240.4..295.9 camY=256.7 lightDir=(0.99,0.11,0.12) lightColor=(1.09,0.69,0.46) ambTop=(0.27,0.20,0.25) ambBot=(0.23,0.16,0.20) composited=true funnels=0 gpuMs=0.019456
[12:09:01] [Render thread/INFO] [projectatmosphere/]: [CloudAnalytics] GL4.3 compute analytics initialized
[12:09:03] [Render thread/INFO] [projectatmosphere/]: [VolumetricClouds] status rendered cells=20 source=fields syncedCells=6 syncedFields=2 weatherCells=20 fieldCloudlets=20 regionalSource=disabled_for_fields debug[depthComposite=true sceneRayLimit=true fullres=false] historyValid=true tuning[density=1.45 coverage=1.25 extinction=0.115 historyBlend=0.85] regionalCoverage=0.000 cloudCover=0.017 slab=240.4..295.9 camY=256.3 lightDir=(0.99,0.11,0.12) lightColor=(1.09,0.69,0.46) ambTop=(0.27,0.20,0.25) ambBot=(0.23,0.16,0.20) composited=true funnels=0 gpuMs=0.02048
[12:09:05] [Render thread/DEBUG] [chloride/BlockEntityCulling]: Computed BlockEntity whitelist for minecraft:campfire
[12:09:08] [Render thread/INFO] [projectatmosphere/]: [VolumetricClouds] status rendered cells=6 source=cells syncedCells=6 syncedFields=1 weatherCells=6 fieldCloudlets=0 regionalSource=none debug[depthComposite=true sceneRayLimit=true fullres=false] historyValid=true tuning[density=1.05 coverage=1.25 extinction=0.055 historyBlend=0.85] regionalCoverage=0.000 cloudCover=0.012 slab=213.5..286.9 camY=225.4 lightDir=(0.99,0.11,0.12) lightColor=(1.09,0.69,0.46) ambTop=(0.27,0.20,0.25) ambBot=(0.23,0.16,0.20) composited=true funnels=0 gpuMs=0.070656
[12:09:13] [Render thread/INFO] [projectatmosphere/]: [VolumetricClouds] status rendered cells=54 source=fields syncedCells=6 syncedFields=1 weatherCells=54 fieldCloudlets=54 regionalSource=disabled_for_fields debug[depthComposite=true sceneRayLimit=true fullres=false] historyValid=true tuning[density=1.45 coverage=1.25 extinction=0.115 historyBlend=0.85] regionalCoverage=0.000 cloudCover=0.000 slab=145.0..222.6 camY=158.1 lightDir=(0.99,0.11,0.12) lightColor=(1.09,0.69,0.46) ambTop=(0.27,0.20,0.25) ambBot=(0.23,0.16,0.20) composited=true funnels=0 gpuMs=0.096256
[12:09:13] [Render thread/DEBUG] [chloride/EntityCulling]: Computed Entity whitelist for minecraft:chicken
[12:09:13] [Render thread/DEBUG] [chloride/EntityCulling]: Computed Entity whitelist for minecraft:wolf
[12:09:14] [Render thread/DEBUG] [chloride/EntityCulling]: Computed Entity whitelist for minecraft:pig
[12:09:14] [Render thread/DEBUG] [chloride/EntityCulling]: Computed Entity whitelist for minecraft:bee
[12:09:14] [Render thread/DEBUG] [chloride/EntityCulling]: Computed Entity whitelist for minecraft:cow
[12:09:15] [Render thread/DEBUG] [chloride/EntityCulling]: Computed Entity whitelist for minecraft:sheep
[12:09:15] [Render thread/DEBUG] [chloride/EntityCulling]: Computed Entity whitelist for minecraft:item
[12:09:18] [Render thread/INFO] [projectatmosphere/]: [VolumetricClouds] status rendered cells=54 source=fields syncedCells=6 syncedFields=1 weatherCells=54 fieldCloudlets=54 regionalSource=disabled_for_fields debug[depthComposite=true sceneRayLimit=true fullres=false] historyValid=true tuning[density=1.45 coverage=1.25 extinction=0.115 historyBlend=0.85] regionalCoverage=0.000 cloudCover=0.000 slab=145.0..222.6 camY=189.1 lightDir=(0.99,0.11,0.12) lightColor=(1.09,0.69,0.46) ambTop=(0.27,0.20,0.25) ambBot=(0.23,0.16,0.20) composited=true funnels=0 gpuMs=0.191488
[12:09:23] [Render thread/INFO] [projectatmosphere/]: [VolumetricClouds] status rendered cells=54 source=fields syncedCells=6 syncedFields=1 weatherCells=54 fieldCloudlets=54 regionalSource=disabled_for_fields debug[depthComposite=true sceneRayLimit=true fullres=false] historyValid=true tuning[density=1.45 coverage=1.25 extinction=0.115 historyBlend=0.85] regionalCoverage=0.000 cloudCover=0.000 slab=145.0..222.6 camY=185.8 lightDir=(0.99,0.11,0.12) lightColor=(1.09,0.69,0.46) ambTop=(0.27,0.20,0.25) ambBot=(0.23,0.16,0.20) composited=true funnels=0 gpuMs=0.338944
[12:09:28] [Render thread/INFO] [projectatmosphere/]: [VolumetricClouds] status rendered cells=54 source=fields syncedCells=6 syncedFields=1 weatherCells=54 fieldCloudlets=54 regionalSource=disabled_for_fields debug[depthComposite=true sceneRayLimit=true fullres=false] historyValid=true tuning[density=1.45 coverage=1.25 extinction=0.115 historyBlend=0.85] regionalCoverage=0.000 cloudCover=0.000 slab=145.0..222.6 camY=185.8 lightDir=(0.99,0.11,0.12) lightColor=(1.09,0.69,0.46) ambTop=(0.27,0.20,0.25) ambBot=(0.23,0.16,0.20) composited=true funnels=0 gpuMs=0.320512
[12:09:30] [Server thread/INFO] [minecraft/IntegratedServer]: Saving and pausing game...
[12:09:30] [Server thread/INFO] [minecraft/MinecraftServer]: Saving chunks for level 'ServerLevel[SimpleCloud created then removed]'/minecraft:overworld
[12:09:30] [Server thread/INFO] [minecraft/MinecraftServer]: Saving chunks for level 'ServerLevel[SimpleCloud created then removed]'/minecraft:the_end
[12:09:30] [Server thread/INFO] [minecraft/MinecraftServer]: Saving chunks for level 'ServerLevel[SimpleCloud created then removed]'/minecraft:the_nether
[12:09:30] [Server thread/DEBUG] [ne.mi.co.ForgeHooks/WP]: Gathering id map for writing to world save SimpleCloud created then removed
[12:09:30] [Server thread/DEBUG] [ne.mi.co.ForgeHooks/WP]: ID Map collection complete SimpleCloud created then removed
[12:09:33] [Render thread/INFO] [projectatmosphere/]: [VolumetricClouds] status rendered cells=54 source=fields syncedCells=6 syncedFields=1 weatherCells=54 fieldCloudlets=54 regionalSource=disabled_for_fields debug[depthComposite=true sceneRayLimit=true fullres=false] historyValid=true tuning[density=1.45 coverage=1.25 extinction=0.115 historyBlend=0.85] regionalCoverage=0.000 cloudCover=0.000 slab=145.0..222.6 camY=185.8 lightDir=(0.99,0.11,0.12) lightColor=(1.09,0.69,0.46) ambTop=(0.27,0.20,0.25) ambBot=(0.23,0.16,0.20) composited=true funnels=0 gpuMs=0.331776
[12:09:38] [Render thread/INFO] [projectatmosphere/]: [VolumetricClouds] status rendered cells=54 source=fields syncedCells=6 syncedFields=1 weatherCells=54 fieldCloudlets=54 regionalSource=disabled_for_fields debug[depthComposite=true sceneRayLimit=true fullres=false] historyValid=true tuning[density=1.45 coverage=1.25 extinction=0.115 historyBlend=0.85] regionalCoverage=0.000 cloudCover=0.000 slab=145.0..222.6 camY=185.8 lightDir=(0.99,0.11,0.12) lightColor=(1.09,0.69,0.46) ambTop=(0.27,0.20,0.25) ambBot=(0.23,0.16,0.20) composited=true funnels=0 gpuMs=0.321536
[12:09:43] [Render thread/INFO] [projectatmosphere/]: [VolumetricClouds] status rendered cells=54 source=fields syncedCells=6 syncedFields=1 weatherCells=54 fieldCloudlets=54 regionalSource=disabled_for_fields debug[depthComposite=true sceneRayLimit=true fullres=false] historyValid=true tuning[density=1.45 coverage=1.25 extinction=0.115 historyBlend=0.85] regionalCoverage=0.000 cloudCover=0.000 slab=145.0..222.6 camY=185.8 lightDir=(0.99,0.11,0.12) lightColor=(1.09,0.69,0.46) ambTop=(0.27,0.20,0.25) ambBot=(0.23,0.16,0.20) composited=true funnels=0 gpuMs=0.328704
[12:09:48] [Render thread/INFO] [projectatmosphere/]: [VolumetricClouds] status rendered cells=54 source=fields syncedCells=6 syncedFields=1 weatherCells=54 fieldCloudlets=54 regionalSource=disabled_for_fields debug[depthComposite=true sceneRayLimit=true fullres=false] historyValid=true tuning[density=1.45 coverage=1.25 extinction=0.115 historyBlend=0.85] regionalCoverage=0.000 cloudCover=0.000 slab=145.0..222.6 camY=185.8 lightDir=(0.99,0.11,0.12) lightColor=(1.09,0.69,0.46) ambTop=(0.27,0.20,0.25) ambBot=(0.23,0.16,0.20) composited=true funnels=0 gpuMs=1.347584
[12:09:53] [Render thread/INFO] [projectatmosphere/]: [VolumetricClouds] status rendered cells=54 source=fields syncedCells=6 syncedFields=1 weatherCells=54 fieldCloudlets=54 regionalSource=disabled_for_fields debug[depthComposite=true sceneRayLimit=true fullres=false] historyValid=true tuning[density=1.45 coverage=1.25 extinction=0.115 historyBlend=0.85] regionalCoverage=0.000 cloudCover=0.000 slab=145.0..222.6 camY=185.8 lightDir=(0.99,0.11,0.12) lightColor=(1.09,0.69,0.46) ambTop=(0.27,0.20,0.25) ambBot=(0.23,0.16,0.20) composited=true funnels=0 gpuMs=0.31232
[12:09:58] [Render thread/INFO] [projectatmosphere/]: [VolumetricClouds] status rendered cells=54 source=fields syncedCells=6 syncedFields=1 weatherCells=54 fieldCloudlets=54 regionalSource=disabled_for_fields debug[depthComposite=true sceneRayLimit=true fullres=false] historyValid=true tuning[density=1.45 coverage=1.25 extinction=0.115 historyBlend=0.85] regionalCoverage=0.000 cloudCover=0.000 slab=145.0..222.6 camY=185.8 lightDir=(0.99,0.11,0.12) lightColor=(1.09,0.69,0.46) ambTop=(0.27,0.20,0.25) ambBot=(0.23,0.16,0.20) composited=true funnels=0 gpuMs=0.3584
[12:10:03] [Render thread/INFO] [projectatmosphere/]: [VolumetricClouds] status rendered cells=54 source=fields syncedCells=6 syncedFields=1 weatherCells=54 fieldCloudlets=54 regionalSource=disabled_for_fields debug[depthComposite=true sceneRayLimit=true fullres=false] historyValid=true tuning[density=1.45 coverage=1.25 extinction=0.115 historyBlend=0.85] regionalCoverage=0.000 cloudCover=0.000 slab=145.0..222.6 camY=185.8 lightDir=(0.99,0.11,0.12) lightColor=(1.09,0.69,0.46) ambTop=(0.27,0.20,0.25) ambBot=(0.23,0.16,0.20) composited=true funnels=0 gpuMs=0.654336
[12:10:08] [Render thread/INFO] [projectatmosphere/]: [VolumetricClouds] status rendered cells=54 source=fields syncedCells=6 syncedFields=1 weatherCells=54 fieldCloudlets=54 regionalSource=disabled_for_fields debug[depthComposite=true sceneRayLimit=true fullres=false] historyValid=true tuning[density=1.45 coverage=1.25 extinction=0.115 historyBlend=0.85] regionalCoverage=0.000 cloudCover=0.000 slab=145.0..222.6 camY=185.8 lightDir=(0.99,0.11,0.12) lightColor=(1.09,0.69,0.46) ambTop=(0.27,0.20,0.25) ambBot=(0.23,0.16,0.20) composited=true funnels=0 gpuMs=0.52224
[12:10:13] [Render thread/INFO] [projectatmosphere/]: [VolumetricClouds] status rendered cells=54 source=fields syncedCells=6 syncedFields=1 weatherCells=54 fieldCloudlets=54 regionalSource=disabled_for_fields debug[depthComposite=true sceneRayLimit=true fullres=false] historyValid=true tuning[density=1.45 coverage=1.25 extinction=0.115 historyBlend=0.85] regionalCoverage=0.000 cloudCover=0.000 slab=145.0..222.6 camY=185.8 lightDir=(0.99,0.11,0.12) lightColor=(1.09,0.69,0.46) ambTop=(0.27,0.20,0.25) ambBot=(0.23,0.16,0.20) composited=true funnels=0 gpuMs=1.035264
[12:10:17] [Server thread/INFO] [minecraft/IntegratedServer]: Saving and pausing game...
[12:10:17] [Server thread/INFO] [minecraft/MinecraftServer]: Saving chunks for level 'ServerLevel[SimpleCloud created then removed]'/minecraft:overworld
[12:10:17] [Server thread/INFO] [minecraft/MinecraftServer]: Saving chunks for level 'ServerLevel[SimpleCloud created then removed]'/minecraft:the_end
[12:10:17] [Server thread/INFO] [minecraft/MinecraftServer]: Saving chunks for level 'ServerLevel[SimpleCloud created then removed]'/minecraft:the_nether
[12:10:17] [Server thread/DEBUG] [ne.mi.co.ForgeHooks/WP]: Gathering id map for writing to world save SimpleCloud created then removed
[12:10:17] [Server thread/DEBUG] [ne.mi.co.ForgeHooks/WP]: ID Map collection complete SimpleCloud created then removed
[12:10:18] [Render thread/INFO] [projectatmosphere/]: [VolumetricClouds] status rendered cells=54 source=fields syncedCells=6 syncedFields=1 weatherCells=54 fieldCloudlets=54 regionalSource=disabled_for_fields debug[depthComposite=true sceneRayLimit=true fullres=false] historyValid=true tuning[density=1.45 coverage=1.25 extinction=0.115 historyBlend=0.85] regionalCoverage=0.000 cloudCover=0.000 slab=145.0..222.6 camY=185.8 lightDir=(0.99,0.11,0.12) lightColor=(1.09,0.69,0.46) ambTop=(0.27,0.20,0.25) ambBot=(0.23,0.16,0.20) composited=true funnels=0 gpuMs=0.323584
[12:10:23] [Render thread/INFO] [projectatmosphere/]: [VolumetricClouds] status rendered cells=54 source=fields syncedCells=6 syncedFields=1 weatherCells=54 fieldCloudlets=54 regionalSource=disabled_for_fields debug[depthComposite=true sceneRayLimit=true fullres=false] historyValid=true tuning[density=1.45 coverage=1.25 extinction=0.115 historyBlend=0.85] regionalCoverage=0.000 cloudCover=0.000 slab=145.0..222.6 camY=185.8 lightDir=(0.99,0.11,0.12) lightColor=(1.09,0.69,0.46) ambTop=(0.27,0.20,0.25) ambBot=(0.23,0.16,0.20) composited=true funnels=0 gpuMs=0.314368
[12:10:27] [Render thread/DEBUG] [chloride/EntityCulling]: Computed Entity whitelist for minecraft:parrot
[12:10:28] [Render thread/INFO] [projectatmosphere/]: [VolumetricClouds] status rendered cells=54 source=fields syncedCells=6 syncedFields=1 weatherCells=54 fieldCloudlets=54 regionalSource=disabled_for_fields debug[depthComposite=true sceneRayLimit=true fullres=false] historyValid=true tuning[density=1.45 coverage=1.25 extinction=0.115 historyBlend=0.85] regionalCoverage=0.000 cloudCover=0.000 slab=145.0..222.6 camY=208.3 lightDir=(0.99,0.11,0.12) lightColor=(1.09,0.69,0.46) ambTop=(0.27,0.20,0.25) ambBot=(0.23,0.16,0.20) composited=true funnels=0 gpuMs=1.339392
[12:10:33] [Render thread/INFO] [projectatmosphere/]: [VolumetricClouds] status rendered cells=54 source=fields syncedCells=6 syncedFields=1 weatherCells=54 fieldCloudlets=54 regionalSource=disabled_for_fields debug[depthComposite=true sceneRayLimit=true fullres=false] historyValid=true tuning[density=1.45 coverage=1.25 extinction=0.115 historyBlend=0.85] regionalCoverage=0.000 cloudCover=0.000 slab=145.0..222.6 camY=290.6 lightDir=(0.99,0.11,0.12) lightColor=(1.09,0.69,0.46) ambTop=(0.27,0.20,0.25) ambBot=(0.23,0.16,0.20) composited=true funnels=0 gpuMs=1.235968
[12:10:38] [Render thread/INFO] [projectatmosphere/]: [VolumetricClouds] status rendered cells=54 source=fields syncedCells=6 syncedFields=1 weatherCells=54 fieldCloudlets=54 regionalSource=disabled_for_fields debug[depthComposite=true sceneRayLimit=true fullres=false] historyValid=true tuning[density=1.45 coverage=1.25 extinction=0.115 historyBlend=0.85] regionalCoverage=0.000 cloudCover=0.000 slab=145.0..222.6 camY=280.3 lightDir=(0.99,0.11,0.12) lightColor=(1.09,0.69,0.46) ambTop=(0.27,0.20,0.25) ambBot=(0.23,0.16,0.20) composited=true funnels=0 gpuMs=1.253376
[12:10:43] [Render thread/INFO] [projectatmosphere/]: [VolumetricClouds] status rendered cells=54 source=fields syncedCells=6 syncedFields=1 weatherCells=54 fieldCloudlets=54 regionalSource=disabled_for_fields debug[depthComposite=true sceneRayLimit=true fullres=false] historyValid=true tuning[density=1.45 coverage=1.25 extinction=0.115 historyBlend=0.85] regionalCoverage=0.000 cloudCover=0.000 slab=145.0..222.6 camY=268.3 lightDir=(0.99,0.11,0.12) lightColor=(1.09,0.69,0.46) ambTop=(0.27,0.20,0.25) ambBot=(0.23,0.16,0.20) composited=true funnels=0 gpuMs=1.149952
[12:10:43] [Server thread/INFO] [minecraft/IntegratedServer]: Saving and pausing game...
[12:10:43] [Server thread/INFO] [minecraft/MinecraftServer]: Saving chunks for level 'ServerLevel[SimpleCloud created then removed]'/minecraft:overworld
[12:10:43] [Server thread/INFO] [minecraft/MinecraftServer]: Saving chunks for level 'ServerLevel[SimpleCloud created then removed]'/minecraft:the_end
[12:10:43] [Server thread/INFO] [minecraft/MinecraftServer]: Saving chunks for level 'ServerLevel[SimpleCloud created then removed]'/minecraft:the_nether
[12:10:43] [Server thread/DEBUG] [ne.mi.co.ForgeHooks/WP]: Gathering id map for writing to world save SimpleCloud created then removed
[12:10:43] [Server thread/DEBUG] [ne.mi.co.ForgeHooks/WP]: ID Map collection complete SimpleCloud created then removed
[12:10:44] [Server thread/DEBUG] [ne.mi.co.ForgeHooks/WP]: Gathering id map for writing to world save SimpleCloud created then removed
[12:10:44] [Server thread/DEBUG] [ne.mi.co.ForgeHooks/WP]: ID Map collection complete SimpleCloud created then removed
[12:10:48] [Render thread/INFO] [projectatmosphere/]: [VolumetricClouds] status rendered cells=54 source=fields syncedCells=6 syncedFields=1 weatherCells=54 fieldCloudlets=54 regionalSource=disabled_for_fields debug[depthComposite=true sceneRayLimit=true fullres=false] historyValid=true tuning[density=1.45 coverage=1.25 extinction=0.115 historyBlend=0.85] regionalCoverage=0.000 cloudCover=0.000 slab=145.0..222.6 camY=153.2 lightDir=(0.99,0.11,0.12) lightColor=(1.09,0.69,0.46) ambTop=(0.27,0.20,0.25) ambBot=(0.23,0.16,0.20) composited=true funnels=0 gpuMs=0.739328
[12:10:53] [Render thread/INFO] [projectatmosphere/]: [VolumetricClouds] status rendered cells=54 source=fields syncedCells=6 syncedFields=1 weatherCells=54 fieldCloudlets=54 regionalSource=disabled_for_fields debug[depthComposite=true sceneRayLimit=true fullres=false] historyValid=true tuning[density=1.45 coverage=1.25 extinction=0.115 historyBlend=0.85] regionalCoverage=0.000 cloudCover=0.000 slab=145.0..222.6 camY=215.6 lightDir=(0.99,0.11,0.12) lightColor=(1.09,0.69,0.46) ambTop=(0.27,0.20,0.25) ambBot=(0.23,0.16,0.20) composited=true funnels=0 gpuMs=1.854464
[12:10:53] [Server thread/INFO] [minecraft/IntegratedServer]: Saving and pausing game...
[12:10:53] [Server thread/INFO] [minecraft/MinecraftServer]: Saving chunks for level 'ServerLevel[SimpleCloud created then removed]'/minecraft:overworld
[12:10:53] [Server thread/INFO] [minecraft/MinecraftServer]: Saving chunks for level 'ServerLevel[SimpleCloud created then removed]'/minecraft:the_end
[12:10:53] [Server thread/INFO] [minecraft/MinecraftServer]: Saving chunks for level 'ServerLevel[SimpleCloud created then removed]'/minecraft:the_nether
[12:10:53] [Server thread/DEBUG] [ne.mi.co.ForgeHooks/WP]: Gathering id map for writing to world save SimpleCloud created then removed
[12:10:53] [Server thread/DEBUG] [ne.mi.co.ForgeHooks/WP]: ID Map collection complete SimpleCloud created then removed
[12:10:58] [Render thread/INFO] [projectatmosphere/]: [VolumetricClouds] status rendered cells=54 source=fields syncedCells=6 syncedFields=1 weatherCells=54 fieldCloudlets=54 regionalSource=disabled_for_fields debug[depthComposite=true sceneRayLimit=true fullres=false] historyValid=true tuning[density=1.45 coverage=1.25 extinction=0.115 historyBlend=0.85] regionalCoverage=0.000 cloudCover=0.000 slab=145.0..222.6 camY=228.8 lightDir=(0.99,0.11,0.12) lightColor=(1.09,0.69,0.46) ambTop=(0.27,0.20,0.25) ambBot=(0.23,0.16,0.20) composited=true funnels=0 gpuMs=2.07872
[12:11:03] [Render thread/INFO] [projectatmosphere/]: [VolumetricClouds] status rendered cells=54 source=fields syncedCells=6 syncedFields=1 weatherCells=54 fieldCloudlets=54 regionalSource=disabled_for_fields debug[depthComposite=true sceneRayLimit=true fullres=false] historyValid=true tuning[density=1.45 coverage=1.25 extinction=0.115 historyBlend=0.85] regionalCoverage=0.000 cloudCover=0.000 slab=145.0..222.6 camY=228.8 lightDir=(0.99,0.11,0.12) lightColor=(1.09,0.69,0.46) ambTop=(0.27,0.20,0.25) ambBot=(0.23,0.16,0.20) composited=true funnels=0 gpuMs=1.286144
[12:11:08] [Render thread/INFO] [projectatmosphere/]: [VolumetricClouds] status rendered cells=54 source=fields syncedCells=6 syncedFields=1 weatherCells=54 fieldCloudlets=54 regionalSource=disabled_for_fields debug[depthComposite=true sceneRayLimit=true fullres=false] historyValid=true tuning[density=1.45 coverage=1.25 extinction=0.115 historyBlend=0.85] regionalCoverage=0.000 cloudCover=0.000 slab=145.0..222.6 camY=228.8 lightDir=(0.99,0.11,0.12) lightColor=(1.09,0.69,0.46) ambTop=(0.27,0.20,0.25) ambBot=(0.23,0.16,0.20) composited=true funnels=0 gpuMs=1.753088
[12:11:12] [Server thread/INFO] [minecraft/IntegratedServer]: Saving and pausing game...
[12:11:12] [Server thread/INFO] [minecraft/MinecraftServer]: Saving chunks for level 'ServerLevel[SimpleCloud created then removed]'/minecraft:overworld
[12:11:12] [Server thread/INFO] [minecraft/MinecraftServer]: Saving chunks for level 'ServerLevel[SimpleCloud created then removed]'/minecraft:the_end
[12:11:12] [Server thread/INFO] [minecraft/MinecraftServer]: Saving chunks for level 'ServerLevel[SimpleCloud created then removed]'/minecraft:the_nether
[12:11:12] [Server thread/DEBUG] [ne.mi.co.ForgeHooks/WP]: Gathering id map for writing to world save SimpleCloud created then removed
[12:11:12] [Server thread/DEBUG] [ne.mi.co.ForgeHooks/WP]: ID Map collection complete SimpleCloud created then removed
[12:11:13] [Render thread/INFO] [projectatmosphere/]: [VolumetricClouds] status rendered cells=54 source=fields syncedCells=6 syncedFields=1 weatherCells=54 fieldCloudlets=54 regionalSource=disabled_for_fields debug[depthComposite=true sceneRayLimit=true fullres=false] historyValid=true tuning[density=1.45 coverage=1.25 extinction=0.115 historyBlend=0.85] regionalCoverage=0.000 cloudCover=0.000 slab=145.0..222.6 camY=229.3 lightDir=(0.99,0.11,0.12) lightColor=(1.09,0.69,0.46) ambTop=(0.27,0.20,0.25) ambBot=(0.23,0.16,0.20) composited=true funnels=0 gpuMs=1.276928
[12:11:18] [Render thread/INFO] [projectatmosphere/]: [VolumetricClouds] status rendered cells=54 source=fields syncedCells=6 syncedFields=1 weatherCells=54 fieldCloudlets=54 regionalSource=disabled_for_fields debug[depthComposite=true sceneRayLimit=true fullres=false] historyValid=true tuning[density=1.45 coverage=1.25 extinction=0.115 historyBlend=0.85] regionalCoverage=0.000 cloudCover=0.000 slab=145.0..222.6 camY=229.3 lightDir=(0.99,0.11,0.12) lightColor=(1.09,0.69,0.46) ambTop=(0.27,0.20,0.25) ambBot=(0.23,0.16,0.20) composited=true funnels=0 gpuMs=1.275904
[12:11:23] [Render thread/INFO] [projectatmosphere/]: [VolumetricClouds] status rendered cells=54 source=fields syncedCells=6 syncedFields=1 weatherCells=54 fieldCloudlets=54 regionalSource=disabled_for_fields debug[depthComposite=true sceneRayLimit=true fullres=false] historyValid=true tuning[density=1.45 coverage=1.25 extinction=0.115 historyBlend=0.85] regionalCoverage=0.000 cloudCover=0.000 slab=145.0..222.6 camY=229.3 lightDir=(0.99,0.11,0.12) lightColor=(1.09,0.69,0.46) ambTop=(0.27,0.20,0.25) ambBot=(0.23,0.16,0.20) composited=true funnels=0 gpuMs=1.25952
[12:11:28] [Render thread/INFO] [projectatmosphere/]: [VolumetricClouds] status rendered cells=54 source=fields syncedCells=6 syncedFields=1 weatherCells=54 fieldCloudlets=54 regionalSource=disabled_for_fields debug[depthComposite=true sceneRayLimit=true fullres=false] historyValid=true tuning[density=1.45 coverage=1.25 extinction=0.115 historyBlend=0.85] regionalCoverage=0.000 cloudCover=0.000 slab=145.0..222.6 camY=229.3 lightDir=(0.99,0.11,0.12) lightColor=(1.09,0.69,0.46) ambTop=(0.27,0.20,0.25) ambBot=(0.23,0.16,0.20) composited=true funnels=0 gpuMs=1.31072
[12:11:29] [Server thread/INFO] [minecraft/IntegratedServer]: Saving and pausing game...
[12:11:29] [Server thread/INFO] [minecraft/MinecraftServer]: Saving chunks for level 'ServerLevel[SimpleCloud created then removed]'/minecraft:overworld
[12:11:29] [Server thread/INFO] [minecraft/MinecraftServer]: Saving chunks for level 'ServerLevel[SimpleCloud created then removed]'/minecraft:the_end
[12:11:29] [Server thread/INFO] [minecraft/MinecraftServer]: Saving chunks for level 'ServerLevel[SimpleCloud created then removed]'/minecraft:the_nether
[12:11:29] [Server thread/DEBUG] [ne.mi.co.ForgeHooks/WP]: Gathering id map for writing to world save SimpleCloud created then removed
[12:11:29] [Server thread/DEBUG] [ne.mi.co.ForgeHooks/WP]: ID Map collection complete SimpleCloud created then removed
[12:11:33] [Render thread/INFO] [projectatmosphere/]: [VolumetricClouds] status rendered cells=54 source=fields syncedCells=6 syncedFields=1 weatherCells=54 fieldCloudlets=54 regionalSource=disabled_for_fields debug[depthComposite=true sceneRayLimit=true fullres=false] historyValid=true tuning[density=1.45 coverage=1.25 extinction=0.115 historyBlend=0.85] regionalCoverage=0.000 cloudCover=0.000 slab=145.0..222.6 camY=229.3 lightDir=(0.99,0.11,0.12) lightColor=(1.09,0.69,0.46) ambTop=(0.27,0.20,0.25) ambBot=(0.23,0.16,0.20) composited=true funnels=0 gpuMs=1.918976
[12:11:38] [Render thread/INFO] [projectatmosphere/]: [VolumetricClouds] status rendered cells=54 source=fields syncedCells=6 syncedFields=1 weatherCells=54 fieldCloudlets=54 regionalSource=disabled_for_fields debug[depthComposite=true sceneRayLimit=true fullres=false] historyValid=true tuning[density=1.45 coverage=1.25 extinction=0.115 historyBlend=0.85] regionalCoverage=0.000 cloudCover=0.000 slab=145.0..222.6 camY=254.8 lightDir=(0.99,0.11,0.12) lightColor=(1.09,0.69,0.46) ambTop=(0.27,0.20,0.25) ambBot=(0.23,0.16,0.20) composited=true funnels=0 gpuMs=2.789376
[12:11:41] [Server thread/INFO] [minecraft/IntegratedServer]: Saving and pausing game...
[12:11:41] [Server thread/INFO] [minecraft/MinecraftServer]: Saving chunks for level 'ServerLevel[SimpleCloud created then removed]'/minecraft:overworld
[12:11:41] [Server thread/INFO] [minecraft/MinecraftServer]: Saving chunks for level 'ServerLevel[SimpleCloud created then removed]'/minecraft:the_end
[12:11:41] [Server thread/INFO] [minecraft/MinecraftServer]: Saving chunks for level 'ServerLevel[SimpleCloud created then removed]'/minecraft:the_nether
[12:11:41] [Server thread/DEBUG] [ne.mi.co.ForgeHooks/WP]: Gathering id map for writing to world save SimpleCloud created then removed
[12:11:41] [Server thread/DEBUG] [ne.mi.co.ForgeHooks/WP]: ID Map collection complete SimpleCloud created then removed
[12:11:43] [Render thread/INFO] [projectatmosphere/]: [VolumetricClouds] status rendered cells=54 source=fields syncedCells=6 syncedFields=1 weatherCells=54 fieldCloudlets=54 regionalSource=disabled_for_fields debug[depthComposite=true sceneRayLimit=true fullres=false] historyValid=true tuning[density=1.45 coverage=1.25 extinction=0.115 historyBlend=0.85] regionalCoverage=0.000 cloudCover=0.000 slab=145.0..222.6 camY=233.8 lightDir=(0.99,0.11,0.12) lightColor=(1.09,0.69,0.46) ambTop=(0.27,0.20,0.25) ambBot=(0.23,0.16,0.20) composited=true funnels=0 gpuMs=4.330496
[12:11:44] [Thread-3/DEBUG] [ne.mi.fm.co.ConfigFileTypeHandler/CONFIG]: Config file projectatmosphere-common.toml changed, sending notifies
[12:11:47] [Render thread/INFO] [ChunkBuilder/]: Stopping worker threads
[12:11:47] [Render thread/INFO] [ChunkBuilder/]: Started 10 worker threads
[12:11:48] [Render thread/INFO] [projectatmosphere/]: [VolumetricClouds] status rendered cells=54 source=fields syncedCells=6 syncedFields=1 weatherCells=54 fieldCloudlets=54 regionalSource=disabled_for_fields debug[depthComposite=true sceneRayLimit=true fullres=false] historyValid=false tuning[density=1.45 coverage=1.25 extinction=0.115 historyBlend=0.85] regionalCoverage=0.000 cloudCover=0.000 slab=145.0..222.6 camY=245.8 lightDir=(0.99,0.11,0.12) lightColor=(1.09,0.69,0.46) ambTop=(0.27,0.20,0.25) ambBot=(0.23,0.16,0.20) composited=true funnels=0 gpuMs=0.23552
[12:11:53] [Render thread/INFO] [projectatmosphere/]: [VolumetricClouds] status rendered cells=54 source=fields syncedCells=6 syncedFields=1 weatherCells=54 fieldCloudlets=54 regionalSource=disabled_for_fields debug[depthComposite=true sceneRayLimit=true fullres=false] historyValid=false tuning[density=1.45 coverage=1.25 extinction=0.115 historyBlend=0.85] regionalCoverage=0.000 cloudCover=0.000 slab=145.0..222.6 camY=245.8 lightDir=(0.99,0.11,0.12) lightColor=(1.09,0.69,0.46) ambTop=(0.27,0.20,0.25) ambBot=(0.23,0.16,0.20) composited=true funnels=0 gpuMs=0.248832
[12:11:58] [Render thread/INFO] [projectatmosphere/]: [VolumetricClouds] status rendered cells=54 source=fields syncedCells=6 syncedFields=1 weatherCells=54 fieldCloudlets=54 regionalSource=disabled_for_fields debug[depthComposite=true sceneRayLimit=true fullres=false] historyValid=false tuning[density=1.45 coverage=1.25 extinction=0.115 historyBlend=0.85] regionalCoverage=0.000 cloudCover=0.000 slab=145.0..222.6 camY=256.3 lightDir=(0.99,0.11,0.12) lightColor=(1.09,0.69,0.46) ambTop=(0.27,0.20,0.25) ambBot=(0.23,0.16,0.20) composited=true funnels=0 gpuMs=0.226304
[12:12:03] [Render thread/INFO] [projectatmosphere/]: [VolumetricClouds] status rendered cells=54 source=fields syncedCells=6 syncedFields=1 weatherCells=54 fieldCloudlets=54 regionalSource=disabled_for_fields debug[depthComposite=true sceneRayLimit=true fullres=false] historyValid=false tuning[density=1.45 coverage=1.25 extinction=0.115 historyBlend=0.85] regionalCoverage=0.000 cloudCover=0.000 slab=145.0..222.6 camY=256.3 lightDir=(0.99,0.11,0.12) lightColor=(1.09,0.69,0.46) ambTop=(0.27,0.20,0.25) ambBot=(0.23,0.16,0.20) composited=true funnels=0 gpuMs=0.2304
[12:12:08] [Render thread/INFO] [projectatmosphere/]: [VolumetricClouds] status rendered cells=54 source=fields syncedCells=6 syncedFields=1 weatherCells=54 fieldCloudlets=54 regionalSource=disabled_for_fields debug[depthComposite=true sceneRayLimit=true fullres=false] historyValid=false tuning[density=1.45 coverage=1.25 extinction=0.115 historyBlend=0.85] regionalCoverage=0.000 cloudCover=0.000 slab=145.0..223.3 camY=256.3 lightDir=(0.99,0.11,0.12) lightColor=(1.09,0.69,0.46) ambTop=(0.27,0.20,0.25) ambBot=(0.23,0.16,0.20) composited=true funnels=0 gpuMs=0.214016
[12:12:13] [Render thread/INFO] [projectatmosphere/]: [VolumetricClouds] status rendered cells=54 source=fields syncedCells=6 syncedFields=1 weatherCells=54 fieldCloudlets=54 regionalSource=disabled_for_fields debug[depthComposite=true sceneRayLimit=true fullres=false] historyValid=false tuning[density=1.45 coverage=1.25 extinction=0.115 historyBlend=0.85] regionalCoverage=0.000 cloudCover=0.000 slab=145.0..223.3 camY=256.3 lightDir=(0.99,0.11,0.12) lightColor=(1.09,0.69,0.46) ambTop=(0.27,0.20,0.25) ambBot=(0.23,0.16,0.20) composited=true funnels=0 gpuMs=0.223232
[12:12:18] [Render thread/INFO] [projectatmosphere/]: [VolumetricClouds] status rendered cells=54 source=fields syncedCells=6 syncedFields=1 weatherCells=54 fieldCloudlets=54 regionalSource=disabled_for_fields debug[depthComposite=true sceneRayLimit=true fullres=false] historyValid=false tuning[density=1.45 coverage=1.25 extinction=0.115 historyBlend=0.85] regionalCoverage=0.000 cloudCover=0.000 slab=145.0..223.3 camY=250.3 lightDir=(0.99,0.11,0.12) lightColor=(1.09,0.69,0.46) ambTop=(0.27,0.20,0.25) ambBot=(0.23,0.16,0.20) composited=true funnels=0 gpuMs=0.236544
[12:12:19] [Server thread/INFO] [minecraft/IntegratedServer]: Saving and pausing game...
[12:12:19] [Server thread/INFO] [minecraft/MinecraftServer]: Saving chunks for level 'ServerLevel[SimpleCloud created then removed]'/minecraft:overworld
[12:12:19] [Server thread/INFO] [minecraft/MinecraftServer]: Saving chunks for level 'ServerLevel[SimpleCloud created then removed]'/minecraft:the_end
[12:12:19] [Server thread/INFO] [minecraft/MinecraftServer]: Saving chunks for level 'ServerLevel[SimpleCloud created then removed]'/minecraft:the_nether
[12:12:19] [Server thread/DEBUG] [ne.mi.co.ForgeHooks/WP]: Gathering id map for writing to world save SimpleCloud created then removed
[12:12:19] [Server thread/DEBUG] [ne.mi.co.ForgeHooks/WP]: ID Map collection complete SimpleCloud created then removed
[12:12:23] [Render thread/INFO] [projectatmosphere/]: [VolumetricClouds] status rendered cells=54 source=fields syncedCells=6 syncedFields=1 weatherCells=54 fieldCloudlets=54 regionalSource=disabled_for_fields debug[depthComposite=true sceneRayLimit=true fullres=false] historyValid=false tuning[density=1.45 coverage=1.25 extinction=0.115 historyBlend=0.85] regionalCoverage=0.000 cloudCover=0.000 slab=145.0..223.3 camY=250.3 lightDir=(0.99,0.11,0.12) lightColor=(1.09,0.69,0.46) ambTop=(0.27,0.20,0.25) ambBot=(0.23,0.16,0.20) composited=true funnels=0 gpuMs=0.228352
[12:12:28] [Render thread/INFO] [projectatmosphere/]: [VolumetricClouds] status rendered cells=54 source=fields syncedCells=6 syncedFields=1 weatherCells=54 fieldCloudlets=54 regionalSource=disabled_for_fields debug[depthComposite=true sceneRayLimit=true fullres=false] historyValid=false tuning[density=1.45 coverage=1.25 extinction=0.115 historyBlend=0.85] regionalCoverage=0.000 cloudCover=0.000 slab=145.0..223.3 camY=250.3 lightDir=(0.99,0.11,0.12) lightColor=(1.09,0.69,0.46) ambTop=(0.27,0.20,0.25) ambBot=(0.23,0.16,0.20) composited=true funnels=0 gpuMs=0.236544
[12:12:33] [Render thread/INFO] [projectatmosphere/]: [VolumetricClouds] status rendered cells=54 source=fields syncedCells=6 syncedFields=1 weatherCells=54 fieldCloudlets=54 regionalSource=disabled_for_fields debug[depthComposite=true sceneRayLimit=true fullres=false] historyValid=false tuning[density=1.45 coverage=1.25 extinction=0.115 historyBlend=0.85] regionalCoverage=0.000 cloudCover=0.000 slab=145.0..223.3 camY=250.3 lightDir=(0.99,0.11,0.12) lightColor=(1.09,0.69,0.46) ambTop=(0.27,0.20,0.25) ambBot=(0.23,0.16,0.20) composited=true funnels=0 gpuMs=0.231424
[12:12:38] [Render thread/INFO] [projectatmosphere/]: [VolumetricClouds] status rendered cells=54 source=fields syncedCells=6 syncedFields=1 weatherCells=54 fieldCloudlets=54 regionalSource=disabled_for_fields debug[depthComposite=true sceneRayLimit=true fullres=false] historyValid=false tuning[density=1.45 coverage=1.25 extinction=0.115 historyBlend=0.85] regionalCoverage=0.000 cloudCover=0.000 slab=145.0..223.3 camY=250.3 lightDir=(0.99,0.11,0.12) lightColor=(1.09,0.69,0.46) ambTop=(0.27,0.20,0.25) ambBot=(0.23,0.16,0.20) composited=true funnels=0 gpuMs=0.238592
[12:12:43] [Render thread/INFO] [projectatmosphere/]: [VolumetricClouds] status rendered cells=54 source=fields syncedCells=6 syncedFields=1 weatherCells=54 fieldCloudlets=54 regionalSource=disabled_for_fields debug[depthComposite=true sceneRayLimit=true fullres=false] historyValid=false tuning[density=1.45 coverage=1.25 extinction=0.115 historyBlend=0.85] regionalCoverage=0.000 cloudCover=0.000 slab=145.0..223.3 camY=250.3 lightDir=(0.99,0.11,0.12) lightColor=(1.09,0.69,0.46) ambTop=(0.27,0.20,0.25) ambBot=(0.23,0.16,0.20) composited=true funnels=0 gpuMs=0.236544
[12:12:48] [Render thread/INFO] [projectatmosphere/]: [VolumetricClouds] status rendered cells=54 source=fields syncedCells=6 syncedFields=1 weatherCells=54 fieldCloudlets=54 regionalSource=disabled_for_fields debug[depthComposite=true sceneRayLimit=true fullres=false] historyValid=false tuning[density=1.45 coverage=1.25 extinction=0.115 historyBlend=0.85] regionalCoverage=0.000 cloudCover=0.000 slab=145.0..223.3 camY=250.3 lightDir=(0.99,0.11,0.12) lightColor=(1.09,0.69,0.46) ambTop=(0.27,0.20,0.25) ambBot=(0.23,0.16,0.20) composited=true funnels=0 gpuMs=0.244736
[12:12:53] [Render thread/INFO] [projectatmosphere/]: [VolumetricClouds] status rendered cells=54 source=fields syncedCells=6 syncedFields=1 weatherCells=54 fieldCloudlets=54 regionalSource=disabled_for_fields debug[depthComposite=true sceneRayLimit=true fullres=false] historyValid=false tuning[density=1.45 coverage=1.25 extinction=0.115 historyBlend=0.85] regionalCoverage=0.000 cloudCover=0.000 slab=145.0..223.3 camY=250.3 lightDir=(0.99,0.11,0.12) lightColor=(1.09,0.69,0.46) ambTop=(0.27,0.20,0.25) ambBot=(0.23,0.16,0.20) composited=true funnels=0 gpuMs=0.233472
[12:12:58] [Render thread/INFO] [projectatmosphere/]: [VolumetricClouds] status rendered cells=54 source=fields syncedCells=6 syncedFields=1 weatherCells=54 fieldCloudlets=54 regionalSource=disabled_for_fields debug[depthComposite=true sceneRayLimit=true fullres=false] historyValid=false tuning[density=1.45 coverage=1.25 extinction=0.115 historyBlend=0.85] regionalCoverage=0.000 cloudCover=0.000 slab=145.0..223.3 camY=166.3 lightDir=(0.99,0.11,0.12) lightColor=(1.09,0.69,0.46) ambTop=(0.27,0.20,0.25) ambBot=(0.23,0.16,0.20) composited=true funnels=0 gpuMs=0.15872
[12:13:00] [Render thread/INFO] [minecraft/ChatComponent]: [System] [CHAT] Volumetric cloud debug fullres on
[12:13:01] [Render thread/INFO] [minecraft/ChatComponent]: [System] [CHAT] Volumetric cloud debug fullres off
[12:13:02] [Server thread/INFO] [minecraft/IntegratedServer]: Saving and pausing game...
[12:13:02] [Server thread/INFO] [minecraft/MinecraftServer]: Saving chunks for level 'ServerLevel[SimpleCloud created then removed]'/minecraft:overworld
[12:13:02] [Server thread/INFO] [minecraft/MinecraftServer]: Saving chunks for level 'ServerLevel[SimpleCloud created then removed]'/minecraft:the_end
[12:13:02] [Server thread/INFO] [minecraft/MinecraftServer]: Saving chunks for level 'ServerLevel[SimpleCloud created then removed]'/minecraft:the_nether
[12:13:02] [Server thread/DEBUG] [ne.mi.co.ForgeHooks/WP]: Gathering id map for writing to world save SimpleCloud created then removed
[12:13:02] [Server thread/DEBUG] [ne.mi.co.ForgeHooks/WP]: ID Map collection complete SimpleCloud created then removed
[12:13:03] [Render thread/INFO] [projectatmosphere/]: [VolumetricClouds] status rendered cells=54 source=fields syncedCells=6 syncedFields=1 weatherCells=54 fieldCloudlets=54 regionalSource=disabled_for_fields debug[depthComposite=true sceneRayLimit=true fullres=false] historyValid=false tuning[density=1.45 coverage=1.25 extinction=0.115 historyBlend=0.85] regionalCoverage=0.000 cloudCover=0.000 slab=145.0..223.3 camY=166.3 lightDir=(0.99,0.11,0.12) lightColor=(1.09,0.69,0.46) ambTop=(0.27,0.20,0.25) ambBot=(0.23,0.16,0.20) composited=true funnels=0 gpuMs=0.16384
[12:13:06] [Render thread/INFO] [minecraft/ChatComponent]: [System] [CHAT] Volumetric cloud debug fullres on
[12:13:07] [Render thread/INFO] [minecraft/ChatComponent]: [System] [CHAT] Volumetric cloud debug fullres off
[12:13:08] [Render thread/INFO] [projectatmosphere/]: [VolumetricClouds] status rendered cells=54 source=fields syncedCells=6 syncedFields=1 weatherCells=54 fieldCloudlets=54 regionalSource=disabled_for_fields debug[depthComposite=true sceneRayLimit=true fullres=false] historyValid=false tuning[density=1.45 coverage=1.25 extinction=0.115 historyBlend=0.85] regionalCoverage=0.000 cloudCover=0.000 slab=145.0..223.3 camY=166.3 lightDir=(0.99,0.11,0.12) lightColor=(1.09,0.69,0.46) ambTop=(0.27,0.20,0.25) ambBot=(0.23,0.16,0.20) composited=true funnels=0 gpuMs=0.18432
[12:13:10] [Render thread/INFO] [minecraft/ChatComponent]: [System] [CHAT] Volumetric cloud debug fullres on
[12:13:13] [Render thread/INFO] [projectatmosphere/]: [VolumetricClouds] status rendered cells=54 source=fields syncedCells=6 syncedFields=1 weatherCells=54 fieldCloudlets=54 regionalSource=disabled_for_fields debug[depthComposite=true sceneRayLimit=true fullres=true] historyValid=false tuning[density=1.45 coverage=1.25 extinction=0.115 historyBlend=0.85] regionalCoverage=0.000 cloudCover=0.000 slab=145.0..223.3 camY=166.4 lightDir=(0.99,0.11,0.12) lightColor=(1.09,0.69,0.46) ambTop=(0.27,0.20,0.25) ambBot=(0.23,0.16,0.20) composited=true funnels=0 gpuMs=1.313792
[12:13:17] [Server thread/INFO] [minecraft/IntegratedServer]: Saving and pausing game...
[12:13:17] [Server thread/INFO] [minecraft/MinecraftServer]: Saving chunks for level 'ServerLevel[SimpleCloud created then removed]'/minecraft:overworld
[12:13:17] [Server thread/INFO] [minecraft/MinecraftServer]: Saving chunks for level 'ServerLevel[SimpleCloud created then removed]'/minecraft:the_end
[12:13:17] [Server thread/INFO] [minecraft/MinecraftServer]: Saving chunks for level 'ServerLevel[SimpleCloud created then removed]'/minecraft:the_nether
[12:13:17] [Server thread/DEBUG] [ne.mi.co.ForgeHooks/WP]: Gathering id map for writing to world save SimpleCloud created then removed
[12:13:17] [Server thread/DEBUG] [ne.mi.co.ForgeHooks/WP]: ID Map collection complete SimpleCloud created then removed
[12:13:18] [Render thread/INFO] [projectatmosphere/]: [VolumetricClouds] status rendered cells=54 source=fields syncedCells=6 syncedFields=1 weatherCells=54 fieldCloudlets=54 regionalSource=disabled_for_fields debug[depthComposite=true sceneRayLimit=true fullres=true] historyValid=false tuning[density=1.45 coverage=1.25 extinction=0.115 historyBlend=0.85] regionalCoverage=0.000 cloudCover=0.000 slab=145.0..223.3 camY=160.4 lightDir=(0.99,0.11,0.12) lightColor=(1.09,0.69,0.46) ambTop=(0.27,0.20,0.25) ambBot=(0.23,0.16,0.20) composited=true funnels=0 gpuMs=1.898496
[12:13:23] [Render thread/INFO] [projectatmosphere/]: [VolumetricClouds] status rendered cells=54 source=fields syncedCells=6 syncedFields=1 weatherCells=54 fieldCloudlets=54 regionalSource=disabled_for_fields debug[depthComposite=true sceneRayLimit=true fullres=true] historyValid=false tuning[density=1.45 coverage=1.25 extinction=0.115 historyBlend=0.85] regionalCoverage=0.000 cloudCover=0.000 slab=145.0..223.3 camY=160.4 lightDir=(0.99,0.11,0.12) lightColor=(1.09,0.69,0.46) ambTop=(0.27,0.20,0.25) ambBot=(0.23,0.16,0.20) composited=true funnels=0 gpuMs=1.933312
[12:13:26] [Render thread/INFO] [minecraft/ChatComponent]: [System] [CHAT] Saved screenshot as 2026-07-05_12.13.25.png
[12:13:28] [Render thread/INFO] [projectatmosphere/]: [VolumetricClouds] status rendered cells=54 source=fields syncedCells=6 syncedFields=1 weatherCells=54 fieldCloudlets=54 regionalSource=disabled_for_fields debug[depthComposite=true sceneRayLimit=true fullres=true] historyValid=false tuning[density=1.45 coverage=1.25 extinction=0.115 historyBlend=0.85] regionalCoverage=0.000 cloudCover=0.000 slab=145.0..223.3 camY=160.4 lightDir=(0.99,0.11,0.12) lightColor=(1.09,0.69,0.46) ambTop=(0.27,0.20,0.25) ambBot=(0.23,0.16,0.20) composited=true funnels=0 gpuMs=1.794048
[12:13:33] [Render thread/INFO] [projectatmosphere/]: [VolumetricClouds] status rendered cells=54 source=fields syncedCells=6 syncedFields=1 weatherCells=54 fieldCloudlets=54 regionalSource=disabled_for_fields debug[depthComposite=true sceneRayLimit=true fullres=true] historyValid=false tuning[density=1.45 coverage=1.25 extinction=0.115 historyBlend=0.85] regionalCoverage=0.000 cloudCover=0.000 slab=145.0..223.3 camY=160.4 lightDir=(0.99,0.11,0.12) lightColor=(1.09,0.69,0.46) ambTop=(0.27,0.20,0.25) ambBot=(0.23,0.16,0.20) composited=true funnels=0 gpuMs=1.589248
[12:13:38] [Render thread/INFO] [projectatmosphere/]: [VolumetricClouds] status rendered cells=54 source=fields syncedCells=6 syncedFields=1 weatherCells=54 fieldCloudlets=54 regionalSource=disabled_for_fields debug[depthComposite=true sceneRayLimit=true fullres=true] historyValid=false tuning[density=1.45 coverage=1.25 extinction=0.115 historyBlend=0.85] regionalCoverage=0.000 cloudCover=0.000 slab=145.0..223.3 camY=160.4 lightDir=(0.99,0.11,0.12) lightColor=(1.09,0.69,0.46) ambTop=(0.27,0.20,0.25) ambBot=(0.23,0.16,0.20) composited=true funnels=0 gpuMs=1.96096
[12:13:43] [Render thread/INFO] [projectatmosphere/]: [VolumetricClouds] status rendered cells=54 source=fields syncedCells=6 syncedFields=1 weatherCells=54 fieldCloudlets=54 regionalSource=disabled_for_fields debug[depthComposite=true sceneRayLimit=true fullres=true] historyValid=false tuning[density=1.45 coverage=1.25 extinction=0.115 historyBlend=0.85] regionalCoverage=0.000 cloudCover=0.000 slab=145.0..223.3 camY=160.4 lightDir=(0.99,0.11,0.12) lightColor=(1.09,0.69,0.46) ambTop=(0.27,0.20,0.25) ambBot=(0.23,0.16,0.20) composited=true funnels=0 gpuMs=1.90976
[12:13:48] [Render thread/INFO] [projectatmosphere/]: [VolumetricClouds] status rendered cells=54 source=fields syncedCells=6 syncedFields=1 weatherCells=54 fieldCloudlets=54 regionalSource=disabled_for_fields debug[depthComposite=true sceneRayLimit=true fullres=true] historyValid=false tuning[density=1.45 coverage=1.25 extinction=0.115 historyBlend=0.85] regionalCoverage=0.000 cloudCover=0.000 slab=145.0..223.3 camY=160.4 lightDir=(0.99,0.11,0.12) lightColor=(1.09,0.69,0.46) ambTop=(0.27,0.20,0.25) ambBot=(0.23,0.16,0.20) composited=true funnels=0 gpuMs=2.45248
[12:13:53] [Render thread/INFO] [projectatmosphere/]: [VolumetricClouds] status rendered cells=54 source=fields syncedCells=6 syncedFields=1 weatherCells=54 fieldCloudlets=54 regionalSource=disabled_for_fields debug[depthComposite=true sceneRayLimit=true fullres=true] historyValid=false tuning[density=1.45 coverage=1.25 extinction=0.115 historyBlend=0.85] regionalCoverage=0.000 cloudCover=0.000 slab=145.0..223.3 camY=160.4 lightDir=(0.99,0.11,0.12) lightColor=(1.09,0.69,0.46) ambTop=(0.27,0.20,0.25) ambBot=(0.23,0.16,0.20) composited=true funnels=0 gpuMs=1.56672
[12:13:57] [Render thread/INFO] [minecraft/ChatComponent]: [System] [CHAT] Volumetric cloud debug fullres off
[12:13:58] [Render thread/INFO] [projectatmosphere/]: [VolumetricClouds] status rendered cells=54 source=fields syncedCells=6 syncedFields=1 weatherCells=54 fieldCloudlets=54 regionalSource=disabled_for_fields debug[depthComposite=true sceneRayLimit=true fullres=false] historyValid=false tuning[density=1.45 coverage=1.25 extinction=0.115 historyBlend=0.85] regionalCoverage=0.000 cloudCover=0.000 slab=145.0..223.3 camY=160.4 lightDir=(0.99,0.11,0.12) lightColor=(1.09,0.69,0.46) ambTop=(0.27,0.20,0.25) ambBot=(0.23,0.16,0.20) composited=true funnels=0 gpuMs=0.190464
[12:13:59] [Render thread/INFO] [minecraft/ChatComponent]: [System] [CHAT] Saved screenshot as 2026-07-05_12.13.58.png
[12:14:03] [Render thread/INFO] [projectatmosphere/]: [VolumetricClouds] status rendered cells=54 source=fields syncedCells=6 syncedFields=1 weatherCells=54 fieldCloudlets=54 regionalSource=disabled_for_fields debug[depthComposite=true sceneRayLimit=true fullres=false] historyValid=false tuning[density=1.45 coverage=1.25 extinction=0.115 historyBlend=0.85] regionalCoverage=0.000 cloudCover=0.000 slab=145.0..223.6 camY=160.4 lightDir=(0.99,0.11,0.12) lightColor=(1.09,0.69,0.46) ambTop=(0.27,0.20,0.25) ambBot=(0.23,0.16,0.20) composited=true funnels=0 gpuMs=0.191488
[12:14:07] [Server thread/INFO] [minecraft/IntegratedServer]: Saving and pausing game...
[12:14:07] [Server thread/INFO] [minecraft/MinecraftServer]: Saving chunks for level 'ServerLevel[SimpleCloud created then removed]'/minecraft:overworld
[12:14:07] [Server thread/INFO] [minecraft/MinecraftServer]: Saving chunks for level 'ServerLevel[SimpleCloud created then removed]'/minecraft:the_end
[12:14:07] [Server thread/INFO] [minecraft/MinecraftServer]: Saving chunks for level 'ServerLevel[SimpleCloud created then removed]'/minecraft:the_nether
[12:14:07] [Server thread/DEBUG] [ne.mi.co.ForgeHooks/WP]: Gathering id map for writing to world save SimpleCloud created then removed
[12:14:07] [Server thread/DEBUG] [ne.mi.co.ForgeHooks/WP]: ID Map collection complete SimpleCloud created then removed
[12:14:08] [Render thread/INFO] [projectatmosphere/]: [VolumetricClouds] status rendered cells=54 source=fields syncedCells=6 syncedFields=1 weatherCells=54 fieldCloudlets=54 regionalSource=disabled_for_fields debug[depthComposite=true sceneRayLimit=true fullres=false] historyValid=false tuning[density=1.45 coverage=1.25 extinction=0.115 historyBlend=0.85] regionalCoverage=0.000 cloudCover=0.000 slab=145.0..223.5 camY=160.4 lightDir=(0.99,0.11,0.12) lightColor=(1.09,0.69,0.46) ambTop=(0.27,0.20,0.25) ambBot=(0.23,0.16,0.20) composited=true funnels=0 gpuMs=0.176128
[12:14:13] [Render thread/INFO] [projectatmosphere/]: [VolumetricClouds] status rendered cells=54 source=fields syncedCells=6 syncedFields=1 weatherCells=54 fieldCloudlets=54 regionalSource=disabled_for_fields debug[depthComposite=true sceneRayLimit=true fullres=false] historyValid=true tuning[density=1.45 coverage=1.25 extinction=0.115 historyBlend=0.85] regionalCoverage=0.000 cloudCover=0.000 slab=145.0..223.3 camY=160.4 lightDir=(0.99,0.11,0.12) lightColor=(1.09,0.69,0.46) ambTop=(0.27,0.20,0.25) ambBot=(0.23,0.16,0.20) composited=true funnels=0 gpuMs=3.380224
[12:14:15] [Render thread/INFO] [minecraft/ChatComponent]: [System] [CHAT] Volumetric cloud debug fullres on
[12:14:18] [Render thread/INFO] [projectatmosphere/]: [VolumetricClouds] status rendered cells=54 source=fields syncedCells=6 syncedFields=1 weatherCells=54 fieldCloudlets=54 regionalSource=disabled_for_fields debug[depthComposite=true sceneRayLimit=true fullres=true] historyValid=true tuning[density=1.45 coverage=1.25 extinction=0.115 historyBlend=0.85] regionalCoverage=0.000 cloudCover=0.000 slab=145.0..223.3 camY=160.4 lightDir=(0.99,0.11,0.12) lightColor=(1.09,0.69,0.46) ambTop=(0.27,0.20,0.25) ambBot=(0.23,0.16,0.20) composited=true funnels=0 gpuMs=3.877888
[12:14:19] [Render thread/INFO] [minecraft/ChatComponent]: [System] [CHAT] Volumetric cloud debug fullres off
[12:14:23] [Render thread/INFO] [projectatmosphere/]: [VolumetricClouds] status rendered cells=54 source=fields syncedCells=6 syncedFields=1 weatherCells=54 fieldCloudlets=54 regionalSource=disabled_for_fields debug[depthComposite=true sceneRayLimit=true fullres=false] historyValid=true tuning[density=1.45 coverage=1.25 extinction=0.115 historyBlend=0.85] regionalCoverage=0.000 cloudCover=0.000 slab=145.0..223.6 camY=160.4 lightDir=(0.99,0.11,0.12) lightColor=(1.09,0.69,0.46) ambTop=(0.27,0.20,0.25) ambBot=(0.23,0.16,0.20) composited=true funnels=0 gpuMs=2.706432
[12:14:25] [Render thread/INFO] [minecraft/ChatComponent]: [System] [CHAT] Unknown or incomplete command, see below for error
[12:14:25] [Render thread/INFO] [minecraft/ChatComponent]: [System] [CHAT] ...oud freeze<--[HERE]
[12:14:28] [Server thread/INFO] [minecraft/MinecraftServer]: [Dev: [Project Atmosphere]
Action: Cloud movement frozen
Native PA cloud drift is now paused]
[12:14:28] [Render thread/INFO] [minecraft/ChatComponent]: [System] [CHAT] [Project Atmosphere]\nAction: Cloud movement frozen\nNative PA cloud drift is now paused
[12:14:28] [Render thread/INFO] [projectatmosphere/]: [VolumetricClouds] status rendered cells=54 source=fields syncedCells=6 syncedFields=1 weatherCells=54 fieldCloudlets=54 regionalSource=disabled_for_fields debug[depthComposite=true sceneRayLimit=true fullres=false] historyValid=true tuning[density=1.45 coverage=1.25 extinction=0.115 historyBlend=0.85] regionalCoverage=0.000 cloudCover=0.000 slab=145.0..223.6 camY=160.4 lightDir=(0.99,0.11,0.12) lightColor=(1.09,0.69,0.46) ambTop=(0.27,0.20,0.25) ambBot=(0.23,0.16,0.20) composited=true funnels=0 gpuMs=2.318336
[12:14:33] [Render thread/INFO] [projectatmosphere/]: [VolumetricClouds] status rendered cells=54 source=fields syncedCells=6 syncedFields=1 weatherCells=54 fieldCloudlets=54 regionalSource=disabled_for_fields debug[depthComposite=true sceneRayLimit=true fullres=false] historyValid=true tuning[density=1.45 coverage=1.25 extinction=0.115 historyBlend=0.85] regionalCoverage=0.000 cloudCover=0.000 slab=145.0..223.6 camY=160.4 lightDir=(0.99,0.11,0.12) lightColor=(1.09,0.69,0.46) ambTop=(0.27,0.20,0.25) ambBot=(0.23,0.16,0.20) composited=true funnels=0 gpuMs=2.495488
[12:14:35] [Render thread/INFO] [minecraft/ChatComponent]: [System] [CHAT] Volumetric cloud debug fullres off
[12:14:38] [Render thread/INFO] [projectatmosphere/]: [VolumetricClouds] status rendered cells=54 source=fields syncedCells=6 syncedFields=1 weatherCells=54 fieldCloudlets=54 regionalSource=disabled_for_fields debug[depthComposite=true sceneRayLimit=true fullres=false] historyValid=true tuning[density=1.45 coverage=1.25 extinction=0.115 historyBlend=0.85] regionalCoverage=0.000 cloudCover=0.000 slab=145.0..223.6 camY=160.4 lightDir=(0.99,0.11,0.12) lightColor=(1.09,0.69,0.46) ambTop=(0.27,0.20,0.25) ambBot=(0.23,0.16,0.20) composited=true funnels=0 gpuMs=2.571264
[12:14:39] [Render thread/INFO] [minecraft/ChatComponent]: [System] [CHAT] Volumetric cloud debug fullres on
[12:14:42] [Render thread/INFO] [minecraft/ChatComponent]: [System] [CHAT] Volumetric cloud debug fullres off
[12:14:43] [Render thread/INFO] [projectatmosphere/]: [VolumetricClouds] status rendered cells=54 source=fields syncedCells=6 syncedFields=1 weatherCells=54 fieldCloudlets=54 regionalSource=disabled_for_fields debug[depthComposite=true sceneRayLimit=true fullres=false] historyValid=true tuning[density=1.45 coverage=1.25 extinction=0.115 historyBlend=0.85] regionalCoverage=0.000 cloudCover=0.000 slab=145.0..223.6 camY=160.4 lightDir=(0.99,0.11,0.12) lightColor=(1.09,0.69,0.46) ambTop=(0.27,0.20,0.25) ambBot=(0.23,0.16,0.20) composited=true funnels=0 gpuMs=2.31424
[12:14:44] [Render thread/INFO] [minecraft/ChatComponent]: [System] [CHAT] Saved screenshot as 2026-07-05_12.14.44.png
[12:14:48] [Render thread/INFO] [projectatmosphere/]: [VolumetricClouds] status rendered cells=54 source=fields syncedCells=6 syncedFields=1 weatherCells=54 fieldCloudlets=54 regionalSource=disabled_for_fields debug[depthComposite=true sceneRayLimit=true fullres=false] historyValid=true tuning[density=1.45 coverage=1.25 extinction=0.115 historyBlend=0.85] regionalCoverage=0.000 cloudCover=0.000 slab=145.0..223.6 camY=160.4 lightDir=(0.99,0.11,0.12) lightColor=(1.09,0.69,0.46) ambTop=(0.27,0.20,0.25) ambBot=(0.23,0.16,0.20) composited=true funnels=0 gpuMs=2.659328
[12:14:53] [Render thread/INFO] [projectatmosphere/]: [VolumetricClouds] status rendered cells=54 source=fields syncedCells=6 syncedFields=1 weatherCells=54 fieldCloudlets=54 regionalSource=disabled_for_fields debug[depthComposite=true sceneRayLimit=true fullres=false] historyValid=true tuning[density=1.45 coverage=1.25 extinction=0.115 historyBlend=0.85] regionalCoverage=0.000 cloudCover=0.000 slab=145.0..223.6 camY=160.4 lightDir=(0.99,0.11,0.12) lightColor=(1.09,0.69,0.46) ambTop=(0.27,0.20,0.25) ambBot=(0.23,0.16,0.20) composited=true funnels=0 gpuMs=2.379776
[12:14:58] [Render thread/INFO] [projectatmosphere/]: [VolumetricClouds] status rendered cells=54 source=fields syncedCells=6 syncedFields=1 weatherCells=54 fieldCloudlets=54 regionalSource=disabled_for_fields debug[depthComposite=true sceneRayLimit=true fullres=false] historyValid=true tuning[density=1.45 coverage=1.25 extinction=0.115 historyBlend=0.85] regionalCoverage=0.000 cloudCover=0.000 slab=145.0..223.6 camY=160.4 lightDir=(0.99,0.11,0.12) lightColor=(1.09,0.69,0.46) ambTop=(0.27,0.20,0.25) ambBot=(0.23,0.16,0.20) composited=true funnels=0 gpuMs=2.924544
[12:15:03] [Render thread/INFO] [projectatmosphere/]: [VolumetricClouds] status rendered cells=54 source=fields syncedCells=6 syncedFields=1 weatherCells=54 fieldCloudlets=54 regionalSource=disabled_for_fields debug[depthComposite=true sceneRayLimit=true fullres=false] historyValid=true tuning[density=1.45 coverage=1.25 extinction=0.115 historyBlend=0.85] regionalCoverage=0.000 cloudCover=0.000 slab=145.0..223.6 camY=160.4 lightDir=(0.99,0.11,0.12) lightColor=(1.09,0.69,0.46) ambTop=(0.27,0.20,0.25) ambBot=(0.23,0.16,0.20) composited=true funnels=0 gpuMs=3.177472
[12:15:06] [Render thread/INFO] [minecraft/ChatComponent]: [System] [CHAT] Volumetric cloud debug fullres on
[12:15:08] [Render thread/INFO] [projectatmosphere/]: [VolumetricClouds] status rendered cells=54 source=fields syncedCells=6 syncedFields=1 weatherCells=54 fieldCloudlets=54 regionalSource=disabled_for_fields debug[depthComposite=true sceneRayLimit=true fullres=true] historyValid=true tuning[density=1.45 coverage=1.25 extinction=0.115 historyBlend=0.85] regionalCoverage=0.000 cloudCover=0.000 slab=145.0..223.6 camY=160.4 lightDir=(0.99,0.11,0.12) lightColor=(1.09,0.69,0.46) ambTop=(0.27,0.20,0.25) ambBot=(0.23,0.16,0.20) composited=true funnels=0 gpuMs=4.027392
[12:15:08] [Render thread/INFO] [minecraft/ChatComponent]: [System] [CHAT] Saved screenshot as 2026-07-05_12.15.08.png
[12:15:13] [Render thread/INFO] [projectatmosphere/]: [VolumetricClouds] status rendered cells=54 source=fields syncedCells=6 syncedFields=1 weatherCells=54 fieldCloudlets=54 regionalSource=disabled_for_fields debug[depthComposite=true sceneRayLimit=true fullres=true] historyValid=true tuning[density=1.45 coverage=1.25 extinction=0.115 historyBlend=0.85] regionalCoverage=0.000 cloudCover=0.000 slab=145.0..223.6 camY=160.4 lightDir=(0.99,0.11,0.12) lightColor=(1.09,0.69,0.46) ambTop=(0.27,0.20,0.25) ambBot=(0.23,0.16,0.20) composited=true funnels=0 gpuMs=5.292032
[12:15:18] [Render thread/INFO] [projectatmosphere/]: [VolumetricClouds] status rendered cells=54 source=fields syncedCells=6 syncedFields=1 weatherCells=54 fieldCloudlets=54 regionalSource=disabled_for_fields debug[depthComposite=true sceneRayLimit=true fullres=true] historyValid=true tuning[density=1.45 coverage=1.25 extinction=0.115 historyBlend=0.85] regionalCoverage=0.000 cloudCover=0.000 slab=145.0..223.6 camY=160.4 lightDir=(0.99,0.11,0.12) lightColor=(1.09,0.69,0.46) ambTop=(0.27,0.20,0.25) ambBot=(0.23,0.16,0.20) composited=true funnels=0 gpuMs=5.092352
[12:15:23] [Render thread/INFO] [projectatmosphere/]: [VolumetricClouds] status rendered cells=54 source=fields syncedCells=6 syncedFields=1 weatherCells=54 fieldCloudlets=54 regionalSource=disabled_for_fields debug[depthComposite=true sceneRayLimit=true fullres=true] historyValid=true tuning[density=1.45 coverage=1.25 extinction=0.115 historyBlend=0.85] regionalCoverage=0.000 cloudCover=0.000 slab=145.0..223.6 camY=160.4 lightDir=(0.99,0.11,0.12) lightColor=(1.09,0.69,0.46) ambTop=(0.27,0.20,0.25) ambBot=(0.23,0.16,0.20) composited=true funnels=0 gpuMs=5.076992
[12:15:28] [Render thread/INFO] [projectatmosphere/]: [VolumetricClouds] status rendered cells=54 source=fields syncedCells=6 syncedFields=1 weatherCells=54 fieldCloudlets=54 regionalSource=disabled_for_fields debug[depthComposite=true sceneRayLimit=true fullres=true] historyValid=true tuning[density=1.45 coverage=1.25 extinction=0.115 historyBlend=0.85] regionalCoverage=0.000 cloudCover=0.000 slab=145.0..224.0 camY=160.4 lightDir=(0.99,0.11,0.12) lightColor=(1.09,0.69,0.46) ambTop=(0.27,0.20,0.25) ambBot=(0.23,0.16,0.20) composited=true funnels=0 gpuMs=4.97152
[12:15:33] [Render thread/INFO] [projectatmosphere/]: [VolumetricClouds] status rendered cells=54 source=fields syncedCells=6 syncedFields=1 weatherCells=54 fieldCloudlets=54 regionalSource=disabled_for_fields debug[depthComposite=true sceneRayLimit=true fullres=true] historyValid=true tuning[density=1.45 coverage=1.25 extinction=0.115 historyBlend=0.85] regionalCoverage=0.000 cloudCover=0.000 slab=145.0..223.6 camY=160.4 lightDir=(0.99,0.11,0.12) lightColor=(1.09,0.69,0.46) ambTop=(0.27,0.20,0.25) ambBot=(0.23,0.16,0.20) composited=true funnels=0 gpuMs=4.677632
[12:15:38] [Render thread/INFO] [projectatmosphere/]: [VolumetricClouds] status rendered cells=54 source=fields syncedCells=6 syncedFields=1 weatherCells=54 fieldCloudlets=54 regionalSource=disabled_for_fields debug[depthComposite=true sceneRayLimit=true fullres=true] historyValid=true tuning[density=1.45 coverage=1.25 extinction=0.115 historyBlend=0.85] regionalCoverage=0.000 cloudCover=0.000 slab=145.0..223.6 camY=160.4 lightDir=(0.99,0.11,0.12) lightColor=(1.09,0.69,0.46) ambTop=(0.27,0.20,0.25) ambBot=(0.23,0.16,0.20) composited=true funnels=0 gpuMs=6.024192
[12:15:43] [Render thread/INFO] [projectatmosphere/]: [VolumetricClouds] status rendered cells=54 source=fields syncedCells=6 syncedFields=1 weatherCells=54 fieldCloudlets=54 regionalSource=disabled_for_fields debug[depthComposite=true sceneRayLimit=true fullres=true] historyValid=true tuning[density=1.45 coverage=1.25 extinction=0.115 historyBlend=0.85] regionalCoverage=0.000 cloudCover=0.000 slab=145.0..223.6 camY=160.4 lightDir=(0.99,0.11,0.12) lightColor=(1.09,0.69,0.46) ambTop=(0.27,0.20,0.25) ambBot=(0.23,0.16,0.20) composited=true funnels=0 gpuMs=4.265984
[12:15:48] [Render thread/INFO] [projectatmosphere/]: [VolumetricClouds] status rendered cells=54 source=fields syncedCells=6 syncedFields=1 weatherCells=54 fieldCloudlets=54 regionalSource=disabled_for_fields debug[depthComposite=true sceneRayLimit=true fullres=true] historyValid=true tuning[density=1.45 coverage=1.25 extinction=0.115 historyBlend=0.85] regionalCoverage=0.000 cloudCover=0.000 slab=145.0..224.0 camY=160.4 lightDir=(0.99,0.11,0.12) lightColor=(1.09,0.69,0.46) ambTop=(0.27,0.20,0.25) ambBot=(0.23,0.16,0.20) composited=true funnels=0 gpuMs=4.783104
[12:15:53] [Render thread/INFO] [projectatmosphere/]: [VolumetricClouds] status rendered cells=54 source=fields syncedCells=6 syncedFields=1 weatherCells=54 fieldCloudlets=54 regionalSource=disabled_for_fields debug[depthComposite=true sceneRayLimit=true fullres=true] historyValid=true tuning[density=1.45 coverage=1.25 extinction=0.115 historyBlend=0.85] regionalCoverage=0.000 cloudCover=0.000 slab=145.0..223.6 camY=160.4 lightDir=(0.99,0.11,0.12) lightColor=(1.09,0.69,0.46) ambTop=(0.27,0.20,0.25) ambBot=(0.23,0.16,0.20) composited=true funnels=0 gpuMs=4.57728
[12:15:56] [Render thread/INFO] [minecraft/ChatComponent]: [System] [CHAT] Volumetric cloud debug sceneRayLimit off
[12:15:58] [Render thread/INFO] [projectatmosphere/]: [VolumetricClouds] status rendered cells=54 source=fields syncedCells=6 syncedFields=1 weatherCells=54 fieldCloudlets=54 regionalSource=disabled_for_fields debug[depthComposite=true sceneRayLimit=false fullres=true] historyValid=true tuning[density=1.45 coverage=1.25 extinction=0.115 historyBlend=0.85] regionalCoverage=0.000 cloudCover=0.000 slab=145.0..223.6 camY=160.4 lightDir=(0.99,0.11,0.12) lightColor=(1.09,0.69,0.46) ambTop=(0.27,0.20,0.25) ambBot=(0.23,0.16,0.20) composited=true funnels=0 gpuMs=3.867648
[12:15:58] [Render thread/INFO] [minecraft/ChatComponent]: [System] [CHAT] Volumetric cloud debug sceneRayLimit on
[12:16:02] [Render thread/INFO] [minecraft/ChatComponent]: [System] [CHAT] Volumetric cloud debug fullres off
[12:16:03] [Render thread/INFO] [projectatmosphere/]: [VolumetricClouds] status rendered cells=54 source=fields syncedCells=6 syncedFields=1 weatherCells=54 fieldCloudlets=54 regionalSource=disabled_for_fields debug[depthComposite=true sceneRayLimit=true fullres=false] historyValid=true tuning[density=1.45 coverage=1.25 extinction=0.115 historyBlend=0.85] regionalCoverage=0.000 cloudCover=0.000 slab=145.0..223.6 camY=160.4 lightDir=(0.99,0.11,0.12) lightColor=(1.09,0.69,0.46) ambTop=(0.27,0.20,0.25) ambBot=(0.23,0.16,0.20) composited=true funnels=0 gpuMs=2.630656
[12:16:05] [Render thread/INFO] [minecraft/ChatComponent]: [System] [CHAT] Volumetric cloud debug sceneRayLimit off
[12:16:08] [Render thread/INFO] [projectatmosphere/]: [VolumetricClouds] status rendered cells=54 source=fields syncedCells=6 syncedFields=1 weatherCells=54 fieldCloudlets=54 regionalSource=disabled_for_fields debug[depthComposite=true sceneRayLimit=false fullres=false] historyValid=true tuning[density=1.45 coverage=1.25 extinction=0.115 historyBlend=0.85] regionalCoverage=0.000 cloudCover=0.000 slab=145.0..224.0 camY=160.4 lightDir=(0.99,0.11,0.12) lightColor=(1.09,0.69,0.46) ambTop=(0.27,0.20,0.25) ambBot=(0.23,0.16,0.20) composited=true funnels=0 gpuMs=2.47808
[12:16:08] [Server thread/INFO] [minecraft/IntegratedServer]: Saving and pausing game...
[12:16:08] [Server thread/INFO] [minecraft/MinecraftServer]: Saving chunks for level 'ServerLevel[SimpleCloud created then removed]'/minecraft:overworld
[12:16:08] [Server thread/INFO] [minecraft/MinecraftServer]: Saving chunks for level 'ServerLevel[SimpleCloud created then removed]'/minecraft:the_end
[12:16:08] [Server thread/INFO] [minecraft/MinecraftServer]: Saving chunks for level 'ServerLevel[SimpleCloud created then removed]'/minecraft:the_nether
[12:16:08] [Server thread/DEBUG] [ne.mi.co.ForgeHooks/WP]: Gathering id map for writing to world save SimpleCloud created then removed
[12:16:08] [Server thread/DEBUG] [ne.mi.co.ForgeHooks/WP]: ID Map collection complete SimpleCloud created then removed
[12:16:13] [Render thread/INFO] [projectatmosphere/]: [VolumetricClouds] status rendered cells=54 source=fields syncedCells=6 syncedFields=1 weatherCells=54 fieldCloudlets=54 regionalSource=disabled_for_fields debug[depthComposite=true sceneRayLimit=false fullres=false] historyValid=true tuning[density=1.45 coverage=1.25 extinction=0.115 historyBlend=0.85] regionalCoverage=0.000 cloudCover=0.000 slab=145.0..224.0 camY=160.4 lightDir=(0.99,0.11,0.12) lightColor=(1.09,0.69,0.46) ambTop=(0.27,0.20,0.25) ambBot=(0.23,0.16,0.20) composited=true funnels=0 gpuMs=3.062784
[12:16:18] [Render thread/INFO] [projectatmosphere/]: [VolumetricClouds] status rendered cells=54 source=fields syncedCells=6 syncedFields=1 weatherCells=54 fieldCloudlets=54 regionalSource=disabled_for_fields debug[depthComposite=true sceneRayLimit=false fullres=false] historyValid=true tuning[density=1.45 coverage=1.25 extinction=0.115 historyBlend=0.85] regionalCoverage=0.000 cloudCover=0.000 slab=145.0..224.0 camY=160.4 lightDir=(0.99,0.11,0.12) lightColor=(1.09,0.69,0.46) ambTop=(0.27,0.20,0.25) ambBot=(0.23,0.16,0.20) composited=true funnels=0 gpuMs=3.325952
[12:16:23] [Render thread/INFO] [projectatmosphere/]: [VolumetricClouds] status rendered cells=54 source=fields syncedCells=6 syncedFields=1 weatherCells=54 fieldCloudlets=54 regionalSource=disabled_for_fields debug[depthComposite=true sceneRayLimit=false fullres=false] historyValid=true tuning[density=1.45 coverage=1.25 extinction=0.115 historyBlend=0.85] regionalCoverage=0.000 cloudCover=0.000 slab=145.0..224.0 camY=160.4 lightDir=(0.99,0.11,0.12) lightColor=(1.09,0.69,0.46) ambTop=(0.27,0.20,0.25) ambBot=(0.23,0.16,0.20) composited=true funnels=0 gpuMs=2.871296
[12:16:28] [Render thread/INFO] [projectatmosphere/]: [VolumetricClouds] status rendered cells=54 source=fields syncedCells=6 syncedFields=1 weatherCells=54 fieldCloudlets=54 regionalSource=disabled_for_fields debug[depthComposite=true sceneRayLimit=false fullres=false] historyValid=true tuning[density=1.45 coverage=1.25 extinction=0.115 historyBlend=0.85] regionalCoverage=0.000 cloudCover=0.000 slab=145.0..224.0 camY=160.4 lightDir=(0.99,0.11,0.12) lightColor=(1.09,0.69,0.46) ambTop=(0.27,0.20,0.25) ambBot=(0.23,0.16,0.20) composited=true funnels=0 gpuMs=2.835456
[12:16:33] [Render thread/INFO] [projectatmosphere/]: [VolumetricClouds] status rendered cells=54 source=fields syncedCells=6 syncedFields=1 weatherCells=54 fieldCloudlets=54 regionalSource=disabled_for_fields debug[depthComposite=true sceneRayLimit=false fullres=false] historyValid=true tuning[density=1.45 coverage=1.25 extinction=0.115 historyBlend=0.85] regionalCoverage=0.000 cloudCover=0.000 slab=145.0..224.0 camY=160.4 lightDir=(0.99,0.11,0.12) lightColor=(1.09,0.69,0.46) ambTop=(0.27,0.20,0.25) ambBot=(0.23,0.16,0.20) composited=true funnels=0 gpuMs=2.746368
[12:16:38] [Render thread/INFO] [projectatmosphere/]: [VolumetricClouds] status rendered cells=54 source=fields syncedCells=6 syncedFields=1 weatherCells=54 fieldCloudlets=54 regionalSource=disabled_for_fields debug[depthComposite=true sceneRayLimit=false fullres=false] historyValid=true tuning[density=1.45 coverage=1.25 extinction=0.115 historyBlend=0.85] regionalCoverage=0.000 cloudCover=0.000 slab=145.0..224.0 camY=160.4 lightDir=(0.99,0.11,0.12) lightColor=(1.09,0.69,0.46) ambTop=(0.27,0.20,0.25) ambBot=(0.23,0.16,0.20) composited=true funnels=0 gpuMs=2.497536
[12:16:43] [Render thread/INFO] [projectatmosphere/]: [VolumetricClouds] status rendered cells=54 source=fields syncedCells=6 syncedFields=1 weatherCells=54 fieldCloudlets=54 regionalSource=disabled_for_fields debug[depthComposite=true sceneRayLimit=false fullres=false] historyValid=true tuning[density=1.45 coverage=1.25 extinction=0.115 historyBlend=0.85] regionalCoverage=0.000 cloudCover=0.000 slab=145.0..224.0 camY=160.4 lightDir=(0.99,0.11,0.12) lightColor=(1.09,0.69,0.46) ambTop=(0.27,0.20,0.25) ambBot=(0.23,0.16,0.20) composited=true funnels=0 gpuMs=3.628032
[12:16:48] [Render thread/INFO] [projectatmosphere/]: [VolumetricClouds] status rendered cells=54 source=fields syncedCells=6 syncedFields=1 weatherCells=54 fieldCloudlets=54 regionalSource=disabled_for_fields debug[depthComposite=true sceneRayLimit=false fullres=false] historyValid=true tuning[density=1.45 coverage=1.25 extinction=0.115 historyBlend=0.85] regionalCoverage=0.000 cloudCover=0.000 slab=145.0..224.0 camY=160.4 lightDir=(0.99,0.11,0.12) lightColor=(1.09,0.69,0.46) ambTop=(0.27,0.20,0.25) ambBot=(0.23,0.16,0.20) composited=true funnels=0 gpuMs=3.319808
[12:16:53] [Render thread/INFO] [projectatmosphere/]: [VolumetricClouds] status rendered cells=54 source=fields syncedCells=6 syncedFields=1 weatherCells=54 fieldCloudlets=54 regionalSource=disabled_for_fields debug[depthComposite=true sceneRayLimit=false fullres=false] historyValid=true tuning[density=1.45 coverage=1.25 extinction=0.115 historyBlend=0.85] regionalCoverage=0.000 cloudCover=0.000 slab=145.0..224.0 camY=160.4 lightDir=(0.99,0.11,0.12) lightColor=(1.09,0.69,0.46) ambTop=(0.27,0.20,0.25) ambBot=(0.23,0.16,0.20) composited=true funnels=0 gpuMs=3.54816
[12:16:58] [Render thread/INFO] [projectatmosphere/]: [VolumetricClouds] status rendered cells=54 source=fields syncedCells=6 syncedFields=1 weatherCells=54 fieldCloudlets=54 regionalSource=disabled_for_fields debug[depthComposite=true sceneRayLimit=false fullres=false] historyValid=true tuning[density=1.45 coverage=1.25 extinction=0.115 historyBlend=0.85] regionalCoverage=0.000 cloudCover=0.000 slab=145.0..224.0 camY=160.4 lightDir=(0.99,0.11,0.12) lightColor=(1.09,0.69,0.46) ambTop=(0.27,0.20,0.25) ambBot=(0.23,0.16,0.20) composited=true funnels=0 gpuMs=3.16928
[12:17:03] [Render thread/INFO] [projectatmosphere/]: [VolumetricClouds] status rendered cells=54 source=fields syncedCells=6 syncedFields=1 weatherCells=54 fieldCloudlets=54 regionalSource=disabled_for_fields debug[depthComposite=true sceneRayLimit=false fullres=false] historyValid=true tuning[density=1.45 coverage=1.25 extinction=0.115 historyBlend=0.85] regionalCoverage=0.000 cloudCover=0.000 slab=145.0..224.0 camY=160.4 lightDir=(0.99,0.11,0.12) lightColor=(1.09,0.69,0.46) ambTop=(0.27,0.20,0.25) ambBot=(0.23,0.16,0.20) composited=true funnels=0 gpuMs=2.489344
[12:17:08] [Render thread/INFO] [projectatmosphere/]: [VolumetricClouds] status rendered cells=54 source=fields syncedCells=6 syncedFields=1 weatherCells=54 fieldCloudlets=54 regionalSource=disabled_for_fields debug[depthComposite=true sceneRayLimit=false fullres=false] historyValid=true tuning[density=1.45 coverage=1.25 extinction=0.115 historyBlend=0.85] regionalCoverage=0.000 cloudCover=0.000 slab=145.0..224.0 camY=160.4 lightDir=(0.99,0.11,0.12) lightColor=(1.09,0.69,0.46) ambTop=(0.27,0.20,0.25) ambBot=(0.23,0.16,0.20) composited=true funnels=0 gpuMs=3.336192
[12:17:13] [Render thread/INFO] [projectatmosphere/]: [VolumetricClouds] status rendered cells=54 source=fields syncedCells=6 syncedFields=1 weatherCells=54 fieldCloudlets=54 regionalSource=disabled_for_fields debug[depthComposite=true sceneRayLimit=false fullres=false] historyValid=true tuning[density=1.45 coverage=1.25 extinction=0.115 historyBlend=0.85] regionalCoverage=0.000 cloudCover=0.000 slab=145.0..224.0 camY=160.4 lightDir=(0.99,0.11,0.12) lightColor=(1.09,0.69,0.46) ambTop=(0.27,0.20,0.25) ambBot=(0.23,0.16,0.20) composited=true funnels=0 gpuMs=3.144704
[12:17:18] [Render thread/INFO] [projectatmosphere/]: [VolumetricClouds] status rendered cells=54 source=fields syncedCells=6 syncedFields=1 weatherCells=54 fieldCloudlets=54 regionalSource=disabled_for_fields debug[depthComposite=true sceneRayLimit=false fullres=false] historyValid=true tuning[density=1.45 coverage=1.25 extinction=0.115 historyBlend=0.85] regionalCoverage=0.000 cloudCover=0.000 slab=145.0..224.0 camY=160.4 lightDir=(0.99,0.11,0.12) lightColor=(1.09,0.69,0.46) ambTop=(0.27,0.20,0.25) ambBot=(0.23,0.16,0.20) composited=true funnels=0 gpuMs=3.080192
[12:17:23] [Render thread/INFO] [projectatmosphere/]: [VolumetricClouds] status rendered cells=54 source=fields syncedCells=6 syncedFields=1 weatherCells=54 fieldCloudlets=54 regionalSource=disabled_for_fields debug[depthComposite=true sceneRayLimit=false fullres=false] historyValid=true tuning[density=1.45 coverage=1.25 extinction=0.115 historyBlend=0.85] regionalCoverage=0.000 cloudCover=0.000 slab=145.0..224.0 camY=160.4 lightDir=(0.99,0.11,0.12) lightColor=(1.09,0.69,0.46) ambTop=(0.27,0.20,0.25) ambBot=(0.23,0.16,0.20) composited=true funnels=0 gpuMs=3.176448
[12:17:28] [Render thread/INFO] [projectatmosphere/]: [VolumetricClouds] status rendered cells=54 source=fields syncedCells=6 syncedFields=1 weatherCells=54 fieldCloudlets=54 regionalSource=disabled_for_fields debug[depthComposite=true sceneRayLimit=false fullres=false] historyValid=true tuning[density=1.45 coverage=1.25 extinction=0.115 historyBlend=0.85] regionalCoverage=0.000 cloudCover=0.000 slab=145.0..224.0 camY=160.4 lightDir=(0.99,0.11,0.12) lightColor=(1.09,0.69,0.46) ambTop=(0.27,0.20,0.25) ambBot=(0.23,0.16,0.20) composited=true funnels=0 gpuMs=2.965504
[12:17:33] [Render thread/INFO] [projectatmosphere/]: [VolumetricClouds] status rendered cells=54 source=fields syncedCells=6 syncedFields=1 weatherCells=54 fieldCloudlets=54 regionalSource=disabled_for_fields debug[depthComposite=true sceneRayLimit=false fullres=false] historyValid=true tuning[density=1.45 coverage=1.25 extinction=0.115 historyBlend=0.85] regionalCoverage=0.000 cloudCover=0.000 slab=145.0..224.0 camY=160.4 lightDir=(0.99,0.11,0.12) lightColor=(1.09,0.69,0.46) ambTop=(0.27,0.20,0.25) ambBot=(0.23,0.16,0.20) composited=true funnels=0 gpuMs=2.811904
[12:17:37] [Render thread/INFO] [projectatmosphere/]: [Atmosphere] Loading state -> active=false, stage=WAITING_FOR_SERVER, progress=null, source=client_logout
[12:17:37] [Render thread/INFO] [me.je.fo.st.StartEventObserver/]: JEI StartEventObserver received class net.minecraftforge.client.event.ClientPlayerNetworkEvent$LoggingOut
[12:17:37] [Render thread/INFO] [me.je.fo.st.StartEventObserver/]: JEI StartEventObserver transitioning state from JEI_STARTED to DISABLED
[12:17:37] [Render thread/INFO] [me.je.li.st.JeiStarter/]: Stopping JEI
[12:17:37] [Render thread/INFO] [me.je.li.lo.PluginCaller/]: Sending Runtime Unavailable...
[12:17:37] [Render thread/DEBUG] [me.je.li.lo.PluginCallerTimerRunnable/]: Sending Runtime Unavailable: jei:minecraft...
[12:17:37] [Render thread/DEBUG] [me.je.li.lo.PluginCallerTimerRunnable/]: Sending Runtime Unavailable: jade:main...
[12:17:37] [Render thread/DEBUG] [me.je.li.lo.PluginCallerTimerRunnable/]: Sending Runtime Unavailable: jei:debug...
[12:17:37] [Render thread/DEBUG] [me.je.li.lo.PluginCallerTimerRunnable/]: Sending Runtime Unavailable: jei:gui...
[12:17:37] [Render thread/DEBUG] [me.je.li.lo.PluginCallerTimerRunnable/]: Sending Runtime Unavailable: jei:forge_gui...
[12:17:37] [Render thread/INFO] [me.je.fo.pl.fo.ForgeGuiPlugin/]: Stopping JEI GUI
[12:17:37] [Render thread/DEBUG] [me.je.li.lo.PluginCallerTimerRunnable/]: Sending Runtime Unavailable: jei:internal...
[12:17:37] [Render thread/INFO] [me.je.li.lo.PluginCaller/]: Sending Runtime Unavailable took 1.337 ms
[12:17:37] [Server thread/INFO] [minecraft/ServerGamePacketListenerImpl]: Dev lost connection: Disconnected
[12:17:37] [Server thread/INFO] [minecraft/MinecraftServer]: Dev left the game
[12:17:37] [Server thread/INFO] [minecraft/ServerGamePacketListenerImpl]: Stopping singleplayer server as player logged out
[12:17:37] [Server thread/INFO] [projectatmosphere/]: [AsyncAtmosphere] shutdown
[12:17:37] [Server thread/INFO] [projectatmosphere/]: [AsyncAtmosphere] Weather pool terminated
[12:17:37] [Server thread/INFO] [projectatmosphere/]: [AsyncAtmosphere] Storm pool terminated
[12:17:37] [Server thread/INFO] [projectatmosphere/]: [AsyncAtmosphere] Client pool terminated
[12:17:37] [Server thread/INFO] [projectatmosphere/]: [Atmosphere] Cleared all region forecasts.
[12:17:37] [Server thread/INFO] [minecraft/MinecraftServer]: Stopping server
[12:17:37] [Server thread/INFO] [minecraft/MinecraftServer]: Saving players
[12:17:37] [Server thread/INFO] [minecraft/MinecraftServer]: Saving worlds
[12:17:37] [Server thread/INFO] [minecraft/MinecraftServer]: Saving chunks for level 'ServerLevel[SimpleCloud created then removed]'/minecraft:overworld
[12:17:37] [Server thread/INFO] [minecraft/MinecraftServer]: Saving chunks for level 'ServerLevel[SimpleCloud created then removed]'/minecraft:the_end
[12:17:37] [Server thread/INFO] [minecraft/MinecraftServer]: Saving chunks for level 'ServerLevel[SimpleCloud created then removed]'/minecraft:the_nether
[12:17:37] [Server thread/DEBUG] [ne.mi.co.ForgeHooks/WP]: Gathering id map for writing to world save SimpleCloud created then removed
[12:17:37] [Server thread/DEBUG] [ne.mi.co.ForgeHooks/WP]: ID Map collection complete SimpleCloud created then removed
[12:17:37] [Server thread/INFO] [minecraft/MinecraftServer]: ThreadedAnvilChunkStorage (SimpleCloud created then removed): All chunks are saved
[12:17:37] [Server thread/INFO] [minecraft/MinecraftServer]: ThreadedAnvilChunkStorage (DIM1): All chunks are saved
[12:17:37] [Server thread/INFO] [minecraft/MinecraftServer]: ThreadedAnvilChunkStorage (DIM-1): All chunks are saved
[12:17:37] [Server thread/INFO] [minecraft/MinecraftServer]: ThreadedAnvilChunkStorage: All dimensions are saved
[12:17:38] [Server thread/DEBUG] [ne.mi.re.GameData/REGISTRIES]: Reverting to FROZEN data state.
[12:17:38] [Server thread/DEBUG] [ne.mi.re.ForgeRegistry/REGISTRIES]: Registry minecraft:block Sync: ACTIVE -> FROZEN
[12:17:38] [Server thread/DEBUG] [ne.mi.re.ForgeRegistry/REGISTRIES]: Registry minecraft:fluid Sync: ACTIVE -> FROZEN
[12:17:38] [Server thread/DEBUG] [ne.mi.re.ForgeRegistry/REGISTRIES]: Registry minecraft:item Sync: ACTIVE -> FROZEN
[12:17:38] [Server thread/DEBUG] [ne.mi.re.ForgeRegistry/REGISTRIES]: Registry minecraft:mob_effect Sync: ACTIVE -> FROZEN
[12:17:38] [Server thread/DEBUG] [ne.mi.re.ForgeRegistry/REGISTRIES]: Registry minecraft:sound_event Sync: ACTIVE -> FROZEN
[12:17:38] [Server thread/DEBUG] [ne.mi.re.ForgeRegistry/REGISTRIES]: Registry minecraft:potion Sync: ACTIVE -> FROZEN
[12:17:38] [Server thread/DEBUG] [ne.mi.re.ForgeRegistry/REGISTRIES]: Registry minecraft:enchantment Sync: ACTIVE -> FROZEN
[12:17:38] [Server thread/DEBUG] [ne.mi.re.ForgeRegistry/REGISTRIES]: Registry minecraft:entity_type Sync: ACTIVE -> FROZEN
[12:17:38] [Server thread/DEBUG] [ne.mi.re.ForgeRegistry/REGISTRIES]: Registry minecraft:block_entity_type Sync: ACTIVE -> FROZEN
[12:17:38] [Server thread/DEBUG] [ne.mi.re.ForgeRegistry/REGISTRIES]: Registry minecraft:particle_type Sync: ACTIVE -> FROZEN
[12:17:38] [Server thread/DEBUG] [ne.mi.re.ForgeRegistry/REGISTRIES]: Registry minecraft:menu Sync: ACTIVE -> FROZEN
[12:17:38] [Server thread/DEBUG] [ne.mi.re.ForgeRegistry/REGISTRIES]: Registry minecraft:painting_variant Sync: ACTIVE -> FROZEN
[12:17:38] [Server thread/DEBUG] [ne.mi.re.ForgeRegistry/REGISTRIES]: Registry minecraft:recipe_type Sync: ACTIVE -> FROZEN
[12:17:38] [Server thread/DEBUG] [ne.mi.re.ForgeRegistry/REGISTRIES]: Registry minecraft:recipe_serializer Sync: ACTIVE -> FROZEN
[12:17:38] [Server thread/DEBUG] [ne.mi.re.ForgeRegistry/REGISTRIES]: Registry minecraft:attribute Sync: ACTIVE -> FROZEN
[12:17:38] [Server thread/DEBUG] [ne.mi.re.ForgeRegistry/REGISTRIES]: Registry minecraft:stat_type Sync: ACTIVE -> FROZEN
[12:17:38] [Server thread/DEBUG] [ne.mi.re.ForgeRegistry/REGISTRIES]: Registry minecraft:command_argument_type Sync: ACTIVE -> FROZEN
[12:17:38] [Server thread/DEBUG] [ne.mi.re.ForgeRegistry/REGISTRIES]: Registry minecraft:villager_profession Sync: ACTIVE -> FROZEN
[12:17:38] [Server thread/DEBUG] [ne.mi.re.ForgeRegistry/REGISTRIES]: Registry minecraft:point_of_interest_type Sync: ACTIVE -> FROZEN
[12:17:38] [Server thread/DEBUG] [ne.mi.re.ForgeRegistry/REGISTRIES]: Registry minecraft:memory_module_type Sync: ACTIVE -> FROZEN
[12:17:38] [Server thread/DEBUG] [ne.mi.re.ForgeRegistry/REGISTRIES]: Registry minecraft:sensor_type Sync: ACTIVE -> FROZEN
[12:17:38] [Server thread/DEBUG] [ne.mi.re.ForgeRegistry/REGISTRIES]: Registry minecraft:schedule Sync: ACTIVE -> FROZEN
[12:17:38] [Server thread/DEBUG] [ne.mi.re.ForgeRegistry/REGISTRIES]: Registry minecraft:activity Sync: ACTIVE -> FROZEN
[12:17:38] [Server thread/DEBUG] [ne.mi.re.ForgeRegistry/REGISTRIES]: Registry minecraft:worldgen/carver Sync: ACTIVE -> FROZEN
[12:17:38] [Server thread/DEBUG] [ne.mi.re.ForgeRegistry/REGISTRIES]: Registry minecraft:worldgen/feature Sync: ACTIVE -> FROZEN
[12:17:38] [Server thread/DEBUG] [ne.mi.re.ForgeRegistry/REGISTRIES]: Registry minecraft:chunk_status Sync: ACTIVE -> FROZEN
[12:17:38] [Server thread/DEBUG] [ne.mi.re.ForgeRegistry/REGISTRIES]: Registry minecraft:worldgen/block_state_provider_type Sync: ACTIVE -> FROZEN
[12:17:38] [Server thread/DEBUG] [ne.mi.re.ForgeRegistry/REGISTRIES]: Registry minecraft:worldgen/foliage_placer_type Sync: ACTIVE -> FROZEN
[12:17:38] [Server thread/DEBUG] [ne.mi.re.ForgeRegistry/REGISTRIES]: Registry minecraft:worldgen/tree_decorator_type Sync: ACTIVE -> FROZEN
[12:17:38] [Server thread/DEBUG] [ne.mi.re.ForgeRegistry/REGISTRIES]: Registry minecraft:worldgen/biome Sync: ACTIVE -> FROZEN
[12:17:38] [Server thread/DEBUG] [ne.mi.re.ForgeRegistry/REGISTRIES]: Registry betterdays:time_effect Sync: ACTIVE -> FROZEN
[12:17:38] [Server thread/DEBUG] [ne.mi.re.ForgeRegistry/REGISTRIES]: Registry lithostitched:modifier_type Sync: ACTIVE -> FROZEN
[12:17:38] [Server thread/DEBUG] [ne.mi.re.ForgeRegistry/REGISTRIES]: Registry lithostitched:modifier_predicate_type Sync: ACTIVE -> FROZEN
[12:17:38] [Server thread/DEBUG] [ne.mi.re.ForgeRegistry/REGISTRIES]: Registry lithostitched:placement_condition_type Sync: ACTIVE -> FROZEN
[12:17:38] [Server thread/DEBUG] [ne.mi.re.ForgeRegistry/REGISTRIES]: Registry lithostitched:processor_condition_type Sync: ACTIVE -> FROZEN
[12:17:38] [Server thread/DEBUG] [ne.mi.re.ForgeRegistry/REGISTRIES]: Registry forge:entity_data_serializers Sync: ACTIVE -> FROZEN
[12:17:38] [Server thread/DEBUG] [ne.mi.re.ForgeRegistry/REGISTRIES]: Registry forge:global_loot_modifier_serializers Sync: ACTIVE -> FROZEN
[12:17:38] [Server thread/DEBUG] [ne.mi.re.ForgeRegistry/REGISTRIES]: Registry forge:biome_modifier_serializers Sync: ACTIVE -> FROZEN
[12:17:38] [Server thread/DEBUG] [ne.mi.re.ForgeRegistry/REGISTRIES]: Registry forge:fluid_type Sync: ACTIVE -> FROZEN
[12:17:38] [Server thread/DEBUG] [ne.mi.re.ForgeRegistry/REGISTRIES]: Registry forge:structure_modifier_serializers Sync: ACTIVE -> FROZEN
[12:17:38] [Server thread/DEBUG] [ne.mi.re.ForgeRegistry/REGISTRIES]: Registry forge:holder_set_type Sync: ACTIVE -> FROZEN
[12:17:38] [Server thread/DEBUG] [ne.mi.re.ForgeRegistry/REGISTRIES]: Registry forge:display_contexts Sync: ACTIVE -> FROZEN
[12:17:38] [Server thread/DEBUG] [ne.mi.re.ObjectHolderRegistry/REGISTRIES]: Applying holder lookups
[12:17:38] [Server thread/DEBUG] [ne.mi.re.ObjectHolderRegistry/REGISTRIES]: Holder lookups applied
[12:17:38] [Server thread/DEBUG] [ne.mi.re.GameData/REGISTRIES]: FROZEN state restored.
[12:17:38] [Server thread/DEBUG] [WhiteNoise/CONFIG]: Unloading server configs
[12:17:38] [Server thread/DEBUG] [ne.mi.fm.co.ConfigTracker/CONFIG]: Unloading configs type SERVER
[12:17:38] [Render thread/INFO] [ChunkBuilder/]: Stopping worker threads
[12:17:38] [Render thread/INFO] [minecraft/Minecraft]: Stopping!
[12:17:38] [Render thread/INFO] [projectatmosphere/]: [Atmosphere] Loading state -> active=false, stage=WAITING_FOR_SERVER, progress=null, source=client_logout
[12:17:38] [Render thread/DEBUG] [WhiteNoise/CONFIG]: Unloading server configs

BUILD SUCCESSFUL in 15m 36s
11 actionable tasks: 3 executed, 8 up-to-date
